,Timestamp,,TimeUS,GPS_ID,Status,GMS,GWk,Nstats,HDop,Lat,Lng,Alt,Spd,GCrs,VZ,Yaw,U
1870,55:20.6,GPS,44805404,0,6,168938600,2401,10,1.21,-35.3632621,149.1652374,584.09,0,353.8629,0,0,1
2195,55:20.8,GPS,44985332,0,6,168938800,2401,10,1.21,-35.3632621,149.1652374,584.09,0,353.8629,0,0,1
2544,55:21.0,GPS,45185252,0,6,168939000,2401,10,1.21,-35.3632621,149.1652374,584.09,0,353.8629,0,0,1
2895,55:21.2,GPS,45385172,0,6,168939200,2401,10,1.21,-35.3632621,149.1652374,584.09,0,353.8629,0,0,1
3248,55:21.4,GPS,45585092,0,6,168939400,2401,10,1.21,-35.3632621,149.1652374,584.09,0,353.8628,0,0,1
3594,55:21.6,GPS,45785012,0,6,168939600,2401,10,1.21,-35.3632621,149.1652374,584.09,0,353.8628,0,0,1
3942,55:21.8,GPS,45984932,0,6,168939800,2401,10,1.21,-35.3632621,149.1652374,584.09,0,353.8628,0,0,1
4292,55:22.0,GPS,46184852,0,6,168940000,2401,10,1.21,-35.3632621,149.1652374,584.09,0,353.8629,0,0,1
4643,55:22.2,GPS,46384772,0,6,168940200,2401,10,1.21,-35.3632621,149.1652374,584.09,0,353.8629,0,0,1
4997,55:22.4,GPS,46584692,0,6,168940400,2401,10,1.21,-35.3632621,149.1652374,584.09,0,353.8629,0,0,1
5146,55:22.5,GPS,46664660,1,1,0,0,0,-0.01,0,0,0,0,0,0,0,0
5346,55:22.6,GPS,46784612,0,6,168940600,2401,10,1.21,-35.3632621,149.1652374,584.09,0,353.8629,0,0,1
5696,55:22.8,GPS,46985365,0,6,168940800,2401,10,1.21,-35.3632621,149.1652374,584.09,0,353.8629,0,0,1
6046,55:23.0,GPS,47185285,0,6,168941000,2401,10,1.21,-35.3632621,149.1652374,584.09,0,353.8628,0,0,1
6395,55:23.2,GPS,47385205,0,6,168941200,2401,10,1.21,-35.3632621,149.1652374,584.09,0,353.8629,0,0,1
6750,55:23.4,GPS,47585125,0,6,168941400,2401,10,1.21,-35.3632621,149.1652374,584.09,0,353.8629,0,0,1
7098,55:23.6,GPS,47785045,0,6,168941600,2401,10,1.21,-35.3632621,149.1652374,584.09,0,353.8628,0,0,1
7448,55:23.8,GPS,47984965,0,6,168941800,2401,10,1.21,-35.3632621,149.1652374,584.09,0,353.8629,0,0,1
7804,55:24.0,GPS,48184885,0,6,168942000,2401,10,1.21,-35.3632621,149.1652374,584.09,0,353.8628,0,0,1
8162,55:24.2,GPS,48384805,0,6,168942200,2401,10,1.21,-35.3632621,149.1652374,584.09,0,353.8628,0,0,1
8528,55:24.4,GPS,48584725,0,6,168942400,2401,10,1.21,-35.3632621,149.1652374,584.09,0,353.8628,0,0,1
8886,55:24.6,GPS,48784645,0,6,168942600,2401,10,1.21,-35.3632621,149.1652374,584.09,0,353.8629,0,0,1
9245,55:24.8,GPS,48985398,0,6,168942800,2401,10,1.21,-35.3632621,149.1652374,584.09,0,353.8629,0,0,1
9604,55:25.0,GPS,49185318,0,6,168943000,2401,10,1.21,-35.3632621,149.1652374,584.09,0,353.8629,0,0,1
9963,55:25.2,GPS,49385238,0,6,168943200,2401,10,1.21,-35.3632621,149.1652374,584.09,0,353.8629,0,0,1
10330,55:25.4,GPS,49585158,0,6,168943400,2401,10,1.21,-35.3632621,149.1652374,584.09,0,353.8628,0,0,1
10687,55:25.6,GPS,49785078,0,6,168943600,2401,10,1.21,-35.3632621,149.1652374,584.09,0,353.8629,0,0,1
11047,55:25.8,GPS,49984998,0,6,168943800,2401,10,1.21,-35.3632621,149.1652374,584.09,0,353.8628,0,0,1
11406,55:26.0,GPS,50184918,0,6,168944000,2401,10,1.21,-35.3632621,149.1652374,584.09,0,353.8629,0,0,1
11765,55:26.2,GPS,50384838,0,6,168944200,2401,10,1.21,-35.3632621,149.1652374,584.09,0,353.8629,0,0,1
12131,55:26.4,GPS,50584758,0,6,168944400,2401,10,1.21,-35.3632621,149.1652374,584.09,0,353.8628,0,0,1
12310,55:26.5,GPS,50684718,1,1,0,0,0,-0.01,0,0,0,0,0,0,0,0
12490,55:26.6,GPS,50784678,0,6,168944600,2401,10,1.21,-35.3632621,149.1652374,584.09,0,353.8628,0,0,1
12851,55:26.8,GPS,50984598,0,6,168944800,2401,10,1.21,-35.3632621,149.1652374,584.09,0,353.8628,0,0,1
13211,55:27.0,GPS,51185351,0,6,168945000,2401,10,1.21,-35.3632621,149.1652374,584.09,0,353.8628,0,0,1
13570,55:27.2,GPS,51385271,0,6,168945200,2401,10,1.21,-35.3632621,149.1652374,584.09,0,353.8629,0,0,1
13936,55:27.4,GPS,51585191,0,6,168945400,2401,10,1.21,-35.3632621,149.1652374,584.09,0,353.8629,0,0,1
14293,55:27.6,GPS,51785111,0,6,168945600,2401,10,1.21,-35.3632621,149.1652374,584.09,0,353.8629,0,0,1
14652,55:27.8,GPS,51985031,0,6,168945800,2401,10,1.21,-35.3632621,149.1652374,584.09,0,353.8629,0,0,1
15014,55:28.0,GPS,52184951,0,6,168946000,2401,10,1.21,-35.3632621,149.1652374,584.09,0,353.8628,0,0,1
15372,55:28.2,GPS,52384871,0,6,168946200,2401,10,1.21,-35.3632621,149.1652374,584.09,0,359.9761,0,0,1
15740,55:28.4,GPS,52584791,0,6,168946400,2401,10,1.21,-35.3632621,149.1652374,584.09,0.001,359.9851,0,0,1
16097,55:28.6,GPS,52784711,0,6,168946600,2401,10,1.21,-35.3632621,149.1652374,584.09,0.001,359.973,0,0,1
16456,55:28.8,GPS,52984631,0,6,168946800,2401,10,1.21,-35.3632621,149.1652374,584.09,0,359.9556,0,0,1
16821,55:29.0,GPS,53185384,0,6,168947000,2401,10,1.21,-35.3632621,149.1652374,584.1,0,359.8956,-0.057,0,1
17179,55:29.2,GPS,53385304,0,6,168947200,2401,10,1.21,-35.3632621,149.1652374,584.12,0,359.7178,-0.166,0,1
17546,55:29.4,GPS,53585224,0,6,168947400,2401,10,1.21,-35.3632621,149.1652374,584.16,0,359.6311,-0.277,0,1
17905,55:29.6,GPS,53785144,0,6,168947600,2401,10,1.21,-35.3632621,149.1652374,584.25,0.008,346.8633,-0.673,0,1
18264,55:29.8,GPS,53985064,0,6,168947800,2401,10,1.21,-35.3632621,149.1652374,584.43,0.035,344.1255,-1.123,0,1
18625,55:30.0,GPS,54184984,0,6,168948000,2401,10,1.21,-35.363262,149.1652374,584.67,0.067,341.1151,-1.196,0,1
18984,55:30.2,GPS,54384904,0,6,168948200,2401,10,1.21,-35.3632618,149.1652373,584.91,0.086,338.5193,-1.225,0,1
19350,55:30.4,GPS,54584824,0,6,168948400,2401,10,1.21,-35.3632616,149.1652372,585.17,0.09200001,337.7225,-1.392,0,1
19557,55:30.5,GPS,54704776,1,1,0,0,0,-0.01,0,0,0,0,0,0,0,0
19710,55:30.6,GPS,54784744,0,6,168948600,2401,10,1.21,-35.3632615,149.1652372,585.47,0.09,338.4698,-1.59,0,1
20070,55:30.8,GPS,54984664,0,6,168948800,2401,10,1.21,-35.3632614,149.1652371,585.81,0.08000001,340.3484,-1.791,0,1
20430,55:31.0,GPS,55184584,0,6,168949000,2401,10,1.21,-35.3632613,149.165237,586.19,0.067,343.3982,-1.998,0,1
20789,55:31.2,GPS,55385337,0,6,168949200,2401,10,1.21,-35.3632611,149.165237,586.61,0.054,347.7567,-2.207,0,1
21161,55:31.4,GPS,55585257,0,6,168949400,2401,10,1.21,-35.363261,149.165237,587.07,0.044,353.0497,-2.382,0,1
21518,55:31.6,GPS,55785177,0,6,168949600,2401,10,1.21,-35.363261,149.165237,587.55,0.036,357.959,-2.484,0,1
21878,55:31.8,GPS,55985097,0,6,168949800,2401,10,1.21,-35.3632609,149.165237,588.05,0.031,2.35362,-2.512,0,1
22239,55:32.0,GPS,56185017,0,6,168950000,2401,10,1.21,-35.3632609,149.165237,588.55,0.028,7.72113,-2.47,0,1
22598,55:32.2,GPS,56384937,0,6,168950200,2401,10,1.21,-35.3632609,149.165237,589.04,0.025,15.65444,-2.375,0,1
22964,55:32.4,GPS,56584857,0,6,168950400,2401,10,1.21,-35.3632608,149.165237,589.5,0.024,27.3841,-2.254,0,1
23322,55:32.6,GPS,56784777,0,6,168950600,2401,10,1.21,-35.3632608,149.165237,589.94,0.024,42.73886,-2.124,0,1
23681,55:32.8,GPS,56984697,0,6,168950800,2401,10,1.21,-35.3632608,149.165237,590.35,0.025,59.31284,-1.996,0,1
24041,55:33.0,GPS,57184617,0,6,168951000,2401,10,1.21,-35.3632607,149.165237,590.74,0.027,74.55607,-1.873,0,1
24401,55:33.2,GPS,57385370,0,6,168951200,2401,10,1.21,-35.3632607,149.1652371,591.1,0.03,87.8026,-1.758,0,1
24767,55:33.4,GPS,57585290,0,6,168951400,2401,10,1.21,-35.3632607,149.1652372,591.44,0.033,99.26536,-1.648,0,1
25125,55:33.6,GPS,57785210,0,6,168951600,2401,10,1.21,-35.3632608,149.1652372,591.76,0.036,109.3661,-1.544,0,1
25483,55:33.8,GPS,57985130,0,6,168951800,2401,10,1.21,-35.3632608,149.1652373,592.06,0.038,119.1813,-1.442,0,1
25844,55:34.0,GPS,58185050,0,6,168952000,2401,10,1.21,-35.3632608,149.1652374,592.33,0.039,128.601,-1.342,0,1
26203,55:34.2,GPS,58384970,0,6,168952200,2401,10,1.21,-35.3632608,149.1652375,592.59,0.039,137.1786,-1.241,0,1
26568,55:34.4,GPS,58584890,0,6,168952400,2401,10,1.21,-35.3632608,149.1652375,592.83,0.038,145.0946,-1.139,0,1
26801,55:34.5,GPS,58724834,1,1,0,0,0,-0.01,0,0,0,0,0,0,0,0
26930,55:34.6,GPS,58784810,0,6,168952600,2401,10,1.21,-35.3632609,149.1652375,593.05,0.037,153.0797,-1.035,0,1
27288,55:34.8,GPS,58984730,0,6,168952800,2401,10,1.21,-35.3632609,149.1652375,593.25,0.037,161.2153,-0.9300001,0,1
27650,55:35.0,GPS,59184650,0,6,168953000,2401,10,1.21,-35.363261,149.1652376,593.42,0.036,168.8549,-0.822,0,1
28008,55:35.2,GPS,59385403,0,6,168953200,2401,10,1.21,-35.363261,149.1652377,593.58,0.036,175.8811,-0.712,0,1
28373,55:35.4,GPS,59585323,0,6,168953400,2401,10,1.21,-35.3632611,149.1652377,593.71,0.035,182.2962,-0.598,0,1
28731,55:35.6,GPS,59785243,0,6,168953600,2401,10,1.21,-35.3632611,149.1652376,593.82,0.034,187.8332,-0.479,0,1
29089,55:35.8,GPS,59985163,0,6,168953800,2401,10,1.21,-35.3632612,149.1652375,593.9,0.033,192.5611,-0.351,0,1
29449,55:36.0,GPS,60185083,0,6,168954000,2401,10,1.21,-35.3632613,149.1652375,593.95,0.032,196.8381,-0.215,0,1
29809,55:36.2,GPS,60385003,0,6,168954200,2401,10,1.21,-35.3632614,149.1652375,593.99,0.031,199.7762,-0.09100001,0,1
30178,55:36.4,GPS,60584923,0,6,168954400,2401,10,1.21,-35.3632614,149.1652375,594,0.032,200.155,-0.003,0,1
30536,55:36.6,GPS,60784843,0,6,168954600,2401,10,1.21,-35.3632615,149.1652375,593.99,0.035,198.8093,0.04,0,1
30892,55:36.8,GPS,60984763,0,6,168954800,2401,10,1.21,-35.3632615,149.1652375,593.98,0.036,197.2621,0.051,0,1
31249,55:37.0,GPS,61184683,0,6,168955000,2401,10,1.21,-35.3632616,149.1652375,593.97,0.037,196.2147,0.04,0,1
31604,55:37.2,GPS,61384603,0,6,168955200,2401,10,1.21,-35.3632616,149.1652375,593.96,0.037,196.1088,0.022,0,1
31966,55:37.4,GPS,61585356,0,6,168955400,2401,10,1.21,-35.3632617,149.1652375,593.96,0.035,197.399,0.003,0,1
32322,55:37.6,GPS,61785276,0,6,168955600,2401,10,1.21,-35.3632617,149.1652375,593.96,0.032,200.7168,-0.01,0,1
32677,55:37.8,GPS,61985196,0,6,168955800,2401,10,1.21,-35.3632618,149.1652375,593.97,0.028,206.8863,-0.018,0,1
33034,55:38.0,GPS,62185116,0,6,168956000,2401,10,1.21,-35.3632619,149.1652375,593.97,0.024,216.113,-0.022,0,1
33389,55:38.2,GPS,62385036,0,6,168956200,2401,10,1.21,-35.3632619,149.1652374,593.97,0.021,227.3757,-0.024,0,1
33752,55:38.4,GPS,62584956,0,6,168956400,2401,10,1.21,-35.3632619,149.1652374,593.98,0.02,238.8931,-0.025,0,1
34009,55:38.5,GPS,62744892,1,1,0,0,0,-0.01,0,0,0,0,0,0,0,0
34110,55:38.6,GPS,62784876,0,6,168956600,2401,10,1.21,-35.363262,149.1652373,593.98,0.019,249.4666,-0.026,0,1
34464,55:38.8,GPS,62984796,0,6,168956800,2401,10,1.21,-35.363262,149.1652373,593.99,0.018,258.3347,-0.026,0,1
34822,55:39.0,GPS,63184716,0,6,168957000,2401,10,1.21,-35.363262,149.1652373,594,0.018,265.6689,-0.027,0,1
35177,55:39.2,GPS,63384636,0,6,168957200,2401,10,1.21,-35.363262,149.1652372,594,0.017,272.3715,-0.027,0,1
35539,55:39.4,GPS,63585389,0,6,168957400,2401,10,1.21,-35.363262,149.1652372,594.01,0.017,278.6878,-0.026,0,1
35895,55:39.6,GPS,63785309,0,6,168957600,2401,10,1.21,-35.363262,149.1652372,594.01,0.016,284.4158,-0.023,0,1
36249,55:39.8,GPS,63985229,0,6,168957800,2401,10,1.21,-35.363262,149.1652371,594.02,0.014,289.6708,-0.021,0,1
36606,55:40.0,GPS,64185149,0,6,168958000,2401,10,1.21,-35.363262,149.165237,594.02,0.013,294.9252,-0.018,0,1
36962,55:40.2,GPS,64385069,0,6,168958200,2401,10,1.21,-35.363262,149.165237,594.02,0.012,300.6141,-0.015,0,1
37324,55:40.4,GPS,64584989,0,6,168958400,2401,10,1.21,-35.363262,149.165237,594.03,0.011,307.2487,-0.012,0,1
37679,55:40.6,GPS,64784909,0,6,168958600,2401,10,1.21,-35.363262,149.165237,594.03,0.009000001,316.0845,-0.01,0,1
38034,55:40.8,GPS,64984829,0,6,168958800,2401,10,1.21,-35.363262,149.165237,594.03,0.008,327.7556,-0.009000001,0,1
38391,55:41.0,GPS,65184749,0,6,168959000,2401,10,1.21,-35.363262,149.165237,594.03,0.006,340.4339,-0.01,0,1
38746,55:41.2,GPS,65384669,0,6,168959200,2401,10,1.21,-35.363262,149.165237,594.04,0.005,352.7643,-0.011,0,1
39108,55:41.4,GPS,65584589,0,6,168959400,2401,10,1.21,-35.363262,149.165237,594.04,0.005,5.01157,-0.013,0,1
39468,55:41.6,GPS,65785342,0,6,168959600,2401,10,1.21,-35.363262,149.165237,594.04,0.005,15.72082,-0.013,0,1
39826,55:41.8,GPS,65985262,0,6,168959800,2401,10,1.21,-35.3632619,149.165237,594.04,0.004,19.94775,-0.013,0,1
40183,55:42.0,GPS,66185182,0,6,168960000,2401,10,1.21,-35.3632619,149.165237,594.05,0.006,307.9425,-0.017,0,1
40538,55:42.2,GPS,66385102,0,6,168960200,2401,10,1.21,-35.3632619,149.165237,594.05,0.033,272.5876,-0.029,0,1
40900,55:42.4,GPS,66585022,0,6,168960400,2401,10,1.21,-35.3632619,149.1652368,594.06,0.09500001,268.1464,-0.054,0,1
41229,55:42.6,GPS,66764950,1,1,0,0,0,-0.01,0,0,0,0,0,0,0,0
41257,55:42.6,GPS,66784942,0,6,168960600,2401,10,1.21,-35.3632619,149.1652365,594.07,0.192,267.1471,-0.09200001,0,1
41612,55:42.8,GPS,66984862,0,6,168960800,2401,10,1.21,-35.3632619,149.1652359,594.09,0.32,266.8299,-0.142,0,1
41969,55:43.0,GPS,67184782,0,6,168961000,2401,10,1.21,-35.3632619,149.1652351,594.13,0.477,266.6494,-0.204,0,1
42325,55:43.2,GPS,67384702,0,6,168961200,2401,10,1.21,-35.3632619,149.1652338,594.18,0.661,266.4342,-0.277,0,1
42687,55:43.4,GPS,67584622,0,6,168961400,2401,10,1.21,-35.363262,149.1652321,594.24,0.872,266.1307,-0.363,0,1
43042,55:43.6,GPS,67785375,0,6,168961600,2401,10,1.21,-35.3632621,149.16523,594.32,1.105,265.8667,-0.46,0,1
43397,55:43.8,GPS,67985295,0,6,168961800,2401,10,1.21,-35.3632623,149.1652273,594.43,1.362,265.8678,-0.5700001,0,1
43754,55:44.0,GPS,68185215,0,6,168962000,2401,10,1.21,-35.3632625,149.165224,594.56,1.65,266.213,-0.693,0,1
44110,55:44.2,GPS,68385135,0,6,168962200,2401,10,1.21,-35.3632627,149.1652199,594.7,1.983,266.6796,-0.827,0,1
44472,55:44.4,GPS,68585055,0,6,168962400,2401,10,1.21,-35.3632629,149.1652151,594.89,2.353,266.9601,-0.9710001,0,1
44828,55:44.6,GPS,68784975,0,6,168962600,2401,10,1.21,-35.3632632,149.1652096,595.1,2.726,267.007,-1.12,0,1
45183,55:44.8,GPS,68984895,0,6,168962800,2401,10,1.21,-35.3632634,149.1652032,595.33,3.073,266.9813,-1.263,0,1
45540,55:45.0,GPS,69184815,0,6,168963000,2401,10,1.21,-35.3632637,149.1651961,595.6,3.381,266.9969,-1.396,0,1
45895,55:45.2,GPS,69384735,0,6,168963200,2401,10,1.21,-35.363264,149.1651883,595.89,3.648,267.0489,-1.513,0,1
46257,55:45.4,GPS,69584655,0,6,168963400,2401,10,1.21,-35.3632644,149.16518,596.2,3.882,267.1019,-1.615,0,1
46613,55:45.6,GPS,69785408,0,6,168963600,2401,10,1.21,-35.3632647,149.1651713,596.54,4.087,267.1399,-1.702,0,1
46970,55:45.8,GPS,69985328,0,6,168963800,2401,10,1.21,-35.3632652,149.165162,596.89,4.263,267.1624,-1.776,0,1
47327,55:46.0,GPS,70185248,0,6,168964000,2401,10,1.21,-35.3632656,149.1651525,597.25,4.414,267.1766,-1.835,0,1
47681,55:46.2,GPS,70385168,0,6,168964200,2401,10,1.21,-35.3632659,149.1651427,597.62,4.538,267.1819,-1.881,0,1
48043,55:46.4,GPS,70585088,0,6,168964400,2401,10,1.21,-35.3632664,149.1651326,598,4.637,267.1778,-1.915,0,1
48374,55:46.6,GPS,70765016,1,1,0,0,0,-0.01,0,0,0,0,0,0,0,0
48402,55:46.6,GPS,70785008,0,6,168964600,2401,10,1.21,-35.3632668,149.1651223,598.38,4.709,267.1754,-1.936,0,1
48757,55:46.8,GPS,70984928,0,6,168964800,2401,10,1.21,-35.3632671,149.1651119,598.77,4.752,267.1792,-1.943,0,1
49116,55:47.0,GPS,71184848,0,6,168965000,2401,10,1.21,-35.3632676,149.1651014,599.16,4.773,267.1841,-1.94,0,1
49471,55:47.2,GPS,71384768,0,6,168965200,2401,10,1.21,-35.363268,149.1650909,599.55,4.787,267.1832,-1.932,0,1
49833,55:47.4,GPS,71584688,0,6,168965400,2401,10,1.21,-35.3632685,149.1650803,599.93,4.791,267.176,-1.919,0,1
50189,55:47.6,GPS,71784608,0,6,168965600,2401,10,1.21,-35.3632688,149.1650698,600.32,4.768,267.1697,-1.896,0,1
50545,55:47.8,GPS,71985361,0,6,168965800,2401,10,1.21,-35.3632693,149.1650594,600.69,4.709,267.2212,-1.863,0,1
50902,55:48.0,GPS,72185281,0,6,168966000,2401,10,1.21,-35.3632697,149.1650491,601.06,4.611,267.5278,-1.817,0,1
51256,55:48.2,GPS,72385201,0,6,168966200,2401,10,1.21,-35.36327,149.1650391,601.42,4.48,268.3304,-1.759,0,1
51620,55:48.4,GPS,72585121,0,6,168966400,2401,10,1.21,-35.3632701,149.1650294,601.76,4.32,269.7607,-1.689,0,1
51977,55:48.6,GPS,72785041,0,6,168966600,2401,10,1.21,-35.36327,149.1650201,602.08,4.134,271.8929,-1.607,0,1
52332,55:48.8,GPS,72984961,0,6,168966800,2401,10,1.21,-35.3632696,149.1650113,602.4,3.927,274.834,-1.513,0,1
52689,55:49.0,GPS,73184881,0,6,168967000,2401,10,1.21,-35.3632688,149.1650029,602.7,3.706,278.7555,-1.407,0,1
53044,55:49.2,GPS,73384801,0,6,168967200,2401,10,1.21,-35.3632676,149.1649951,602.97,3.481,283.9056,-1.289,0,1
53406,55:49.4,GPS,73584721,0,6,168967400,2401,10,1.21,-35.3632659,149.164988,603.21,3.268,290.5558,-1.16,0,1
53763,55:49.6,GPS,73784641,0,6,168967600,2401,10,1.21,-35.3632635,149.1649817,603.43,3.098,298.8737,-1.027,0,1
54121,55:49.8,GPS,73985394,0,6,168967800,2401,10,1.21,-35.3632604,149.1649761,603.62,3.015,308.6193,-0.897,0,1
54479,55:50.0,GPS,74185314,0,6,168968000,2401,10,1.21,-35.3632567,149.1649713,603.79,3.058,318.8667,-0.78,0,1
54833,55:50.2,GPS,74385234,0,6,168968200,2401,10,1.21,-35.3632522,149.1649671,603.94,3.244,328.3701,-0.682,0,1
55196,55:50.4,GPS,74585154,0,6,168968400,2401,10,1.21,-35.3632468,149.1649637,604.07,3.558,336.2631,-0.604,0,1
55553,55:50.6,GPS,74785074,0,6,168968600,2401,10,1.21,-35.3632405,149.1649608,604.18,3.96,342.3176,-0.546,0,1
55555,55:50.6,GPS,74785074,1,1,0,0,0,-0.01,0,0,0,0,0,0,0,0
55909,55:50.8,GPS,74984994,0,6,168968800,2401,10,1.21,-35.3632332,149.1649584,604.29,4.41,346.7605,-0.503,0,1
56267,55:51.0,GPS,75184914,0,6,168969000,2401,10,1.21,-35.363225,149.1649564,604.38,4.882,349.9475,-0.476,0,1
56622,55:51.2,GPS,75384834,0,6,168969200,2401,10,1.21,-35.3632159,149.1649547,604.47,5.363,352.1808,-0.461,0,1
56984,55:51.4,GPS,75584754,0,6,168969400,2401,10,1.21,-35.3632059,149.1649532,604.57,5.847,353.6834,-0.461,0,1
57340,55:51.6,GPS,75784674,0,6,168969600,2401,10,1.21,-35.363195,149.1649518,604.66,6.331,354.61,-0.473,0,1
57695,55:51.8,GPS,75984594,0,6,168969800,2401,10,1.21,-35.3631832,149.1649505,604.76,6.809,355.077,-0.498,0,1
58055,55:52.0,GPS,76185347,0,6,168970000,2401,10,1.21,-35.3631707,149.1649491,604.86,7.269001,355.2094,-0.535,0,1
58410,55:52.2,GPS,76385267,0,6,168970200,2401,10,1.21,-35.3631573,149.1649478,604.97,7.691,355.1855,-0.574,0,1
58772,55:52.4,GPS,76585187,0,6,168970400,2401,10,1.21,-35.3631431,149.1649463,605.09,8.066,355.1521,-0.609,0,1
59129,55:52.6,GPS,76785107,0,6,168970600,2401,10,1.21,-35.3631284,149.1649448,605.21,8.399,355.1466,-0.64,0,1
59484,55:52.8,GPS,76985027,0,6,168970800,2401,10,1.21,-35.3631131,149.1649431,605.34,8.695001,355.1594,-0.664,0,1
59841,55:53.0,GPS,77184947,0,6,168971000,2401,10,1.21,-35.3630973,149.1649416,605.48,8.955001,355.175,-0.684,0,1
60197,55:53.2,GPS,77384867,0,6,168971200,2401,10,1.21,-35.3630811,149.1649399,605.62,9.183001,355.1828,-0.7,0,1
60560,55:53.4,GPS,77584787,0,6,168971400,2401,10,1.21,-35.3630644,149.1649382,605.76,9.381001,355.1816,-0.7130001,0,1
60917,55:53.6,GPS,77784707,0,6,168971600,2401,10,1.21,-35.3630474,149.1649364,605.9,9.549001,355.1704,-0.723,0,1
61272,55:53.8,GPS,77984627,0,6,168971800,2401,10,1.21,-35.3630302,149.1649347,606.05,9.685,355.1505,-0.73,0,1
61629,55:54.0,GPS,78185380,0,6,168972000,2401,10,1.21,-35.3630128,149.1649328,606.2,9.788,355.1251,-0.735,0,1
61985,55:54.2,GPS,78385300,0,6,168972200,2401,10,1.21,-35.3629952,149.164931,606.34,9.856001,355.0961,-0.7360001,0,1
62346,55:54.4,GPS,78585220,0,6,168972400,2401,10,1.21,-35.3629775,149.1649291,606.49,9.892,355.0634,-0.735,0,1
62704,55:54.6,GPS,78785140,0,6,168972600,2401,10,1.21,-35.3629598,149.1649272,606.64,9.911,355.0282,-0.7320001,0,1
62732,55:54.6,GPS,78805132,1,1,0,0,0,-0.01,0,0,0,0,0,0,0,0
63061,55:54.8,GPS,78985060,0,6,168972800,2401,10,1.21,-35.3629421,149.1649253,606.78,9.929001,354.9897,-0.729,0,1
63418,55:55.0,GPS,79184980,0,6,168973000,2401,10,1.21,-35.3629243,149.1649234,606.93,9.952001,354.9478,-0.728,0,1
63774,55:55.2,GPS,79384900,0,6,168973200,2401,10,1.21,-35.3629064,149.1649215,607.07,9.974001,354.9054,-0.7270001,0,1
64135,55:55.4,GPS,79584820,0,6,168973400,2401,10,1.21,-35.3628886,149.1649195,607.22,9.995001,354.8643,-0.7270001,0,1
64493,55:55.6,GPS,79784740,0,6,168973600,2401,10,1.21,-35.3628706,149.1649175,607.37,10.015,354.826,-0.726,0,1
64848,55:55.8,GPS,79984660,0,6,168973800,2401,10,1.21,-35.3628527,149.1649155,607.51,10.03,354.7911,-0.7270001,0,1
65205,55:56.0,GPS,80184580,0,6,168974000,2401,10,1.21,-35.3628348,149.1649134,607.66,10.041,354.7598,-0.7270001,0,1
65561,55:56.2,GPS,80385333,0,6,168974200,2401,10,1.21,-35.3628168,149.1649115,607.8,10.047,354.7326,-0.7270001,0,1
65923,55:56.4,GPS,80585253,0,6,168974400,2401,10,1.21,-35.3627988,149.1649094,607.95,10.047,354.7097,-0.7270001,0,1
66281,55:56.6,GPS,80785173,0,6,168974600,2401,10,1.21,-35.3627809,149.1649074,608.09,10.046,354.6906,-0.728,0,1
66636,55:56.8,GPS,80985093,0,6,168974800,2401,10,1.21,-35.3627629,149.1649053,608.24,10.044,354.6729,-0.728,0,1
66995,55:57.0,GPS,81185013,0,6,168975000,2401,10,1.21,-35.3627449,149.1649033,608.38,10.041,354.6545,-0.728,0,1
67351,55:57.2,GPS,81384933,0,6,168975200,2401,10,1.21,-35.362727,149.1649012,608.53,10.034,354.636,-0.7270001,0,1
67713,55:57.4,GPS,81584853,0,6,168975400,2401,10,1.21,-35.362709,149.1648991,608.68,10.027,354.619,-0.7270001,0,1
68070,55:57.6,GPS,81784773,0,6,168975600,2401,10,1.21,-35.3626911,149.1648971,608.82,10.02,354.6043,-0.7270001,0,1
68425,55:57.8,GPS,81984693,0,6,168975800,2401,10,1.21,-35.3626731,149.164895,608.97,10.014,354.5909,-0.726,0,1
68782,55:58.0,GPS,82184613,0,6,168976000,2401,10,1.21,-35.3626552,149.1648929,609.11,10.009,354.5774,-0.726,0,1
69138,55:58.2,GPS,82385366,0,6,168976200,2401,10,1.21,-35.3626373,149.1648908,609.26,10.006,354.5644,-0.7270001,0,1
69503,55:58.4,GPS,82585286,0,6,168976400,2401,10,1.21,-35.3626194,149.1648887,609.4,10.001,354.5529,-0.7270001,0,1
69861,55:58.6,GPS,82785206,0,6,168976600,2401,10,1.21,-35.3626016,149.1648866,609.55,9.998,354.5433,-0.726,0,1
69915,55:58.6,GPS,82825190,1,1,0,0,0,-0.01,0,0,0,0,0,0,0,0
70218,55:58.8,GPS,82985126,0,6,168976800,2401,10,1.21,-35.3625837,149.1648845,609.69,10,354.5346,-0.725,0,1
70596,55:59.0,GPS,83185046,0,6,168977000,2401,10,1.21,-35.3625658,149.1648824,609.83,10.008,354.5254,-0.724,0,1
71038,55:59.2,GPS,83384966,0,6,168977200,2401,10,1.21,-35.3625479,149.1648803,609.98,10.001,354.5178,-0.7220001,0,1
71402,55:59.4,GPS,83584886,0,6,168977400,2401,10,1.21,-35.3625301,149.1648782,610.13,9.901,354.5208,-0.687,0,1
71760,55:59.6,GPS,83784806,0,6,168977600,2401,10,1.21,-35.3625126,149.1648761,610.26,9.67,354.5387,-0.6,0,1
72115,55:59.8,GPS,83984726,0,6,168977800,2401,10,1.21,-35.3624955,149.1648741,610.37,9.368,354.5668,-0.486,0,1
72471,56:00.0,GPS,84184646,0,6,168978000,2401,10,1.21,-35.3624791,149.1648722,610.45,9.033,354.6021,-0.376,0,1
72828,56:00.2,GPS,84385399,0,6,168978200,2401,10,1.21,-35.3624632,149.1648705,610.52,8.675,354.6424,-0.284,0,1
73192,56:00.4,GPS,84585319,0,6,168978400,2401,10,1.21,-35.362448,149.1648687,610.57,8.293,354.6856,-0.215,0,1
73549,56:00.6,GPS,84785239,0,6,168978600,2401,10,1.21,-35.3624336,149.164867,610.6,7.883,354.7289,-0.169,0,1
73904,56:00.8,GPS,84985159,0,6,168978800,2401,10,1.21,-35.3624199,149.1648655,610.63,7.444,354.77,-0.142,0,1
74260,56:01.0,GPS,85185079,0,6,168979000,2401,10,1.21,-35.362407,149.1648641,610.66,6.971,354.8076,-0.129,0,1
74617,56:01.2,GPS,85384999,0,6,168979200,2401,10,1.21,-35.3623949,149.1648627,610.69,6.466,354.8394,-0.126,0,1
74981,56:01.4,GPS,85584919,0,6,168979400,2401,10,1.21,-35.3623839,149.1648615,610.71,5.925,354.8658,-0.13,0,1
75338,56:01.6,GPS,85784839,0,6,168979600,2401,10,1.21,-35.3623738,149.1648604,610.74,5.338,354.8953,-0.139,0,1
75693,56:01.8,GPS,85984759,0,6,168979800,2401,10,1.21,-35.3623647,149.1648594,610.77,4.708,354.9352,-0.153,0,1
76049,56:02.0,GPS,86184679,0,6,168980000,2401,10,1.21,-35.3623569,149.1648586,610.8,4.091,354.9778,-0.172,0,1
76409,56:02.2,GPS,86384599,0,6,168980200,2401,10,1.21,-35.3623501,149.1648578,610.83,3.557,355.0003,-0.192,0,1
76772,56:02.4,GPS,86585352,0,6,168980400,2401,10,1.21,-35.3623441,149.1648571,610.88,3.151,354.9714,-0.214,0,1
77128,56:02.6,GPS,86785272,0,6,168980600,2401,10,1.21,-35.3623387,149.1648566,610.92,2.899,354.869,-0.237,0,1
77208,56:02.6,GPS,86845248,1,1,0,0,0,-0.01,0,0,0,0,0,0,0,0
77487,56:02.8,GPS,86985192,0,6,168980800,2401,10,1.21,-35.3623337,149.1648561,610.97,2.802,354.7067,-0.262,0,1
77843,56:03.0,GPS,87185112,0,6,168981000,2401,10,1.21,-35.3623286,149.1648554,611.03,2.846,354.5232,-0.291,0,1
78199,56:03.2,GPS,87385032,0,6,168981200,2401,10,1.21,-35.3623234,149.1648549,611.08,2.999,354.36,-0.323,0,1
78564,56:03.4,GPS,87584952,0,6,168981400,2401,10,1.21,-35.3623178,149.1648541,611.16,3.23,354.2399,-0.355,0,1
78919,56:03.6,GPS,87784872,0,6,168981600,2401,10,1.21,-35.3623118,149.1648534,611.23,3.509,354.1676,-0.388,0,1
79275,56:03.8,GPS,87984792,0,6,168981800,2401,10,1.21,-35.3623053,149.1648526,611.31,3.816,354.1423,-0.418,0,1
79631,56:04.0,GPS,88184712,0,6,168982000,2401,10,1.21,-35.3622982,149.1648517,611.4,4.136,354.155,-0.444,0,1
80031,56:04.2,GPS,88384632,0,6,168982200,2401,10,1.21,-35.3622905,149.1648507,611.49,4.455,354.1958,-0.467,0,1
80394,56:04.4,GPS,88585385,0,6,168982400,2401,10,1.21,-35.3622822,149.1648497,611.58,4.762,354.2653,-0.487,0,1
80749,56:04.6,GPS,88785305,0,6,168982600,2401,10,1.21,-35.3622735,149.1648486,611.69,5.043,354.3665,-0.503,0,1
81106,56:04.8,GPS,88985225,0,6,168982800,2401,10,1.21,-35.3622642,149.1648475,611.79,5.291,354.4885,-0.516,0,1
81462,56:05.0,GPS,89185145,0,6,168983000,2401,10,1.21,-35.3622546,149.1648464,611.89,5.503,354.6166,-0.527,0,1
81819,56:05.2,GPS,89385065,0,6,168983200,2401,10,1.21,-35.3622445,149.1648453,612,5.677,354.743,-0.535,0,1
82183,56:05.4,GPS,89584985,0,6,168983400,2401,10,1.21,-35.3622343,149.1648441,612.1,5.811,354.8647,-0.5420001,0,1
82538,56:05.6,GPS,89784905,0,6,168983600,2401,10,1.21,-35.3622237,149.164843,612.21,5.906,354.9824,-0.546,0,1
82894,56:05.8,GPS,89984825,0,6,168983800,2401,10,1.21,-35.3622131,149.1648418,612.32,5.965,355.0959,-0.548,0,1
83250,56:06.0,GPS,90184745,0,6,168984000,2401,10,1.21,-35.3622024,149.1648407,612.43,5.994,355.2,-0.549,0,1
83607,56:06.2,GPS,90384665,0,6,168984200,2401,10,1.21,-35.3621916,149.1648396,612.54,6.01,355.2893,-0.55,0,1
83970,56:06.4,GPS,90584585,0,6,168984400,2401,10,1.21,-35.3621809,149.1648385,612.65,6.018,355.3637,-0.55,0,1
84325,56:06.6,GPS,90785338,0,6,168984600,2401,10,1.21,-35.3621701,149.1648375,612.76,6.002,355.4264,-0.548,0,1
84479,56:06.7,GPS,90865306,1,1,0,0,0,-0.01,0,0,0,0,0,0,0,0
84684,56:06.8,GPS,90985258,0,6,168984800,2401,10,1.21,-35.3621594,149.1648364,612.87,5.952,355.4787,-0.544,0,1
85040,56:07.0,GPS,91185178,0,6,168985000,2401,10,1.21,-35.3621488,149.1648354,612.98,5.867,355.5359,-0.538,0,1
85397,56:07.2,GPS,91385098,0,6,168985200,2401,10,1.21,-35.3621384,149.1648344,613.09,5.75,355.6982,-0.535,0,1
85765,56:07.4,GPS,91585018,0,6,168985400,2401,10,1.21,-35.3621282,149.1648336,613.2,5.61,356.1283,-0.541,0,1
86120,56:07.6,GPS,91784938,0,6,168985600,2401,10,1.21,-35.3621184,149.1648328,613.3,5.448,356.9364,-0.558,0,1
86477,56:07.8,GPS,91984858,0,6,168985800,2401,10,1.21,-35.3621087,149.1648323,613.42,5.265,358.1733,-0.588,0,1
86833,56:08.0,GPS,92184778,0,6,168986000,2401,10,1.21,-35.3620994,149.164832,613.54,5.064,359.8915,-0.6300001,0,1
87189,56:08.2,GPS,92384698,0,6,168986200,2401,10,1.21,-35.3620905,149.1648322,613.68,4.845,2.15876,-0.6850001,0,1
87554,56:08.4,GPS,92584618,0,6,168986400,2401,10,1.21,-35.362082,149.1648328,613.82,4.615,5.0679,-0.7500001,0,1
87909,56:08.6,GPS,92785371,0,6,168986600,2401,10,1.21,-35.3620741,149.164834,613.98,4.378,8.74341,-0.827,0,1
88266,56:08.8,GPS,92985291,0,6,168986800,2401,10,1.21,-35.3620665,149.1648358,614.15,4.145,13.31888,-0.9160001,0,1
88623,56:09.0,GPS,93185211,0,6,168987000,2401,10,1.21,-35.3620595,149.1648382,614.34,3.943,18.86073,-1.017,0,1
88982,56:09.2,GPS,93385131,0,6,168987200,2401,10,1.21,-35.3620531,149.1648414,614.56,3.811,25.20768,-1.133,0,1
89347,56:09.4,GPS,93585051,0,6,168987400,2401,10,1.21,-35.3620471,149.1648454,614.8,3.78,31.87796,-1.267,0,1
89702,56:09.6,GPS,93784971,0,6,168987600,2401,10,1.21,-35.3620416,149.1648502,615.07,3.859,38.19942,-1.413,0,1
90058,56:09.8,GPS,93984891,0,6,168987800,2401,10,1.21,-35.3620362,149.1648559,615.36,4.016,43.67537,-1.565,0,1
90415,56:10.0,GPS,94184811,0,6,168988000,2401,10,1.21,-35.362031,149.1648625,615.69,4.211,48.16547,-1.712,0,1
90771,56:10.2,GPS,94384731,0,6,168988200,2401,10,1.21,-35.3620261,149.1648698,616.05,4.407,51.76615,-1.849,0,1
91135,56:10.4,GPS,94584651,0,6,168988400,2401,10,1.21,-35.3620212,149.1648776,616.43,4.591,54.66013,-1.971,0,1
91490,56:10.6,GPS,94785404,0,6,168988600,2401,10,1.21,-35.3620165,149.1648862,616.83,4.761,56.99505,-2.079,0,1
91669,56:10.7,GPS,94885364,1,1,0,0,0,-0.01,0,0,0,0,0,0,0,0
91849,56:10.8,GPS,94985324,0,6,168988800,2401,10,1.21,-35.362012,149.1648952,617.26,4.917,58.85478,-2.173,0,1
92205,56:11.0,GPS,95185244,0,6,168989000,2401,10,1.21,-35.3620074,149.1649047,617.7,5.06,60.29532,-2.254,0,1
92561,56:11.2,GPS,95385164,0,6,168989200,2401,10,1.21,-35.3620029,149.1649145,618.16,5.191,61.34394,-2.322,0,1
92926,56:11.4,GPS,95585084,0,6,168989400,2401,10,1.21,-35.3619984,149.1649248,618.63,5.31,62.01326,-2.379,0,1
93281,56:11.6,GPS,95785004,0,6,168989600,2401,10,1.21,-35.3619939,149.1649352,619.11,5.415,62.34656,-2.424,0,1
93637,56:11.8,GPS,95984924,0,6,168989800,2401,10,1.21,-35.3619894,149.1649459,619.6,5.496,62.50148,-2.454,0,1
93993,56:12.0,GPS,96184844,0,6,168990000,2401,10,1.21,-35.3619848,149.1649567,620.09,5.548,62.65485,-2.47,0,1
94350,56:12.2,GPS,96384764,0,6,168990200,2401,10,1.21,-35.3619803,149.1649676,620.59,5.571,62.85739,-2.472,0,1
94716,56:12.4,GPS,96584684,0,6,168990400,2401,10,1.21,-35.3619757,149.1649785,621.08,5.58,63.08525,-2.467,0,1
95071,56:12.6,GPS,96784604,0,6,168990600,2401,10,1.21,-35.3619712,149.1649896,621.58,5.593,63.30341,-2.462,0,1
95427,56:12.8,GPS,96985357,0,6,168990800,2401,10,1.21,-35.3619667,149.1650005,622.07,5.612,63.48508,-2.457,0,1
95784,56:13.0,GPS,97185277,0,6,168991000,2401,10,1.21,-35.3619622,149.1650116,622.56,5.634,63.61826,-2.455,0,1
96139,56:13.2,GPS,97385197,0,6,168991200,2401,10,1.21,-35.3619577,149.1650227,623.05,5.653,63.69905,-2.452,0,1
96505,56:13.4,GPS,97585117,0,6,168991400,2401,10,1.21,-35.3619532,149.165034,623.54,5.653,63.73328,-2.442,0,1
96860,56:13.6,GPS,97785037,0,6,168991600,2401,10,1.21,-35.3619487,149.1650451,624.03,5.616,63.73335,-2.42,0,1
97216,56:13.8,GPS,97984957,0,6,168991800,2401,10,1.21,-35.3619443,149.1650561,624.51,5.536,63.70661,-2.38,0,1
97573,56:14.0,GPS,98184877,0,6,168992000,2401,10,1.21,-35.3619399,149.1650669,624.98,5.412,63.65966,-2.322,0,1
97927,56:14.2,GPS,98384797,0,6,168992200,2401,10,1.21,-35.3619357,149.1650775,625.43,5.249,63.60059,-2.245,0,1
98294,56:14.4,GPS,98584717,0,6,168992400,2401,10,1.21,-35.3619315,149.1650877,625.87,5.047,63.53606,-2.151,0,1
98649,56:14.6,GPS,98784637,0,6,168992600,2401,10,1.21,-35.3619276,149.1650973,626.29,4.808,63.47125,-2.04,0,1
98854,56:14.7,GPS,98904589,1,1,0,0,0,-0.01,0,0,0,0,0,0,0,0
99006,56:14.8,GPS,98985390,0,6,168992800,2401,10,1.21,-35.3619238,149.1651066,626.69,4.533,63.41008,-1.912,0,1
99363,56:15.0,GPS,99185310,0,6,168993000,2401,10,1.21,-35.3619202,149.1651152,627.06,4.221,63.35649,-1.767,0,1
99718,56:15.2,GPS,99385230,0,6,168993200,2401,10,1.21,-35.361917,149.1651231,627.4,3.872,63.31457,-1.607,0,1
100084,56:15.4,GPS,99585150,0,6,168993400,2401,10,1.21,-35.361914,149.1651304,627.7,3.487,63.30596,-1.429,0,1
100439,56:15.6,GPS,99785070,0,6,168993600,2401,10,1.21,-35.3619114,149.1651369,627.96,3.076,63.49746,-1.234,0,1
100796,56:15.8,GPS,99984990,0,6,168993800,2401,10,1.21,-35.3619091,149.1651425,628.19,2.665,64.27511,-1.024,0,1
101153,56:16.0,GPS,100184910,0,6,168994000,2401,10,1.21,-35.3619073,149.1651475,628.38,2.284,66.11306,-0.808,0,1
101507,56:16.2,GPS,100384830,0,6,168994200,2401,10,1.21,-35.3619058,149.1651518,628.52,1.96,69.48168,-0.5930001,0,1
101871,56:16.4,GPS,100584750,0,6,168994400,2401,10,1.21,-35.3619048,149.1651557,628.61,1.716,74.73754,-0.383,0,1
102227,56:16.6,GPS,100784670,0,6,168994600,2401,10,1.21,-35.3619042,149.1651592,628.67,1.567,81.88261,-0.18,0,1
102586,56:16.8,GPS,100984590,0,6,168994800,2401,10,1.21,-35.3619039,149.1651625,628.69,1.523,90.30194,0.017,0,1
102943,56:17.0,GPS,101185343,0,6,168995000,2401,10,1.21,-35.3619042,149.1651659,628.66,1.583,98.82114,0.21,0,1
103299,56:17.2,GPS,101385263,0,6,168995200,2401,10,1.21,-35.3619048,149.1651695,628.6,1.731,106.3118,0.397,0,1
103663,56:17.4,GPS,101585183,0,6,168995400,2401,10,1.21,-35.3619059,149.1651733,628.5,1.941,112.1352,0.574,0,1
104019,56:17.6,GPS,101785103,0,6,168995600,2401,10,1.21,-35.3619074,149.1651774,628.37,2.179,116.2003,0.73,0,1
104374,56:17.8,GPS,101985023,0,6,168995800,2401,10,1.21,-35.3619093,149.1651819,628.21,2.42,118.7577,0.8610001,0,1
104732,56:18.0,GPS,102184943,0,6,168996000,2401,10,1.21,-35.3619116,149.1651867,628.03,2.647,120.1353,0.9620001,0,1
105087,56:18.2,GPS,102384863,0,6,168996200,2401,10,1.21,-35.3619141,149.165192,627.83,2.856,120.643,1.035,0,1
105453,56:18.4,GPS,102584783,0,6,168996400,2401,10,1.21,-35.3619168,149.1651976,627.62,3.04,120.6649,1.088,0,1
105809,56:18.6,GPS,102784703,0,6,168996600,2401,10,1.21,-35.3619196,149.1652035,627.39,3.193,120.5403,1.125,0,1
106039,56:18.7,GPS,102924647,1,1,0,0,0,-0.01,0,0,0,0,0,0,0,0
106167,56:18.8,GPS,102984623,0,6,168996800,2401,10,1.21,-35.3619226,149.1652097,627.16,3.31,120.4098,1.15,0,1
106524,56:19.0,GPS,103185376,0,6,168997000,2401,10,1.21,-35.3619256,149.1652161,626.93,3.393,120.3019,1.164,0,1
106878,56:19.2,GPS,103385296,0,6,168997200,2401,10,1.21,-35.3619287,149.1652226,626.7,3.442,120.2156,1.168,0,1
107243,56:19.4,GPS,103585216,0,6,168997400,2401,10,1.21,-35.3619319,149.1652292,626.47,3.463,120.1318,1.164,0,1
107599,56:19.6,GPS,103785136,0,6,168997600,2401,10,1.21,-35.361935,149.1652358,626.23,3.471,120.0297,1.157,0,1
107953,56:19.8,GPS,103985056,0,6,168997800,2401,10,1.21,-35.3619381,149.1652423,626,3.465,119.9221,1.145,0,1
108311,56:20.0,GPS,104184976,0,6,168998000,2401,10,1.21,-35.3619412,149.165249,625.78,3.432,119.8377,1.123,0,1
108666,56:20.2,GPS,104384896,0,6,168998200,2401,10,1.21,-35.3619443,149.1652555,625.56,3.368,119.8631,1.087,0,1
109030,56:20.4,GPS,104584816,0,6,168998400,2401,10,1.21,-35.3619472,149.1652618,625.34,3.281,120.2297,1.033,0,1
109387,56:20.6,GPS,104784736,0,6,168998600,2401,10,1.21,-35.3619501,149.165268,625.14,3.181,121.1759,0.9540001,0,1
109742,56:20.8,GPS,104984656,0,6,168998800,2401,10,1.21,-35.3619532,149.1652738,624.96,3.07,122.8297,0.849,0,1
110100,56:21.0,GPS,105185409,0,6,168999000,2401,10,1.21,-35.3619561,149.1652793,624.81,2.948,125.2862,0.719,0,1
110455,56:21.2,GPS,105385329,0,6,168999200,2401,10,1.21,-35.3619592,149.1652844,624.68,2.819,128.6505,0.564,0,1
110819,56:21.4,GPS,105585249,0,6,168999400,2401,10,1.21,-35.3619625,149.1652889,624.58,2.689,133.0284,0.386,0,1
111175,56:21.6,GPS,105785169,0,6,168999600,2401,10,1.21,-35.3619659,149.165293,624.53,2.582,138.3877,0.192,0,1
111533,56:21.8,GPS,105985089,0,6,168999800,2401,10,1.21,-35.3619695,149.1652965,624.51,2.53,144.3388,-0.01,0,1
111890,56:22.0,GPS,106185009,0,6,169000000,2401,10,1.21,-35.3619733,149.1652996,624.53,2.56,150.1338,-0.213,0,1
112245,56:22.2,GPS,106384929,0,6,169000200,2401,10,1.21,-35.3619774,149.1653021,624.59,2.68,155.0661,-0.41,0,1
112611,56:22.4,GPS,106584849,0,6,169000400,2401,10,1.21,-35.3619821,149.1653045,624.7,2.888,158.8475,-0.6020001,0,1
112967,56:22.6,GPS,106784769,0,6,169000600,2401,10,1.21,-35.3619872,149.1653068,624.83,3.174,161.5338,-0.7870001,0,1
113224,56:22.7,GPS,106944705,1,1,0,0,0,-0.01,0,0,0,0,0,0,0,0
113325,56:22.8,GPS,106984689,0,6,169000800,2401,10,1.21,-35.3619929,149.1653091,625.01,3.515,163.3294,-0.9620001,0,1
113682,56:23.0,GPS,107184609,0,6,169001000,2401,10,1.21,-35.3619993,149.1653112,625.22,3.874,164.4755,-1.122,0,1
114037,56:23.2,GPS,107385362,0,6,169001200,2401,10,1.21,-35.3620063,149.1653136,625.46,4.213,165.1755,-1.263,0,1
114402,56:23.4,GPS,107585282,0,6,169001400,2401,10,1.21,-35.3620139,149.165316,625.72,4.509,165.5602,-1.379,0,1
114758,56:23.6,GPS,107785202,0,6,169001600,2401,10,1.21,-35.362022,149.1653185,626.01,4.761,165.758,-1.473,0,1
115112,56:23.8,GPS,107985122,0,6,169001800,2401,10,1.21,-35.3620304,149.1653212,626.31,4.973,165.9326,-1.548,0,1
115471,56:24.0,GPS,108185042,0,6,169002000,2401,10,1.21,-35.3620392,149.1653239,626.63,5.149,166.1711,-1.611,0,1
115826,56:24.2,GPS,108384962,0,6,169002200,2401,10,1.21,-35.3620484,149.1653266,626.95,5.295,166.4572,-1.66,0,1
116190,56:24.4,GPS,108584882,0,6,169002400,2401,10,1.21,-35.3620578,149.1653293,627.29,5.414,166.7458,-1.699,0,1
116546,56:24.6,GPS,108784802,0,6,169002600,2401,10,1.21,-35.3620673,149.1653321,627.63,5.511,166.9993,-1.728,0,1
116901,56:24.8,GPS,108984722,0,6,169002800,2401,10,1.21,-35.3620771,149.1653348,627.98,5.589,167.1959,-1.745,0,1
117258,56:25.0,GPS,109184642,0,6,169003000,2401,10,1.21,-35.3620869,149.1653375,628.33,5.648,167.3323,-1.752,0,1
117613,56:25.2,GPS,109385395,0,6,169003200,2401,10,1.21,-35.3620969,149.1653403,628.68,5.692,167.4143,-1.749,0,1
117978,56:25.4,GPS,109585315,0,6,169003400,2401,10,1.21,-35.3621069,149.165343,629.03,5.721,167.449,-1.737,0,1
118333,56:25.6,GPS,109785235,0,6,169003600,2401,10,1.21,-35.3621169,149.1653457,629.38,5.74,167.4466,-1.718,0,1
118688,56:25.8,GPS,109985155,0,6,169003800,2401,10,1.21,-35.362127,149.1653485,629.72,5.75,167.4146,-1.696,0,1
119046,56:26.0,GPS,110185075,0,6,169004000,2401,10,1.21,-35.3621371,149.1653513,630.05,5.754,167.3624,-1.668,0,1
119401,56:26.2,GPS,110384995,0,6,169004200,2401,10,1.21,-35.3621471,149.1653541,630.38,5.749,167.302,-1.633,0,1
119765,56:26.4,GPS,110584915,0,6,169004400,2401,10,1.21,-35.3621572,149.1653568,630.7,5.735,167.2447,-1.592,0,1
120120,56:26.6,GPS,110784835,0,6,169004600,2401,10,1.21,-35.3621672,149.1653595,631.02,5.7,167.213,-1.547,0,1
120450,56:26.8,GPS,110964763,1,1,0,0,0,-0.01,0,0,0,0,0,0,0,0
120478,56:26.8,GPS,110984755,0,6,169004800,2401,10,1.21,-35.3621772,149.1653624,631.32,5.631,167.2222,-1.497,0,1
120835,56:27.0,GPS,111184675,0,6,169005000,2401,10,1.21,-35.362187,149.1653651,631.62,5.522,167.2231,-1.44,0,1
121190,56:27.2,GPS,111384595,0,6,169005200,2401,10,1.21,-35.3621966,149.1653678,631.9,5.372,167.0654,-1.378,0,1
121558,56:27.4,GPS,111585348,0,6,169005400,2401,10,1.21,-35.3622058,149.1653704,632.17,5.183,166.5862,-1.309,0,1
121913,56:27.6,GPS,111785268,0,6,169005600,2401,10,1.21,-35.3622146,149.1653731,632.42,4.958,165.6999,-1.233,0,1
122268,56:27.8,GPS,111985188,0,6,169005800,2401,10,1.21,-35.362223,149.1653758,632.66,4.704,164.3473,-1.148,0,1
122626,56:28.0,GPS,112185108,0,6,169006000,2401,10,1.21,-35.3622309,149.1653787,632.88,4.425,162.4378,-1.057,0,1
122982,56:28.2,GPS,112385028,0,6,169006200,2401,10,1.21,-35.3622382,149.1653817,633.08,4.129,159.8252,-0.9580001,0,1
123347,56:28.4,GPS,112584948,0,6,169006400,2401,10,1.21,-35.3622448,149.165385,633.26,3.824,156.2883,-0.851,0,1
123702,56:28.6,GPS,112784868,0,6,169006600,2401,10,1.21,-35.3622507,149.1653885,633.42,3.527,151.5219,-0.738,0,1
124058,56:28.8,GPS,112984788,0,6,169006800,2401,10,1.21,-35.3622559,149.1653924,633.56,3.273,145.1996,-0.622,0,1
124415,56:29.0,GPS,113184708,0,6,169007000,2401,10,1.21,-35.3622603,149.1653968,633.68,3.102,137.2117,-0.511,0,1
124773,56:29.2,GPS,113384628,0,6,169007200,2401,10,1.21,-35.3622641,149.1654017,633.77,3.051,127.8999,-0.41,0,1
125137,56:29.4,GPS,113585381,0,6,169007400,2401,10,1.21,-35.3622671,149.1654074,633.83,3.134,118.066,-0.322,0,1
125493,56:29.6,GPS,113785301,0,6,169007600,2401,10,1.21,-35.3622694,149.165414,633.89,3.337,108.7432,-0.248,0,1
125848,56:29.8,GPS,113985221,0,6,169007800,2401,10,1.21,-35.362271,149.1654213,633.94,3.625,100.7541,-0.186,0,1
126206,56:30.0,GPS,114185141,0,6,169008000,2401,10,1.21,-35.3622718,149.1654296,633.97,3.953,94.407,-0.135,0,1
126560,56:30.2,GPS,114385061,0,6,169008200,2401,10,1.21,-35.3622721,149.1654387,634,4.281,89.57847,-0.093,0,1
126924,56:30.4,GPS,114584981,0,6,169008400,2401,10,1.21,-35.3622718,149.1654485,634.01,4.587,85.98276,-0.057,0,1
127280,56:30.6,GPS,114784901,0,6,169008600,2401,10,1.21,-35.3622711,149.1654589,634.02,4.864,83.34975,-0.027,0,1
127636,56:30.8,GPS,114984821,0,6,169008800,2401,10,1.21,-35.3622699,149.1654697,634.02,5.114,81.47142,-0.005,0,1
127638,56:30.8,GPS,114984821,1,1,0,0,0,-0.01,0,0,0,0,0,0,0,0
127995,56:31.0,GPS,115184741,0,6,169009000,2401,10,1.21,-35.3622683,149.1654811,634.02,5.339,80.21147,0.008,0,1
128350,56:31.2,GPS,115384661,0,6,169009200,2401,10,1.21,-35.3622666,149.1654929,634.02,5.537,79.47764,0.014,0,1
128715,56:31.4,GPS,115584581,0,6,169009400,2401,10,1.21,-35.3622647,149.1655051,634.02,5.708,79.17714,0.011,0,1
129071,56:31.6,GPS,115785334,0,6,169009600,2401,10,1.21,-35.3622627,149.1655176,634.02,5.85,79.13837,0.003,0,1
129426,56:31.8,GPS,115985254,0,6,169009800,2401,10,1.21,-35.3622608,149.1655304,634.02,5.958,79.16793,-0.006,0,1
129784,56:32.0,GPS,116185174,0,6,169010000,2401,10,1.21,-35.3622588,149.1655434,634.02,6.034,79.18713,-0.013,0,1
130138,56:32.2,GPS,116385094,0,6,169010200,2401,10,1.21,-35.3622567,149.1655564,634.02,6.078,79.19686,-0.019,0,1
130505,56:32.4,GPS,116585014,0,6,169010400,2401,10,1.21,-35.3622546,149.1655697,634.02,6.097,79.20667,-0.022,0,1
130861,56:32.6,GPS,116784934,0,6,169010600,2401,10,1.21,-35.3622526,149.1655829,634.03,6.103,79.22708,-0.023,0,1
131217,56:32.8,GPS,116984854,0,6,169010800,2401,10,1.21,-35.3622505,149.165596,634.03,6.097,79.27348,-0.023,0,1
131575,56:33.0,GPS,117184774,0,6,169011000,2401,10,1.21,-35.3622486,149.1656093,634.04,6.067,79.39006,-0.024,0,1
131929,56:33.2,GPS,117384694,0,6,169011200,2401,10,1.21,-35.3622466,149.1656224,634.04,6.016,79.67403,-0.023,0,1
132293,56:33.4,GPS,117584614,0,6,169011400,2401,10,1.21,-35.3622447,149.1656353,634.05,5.953,80.21403,-0.021,0,1
132649,56:33.6,GPS,117785367,0,6,169011600,2401,10,1.21,-35.362243,149.1656482,634.05,5.882,81.04046,-0.02,0,1
133004,56:33.8,GPS,117985287,0,6,169011800,2401,10,1.21,-35.3622414,149.1656609,634.06,5.8,82.15488,-0.019,0,1
133362,56:34.0,GPS,118185207,0,6,169012000,2401,10,1.21,-35.3622401,149.1656735,634.06,5.707,83.55984,-0.017,0,1
133717,56:34.2,GPS,118385127,0,6,169012200,2401,10,1.21,-35.3622391,149.1656859,634.06,5.608,85.26977,-0.016,0,1
134082,56:34.4,GPS,118585047,0,6,169012400,2401,10,1.21,-35.3622385,149.1656981,634.07,5.504,87.30627,-0.014,0,1
134438,56:34.6,GPS,118784967,0,6,169012600,2401,10,1.21,-35.3622382,149.1657101,634.07,5.397,89.69227,-0.013,0,1
134792,56:34.8,GPS,118984887,0,6,169012800,2401,10,1.21,-35.3622383,149.1657219,634.07,5.291,92.45443,-0.011,0,1
134820,56:34.8,GPS,119004879,1,1,0,0,0,-0.01,0,0,0,0,0,0,0,0
135153,56:35.0,GPS,119184807,0,6,169013000,2401,10,1.21,-35.362239,149.1657334,634.07,5.193,95.61964,-0.009000001,0,1
135510,56:35.2,GPS,119384727,0,6,169013200,2401,10,1.21,-35.3622401,149.1657447,634.08,5.118,99.1249,-0.007,0,1
135874,56:35.4,GPS,119584647,0,6,169013400,2401,10,1.21,-35.3622419,149.1657557,634.08,5.079,102.7612,-0.006,0,1
136230,56:35.6,GPS,119785400,0,6,169013600,2401,10,1.21,-35.3622442,149.1657665,634.08,5.075,106.2539,-0.006,0,1
136585,56:35.8,GPS,119985320,0,6,169013800,2401,10,1.21,-35.3622469,149.1657771,634.08,5.093,109.3984,-0.007,0,1
136943,56:36.0,GPS,120185240,0,6,169014000,2401,10,1.21,-35.3622502,149.1657877,634.08,5.119,112.1437,-0.008,0,1
137297,56:36.2,GPS,120385160,0,6,169014200,2401,10,1.21,-35.3622539,149.1657981,634.08,5.151,114.5141,-0.008,0,1
137703,56:36.4,GPS,120585080,0,6,169014400,2401,10,1.21,-35.3622579,149.1658084,634.08,5.188,116.5398,-0.008,0,1
138059,56:36.6,GPS,120785000,0,6,169014600,2401,10,1.21,-35.3622622,149.1658185,634.09,5.229,118.2436,-0.007,0,1
138413,56:36.8,GPS,120984920,0,6,169014800,2401,10,1.21,-35.3622667,149.1658286,634.09,5.269,119.6418,-0.007,0,1
138772,56:37.0,GPS,121184840,0,6,169015000,2401,10,1.21,-35.3622715,149.1658387,634.09,5.308,120.7503,-0.006,0,1
139126,56:37.2,GPS,121384760,0,6,169015200,2401,10,1.21,-35.3622765,149.1658488,634.09,5.346,121.5818,-0.006,0,1
139490,56:37.4,GPS,121584680,0,6,169015400,2401,10,1.21,-35.3622816,149.1658588,634.09,5.38,122.1404,-0.005,0,1
139848,56:37.6,GPS,121784600,0,6,169015600,2401,10,1.21,-35.3622868,149.1658689,634.09,5.408,122.4364,-0.005,0,1
140203,56:37.8,GPS,121985353,0,6,169015800,2401,10,1.21,-35.362292,149.1658789,634.09,5.43,122.5399,-0.005,0,1
140561,56:38.0,GPS,122185273,0,6,169016000,2401,10,1.21,-35.3622972,149.165889,634.1,5.448,122.6043,-0.003,0,1
140915,56:38.2,GPS,122385193,0,6,169016200,2401,10,1.21,-35.3623025,149.1658991,634.1,5.46,122.8239,-0.001,0,1
141284,56:38.4,GPS,122585113,0,6,169016400,2401,10,1.21,-35.3623079,149.1659092,634.1,5.462,123.333,0,0,1
141640,56:38.6,GPS,122785033,0,6,169016600,2401,10,1.21,-35.3623133,149.1659192,634.1,5.451,124.1637,0,0,1
141994,56:38.8,GPS,122984953,0,6,169016800,2401,10,1.21,-35.3623189,149.1659291,634.1,5.426,125.3022,0,0,1
142048,56:38.8,GPS,123024937,1,1,0,0,0,-0.01,0,0,0,0,0,0,0,0
142354,56:39.0,GPS,123184873,0,6,169017000,2401,10,1.21,-35.3623247,149.1659387,634.1,5.389,126.734,0,0,1
142709,56:39.2,GPS,123384793,0,6,169017200,2401,10,1.21,-35.3623305,149.165948,634.1,5.343,128.4637,0,0,1
143073,56:39.4,GPS,123584713,0,6,169017400,2401,10,1.21,-35.3623366,149.1659571,634.1,5.29,130.4941,0,0,1
143430,56:39.6,GPS,123784633,0,6,169017600,2401,10,1.21,-35.3623429,149.1659658,634.1,5.235,132.832,0,0,1
143785,56:39.8,GPS,123985386,0,6,169017800,2401,10,1.21,-35.3623494,149.165974,634.1,5.182,135.4975,0,0,1
144142,56:40.0,GPS,124185306,0,6,169018000,2401,10,1.21,-35.3623561,149.1659818,634.1,5.135,138.5013,0,0,1
144500,56:40.2,GPS,124385226,0,6,169018200,2401,10,1.21,-35.3623632,149.165989,634.1,5.095,141.8308,0,0,1
144864,56:40.4,GPS,124585146,0,6,169018400,2401,10,1.21,-35.3623705,149.1659956,634.1,5.057,145.3922,-0.002,0,1
145221,56:40.6,GPS,124785066,0,6,169018600,2401,10,1.21,-35.3623781,149.1660016,634.1,5.016,148.9701,-0.005,0,1
145575,56:40.8,GPS,124984986,0,6,169018800,2401,10,1.21,-35.362386,149.166007,634.1,4.979,152.3005,-0.007,0,1
145933,56:41.0,GPS,125184906,0,6,169019000,2401,10,1.21,-35.3623939,149.1660119,634.1,4.95,155.2139,-0.008,0,1
146288,56:41.2,GPS,125384826,0,6,169019200,2401,10,1.21,-35.3624021,149.1660162,634.1,4.93,157.6851,-0.007,0,1
146652,56:41.4,GPS,125584746,0,6,169019400,2401,10,1.21,-35.3624104,149.1660201,634.1,4.915,159.7548,-0.006,0,1
147009,56:41.6,GPS,125784666,0,6,169019600,2401,10,1.21,-35.3624187,149.1660237,634.1,4.904,161.4685,-0.004,0,1
147364,56:41.8,GPS,125984586,0,6,169019800,2401,10,1.21,-35.3624271,149.166027,634.1,4.896,162.8699,-0.003,0,1
147721,56:42.0,GPS,126185339,0,6,169020000,2401,10,1.21,-35.3624355,149.1660301,634.1,4.89,163.9881,-0.002,0,1
148076,56:42.2,GPS,126385259,0,6,169020200,2401,10,1.21,-35.3624439,149.166033,634.1,4.887,164.8493,-0.001,0,1
148440,56:42.4,GPS,126585179,0,6,169020400,2401,10,1.21,-35.3624524,149.1660357,634.11,4.885,165.4775,-0.002,0,1
148799,56:42.6,GPS,126785099,0,6,169020600,2401,10,1.21,-35.3624609,149.1660384,634.11,4.885,165.8899,-0.003,0,1
149153,56:42.8,GPS,126985019,0,6,169020800,2401,10,1.21,-35.3624694,149.166041,634.11,4.886,166.116,-0.003,0,1
149207,56:42.8,GPS,127025003,1,1,0,0,0,-0.01,0,0,0,0,0,0,0,0
149512,56:43.0,GPS,127184939,0,6,169021000,2401,10,1.21,-35.362478,149.1660436,634.11,4.887,166.2379,-0.004,0,1
149868,56:43.2,GPS,127384859,0,6,169021200,2401,10,1.21,-35.3624865,149.1660461,634.11,4.889,166.3503,-0.004,0,1
150231,56:43.4,GPS,127584779,0,6,169021400,2401,10,1.21,-35.362495,149.1660486,634.11,4.89,166.4877,-0.003,0,1
150588,56:43.6,GPS,127784699,0,6,169021600,2401,10,1.21,-35.3625036,149.1660511,634.11,4.892,166.6319,-0.003,0,1
150943,56:43.8,GPS,127984619,0,6,169021800,2401,10,1.21,-35.3625122,149.1660536,634.11,4.893,166.7662,-0.002,0,1
151299,56:44.0,GPS,128185372,0,6,169022000,2401,10,1.21,-35.3625208,149.1660561,634.11,4.895,166.8962,-0.002,0,1
151655,56:44.2,GPS,128385292,0,6,169022200,2401,10,1.21,-35.3625293,149.1660585,634.11,4.897,167.0228,-0.002,0,1
152018,56:44.4,GPS,128585212,0,6,169022400,2401,10,1.21,-35.3625379,149.166061,634.11,4.898,167.1414,-0.002,0,1
152376,56:44.6,GPS,128785132,0,6,169022600,2401,10,1.21,-35.3625465,149.1660633,634.11,4.899,167.257,-0.002,0,1
152731,56:44.8,GPS,128985052,0,6,169022800,2401,10,1.21,-35.362555,149.1660657,634.11,4.899,167.3865,-0.002,0,1
153088,56:45.0,GPS,129184972,0,6,169023000,2401,10,1.21,-35.3625636,149.166068,634.11,4.898,167.5471,-0.002,0,1
153555,56:45.2,GPS,129384892,0,6,169023200,2401,10,1.21,-35.3625722,149.1660703,634.11,4.897,167.7412,-0.002,0,1
153917,56:45.4,GPS,129584812,0,6,169023400,2401,10,1.21,-35.3625809,149.1660726,634.11,4.863,167.9641,-0.007,0,1
154275,56:45.6,GPS,129784732,0,6,169023600,2401,10,1.21,-35.3625893,149.1660748,634.12,4.722,168.2195,-0.017,0,1
154631,56:45.8,GPS,129984652,0,6,169023800,2401,10,1.21,-35.3625974,149.1660769,634.12,4.459,168.4913,-0.02,0,1
154987,56:46.0,GPS,130185405,0,6,169024000,2401,10,1.21,-35.3626049,149.1660787,634.12,4.123,168.7209,-0.015,0,1
155345,56:46.2,GPS,130385325,0,6,169024200,2401,10,1.21,-35.3626119,149.1660804,634.13,3.735,168.841,-0.006,0,1
155708,56:46.4,GPS,130585245,0,6,169024400,2401,10,1.21,-35.3626181,149.1660819,634.13,3.318,168.7884,0.004,0,1
156065,56:46.6,GPS,130785165,0,6,169024600,2401,10,1.21,-35.3626235,149.1660832,634.12,2.911,168.5099,0.013,0,1
156420,56:46.8,GPS,130985085,0,6,169024800,2401,10,1.21,-35.3626283,149.1660845,634.12,2.532,167.9702,0.017,0,1
156498,56:46.8,GPS,131045061,1,1,0,0,0,-0.01,0,0,0,0,0,0,0,0
156778,56:47.0,GPS,131185005,0,6,169025000,2401,10,1.21,-35.3626324,149.1660856,634.12,2.18,167.1664,0.018,0,1
157134,56:47.2,GPS,131384925,0,6,169025200,2401,10,1.21,-35.3626359,149.1660866,634.11,1.855,166.1379,0.016,0,1
157497,56:47.4,GPS,131584845,0,6,169025400,2401,10,1.21,-35.3626389,149.1660875,634.11,1.563,164.9385,0.013,0,1
157855,56:47.6,GPS,131784765,0,6,169025600,2401,10,1.21,-35.3626414,149.1660883,634.11,1.308,163.6128,0.009000001,0,1
158211,56:47.8,GPS,131984685,0,6,169025800,2401,10,1.21,-35.3626435,149.1660891,634.11,1.096,162.1577,0.006,0,1
158569,56:48.0,GPS,132184605,0,6,169026000,2401,10,1.21,-35.3626452,149.1660899,634.11,0.937,160.5611,0,0,1
158925,56:48.2,GPS,132385358,0,6,169026200,2401,10,1.21,-35.3626467,149.1660906,634.11,0.8330001,158.7209,-0.016,0,1
159288,56:48.4,GPS,132585278,0,6,169026400,2401,10,1.21,-35.362648,149.1660912,634.11,0.772,156.4399,-0.051,0,1
159644,56:48.6,GPS,132785198,0,6,169026600,2401,10,1.21,-35.3626493,149.1660919,634.13,0.744,153.6662,-0.107,0,1
160000,56:48.8,GPS,132985118,0,6,169026800,2401,10,1.21,-35.3626504,149.1660926,634.16,0.74,150.4762,-0.185,0,1
160359,56:49.0,GPS,133185038,0,6,169027000,2401,10,1.21,-35.3626516,149.1660935,634.2,0.761,147.023,-0.285,0,1
160716,56:49.2,GPS,133384958,0,6,169027200,2401,10,1.21,-35.3626528,149.1660945,634.27,0.821,143.8109,-0.407,0,1
161079,56:49.4,GPS,133584878,0,6,169027400,2401,10,1.21,-35.362654,149.1660957,634.37,0.942,141.5714,-0.55,0,1
161436,56:49.6,GPS,133784798,0,6,169027600,2401,10,1.21,-35.3626555,149.1660972,634.5,1.135,140.5866,-0.715,0,1
161793,56:49.8,GPS,133984718,0,6,169027800,2401,10,1.21,-35.3626572,149.1660989,634.66,1.396,140.5439,-0.9,0,1
162149,56:50.0,GPS,134184638,0,6,169028000,2401,10,1.21,-35.3626594,149.1661011,634.86,1.707,140.9888,-1.099,0,1
162505,56:50.2,GPS,134385391,0,6,169028200,2401,10,1.21,-35.362662,149.1661037,635.1,2.035,141.5689,-1.304,0,1
162867,56:50.4,GPS,134585311,0,6,169028400,2401,10,1.21,-35.3626651,149.1661066,635.38,2.341,142.0323,-1.503,0,1
163224,56:50.6,GPS,134785231,0,6,169028600,2401,10,1.21,-35.3626686,149.1661099,635.7,2.594,142.3014,-1.685,0,1
163580,56:50.8,GPS,134985151,0,6,169028800,2401,10,1.21,-35.3626724,149.1661136,636.05,2.793,142.4352,-1.841,0,1
163735,56:50.9,GPS,135065119,1,1,0,0,0,-0.01,0,0,0,0,0,0,0,0
163939,56:51.0,GPS,135185071,0,6,169029000,2401,10,1.21,-35.3626764,149.1661174,636.43,2.951,142.5044,-1.971,0,1
164295,56:51.2,GPS,135384991,0,6,169029200,2401,10,1.21,-35.3626807,149.1661215,636.83,3.078,142.5497,-2.074,0,1
164658,56:51.4,GPS,135584911,0,6,169029400,2401,10,1.21,-35.3626852,149.1661257,637.26,3.18,142.6002,-2.154,0,1
165014,56:51.6,GPS,135784831,0,6,169029600,2401,10,1.21,-35.3626899,149.16613,637.69,3.26,142.67,-2.211,0,1
165370,56:51.8,GPS,135984751,0,6,169029800,2401,10,1.21,-35.3626946,149.1661344,638.14,3.32,142.757,-2.247,0,1
165727,56:52.0,GPS,136184671,0,6,169030000,2401,10,1.21,-35.3626993,149.1661389,638.59,3.357,142.8523,-2.263,0,1
166082,56:52.2,GPS,136384591,0,6,169030200,2401,10,1.21,-35.3627042,149.1661433,639.05,3.375,142.9458,-2.261,0,1
166445,56:52.4,GPS,136585344,0,6,169030400,2401,10,1.21,-35.362709,149.1661478,639.5,3.387,143.0374,-2.248,0,1
166804,56:52.6,GPS,136785264,0,6,169030600,2401,10,1.21,-35.3627139,149.1661523,639.94,3.393,143.1253,-2.227,0,1
167160,56:52.8,GPS,136985184,0,6,169030800,2401,10,1.21,-35.3627188,149.1661568,640.39,3.377,143.2031,-2.193,0,1
167516,56:53.0,GPS,137185104,0,6,169031000,2401,10,1.21,-35.3627236,149.1661611,640.82,3.324,143.2668,-2.14,0,1
167871,56:53.2,GPS,137385024,0,6,169031200,2401,10,1.21,-35.3627283,149.1661655,641.24,3.234,143.3182,-2.067,0,1
168235,56:53.4,GPS,137584944,0,6,169031400,2401,10,1.21,-35.3627329,149.1661697,641.65,3.109,143.3584,-1.972,0,1
168592,56:53.6,GPS,137784864,0,6,169031600,2401,10,1.21,-35.3627373,149.1661737,642.03,2.951,143.3914,-1.854,0,1
168948,56:53.8,GPS,137984784,0,6,169031800,2401,10,1.21,-35.3627415,149.1661774,642.39,2.76,143.4216,-1.713,0,1
169306,56:54.0,GPS,138184704,0,6,169032000,2401,10,1.21,-35.3627453,149.1661809,642.71,2.538,143.4565,-1.55,0,1
169661,56:54.2,GPS,138384624,0,6,169032200,2401,10,1.21,-35.3627487,149.1661841,643.01,2.29,143.6152,-1.362,0,1
170024,56:54.4,GPS,138585377,0,6,169032400,2401,10,1.21,-35.3627518,149.1661869,643.26,2.033,144.2813,-1.149,0,1
170382,56:54.6,GPS,138785297,0,6,169032600,2401,10,1.21,-35.3627546,149.1661892,643.47,1.789,145.986,-0.919,0,1
170738,56:54.8,GPS,138985217,0,6,169032800,2401,10,1.21,-35.3627572,149.1661912,643.63,1.576,149.2084,-0.682,0,1
170917,56:54.9,GPS,139085177,1,1,0,0,0,-0.01,0,0,0,0,0,0,0,0
171097,56:55.0,GPS,139185137,0,6,169033000,2401,10,1.21,-35.3627595,149.1661929,643.74,1.41,154.2643,-0.451,0,1
171455,56:55.2,GPS,139385057,0,6,169033200,2401,10,1.21,-35.3627618,149.166194,643.81,1.309,160.9349,-0.234,0,1
171818,56:55.4,GPS,139584977,0,6,169033400,2401,10,1.21,-35.3627641,149.1661947,643.83,1.282,168.184,-0.034,0,1
172174,56:55.6,GPS,139784897,0,6,169033600,2401,10,1.21,-35.3627664,149.1661952,643.82,1.337,174.5776,0.151,0,1
172530,56:55.8,GPS,139984817,0,6,169033800,2401,10,1.21,-35.3627689,149.1661953,643.77,1.475,179.3731,0.323,0,1
172886,56:56.0,GPS,140184737,0,6,169034000,2401,10,1.21,-35.3627717,149.1661953,643.69,1.69,182.8192,0.481,0,1
173240,56:56.2,GPS,140384657,0,6,169034200,2401,10,1.21,-35.362775,149.166195,643.58,1.945,185.33,0.622,0,1
173605,56:56.4,GPS,140584577,0,6,169034400,2401,10,1.21,-35.3627787,149.1661945,643.44,2.193,187.1526,0.7460001,0,1
173961,56:56.6,GPS,140785330,0,6,169034600,2401,10,1.21,-35.3627828,149.1661939,643.28,2.415,188.4834,0.853,0,1
174316,56:56.8,GPS,140985250,0,6,169034800,2401,10,1.21,-35.3627872,149.166193,643.1,2.608,189.5644,0.9450001,0,1
174675,56:57.0,GPS,141185170,0,6,169035000,2401,10,1.21,-35.362792,149.1661919,642.91,2.775,190.5899,1.024,0,1
175029,56:57.2,GPS,141385090,0,6,169035200,2401,10,1.21,-35.362797,149.1661907,642.7,2.92,191.5909,1.091,0,1
175394,56:57.4,GPS,141585010,0,6,169035400,2401,10,1.21,-35.3628023,149.1661894,642.47,3.048,192.5058,1.145,0,1
175750,56:57.6,GPS,141784930,0,6,169035600,2401,10,1.21,-35.3628077,149.1661879,642.24,3.162,193.2662,1.186,0,1
176107,56:57.8,GPS,141984850,0,6,169035800,2401,10,1.21,-35.3628133,149.1661862,642,3.265,193.8375,1.214,0,1
176465,56:58.0,GPS,142184770,0,6,169036000,2401,10,1.21,-35.3628191,149.1661844,641.75,3.357,194.2123,1.231,0,1
176819,56:58.2,GPS,142384690,0,6,169036200,2401,10,1.21,-35.362825,149.1661825,641.5,3.44,194.3957,1.237,0,1
177184,56:58.4,GPS,142584610,0,6,169036400,2401,10,1.21,-35.3628311,149.1661806,641.26,3.516,194.4058,1.234,0,1
177541,56:58.6,GPS,142785363,0,6,169036600,2401,10,1.21,-35.3628372,149.1661787,641.01,3.586,194.2686,1.221,0,1
177896,56:58.8,GPS,142985283,0,6,169036800,2401,10,1.21,-35.3628436,149.1661768,640.77,3.65,194.0202,1.202,0,1
178104,56:58.9,GPS,143105235,1,1,0,0,0,-0.01,0,0,0,0,0,0,0,0
178255,56:59.0,GPS,143185203,0,6,169037000,2401,10,1.21,-35.36285,149.1661748,640.53,3.71,193.701,1.176,0,1
178609,56:59.2,GPS,143385123,0,6,169037200,2401,10,1.21,-35.3628565,149.1661729,640.3,3.766,193.3436,1.147,0,1
178974,56:59.4,GPS,143585043,0,6,169037400,2401,10,1.21,-35.3628631,149.166171,640.07,3.818,192.9772,1.116,0,1
179330,56:59.6,GPS,143784963,0,6,169037600,2401,10,1.21,-35.3628698,149.1661691,639.85,3.867,192.6283,1.084,0,1
179685,56:59.8,GPS,143984883,0,6,169037800,2401,10,1.21,-35.3628767,149.1661672,639.64,3.911,192.309,1.056,0,1
180043,57:00.0,GPS,144184803,0,6,169038000,2401,10,1.21,-35.3628836,149.1661654,639.43,3.952,192.0256,1.031,0,1
180397,57:00.2,GPS,144384723,0,6,169038200,2401,10,1.21,-35.3628906,149.1661637,639.23,3.988,191.7952,1.01,0,1
180761,57:00.4,GPS,144584643,0,6,169038400,2401,10,1.21,-35.3628977,149.1661619,639.03,4.02,191.6216,0.992,0,1
181118,57:00.6,GPS,144785396,0,6,169038600,2401,10,1.21,-35.3629047,149.16616,638.82,4.049,191.4923,0.979,0,1
181474,57:00.8,GPS,144985316,0,6,169038800,2401,10,1.21,-35.3629119,149.1661583,638.63,4.074,191.3968,0.9680001,0,1
181831,57:01.0,GPS,145185236,0,6,169039000,2401,10,1.21,-35.3629191,149.1661565,638.44,4.096,191.3267,0.961,0,1
182185,57:01.2,GPS,145385156,0,6,169039200,2401,10,1.21,-35.3629263,149.1661547,638.25,4.116,191.275,0.957,0,1
182548,57:01.4,GPS,145585076,0,6,169039400,2401,10,1.21,-35.3629336,149.166153,638.06,4.134,191.2354,0.955,0,1
182905,57:01.6,GPS,145784996,0,6,169039600,2401,10,1.21,-35.3629409,149.1661512,637.87,4.15,191.205,0.957,0,1
183261,57:01.8,GPS,145984916,0,6,169039800,2401,10,1.21,-35.3629482,149.1661494,637.67,4.163,191.1834,0.96,0,1
183619,57:02.0,GPS,146184836,0,6,169040000,2401,10,1.21,-35.3629556,149.1661477,637.48,4.175,191.1682,0.966,0,1
183973,57:02.2,GPS,146384756,0,6,169040200,2401,10,1.21,-35.362963,149.1661459,637.29,4.185,191.1592,0.975,0,1
184336,57:02.4,GPS,146584676,0,6,169040400,2401,10,1.21,-35.3629703,149.1661441,637.09,4.194,191.1681,0.984,0,1
184694,57:02.6,GPS,146784596,0,6,169040600,2401,10,1.21,-35.3629777,149.1661423,636.9,4.205,191.2239,0.992,0,1
185052,57:02.8,GPS,146985349,0,6,169040800,2401,10,1.21,-35.3629852,149.1661404,636.69,4.217,191.3528,0.9950001,0,1
185283,57:02.9,GPS,147125293,1,1,0,0,0,-0.01,0,0,0,0,0,0,0,0
185411,57:03.0,GPS,147185269,0,6,169041000,2401,10,1.21,-35.3629926,149.1661386,636.5,4.231,191.5565,0.993,0,1
185766,57:03.2,GPS,147385189,0,6,169041200,2401,10,1.21,-35.3630001,149.1661367,636.3,4.248,191.829,0.987,0,1
186129,57:03.4,GPS,147585109,0,6,169041400,2401,10,1.21,-35.3630075,149.1661348,636.1,4.268,192.1697,0.9760001,0,1
186486,57:03.6,GPS,147785029,0,6,169041600,2401,10,1.21,-35.363015,149.1661327,635.91,4.291,192.578,0.9590001,0,1
186842,57:03.8,GPS,147984949,0,6,169041800,2401,10,1.21,-35.3630225,149.1661306,635.72,4.317,193.0573,0.936,0,1
187200,57:04.0,GPS,148184869,0,6,169042000,2401,10,1.21,-35.3630302,149.1661284,635.54,4.347,193.6124,0.9080001,0,1
187554,57:04.2,GPS,148384789,0,6,169042200,2401,10,1.21,-35.3630378,149.1661261,635.36,4.381,194.2471,0.872,0,1
187916,57:04.4,GPS,148584709,0,6,169042400,2401,10,1.21,-35.3630454,149.1661237,635.18,4.42,194.9628,0.83,0,1
188274,57:04.6,GPS,148784629,0,6,169042600,2401,10,1.21,-35.3630531,149.1661211,635.02,4.463,195.7645,0.78,0,1
188630,57:04.8,GPS,148985382,0,6,169042800,2401,10,1.21,-35.3630608,149.1661183,634.87,4.511,196.659,0.723,0,1
188987,57:05.0,GPS,149185302,0,6,169043000,2401,10,1.21,-35.3630687,149.1661154,634.73,4.565,197.6461,0.657,0,1
189341,57:05.2,GPS,149385222,0,6,169043200,2401,10,1.21,-35.3630765,149.1661122,634.61,4.625,198.7239,0.5840001,0,1
189707,57:05.4,GPS,149585142,0,6,169043400,2401,10,1.21,-35.3630844,149.1661088,634.5,4.691,199.877,0.505,0,1
190064,57:05.6,GPS,149785062,0,6,169043600,2401,10,1.21,-35.3630924,149.1661052,634.41,4.759,201.0598,0.426,0,1
190419,57:05.8,GPS,149984982,0,6,169043800,2401,10,1.21,-35.3631003,149.1661012,634.33,4.827,202.2068,0.35,0,1
190777,57:06.0,GPS,150184902,0,6,169044000,2401,10,1.21,-35.3631084,149.1660972,634.27,4.894,203.2634,0.281,0,1
191132,57:06.2,GPS,150384822,0,6,169044200,2401,10,1.21,-35.3631165,149.1660928,634.22,4.958,204.213,0.219,0,1
191494,57:06.4,GPS,150584742,0,6,169044400,2401,10,1.21,-35.3631247,149.1660882,634.18,5.019,205.063,0.164,0,1
191852,57:06.6,GPS,150784662,0,6,169044600,2401,10,1.21,-35.3631328,149.1660834,634.15,5.076,205.8238,0.116,0,1
192207,57:06.8,GPS,150984582,0,6,169044800,2401,10,1.21,-35.3631411,149.1660785,634.13,5.129,206.5033,0.075,0,1
192465,57:06.9,GPS,151145351,1,1,0,0,0,-0.01,0,0,0,0,0,0,0,0
192566,57:07.0,GPS,151185335,0,6,169045000,2401,10,1.21,-35.3631493,149.1660734,634.12,5.176,207.1028,0.041,0,1
192921,57:07.2,GPS,151385255,0,6,169045200,2401,10,1.21,-35.3631576,149.1660681,634.12,5.218,207.6184,0.015,0,1
193284,57:07.4,GPS,151585175,0,6,169045400,2401,10,1.21,-35.363166,149.1660627,634.12,5.253,208.0459,-0.003,0,1
193641,57:07.6,GPS,151785095,0,6,169045600,2401,10,1.21,-35.3631743,149.1660572,634.12,5.282,208.3847,-0.015,0,1
193998,57:07.8,GPS,151985015,0,6,169045800,2401,10,1.21,-35.3631826,149.1660517,634.12,5.305,208.6345,-0.019,0,1
194356,57:08.0,GPS,152184935,0,6,169046000,2401,10,1.21,-35.363191,149.166046,634.13,5.321,208.7954,-0.017,0,1
194711,57:08.2,GPS,152384855,0,6,169046200,2401,10,1.21,-35.3631994,149.1660403,634.13,5.332,208.8921,-0.011,0,1
195074,57:08.4,GPS,152584775,0,6,169046400,2401,10,1.21,-35.3632078,149.1660346,634.13,5.34,208.9654,-0.005,0,1
195432,57:08.6,GPS,152784695,0,6,169046600,2401,10,1.21,-35.3632161,149.1660289,634.13,5.347,209.0337,0,0,1
195787,57:08.8,GPS,152984615,0,6,169046800,2401,10,1.21,-35.3632245,149.1660232,634.13,5.354,209.1293,0.002,0,1
196144,57:09.0,GPS,153185368,0,6,169047000,2401,10,1.21,-35.363233,149.1660174,634.13,5.362,209.3583,0.004,0,1
196499,57:09.2,GPS,153385288,0,6,169047200,2401,10,1.21,-35.3632414,149.1660116,634.13,5.374,209.8201,0.005,0,1
196865,57:09.4,GPS,153585208,0,6,169047400,2401,10,1.21,-35.3632498,149.1660057,634.13,5.389,210.5366,0.006,0,1
197222,57:09.6,GPS,153785128,0,6,169047600,2401,10,1.21,-35.363258,149.1659995,634.13,5.41,211.4986,0.006,0,1
197577,57:09.8,GPS,153985048,0,6,169047800,2401,10,1.21,-35.3632663,149.1659932,634.13,5.427,212.691,0.004,0,1
197935,57:10.0,GPS,154184968,0,6,169048000,2401,10,1.21,-35.3632745,149.1659866,634.13,5.424,214.1133,0.001,0,1
198290,57:10.2,GPS,154384888,0,6,169048200,2401,10,1.21,-35.3632824,149.1659798,634.13,5.394,215.7995,0,0,1
198653,57:10.4,GPS,154584808,0,6,169048400,2401,10,1.21,-35.3632901,149.1659727,634.13,5.341,217.8145,0,0,1
199010,57:10.6,GPS,154784728,0,6,169048600,2401,10,1.21,-35.3632975,149.1659653,634.13,5.276,220.2206,0.002,0,1
199366,57:10.8,GPS,154984648,0,6,169048800,2401,10,1.21,-35.3633046,149.1659576,634.12,5.209,223.073,0.005,0,1
199697,57:11.0,GPS,155165409,1,1,0,0,0,-0.01,0,0,0,0,0,0,0,0
199725,57:11.0,GPS,155185401,0,6,169049000,2401,10,1.21,-35.3633113,149.1659497,634.12,5.147,226.4228,0.008,0,1
200083,57:11.2,GPS,155385321,0,6,169049200,2401,10,1.21,-35.3633174,149.1659412,634.12,5.107,230.2623,0.013,0,1
200446,57:11.4,GPS,155585241,0,6,169049400,2401,10,1.21,-35.3633229,149.1659323,634.12,5.109,234.4744,0.018,0,1
200802,57:11.6,GPS,155785161,0,6,169049600,2401,10,1.21,-35.363328,149.1659229,634.11,5.168,238.7921,0.021,0,1
201158,57:11.8,GPS,155985081,0,6,169049800,2401,10,1.21,-35.3633326,149.1659128,634.11,5.277,242.8887,0.021,0,1
201516,57:12.0,GPS,156185001,0,6,169050000,2401,10,1.21,-35.3633367,149.1659022,634.1,5.411,246.5537,0.019,0,1
201871,57:12.2,GPS,156384921,0,6,169050200,2401,10,1.21,-35.3633403,149.1658909,634.1,5.546,249.7463,0.015,0,1
202233,57:12.4,GPS,156584841,0,6,169050400,2401,10,1.21,-35.3633435,149.1658793,634.1,5.674,252.5046,0.012,0,1
202590,57:12.6,GPS,156784761,0,6,169050600,2401,10,1.21,-35.3633465,149.1658671,634.1,5.796,254.867,0.009000001,0,1
202946,57:12.8,GPS,156984681,0,6,169050800,2401,10,1.21,-35.3633491,149.1658546,634.09,5.912,256.8486,0.007,0,1
203306,57:13.0,GPS,157184601,0,6,169051000,2401,10,1.21,-35.3633513,149.1658418,634.09,6.022,258.4633,0.005,0,1
203661,57:13.2,GPS,157385354,0,6,169051200,2401,10,1.21,-35.3633533,149.1658286,634.09,6.124,259.73,0.004,0,1
204064,57:13.4,GPS,157585274,0,6,169051400,2401,10,1.21,-35.3633552,149.1658152,634.09,6.219,260.6619,0.003,0,1
204421,57:13.6,GPS,157785194,0,6,169051600,2401,10,1.21,-35.363357,149.1658016,634.09,6.304,261.2725,0.003,0,1
204777,57:13.8,GPS,157985114,0,6,169051800,2401,10,1.21,-35.3633587,149.1657878,634.09,6.379,261.5857,0.002,0,1
205135,57:14.0,GPS,158185034,0,6,169052000,2401,10,1.21,-35.3633604,149.1657738,634.09,6.436,261.6945,0,0,1
205489,57:14.2,GPS,158384954,0,6,169052200,2401,10,1.21,-35.3633621,149.1657597,634.09,6.465,261.7365,-0.002,0,1
205853,57:14.4,GPS,158584874,0,6,169052400,2401,10,1.21,-35.3633637,149.1657456,634.09,6.473001,261.7802,-0.002,0,1
206210,57:14.6,GPS,158784794,0,6,169052600,2401,10,1.21,-35.3633654,149.1657315,634.09,6.478,261.8039,-0.001,0,1
206566,57:14.8,GPS,158984714,0,6,169052800,2401,10,1.21,-35.363367,149.1657174,634.09,6.489,261.7361,0,0,1
206924,57:15.0,GPS,159184634,0,6,169053000,2401,10,1.21,-35.3633687,149.1657032,634.09,6.502,261.5161,0.001,0,1
206926,57:15.0,GPS,159184634,1,1,0,0,0,-0.01,0,0,0,0,0,0,0,0
207280,57:15.2,GPS,159385387,0,6,169053200,2401,10,1.21,-35.3633705,149.165689,634.09,6.514,261.1256,0.002,0,1
207644,57:15.4,GPS,159585307,0,6,169053400,2401,10,1.21,-35.3633724,149.1656749,634.09,6.523,260.5733,0.002,0,1
208001,57:15.6,GPS,159785227,0,6,169053600,2401,10,1.21,-35.3633744,149.1656607,634.09,6.526,259.8694,0.002,0,1
208358,57:15.8,GPS,159985147,0,6,169053800,2401,10,1.21,-35.3633765,149.1656465,634.09,6.524,259.0215,0.002,0,1
208716,57:16.0,GPS,160185067,0,6,169054000,2401,10,1.21,-35.3633788,149.1656325,634.09,6.518,258.0366,0.002,0,1
209186,57:16.2,GPS,160384987,0,6,169054200,2401,10,1.21,-35.3633813,149.1656185,634.09,6.509,256.925,0.002,0,1
209549,57:16.4,GPS,160584907,0,6,169054400,2401,10,1.21,-35.3633841,149.1656046,634.09,6.459,255.8434,-0.002,0,1
209907,57:16.6,GPS,160784827,0,6,169054600,2401,10,1.21,-35.363387,149.165591,634.09,6.286,255.116,-0.011,0,1
210264,57:16.8,GPS,160984747,0,6,169054800,2401,10,1.21,-35.3633899,149.1655779,634.09,5.958,254.9124,-0.013,0,1
210621,57:17.0,GPS,161184667,0,6,169055000,2401,10,1.21,-35.3633925,149.1655657,634.09,5.5,255.1638,-0.006,0,1
210976,57:17.2,GPS,161384587,0,6,169055200,2401,10,1.21,-35.3633949,149.1655545,634.09,4.928,255.7678,0.003,0,1
211339,57:17.4,GPS,161585340,0,6,169055400,2401,10,1.21,-35.3633969,149.1655447,634.09,4.254,256.6831,0.014,0,1
211696,57:17.6,GPS,161785260,0,6,169055600,2401,10,1.21,-35.3633984,149.1655364,634.09,3.483,257.9842,0.02,0,1
212052,57:17.8,GPS,161985180,0,6,169055800,2401,10,1.21,-35.3633995,149.1655298,634.08,2.642,259.9933,0.017,0,1
212412,57:18.0,GPS,162185100,0,6,169056000,2401,10,1.21,-35.3634,149.1655249,634.08,1.788,263.742,0.008,0,1
212766,57:18.2,GPS,162385020,0,6,169056200,2401,10,1.21,-35.3634002,149.1655219,634.08,0.983,272.0001,0.002,0,1
213129,57:18.4,GPS,162584940,0,6,169056400,2401,10,1.21,-35.3634,149.1655205,634.08,0.345,303.9955,0,0,1
213487,57:18.6,GPS,162784860,0,6,169056600,2401,10,1.21,-35.3633996,149.1655205,634.08,0.381,39.62175,-0.002,0,1
213842,57:18.8,GPS,162984780,0,6,169056800,2401,10,1.21,-35.363399,149.1655215,634.08,0.714,58.63556,-0.002,0,1
214200,57:19.0,GPS,163184700,0,6,169057000,2401,10,1.21,-35.3633983,149.1655231,634.08,0.9680001,62.83992,0,0,1
214228,57:19.0,GPS,163204692,1,1,0,0,0,-0.01,0,0,0,0,0,0,0,0
214557,57:19.2,GPS,163384620,0,6,169057200,2401,10,1.21,-35.3633974,149.1655251,634.08,1.155,64.56878,0.005,0,1
214919,57:19.4,GPS,163585373,0,6,169057400,2401,10,1.21,-35.3633965,149.1655276,634.08,1.277,66.10939,0.01,0,1
215276,57:19.6,GPS,163785293,0,6,169057600,2401,10,1.21,-35.3633956,149.1655302,634.08,1.327,67.71761,0.014,0,1
215631,57:19.8,GPS,163985213,0,6,169057800,2401,10,1.21,-35.3633947,149.1655329,634.07,1.307,69.0323,0.016,0,1
215989,57:20.0,GPS,164185133,0,6,169058000,2401,10,1.21,-35.3633939,149.1655356,634.07,1.237,69.59796,0.015,0,1
216343,57:20.2,GPS,164385053,0,6,169058200,2401,10,1.21,-35.3633932,149.1655381,634.07,1.148,69.04135,0.013,0,1
216705,57:20.4,GPS,164584973,0,6,169058400,2401,10,1.21,-35.3633924,149.1655403,634.07,1.076,67.48307,0.01,0,1
217062,57:20.6,GPS,164784893,0,6,169058600,2401,10,1.21,-35.3633916,149.1655424,634.06,1.024,65.68235,0.004,0,1
217417,57:20.8,GPS,164984813,0,6,169058800,2401,10,1.21,-35.3633909,149.1655444,634.06,0.9620001,64.19394,-0.005,0,1
217776,57:21.0,GPS,165184733,0,6,169059000,2401,10,1.21,-35.3633902,149.1655462,634.07,0.864,63.03186,-0.023,0,1
218130,57:21.2,GPS,165384653,0,6,169059200,2401,10,1.21,-35.3633895,149.1655478,634.07,0.726,61.97711,-0.05,0,1
218492,57:21.4,GPS,165585406,0,6,169059400,2401,10,1.21,-35.363389,149.165549,634.08,0.55,60.54444,-0.087,0,1
218851,57:21.6,GPS,165785326,0,6,169059600,2401,10,1.21,-35.3633885,149.1655498,634.11,0.337,57.18405,-0.133,0,1
219206,57:21.8,GPS,165985246,0,6,169059800,2401,10,1.21,-35.3633883,149.1655503,634.14,0.09500001,34.59859,-0.188,0,1
219567,57:22.0,GPS,166185166,0,6,169060000,2401,10,1.21,-35.3633882,149.1655501,634.18,0.207,259.0695,-0.251,0,1
219921,57:22.2,GPS,166385086,0,6,169060200,2401,10,1.21,-35.3633884,149.1655495,634.24,0.506,251.1318,-0.323,0,1
220283,57:22.4,GPS,166585006,0,6,169060400,2401,10,1.21,-35.3633887,149.1655481,634.32,0.813,249.5164,-0.402,0,1
220640,57:22.6,GPS,166784926,0,6,169060600,2401,10,1.21,-35.3633894,149.1655461,634.41,1.119,248.9545,-0.491,0,1
220995,57:22.8,GPS,166984846,0,6,169060800,2401,10,1.21,-35.3633902,149.1655435,634.51,1.411,248.4824,-0.591,0,1
221355,57:23.0,GPS,167184766,0,6,169061000,2401,10,1.21,-35.3633912,149.1655403,634.64,1.684,248.2453,-0.703,0,1
221409,57:23.0,GPS,167224750,1,1,0,0,0,-0.01,0,0,0,0,0,0,0,0
221711,57:23.2,GPS,167384686,0,6,169061200,2401,10,1.21,-35.3633924,149.1655366,634.79,1.952,248.7139,-0.8280001,0,1
222073,57:23.4,GPS,167584606,0,6,169061400,2401,10,1.21,-35.3633938,149.1655323,634.97,2.247,249.8358,-0.9580001,0,1
222432,57:23.6,GPS,167785359,0,6,169061600,2401,10,1.21,-35.3633952,149.1655273,635.18,2.574,250.7824,-1.085,0,1
222787,57:23.8,GPS,167985279,0,6,169061800,2401,10,1.21,-35.3633968,149.1655215,635.41,2.895,250.8934,-1.205,0,1
223145,57:24.0,GPS,168185199,0,6,169062000,2401,10,1.21,-35.3633986,149.1655152,635.66,3.172,250.3168,-1.318,0,1
223500,57:24.2,GPS,168385119,0,6,169062200,2401,10,1.21,-35.3634007,149.1655084,635.93,3.393,249.6072,-1.423,0,1
223861,57:24.4,GPS,168585039,0,6,169062400,2401,10,1.21,-35.3634029,149.1655013,636.23,3.57,249.2666,-1.519,0,1
224220,57:24.6,GPS,168784959,0,6,169062600,2401,10,1.21,-35.3634052,149.1654937,636.54,3.734,249.53,-1.601,0,1
224576,57:24.8,GPS,168984879,0,6,169062800,2401,10,1.21,-35.3634075,149.1654858,636.87,3.918,250.227,-1.666,0,1
224935,57:25.0,GPS,169184799,0,6,169063000,2401,10,1.21,-35.36341,149.1654774,637.2,4.126,250.7664,-1.715,0,1
225290,57:25.2,GPS,169384719,0,6,169063200,2401,10,1.21,-35.3634124,149.1654687,637.55,4.318,250.6787,-1.753,0,1
225651,57:25.4,GPS,169584639,0,6,169063400,2401,10,1.21,-35.3634151,149.1654596,637.91,4.455,250.0679,-1.785,0,1
226010,57:25.6,GPS,169785392,0,6,169063600,2401,10,1.21,-35.3634179,149.1654502,638.27,4.532,249.359,-1.812,0,1
226365,57:25.8,GPS,169985312,0,6,169063800,2401,10,1.21,-35.3634208,149.1654409,638.63,4.571,248.8755,-1.828,0,1
226722,57:26.0,GPS,170185232,0,6,169064000,2401,10,1.21,-35.3634239,149.1654315,639,4.591,248.6716,-1.832,0,1
227078,57:26.2,GPS,170385152,0,6,169064200,2401,10,1.21,-35.3634268,149.1654221,639.36,4.607,248.6593,-1.83,0,1
227439,57:26.4,GPS,170585072,0,6,169064400,2401,10,1.21,-35.3634299,149.1654126,639.73,4.625,248.7462,-1.824,0,1
227797,57:26.6,GPS,170784992,0,6,169064600,2401,10,1.21,-35.3634328,149.1654031,640.09,4.627,248.8694,-1.814,0,1
228152,57:26.8,GPS,170984912,0,6,169064800,2401,10,1.21,-35.3634358,149.1653935,640.46,4.597,248.9998,-1.794,0,1
228510,57:27.0,GPS,171184832,0,6,169065000,2401,10,1.21,-35.3634387,149.1653842,640.81,4.531,249.1288,-1.762,0,1
228589,57:27.0,GPS,171244808,1,1,0,0,0,-0.01,0,0,0,0,0,0,0,0
228867,57:27.2,GPS,171384752,0,6,169065200,2401,10,1.21,-35.3634416,149.1653749,641.16,4.43,249.2539,-1.717,0,1
229228,57:27.4,GPS,171584672,0,6,169065400,2401,10,1.21,-35.3634444,149.1653659,641.5,4.296,249.3733,-1.658,0,1
229587,57:27.6,GPS,171784592,0,6,169065600,2401,10,1.21,-35.3634471,149.1653572,641.82,4.137,249.4677,-1.584,0,1
229942,57:27.8,GPS,171985345,0,6,169065800,2401,10,1.21,-35.3634496,149.1653488,642.13,3.965,249.4758,-1.491,0,1
230301,57:28.0,GPS,172185265,0,6,169066000,2401,10,1.21,-35.363452,149.1653409,642.42,3.794,249.3211,-1.378,0,1
230658,57:28.2,GPS,172385185,0,6,169066200,2401,10,1.21,-35.3634544,149.1653332,642.68,3.625,248.959,-1.244,0,1
231020,57:28.4,GPS,172585105,0,6,169066400,2401,10,1.21,-35.3634567,149.165326,642.91,3.456,248.365,-1.091,0,1
231379,57:28.6,GPS,172785025,0,6,169066600,2401,10,1.21,-35.363459,149.1653191,643.11,3.286,247.5129,-0.918,0,1
231734,57:28.8,GPS,172984945,0,6,169066800,2401,10,1.21,-35.3634613,149.1653126,643.28,3.123,246.3646,-0.728,0,1
232091,57:29.0,GPS,173184865,0,6,169067000,2401,10,1.21,-35.3634635,149.1653064,643.4,2.988,244.8848,-0.528,0,1
232447,57:29.2,GPS,173384785,0,6,169067200,2401,10,1.21,-35.3634659,149.1653006,643.49,2.903,243.0854,-0.328,0,1
232811,57:29.4,GPS,173584705,0,6,169067400,2401,10,1.21,-35.3634683,149.165295,643.54,2.884,241.0754,-0.135,0,1
233169,57:29.6,GPS,173784625,0,6,169067600,2401,10,1.21,-35.3634709,149.1652895,643.54,2.936,239.0277,0.048,0,1
233524,57:29.8,GPS,173985378,0,6,169067800,2401,10,1.21,-35.3634737,149.1652839,643.52,3.057,237.1122,0.223,0,1
233881,57:30.0,GPS,174185298,0,6,169068000,2401,10,1.21,-35.3634769,149.1652781,643.45,3.245,235.4633,0.389,0,1
234237,57:30.2,GPS,174385218,0,6,169068200,2401,10,1.21,-35.3634804,149.165272,643.36,3.487,234.1552,0.543,0,1
234598,57:30.4,GPS,174585138,0,6,169068400,2401,10,1.21,-35.3634842,149.1652657,643.24,3.744,233.2081,0.684,0,1
234957,57:30.6,GPS,174785058,0,6,169068600,2401,10,1.21,-35.3634884,149.1652589,643.08,3.982,232.5977,0.811,0,1
235312,57:30.8,GPS,174984978,0,6,169068800,2401,10,1.21,-35.3634929,149.1652517,642.92,4.195,232.2818,0.924,0,1
235669,57:31.0,GPS,175184898,0,6,169069000,2401,10,1.21,-35.3634976,149.1652442,642.72,4.388,232.2147,1.018,0,1
235824,57:31.1,GPS,175264866,1,1,0,0,0,-0.01,0,0,0,0,0,0,0,0
236029,57:31.2,GPS,175384818,0,6,169069200,2401,10,1.21,-35.3635025,149.1652365,642.51,4.564,232.3487,1.093,0,1
236390,57:31.4,GPS,175584738,0,6,169069400,2401,10,1.21,-35.3635076,149.1652283,642.28,4.725,232.6167,1.152,0,1
236747,57:31.6,GPS,175784658,0,6,169069600,2401,10,1.21,-35.3635128,149.1652198,642.05,4.87,232.9473,1.198,0,1
237103,57:31.8,GPS,175984578,0,6,169069800,2401,10,1.21,-35.3635182,149.1652111,641.8,5,233.3016,1.234,0,1
237460,57:32.0,GPS,176185331,0,6,169070000,2401,10,1.21,-35.3635235,149.1652022,641.55,5.116,233.6526,1.26,0,1
237816,57:32.2,GPS,176385251,0,6,169070200,2401,10,1.21,-35.363529,149.165193,641.3,5.22,233.9698,1.277,0,1
238177,57:32.4,GPS,176585171,0,6,169070400,2401,10,1.21,-35.3635345,149.1651836,641.05,5.312,234.2319,1.286,0,1
238535,57:32.6,GPS,176785091,0,6,169070600,2401,10,1.21,-35.3635402,149.1651741,640.79,5.395,234.4224,1.286,0,1
238891,57:32.8,GPS,176985011,0,6,169070800,2401,10,1.21,-35.3635459,149.1651643,640.53,5.469,234.5281,1.279,0,1
239247,57:33.0,GPS,177184931,0,6,169071000,2401,10,1.21,-35.3635516,149.1651544,640.28,5.535,234.5512,1.265,0,1
239606,57:33.2,GPS,177384851,0,6,169071200,2401,10,1.21,-35.3635574,149.1651445,640.02,5.595,234.5046,1.245,0,1
239967,57:33.4,GPS,177584771,0,6,169071400,2401,10,1.21,-35.3635633,149.1651344,639.78,5.648,234.402,1.22,0,1
240324,57:33.6,GPS,177784691,0,6,169071600,2401,10,1.21,-35.3635692,149.1651241,639.54,5.696,234.2572,1.192,0,1
240680,57:33.8,GPS,177984611,0,6,169071800,2401,10,1.21,-35.3635753,149.165114,639.3,5.74,234.0819,1.162,0,1
241037,57:34.0,GPS,178185364,0,6,169072000,2401,10,1.21,-35.3635813,149.1651037,639.07,5.778,233.8886,1.134,0,1
241393,57:34.2,GPS,178385284,0,6,169072200,2401,10,1.21,-35.3635874,149.1650934,638.85,5.813,233.6912,1.108,0,1
241754,57:34.4,GPS,178585204,0,6,169072400,2401,10,1.21,-35.3635937,149.1650831,638.63,5.843,233.4984,1.085,0,1
242112,57:34.6,GPS,178785124,0,6,169072600,2401,10,1.21,-35.3636,149.1650728,638.41,5.869,233.315,1.066,0,1
242468,57:34.8,GPS,178985044,0,6,169072800,2401,10,1.21,-35.3636063,149.1650624,638.2,5.893,233.1435,1.049,0,1
242824,57:35.0,GPS,179184964,0,6,169073000,2401,10,1.21,-35.3636127,149.165052,637.99,5.915,232.9857,1.035,0,1
243002,57:35.1,GPS,179284924,1,1,0,0,0,-0.01,0,0,0,0,0,0,0,0
243183,57:35.2,GPS,179384884,0,6,169073200,2401,10,1.21,-35.363619,149.1650416,637.79,5.935,232.846,1.023,0,1
243544,57:35.4,GPS,179584804,0,6,169073400,2401,10,1.21,-35.3636255,149.1650311,637.58,5.954,232.7285,1.013,0,1
243902,57:35.6,GPS,179784724,0,6,169073600,2401,10,1.21,-35.363632,149.1650206,637.38,5.972,232.6261,1.002,0,1
244259,57:35.8,GPS,179984644,0,6,169073800,2401,10,1.21,-35.3636386,149.1650102,637.18,5.99,232.5308,0.989,0,1
244616,57:36.0,GPS,180185397,0,6,169074000,2401,10,1.21,-35.3636451,149.1649997,636.99,6.007,232.4413,0.975,0,1
244973,57:36.2,GPS,180385317,0,6,169074200,2401,10,1.21,-35.3636518,149.1649892,636.79,6.023,232.3552,0.961,0,1
245334,57:36.4,GPS,180585237,0,6,169074400,2401,10,1.21,-35.3636584,149.1649787,636.6,6.038,232.2673,0.9450001,0,1
245691,57:36.6,GPS,180785157,0,6,169074600,2401,10,1.21,-35.363665,149.1649682,636.41,6.028,232.138,0.9250001,0,1
246048,57:36.8,GPS,180985077,0,6,169074800,2401,10,1.21,-35.3636717,149.1649578,636.23,5.965,231.9321,0.9030001,0,1
246405,57:37.0,GPS,181184997,0,6,169075000,2401,10,1.21,-35.3636782,149.1649475,636.05,5.843,231.6707,0.882,0,1
246760,57:37.2,GPS,181384917,0,6,169075200,2401,10,1.21,-35.3636846,149.1649376,635.88,5.675,231.3908,0.863,0,1
247123,57:37.4,GPS,181584837,0,6,169075400,2401,10,1.21,-35.3636909,149.1649281,635.7,5.475,231.1179,0.8420001,0,1
247480,57:37.6,GPS,181784757,0,6,169075600,2401,10,1.21,-35.363697,149.1649188,635.54,5.247,230.8717,0.818,0,1
247837,57:37.8,GPS,181984677,0,6,169075800,2401,10,1.21,-35.3637028,149.1649101,635.38,4.995,230.7367,0.79,0,1
248193,57:38.0,GPS,182184597,0,6,169076000,2401,10,1.21,-35.3637083,149.1649018,635.22,4.713,230.8737,0.756,0,1
248553,57:38.2,GPS,182385350,0,6,169076200,2401,10,1.21,-35.3637134,149.164894,635.08,4.397,231.4292,0.717,0,1
248916,57:38.4,GPS,182585270,0,6,169076400,2401,10,1.21,-35.3637181,149.1648867,634.94,4.046,232.5277,0.6720001,0,1
249272,57:38.6,GPS,182785190,0,6,169076600,2401,10,1.21,-35.3637223,149.1648799,634.81,3.663,234.3389,0.6210001,0,1
249629,57:38.8,GPS,182985110,0,6,169076800,2401,10,1.21,-35.3637258,149.1648736,634.69,3.26,237.1479,0.564,0,1
249986,57:39.0,GPS,183185030,0,6,169077000,2401,10,1.21,-35.3637286,149.1648678,634.58,2.854,241.4127,0.502,0,1
250191,57:39.1,GPS,183304982,1,1,0,0,0,-0.01,0,0,0,0,0,0,0,0
250343,57:39.2,GPS,183384950,0,6,169077200,2401,10,1.21,-35.3637307,149.1648625,634.49,2.464,247.8593,0.437,0,1
250705,57:39.4,GPS,183584870,0,6,169077400,2401,10,1.21,-35.3637319,149.1648577,634.41,2.118,257.5185,0.37,0,1
251061,57:39.6,GPS,183784790,0,6,169077600,2401,10,1.21,-35.3637323,149.1648534,634.34,1.866,271.3522,0.306,0,1
251421,57:39.8,GPS,183984710,0,6,169077800,2401,10,1.21,-35.3637317,149.1648495,634.28,1.757,288.8914,0.248,0,1
251778,57:40.0,GPS,184184630,0,6,169078000,2401,10,1.21,-35.3637303,149.164846,634.24,1.825,307.093,0.196,0,1
252133,57:40.2,GPS,184385383,0,6,169078200,2401,10,1.21,-35.3637279,149.164843,634.21,2.063,322.284,0.15,0,1
252498,57:40.4,GPS,184585303,0,6,169078400,2401,10,1.21,-35.3637244,149.1648404,634.18,2.439,333.0099,0.109,0,1
252854,57:40.6,GPS,184785223,0,6,169078600,2401,10,1.21,-35.36372,149.1648382,634.16,2.908,339.9774,0.075,0,1
253210,57:40.8,GPS,184985143,0,6,169078800,2401,10,1.21,-35.3637146,149.1648361,634.15,3.425,344.429,0.047,0,1
253568,57:41.0,GPS,185185063,0,6,169079000,2401,10,1.21,-35.3637082,149.1648341,634.14,3.952,347.3099,0.025,0,1
253923,57:41.2,GPS,185384983,0,6,169079200,2401,10,1.21,-35.3637008,149.1648322,634.14,4.47,349.1827,0.01,0,1
254285,57:41.4,GPS,185584903,0,6,169079400,2401,10,1.21,-35.3636925,149.1648304,634.14,4.972,350.365,0.001,0,1
254642,57:41.6,GPS,185784823,0,6,169079600,2401,10,1.21,-35.3636832,149.1648285,634.14,5.457,351.0424,-0.002,0,1
254998,57:41.8,GPS,185984743,0,6,169079800,2401,10,1.21,-35.3636731,149.1648266,634.14,5.916,351.333,-0.001,0,1
255356,57:42.0,GPS,186184663,0,6,169080000,2401,10,1.21,-35.3636622,149.1648246,634.14,6.33,351.3484,0.002,0,1
255712,57:42.2,GPS,186384583,0,6,169080200,2401,10,1.21,-35.3636506,149.1648224,634.14,6.696,351.2414,0.009000001,0,1
256074,57:42.4,GPS,186585336,0,6,169080400,2401,10,1.21,-35.3636384,149.16482,634.14,7.018,351.1349,0.014,0,1
256431,57:42.6,GPS,186785256,0,6,169080600,2401,10,1.21,-35.3636257,149.1648176,634.13,7.302001,351.0593,0.019,0,1
256788,57:42.8,GPS,186985176,0,6,169080800,2401,10,1.21,-35.3636125,149.1648151,634.13,7.554,351.003,0.021,0,1
257145,57:43.0,GPS,187185096,0,6,169081000,2401,10,1.21,-35.3635989,149.1648124,634.13,7.777,350.9523,0.022,0,1
257350,57:43.1,GPS,187305048,1,1,0,0,0,-0.01,0,0,0,0,0,0,0,0
257506,57:43.2,GPS,187385016,0,6,169081200,2401,10,1.21,-35.363585,149.1648097,634.12,7.973001,350.8995,0.021,0,1
257868,57:43.4,GPS,187584936,0,6,169081400,2401,10,1.21,-35.3635706,149.1648069,634.12,8.139,350.8367,0.019,0,1
258225,57:43.6,GPS,187784856,0,6,169081600,2401,10,1.21,-35.3635561,149.164804,634.11,8.279,350.7596,0.018,0,1
258582,57:43.8,GPS,187984776,0,6,169081800,2401,10,1.21,-35.3635413,149.164801,634.11,8.392,350.6732,0.016,0,1
258939,57:44.0,GPS,188184696,0,6,169082000,2401,10,1.21,-35.3635263,149.164798,634.11,8.478001,350.5823,0.014,0,1
259295,57:44.2,GPS,188384616,0,6,169082200,2401,10,1.21,-35.3635112,149.1647949,634.1,8.537001,350.4902,0.012,0,1
259657,57:44.4,GPS,188585369,0,6,169082400,2401,10,1.21,-35.363496,149.1647918,634.1,8.569,350.4013,0.011,0,1
260058,57:44.6,GPS,188785289,0,6,169082600,2401,10,1.21,-35.3634809,149.1647886,634.1,8.586,350.3159,0.011,0,1
260415,57:44.8,GPS,188985209,0,6,169082800,2401,10,1.21,-35.3634656,149.1647855,634.1,8.602,350.2321,0.01,0,1
260772,57:45.0,GPS,189185129,0,6,169083000,2401,10,1.21,-35.3634505,149.1647822,634.1,8.625,350.1489,0.009000001,0,1
261128,57:45.2,GPS,189385049,0,6,169083200,2401,10,1.21,-35.3634352,149.1647789,634.09,8.653001,350.0634,0.008,0,1
261489,57:45.4,GPS,189584969,0,6,169083400,2401,10,1.21,-35.3634198,149.1647756,634.09,8.681001,349.9759,0.007,0,1
261847,57:45.6,GPS,189784889,0,6,169083600,2401,10,1.21,-35.3634045,149.1647722,634.09,8.707001,349.8895,0.006,0,1
262204,57:45.8,GPS,189984809,0,6,169083800,2401,10,1.21,-35.363389,149.1647689,634.09,8.733001,349.805,0.006,0,1
262561,57:46.0,GPS,190184729,0,6,169084000,2401,10,1.21,-35.3633735,149.1647654,634.09,8.756001,349.7227,0.006,0,1
262917,57:46.2,GPS,190384649,0,6,169084200,2401,10,1.21,-35.363358,149.164762,634.09,8.777,349.6416,0.006,0,1
263278,57:46.4,GPS,190585402,0,6,169084400,2401,10,1.21,-35.3633425,149.1647585,634.09,8.795,349.5617,0.006,0,1
263636,57:46.6,GPS,190785322,0,6,169084600,2401,10,1.21,-35.363327,149.164755,634.09,8.811001,349.4845,0.005,0,1
263993,57:46.8,GPS,190985242,0,6,169084800,2401,10,1.21,-35.3633114,149.1647514,634.08,8.822001,349.4098,0.005,0,1
264350,57:47.0,GPS,191185162,0,6,169085000,2401,10,1.21,-35.3632958,149.1647479,634.08,8.832001,349.331,0.005,0,1
264580,57:47.1,GPS,191325106,1,1,0,0,0,-0.01,0,0,0,0,0,0,0,0
264707,57:47.2,GPS,191385082,0,6,169085200,2401,10,1.21,-35.3632803,149.1647442,634.08,8.84,349.2431,0.005,0,1
265069,57:47.4,GPS,191585002,0,6,169085400,2401,10,1.21,-35.3632647,149.1647405,634.08,8.847,349.1499,0.005,0,1
265427,57:47.6,GPS,191784922,0,6,169085600,2401,10,1.21,-35.363249,149.1647369,634.08,8.852,349.0583,0.005,0,1
265787,57:47.8,GPS,191984842,0,6,169085800,2401,10,1.21,-35.3632334,149.1647332,634.08,8.856,348.972,0.004,0,1
266144,57:48.0,GPS,192184762,0,6,169086000,2401,10,1.21,-35.3632177,149.1647294,634.08,8.861,348.8909,0.004,0,1
266499,57:48.2,GPS,192384682,0,6,169086200,2401,10,1.21,-35.363202,149.1647257,634.08,8.866,348.8136,0.004,0,1
266864,57:48.4,GPS,192584602,0,6,169086400,2401,10,1.21,-35.3631865,149.1647219,634.08,8.871,348.7386,0.004,0,1
267222,57:48.6,GPS,192785355,0,6,169086600,2401,10,1.21,-35.3631709,149.164718,634.08,8.875,348.6663,0.004,0,1
267579,57:48.8,GPS,192985275,0,6,169086800,2401,10,1.21,-35.3631552,149.1647142,634.07,8.879001,348.5986,0.004,0,1
267936,57:49.0,GPS,193185195,0,6,169087000,2401,10,1.21,-35.3631395,149.1647103,634.07,8.883,348.5372,0.003,0,1
268291,57:49.2,GPS,193385115,0,6,169087200,2401,10,1.21,-35.363124,149.1647064,634.07,8.892,348.4825,0.003,0,1
268653,57:49.4,GPS,193585035,0,6,169087400,2401,10,1.21,-35.3631083,149.1647024,634.07,8.904,348.4331,0.003,0,1
269011,57:49.6,GPS,193784955,0,6,169087600,2401,10,1.21,-35.3630926,149.1646985,634.07,8.916,348.3893,0.002,0,1
269368,57:49.8,GPS,193984875,0,6,169087800,2401,10,1.21,-35.3630769,149.1646946,634.07,8.928,348.3528,0.002,0,1
269724,57:50.0,GPS,194184795,0,6,169088000,2401,10,1.21,-35.3630612,149.1646906,634.07,8.939,348.3237,0.001,0,1
270080,57:50.2,GPS,194384715,0,6,169088200,2401,10,1.21,-35.3630454,149.1646865,634.07,8.949,348.3009,0,0,1
270442,57:50.4,GPS,194584635,0,6,169088400,2401,10,1.21,-35.3630297,149.1646826,634.07,8.957001,348.2837,0,0,1
270800,57:50.6,GPS,194785388,0,6,169088600,2401,10,1.21,-35.3630139,149.1646786,634.07,8.964001,348.2724,0,0,1
271157,57:50.8,GPS,194985308,0,6,169088800,2401,10,1.21,-35.3629982,149.1646746,634.07,8.967,348.2673,0,0,1
271513,57:51.0,GPS,195185228,0,6,169089000,2401,10,1.21,-35.3629824,149.1646705,634.07,8.967,348.2667,0,0,1
271770,57:51.1,GPS,195345164,1,1,0,0,0,-0.01,0,0,0,0,0,0,0,0
271871,57:51.2,GPS,195385148,0,6,169089200,2401,10,1.21,-35.3629666,149.1646665,634.07,8.966001,348.2686,0,0,1
272233,57:51.4,GPS,195585068,0,6,169089400,2401,10,1.21,-35.3629509,149.1646625,634.07,8.963,348.2743,0,0,1
272591,57:51.6,GPS,195784988,0,6,169089600,2401,10,1.21,-35.3629351,149.1646585,634.07,8.959001,348.2881,0,0,1
272948,57:51.8,GPS,195984908,0,6,169089800,2401,10,1.21,-35.3629193,149.1646544,634.07,8.952001,348.3134,0,0,1
273304,57:52.0,GPS,196184828,0,6,169090000,2401,10,1.21,-35.3629035,149.1646505,634.07,8.946,348.3502,0,0,1
273660,57:52.2,GPS,196384748,0,6,169090200,2401,10,1.21,-35.3628878,149.1646465,634.07,8.940001,348.3985,0,0,1
274022,57:52.4,GPS,196584668,0,6,169090400,2401,10,1.21,-35.3628721,149.1646425,634.07,8.934,348.4577,0,0,1
274380,57:52.6,GPS,196784588,0,6,169090600,2401,10,1.21,-35.3628563,149.1646386,634.07,8.929001,348.5269,-0.001,0,1
274737,57:52.8,GPS,196985341,0,6,169090800,2401,10,1.21,-35.3628406,149.1646347,634.07,8.924001,348.6067,-0.001,0,1
275093,57:53.0,GPS,197185261,0,6,169091000,2401,10,1.21,-35.3628249,149.1646309,634.07,8.917001,348.6975,-0.001,0,1
275449,57:53.2,GPS,197385181,0,6,169091200,2401,10,1.21,-35.3628092,149.1646271,634.07,8.910001,348.7985,-0.001,0,1
275813,57:53.4,GPS,197585101,0,6,169091400,2401,10,1.21,-35.3627935,149.1646233,634.07,8.904,348.9089,-0.001,0,1
276171,57:53.6,GPS,197785021,0,6,169091600,2401,10,1.21,-35.3627778,149.1646195,634.07,8.898001,349.0281,-0.001,0,1
276528,57:53.8,GPS,197984941,0,6,169091800,2401,10,1.21,-35.3627621,149.1646158,634.07,8.893001,349.1542,-0.001,0,1
276884,57:54.0,GPS,198184861,0,6,169092000,2401,10,1.21,-35.3627465,149.1646121,634.07,8.89,349.2828,-0.001,0,1
277243,57:54.2,GPS,198384781,0,6,169092200,2401,10,1.21,-35.3627308,149.1646084,634.07,8.888,349.4113,-0.002,0,1
277605,57:54.4,GPS,198584701,0,6,169092400,2401,10,1.21,-35.362715,149.1646049,634.07,8.887,349.5398,-0.002,0,1
277962,57:54.6,GPS,198784621,0,6,169092600,2401,10,1.21,-35.3626993,149.1646014,634.07,8.888,349.6701,-0.002,0,1
278320,57:54.8,GPS,198985374,0,6,169092800,2401,10,1.21,-35.3626836,149.1645979,634.07,8.889001,349.8014,-0.002,0,1
278676,57:55.0,GPS,199185294,0,6,169093000,2401,10,1.21,-35.3626679,149.1645945,634.08,8.89,349.928,-0.002,0,1
279007,57:55.2,GPS,199365222,1,1,0,0,0,-0.01,0,0,0,0,0,0,0,0
279035,57:55.2,GPS,199385214,0,6,169093200,2401,10,1.21,-35.3626522,149.1645911,634.08,8.89,350.044,-0.001,0,1
279397,57:55.4,GPS,199585134,0,6,169093400,2401,10,1.21,-35.3626364,149.1645876,634.08,8.89,350.148,-0.001,0,1
279873,57:55.6,GPS,199785054,0,6,169093600,2401,10,1.21,-35.3626207,149.1645843,634.08,8.889001,350.2397,0,0,1
280231,57:55.8,GPS,199984974,0,6,169093800,2401,10,1.21,-35.362605,149.1645811,634.08,8.836,350.3172,0.001,0,1
280588,57:56.0,GPS,200184894,0,6,169094000,2401,10,1.21,-35.3625895,149.1645778,634.08,8.665,350.3804,0.003,0,1
280944,57:56.2,GPS,200384814,0,6,169094200,2401,10,1.21,-35.3625743,149.1645747,634.07,8.386001,350.4335,0.005,0,1
281306,57:56.4,GPS,200584734,0,6,169094400,2401,10,1.21,-35.3625598,149.1645717,634.07,8.047,350.4809,0.004,0,1
281663,57:56.6,GPS,200784654,0,6,169094600,2401,10,1.21,-35.3625459,149.1645688,634.07,7.668,350.5249,0.002,0,1
282020,57:56.8,GPS,200985407,0,6,169094800,2401,10,1.21,-35.3625326,149.1645661,634.07,7.253,350.565,0,0,1
282377,57:57.0,GPS,201185327,0,6,169095000,2401,10,1.21,-35.3625202,149.1645636,634.07,6.805,350.6022,-0.002,0,1
282733,57:57.2,GPS,201385247,0,6,169095200,2401,10,1.21,-35.3625086,149.1645612,634.07,6.323,350.6382,-0.003,0,1
283096,57:57.4,GPS,201585167,0,6,169095400,2401,10,1.21,-35.3624978,149.1645591,634.07,5.809,350.6728,-0.004,0,1
283452,57:57.6,GPS,201785087,0,6,169095600,2401,10,1.21,-35.362488,149.1645571,634.07,5.26,350.7066,-0.004,0,1
283809,57:57.8,GPS,201985007,0,6,169095800,2401,10,1.21,-35.3624791,149.1645553,634.08,4.674,350.7436,-0.003,0,1
284166,57:58.0,GPS,202184927,0,6,169096000,2401,10,1.21,-35.3624713,149.1645538,634.08,4.084,350.7867,-0.004,0,1
284520,57:58.2,GPS,202384847,0,6,169096200,2401,10,1.21,-35.3624646,149.1645524,634.08,3.557,350.8242,-0.006,0,1
284887,57:58.4,GPS,202584767,0,6,169096400,2401,10,1.21,-35.3624587,149.1645512,634.08,3.143,350.8224,-0.005,0,1
285244,57:58.6,GPS,202784687,0,6,169096600,2401,10,1.21,-35.3624534,149.1645502,634.08,2.867,350.7522,-0.002,0,1
285601,57:58.8,GPS,202984607,0,6,169096800,2401,10,1.21,-35.3624485,149.1645492,634.08,2.732,350.6155,0.003,0,1
285958,57:59.0,GPS,203185360,0,6,169097000,2401,10,1.21,-35.3624437,149.1645482,634.08,2.72,350.4376,0.008,0,1
286312,57:59.2,GPS,203385280,0,6,169097200,2401,10,1.21,-35.3624388,149.1645472,634.08,2.803,350.2601,0.012,0,1
286314,57:59.2,GPS,203385280,1,1,0,0,0,-0.01,0,0,0,0,0,0,0,0
286677,57:59.4,GPS,203585200,0,6,169097400,2401,10,1.21,-35.3624336,149.1645461,634.07,2.953,350.1143,0.013,0,1
287035,57:59.6,GPS,203785120,0,6,169097600,2401,10,1.21,-35.3624283,149.1645449,634.07,3.148,350.0084,0.012,0,1
287391,57:59.8,GPS,203985040,0,6,169097800,2401,10,1.21,-35.3624225,149.1645437,634.07,3.372,349.9426,0.009000001,0,1
287748,58:00.0,GPS,204184960,0,6,169098000,2401,10,1.21,-35.3624164,149.1645424,634.07,3.613,349.9128,0.006,0,1
288103,58:00.2,GPS,204384880,0,6,169098200,2401,10,1.21,-35.3624097,149.1645409,634.07,3.857,349.9193,0.003,0,1
288466,58:00.4,GPS,204584800,0,6,169098400,2401,10,1.21,-35.3624027,149.1645394,634.07,4.093,349.9582,0.001,0,1
288822,58:00.6,GPS,204784720,0,6,169098600,2401,10,1.21,-35.3623953,149.1645378,634.07,4.311,350.018,0,0,1
289180,58:00.8,GPS,204984640,0,6,169098800,2401,10,1.21,-35.3623874,149.1645361,634.07,4.503,350.0902,0,0,1
289537,58:01.0,GPS,205185393,0,6,169099000,2401,10,1.21,-35.3623793,149.1645343,634.07,4.663,350.1694,0,0,1
289891,58:01.2,GPS,205385313,0,6,169099200,2401,10,1.21,-35.3623709,149.1645326,634.07,4.787,350.2562,0,0,1
290254,58:01.4,GPS,205585233,0,6,169099400,2401,10,1.21,-35.3623623,149.1645309,634.07,4.873,350.35,0,0,1
290611,58:01.6,GPS,205785153,0,6,169099600,2401,10,1.21,-35.3623537,149.164529,634.07,4.924,350.4434,0.001,0,1
290967,58:01.8,GPS,205985073,0,6,169099800,2401,10,1.21,-35.362345,149.1645272,634.07,4.953,350.5294,0.001,0,1
291324,58:02.0,GPS,206184993,0,6,169100000,2401,10,1.21,-35.3623362,149.1645255,634.07,4.976,350.6233,0,0,1
291679,58:02.2,GPS,206384913,0,6,169100200,2401,10,1.21,-35.3623273,149.1645237,634.07,4.996,350.7672,-0.009000001,0,1
292042,58:02.4,GPS,206584833,0,6,169100400,2401,10,1.21,-35.3623184,149.1645219,634.07,5.014,350.9898,-0.026,0,1
292398,58:02.6,GPS,206784753,0,6,169100600,2401,10,1.21,-35.3623095,149.1645202,634.07,5.029,351.2939,-0.052,0,1
292755,58:02.8,GPS,206984673,0,6,169100800,2401,10,1.21,-35.3623006,149.1645186,634.08,5.041,351.675,-0.08800001,0,1
293112,58:03.0,GPS,207184593,0,6,169101000,2401,10,1.21,-35.3622916,149.164517,634.11,5.051,352.1296,-0.132,0,1
293466,58:03.2,GPS,207385346,0,6,169101200,2401,10,1.21,-35.3622826,149.1645155,634.14,5.057,352.6564,-0.186,0,1
293494,58:03.2,GPS,207405338,1,1,0,0,0,-0.01,0,0,0,0,0,0,0,0
293833,58:03.4,GPS,207585266,0,6,169101400,2401,10,1.21,-35.3622735,149.1645141,634.18,5.061,353.2549,-0.248,0,1
294190,58:03.6,GPS,207785186,0,6,169101600,2401,10,1.21,-35.3622645,149.1645128,634.24,5.064,353.9316,-0.319,0,1
294545,58:03.8,GPS,207985106,0,6,169101800,2401,10,1.21,-35.3622555,149.1645117,634.32,5.068,354.6934,-0.398,0,1
294903,58:04.0,GPS,208185026,0,6,169102000,2401,10,1.21,-35.3622464,149.1645108,634.4,5.073,355.5449,-0.487,0,1
295258,58:04.2,GPS,208384946,0,6,169102200,2401,10,1.21,-35.3622373,149.16451,634.51,5.078,356.4883,-0.5840001,0,1
295624,58:04.4,GPS,208584866,0,6,169102400,2401,10,1.21,-35.3622282,149.1645095,634.64,5.097,357.5053,-0.691,0,1
295980,58:04.6,GPS,208784786,0,6,169102600,2401,10,1.21,-35.362219,149.1645091,634.79,5.152,358.5498,-0.8060001,0,1
296336,58:04.8,GPS,208984706,0,6,169102800,2401,10,1.21,-35.3622096,149.1645089,634.96,5.254,359.5448,-0.9250001,0,1
296696,58:05.0,GPS,209184626,0,6,169103000,2401,10,1.21,-35.3622,149.1645088,635.16,5.395,0.41603,-1.043,0,1
297051,58:05.2,GPS,209385379,0,6,169103200,2401,10,1.21,-35.3621902,149.164509,635.38,5.549,1.13508,-1.155,0,1
297414,58:05.4,GPS,209585299,0,6,169103400,2401,10,1.21,-35.3621802,149.1645093,635.62,5.698,1.71694,-1.257,0,1
297819,58:05.6,GPS,209785219,0,6,169103600,2401,10,1.21,-35.3621698,149.1645097,635.88,5.837,2.19279,-1.347,0,1
298174,58:05.8,GPS,209985139,0,6,169103800,2401,10,1.21,-35.3621592,149.1645103,636.16,5.971,2.58396,-1.426,0,1
298532,58:06.0,GPS,210185059,0,6,169104000,2401,10,1.21,-35.3621483,149.1645109,636.44,6.103,2.89937,-1.496,0,1
298887,58:06.2,GPS,210384979,0,6,169104200,2401,10,1.21,-35.3621373,149.1645116,636.75,6.232,3.14075,-1.556,0,1
299249,58:06.4,GPS,210584899,0,6,169104400,2401,10,1.21,-35.362126,149.1645123,637.06,6.361001,3.30845,-1.606,0,1
299607,58:06.6,GPS,210784819,0,6,169104600,2401,10,1.21,-35.3621145,149.1645132,637.4,6.49,3.40537,-1.648,0,1
299963,58:06.8,GPS,210984739,0,6,169104800,2401,10,1.21,-35.3621027,149.1645141,637.73,6.618001,3.44174,-1.68,0,1
300321,58:07.0,GPS,211184659,0,6,169105000,2401,10,1.21,-35.3620907,149.164515,638.07,6.73,3.44732,-1.704,0,1
300676,58:07.2,GPS,211384579,0,6,169105200,2401,10,1.21,-35.3620785,149.1645159,638.41,6.807,3.45651,-1.72,0,1
300730,58:07.2,GPS,211425396,1,1,0,0,0,-0.01,0,0,0,0,0,0,0,0
301040,58:07.4,GPS,211585332,0,6,169105400,2401,10,1.21,-35.3620663,149.1645168,638.76,6.844,3.47969,-1.727,0,1
301397,58:07.6,GPS,211785252,0,6,169105600,2401,10,1.21,-35.3620541,149.1645177,639.1,6.847,3.51264,-1.727,0,1
301754,58:07.8,GPS,211985172,0,6,169105800,2401,10,1.21,-35.3620418,149.1645186,639.45,6.836,3.5478,-1.723,0,1
302112,58:08.0,GPS,212185092,0,6,169106000,2401,10,1.21,-35.3620296,149.1645196,639.79,6.815001,3.57806,-1.715,0,1
302467,58:08.2,GPS,212385012,0,6,169106200,2401,10,1.21,-35.3620174,149.1645205,640.14,6.765,3.60265,-1.7,0,1
302829,58:08.4,GPS,212584932,0,6,169106400,2401,10,1.21,-35.3620053,149.1645214,640.47,6.676,3.62132,-1.676,0,1
303189,58:08.6,GPS,212784852,0,6,169106600,2401,10,1.21,-35.3619934,149.1645223,640.8,6.548,3.63635,-1.642,0,1
303546,58:08.8,GPS,212984772,0,6,169106800,2401,10,1.21,-35.3619818,149.1645232,641.13,6.38,3.65183,-1.598,0,1
303905,58:09.0,GPS,213184692,0,6,169107000,2401,10,1.21,-35.3619706,149.1645241,641.44,6.173,3.66906,-1.543,0,1
304260,58:09.2,GPS,213384612,0,6,169107200,2401,10,1.21,-35.3619597,149.164525,641.74,5.926,3.68752,-1.478,0,1
304621,58:09.4,GPS,213585365,0,6,169107400,2401,10,1.21,-35.3619493,149.1645258,642.03,5.641,3.70731,-1.404,0,1
304978,58:09.6,GPS,213785285,0,6,169107600,2401,10,1.21,-35.3619395,149.1645266,642.31,5.316,3.72687,-1.319,0,1
305335,58:09.8,GPS,213985205,0,6,169107800,2401,10,1.21,-35.3619303,149.1645273,642.56,4.953,3.74638,-1.224,0,1
305694,58:10.0,GPS,214185125,0,6,169108000,2401,10,1.21,-35.3619218,149.164528,642.79,4.553,3.76798,-1.121,0,1
306049,58:10.2,GPS,214385045,0,6,169108200,2401,10,1.21,-35.3619141,149.1645287,643.01,4.122,3.75104,-1.005,0,1
306411,58:10.4,GPS,214584965,0,6,169108400,2401,10,1.21,-35.361907,149.1645292,643.19,3.677,3.52216,-0.873,0,1
306768,58:10.6,GPS,214784885,0,6,169108600,2401,10,1.21,-35.3619008,149.1645296,643.35,3.246,2.80749,-0.7220001,0,1
307124,58:10.8,GPS,214984805,0,6,169108800,2401,10,1.21,-35.3618953,149.1645299,643.48,2.857,1.33628,-0.5560001,0,1
307482,58:11.0,GPS,215184725,0,6,169109000,2401,10,1.21,-35.3618905,149.1645299,643.57,2.533,358.8532,-0.379,0,1
307836,58:11.2,GPS,215384645,0,6,169109200,2401,10,1.21,-35.3618862,149.1645297,643.64,2.284,355.1582,-0.193,0,1
307914,58:11.2,GPS,215444621,1,1,0,0,0,-0.01,0,0,0,0,0,0,0,0
308205,58:11.4,GPS,215585398,0,6,169109400,2401,10,1.21,-35.3618823,149.1645292,643.66,2.113,350.2173,0,0,1
308565,58:11.6,GPS,215785318,0,6,169109600,2401,10,1.21,-35.3618787,149.1645282,643.64,2.02,344.3214,0.199,0,1
308921,58:11.8,GPS,215985238,0,6,169109800,2401,10,1.21,-35.3618752,149.1645267,643.57,2.006,338.1065,0.405,0,1
309278,58:12.0,GPS,216185158,0,6,169110000,2401,10,1.21,-35.361872,149.1645248,643.47,2.064,332.3651,0.611,0,1
309633,58:12.2,GPS,216385078,0,6,169110200,2401,10,1.21,-35.3618687,149.1645224,643.32,2.176,327.6756,0.809,0,1
309996,58:12.4,GPS,216584998,0,6,169110400,2401,10,1.21,-35.3618654,149.1645197,643.15,2.317,324.1825,0.988,0,1
310353,58:12.6,GPS,216784918,0,6,169110600,2401,10,1.21,-35.3618619,149.1645166,642.93,2.469,321.7354,1.139,0,1
310709,58:12.8,GPS,216984838,0,6,169110800,2401,10,1.21,-35.3618583,149.164513,642.69,2.622,320.1219,1.261,0,1
311067,58:13.0,GPS,217184758,0,6,169111000,2401,10,1.21,-35.3618546,149.1645092,642.43,2.775,319.179,1.352,0,1
311422,58:13.2,GPS,217384678,0,6,169111200,2401,10,1.21,-35.3618508,149.164505,642.16,2.925,318.7703,1.416,0,1
311784,58:13.4,GPS,217584598,0,6,169111400,2401,10,1.21,-35.3618467,149.1645007,641.87,3.061,318.6648,1.458,0,1
312143,58:13.6,GPS,217785351,0,6,169111600,2401,10,1.21,-35.3618426,149.1644961,641.57,3.168,318.6395,1.481,0,1
312499,58:13.8,GPS,217985271,0,6,169111800,2401,10,1.21,-35.3618383,149.1644914,641.28,3.239,318.618,1.489,0,1
312856,58:14.0,GPS,218185191,0,6,169112000,2401,10,1.21,-35.3618338,149.1644867,640.98,3.275,318.6021,1.484,0,1
313212,58:14.2,GPS,218385111,0,6,169112200,2401,10,1.21,-35.3618294,149.1644819,640.68,3.289,318.6154,1.474,0,1
313573,58:14.4,GPS,218585031,0,6,169112400,2401,10,1.21,-35.3618249,149.1644772,640.39,3.298,318.6754,1.464,0,1
313930,58:14.6,GPS,218784951,0,6,169112600,2401,10,1.21,-35.3618205,149.1644724,640.09,3.307,318.7894,1.458,0,1
314287,58:14.8,GPS,218984871,0,6,169112800,2401,10,1.21,-35.361816,149.1644676,639.8,3.316,318.9465,1.456,0,1
314643,58:15.0,GPS,219184791,0,6,169113000,2401,10,1.21,-35.3618115,149.1644628,639.51,3.324,319.1228,1.455,0,1
314999,58:15.2,GPS,219384711,0,6,169113200,2401,10,1.21,-35.361807,149.164458,639.22,3.331,319.3019,1.457,0,1
315157,58:15.3,GPS,219464679,1,1,0,0,0,-0.01,0,0,0,0,0,0,0,0
315363,58:15.4,GPS,219584631,0,6,169113400,2401,10,1.21,-35.3618024,149.1644532,638.93,3.336,319.4745,1.46,0,1
315720,58:15.6,GPS,219785384,0,6,169113600,2401,10,1.21,-35.3617979,149.1644484,638.64,3.34,319.6367,1.463,0,1
316076,58:15.8,GPS,219985304,0,6,169113800,2401,10,1.21,-35.3617933,149.1644436,638.34,3.342,319.7874,1.466,0,1
316432,58:16.0,GPS,220185224,0,6,169114000,2401,10,1.21,-35.3617888,149.1644389,638.05,3.341,319.927,1.468,0,1
316789,58:16.2,GPS,220385144,0,6,169114200,2401,10,1.21,-35.3617842,149.1644341,637.76,3.339,320.0562,1.471,0,1
317150,58:16.4,GPS,220585064,0,6,169114400,2401,10,1.21,-35.3617796,149.1644294,637.46,3.337,320.1761,1.473,0,1
317507,58:16.6,GPS,220784984,0,6,169114600,2401,10,1.21,-35.3617749,149.1644247,637.17,3.334,320.2855,1.475,0,1
317864,58:16.8,GPS,220984904,0,6,169114800,2401,10,1.21,-35.3617703,149.16442,636.87,3.327,320.4082,1.475,0,1
318220,58:17.0,GPS,221184824,0,6,169115000,2401,10,1.21,-35.3617657,149.1644154,636.57,3.3,320.7195,1.467,0,1
318576,58:17.2,GPS,221384744,0,6,169115200,2401,10,1.21,-35.3617611,149.1644109,636.28,3.226,321.5076,1.446,0,1
318938,58:17.4,GPS,221584664,0,6,169115400,2401,10,1.21,-35.3617567,149.1644066,636,3.093,323.0012,1.407,0,1
319295,58:17.6,GPS,221784584,0,6,169115600,2401,10,1.21,-35.3617523,149.1644027,635.72,2.905,325.4075,1.35,0,1
319652,58:17.8,GPS,221985337,0,6,169115800,2401,10,1.21,-35.3617481,149.1643993,635.46,2.67,329.0544,1.273,0,1
320008,58:18.0,GPS,222185257,0,6,169116000,2401,10,1.21,-35.361744,149.1643967,635.22,2.405,334.5143,1.177,0,1
320366,58:18.2,GPS,222385177,0,6,169116200,2401,10,1.21,-35.3617403,149.1643949,634.99,2.134,342.7634,1.062,0,1
320730,58:18.4,GPS,222585097,0,6,169116400,2401,10,1.21,-35.3617368,149.164394,634.79,1.901,355.2769,0.929,0,1
321091,58:18.6,GPS,222785017,0,6,169116600,2401,10,1.21,-35.3617335,149.1643942,634.62,1.781,13.051,0.784,0,1
321448,58:18.8,GPS,222984937,0,6,169116800,2401,10,1.21,-35.3617306,149.1643958,634.48,1.863,33.26588,0.632,0,1
321804,58:19.0,GPS,223184857,0,6,169117000,2401,10,1.21,-35.3617279,149.1643987,634.37,2.155,50.12636,0.483,0,1
322160,58:19.2,GPS,223384777,0,6,169117200,2401,10,1.21,-35.3617255,149.164403,634.28,2.589,61.30387,0.348,0,1
322342,58:19.3,GPS,223484737,1,1,0,0,0,-0.01,0,0,0,0,0,0,0,0
322524,58:19.4,GPS,223584697,0,6,169117400,2401,10,1.21,-35.3617234,149.1644087,634.23,3.104,67.94097,0.235,0,1
322880,58:19.6,GPS,223784617,0,6,169117600,2401,10,1.21,-35.3617213,149.1644157,634.19,3.664,71.88835,0.149,0,1
323237,58:19.8,GPS,223985370,0,6,169117800,2401,10,1.21,-35.3617193,149.164424,634.17,4.231,74.52602,0.086,0,1
323593,58:20.0,GPS,224185290,0,6,169118000,2401,10,1.21,-35.3617172,149.1644336,634.15,4.77,76.4565,0.041,0,1
323950,58:20.2,GPS,224385210,0,6,169118200,2401,10,1.21,-35.3617153,149.1644444,634.15,5.271,77.80617,0.01,0,1
324311,58:20.4,GPS,224585130,0,6,169118400,2401,10,1.21,-35.3617133,149.1644562,634.15,5.742,78.65282,-0.006,0,1
324667,58:20.6,GPS,224785050,0,6,169118600,2401,10,1.21,-35.3617112,149.1644691,634.15,6.191,79.11169,-0.009000001,0,1
325025,58:20.8,GPS,224984970,0,6,169118800,2401,10,1.21,-35.3617091,149.164483,634.15,6.622,79.33079,-0.002,0,1
325381,58:21.0,GPS,225184890,0,6,169119000,2401,10,1.21,-35.3617068,149.1644978,634.15,7.04,79.47975,0.006,0,1
325737,58:21.2,GPS,225384810,0,6,169119200,2401,10,1.21,-35.3617044,149.1645136,634.15,7.436,79.64479,0.013,0,1
326100,58:21.4,GPS,225584730,0,6,169119400,2401,10,1.21,-35.361702,149.1645301,634.15,7.8,79.81681,0.017,0,1
326456,58:21.6,GPS,225784650,0,6,169119600,2401,10,1.21,-35.3616995,149.1645474,634.14,8.131001,79.97274,0.019,0,1
326814,58:21.8,GPS,225985403,0,6,169119800,2401,10,1.21,-35.3616969,149.1645654,634.14,8.43,80.10181,0.019,0,1
327170,58:22.0,GPS,226185323,0,6,169120000,2401,10,1.21,-35.3616942,149.164584,634.14,8.698,80.19742,0.018,0,1
327526,58:22.2,GPS,226385243,0,6,169120200,2401,10,1.21,-35.3616916,149.1646031,634.13,8.932,80.25847,0.015,0,1
327890,58:22.4,GPS,226585163,0,6,169120400,2401,10,1.21,-35.3616888,149.1646227,634.13,9.135,80.29047,0.013,0,1
328246,58:22.6,GPS,226785083,0,6,169120600,2401,10,1.21,-35.3616861,149.1646428,634.13,9.308001,80.29956,0.011,0,1
328604,58:22.8,GPS,226985003,0,6,169120800,2401,10,1.21,-35.3616832,149.1646631,634.13,9.449,80.29102,0.008,0,1
328960,58:23.0,GPS,227184923,0,6,169121000,2401,10,1.21,-35.3616803,149.1646837,634.12,9.558001,80.26868,0.006,0,1
329316,58:23.2,GPS,227384843,0,6,169121200,2401,10,1.21,-35.3616774,149.1647046,634.12,9.634001,80.23652,0.004,0,1
329527,58:23.3,GPS,227504795,1,1,0,0,0,-0.01,0,0,0,0,0,0,0,0
329681,58:23.4,GPS,227584763,0,6,169121400,2401,10,1.21,-35.3616744,149.1647256,634.12,9.679001,80.19799,0.002,0,1
330037,58:23.6,GPS,227784683,0,6,169121600,2401,10,1.21,-35.3616715,149.1647467,634.12,9.701,80.15488,0.002,0,1
330396,58:23.8,GPS,227984603,0,6,169121800,2401,10,1.21,-35.3616684,149.1647677,634.12,9.716001,80.10947,0.003,0,1
330753,58:24.0,GPS,228185356,0,6,169122000,2401,10,1.21,-35.3616655,149.1647888,634.12,9.734,80.06318,0.004,0,1
331109,58:24.2,GPS,228385276,0,6,169122200,2401,10,1.21,-35.3616624,149.16481,634.12,9.754001,80.01668,0.004,0,1
331472,58:24.4,GPS,228585196,0,6,169122400,2401,10,1.21,-35.3616594,149.1648311,634.12,9.774,79.97195,0.005,0,1
331827,58:24.6,GPS,228785116,0,6,169122600,2401,10,1.21,-35.3616563,149.1648524,634.12,9.796,79.93135,0.004,0,1
332185,58:24.8,GPS,228985036,0,6,169122800,2401,10,1.21,-35.3616532,149.1648736,634.12,9.818001,79.89664,0.004,0,1
332542,58:25.0,GPS,229184956,0,6,169123000,2401,10,1.21,-35.3616501,149.1648949,634.12,9.837001,79.8669,0.003,0,1
332898,58:25.2,GPS,229384876,0,6,169123200,2401,10,1.21,-35.361647,149.1649163,634.12,9.851001,79.83908,0.002,0,1
333261,58:25.4,GPS,229584796,0,6,169123400,2401,10,1.21,-35.3616439,149.1649377,634.12,9.863001,79.8115,0.002,0,1
333615,58:25.6,GPS,229784716,0,6,169123600,2401,10,1.21,-35.3616408,149.164959,634.11,9.874001,79.78408,0.002,0,1
333973,58:25.8,GPS,229984636,0,6,169123800,2401,10,1.21,-35.3616376,149.1649805,634.11,9.884001,79.75634,0.002,0,1
334331,58:26.0,GPS,230185389,0,6,169124000,2401,10,1.21,-35.3616344,149.165002,634.11,9.893001,79.7281,0.002,0,1
334687,58:26.2,GPS,230385309,0,6,169124200,2401,10,1.21,-35.3616313,149.1650234,634.11,9.900001,79.69879,0.002,0,1
335050,58:26.4,GPS,230585229,0,6,169124400,2401,10,1.21,-35.3616281,149.1650449,634.11,9.905001,79.66862,0.002,0,1
335404,58:26.6,GPS,230785149,0,6,169124600,2401,10,1.21,-35.3616248,149.1650663,634.11,9.909,79.63943,0.001,0,1
335762,58:26.8,GPS,230985069,0,6,169124800,2401,10,1.21,-35.3616217,149.1650878,634.11,9.913,79.61161,0.001,0,1
336120,58:27.0,GPS,231184989,0,6,169125000,2401,10,1.21,-35.3616185,149.1651092,634.11,9.916,79.58472,0.001,0,1
336476,58:27.2,GPS,231384909,0,6,169125200,2401,10,1.21,-35.3616152,149.1651307,634.11,9.917001,79.55865,0.001,0,1
336710,58:27.3,GPS,231524853,1,1,0,0,0,-0.01,0,0,0,0,0,0,0,0
336841,58:27.4,GPS,231584829,0,6,169125400,2401,10,1.21,-35.361612,149.1651523,634.11,9.919001,79.53212,0.001,0,1
337195,58:27.6,GPS,231784749,0,6,169125600,2401,10,1.21,-35.3616088,149.1651738,634.11,9.922001,79.50405,0,0,1
337553,58:27.8,GPS,231984669,0,6,169125800,2401,10,1.21,-35.3616055,149.1651953,634.11,9.926001,79.47416,0,0,1
337911,58:28.0,GPS,232184589,0,6,169126000,2401,10,1.21,-35.3616022,149.1652168,634.11,9.93,79.4424,0,0,1
338270,58:28.2,GPS,232385342,0,6,169126200,2401,10,1.21,-35.361599,149.1652383,634.11,9.935,79.41,0,0,1
338634,58:28.4,GPS,232585262,0,6,169126400,2401,10,1.21,-35.3615957,149.1652598,634.11,9.938001,79.37894,0,0,1
338988,58:28.6,GPS,232785182,0,6,169126600,2401,10,1.21,-35.3615924,149.1652813,634.11,9.941001,79.35002,0,0,1
339348,58:28.8,GPS,232985102,0,6,169126800,2401,10,1.21,-35.3615891,149.1653028,634.11,9.945001,79.32138,0,0,1
339706,58:29.0,GPS,233185022,0,6,169127000,2401,10,1.21,-35.3615858,149.1653243,634.11,9.948001,79.29151,0,0,1
340107,58:29.2,GPS,233384942,0,6,169127200,2401,10,1.21,-35.3615824,149.1653458,634.11,9.950001,79.26118,0,0,1
340470,58:29.4,GPS,233584862,0,6,169127400,2401,10,1.21,-35.3615791,149.1653674,634.11,9.952001,79.23207,0,0,1
340824,58:29.6,GPS,233784782,0,6,169127600,2401,10,1.21,-35.3615758,149.165389,634.11,9.954,79.20699,0,0,1
341182,58:29.8,GPS,233984702,0,6,169127800,2401,10,1.21,-35.3615724,149.1654105,634.11,9.956,79.18826,0.001,0,1
341540,58:30.0,GPS,234184622,0,6,169128000,2401,10,1.21,-35.361569,149.1654321,634.11,9.96,79.1757,0.001,0,1
341896,58:30.2,GPS,234385375,0,6,169128200,2401,10,1.21,-35.3615657,149.1654537,634.11,9.964001,79.16891,0.001,0,1
342258,58:30.4,GPS,234585295,0,6,169128400,2401,10,1.21,-35.3615623,149.1654752,634.11,9.967,79.16476,0.001,0,1
342613,58:30.6,GPS,234785215,0,6,169128600,2401,10,1.21,-35.361559,149.1654967,634.11,9.971001,79.15858,0.001,0,1
342971,58:30.8,GPS,234985135,0,6,169128800,2401,10,1.21,-35.3615556,149.1655184,634.11,9.978001,79.14878,0.001,0,1
343329,58:31.0,GPS,235185055,0,6,169129000,2401,10,1.21,-35.3615522,149.16554,634.11,9.988001,79.13655,0.002,0,1
343685,58:31.2,GPS,235384975,0,6,169129200,2401,10,1.21,-35.3615488,149.1655616,634.11,9.999001,79.12592,0.001,0,1
343946,58:31.3,GPS,235544911,1,1,0,0,0,-0.01,0,0,0,0,0,0,0,0
344049,58:31.4,GPS,235584895,0,6,169129400,2401,10,1.21,-35.3615455,149.1655832,634.11,10.009,79.1192,0.001,0,1
344404,58:31.6,GPS,235784815,0,6,169129600,2401,10,1.21,-35.361542,149.1656049,634.11,10.017,79.11552,0.001,0,1
344762,58:31.8,GPS,235984735,0,6,169129800,2401,10,1.21,-35.3615386,149.1656266,634.11,10.024,79.11325,0.001,0,1
345120,58:32.0,GPS,236184655,0,6,169130000,2401,10,1.21,-35.3615352,149.1656483,634.11,10.029,79.11081,0.001,0,1
345476,58:32.2,GPS,236385408,0,6,169130200,2401,10,1.21,-35.3615317,149.16567,634.11,10.033,79.10882,0.001,0,1
345838,58:32.4,GPS,236585328,0,6,169130400,2401,10,1.21,-35.3615284,149.1656917,634.11,10.034,79.10748,0,0,1
346194,58:32.6,GPS,236785248,0,6,169130600,2401,10,1.21,-35.361525,149.1657134,634.11,10.032,79.10732,0,0,1
346568,58:32.8,GPS,236985168,0,6,169130800,2401,10,1.21,-35.3615216,149.1657351,634.11,10.029,79.1101,0,0,1
347033,58:33.0,GPS,237185088,0,6,169131000,2401,10,1.21,-35.3615182,149.1657567,634.11,10.021,79.11613,0,0,1
347388,58:33.2,GPS,237385008,0,6,169131200,2401,10,1.21,-35.3615147,149.1657784,634.11,9.958,79.12593,-0.005,0,1
347752,58:33.4,GPS,237584928,0,6,169131400,2401,10,1.21,-35.3615114,149.1657998,634.11,9.789001,79.10422,-0.012,0,1
348107,58:33.6,GPS,237784848,0,6,169131600,2401,10,1.21,-35.3615082,149.1658206,634.11,9.537001,79.01158,-0.012,0,1
348467,58:33.8,GPS,237984768,0,6,169131800,2401,10,1.21,-35.3615049,149.165841,634.11,9.237,78.87166,-0.009000001,0,1
348825,58:34.0,GPS,238184688,0,6,169132000,2401,10,1.21,-35.3615017,149.1658606,634.11,8.901,78.73698,-0.005,0,1
349180,58:34.2,GPS,238384608,0,6,169132200,2401,10,1.21,-35.3614987,149.1658795,634.11,8.529,78.64344,-0.002,0,1
349543,58:34.4,GPS,238585361,0,6,169132400,2401,10,1.21,-35.3614957,149.1658974,634.12,8.122001,78.60812,0.001,0,1
349898,58:34.6,GPS,238785281,0,6,169132600,2401,10,1.21,-35.3614929,149.1659144,634.11,7.68,78.65098,0.004,0,1
350256,58:34.8,GPS,238985201,0,6,169132800,2401,10,1.21,-35.3614903,149.1659306,634.11,7.201,78.84114,0.008,0,1
350613,58:35.0,GPS,239185121,0,6,169133000,2401,10,1.21,-35.3614879,149.1659455,634.11,6.68,79.24158,0.013,0,1
350969,58:35.2,GPS,239385041,0,6,169133200,2401,10,1.21,-35.3614859,149.1659594,634.11,6.115,79.77921,0.016,0,1
351305,58:35.4,GPS,239564969,1,1,0,0,0,-0.01,0,0,0,0,0,0,0,0
351333,58:35.4,GPS,239584961,0,6,169133400,2401,10,1.21,-35.361484,149.165972,634.1,5.505,80.28615,0.016,0,1
351688,58:35.6,GPS,239784881,0,6,169133600,2401,10,1.21,-35.3614824,149.1659833,634.1,4.853,80.65099,0.012,0,1
352046,58:35.8,GPS,239984801,0,6,169133800,2401,10,1.21,-35.3614812,149.1659932,634.1,4.196,80.86539,0.007,0,1
352403,58:36.0,GPS,240184721,0,6,169134000,2401,10,1.21,-35.36148,149.1660016,634.1,3.582,80.9622,0.003,0,1
352758,58:36.2,GPS,240384641,0,6,169134200,2401,10,1.21,-35.3614792,149.1660087,634.1,3.039,80.96188,0.002,0,1
353121,58:36.4,GPS,240585394,0,6,169134400,2401,10,1.21,-35.3614783,149.1660149,634.1,2.584,80.85685,0.004,0,1
353478,58:36.6,GPS,240785314,0,6,169134600,2401,10,1.21,-35.3614776,149.1660201,634.1,2.227,80.62427,0.007,0,1
353835,58:36.8,GPS,240985234,0,6,169134800,2401,10,1.21,-35.3614771,149.1660246,634.09,1.968,80.24821,0.01,0,1
354193,58:37.0,GPS,241185154,0,6,169135000,2401,10,1.21,-35.3614764,149.1660287,634.09,1.802,79.74032,0.013,0,1
354548,58:37.2,GPS,241385074,0,6,169135200,2401,10,1.21,-35.3614759,149.1660325,634.09,1.715,79.15439,0.014,0,1
354910,58:37.4,GPS,241584994,0,6,169135400,2401,10,1.21,-35.3614752,149.1660362,634.08,1.692,78.58483,0.014,0,1
355265,58:37.6,GPS,241784914,0,6,169135600,2401,10,1.21,-35.3614747,149.1660398,634.08,1.714,78.11147,0.012,0,1
355623,58:37.8,GPS,241984834,0,6,169135800,2401,10,1.21,-35.361474,149.1660436,634.08,1.769,77.76543,0.01,0,1
355981,58:38.0,GPS,242184754,0,6,169136000,2401,10,1.21,-35.3614733,149.1660475,634.08,1.855,77.62652,0.006,0,1
356337,58:38.2,GPS,242384674,0,6,169136200,2401,10,1.21,-35.3614726,149.1660516,634.08,1.954,77.96398,-0.003,0,1
356700,58:38.4,GPS,242584594,0,6,169136400,2401,10,1.21,-35.3614719,149.1660559,634.08,2.048,79.02296,-0.024,0,1
357054,58:38.6,GPS,242785347,0,6,169136600,2401,10,1.21,-35.3614713,149.1660604,634.08,2.121,80.80791,-0.057,0,1
357414,58:38.8,GPS,242985267,0,6,169136800,2401,10,1.21,-35.3614707,149.1660651,634.11,2.168,83.24005,-0.102,0,1
357772,58:39.0,GPS,243185187,0,6,169137000,2401,10,1.21,-35.3614703,149.1660699,634.13,2.191,86.30157,-0.159,0,1
358127,58:39.2,GPS,243385107,0,6,169137200,2401,10,1.21,-35.3614702,149.1660748,634.17,2.191,90.05648,-0.226,0,1
358464,58:39.4,GPS,243565035,1,1,0,0,0,-0.01,0,0,0,0,0,0,0,0
358492,58:39.4,GPS,243585027,0,6,169137400,2401,10,1.21,-35.3614703,149.1660796,634.22,2.174,94.62569,-0.304,0,1
358846,58:39.6,GPS,243784947,0,6,169137600,2401,10,1.21,-35.3614707,149.1660843,634.29,2.148,100.1559,-0.393,0,1
359207,58:39.8,GPS,243984867,0,6,169137800,2401,10,1.21,-35.3614716,149.1660888,634.38,2.125,106.7437,-0.493,0,1
359565,58:40.0,GPS,244184787,0,6,169138000,2401,10,1.21,-35.361473,149.1660932,634.49,2.133,114.1966,-0.606,0,1
359920,58:40.2,GPS,244384707,0,6,169138200,2401,10,1.21,-35.3614748,149.1660974,634.62,2.196,121.779,-0.733,0,1
360282,58:40.4,GPS,244584627,0,6,169138400,2401,10,1.21,-35.3614771,149.1661015,634.78,2.331,128.4637,-0.873,0,1
360637,58:40.6,GPS,244785380,0,6,169138600,2401,10,1.21,-35.36148,149.1661054,634.97,2.524,133.5478,-1.024,0,1
360995,58:40.8,GPS,244985300,0,6,169138800,2401,10,1.21,-35.3614834,149.1661095,635.19,2.746,136.9786,-1.177,0,1
361353,58:41.0,GPS,245185220,0,6,169139000,2401,10,1.21,-35.3614872,149.1661138,635.44,2.969,139.0936,-1.323,0,1
361708,58:41.2,GPS,245385140,0,6,169139200,2401,10,1.21,-35.3614914,149.1661181,635.72,3.18,140.2746,-1.455,0,1
362073,58:41.4,GPS,245585060,0,6,169139400,2401,10,1.21,-35.3614959,149.1661227,636.02,3.378,140.8064,-1.571,0,1
362427,58:41.6,GPS,245784980,0,6,169139600,2401,10,1.21,-35.3615008,149.1661275,636.35,3.568,140.883,-1.671,0,1
362787,58:41.8,GPS,245984900,0,6,169139800,2401,10,1.21,-35.3615059,149.1661327,636.69,3.751,140.6976,-1.754,0,1
363144,58:42.0,GPS,246184820,0,6,169140000,2401,10,1.21,-35.3615112,149.166138,637.05,3.92,140.512,-1.823,0,1
363499,58:42.2,GPS,246384740,0,6,169140200,2401,10,1.21,-35.3615168,149.1661436,637.42,4.066,140.4986,-1.879,0,1
363862,58:42.4,GPS,246584660,0,6,169140400,2401,10,1.21,-35.3615225,149.1661494,637.8,4.185,140.6457,-1.921,0,1
364216,58:42.6,GPS,246784580,0,6,169140600,2401,10,1.21,-35.3615284,149.1661553,638.19,4.277,140.8941,-1.95,0,1
364574,58:42.8,GPS,246985333,0,6,169140800,2401,10,1.21,-35.3615344,149.1661613,638.58,4.34,141.1876,-1.966,0,1
364932,58:43.0,GPS,247185253,0,6,169141000,2401,10,1.21,-35.3615405,149.1661672,638.97,4.375,141.4789,-1.968,0,1
365287,58:43.2,GPS,247385173,0,6,169141200,2401,10,1.21,-35.3615467,149.1661733,639.37,4.397,141.7514,-1.962,0,1
365649,58:43.4,GPS,247585093,0,6,169141400,2401,10,1.21,-35.3615529,149.1661793,639.76,4.415,141.9874,-1.951,0,1
365651,58:43.4,GPS,247585093,1,1,0,0,0,-0.01,0,0,0,0,0,0,0,0
366005,58:43.6,GPS,247785013,0,6,169141600,2401,10,1.21,-35.3615592,149.1661853,640.15,4.417,142.1755,-1.935,0,1
366363,58:43.8,GPS,247984933,0,6,169141800,2401,10,1.21,-35.3615655,149.1661912,640.53,4.384,142.3232,-1.908,0,1
366723,58:44.0,GPS,248184853,0,6,169142000,2401,10,1.21,-35.3615716,149.1661971,640.91,4.311,142.4375,-1.867,0,1
367077,58:44.2,GPS,248384773,0,6,169142200,2401,10,1.21,-35.3615777,149.1662028,641.28,4.202,142.5242,-1.81,0,1
367441,58:44.4,GPS,248584693,0,6,169142400,2401,10,1.21,-35.3615837,149.1662083,641.63,4.059,142.5945,-1.739,0,1
367796,58:44.6,GPS,248784613,0,6,169142600,2401,10,1.21,-35.3615893,149.1662137,641.97,3.885,142.6583,-1.652,0,1
368153,58:44.8,GPS,248985366,0,6,169142800,2401,10,1.21,-35.3615947,149.1662187,642.29,3.681,142.7305,-1.55,0,1
368512,58:45.0,GPS,249185286,0,6,169143000,2401,10,1.21,-35.3615998,149.1662235,642.59,3.453,142.9289,-1.426,0,1
368866,58:45.2,GPS,249385206,0,6,169143200,2401,10,1.21,-35.3616046,149.1662279,642.86,3.212,143.4862,-1.278,0,1
369229,58:45.4,GPS,249585126,0,6,169143400,2401,10,1.21,-35.3616091,149.1662318,643.1,2.964,144.6124,-1.106,0,1
369584,58:45.6,GPS,249785046,0,6,169143600,2401,10,1.21,-35.3616133,149.1662354,643.3,2.714,146.4691,-0.9120001,0,1
369942,58:45.8,GPS,249984966,0,6,169143800,2401,10,1.21,-35.3616173,149.1662384,643.47,2.476,149.2214,-0.703,0,1
370300,58:46.0,GPS,250184886,0,6,169144000,2401,10,1.21,-35.361621,149.1662409,643.58,2.277,152.9895,-0.491,0,1
370654,58:46.2,GPS,250384806,0,6,169144200,2401,10,1.21,-35.3616246,149.166243,643.66,2.138,157.7032,-0.283,0,1
371020,58:46.4,GPS,250584726,0,6,169144400,2401,10,1.21,-35.3616281,149.1662445,643.7,2.074,162.9604,-0.085,0,1
371374,58:46.6,GPS,250784646,0,6,169144600,2401,10,1.21,-35.3616317,149.1662457,643.7,2.089,168.1538,0.101,0,1
371732,58:46.8,GPS,250985399,0,6,169144800,2401,10,1.21,-35.3616355,149.1662465,643.66,2.184,172.7525,0.278,0,1
372090,58:47.0,GPS,251185319,0,6,169145000,2401,10,1.21,-35.3616396,149.1662469,643.58,2.334,176.4871,0.446,0,1
372444,58:47.2,GPS,251385239,0,6,169145200,2401,10,1.21,-35.3616439,149.1662471,643.48,2.498,179.43,0.6020001,0,1
372807,58:47.4,GPS,251585159,0,6,169145400,2401,10,1.21,-35.3616485,149.166247,643.34,2.647,181.7669,0.749,0,1
372835,58:47.4,GPS,251605151,1,1,0,0,0,-0.01,0,0,0,0,0,0,0,0
373163,58:47.6,GPS,251785079,0,6,169145600,2401,10,1.21,-35.3616533,149.1662468,643.18,2.778,183.619,0.881,0,1
373522,58:47.8,GPS,251984999,0,6,169145800,2401,10,1.21,-35.3616585,149.1662463,642.99,2.896,185.0649,0.9910001,0,1
373881,58:48.0,GPS,252184919,0,6,169146000,2401,10,1.21,-35.3616637,149.1662457,642.79,3.003,186.1798,1.073,0,1
374235,58:48.2,GPS,252384839,0,6,169146200,2401,10,1.21,-35.3616691,149.166245,642.56,3.1,187.0928,1.133,0,1
374600,58:48.4,GPS,252584759,0,6,169146400,2401,10,1.21,-35.3616748,149.1662441,642.33,3.187,187.9419,1.175,0,1
374954,58:48.6,GPS,252784679,0,6,169146600,2401,10,1.21,-35.3616805,149.166243,642.1,3.265,188.744,1.203,0,1
375310,58:48.8,GPS,252984599,0,6,169146800,2401,10,1.21,-35.3616863,149.1662419,641.85,3.335,189.4258,1.218,0,1
375672,58:49.0,GPS,253185352,0,6,169147000,2401,10,1.21,-35.3616923,149.1662406,641.61,3.4,189.9215,1.222,0,1
376026,58:49.2,GPS,253385272,0,6,169147200,2401,10,1.21,-35.3616984,149.1662392,641.37,3.459,190.1986,1.216,0,1
376389,58:49.4,GPS,253585192,0,6,169147400,2401,10,1.21,-35.3617045,149.1662379,641.12,3.516,190.2595,1.201,0,1
376743,58:49.6,GPS,253785112,0,6,169147600,2401,10,1.21,-35.3617108,149.1662366,640.88,3.57,190.1296,1.179,0,1
377100,58:49.8,GPS,253985032,0,6,169147800,2401,10,1.21,-35.3617172,149.1662352,640.65,3.621,189.851,1.15,0,1
377459,58:50.0,GPS,254184952,0,6,169148000,2401,10,1.21,-35.3617236,149.1662338,640.43,3.67,189.4765,1.117,0,1
377813,58:50.2,GPS,254384872,0,6,169148200,2401,10,1.21,-35.3617301,149.1662325,640.2,3.718,189.0504,1.079,0,1
378177,58:50.4,GPS,254584792,0,6,169148400,2401,10,1.21,-35.3617368,149.1662312,639.99,3.764,188.6083,1.04,0,1
378532,58:50.6,GPS,254784712,0,6,169148600,2401,10,1.21,-35.3617435,149.1662299,639.79,3.807,188.1836,0.9990001,0,1
378888,58:50.8,GPS,254984632,0,6,169148800,2401,10,1.21,-35.3617504,149.1662288,639.59,3.848,187.7991,0.961,0,1
379248,58:51.0,GPS,255185385,0,6,169149000,2401,10,1.21,-35.3617573,149.1662277,639.4,3.886,187.4724,0.9260001,0,1
379602,58:51.2,GPS,255385305,0,6,169149200,2401,10,1.21,-35.3617643,149.1662266,639.22,3.92,187.2098,0.896,0,1
379965,58:51.4,GPS,255585225,0,6,169149400,2401,10,1.21,-35.3617713,149.1662255,639.04,3.952,187.0025,0.8700001,0,1
380019,58:51.4,GPS,255625209,1,1,0,0,0,-0.01,0,0,0,0,0,0,0,0
380321,58:51.6,GPS,255785145,0,6,169149600,2401,10,1.21,-35.3617783,149.1662245,638.87,3.979,186.8423,0.848,0,1
380678,58:51.8,GPS,255985065,0,6,169149800,2401,10,1.21,-35.3617854,149.1662235,638.7,4.004,186.731,0.831,0,1
381037,58:52.0,GPS,256184985,0,6,169150000,2401,10,1.21,-35.3617926,149.1662224,638.54,4.026,186.6665,0.8190001,0,1
381391,58:52.2,GPS,256384905,0,6,169150200,2401,10,1.21,-35.3617998,149.1662213,638.38,4.045,186.6338,0.809,0,1
381754,58:52.4,GPS,256584825,0,6,169150400,2401,10,1.21,-35.361807,149.1662203,638.22,4.062,186.6209,0.803,0,1
382109,58:52.6,GPS,256784745,0,6,169150600,2401,10,1.21,-35.3618143,149.1662193,638.06,4.077,186.622,0.8,0,1
382465,58:52.8,GPS,256984665,0,6,169150800,2401,10,1.21,-35.3618216,149.1662183,637.9,4.09,186.6281,0.8010001,0,1
382825,58:53.0,GPS,257184585,0,6,169151000,2401,10,1.21,-35.3618289,149.1662173,637.74,4.1,186.6308,0.804,0,1
383179,58:53.2,GPS,257385338,0,6,169151200,2401,10,1.21,-35.3618362,149.1662162,637.57,4.11,186.6309,0.8100001,0,1
383540,58:53.4,GPS,257585258,0,6,169151400,2401,10,1.21,-35.3618436,149.1662151,637.41,4.118,186.6337,0.818,0,1
383896,58:53.6,GPS,257785178,0,6,169151600,2401,10,1.21,-35.361851,149.1662141,637.25,4.125,186.64,0.8280001,0,1
384253,58:53.8,GPS,257985098,0,6,169151800,2401,10,1.21,-35.3618583,149.1662131,637.08,4.131,186.6352,0.8380001,0,1
384614,58:54.0,GPS,258185018,0,6,169152000,2401,10,1.21,-35.3618656,149.166212,636.91,4.138,186.5786,0.8470001,0,1
384968,58:54.2,GPS,258384938,0,6,169152200,2401,10,1.21,-35.361873,149.166211,636.74,4.144,186.4435,0.853,0,1
385330,58:54.4,GPS,258584858,0,6,169152400,2401,10,1.21,-35.3618805,149.1662099,636.57,4.152,186.2371,0.8560001,0,1
385686,58:54.6,GPS,258784778,0,6,169152600,2401,10,1.21,-35.3618879,149.1662089,636.4,4.16,185.9724,0.8570001,0,1
386042,58:54.8,GPS,258984698,0,6,169152800,2401,10,1.21,-35.3618953,149.166208,636.22,4.169,185.6604,0.854,0,1
386402,58:55.0,GPS,259184618,0,6,169153000,2401,10,1.21,-35.3619028,149.1662072,636.05,4.18,185.3,0.848,0,1
386756,58:55.2,GPS,259385371,0,6,169153200,2401,10,1.21,-35.3619103,149.1662064,635.89,4.193,184.8862,0.8380001,0,1
387117,58:55.4,GPS,259585291,0,6,169153400,2401,10,1.21,-35.3619178,149.1662056,635.72,4.207,184.4229,0.823,0,1
387196,58:55.4,GPS,259645267,1,1,0,0,0,-0.01,0,0,0,0,0,0,0,0
387475,58:55.6,GPS,259785211,0,6,169153600,2401,10,1.21,-35.3619253,149.1662049,635.56,4.223,183.9105,0.804,0,1
387832,58:55.8,GPS,259985131,0,6,169153800,2401,10,1.21,-35.3619329,149.1662043,635.4,4.241,183.3464,0.779,0,1
388191,58:56.0,GPS,260185051,0,6,169154000,2401,10,1.21,-35.3619406,149.1662038,635.24,4.261,182.7246,0.749,0,1
388545,58:56.2,GPS,260384971,0,6,169154200,2401,10,1.21,-35.3619482,149.1662034,635.1,4.284,182.0434,0.714,0,1
388907,58:56.4,GPS,260584891,0,6,169154400,2401,10,1.21,-35.3619559,149.1662031,634.96,4.309,181.3015,0.673,0,1
389263,58:56.6,GPS,260784811,0,6,169154600,2401,10,1.21,-35.3619638,149.166203,634.83,4.337,180.4931,0.626,0,1
389619,58:56.8,GPS,260984731,0,6,169154800,2401,10,1.21,-35.3619716,149.166203,634.71,4.368,179.6192,0.573,0,1
389978,58:57.0,GPS,261184651,0,6,169155000,2401,10,1.21,-35.3619795,149.1662031,634.6,4.401,178.6833,0.515,0,1
390336,58:57.2,GPS,261385404,0,6,169155200,2401,10,1.21,-35.3619874,149.1662033,634.5,4.436,177.6961,0.453,0,1
390697,58:57.4,GPS,261585324,0,6,169155400,2401,10,1.21,-35.3619954,149.1662038,634.42,4.473,176.691,0.39,0,1
391053,58:57.6,GPS,261785244,0,6,169155600,2401,10,1.21,-35.3620034,149.1662045,634.35,4.51,175.7177,0.328,0,1
391410,58:57.8,GPS,261985164,0,6,169155800,2401,10,1.21,-35.3620115,149.1662053,634.29,4.545,174.8134,0.273,0,1
391768,58:58.0,GPS,262185084,0,6,169156000,2401,10,1.21,-35.3620197,149.1662063,634.24,4.579,173.985,0.222,0,1
392123,58:58.2,GPS,262385004,0,6,169156200,2401,10,1.21,-35.3620279,149.1662074,634.19,4.612,173.2277,0.178,0,1
392486,58:58.4,GPS,262584924,0,6,169156400,2401,10,1.21,-35.3620361,149.1662087,634.17,4.643,172.536,0.138,0,1
392842,58:58.6,GPS,262784844,0,6,169156600,2401,10,1.21,-35.3620444,149.1662101,634.15,4.671,171.9069,0.103,0,1
393198,58:58.8,GPS,262984764,0,6,169156800,2401,10,1.21,-35.3620528,149.1662116,634.13,4.698,171.3402,0.072,0,1
393603,58:59.0,GPS,263184684,0,6,169157000,2401,10,1.21,-35.3620612,149.1662132,634.11,4.722,170.84,0.047,0,1
393960,58:59.2,GPS,263384604,0,6,169157200,2401,10,1.21,-35.3620696,149.1662149,634.11,4.744,170.4123,0.026,0,1
394321,58:59.4,GPS,263585357,0,6,169157400,2401,10,1.21,-35.3620779,149.1662167,634.11,4.763,170.0593,0.008,0,1
394475,58:59.5,GPS,263665325,1,1,0,0,0,-0.01,0,0,0,0,0,0,0,0
394679,58:59.6,GPS,263785277,0,6,169157600,2401,10,1.21,-35.3620864,149.1662185,634.11,4.779,169.7775,-0.003,0,1
395036,58:59.8,GPS,263985197,0,6,169157800,2401,10,1.21,-35.3620949,149.1662204,634.11,4.793,169.5574,-0.012,0,1
395394,59:00.0,GPS,264185117,0,6,169158000,2401,10,1.21,-35.3621033,149.1662223,634.11,4.804,169.3942,-0.017,0,1
395749,59:00.2,GPS,264385037,0,6,169158200,2401,10,1.21,-35.3621118,149.1662243,634.11,4.812,169.2932,-0.017,0,1
396111,59:00.4,GPS,264584957,0,6,169158400,2401,10,1.21,-35.3621203,149.1662263,634.12,4.817,169.2521,-0.015,0,1
396467,59:00.6,GPS,264784877,0,6,169158600,2401,10,1.21,-35.3621288,149.1662283,634.12,4.82,169.2573,-0.01,0,1
396823,59:00.8,GPS,264984797,0,6,169158800,2401,10,1.21,-35.3621373,149.1662303,634.12,4.822,169.2914,-0.004,0,1
397182,59:01.0,GPS,265184717,0,6,169159000,2401,10,1.21,-35.3621459,149.1662322,634.12,4.824,169.3295,0,0,1
397537,59:01.2,GPS,265384637,0,6,169159200,2401,10,1.21,-35.3621544,149.1662342,634.12,4.827,169.3578,0.001,0,1
397898,59:01.4,GPS,265585390,0,6,169159400,2401,10,1.21,-35.3621629,149.1662361,634.12,4.83,169.3784,0.002,0,1
398253,59:01.6,GPS,265785310,0,6,169159600,2401,10,1.21,-35.3621714,149.1662381,634.12,4.832,169.3958,0.002,0,1
398611,59:01.8,GPS,265985230,0,6,169159800,2401,10,1.21,-35.3621799,149.16624,634.12,4.835,169.4141,0.002,0,1
398969,59:02.0,GPS,266185150,0,6,169160000,2401,10,1.21,-35.3621885,149.166242,634.12,4.837,169.4362,0.003,0,1
399324,59:02.2,GPS,266385070,0,6,169160200,2401,10,1.21,-35.362197,149.166244,634.12,4.839,169.4626,0.003,0,1
399686,59:02.4,GPS,266584990,0,6,169160400,2401,10,1.21,-35.3622056,149.1662459,634.12,4.841,169.4917,0.004,0,1
400041,59:02.6,GPS,266784910,0,6,169160600,2401,10,1.21,-35.3622141,149.1662479,634.12,4.842,169.523,0.004,0,1
400398,59:02.8,GPS,266984830,0,6,169160800,2401,10,1.21,-35.3622227,149.1662498,634.12,4.843,169.558,0.004,0,1
400757,59:03.0,GPS,267184750,0,6,169161000,2401,10,1.21,-35.3622313,149.1662517,634.12,4.844,169.5957,0.005,0,1
401112,59:03.2,GPS,267384670,0,6,169161200,2401,10,1.21,-35.3622399,149.1662536,634.11,4.845,169.6324,0.005,0,1
401473,59:03.4,GPS,267584590,0,6,169161400,2401,10,1.21,-35.3622484,149.1662556,634.11,4.845,169.6639,0.005,0,1
401650,59:03.5,GPS,267685383,1,1,0,0,0,-0.01,0,0,0,0,0,0,0,0
401831,59:03.6,GPS,267785343,0,6,169161600,2401,10,1.21,-35.362257,149.1662575,634.11,4.846,169.6895,0.005,0,1
402188,59:03.8,GPS,267985263,0,6,169161800,2401,10,1.21,-35.3622656,149.1662594,634.11,4.846,169.7123,0.005,0,1
402545,59:04.0,GPS,268185183,0,6,169162000,2401,10,1.21,-35.3622741,149.1662613,634.11,4.847,169.7342,0.005,0,1
402903,59:04.2,GPS,268385103,0,6,169162200,2401,10,1.21,-35.3622826,149.1662632,634.11,4.848,169.7549,0.004,0,1
403265,59:04.4,GPS,268585023,0,6,169162400,2401,10,1.21,-35.3622912,149.1662651,634.11,4.848,169.7757,0.004,0,1
403620,59:04.6,GPS,268784943,0,6,169162600,2401,10,1.21,-35.3622998,149.166267,634.11,4.849,169.796,0.004,0,1
403977,59:04.8,GPS,268984863,0,6,169162800,2401,10,1.21,-35.3623083,149.1662688,634.11,4.849,169.814,0.004,0,1
404335,59:05.0,GPS,269184783,0,6,169163000,2401,10,1.21,-35.362317,149.1662707,634.11,4.85,169.8306,0.004,0,1
404690,59:05.2,GPS,269384703,0,6,169163200,2401,10,1.21,-35.3623256,149.1662726,634.1,4.85,169.8449,0.004,0,1
405052,59:05.4,GPS,269584623,0,6,169163400,2401,10,1.21,-35.3623342,149.1662745,634.1,4.851,169.8529,0.004,0,1
405408,59:05.6,GPS,269785376,0,6,169163600,2401,10,1.21,-35.3623427,149.1662764,634.1,4.851,169.8564,0.004,0,1
405765,59:05.8,GPS,269985296,0,6,169163800,2401,10,1.21,-35.3623513,149.1662783,634.1,4.851,169.8614,0.004,0,1
406122,59:06.0,GPS,270185216,0,6,169164000,2401,10,1.21,-35.3623599,149.1662802,634.1,4.852,169.8696,0.003,0,1
406477,59:06.2,GPS,270385136,0,6,169164200,2401,10,1.21,-35.3623685,149.1662821,634.1,4.852,169.8821,0.003,0,1
406840,59:06.4,GPS,270585056,0,6,169164400,2401,10,1.21,-35.362377,149.1662839,634.1,4.853,169.901,0.003,0,1
407195,59:06.6,GPS,270784976,0,6,169164600,2401,10,1.21,-35.3623856,149.1662858,634.1,4.853,169.9246,0.002,0,1
407552,59:06.8,GPS,270984896,0,6,169164800,2401,10,1.21,-35.3623942,149.1662877,634.1,4.854,169.9499,0.002,0,1
407910,59:07.0,GPS,271184816,0,6,169165000,2401,10,1.21,-35.3624028,149.1662895,634.1,4.854,169.9758,0.002,0,1
408265,59:07.2,GPS,271384736,0,6,169165200,2401,10,1.21,-35.3624114,149.1662914,634.1,4.854,170.0015,0.002,0,1
408627,59:07.4,GPS,271584656,0,6,169165400,2401,10,1.21,-35.36242,149.1662933,634.1,4.854,170.0268,0.002,0,1
408832,59:07.5,GPS,271704608,1,1,0,0,0,-0.01,0,0,0,0,0,0,0,0
408985,59:07.6,GPS,271785409,0,6,169165600,2401,10,1.21,-35.3624286,149.1662951,634.1,4.855,170.053,0.002,0,1
409342,59:07.8,GPS,271985329,0,6,169165800,2401,10,1.21,-35.3624372,149.1662969,634.1,4.855,170.081,0.002,0,1
409699,59:08.0,GPS,272185249,0,6,169166000,2401,10,1.21,-35.3624457,149.1662988,634.1,4.855,170.1106,0.002,0,1
410054,59:08.2,GPS,272385169,0,6,169166200,2401,10,1.21,-35.3624544,149.1663006,634.09,4.855,170.1406,0.002,0,1
410418,59:08.4,GPS,272585089,0,6,169166400,2401,10,1.21,-35.362463,149.1663025,634.09,4.855,170.1704,0.002,0,1
410773,59:08.6,GPS,272785009,0,6,169166600,2401,10,1.21,-35.3624716,149.1663042,634.09,4.856,170.1993,0.002,0,1
411130,59:08.8,GPS,272984929,0,6,169166800,2401,10,1.21,-35.3624802,149.166306,634.09,4.856,170.2267,0.002,0,1
411488,59:09.0,GPS,273184849,0,6,169167000,2401,10,1.21,-35.3624888,149.1663079,634.09,4.856,170.2519,0.002,0,1
411848,59:09.2,GPS,273384769,0,6,169167200,2401,10,1.21,-35.3624973,149.1663097,634.09,4.857,170.2746,0.002,0,1
412210,59:09.4,GPS,273584689,0,6,169167400,2401,10,1.21,-35.3625059,149.1663116,634.09,4.857,170.2968,0.001,0,1
412566,59:09.6,GPS,273784609,0,6,169167600,2401,10,1.21,-35.3625146,149.1663133,634.09,4.857,170.3216,0.001,0,1
412923,59:09.8,GPS,273985362,0,6,169167800,2401,10,1.21,-35.3625232,149.1663151,634.09,4.858,170.3501,0.001,0,1
413280,59:10.0,GPS,274185282,0,6,169168000,2401,10,1.21,-35.3625318,149.1663169,634.09,4.858,170.3826,0.001,0,1
413635,59:10.2,GPS,274385202,0,6,169168200,2401,10,1.21,-35.3625404,149.1663186,634.09,4.858,170.4187,0.001,0,1
413998,59:10.4,GPS,274585122,0,6,169168400,2401,10,1.21,-35.362549,149.1663204,634.09,4.858,170.4551,0,0,1
414353,59:10.6,GPS,274785042,0,6,169168600,2401,10,1.21,-35.3625576,149.1663223,634.09,4.859,170.489,0,0,1
414709,59:10.8,GPS,274984962,0,6,169168800,2401,10,1.21,-35.3625661,149.166324,634.09,4.859,170.5192,0,0,1
415068,59:11.0,GPS,275184882,0,6,169169000,2401,10,1.21,-35.3625748,149.1663257,634.09,4.86,170.5453,0,0,1
415423,59:11.2,GPS,275384802,0,6,169169200,2401,10,1.21,-35.3625834,149.1663275,634.09,4.86,170.5677,0,0,1
415785,59:11.4,GPS,275584722,0,6,169169400,2401,10,1.21,-35.3625921,149.1663293,634.09,4.86,170.5889,0,0,1
416014,59:11.5,GPS,275724666,1,1,0,0,0,-0.01,0,0,0,0,0,0,0,0
416143,59:11.6,GPS,275784642,0,6,169169600,2401,10,1.21,-35.3626007,149.166331,634.09,4.861,170.6097,0,0,1
416499,59:11.8,GPS,275985395,0,6,169169800,2401,10,1.21,-35.3626092,149.1663328,634.09,4.861,170.6292,0,0,1
416857,59:12.0,GPS,276185315,0,6,169170000,2401,10,1.21,-35.3626178,149.1663345,634.09,4.861,170.6477,0,0,1
417213,59:12.2,GPS,276385235,0,6,169170200,2401,10,1.21,-35.3626265,149.1663362,634.09,4.862,170.6664,0,0,1
417610,59:12.4,GPS,276585155,0,6,169170400,2401,10,1.21,-35.3626351,149.166338,634.09,4.862,170.687,0,0,1
418061,59:12.6,GPS,276785075,0,6,169170600,2401,10,1.21,-35.3626438,149.1663397,634.09,4.856,170.716,-0.001,0,1
418417,59:12.8,GPS,276984995,0,6,169170800,2401,10,1.21,-35.3626523,149.1663414,634.09,4.78,170.7908,-0.012,0,1
418777,59:13.0,GPS,277184915,0,6,169171000,2401,10,1.21,-35.3626606,149.1663431,634.09,4.574,170.9494,-0.023,0,1
419132,59:13.2,GPS,277384835,0,6,169171200,2401,10,1.21,-35.3626685,149.1663446,634.1,4.269,171.1806,-0.02,0,1
419494,59:13.4,GPS,277584755,0,6,169171400,2401,10,1.21,-35.3626758,149.1663459,634.1,3.902,171.4464,-0.011,0,1
419851,59:13.6,GPS,277784675,0,6,169171600,2401,10,1.21,-35.3626824,149.1663471,634.1,3.496,171.7114,0,0,1
420208,59:13.8,GPS,277984595,0,6,169171800,2401,10,1.21,-35.3626882,149.1663481,634.1,3.091,171.933,0.011,0,1
420566,59:14.0,GPS,278185348,0,6,169172000,2401,10,1.21,-35.3626934,149.1663491,634.1,2.732,172.024,0.018,0,1
420925,59:14.2,GPS,278385268,0,6,169172200,2401,10,1.21,-35.3626979,149.1663499,634.09,2.447,171.8447,0.019,0,1
421288,59:14.4,GPS,278585188,0,6,169172400,2401,10,1.21,-35.362702,149.1663506,634.09,2.254,171.3768,0.018,0,1
421643,59:14.6,GPS,278785108,0,6,169172600,2401,10,1.21,-35.362706,149.1663514,634.09,2.166,170.8158,0.015,0,1
422000,59:14.8,GPS,278985028,0,6,169172800,2401,10,1.21,-35.3627099,149.1663522,634.08,2.187,170.3655,0.013,0,1
422358,59:15.0,GPS,279184948,0,6,169173000,2401,10,1.21,-35.3627138,149.166353,634.08,2.314,170.0941,0.011,0,1
422714,59:15.2,GPS,279384868,0,6,169173200,2401,10,1.21,-35.3627181,149.1663539,634.08,2.538,169.9676,0.01,0,1
423075,59:15.4,GPS,279584788,0,6,169173400,2401,10,1.21,-35.3627228,149.1663549,634.08,2.824,169.9315,0.006,0,1
423331,59:15.5,GPS,279744724,1,1,0,0,0,-0.01,0,0,0,0,0,0,0,0
423433,59:15.6,GPS,279784708,0,6,169173600,2401,10,1.21,-35.3627281,149.166356,634.08,3.112,169.9393,0,0,1
423790,59:15.8,GPS,279984628,0,6,169173800,2401,10,1.21,-35.3627338,149.1663573,634.08,3.371,169.9645,-0.005,0,1
424148,59:16.0,GPS,280185381,0,6,169174000,2401,10,1.21,-35.36274,149.1663587,634.08,3.594,170.0016,-0.007,0,1
424504,59:16.2,GPS,280385301,0,6,169174200,2401,10,1.21,-35.3627465,149.1663601,634.08,3.785,170.0463,-0.007,0,1
424866,59:16.4,GPS,280585221,0,6,169174400,2401,10,1.21,-35.3627534,149.1663615,634.08,3.948,170.0928,-0.006,0,1
425221,59:16.6,GPS,280785141,0,6,169174600,2401,10,1.21,-35.3627605,149.1663631,634.08,4.087,170.1417,-0.004,0,1
425578,59:16.8,GPS,280985061,0,6,169174800,2401,10,1.21,-35.3627678,149.1663646,634.08,4.205,170.1921,-0.002,0,1
425937,59:17.0,GPS,281184981,0,6,169175000,2401,10,1.21,-35.3627753,149.1663663,634.09,4.307,170.2431,-0.001,0,1
426292,59:17.2,GPS,281384901,0,6,169175200,2401,10,1.21,-35.3627831,149.1663679,634.09,4.393,170.2975,0,0,1
426653,59:17.4,GPS,281584821,0,6,169175400,2401,10,1.21,-35.3627909,149.1663694,634.09,4.467,170.3582,0.001,0,1
427009,59:17.6,GPS,281784741,0,6,169175600,2401,10,1.21,-35.3627989,149.1663711,634.08,4.53,170.4259,0.001,0,1
427366,59:17.8,GPS,281984661,0,6,169175800,2401,10,1.21,-35.362807,149.1663728,634.08,4.583,170.4967,0.002,0,1
427724,59:18.0,GPS,282184581,0,6,169176000,2401,10,1.21,-35.3628152,149.1663745,634.08,4.628,170.5692,0.002,0,1
428079,59:18.2,GPS,282385334,0,6,169176200,2401,10,1.21,-35.3628234,149.1663761,634.08,4.667,170.6443,0.001,0,1
428442,59:18.4,GPS,282585254,0,6,169176400,2401,10,1.21,-35.3628317,149.1663778,634.08,4.7,170.7213,0.001,0,1
428797,59:18.6,GPS,282785174,0,6,169176600,2401,10,1.21,-35.3628401,149.1663795,634.08,4.728,170.7967,0.001,0,1
429154,59:18.8,GPS,282985094,0,6,169176800,2401,10,1.21,-35.3628485,149.1663812,634.08,4.752,170.8666,0,0,1
429512,59:19.0,GPS,283185014,0,6,169177000,2401,10,1.21,-35.3628569,149.1663828,634.08,4.772,170.93,0,0,1
429868,59:19.2,GPS,283384934,0,6,169177200,2401,10,1.21,-35.3628654,149.1663845,634.08,4.789,170.9874,0,0,1
430231,59:19.4,GPS,283584854,0,6,169177400,2401,10,1.21,-35.3628739,149.1663861,634.08,4.802,171.0401,0,0,1
430561,59:19.6,GPS,283764782,1,1,0,0,0,-0.01,0,0,0,0,0,0,0,0
430589,59:19.6,GPS,283784774,0,6,169177600,2401,10,1.21,-35.3628825,149.1663878,634.08,4.814,171.0892,-0.001,0,1
430946,59:19.8,GPS,283984694,0,6,169177800,2401,10,1.21,-35.362891,149.1663894,634.08,4.824,171.1329,-0.001,0,1
431303,59:20.0,GPS,284184614,0,6,169178000,2401,10,1.21,-35.3628996,149.1663911,634.08,4.832,171.1684,-0.001,0,1
431659,59:20.2,GPS,284385367,0,6,169178200,2401,10,1.21,-35.3629082,149.1663927,634.08,4.84,171.1835,-0.002,0,1
432021,59:20.4,GPS,284585287,0,6,169178400,2401,10,1.21,-35.3629168,149.1663943,634.08,4.848,171.1417,-0.005,0,1
432376,59:20.6,GPS,284785207,0,6,169178600,2401,10,1.21,-35.3629253,149.166396,634.09,4.857,170.9994,-0.011,0,1
432733,59:20.8,GPS,284985127,0,6,169178800,2401,10,1.21,-35.3629339,149.1663977,634.09,4.861,170.7457,-0.024,0,1
433091,59:21.0,GPS,285185047,0,6,169179000,2401,10,1.21,-35.3629425,149.1663994,634.09,4.838,170.4044,-0.042,0,1
433447,59:21.2,GPS,285384967,0,6,169179200,2401,10,1.21,-35.3629511,149.1664012,634.1,4.778,169.9923,-0.062,0,1
433808,59:21.4,GPS,285584887,0,6,169179400,2401,10,1.21,-35.3629595,149.1664031,634.12,4.686,169.4994,-0.083,0,1
434164,59:21.6,GPS,285784807,0,6,169179600,2401,10,1.21,-35.3629676,149.166405,634.14,4.576,168.9009,-0.106,0,1
434521,59:21.8,GPS,285984727,0,6,169179800,2401,10,1.21,-35.3629756,149.166407,634.16,4.456,168.167,-0.132,0,1
434878,59:22.0,GPS,286184647,0,6,169180000,2401,10,1.21,-35.3629834,149.166409,634.19,4.335,167.2621,-0.162,0,1
435234,59:22.2,GPS,286385400,0,6,169180200,2401,10,1.21,-35.3629908,149.1664112,634.23,4.216,166.1494,-0.198,0,1
435596,59:22.4,GPS,286585320,0,6,169180400,2401,10,1.21,-35.362998,149.1664134,634.27,4.102,164.7948,-0.24,0,1
435951,59:22.6,GPS,286785240,0,6,169180600,2401,10,1.21,-35.363005,149.1664159,634.32,3.997,163.1685,-0.288,0,1
436308,59:22.8,GPS,286985160,0,6,169180800,2401,10,1.21,-35.3630118,149.1664185,634.39,3.914,161.2596,-0.342,0,1
436666,59:23.0,GPS,287185080,0,6,169181000,2401,10,1.21,-35.3630184,149.1664214,634.45,3.868,159.1009,-0.402,0,1
437024,59:23.2,GPS,287385000,0,6,169181200,2401,10,1.21,-35.3630248,149.1664247,634.55,3.867,156.8099,-0.468,0,1
437386,59:23.4,GPS,287584920,0,6,169181400,2401,10,1.21,-35.3630311,149.1664282,634.65,3.903,154.5506,-0.537,0,1
437741,59:23.6,GPS,287784840,0,6,169181600,2401,10,1.21,-35.3630375,149.1664321,634.76,3.958,152.4398,-0.606,0,1
437743,59:23.6,GPS,287784840,1,1,0,0,0,-0.01,0,0,0,0,0,0,0,0
438101,59:23.8,GPS,287984760,0,6,169181800,2401,10,1.21,-35.3630438,149.1664362,634.89,4.011,150.5168,-0.6720001,0,1
438458,59:24.0,GPS,288184680,0,6,169182000,2401,10,1.21,-35.36305,149.1664407,635.03,4.054,148.769,-0.7320001,0,1
438813,59:24.2,GPS,288384600,0,6,169182200,2401,10,1.21,-35.3630562,149.1664455,635.19,4.09,147.1689,-0.785,0,1
439178,59:24.4,GPS,288585353,0,6,169182400,2401,10,1.21,-35.3630624,149.1664505,635.35,4.121,145.7049,-0.831,0,1
439532,59:24.6,GPS,288785273,0,6,169182600,2401,10,1.21,-35.3630685,149.1664558,635.52,4.15,144.3926,-0.8700001,0,1
439890,59:24.8,GPS,288985193,0,6,169182800,2401,10,1.21,-35.3630744,149.1664612,635.69,4.178,143.2475,-0.9030001,0,1
440248,59:25.0,GPS,289185113,0,6,169183000,2401,10,1.21,-35.3630804,149.1664668,635.88,4.207,142.2812,-0.929,0,1
440603,59:25.2,GPS,289385033,0,6,169183200,2401,10,1.21,-35.3630865,149.1664725,636.06,4.234,141.5135,-0.95,0,1
440965,59:25.4,GPS,289584953,0,6,169183400,2401,10,1.21,-35.3630924,149.1664784,636.26,4.259,140.96,-0.964,0,1
441320,59:25.6,GPS,289784873,0,6,169183600,2401,10,1.21,-35.3630984,149.1664843,636.45,4.282,140.6257,-0.9720001,0,1
441678,59:25.8,GPS,289984793,0,6,169183800,2401,10,1.21,-35.3631043,149.1664903,636.65,4.303,140.4747,-0.975,0,1
442035,59:26.0,GPS,290184713,0,6,169184000,2401,10,1.21,-35.3631102,149.1664964,636.84,4.323,140.4064,-0.9760001,0,1
442390,59:26.2,GPS,290384633,0,6,169184200,2401,10,1.21,-35.3631163,149.1665025,637.04,4.332,140.3376,-0.9760001,0,1
442753,59:26.4,GPS,290585386,0,6,169184400,2401,10,1.21,-35.3631223,149.1665085,637.23,4.312,140.2556,-0.9710001,0,1
443107,59:26.6,GPS,290785306,0,6,169184600,2401,10,1.21,-35.3631282,149.1665146,637.42,4.253,140.1726,-0.9580001,0,1
443465,59:26.8,GPS,290985226,0,6,169184800,2401,10,1.21,-35.363134,149.1665205,637.61,4.157,140.0999,-0.9350001,0,1
443823,59:27.0,GPS,291185146,0,6,169185000,2401,10,1.21,-35.3631396,149.1665263,637.8,4.031,140.0804,-0.9,0,1
444178,59:27.2,GPS,291385066,0,6,169185200,2401,10,1.21,-35.363145,149.1665319,637.97,3.884,140.2612,-0.846,0,1
444540,59:27.4,GPS,291584986,0,6,169185400,2401,10,1.21,-35.3631503,149.1665373,638.13,3.725,140.83,-0.77,0,1
444896,59:27.6,GPS,291784906,0,6,169185600,2401,10,1.21,-35.3631555,149.1665423,638.28,3.556,141.8911,-0.673,0,1
444924,59:27.6,GPS,291804898,1,1,0,0,0,-0.01,0,0,0,0,0,0,0,0
445256,59:27.8,GPS,291984826,0,6,169185800,2401,10,1.21,-35.3631604,149.1665469,638.4,3.375,143.5047,-0.554,0,1
445613,59:28.0,GPS,292184746,0,6,169186000,2401,10,1.21,-35.3631652,149.1665511,638.5,3.182,145.7438,-0.413,0,1
445967,59:28.2,GPS,292384666,0,6,169186200,2401,10,1.21,-35.3631699,149.1665547,638.56,2.985,148.7086,-0.25,0,1
446332,59:28.4,GPS,292584586,0,6,169186400,2401,10,1.21,-35.3631744,149.1665579,638.6,2.801,152.4915,-0.07,0,1
446689,59:28.6,GPS,292785339,0,6,169186600,2401,10,1.21,-35.3631788,149.1665605,638.59,2.661,157.0378,0.121,0,1
447047,59:28.8,GPS,292985259,0,6,169186800,2401,10,1.21,-35.3631833,149.1665625,638.55,2.588,162.0419,0.319,0,1
447404,59:29.0,GPS,293185179,0,6,169187000,2401,10,1.21,-35.3631877,149.166564,638.47,2.596,167.0096,0.517,0,1
447759,59:29.2,GPS,293385099,0,6,169187200,2401,10,1.21,-35.3631923,149.1665651,638.34,2.67,171.4723,0.707,0,1
448124,59:29.4,GPS,293585019,0,6,169187400,2401,10,1.21,-35.3631972,149.1665658,638.18,2.779,175.1932,0.8790001,0,1
448479,59:29.6,GPS,293784939,0,6,169187600,2401,10,1.21,-35.3632023,149.1665661,637.99,2.892,178.2137,1.031,0,1
448837,59:29.8,GPS,293984859,0,6,169187800,2401,10,1.21,-35.3632075,149.1665662,637.77,2.999,180.6893,1.159,0,1
449196,59:30.0,GPS,294184779,0,6,169188000,2401,10,1.21,-35.363213,149.166566,637.53,3.1,182.7432,1.264,0,1
449550,59:30.2,GPS,294384699,0,6,169188200,2401,10,1.21,-35.3632187,149.1665656,637.27,3.197,184.4165,1.343,0,1
449913,59:30.4,GPS,294584619,0,6,169188400,2401,10,1.21,-35.3632245,149.166565,637,3.29,185.711,1.398,0,1
450268,59:30.6,GPS,294785372,0,6,169188600,2401,10,1.21,-35.3632305,149.1665642,636.71,3.38,186.653,1.43,0,1
450625,59:30.8,GPS,294985292,0,6,169188800,2401,10,1.21,-35.3632366,149.1665633,636.42,3.466,187.3619,1.442,0,1
450983,59:31.0,GPS,295185212,0,6,169189000,2401,10,1.21,-35.3632428,149.1665622,636.13,3.547,187.9785,1.44,0,1
451338,59:31.2,GPS,295385132,0,6,169189200,2401,10,1.21,-35.3632492,149.1665611,635.85,3.625,188.534,1.427,0,1
451701,59:31.4,GPS,295585052,0,6,169189400,2401,10,1.21,-35.3632557,149.1665599,635.57,3.697,188.9841,1.407,0,1
452055,59:31.6,GPS,295784972,0,6,169189600,2401,10,1.21,-35.3632623,149.1665585,635.29,3.762,189.2913,1.387,0,1
452109,59:31.6,GPS,295824956,1,1,0,0,0,-0.01,0,0,0,0,0,0,0,0
452414,59:31.8,GPS,295984892,0,6,169189800,2401,10,1.21,-35.363269,149.1665572,635.01,3.82,189.4515,1.369,0,1
452773,59:32.0,GPS,296184812,0,6,169190000,2401,10,1.21,-35.3632759,149.1665559,634.73,3.87,189.4733,1.354,0,1
453127,59:32.2,GPS,296384732,0,6,169190200,2401,10,1.21,-35.3632827,149.1665544,634.46,3.913,189.3742,1.343,0,1
453490,59:32.4,GPS,296584652,0,6,169190400,2401,10,1.21,-35.3632897,149.166553,634.2,3.947,189.1776,1.336,0,1
453845,59:32.6,GPS,296785405,0,6,169190600,2401,10,1.21,-35.3632968,149.1665517,633.93,3.969,188.9105,1.332,0,1
454200,59:32.8,GPS,296985325,0,6,169190800,2401,10,1.21,-35.3633038,149.1665503,633.66,3.98,188.6052,1.331,0,1
454560,59:33.0,GPS,297185245,0,6,169191000,2401,10,1.21,-35.3633109,149.166549,633.4,3.982,188.2894,1.333,0,1
454960,59:33.2,GPS,297385165,0,6,169191200,2401,10,1.21,-35.363318,149.1665478,633.13,3.977,187.9814,1.337,0,1
455323,59:33.4,GPS,297585085,0,6,169191400,2401,10,1.21,-35.363325,149.1665466,632.86,3.969,187.6903,1.343,0,1
455677,59:33.6,GPS,297785005,0,6,169191600,2401,10,1.21,-35.3633321,149.1665454,632.59,3.959,187.4253,1.351,0,1
456032,59:33.8,GPS,297984925,0,6,169191800,2401,10,1.21,-35.3633392,149.1665443,632.32,3.949,187.2002,1.359,0,1
456393,59:34.0,GPS,298184845,0,6,169192000,2401,10,1.21,-35.3633461,149.1665433,632.05,3.94,187.017,1.368,0,1
456747,59:34.2,GPS,298384765,0,6,169192200,2401,10,1.21,-35.3633532,149.1665422,631.78,3.934,186.8686,1.376,0,1
457110,59:34.4,GPS,298584685,0,6,169192400,2401,10,1.21,-35.3633602,149.1665411,631.5,3.93,186.7582,1.384,0,1
457467,59:34.6,GPS,298784605,0,6,169192600,2401,10,1.21,-35.3633673,149.1665401,631.22,3.928,186.6851,1.393,0,1
457822,59:34.8,GPS,298985358,0,6,169192800,2401,10,1.21,-35.3633742,149.1665392,630.94,3.928,186.6386,1.4,0,1
458182,59:35.0,GPS,299185278,0,6,169193000,2401,10,1.21,-35.3633813,149.1665382,630.66,3.929,186.6118,1.407,0,1
458537,59:35.2,GPS,299385198,0,6,169193200,2401,10,1.21,-35.3633882,149.1665372,630.38,3.932,186.6018,1.413,0,1
458900,59:35.4,GPS,299585118,0,6,169193400,2401,10,1.21,-35.3633952,149.1665362,630.1,3.936,186.6052,1.419,0,1
459254,59:35.6,GPS,299785038,0,6,169193600,2401,10,1.21,-35.3634023,149.1665352,629.81,3.942,186.6181,1.425,0,1
459308,59:35.6,GPS,299825022,1,1,0,0,0,-0.01,0,0,0,0,0,0,0,0
459611,59:35.8,GPS,299984958,0,6,169193800,2401,10,1.21,-35.3634093,149.1665342,629.53,3.948,186.6371,1.43,0,1
459972,59:36.0,GPS,300184878,0,6,169194000,2401,10,1.21,-35.3634164,149.1665332,629.24,3.954,186.6582,1.435,0,1
460326,59:36.2,GPS,300384798,0,6,169194200,2401,10,1.21,-35.3634235,149.1665322,628.95,3.96,186.678,1.44,0,1
460688,59:36.4,GPS,300584718,0,6,169194400,2401,10,1.21,-35.3634306,149.1665312,628.66,3.966,186.6932,1.444,0,1
461044,59:36.6,GPS,300784638,0,6,169194600,2401,10,1.21,-35.3634376,149.1665301,628.37,3.973,186.7026,1.447,0,1
461399,59:36.8,GPS,300985391,0,6,169194800,2401,10,1.21,-35.3634447,149.1665291,628.08,3.98,186.7113,1.451,0,1
461759,59:37.0,GPS,301185311,0,6,169195000,2401,10,1.21,-35.3634518,149.1665281,627.79,3.985,186.7226,1.454,0,1
462114,59:37.2,GPS,301385231,0,6,169195200,2401,10,1.21,-35.3634589,149.1665271,627.5,3.99,186.7318,1.458,0,1
462476,59:37.4,GPS,301585151,0,6,169195400,2401,10,1.21,-35.363466,149.166526,627.21,3.993,186.751,1.46,0,1
462831,59:37.6,GPS,301785071,0,6,169195600,2401,10,1.21,-35.3634732,149.1665249,626.92,3.99,186.9112,1.459,0,1
463186,59:37.8,GPS,301984991,0,6,169195800,2401,10,1.21,-35.3634803,149.1665238,626.62,3.966,187.4505,1.451,0,1
463547,59:38.0,GPS,302184911,0,6,169196000,2401,10,1.21,-35.3634873,149.1665226,626.33,3.915,188.5296,1.435,0,1
463901,59:38.2,GPS,302384831,0,6,169196200,2401,10,1.21,-35.3634942,149.1665213,626.05,3.837,190.2091,1.412,0,1
464264,59:38.4,GPS,302584751,0,6,169196400,2401,10,1.21,-35.3635009,149.1665196,625.77,3.738,192.556,1.38,0,1
464621,59:38.6,GPS,302784671,0,6,169196600,2401,10,1.21,-35.3635073,149.1665176,625.5,3.623,195.6707,1.34,0,1
464976,59:38.8,GPS,302984591,0,6,169196800,2401,10,1.21,-35.3635134,149.1665153,625.24,3.502,199.7044,1.292,0,1
465336,59:39.0,GPS,303185344,0,6,169197000,2401,10,1.21,-35.3635191,149.1665124,624.98,3.387,204.8558,1.235,0,1
465691,59:39.2,GPS,303385264,0,6,169197200,2401,10,1.21,-35.3635244,149.166509,624.74,3.293,211.3166,1.17,0,1
466056,59:39.4,GPS,303585184,0,6,169197400,2401,10,1.21,-35.3635292,149.1665049,624.52,3.247,219.1841,1.098,0,1
466414,59:39.6,GPS,303785104,0,6,169197600,2401,10,1.21,-35.3635334,149.1664999,624.31,3.282,228.2065,1.024,0,1
466492,59:39.6,GPS,303845080,1,1,0,0,0,-0.01,0,0,0,0,0,0,0,0
466771,59:39.8,GPS,303985024,0,6,169197800,2401,10,1.21,-35.363537,149.1664941,624.11,3.429,237.5893,0.956,0,1
467132,59:40.0,GPS,304184944,0,6,169198000,2401,10,1.21,-35.36354,149.1664871,623.92,3.696,246.2635,0.901,0,1
467486,59:40.2,GPS,304384864,0,6,169198200,2401,10,1.21,-35.3635424,149.1664791,623.74,4.054,253.475,0.8610001,0,1
467847,59:40.4,GPS,304584784,0,6,169198400,2401,10,1.21,-35.3635442,149.16647,623.57,4.459,259.0899,0.8380001,0,1
468204,59:40.6,GPS,304784704,0,6,169198600,2401,10,1.21,-35.3635455,149.1664598,623.41,4.88,263.3125,0.8340001,0,1
468559,59:40.8,GPS,304984624,0,6,169198800,2401,10,1.21,-35.3635462,149.1664486,623.24,5.306,266.413,0.8470001,0,1
468919,59:41.0,GPS,305185377,0,6,169199000,2401,10,1.21,-35.3635467,149.1664364,623.06,5.732,268.6284,0.876,0,1
469274,59:41.2,GPS,305385297,0,6,169199200,2401,10,1.21,-35.3635468,149.1664233,622.89,6.158,270.1368,0.92,0,1
469636,59:41.4,GPS,305585217,0,6,169199400,2401,10,1.21,-35.3635467,149.1664094,622.69,6.57,271.0758,0.9760001,0,1
469993,59:41.6,GPS,305785137,0,6,169199600,2401,10,1.21,-35.3635464,149.1663945,622.5,6.945,271.5674,1.04,0,1
470348,59:41.8,GPS,305985057,0,6,169199800,2401,10,1.21,-35.363546,149.1663788,622.28,7.266,271.7642,1.108,0,1
470708,59:42.0,GPS,306184977,0,6,169200000,2401,10,1.21,-35.3635457,149.1663626,622.05,7.542,271.8401,1.172,0,1
471064,59:42.2,GPS,306384897,0,6,169200200,2401,10,1.21,-35.3635452,149.1663457,621.81,7.782001,271.9104,1.227,0,1
471425,59:42.4,GPS,306584817,0,6,169200400,2401,10,1.21,-35.3635447,149.1663282,621.56,7.994,272.0101,1.274,0,1
471783,59:42.6,GPS,306784737,0,6,169200600,2401,10,1.21,-35.3635441,149.1663103,621.31,8.18,272.14,1.311,0,1
472138,59:42.8,GPS,306984657,0,6,169200800,2401,10,1.21,-35.3635436,149.1662922,621.04,8.345,272.2897,1.339,0,1
472498,59:43.0,GPS,307184577,0,6,169201000,2401,10,1.21,-35.3635429,149.1662737,620.77,8.489,272.4418,1.359,0,1
472854,59:43.2,GPS,307385330,0,6,169201200,2401,10,1.21,-35.3635423,149.1662548,620.5,8.616,272.5766,1.372,0,1
473218,59:43.4,GPS,307585250,0,6,169201400,2401,10,1.21,-35.3635416,149.1662357,620.22,8.726001,272.6742,1.377,0,1
473575,59:43.6,GPS,307785170,0,6,169201600,2401,10,1.21,-35.3635409,149.1662165,619.95,8.821,272.7191,1.377,0,1
473728,59:43.7,GPS,307865138,1,1,0,0,0,-0.01,0,0,0,0,0,0,0,0
473932,59:43.8,GPS,307985090,0,6,169201800,2401,10,1.21,-35.3635401,149.166197,619.67,8.901,272.7033,1.371,0,1
474292,59:44.0,GPS,308185010,0,6,169202000,2401,10,1.21,-35.3635393,149.1661773,619.4,8.968,272.6248,1.361,0,1
474648,59:44.2,GPS,308384930,0,6,169202200,2401,10,1.21,-35.3635386,149.1661575,619.12,9.024,272.4859,1.347,0,1
475009,59:44.4,GPS,308584850,0,6,169202400,2401,10,1.21,-35.363538,149.1661376,618.86,9.070001,272.297,1.332,0,1
475368,59:44.6,GPS,308784770,0,6,169202600,2401,10,1.21,-35.3635374,149.1661176,618.59,9.107,272.0704,1.318,0,1
475724,59:44.8,GPS,308984690,0,6,169202800,2401,10,1.21,-35.3635367,149.1660974,618.33,9.137,271.8137,1.302,0,1
476084,59:45.0,GPS,309184610,0,6,169203000,2401,10,1.21,-35.3635362,149.1660773,618.07,9.163,271.5382,1.284,0,1
476571,59:45.2,GPS,309385363,0,6,169203200,2401,10,1.21,-35.3635359,149.1660571,617.82,9.184,271.265,1.266,0,1
476932,59:45.4,GPS,309585283,0,6,169203400,2401,10,1.21,-35.3635355,149.1660369,617.56,9.177,271.0255,1.258,0,1
477288,59:45.6,GPS,309785203,0,6,169203600,2401,10,1.21,-35.3635352,149.1660168,617.32,9.095,270.8018,1.198,0,1
477646,59:45.8,GPS,309985123,0,6,169203800,2401,10,1.21,-35.3635351,149.1659969,617.09,8.924001,270.6094,1.045,0,1
478006,59:46.0,GPS,310185043,0,6,169204000,2401,10,1.21,-35.363535,149.1659775,616.9,8.681001,270.5232,0.8560001,0,1
478362,59:46.2,GPS,310384963,0,6,169204200,2401,10,1.21,-35.3635348,149.1659587,616.75,8.374001,270.5491,0.675,0,1
478725,59:46.4,GPS,310584883,0,6,169204400,2401,10,1.21,-35.3635347,149.1659407,616.63,8.007,270.6458,0.526,0,1
479081,59:46.6,GPS,310784803,0,6,169204600,2401,10,1.21,-35.3635345,149.1659235,616.54,7.587,270.7715,0.419,0,1
479437,59:46.8,GPS,310984723,0,6,169204800,2401,10,1.21,-35.3635343,149.1659072,616.46,7.123,270.8936,0.352,0,1
479797,59:47.0,GPS,311184643,0,6,169205000,2401,10,1.21,-35.363534,149.1658921,616.39,6.622,270.9418,0.321,0,1
480153,59:47.2,GPS,311385396,0,6,169205200,2401,10,1.21,-35.3635339,149.165878,616.32,6.073,270.7981,0.321,0,1
480515,59:47.4,GPS,311585316,0,6,169205400,2401,10,1.21,-35.3635338,149.1658653,616.26,5.453,270.4273,0.344,0,1
480870,59:47.6,GPS,311785236,0,6,169205600,2401,10,1.21,-35.3635338,149.1658541,616.19,4.777,269.9055,0.379,0,1
481048,59:47.7,GPS,311885196,1,1,0,0,0,-0.01,0,0,0,0,0,0,0,0
481227,59:47.8,GPS,311985156,0,6,169205800,2401,10,1.21,-35.3635338,149.1658443,616.11,4.105,269.2999,0.416,0,1
481587,59:48.0,GPS,312185076,0,6,169206000,2401,10,1.21,-35.3635339,149.165836,616.02,3.487,268.6398,0.451,0,1
481944,59:48.2,GPS,312384996,0,6,169206200,2401,10,1.21,-35.363534,149.1658289,615.93,2.943,267.9245,0.484,0,1
482306,59:48.4,GPS,312584916,0,6,169206400,2401,10,1.21,-35.3635342,149.165823,615.83,2.484,267.1128,0.515,0,1
482661,59:48.6,GPS,312784836,0,6,169206600,2401,10,1.21,-35.3635345,149.165818,615.72,2.117,266.1704,0.5420001,0,1
483016,59:48.8,GPS,312984756,0,6,169206800,2401,10,1.21,-35.3635347,149.1658136,615.61,1.841,265.1216,0.566,0,1
483377,59:49.0,GPS,313184676,0,6,169207000,2401,10,1.21,-35.363535,149.1658097,615.5,1.65,264.0665,0.583,0,1
483733,59:49.2,GPS,313384596,0,6,169207200,2401,10,1.21,-35.3635353,149.1658063,615.38,1.534,263.1424,0.594,0,1
484094,59:49.4,GPS,313585349,0,6,169207400,2401,10,1.21,-35.3635357,149.1658031,615.26,1.476,262.4615,0.597,0,1
484451,59:49.6,GPS,313785269,0,6,169207600,2401,10,1.21,-35.3635361,149.1657999,615.14,1.466,262.0857,0.595,0,1
484806,59:49.8,GPS,313985189,0,6,169207800,2401,10,1.21,-35.3635364,149.1657966,615.02,1.5,262.0651,0.589,0,1
485165,59:50.0,GPS,314185109,0,6,169208000,2401,10,1.21,-35.3635368,149.1657933,614.91,1.57,262.615,0.577,0,1
485521,59:50.2,GPS,314385029,0,6,169208200,2401,10,1.21,-35.3635371,149.1657898,614.79,1.655,263.9806,0.554,0,1
485883,59:50.4,GPS,314584949,0,6,169208400,2401,10,1.21,-35.3635374,149.165786,614.69,1.739,266.1664,0.516,0,1
486238,59:50.6,GPS,314784869,0,6,169208600,2401,10,1.21,-35.3635375,149.1657821,614.58,1.814,269.0511,0.465,0,1
486593,59:50.8,GPS,314984789,0,6,169208800,2401,10,1.21,-35.3635375,149.165778,614.5,1.875,272.5652,0.4,0,1
486951,59:51.0,GPS,315184709,0,6,169209000,2401,10,1.21,-35.3635372,149.1657738,614.43,1.922,276.6831,0.321,0,1
487307,59:51.2,GPS,315384629,0,6,169209200,2401,10,1.21,-35.3635367,149.1657697,614.37,1.957,281.4221,0.231,0,1
487670,59:51.4,GPS,315585382,0,6,169209400,2401,10,1.21,-35.3635359,149.1657655,614.33,1.987,286.8085,0.128,0,1
488029,59:51.6,GPS,315785302,0,6,169209600,2401,10,1.21,-35.3635347,149.1657612,614.32,2.029,292.6962,0.017,0,1
488235,59:51.7,GPS,315905254,1,1,0,0,0,-0.01,0,0,0,0,0,0,0,0
488387,59:51.8,GPS,315985222,0,6,169209800,2401,10,1.21,-35.3635331,149.1657572,614.33,2.106,298.6469,-0.098,0,1
488745,59:52.0,GPS,316185142,0,6,169210000,2401,10,1.21,-35.363531,149.1657531,614.36,2.242,304.0273,-0.213,0,1
489101,59:52.2,GPS,316385062,0,6,169210200,2401,10,1.21,-35.3635285,149.165749,614.41,2.45,308.3365,-0.325,0,1
489463,59:52.4,GPS,316584982,0,6,169210400,2401,10,1.21,-35.3635256,149.1657446,614.49,2.722,311.4731,-0.431,0,1
489819,59:52.6,GPS,316784902,0,6,169210600,2401,10,1.21,-35.3635221,149.16574,614.58,3.034,313.6227,-0.528,0,1
490174,59:52.8,GPS,316984822,0,6,169210800,2401,10,1.21,-35.363518,149.1657349,614.7,3.357,315.0422,-0.614,0,1
490532,59:53.0,GPS,317184742,0,6,169211000,2401,10,1.21,-35.3635135,149.1657295,614.83,3.669,315.9288,-0.684,0,1
490889,59:53.2,GPS,317384662,0,6,169211200,2401,10,1.21,-35.3635086,149.1657237,614.97,3.959,316.4101,-0.74,0,1
491251,59:53.4,GPS,317584582,0,6,169211400,2401,10,1.21,-35.3635032,149.1657174,615.13,4.227,316.6175,-0.7830001,0,1
491606,59:53.6,GPS,317785335,0,6,169211600,2401,10,1.21,-35.3634976,149.1657109,615.29,4.467,316.7425,-0.818,0,1
491961,59:53.8,GPS,317985255,0,6,169211800,2401,10,1.21,-35.3634915,149.165704,615.45,4.673,316.9189,-0.8470001,0,1
492321,59:54.0,GPS,318185175,0,6,169212000,2401,10,1.21,-35.3634852,149.1656968,615.62,4.847,317.1502,-0.872,0,1
492677,59:54.2,GPS,318385095,0,6,169212200,2401,10,1.21,-35.3634787,149.1656894,615.8,4.992,317.3972,-0.8930001,0,1
493039,59:54.4,GPS,318585015,0,6,169212400,2401,10,1.21,-35.3634721,149.165682,615.98,5.108,317.6298,-0.91,0,1
493395,59:54.6,GPS,318784935,0,6,169212600,2401,10,1.21,-35.3634653,149.1656743,616.17,5.196,317.8348,-0.923,0,1
493751,59:54.8,GPS,318984855,0,6,169212800,2401,10,1.21,-35.3634583,149.1656666,616.35,5.253,318.0068,-0.9300001,0,1
494110,59:55.0,GPS,319184775,0,6,169213000,2401,10,1.21,-35.3634512,149.1656588,616.54,5.282,318.142,-0.933,0,1
494467,59:55.2,GPS,319384695,0,6,169213200,2401,10,1.21,-35.3634441,149.1656511,616.72,5.295,318.2368,-0.933,0,1
494829,59:55.4,GPS,319584615,0,6,169213400,2401,10,1.21,-35.363437,149.1656433,616.91,5.301,318.292,-0.9310001,0,1
495184,59:55.6,GPS,319785368,0,6,169213600,2401,10,1.21,-35.3634299,149.1656355,617.1,5.287,318.3165,-0.9260001,0,1
495413,59:55.7,GPS,319925312,1,1,0,0,0,-0.01,0,0,0,0,0,0,0,0
495541,59:55.8,GPS,319985288,0,6,169213800,2401,10,1.21,-35.3634229,149.1656278,617.28,5.235,318.3222,-0.914,0,1
495900,59:56.0,GPS,320185208,0,6,169214000,2401,10,1.21,-35.3634159,149.1656202,617.46,5.142,318.3197,-0.895,0,1
496256,59:56.2,GPS,320385128,0,6,169214200,2401,10,1.21,-35.3634091,149.1656128,617.64,5.008,318.3148,-0.8700001,0,1
496618,59:56.4,GPS,320585048,0,6,169214400,2401,10,1.21,-35.3634025,149.1656056,617.81,4.834,318.3037,-0.836,0,1
496975,59:56.6,GPS,320784968,0,6,169214600,2401,10,1.21,-35.3633961,149.1655987,617.97,4.625,318.2156,-0.791,0,1
497329,59:56.8,GPS,320984888,0,6,169214800,2401,10,1.21,-35.3633901,149.165592,618.12,4.391,317.8735,-0.7270001,0,1
497688,59:57.0,GPS,321184808,0,6,169215000,2401,10,1.21,-35.3633844,149.1655856,618.26,4.141,317.1039,-0.641,0,1
498045,59:57.2,GPS,321384728,0,6,169215200,2401,10,1.21,-35.3633793,149.1655795,618.38,3.876,315.807,-0.532,0,1
498407,59:57.4,GPS,321584648,0,6,169215400,2401,10,1.21,-35.3633745,149.1655737,618.48,3.601,313.8816,-0.399,0,1
498762,59:57.6,GPS,321785401,0,6,169215600,2401,10,1.21,-35.3633703,149.1655681,618.54,3.32,311.178,-0.243,0,1
499118,59:57.8,GPS,321985321,0,6,169215800,2401,10,1.21,-35.3633666,149.1655627,618.57,3.055,307.5262,-0.07,0,1
499477,59:58.0,GPS,322185241,0,6,169216000,2401,10,1.21,-35.3633636,149.1655574,618.57,2.84,302.8331,0.115,0,1
499836,59:58.2,GPS,322385161,0,6,169216200,2401,10,1.21,-35.3633611,149.1655521,618.52,2.705,297.2371,0.31,0,1
500199,59:58.4,GPS,322585081,0,6,169216400,2401,10,1.21,-35.3633591,149.1655468,618.44,2.666,291.1719,0.5100001,0,1
500553,59:58.6,GPS,322785001,0,6,169216600,2401,10,1.21,-35.3633576,149.1655412,618.32,2.71,285.2181,0.706,0,1
500909,59:58.8,GPS,322984921,0,6,169216800,2401,10,1.21,-35.3633566,149.1655352,618.16,2.809,279.8377,0.8880001,0,1
501269,59:59.0,GPS,323184841,0,6,169217000,2401,10,1.21,-35.3633559,149.165529,617.96,2.932,275.2467,1.047,0,1
501625,59:59.2,GPS,323384761,0,6,169217200,2401,10,1.21,-35.3633556,149.1655223,617.74,3.06,271.479,1.182,0,1
501986,59:59.4,GPS,323584681,0,6,169217400,2401,10,1.21,-35.3633556,149.1655155,617.49,3.183,268.5101,1.291,0,1
502343,59:59.6,GPS,323784601,0,6,169217600,2401,10,1.21,-35.3633559,149.1655083,617.23,3.299,266.2935,1.375,0,1
502599,59:59.7,GPS,323945370,1,1,0,0,0,-0.01,0,0,0,0,0,0,0,0
502702,59:59.8,GPS,323985354,0,6,169217800,2401,10,1.21,-35.3633563,149.165501,616.94,3.404,264.7716,1.435,0,1
503061,00:00.0,GPS,324185274,0,6,169218000,2401,10,1.21,-35.3633569,149.1654934,616.65,3.496,263.8938,1.472,0,1
503418,00:00.2,GPS,324385194,0,6,169218200,2401,10,1.21,-35.3633576,149.1654856,616.36,3.571,263.5312,1.49,0,1
503781,00:00.4,GPS,324585114,0,6,169218400,2401,10,1.21,-35.3633583,149.1654778,616.06,3.619,263.4372,1.492,0,1
504136,00:00.6,GPS,324785034,0,6,169218600,2401,10,1.21,-35.363359,149.1654699,615.76,3.637,263.4293,1.485,0,1
504492,00:00.8,GPS,324984954,0,6,169218800,2401,10,1.21,-35.3633598,149.1654619,615.47,3.64,263.4731,1.475,0,1
504851,00:01.0,GPS,325184874,0,6,169219000,2401,10,1.21,-35.3633605,149.1654539,615.17,3.64,263.563,1.466,0,1
505207,00:01.2,GPS,325384794,0,6,169219200,2401,10,1.21,-35.3633612,149.1654459,614.88,3.641,263.6935,1.46,0,1
505568,00:01.4,GPS,325584714,0,6,169219400,2401,10,1.21,-35.3633619,149.165438,614.58,3.643,263.8652,1.457,0,1
505924,00:01.6,GPS,325784634,0,6,169219600,2401,10,1.21,-35.3633626,149.16543,614.29,3.645,264.0685,1.457,0,1
506279,00:01.8,GPS,325985387,0,6,169219800,2401,10,1.21,-35.3633633,149.1654219,614,3.646,264.2906,1.459,0,1
506638,00:02.0,GPS,326185307,0,6,169220000,2401,10,1.21,-35.363364,149.165414,613.71,3.646,264.5102,1.462,0,1
506995,00:02.2,GPS,326385227,0,6,169220200,2401,10,1.21,-35.3633646,149.165406,613.42,3.645,264.7134,1.465,0,1
507356,00:02.4,GPS,326585147,0,6,169220400,2401,10,1.21,-35.3633652,149.1653979,613.12,3.643,264.9025,1.467,0,1
507711,00:02.6,GPS,326785067,0,6,169220600,2401,10,1.21,-35.3633657,149.16539,612.83,3.641,265.0773,1.469,0,1
508110,00:02.8,GPS,326984987,0,6,169220800,2401,10,1.21,-35.3633662,149.165382,612.54,3.638,265.2363,1.472,0,1
508468,00:03.0,GPS,327184907,0,6,169221000,2401,10,1.21,-35.3633668,149.1653741,612.24,3.633,265.3798,1.474,0,1
508825,00:03.2,GPS,327384827,0,6,169221200,2401,10,1.21,-35.3633673,149.165366,611.94,3.628,265.5048,1.475,0,1
509186,00:03.4,GPS,327584747,0,6,169221400,2401,10,1.21,-35.3633678,149.1653581,611.65,3.624,265.6111,1.477,0,1
509542,00:03.6,GPS,327784667,0,6,169221600,2401,10,1.21,-35.3633683,149.1653501,611.36,3.62,265.7027,1.479,0,1
509871,00:03.8,GPS,327964595,1,1,0,0,0,-0.01,0,0,0,0,0,0,0,0
509899,00:03.8,GPS,327984587,0,6,169221800,2401,10,1.21,-35.3633688,149.1653422,611.06,3.619,265.7819,1.48,0,1
510257,00:04.0,GPS,328185340,0,6,169222000,2401,10,1.21,-35.3633693,149.1653342,610.76,3.618,265.8467,1.481,0,1
510615,00:04.2,GPS,328385260,0,6,169222200,2401,10,1.21,-35.3633698,149.1653263,610.47,3.616,265.8929,1.482,0,1
510976,00:04.4,GPS,328585180,0,6,169222400,2401,10,1.21,-35.3633702,149.1653183,610.17,3.615,265.9194,1.483,0,1
511331,00:04.6,GPS,328785100,0,6,169222600,2401,10,1.21,-35.3633707,149.1653104,609.88,3.614,265.9354,1.484,0,1
511687,00:04.8,GPS,328985020,0,6,169222800,2401,10,1.21,-35.3633712,149.1653025,609.57,3.613,265.948,1.485,0,1
512047,00:05.0,GPS,329184940,0,6,169223000,2401,10,1.21,-35.3633716,149.1652945,609.28,3.612,265.9557,1.486,0,1
512404,00:05.2,GPS,329384860,0,6,169223200,2401,10,1.21,-35.3633721,149.1652866,608.98,3.611,265.9591,1.486,0,1
512765,00:05.4,GPS,329584780,0,6,169223400,2401,10,1.21,-35.3633725,149.1652786,608.69,3.61,265.9579,1.487,0,1
513121,00:05.6,GPS,329784700,0,6,169223600,2401,10,1.21,-35.3633729,149.1652707,608.39,3.61,265.9535,1.488,0,1
513476,00:05.8,GPS,329984620,0,6,169223800,2401,10,1.21,-35.3633734,149.1652628,608.08,3.61,265.945,1.489,0,1
513834,00:06.0,GPS,330185373,0,6,169224000,2401,10,1.21,-35.3633739,149.1652548,607.79,3.61,265.9307,1.489,0,1
514192,00:06.2,GPS,330385293,0,6,169224200,2401,10,1.21,-35.3633744,149.1652469,607.5,3.61,265.9142,1.49,0,1
514553,00:06.4,GPS,330585213,0,6,169224400,2401,10,1.21,-35.3633748,149.1652389,607.19,3.609,265.9016,1.49,0,1
514908,00:06.6,GPS,330785133,0,6,169224600,2401,10,1.21,-35.3633753,149.165231,606.9,3.603,265.8989,1.487,0,1
515264,00:06.8,GPS,330985053,0,6,169224800,2401,10,1.21,-35.3633757,149.1652231,606.6,3.578,265.8983,1.475,0,1
515622,00:07.0,GPS,331184973,0,6,169225000,2401,10,1.21,-35.3633762,149.1652153,606.31,3.519,265.8863,1.448,0,1
515979,00:07.2,GPS,331384893,0,6,169225200,2401,10,1.21,-35.3633767,149.1652077,606.03,3.421,265.8598,1.404,0,1
516340,00:07.4,GPS,331584813,0,6,169225400,2401,10,1.21,-35.363377,149.1652003,605.75,3.284,265.8205,1.343,0,1
516697,00:07.6,GPS,331784733,0,6,169225600,2401,10,1.21,-35.3633775,149.1651933,605.49,3.108,265.7727,1.265,0,1
517052,00:07.8,GPS,331984653,0,6,169225800,2401,10,1.21,-35.3633779,149.1651867,605.24,2.894,265.7197,1.169,0,1
517054,00:07.8,GPS,331984653,1,1,0,0,0,-0.01,0,0,0,0,0,0,0,0
517413,00:08.0,GPS,332185406,0,6,169226000,2401,10,1.21,-35.3633782,149.1651805,605.02,2.641,265.6634,1.058,0,1
517770,00:08.2,GPS,332385326,0,6,169226200,2401,10,1.21,-35.3633786,149.1651751,604.82,2.347,265.6045,0.9310001,0,1
518133,00:08.4,GPS,332585246,0,6,169226400,2401,10,1.21,-35.3633789,149.1651703,604.65,2.016,265.5409,0.791,0,1
518487,00:08.6,GPS,332785166,0,6,169226600,2401,10,1.21,-35.3633792,149.1651663,604.5,1.664,265.4906,0.6440001,0,1
518843,00:08.8,GPS,332985086,0,6,169226800,2401,10,1.21,-35.3633794,149.165163,604.39,1.32,265.5016,0.501,0,1
519201,00:09.0,GPS,333185006,0,6,169227000,2401,10,1.21,-35.3633796,149.1651605,604.3,1.007,265.6109,0.373,0,1
519557,00:09.2,GPS,333384926,0,6,169227200,2401,10,1.21,-35.3633797,149.1651585,604.24,0.738,265.8933,0.263,0,1
519919,00:09.4,GPS,333584846,0,6,169227400,2401,10,1.21,-35.3633798,149.1651572,604.19,0.5100001,266.5653,0.172,0,1
520274,00:09.6,GPS,333784766,0,6,169227600,2401,10,1.21,-35.3633798,149.1651563,604.17,0.322,268.1016,0.1,0,1
520630,00:09.8,GPS,333984686,0,6,169227800,2401,10,1.21,-35.3633798,149.1651557,604.15,0.172,272.0162,0.046,0,1
520990,00:10.0,GPS,334184606,0,6,169228000,2401,10,1.21,-35.3633798,149.1651555,604.15,0.062,287.9493,0.009000001,0,1
521346,00:10.2,GPS,334385359,0,6,169228200,2401,10,1.21,-35.3633798,149.1651555,604.15,0.033,31.346,-0.011,0,1
521708,00:10.4,GPS,334585279,0,6,169228400,2401,10,1.21,-35.3633798,149.1651555,604.15,0.068,59.37672,-0.017,0,1
522064,00:10.6,GPS,334785199,0,6,169228600,2401,10,1.21,-35.3633797,149.1651556,604.16,0.079,62.07587,-0.012,0,1
522420,00:10.8,GPS,334985119,0,6,169228800,2401,10,1.21,-35.3633796,149.1651557,604.16,0.075,60.70303,-0.004,0,1
522778,00:11.0,GPS,335185039,0,6,169229000,2401,10,1.21,-35.3633796,149.1651559,604.16,0.057,54.77475,0.002,0,1
523134,00:11.2,GPS,335384959,0,6,169229200,2401,10,1.21,-35.3633795,149.165156,604.16,0.023,5.40754,0.005,0,1
523496,00:11.4,GPS,335584879,0,6,169229400,2401,10,1.21,-35.3633795,149.1651559,604.16,0.059,279.6161,0.005,0,1
523850,00:11.6,GPS,335784799,0,6,169229600,2401,10,1.21,-35.3633795,149.1651557,604.16,0.11,269.2776,0.003,0,1
524206,00:11.8,GPS,335984719,0,6,169229800,2401,10,1.21,-35.3633795,149.1651555,604.16,0.132,266.6767,0.003,0,1
524234,00:11.8,GPS,336004711,1,1,0,0,0,-0.01,0,0,0,0,0,0,0,0
524566,00:12.0,GPS,336184639,0,6,169230000,2401,10,1.21,-35.3633795,149.1651552,604.16,0.131,265.7992,0.003,0,1
524922,00:12.2,GPS,336385392,0,6,169230200,2401,10,1.21,-35.3633795,149.1651549,604.16,0.113,265.6947,0.005,0,1
525284,00:12.4,GPS,336585312,0,6,169230400,2401,10,1.21,-35.3633795,149.1651547,604.15,0.07,267.1521,0.009000001,0,1
525639,00:12.6,GPS,336785232,0,6,169230600,2401,10,1.21,-35.3633795,149.1651546,604.15,0.01,296.8681,0.015,0,1
525995,00:12.8,GPS,336985152,0,6,169230800,2401,10,1.21,-35.3633795,149.1651547,604.15,0.047,75.93134,0.019,0,1
526355,00:13.0,GPS,337185072,0,6,169231000,2401,10,1.21,-35.3633795,149.1651547,604.14,0.07300001,79.8521,0.021,0,1
526710,00:13.2,GPS,337384992,0,6,169231200,2401,10,1.21,-35.3633795,149.1651549,604.14,0.071,81.84991,0.021,0,1
527073,00:13.4,GPS,337584912,0,6,169231400,2401,10,1.21,-35.3633795,149.165155,604.13,0.058,83.7014,0.02,0,1
527427,00:13.6,GPS,337784832,0,6,169231600,2401,10,1.21,-35.3633795,149.1651551,604.13,0.045,85.47375,0.018,0,1
527783,00:13.8,GPS,337984752,0,6,169231800,2401,10,1.21,-35.3633795,149.1651552,604.13,0.035,86.6254,0.016,0,1
528141,00:14.0,GPS,338184672,0,6,169232000,2401,10,1.21,-35.3633795,149.1651553,604.12,0.028,86.80062,0.014,0,1
528496,00:14.2,GPS,338384592,0,6,169232200,2401,10,1.21,-35.3633795,149.1651554,604.12,0.023,85.88462,0.013,0,1
528862,00:14.4,GPS,338585345,0,6,169232400,2401,10,1.21,-35.3633795,149.1651554,604.12,0.018,83.38794,0.011,0,1
529216,00:14.6,GPS,338785265,0,6,169232600,2401,10,1.21,-35.3633795,149.1651555,604.12,0.015,79.3414,0.01,0,1
529572,00:14.8,GPS,338985185,0,6,169232800,2401,10,1.21,-35.3633795,149.1651555,604.12,0.014,74.25803,0.01,0,1
529932,00:15.0,GPS,339185105,0,6,169233000,2401,10,1.21,-35.3633794,149.1651555,604.11,0.012,69.01609,0.009000001,0,1
530287,00:15.2,GPS,339385025,0,6,169233200,2401,10,1.21,-35.3633794,149.1651555,604.11,0.012,64.58794,0.009000001,0,1
530650,00:15.4,GPS,339584945,0,6,169233400,2401,10,1.21,-35.3633794,149.1651556,604.11,0.012,61.55574,0.008,0,1
531004,00:15.6,GPS,339784865,0,6,169233600,2401,10,1.21,-35.3633794,149.1651556,604.11,0.011,60.18362,0.007,0,1
531360,00:15.8,GPS,339984785,0,6,169233800,2401,10,1.21,-35.3633794,149.1651556,604.11,0.011,59.44253,0.006,0,1
531414,00:15.8,GPS,340024769,1,1,0,0,0,-0.01,0,0,0,0,0,0,0,0
531720,00:16.0,GPS,340184705,0,6,169234000,2401,10,1.21,-35.3633794,149.1651556,604.11,0.01,59.18142,0.005,0,1
532075,00:16.2,GPS,340384625,0,6,169234200,2401,10,1.21,-35.3633794,149.1651556,604.1,0.009000001,60.8118,0.005,0,1
532438,00:16.4,GPS,340585378,0,6,169234400,2401,10,1.21,-35.3633794,149.1651556,604.1,0.008,64.68965,0.005,0,1
532792,00:16.6,GPS,340785298,0,6,169234600,2401,10,1.21,-35.3633794,149.1651556,604.1,0.008,68.84867,0.004,0,1
533147,00:16.8,GPS,340985218,0,6,169234800,2401,10,1.21,-35.3633794,149.1651556,604.1,0.007,72.15148,0.004,0,1
533506,00:17.0,GPS,341185138,0,6,169235000,2401,10,1.21,-35.3633794,149.1651556,604.1,0.007,75.65947,0.003,0,1
533861,00:17.2,GPS,341385058,0,6,169235200,2401,10,1.21,-35.3633794,149.1651557,604.1,0.007,80.2051,0.003,0,1
534224,00:17.4,GPS,341584978,0,6,169235400,2401,10,1.21,-35.3633794,149.1651557,604.1,0.008,84.06187,0.003,0,1
534578,00:17.6,GPS,341784898,0,6,169235600,2401,10,1.21,-35.3633794,149.1651557,604.1,0.009000001,84.41194,0.002,0,1
534932,00:17.8,GPS,341984818,0,6,169235800,2401,10,1.21,-35.3633794,149.1651557,604.1,0.009000001,81.81597,0.002,0,1
535292,00:18.0,GPS,342184738,0,6,169236000,2401,10,1.21,-35.3633794,149.1651557,604.1,0.01,78.09292,0.002,0,1
535647,00:18.2,GPS,342384658,0,6,169236200,2401,10,1.21,-35.3633794,149.1651558,604.1,0.009000001,74.71414,0.002,0,1
536011,00:18.4,GPS,342584578,0,6,169236400,2401,10,1.21,-35.3633793,149.1651559,604.1,0.009000001,71.83087,0.002,0,1
536365,00:18.6,GPS,342785331,0,6,169236600,2401,10,1.21,-35.3633793,149.1651559,604.1,0.008,67.91884,0.002,0,1
536719,00:18.8,GPS,342985251,0,6,169236800,2401,10,1.21,-35.3633793,149.1651559,604.1,0.007,63.58894,0.002,0,1
537079,00:19.0,GPS,343185171,0,6,169237000,2401,10,1.21,-35.3633793,149.1651559,604.1,0.006,60.95402,0.001,0,1
537434,00:19.2,GPS,343385091,0,6,169237200,2401,10,1.21,-35.3633793,149.1651559,604.1,0.004,61.2458,0.001,0,1
537797,00:19.4,GPS,343585011,0,6,169237400,2401,10,1.21,-35.3633793,149.1651559,604.1,0.003,66.42932,0.001,0,1
538151,00:19.6,GPS,343784931,0,6,169237600,2401,10,1.21,-35.3633793,149.1651559,604.1,0.001,81.24803,0.001,0,1
538505,00:19.8,GPS,343984851,0,6,169237800,2401,10,1.21,-35.3633793,149.165156,604.09,0,128.2499,0.001,0,1
538584,00:19.8,GPS,344044827,1,1,0,0,0,-0.01,0,0,0,0,0,0,0,0
538867,00:20.0,GPS,344184771,0,6,169238000,2401,10,1.21,-35.3633793,149.165156,604.09,0.001,172.6346,0.001,0,1
539224,00:20.2,GPS,344384691,0,6,169238200,2401,10,1.21,-35.3633793,149.165156,604.09,0.002,180.6897,0.001,0,1
539587,00:20.4,GPS,344584611,0,6,169238400,2401,10,1.21,-35.3633793,149.165156,604.09,0.003,188.6042,0.001,0,1
539941,00:20.6,GPS,344785364,0,6,169238600,2401,10,1.21,-35.3633793,149.165156,604.09,0.003,198.1179,0,0,1
540295,00:20.8,GPS,344985284,0,6,169238800,2401,10,1.21,-35.3633793,149.165156,604.09,0.004,205.3697,0,0,1
540655,00:21.0,GPS,345185204,0,6,169239000,2401,10,1.21,-35.3633793,149.165156,604.09,0.004,210.2527,0,0,1
541010,00:21.2,GPS,345385124,0,6,169239200,2401,10,1.21,-35.3633793,149.165156,604.09,0.003,216.8548,0,0,1
541372,00:21.4,GPS,345585044,0,6,169239400,2401,10,1.21,-35.3633793,149.165156,604.09,0.003,226.986,0,0,1
541727,00:21.6,GPS,345784964,0,6,169239600,2401,10,1.21,-35.3633793,149.165156,604.09,0.003,238.3056,-0.001,0,1
542081,00:21.8,GPS,345984884,0,6,169239800,2401,10,1.21,-35.3633793,149.165156,604.09,0.003,247.7458,-0.001,0,1
542441,00:22.0,GPS,346184804,0,6,169240000,2401,10,1.21,-35.3633793,149.165156,604.09,0.003,253.8438,-0.001,0,1
542796,00:22.2,GPS,346384724,0,6,169240200,2401,10,1.21,-35.3633793,149.165156,604.09,0.004,256.7445,-0.001,0,1
543158,00:22.4,GPS,346584644,0,6,169240400,2401,10,1.21,-35.3633793,149.165156,604.1,0.004,257.177,-0.001,0,1
543513,00:22.6,GPS,346785397,0,6,169240600,2401,10,1.21,-35.3633793,149.165156,604.1,0.004,256.0526,-0.001,0,1
543867,00:22.8,GPS,346985317,0,6,169240800,2401,10,1.21,-35.3633793,149.165156,604.1,0.004,254.3481,-0.001,0,1
544227,00:23.0,GPS,347185237,0,6,169241000,2401,10,1.21,-35.3633793,149.165156,604.1,0.004,252.9135,0,0,1
544582,00:23.2,GPS,347385157,0,6,169241200,2401,10,1.21,-35.3633793,149.165156,604.1,0.003,251.3811,0,0,1
544944,00:23.4,GPS,347585077,0,6,169241400,2401,10,1.21,-35.3633793,149.1651559,604.1,0.003,248.1243,0,0,1
545299,00:23.6,GPS,347784997,0,6,169241600,2401,10,1.21,-35.3633793,149.1651559,604.1,0.003,240.7337,0,0,1
545653,00:23.8,GPS,347984917,0,6,169241800,2401,10,1.21,-35.3633793,149.1651559,604.1,0.003,231.4868,0,0,1
545809,00:23.9,GPS,348064885,1,1,0,0,0,-0.01,0,0,0,0,0,0,0,0
546015,00:24.0,GPS,348184837,0,6,169242000,2401,10,1.21,-35.3633793,149.1651559,604.1,0.002,220.3736,0,0,1
546370,00:24.2,GPS,348384757,0,6,169242200,2401,10,1.21,-35.3633793,149.1651559,604.1,0.002,200.8891,0,0,1
546732,00:24.4,GPS,348584677,0,6,169242400,2401,10,1.21,-35.3633793,149.1651559,604.1,0.001,168.6751,0,0,1
547087,00:24.6,GPS,348784597,0,6,169242600,2401,10,1.21,-35.3633793,149.1651559,604.1,0.002,134.4841,0,0,1
547441,00:24.8,GPS,348985350,0,6,169242800,2401,10,1.21,-35.3633793,149.1651559,604.1,0.002,114.5422,0,0,1
547801,00:25.0,GPS,349185270,0,6,169243000,2401,10,1.21,-35.3633793,149.1651559,604.1,0.003,107.2444,0,0,1
548158,00:25.2,GPS,349385190,0,6,169243200,2401,10,1.21,-35.3633793,149.1651559,604.1,0.003,105.5823,0,0,1
548520,00:25.4,GPS,349585110,0,6,169243400,2401,10,1.21,-35.3633793,149.1651559,604.1,0.003,104.3731,0,0,1
548875,00:25.6,GPS,349785030,0,6,169243600,2401,10,1.21,-35.3633793,149.1651559,604.1,0.003,102.287,-0.001,0,1
549229,00:25.8,GPS,349984950,0,6,169243800,2401,10,1.21,-35.3633793,149.1651559,604.1,0.003,101.953,0,0,1
549588,00:26.0,GPS,350184870,0,6,169244000,2401,10,1.21,-35.3633793,149.1651559,604.1,0.003,105.6641,0,0,1
549944,00:26.2,GPS,350384790,0,6,169244200,2401,10,1.21,-35.3633793,149.1651559,604.1,0.003,109.1722,0,0,1
550306,00:26.4,GPS,350584710,0,6,169244400,2401,10,1.21,-35.3633793,149.1651559,604.1,0.003,107.4172,-0.001,0,1
550661,00:26.6,GPS,350784630,0,6,169244600,2401,10,1.21,-35.3633793,149.1651559,604.1,0.003,102.1469,-0.001,0,1
551015,00:26.8,GPS,350985383,0,6,169244800,2401,10,1.21,-35.3633793,149.1651559,604.1,0.003,98.63813,-0.001,0,1
551374,00:27.0,GPS,351185303,0,6,169245000,2401,10,1.21,-35.3633793,149.1651559,604.1,0.004,98.86829,-0.001,0,1
551730,00:27.2,GPS,351385223,0,6,169245200,2401,10,1.21,-35.3633793,149.1651559,604.1,0.004,101.5381,-0.001,0,1
552092,00:27.4,GPS,351585143,0,6,169245400,2401,10,1.21,-35.3633793,149.1651559,604.1,0.004,105.5739,-0.001,0,1
552447,00:27.6,GPS,351785063,0,6,169245600,2401,10,1.21,-35.3633793,149.1651559,604.1,0.004,108.6887,-0.001,0,1
552801,00:27.8,GPS,351984983,0,6,169245800,2401,10,1.21,-35.3633793,149.1651559,604.1,0.004,109.4031,-0.001,0,1
552982,00:27.9,GPS,352084943,1,1,0,0,0,-0.01,0,0,0,0,0,0,0,0
553162,00:28.0,GPS,352184903,0,6,169246000,2401,10,1.21,-35.3633793,149.165156,604.1,0.004,107.8241,-0.001,0,1
553518,00:28.2,GPS,352384823,0,6,169246200,2401,10,1.21,-35.3633793,149.165156,604.1,0.004,103.3004,-0.001,0,1
553881,00:28.4,GPS,352584743,0,6,169246400,2401,10,1.21,-35.3633793,149.165156,604.1,0.004,98.42461,-0.001,0,1
554236,00:28.6,GPS,352784663,0,6,169246600,2401,10,1.21,-35.3633793,149.165156,604.1,0.003,95.76377,-0.001,0,1
554590,00:28.8,GPS,352984583,0,6,169246800,2401,10,1.21,-35.3633793,149.165156,604.1,0.003,94.45726,-0.001,0,1
554949,00:29.0,GPS,353185336,0,6,169247000,2401,10,1.21,-35.3633793,149.165156,604.1,0.001,89.75129,-0.001,0,1
555305,00:29.2,GPS,353385256,0,6,169247200,2401,10,1.21,-35.3633793,149.165156,604.1,0,65.48679,-0.001,0,1
555666,00:29.4,GPS,353585176,0,6,169247400,2401,10,1.21,-35.3633793,149.165156,604.1,0,17.70685,-0.001,0,1
556022,00:29.6,GPS,353785096,0,6,169247600,2401,10,1.21,-35.3633793,149.165156,604.1,0,344.4243,-0.001,0,1
556376,00:29.8,GPS,353985016,0,6,169247800,2401,10,1.21,-35.3633793,149.165156,604.1,0,318.6137,-0.001,0,1
556735,00:30.0,GPS,354184936,0,6,169248000,2401,10,1.21,-35.3633793,149.165156,604.1,0.001,307.6966,-0.001,0,1
557093,00:30.2,GPS,354384856,0,6,169248200,2401,10,1.21,-35.3633793,149.165156,604.1,0.001,310.4944,-0.001,0,1
557454,00:30.4,GPS,354584776,0,6,169248400,2401,10,1.21,-35.3633793,149.165156,604.1,0.001,305.9011,-0.002,0,1
557809,00:30.6,GPS,354784696,0,6,169248600,2401,10,1.21,-35.3633793,149.165156,604.11,0.001,290.231,-0.002,0,1
558164,00:30.8,GPS,354984616,0,6,169248800,2401,10,1.21,-35.3633793,149.165156,604.11,0.001,272.5313,-0.001,0,1
558526,00:31.0,GPS,355185369,0,6,169249000,2401,10,1.21,-35.3633793,149.165156,604.11,0.001,260.7265,-0.001,0,1
558882,00:31.2,GPS,355385289,0,6,169249200,2401,10,1.21,-35.3633793,149.165156,604.11,0.002,338.36,0,0,1
559243,00:31.4,GPS,355585209,0,6,169249400,2401,10,1.21,-35.3633793,149.165156,604.11,0.009000001,353.1971,0.005,0,1
559598,00:31.6,GPS,355785129,0,6,169249600,2401,10,1.21,-35.3633793,149.165156,604.1,0.016,354.5425,0.009000001,0,1
559953,00:31.8,GPS,355985049,0,6,169249800,2401,10,1.21,-35.3633793,149.165156,604.1,0.017,358.9918,0.008,0,1
560132,00:31.9,GPS,356085009,1,1,0,0,0,-0.01,0,0,0,0,0,0,0,0
560314,00:32.0,GPS,356184969,0,6,169250000,2401,10,1.21,-35.3633793,149.165156,604.1,0.026,19.0587,0.004,0,1
560671,00:32.2,GPS,356384889,0,6,169250200,2401,10,1.21,-35.3633792,149.165156,604.1,0.068,29.0707,0.001,0,1
561032,00:32.4,GPS,356584809,0,6,169250400,2401,10,1.21,-35.3633791,149.1651561,604.1,0.152,30.24884,0,0,1
561387,00:32.6,GPS,356784729,0,6,169250600,2401,10,1.21,-35.3633788,149.1651563,604.1,0.271,30.41245,0.002,0,1
561742,00:32.8,GPS,356984649,0,6,169250800,2401,10,1.21,-35.3633782,149.1651567,604.1,0.42,30.54204,0.004,0,1
562101,00:33.0,GPS,357185402,0,6,169251000,2401,10,1.21,-35.3633774,149.1651573,604.1,0.598,30.65564,0.005,0,1
562458,00:33.2,GPS,357385322,0,6,169251200,2401,10,1.21,-35.3633763,149.1651581,604.1,0.804,30.73919,0.006,0,1
562819,00:33.4,GPS,357585242,0,6,169251400,2401,10,1.21,-35.3633748,149.1651591,604.1,1.037,30.76613,0.006,0,1
563174,00:33.6,GPS,357785162,0,6,169251600,2401,10,1.21,-35.3633731,149.1651604,604.09,1.298,30.73234,0.006,0,1
563529,00:33.8,GPS,357985082,0,6,169251800,2401,10,1.21,-35.3633709,149.1651621,604.09,1.585,30.6516,0.005,0,1
563888,00:34.0,GPS,358185002,0,6,169252000,2401,10,1.21,-35.3633682,149.165164,604.09,1.885,30.54219,0.004,0,1
564244,00:34.2,GPS,358384922,0,6,169252200,2401,10,1.21,-35.363365,149.1651663,604.09,2.177,30.40974,0.003,0,1
564606,00:34.4,GPS,358584842,0,6,169252400,2401,10,1.21,-35.3633614,149.1651688,604.09,2.444,30.25913,0.002,0,1
564961,00:34.6,GPS,358784762,0,6,169252600,2401,10,1.21,-35.3633574,149.1651717,604.09,2.675,30.10154,0.001,0,1
565317,00:34.8,GPS,358984682,0,6,169252800,2401,10,1.21,-35.3633532,149.1651748,604.09,2.87,29.93943,0.001,0,1
565676,00:35.0,GPS,359184602,0,6,169253000,2401,10,1.21,-35.3633485,149.165178,604.09,3.034,29.78282,0.002,0,1
566033,00:35.2,GPS,359385355,0,6,169253200,2401,10,1.21,-35.3633437,149.1651814,604.09,3.169,29.63849,0.002,0,1
566396,00:35.4,GPS,359585275,0,6,169253400,2401,10,1.21,-35.3633387,149.1651848,604.09,3.275,29.50685,0.002,0,1
566751,00:35.6,GPS,359785195,0,6,169253600,2401,10,1.21,-35.3633334,149.1651885,604.09,3.354,29.39258,0.002,0,1
567106,00:35.8,GPS,359985115,0,6,169253800,2401,10,1.21,-35.3633282,149.1651921,604.09,3.405,29.30036,0.002,0,1
567314,00:35.9,GPS,360105067,1,1,0,0,0,-0.01,0,0,0,0,0,0,0,0
567467,00:36.0,GPS,360185035,0,6,169254000,2401,10,1.21,-35.3633229,149.1651958,604.09,3.431,29.23341,0.002,0,1
567823,00:36.2,GPS,360384955,0,6,169254200,2401,10,1.21,-35.3633174,149.1651995,604.09,3.442,29.19431,0.002,0,1
568185,00:36.4,GPS,360584875,0,6,169254400,2401,10,1.21,-35.3633121,149.1652032,604.09,3.446,29.17794,0.001,0,1
568540,00:36.6,GPS,360784795,0,6,169254600,2401,10,1.21,-35.3633066,149.1652069,604.09,3.432,29.17766,0.001,0,1
568896,00:36.8,GPS,360984715,0,6,169254800,2401,10,1.21,-35.3633013,149.1652106,604.09,3.384,29.1913,0.001,0,1
569255,00:37.0,GPS,361184635,0,6,169255000,2401,10,1.21,-35.3632961,149.1652141,604.09,3.296,29.21159,0.001,0,1
569610,00:37.2,GPS,361385388,0,6,169255200,2401,10,1.21,-35.3632909,149.1652176,604.09,3.167,29.23014,0,0,1
569973,00:37.4,GPS,361585308,0,6,169255400,2401,10,1.21,-35.3632861,149.1652209,604.09,2.999,29.24862,0,0,1
570329,00:37.6,GPS,361785228,0,6,169255600,2401,10,1.21,-35.3632815,149.1652241,604.09,2.79,29.26742,-0.001,0,1
570684,00:37.8,GPS,361985148,0,6,169255800,2401,10,1.21,-35.3632774,149.1652269,604.09,2.541,29.2762,-0.002,0,1
571042,00:38.0,GPS,362185068,0,6,169256000,2401,10,1.21,-35.3632736,149.1652295,604.09,2.254,29.25809,-0.003,0,1
571398,00:38.2,GPS,362384988,0,6,169256200,2401,10,1.21,-35.3632704,149.1652318,604.09,1.932,29.18947,-0.004,0,1
571762,00:38.4,GPS,362584908,0,6,169256400,2401,10,1.21,-35.3632676,149.1652337,604.09,1.593,29.03329,-0.006,0,1
572117,00:38.6,GPS,362784828,0,6,169256600,2401,10,1.21,-35.3632654,149.1652352,604.09,1.262,28.73248,-0.006,0,1
572472,00:38.8,GPS,362984748,0,6,169256800,2401,10,1.21,-35.3632636,149.1652364,604.09,0.9630001,28.21677,-0.006,0,1
572830,00:39.0,GPS,363184668,0,6,169257000,2401,10,1.21,-35.3632622,149.1652372,604.09,0.7090001,27.38127,-0.005,0,1
573186,00:39.2,GPS,363384588,0,6,169257200,2401,10,1.21,-35.3632613,149.1652378,604.09,0.496,26.03764,-0.004,0,1
573549,00:39.4,GPS,363585341,0,6,169257400,2401,10,1.21,-35.3632606,149.1652382,604.09,0.322,23.80959,-0.002,0,1
573904,00:39.6,GPS,363785261,0,6,169257600,2401,10,1.21,-35.3632602,149.1652384,604.1,0.185,19.66312,-0.001,0,1
574258,00:39.8,GPS,363985181,0,6,169257800,2401,10,1.21,-35.36326,149.1652384,604.1,0.086,9.67663,0,0,1
574491,00:39.9,GPS,364125125,1,1,0,0,0,-0.01,0,0,0,0,0,0,0,0
574619,00:40.0,GPS,364185101,0,6,169258000,2401,10,1.21,-35.3632599,149.1652384,604.1,0.028,329.7779,0,0,1
574975,00:40.2,GPS,364385021,0,6,169258200,2401,10,1.21,-35.3632598,149.1652384,604.1,0.025,254.465,0,0,1
575339,00:40.4,GPS,364584941,0,6,169258400,2401,10,1.21,-35.3632599,149.1652384,604.1,0.026,230.6833,0.001,0,1
575694,00:40.6,GPS,364784861,0,6,169258600,2401,10,1.21,-35.3632599,149.1652384,604.09,0.024,210.7225,0.001,0,1
576048,00:40.8,GPS,364984781,0,6,169258800,2401,10,1.21,-35.3632599,149.1652384,604.09,0.03,193.7748,0.001,0,1
576407,00:41.0,GPS,365184701,0,6,169259000,2401,10,1.21,-35.3632599,149.1652384,604.09,0.04,187.866,0,0,1
576763,00:41.2,GPS,365384621,0,6,169259200,2401,10,1.21,-35.36326,149.1652384,604.09,0.052,187.4376,0,0,1
577125,00:41.4,GPS,365585374,0,6,169259400,2401,10,1.21,-35.3632601,149.1652384,604.09,0.063,188.5555,0,0,1
577480,00:41.6,GPS,365785294,0,6,169259600,2401,10,1.21,-35.3632603,149.1652384,604.09,0.072,190.0104,-0.001,0,1
577834,00:41.8,GPS,365985214,0,6,169259800,2401,10,1.21,-35.3632604,149.1652384,604.09,0.078,191.4524,-0.001,0,1
578193,00:42.0,GPS,366185134,0,6,169260000,2401,10,1.21,-35.3632605,149.1652383,604.1,0.081,192.8175,-0.001,0,1
578549,00:42.2,GPS,366385054,0,6,169260200,2401,10,1.21,-35.3632607,149.1652383,604.1,0.081,194.1785,-0.001,0,1
578911,00:42.4,GPS,366584974,0,6,169260400,2401,10,1.21,-35.3632608,149.1652382,604.1,0.079,195.4763,-0.001,0,1
579266,00:42.6,GPS,366784894,0,6,169260600,2401,10,1.21,-35.3632609,149.1652382,604.1,0.075,196.6609,-0.001,0,1
579620,00:42.8,GPS,366984814,0,6,169260800,2401,10,1.21,-35.3632611,149.1652381,604.1,0.06900001,197.7062,-0.001,0,1
579979,00:43.0,GPS,367184734,0,6,169261000,2401,10,1.21,-35.3632612,149.165238,604.1,0.062,198.5468,-0.001,0,1
580335,00:43.2,GPS,367384654,0,6,169261200,2401,10,1.21,-35.3632613,149.165238,604.1,0.054,199.2245,-0.001,0,1
580696,00:43.4,GPS,367585407,0,6,169261400,2401,10,1.21,-35.3632614,149.1652379,604.1,0.047,199.497,-0.001,0,1
581052,00:43.6,GPS,367785327,0,6,169261600,2401,10,1.21,-35.3632615,149.1652379,604.1,0.04,199.1489,-0.001,0,1
581406,00:43.8,GPS,367985247,0,6,169261800,2401,10,1.21,-35.3632615,149.1652379,604.1,0.033,198.0235,-0.001,0,1
581665,00:43.9,GPS,368145183,1,1,0,0,0,-0.01,0,0,0,0,0,0,0,0
581767,00:44.0,GPS,368185167,0,6,169262000,2401,10,1.21,-35.3632616,149.1652379,604.1,0.026,195.7193,-0.001,0,1
582123,00:44.2,GPS,368385087,0,6,169262200,2401,10,1.21,-35.3632616,149.1652379,604.1,0.02,191.6644,0,0,1
582484,00:44.4,GPS,368585007,0,6,169262400,2401,10,1.21,-35.3632616,149.1652379,604.1,0.014,184.8451,0,0,1
582840,00:44.6,GPS,368784927,0,6,169262600,2401,10,1.21,-35.3632616,149.1652379,604.1,0.01,175.2473,0,0,1
583194,00:44.8,GPS,368984847,0,6,169262800,2401,10,1.21,-35.3632616,149.1652379,604.1,0.007,165.8585,-0.001,0,1
583553,00:45.0,GPS,369184767,0,6,169263000,2401,10,1.21,-35.3632616,149.1652379,604.1,0.005,160.0427,-0.001,0,1
583909,00:45.2,GPS,369384687,0,6,169263200,2401,10,1.21,-35.3632616,149.1652379,604.1,0.004,157.8673,-0.001,0,1
584276,00:45.4,GPS,369584607,0,6,169263400,2401,10,1.21,-35.3632617,149.1652379,604.1,0.002,149.8752,0.011,0,1
584632,00:45.6,GPS,369785360,0,6,169263600,2401,10,1.21,-35.3632617,149.1652379,604.08,0.004,8.92035,0.101,0,1
584986,00:45.8,GPS,369985280,0,6,169263800,2401,10,1.21,-35.3632616,149.1652379,604.05,0.015,359.5724,0.28,0,1
585346,00:46.0,GPS,370185200,0,6,169264000,2401,10,1.21,-35.3632616,149.1652379,603.97,0.024,357.6832,0.494,0,1
585702,00:46.2,GPS,370385120,0,6,169264200,2401,10,1.21,-35.3632616,149.1652379,603.85,0.03,356.6146,0.721,0,1
586064,00:46.4,GPS,370585040,0,6,169264400,2401,10,1.21,-35.3632616,149.1652379,603.68,0.031,355.3891,0.947,0,1
586420,00:46.6,GPS,370784960,0,6,169264600,2401,10,1.21,-35.3632616,149.1652379,603.47,0.029,353.6418,1.167,0,1
586775,00:46.8,GPS,370984880,0,6,169264800,2401,10,1.21,-35.3632616,149.1652379,603.22,0.023,350.9608,1.367,0,1
587134,00:47.0,GPS,371184800,0,6,169265000,2401,10,1.21,-35.3632615,149.1652379,602.93,0.011,341.6607,1.505,0,1
587490,00:47.2,GPS,371384720,0,6,169265200,2401,10,1.21,-35.3632615,149.1652379,602.62,0.007,206.3401,1.562,0,1
587851,00:47.4,GPS,371584640,0,6,169265400,2401,10,1.21,-35.3632616,149.1652379,602.31,0.023,186.0497,1.57,0,1
588207,00:47.6,GPS,371785393,0,6,169265600,2401,10,1.21,-35.3632616,149.1652379,601.99,0.036,183.0113,1.553,0,1
588562,00:47.8,GPS,371985313,0,6,169265800,2401,10,1.21,-35.3632616,149.1652379,601.69,0.044,181.9998,1.527,0,1
588893,00:48.0,GPS,372165241,1,1,0,0,0,-0.01,0,0,0,0,0,0,0,0
588922,00:48.0,GPS,372185233,0,6,169266000,2401,10,1.21,-35.3632616,149.1652379,601.39,0.047,181.6772,1.502,0,1
589279,00:48.2,GPS,372385153,0,6,169266200,2401,10,1.21,-35.3632617,149.1652379,601.08,0.047,181.6396,1.483,0,1
589641,00:48.4,GPS,372585073,0,6,169266400,2401,10,1.21,-35.3632618,149.1652379,600.79,0.044,181.7579,1.472,0,1
589996,00:48.6,GPS,372784993,0,6,169266600,2401,10,1.21,-35.3632619,149.1652379,600.49,0.04,182.348,1.466,0,1
590351,00:48.8,GPS,372984913,0,6,169266800,2401,10,1.21,-35.363262,149.1652379,600.2,0.035,183.5804,1.464,0,1
590709,00:49.0,GPS,373184833,0,6,169267000,2401,10,1.21,-35.363262,149.1652379,599.91,0.031,185.0207,1.465,0,1
591066,00:49.2,GPS,373384753,0,6,169267200,2401,10,1.21,-35.3632621,149.1652379,599.62,0.026,186.1682,1.469,0,1
591428,00:49.4,GPS,373584673,0,6,169267400,2401,10,1.21,-35.3632621,149.1652379,599.32,0.022,187.2556,1.473,0,1
591783,00:49.6,GPS,373784593,0,6,169267600,2401,10,1.21,-35.3632622,149.1652379,599.03,0.018,188.7706,1.476,0,1
592138,00:49.8,GPS,373985346,0,6,169267800,2401,10,1.21,-35.3632622,149.1652378,598.73,0.015,190.6134,1.479,0,1
592496,00:50.0,GPS,374185266,0,6,169268000,2401,10,1.21,-35.3632622,149.1652378,598.44,0.013,193.0597,1.481,0,1
592853,00:50.2,GPS,374385186,0,6,169268200,2401,10,1.21,-35.3632622,149.1652378,598.14,0.011,196.2245,1.482,0,1
593216,00:50.4,GPS,374585106,0,6,169268400,2401,10,1.21,-35.3632622,149.1652378,597.84,0.009000001,198.7568,1.482,0,1
593571,00:50.6,GPS,374785026,0,6,169268600,2401,10,1.21,-35.3632622,149.1652378,597.55,0.008,199.2566,1.482,0,1
593926,00:50.8,GPS,374984946,0,6,169268800,2401,10,1.21,-35.3632622,149.1652378,597.25,0.007,197.1121,1.483,0,1
594285,00:51.0,GPS,375184866,0,6,169269000,2401,10,1.21,-35.3632622,149.1652378,596.95,0.007,192.6361,1.483,0,1
594642,00:51.2,GPS,375384786,0,6,169269200,2401,10,1.21,-35.3632622,149.1652378,596.66,0.008,187.8559,1.483,0,1
595003,00:51.4,GPS,375584706,0,6,169269400,2401,10,1.21,-35.3632623,149.1652378,596.36,0.008,184.2902,1.484,0,1
595358,00:51.6,GPS,375784626,0,6,169269600,2401,10,1.21,-35.3632623,149.1652378,596.06,0.009000001,181.2713,1.484,0,1
595713,00:51.8,GPS,375985379,0,6,169269800,2401,10,1.21,-35.3632623,149.1652378,595.77,0.01,179.1154,1.481,0,1
596071,00:52.0,GPS,376185299,0,6,169270000,2401,10,1.21,-35.3632623,149.1652378,595.47,0.014,178.57,1.43,0,1
596073,00:52.0,GPS,376185299,1,1,0,0,0,-0.01,0,0,0,0,0,0,0,0
596430,00:52.2,GPS,376385219,0,6,169270200,2401,10,1.21,-35.3632624,149.1652378,595.2,0.019,178.6305,1.294,0,1
596792,00:52.4,GPS,376585139,0,6,169270400,2401,10,1.21,-35.3632625,149.1652378,594.95,0.025,178.7446,1.099,0,1
597147,00:52.6,GPS,376785059,0,6,169270600,2401,10,1.21,-35.3632625,149.1652378,594.76,0.027,178.7751,0.881,0,1
597504,00:52.8,GPS,376984979,0,6,169270800,2401,10,1.21,-35.3632626,149.1652378,594.61,0.025,178.1068,0.668,0,1
597863,00:53.0,GPS,377184899,0,6,169271000,2401,10,1.21,-35.3632626,149.1652378,594.49,0.017,176.8694,0.512,0,1
598220,00:53.2,GPS,377384819,0,6,169271200,2401,10,1.21,-35.3632626,149.1652378,594.39,0.006,173.8065,0.437,0,1
598581,00:53.4,GPS,377584739,0,6,169271400,2401,10,1.21,-35.3632626,149.1652378,594.31,0.006,1.24099,0.416,0,1
598935,00:53.6,GPS,377784659,0,6,169271600,2401,10,1.21,-35.3632626,149.1652378,594.23,0.017,358.6066,0.424,0,1
599291,00:53.8,GPS,377984579,0,6,169271800,2401,10,1.21,-35.3632626,149.1652378,594.14,0.025,357.7403,0.446,0,1
599648,00:54.0,GPS,378185332,0,6,169272000,2401,10,1.21,-35.3632626,149.1652378,594.05,0.03,357.2003,0.469,0,1
600006,00:54.2,GPS,378385252,0,6,169272200,2401,10,1.21,-35.3632625,149.1652378,593.95,0.032,357.0433,0.488,0,1
600367,00:54.4,GPS,378585172,0,6,169272400,2401,10,1.21,-35.3632625,149.1652378,593.86,0.032,357.1804,0.502,0,1
600721,00:54.6,GPS,378785092,0,6,169272600,2401,10,1.21,-35.3632624,149.1652378,593.75,0.031,357.2941,0.511,0,1
601077,00:54.8,GPS,378985012,0,6,169272800,2401,10,1.21,-35.3632623,149.1652378,593.65,0.028,357.1216,0.515,0,1
601434,00:55.0,GPS,379184932,0,6,169273000,2401,10,1.21,-35.3632623,149.1652378,593.55,0.025,356.3529,0.516,0,1
601792,00:55.2,GPS,379384852,0,6,169273200,2401,10,1.21,-35.3632622,149.1652378,593.44,0.022,354.8816,0.515,0,1
602153,00:55.4,GPS,379584772,0,6,169273400,2401,10,1.21,-35.3632622,149.1652378,593.33,0.018,352.944,0.514,0,1
602509,00:55.6,GPS,379784692,0,6,169273600,2401,10,1.21,-35.3632622,149.1652378,593.24,0.015,350.5913,0.512,0,1
602865,00:55.8,GPS,379984612,0,6,169273800,2401,10,1.21,-35.3632622,149.1652378,593.14,0.013,347.6071,0.5100001,0,1
603222,00:56.0,GPS,380185365,0,6,169274000,2401,10,1.21,-35.3632622,149.1652378,593.03,0.011,344.2377,0.509,0,1
603251,00:56.0,GPS,380205357,1,1,0,0,0,-0.01,0,0,0,0,0,0,0,0
603582,00:56.2,GPS,380385285,0,6,169274200,2401,10,1.21,-35.3632622,149.1652378,592.93,0.009000001,341.018,0.508,0,1
603943,00:56.4,GPS,380585205,0,6,169274400,2401,10,1.21,-35.3632622,149.1652378,592.83,0.008,338.1262,0.507,0,1
604297,00:56.6,GPS,380785125,0,6,169274600,2401,10,1.21,-35.3632621,149.1652377,592.73,0.007,336.3698,0.507,0,1
604653,00:56.8,GPS,380985045,0,6,169274800,2401,10,1.21,-35.3632621,149.1652377,592.63,0.007,336.1437,0.507,0,1
605011,00:57.0,GPS,381184965,0,6,169275000,2401,10,1.21,-35.3632621,149.1652377,592.53,0.006,336.7432,0.507,0,1
605368,00:57.2,GPS,381384885,0,6,169275200,2401,10,1.21,-35.3632621,149.1652377,592.43,0.006,338.9971,0.508,0,1
605730,00:57.4,GPS,381584805,0,6,169275400,2401,10,1.21,-35.3632621,149.1652377,592.32,0.005,343.3302,0.508,0,1
606084,00:57.6,GPS,381784725,0,6,169275600,2401,10,1.21,-35.3632621,149.1652377,592.22,0.004,349.7234,0.508,0,1
606440,00:57.8,GPS,381984645,0,6,169275800,2401,10,1.21,-35.3632621,149.1652377,592.12,0.004,358.6794,0.508,0,1
606797,00:58.0,GPS,382185398,0,6,169276000,2401,10,1.21,-35.3632621,149.1652377,592.02,0.003,8.46771,0.508,0,1
607154,00:58.2,GPS,382385318,0,6,169276200,2401,10,1.21,-35.3632621,149.1652377,591.92,0.003,17.75359,0.508,0,1
607517,00:58.4,GPS,382585238,0,6,169276400,2401,10,1.21,-35.3632621,149.1652377,591.82,0.003,26.20092,0.507,0,1
607871,00:58.6,GPS,382785158,0,6,169276600,2401,10,1.21,-35.3632621,149.1652377,591.71,0.003,33.06715,0.507,0,1
608227,00:58.8,GPS,382985078,0,6,169276800,2401,10,1.21,-35.363262,149.1652377,591.61,0.003,37.07253,0.507,0,1
608584,00:59.0,GPS,383184998,0,6,169277000,2401,10,1.21,-35.363262,149.1652377,591.51,0.003,38.68578,0.507,0,1
608940,00:59.2,GPS,383384918,0,6,169277200,2401,10,1.21,-35.363262,149.1652377,591.41,0.003,41.27225,0.507,0,1
609303,00:59.4,GPS,383584838,0,6,169277400,2401,10,1.21,-35.363262,149.1652377,591.31,0.003,48.72283,0.507,0,1
609657,00:59.6,GPS,383784758,0,6,169277600,2401,10,1.21,-35.363262,149.1652377,591.2,0.003,63.17908,0.506,0,1
610013,00:59.8,GPS,383984678,0,6,169277800,2401,10,1.21,-35.363262,149.1652377,591.11,0.002,84.37074,0.506,0,1
610370,01:00.0,GPS,384184598,0,6,169278000,2401,10,1.21,-35.363262,149.1652377,591,0.002,106.6134,0.506,0,1
610425,01:00.0,GPS,384224582,1,1,0,0,0,-0.01,0,0,0,0,0,0,0,0
610728,01:00.2,GPS,384385351,0,6,169278200,2401,10,1.21,-35.363262,149.1652377,590.9,0.002,126.8625,0.506,0,1
611091,01:00.4,GPS,384585271,0,6,169278400,2401,10,1.21,-35.363262,149.1652377,590.8,0.003,135.59,0.506,0,1
611447,01:00.6,GPS,384785191,0,6,169278600,2401,10,1.21,-35.363262,149.1652377,590.7,0.003,134.7559,0.506,0,1
611803,01:00.8,GPS,384985111,0,6,169278800,2401,10,1.21,-35.363262,149.1652377,590.6,0.003,133.3395,0.506,0,1
612161,01:01.0,GPS,385185031,0,6,169279000,2401,10,1.21,-35.363262,149.1652377,590.5,0.004,135.0892,0.506,0,1
612517,01:01.2,GPS,385384951,0,6,169279200,2401,10,1.21,-35.363262,149.1652377,590.4,0.004,138.6476,0.505,0,1
612880,01:01.4,GPS,385584871,0,6,169279400,2401,10,1.21,-35.363262,149.1652377,590.3,0.004,142.997,0.505,0,1
613234,01:01.6,GPS,385784791,0,6,169279600,2401,10,1.21,-35.363262,149.1652377,590.19,0.004,147.8628,0.505,0,1
613589,01:01.8,GPS,385984711,0,6,169279800,2401,10,1.21,-35.363262,149.1652377,590.08,0.004,150.0391,0.505,0,1
613947,01:02.0,GPS,386184631,0,6,169280000,2401,10,1.21,-35.363262,149.1652377,589.99,0.005,149.6273,0.505,0,1
614303,01:02.2,GPS,386385384,0,6,169280200,2401,10,1.21,-35.363262,149.1652377,589.89,0.005,148.424,0.505,0,1
614666,01:02.4,GPS,386585304,0,6,169280400,2401,10,1.21,-35.363262,149.1652377,589.79,0.005,148.0318,0.504,0,1
615020,01:02.6,GPS,386785224,0,6,169280600,2401,10,1.21,-35.363262,149.1652377,589.69,0.005,148.3396,0.504,0,1
615375,01:02.8,GPS,386985144,0,6,169280800,2401,10,1.21,-35.363262,149.1652378,589.58,0.005,147.3565,0.504,0,1
615733,01:03.0,GPS,387185064,0,6,169281000,2401,10,1.21,-35.363262,149.1652378,589.49,0.005,145.5296,0.504,0,1
616089,01:03.2,GPS,387384984,0,6,169281200,2401,10,1.21,-35.363262,149.1652378,589.39,0.005,146.4696,0.504,0,1
616452,01:03.4,GPS,387584904,0,6,169281400,2401,10,1.21,-35.363262,149.1652378,589.29,0.005,151.4218,0.504,0,1
616806,01:03.6,GPS,387784824,0,6,169281600,2401,10,1.21,-35.363262,149.1652378,589.18,0.005,161.1973,0.504,0,1
617161,01:03.8,GPS,387984744,0,6,169281800,2401,10,1.21,-35.3632621,149.1652378,589.08,0.005,175.5136,0.504,0,1
617519,01:04.0,GPS,388184664,0,6,169282000,2401,10,1.21,-35.3632621,149.1652378,588.98,0.005,187.3406,0.504,0,1
617598,01:04.0,GPS,388244640,1,1,0,0,0,-0.01,0,0,0,0,0,0,0,0
617877,01:04.2,GPS,388384584,0,6,169282200,2401,10,1.21,-35.3632621,149.1652378,588.88,0.005,195.2185,0.504,0,1
618240,01:04.4,GPS,388585337,0,6,169282400,2401,10,1.21,-35.3632621,149.1652378,588.78,0.005,200.9927,0.503,0,1
618594,01:04.6,GPS,388785257,0,6,169282600,2401,10,1.21,-35.3632621,149.1652378,588.68,0.004,207.1556,0.503,0,1
618949,01:04.8,GPS,388985177,0,6,169282800,2401,10,1.21,-35.3632621,149.1652378,588.58,0.004,217.5109,0.502,0,1
619307,01:05.0,GPS,389185097,0,6,169283000,2401,10,1.21,-35.3632621,149.1652378,588.48,0.003,234.0869,0.502,0,1
619663,01:05.2,GPS,389385017,0,6,169283200,2401,10,1.21,-35.3632621,149.1652378,588.38,0.003,250.8708,0.502,0,1
620027,01:05.4,GPS,389584937,0,6,169283400,2401,10,1.21,-35.3632621,149.1652378,588.28,0.004,262.7656,0.501,0,1
620383,01:05.6,GPS,389784857,0,6,169283600,2401,10,1.21,-35.3632621,149.1652378,588.18,0.004,272.5837,0.501,0,1
620738,01:05.8,GPS,389984777,0,6,169283800,2401,10,1.21,-35.3632621,149.1652378,588.08,0.004,280.706,0.501,0,1
621096,01:06.0,GPS,390184697,0,6,169284000,2401,10,1.21,-35.3632621,149.1652378,587.98,0.003,284.95,0.5,0,1
621452,01:06.2,GPS,390384617,0,6,169284200,2401,10,1.21,-35.3632621,149.1652378,587.88,0.002,281.1666,0.5,0,1
621814,01:06.4,GPS,390585370,0,6,169284400,2401,10,1.21,-35.3632621,149.1652378,587.78,0.002,271.4315,0.5,0,1
622169,01:06.6,GPS,390785290,0,6,169284600,2401,10,1.21,-35.3632621,149.1652378,587.68,0.002,269.1109,0.501,0,1
622524,01:06.8,GPS,390985210,0,6,169284800,2401,10,1.21,-35.3632621,149.1652378,587.58,0.003,270.6656,0.501,0,1
622882,01:07.0,GPS,391185130,0,6,169285000,2401,10,1.21,-35.3632621,149.1652378,587.48,0.003,270.3247,0.502,0,1
623238,01:07.2,GPS,391385050,0,6,169285200,2401,10,1.21,-35.3632621,149.1652378,587.38,0.004,269.5705,0.502,0,1
623600,01:07.4,GPS,391584970,0,6,169285400,2401,10,1.21,-35.3632621,149.1652378,587.28,0.004,269.5552,0.501,0,1
623955,01:07.6,GPS,391784890,0,6,169285600,2401,10,1.21,-35.3632621,149.1652377,587.18,0.005,269.1163,0.501,0,1
624309,01:07.8,GPS,391984810,0,6,169285800,2401,10,1.21,-35.3632621,149.1652377,587.08,0.005,268.7065,0.501,0,1
624668,01:08.0,GPS,392184730,0,6,169286000,2401,10,1.21,-35.3632621,149.1652377,586.98,0.004,267.9894,0.501,0,1
624822,01:08.1,GPS,392264698,1,1,0,0,0,-0.01,0,0,0,0,0,0,0,0
625026,01:08.2,GPS,392384650,0,6,169286200,2401,10,1.21,-35.3632621,149.1652377,586.88,0.004,265.8898,0.501,0,1
625389,01:08.4,GPS,392585403,0,6,169286400,2401,10,1.21,-35.3632621,149.1652377,586.77,0.002,260.9709,0.501,0,1
625744,01:08.6,GPS,392785323,0,6,169286600,2401,10,1.21,-35.3632621,149.1652377,586.67,0.001,244.9082,0.501,0,1
626098,01:08.8,GPS,392985243,0,6,169286800,2401,10,1.21,-35.3632621,149.1652377,586.57,0.001,203.9465,0.501,0,1
626457,01:09.0,GPS,393185163,0,6,169287000,2401,10,1.21,-35.3632621,149.1652377,586.47,0.001,166.462,0.501,0,1
626813,01:09.2,GPS,393385083,0,6,169287200,2401,10,1.21,-35.3632621,149.1652377,586.37,0.001,154.6509,0.501,0,1
627175,01:09.4,GPS,393585003,0,6,169287400,2401,10,1.21,-35.3632621,149.1652377,586.27,0.001,161.2685,0.501,0,1
627530,01:09.6,GPS,393784923,0,6,169287600,2401,10,1.21,-35.3632621,149.1652377,586.17,0.002,168.9238,0.501,0,1
627885,01:09.8,GPS,393984843,0,6,169287800,2401,10,1.21,-35.3632621,149.1652377,586.07,0.002,168.8033,0.5,0,1
628243,01:10.0,GPS,394184763,0,6,169288000,2401,10,1.21,-35.3632621,149.1652377,585.97,0.002,166.7154,0.501,0,1
628600,01:10.2,GPS,394384683,0,6,169288200,2401,10,1.21,-35.3632621,149.1652377,585.87,0.003,164.6359,0.501,0,1
628962,01:10.4,GPS,394584603,0,6,169288400,2401,10,1.21,-35.3632621,149.1652377,585.77,0.004,161.1328,0.501,0,1
629319,01:10.6,GPS,394785356,0,6,169288600,2401,10,1.21,-35.3632622,149.1652377,585.67,0.004,157.5947,0.501,0,1
629673,01:10.8,GPS,394985276,0,6,169288800,2401,10,1.21,-35.3632622,149.1652377,585.57,0.004,156.192,0.501,0,1
630030,01:11.0,GPS,395185196,0,6,169289000,2401,10,1.21,-35.3632622,149.1652377,585.47,0.004,157.1362,0.501,0,1
630387,01:11.2,GPS,395385116,0,6,169289200,2401,10,1.21,-35.3632622,149.1652377,585.37,0.004,157.6474,0.501,0,1
630750,01:11.4,GPS,395585036,0,6,169289400,2401,10,1.21,-35.3632622,149.1652377,585.27,0.003,154.3642,0.501,0,1
631105,01:11.6,GPS,395784956,0,6,169289600,2401,10,1.21,-35.3632622,149.1652377,585.17,0.003,147.6282,0.501,0,1
631459,01:11.8,GPS,395984876,0,6,169289800,2401,10,1.21,-35.3632622,149.1652377,585.07,0.002,140.1887,0.501,0,1
631816,01:12.0,GPS,396184796,0,6,169290000,2401,10,1.21,-35.3632622,149.1652377,584.97,0.002,135.8065,0.501,0,1
631996,01:12.1,GPS,396284756,1,1,0,0,0,-0.01,0,0,0,0,0,0,0,0
632175,01:12.2,GPS,396384716,0,6,169290200,2401,10,1.21,-35.3632622,149.1652377,584.87,0.002,136.3141,0.501,0,1
632538,01:12.4,GPS,396584636,0,6,169290400,2401,10,1.21,-35.3632622,149.1652377,584.77,0.002,140.109,0.501,0,1
632893,01:12.6,GPS,396785389,0,6,169290600,2401,10,1.21,-35.3632622,149.1652377,584.67,0.003,144.6621,0.501,0,1
633247,01:12.8,GPS,396985309,0,6,169290800,2401,10,1.21,-35.3632622,149.1652377,584.57,0.003,148.6077,0.501,0,1
633604,01:13.0,GPS,397185229,0,6,169291000,2401,10,1.21,-35.3632622,149.1652377,584.47,0.004,152.6775,0.501,0,1
633961,01:13.2,GPS,397385149,0,6,169291200,2401,10,1.21,-35.3632622,149.1652377,584.37,0.005,157.3645,0.501,0,1
634324,01:13.4,GPS,397585069,0,6,169291400,2401,10,1.21,-35.3632622,149.1652377,584.27,0.006,162.1063,0.501,0,1
634679,01:13.6,GPS,397784989,0,6,169291600,2401,10,1.21,-35.3632622,149.1652377,584.17,0.008,166.078,0.501,0,1
635035,01:13.8,GPS,397984909,0,6,169291800,2401,10,1.21,-35.3632622,149.1652377,584.09,0.002,158.996,0.213,0,1
635394,01:14.0,GPS,398184829,0,6,169292000,2401,10,1.21,-35.3632622,149.1652377,584.08,0.002,352.5619,-0.08000001,0,1
635751,01:14.2,GPS,398384749,0,6,169292200,2401,10,1.21,-35.3632622,149.1652377,584.09,0,192.8327,-0.032,0,1
636124,01:14.4,GPS,398584669,0,6,169292400,2401,10,1.21,-35.3632622,149.1652377,584.09,0.001,177.0068,0.014,0,1
636489,01:14.6,GPS,398784589,0,6,169292600,2401,10,1.21,-35.3632622,149.1652377,584.09,0,176.4918,0.002,0,1
636854,01:14.8,GPS,398985342,0,6,169292800,2401,10,1.21,-35.3632622,149.1652377,584.09,0,357.9688,-0.002,0,1
637221,01:15.0,GPS,399185262,0,6,169293000,2401,10,1.21,-35.3632622,149.1652377,584.09,0,359.0738,0,0,1
637588,01:15.2,GPS,399385182,0,6,169293200,2401,10,1.21,-35.3632622,149.1652377,584.09,0,8.331719,0,0,1
637957,01:15.4,GPS,399585102,0,6,169293400,2401,10,1.21,-35.3632622,149.1652377,584.09,0,180.0951,0,0,1
638311,01:15.6,GPS,399785022,0,6,169293600,2401,10,1.21,-35.3632622,149.1652377,584.09,0,180.055,0,0,1
638666,01:15.8,GPS,399984942,0,6,169293800,2401,10,1.21,-35.3632622,149.1652377,584.09,0,180.1463,0,0,1
639009,01:16.0,GPS,400184862,0,6,169294000,2401,10,1.21,-35.3632622,149.1652377,584.09,0,358.6354,0,0,1
639209,01:16.1,GPS,400304814,1,1,0,0,0,-0.01,0,0,0,0,0,0,0,0
639354,01:16.2,GPS,400384782,0,6,169294200,2401,10,1.21,-35.3632622,149.1652377,584.09,0,358.9771,0,0,1
639703,01:16.4,GPS,400584702,0,6,169294400,2401,10,1.21,-35.3632622,149.1652377,584.09,0,345.9103,0,0,1
640043,01:16.6,GPS,400784622,0,6,169294600,2401,10,1.21,-35.3632622,149.1652377,584.09,0,353.1723,0,0,1
640384,01:16.8,GPS,400985375,0,6,169294800,2401,10,1.21,-35.3632622,149.1652377,584.09,0,356.1627,0,0,1
640727,01:17.0,GPS,401185295,0,6,169295000,2401,10,1.21,-35.3632622,149.1652377,584.09,0,355.7774,0,0,1
641070,01:17.2,GPS,401385215,0,6,169295200,2401,10,1.21,-35.3632622,149.1652377,584.09,0,355.5423,0,0,1
641418,01:17.4,GPS,401585135,0,6,169295400,2401,10,1.21,-35.3632622,149.1652377,584.09,0,355.6334,0,0,1
641759,01:17.6,GPS,401785055,0,6,169295600,2401,10,1.21,-35.3632622,149.1652377,584.09,0,355.6547,0,0,1
642100,01:17.8,GPS,401984975,0,6,169295800,2401,10,1.21,-35.3632622,149.1652377,584.09,0,355.6403,0,0,1
642443,01:18.0,GPS,402184895,0,6,169296000,2401,10,1.21,-35.3632622,149.1652377,584.09,0,355.6391,0,0,1
642786,01:18.2,GPS,402384815,0,6,169296200,2401,10,1.21,-35.3632622,149.1652377,584.09,0,355.6412,0,0,1
643135,01:18.4,GPS,402584735,0,6,169296400,2401,10,1.21,-35.3632622,149.1652377,584.09,0,355.6411,0,0,1
643476,01:18.6,GPS,402784655,0,6,169296600,2401,10,1.21,-35.3632622,149.1652377,584.09,0,355.6408,0,0,1
643817,01:18.8,GPS,402985408,0,6,169296800,2401,10,1.21,-35.3632622,149.1652377,584.09,0,355.6409,0,0,1
644160,01:19.0,GPS,403185328,0,6,169297000,2401,10,1.21,-35.3632622,149.1652377,584.09,0,355.6409,0,0,1
644502,01:19.2,GPS,403385248,0,6,169297200,2401,10,1.21,-35.3632622,149.1652377,584.09,0,355.6409,0,0,1
644851,01:19.4,GPS,403585168,0,6,169297400,2401,10,1.21,-35.3632622,149.1652377,584.09,0,355.6409,0,0,1
645192,01:19.6,GPS,403785088,0,6,169297600,2401,10,1.21,-35.3632622,149.1652377,584.09,0,355.6409,0,0,1
645533,01:19.8,GPS,403985008,0,6,169297800,2401,10,1.21,-35.3632622,149.1652377,584.09,0,355.6409,0,0,1
645876,01:20.0,GPS,404184928,0,6,169298000,2401,10,1.21,-35.3632622,149.1652377,584.09,0,355.6409,0,0,1
646100,01:20.1,GPS,404324872,1,1,0,0,0,-0.01,0,0,0,0,0,0,0,0
646220,01:20.2,GPS,404384848,0,6,169298200,2401,10,1.21,-35.3632622,149.1652377,584.09,0,355.6409,0,0,1
646570,01:20.4,GPS,404584768,0,6,169298400,2401,10,1.21,-35.3632622,149.1652377,584.09,0,355.6409,0,0,1
646911,01:20.6,GPS,404784688,0,6,169298600,2401,10,1.21,-35.3632622,149.1652377,584.09,0,355.6409,0,0,1
647254,01:20.8,GPS,404984608,0,6,169298800,2401,10,1.21,-35.3632622,149.1652377,584.09,0,355.6409,0,0,1
647597,01:21.0,GPS,405185361,0,6,169299000,2401,10,1.21,-35.3632622,149.1652377,584.09,0,355.6409,0,0,1
647939,01:21.2,GPS,405385281,0,6,169299200,2401,10,1.21,-35.3632622,149.1652377,584.09,0,355.6409,0,0,1
648288,01:21.4,GPS,405585201,0,6,169299400,2401,10,1.21,-35.3632622,149.1652377,584.09,0,355.6409,0,0,1
648629,01:21.6,GPS,405785121,0,6,169299600,2401,10,1.21,-35.3632622,149.1652377,584.09,0,355.6409,0,0,1
648970,01:21.8,GPS,405985041,0,6,169299800,2401,10,1.21,-35.3632622,149.1652377,584.09,0,355.6409,0,0,1
649313,01:22.0,GPS,406184961,0,6,169300000,2401,10,1.21,-35.3632622,149.1652377,584.09,0,355.6409,0,0,1
649655,01:22.2,GPS,406384881,0,6,169300200,2401,10,1.21,-35.3632622,149.1652377,584.09,0,355.6409,0,0,1
650004,01:22.4,GPS,406584801,0,6,169300400,2401,10,1.21,-35.3632622,149.1652377,584.09,0,355.6409,0,0,1
650345,01:22.6,GPS,406784721,0,6,169300600,2401,10,1.21,-35.3632622,149.1652377,584.09,0,355.6409,0,0,1
650686,01:22.8,GPS,406984641,0,6,169300800,2401,10,1.21,-35.3632622,149.1652377,584.09,0,355.6409,0,0,1
651029,01:23.0,GPS,407185394,0,6,169301000,2401,10,1.21,-35.3632622,149.1652377,584.09,0,355.6409,0,0,1
651371,01:23.2,GPS,407385314,0,6,169301200,2401,10,1.21,-35.3632622,149.1652377,584.09,0,355.6409,0,0,1
651720,01:23.4,GPS,407585234,0,6,169301400,2401,10,1.21,-35.3632622,149.1652377,584.09,0,355.6409,0,0,1
652061,01:23.6,GPS,407785154,0,6,169301600,2401,10,1.21,-35.3632622,149.1652377,584.09,0,355.6409,0,0,1
652401,01:23.8,GPS,407985074,0,6,169301800,2401,10,1.21,-35.3632622,149.1652377,584.09,0,355.6409,0,0,1
652745,01:24.0,GPS,408184994,0,6,169302000,2401,10,1.21,-35.3632622,149.1652377,584.09,0,355.6409,0,0,1
652995,01:24.1,GPS,408344930,1,1,0,0,0,-0.01,0,0,0,0,0,0,0,0
653089,01:24.2,GPS,408384914,0,6,169302200,2401,10,1.21,-35.3632622,149.1652377,584.09,0,355.6409,0,0,1
653438,01:24.4,GPS,408584834,0,6,169302400,2401,10,1.21,-35.3632622,149.1652377,584.09,0,355.6409,0,0,1
653779,01:24.6,GPS,408784754,0,6,169302600,2401,10,1.21,-35.3632622,149.1652377,584.09,0,355.6409,0,0,1
654119,01:24.8,GPS,408984674,0,6,169302800,2401,10,1.21,-35.3632622,149.1652377,584.09,0,355.6409,0,0,1
654462,01:25.0,GPS,409184594,0,6,169303000,2401,10,1.21,-35.3632622,149.1652377,584.09,0,355.6409,0,0,1
654805,01:25.2,GPS,409385347,0,6,169303200,2401,10,1.21,-35.3632622,149.1652377,584.09,0,355.6409,0,0,1
655154,01:25.4,GPS,409585267,0,6,169303400,2401,10,1.21,-35.3632622,149.1652377,584.09,0,355.6409,0,0,1
655495,01:25.6,GPS,409785187,0,6,169303600,2401,10,1.21,-35.3632622,149.1652377,584.09,0,355.6409,0,0,1
655837,01:25.8,GPS,409985107,0,6,169303800,2401,10,1.21,-35.3632622,149.1652377,584.09,0,355.6409,0,0,1
656180,01:26.0,GPS,410185027,0,6,169304000,2401,10,1.21,-35.3632622,149.1652377,584.09,0,355.6409,0,0,1
656523,01:26.2,GPS,410384947,0,6,169304200,2401,10,1.21,-35.3632622,149.1652377,584.09,0,355.6409,0,0,1
656872,01:26.4,GPS,410584867,0,6,169304400,2401,10,1.21,-35.3632622,149.1652377,584.09,0,355.6409,0,0,1
657213,01:26.6,GPS,410784787,0,6,169304600,2401,10,1.21,-35.3632622,149.1652377,584.09,0,355.6409,0,0,1
657553,01:26.8,GPS,410984707,0,6,169304800,2401,10,1.21,-35.3632622,149.1652377,584.09,0,355.6409,0,0,1
657896,01:27.0,GPS,411184627,0,6,169305000,2401,10,1.21,-35.3632622,149.1652377,584.09,0,355.6409,0,0,1
658239,01:27.2,GPS,411385380,0,6,169305200,2401,10,1.21,-35.3632622,149.1652377,584.09,0,355.6409,0,0,1
658588,01:27.4,GPS,411585300,0,6,169305400,2401,10,1.21,-35.3632622,149.1652377,584.09,0,355.6409,0,0,1
658929,01:27.6,GPS,411785220,0,6,169305600,2401,10,1.21,-35.3632622,149.1652377,584.09,0,355.6409,0,0,1
659269,01:27.8,GPS,411985140,0,6,169305800,2401,10,1.21,-35.3632622,149.1652377,584.09,0,355.6409,0,0,1
659612,01:28.0,GPS,412185060,0,6,169306000,2401,10,1.21,-35.3632622,149.1652377,584.09,0,355.6409,0,0,1
659929,01:28.2,GPS,412364988,1,1,0,0,0,-0.01,0,0,0,0,0,0,0,0
659957,01:28.2,GPS,412384980,0,6,169306200,2401,10,1.21,-35.3632622,149.1652377,584.09,0,355.6409,0,0,1
660306,01:28.4,GPS,412584900,0,6,169306400,2401,10,1.21,-35.3632622,149.1652377,584.09,0,355.6409,0,0,1
660648,01:28.6,GPS,412784820,0,6,169306600,2401,10,1.21,-35.3632622,149.1652377,584.09,0,355.6409,0,0,1
660988,01:28.8,GPS,412984740,0,6,169306800,2401,10,1.21,-35.3632622,149.1652377,584.09,0,355.6409,0,0,1
661331,01:29.0,GPS,413184660,0,6,169307000,2401,10,1.21,-35.3632622,149.1652377,584.09,0,355.6409,0,0,1
661674,01:29.2,GPS,413384580,0,6,169307200,2401,10,1.21,-35.3632622,149.1652377,584.09,0,355.6409,0,0,1
662022,01:29.4,GPS,413585333,0,6,169307400,2401,10,1.21,-35.3632622,149.1652377,584.09,0,355.6409,0,0,1
662364,01:29.6,GPS,413785253,0,6,169307600,2401,10,1.21,-35.3632622,149.1652377,584.09,0,355.6409,0,0,1
662704,01:29.8,GPS,413985173,0,6,169307800,2401,10,1.21,-35.3632622,149.1652377,584.09,0,355.6409,0,0,1
663047,01:30.0,GPS,414185093,0,6,169308000,2401,10,1.21,-35.3632622,149.1652377,584.09,0,355.6409,0,0,1
663390,01:30.2,GPS,414385013,0,6,169308200,2401,10,1.21,-35.3632622,149.1652377,584.09,0,355.6409,0,0,1
663738,01:30.4,GPS,414584933,0,6,169308400,2401,10,1.21,-35.3632622,149.1652377,584.09,0,355.6409,0,0,1
664080,01:30.6,GPS,414784853,0,6,169308600,2401,10,1.21,-35.3632622,149.1652377,584.09,0,355.6409,0,0,1
