Timestamp,SrcPort,DstPort,Length,MsgID,Protocol,Label
1768228179275998,52931,14550,48.0,33,0,0
1768228179277747,52931,14550,39.0,74,0,0
1768228179284439,52931,14550,51.0,1,0,0
1768228179289825,52931,14550,22.0,125,0,0
1768228179292000,52931,14550,27.0,152,0,0
1768228179293284,52931,14550,45.0,62,0,0
1768228179296470,52931,14550,26.0,42,0,0
1768228179299140,52931,14550,32.0,36,0,0
1768228179300797,52931,14550,62.0,65,0,0
1768228179305069,52931,14550,49.0,27,0,0
1768228179306937,52931,14550,44.0,116,0,0
1768228179309327,52931,14550,42.0,129,0,0
1768228179311082,52931,14550,34.0,29,0,0
1768228179313238,52931,14550,34.0,137,0,0
1768228179315109,52931,14550,60.0,24,0,0
1768228179319664,52931,14550,53.0,124,0,0
1768228179321979,52931,14550,31.0,2,0,0
1768228179324434,52931,14550,64.0,164,0,0
1768228179326291,52931,14550,24.0,168,0,0
1768228179328384,52931,14550,42.0,136,0,0
1768228179330426,52931,14550,42.0,193,0,0
1768228179333207,52931,14550,48.0,32,0,0
1768228179335446,52931,14550,40.0,241,0,0
1768228179337810,52931,14550,70.0,87,0,0
1768228179340826,52931,14550,61.0,147,0,0
1768228179342686,52931,14550,64.0,11030,0,0
1768228179436417,5760,58419,,264,1,0
1768228179437435,52931,14550,47.0,264,0,0
1768228179519722,52931,14550,48.0,163,0,0
1768228179521393,52931,14550,44.0,178,0,0
1768228179523599,52931,14550,48.0,30,0,0
1768228179525828,52931,14550,48.0,33,0,0
1768228179528430,52931,14550,39.0,74,0,0
1768228179534756,52931,14550,51.0,1,0,0
1768228179537030,52931,14550,22.0,125,0,0
1768228179538988,52931,14550,27.0,152,0,0
1768228179540323,52931,14550,45.0,62,0,0
1768228179543096,52931,14550,26.0,42,0,0
1768228179545388,52931,14550,32.0,36,0,0
1768228179546777,52931,14550,62.0,65,0,0
1768228179548418,52931,14550,49.0,27,0,0
1768228179549756,52931,14550,44.0,116,0,0
1768228179551266,52931,14550,42.0,129,0,0
1768228179552622,52931,14550,34.0,29,0,0
1768228179554921,52931,14550,34.0,137,0,0
1768228179556817,52931,14550,60.0,24,0,0
1768228179559849,52931,14550,53.0,124,0,0
1768228179562191,52931,14550,31.0,2,0,0
1768228179563439,52931,14550,64.0,164,0,0
1768228179565063,52931,14550,24.0,168,0,0
1768228179567630,52931,14550,42.0,136,0,0
1768228179569180,52931,14550,42.0,193,0,0
1768228179570972,52931,14550,48.0,32,0,0
1768228179572353,52931,14550,40.0,241,0,0
1768228179573836,52931,14550,70.0,87,0,0
1768228179575258,52931,14550,61.0,147,0,0
1768228179577031,52931,14550,64.0,11030,0,0
1768228179635430,58419,5760,,0,1,0
1768228179775252,52931,14550,48.0,163,0,0
1768228179777387,52931,14550,44.0,178,0,0
1768228179779735,52931,14550,48.0,30,0,0
1768228179782479,52931,14550,48.0,33,0,0
1768228179786009,52931,14550,39.0,74,0,0
1768228179793409,52931,14550,51.0,1,0,0
1768228179797860,52931,14550,22.0,125,0,0
1768228179801276,52931,14550,27.0,152,0,0
1768228179802879,52931,14550,45.0,62,0,0
1768228179805870,52931,14550,26.0,42,0,0
1768228179811202,52931,14550,32.0,36,0,0
1768228179813321,52931,14550,62.0,65,0,0
1768228179816637,52931,14550,49.0,27,0,0
1768228179818987,52931,14550,44.0,116,0,0
1768228179820231,52931,14550,42.0,129,0,0
1768228179821898,52931,14550,34.0,29,0,0
1768228179823518,52931,14550,34.0,137,0,0
1768228179825375,52931,14550,60.0,24,0,0
1768228179827209,52931,14550,53.0,124,0,0
1768228179829109,52931,14550,31.0,2,0,0
1768228179830591,52931,14550,64.0,164,0,0
1768228179831906,52931,14550,24.0,168,0,0
1768228179833394,52931,14550,42.0,136,0,0
1768228179834964,52931,14550,42.0,193,0,0
1768228179836488,52931,14550,48.0,32,0,0
1768228179837754,52931,14550,40.0,241,0,0
1768228179839381,52931,14550,70.0,87,0,0
1768228179841468,52931,14550,61.0,147,0,0
1768228179842064,5760,58419,,0,1,0
1768228179843280,52931,14550,64.0,11030,0,0
1768228179845612,52931,14550,29.0,0,0,0
1768228179938369,5760,58419,,264,1,0
1768228179939499,52931,14550,47.0,264,0,0
1768228180024094,52931,14550,48.0,163,0,0
1768228180026661,52931,14550,44.0,178,0,0
1768228180027982,52931,14550,48.0,30,0,0
1768228180030794,52931,14550,48.0,33,0,0
1768228180032443,52931,14550,39.0,74,0,0
1768228180036825,52931,14550,51.0,1,0,0
1768228180042671,52931,14550,22.0,125,0,0
1768228180044626,52931,14550,27.0,152,0,0
1768228180046136,52931,14550,45.0,62,0,0
1768228180048241,52931,14550,26.0,42,0,0
1768228180050287,52931,14550,32.0,36,0,0
1768228180052175,52931,14550,62.0,65,0,0
1768228180053599,52931,14550,49.0,27,0,0
1768228180055251,52931,14550,44.0,116,0,0
1768228180056600,52931,14550,42.0,129,0,0
1768228180058078,52931,14550,34.0,29,0,0
1768228180059515,52931,14550,34.0,137,0,0
1768228180061072,52931,14550,60.0,24,0,0
1768228180062756,52931,14550,53.0,124,0,0
1768228180064822,52931,14550,31.0,2,0,0
1768228180066444,52931,14550,64.0,164,0,0
1768228180068065,52931,14550,24.0,168,0,0
1768228180069682,52931,14550,42.0,136,0,0
1768228180071146,52931,14550,42.0,193,0,0
1768228180073125,52931,14550,48.0,32,0,0
1768228180074413,52931,14550,40.0,241,0,0
1768228180076033,52931,14550,70.0,87,0,0
1768228180077564,52931,14550,61.0,147,0,0
1768228180078811,52931,14550,64.0,11030,0,0
1768228180274251,52931,14550,48.0,163,0,0
1768228180276413,52931,14550,44.0,178,0,0
1768228180277690,52931,14550,48.0,30,0,0
1768228180279857,52931,14550,48.0,33,0,0
1768228180282250,52931,14550,39.0,74,0,0
1768228180288296,52931,14550,51.0,1,0,0
1768228180292134,52931,14550,22.0,125,0,0
1768228180295150,52931,14550,27.0,152,0,0
1768228180299011,52931,14550,45.0,62,0,0
1768228180303375,52931,14550,26.0,42,0,0
1768228180308505,52931,14550,32.0,36,0,0
1768228180310173,52931,14550,62.0,65,0,0
1768228180311522,52931,14550,49.0,27,0,0
1768228180313592,52931,14550,44.0,116,0,0
1768228180315497,52931,14550,42.0,129,0,0
1768228180317661,52931,14550,34.0,29,0,0
1768228180319306,52931,14550,34.0,137,0,0
1768228180322135,52931,14550,60.0,24,0,0
1768228180324517,52931,14550,53.0,124,0,0
1768228180326396,52931,14550,31.0,2,0,0
1768228180330989,52931,14550,64.0,164,0,0
1768228180333115,52931,14550,24.0,168,0,0
1768228180334517,52931,14550,42.0,136,0,0
1768228180335984,52931,14550,42.0,193,0,0
1768228180337681,52931,14550,48.0,32,0,0
1768228180338915,52931,14550,40.0,241,0,0
1768228180340112,52931,14550,70.0,87,0,0
1768228180342219,52931,14550,61.0,147,0,0
1768228180343900,52931,14550,64.0,11030,0,0
1768228180441033,5760,58419,,264,1,0
1768228180442254,52931,14550,47.0,264,0,0
1768228180526667,52931,14550,48.0,163,0,0
1768228180528875,52931,14550,44.0,178,0,0
1768228180532045,52931,14550,48.0,30,0,0
1768228180534121,52931,14550,48.0,33,0,0
1768228180535921,52931,14550,39.0,74,0,0
1768228180539285,52931,14550,51.0,1,0,0
1768228180542024,52931,14550,22.0,125,0,0
1768228180544047,52931,14550,27.0,152,0,0
1768228180545617,52931,14550,45.0,62,0,0
1768228180547503,52931,14550,26.0,42,0,0
1768228180550258,52931,14550,32.0,36,0,0
1768228180552080,52931,14550,62.0,65,0,0
1768228180553540,52931,14550,49.0,27,0,0
1768228180555089,52931,14550,44.0,116,0,0
1768228180556510,52931,14550,42.0,129,0,0
1768228180557983,52931,14550,34.0,29,0,0
1768228180559331,52931,14550,34.0,137,0,0
1768228180560789,52931,14550,60.0,24,0,0
1768228180562422,52931,14550,53.0,124,0,0
1768228180564935,52931,14550,31.0,2,0,0
1768228180566584,52931,14550,64.0,164,0,0
1768228180567815,52931,14550,24.0,168,0,0
1768228180569148,52931,14550,42.0,136,0,0
1768228180570703,52931,14550,42.0,193,0,0
1768228180572220,52931,14550,48.0,32,0,0
1768228180573451,52931,14550,40.0,241,0,0
1768228180574803,52931,14550,70.0,87,0,0
1768228180577219,52931,14550,61.0,147,0,0
1768228180579199,52931,14550,64.0,11030,0,0
1768228180637759,58419,5760,,0,1,0
1768228180776702,52931,14550,48.0,163,0,0
1768228180779521,52931,14550,44.0,178,0,0
1768228180782109,52931,14550,48.0,30,0,0
1768228180785228,52931,14550,48.0,33,0,0
1768228180788263,52931,14550,39.0,74,0,0
1768228180793025,52931,14550,51.0,1,0,0
1768228180799153,52931,14550,22.0,125,0,0
1768228180801381,52931,14550,27.0,152,0,0
1768228180802733,52931,14550,45.0,62,0,0
1768228180807139,52931,14550,26.0,42,0,0
1768228180809943,52931,14550,32.0,36,0,0
1768228180812286,52931,14550,62.0,65,0,0
1768228180817208,52931,14550,49.0,27,0,0
1768228180819377,52931,14550,44.0,116,0,0
1768228180821039,52931,14550,42.0,129,0,0
1768228180822297,52931,14550,34.0,29,0,0
1768228180824939,52931,14550,34.0,137,0,0
1768228180827891,52931,14550,60.0,24,0,0
1768228180830763,52931,14550,53.0,124,0,0
1768228180833718,52931,14550,31.0,2,0,0
1768228180835313,52931,14550,64.0,164,0,0
1768228180836943,52931,14550,24.0,168,0,0
1768228180839822,52931,14550,42.0,136,0,0
1768228180841326,52931,14550,42.0,193,0,0
1768228180843930,52931,14550,48.0,32,0,0
1768228180845427,52931,14550,40.0,241,0,0
1768228180846902,52931,14550,70.0,87,0,0
1768228180848352,52931,14550,61.0,147,0,0
1768228180850143,52931,14550,64.0,11030,0,0
1768228180852701,5760,58419,,0,1,0
1768228180853940,52931,14550,29.0,0,0,0
1768228180942697,5760,58419,,264,1,0
1768228180943733,52931,14550,47.0,264,0,0
1768228181031454,52931,14550,48.0,163,0,0
1768228181033872,52931,14550,44.0,178,0,0
1768228181035336,52931,14550,48.0,30,0,0
1768228181038002,52931,14550,48.0,33,0,0
1768228181040414,52931,14550,39.0,74,0,0
1768228181044859,52931,14550,51.0,1,0,0
1768228181047410,52931,14550,22.0,125,0,0
1768228181049323,52931,14550,27.0,152,0,0
1768228181050989,52931,14550,45.0,62,0,0
1768228181053559,52931,14550,26.0,42,0,0
1768228181056117,52931,14550,32.0,36,0,0
1768228181057844,52931,14550,62.0,65,0,0
1768228181059298,52931,14550,49.0,27,0,0
1768228181060866,52931,14550,44.0,116,0,0
1768228181062193,52931,14550,42.0,129,0,0
1768228181063736,52931,14550,34.0,29,0,0
1768228181065218,52931,14550,34.0,137,0,0
1768228181066433,52931,14550,60.0,24,0,0
1768228181068780,52931,14550,53.0,124,0,0
1768228181070761,52931,14550,31.0,2,0,0
1768228181072249,52931,14550,64.0,164,0,0
1768228181073674,52931,14550,24.0,168,0,0
1768228181075121,52931,14550,42.0,136,0,0
1768228181076575,52931,14550,42.0,193,0,0
1768228181078025,52931,14550,48.0,32,0,0
1768228181079210,52931,14550,40.0,241,0,0
1768228181080732,52931,14550,70.0,87,0,0
1768228181082511,52931,14550,61.0,147,0,0
1768228181084602,52931,14550,64.0,11030,0,0
1768228181283503,52931,14550,48.0,163,0,0
1768228181286259,52931,14550,44.0,178,0,0
1768228181288446,52931,14550,48.0,30,0,0
1768228181290835,52931,14550,48.0,33,0,0
1768228181293864,52931,14550,39.0,74,0,0
1768228181299690,52931,14550,51.0,1,0,0
1768228181307551,52931,14550,22.0,125,0,0
1768228181309678,52931,14550,27.0,152,0,0
1768228181310977,52931,14550,45.0,62,0,0
1768228181314860,52931,14550,26.0,42,0,0
1768228181317547,52931,14550,32.0,36,0,0
1768228181320129,52931,14550,62.0,65,0,0
1768228181321542,52931,14550,49.0,27,0,0
1768228181323735,52931,14550,44.0,116,0,0
1768228181326230,52931,14550,42.0,129,0,0
1768228181328297,52931,14550,34.0,29,0,0
1768228181333057,52931,14550,34.0,137,0,0
1768228181334647,52931,14550,60.0,24,0,0
1768228181338327,52931,14550,53.0,124,0,0
1768228181342398,52931,14550,31.0,2,0,0
1768228181343669,52931,14550,64.0,164,0,0
1768228181347164,52931,14550,24.0,168,0,0
1768228181349815,52931,14550,42.0,136,0,0
1768228181351468,52931,14550,42.0,193,0,0
1768228181352912,52931,14550,48.0,32,0,0
1768228181354409,52931,14550,40.0,241,0,0
1768228181356461,52931,14550,70.0,87,0,0
1768228181357910,52931,14550,61.0,147,0,0
1768228181359136,52931,14550,64.0,11030,0,0
1768228181444049,5760,58419,,264,1,0
1768228181445160,52931,14550,47.0,264,0,0
1768228181535309,52931,14550,48.0,163,0,0
1768228181539819,52931,14550,44.0,178,0,0
1768228181541733,52931,14550,48.0,30,0,0
1768228181547083,52931,14550,48.0,33,0,0
1768228181549242,52931,14550,39.0,74,0,0
1768228181553175,52931,14550,51.0,1,0,0
1768228181556728,52931,14550,22.0,125,0,0
1768228181558443,52931,14550,27.0,152,0,0
1768228181559672,52931,14550,44.0,62,0,0
1768228181562145,52931,14550,26.0,42,0,0
1768228181564032,52931,14550,32.0,36,0,0
1768228181565279,52931,14550,62.0,65,0,0
1768228181566761,52931,14550,49.0,27,0,0
1768228181568660,52931,14550,44.0,116,0,0
1768228181569978,52931,14550,42.0,129,0,0
1768228181571543,52931,14550,34.0,29,0,0
1768228181573107,52931,14550,34.0,137,0,0
1768228181574460,52931,14550,60.0,24,0,0
1768228181576248,52931,14550,53.0,124,0,0
1768228181578309,52931,14550,31.0,2,0,0
1768228181579466,52931,14550,64.0,164,0,0
1768228181580872,52931,14550,24.0,168,0,0
1768228181586015,52931,14550,42.0,136,0,0
1768228181587322,52931,14550,42.0,193,0,0
1768228181589472,52931,14550,48.0,32,0,0
1768228181591086,52931,14550,40.0,241,0,0
1768228181593794,52931,14550,70.0,87,0,0
1768228181595976,52931,14550,61.0,147,0,0
1768228181597233,52931,14550,64.0,11030,0,0
1768228181643914,58419,5760,,0,1,0
1768228181783295,52931,14550,48.0,163,0,0
1768228181785438,52931,14550,44.0,178,0,0
1768228181790192,52931,14550,48.0,30,0,0
1768228181793696,52931,14550,48.0,33,0,0
1768228181795651,52931,14550,39.0,74,0,0
1768228181801572,52931,14550,51.0,1,0,0
1768228181808190,52931,14550,22.0,125,0,0
1768228181810542,52931,14550,27.0,152,0,0
1768228181812244,52931,14550,44.0,62,0,0
1768228181821502,52931,14550,26.0,42,0,0
1768228181837125,52931,14550,32.0,36,0,0
1768228181840453,52931,14550,62.0,65,0,0
1768228181842773,52931,14550,49.0,27,0,0
1768228181844025,52931,14550,44.0,116,0,0
1768228181845920,52931,14550,42.0,129,0,0
1768228181848124,52931,14550,34.0,29,0,0
1768228181850609,52931,14550,34.0,137,0,0
1768228181852376,52931,14550,60.0,24,0,0
1768228181854478,52931,14550,53.0,124,0,0
1768228181856493,52931,14550,31.0,2,0,0
1768228181857028,5760,58419,,0,1,0
1768228181858672,52931,14550,64.0,164,0,0
1768228181860324,52931,14550,24.0,168,0,0
1768228181862333,52931,14550,42.0,136,0,0
1768228181863670,52931,14550,42.0,193,0,0
1768228181865928,52931,14550,48.0,32,0,0
1768228181869699,52931,14550,40.0,241,0,0
1768228181872306,52931,14550,70.0,87,0,0
1768228181874990,52931,14550,61.0,147,0,0
1768228181877961,52931,14550,64.0,11030,0,0
1768228181882352,52931,14550,29.0,0,0,0
1768228181951373,5760,58419,,264,1,0
1768228181952204,52931,14550,47.0,264,0,0
1768228182033491,52931,14550,48.0,163,0,0
1768228182033998,52931,14550,44.0,178,0,0
1768228182034602,52931,14550,48.0,30,0,0
1768228182035085,52931,14550,48.0,33,0,0
1768228182035462,52931,14550,39.0,74,0,0
1768228182036652,52931,14550,51.0,1,0,0
1768228182038017,52931,14550,22.0,125,0,0
1768228182038819,52931,14550,27.0,152,0,0
1768228182039397,52931,14550,44.0,62,0,0
1768228182040564,52931,14550,26.0,42,0,0
1768228182041369,52931,14550,32.0,36,0,0
1768228182041822,52931,14550,62.0,65,0,0
1768228182042312,52931,14550,49.0,27,0,0
1768228182042694,52931,14550,44.0,116,0,0
1768228182043161,52931,14550,42.0,129,0,0
1768228182043654,52931,14550,34.0,29,0,0
1768228182044049,52931,14550,34.0,137,0,0
1768228182044419,52931,14550,60.0,24,0,0
1768228182045157,52931,14550,53.0,124,0,0
1768228182045708,52931,14550,31.0,2,0,0
1768228182046218,52931,14550,64.0,164,0,0
1768228182046649,52931,14550,24.0,168,0,0
1768228182047211,52931,14550,42.0,136,0,0
1768228182047695,52931,14550,42.0,193,0,0
1768228182048327,52931,14550,48.0,32,0,0
1768228182048781,52931,14550,40.0,241,0,0
1768228182049402,52931,14550,70.0,87,0,0
1768228182050131,52931,14550,61.0,147,0,0
1768228182050747,52931,14550,64.0,11030,0,0
1768228182285157,52931,14550,48.0,163,0,0
1768228182287917,52931,14550,44.0,178,0,0
1768228182289730,52931,14550,48.0,30,0,0
1768228182292914,52931,14550,48.0,33,0,0
1768228182294773,52931,14550,39.0,74,0,0
1768228182299373,52931,14550,51.0,1,0,0
1768228182302006,52931,14550,22.0,125,0,0
1768228182304119,52931,14550,27.0,152,0,0
1768228182305577,52931,14550,44.0,62,0,0
1768228182307864,52931,14550,26.0,42,0,0
1768228182309961,52931,14550,32.0,36,0,0
1768228182311712,52931,14550,62.0,65,0,0
1768228182314511,52931,14550,49.0,27,0,0
1768228182316200,52931,14550,44.0,116,0,0
1768228182317898,52931,14550,42.0,129,0,0
1768228182320045,52931,14550,34.0,29,0,0
1768228182322597,52931,14550,34.0,137,0,0
1768228182323968,52931,14550,60.0,24,0,0
1768228182325824,52931,14550,53.0,124,0,0
1768228182327924,52931,14550,31.0,2,0,0
1768228182329719,52931,14550,64.0,164,0,0
1768228182331181,52931,14550,24.0,168,0,0
1768228182332849,52931,14550,42.0,136,0,0
1768228182334984,52931,14550,42.0,193,0,0
1768228182336398,52931,14550,48.0,32,0,0
1768228182339583,52931,14550,40.0,241,0,0
1768228182340933,52931,14550,70.0,87,0,0
1768228182343622,52931,14550,61.0,147,0,0
1768228182346040,52931,14550,64.0,11030,0,0
1768228182450681,5760,58419,,264,1,0
1768228182452130,52931,14550,47.0,264,0,0
1768228182498437,58419,5760,,66,1,0
1768228182539530,52931,14550,48.0,163,0,0
1768228182541301,52931,14550,44.0,178,0,0
1768228182542640,52931,14550,48.0,30,0,0
1768228182544468,52931,14550,48.0,33,0,0
1768228182545744,52931,14550,39.0,74,0,0
1768228182547638,52931,14550,51.0,1,0,0
1768228182548953,52931,14550,22.0,125,0,0
1768228182550023,52931,14550,27.0,152,0,0
1768228182550736,52931,14550,44.0,62,0,0
1768228182552062,52931,14550,26.0,42,0,0
1768228182553423,52931,14550,32.0,36,0,0
1768228182554331,52931,14550,62.0,65,0,0
1768228182555627,52931,14550,49.0,27,0,0
1768228182556377,52931,14550,44.0,116,0,0
1768228182557198,52931,14550,42.0,129,0,0
1768228182558051,52931,14550,34.0,29,0,0
1768228182558734,52931,14550,34.0,137,0,0
1768228182559613,52931,14550,60.0,24,0,0
1768228182560757,52931,14550,53.0,124,0,0
1768228182561594,52931,14550,31.0,2,0,0
1768228182562466,52931,14550,64.0,164,0,0
1768228182563367,52931,14550,24.0,168,0,0
1768228182564668,52931,14550,42.0,136,0,0
1768228182565644,52931,14550,42.0,193,0,0
1768228182567000,52931,14550,48.0,32,0,0
1768228182568178,52931,14550,40.0,241,0,0
1768228182569990,52931,14550,70.0,87,0,0
1768228182572358,52931,14550,61.0,147,0,0
1768228182573347,52931,14550,64.0,11030,0,0
1768228182652732,58419,5760,,0,1,0
1768228182787471,52931,14550,48.0,163,0,0
1768228182789173,52931,14550,44.0,178,0,0
1768228182793674,52931,14550,48.0,30,0,0
1768228182796853,52931,14550,48.0,33,0,0
1768228182799304,52931,14550,39.0,74,0,0
1768228182802600,52931,14550,51.0,1,0,0
1768228182805215,52931,14550,22.0,125,0,0
1768228182807090,52931,14550,27.0,152,0,0
1768228182808732,52931,14550,44.0,62,0,0
1768228182810640,52931,14550,26.0,42,0,0
1768228182813165,52931,14550,32.0,36,0,0
1768228182814473,52931,14550,62.0,65,0,0
1768228182816038,52931,14550,49.0,27,0,0
1768228182817278,52931,14550,44.0,116,0,0
1768228182819142,52931,14550,42.0,129,0,0
1768228182820593,52931,14550,34.0,29,0,0
1768228182821942,52931,14550,34.0,137,0,0
1768228182823139,52931,14550,60.0,24,0,0
1768228182825045,52931,14550,53.0,124,0,0
1768228182826683,52931,14550,31.0,2,0,0
1768228182828404,52931,14550,64.0,164,0,0
1768228182829616,52931,14550,24.0,168,0,0
1768228182831233,52931,14550,42.0,136,0,0
1768228182832787,52931,14550,42.0,193,0,0
1768228182834683,52931,14550,48.0,32,0,0
1768228182836216,52931,14550,40.0,241,0,0
1768228182837558,52931,14550,70.0,87,0,0
1768228182839296,52931,14550,61.0,147,0,0
1768228182840981,52931,14550,64.0,11030,0,0
1768228182861537,5760,58419,,0,1,0
1768228182862694,52931,14550,29.0,0,0,0
1768228182952186,5760,58419,,264,1,0
1768228182953369,52931,14550,47.0,264,0,0
1768228183043582,52931,14550,48.0,163,0,0
1768228183046536,52931,14550,44.0,178,0,0
1768228183047910,52931,14550,48.0,30,0,0
1768228183050724,52931,14550,48.0,33,0,0
1768228183052734,52931,14550,39.0,74,0,0
1768228183055080,52931,14550,51.0,1,0,0
1768228183057563,52931,14550,22.0,125,0,0
1768228183059228,52931,14550,27.0,152,0,0
1768228183060706,52931,14550,44.0,62,0,0
1768228183062622,52931,14550,26.0,42,0,0
1768228183064974,52931,14550,32.0,36,0,0
1768228183066762,52931,14550,62.0,65,0,0
1768228183068572,52931,14550,49.0,27,0,0
1768228183069966,52931,14550,44.0,116,0,0
1768228183071467,52931,14550,42.0,129,0,0
1768228183072755,52931,14550,34.0,29,0,0
1768228183074247,52931,14550,34.0,137,0,0
1768228183075502,52931,14550,60.0,24,0,0
1768228183077399,52931,14550,53.0,124,0,0
1768228183079417,52931,14550,31.0,2,0,0
1768228183081320,52931,14550,64.0,164,0,0
1768228183082655,52931,14550,24.0,168,0,0
1768228183084185,52931,14550,42.0,136,0,0
1768228183085657,52931,14550,42.0,193,0,0
1768228183087162,52931,14550,48.0,32,0,0
1768228183088511,52931,14550,40.0,241,0,0
1768228183090005,52931,14550,70.0,87,0,0
1768228183092593,52931,14550,61.0,147,0,0
1768228183094508,52931,14550,64.0,11030,0,0
1768228183289595,52931,14550,48.0,163,0,0
1768228183291331,52931,14550,44.0,178,0,0
1768228183292566,52931,14550,48.0,30,0,0
1768228183294790,52931,14550,48.0,33,0,0
1768228183296555,52931,14550,39.0,74,0,0
1768228183301825,52931,14550,51.0,1,0,0
1768228183307001,52931,14550,22.0,125,0,0
1768228183310436,52931,14550,27.0,152,0,0
1768228183312544,52931,14550,44.0,62,0,0
1768228183315363,52931,14550,26.0,42,0,0
1768228183318389,52931,14550,32.0,36,0,0
1768228183320366,52931,14550,62.0,65,0,0
1768228183322741,52931,14550,49.0,27,0,0
1768228183324640,52931,14550,44.0,116,0,0
1768228183325857,52931,14550,42.0,129,0,0
1768228183327544,52931,14550,34.0,29,0,0
1768228183329410,52931,14550,34.0,137,0,0
1768228183331847,52931,14550,60.0,24,0,0
1768228183334641,52931,14550,53.0,124,0,0
1768228183337866,52931,14550,31.0,2,0,0
1768228183339650,52931,14550,64.0,164,0,0
1768228183340882,52931,14550,24.0,168,0,0
1768228183342364,52931,14550,42.0,136,0,0
1768228183344060,52931,14550,42.0,193,0,0
1768228183346004,52931,14550,48.0,32,0,0
1768228183348683,52931,14550,40.0,241,0,0
1768228183350581,52931,14550,70.0,87,0,0
1768228183353361,52931,14550,61.0,147,0,0
1768228183354618,52931,14550,64.0,11030,0,0
1768228183358088,52931,14550,21.0,46,0,0
1768228183362434,52931,14550,40.0,253,0,0
1768228183364798,52931,14550,35.0,253,0,0
1768228183457529,5760,58419,,264,1,0
1768228183458964,52931,14550,47.0,264,0,0
1768228183542656,52931,14550,48.0,163,0,0
1768228183545189,52931,14550,44.0,178,0,0
1768228183547330,52931,14550,48.0,30,0,0
1768228183549353,52931,14550,48.0,33,0,0
1768228183552634,52931,14550,39.0,74,0,0
1768228183555016,52931,14550,51.0,1,0,0
1768228183557734,52931,14550,22.0,125,0,0
1768228183559695,52931,14550,27.0,152,0,0
1768228183561065,52931,14550,45.0,62,0,0
1768228183563179,52931,14550,26.0,42,0,0
1768228183566436,52931,14550,32.0,36,0,0
1768228183568023,52931,14550,62.0,65,0,0
1768228183569370,52931,14550,49.0,27,0,0
1768228183570822,52931,14550,44.0,116,0,0
1768228183572202,52931,14550,42.0,129,0,0
1768228183573859,52931,14550,34.0,29,0,0
1768228183575414,52931,14550,34.0,137,0,0
1768228183576872,52931,14550,60.0,24,0,0
1768228183578963,52931,14550,53.0,124,0,0
1768228183581058,52931,14550,31.0,2,0,0
1768228183582839,52931,14550,64.0,164,0,0
1768228183584320,52931,14550,24.0,168,0,0
1768228183586046,52931,14550,42.0,136,0,0
1768228183587729,52931,14550,42.0,193,0,0
1768228183589707,52931,14550,48.0,32,0,0
1768228183591290,52931,14550,40.0,241,0,0
1768228183594249,52931,14550,70.0,87,0,0
1768228183596134,52931,14550,61.0,147,0,0
1768228183598034,52931,14550,64.0,11030,0,0
1768228183656342,58419,5760,,0,1,0
1768228183797501,52931,14550,48.0,163,0,0
1768228183800408,52931,14550,44.0,178,0,0
1768228183803202,52931,14550,48.0,30,0,0
1768228183807689,52931,14550,48.0,33,0,0
1768228183810482,52931,14550,39.0,74,0,0
1768228183815855,52931,14550,51.0,1,0,0
1768228183822432,52931,14550,22.0,125,0,0
1768228183824581,52931,14550,27.0,152,0,0
1768228183826448,52931,14550,45.0,62,0,0
1768228183830308,52931,14550,26.0,42,0,0
1768228183833308,52931,14550,32.0,36,0,0
1768228183837043,52931,14550,62.0,65,0,0
1768228183839392,52931,14550,49.0,27,0,0
1768228183842309,52931,14550,44.0,116,0,0
1768228183844355,52931,14550,42.0,129,0,0
1768228183846724,52931,14550,34.0,29,0,0
1768228183851003,52931,14550,34.0,137,0,0
1768228183852773,52931,14550,60.0,24,0,0
1768228183857615,52931,14550,53.0,124,0,0
1768228183860376,52931,14550,31.0,2,0,0
1768228183862821,52931,14550,64.0,164,0,0
1768228183865746,5760,58419,,0,1,0
1768228183866545,52931,14550,24.0,168,0,0
1768228183868839,52931,14550,42.0,136,0,0
1768228183870783,52931,14550,42.0,193,0,0
1768228183874715,52931,14550,48.0,32,0,0
1768228183875911,52931,14550,40.0,241,0,0
1768228183877236,52931,14550,70.0,87,0,0
1768228183880006,52931,14550,61.0,147,0,0
1768228183883529,52931,14550,64.0,11030,0,0
1768228183887939,52931,14550,29.0,0,0,0
1768228183912710,5760,58419,,111,1,0
1768228183913764,52931,14550,33.0,111,0,0
1768228183960473,5760,58419,,264,1,0
1768228183961573,52931,14550,47.0,264,0,0
1768228184047806,52931,14550,48.0,163,0,0
1768228184051018,52931,14550,44.0,178,0,0
1768228184052376,52931,14550,48.0,30,0,0
1768228184054476,52931,14550,48.0,33,0,0
1768228184057265,52931,14550,39.0,74,0,0
1768228184060700,52931,14550,51.0,1,0,0
1768228184065336,52931,14550,22.0,125,0,0
1768228184068190,52931,14550,27.0,152,0,0
1768228184069416,52931,14550,45.0,62,0,0
1768228184072283,52931,14550,26.0,42,0,0
1768228184077296,52931,14550,32.0,36,0,0
1768228184078629,52931,14550,62.0,65,0,0
1768228184080002,52931,14550,49.0,27,0,0
1768228184081422,52931,14550,44.0,116,0,0
1768228184082830,52931,14550,42.0,129,0,0
1768228184084160,52931,14550,34.0,29,0,0
1768228184085718,52931,14550,34.0,137,0,0
1768228184087016,52931,14550,60.0,24,0,0
1768228184089206,52931,14550,53.0,124,0,0
1768228184091015,52931,14550,31.0,2,0,0
1768228184093088,52931,14550,64.0,164,0,0
1768228184094384,52931,14550,24.0,168,0,0
1768228184095790,52931,14550,42.0,136,0,0
1768228184097330,52931,14550,42.0,193,0,0
1768228184099245,52931,14550,48.0,32,0,0
1768228184100801,52931,14550,40.0,241,0,0
1768228184102231,52931,14550,70.0,87,0,0
1768228184104515,52931,14550,61.0,147,0,0
1768228184106267,52931,14550,64.0,11030,0,0
1768228184300304,52931,14550,48.0,163,0,0
1768228184303855,52931,14550,44.0,178,0,0
1768228184305525,52931,14550,48.0,30,0,0
1768228184309193,52931,14550,48.0,33,0,0
1768228184310936,52931,14550,39.0,74,0,0
1768228184314521,52931,14550,51.0,1,0,0
1768228184318779,52931,14550,22.0,125,0,0
1768228184322260,52931,14550,27.0,152,0,0
1768228184324231,52931,14550,45.0,62,0,0
1768228184327477,52931,14550,26.0,42,0,0
1768228184330566,52931,14550,32.0,36,0,0
1768228184332082,52931,14550,62.0,65,0,0
1768228184333819,52931,14550,49.0,27,0,0
1768228184335427,52931,14550,44.0,116,0,0
1768228184337472,52931,14550,42.0,129,0,0
1768228184340112,52931,14550,34.0,29,0,0
1768228184341351,52931,14550,34.0,137,0,0
1768228184343105,52931,14550,60.0,24,0,0
1768228184346362,52931,14550,53.0,124,0,0
1768228184349607,52931,14550,31.0,2,0,0
1768228184351546,52931,14550,64.0,164,0,0
1768228184354389,52931,14550,24.0,168,0,0
1768228184355801,52931,14550,42.0,136,0,0
1768228184357988,52931,14550,42.0,193,0,0
1768228184359382,52931,14550,48.0,32,0,0
1768228184360793,52931,14550,40.0,241,0,0
1768228184365266,52931,14550,70.0,87,0,0
1768228184367484,52931,14550,61.0,147,0,0
1768228184370121,52931,14550,64.0,11030,0,0
1768228184461126,5760,58419,,264,1,0
1768228184462159,52931,14550,47.0,264,0,0
1768228184548020,52931,14550,48.0,163,0,0
1768228184549937,52931,14550,44.0,178,0,0
1768228184551705,52931,14550,48.0,30,0,0
1768228184553786,52931,14550,48.0,33,0,0
1768228184556091,52931,14550,39.0,74,0,0
1768228184560290,52931,14550,51.0,1,0,0
1768228184565783,52931,14550,22.0,125,0,0
1768228184567464,52931,14550,27.0,152,0,0
1768228184569020,52931,14550,45.0,62,0,0
1768228184571235,52931,14550,26.0,42,0,0
1768228184573977,52931,14550,32.0,36,0,0
1768228184575232,52931,14550,62.0,65,0,0
1768228184576636,52931,14550,49.0,27,0,0
1768228184577902,52931,14550,44.0,116,0,0
1768228184579297,52931,14550,42.0,129,0,0
1768228184580578,52931,14550,34.0,29,0,0
1768228184582020,52931,14550,34.0,137,0,0
1768228184583430,52931,14550,60.0,24,0,0
1768228184585681,52931,14550,53.0,124,0,0
1768228184587792,52931,14550,31.0,2,0,0
1768228184589575,52931,14550,64.0,164,0,0
1768228184590985,52931,14550,24.0,168,0,0
1768228184592657,52931,14550,42.0,136,0,0
1768228184593897,52931,14550,42.0,193,0,0
1768228184595596,52931,14550,48.0,32,0,0
1768228184597008,52931,14550,40.0,241,0,0
1768228184599024,52931,14550,70.0,87,0,0
1768228184601649,52931,14550,61.0,147,0,0
1768228184603188,52931,14550,64.0,11030,0,0
1768228184661087,58419,5760,,0,1,0
1768228184803213,52931,14550,48.0,163,0,0
1768228184808257,52931,14550,44.0,178,0,0
1768228184809967,52931,14550,48.0,30,0,0
1768228184812163,52931,14550,48.0,33,0,0
1768228184814104,52931,14550,39.0,74,0,0
1768228184818814,52931,14550,51.0,1,0,0
1768228184823215,52931,14550,22.0,125,0,0
1768228184825864,52931,14550,27.0,152,0,0
1768228184827455,52931,14550,45.0,62,0,0
1768228184830026,52931,14550,26.0,42,0,0
1768228184833381,52931,14550,32.0,36,0,0
1768228184835011,52931,14550,62.0,65,0,0
1768228184836722,52931,14550,49.0,27,0,0
1768228184837927,52931,14550,44.0,116,0,0
1768228184839717,52931,14550,42.0,129,0,0
1768228184843388,52931,14550,34.0,29,0,0
1768228184846257,52931,14550,34.0,137,0,0
1768228184848564,52931,14550,60.0,24,0,0
1768228184850942,52931,14550,53.0,124,0,0
1768228184855377,52931,14550,31.0,2,0,0
1768228184856580,52931,14550,64.0,164,0,0
1768228184857786,52931,14550,24.0,168,0,0
1768228184860295,52931,14550,42.0,136,0,0
1768228184861688,52931,14550,42.0,193,0,0
1768228184863875,52931,14550,48.0,32,0,0
1768228184866555,52931,14550,40.0,241,0,0
1768228184868829,52931,14550,70.0,87,0,0
1768228184871166,52931,14550,61.0,147,0,0
1768228184871878,5760,58419,,0,1,0
1768228184873016,52931,14550,64.0,11030,0,0
1768228184876380,52931,14550,29.0,0,0,0
1768228184964424,5760,58419,,264,1,0
1768228184965426,52931,14550,47.0,264,0,0
1768228185055130,52931,14550,48.0,163,0,0
1768228185058722,52931,14550,44.0,178,0,0
1768228185060054,52931,14550,48.0,30,0,0
1768228185061953,52931,14550,48.0,33,0,0
1768228185063578,52931,14550,39.0,74,0,0
1768228185066761,52931,14550,51.0,1,0,0
1768228185069058,52931,14550,22.0,125,0,0
1768228185070686,52931,14550,27.0,152,0,0
1768228185072070,52931,14550,45.0,62,0,0
1768228185074111,52931,14550,26.0,42,0,0
1768228185076510,52931,14550,32.0,36,0,0
1768228185077769,52931,14550,62.0,65,0,0
1768228185079174,52931,14550,49.0,27,0,0
1768228185080651,52931,14550,44.0,116,0,0
1768228185082066,52931,14550,42.0,129,0,0
1768228185083435,52931,14550,34.0,29,0,0
1768228185084940,52931,14550,34.0,137,0,0
1768228185086492,52931,14550,60.0,24,0,0
1768228185088557,52931,14550,53.0,124,0,0
1768228185090570,52931,14550,31.0,2,0,0
1768228185092092,52931,14550,64.0,164,0,0
1768228185093359,52931,14550,24.0,168,0,0
1768228185094806,52931,14550,42.0,136,0,0
1768228185096290,52931,14550,42.0,193,0,0
1768228185098013,52931,14550,48.0,32,0,0
1768228185099228,52931,14550,40.0,241,0,0
1768228185100728,52931,14550,70.0,87,0,0
1768228185102790,52931,14550,61.0,147,0,0
1768228185104031,52931,14550,64.0,11030,0,0
1768228185302672,52931,14550,48.0,163,0,0
1768228185304307,52931,14550,44.0,178,0,0
1768228185306284,52931,14550,48.0,30,0,0
1768228185309086,52931,14550,48.0,33,0,0
1768228185311378,52931,14550,39.0,74,0,0
1768228185315561,52931,14550,51.0,1,0,0
1768228185320988,52931,14550,22.0,125,0,0
1768228185324016,52931,14550,27.0,152,0,0
1768228185327165,52931,14550,45.0,62,0,0
1768228185332014,52931,14550,26.0,42,0,0
1768228185334001,52931,14550,32.0,36,0,0
1768228185336032,52931,14550,62.0,65,0,0
1768228185337311,52931,14550,49.0,27,0,0
1768228185339175,52931,14550,44.0,116,0,0
1768228185340435,52931,14550,42.0,129,0,0
1768228185342422,52931,14550,34.0,29,0,0
1768228185344814,52931,14550,34.0,137,0,0
1768228185346733,52931,14550,60.0,24,0,0
1768228185353211,52931,14550,53.0,124,0,0
1768228185355345,52931,14550,31.0,2,0,0
1768228185357750,52931,14550,64.0,164,0,0
1768228185358995,52931,14550,24.0,168,0,0
1768228185361934,52931,14550,42.0,136,0,0
1768228185366560,52931,14550,42.0,193,0,0
1768228185369800,52931,14550,48.0,32,0,0
1768228185372394,52931,14550,40.0,241,0,0
1768228185374306,52931,14550,70.0,87,0,0
1768228185375949,52931,14550,61.0,147,0,0
1768228185377912,52931,14550,64.0,11030,0,0
1768228185469486,5760,58419,,264,1,0
1768228185470674,52931,14550,47.0,264,0,0
1768228185554662,52931,14550,48.0,163,0,0
1768228185557828,52931,14550,44.0,178,0,0
1768228185559497,52931,14550,48.0,30,0,0
1768228185561486,52931,14550,48.0,33,0,0
1768228185564563,52931,14550,39.0,74,0,0
1768228185567793,52931,14550,51.0,1,0,0
1768228185570340,52931,14550,22.0,125,0,0
1768228185572685,52931,14550,27.0,152,0,0
1768228185573982,52931,14550,45.0,62,0,0
1768228185576365,52931,14550,26.0,42,0,0
1768228185579503,52931,14550,32.0,36,0,0
1768228185581565,52931,14550,62.0,65,0,0
1768228185583124,52931,14550,49.0,27,0,0
1768228185584535,52931,14550,44.0,116,0,0
1768228185585863,52931,14550,42.0,129,0,0
1768228185587061,52931,14550,34.0,29,0,0
1768228185588536,52931,14550,34.0,137,0,0
1768228185590099,52931,14550,60.0,24,0,0
1768228185592830,52931,14550,53.0,124,0,0
1768228185595648,52931,14550,31.0,2,0,0
1768228185597615,52931,14550,64.0,164,0,0
1768228185598967,52931,14550,24.0,168,0,0
1768228185600694,52931,14550,42.0,136,0,0
1768228185602117,52931,14550,42.0,193,0,0
1768228185603674,52931,14550,48.0,32,0,0
1768228185605235,52931,14550,40.0,241,0,0
1768228185606611,52931,14550,70.0,87,0,0
1768228185608765,52931,14550,61.0,147,0,0
1768228185610118,52931,14550,64.0,11030,0,0
1768228185668546,58419,5760,,0,1,0
1768228185808145,52931,14550,48.0,163,0,0
1768228185810367,52931,14550,44.0,178,0,0
1768228185811644,52931,14550,48.0,30,0,0
1768228185815887,52931,14550,48.0,33,0,0
1768228185817750,52931,14550,39.0,74,0,0
1768228185824165,52931,14550,51.0,1,0,0
1768228185829034,52931,14550,22.0,125,0,0
1768228185831388,52931,14550,27.0,152,0,0
1768228185835246,52931,14550,45.0,62,0,0
1768228185838893,52931,14550,26.0,42,0,0
1768228185840994,52931,14550,32.0,36,0,0
1768228185843287,52931,14550,62.0,65,0,0
1768228185845517,52931,14550,49.0,27,0,0
1768228185847148,52931,14550,44.0,116,0,0
1768228185850811,52931,14550,42.0,129,0,0
1768228185853087,52931,14550,34.0,29,0,0
1768228185855144,52931,14550,34.0,137,0,0
1768228185856980,52931,14550,60.0,24,0,0
1768228185858751,52931,14550,53.0,124,0,0
1768228185861280,52931,14550,31.0,2,0,0
1768228185863359,52931,14550,64.0,164,0,0
1768228185864795,52931,14550,24.0,168,0,0
1768228185867528,52931,14550,42.0,136,0,0
1768228185871305,52931,14550,42.0,193,0,0
1768228185873169,52931,14550,48.0,32,0,0
1768228185874705,52931,14550,40.0,241,0,0
1768228185876350,52931,14550,70.0,87,0,0
1768228185877631,5760,58419,,0,1,0
1768228185878603,52931,14550,61.0,147,0,0
1768228185880743,52931,14550,64.0,11030,0,0
1768228185886118,52931,14550,29.0,0,0,0
1768228185974357,5760,58419,,264,1,0
1768228185975388,52931,14550,47.0,264,0,0
1768228186059967,52931,14550,48.0,163,0,0
1768228186062235,52931,14550,44.0,178,0,0
1768228186063920,52931,14550,48.0,30,0,0
1768228186066758,52931,14550,48.0,33,0,0
1768228186068829,52931,14550,39.0,74,0,0
1768228186072442,52931,14550,51.0,1,0,0
1768228186074824,52931,14550,22.0,125,0,0
1768228186076744,52931,14550,27.0,152,0,0
1768228186078134,52931,14550,45.0,62,0,0
1768228186080221,52931,14550,26.0,42,0,0
1768228186082405,52931,14550,32.0,36,0,0
1768228186083725,52931,14550,62.0,65,0,0
1768228186085845,52931,14550,49.0,27,0,0
1768228186087372,52931,14550,44.0,116,0,0
1768228186088604,52931,14550,42.0,129,0,0
1768228186089803,52931,14550,34.0,29,0,0
1768228186090958,52931,14550,34.0,137,0,0
1768228186092425,52931,14550,60.0,24,0,0
1768228186094018,52931,14550,53.0,124,0,0
1768228186095712,52931,14550,31.0,2,0,0
1768228186097467,52931,14550,64.0,164,0,0
1768228186099103,52931,14550,24.0,168,0,0
1768228186100936,52931,14550,42.0,136,0,0
1768228186102350,52931,14550,42.0,193,0,0
1768228186103940,52931,14550,48.0,32,0,0
1768228186105158,52931,14550,40.0,241,0,0
1768228186106745,52931,14550,70.0,87,0,0
1768228186108296,52931,14550,61.0,147,0,0
1768228186109902,52931,14550,64.0,11030,0,0
1768228186314308,52931,14550,48.0,163,0,0
1768228186316284,52931,14550,44.0,178,0,0
1768228186317699,52931,14550,48.0,30,0,0
1768228186320975,52931,14550,48.0,33,0,0
1768228186323150,52931,14550,39.0,74,0,0
1768228186326398,52931,14550,51.0,1,0,0
1768228186333483,52931,14550,22.0,125,0,0
1768228186336467,52931,14550,27.0,152,0,0
1768228186340261,52931,14550,45.0,62,0,0
1768228186344816,52931,14550,26.0,42,0,0
1768228186347354,52931,14550,32.0,36,0,0
1768228186350638,52931,14550,62.0,65,0,0
1768228186353427,52931,14550,49.0,27,0,0
1768228186355664,52931,14550,44.0,116,0,0
1768228186357095,52931,14550,42.0,129,0,0
1768228186358339,52931,14550,34.0,29,0,0
1768228186360622,52931,14550,34.0,137,0,0
1768228186363662,52931,14550,60.0,24,0,0
1768228186368079,52931,14550,53.0,124,0,0
1768228186371090,52931,14550,31.0,2,0,0
1768228186372519,52931,14550,64.0,164,0,0
1768228186375014,52931,14550,24.0,168,0,0
1768228186379690,52931,14550,42.0,136,0,0
1768228186383835,52931,14550,42.0,193,0,0
1768228186387878,52931,14550,48.0,32,0,0
1768228186389536,52931,14550,40.0,241,0,0
1768228186391040,52931,14550,70.0,87,0,0
1768228186393353,52931,14550,61.0,147,0,0
1768228186395455,52931,14550,64.0,11030,0,0
1768228186473064,5760,58419,,264,1,0
1768228186474514,52931,14550,47.0,264,0,0
1768228186564358,52931,14550,48.0,163,0,0
1768228186566107,52931,14550,44.0,178,0,0
1768228186569749,52931,14550,48.0,30,0,0
1768228186573574,52931,14550,48.0,33,0,0
1768228186576582,52931,14550,39.0,74,0,0
1768228186580000,52931,14550,51.0,1,0,0
1768228186585004,52931,14550,22.0,125,0,0
1768228186586742,52931,14550,27.0,152,0,0
1768228186588030,52931,14550,45.0,62,0,0
1768228186590215,52931,14550,26.0,42,0,0
1768228186592832,52931,14550,32.0,36,0,0
1768228186594352,52931,14550,62.0,65,0,0
1768228186595577,52931,14550,49.0,27,0,0
1768228186597233,52931,14550,44.0,116,0,0
1768228186598525,52931,14550,42.0,129,0,0
1768228186599889,52931,14550,34.0,29,0,0
1768228186601314,52931,14550,34.0,137,0,0
1768228186602876,52931,14550,60.0,24,0,0
1768228186604840,52931,14550,53.0,124,0,0
1768228186606675,52931,14550,31.0,2,0,0
1768228186609179,52931,14550,64.0,164,0,0
1768228186611002,52931,14550,24.0,168,0,0
1768228186612790,52931,14550,42.0,136,0,0
1768228186614043,52931,14550,42.0,193,0,0
1768228186615838,52931,14550,48.0,32,0,0
1768228186617517,52931,14550,40.0,241,0,0
1768228186619387,52931,14550,70.0,87,0,0
1768228186621227,52931,14550,61.0,147,0,0
1768228186622726,52931,14550,64.0,11030,0,0
1768228186669572,58419,5760,,0,1,0
1768228186815679,52931,14550,48.0,163,0,0
1768228186818482,52931,14550,44.0,178,0,0
1768228186819825,52931,14550,48.0,30,0,0
1768228186821952,52931,14550,48.0,33,0,0
1768228186824317,52931,14550,39.0,74,0,0
1768228186830194,52931,14550,51.0,1,0,0
1768228186836718,52931,14550,22.0,125,0,0
1768228186839231,52931,14550,27.0,152,0,0
1768228186842821,52931,14550,45.0,62,0,0
1768228186847783,52931,14550,26.0,42,0,0
1768228186855007,52931,14550,32.0,36,0,0
1768228186856624,52931,14550,62.0,65,0,0
1768228186858284,52931,14550,49.0,27,0,0
1768228186859499,52931,14550,44.0,116,0,0
1768228186860904,52931,14550,42.0,129,0,0
1768228186862226,52931,14550,34.0,29,0,0
1768228186863412,52931,14550,34.0,137,0,0
1768228186865169,52931,14550,60.0,24,0,0
1768228186867316,52931,14550,53.0,124,0,0
1768228186868800,52931,14550,31.0,2,0,0
1768228186870496,52931,14550,64.0,164,0,0
1768228186872010,52931,14550,24.0,168,0,0
1768228186873974,52931,14550,42.0,136,0,0
1768228186875127,52931,14550,42.0,193,0,0
1768228186876843,52931,14550,48.0,32,0,0
1768228186878124,52931,14550,40.0,241,0,0
1768228186879463,52931,14550,70.0,87,0,0
1768228186881090,52931,14550,61.0,147,0,0
1768228186883016,52931,14550,64.0,11030,0,0
1768228186883663,5760,58419,,0,1,0
1768228186885585,52931,14550,29.0,0,0,0
1768228186976968,5760,58419,,264,1,0
1768228186978006,52931,14550,47.0,264,0,0
1768228187066827,52931,14550,48.0,163,0,0
1768228187069739,52931,14550,44.0,178,0,0
1768228187072273,52931,14550,48.0,30,0,0
1768228187074257,52931,14550,48.0,33,0,0
1768228187076381,52931,14550,39.0,74,0,0
1768228187079115,52931,14550,51.0,1,0,0
1768228187081363,52931,14550,22.0,125,0,0
1768228187083524,52931,14550,27.0,152,0,0
1768228187085048,52931,14550,45.0,62,0,0
1768228187087230,52931,14550,26.0,42,0,0
1768228187089478,52931,14550,32.0,36,0,0
1768228187091104,52931,14550,62.0,65,0,0
1768228187092455,52931,14550,49.0,27,0,0
1768228187093832,52931,14550,44.0,116,0,0
1768228187095119,52931,14550,42.0,129,0,0
1768228187096713,52931,14550,34.0,29,0,0
1768228187098093,52931,14550,34.0,137,0,0
1768228187099382,52931,14550,60.0,24,0,0
1768228187101244,52931,14550,53.0,124,0,0
1768228187102953,52931,14550,31.0,2,0,0
1768228187104665,52931,14550,64.0,164,0,0
1768228187106821,52931,14550,24.0,168,0,0
1768228187108259,52931,14550,42.0,136,0,0
1768228187109894,52931,14550,42.0,193,0,0
1768228187111778,52931,14550,48.0,32,0,0
1768228187113035,52931,14550,40.0,241,0,0
1768228187114529,52931,14550,70.0,87,0,0
1768228187116622,52931,14550,61.0,147,0,0
1768228187118077,52931,14550,64.0,11030,0,0
1768228187315513,52931,14550,48.0,163,0,0
1768228187317868,52931,14550,44.0,178,0,0
1768228187319766,52931,14550,48.0,30,0,0
1768228187322486,52931,14550,48.0,33,0,0
1768228187324614,52931,14550,39.0,74,0,0
1768228187328590,52931,14550,51.0,1,0,0
1768228187335536,52931,14550,22.0,125,0,0
1768228187337755,52931,14550,27.0,152,0,0
1768228187339434,52931,14550,45.0,62,0,0
1768228187343905,52931,14550,26.0,42,0,0
1768228187347344,52931,14550,32.0,36,0,0
1768228187348909,52931,14550,62.0,65,0,0
1768228187351032,52931,14550,49.0,27,0,0
1768228187353011,52931,14550,44.0,116,0,0
1768228187354834,52931,14550,42.0,129,0,0
1768228187358022,52931,14550,34.0,29,0,0
1768228187360248,52931,14550,34.0,137,0,0
1768228187361756,52931,14550,60.0,24,0,0
1768228187366840,52931,14550,53.0,124,0,0
1768228187369980,52931,14550,31.0,2,0,0
1768228187372104,52931,14550,64.0,164,0,0
1768228187373392,52931,14550,24.0,168,0,0
1768228187375355,52931,14550,42.0,136,0,0
1768228187376716,52931,14550,42.0,193,0,0
1768228187378837,52931,14550,48.0,32,0,0
1768228187382808,52931,14550,40.0,241,0,0
1768228187386003,52931,14550,70.0,87,0,0
1768228187389121,52931,14550,61.0,147,0,0
1768228187390902,52931,14550,64.0,11030,0,0
1768228187483810,5760,58419,,264,1,0
1768228187484996,52931,14550,47.0,264,0,0
1768228187570378,52931,14550,48.0,163,0,0
1768228187572530,52931,14550,44.0,178,0,0
1768228187574253,52931,14550,48.0,30,0,0
1768228187576779,52931,14550,48.0,33,0,0
1768228187580731,52931,14550,39.0,74,0,0
1768228187584838,52931,14550,51.0,1,0,0
1768228187587279,52931,14550,22.0,125,0,0
1768228187589086,52931,14550,27.0,152,0,0
1768228187590700,52931,14550,45.0,62,0,0
1768228187593182,52931,14550,26.0,42,0,0
1768228187595539,52931,14550,32.0,36,0,0
1768228187597068,52931,14550,62.0,65,0,0
1768228187598896,52931,14550,49.0,27,0,0
1768228187600565,52931,14550,44.0,116,0,0
1768228187602220,52931,14550,42.0,129,0,0
1768228187603737,52931,14550,34.0,29,0,0
1768228187605605,52931,14550,34.0,137,0,0
1768228187607329,52931,14550,60.0,24,0,0
1768228187609820,52931,14550,53.0,124,0,0
1768228187611339,52931,14550,31.0,2,0,0
1768228187612975,52931,14550,64.0,164,0,0
1768228187614337,52931,14550,24.0,168,0,0
1768228187615675,52931,14550,42.0,136,0,0
1768228187617513,52931,14550,42.0,193,0,0
1768228187619223,52931,14550,48.0,32,0,0
1768228187620483,52931,14550,40.0,241,0,0
1768228187622009,52931,14550,70.0,87,0,0
1768228187624149,52931,14550,61.0,147,0,0
1768228187627520,52931,14550,64.0,11030,0,0
1768228187673822,58419,5760,,0,1,0
1768228187820097,52931,14550,48.0,163,0,0
1768228187821790,52931,14550,44.0,178,0,0
1768228187823576,52931,14550,48.0,30,0,0
1768228187825801,52931,14550,48.0,33,0,0
1768228187827901,52931,14550,39.0,74,0,0
1768228187833264,52931,14550,51.0,1,0,0
1768228187840723,52931,14550,22.0,125,0,0
1768228187844884,52931,14550,27.0,152,0,0
1768228187846395,52931,14550,45.0,62,0,0
1768228187850360,52931,14550,26.0,42,0,0
1768228187853591,52931,14550,32.0,36,0,0
1768228187855164,52931,14550,62.0,65,0,0
1768228187856954,52931,14550,49.0,27,0,0
1768228187858213,52931,14550,44.0,116,0,0
1768228187860036,52931,14550,42.0,129,0,0
1768228187861303,52931,14550,34.0,29,0,0
1768228187863243,52931,14550,34.0,137,0,0
1768228187865724,52931,14550,60.0,24,0,0
1768228187867893,52931,14550,53.0,124,0,0
1768228187870500,52931,14550,31.0,2,0,0
1768228187872364,52931,14550,64.0,164,0,0
1768228187873886,52931,14550,24.0,168,0,0
1768228187875745,52931,14550,42.0,136,0,0
1768228187877961,52931,14550,42.0,193,0,0
1768228187880886,52931,14550,48.0,32,0,0
1768228187882589,52931,14550,40.0,241,0,0
1768228187884288,52931,14550,70.0,87,0,0
1768228187886095,52931,14550,61.0,147,0,0
1768228187887327,52931,14550,64.0,11030,0,0
1768228187888577,5760,58419,,0,1,0
1768228187890551,52931,14550,29.0,0,0,0
1768228187981779,5760,58419,,264,1,0
1768228187982825,52931,14550,47.0,264,0,0
1768228188073591,52931,14550,48.0,163,0,0
1768228188075254,52931,14550,44.0,178,0,0
1768228188077293,52931,14550,48.0,30,0,0
1768228188080252,52931,14550,48.0,33,0,0
1768228188083413,52931,14550,39.0,74,0,0
1768228188087617,52931,14550,51.0,1,0,0
1768228188091588,52931,14550,22.0,125,0,0
1768228188093283,52931,14550,27.0,152,0,0
1768228188094485,52931,14550,45.0,62,0,0
1768228188096784,52931,14550,26.0,42,0,0
1768228188099763,52931,14550,32.0,36,0,0
1768228188101216,52931,14550,62.0,65,0,0
1768228188102903,52931,14550,49.0,27,0,0
1768228188104371,52931,14550,44.0,116,0,0
1768228188105717,52931,14550,42.0,129,0,0
1768228188107052,52931,14550,34.0,29,0,0
1768228188108379,52931,14550,34.0,137,0,0
1768228188109726,52931,14550,60.0,24,0,0
1768228188111631,52931,14550,53.0,124,0,0
1768228188114155,52931,14550,31.0,2,0,0
1768228188115441,52931,14550,64.0,164,0,0
1768228188117054,52931,14550,24.0,168,0,0
1768228188118674,52931,14550,42.0,136,0,0
1768228188120127,52931,14550,42.0,193,0,0
1768228188121528,52931,14550,48.0,32,0,0
1768228188123034,52931,14550,40.0,241,0,0
1768228188124292,52931,14550,70.0,87,0,0
1768228188126244,52931,14550,61.0,147,0,0
1768228188127717,52931,14550,64.0,11030,0,0
1768228188320537,52931,14550,48.0,163,0,0
1768228188322696,52931,14550,44.0,178,0,0
1768228188323617,52931,14550,48.0,30,0,0
1768228188325619,52931,14550,48.0,33,0,0
1768228188328457,52931,14550,39.0,74,0,0
1768228188332136,52931,14550,51.0,1,0,0
1768228188337309,52931,14550,22.0,125,0,0
1768228188338730,52931,14550,27.0,152,0,0
1768228188340082,52931,14550,45.0,62,0,0
1768228188342041,52931,14550,26.0,42,0,0
1768228188344670,52931,14550,32.0,36,0,0
1768228188345538,52931,14550,62.0,65,0,0
1768228188347090,52931,14550,49.0,27,0,0
1768228188349199,52931,14550,44.0,116,0,0
1768228188350562,52931,14550,42.0,129,0,0
1768228188351420,52931,14550,34.0,29,0,0
1768228188353436,52931,14550,34.0,137,0,0
1768228188354592,52931,14550,60.0,24,0,0
1768228188356186,52931,14550,53.0,124,0,0
1768228188357509,52931,14550,31.0,2,0,0
1768228188360284,52931,14550,64.0,164,0,0
1768228188362210,52931,14550,24.0,168,0,0
1768228188363262,52931,14550,42.0,136,0,0
1768228188364682,52931,14550,42.0,193,0,0
1768228188366338,52931,14550,48.0,32,0,0
1768228188367324,52931,14550,40.0,241,0,0
1768228188369788,52931,14550,70.0,87,0,0
1768228188371322,52931,14550,61.0,147,0,0
1768228188372245,52931,14550,64.0,11030,0,0
1768228188489221,5760,58419,,264,1,0
1768228188490239,52931,14550,47.0,264,0,0
1768228188575380,52931,14550,48.0,163,0,0
1768228188577575,52931,14550,44.0,178,0,0
1768228188579039,52931,14550,48.0,30,0,0
1768228188581330,52931,14550,48.0,33,0,0
1768228188582646,52931,14550,39.0,74,0,0
1768228188588325,52931,14550,51.0,1,0,0
1768228188590536,52931,14550,22.0,125,0,0
1768228188592293,52931,14550,27.0,152,0,0
1768228188593542,52931,14550,45.0,62,0,0
1768228188596058,52931,14550,26.0,42,0,0
1768228188598973,52931,14550,32.0,36,0,0
1768228188600762,52931,14550,62.0,65,0,0
1768228188602985,52931,14550,49.0,27,0,0
1768228188604927,52931,14550,44.0,116,0,0
1768228188606654,52931,14550,42.0,129,0,0
1768228188608123,52931,14550,34.0,29,0,0
1768228188609639,52931,14550,34.0,137,0,0
1768228188611166,52931,14550,60.0,24,0,0
1768228188613508,52931,14550,53.0,124,0,0
1768228188616066,52931,14550,31.0,2,0,0
1768228188617802,52931,14550,64.0,164,0,0
1768228188619205,52931,14550,24.0,168,0,0
1768228188620705,52931,14550,42.0,136,0,0
1768228188622161,52931,14550,42.0,193,0,0
1768228188623868,52931,14550,48.0,32,0,0
1768228188625520,52931,14550,40.0,241,0,0
1768228188627654,52931,14550,70.0,87,0,0
1768228188629208,52931,14550,61.0,147,0,0
1768228188631194,52931,14550,64.0,11030,0,0
1768228188678744,58419,5760,,0,1,0
1768228188823091,52931,14550,48.0,163,0,0
1768228188825925,52931,14550,44.0,178,0,0
1768228188827566,52931,14550,48.0,30,0,0
1768228188829718,52931,14550,48.0,33,0,0
1768228188833516,52931,14550,39.0,74,0,0
1768228188839283,52931,14550,51.0,1,0,0
1768228188845993,52931,14550,22.0,125,0,0
1768228188851759,52931,14550,27.0,152,0,0
1768228188853339,52931,14550,45.0,62,0,0
1768228188858063,52931,14550,26.0,42,0,0
1768228188860837,52931,14550,32.0,36,0,0
1768228188862201,52931,14550,62.0,65,0,0
1768228188863755,52931,14550,49.0,27,0,0
1768228188865262,52931,14550,44.0,116,0,0
1768228188866590,52931,14550,42.0,129,0,0
1768228188867799,52931,14550,34.0,29,0,0
1768228188869291,52931,14550,34.0,137,0,0
1768228188870607,52931,14550,60.0,24,0,0
1768228188872338,52931,14550,53.0,124,0,0
1768228188874809,52931,14550,31.0,2,0,0
1768228188876038,52931,14550,64.0,164,0,0
1768228188877540,52931,14550,24.0,168,0,0
1768228188879018,52931,14550,42.0,136,0,0
1768228188880275,52931,14550,42.0,193,0,0
1768228188881691,52931,14550,48.0,32,0,0
1768228188883155,52931,14550,40.0,241,0,0
1768228188884390,52931,14550,70.0,87,0,0
1768228188886867,52931,14550,61.0,147,0,0
1768228188888175,52931,14550,64.0,11030,0,0
1768228188898902,5760,58419,,0,1,0
1768228188899978,52931,14550,29.0,0,0,0
1768228188992374,5760,58419,,264,1,0
1768228188993351,52931,14550,47.0,264,0,0
1768228189076018,52931,14550,48.0,163,0,0
1768228189078944,52931,14550,44.0,178,0,0
1768228189080702,52931,14550,48.0,30,0,0
1768228189082953,52931,14550,48.0,33,0,0
1768228189084749,52931,14550,39.0,74,0,0
1768228189088990,52931,14550,51.0,1,0,0
1768228189095453,52931,14550,22.0,125,0,0
1768228189097982,52931,14550,27.0,152,0,0
1768228189099501,52931,14550,45.0,62,0,0
1768228189101634,52931,14550,26.0,42,0,0
1768228189103698,52931,14550,32.0,36,0,0
1768228189105382,52931,14550,62.0,65,0,0
1768228189107206,52931,14550,49.0,27,0,0
1768228189109113,52931,14550,44.0,116,0,0
1768228189110359,52931,14550,42.0,129,0,0
1768228189112020,52931,14550,34.0,29,0,0
1768228189113775,52931,14550,34.0,137,0,0
1768228189115460,52931,14550,60.0,24,0,0
1768228189117279,52931,14550,53.0,124,0,0
1768228189119922,52931,14550,31.0,2,0,0
1768228189121449,52931,14550,64.0,164,0,0
1768228189122649,52931,14550,24.0,168,0,0
1768228189125839,52931,14550,42.0,136,0,0
1768228189127334,52931,14550,42.0,193,0,0
1768228189129606,52931,14550,48.0,32,0,0
1768228189131341,52931,14550,40.0,241,0,0
1768228189132588,52931,14550,70.0,87,0,0
1768228189134299,52931,14550,61.0,147,0,0
1768228189136184,52931,14550,64.0,11030,0,0
1768228189328918,52931,14550,48.0,163,0,0
1768228189331702,52931,14550,44.0,178,0,0
1768228189332905,52931,14550,48.0,30,0,0
1768228189336221,52931,14550,48.0,33,0,0
1768228189338727,52931,14550,39.0,74,0,0
1768228189343114,52931,14550,51.0,1,0,0
1768228189348844,52931,14550,22.0,125,0,0
1768228189351106,52931,14550,27.0,152,0,0
1768228189352718,52931,14550,45.0,62,0,0
1768228189356837,52931,14550,26.0,42,0,0
1768228189362003,52931,14550,32.0,36,0,0
1768228189363669,52931,14550,62.0,65,0,0
1768228189365656,52931,14550,49.0,27,0,0
1768228189368786,52931,14550,44.0,116,0,0
1768228189373616,52931,14550,42.0,129,0,0
1768228189375337,52931,14550,34.0,29,0,0
1768228189378059,52931,14550,34.0,137,0,0
1768228189380710,52931,14550,60.0,24,0,0
1768228189383758,52931,14550,53.0,124,0,0
1768228189387439,52931,14550,31.0,2,0,0
1768228189389089,52931,14550,64.0,164,0,0
1768228189390537,52931,14550,24.0,168,0,0
1768228189393755,52931,14550,42.0,136,0,0
1768228189395211,52931,14550,42.0,193,0,0
1768228189396634,52931,14550,48.0,32,0,0
1768228189398208,52931,14550,40.0,241,0,0
1768228189399592,52931,14550,70.0,87,0,0
1768228189401369,52931,14550,61.0,147,0,0
1768228189402732,52931,14550,64.0,11030,0,0
1768228189494351,5760,58419,,264,1,0
1768228189495245,52931,14550,47.0,264,0,0
1768228189579352,52931,14550,48.0,163,0,0
1768228189581790,52931,14550,44.0,178,0,0
1768228189583322,52931,14550,48.0,30,0,0
1768228189585388,52931,14550,48.0,33,0,0
1768228189587027,52931,14550,39.0,74,0,0
1768228189591016,52931,14550,51.0,1,0,0
1768228189594519,52931,14550,22.0,125,0,0
1768228189597225,52931,14550,27.0,152,0,0
1768228189598399,52931,14550,45.0,62,0,0
1768228189600793,52931,14550,26.0,42,0,0
1768228189603019,52931,14550,32.0,36,0,0
1768228189604333,52931,14550,62.0,65,0,0
1768228189605795,52931,14550,49.0,27,0,0
1768228189606917,52931,14550,44.0,116,0,0
1768228189608259,52931,14550,42.0,129,0,0
1768228189609540,52931,14550,34.0,29,0,0
1768228189610634,52931,14550,34.0,137,0,0
1768228189612066,52931,14550,60.0,24,0,0
1768228189613801,52931,14550,53.0,124,0,0
1768228189615789,52931,14550,31.0,2,0,0
1768228189617853,52931,14550,64.0,164,0,0
1768228189619262,52931,14550,24.0,168,0,0
1768228189620655,52931,14550,42.0,136,0,0
1768228189621978,52931,14550,42.0,193,0,0
1768228189623386,52931,14550,48.0,32,0,0
1768228189624523,52931,14550,40.0,241,0,0
1768228189626418,52931,14550,70.0,87,0,0
1768228189628249,52931,14550,61.0,147,0,0
1768228189630708,52931,14550,64.0,11030,0,0
1768228189688915,58419,5760,,0,1,0
1768228189832894,52931,14550,48.0,163,0,0
1768228189838042,52931,14550,44.0,178,0,0
1768228189839940,52931,14550,48.0,30,0,0
1768228189842535,52931,14550,48.0,33,0,0
1768228189844357,52931,14550,39.0,74,0,0
1768228189850033,52931,14550,51.0,1,0,0
1768228189857791,52931,14550,22.0,125,0,0
1768228189859924,52931,14550,27.0,152,0,0
1768228189862444,52931,14550,45.0,62,0,0
1768228189867719,52931,14550,26.0,42,0,0
1768228189869912,52931,14550,32.0,36,0,0
1768228189871191,52931,14550,62.0,65,0,0
1768228189873124,52931,14550,49.0,27,0,0
1768228189875002,52931,14550,44.0,116,0,0
1768228189876554,52931,14550,42.0,129,0,0
1768228189878105,52931,14550,34.0,29,0,0
1768228189879463,52931,14550,34.0,137,0,0
1768228189881355,52931,14550,60.0,24,0,0
1768228189883423,52931,14550,53.0,124,0,0
1768228189884864,52931,14550,31.0,2,0,0
1768228189886579,52931,14550,64.0,164,0,0
1768228189887797,52931,14550,24.0,168,0,0
1768228189889308,52931,14550,42.0,136,0,0
1768228189890599,52931,14550,42.0,193,0,0
1768228189892362,52931,14550,48.0,32,0,0
1768228189894326,52931,14550,40.0,241,0,0
1768228189895611,52931,14550,70.0,87,0,0
1768228189897839,52931,14550,61.0,147,0,0
1768228189899265,52931,14550,64.0,11030,0,0
1768228189901819,5760,58419,,0,1,0
1768228189902806,52931,14550,29.0,0,0,0
1768228189993425,5760,58419,,264,1,0
1768228189994447,52931,14550,47.0,264,0,0
1768228190084952,52931,14550,48.0,163,0,0
1768228190088433,52931,14550,44.0,178,0,0
1768228190089644,52931,14550,48.0,30,0,0
1768228190091813,52931,14550,48.0,33,0,0
1768228190093434,52931,14550,39.0,74,0,0
1768228190097052,52931,14550,51.0,1,0,0
1768228190099369,52931,14550,22.0,125,0,0
1768228190101020,52931,14550,27.0,152,0,0
1768228190102252,52931,14550,45.0,62,0,0
1768228190104339,52931,14550,26.0,42,0,0
1768228190106113,52931,14550,32.0,36,0,0
1768228190108066,52931,14550,62.0,65,0,0
1768228190109670,52931,14550,49.0,27,0,0
1768228190111162,52931,14550,44.0,116,0,0
1768228190112602,52931,14550,42.0,129,0,0
1768228190113886,52931,14550,34.0,29,0,0
1768228190115569,52931,14550,34.0,137,0,0
1768228190116937,52931,14550,60.0,24,0,0
1768228190119113,52931,14550,53.0,124,0,0
1768228190120531,52931,14550,31.0,2,0,0
1768228190121853,52931,14550,64.0,164,0,0
1768228190123534,52931,14550,24.0,168,0,0
1768228190125011,52931,14550,42.0,136,0,0
1768228190126339,52931,14550,42.0,193,0,0
1768228190127971,52931,14550,48.0,32,0,0
1768228190129346,52931,14550,40.0,241,0,0
1768228190130618,52931,14550,70.0,87,0,0
1768228190132226,52931,14550,61.0,147,0,0
1768228190133464,52931,14550,64.0,11030,0,0
1768228190334636,52931,14550,48.0,163,0,0
1768228190336648,52931,14550,44.0,178,0,0
1768228190338015,52931,14550,48.0,30,0,0
1768228190340306,52931,14550,48.0,33,0,0
1768228190342275,52931,14550,39.0,74,0,0
1768228190346880,52931,14550,51.0,1,0,0
1768228190351288,52931,14550,22.0,125,0,0
1768228190353360,52931,14550,27.0,152,0,0
1768228190354703,52931,14550,45.0,62,0,0
1768228190359564,52931,14550,26.0,42,0,0
1768228190361755,52931,14550,32.0,36,0,0
1768228190363944,52931,14550,62.0,65,0,0
1768228190366363,52931,14550,49.0,27,0,0
1768228190369538,52931,14550,44.0,116,0,0
1768228190372039,52931,14550,42.0,129,0,0
1768228190374026,52931,14550,34.0,29,0,0
1768228190375854,52931,14550,34.0,137,0,0
1768228190377491,52931,14550,60.0,24,0,0
1768228190380030,52931,14550,53.0,124,0,0
1768228190382291,52931,14550,31.0,2,0,0
1768228190384639,52931,14550,64.0,164,0,0
1768228190386364,52931,14550,24.0,168,0,0
1768228190389042,52931,14550,42.0,136,0,0
1768228190391631,52931,14550,42.0,193,0,0
1768228190393771,52931,14550,48.0,32,0,0
1768228190397111,52931,14550,40.0,241,0,0
1768228190398865,52931,14550,70.0,87,0,0
1768228190400676,52931,14550,61.0,147,0,0
1768228190404240,52931,14550,64.0,11030,0,0
1768228190500186,5760,58419,,264,1,0
1768228190501258,52931,14550,47.0,264,0,0
1768228190585846,52931,14550,48.0,163,0,0
1768228190588179,52931,14550,44.0,178,0,0
1768228190590069,52931,14550,48.0,30,0,0
1768228190592221,52931,14550,48.0,33,0,0
1768228190594494,52931,14550,39.0,74,0,0
1768228190598077,52931,14550,51.0,1,0,0
1768228190602644,52931,14550,22.0,125,0,0
1768228190606498,52931,14550,27.0,152,0,0
1768228190607822,52931,14550,45.0,62,0,0
1768228190612488,52931,14550,26.0,42,0,0
1768228190616233,52931,14550,32.0,36,0,0
1768228190618138,52931,14550,62.0,65,0,0
1768228190620826,52931,14550,49.0,27,0,0
1768228190622820,52931,14550,44.0,116,0,0
1768228190624740,52931,14550,42.0,129,0,0
1768228190626923,52931,14550,34.0,29,0,0
1768228190628269,52931,14550,34.0,137,0,0
1768228190630573,52931,14550,60.0,24,0,0
1768228190635518,52931,14550,53.0,124,0,0
1768228190637127,52931,14550,31.0,2,0,0
1768228190638794,52931,14550,64.0,164,0,0
1768228190640037,52931,14550,24.0,168,0,0
1768228190642148,52931,14550,42.0,136,0,0
1768228190643572,52931,14550,42.0,193,0,0
1768228190645096,52931,14550,48.0,32,0,0
1768228190646453,52931,14550,40.0,241,0,0
1768228190647761,52931,14550,70.0,87,0,0
1768228190649708,52931,14550,61.0,147,0,0
1768228190651682,52931,14550,64.0,11030,0,0
1768228190698477,58419,5760,,0,1,0
1768228190836617,52931,14550,48.0,163,0,0
1768228190839164,52931,14550,44.0,178,0,0
1768228190841336,52931,14550,48.0,30,0,0
1768228190844349,52931,14550,48.0,33,0,0
1768228190845718,52931,14550,39.0,74,0,0
1768228190850987,52931,14550,51.0,1,0,0
1768228190855660,52931,14550,22.0,125,0,0
1768228190858976,52931,14550,27.0,152,0,0
1768228190860870,52931,14550,45.0,62,0,0
1768228190863792,52931,14550,26.0,42,0,0
1768228190868213,52931,14550,32.0,36,0,0
1768228190871408,52931,14550,62.0,65,0,0
1768228190873447,52931,14550,49.0,27,0,0
1768228190875396,52931,14550,44.0,116,0,0
1768228190876764,52931,14550,42.0,129,0,0
1768228190878713,52931,14550,34.0,29,0,0
1768228190882672,52931,14550,34.0,137,0,0
1768228190884827,52931,14550,60.0,24,0,0
1768228190886875,52931,14550,53.0,124,0,0
1768228190889264,52931,14550,31.0,2,0,0
1768228190891070,52931,14550,64.0,164,0,0
1768228190894002,52931,14550,24.0,168,0,0
1768228190895856,52931,14550,42.0,136,0,0
1768228190897414,52931,14550,42.0,193,0,0
1768228190899584,52931,14550,48.0,32,0,0
1768228190900780,52931,14550,40.0,241,0,0
1768228190902657,52931,14550,70.0,87,0,0
1768228190904065,52931,14550,61.0,147,0,0
1768228190907149,52931,14550,64.0,11030,0,0
1768228190910754,5760,58419,,0,1,0
1768228190911790,52931,14550,29.0,0,0,0
1768228191002152,5760,58419,,264,1,0
1768228191003459,52931,14550,47.0,264,0,0
1768228191088469,52931,14550,48.0,163,0,0
1768228191091495,52931,14550,44.0,178,0,0
1768228191093140,52931,14550,48.0,30,0,0
1768228191095017,52931,14550,48.0,33,0,0
1768228191096380,52931,14550,39.0,74,0,0
1768228191099146,52931,14550,51.0,1,0,0
1768228191101726,52931,14550,22.0,125,0,0
1768228191103537,52931,14550,27.0,152,0,0
1768228191104778,52931,14550,45.0,62,0,0
1768228191107513,52931,14550,26.0,42,0,0
1768228191109916,52931,14550,32.0,36,0,0
1768228191111361,52931,14550,62.0,65,0,0
1768228191113033,52931,14550,49.0,27,0,0
1768228191114644,52931,14550,44.0,116,0,0
1768228191116206,52931,14550,42.0,129,0,0
1768228191117993,52931,14550,34.0,29,0,0
1768228191119243,52931,14550,34.0,137,0,0
1768228191120666,52931,14550,60.0,24,0,0
1768228191123441,52931,14550,53.0,124,0,0
1768228191124957,52931,14550,31.0,2,0,0
1768228191126411,52931,14550,64.0,164,0,0
1768228191127724,52931,14550,24.0,168,0,0
1768228191129067,52931,14550,42.0,136,0,0
1768228191130528,52931,14550,42.0,193,0,0
1768228191132042,52931,14550,48.0,32,0,0
1768228191133354,52931,14550,40.0,241,0,0
1768228191134874,52931,14550,70.0,87,0,0
1768228191136304,52931,14550,61.0,147,0,0
1768228191138131,52931,14550,64.0,11030,0,0
1768228191342017,52931,14550,48.0,163,0,0
1768228191344600,52931,14550,44.0,178,0,0
1768228191346223,52931,14550,48.0,30,0,0
1768228191349168,52931,14550,48.0,33,0,0
1768228191351953,52931,14550,39.0,74,0,0
1768228191355442,52931,14550,51.0,1,0,0
1768228191362752,52931,14550,22.0,125,0,0
1768228191365043,52931,14550,27.0,152,0,0
1768228191366505,52931,14550,45.0,62,0,0
1768228191369782,52931,14550,26.0,42,0,0
1768228191372099,52931,14550,32.0,36,0,0
1768228191376480,52931,14550,62.0,65,0,0
1768228191378643,52931,14550,49.0,27,0,0
1768228191380667,52931,14550,44.0,116,0,0
1768228191381943,52931,14550,42.0,129,0,0
1768228191384321,52931,14550,34.0,29,0,0
1768228191385790,52931,14550,34.0,137,0,0
1768228191387934,52931,14550,60.0,24,0,0
1768228191393024,52931,14550,53.0,124,0,0
1768228191394486,52931,14550,31.0,2,0,0
1768228191396873,52931,14550,64.0,164,0,0
1768228191398158,52931,14550,24.0,168,0,0
1768228191401221,52931,14550,42.0,136,0,0
1768228191404420,52931,14550,42.0,193,0,0
1768228191406273,52931,14550,48.0,32,0,0
1768228191407488,52931,14550,40.0,241,0,0
1768228191409256,52931,14550,70.0,87,0,0
1768228191411937,52931,14550,61.0,147,0,0
1768228191416662,52931,14550,64.0,11030,0,0
1768228191504570,5760,58419,,264,1,0
1768228191505663,52931,14550,47.0,264,0,0
1768228191588990,52931,14550,48.0,163,0,0
1768228191590606,52931,14550,44.0,178,0,0
1768228191592435,52931,14550,48.0,30,0,0
1768228191596575,52931,14550,48.0,33,0,0
1768228191599190,52931,14550,39.0,74,0,0
1768228191602933,52931,14550,51.0,1,0,0
1768228191607773,52931,14550,22.0,125,0,0
1768228191609979,52931,14550,27.0,152,0,0
1768228191611612,52931,14550,45.0,62,0,0
1768228191615478,52931,14550,26.0,42,0,0
1768228191618050,52931,14550,32.0,36,0,0
1768228191620524,52931,14550,62.0,65,0,0
1768228191622170,52931,14550,49.0,27,0,0
1768228191623346,52931,14550,44.0,116,0,0
1768228191624988,52931,14550,42.0,129,0,0
1768228191628496,52931,14550,34.0,29,0,0
1768228191630487,52931,14550,34.0,137,0,0
1768228191631962,52931,14550,60.0,24,0,0
1768228191634030,52931,14550,53.0,124,0,0
1768228191636554,52931,14550,31.0,2,0,0
1768228191638880,52931,14550,64.0,164,0,0
1768228191641334,52931,14550,24.0,168,0,0
1768228191643401,52931,14550,42.0,136,0,0
1768228191644758,52931,14550,42.0,193,0,0
1768228191646266,52931,14550,48.0,32,0,0
1768228191647925,52931,14550,40.0,241,0,0
1768228191649663,52931,14550,70.0,87,0,0
1768228191651603,52931,14550,61.0,147,0,0
1768228191654267,52931,14550,64.0,11030,0,0
1768228191700948,58419,5760,,0,1,0
1768228191843619,52931,14550,48.0,163,0,0
1768228191845296,52931,14550,44.0,178,0,0
1768228191847168,52931,14550,48.0,30,0,0
1768228191849380,52931,14550,48.0,33,0,0
1768228191852006,52931,14550,39.0,74,0,0
1768228191855859,52931,14550,51.0,1,0,0
1768228191862697,52931,14550,22.0,125,0,0
1768228191865764,52931,14550,27.0,152,0,0
1768228191869451,52931,14550,45.0,62,0,0
1768228191873178,52931,14550,26.0,42,0,0
1768228191876679,52931,14550,32.0,36,0,0
1768228191878425,52931,14550,62.0,65,0,0
1768228191882504,52931,14550,49.0,27,0,0
1768228191884517,52931,14550,44.0,116,0,0
1768228191887461,52931,14550,42.0,129,0,0
1768228191889118,52931,14550,34.0,29,0,0
1768228191891068,52931,14550,34.0,137,0,0
1768228191892467,52931,14550,60.0,24,0,0
1768228191894505,52931,14550,53.0,124,0,0
1768228191896622,52931,14550,31.0,2,0,0
1768228191898352,52931,14550,64.0,164,0,0
1768228191899756,52931,14550,24.0,168,0,0
1768228191902070,52931,14550,42.0,136,0,0
1768228191903683,52931,14550,42.0,193,0,0
1768228191905990,52931,14550,48.0,32,0,0
1768228191907260,52931,14550,40.0,241,0,0
1768228191909660,52931,14550,70.0,87,0,0
1768228191911093,52931,14550,61.0,147,0,0
1768228191912240,5760,58419,,0,1,0
1768228191912922,52931,14550,64.0,11030,0,0
1768228191917074,52931,14550,29.0,0,0,0
1768228192009852,5760,58419,,264,1,0
1768228192010942,52931,14550,47.0,264,0,0
1768228192095611,52931,14550,48.0,163,0,0
1768228192097870,52931,14550,44.0,178,0,0
1768228192099496,52931,14550,48.0,30,0,0
1768228192101260,52931,14550,48.0,33,0,0
1768228192103044,52931,14550,39.0,74,0,0
1768228192107414,52931,14550,51.0,1,0,0
1768228192112789,52931,14550,22.0,125,0,0
1768228192114818,52931,14550,27.0,152,0,0
1768228192116323,52931,14550,45.0,62,0,0
1768228192118693,52931,14550,26.0,42,0,0
1768228192121142,52931,14550,32.0,36,0,0
1768228192122589,52931,14550,62.0,65,0,0
1768228192124123,52931,14550,49.0,27,0,0
1768228192125522,52931,14550,44.0,116,0,0
1768228192126993,52931,14550,42.0,129,0,0
1768228192128392,52931,14550,34.0,29,0,0
1768228192129885,52931,14550,34.0,137,0,0
1768228192131825,52931,14550,60.0,24,0,0
1768228192134108,52931,14550,53.0,124,0,0
1768228192135544,52931,14550,31.0,2,0,0
1768228192136858,52931,14550,64.0,164,0,0
1768228192138086,52931,14550,24.0,168,0,0
1768228192140393,52931,14550,42.0,136,0,0
1768228192141570,52931,14550,42.0,193,0,0
1768228192143094,52931,14550,48.0,32,0,0
1768228192144311,52931,14550,40.0,241,0,0
1768228192145564,52931,14550,70.0,87,0,0
1768228192147074,52931,14550,61.0,147,0,0
1768228192148859,52931,14550,64.0,11030,0,0
1768228192340308,52931,14550,45.0,22,0,0
1768228192344734,52931,14550,45.0,22,0,0
1768228192346880,52931,14550,45.0,22,0,0
1768228192351183,52931,14550,48.0,163,0,0
1768228192352432,52931,14550,44.0,178,0,0
1768228192354617,52931,14550,48.0,30,0,0
1768228192357734,52931,14550,48.0,33,0,0
1768228192360224,52931,14550,39.0,74,0,0
1768228192364972,52931,14550,51.0,1,0,0
1768228192371514,52931,14550,22.0,125,0,0
1768228192375464,52931,14550,27.0,152,0,0
1768228192377241,52931,14550,45.0,62,0,0
1768228192380177,52931,14550,26.0,42,0,0
1768228192383143,52931,14550,32.0,36,0,0
1768228192386877,52931,14550,62.0,65,0,0
1768228192388888,52931,14550,49.0,27,0,0
1768228192390513,52931,14550,44.0,116,0,0
1768228192391729,52931,14550,42.0,129,0,0
1768228192393595,52931,14550,34.0,29,0,0
1768228192395440,52931,14550,34.0,137,0,0
1768228192397396,52931,14550,60.0,24,0,0
1768228192399271,52931,14550,53.0,124,0,0
1768228192401763,52931,14550,31.0,2,0,0
1768228192403278,52931,14550,64.0,164,0,0
1768228192404482,52931,14550,24.0,168,0,0
1768228192405835,52931,14550,42.0,136,0,0
1768228192407264,52931,14550,42.0,193,0,0
1768228192408741,52931,14550,48.0,32,0,0
1768228192410168,52931,14550,40.0,241,0,0
1768228192411760,52931,14550,70.0,87,0,0
1768228192413544,52931,14550,61.0,147,0,0
1768228192415385,52931,14550,64.0,11030,0,0
1768228192513298,5760,58419,,264,1,0
1768228192514511,52931,14550,47.0,264,0,0
1768228192598709,52931,14550,48.0,163,0,0
1768228192602635,52931,14550,44.0,178,0,0
1768228192603895,52931,14550,48.0,30,0,0
1768228192605853,52931,14550,48.0,33,0,0
1768228192607977,52931,14550,39.0,74,0,0
1768228192611065,52931,14550,51.0,1,0,0
1768228192613901,52931,14550,22.0,125,0,0
1768228192616035,52931,14550,27.0,152,0,0
1768228192617476,52931,14550,45.0,62,0,0
1768228192620273,52931,14550,26.0,42,0,0
1768228192622276,52931,14550,32.0,36,0,0
1768228192623874,52931,14550,62.0,65,0,0
1768228192625348,52931,14550,49.0,27,0,0
1768228192627290,52931,14550,44.0,116,0,0
1768228192628728,52931,14550,42.0,129,0,0
1768228192630493,52931,14550,34.0,29,0,0
1768228192632074,52931,14550,34.0,137,0,0
1768228192633628,52931,14550,60.0,24,0,0
1768228192635858,52931,14550,53.0,124,0,0
1768228192638002,52931,14550,31.0,2,0,0
1768228192639690,52931,14550,64.0,164,0,0
1768228192641609,52931,14550,24.0,168,0,0
1768228192643149,52931,14550,42.0,136,0,0
1768228192644484,52931,14550,42.0,193,0,0
1768228192646445,52931,14550,48.0,32,0,0
1768228192648006,52931,14550,40.0,241,0,0
1768228192649544,52931,14550,70.0,87,0,0
1768228192651339,52931,14550,61.0,147,0,0
1768228192653243,52931,14550,64.0,11030,0,0
1768228192711180,58419,5760,,0,1,0
1768228192851405,52931,14550,48.0,163,0,0
1768228192853499,52931,14550,44.0,178,0,0
1768228192854931,52931,14550,48.0,30,0,0
1768228192857508,52931,14550,48.0,33,0,0
1768228192860899,52931,14550,39.0,74,0,0
1768228192865843,52931,14550,51.0,1,0,0
1768228192872920,52931,14550,22.0,125,0,0
1768228192875580,52931,14550,27.0,152,0,0
1768228192877675,52931,14550,45.0,62,0,0
1768228192881153,52931,14550,26.0,42,0,0
1768228192883448,52931,14550,32.0,36,0,0
1768228192884670,52931,14550,62.0,65,0,0
1768228192886536,52931,14550,49.0,27,0,0
1768228192888251,52931,14550,44.0,116,0,0
1768228192889487,52931,14550,42.0,129,0,0
1768228192891192,52931,14550,34.0,29,0,0
1768228192893124,52931,14550,34.0,137,0,0
1768228192895614,52931,14550,60.0,24,0,0
1768228192897982,52931,14550,53.0,124,0,0
1768228192899851,52931,14550,31.0,2,0,0
1768228192902115,52931,14550,64.0,164,0,0
1768228192903635,52931,14550,24.0,168,0,0
1768228192905035,52931,14550,42.0,136,0,0
1768228192907010,52931,14550,42.0,193,0,0
1768228192909449,52931,14550,48.0,32,0,0
1768228192911102,52931,14550,40.0,241,0,0
1768228192914020,52931,14550,70.0,87,0,0
1768228192916258,52931,14550,61.0,147,0,0
1768228192919017,5760,58419,,0,1,0
1768228192920805,52931,14550,64.0,11030,0,0
1768228192925495,52931,14550,29.0,0,0,0
1768228193011224,5760,58419,,264,1,0
1768228193012204,52931,14550,47.0,264,0,0
1768228193097061,52931,14550,48.0,163,0,0
1768228193099844,52931,14550,44.0,178,0,0
1768228193101125,52931,14550,48.0,30,0,0
1768228193102919,52931,14550,48.0,33,0,0
1768228193104554,52931,14550,39.0,74,0,0
1768228193108014,52931,14550,51.0,1,0,0
1768228193110496,52931,14550,22.0,125,0,0
1768228193112376,52931,14550,27.0,152,0,0
1768228193113888,52931,14550,45.0,62,0,0
1768228193116107,52931,14550,26.0,42,0,0
1768228193118538,52931,14550,32.0,36,0,0
1768228193119878,52931,14550,62.0,65,0,0
1768228193121268,52931,14550,49.0,27,0,0
1768228193122495,52931,14550,44.0,116,0,0
1768228193124003,52931,14550,42.0,129,0,0
1768228193125227,52931,14550,34.0,29,0,0
1768228193126406,52931,14550,34.0,137,0,0
1768228193127909,52931,14550,60.0,24,0,0
1768228193129881,52931,14550,53.0,124,0,0
1768228193131728,52931,14550,31.0,2,0,0
1768228193133548,52931,14550,64.0,164,0,0
1768228193135407,52931,14550,24.0,168,0,0
1768228193137071,52931,14550,42.0,136,0,0
1768228193138459,52931,14550,42.0,193,0,0
1768228193139983,52931,14550,48.0,32,0,0
1768228193141302,52931,14550,40.0,241,0,0
1768228193142775,52931,14550,70.0,87,0,0
1768228193144372,52931,14550,61.0,147,0,0
1768228193145615,52931,14550,64.0,11030,0,0
1768228193348426,52931,14550,48.0,163,0,0
1768228193350649,52931,14550,44.0,178,0,0
1768228193352002,52931,14550,48.0,30,0,0
1768228193354587,52931,14550,48.0,33,0,0
1768228193357611,52931,14550,39.0,74,0,0
1768228193360310,52931,14550,51.0,1,0,0
1768228193367873,52931,14550,22.0,125,0,0
1768228193374487,52931,14550,27.0,152,0,0
1768228193375717,52931,14550,45.0,62,0,0
1768228193378532,52931,14550,26.0,42,0,0
1768228193382653,52931,14550,32.0,36,0,0
1768228193383934,52931,14550,62.0,65,0,0
1768228193385197,52931,14550,49.0,27,0,0
1768228193386861,52931,14550,44.0,116,0,0
1768228193388707,52931,14550,42.0,129,0,0
1768228193389920,52931,14550,34.0,29,0,0
1768228193392915,52931,14550,34.0,137,0,0
1768228193395187,52931,14550,60.0,24,0,0
1768228193399143,52931,14550,53.0,124,0,0
1768228193401278,52931,14550,31.0,2,0,0
1768228193403265,52931,14550,64.0,164,0,0
1768228193405585,52931,14550,24.0,168,0,0
1768228193407532,52931,14550,42.0,136,0,0
1768228193409958,52931,14550,42.0,193,0,0
1768228193413321,52931,14550,48.0,32,0,0
1768228193414857,52931,14550,40.0,241,0,0
1768228193416718,52931,14550,70.0,87,0,0
1768228193419534,52931,14550,61.0,147,0,0
1768228193422196,52931,14550,64.0,11030,0,0
1768228193518122,5760,58419,,264,1,0
1768228193518771,52931,14550,47.0,264,0,0
1768228193599809,52931,14550,48.0,163,0,0
1768228193601243,52931,14550,44.0,178,0,0
1768228193602048,52931,14550,48.0,30,0,0
1768228193603474,52931,14550,48.0,33,0,0
1768228193604486,52931,14550,39.0,74,0,0
1768228193607638,52931,14550,51.0,1,0,0
1768228193608985,52931,14550,22.0,125,0,0
1768228193610066,52931,14550,27.0,152,0,0
1768228193611015,52931,14550,45.0,62,0,0
1768228193612524,52931,14550,26.0,42,0,0
1768228193613528,52931,14550,32.0,36,0,0
1768228193614220,52931,14550,62.0,65,0,0
1768228193615149,52931,14550,49.0,27,0,0
1768228193615910,52931,14550,44.0,116,0,0
1768228193616595,52931,14550,42.0,129,0,0
1768228193617378,52931,14550,34.0,29,0,0
1768228193618091,52931,14550,34.0,137,0,0
1768228193618779,52931,14550,60.0,24,0,0
1768228193619872,52931,14550,53.0,124,0,0
1768228193620930,52931,14550,31.0,2,0,0
1768228193622096,52931,14550,64.0,164,0,0
1768228193623039,52931,14550,24.0,168,0,0
1768228193623868,52931,14550,42.0,136,0,0
1768228193624896,52931,14550,42.0,193,0,0
1768228193625806,52931,14550,48.0,32,0,0
1768228193626673,52931,14550,40.0,241,0,0
1768228193627490,52931,14550,70.0,87,0,0
1768228193628284,52931,14550,61.0,147,0,0
1768228193629297,52931,14550,64.0,11030,0,0
1768228193719418,58419,5760,,0,1,0
1768228193756165,52931,14550,21.0,46,0,0
1768228193758360,52931,14550,40.0,253,0,0
1768228193759884,52931,14550,35.0,253,0,0
1768228193852300,52931,14550,48.0,163,0,0
1768228193854368,52931,14550,44.0,178,0,0
1768228193856428,52931,14550,48.0,30,0,0
1768228193858561,52931,14550,48.0,33,0,0
1768228193861680,52931,14550,39.0,74,0,0
1768228193864914,52931,14550,51.0,1,0,0
1768228193867623,52931,14550,22.0,125,0,0
1768228193869790,52931,14550,27.0,152,0,0
1768228193871687,52931,14550,45.0,62,0,0
1768228193873833,52931,14550,26.0,42,0,0
1768228193876037,52931,14550,32.0,36,0,0
1768228193877836,52931,14550,62.0,65,0,0
1768228193879110,52931,14550,49.0,27,0,0
1768228193880812,52931,14550,44.0,116,0,0
1768228193882262,52931,14550,42.0,129,0,0
1768228193884027,52931,14550,34.0,29,0,0
1768228193885832,52931,14550,34.0,137,0,0
1768228193888211,52931,14550,60.0,24,0,0
1768228193890991,52931,14550,53.0,124,0,0
1768228193893264,52931,14550,31.0,2,0,0
1768228193894756,52931,14550,64.0,164,0,0
1768228193896230,52931,14550,24.0,168,0,0
1768228193898777,52931,14550,42.0,136,0,0
1768228193900541,52931,14550,42.0,193,0,0
1768228193902286,52931,14550,48.0,32,0,0
1768228193903655,52931,14550,40.0,241,0,0
1768228193904985,52931,14550,70.0,87,0,0
1768228193907581,52931,14550,61.0,147,0,0
1768228193909508,52931,14550,64.0,11030,0,0
1768228193923666,5760,58419,,0,1,0
1768228193924929,52931,14550,29.0,0,0,0
1768228193970281,5760,58419,,111,1,0
1768228193971368,52931,14550,33.0,111,0,0
1768228194018074,5760,58419,,264,1,0
1768228194019756,52931,14550,47.0,264,0,0
1768228194106100,52931,14550,48.0,163,0,0
1768228194108354,52931,14550,44.0,178,0,0
1768228194109622,52931,14550,48.0,30,0,0
1768228194114032,52931,14550,48.0,33,0,0
1768228194116313,52931,14550,39.0,74,0,0
1768228194119967,52931,14550,51.0,1,0,0
1768228194122663,52931,14550,22.0,125,0,0
1768228194124618,52931,14550,27.0,152,0,0
1768228194125841,52931,14550,45.0,62,0,0
1768228194128008,52931,14550,26.0,42,0,0
1768228194130677,52931,14550,32.0,36,0,0
1768228194132202,52931,14550,62.0,65,0,0
1768228194133972,52931,14550,49.0,27,0,0
1768228194136100,52931,14550,44.0,116,0,0
1768228194137663,52931,14550,42.0,129,0,0
1768228194139184,52931,14550,34.0,29,0,0
1768228194140431,52931,14550,34.0,137,0,0
1768228194141918,52931,14550,60.0,24,0,0
1768228194143673,52931,14550,53.0,124,0,0
1768228194145466,52931,14550,31.0,2,0,0
1768228194146952,52931,14550,64.0,164,0,0
1768228194148673,52931,14550,24.0,168,0,0
1768228194150212,52931,14550,42.0,136,0,0
1768228194151420,52931,14550,42.0,193,0,0
1768228194153109,52931,14550,48.0,32,0,0
1768228194154336,52931,14550,40.0,241,0,0
1768228194155730,52931,14550,70.0,87,0,0
1768228194157292,52931,14550,61.0,147,0,0
1768228194159266,52931,14550,64.0,11030,0,0
1768228194357801,52931,14550,48.0,163,0,0
1768228194360275,52931,14550,44.0,178,0,0
1768228194361680,52931,14550,48.0,30,0,0
1768228194364075,52931,14550,48.0,33,0,0
1768228194365407,52931,14550,39.0,74,0,0
1768228194370788,52931,14550,51.0,1,0,0
1768228194377115,52931,14550,22.0,125,0,0
1768228194381326,52931,14550,27.0,152,0,0
1768228194382738,52931,14550,45.0,62,0,0
1768228194385878,52931,14550,26.0,42,0,0
1768228194387636,52931,14550,32.0,36,0,0
1768228194389278,52931,14550,62.0,65,0,0
1768228194391912,52931,14550,49.0,27,0,0
1768228194393132,52931,14550,44.0,116,0,0
1768228194395307,52931,14550,42.0,129,0,0
1768228194396889,52931,14550,34.0,29,0,0
1768228194398127,52931,14550,34.0,137,0,0
1768228194400091,52931,14550,60.0,24,0,0
1768228194402536,52931,14550,53.0,124,0,0
1768228194404367,52931,14550,31.0,2,0,0
1768228194406577,52931,14550,64.0,164,0,0
1768228194409319,52931,14550,24.0,168,0,0
1768228194410982,52931,14550,42.0,136,0,0
1768228194412865,52931,14550,42.0,193,0,0
1768228194415370,52931,14550,48.0,32,0,0
1768228194416702,52931,14550,40.0,241,0,0
1768228194420112,52931,14550,70.0,87,0,0
1768228194422479,52931,14550,61.0,147,0,0
1768228194424289,52931,14550,64.0,11030,0,0
1768228194521471,5760,58419,,264,1,0
1768228194522471,52931,14550,47.0,264,0,0
1768228194606875,52931,14550,48.0,163,0,0
1768228194610273,52931,14550,44.0,178,0,0
1768228194612813,52931,14550,48.0,30,0,0
1768228194614705,52931,14550,48.0,33,0,0
1768228194617183,52931,14550,39.0,74,0,0
1768228194620488,52931,14550,51.0,1,0,0
1768228194622765,52931,14550,22.0,125,0,0
1768228194624871,52931,14550,27.0,152,0,0
1768228194627156,52931,14550,45.0,62,0,0
1768228194630254,52931,14550,26.0,42,0,0
1768228194632812,52931,14550,32.0,36,0,0
1768228194634586,52931,14550,62.0,65,0,0
1768228194636736,52931,14550,49.0,27,0,0
1768228194639360,52931,14550,44.0,116,0,0
1768228194640962,52931,14550,42.0,129,0,0
1768228194642597,52931,14550,34.0,29,0,0
1768228194644129,52931,14550,34.0,137,0,0
1768228194645495,52931,14550,60.0,24,0,0
1768228194647827,52931,14550,53.0,124,0,0
1768228194649737,52931,14550,31.0,2,0,0
1768228194652266,52931,14550,64.0,164,0,0
1768228194654062,52931,14550,24.0,168,0,0
1768228194655511,52931,14550,42.0,136,0,0
1768228194657158,52931,14550,42.0,193,0,0
1768228194658875,52931,14550,48.0,32,0,0
1768228194660651,52931,14550,40.0,241,0,0
1768228194662647,52931,14550,70.0,87,0,0
1768228194665474,52931,14550,61.0,147,0,0
1768228194667500,52931,14550,64.0,11030,0,0
1768228194725904,58419,5760,,0,1,0
1768228194862422,52931,14550,48.0,163,0,0
1768228194864660,52931,14550,44.0,178,0,0
1768228194867422,52931,14550,48.0,30,0,0
1768228194871508,52931,14550,48.0,33,0,0
1768228194873201,52931,14550,39.0,74,0,0
1768228194879279,52931,14550,51.0,1,0,0
1768228194888479,52931,14550,22.0,125,0,0
1768228194892722,52931,14550,27.0,152,0,0
1768228194895880,52931,14550,45.0,62,0,0
1768228194901029,52931,14550,26.0,42,0,0
1768228194904886,52931,14550,32.0,36,0,0
1768228194908309,52931,14550,62.0,65,0,0
1768228194910436,52931,14550,49.0,27,0,0
1768228194911759,52931,14550,44.0,116,0,0
1768228194913101,52931,14550,42.0,129,0,0
1768228194914889,52931,14550,34.0,29,0,0
1768228194916287,52931,14550,34.0,137,0,0
1768228194917573,52931,14550,60.0,24,0,0
1768228194920002,52931,14550,53.0,124,0,0
1768228194921714,52931,14550,31.0,2,0,0
1768228194923070,52931,14550,64.0,164,0,0
1768228194924717,52931,14550,24.0,168,0,0
1768228194926481,52931,14550,42.0,136,0,0
1768228194928125,52931,14550,42.0,193,0,0
1768228194930089,52931,14550,48.0,32,0,0
1768228194931218,5760,58419,,0,1,0
1768228194931700,52931,14550,40.0,241,0,0
1768228194933218,52931,14550,70.0,87,0,0
1768228194934962,52931,14550,61.0,147,0,0
1768228194936753,52931,14550,64.0,11030,0,0
1768228194938988,52931,14550,29.0,0,0,0
1768228195027153,5760,58419,,264,1,0
1768228195028165,52931,14550,47.0,264,0,0
1768228195109694,52931,14550,48.0,163,0,0
1768228195112065,52931,14550,44.0,178,0,0
1768228195113603,52931,14550,48.0,30,0,0
1768228195116021,52931,14550,48.0,33,0,0
1768228195117400,52931,14550,39.0,74,0,0
1768228195120883,52931,14550,51.0,1,0,0
1768228195126843,52931,14550,22.0,125,0,0
1768228195128404,52931,14550,27.0,152,0,0
1768228195129900,52931,14550,45.0,62,0,0
1768228195132360,52931,14550,26.0,42,0,0
1768228195134926,52931,14550,32.0,36,0,0
1768228195136477,52931,14550,62.0,65,0,0
1768228195137964,52931,14550,49.0,27,0,0
1768228195139347,52931,14550,44.0,116,0,0
1768228195140803,52931,14550,42.0,129,0,0
1768228195142274,52931,14550,34.0,29,0,0
1768228195143552,52931,14550,34.0,137,0,0
1768228195144947,52931,14550,60.0,24,0,0
1768228195146833,52931,14550,53.0,124,0,0
1768228195148509,52931,14550,31.0,2,0,0
1768228195150344,52931,14550,64.0,164,0,0
1768228195151662,52931,14550,24.0,168,0,0
1768228195153297,52931,14550,42.0,136,0,0
1768228195154528,52931,14550,42.0,193,0,0
1768228195155924,52931,14550,48.0,32,0,0
1768228195157398,52931,14550,40.0,241,0,0
1768228195159035,52931,14550,70.0,87,0,0
1768228195160749,52931,14550,61.0,147,0,0
1768228195162533,52931,14550,64.0,11030,0,0
1768228195363434,52931,14550,48.0,163,0,0
1768228195365478,52931,14550,44.0,178,0,0
1768228195366823,52931,14550,48.0,30,0,0
1768228195369865,52931,14550,48.0,33,0,0
1768228195372612,52931,14550,39.0,74,0,0
1768228195376211,52931,14550,51.0,1,0,0
1768228195381138,52931,14550,22.0,125,0,0
1768228195383643,52931,14550,27.0,152,0,0
1768228195385973,52931,14550,45.0,62,0,0
1768228195388466,52931,14550,26.0,42,0,0
1768228195393598,52931,14550,32.0,36,0,0
1768228195396430,52931,14550,62.0,65,0,0
1768228195398279,52931,14550,49.0,27,0,0
1768228195399476,52931,14550,44.0,116,0,0
1768228195401610,52931,14550,42.0,129,0,0
1768228195403052,52931,14550,34.0,29,0,0
1768228195405929,52931,14550,34.0,137,0,0
1768228195407773,52931,14550,60.0,24,0,0
1768228195410091,52931,14550,53.0,124,0,0
1768228195412580,52931,14550,31.0,2,0,0
1768228195415173,52931,14550,64.0,164,0,0
1768228195417941,52931,14550,24.0,168,0,0
1768228195420703,52931,14550,42.0,136,0,0
1768228195422884,52931,14550,42.0,193,0,0
1768228195424987,52931,14550,48.0,32,0,0
1768228195428652,52931,14550,40.0,241,0,0
1768228195430806,52931,14550,70.0,87,0,0
1768228195432878,52931,14550,61.0,147,0,0
1768228195434769,52931,14550,64.0,11030,0,0
1768228195526201,5760,58419,,264,1,0
1768228195527252,52931,14550,47.0,264,0,0
1768228195612910,52931,14550,48.0,163,0,0
1768228195614970,52931,14550,44.0,178,0,0
1768228195616613,52931,14550,48.0,30,0,0
1768228195619305,52931,14550,48.0,33,0,0
1768228195622762,52931,14550,39.0,74,0,0
1768228195626535,52931,14550,51.0,1,0,0
1768228195633146,52931,14550,22.0,125,0,0
1768228195635406,52931,14550,27.0,152,0,0
1768228195637346,52931,14550,45.0,62,0,0
1768228195640224,52931,14550,26.0,42,0,0
1768228195643465,52931,14550,32.0,36,0,0
1768228195645480,52931,14550,62.0,65,0,0
1768228195647276,52931,14550,49.0,27,0,0
1768228195649166,52931,14550,44.0,116,0,0
1768228195650953,52931,14550,42.0,129,0,0
1768228195652532,52931,14550,34.0,29,0,0
1768228195654114,52931,14550,34.0,137,0,0
1768228195656790,52931,14550,60.0,24,0,0
1768228195660170,52931,14550,53.0,124,0,0
1768228195662517,52931,14550,31.0,2,0,0
1768228195664744,52931,14550,64.0,164,0,0
1768228195666822,52931,14550,24.0,168,0,0
1768228195668908,52931,14550,42.0,136,0,0
1768228195670816,52931,14550,42.0,193,0,0
1768228195673128,52931,14550,48.0,32,0,0
1768228195675241,52931,14550,40.0,241,0,0
1768228195676886,52931,14550,70.0,87,0,0
1768228195678390,52931,14550,61.0,147,0,0
1768228195680276,52931,14550,64.0,11030,0,0
1768228195727681,58419,5760,,0,1,0
1768228195867003,52931,14550,48.0,163,0,0
1768228195869525,52931,14550,44.0,178,0,0
1768228195871038,52931,14550,48.0,30,0,0
1768228195873583,52931,14550,48.0,33,0,0
1768228195876975,52931,14550,39.0,74,0,0
1768228195881867,52931,14550,51.0,1,0,0
1768228195887980,52931,14550,22.0,125,0,0
1768228195890908,52931,14550,27.0,152,0,0
1768228195892239,52931,14550,45.0,62,0,0
1768228195896850,52931,14550,26.0,42,0,0
1768228195900182,52931,14550,32.0,36,0,0
1768228195903533,52931,14550,62.0,65,0,0
1768228195907691,52931,14550,49.0,27,0,0
1768228195910998,52931,14550,44.0,116,0,0
1768228195912675,52931,14550,42.0,129,0,0
1768228195915070,52931,14550,34.0,29,0,0
1768228195917017,52931,14550,34.0,137,0,0
1768228195919212,52931,14550,60.0,24,0,0
1768228195921074,52931,14550,53.0,124,0,0
1768228195924177,52931,14550,31.0,2,0,0
1768228195926487,52931,14550,64.0,164,0,0
1768228195928047,52931,14550,24.0,168,0,0
1768228195929844,52931,14550,42.0,136,0,0
1768228195931611,52931,14550,42.0,193,0,0
1768228195933279,52931,14550,48.0,32,0,0
1768228195936315,52931,14550,40.0,241,0,0
1768228195937899,52931,14550,70.0,87,0,0
1768228195939312,5760,58419,,0,1,0
1768228195939703,52931,14550,61.0,147,0,0
1768228195943215,52931,14550,64.0,11030,0,0
1768228195947538,52931,14550,29.0,0,0,0
1768228196030559,5760,58419,,264,1,0
1768228196031587,52931,14550,47.0,264,0,0
1768228196118870,52931,14550,48.0,163,0,0
1768228196121072,52931,14550,44.0,178,0,0
1768228196122608,52931,14550,48.0,30,0,0
1768228196126325,52931,14550,48.0,33,0,0
1768228196128101,52931,14550,39.0,74,0,0
1768228196131827,52931,14550,51.0,1,0,0
1768228196135206,52931,14550,22.0,125,0,0
1768228196137062,52931,14550,27.0,152,0,0
1768228196138283,52931,14550,45.0,62,0,0
1768228196140258,52931,14550,26.0,42,0,0
1768228196142797,52931,14550,32.0,36,0,0
1768228196144047,52931,14550,62.0,65,0,0
1768228196145434,52931,14550,49.0,27,0,0
1768228196146956,52931,14550,44.0,116,0,0
1768228196148586,52931,14550,42.0,129,0,0
1768228196150067,52931,14550,34.0,29,0,0
1768228196151662,52931,14550,34.0,137,0,0
1768228196153058,52931,14550,60.0,24,0,0
1768228196154948,52931,14550,53.0,124,0,0
1768228196156425,52931,14550,31.0,2,0,0
1768228196158309,52931,14550,64.0,164,0,0
1768228196159547,52931,14550,24.0,168,0,0
1768228196160905,52931,14550,42.0,136,0,0
1768228196162865,52931,14550,42.0,193,0,0
1768228196164632,52931,14550,48.0,32,0,0
1768228196165894,52931,14550,40.0,241,0,0
1768228196167442,52931,14550,70.0,87,0,0
1768228196169252,52931,14550,61.0,147,0,0
1768228196171000,52931,14550,64.0,11030,0,0
1768228196370431,52931,14550,48.0,163,0,0
1768228196372593,52931,14550,44.0,178,0,0
1768228196373965,52931,14550,48.0,30,0,0
1768228196377695,52931,14550,48.0,33,0,0
1768228196380186,52931,14550,39.0,74,0,0
1768228196385153,52931,14550,51.0,1,0,0
1768228196389493,52931,14550,22.0,125,0,0
1768228196391595,52931,14550,27.0,152,0,0
1768228196393507,52931,14550,45.0,62,0,0
1768228196396377,52931,14550,26.0,42,0,0
1768228196399151,52931,14550,32.0,36,0,0
1768228196400429,52931,14550,62.0,65,0,0
1768228196402219,52931,14550,49.0,27,0,0
1768228196403662,52931,14550,44.0,116,0,0
1768228196405660,52931,14550,42.0,129,0,0
1768228196408664,52931,14550,34.0,29,0,0
1768228196410532,52931,14550,34.0,137,0,0
1768228196412260,52931,14550,60.0,24,0,0
1768228196414726,52931,14550,53.0,124,0,0
1768228196417625,52931,14550,31.0,2,0,0
1768228196418899,52931,14550,64.0,164,0,0
1768228196421992,52931,14550,24.0,168,0,0
1768228196424794,52931,14550,42.0,136,0,0
1768228196427642,52931,14550,42.0,193,0,0
1768228196430335,52931,14550,48.0,32,0,0
1768228196432849,52931,14550,40.0,241,0,0
1768228196434090,52931,14550,70.0,87,0,0
1768228196436776,52931,14550,61.0,147,0,0
1768228196438521,52931,14550,64.0,11030,0,0
1768228196531973,5760,58419,,264,1,0
1768228196533640,52931,14550,47.0,264,0,0
1768228196617503,52931,14550,48.0,163,0,0
1768228196619274,52931,14550,44.0,178,0,0
1768228196621002,52931,14550,48.0,30,0,0
1768228196623789,52931,14550,48.0,33,0,0
1768228196626338,52931,14550,39.0,74,0,0
1768228196632052,52931,14550,51.0,1,0,0
1768228196637241,52931,14550,22.0,125,0,0
1768228196638950,52931,14550,27.0,152,0,0
1768228196640147,52931,14550,45.0,62,0,0
1768228196642320,52931,14550,26.0,42,0,0
1768228196645525,52931,14550,32.0,36,0,0
1768228196647077,52931,14550,62.0,65,0,0
1768228196648653,52931,14550,49.0,27,0,0
1768228196650135,52931,14550,44.0,116,0,0
1768228196651899,52931,14550,42.0,129,0,0
1768228196653443,52931,14550,34.0,29,0,0
1768228196655016,52931,14550,34.0,137,0,0
1768228196657554,52931,14550,60.0,24,0,0
1768228196659506,52931,14550,53.0,124,0,0
1768228196661057,52931,14550,31.0,2,0,0
1768228196663395,52931,14550,64.0,164,0,0
1768228196665797,52931,14550,24.0,168,0,0
1768228196668789,52931,14550,42.0,136,0,0
1768228196670420,52931,14550,42.0,193,0,0
1768228196672467,52931,14550,48.0,32,0,0
1768228196674275,52931,14550,40.0,241,0,0
1768228196675696,52931,14550,70.0,87,0,0
1768228196677635,52931,14550,61.0,147,0,0
1768228196679081,52931,14550,64.0,11030,0,0
1768228196729374,58419,5760,,0,1,0
1768228196869328,52931,14550,48.0,163,0,0
1768228196873469,52931,14550,44.0,178,0,0
1768228196875459,52931,14550,48.0,30,0,0
1768228196879933,52931,14550,48.0,33,0,0
1768228196882795,52931,14550,39.0,74,0,0
1768228196887823,52931,14550,51.0,1,0,0
1768228196892825,52931,14550,22.0,125,0,0
1768228196895032,52931,14550,27.0,152,0,0
1768228196900260,52931,14550,45.0,62,0,0
1768228196906143,52931,14550,26.0,42,0,0
1768228196908072,52931,14550,32.0,36,0,0
1768228196909423,52931,14550,62.0,65,0,0
1768228196912370,52931,14550,49.0,27,0,0
1768228196914000,52931,14550,44.0,116,0,0
1768228196915357,52931,14550,42.0,129,0,0
1768228196917949,52931,14550,34.0,29,0,0
1768228196919456,52931,14550,34.0,137,0,0
1768228196920686,52931,14550,60.0,24,0,0
1768228196922377,52931,14550,53.0,124,0,0
1768228196924390,52931,14550,31.0,2,0,0
1768228196925691,52931,14550,64.0,164,0,0
1768228196927516,52931,14550,24.0,168,0,0
1768228196928999,52931,14550,42.0,136,0,0
1768228196930373,52931,14550,42.0,193,0,0
1768228196932989,52931,14550,48.0,32,0,0
1768228196934423,52931,14550,40.0,241,0,0
1768228196935899,52931,14550,70.0,87,0,0
1768228196937361,52931,14550,61.0,147,0,0
1768228196939012,52931,14550,64.0,11030,0,0
1768228196940731,5760,58419,,0,1,0
1768228196942214,52931,14550,29.0,0,0,0
1768228197034017,5760,58419,,264,1,0
1768228197035010,52931,14550,47.0,264,0,0
1768228197120622,52931,14550,48.0,163,0,0
1768228197123365,52931,14550,44.0,178,0,0
1768228197125320,52931,14550,48.0,30,0,0
1768228197128155,52931,14550,48.0,33,0,0
1768228197129842,52931,14550,39.0,74,0,0
1768228197132908,52931,14550,51.0,1,0,0
1768228197136881,52931,14550,22.0,125,0,0
1768228197138721,52931,14550,27.0,152,0,0
1768228197140032,52931,14550,45.0,62,0,0
1768228197142209,52931,14550,26.0,42,0,0
1768228197144448,52931,14550,32.0,36,0,0
1768228197146004,52931,14550,62.0,65,0,0
1768228197147257,52931,14550,49.0,27,0,0
1768228197148887,52931,14550,44.0,116,0,0
1768228197150093,52931,14550,42.0,129,0,0
1768228197151281,52931,14550,34.0,29,0,0
1768228197152796,52931,14550,34.0,137,0,0
1768228197153975,52931,14550,60.0,24,0,0
1768228197156215,52931,14550,53.0,124,0,0
1768228197157726,52931,14550,31.0,2,0,0
1768228197159189,52931,14550,64.0,164,0,0
1768228197160852,52931,14550,24.0,168,0,0
1768228197163206,52931,14550,42.0,136,0,0
1768228197165304,52931,14550,42.0,193,0,0
1768228197167485,52931,14550,48.0,32,0,0
1768228197169221,52931,14550,40.0,241,0,0
1768228197170586,52931,14550,70.0,87,0,0
1768228197172147,52931,14550,61.0,147,0,0
1768228197174405,52931,14550,64.0,11030,0,0
1768228197373432,52931,14550,48.0,163,0,0
1768228197375676,52931,14550,44.0,178,0,0
1768228197377337,52931,14550,48.0,30,0,0
1768228197379503,52931,14550,48.0,33,0,0
1768228197382201,52931,14550,39.0,74,0,0
1768228197388781,52931,14550,51.0,1,0,0
1768228197397009,52931,14550,22.0,125,0,0
1768228197399336,52931,14550,27.0,152,0,0
1768228197402256,52931,14550,45.0,62,0,0
1768228197405245,52931,14550,26.0,42,0,0
1768228197408224,52931,14550,32.0,36,0,0
1768228197410346,52931,14550,62.0,65,0,0
1768228197412203,52931,14550,49.0,27,0,0
1768228197414030,52931,14550,44.0,116,0,0
1768228197415956,52931,14550,42.0,129,0,0
1768228197417364,52931,14550,34.0,29,0,0
1768228197419191,52931,14550,34.0,137,0,0
1768228197422314,52931,14550,60.0,24,0,0
1768228197424522,52931,14550,53.0,124,0,0
1768228197427723,52931,14550,31.0,2,0,0
1768228197429171,52931,14550,64.0,164,0,0
1768228197430893,52931,14550,24.0,168,0,0
1768228197432922,52931,14550,42.0,136,0,0
1768228197434765,52931,14550,42.0,193,0,0
1768228197436337,52931,14550,48.0,32,0,0
1768228197438216,52931,14550,40.0,241,0,0
1768228197439489,52931,14550,70.0,87,0,0
1768228197441351,52931,14550,61.0,147,0,0
1768228197442769,52931,14550,64.0,11030,0,0
1768228197502458,58419,5760,,66,1,0
1768228197537661,5760,58419,,264,1,0
1768228197538641,52931,14550,47.0,264,0,0
1768228197623971,52931,14550,48.0,163,0,0
1768228197626731,52931,14550,44.0,178,0,0
1768228197628825,52931,14550,48.0,30,0,0
1768228197631654,52931,14550,48.0,33,0,0
1768228197633238,52931,14550,39.0,74,0,0
1768228197637151,52931,14550,51.0,1,0,0
1768228197644695,52931,14550,22.0,125,0,0
1768228197646758,52931,14550,27.0,152,0,0
1768228197648599,52931,14550,45.0,62,0,0
1768228197651782,52931,14550,26.0,42,0,0
1768228197653707,52931,14550,32.0,36,0,0
1768228197655096,52931,14550,62.0,65,0,0
1768228197656539,52931,14550,49.0,27,0,0
1768228197657808,52931,14550,44.0,116,0,0
1768228197659371,52931,14550,42.0,129,0,0
1768228197660967,52931,14550,34.0,29,0,0
1768228197662348,52931,14550,34.0,137,0,0
1768228197663811,52931,14550,60.0,24,0,0
1768228197665828,52931,14550,53.0,124,0,0
1768228197668076,52931,14550,31.0,2,0,0
1768228197669570,52931,14550,64.0,164,0,0
1768228197670842,52931,14550,24.0,168,0,0
1768228197672716,52931,14550,42.0,136,0,0
1768228197674152,52931,14550,42.0,193,0,0
1768228197676086,52931,14550,48.0,32,0,0
1768228197677329,52931,14550,40.0,241,0,0
1768228197678925,52931,14550,70.0,87,0,0
1768228197680888,52931,14550,61.0,147,0,0
1768228197683131,52931,14550,64.0,11030,0,0
1768228197729844,58419,5760,,0,1,0
1768228197875457,52931,14550,48.0,163,0,0
1768228197878244,52931,14550,44.0,178,0,0
1768228197880185,52931,14550,48.0,30,0,0
1768228197882423,52931,14550,48.0,33,0,0
1768228197884442,52931,14550,39.0,74,0,0
1768228197888401,52931,14550,51.0,1,0,0
1768228197894860,52931,14550,22.0,125,0,0
1768228197897531,52931,14550,27.0,152,0,0
1768228197899444,52931,14550,45.0,62,0,0
1768228197902685,52931,14550,26.0,42,0,0
1768228197904474,52931,14550,32.0,36,0,0
1768228197907554,52931,14550,62.0,65,0,0
1768228197910643,52931,14550,49.0,27,0,0
1768228197912006,52931,14550,44.0,116,0,0
1768228197914920,52931,14550,42.0,129,0,0
1768228197916283,52931,14550,34.0,29,0,0
1768228197917995,52931,14550,34.0,137,0,0
1768228197919237,52931,14550,60.0,24,0,0
1768228197921630,52931,14550,53.0,124,0,0
1768228197923395,52931,14550,31.0,2,0,0
1768228197927569,52931,14550,64.0,164,0,0
1768228197929774,52931,14550,24.0,168,0,0
1768228197931323,52931,14550,42.0,136,0,0
1768228197932483,52931,14550,42.0,193,0,0
1768228197934985,52931,14550,48.0,32,0,0
1768228197936577,52931,14550,40.0,241,0,0
1768228197938797,52931,14550,70.0,87,0,0
1768228197941382,52931,14550,61.0,147,0,0
1768228197942917,52931,14550,64.0,11030,0,0
1768228197950422,5760,58419,,0,1,0
1768228197951848,52931,14550,29.0,0,0,0
1768228198040869,5760,58419,,264,1,0
1768228198041832,52931,14550,47.0,264,0,0
1768228198125978,52931,14550,48.0,163,0,0
1768228198128345,52931,14550,44.0,178,0,0
1768228198130051,52931,14550,48.0,30,0,0
1768228198132149,52931,14550,48.0,33,0,0
1768228198134417,52931,14550,39.0,74,0,0
1768228198139505,52931,14550,51.0,1,0,0
1768228198141699,52931,14550,22.0,125,0,0
1768228198143353,52931,14550,27.0,152,0,0
1768228198144581,52931,14550,45.0,62,0,0
1768228198147363,52931,14550,26.0,42,0,0
1768228198149074,52931,14550,32.0,36,0,0
1768228198150292,52931,14550,62.0,65,0,0
1768228198151811,52931,14550,49.0,27,0,0
1768228198153355,52931,14550,44.0,116,0,0
1768228198154688,52931,14550,42.0,129,0,0
1768228198156175,52931,14550,34.0,29,0,0
1768228198157979,52931,14550,34.0,137,0,0
1768228198159247,52931,14550,60.0,24,0,0
1768228198161058,52931,14550,53.0,124,0,0
1768228198163237,52931,14550,31.0,2,0,0
1768228198164448,52931,14550,64.0,164,0,0
1768228198165763,52931,14550,24.0,168,0,0
1768228198167299,52931,14550,42.0,136,0,0
1768228198168765,52931,14550,42.0,193,0,0
1768228198170389,52931,14550,48.0,32,0,0
1768228198171795,52931,14550,40.0,241,0,0
1768228198173127,52931,14550,70.0,87,0,0
1768228198174835,52931,14550,61.0,147,0,0
1768228198176100,52931,14550,64.0,11030,0,0
1768228198382338,52931,14550,48.0,163,0,0
1768228198384758,52931,14550,44.0,178,0,0
1768228198386001,52931,14550,48.0,30,0,0
1768228198388616,52931,14550,48.0,33,0,0
1768228198390778,52931,14550,39.0,74,0,0
1768228198395165,52931,14550,51.0,1,0,0
1768228198399751,52931,14550,22.0,125,0,0
1768228198401658,52931,14550,27.0,152,0,0
1768228198403423,52931,14550,45.0,62,0,0
1768228198406677,52931,14550,26.0,42,0,0
1768228198408899,52931,14550,32.0,36,0,0
1768228198411674,52931,14550,62.0,65,0,0
1768228198413436,52931,14550,49.0,27,0,0
1768228198415090,52931,14550,44.0,116,0,0
1768228198417248,52931,14550,42.0,129,0,0
1768228198420246,52931,14550,34.0,29,0,0
1768228198421933,52931,14550,34.0,137,0,0
1768228198423899,52931,14550,60.0,24,0,0
1768228198428703,52931,14550,53.0,124,0,0
1768228198430863,52931,14550,31.0,2,0,0
1768228198432666,52931,14550,64.0,164,0,0
1768228198434303,52931,14550,24.0,168,0,0
1768228198436515,52931,14550,42.0,136,0,0
1768228198438222,52931,14550,42.0,193,0,0
1768228198441491,52931,14550,48.0,32,0,0
1768228198444229,52931,14550,40.0,241,0,0
1768228198445713,52931,14550,70.0,87,0,0
1768228198447720,52931,14550,61.0,147,0,0
1768228198449843,52931,14550,64.0,11030,0,0
1768228198547349,5760,58419,,264,1,0
1768228198548466,52931,14550,47.0,264,0,0
1768228198633006,52931,14550,48.0,163,0,0
1768228198635377,52931,14550,44.0,178,0,0
1768228198638100,52931,14550,48.0,30,0,0
1768228198640917,52931,14550,48.0,33,0,0
1768228198644237,52931,14550,39.0,74,0,0
1768228198648140,52931,14550,51.0,1,0,0
1768228198650891,52931,14550,22.0,125,0,0
1768228198652959,52931,14550,27.0,152,0,0
1768228198654328,52931,14550,45.0,62,0,0
1768228198656487,52931,14550,26.0,42,0,0
1768228198660025,52931,14550,32.0,36,0,0
1768228198661491,52931,14550,62.0,65,0,0
1768228198663549,52931,14550,49.0,27,0,0
1768228198665184,52931,14550,44.0,116,0,0
1768228198666814,52931,14550,42.0,129,0,0
1768228198668751,52931,14550,34.0,29,0,0
1768228198669932,52931,14550,34.0,137,0,0
1768228198671689,52931,14550,60.0,24,0,0
1768228198673890,52931,14550,53.0,124,0,0
1768228198675664,52931,14550,31.0,2,0,0
1768228198677311,52931,14550,64.0,164,0,0
1768228198678830,52931,14550,24.0,168,0,0
1768228198680544,52931,14550,42.0,136,0,0
1768228198682018,52931,14550,42.0,193,0,0
1768228198683611,52931,14550,48.0,32,0,0
1768228198685454,52931,14550,40.0,241,0,0
1768228198686727,52931,14550,70.0,87,0,0
1768228198688429,52931,14550,61.0,147,0,0
1768228198689966,52931,14550,64.0,11030,0,0
1768228198737251,58419,5760,,0,1,0
1768228198884686,52931,14550,48.0,163,0,0
1768228198887117,52931,14550,44.0,178,0,0
1768228198888872,52931,14550,48.0,30,0,0
1768228198891360,52931,14550,48.0,33,0,0
1768228198893088,52931,14550,39.0,74,0,0
1768228198897342,52931,14550,51.0,1,0,0
1768228198905227,52931,14550,22.0,125,0,0
1768228198907255,52931,14550,27.0,152,0,0
1768228198909365,52931,14550,45.0,62,0,0
1768228198914379,52931,14550,26.0,42,0,0
1768228198917758,52931,14550,32.0,36,0,0
1768228198919830,52931,14550,62.0,65,0,0
1768228198921756,52931,14550,49.0,27,0,0
1768228198923317,52931,14550,44.0,116,0,0
1768228198925006,52931,14550,42.0,129,0,0
1768228198927743,52931,14550,34.0,29,0,0
1768228198929945,52931,14550,34.0,137,0,0
1768228198932224,52931,14550,60.0,24,0,0
1768228198934563,52931,14550,53.0,124,0,0
1768228198937570,52931,14550,31.0,2,0,0
1768228198939631,52931,14550,64.0,164,0,0
1768228198942180,52931,14550,24.0,168,0,0
1768228198945146,52931,14550,42.0,136,0,0
1768228198946439,52931,14550,42.0,193,0,0
1768228198949742,52931,14550,48.0,32,0,0
1768228198951336,52931,14550,40.0,241,0,0
1768228198952520,52931,14550,70.0,87,0,0
1768228198953828,5760,58419,,0,1,0
1768228198955766,52931,14550,61.0,147,0,0
1768228198957735,52931,14550,64.0,11030,0,0
1768228198963441,52931,14550,29.0,0,0,0
1768228199049100,5760,58419,,264,1,0
1768228199050121,52931,14550,47.0,264,0,0
1768228199136823,52931,14550,48.0,163,0,0
1768228199139849,52931,14550,44.0,178,0,0
1768228199141070,52931,14550,48.0,30,0,0
1768228199143405,52931,14550,48.0,33,0,0
1768228199145209,52931,14550,39.0,74,0,0
1768228199149202,52931,14550,51.0,1,0,0
1768228199151410,52931,14550,22.0,125,0,0
1768228199153368,52931,14550,27.0,152,0,0
1768228199154601,52931,14550,45.0,62,0,0
1768228199157372,52931,14550,26.0,42,0,0
1768228199160346,52931,14550,32.0,36,0,0
1768228199161897,52931,14550,62.0,65,0,0
1768228199163458,52931,14550,49.0,27,0,0
1768228199164702,52931,14550,44.0,116,0,0
1768228199166141,52931,14550,42.0,129,0,0
1768228199167691,52931,14550,34.0,29,0,0
1768228199169150,52931,14550,34.0,137,0,0
1768228199170595,52931,14550,60.0,24,0,0
1768228199172752,52931,14550,53.0,124,0,0
1768228199174326,52931,14550,31.0,2,0,0
1768228199175875,52931,14550,64.0,164,0,0
1768228199177235,52931,14550,24.0,168,0,0
1768228199179008,52931,14550,42.0,136,0,0
1768228199180267,52931,14550,42.0,193,0,0
1768228199182422,52931,14550,48.0,32,0,0
1768228199183976,52931,14550,40.0,241,0,0
1768228199185277,52931,14550,70.0,87,0,0
1768228199186804,52931,14550,61.0,147,0,0
1768228199188048,52931,14550,64.0,11030,0,0
1768228199388218,52931,14550,48.0,163,0,0
1768228199391974,52931,14550,44.0,178,0,0
1768228199393507,52931,14550,48.0,30,0,0
1768228199396565,52931,14550,48.0,33,0,0
1768228199400516,52931,14550,39.0,74,0,0
1768228199405199,52931,14550,51.0,1,0,0
1768228199415747,52931,14550,22.0,125,0,0
1768228199418609,52931,14550,27.0,152,0,0
1768228199419884,52931,14550,45.0,62,0,0
1768228199424030,52931,14550,26.0,42,0,0
1768228199428489,52931,14550,32.0,36,0,0
1768228199430183,52931,14550,62.0,65,0,0
1768228199432167,52931,14550,49.0,27,0,0
1768228199434976,52931,14550,44.0,116,0,0
1768228199438049,52931,14550,42.0,129,0,0
1768228199440680,52931,14550,34.0,29,0,0
1768228199442980,52931,14550,34.0,137,0,0
1768228199446436,52931,14550,60.0,24,0,0
1768228199449721,52931,14550,53.0,124,0,0
1768228199452598,52931,14550,31.0,2,0,0
1768228199454244,52931,14550,64.0,164,0,0
1768228199457162,52931,14550,24.0,168,0,0
1768228199459642,52931,14550,42.0,136,0,0
1768228199461001,52931,14550,42.0,193,0,0
1768228199463943,52931,14550,48.0,32,0,0
1768228199466153,52931,14550,40.0,241,0,0
1768228199468961,52931,14550,70.0,87,0,0
1768228199471357,52931,14550,61.0,147,0,0
1768228199473274,52931,14550,64.0,11030,0,0
1768228199553814,5760,58419,,264,1,0
1768228199554855,52931,14550,47.0,264,0,0
1768228199640432,52931,14550,48.0,163,0,0
1768228199642977,52931,14550,44.0,178,0,0
1768228199644500,52931,14550,48.0,30,0,0
1768228199646491,52931,14550,48.0,33,0,0
1768228199650987,52931,14550,39.0,74,0,0
1768228199656488,52931,14550,51.0,1,0,0
1768228199666151,52931,14550,22.0,125,0,0
1768228199668612,52931,14550,27.0,152,0,0
1768228199670367,52931,14550,45.0,62,0,0
1768228199673421,52931,14550,26.0,42,0,0
1768228199676015,52931,14550,32.0,36,0,0
1768228199677268,52931,14550,62.0,65,0,0
1768228199679963,52931,14550,49.0,27,0,0
1768228199681543,52931,14550,44.0,116,0,0
1768228199683297,52931,14550,42.0,129,0,0
1768228199684982,52931,14550,34.0,29,0,0
1768228199686742,52931,14550,34.0,137,0,0
1768228199688374,52931,14550,60.0,24,0,0
1768228199690288,52931,14550,53.0,124,0,0
1768228199691873,52931,14550,31.0,2,0,0
1768228199693978,52931,14550,64.0,164,0,0
1768228199695851,52931,14550,24.0,168,0,0
1768228199697553,52931,14550,42.0,136,0,0
1768228199698843,52931,14550,42.0,193,0,0
1768228199700590,52931,14550,48.0,32,0,0
1768228199702467,52931,14550,40.0,241,0,0
1768228199703715,52931,14550,70.0,87,0,0
1768228199705445,52931,14550,61.0,147,0,0
1768228199707232,52931,14550,64.0,11030,0,0
1768228199742412,58419,5760,,0,1,0
1768228199890800,52931,14550,48.0,163,0,0
1768228199893088,52931,14550,44.0,178,0,0
1768228199896856,52931,14550,48.0,30,0,0
1768228199899542,52931,14550,48.0,33,0,0
1768228199901666,52931,14550,39.0,74,0,0
1768228199905596,52931,14550,51.0,1,0,0
1768228199911261,52931,14550,22.0,125,0,0
1768228199915912,52931,14550,27.0,152,0,0
1768228199917574,52931,14550,45.0,62,0,0
1768228199920608,52931,14550,26.0,42,0,0
1768228199923211,52931,14550,32.0,36,0,0
1768228199925114,52931,14550,62.0,65,0,0
1768228199926422,52931,14550,49.0,27,0,0
1768228199928813,52931,14550,44.0,116,0,0
1768228199930609,52931,14550,42.0,129,0,0
1768228199931794,52931,14550,34.0,29,0,0
1768228199934488,52931,14550,34.0,137,0,0
1768228199937005,52931,14550,60.0,24,0,0
1768228199940049,52931,14550,53.0,124,0,0
1768228199942271,52931,14550,31.0,2,0,0
1768228199943814,52931,14550,64.0,164,0,0
1768228199945252,52931,14550,24.0,168,0,0
1768228199947385,52931,14550,42.0,136,0,0
1768228199950643,52931,14550,42.0,193,0,0
1768228199952219,52931,14550,48.0,32,0,0
1768228199953788,52931,14550,40.0,241,0,0
1768228199955054,52931,14550,70.0,87,0,0
1768228199957905,52931,14550,61.0,147,0,0
1768228199958578,5760,58419,,0,1,0
1768228199959213,52931,14550,64.0,11030,0,0
1768228199962942,52931,14550,29.0,0,0,0
1768228200056249,5760,58419,,264,1,0
1768228200057541,52931,14550,47.0,264,0,0
1768228200139947,52931,14550,48.0,163,0,0
1768228200143316,52931,14550,44.0,178,0,0
1768228200145097,52931,14550,48.0,30,0,0
1768228200147017,52931,14550,48.0,33,0,0
1768228200148552,52931,14550,39.0,74,0,0
1768228200151825,52931,14550,51.0,1,0,0
1768228200154958,52931,14550,22.0,125,0,0
1768228200156880,52931,14550,27.0,152,0,0
1768228200158323,52931,14550,45.0,62,0,0
1768228200160405,52931,14550,26.0,42,0,0
1768228200162639,52931,14550,32.0,36,0,0
1768228200163999,52931,14550,62.0,65,0,0
1768228200165511,52931,14550,49.0,27,0,0
1768228200167029,52931,14550,44.0,116,0,0
1768228200168689,52931,14550,42.0,129,0,0
1768228200170110,52931,14550,34.0,29,0,0
1768228200171487,52931,14550,34.0,137,0,0
1768228200173010,52931,14550,60.0,24,0,0
1768228200175319,52931,14550,53.0,124,0,0
1768228200176748,52931,14550,31.0,2,0,0
1768228200178207,52931,14550,64.0,164,0,0
1768228200179961,52931,14550,24.0,168,0,0
1768228200181553,52931,14550,42.0,136,0,0
1768228200182782,52931,14550,42.0,193,0,0
1768228200184423,52931,14550,48.0,32,0,0
1768228200185664,52931,14550,40.0,241,0,0
1768228200186895,52931,14550,70.0,87,0,0
1768228200188489,52931,14550,61.0,147,0,0
1768228200190140,52931,14550,64.0,11030,0,0
1768228200395076,52931,14550,48.0,163,0,0
1768228200397750,52931,14550,44.0,178,0,0
1768228200398989,52931,14550,48.0,30,0,0
1768228200402511,52931,14550,48.0,33,0,0
1768228200405820,52931,14550,39.0,74,0,0
1768228200412310,52931,14550,51.0,1,0,0
1768228200417614,52931,14550,22.0,125,0,0
1768228200421237,52931,14550,27.0,152,0,0
1768228200422463,52931,14550,45.0,62,0,0
1768228200426120,52931,14550,26.0,42,0,0
1768228200429617,52931,14550,32.0,36,0,0
1768228200430903,52931,14550,62.0,65,0,0
1768228200432195,52931,14550,49.0,27,0,0
1768228200435911,52931,14550,44.0,116,0,0
1768228200437577,52931,14550,42.0,129,0,0
1768228200439284,52931,14550,34.0,29,0,0
1768228200441257,52931,14550,34.0,137,0,0
1768228200443468,52931,14550,60.0,24,0,0
1768228200446910,52931,14550,53.0,124,0,0
1768228200449891,52931,14550,31.0,2,0,0
1768228200451490,52931,14550,64.0,164,0,0
1768228200454684,52931,14550,24.0,168,0,0
1768228200456770,52931,14550,42.0,136,0,0
1768228200460106,52931,14550,42.0,193,0,0
1768228200463618,52931,14550,48.0,32,0,0
1768228200465076,52931,14550,40.0,241,0,0
1768228200466642,52931,14550,70.0,87,0,0
1768228200471532,52931,14550,61.0,147,0,0
1768228200474058,52931,14550,64.0,11030,0,0
1768228200554540,5760,58419,,264,1,0
1768228200555552,52931,14550,47.0,264,0,0
1768228200645704,52931,14550,48.0,163,0,0
1768228200648657,52931,14550,44.0,178,0,0
1768228200650685,52931,14550,48.0,30,0,0
1768228200653363,52931,14550,48.0,33,0,0
1768228200654913,52931,14550,39.0,74,0,0
1768228200657588,52931,14550,51.0,1,0,0
1768228200659766,52931,14550,22.0,125,0,0
1768228200661336,52931,14550,27.0,152,0,0
1768228200662629,52931,14550,45.0,62,0,0
1768228200665587,52931,14550,26.0,42,0,0
1768228200668440,52931,14550,32.0,36,0,0
1768228200669887,52931,14550,62.0,65,0,0
1768228200671294,52931,14550,49.0,27,0,0
1768228200672692,52931,14550,44.0,116,0,0
1768228200675933,52931,14550,42.0,129,0,0
1768228200678518,52931,14550,34.0,29,0,0
1768228200680089,52931,14550,34.0,137,0,0
1768228200681694,52931,14550,60.0,24,0,0
1768228200684811,52931,14550,53.0,124,0,0
1768228200686470,52931,14550,31.0,2,0,0
1768228200687783,52931,14550,64.0,164,0,0
1768228200689291,52931,14550,24.0,168,0,0
1768228200691026,52931,14550,42.0,136,0,0
1768228200692300,52931,14550,42.0,193,0,0
1768228200693835,52931,14550,48.0,32,0,0
1768228200695018,52931,14550,40.0,241,0,0
1768228200696580,52931,14550,70.0,87,0,0
1768228200698195,52931,14550,61.0,147,0,0
1768228200699941,52931,14550,64.0,11030,0,0
1768228200747555,58419,5760,,0,1,0
1768228200898308,52931,14550,48.0,163,0,0
1768228200900693,52931,14550,44.0,178,0,0
1768228200902641,52931,14550,48.0,30,0,0
1768228200906033,52931,14550,48.0,33,0,0
1768228200909714,52931,14550,39.0,74,0,0
1768228200913257,52931,14550,51.0,1,0,0
1768228200918609,52931,14550,22.0,125,0,0
1768228200922521,52931,14550,27.0,152,0,0
1768228200925213,52931,14550,45.0,62,0,0
1768228200930831,52931,14550,26.0,42,0,0
1768228200933821,52931,14550,32.0,36,0,0
1768228200935112,52931,14550,62.0,65,0,0
1768228200936938,52931,14550,49.0,27,0,0
1768228200938203,52931,14550,44.0,116,0,0
1768228200939935,52931,14550,42.0,129,0,0
1768228200941966,52931,14550,34.0,29,0,0
1768228200944792,52931,14550,34.0,137,0,0
1768228200946344,52931,14550,60.0,24,0,0
1768228200949584,52931,14550,53.0,124,0,0
1768228200951209,52931,14550,31.0,2,0,0
1768228200952439,52931,14550,64.0,164,0,0
1768228200954617,52931,14550,24.0,168,0,0
1768228200957399,52931,14550,42.0,136,0,0
1768228200959797,52931,14550,42.0,193,0,0
1768228200961238,52931,14550,48.0,32,0,0
1768228200963013,52931,14550,40.0,241,0,0
1768228200965239,52931,14550,70.0,87,0,0
1768228200966718,5760,58419,,0,1,0
1768228200967333,52931,14550,61.0,147,0,0
1768228200968724,52931,14550,64.0,11030,0,0
1768228200973081,52931,14550,29.0,0,0,0
1768228201059038,5760,58419,,264,1,0
1768228201060060,52931,14550,47.0,264,0,0
1768228201149785,52931,14550,48.0,163,0,0
1768228201152316,52931,14550,44.0,178,0,0
1768228201153663,52931,14550,48.0,30,0,0
1768228201156382,52931,14550,48.0,33,0,0
1768228201158095,52931,14550,39.0,74,0,0
1768228201163207,52931,14550,51.0,1,0,0
1768228201167832,52931,14550,22.0,125,0,0
1768228201169663,52931,14550,27.0,152,0,0
1768228201170925,52931,14550,45.0,62,0,0
1768228201173413,52931,14550,26.0,42,0,0
1768228201175718,52931,14550,32.0,36,0,0
1768228201177870,52931,14550,62.0,65,0,0
1768228201179617,52931,14550,49.0,27,0,0
1768228201180913,52931,14550,44.0,116,0,0
1768228201182095,52931,14550,42.0,129,0,0
1768228201183611,52931,14550,34.0,29,0,0
1768228201184875,52931,14550,34.0,137,0,0
1768228201186093,52931,14550,60.0,24,0,0
1768228201187984,52931,14550,53.0,124,0,0
1768228201189426,52931,14550,31.0,2,0,0
1768228201191536,52931,14550,64.0,164,0,0
1768228201193166,52931,14550,24.0,168,0,0
1768228201194521,52931,14550,42.0,136,0,0
1768228201195726,52931,14550,42.0,193,0,0
1768228201197372,52931,14550,48.0,32,0,0
1768228201198613,52931,14550,40.0,241,0,0
1768228201200247,52931,14550,70.0,87,0,0
1768228201201993,52931,14550,61.0,147,0,0
1768228201203909,52931,14550,64.0,11030,0,0
1768228201399313,52931,14550,48.0,163,0,0
1768228201400931,52931,14550,44.0,178,0,0
1768228201402816,52931,14550,48.0,30,0,0
1768228201405802,52931,14550,48.0,33,0,0
1768228201412054,52931,14550,39.0,74,0,0
1768228201416946,52931,14550,51.0,1,0,0
1768228201421491,52931,14550,22.0,125,0,0
1768228201424307,52931,14550,27.0,152,0,0
1768228201426704,52931,14550,45.0,62,0,0
1768228201429818,52931,14550,26.0,42,0,0
1768228201431933,52931,14550,32.0,36,0,0
1768228201435691,52931,14550,62.0,65,0,0
1768228201437435,52931,14550,49.0,27,0,0
1768228201441661,52931,14550,44.0,116,0,0
1768228201443671,52931,14550,42.0,129,0,0
1768228201446399,52931,14550,34.0,29,0,0
1768228201448462,52931,14550,34.0,137,0,0
1768228201450950,52931,14550,60.0,24,0,0
1768228201453247,52931,14550,53.0,124,0,0
1768228201454966,52931,14550,31.0,2,0,0
1768228201457125,52931,14550,64.0,164,0,0
1768228201458471,52931,14550,24.0,168,0,0
1768228201460352,52931,14550,42.0,136,0,0
1768228201461671,52931,14550,42.0,193,0,0
1768228201463782,52931,14550,48.0,32,0,0
1768228201467070,52931,14550,40.0,241,0,0
1768228201469513,52931,14550,70.0,87,0,0
1768228201472956,52931,14550,61.0,147,0,0
1768228201475397,52931,14550,64.0,11030,0,0
1768228201564054,5760,58419,,264,1,0
1768228201565119,52931,14550,47.0,264,0,0
1768228201648273,52931,14550,48.0,163,0,0
1768228201650077,52931,14550,44.0,178,0,0
1768228201652276,52931,14550,48.0,30,0,0
1768228201654815,52931,14550,48.0,33,0,0
1768228201656653,52931,14550,39.0,74,0,0
1768228201659321,52931,14550,51.0,1,0,0
1768228201665505,52931,14550,22.0,125,0,0
1768228201667847,52931,14550,27.0,152,0,0
1768228201669566,52931,14550,45.0,62,0,0
1768228201674262,52931,14550,26.0,42,0,0
1768228201676562,52931,14550,32.0,36,0,0
1768228201678083,52931,14550,62.0,65,0,0
1768228201679362,52931,14550,49.0,27,0,0
1768228201680911,52931,14550,44.0,116,0,0
1768228201682220,52931,14550,42.0,129,0,0
1768228201683792,52931,14550,34.0,29,0,0
1768228201686173,52931,14550,34.0,137,0,0
1768228201687984,52931,14550,60.0,24,0,0
1768228201690225,52931,14550,53.0,124,0,0
1768228201692952,52931,14550,31.0,2,0,0
1768228201694873,52931,14550,64.0,164,0,0
1768228201696190,52931,14550,24.0,168,0,0
1768228201697749,52931,14550,42.0,136,0,0
1768228201700391,52931,14550,42.0,193,0,0
1768228201702534,52931,14550,48.0,32,0,0
1768228201705461,52931,14550,40.0,241,0,0
1768228201707052,52931,14550,70.0,87,0,0
1768228201709125,52931,14550,61.0,147,0,0
1768228201711650,52931,14550,64.0,11030,0,0
1768228201747710,58419,5760,,0,1,0
1768228201902189,52931,14550,48.0,163,0,0
1768228201905258,52931,14550,44.0,178,0,0
1768228201906740,52931,14550,48.0,30,0,0
1768228201909993,52931,14550,48.0,33,0,0
1768228201912595,52931,14550,39.0,74,0,0
1768228201916829,52931,14550,51.0,1,0,0
1768228201921772,52931,14550,22.0,125,0,0
1768228201924345,52931,14550,27.0,152,0,0
1768228201926168,52931,14550,45.0,62,0,0
1768228201929443,52931,14550,26.0,42,0,0
1768228201935165,52931,14550,32.0,36,0,0
1768228201937745,52931,14550,62.0,65,0,0
1768228201939379,52931,14550,49.0,27,0,0
1768228201940828,52931,14550,44.0,116,0,0
1768228201943008,52931,14550,42.0,129,0,0
1768228201944740,52931,14550,34.0,29,0,0
1768228201947420,52931,14550,34.0,137,0,0
1768228201948733,52931,14550,60.0,24,0,0
1768228201952016,52931,14550,53.0,124,0,0
1768228201954658,52931,14550,31.0,2,0,0
1768228201956249,52931,14550,64.0,164,0,0
1768228201957827,52931,14550,24.0,168,0,0
1768228201959977,52931,14550,42.0,136,0,0
1768228201961379,52931,14550,42.0,193,0,0
1768228201962844,52931,14550,48.0,32,0,0
1768228201964641,52931,14550,40.0,241,0,0
1768228201966676,52931,14550,70.0,87,0,0
1768228201968158,52931,14550,61.0,147,0,0
1768228201969427,52931,14550,64.0,11030,0,0
1768228201975406,5760,58419,,0,1,0
1768228201976616,52931,14550,29.0,0,0,0
1768228202066424,5760,58419,,264,1,0
1768228202067445,52931,14550,47.0,264,0,0
1768228202153165,52931,14550,48.0,163,0,0
1768228202157131,52931,14550,44.0,178,0,0
1768228202158466,52931,14550,48.0,30,0,0
1768228202160582,52931,14550,48.0,33,0,0
1768228202162118,52931,14550,39.0,74,0,0
1768228202164781,52931,14550,51.0,1,0,0
1768228202166967,52931,14550,22.0,125,0,0
1768228202168913,52931,14550,27.0,152,0,0
1768228202170327,52931,14550,45.0,62,0,0
1768228202172168,52931,14550,26.0,42,0,0
1768228202174863,52931,14550,32.0,36,0,0
1768228202176270,52931,14550,62.0,65,0,0
1768228202177684,52931,14550,49.0,27,0,0
1768228202179175,52931,14550,44.0,116,0,0
1768228202180788,52931,14550,42.0,129,0,0
1768228202182779,52931,14550,34.0,29,0,0
1768228202184333,52931,14550,34.0,137,0,0
1768228202185842,52931,14550,60.0,24,0,0
1768228202187616,52931,14550,53.0,124,0,0
1768228202189071,52931,14550,31.0,2,0,0
1768228202190961,52931,14550,64.0,164,0,0
1768228202192152,52931,14550,24.0,168,0,0
1768228202193929,52931,14550,42.0,136,0,0
1768228202195333,52931,14550,42.0,193,0,0
1768228202196783,52931,14550,48.0,32,0,0
1768228202198280,52931,14550,40.0,241,0,0
1768228202199746,52931,14550,70.0,87,0,0
1768228202201383,52931,14550,61.0,147,0,0
1768228202203274,52931,14550,64.0,11030,0,0
1768228202402044,52931,14550,48.0,163,0,0
1768228202404669,52931,14550,44.0,178,0,0
1768228202407044,52931,14550,48.0,30,0,0
1768228202409357,52931,14550,48.0,33,0,0
1768228202411824,52931,14550,39.0,74,0,0
1768228202418479,52931,14550,51.0,1,0,0
1768228202424180,52931,14550,22.0,125,0,0
1768228202427713,52931,14550,27.0,152,0,0
1768228202429619,52931,14550,45.0,62,0,0
1768228202434484,52931,14550,26.0,42,0,0
1768228202437533,52931,14550,32.0,36,0,0
1768228202439169,52931,14550,62.0,65,0,0
1768228202440759,52931,14550,49.0,27,0,0
1768228202442111,52931,14550,44.0,116,0,0
1768228202444629,52931,14550,42.0,129,0,0
1768228202446499,52931,14550,34.0,29,0,0
1768228202448186,52931,14550,34.0,137,0,0
1768228202450109,52931,14550,60.0,24,0,0
1768228202452509,52931,14550,53.0,124,0,0
1768228202455471,52931,14550,31.0,2,0,0
1768228202458443,52931,14550,64.0,164,0,0
1768228202459833,52931,14550,24.0,168,0,0
1768228202463173,52931,14550,42.0,136,0,0
1768228202464364,52931,14550,42.0,193,0,0
1768228202466347,52931,14550,48.0,32,0,0
1768228202467950,52931,14550,40.0,241,0,0
1768228202470736,52931,14550,70.0,87,0,0
1768228202472479,52931,14550,61.0,147,0,0
1768228202475875,52931,14550,64.0,11030,0,0
1768228202567655,5760,58419,,264,1,0
1768228202568721,52931,14550,47.0,264,0,0
1768228202656426,52931,14550,48.0,163,0,0
1768228202660109,52931,14550,44.0,178,0,0
1768228202662316,52931,14550,48.0,30,0,0
1768228202665885,52931,14550,48.0,33,0,0
1768228202667493,52931,14550,39.0,74,0,0
1768228202670911,52931,14550,51.0,1,0,0
1768228202673800,52931,14550,22.0,125,0,0
1768228202675486,52931,14550,27.0,152,0,0
1768228202677118,52931,14550,45.0,62,0,0
1768228202679799,52931,14550,26.0,42,0,0
1768228202681514,52931,14550,32.0,36,0,0
1768228202682733,52931,14550,62.0,65,0,0
1768228202684473,52931,14550,49.0,27,0,0
1768228202686063,52931,14550,44.0,116,0,0
1768228202687668,52931,14550,42.0,129,0,0
1768228202688923,52931,14550,34.0,29,0,0
1768228202690280,52931,14550,34.0,137,0,0
1768228202691739,52931,14550,60.0,24,0,0
1768228202693692,52931,14550,53.0,124,0,0
1768228202695442,52931,14550,31.0,2,0,0
1768228202696868,52931,14550,64.0,164,0,0
1768228202698272,52931,14550,24.0,168,0,0
1768228202701011,52931,14550,42.0,136,0,0
1768228202702454,52931,14550,42.0,193,0,0
1768228202704160,52931,14550,48.0,32,0,0
1768228202705787,52931,14550,40.0,241,0,0
1768228202707931,52931,14550,70.0,87,0,0
1768228202709819,52931,14550,61.0,147,0,0
1768228202712392,52931,14550,64.0,11030,0,0
1768228202748102,58419,5760,,0,1,0
1768228202907569,52931,14550,48.0,163,0,0
1768228202909922,52931,14550,44.0,178,0,0
1768228202912490,52931,14550,48.0,30,0,0
1768228202916539,52931,14550,48.0,33,0,0
1768228202919335,52931,14550,39.0,74,0,0
1768228202925121,52931,14550,51.0,1,0,0
1768228202932420,52931,14550,22.0,125,0,0
1768228202935218,52931,14550,27.0,152,0,0
1768228202936869,52931,14550,45.0,62,0,0
1768228202941552,52931,14550,26.0,42,0,0
1768228202946592,52931,14550,32.0,36,0,0
1768228202951248,52931,14550,62.0,65,0,0
1768228202953721,52931,14550,49.0,27,0,0
1768228202955746,52931,14550,44.0,116,0,0
1768228202957217,52931,14550,42.0,129,0,0
1768228202959239,52931,14550,34.0,29,0,0
1768228202961791,52931,14550,34.0,137,0,0
1768228202963206,52931,14550,60.0,24,0,0
1768228202965341,52931,14550,53.0,124,0,0
1768228202968909,52931,14550,31.0,2,0,0
1768228202970173,52931,14550,64.0,164,0,0
1768228202972118,52931,14550,24.0,168,0,0
1768228202974414,52931,14550,42.0,136,0,0
1768228202978946,52931,14550,42.0,193,0,0
1768228202981121,52931,14550,48.0,32,0,0
1768228202982979,5760,58419,,0,1,0
1768228202983416,52931,14550,40.0,241,0,0
1768228202985224,52931,14550,70.0,87,0,0
1768228202987573,52931,14550,61.0,147,0,0
1768228202989482,52931,14550,64.0,11030,0,0
1768228202992402,52931,14550,29.0,0,0,0
1768228203070656,5760,58419,,264,1,0
1768228203071775,52931,14550,47.0,264,0,0
1768228203160935,52931,14550,48.0,163,0,0
1768228203163097,52931,14550,44.0,178,0,0
1768228203165024,52931,14550,48.0,30,0,0
1768228203167855,52931,14550,48.0,33,0,0
1768228203169768,52931,14550,39.0,74,0,0
1768228203174565,52931,14550,51.0,1,0,0
1768228203179575,52931,14550,22.0,125,0,0
1768228203181277,52931,14550,27.0,152,0,0
1768228203183047,52931,14550,45.0,62,0,0
1768228203186507,52931,14550,26.0,42,0,0
1768228203189359,52931,14550,32.0,36,0,0
1768228203190733,52931,14550,62.0,65,0,0
1768228203192396,52931,14550,49.0,27,0,0
1768228203194320,52931,14550,44.0,116,0,0
1768228203195524,52931,14550,42.0,129,0,0
1768228203197101,52931,14550,34.0,29,0,0
1768228203198353,52931,14550,34.0,137,0,0
1768228203200150,52931,14550,60.0,24,0,0
1768228203202184,52931,14550,53.0,124,0,0
1768228203203729,52931,14550,31.0,2,0,0
1768228203204898,52931,14550,64.0,164,0,0
1768228203206840,52931,14550,24.0,168,0,0
1768228203208367,52931,14550,42.0,136,0,0
1768228203209296,52931,14550,42.0,193,0,0
1768228203210772,52931,14550,48.0,32,0,0
1768228203212382,52931,14550,40.0,241,0,0
1768228203213598,52931,14550,70.0,87,0,0
1768228203214762,52931,14550,61.0,147,0,0
1768228203216047,52931,14550,64.0,11030,0,0
1768228203412181,52931,14550,48.0,163,0,0
1768228203414449,52931,14550,44.0,178,0,0
1768228203416008,52931,14550,48.0,30,0,0
1768228203418081,52931,14550,48.0,33,0,0
1768228203420057,52931,14550,39.0,74,0,0
1768228203423648,52931,14550,51.0,1,0,0
1768228203430559,52931,14550,22.0,125,0,0
1768228203433560,52931,14550,27.0,152,0,0
1768228203434835,52931,14550,45.0,62,0,0
1768228203437500,52931,14550,26.0,42,0,0
1768228203439876,52931,14550,32.0,36,0,0
1768228203442907,52931,14550,62.0,65,0,0
1768228203445336,52931,14550,49.0,27,0,0
1768228203447404,52931,14550,44.0,116,0,0
1768228203450494,52931,14550,42.0,129,0,0
1768228203453196,52931,14550,34.0,29,0,0
1768228203456909,52931,14550,34.0,137,0,0
1768228203458807,52931,14550,60.0,24,0,0
1768228203461910,52931,14550,53.0,124,0,0
1768228203463666,52931,14550,31.0,2,0,0
1768228203465981,52931,14550,64.0,164,0,0
1768228203469037,52931,14550,24.0,168,0,0
1768228203471480,52931,14550,42.0,136,0,0
1768228203473091,52931,14550,42.0,193,0,0
1768228203475987,52931,14550,48.0,32,0,0
1768228203477679,52931,14550,40.0,241,0,0
1768228203480230,52931,14550,70.0,87,0,0
1768228203482915,52931,14550,61.0,147,0,0
1768228203485594,52931,14550,64.0,11030,0,0
1768228203572647,5760,58419,,264,1,0
1768228203573691,52931,14550,47.0,264,0,0
1768228203664521,52931,14550,48.0,163,0,0
1768228203667571,52931,14550,44.0,178,0,0
1768228203670197,52931,14550,48.0,30,0,0
1768228203672110,52931,14550,48.0,33,0,0
1768228203674688,52931,14550,39.0,74,0,0
1768228203679207,52931,14550,51.0,1,0,0
1768228203681570,52931,14550,22.0,125,0,0
1768228203684333,52931,14550,27.0,152,0,0
1768228203686036,52931,14550,45.0,62,0,0
1768228203690682,52931,14550,26.0,42,0,0
1768228203693966,52931,14550,32.0,36,0,0
1768228203695749,52931,14550,62.0,65,0,0
1768228203698200,52931,14550,49.0,27,0,0
1768228203700141,52931,14550,44.0,116,0,0
1768228203701599,52931,14550,42.0,129,0,0
1768228203702970,52931,14550,34.0,29,0,0
1768228203705295,52931,14550,34.0,137,0,0
1768228203707217,52931,14550,60.0,24,0,0
1768228203709171,52931,14550,53.0,124,0,0
1768228203710931,52931,14550,31.0,2,0,0
1768228203713000,52931,14550,64.0,164,0,0
1768228203715797,52931,14550,24.0,168,0,0
1768228203717354,52931,14550,42.0,136,0,0
1768228203718549,52931,14550,42.0,193,0,0
1768228203720307,52931,14550,48.0,32,0,0
1768228203721583,52931,14550,40.0,241,0,0
1768228203722843,52931,14550,70.0,87,0,0
1768228203724208,52931,14550,61.0,147,0,0
1768228203725957,52931,14550,64.0,11030,0,0
1768228203750126,58419,5760,,0,1,0
1768228203915740,52931,14550,48.0,163,0,0
1768228203918689,52931,14550,44.0,178,0,0
1768228203920005,52931,14550,48.0,30,0,0
1768228203924375,52931,14550,48.0,33,0,0
1768228203926944,52931,14550,39.0,74,0,0
1768228203931249,52931,14550,51.0,1,0,0
1768228203936805,52931,14550,22.0,125,0,0
1768228203939619,52931,14550,27.0,152,0,0
1768228203941654,52931,14550,45.0,62,0,0
1768228203944354,52931,14550,26.0,42,0,0
1768228203947153,52931,14550,32.0,36,0,0
1768228203949872,52931,14550,62.0,65,0,0
1768228203952115,52931,14550,49.0,27,0,0
1768228203953769,52931,14550,44.0,116,0,0
1768228203955493,52931,14550,42.0,129,0,0
1768228203957173,52931,14550,34.0,29,0,0
1768228203958866,52931,14550,34.0,137,0,0
1768228203960363,52931,14550,60.0,24,0,0
1768228203964210,52931,14550,53.0,124,0,0
1768228203966504,52931,14550,31.0,2,0,0
1768228203968405,52931,14550,64.0,164,0,0
1768228203970981,52931,14550,24.0,168,0,0
1768228203972939,52931,14550,42.0,136,0,0
1768228203974464,52931,14550,42.0,193,0,0
1768228203976406,52931,14550,48.0,32,0,0
1768228203977626,52931,14550,40.0,241,0,0
1768228203979665,52931,14550,70.0,87,0,0
1768228203981074,52931,14550,61.0,147,0,0
1768228203984177,52931,14550,64.0,11030,0,0
1768228203985095,5760,58419,,0,1,0
1768228203990435,52931,14550,29.0,0,0,0
1768228204037476,5760,58419,,111,1,0
1768228204038475,52931,14550,33.0,111,0,0
1768228204078030,5760,58419,,264,1,0
1768228204079203,52931,14550,47.0,264,0,0
1768228204164050,52931,14550,48.0,163,0,0
1768228204166929,52931,14550,44.0,178,0,0
1768228204169768,52931,14550,48.0,30,0,0
1768228204171642,52931,14550,48.0,33,0,0
1768228204173246,52931,14550,39.0,74,0,0
1768228204177043,52931,14550,51.0,1,0,0
1768228204181048,52931,14550,22.0,125,0,0
1768228204182747,52931,14550,27.0,152,0,0
1768228204184221,52931,14550,45.0,62,0,0
1768228204186131,52931,14550,26.0,42,0,0
1768228204188405,52931,14550,32.0,36,0,0
1768228204189721,52931,14550,62.0,65,0,0
1768228204191438,52931,14550,49.0,27,0,0
1768228204192942,52931,14550,44.0,116,0,0
1768228204194464,52931,14550,42.0,129,0,0
1768228204195762,52931,14550,34.0,29,0,0
1768228204197239,52931,14550,34.0,137,0,0
1768228204198701,52931,14550,60.0,24,0,0
1768228204200604,52931,14550,53.0,124,0,0
1768228204202602,52931,14550,31.0,2,0,0
1768228204203862,52931,14550,64.0,164,0,0
1768228204205053,52931,14550,24.0,168,0,0
1768228204206882,52931,14550,42.0,136,0,0
1768228204208347,52931,14550,42.0,193,0,0
1768228204209748,52931,14550,48.0,32,0,0
1768228204211255,52931,14550,40.0,241,0,0
1768228204212529,52931,14550,70.0,87,0,0
1768228204214261,52931,14550,61.0,147,0,0
1768228204215536,52931,14550,64.0,11030,0,0
1768228204414083,52931,14550,48.0,163,0,0
1768228204415965,52931,14550,44.0,178,0,0
1768228204417506,52931,14550,48.0,30,0,0
1768228204420168,52931,14550,48.0,33,0,0
1768228204423702,52931,14550,39.0,74,0,0
1768228204426658,52931,14550,51.0,1,0,0
1768228204433995,52931,14550,22.0,125,0,0
1768228204437546,52931,14550,27.0,152,0,0
1768228204440265,52931,14550,45.0,62,0,0
1768228204444231,52931,14550,26.0,42,0,0
1768228204447998,52931,14550,32.0,36,0,0
1768228204452465,52931,14550,62.0,65,0,0
1768228204454746,52931,14550,49.0,27,0,0
1768228204458107,52931,14550,44.0,116,0,0
1768228204459506,52931,14550,42.0,129,0,0
1768228204460859,52931,14550,34.0,29,0,0
1768228204464204,52931,14550,34.0,137,0,0
1768228204466793,52931,14550,60.0,24,0,0
1768228204469000,52931,14550,53.0,124,0,0
1768228204473825,52931,14550,31.0,2,0,0
1768228204476234,52931,14550,64.0,164,0,0
1768228204478998,52931,14550,24.0,168,0,0
1768228204481975,52931,14550,42.0,136,0,0
1768228204486590,52931,14550,42.0,193,0,0
1768228204491202,52931,14550,48.0,32,0,0
1768228204493536,52931,14550,40.0,241,0,0
1768228204495406,52931,14550,70.0,87,0,0
1768228204497293,52931,14550,61.0,147,0,0
1768228204498906,52931,14550,64.0,11030,0,0
1768228204583489,5760,58419,,264,1,0
1768228204584492,52931,14550,47.0,264,0,0
1768228204668432,52931,14550,48.0,163,0,0
1768228204671653,52931,14550,44.0,178,0,0
1768228204673453,52931,14550,48.0,30,0,0
1768228204675649,52931,14550,48.0,33,0,0
1768228204677434,52931,14550,39.0,74,0,0
1768228204681003,52931,14550,51.0,1,0,0
1768228204683899,52931,14550,22.0,125,0,0
1768228204685748,52931,14550,27.0,152,0,0
1768228204687368,52931,14550,45.0,62,0,0
1768228204689320,52931,14550,26.0,42,0,0
1768228204691509,52931,14550,32.0,36,0,0
1768228204692880,52931,14550,62.0,65,0,0
1768228204694406,52931,14550,49.0,27,0,0
1768228204696579,52931,14550,44.0,116,0,0
1768228204698486,52931,14550,42.0,129,0,0
1768228204700377,52931,14550,34.0,29,0,0
1768228204701903,52931,14550,34.0,137,0,0
1768228204703386,52931,14550,60.0,24,0,0
1768228204705362,52931,14550,53.0,124,0,0
1768228204707440,52931,14550,31.0,2,0,0
1768228204709091,52931,14550,64.0,164,0,0
1768228204710926,52931,14550,24.0,168,0,0
1768228204712393,52931,14550,42.0,136,0,0
1768228204713618,52931,14550,42.0,193,0,0
1768228204715408,52931,14550,48.0,32,0,0
1768228204716579,52931,14550,40.0,241,0,0
1768228204717904,52931,14550,70.0,87,0,0
1768228204719608,52931,14550,61.0,147,0,0
1768228204721015,52931,14550,64.0,11030,0,0
1768228204757966,58419,5760,,0,1,0
1768228204917295,52931,14550,48.0,163,0,0
1768228204919007,52931,14550,44.0,178,0,0
1768228204920685,52931,14550,48.0,30,0,0
1768228204923203,52931,14550,48.0,33,0,0
1768228204924489,52931,14550,39.0,74,0,0
1768228204931429,52931,14550,51.0,1,0,0
1768228204940232,52931,14550,22.0,125,0,0
1768228204944285,52931,14550,27.0,152,0,0
1768228204945585,52931,14550,45.0,62,0,0
1768228204948901,52931,14550,26.0,42,0,0
1768228204951497,52931,14550,32.0,36,0,0
1768228204953389,52931,14550,62.0,65,0,0
1768228204957228,52931,14550,49.0,27,0,0
1768228204958490,52931,14550,44.0,116,0,0
1768228204960500,52931,14550,42.0,129,0,0
1768228204962886,52931,14550,34.0,29,0,0
1768228204964540,52931,14550,34.0,137,0,0
1768228204970632,52931,14550,60.0,24,0,0
1768228204974389,52931,14550,53.0,124,0,0
1768228204976999,52931,14550,31.0,2,0,0
1768228204978781,52931,14550,64.0,164,0,0
1768228204980422,52931,14550,24.0,168,0,0
1768228204982186,52931,14550,42.0,136,0,0
1768228204984069,52931,14550,42.0,193,0,0
1768228204985561,52931,14550,48.0,32,0,0
1768228204989184,52931,14550,40.0,241,0,0
1768228204990437,52931,14550,70.0,87,0,0
1768228204992867,52931,14550,61.0,147,0,0
1768228204992921,5760,58419,,0,1,0
1768228204994965,52931,14550,64.0,11030,0,0
1768228204999601,52931,14550,29.0,0,0,0
1768228205084426,5760,58419,,264,1,0
1768228205085490,52931,14550,47.0,264,0,0
1768228205170156,52931,14550,48.0,163,0,0
1768228205172328,52931,14550,44.0,178,0,0
1768228205174238,52931,14550,48.0,30,0,0
1768228205176455,52931,14550,48.0,33,0,0
1768228205180070,52931,14550,39.0,74,0,0
1768228205184642,52931,14550,51.0,1,0,0
1768228205187443,52931,14550,22.0,125,0,0
1768228205188965,52931,14550,27.0,152,0,0
1768228205190194,52931,14550,45.0,62,0,0
1768228205193001,52931,14550,26.0,42,0,0
1768228205194973,52931,14550,32.0,36,0,0
1768228205196502,52931,14550,62.0,65,0,0
1768228205198022,52931,14550,49.0,27,0,0
1768228205200261,52931,14550,44.0,116,0,0
1768228205201569,52931,14550,42.0,129,0,0
1768228205203059,52931,14550,34.0,29,0,0
1768228205204548,52931,14550,34.0,137,0,0
1768228205205887,52931,14550,60.0,24,0,0
1768228205207604,52931,14550,53.0,124,0,0
1768228205209177,52931,14550,31.0,2,0,0
1768228205210860,52931,14550,64.0,164,0,0
1768228205212327,52931,14550,24.0,168,0,0
1768228205214467,52931,14550,42.0,136,0,0
1768228205216024,52931,14550,42.0,193,0,0
1768228205217666,52931,14550,48.0,32,0,0
1768228205219127,52931,14550,40.0,241,0,0
1768228205220346,52931,14550,70.0,87,0,0
1768228205222414,52931,14550,61.0,147,0,0
1768228205223747,52931,14550,64.0,11030,0,0
1768228205421550,52931,14550,48.0,163,0,0
1768228205423841,52931,14550,44.0,178,0,0
1768228205426266,52931,14550,48.0,30,0,0
1768228205428461,52931,14550,48.0,33,0,0
1768228205430266,52931,14550,39.0,74,0,0
1768228205434491,52931,14550,51.0,1,0,0
1768228205438915,52931,14550,22.0,125,0,0
1768228205443523,52931,14550,27.0,152,0,0
1768228205446316,52931,14550,45.0,62,0,0
1768228205450282,52931,14550,26.0,42,0,0
1768228205453060,52931,14550,32.0,36,0,0
1768228205454297,52931,14550,62.0,65,0,0
1768228205456156,52931,14550,49.0,27,0,0
1768228205459193,52931,14550,44.0,116,0,0
1768228205461580,52931,14550,42.0,129,0,0
1768228205464729,52931,14550,34.0,29,0,0
1768228205466669,52931,14550,34.0,137,0,0
1768228205469856,52931,14550,60.0,24,0,0
1768228205471786,52931,14550,53.0,124,0,0
1768228205473922,52931,14550,31.0,2,0,0
1768228205476230,52931,14550,64.0,164,0,0
1768228205477613,52931,14550,24.0,168,0,0
1768228205480796,52931,14550,42.0,136,0,0
1768228205482084,52931,14550,42.0,193,0,0
1768228205484825,52931,14550,48.0,32,0,0
1768228205487456,52931,14550,40.0,241,0,0
1768228205489380,52931,14550,70.0,87,0,0
1768228205491809,52931,14550,61.0,147,0,0
1768228205494048,52931,14550,64.0,11030,0,0
1768228205584700,5760,58419,,264,1,0
1768228205585791,52931,14550,47.0,264,0,0
1768228205671619,52931,14550,48.0,163,0,0
1768228205674453,52931,14550,44.0,178,0,0
1768228205675753,52931,14550,48.0,30,0,0
1768228205679204,52931,14550,48.0,33,0,0
1768228205680972,52931,14550,39.0,74,0,0
1768228205685847,52931,14550,51.0,1,0,0
1768228205688237,52931,14550,22.0,125,0,0
1768228205690097,52931,14550,27.0,152,0,0
1768228205691610,52931,14550,45.0,62,0,0
1768228205693749,52931,14550,26.0,42,0,0
1768228205695658,52931,14550,32.0,36,0,0
1768228205697304,52931,14550,62.0,65,0,0
1768228205699462,52931,14550,49.0,27,0,0
1768228205701806,52931,14550,44.0,116,0,0
1768228205703184,52931,14550,42.0,129,0,0
1768228205704511,52931,14550,34.0,29,0,0
1768228205706194,52931,14550,34.0,137,0,0
1768228205707580,52931,14550,60.0,24,0,0
1768228205709792,52931,14550,53.0,124,0,0
1768228205711351,52931,14550,31.0,2,0,0
1768228205712937,52931,14550,64.0,164,0,0
1768228205714533,52931,14550,24.0,168,0,0
1768228205716339,52931,14550,42.0,136,0,0
1768228205717700,52931,14550,42.0,193,0,0
1768228205719165,52931,14550,48.0,32,0,0
1768228205720686,52931,14550,40.0,241,0,0
1768228205721982,52931,14550,70.0,87,0,0
1768228205724141,52931,14550,61.0,147,0,0
1768228205727344,52931,14550,64.0,11030,0,0
1768228205762722,58419,5760,,0,1,0
1768228205926844,52931,14550,48.0,163,0,0
1768228205928604,52931,14550,44.0,178,0,0
1768228205929563,52931,14550,48.0,30,0,0
1768228205932145,52931,14550,48.0,33,0,0
1768228205932932,52931,14550,39.0,74,0,0
1768228205935433,52931,14550,51.0,1,0,0
1768228205938294,52931,14550,22.0,125,0,0
1768228205941559,52931,14550,27.0,152,0,0
1768228205942302,52931,14550,45.0,62,0,0
1768228205944780,52931,14550,26.0,42,0,0
1768228205946630,52931,14550,32.0,36,0,0
1768228205947635,52931,14550,62.0,65,0,0
1768228205948369,52931,14550,49.0,27,0,0
1768228205949804,52931,14550,44.0,116,0,0
1768228205950821,52931,14550,42.0,129,0,0
1768228205952106,52931,14550,34.0,29,0,0
1768228205953095,52931,14550,34.0,137,0,0
1768228205954525,52931,14550,60.0,24,0,0
1768228205956156,52931,14550,53.0,124,0,0
1768228205957256,52931,14550,31.0,2,0,0
1768228205957958,52931,14550,64.0,164,0,0
1768228205959050,52931,14550,24.0,168,0,0
1768228205960697,52931,14550,42.0,136,0,0
1768228205961879,52931,14550,42.0,193,0,0
1768228205962782,52931,14550,48.0,32,0,0
1768228205964646,52931,14550,40.0,241,0,0
1768228205965948,52931,14550,70.0,87,0,0
1768228205967470,52931,14550,61.0,147,0,0
1768228205968224,52931,14550,64.0,11030,0,0
1768228205999191,5760,58419,,0,1,0
1768228205999880,52931,14550,29.0,0,0,0
1768228206087838,5760,58419,,264,1,0
1768228206088678,52931,14550,47.0,264,0,0
1768228206179802,52931,14550,48.0,163,0,0
1768228206182987,52931,14550,44.0,178,0,0
1768228206184384,52931,14550,48.0,30,0,0
1768228206186605,52931,14550,48.0,33,0,0
1768228206188217,52931,14550,39.0,74,0,0
1768228206191343,52931,14550,51.0,1,0,0
1768228206193461,52931,14550,22.0,125,0,0
1768228206195377,52931,14550,27.0,152,0,0
1768228206196690,52931,14550,45.0,62,0,0
1768228206199366,52931,14550,26.0,42,0,0
1768228206201680,52931,14550,32.0,36,0,0
1768228206203225,52931,14550,62.0,65,0,0
1768228206204856,52931,14550,49.0,27,0,0
1768228206206239,52931,14550,44.0,116,0,0
1768228206207742,52931,14550,42.0,129,0,0
1768228206209220,52931,14550,34.0,29,0,0
1768228206210442,52931,14550,34.0,137,0,0
1768228206212190,52931,14550,60.0,24,0,0
1768228206213900,52931,14550,53.0,124,0,0
1768228206215306,52931,14550,31.0,2,0,0
1768228206217348,52931,14550,64.0,164,0,0
1768228206218739,52931,14550,24.0,168,0,0
1768228206220437,52931,14550,42.0,136,0,0
1768228206221823,52931,14550,42.0,193,0,0
1768228206223656,52931,14550,48.0,32,0,0
1768228206224918,52931,14550,40.0,241,0,0
1768228206226428,52931,14550,70.0,87,0,0
1768228206227901,52931,14550,61.0,147,0,0
1768228206229639,52931,14550,64.0,11030,0,0
1768228206429990,52931,14550,48.0,163,0,0
1768228206431648,52931,14550,44.0,178,0,0
1768228206433802,52931,14550,48.0,30,0,0
1768228206437899,52931,14550,48.0,33,0,0
1768228206440800,52931,14550,39.0,74,0,0
1768228206445967,52931,14550,51.0,1,0,0
1768228206455813,52931,14550,22.0,125,0,0
1768228206458146,52931,14550,27.0,152,0,0
1768228206459497,52931,14550,45.0,62,0,0
1768228206464155,52931,14550,26.0,42,0,0
1768228206467101,52931,14550,32.0,36,0,0
1768228206468468,52931,14550,62.0,65,0,0
1768228206470964,52931,14550,49.0,27,0,0
1768228206472580,52931,14550,44.0,116,0,0
1768228206474869,52931,14550,42.0,129,0,0
1768228206478129,52931,14550,34.0,29,0,0
1768228206480666,52931,14550,34.0,137,0,0
1768228206482946,52931,14550,60.0,24,0,0
1768228206485909,52931,14550,53.0,124,0,0
1768228206488192,52931,14550,31.0,2,0,0
1768228206489807,52931,14550,64.0,164,0,0
1768228206493019,52931,14550,24.0,168,0,0
1768228206494687,52931,14550,42.0,136,0,0
1768228206498370,52931,14550,42.0,193,0,0
1768228206500243,52931,14550,48.0,32,0,0
1768228206502011,52931,14550,40.0,241,0,0
1768228206504224,52931,14550,70.0,87,0,0
1768228206506725,52931,14550,61.0,147,0,0
1768228206508436,52931,14550,64.0,11030,0,0
1768228206591850,5760,58419,,264,1,0
1768228206592838,52931,14550,47.0,264,0,0
1768228206682696,52931,14550,48.0,163,0,0
1768228206685305,52931,14550,44.0,178,0,0
1768228206687156,52931,14550,48.0,30,0,0
1768228206690055,52931,14550,48.0,33,0,0
1768228206692787,52931,14550,39.0,74,0,0
1768228206695702,52931,14550,51.0,1,0,0
1768228206700735,52931,14550,22.0,125,0,0
1768228206703176,52931,14550,27.0,152,0,0
1768228206705352,52931,14550,45.0,62,0,0
1768228206708022,52931,14550,26.0,42,0,0
1768228206710283,52931,14550,32.0,36,0,0
1768228206712913,52931,14550,62.0,65,0,0
1768228206714441,52931,14550,49.0,27,0,0
1768228206715784,52931,14550,44.0,116,0,0
1768228206717274,52931,14550,42.0,129,0,0
1768228206719111,52931,14550,34.0,29,0,0
1768228206720590,52931,14550,34.0,137,0,0
1768228206722117,52931,14550,60.0,24,0,0
1768228206724551,52931,14550,53.0,124,0,0
1768228206726153,52931,14550,31.0,2,0,0
1768228206727561,52931,14550,64.0,164,0,0
1768228206729326,52931,14550,24.0,168,0,0
1768228206731137,52931,14550,42.0,136,0,0
1768228206732731,52931,14550,42.0,193,0,0
1768228206734214,52931,14550,48.0,32,0,0
1768228206735735,52931,14550,40.0,241,0,0
1768228206737025,52931,14550,70.0,87,0,0
1768228206738724,52931,14550,61.0,147,0,0
1768228206740250,52931,14550,64.0,11030,0,0
1768228206765358,58419,5760,,0,1,0
1768228206932167,52931,14550,48.0,163,0,0
1768228206935332,52931,14550,44.0,178,0,0
1768228206938035,52931,14550,48.0,30,0,0
1768228206941299,52931,14550,48.0,33,0,0
1768228206944362,52931,14550,39.0,74,0,0
1768228206949469,52931,14550,51.0,1,0,0
1768228206955887,52931,14550,22.0,125,0,0
1768228206957899,52931,14550,27.0,152,0,0
1768228206960400,52931,14550,45.0,62,0,0
1768228206963387,52931,14550,26.0,42,0,0
1768228206967259,52931,14550,32.0,36,0,0
1768228206969974,52931,14550,62.0,65,0,0
1768228206972311,52931,14550,49.0,27,0,0
1768228206975545,52931,14550,44.0,116,0,0
1768228206977582,52931,14550,42.0,129,0,0
1768228206981005,52931,14550,34.0,29,0,0
1768228206982545,52931,14550,34.0,137,0,0
1768228206984952,52931,14550,60.0,24,0,0
1768228206989461,52931,14550,53.0,124,0,0
1768228206990915,52931,14550,31.0,2,0,0
1768228206992246,52931,14550,64.0,164,0,0
1768228206993832,52931,14550,24.0,168,0,0
1768228206995309,52931,14550,42.0,136,0,0
1768228206996789,52931,14550,42.0,193,0,0
1768228206998249,52931,14550,48.0,32,0,0
1768228206999769,52931,14550,40.0,241,0,0
1768228207001245,52931,14550,70.0,87,0,0
1768228207002343,5760,58419,,0,1,0
1768228207003650,52931,14550,61.0,147,0,0
1768228207005335,52931,14550,64.0,11030,0,0
1768228207007792,52931,14550,29.0,0,0,0
1768228207095601,5760,58419,,264,1,0
1768228207096674,52931,14550,47.0,264,0,0
1768228207183124,52931,14550,48.0,163,0,0
1768228207184901,52931,14550,44.0,178,0,0
1768228207186143,52931,14550,48.0,30,0,0
1768228207189179,52931,14550,48.0,33,0,0
1768228207190727,52931,14550,39.0,74,0,0
1768228207196039,52931,14550,51.0,1,0,0
1768228207201806,52931,14550,22.0,125,0,0
1768228207204003,52931,14550,27.0,152,0,0
1768228207205391,52931,14550,45.0,62,0,0
1768228207208061,52931,14550,26.0,42,0,0
1768228207209955,52931,14550,32.0,36,0,0
1768228207211456,52931,14550,62.0,65,0,0
1768228207212832,52931,14550,49.0,27,0,0
1768228207215368,52931,14550,44.0,116,0,0
1768228207217681,52931,14550,42.0,129,0,0
1768228207219815,52931,14550,34.0,29,0,0
1768228207221334,52931,14550,34.0,137,0,0
1768228207222889,52931,14550,60.0,24,0,0
1768228207224735,52931,14550,53.0,124,0,0
1768228207226834,52931,14550,31.0,2,0,0
1768228207228426,52931,14550,64.0,164,0,0
1768228207230610,52931,14550,24.0,168,0,0
1768228207232662,52931,14550,42.0,136,0,0
1768228207234262,52931,14550,42.0,193,0,0
1768228207235961,52931,14550,48.0,32,0,0
1768228207237526,52931,14550,40.0,241,0,0
1768228207239296,52931,14550,70.0,87,0,0
1768228207241946,52931,14550,61.0,147,0,0
1768228207243676,52931,14550,64.0,11030,0,0
1768228207435106,52931,14550,48.0,163,0,0
1768228207436716,52931,14550,44.0,178,0,0
1768228207438525,52931,14550,48.0,30,0,0
1768228207441027,52931,14550,48.0,33,0,0
1768228207443915,52931,14550,39.0,74,0,0
1768228207447631,52931,14550,51.0,1,0,0
1768228207453310,52931,14550,22.0,125,0,0
1768228207457226,52931,14550,27.0,152,0,0
1768228207458453,52931,14550,45.0,62,0,0
1768228207462680,52931,14550,26.0,42,0,0
1768228207466791,52931,14550,32.0,36,0,0
1768228207468763,52931,14550,62.0,65,0,0
1768228207470246,52931,14550,49.0,27,0,0
1768228207472330,52931,14550,44.0,116,0,0
1768228207474034,52931,14550,42.0,129,0,0
1768228207475247,52931,14550,34.0,29,0,0
1768228207478691,52931,14550,34.0,137,0,0
1768228207482254,52931,14550,60.0,24,0,0
1768228207485746,52931,14550,53.0,124,0,0
1768228207489002,52931,14550,31.0,2,0,0
1768228207490441,52931,14550,64.0,164,0,0
1768228207495581,52931,14550,24.0,168,0,0
1768228207497621,52931,14550,42.0,136,0,0
1768228207499869,52931,14550,42.0,193,0,0
1768228207501334,52931,14550,48.0,32,0,0
1768228207502834,52931,14550,40.0,241,0,0
1768228207505088,52931,14550,70.0,87,0,0
1768228207509226,52931,14550,61.0,147,0,0
1768228207511326,52931,14550,64.0,11030,0,0
1768228207602056,5760,58419,,264,1,0
1768228207603273,52931,14550,47.0,264,0,0
1768228207688964,52931,14550,48.0,163,0,0
1768228207691131,52931,14550,44.0,178,0,0
1768228207692374,52931,14550,48.0,30,0,0
1768228207696041,52931,14550,48.0,33,0,0
1768228207697881,52931,14550,39.0,74,0,0
1768228207701451,52931,14550,51.0,1,0,0
1768228207709190,52931,14550,22.0,125,0,0
1768228207711633,52931,14550,27.0,152,0,0
1768228207713178,52931,14550,45.0,62,0,0
1768228207715536,52931,14550,26.0,42,0,0
1768228207717307,52931,14550,32.0,36,0,0
1768228207718690,52931,14550,62.0,65,0,0
1768228207720694,52931,14550,49.0,27,0,0
1768228207723106,52931,14550,44.0,116,0,0
1768228207725295,52931,14550,42.0,129,0,0
1768228207727395,52931,14550,34.0,29,0,0
1768228207729489,52931,14550,34.0,137,0,0
1768228207731850,52931,14550,60.0,24,0,0
1768228207734845,52931,14550,53.0,124,0,0
1768228207736933,52931,14550,31.0,2,0,0
1768228207738302,52931,14550,64.0,164,0,0
1768228207739809,52931,14550,24.0,168,0,0
1768228207741175,52931,14550,42.0,136,0,0
1768228207742680,52931,14550,42.0,193,0,0
1768228207744569,52931,14550,48.0,32,0,0
1768228207745941,52931,14550,40.0,241,0,0
1768228207747346,52931,14550,70.0,87,0,0
1768228207749106,52931,14550,61.0,147,0,0
1768228207750750,52931,14550,64.0,11030,0,0
1768228207774729,58419,5760,,0,1,0
1768228207940312,52931,14550,48.0,163,0,0
1768228207942531,52931,14550,44.0,178,0,0
1768228207944482,52931,14550,48.0,30,0,0
1768228207947278,52931,14550,48.0,33,0,0
1768228207949921,52931,14550,39.0,74,0,0
1768228207954421,52931,14550,51.0,1,0,0
1768228207961603,52931,14550,22.0,125,0,0
1768228207963975,52931,14550,27.0,152,0,0
1768228207966080,52931,14550,45.0,62,0,0
1768228207970126,52931,14550,26.0,42,0,0
1768228207972395,52931,14550,32.0,36,0,0
1768228207975009,52931,14550,62.0,65,0,0
1768228207977883,52931,14550,49.0,27,0,0
1768228207979327,52931,14550,44.0,116,0,0
1768228207980526,52931,14550,42.0,129,0,0
1768228207982061,52931,14550,34.0,29,0,0
1768228207984199,52931,14550,34.0,137,0,0
1768228207986536,52931,14550,60.0,24,0,0
1768228207989048,52931,14550,53.0,124,0,0
1768228207992235,52931,14550,31.0,2,0,0
1768228207994630,52931,14550,64.0,164,0,0
1768228207997081,52931,14550,24.0,168,0,0
1768228207999080,52931,14550,42.0,136,0,0
1768228208001024,52931,14550,42.0,193,0,0
1768228208002693,52931,14550,48.0,32,0,0
1768228208004670,52931,14550,40.0,241,0,0
1768228208007047,52931,14550,70.0,87,0,0
1768228208007734,5760,58419,,0,1,0
1768228208009680,52931,14550,61.0,147,0,0
1768228208012042,52931,14550,64.0,11030,0,0
1768228208015746,52931,14550,29.0,0,0,0
1768228208104764,5760,58419,,264,1,0
1768228208105818,52931,14550,47.0,264,0,0
1768228208191679,52931,14550,48.0,163,0,0
1768228208194125,52931,14550,44.0,178,0,0
1768228208196121,52931,14550,48.0,30,0,0
1768228208198263,52931,14550,48.0,33,0,0
1768228208200420,52931,14550,39.0,74,0,0
1768228208206266,52931,14550,51.0,1,0,0
1768228208208749,52931,14550,22.0,125,0,0
1768228208211240,52931,14550,27.0,152,0,0
1768228208212840,52931,14550,45.0,62,0,0
1768228208215445,52931,14550,26.0,42,0,0
1768228208218185,52931,14550,32.0,36,0,0
1768228208219487,52931,14550,62.0,65,0,0
1768228208220915,52931,14550,49.0,27,0,0
1768228208222134,52931,14550,44.0,116,0,0
1768228208223532,52931,14550,42.0,129,0,0
1768228208224804,52931,14550,34.0,29,0,0
1768228208225956,52931,14550,34.0,137,0,0
1768228208227368,52931,14550,60.0,24,0,0
1768228208229264,52931,14550,53.0,124,0,0
1768228208231232,52931,14550,31.0,2,0,0
1768228208232435,52931,14550,64.0,164,0,0
1768228208233639,52931,14550,24.0,168,0,0
1768228208235235,52931,14550,42.0,136,0,0
1768228208236788,52931,14550,42.0,193,0,0
1768228208238509,52931,14550,48.0,32,0,0
1768228208239910,52931,14550,40.0,241,0,0
1768228208241322,52931,14550,70.0,87,0,0
1768228208243573,52931,14550,61.0,147,0,0
1768228208245155,52931,14550,64.0,11030,0,0
1768228208443181,52931,14550,48.0,163,0,0
1768228208445645,52931,14550,44.0,178,0,0
1768228208447250,52931,14550,48.0,30,0,0
1768228208450361,52931,14550,48.0,33,0,0
1768228208452029,52931,14550,39.0,74,0,0
1768228208458208,52931,14550,51.0,1,0,0
1768228208463005,52931,14550,22.0,125,0,0
1768228208464943,52931,14550,27.0,152,0,0
1768228208466137,52931,14550,45.0,62,0,0
1768228208470405,52931,14550,26.0,42,0,0
1768228208472144,52931,14550,32.0,36,0,0
1768228208475430,52931,14550,62.0,65,0,0
1768228208478114,52931,14550,49.0,27,0,0
1768228208479879,52931,14550,44.0,116,0,0
1768228208481900,52931,14550,42.0,129,0,0
1768228208483742,52931,14550,34.0,29,0,0
1768228208486004,52931,14550,34.0,137,0,0
1768228208487583,52931,14550,60.0,24,0,0
1768228208491452,52931,14550,53.0,124,0,0
1768228208493857,52931,14550,31.0,2,0,0
1768228208495388,52931,14550,64.0,164,0,0
1768228208497140,52931,14550,24.0,168,0,0
1768228208499370,52931,14550,42.0,136,0,0
1768228208500860,52931,14550,42.0,193,0,0
1768228208503337,52931,14550,48.0,32,0,0
1768228208505128,52931,14550,40.0,241,0,0
1768228208507398,52931,14550,70.0,87,0,0
1768228208509651,52931,14550,61.0,147,0,0
1768228208511762,52931,14550,64.0,11030,0,0
1768228208605217,5760,58419,,264,1,0
1768228208606095,52931,14550,47.0,264,0,0
1768228208689369,52931,14550,48.0,163,0,0
1768228208692079,52931,14550,44.0,178,0,0
1768228208694282,52931,14550,48.0,30,0,0
1768228208696616,52931,14550,48.0,33,0,0
1768228208699030,52931,14550,39.0,74,0,0
1768228208702155,52931,14550,51.0,1,0,0
1768228208704730,52931,14550,22.0,125,0,0
1768228208706767,52931,14550,27.0,152,0,0
1768228208708179,52931,14550,45.0,62,0,0
1768228208710659,52931,14550,26.0,42,0,0
1768228208712361,52931,14550,32.0,36,0,0
1768228208713652,52931,14550,62.0,65,0,0
1768228208714756,52931,14550,49.0,27,0,0
1768228208715638,52931,14550,44.0,116,0,0
1768228208716698,52931,14550,42.0,129,0,0
1768228208717529,52931,14550,34.0,29,0,0
1768228208718609,52931,14550,34.0,137,0,0
1768228208719866,52931,14550,60.0,24,0,0
1768228208721532,52931,14550,53.0,124,0,0
1768228208723179,52931,14550,31.0,2,0,0
1768228208724128,52931,14550,64.0,164,0,0
1768228208725568,52931,14550,24.0,168,0,0
1768228208726852,52931,14550,42.0,136,0,0
1768228208727902,52931,14550,42.0,193,0,0
1768228208728991,52931,14550,48.0,32,0,0
1768228208730257,52931,14550,40.0,241,0,0
1768228208731337,52931,14550,70.0,87,0,0
1768228208732724,52931,14550,61.0,147,0,0
1768228208733665,52931,14550,64.0,11030,0,0
1768228208778877,58419,5760,,0,1,0
1768228208944961,52931,14550,48.0,163,0,0
1768228208946744,52931,14550,44.0,178,0,0
1768228208948588,52931,14550,48.0,30,0,0
1768228208950779,52931,14550,48.0,33,0,0
1768228208954734,52931,14550,39.0,74,0,0
1768228208960254,52931,14550,51.0,1,0,0
1768228208968157,52931,14550,22.0,125,0,0
1768228208970267,52931,14550,27.0,152,0,0
1768228208972298,52931,14550,45.0,62,0,0
1768228208974892,52931,14550,26.0,42,0,0
1768228208977906,52931,14550,32.0,36,0,0
1768228208979426,52931,14550,62.0,65,0,0
1768228208981743,52931,14550,49.0,27,0,0
1768228208984145,52931,14550,44.0,116,0,0
1768228208985908,52931,14550,42.0,129,0,0
1768228208987185,52931,14550,34.0,29,0,0
1768228208988932,52931,14550,34.0,137,0,0
1768228208990214,52931,14550,60.0,24,0,0
1768228208992175,52931,14550,53.0,124,0,0
1768228208994343,52931,14550,31.0,2,0,0
1768228208996373,52931,14550,64.0,164,0,0
1768228208997899,52931,14550,24.0,168,0,0
1768228208999552,52931,14550,42.0,136,0,0
1768228209000742,52931,14550,42.0,193,0,0
1768228209002610,52931,14550,48.0,32,0,0
1768228209005591,52931,14550,40.0,241,0,0
1768228209006811,52931,14550,70.0,87,0,0
1768228209009981,52931,14550,61.0,147,0,0
1768228209011449,52931,14550,64.0,11030,0,0
1768228209013317,5760,58419,,0,1,0
1768228209016619,52931,14550,29.0,0,0,0
1768228209106237,5760,58419,,264,1,0
1768228209107278,52931,14550,47.0,264,0,0
1768228209197761,52931,14550,48.0,163,0,0
1768228209199881,52931,14550,44.0,178,0,0
1768228209201257,52931,14550,48.0,30,0,0
1768228209204417,52931,14550,48.0,33,0,0
1768228209207458,52931,14550,39.0,74,0,0
1768228209212065,52931,14550,51.0,1,0,0
1768228209214305,52931,14550,22.0,125,0,0
1768228209215967,52931,14550,27.0,152,0,0
1768228209217587,52931,14550,45.0,62,0,0
1768228209219779,52931,14550,26.0,42,0,0
1768228209221789,52931,14550,32.0,36,0,0
1768228209223525,52931,14550,62.0,65,0,0
1768228209224875,52931,14550,49.0,27,0,0
1768228209226232,52931,14550,44.0,116,0,0
1768228209227773,52931,14550,42.0,129,0,0
1768228209229216,52931,14550,34.0,29,0,0
1768228209230582,52931,14550,34.0,137,0,0
1768228209232328,52931,14550,60.0,24,0,0
1768228209233988,52931,14550,53.0,124,0,0
1768228209235953,52931,14550,31.0,2,0,0
1768228209237369,52931,14550,64.0,164,0,0
1768228209238566,52931,14550,24.0,168,0,0
1768228209240250,52931,14550,42.0,136,0,0
1768228209241693,52931,14550,42.0,193,0,0
1768228209243105,52931,14550,48.0,32,0,0
1768228209244437,52931,14550,40.0,241,0,0
1768228209245805,52931,14550,70.0,87,0,0
1768228209247891,52931,14550,61.0,147,0,0
1768228209249447,52931,14550,64.0,11030,0,0
1768228209448367,52931,14550,48.0,163,0,0
1768228209450280,52931,14550,44.0,178,0,0
1768228209452683,52931,14550,48.0,30,0,0
1768228209455049,52931,14550,48.0,33,0,0
1768228209457739,52931,14550,39.0,74,0,0
1768228209460920,52931,14550,51.0,1,0,0
1768228209467852,52931,14550,22.0,125,0,0
1768228209470639,52931,14550,27.0,152,0,0
1768228209471852,52931,14550,45.0,62,0,0
1768228209474935,52931,14550,26.0,42,0,0
1768228209478821,52931,14550,32.0,36,0,0
1768228209480069,52931,14550,62.0,65,0,0
1768228209482097,52931,14550,49.0,27,0,0
1768228209485012,52931,14550,44.0,116,0,0
1768228209487369,52931,14550,42.0,129,0,0
1768228209488667,52931,14550,34.0,29,0,0
1768228209491585,52931,14550,34.0,137,0,0
1768228209493427,52931,14550,60.0,24,0,0
1768228209496563,52931,14550,53.0,124,0,0
1768228209498795,52931,14550,31.0,2,0,0
1768228209500029,52931,14550,64.0,164,0,0
1768228209503905,52931,14550,24.0,168,0,0
1768228209505585,52931,14550,42.0,136,0,0
1768228209506780,52931,14550,42.0,193,0,0
1768228209509997,52931,14550,48.0,32,0,0
1768228209512754,52931,14550,40.0,241,0,0
1768228209514472,52931,14550,70.0,87,0,0
1768228209516650,52931,14550,61.0,147,0,0
1768228209519045,52931,14550,64.0,11030,0,0
1768228209614251,5760,58419,,264,1,0
1768228209615271,52931,14550,47.0,264,0,0
1768228209698365,52931,14550,48.0,163,0,0
1768228209700394,52931,14550,44.0,178,0,0
1768228209702592,52931,14550,48.0,30,0,0
1768228209705565,52931,14550,48.0,33,0,0
1768228209706904,52931,14550,39.0,74,0,0
1768228209709907,52931,14550,51.0,1,0,0
1768228209712301,52931,14550,22.0,125,0,0
1768228209714229,52931,14550,27.0,152,0,0
1768228209715866,52931,14550,45.0,62,0,0
1768228209719184,52931,14550,26.0,42,0,0
1768228209722135,52931,14550,32.0,36,0,0
1768228209723492,52931,14550,62.0,65,0,0
1768228209725024,52931,14550,49.0,27,0,0
1768228209726280,52931,14550,44.0,116,0,0
1768228209727627,52931,14550,42.0,129,0,0
1768228209729730,52931,14550,34.0,29,0,0
1768228209731872,52931,14550,34.0,137,0,0
1768228209733821,52931,14550,60.0,24,0,0
1768228209735848,52931,14550,53.0,124,0,0
1768228209737635,52931,14550,31.0,2,0,0
1768228209739466,52931,14550,64.0,164,0,0
1768228209740884,52931,14550,24.0,168,0,0
1768228209742687,52931,14550,42.0,136,0,0
1768228209744908,52931,14550,42.0,193,0,0
1768228209747099,52931,14550,48.0,32,0,0
1768228209748403,52931,14550,40.0,241,0,0
1768228209749899,52931,14550,70.0,87,0,0
1768228209751421,52931,14550,61.0,147,0,0
1768228209753686,52931,14550,64.0,11030,0,0
1768228209791211,58419,5760,,0,1,0
1768228209951755,52931,14550,48.0,163,0,0
1768228209954902,52931,14550,44.0,178,0,0
1768228209956350,52931,14550,48.0,30,0,0
1768228209961710,52931,14550,48.0,33,0,0
1768228209964597,52931,14550,39.0,74,0,0
1768228209968714,52931,14550,51.0,1,0,0
1768228209973762,52931,14550,22.0,125,0,0
1768228209979690,52931,14550,27.0,152,0,0
1768228209981694,52931,14550,45.0,62,0,0
1768228209986114,52931,14550,26.0,42,0,0
1768228209988188,52931,14550,32.0,36,0,0
1768228209990118,52931,14550,62.0,65,0,0
1768228209991553,52931,14550,49.0,27,0,0
1768228209992849,52931,14550,44.0,116,0,0
1768228209995061,52931,14550,42.0,129,0,0
1768228209997379,52931,14550,34.0,29,0,0
1768228209999007,52931,14550,34.0,137,0,0
1768228210001933,52931,14550,60.0,24,0,0
1768228210005835,52931,14550,53.0,124,0,0
1768228210008695,52931,14550,31.0,2,0,0
1768228210010255,52931,14550,64.0,164,0,0
1768228210012068,52931,14550,24.0,168,0,0
1768228210015201,52931,14550,42.0,136,0,0
1768228210016991,52931,14550,42.0,193,0,0
1768228210018626,52931,14550,48.0,32,0,0
1768228210020258,52931,14550,40.0,241,0,0
1768228210021471,5760,58419,,0,1,0
1768228210021565,52931,14550,70.0,87,0,0
1768228210022991,52931,14550,61.0,147,0,0
1768228210026903,52931,14550,64.0,11030,0,0
1768228210032126,52931,14550,29.0,0,0,0
1768228210113025,5760,58419,,264,1,0
1768228210114055,52931,14550,47.0,264,0,0
1768228210203042,52931,14550,48.0,163,0,0
1768228210206423,52931,14550,44.0,178,0,0
1768228210207860,52931,14550,48.0,30,0,0
1768228210210006,52931,14550,48.0,33,0,0
1768228210211978,52931,14550,39.0,74,0,0
1768228210214855,52931,14550,51.0,1,0,0
1768228210217204,52931,14550,22.0,125,0,0
1768228210219066,52931,14550,27.0,152,0,0
1768228210220423,52931,14550,45.0,62,0,0
1768228210222606,52931,14550,26.0,42,0,0
1768228210224933,52931,14550,32.0,36,0,0
1768228210226463,52931,14550,62.0,65,0,0
1768228210227754,52931,14550,49.0,27,0,0
1768228210228942,52931,14550,44.0,116,0,0
1768228210230508,52931,14550,42.0,129,0,0
1768228210231720,52931,14550,34.0,29,0,0
1768228210232867,52931,14550,34.0,137,0,0
1768228210234408,52931,14550,60.0,24,0,0
1768228210236072,52931,14550,53.0,124,0,0
1768228210238660,52931,14550,31.0,2,0,0
1768228210240718,52931,14550,64.0,164,0,0
1768228210242403,52931,14550,24.0,168,0,0
1768228210243726,52931,14550,42.0,136,0,0
1768228210245184,52931,14550,42.0,193,0,0
1768228210246703,52931,14550,48.0,32,0,0
1768228210247994,52931,14550,40.0,241,0,0
1768228210249356,52931,14550,70.0,87,0,0
1768228210250894,52931,14550,61.0,147,0,0
1768228210252844,52931,14550,64.0,11030,0,0
1768228210452292,52931,14550,48.0,163,0,0
1768228210456491,52931,14550,44.0,178,0,0
1768228210457717,52931,14550,48.0,30,0,0
1768228210460016,52931,14550,48.0,33,0,0
1768228210462140,52931,14550,39.0,74,0,0
1768228210466427,52931,14550,51.0,1,0,0
1768228210473363,52931,14550,22.0,125,0,0
1768228210475756,52931,14550,27.0,152,0,0
1768228210478260,52931,14550,45.0,62,0,0
1768228210483445,52931,14550,26.0,42,0,0
1768228210487057,52931,14550,32.0,36,0,0
1768228210489558,52931,14550,62.0,65,0,0
1768228210491679,52931,14550,49.0,27,0,0
1768228210493788,52931,14550,44.0,116,0,0
1768228210495618,52931,14550,42.0,129,0,0
1768228210497130,52931,14550,34.0,29,0,0
1768228210499430,52931,14550,34.0,137,0,0
1768228210501054,52931,14550,60.0,24,0,0
1768228210505183,52931,14550,53.0,124,0,0
1768228210508806,52931,14550,31.0,2,0,0
1768228210510525,52931,14550,64.0,164,0,0
1768228210512176,52931,14550,24.0,168,0,0
1768228210513953,52931,14550,42.0,136,0,0
1768228210515147,52931,14550,42.0,193,0,0
1768228210520172,52931,14550,48.0,32,0,0
1768228210522433,52931,14550,40.0,241,0,0
1768228210524603,52931,14550,70.0,87,0,0
1768228210526630,52931,14550,61.0,147,0,0
1768228210529755,52931,14550,64.0,11030,0,0
1768228210619658,5760,58419,,264,1,0
1768228210620767,52931,14550,47.0,264,0,0
1768228210703747,52931,14550,48.0,163,0,0
1768228210706481,52931,14550,44.0,178,0,0
1768228210707984,52931,14550,48.0,30,0,0
1768228210712535,52931,14550,48.0,33,0,0
1768228210714241,52931,14550,39.0,74,0,0
1768228210717156,52931,14550,51.0,1,0,0
1768228210719420,52931,14550,22.0,125,0,0
1768228210720988,52931,14550,27.0,152,0,0
1768228210722487,52931,14550,45.0,62,0,0
1768228210724355,52931,14550,26.0,42,0,0
1768228210726461,52931,14550,32.0,36,0,0
1768228210728022,52931,14550,62.0,65,0,0
1768228210729588,52931,14550,49.0,27,0,0
1768228210730768,52931,14550,44.0,116,0,0
1768228210732130,52931,14550,42.0,129,0,0
1768228210733747,52931,14550,34.0,29,0,0
1768228210735383,52931,14550,34.0,137,0,0
1768228210736861,52931,14550,60.0,24,0,0
1768228210739381,52931,14550,53.0,124,0,0
1768228210741562,52931,14550,31.0,2,0,0
1768228210743541,52931,14550,64.0,164,0,0
1768228210745372,52931,14550,24.0,168,0,0
1768228210747022,52931,14550,42.0,136,0,0
1768228210748838,52931,14550,42.0,193,0,0
1768228210750924,52931,14550,48.0,32,0,0
1768228210752789,52931,14550,40.0,241,0,0
1768228210754458,52931,14550,70.0,87,0,0
1768228210756269,52931,14550,61.0,147,0,0
1768228210757508,52931,14550,64.0,11030,0,0
1768228210794746,58419,5760,,0,1,0
1768228210953001,52931,14550,48.0,163,0,0
1768228210955191,52931,14550,44.0,178,0,0
1768228210956762,52931,14550,48.0,30,0,0
1768228210959371,52931,14550,48.0,33,0,0
1768228210962114,52931,14550,39.0,74,0,0
1768228210965637,52931,14550,51.0,1,0,0
1768228210971155,52931,14550,22.0,125,0,0
1768228210973702,52931,14550,27.0,152,0,0
1768228210976734,52931,14550,45.0,62,0,0
1768228210981383,52931,14550,26.0,42,0,0
1768228210985098,52931,14550,32.0,36,0,0
1768228210986534,52931,14550,62.0,65,0,0
1768228210988360,52931,14550,49.0,27,0,0
1768228210989575,52931,14550,44.0,116,0,0
1768228210991056,52931,14550,42.0,129,0,0
1768228210993922,52931,14550,34.0,29,0,0
1768228210995714,52931,14550,34.0,137,0,0
1768228210999016,52931,14550,60.0,24,0,0
1768228211003347,52931,14550,53.0,124,0,0
1768228211005119,52931,14550,31.0,2,0,0
1768228211007389,52931,14550,64.0,164,0,0
1768228211008737,52931,14550,24.0,168,0,0
1768228211010598,52931,14550,42.0,136,0,0
1768228211014272,52931,14550,42.0,193,0,0
1768228211016416,52931,14550,48.0,32,0,0
1768228211018414,52931,14550,40.0,241,0,0
1768228211019674,52931,14550,70.0,87,0,0
1768228211021491,52931,14550,61.0,147,0,0
1768228211023522,52931,14550,64.0,11030,0,0
1768228211026098,5760,58419,,0,1,0
1768228211029310,52931,14550,29.0,0,0,0
1768228211119906,5760,58419,,264,1,0
1768228211120900,52931,14550,47.0,264,0,0
1768228211207209,52931,14550,48.0,163,0,0
1768228211209933,52931,14550,44.0,178,0,0
1768228211212428,52931,14550,48.0,30,0,0
1768228211214525,52931,14550,48.0,33,0,0
1768228211216141,52931,14550,39.0,74,0,0
1768228211218942,52931,14550,51.0,1,0,0
1768228211221511,52931,14550,22.0,125,0,0
1768228211223048,52931,14550,27.0,152,0,0
1768228211225150,52931,14550,45.0,62,0,0
1768228211227559,52931,14550,26.0,42,0,0
1768228211229696,52931,14550,32.0,36,0,0
1768228211231534,52931,14550,62.0,65,0,0
1768228211232807,52931,14550,49.0,27,0,0
1768228211234280,52931,14550,44.0,116,0,0
1768228211235709,52931,14550,42.0,129,0,0
1768228211237230,52931,14550,34.0,29,0,0
1768228211238479,52931,14550,34.0,137,0,0
1768228211240136,52931,14550,60.0,24,0,0
1768228211242045,52931,14550,53.0,124,0,0
1768228211243783,52931,14550,31.0,2,0,0
1768228211245473,52931,14550,64.0,164,0,0
1768228211246767,52931,14550,24.0,168,0,0
1768228211248864,52931,14550,42.0,136,0,0
1768228211250269,52931,14550,42.0,193,0,0
1768228211251951,52931,14550,48.0,32,0,0
1768228211253511,52931,14550,40.0,241,0,0
1768228211255028,52931,14550,70.0,87,0,0
1768228211256461,52931,14550,61.0,147,0,0
1768228211258165,52931,14550,64.0,11030,0,0
1768228211459274,52931,14550,48.0,163,0,0
1768228211461395,52931,14550,44.0,178,0,0
1768228211462610,52931,14550,48.0,30,0,0
1768228211466845,52931,14550,48.0,33,0,0
1768228211471227,52931,14550,39.0,74,0,0
1768228211475492,52931,14550,51.0,1,0,0
1768228211481122,52931,14550,22.0,125,0,0
1768228211483958,52931,14550,27.0,152,0,0
1768228211485274,52931,14550,45.0,62,0,0
1768228211488533,52931,14550,26.0,42,0,0
1768228211491128,52931,14550,32.0,36,0,0
1768228211492789,52931,14550,62.0,65,0,0
1768228211494367,52931,14550,49.0,27,0,0
1768228211495716,52931,14550,44.0,116,0,0
1768228211498270,52931,14550,42.0,129,0,0
1768228211499575,52931,14550,34.0,29,0,0
1768228211501366,52931,14550,34.0,137,0,0
1768228211502976,52931,14550,60.0,24,0,0
1768228211506894,52931,14550,53.0,124,0,0
1768228211508880,52931,14550,31.0,2,0,0
1768228211511627,52931,14550,64.0,164,0,0
1768228211514531,52931,14550,24.0,168,0,0
1768228211516017,52931,14550,42.0,136,0,0
1768228211518502,52931,14550,42.0,193,0,0
1768228211521530,52931,14550,48.0,32,0,0
1768228211523503,52931,14550,40.0,241,0,0
1768228211525591,52931,14550,70.0,87,0,0
1768228211527573,52931,14550,61.0,147,0,0
1768228211529083,52931,14550,64.0,11030,0,0
1768228211625555,5760,58419,,264,1,0
1768228211626630,52931,14550,47.0,264,0,0
1768228211710936,52931,14550,48.0,163,0,0
1768228211713246,52931,14550,44.0,178,0,0
1768228211715049,52931,14550,48.0,30,0,0
1768228211718897,52931,14550,48.0,33,0,0
1768228211720282,52931,14550,39.0,74,0,0
1768228211723975,52931,14550,51.0,1,0,0
1768228211726790,52931,14550,22.0,125,0,0
1768228211728347,52931,14550,27.0,152,0,0
1768228211729730,52931,14550,45.0,62,0,0
1768228211731761,52931,14550,26.0,42,0,0
1768228211734031,52931,14550,32.0,36,0,0
1768228211735860,52931,14550,62.0,65,0,0
1768228211737384,52931,14550,49.0,27,0,0
1768228211738923,52931,14550,44.0,116,0,0
1768228211740234,52931,14550,42.0,129,0,0
1768228211741786,52931,14550,34.0,29,0,0
1768228211742964,52931,14550,34.0,137,0,0
1768228211744517,52931,14550,60.0,24,0,0
1768228211746271,52931,14550,53.0,124,0,0
1768228211748821,52931,14550,31.0,2,0,0
1768228211750722,52931,14550,64.0,164,0,0
1768228211752485,52931,14550,24.0,168,0,0
1768228211754301,52931,14550,42.0,136,0,0
1768228211755917,52931,14550,42.0,193,0,0
1768228211757375,52931,14550,48.0,32,0,0
1768228211758719,52931,14550,40.0,241,0,0
1768228211760197,52931,14550,70.0,87,0,0
1768228211761869,52931,14550,61.0,147,0,0
1768228211764444,52931,14550,64.0,11030,0,0
1768228211800910,58419,5760,,0,1,0
1768228211963509,52931,14550,48.0,163,0,0
1768228211966868,52931,14550,44.0,178,0,0
1768228211968296,52931,14550,48.0,30,0,0
1768228211972797,52931,14550,48.0,33,0,0
1768228211974571,52931,14550,39.0,74,0,0
1768228211979760,52931,14550,51.0,1,0,0
1768228211984462,52931,14550,22.0,125,0,0
1768228211986919,52931,14550,27.0,152,0,0
1768228211988279,52931,14550,45.0,62,0,0
1768228211991312,52931,14550,26.0,42,0,0
1768228211993333,52931,14550,32.0,36,0,0
1768228211995427,52931,14550,62.0,65,0,0
1768228211997614,52931,14550,49.0,27,0,0
1768228212000547,52931,14550,44.0,116,0,0
1768228212003256,52931,14550,42.0,129,0,0
1768228212004435,52931,14550,34.0,29,0,0
1768228212006496,52931,14550,34.0,137,0,0
1768228212009555,52931,14550,60.0,24,0,0
1768228212011677,52931,14550,53.0,124,0,0
1768228212013631,52931,14550,31.0,2,0,0
1768228212014824,52931,14550,64.0,164,0,0
1768228212017011,52931,14550,24.0,168,0,0
1768228212019818,52931,14550,42.0,136,0,0
1768228212021457,52931,14550,42.0,193,0,0
1768228212023471,52931,14550,48.0,32,0,0
1768228212024647,52931,14550,40.0,241,0,0
1768228212026500,52931,14550,70.0,87,0,0
1768228212028439,52931,14550,61.0,147,0,0
1768228212029710,52931,14550,64.0,11030,0,0
1768228212031520,5760,58419,,0,1,0
1768228212035164,52931,14550,29.0,0,0,0
1768228212128032,5760,58419,,264,1,0
1768228212129197,52931,14550,47.0,264,0,0
1768228212212657,52931,14550,48.0,163,0,0
1768228212214718,52931,14550,44.0,178,0,0
1768228212216656,52931,14550,48.0,30,0,0
1768228212219717,52931,14550,48.0,33,0,0
1768228212221144,52931,14550,39.0,74,0,0
1768228212223905,52931,14550,51.0,1,0,0
1768228212228043,52931,14550,22.0,125,0,0
1768228212231085,52931,14550,27.0,152,0,0
1768228212232616,52931,14550,45.0,62,0,0
1768228212234468,52931,14550,26.0,42,0,0
1768228212236842,52931,14550,32.0,36,0,0
1768228212239018,52931,14550,62.0,65,0,0
1768228212240685,52931,14550,49.0,27,0,0
1768228212242744,52931,14550,44.0,116,0,0
1768228212244559,52931,14550,42.0,129,0,0
1768228212245940,52931,14550,34.0,29,0,0
1768228212247280,52931,14550,34.0,137,0,0
1768228212248617,52931,14550,60.0,24,0,0
1768228212251273,52931,14550,53.0,124,0,0
1768228212253309,52931,14550,31.0,2,0,0
1768228212254688,52931,14550,64.0,164,0,0
1768228212256179,52931,14550,24.0,168,0,0
1768228212257836,52931,14550,42.0,136,0,0
1768228212259164,52931,14550,42.0,193,0,0
1768228212260694,52931,14550,48.0,32,0,0
1768228212262116,52931,14550,40.0,241,0,0
1768228212263500,52931,14550,70.0,87,0,0
1768228212264990,52931,14550,61.0,147,0,0
1768228212269124,52931,14550,64.0,11030,0,0
1768228212461023,52931,14550,48.0,163,0,0
1768228212462778,52931,14550,44.0,178,0,0
1768228212464952,52931,14550,48.0,30,0,0
1768228212469198,52931,14550,48.0,33,0,0
1768228212473686,52931,14550,39.0,74,0,0
1768228212477484,52931,14550,51.0,1,0,0
1768228212482403,52931,14550,22.0,125,0,0
1768228212484673,52931,14550,27.0,152,0,0
1768228212486114,52931,14550,45.0,62,0,0
1768228212489222,52931,14550,26.0,42,0,0
1768228212494858,52931,14550,32.0,36,0,0
1768228212497777,52931,14550,62.0,65,0,0
1768228212500443,52931,14550,49.0,27,0,0
1768228212503796,52931,14550,44.0,116,0,0
1768228212505532,52931,14550,42.0,129,0,0
1768228212508008,52931,14550,34.0,29,0,0
1768228212509623,52931,14550,34.0,137,0,0
1768228212511494,52931,14550,60.0,24,0,0
1768228212515508,52931,14550,53.0,124,0,0
1768228212518138,52931,14550,31.0,2,0,0
1768228212519910,52931,14550,64.0,164,0,0
1768228212521500,52931,14550,24.0,168,0,0
1768228212523053,52931,14550,42.0,136,0,0
1768228212524358,52931,14550,42.0,193,0,0
1768228212526575,52931,14550,48.0,32,0,0
1768228212529190,52931,14550,40.0,241,0,0
1768228212530523,52931,14550,70.0,87,0,0
1768228212532724,52931,14550,61.0,147,0,0
1768228212534241,52931,14550,64.0,11030,0,0
1768228212539248,58419,5760,,66,1,0
1768228212629310,5760,58419,,264,1,0
1768228212630539,52931,14550,47.0,264,0,0
1768228212714683,52931,14550,48.0,163,0,0
1768228212716349,52931,14550,44.0,178,0,0
1768228212718276,52931,14550,48.0,30,0,0
1768228212720759,52931,14550,48.0,33,0,0
1768228212722539,52931,14550,39.0,74,0,0
1768228212726733,52931,14550,51.0,1,0,0
1768228212730808,52931,14550,22.0,125,0,0
1768228212732425,52931,14550,27.0,152,0,0
1768228212733805,52931,14550,45.0,62,0,0
1768228212736176,52931,14550,26.0,42,0,0
1768228212739420,52931,14550,32.0,36,0,0
1768228212741046,52931,14550,62.0,65,0,0
1768228212742783,52931,14550,49.0,27,0,0
1768228212744018,52931,14550,44.0,116,0,0
1768228212745406,52931,14550,42.0,129,0,0
1768228212746967,52931,14550,34.0,29,0,0
1768228212748205,52931,14550,34.0,137,0,0
1768228212749728,52931,14550,60.0,24,0,0
1768228212751722,52931,14550,53.0,124,0,0
1768228212753605,52931,14550,31.0,2,0,0
1768228212755550,52931,14550,64.0,164,0,0
1768228212757568,52931,14550,24.0,168,0,0
1768228212759431,52931,14550,42.0,136,0,0
1768228212760701,52931,14550,42.0,193,0,0
1768228212762392,52931,14550,48.0,32,0,0
1768228212764056,52931,14550,40.0,241,0,0
1768228212765459,52931,14550,70.0,87,0,0
1768228212767031,52931,14550,61.0,147,0,0
1768228212769353,52931,14550,64.0,11030,0,0
1768228212806410,58419,5760,,0,1,0
1768228212964969,52931,14550,48.0,163,0,0
1768228212967115,52931,14550,44.0,178,0,0
1768228212968822,52931,14550,48.0,30,0,0
1768228212972327,52931,14550,48.0,33,0,0
1768228212973933,52931,14550,39.0,74,0,0
1768228212976768,52931,14550,51.0,1,0,0
1768228212983380,52931,14550,22.0,125,0,0
1768228212987436,52931,14550,27.0,152,0,0
1768228212988775,52931,14550,45.0,62,0,0
1768228212991602,52931,14550,26.0,42,0,0
1768228212993505,52931,14550,32.0,36,0,0
1768228212995981,52931,14550,62.0,65,0,0
1768228212997445,52931,14550,49.0,27,0,0
1768228212998681,52931,14550,44.0,116,0,0
1768228213000506,52931,14550,42.0,129,0,0
1768228213002194,52931,14550,34.0,29,0,0
1768228213003487,52931,14550,34.0,137,0,0
1768228213009297,52931,14550,60.0,24,0,0
1768228213012366,52931,14550,53.0,124,0,0
1768228213013967,52931,14550,31.0,2,0,0
1768228213015834,52931,14550,64.0,164,0,0
1768228213019251,52931,14550,24.0,168,0,0
1768228213022495,52931,14550,42.0,136,0,0
1768228213024998,52931,14550,42.0,193,0,0
1768228213026777,52931,14550,48.0,32,0,0
1768228213028606,52931,14550,40.0,241,0,0
1768228213029826,52931,14550,70.0,87,0,0
1768228213032165,52931,14550,61.0,147,0,0
1768228213034828,52931,14550,64.0,11030,0,0
1768228213038813,5760,58419,,0,1,0
1768228213040251,52931,14550,29.0,0,0,0
1768228213130946,5760,58419,,264,1,0
1768228213132204,52931,14550,47.0,264,0,0
1768228213216317,52931,14550,48.0,163,0,0
1768228213217952,52931,14550,44.0,178,0,0
1768228213219727,52931,14550,48.0,30,0,0
1768228213222595,52931,14550,48.0,33,0,0
1768228213223969,52931,14550,39.0,74,0,0
1768228213229913,52931,14550,51.0,1,0,0
1768228213234526,52931,14550,22.0,125,0,0
1768228213236675,52931,14550,27.0,152,0,0
1768228213237945,52931,14550,45.0,62,0,0
1768228213240030,52931,14550,26.0,42,0,0
1768228213242459,52931,14550,32.0,36,0,0
1768228213243955,52931,14550,62.0,65,0,0
1768228213245274,52931,14550,49.0,27,0,0
1768228213246435,52931,14550,44.0,116,0,0
1768228213248235,52931,14550,42.0,129,0,0
1768228213249779,52931,14550,34.0,29,0,0
1768228213251312,52931,14550,34.0,137,0,0
1768228213252836,52931,14550,60.0,24,0,0
1768228213254577,52931,14550,53.0,124,0,0
1768228213256211,52931,14550,31.0,2,0,0
1768228213258122,52931,14550,64.0,164,0,0
1768228213259668,52931,14550,24.0,168,0,0
1768228213261480,52931,14550,42.0,136,0,0
1768228213263017,52931,14550,42.0,193,0,0
1768228213264419,52931,14550,48.0,32,0,0
1768228213265934,52931,14550,40.0,241,0,0
1768228213267203,52931,14550,70.0,87,0,0
1768228213269302,52931,14550,61.0,147,0,0
1768228213270596,52931,14550,64.0,11030,0,0
1768228213472670,52931,14550,48.0,163,0,0
1768228213474910,52931,14550,44.0,178,0,0
1768228213476623,52931,14550,48.0,30,0,0
1768228213479091,52931,14550,48.0,33,0,0
1768228213481151,52931,14550,39.0,74,0,0
1768228213486829,52931,14550,51.0,1,0,0
1768228213491741,52931,14550,22.0,125,0,0
1768228213494938,52931,14550,27.0,152,0,0
1768228213496352,52931,14550,45.0,62,0,0
1768228213500599,52931,14550,26.0,42,0,0
1768228213506012,52931,14550,32.0,36,0,0
1768228213507909,52931,14550,62.0,65,0,0
1768228213509630,52931,14550,49.0,27,0,0
1768228213512139,52931,14550,44.0,116,0,0
1768228213514517,52931,14550,42.0,129,0,0
1768228213516239,52931,14550,34.0,29,0,0
1768228213517847,52931,14550,34.0,137,0,0
1768228213519875,52931,14550,60.0,24,0,0
1768228213524201,52931,14550,53.0,124,0,0
1768228213527138,52931,14550,31.0,2,0,0
1768228213529121,52931,14550,64.0,164,0,0
1768228213531316,52931,14550,24.0,168,0,0
1768228213534211,52931,14550,42.0,136,0,0
1768228213535607,52931,14550,42.0,193,0,0
1768228213537598,52931,14550,48.0,32,0,0
1768228213539340,52931,14550,40.0,241,0,0
1768228213541527,52931,14550,70.0,87,0,0
1768228213543193,52931,14550,61.0,147,0,0
1768228213548401,52931,14550,64.0,11030,0,0
1768228213637339,5760,58419,,264,1,0
1768228213638435,52931,14550,47.0,264,0,0
1768228213724343,52931,14550,48.0,163,0,0
1768228213726777,52931,14550,44.0,178,0,0
1768228213728630,52931,14550,48.0,30,0,0
1768228213731967,52931,14550,48.0,33,0,0
1768228213733468,52931,14550,39.0,74,0,0
1768228213736538,52931,14550,51.0,1,0,0
1768228213741253,52931,14550,22.0,125,0,0
1768228213744013,52931,14550,27.0,152,0,0
1768228213746233,52931,14550,45.0,62,0,0
1768228213749564,52931,14550,26.0,42,0,0
1768228213752745,52931,14550,32.0,36,0,0
1768228213754615,52931,14550,62.0,65,0,0
1768228213755964,52931,14550,49.0,27,0,0
1768228213757686,52931,14550,44.0,116,0,0
1768228213759140,52931,14550,42.0,129,0,0
1768228213760797,52931,14550,34.0,29,0,0
1768228213762396,52931,14550,34.0,137,0,0
1768228213763617,52931,14550,60.0,24,0,0
1768228213766412,52931,14550,53.0,124,0,0
1768228213770023,52931,14550,31.0,2,0,0
1768228213772755,52931,14550,64.0,164,0,0
1768228213775909,52931,14550,24.0,168,0,0
1768228213779812,52931,14550,42.0,136,0,0
1768228213782165,52931,14550,42.0,193,0,0
1768228213783750,52931,14550,48.0,32,0,0
1768228213785496,52931,14550,40.0,241,0,0
1768228213786695,52931,14550,70.0,87,0,0
1768228213788308,52931,14550,61.0,147,0,0
1768228213790216,52931,14550,64.0,11030,0,0
1768228213814735,58419,5760,,0,1,0
1768228213970299,52931,14550,48.0,163,0,0
1768228213972625,52931,14550,44.0,178,0,0
1768228213974067,52931,14550,48.0,30,0,0
1768228213977294,52931,14550,48.0,33,0,0
1768228213978907,52931,14550,39.0,74,0,0
1768228213983700,52931,14550,51.0,1,0,0
1768228213989416,52931,14550,22.0,125,0,0
1768228213992064,52931,14550,27.0,152,0,0
1768228213993740,52931,14550,45.0,62,0,0
1768228213998144,52931,14550,26.0,42,0,0
1768228214003396,52931,14550,32.0,36,0,0
1768228214005631,52931,14550,62.0,65,0,0
1768228214007372,52931,14550,49.0,27,0,0
1768228214008645,52931,14550,44.0,116,0,0
1768228214010597,52931,14550,42.0,129,0,0
1768228214013325,52931,14550,34.0,29,0,0
1768228214015882,52931,14550,34.0,137,0,0
1768228214018935,52931,14550,60.0,24,0,0
1768228214022592,52931,14550,53.0,124,0,0
1768228214025015,52931,14550,31.0,2,0,0
1768228214027679,52931,14550,64.0,164,0,0
1768228214030264,52931,14550,24.0,168,0,0
1768228214031998,52931,14550,42.0,136,0,0
1768228214035852,52931,14550,42.0,193,0,0
1768228214037693,52931,14550,48.0,32,0,0
1768228214038939,52931,14550,40.0,241,0,0
1768228214040598,52931,14550,70.0,87,0,0
1768228214042188,52931,14550,61.0,147,0,0
1768228214043390,52931,14550,64.0,11030,0,0
1768228214045691,5760,58419,,0,1,0
1768228214048372,52931,14550,29.0,0,0,0
1768228214093590,5760,58419,,111,1,0
1768228214094624,52931,14550,33.0,111,0,0
1768228214139453,5760,58419,,264,1,0
1768228214140500,52931,14550,47.0,264,0,0
1768228214181575,52931,14550,21.0,46,0,0
1768228214184208,52931,14550,40.0,253,0,0
1768228214187113,52931,14550,35.0,253,0,0
1768228214225899,52931,14550,48.0,163,0,0
1768228214227224,52931,14550,44.0,178,0,0
1768228214229760,52931,14550,48.0,30,0,0
1768228214233168,52931,14550,48.0,33,0,0
1768228214234815,52931,14550,39.0,74,0,0
1768228214237731,52931,14550,51.0,1,0,0
1768228214240330,52931,14550,22.0,125,0,0
1768228214242310,52931,14550,27.0,152,0,0
1768228214243659,52931,14550,45.0,62,0,0
1768228214246364,52931,14550,26.0,42,0,0
1768228214248469,52931,14550,32.0,36,0,0
1768228214249825,52931,14550,62.0,65,0,0
1768228214251354,52931,14550,49.0,27,0,0
1768228214252765,52931,14550,44.0,116,0,0
1768228214254067,52931,14550,42.0,129,0,0
1768228214255393,52931,14550,34.0,29,0,0
1768228214256604,52931,14550,34.0,137,0,0
1768228214258425,52931,14550,60.0,24,0,0
1768228214260314,52931,14550,53.0,124,0,0
1768228214262130,52931,14550,31.0,2,0,0
1768228214263627,52931,14550,64.0,164,0,0
1768228214264957,52931,14550,24.0,168,0,0
1768228214266353,52931,14550,42.0,136,0,0
1768228214267797,52931,14550,42.0,193,0,0
1768228214269270,52931,14550,48.0,32,0,0
1768228214270921,52931,14550,40.0,241,0,0
1768228214272458,52931,14550,70.0,87,0,0
1768228214274261,52931,14550,61.0,147,0,0
1768228214275953,52931,14550,64.0,11030,0,0
1768228214473757,52931,14550,48.0,163,0,0
1768228214475909,52931,14550,44.0,178,0,0
1768228214478471,52931,14550,48.0,30,0,0
1768228214480985,52931,14550,48.0,33,0,0
1768228214483337,52931,14550,39.0,74,0,0
1768228214487224,52931,14550,51.0,1,0,0
1768228214493159,52931,14550,22.0,125,0,0
1768228214495161,52931,14550,27.0,152,0,0
1768228214496769,52931,14550,45.0,62,0,0
1768228214500654,52931,14550,26.0,42,0,0
1768228214503586,52931,14550,32.0,36,0,0
1768228214505692,52931,14550,62.0,65,0,0
1768228214507849,52931,14550,49.0,27,0,0
1768228214509686,52931,14550,44.0,116,0,0
1768228214511367,52931,14550,42.0,129,0,0
1768228214512978,52931,14550,34.0,29,0,0
1768228214515457,52931,14550,34.0,137,0,0
1768228214516811,52931,14550,60.0,24,0,0
1768228214521791,52931,14550,53.0,124,0,0
1768228214523563,52931,14550,31.0,2,0,0
1768228214525436,52931,14550,64.0,164,0,0
1768228214527098,52931,14550,24.0,168,0,0
1768228214530112,52931,14550,42.0,136,0,0
1768228214531916,52931,14550,42.0,193,0,0
1768228214533673,52931,14550,48.0,32,0,0
1768228214535583,52931,14550,40.0,241,0,0
1768228214536993,52931,14550,70.0,87,0,0
1768228214539430,52931,14550,61.0,147,0,0
1768228214542410,52931,14550,64.0,11030,0,0
1768228214642676,5760,58419,,264,1,0
1768228214643725,52931,14550,47.0,264,0,0
1768228214728717,52931,14550,48.0,163,0,0
1768228214731170,52931,14550,44.0,178,0,0
1768228214732945,52931,14550,48.0,30,0,0
1768228214735091,52931,14550,48.0,33,0,0
1768228214737706,52931,14550,39.0,74,0,0
1768228214741777,52931,14550,51.0,1,0,0
1768228214746549,52931,14550,22.0,125,0,0
1768228214749954,52931,14550,27.0,152,0,0
1768228214751666,52931,14550,45.0,62,0,0
1768228214753845,52931,14550,26.0,42,0,0
1768228214755937,52931,14550,32.0,36,0,0
1768228214757495,52931,14550,62.0,65,0,0
1768228214758932,52931,14550,49.0,27,0,0
1768228214760164,52931,14550,44.0,116,0,0
1768228214761644,52931,14550,42.0,129,0,0
1768228214763469,52931,14550,34.0,29,0,0
1768228214765549,52931,14550,34.0,137,0,0
1768228214767173,52931,14550,60.0,24,0,0
1768228214769039,52931,14550,53.0,124,0,0
1768228214771992,52931,14550,31.0,2,0,0
1768228214773233,52931,14550,64.0,164,0,0
1768228214775109,52931,14550,24.0,168,0,0
1768228214777872,52931,14550,42.0,136,0,0
1768228214779837,52931,14550,42.0,193,0,0
1768228214781988,52931,14550,48.0,32,0,0
1768228214783969,52931,14550,40.0,241,0,0
1768228214785506,52931,14550,70.0,87,0,0
1768228214786956,52931,14550,61.0,147,0,0
1768228214788722,52931,14550,64.0,11030,0,0
1768228214823704,58419,5760,,0,1,0
1768228214975848,52931,14550,48.0,163,0,0
1768228214978942,52931,14550,44.0,178,0,0
1768228214981089,52931,14550,48.0,30,0,0
1768228214984232,52931,14550,48.0,33,0,0
1768228214985799,52931,14550,39.0,74,0,0
1768228214991681,52931,14550,51.0,1,0,0
1768228214999686,52931,14550,22.0,125,0,0
1768228215002990,52931,14550,27.0,152,0,0
1768228215004944,52931,14550,45.0,62,0,0
1768228215008631,52931,14550,26.0,42,0,0
1768228215010893,52931,14550,32.0,36,0,0
1768228215013229,52931,14550,62.0,65,0,0
1768228215014737,52931,14550,49.0,27,0,0
1768228215017405,52931,14550,44.0,116,0,0
1768228215018665,52931,14550,42.0,129,0,0
1768228215021879,52931,14550,34.0,29,0,0
1768228215024603,52931,14550,34.0,137,0,0
1768228215026435,52931,14550,60.0,24,0,0
1768228215030386,52931,14550,53.0,124,0,0
1768228215033939,52931,14550,31.0,2,0,0
1768228215035965,52931,14550,64.0,164,0,0
1768228215037465,52931,14550,24.0,168,0,0
1768228215039677,52931,14550,42.0,136,0,0
1768228215040925,52931,14550,42.0,193,0,0
1768228215043873,52931,14550,48.0,32,0,0
1768228215045445,52931,14550,40.0,241,0,0
1768228215046730,52931,14550,70.0,87,0,0
1768228215048274,52931,14550,61.0,147,0,0
1768228215050112,52931,14550,64.0,11030,0,0
1768228215051389,5760,58419,,0,1,0
1768228215053544,52931,14550,29.0,0,0,0
1768228215144282,5760,58419,,264,1,0
1768228215145655,52931,14550,47.0,264,0,0
1768228215227961,52931,14550,48.0,163,0,0
1768228215229659,52931,14550,44.0,178,0,0
1768228215231485,52931,14550,48.0,30,0,0
1768228215235936,52931,14550,48.0,33,0,0
1768228215237476,52931,14550,39.0,74,0,0
1768228215240892,52931,14550,51.0,1,0,0
1768228215243794,52931,14550,22.0,125,0,0
1768228215245458,52931,14550,27.0,152,0,0
1768228215246881,52931,14550,45.0,62,0,0
1768228215248788,52931,14550,26.0,42,0,0
1768228215251163,52931,14550,32.0,36,0,0
1768228215252934,52931,14550,62.0,65,0,0
1768228215254304,52931,14550,49.0,27,0,0
1768228215255870,52931,14550,44.0,116,0,0
1768228215257206,52931,14550,42.0,129,0,0
1768228215258421,52931,14550,34.0,29,0,0
1768228215259723,52931,14550,34.0,137,0,0
1768228215261291,52931,14550,60.0,24,0,0
1768228215263376,52931,14550,53.0,124,0,0
1768228215265005,52931,14550,31.0,2,0,0
1768228215266847,52931,14550,64.0,164,0,0
1768228215268459,52931,14550,24.0,168,0,0
1768228215269882,52931,14550,42.0,136,0,0
1768228215271106,52931,14550,42.0,193,0,0
1768228215272792,52931,14550,48.0,32,0,0
1768228215274056,52931,14550,40.0,241,0,0
1768228215275569,52931,14550,70.0,87,0,0
1768228215276967,52931,14550,61.0,147,0,0
1768228215278851,52931,14550,64.0,11030,0,0
1768228215481640,52931,14550,48.0,163,0,0
1768228215484260,52931,14550,44.0,178,0,0
1768228215485545,52931,14550,48.0,30,0,0
1768228215487946,52931,14550,48.0,33,0,0
1768228215489342,52931,14550,39.0,74,0,0
1768228215495552,52931,14550,51.0,1,0,0
1768228215501407,52931,14550,22.0,125,0,0
1768228215506051,52931,14550,27.0,152,0,0
1768228215508196,52931,14550,45.0,62,0,0
1768228215511450,52931,14550,26.0,42,0,0
1768228215514090,52931,14550,32.0,36,0,0
1768228215517907,52931,14550,62.0,65,0,0
1768228215520345,52931,14550,49.0,27,0,0
1768228215522207,52931,14550,44.0,116,0,0
1768228215525096,52931,14550,42.0,129,0,0
1768228215528116,52931,14550,34.0,29,0,0
1768228215530577,52931,14550,34.0,137,0,0
1768228215532335,52931,14550,60.0,24,0,0
1768228215538591,52931,14550,53.0,124,0,0
1768228215540832,52931,14550,31.0,2,0,0
1768228215542521,52931,14550,64.0,164,0,0
1768228215543846,52931,14550,24.0,168,0,0
1768228215545152,52931,14550,42.0,136,0,0
1768228215546354,52931,14550,42.0,193,0,0
1768228215548455,52931,14550,48.0,32,0,0
1768228215549913,52931,14550,40.0,241,0,0
1768228215551588,52931,14550,70.0,87,0,0
1768228215553419,52931,14550,61.0,147,0,0
1768228215555224,52931,14550,64.0,11030,0,0
1768228215649334,5760,58419,,264,1,0
1768228215650405,52931,14550,47.0,264,0,0
1768228215735822,52931,14550,48.0,163,0,0
1768228215737952,52931,14550,44.0,178,0,0
1768228215739412,52931,14550,48.0,30,0,0
1768228215741779,52931,14550,48.0,33,0,0
1768228215744886,52931,14550,39.0,74,0,0
1768228215750471,52931,14550,51.0,1,0,0
1768228215754501,52931,14550,22.0,125,0,0
1768228215756566,52931,14550,27.0,152,0,0
1768228215758305,52931,14550,45.0,62,0,0
1768228215761361,52931,14550,26.0,42,0,0
1768228215764035,52931,14550,32.0,36,0,0
1768228215766049,52931,14550,62.0,65,0,0
1768228215767988,52931,14550,49.0,27,0,0
1768228215770525,52931,14550,44.0,116,0,0
1768228215772041,52931,14550,42.0,129,0,0
1768228215773685,52931,14550,34.0,29,0,0
1768228215776079,52931,14550,34.0,137,0,0
1768228215778192,52931,14550,60.0,24,0,0
1768228215780557,52931,14550,53.0,124,0,0
1768228215782500,52931,14550,31.0,2,0,0
1768228215784158,52931,14550,64.0,164,0,0
1768228215785447,52931,14550,24.0,168,0,0
1768228215787238,52931,14550,42.0,136,0,0
1768228215788494,52931,14550,42.0,193,0,0
1768228215790257,52931,14550,48.0,32,0,0
1768228215791907,52931,14550,40.0,241,0,0
1768228215793674,52931,14550,70.0,87,0,0
1768228215795589,52931,14550,61.0,147,0,0
1768228215797290,52931,14550,64.0,11030,0,0
1768228215833748,58419,5760,,0,1,0
1768228215987251,52931,14550,48.0,163,0,0
1768228215989267,52931,14550,44.0,178,0,0
1768228215991366,52931,14550,48.0,30,0,0
1768228215995100,52931,14550,48.0,33,0,0
1768228215997131,52931,14550,39.0,74,0,0
1768228216002393,52931,14550,51.0,1,0,0
1768228216008181,52931,14550,22.0,125,0,0
1768228216012040,52931,14550,27.0,152,0,0
1768228216013366,52931,14550,45.0,62,0,0
1768228216016215,52931,14550,26.0,42,0,0
1768228216019649,52931,14550,32.0,36,0,0
1768228216021609,52931,14550,62.0,65,0,0
1768228216023660,52931,14550,49.0,27,0,0
1768228216025188,52931,14550,44.0,116,0,0
1768228216026581,52931,14550,42.0,129,0,0
1768228216028754,52931,14550,34.0,29,0,0
1768228216030042,52931,14550,34.0,137,0,0
1768228216033653,52931,14550,60.0,24,0,0
1768228216037615,52931,14550,53.0,124,0,0
1768228216039355,52931,14550,31.0,2,0,0
1768228216042705,52931,14550,64.0,164,0,0
1768228216044274,52931,14550,24.0,168,0,0
1768228216045654,52931,14550,42.0,136,0,0
1768228216047573,52931,14550,42.0,193,0,0
1768228216049869,52931,14550,48.0,32,0,0
1768228216052159,52931,14550,40.0,241,0,0
1768228216054203,52931,14550,70.0,87,0,0
1768228216056010,52931,14550,61.0,147,0,0
1768228216056616,5760,58419,,0,1,0
1768228216057612,52931,14550,64.0,11030,0,0
1768228216062673,52931,14550,29.0,0,0,0
1768228216150422,5760,58419,,264,1,0
1768228216151529,52931,14550,47.0,264,0,0
1768228216237150,52931,14550,48.0,163,0,0
1768228216239605,52931,14550,44.0,178,0,0
1768228216243017,52931,14550,48.0,30,0,0
1768228216244941,52931,14550,48.0,33,0,0
1768228216246697,52931,14550,39.0,74,0,0
1768228216249869,52931,14550,51.0,1,0,0
1768228216252591,52931,14550,22.0,125,0,0
1768228216254651,52931,14550,27.0,152,0,0
1768228216256107,52931,14550,45.0,62,0,0
1768228216258359,52931,14550,26.0,42,0,0
1768228216260068,52931,14550,32.0,36,0,0
1768228216261811,52931,14550,62.0,65,0,0
1768228216263555,52931,14550,49.0,27,0,0
1768228216264916,52931,14550,44.0,116,0,0
1768228216266159,52931,14550,42.0,129,0,0
1768228216267627,52931,14550,34.0,29,0,0
1768228216269013,52931,14550,34.0,137,0,0
1768228216270912,52931,14550,60.0,24,0,0
1768228216272668,52931,14550,53.0,124,0,0
1768228216274693,52931,14550,31.0,2,0,0
1768228216276224,52931,14550,64.0,164,0,0
1768228216277577,52931,14550,24.0,168,0,0
1768228216278995,52931,14550,42.0,136,0,0
1768228216280471,52931,14550,42.0,193,0,0
1768228216281917,52931,14550,48.0,32,0,0
1768228216283508,52931,14550,40.0,241,0,0
1768228216284763,52931,14550,70.0,87,0,0
1768228216286107,52931,14550,61.0,147,0,0
1768228216288111,52931,14550,64.0,11030,0,0
1768228216485218,52931,14550,48.0,163,0,0
1768228216487305,52931,14550,44.0,178,0,0
1768228216489049,52931,14550,48.0,30,0,0
1768228216491041,52931,14550,48.0,33,0,0
1768228216492963,52931,14550,39.0,74,0,0
1768228216498905,52931,14550,51.0,1,0,0
1768228216503930,52931,14550,22.0,125,0,0
1768228216507339,52931,14550,27.0,152,0,0
1768228216510216,52931,14550,45.0,62,0,0
1768228216515422,52931,14550,26.0,42,0,0
1768228216519565,52931,14550,32.0,36,0,0
1768228216521501,52931,14550,62.0,65,0,0
1768228216523293,52931,14550,49.0,27,0,0
1768228216524990,52931,14550,44.0,116,0,0
1768228216526911,52931,14550,42.0,129,0,0
1768228216528154,52931,14550,34.0,29,0,0
1768228216534031,52931,14550,34.0,137,0,0
1768228216535700,52931,14550,60.0,24,0,0
1768228216537740,52931,14550,53.0,124,0,0
1768228216539716,52931,14550,31.0,2,0,0
1768228216541540,52931,14550,64.0,164,0,0
1768228216543395,52931,14550,24.0,168,0,0
1768228216544770,52931,14550,42.0,136,0,0
1768228216545925,52931,14550,42.0,193,0,0
1768228216547636,52931,14550,48.0,32,0,0
1768228216549418,52931,14550,40.0,241,0,0
1768228216550961,52931,14550,70.0,87,0,0
1768228216552763,52931,14550,61.0,147,0,0
1768228216554500,52931,14550,64.0,11030,0,0
1768228216656020,52931,14550,47.0,264,0,0
1768228216736645,52931,14550,48.0,163,0,0
1768228216738419,52931,14550,44.0,178,0,0
1768228216739332,52931,14550,48.0,30,0,0
1768228216741592,52931,14550,48.0,33,0,0
1768228216742634,52931,14550,39.0,74,0,0
1768228216745161,52931,14550,51.0,1,0,0
1768228216747082,52931,14550,22.0,125,0,0
1768228216748237,52931,14550,27.0,152,0,0
1768228216749091,52931,14550,45.0,62,0,0
1768228216750659,52931,14550,26.0,42,0,0
1768228216752490,52931,14550,32.0,36,0,0
1768228216753499,52931,14550,62.0,65,0,0
1768228216754564,52931,14550,49.0,27,0,0
1768228216755483,52931,14550,44.0,116,0,0
1768228216756360,52931,14550,42.0,129,0,0
1768228216757451,52931,14550,34.0,29,0,0
1768228216758550,52931,14550,34.0,137,0,0
1768228216759546,52931,14550,60.0,24,0,0
1768228216760731,52931,14550,53.0,124,0,0
1768228216762202,52931,14550,31.0,2,0,0
1768228216763246,52931,14550,64.0,164,0,0
1768228216764514,52931,14550,24.0,168,0,0
1768228216765642,52931,14550,42.0,136,0,0
1768228216767274,52931,14550,42.0,193,0,0
1768228216768660,52931,14550,48.0,32,0,0
1768228216769537,52931,14550,40.0,241,0,0
1768228216770728,52931,14550,70.0,87,0,0
1768228216771898,52931,14550,61.0,147,0,0
1768228216772803,52931,14550,64.0,11030,0,0
1768228216840953,58419,5760,,0,1,0
1768228216988200,52931,14550,48.0,163,0,0
1768228216989389,52931,14550,44.0,178,0,0
1768228216991096,52931,14550,48.0,30,0,0
1768228216993818,52931,14550,48.0,33,0,0
1768228216996595,52931,14550,39.0,74,0,0
1768228216999945,52931,14550,51.0,1,0,0
1768228217007710,52931,14550,22.0,125,0,0
1768228217010650,52931,14550,27.0,152,0,0
1768228217011687,52931,14550,45.0,62,0,0
1768228217014588,52931,14550,26.0,42,0,0
1768228217017037,52931,14550,32.0,36,0,0
1768228217018406,52931,14550,62.0,65,0,0
1768228217021103,52931,14550,49.0,27,0,0
1768228217023096,52931,14550,44.0,116,0,0
1768228217024553,52931,14550,42.0,129,0,0
1768228217026068,52931,14550,34.0,29,0,0
1768228217027984,52931,14550,34.0,137,0,0
1768228217029393,52931,14550,60.0,24,0,0
1768228217031027,52931,14550,53.0,124,0,0
1768228217032348,52931,14550,31.0,2,0,0
1768228217033876,52931,14550,64.0,164,0,0
1768228217035317,52931,14550,24.0,168,0,0
1768228217036713,52931,14550,42.0,136,0,0
1768228217037652,52931,14550,42.0,193,0,0
1768228217039116,52931,14550,48.0,32,0,0
1768228217040088,52931,14550,40.0,241,0,0
1768228217041204,52931,14550,70.0,87,0,0
1768228217045922,52931,14550,61.0,147,0,0
1768228217047677,52931,14550,64.0,11030,0,0
1768228217063985,5760,58419,,0,1,0
1768228217064805,52931,14550,29.0,0,0,0
1768228217154147,5760,58419,,264,1,0
1768228217154918,52931,14550,47.0,264,0,0
1768228217241800,52931,14550,48.0,163,0,0
1768228217243359,52931,14550,44.0,178,0,0
1768228217244119,52931,14550,48.0,30,0,0
1768228217245209,52931,14550,48.0,33,0,0
1768228217253243,52931,14550,39.0,74,0,0
1768228217261728,52931,14550,51.0,1,0,0
1768228217263603,52931,14550,22.0,125,0,0
1768228217264515,52931,14550,27.0,152,0,0
1768228217265423,52931,14550,45.0,62,0,0
1768228217266827,52931,14550,26.0,42,0,0
1768228217267875,52931,14550,32.0,36,0,0
1768228217268606,52931,14550,62.0,65,0,0
1768228217269377,52931,14550,49.0,27,0,0
1768228217270116,52931,14550,44.0,116,0,0
1768228217270770,52931,14550,42.0,129,0,0
1768228217271650,52931,14550,34.0,29,0,0
1768228217272441,52931,14550,34.0,137,0,0
1768228217273130,52931,14550,60.0,24,0,0
1768228217274488,52931,14550,53.0,124,0,0
1768228217275325,52931,14550,31.0,2,0,0
1768228217276172,52931,14550,64.0,164,0,0
1768228217276845,52931,14550,24.0,168,0,0
1768228217277781,52931,14550,42.0,136,0,0
1768228217278635,52931,14550,42.0,193,0,0
1768228217279559,52931,14550,48.0,32,0,0
1768228217280198,52931,14550,40.0,241,0,0
1768228217281288,52931,14550,70.0,87,0,0
1768228217282463,52931,14550,61.0,147,0,0
1768228217283741,52931,14550,64.0,11030,0,0
1768228217492631,52931,14550,48.0,163,0,0
1768228217496272,52931,14550,44.0,178,0,0
1768228217499172,52931,14550,48.0,30,0,0
1768228217502894,52931,14550,48.0,33,0,0
1768228217504359,52931,14550,39.0,74,0,0
1768228217511292,52931,14550,51.0,1,0,0
1768228217520579,52931,14550,22.0,125,0,0
1768228217524967,52931,14550,27.0,152,0,0
1768228217526358,52931,14550,45.0,62,0,0
1768228217530136,52931,14550,26.0,42,0,0
1768228217535285,52931,14550,32.0,36,0,0
1768228217537214,52931,14550,62.0,65,0,0
1768228217539501,52931,14550,49.0,27,0,0
1768228217542949,52931,14550,44.0,116,0,0
1768228217546594,52931,14550,42.0,129,0,0
1768228217548072,52931,14550,34.0,29,0,0
1768228217551453,52931,14550,34.0,137,0,0
1768228217555829,52931,14550,60.0,24,0,0
1768228217558998,52931,14550,53.0,124,0,0
1768228217562161,52931,14550,31.0,2,0,0
1768228217564584,52931,14550,64.0,164,0,0
1768228217566998,52931,14550,24.0,168,0,0
1768228217570375,52931,14550,42.0,136,0,0
1768228217572783,52931,14550,42.0,193,0,0
1768228217575588,52931,14550,48.0,32,0,0
1768228217581191,52931,14550,40.0,241,0,0
1768228217588445,52931,14550,70.0,87,0,0
1768228217591871,52931,14550,61.0,147,0,0
1768228217594034,52931,14550,64.0,11030,0,0
1768228217656292,5760,58419,,264,1,0
1768228217657588,52931,14550,47.0,264,0,0
1768228217741768,52931,14550,48.0,163,0,0
1768228217743616,52931,14550,44.0,178,0,0
1768228217744705,52931,14550,48.0,30,0,0
1768228217746593,52931,14550,48.0,33,0,0
1768228217747412,52931,14550,39.0,74,0,0
1768228217749940,52931,14550,51.0,1,0,0
1768228217751705,52931,14550,22.0,125,0,0
1768228217752784,52931,14550,27.0,152,0,0
1768228217753806,52931,14550,45.0,62,0,0
1768228217755677,52931,14550,26.0,42,0,0
1768228217756651,52931,14550,32.0,36,0,0
1768228217757296,52931,14550,62.0,65,0,0
1768228217758182,52931,14550,49.0,27,0,0
1768228217758839,52931,14550,44.0,116,0,0
1768228217759918,52931,14550,42.0,129,0,0
1768228217761215,52931,14550,34.0,29,0,0
1768228217761973,52931,14550,34.0,137,0,0
1768228217762742,52931,14550,60.0,24,0,0
1768228217763625,52931,14550,53.0,124,0,0
1768228217764766,52931,14550,31.0,2,0,0
1768228217765534,52931,14550,64.0,164,0,0
1768228217766280,52931,14550,24.0,168,0,0
1768228217767063,52931,14550,42.0,136,0,0
1768228217767750,52931,14550,42.0,193,0,0
1768228217768665,52931,14550,48.0,32,0,0
1768228217769337,52931,14550,40.0,241,0,0
1768228217770053,52931,14550,70.0,87,0,0
1768228217771048,52931,14550,61.0,147,0,0
1768228217771739,52931,14550,64.0,11030,0,0
1768228217849655,58419,5760,,0,1,0
1768228217997274,52931,14550,48.0,163,0,0
1768228217998900,52931,14550,44.0,178,0,0
1768228217999822,52931,14550,48.0,30,0,0
1768228218001660,52931,14550,48.0,33,0,0
1768228218003272,52931,14550,39.0,74,0,0
1768228218007211,52931,14550,51.0,1,0,0
1768228218010847,52931,14550,22.0,125,0,0
1768228218012747,52931,14550,27.0,152,0,0
1768228218014309,52931,14550,45.0,62,0,0
1768228218017847,52931,14550,26.0,42,0,0
1768228218019385,52931,14550,32.0,36,0,0
1768228218020942,52931,14550,62.0,65,0,0
1768228218022865,52931,14550,49.0,27,0,0
1768228218023713,52931,14550,44.0,116,0,0
1768228218025506,52931,14550,42.0,129,0,0
1768228218026496,52931,14550,34.0,29,0,0
1768228218027767,52931,14550,34.0,137,0,0
1768228218028936,52931,14550,60.0,24,0,0
1768228218030737,52931,14550,53.0,124,0,0
1768228218032040,52931,14550,31.0,2,0,0
1768228218034617,52931,14550,64.0,164,0,0
1768228218035461,52931,14550,24.0,168,0,0
1768228218036915,52931,14550,42.0,136,0,0
1768228218038187,52931,14550,42.0,193,0,0
1768228218039730,52931,14550,48.0,32,0,0
1768228218042360,52931,14550,40.0,241,0,0
1768228218043827,52931,14550,70.0,87,0,0
1768228218045469,52931,14550,61.0,147,0,0
1768228218046670,52931,14550,64.0,11030,0,0
1768228218068944,5760,58419,,0,1,0
1768228218069831,52931,14550,29.0,0,0,0
1768228218158301,5760,58419,,264,1,0
1768228218159466,52931,14550,47.0,264,0,0
1768228218248788,52931,14550,48.0,163,0,0
1768228218250292,52931,14550,44.0,178,0,0
1768228218252131,52931,14550,48.0,30,0,0
1768228218254414,52931,14550,48.0,33,0,0
1768228218257641,52931,14550,39.0,74,0,0
1768228218260694,52931,14550,51.0,1,0,0
1768228218263520,52931,14550,22.0,125,0,0
1768228218265479,52931,14550,27.0,152,0,0
1768228218266554,52931,14550,45.0,62,0,0
1768228218268765,52931,14550,26.0,42,0,0
1768228218270346,52931,14550,32.0,36,0,0
1768228218271475,52931,14550,62.0,65,0,0
1768228218272865,52931,14550,49.0,27,0,0
1768228218274133,52931,14550,44.0,116,0,0
1768228218275781,52931,14550,42.0,129,0,0
1768228218277510,52931,14550,34.0,29,0,0
1768228218279823,52931,14550,34.0,137,0,0
1768228218281573,52931,14550,60.0,24,0,0
1768228218283188,52931,14550,53.0,124,0,0
1768228218284780,52931,14550,31.0,2,0,0
1768228218286883,52931,14550,64.0,164,0,0
1768228218288063,52931,14550,24.0,168,0,0
1768228218289848,52931,14550,42.0,136,0,0
1768228218291815,52931,14550,42.0,193,0,0
1768228218293695,52931,14550,48.0,32,0,0
1768228218295046,52931,14550,40.0,241,0,0
1768228218296516,52931,14550,70.0,87,0,0
1768228218298251,52931,14550,61.0,147,0,0
1768228218300063,52931,14550,64.0,11030,0,0
1768228218496496,52931,14550,48.0,163,0,0
1768228218498112,52931,14550,44.0,178,0,0
1768228218500009,52931,14550,48.0,30,0,0
1768228218502254,52931,14550,48.0,33,0,0
1768228218504046,52931,14550,39.0,74,0,0
1768228218507463,52931,14550,51.0,1,0,0
1768228218514571,52931,14550,22.0,125,0,0
1768228218516556,52931,14550,27.0,152,0,0
1768228218518447,52931,14550,45.0,62,0,0
1768228218523244,52931,14550,26.0,42,0,0
1768228218526442,52931,14550,32.0,36,0,0
1768228218528545,52931,14550,62.0,65,0,0
1768228218530716,52931,14550,49.0,27,0,0
1768228218532670,52931,14550,44.0,116,0,0
1768228218534374,52931,14550,42.0,129,0,0
1768228218537738,52931,14550,34.0,29,0,0
1768228218539585,52931,14550,34.0,137,0,0
1768228218541362,52931,14550,60.0,24,0,0
1768228218545853,52931,14550,53.0,124,0,0
1768228218548045,52931,14550,31.0,2,0,0
1768228218550938,52931,14550,64.0,164,0,0
1768228218552636,52931,14550,24.0,168,0,0
1768228218556730,52931,14550,42.0,136,0,0
1768228218558095,52931,14550,42.0,193,0,0
1768228218560123,52931,14550,48.0,32,0,0
1768228218561881,52931,14550,40.0,241,0,0
1768228218565348,52931,14550,70.0,87,0,0
1768228218567362,52931,14550,61.0,147,0,0
1768228218573092,52931,14550,64.0,11030,0,0
1768228218663736,5760,58419,,264,1,0
1768228218664714,52931,14550,47.0,264,0,0
1768228218749703,52931,14550,48.0,163,0,0
1768228218753155,52931,14550,44.0,178,0,0
1768228218754904,52931,14550,48.0,30,0,0
1768228218757602,52931,14550,48.0,33,0,0
1768228218759325,52931,14550,39.0,74,0,0
1768228218764327,52931,14550,51.0,1,0,0
1768228218768210,52931,14550,22.0,125,0,0
1768228218772370,52931,14550,27.0,152,0,0
1768228218774856,52931,14550,45.0,62,0,0
1768228218778235,52931,14550,26.0,42,0,0
1768228218781686,52931,14550,32.0,36,0,0
1768228218784314,52931,14550,62.0,65,0,0
1768228218786655,52931,14550,49.0,27,0,0
1768228218789556,52931,14550,44.0,116,0,0
1768228218792752,52931,14550,42.0,129,0,0
1768228218795021,52931,14550,34.0,29,0,0
1768228218797305,52931,14550,34.0,137,0,0
1768228218800803,52931,14550,60.0,24,0,0
1768228218804647,52931,14550,53.0,124,0,0
1768228218807577,52931,14550,31.0,2,0,0
1768228218809799,52931,14550,64.0,164,0,0
1768228218812435,52931,14550,24.0,168,0,0
1768228218815419,52931,14550,42.0,136,0,0
1768228218817356,52931,14550,42.0,193,0,0
1768228218819264,52931,14550,48.0,32,0,0
1768228218821209,52931,14550,40.0,241,0,0
1768228218823493,52931,14550,70.0,87,0,0
1768228218826540,52931,14550,61.0,147,0,0
1768228218829643,52931,14550,64.0,11030,0,0
1768228218855684,58419,5760,,0,1,0
1768228218999591,52931,14550,48.0,163,0,0
1768228219001478,52931,14550,44.0,178,0,0
1768228219003535,52931,14550,48.0,30,0,0
1768228219007683,52931,14550,48.0,33,0,0
1768228219013591,52931,14550,39.0,74,0,0
1768228219017643,52931,14550,51.0,1,0,0
1768228219027972,52931,14550,22.0,125,0,0
1768228219030601,52931,14550,27.0,152,0,0
1768228219033013,52931,14550,45.0,62,0,0
1768228219037013,52931,14550,26.0,42,0,0
1768228219041199,52931,14550,32.0,36,0,0
1768228219044340,52931,14550,62.0,65,0,0
1768228219048712,52931,14550,49.0,27,0,0
1768228219051198,52931,14550,44.0,116,0,0
1768228219053915,52931,14550,42.0,129,0,0
1768228219055861,52931,14550,34.0,29,0,0
1768228219058142,52931,14550,34.0,137,0,0
1768228219059939,52931,14550,60.0,24,0,0
1768228219064810,52931,14550,53.0,124,0,0
1768228219067674,52931,14550,31.0,2,0,0
1768228219070927,5760,58419,,0,1,0
1768228219071790,52931,14550,64.0,164,0,0
1768228219073541,52931,14550,24.0,168,0,0
1768228219076175,52931,14550,42.0,136,0,0
1768228219079365,52931,14550,42.0,193,0,0
1768228219082704,52931,14550,48.0,32,0,0
1768228219085557,52931,14550,40.0,241,0,0
1768228219086946,52931,14550,70.0,87,0,0
1768228219089436,52931,14550,61.0,147,0,0
1768228219092768,52931,14550,64.0,11030,0,0
1768228219096176,52931,14550,29.0,0,0,0
1768228219164570,5760,58419,,264,1,0
1768228219165687,52931,14550,47.0,264,0,0
1768228219250935,52931,14550,48.0,163,0,0
1768228219252616,52931,14550,44.0,178,0,0
1768228219254462,52931,14550,48.0,30,0,0
1768228219256936,52931,14550,48.0,33,0,0
1768228219258815,52931,14550,39.0,74,0,0
1768228219263063,52931,14550,51.0,1,0,0
1768228219268402,52931,14550,22.0,125,0,0
1768228219271696,52931,14550,27.0,152,0,0
1768228219273501,52931,14550,45.0,62,0,0
1768228219275652,52931,14550,26.0,42,0,0
1768228219277719,52931,14550,32.0,36,0,0
1768228219279625,52931,14550,62.0,65,0,0
1768228219280946,52931,14550,49.0,27,0,0
1768228219282401,52931,14550,44.0,116,0,0
1768228219283883,52931,14550,42.0,129,0,0
1768228219285521,52931,14550,34.0,29,0,0
1768228219286786,52931,14550,34.0,137,0,0
1768228219288261,52931,14550,60.0,24,0,0
1768228219289977,52931,14550,53.0,124,0,0
1768228219291784,52931,14550,31.0,2,0,0
1768228219293652,52931,14550,64.0,164,0,0
1768228219295361,52931,14550,24.0,168,0,0
1768228219297249,52931,14550,42.0,136,0,0
1768228219298846,52931,14550,42.0,193,0,0
1768228219300319,52931,14550,48.0,32,0,0
1768228219301538,52931,14550,40.0,241,0,0
1768228219303160,52931,14550,70.0,87,0,0
1768228219304666,52931,14550,61.0,147,0,0
1768228219306519,52931,14550,64.0,11030,0,0
1768228219504578,52931,14550,48.0,163,0,0
1768228219507520,52931,14550,44.0,178,0,0
1768228219509122,52931,14550,48.0,30,0,0
1768228219515199,52931,14550,48.0,33,0,0
1768228219517847,52931,14550,39.0,74,0,0
1768228219524051,52931,14550,51.0,1,0,0
1768228219530449,52931,14550,22.0,125,0,0
1768228219532195,52931,14550,27.0,152,0,0
1768228219533385,52931,14550,45.0,62,0,0
1768228219535478,52931,14550,26.0,42,0,0
1768228219537321,52931,14550,32.0,36,0,0
1768228219539739,52931,14550,62.0,65,0,0
1768228219541273,52931,14550,49.0,27,0,0
1768228219542484,52931,14550,44.0,116,0,0
1768228219544080,52931,14550,42.0,129,0,0
1768228219545238,52931,14550,34.0,29,0,0
1768228219546563,52931,14550,34.0,137,0,0
1768228219547923,52931,14550,60.0,24,0,0
1768228219549672,52931,14550,53.0,124,0,0
1768228219552288,52931,14550,31.0,2,0,0
1768228219554295,52931,14550,64.0,164,0,0
1768228219556154,52931,14550,24.0,168,0,0
1768228219558312,52931,14550,42.0,136,0,0
1768228219560260,52931,14550,42.0,193,0,0
1768228219562858,52931,14550,48.0,32,0,0
1768228219564539,52931,14550,40.0,241,0,0
1768228219566043,52931,14550,70.0,87,0,0
1768228219568275,52931,14550,61.0,147,0,0
1768228219570733,52931,14550,64.0,11030,0,0
1768228219670011,5760,58419,,264,1,0
1768228219671057,52931,14550,47.0,264,0,0
1768228219755664,52931,14550,48.0,163,0,0
1768228219758240,52931,14550,44.0,178,0,0
1768228219760848,52931,14550,48.0,30,0,0
1768228219763149,52931,14550,48.0,33,0,0
1768228219764919,52931,14550,39.0,74,0,0
1768228219767634,52931,14550,51.0,1,0,0
1768228219772078,52931,14550,22.0,125,0,0
1768228219773700,52931,14550,27.0,152,0,0
1768228219775439,52931,14550,45.0,62,0,0
1768228219777810,52931,14550,26.0,42,0,0
1768228219780363,52931,14550,32.0,36,0,0
1768228219781995,52931,14550,62.0,65,0,0
1768228219783467,52931,14550,49.0,27,0,0
1768228219784863,52931,14550,44.0,116,0,0
1768228219786128,52931,14550,42.0,129,0,0
1768228219787686,52931,14550,34.0,29,0,0
1768228219788995,52931,14550,34.0,137,0,0
1768228219790337,52931,14550,60.0,24,0,0
1768228219792311,52931,14550,53.0,124,0,0
1768228219794052,52931,14550,31.0,2,0,0
1768228219795853,52931,14550,64.0,164,0,0
1768228219797614,52931,14550,24.0,168,0,0
1768228219799961,52931,14550,42.0,136,0,0
1768228219801291,52931,14550,42.0,193,0,0
1768228219802966,52931,14550,48.0,32,0,0
1768228219804185,52931,14550,40.0,241,0,0
1768228219805685,52931,14550,70.0,87,0,0
1768228219807127,52931,14550,61.0,147,0,0
1768228219808982,52931,14550,64.0,11030,0,0
1768228219856747,58419,5760,,0,1,0
1768228220010228,52931,14550,48.0,163,0,0
1768228220012004,52931,14550,44.0,178,0,0
1768228220014427,52931,14550,48.0,30,0,0
1768228220018383,52931,14550,48.0,33,0,0
1768228220020372,52931,14550,39.0,74,0,0
1768228220024790,52931,14550,51.0,1,0,0
1768228220031803,52931,14550,22.0,125,0,0
1768228220034432,52931,14550,27.0,152,0,0
1768228220036095,52931,14550,45.0,62,0,0
1768228220040134,52931,14550,26.0,42,0,0
1768228220043581,52931,14550,32.0,36,0,0
1768228220045462,52931,14550,62.0,65,0,0
1768228220046920,52931,14550,49.0,27,0,0
1768228220049349,52931,14550,44.0,116,0,0
1768228220051869,52931,14550,42.0,129,0,0
1768228220054681,52931,14550,34.0,29,0,0
1768228220055909,52931,14550,34.0,137,0,0
1768228220057799,52931,14550,60.0,24,0,0
1768228220062084,52931,14550,53.0,124,0,0
1768228220064912,52931,14550,31.0,2,0,0
1768228220066682,52931,14550,64.0,164,0,0
1768228220070620,52931,14550,24.0,168,0,0
1768228220072841,52931,14550,42.0,136,0,0
1768228220074412,52931,14550,42.0,193,0,0
1768228220077938,52931,14550,48.0,32,0,0
1768228220079707,5760,58419,,0,1,0
1768228220079848,52931,14550,40.0,241,0,0
1768228220082219,52931,14550,70.0,87,0,0
1768228220084792,52931,14550,61.0,147,0,0
1768228220086043,52931,14550,64.0,11030,0,0
1768228220092071,52931,14550,29.0,0,0,0
1768228220174199,5760,58419,,264,1,0
1768228220175212,52931,14550,47.0,264,0,0
1768228220261121,52931,14550,48.0,163,0,0
1768228220263602,52931,14550,44.0,178,0,0
1768228220265882,52931,14550,48.0,30,0,0
1768228220269298,52931,14550,48.0,33,0,0
1768228220271558,52931,14550,39.0,74,0,0
1768228220274471,52931,14550,51.0,1,0,0
1768228220277017,52931,14550,22.0,125,0,0
1768228220278999,52931,14550,27.0,152,0,0
1768228220280380,52931,14550,45.0,62,0,0
1768228220282746,52931,14550,26.0,42,0,0
1768228220285520,52931,14550,32.0,36,0,0
1768228220287563,52931,14550,62.0,65,0,0
1768228220288992,52931,14550,49.0,27,0,0
1768228220290430,52931,14550,44.0,116,0,0
1768228220291694,52931,14550,42.0,129,0,0
1768228220293270,52931,14550,34.0,29,0,0
1768228220294573,52931,14550,34.0,137,0,0
1768228220296093,52931,14550,60.0,24,0,0
1768228220297956,52931,14550,53.0,124,0,0
1768228220299808,52931,14550,31.0,2,0,0
1768228220301620,52931,14550,64.0,164,0,0
1768228220303489,52931,14550,24.0,168,0,0
1768228220304912,52931,14550,42.0,136,0,0
1768228220306410,52931,14550,42.0,193,0,0
1768228220307911,52931,14550,48.0,32,0,0
1768228220309087,52931,14550,40.0,241,0,0
1768228220311014,52931,14550,70.0,87,0,0
1768228220312823,52931,14550,61.0,147,0,0
1768228220314633,52931,14550,64.0,11030,0,0
1768228220509039,52931,14550,48.0,163,0,0
1768228220512044,52931,14550,44.0,178,0,0
1768228220517480,52931,14550,48.0,30,0,0
1768228220521682,52931,14550,48.0,33,0,0
1768228220525573,52931,14550,39.0,74,0,0
1768228220534337,52931,14550,51.0,1,0,0
1768228220538014,52931,14550,22.0,125,0,0
1768228220539768,52931,14550,27.0,152,0,0
1768228220541052,52931,14550,45.0,62,0,0
1768228220543643,52931,14550,26.0,42,0,0
1768228220545994,52931,14550,32.0,36,0,0
1768228220547591,52931,14550,62.0,65,0,0
1768228220549407,52931,14550,49.0,27,0,0
1768228220550881,52931,14550,44.0,116,0,0
1768228220552054,52931,14550,42.0,129,0,0
1768228220553283,52931,14550,34.0,29,0,0
1768228220555693,52931,14550,34.0,137,0,0
1768228220557984,52931,14550,60.0,24,0,0
1768228220560039,52931,14550,53.0,124,0,0
1768228220562917,52931,14550,31.0,2,0,0
1768228220564195,52931,14550,64.0,164,0,0
1768228220565139,52931,14550,24.0,168,0,0
1768228220566143,52931,14550,42.0,136,0,0
1768228220566993,52931,14550,42.0,193,0,0
1768228220568071,52931,14550,48.0,32,0,0
1768228220568939,52931,14550,40.0,241,0,0
1768228220570158,52931,14550,70.0,87,0,0
1768228220571803,52931,14550,61.0,147,0,0
1768228220573167,52931,14550,64.0,11030,0,0
1768228220676042,5760,58419,,264,1,0
1768228220676913,52931,14550,47.0,264,0,0
1768228220761443,52931,14550,48.0,163,0,0
1768228220763802,52931,14550,44.0,178,0,0
1768228220765924,52931,14550,48.0,30,0,0
1768228220768959,52931,14550,48.0,33,0,0
1768228220770311,52931,14550,39.0,74,0,0
1768228220773761,52931,14550,51.0,1,0,0
1768228220776213,52931,14550,22.0,125,0,0
1768228220778167,52931,14550,27.0,152,0,0
1768228220780010,52931,14550,45.0,62,0,0
1768228220782481,52931,14550,26.0,42,0,0
1768228220785059,52931,14550,32.0,36,0,0
1768228220786321,52931,14550,62.0,65,0,0
1768228220787845,52931,14550,49.0,27,0,0
1768228220789217,52931,14550,44.0,116,0,0
1768228220790592,52931,14550,42.0,129,0,0
1768228220792195,52931,14550,34.0,29,0,0
1768228220793986,52931,14550,34.0,137,0,0
1768228220795253,52931,14550,60.0,24,0,0
1768228220797342,52931,14550,53.0,124,0,0
1768228220799301,52931,14550,31.0,2,0,0
1768228220800577,52931,14550,64.0,164,0,0
1768228220801959,52931,14550,24.0,168,0,0
1768228220803600,52931,14550,42.0,136,0,0
1768228220805317,52931,14550,42.0,193,0,0
1768228220807009,52931,14550,48.0,32,0,0
1768228220808229,52931,14550,40.0,241,0,0
1768228220809751,52931,14550,70.0,87,0,0
1768228220811932,52931,14550,61.0,147,0,0
1768228220813810,52931,14550,64.0,11030,0,0
1768228220861046,58419,5760,,0,1,0
1768228221011671,52931,14550,48.0,163,0,0
1768228221015011,52931,14550,44.0,178,0,0
1768228221018757,52931,14550,48.0,30,0,0
1768228221021324,52931,14550,48.0,33,0,0
1768228221023169,52931,14550,39.0,74,0,0
1768228221029808,52931,14550,51.0,1,0,0
1768228221034638,52931,14550,22.0,125,0,0
1768228221036765,52931,14550,27.0,152,0,0
1768228221038677,52931,14550,45.0,62,0,0
1768228221042043,52931,14550,26.0,42,0,0
1768228221045043,52931,14550,32.0,36,0,0
1768228221046482,52931,14550,62.0,65,0,0
1768228221048485,52931,14550,49.0,27,0,0
1768228221050202,52931,14550,44.0,116,0,0
1768228221052162,52931,14550,42.0,129,0,0
1768228221055909,52931,14550,34.0,29,0,0
1768228221057640,52931,14550,34.0,137,0,0
1768228221059816,52931,14550,60.0,24,0,0
1768228221064455,52931,14550,53.0,124,0,0
1768228221070268,52931,14550,31.0,2,0,0
1768228221072901,52931,14550,64.0,164,0,0
1768228221074532,52931,14550,24.0,168,0,0
1768228221076724,52931,14550,42.0,136,0,0
1768228221079968,52931,14550,42.0,193,0,0
1768228221081861,52931,14550,48.0,32,0,0
1768228221083478,52931,14550,40.0,241,0,0
1768228221084865,52931,14550,70.0,87,0,0
1768228221086433,52931,14550,61.0,147,0,0
1768228221086905,5760,58419,,0,1,0
1768228221088192,52931,14550,64.0,11030,0,0
1768228221090732,52931,14550,29.0,0,0,0
1768228221177537,5760,58419,,264,1,0
1768228221178547,52931,14550,47.0,264,0,0
1768228221262709,52931,14550,48.0,163,0,0
1768228221265536,52931,14550,44.0,178,0,0
1768228221267088,52931,14550,48.0,30,0,0
1768228221269313,52931,14550,48.0,33,0,0
1768228221270830,52931,14550,39.0,74,0,0
1768228221273802,52931,14550,51.0,1,0,0
1768228221276119,52931,14550,22.0,125,0,0
1768228221278232,52931,14550,27.0,152,0,0
1768228221279624,52931,14550,45.0,62,0,0
1768228221282312,52931,14550,26.0,42,0,0
1768228221285481,52931,14550,32.0,36,0,0
1768228221287609,52931,14550,62.0,65,0,0
1768228221290080,52931,14550,49.0,27,0,0
1768228221293304,52931,14550,44.0,116,0,0
1768228221295420,52931,14550,42.0,129,0,0
1768228221297444,52931,14550,34.0,29,0,0
1768228221299575,52931,14550,34.0,137,0,0
1768228221301861,52931,14550,60.0,24,0,0
1768228221305365,52931,14550,53.0,124,0,0
1768228221307996,52931,14550,31.0,2,0,0
1768228221310329,52931,14550,64.0,164,0,0
1768228221312523,52931,14550,24.0,168,0,0
1768228221314957,52931,14550,42.0,136,0,0
1768228221316994,52931,14550,42.0,193,0,0
1768228221318780,52931,14550,48.0,32,0,0
1768228221320206,52931,14550,40.0,241,0,0
1768228221321526,52931,14550,70.0,87,0,0
1768228221323507,52931,14550,61.0,147,0,0
1768228221325909,52931,14550,64.0,11030,0,0
1768228221516070,52931,14550,48.0,163,0,0
1768228221516941,52931,14550,44.0,178,0,0
1768228221518007,52931,14550,48.0,30,0,0
1768228221519388,52931,14550,48.0,33,0,0
1768228221520373,52931,14550,39.0,74,0,0
1768228221523078,52931,14550,51.0,1,0,0
1768228221525809,52931,14550,22.0,125,0,0
1768228221527455,52931,14550,27.0,152,0,0
1768228221529067,52931,14550,45.0,62,0,0
1768228221531429,52931,14550,26.0,42,0,0
1768228221532793,52931,14550,32.0,36,0,0
1768228221534142,52931,14550,62.0,65,0,0
1768228221534916,52931,14550,49.0,27,0,0
1768228221535794,52931,14550,44.0,116,0,0
1768228221537452,52931,14550,42.0,129,0,0
1768228221538056,52931,14550,34.0,29,0,0
1768228221539164,52931,14550,34.0,137,0,0
1768228221540011,52931,14550,60.0,24,0,0
1768228221541419,52931,14550,53.0,124,0,0
1768228221542576,52931,14550,31.0,2,0,0
1768228221543914,52931,14550,64.0,164,0,0
1768228221544611,52931,14550,24.0,168,0,0
1768228221545751,52931,14550,42.0,136,0,0
1768228221546451,52931,14550,42.0,193,0,0
1768228221547632,52931,14550,48.0,32,0,0
1768228221548742,52931,14550,40.0,241,0,0
1768228221549952,52931,14550,70.0,87,0,0
1768228221552164,52931,14550,61.0,147,0,0
1768228221553188,52931,14550,64.0,11030,0,0
1768228221681328,5760,58419,,264,1,0
1768228221682161,52931,14550,47.0,264,0,0
1768228221768419,52931,14550,48.0,163,0,0
1768228221769491,52931,14550,44.0,178,0,0
1768228221770065,52931,14550,48.0,30,0,0
1768228221770677,52931,14550,48.0,33,0,0
1768228221771144,52931,14550,39.0,74,0,0
1768228221772285,52931,14550,51.0,1,0,0
1768228221774024,52931,14550,22.0,125,0,0
1768228221775521,52931,14550,27.0,152,0,0
1768228221776301,52931,14550,45.0,62,0,0
1768228221777343,52931,14550,26.0,42,0,0
1768228221778477,52931,14550,32.0,36,0,0
1768228221779259,52931,14550,62.0,65,0,0
1768228221779688,52931,14550,49.0,27,0,0
1768228221780144,52931,14550,44.0,116,0,0
1768228221781082,52931,14550,42.0,129,0,0
1768228221781894,52931,14550,34.0,29,0,0
1768228221782612,52931,14550,34.0,137,0,0
1768228221783238,52931,14550,60.0,24,0,0
1768228221783935,52931,14550,53.0,124,0,0
1768228221784474,52931,14550,31.0,2,0,0
1768228221785062,52931,14550,64.0,164,0,0
1768228221785568,52931,14550,24.0,168,0,0
1768228221786065,52931,14550,42.0,136,0,0
1768228221786457,52931,14550,42.0,193,0,0
1768228221787057,52931,14550,48.0,32,0,0
1768228221787580,52931,14550,40.0,241,0,0
1768228221788045,52931,14550,70.0,87,0,0
1768228221788542,52931,14550,61.0,147,0,0
1768228221789152,52931,14550,64.0,11030,0,0
1768228221864107,58419,5760,,0,1,0
1768228222013671,52931,14550,48.0,163,0,0
1768228222014292,52931,14550,44.0,178,0,0
1768228222014624,52931,14550,48.0,30,0,0
1768228222015373,52931,14550,48.0,33,0,0
1768228222015845,52931,14550,39.0,74,0,0
1768228222016723,52931,14550,51.0,1,0,0
1768228222018329,52931,14550,22.0,125,0,0
1768228222018969,52931,14550,27.0,152,0,0
1768228222019914,52931,14550,45.0,62,0,0
1768228222021013,52931,14550,26.0,42,0,0
1768228222022166,52931,14550,32.0,36,0,0
1768228222022797,52931,14550,62.0,65,0,0
1768228222023399,52931,14550,49.0,27,0,0
1768228222024057,52931,14550,44.0,116,0,0
1768228222024554,52931,14550,42.0,129,0,0
1768228222024877,52931,14550,34.0,29,0,0
1768228222025191,52931,14550,34.0,137,0,0
1768228222025504,52931,14550,60.0,24,0,0
1768228222025945,52931,14550,53.0,124,0,0
1768228222026484,52931,14550,31.0,2,0,0
1768228222026814,52931,14550,64.0,164,0,0
1768228222027165,52931,14550,24.0,168,0,0
1768228222027614,52931,14550,42.0,136,0,0
1768228222028030,52931,14550,42.0,193,0,0
1768228222028433,52931,14550,48.0,32,0,0
1768228222028755,52931,14550,40.0,241,0,0
1768228222029175,52931,14550,70.0,87,0,0
1768228222029680,52931,14550,61.0,147,0,0
1768228222030030,52931,14550,64.0,11030,0,0
1768228222085062,5760,58419,,0,1,1
1768228222085712,52931,14550,29.0,0,0,1
1768228222181382,5760,58419,,264,1,1
1768228222182047,52931,14550,47.0,264,0,1
1768228222266496,52931,14550,48.0,163,0,1
1768228222267540,52931,14550,44.0,178,0,1
1768228222268590,52931,14550,48.0,30,0,1
1768228222270536,52931,14550,48.0,33,0,1
1768228222271468,52931,14550,39.0,74,0,1
1768228222274800,52931,14550,51.0,1,0,1
1768228222277677,52931,14550,22.0,125,0,1
1768228222278580,52931,14550,27.0,152,0,1
1768228222279712,52931,14550,45.0,62,0,1
1768228222280932,52931,14550,26.0,42,0,1
1768228222282167,52931,14550,32.0,36,0,1
1768228222283173,52931,14550,62.0,65,0,1
1768228222284097,52931,14550,49.0,27,0,1
1768228222284843,52931,14550,44.0,116,0,1
1768228222285529,52931,14550,42.0,129,0,1
1768228222286387,52931,14550,34.0,29,0,1
1768228222287075,52931,14550,34.0,137,0,1
1768228222287923,52931,14550,60.0,24,0,1
1768228222288860,52931,14550,53.0,124,0,1
1768228222290433,52931,14550,31.0,2,0,1
1768228222291363,52931,14550,64.0,164,0,1
1768228222292236,52931,14550,24.0,168,0,1
1768228222293051,52931,14550,42.0,136,0,1
1768228222293910,52931,14550,42.0,193,0,1
1768228222294821,52931,14550,48.0,32,0,1
1768228222295524,52931,14550,40.0,241,0,1
1768228222296295,52931,14550,70.0,87,0,1
1768228222297446,52931,14550,61.0,147,0,1
1768228222298356,52931,14550,64.0,11030,0,1
1768228222519972,52931,14550,48.0,163,0,1
1768228222521051,52931,14550,44.0,178,0,1
1768228222522094,52931,14550,48.0,30,0,1
1768228222525951,52931,14550,48.0,33,0,1
1768228222527046,52931,14550,39.0,74,0,1
1768228222529167,52931,14550,51.0,1,0,1
1768228222533156,52931,14550,22.0,125,0,1
1768228222535113,52931,14550,27.0,152,0,1
1768228222535843,52931,14550,45.0,62,0,1
1768228222537722,52931,14550,26.0,42,0,1
1768228222539441,52931,14550,32.0,36,0,1
1768228222539465,5760,58419,,253,1,1
1768228222540822,52931,14550,62.0,65,0,1
1768228222542776,52931,14550,49.0,27,0,1
1768228222543452,52931,14550,44.0,116,0,1
1768228222544482,52931,14550,42.0,129,0,1
1768228222545411,52931,14550,34.0,29,0,1
1768228222546099,52931,14550,34.0,137,0,1
1768228222547298,52931,14550,60.0,24,0,1
1768228222548480,52931,14550,53.0,124,0,1
1768228222549792,52931,14550,31.0,2,0,1
1768228222550675,52931,14550,64.0,164,0,1
1768228222551466,52931,14550,24.0,168,0,1
1768228222552289,52931,14550,42.0,136,0,1
1768228222553185,52931,14550,42.0,193,0,1
1768228222554093,52931,14550,48.0,32,0,1
1768228222554998,52931,14550,40.0,241,0,1
1768228222555838,52931,14550,70.0,87,0,1
1768228222556880,52931,14550,61.0,147,0,1
1768228222557964,52931,14550,64.0,11030,0,1
1768228222560081,52931,14550,71.0,253,0,1
1768228222561244,52931,14550,35.0,253,0,1
1768228222564015,52931,14550,60.0,253,0,1
1768228222566121,52931,14550,35.0,253,0,1
1768228222568159,52931,14550,60.0,253,0,1
1768228222569342,52931,14550,35.0,253,0,1
1768228222570624,52931,14550,60.0,253,0,1
1768228222575374,52931,14550,35.0,253,0,1
1768228222577464,52931,14550,60.0,253,0,1
1768228222580212,52931,14550,35.0,253,0,1
1768228222582109,52931,14550,60.0,253,0,1
1768228222583322,52931,14550,35.0,253,0,1
1768228222584380,52931,14550,60.0,253,0,1
1768228222586836,52931,14550,35.0,253,0,1
1768228222588092,52931,14550,60.0,253,0,1
1768228222593299,52931,14550,35.0,253,0,1
1768228222594749,52931,14550,60.0,253,0,1
1768228222596768,52931,14550,35.0,253,0,1
1768228222598218,52931,14550,60.0,253,0,1
1768228222600982,52931,14550,35.0,253,0,1
1768228222602660,52931,14550,60.0,253,0,1
1768228222604024,52931,14550,35.0,253,0,1
1768228222604944,52931,14550,60.0,253,0,1
1768228222606722,52931,14550,35.0,253,0,1
1768228222609224,52931,14550,60.0,253,0,1
1768228222612067,52931,14550,35.0,253,0,1
1768228222613455,52931,14550,60.0,253,0,1
1768228222615035,52931,14550,35.0,253,0,1
1768228222617688,52931,14550,60.0,253,0,1
1768228222619101,52931,14550,35.0,253,0,1
1768228222620403,52931,14550,60.0,253,0,1
1768228222621497,52931,14550,35.0,253,0,1
1768228222623103,52931,14550,60.0,253,0,1
1768228222626358,52931,14550,35.0,253,0,1
1768228222628044,52931,14550,60.0,253,0,1
1768228222630424,52931,14550,35.0,253,0,1
1768228222632202,52931,14550,60.0,253,0,1
1768228222634097,52931,14550,35.0,253,0,1
1768228222636015,52931,14550,60.0,253,0,1
1768228222640157,52931,14550,35.0,253,0,1
1768228222643599,52931,14550,60.0,253,0,1
1768228222646991,52931,14550,35.0,253,0,1
1768228222649057,52931,14550,60.0,253,0,1
1768228222650536,52931,14550,35.0,253,0,1
1768228222652514,52931,14550,60.0,253,0,1
1768228222654959,52931,14550,35.0,253,0,1
1768228222658189,52931,14550,60.0,253,0,0
1768228222660094,52931,14550,35.0,253,0,0
1768228222663537,52931,14550,60.0,253,0,0
1768228222664738,52931,14550,35.0,253,0,0
1768228222664829,5760,58419,,22,1,0
1768228222666544,52931,14550,60.0,253,0,0
1768228222669069,52931,14550,35.0,253,0,0
1768228222670466,52931,14550,60.0,253,0,0
1768228222672955,52931,14550,35.0,253,0,0
1768228222674735,52931,14550,60.0,253,0,0
1768228222675892,52931,14550,45.0,22,0,0
1768228222678021,52931,14550,35.0,253,0,0
1768228222679491,52931,14550,60.0,253,0,0
1768228222681704,5760,58419,,264,1,0
1768228222682396,52931,14550,47.0,264,0,0
1768228222770168,52931,14550,48.0,163,0,0
1768228222771547,52931,14550,44.0,178,0,0
1768228222772382,52931,14550,48.0,30,0,0
1768228222773309,52931,14550,48.0,33,0,0
1768228222774493,52931,14550,39.0,74,0,0
1768228222776014,52931,14550,51.0,1,0,0
1768228222776741,52931,14550,22.0,125,0,0
1768228222777360,52931,14550,27.0,152,0,0
1768228222777839,52931,14550,45.0,62,0,0
1768228222778866,52931,14550,26.0,42,0,0
1768228222779458,52931,14550,32.0,36,0,0
1768228222779855,52931,14550,62.0,65,0,0
1768228222780305,52931,14550,49.0,27,0,0
1768228222780690,52931,14550,44.0,116,0,0
1768228222781100,52931,14550,42.0,129,0,0
1768228222781532,52931,14550,34.0,29,0,0
1768228222781898,52931,14550,34.0,137,0,0
1768228222782369,52931,14550,60.0,24,0,0
1768228222782874,52931,14550,53.0,124,0,0
1768228222783420,52931,14550,31.0,2,0,0
1768228222783963,52931,14550,64.0,164,0,0
1768228222784410,52931,14550,24.0,168,0,0
1768228222784892,52931,14550,42.0,136,0,0
1768228222785307,52931,14550,42.0,193,0,0
1768228222785745,52931,14550,48.0,32,0,0
1768228222786123,52931,14550,40.0,241,0,0
1768228222786620,52931,14550,70.0,87,0,0
1768228222787027,52931,14550,61.0,147,0,0
1768228222787366,52931,14550,64.0,11030,0,0
1768228222874030,58419,5760,,0,1,0
1768228223017791,52931,14550,48.0,163,0,0
1768228223020361,52931,14550,44.0,178,0,0
1768228223023209,52931,14550,48.0,30,0,0
1768228223027127,52931,14550,48.0,33,0,0
1768228223030226,52931,14550,39.0,74,0,0
1768228223037708,52931,14550,51.0,1,0,0
1768228223043003,52931,14550,22.0,125,0,0
1768228223045743,52931,14550,27.0,152,0,0
1768228223046990,52931,14550,45.0,62,0,0
1768228223050591,52931,14550,26.0,42,0,0
1768228223052895,52931,14550,32.0,36,0,0
1768228223055836,52931,14550,62.0,65,0,0
1768228223059121,52931,14550,49.0,27,0,0
1768228223061722,52931,14550,44.0,116,0,0
1768228223063064,52931,14550,42.0,129,0,0
1768228223065378,52931,14550,34.0,29,0,0
1768228223067252,52931,14550,34.0,137,0,0
1768228223069726,52931,14550,60.0,24,0,0
1768228223073746,52931,14550,53.0,124,0,0
1768228223077005,52931,14550,31.0,2,0,0
1768228223078954,52931,14550,64.0,164,0,0
1768228223081378,52931,14550,24.0,168,0,0
1768228223085871,52931,14550,42.0,136,0,0
1768228223088956,52931,14550,42.0,193,0,0
1768228223090111,5760,58419,,0,1,0
1768228223092335,52931,14550,48.0,32,0,0
1768228223094237,52931,14550,40.0,241,0,0
1768228223097649,52931,14550,70.0,87,0,0
1768228223101504,52931,14550,61.0,147,0,0
1768228223103538,52931,14550,64.0,11030,0,0
1768228223109165,52931,14550,29.0,0,0,0
1768228223185441,5760,58419,,264,1,0
1768228223186521,52931,14550,47.0,264,0,0
1768228223270806,52931,14550,48.0,163,0,0
1768228223273307,52931,14550,44.0,178,0,0
1768228223275521,52931,14550,48.0,30,0,0
1768228223279359,52931,14550,48.0,33,0,0
1768228223281484,52931,14550,39.0,74,0,0
1768228223284298,52931,14550,51.0,1,0,0
1768228223287441,52931,14550,22.0,125,0,0
1768228223289928,52931,14550,27.0,152,0,0
1768228223291430,52931,14550,45.0,62,0,0
1768228223293656,52931,14550,26.0,42,0,0
1768228223295527,52931,14550,32.0,36,0,0
1768228223296827,52931,14550,62.0,65,0,0
1768228223298076,52931,14550,49.0,27,0,0
1768228223299352,52931,14550,44.0,116,0,0
1768228223300752,52931,14550,42.0,129,0,0
1768228223302372,52931,14550,34.0,29,0,0
1768228223303856,52931,14550,34.0,137,0,0
1768228223305190,52931,14550,60.0,24,0,0
1768228223307063,52931,14550,53.0,124,0,0
1768228223309402,52931,14550,31.0,2,0,0
1768228223310646,52931,14550,64.0,164,0,0
1768228223312185,52931,14550,24.0,168,0,0
1768228223313554,52931,14550,42.0,136,0,0
1768228223314895,52931,14550,42.0,193,0,0
1768228223316373,52931,14550,48.0,32,0,0
1768228223318180,52931,14550,40.0,241,0,0
1768228223319626,52931,14550,70.0,87,0,0
1768228223321319,52931,14550,61.0,147,0,0
1768228223323004,52931,14550,64.0,11030,0,0
1768228223515911,52931,14550,45.0,22,0,0
1768228223518853,52931,14550,45.0,22,0,0
1768228223520938,52931,14550,45.0,22,0,0
1768228223524035,52931,14550,48.0,163,0,0
1768228223525550,52931,14550,44.0,178,0,0
1768228223527531,52931,14550,48.0,30,0,0
1768228223532373,52931,14550,48.0,33,0,0
1768228223533720,52931,14550,39.0,74,0,0
1768228223538074,52931,14550,51.0,1,0,0
1768228223544778,52931,14550,22.0,125,0,0
1768228223547084,52931,14550,27.0,152,0,0
1768228223548728,52931,14550,45.0,62,0,0
1768228223551988,52931,14550,26.0,42,0,0
1768228223555913,52931,14550,32.0,36,0,0
1768228223561358,52931,14550,62.0,65,0,0
1768228223563716,52931,14550,49.0,27,0,0
1768228223567583,52931,14550,44.0,116,0,0
1768228223570568,52931,14550,42.0,129,0,0
1768228223572963,52931,14550,34.0,29,0,0
1768228223576498,52931,14550,34.0,137,0,0
1768228223578736,52931,14550,60.0,24,0,0
1768228223581331,52931,14550,53.0,124,0,0
1768228223582732,52931,14550,31.0,2,0,0
1768228223583952,52931,14550,64.0,164,0,0
1768228223585462,52931,14550,24.0,168,0,0
1768228223587060,52931,14550,42.0,136,0,0
1768228223588331,52931,14550,42.0,193,0,0
1768228223590188,52931,14550,48.0,32,0,0
1768228223592285,52931,14550,40.0,241,0,0
1768228223593655,52931,14550,70.0,87,0,0
1768228223596082,52931,14550,61.0,147,0,0
1768228223598276,52931,14550,64.0,11030,0,0
1768228223689929,5760,58419,,264,1,0
1768228223691194,52931,14550,47.0,264,0,0
1768228223774254,52931,14550,48.0,163,0,0
1768228223775452,52931,14550,44.0,178,0,0
1768228223776870,52931,14550,48.0,30,0,0
1768228223777707,52931,14550,48.0,33,0,0
1768228223778635,52931,14550,39.0,74,0,0
1768228223779624,52931,14550,51.0,1,0,0
1768228223780723,52931,14550,22.0,125,0,0
1768228223781642,52931,14550,27.0,152,0,0
1768228223782217,52931,14550,45.0,62,0,0
1768228223783260,52931,14550,26.0,42,0,0
1768228223783980,52931,14550,32.0,36,0,0
1768228223784646,52931,14550,62.0,65,0,0
1768228223785175,52931,14550,49.0,27,0,0
1768228223785765,52931,14550,44.0,116,0,0
1768228223786335,52931,14550,42.0,129,0,0
1768228223786967,52931,14550,34.0,29,0,0
1768228223787554,52931,14550,34.0,137,0,0
1768228223788395,52931,14550,60.0,24,0,0
1768228223789261,52931,14550,53.0,124,0,0
1768228223789998,52931,14550,31.0,2,0,0
1768228223790593,52931,14550,64.0,164,0,0
1768228223791262,52931,14550,24.0,168,0,0
1768228223792225,52931,14550,42.0,136,0,0
1768228223792839,52931,14550,42.0,193,0,0
1768228223793708,52931,14550,48.0,32,0,0
1768228223794254,52931,14550,40.0,241,0,0
1768228223795010,52931,14550,70.0,87,0,0
1768228223795653,52931,14550,61.0,147,0,0
1768228223796473,52931,14550,64.0,11030,0,0
1768228223875888,58419,5760,,0,1,0
1768228224026734,52931,14550,48.0,163,0,0
1768228224028680,52931,14550,44.0,178,0,0
1768228224029914,52931,14550,48.0,30,0,0
1768228224032804,52931,14550,48.0,33,0,0
1768228224034257,52931,14550,39.0,74,0,0
1768228224036246,52931,14550,51.0,1,0,0
1768228224041029,52931,14550,22.0,125,0,0
1768228224043253,52931,14550,27.0,152,0,0
1768228224045518,52931,14550,45.0,62,0,0
1768228224047516,52931,14550,26.0,42,0,0
1768228224049114,52931,14550,32.0,36,0,0
1768228224050127,52931,14550,62.0,65,0,0
1768228224053625,52931,14550,49.0,27,0,0
1768228224056308,52931,14550,44.0,116,0,0
1768228224057622,52931,14550,42.0,129,0,0
1768228224059532,52931,14550,34.0,29,0,0
1768228224061261,52931,14550,34.0,137,0,0
1768228224062501,52931,14550,60.0,24,0,0
1768228224063904,52931,14550,53.0,124,0,0
1768228224065760,52931,14550,31.0,2,0,0
1768228224067541,52931,14550,64.0,164,0,0
1768228224069405,52931,14550,24.0,168,0,0
1768228224070474,52931,14550,42.0,136,0,0
1768228224072463,52931,14550,42.0,193,0,0
1768228224073860,52931,14550,48.0,32,0,0
1768228224074704,52931,14550,40.0,241,0,0
1768228224075998,52931,14550,70.0,87,0,0
1768228224077908,52931,14550,61.0,147,0,0
1768228224079689,52931,14550,64.0,11030,0,0
1768228224094913,5760,58419,,0,1,0
1768228224095609,52931,14550,29.0,0,0,0
1768228224149677,5760,58419,,111,1,0
1768228224150482,52931,14550,33.0,111,0,0
1768228224190506,5760,58419,,264,1,0
1768228224191364,52931,14550,47.0,264,0,0
1768228224275315,52931,14550,48.0,163,0,0
1768228224276469,52931,14550,44.0,178,0,0
1768228224277788,52931,14550,48.0,30,0,0
1768228224279248,52931,14550,48.0,33,0,0
1768228224281095,52931,14550,39.0,74,0,0
1768228224284998,52931,14550,51.0,1,0,0
1768228224286605,52931,14550,22.0,125,0,0
1768228224288026,52931,14550,27.0,152,0,0
1768228224288927,52931,14550,45.0,62,0,0
1768228224290439,52931,14550,26.0,42,0,0
1768228224292017,52931,14550,32.0,36,0,0
1768228224293047,52931,14550,62.0,65,0,0
1768228224294372,52931,14550,49.0,27,0,0
1768228224295824,52931,14550,44.0,116,0,0
1768228224296657,52931,14550,42.0,129,0,0
1768228224297479,52931,14550,34.0,29,0,0
1768228224298575,52931,14550,34.0,137,0,0
1768228224299449,52931,14550,60.0,24,0,0
1768228224300913,52931,14550,53.0,124,0,0
1768228224302040,52931,14550,31.0,2,0,0
1768228224302904,52931,14550,64.0,164,0,0
1768228224303976,52931,14550,24.0,168,0,0
1768228224304981,52931,14550,42.0,136,0,0
1768228224305990,52931,14550,42.0,193,0,0
1768228224307712,52931,14550,48.0,32,0,0
1768228224308609,52931,14550,40.0,241,0,0
1768228224309472,52931,14550,70.0,87,0,0
1768228224310741,52931,14550,61.0,147,0,0
1768228224311625,52931,14550,64.0,11030,0,0
1768228224528765,52931,14550,48.0,163,0,0
1768228224530227,52931,14550,44.0,178,0,0
1768228224531584,52931,14550,48.0,30,0,0
1768228224533236,52931,14550,48.0,33,0,0
1768228224534624,52931,14550,39.0,74,0,0
1768228224537404,52931,14550,51.0,1,0,0
1768228224540035,52931,14550,22.0,125,0,0
1768228224542694,52931,14550,27.0,152,0,0
1768228224543783,52931,14550,45.0,62,0,0
1768228224546411,52931,14550,26.0,42,0,0
1768228224549196,52931,14550,32.0,36,0,0
1768228224550254,52931,14550,62.0,65,0,0
1768228224551249,52931,14550,49.0,27,0,0
1768228224552782,52931,14550,44.0,116,0,0
1768228224553625,52931,14550,42.0,129,0,0
1768228224555354,52931,14550,34.0,29,0,0
1768228224557610,52931,14550,34.0,137,0,0
1768228224558657,52931,14550,60.0,24,0,0
1768228224560785,52931,14550,53.0,124,0,0
1768228224562503,52931,14550,31.0,2,0,0
1768228224563346,52931,14550,64.0,164,0,0
1768228224564626,52931,14550,24.0,168,0,0
1768228224566243,52931,14550,42.0,136,0,0
1768228224567312,52931,14550,42.0,193,0,0
1768228224568505,52931,14550,48.0,32,0,0
1768228224570589,52931,14550,40.0,241,0,0
1768228224571456,52931,14550,70.0,87,0,0
1768228224572464,52931,14550,61.0,147,0,0
1768228224574064,52931,14550,64.0,11030,0,0
1768228224693216,5760,58419,,264,1,0
1768228224693732,52931,14550,47.0,264,0,0
1768228224774862,52931,14550,48.0,163,0,0
1768228224775659,52931,14550,44.0,178,0,0
1768228224775991,52931,14550,48.0,30,0,0
1768228224776817,52931,14550,48.0,33,0,0
1768228224778176,52931,14550,39.0,74,0,0
1768228224780005,52931,14550,51.0,1,0,0
1768228224780785,52931,14550,22.0,125,0,0
1768228224781220,52931,14550,27.0,152,0,0
1768228224781721,52931,14550,45.0,62,0,0
1768228224782678,52931,14550,26.0,42,0,0
1768228224783124,52931,14550,32.0,36,0,0
1768228224783404,52931,14550,62.0,65,0,0
1768228224783791,52931,14550,49.0,27,0,0
1768228224784197,52931,14550,44.0,116,0,0
1768228224784603,52931,14550,42.0,129,0,0
1768228224784944,52931,14550,34.0,29,0,0
1768228224785263,52931,14550,34.0,137,0,0
1768228224785574,52931,14550,60.0,24,0,0
1768228224786110,52931,14550,53.0,124,0,0
1768228224786696,52931,14550,31.0,2,0,0
1768228224787035,52931,14550,64.0,164,0,0
1768228224787524,52931,14550,24.0,168,0,0
1768228224787993,52931,14550,42.0,136,0,0
1768228224788409,52931,14550,42.0,193,0,0
1768228224789316,52931,14550,48.0,32,0,0
1768228224789922,52931,14550,40.0,241,0,0
1768228224790533,52931,14550,70.0,87,0,0
1768228224791350,52931,14550,61.0,147,0,0
1768228224791998,52931,14550,64.0,11030,0,0
1768228224879678,58419,5760,,0,1,0
1768228225030631,52931,14550,48.0,163,0,0
1768228225032182,52931,14550,44.0,178,0,0
1768228225033144,52931,14550,48.0,30,0,0
1768228225034451,52931,14550,48.0,33,0,0
1768228225036169,52931,14550,39.0,74,0,0
1768228225039010,52931,14550,51.0,1,0,0
1768228225043059,52931,14550,22.0,125,0,0
1768228225044844,52931,14550,27.0,152,0,0
1768228225045801,52931,14550,45.0,62,0,0
1768228225048602,52931,14550,26.0,42,0,0
1768228225050943,52931,14550,32.0,36,0,0
1768228225051740,52931,14550,62.0,65,0,0
1768228225052785,52931,14550,49.0,27,0,0
1768228225053686,52931,14550,44.0,116,0,0
1768228225055336,52931,14550,42.0,129,0,0
1768228225056288,52931,14550,34.0,29,0,0
1768228225057121,52931,14550,34.0,137,0,0
1768228225057900,52931,14550,60.0,24,0,0
1768228225059179,52931,14550,53.0,124,0,0
1768228225060403,52931,14550,31.0,2,0,0
1768228225061100,52931,14550,64.0,164,0,0
1768228225062909,52931,14550,24.0,168,0,0
1768228225064182,52931,14550,42.0,136,0,0
1768228225065392,52931,14550,42.0,193,0,0
1768228225066522,52931,14550,48.0,32,0,0
1768228225068204,52931,14550,40.0,241,0,0
1768228225068893,52931,14550,70.0,87,0,0
1768228225070062,52931,14550,61.0,147,0,0
1768228225072348,52931,14550,64.0,11030,0,0
1768228225098019,5760,58419,,0,1,0
1768228225098786,52931,14550,29.0,0,0,0
1768228225191338,5760,58419,,264,1,0
1768228225192011,52931,14550,47.0,264,0,0
1768228225277406,52931,14550,48.0,163,0,0
1768228225278341,52931,14550,44.0,178,0,0
1768228225279487,52931,14550,48.0,30,0,0
1768228225281209,52931,14550,48.0,33,0,0
1768228225283495,52931,14550,39.0,74,0,0
1768228225285792,52931,14550,51.0,1,0,0
1768228225288371,52931,14550,22.0,125,0,0
1768228225289495,52931,14550,27.0,152,0,0
1768228225290166,52931,14550,45.0,62,0,0
1768228225291547,52931,14550,26.0,42,0,0
1768228225292679,52931,14550,32.0,36,0,0
1768228225293415,52931,14550,62.0,65,0,0
1768228225294321,52931,14550,49.0,27,0,0
1768228225295130,52931,14550,44.0,116,0,0
1768228225295843,52931,14550,42.0,129,0,0
1768228225296853,52931,14550,34.0,29,0,0
1768228225297680,52931,14550,34.0,137,0,0
1768228225298521,52931,14550,60.0,24,0,0
1768228225299551,52931,14550,53.0,124,0,0
1768228225300690,52931,14550,31.0,2,0,0
1768228225301434,52931,14550,64.0,164,0,0
1768228225302249,52931,14550,24.0,168,0,0
1768228225303069,52931,14550,42.0,136,0,0
1768228225303909,52931,14550,42.0,193,0,0
1768228225304704,52931,14550,48.0,32,0,0
1768228225305460,52931,14550,40.0,241,0,0
1768228225306404,52931,14550,70.0,87,0,0
1768228225307498,52931,14550,61.0,147,0,0
1768228225308659,52931,14550,64.0,11030,0,0
1768228225531670,52931,14550,48.0,163,0,0
1768228225534513,52931,14550,44.0,178,0,0
1768228225536709,52931,14550,48.0,30,0,0
1768228225540211,52931,14550,48.0,33,0,0
1768228225542267,52931,14550,39.0,74,0,0
1768228225546971,52931,14550,51.0,1,0,0
1768228225555531,52931,14550,22.0,125,0,0
1768228225557044,52931,14550,27.0,152,0,0
1768228225558707,52931,14550,45.0,62,0,0
1768228225560597,52931,14550,26.0,42,0,0
1768228225562737,52931,14550,32.0,36,0,0
1768228225563968,52931,14550,62.0,65,0,0
1768228225565145,52931,14550,49.0,27,0,0
1768228225566512,52931,14550,44.0,116,0,0
1768228225568330,52931,14550,42.0,129,0,0
1768228225569681,52931,14550,34.0,29,0,0
1768228225570862,52931,14550,34.0,137,0,0
1768228225572340,52931,14550,60.0,24,0,0
1768228225574471,52931,14550,53.0,124,0,0
1768228225576059,52931,14550,31.0,2,0,0
1768228225577279,52931,14550,64.0,164,0,0
1768228225578730,52931,14550,24.0,168,0,0
1768228225580221,52931,14550,42.0,136,0,0
1768228225581559,52931,14550,42.0,193,0,0
1768228225582976,52931,14550,48.0,32,0,0
1768228225584033,52931,14550,40.0,241,0,0
1768228225585919,52931,14550,70.0,87,0,0
1768228225588385,52931,14550,61.0,147,0,0
1768228225589657,52931,14550,64.0,11030,0,0
1768228225697509,5760,58419,,264,1,0
1768228225698476,52931,14550,47.0,264,0,0
1768228225781230,52931,14550,48.0,163,0,0
1768228225783357,52931,14550,44.0,178,0,0
1768228225784279,52931,14550,48.0,30,0,0
1768228225785225,52931,14550,48.0,33,0,0
1768228225785942,52931,14550,39.0,74,0,0
1768228225787875,52931,14550,51.0,1,0,0
1768228225791164,52931,14550,22.0,125,0,0
1768228225792088,52931,14550,27.0,152,0,0
1768228225792713,52931,14550,45.0,62,0,0
1768228225793535,52931,14550,26.0,42,0,0
1768228225794519,52931,14550,32.0,36,0,0
1768228225795256,52931,14550,62.0,65,0,0
1768228225796162,52931,14550,49.0,27,0,0
1768228225797017,52931,14550,44.0,116,0,0
1768228225797544,52931,14550,42.0,129,0,0
1768228225798277,52931,14550,34.0,29,0,0
1768228225798789,52931,14550,34.0,137,0,0
1768228225799341,52931,14550,60.0,24,0,0
1768228225800108,52931,14550,53.0,124,0,0
1768228225800843,52931,14550,31.0,2,0,0
1768228225801263,52931,14550,64.0,164,0,0
1768228225802119,52931,14550,24.0,168,0,0
1768228225802806,52931,14550,42.0,136,0,0
1768228225803211,52931,14550,42.0,193,0,0
1768228225803801,52931,14550,48.0,32,0,0
1768228225804237,52931,14550,40.0,241,0,0
1768228225804801,52931,14550,70.0,87,0,0
1768228225805302,52931,14550,61.0,147,0,0
1768228225806027,52931,14550,64.0,11030,0,0
1768228225882217,58419,5760,,0,1,0
1768228226035123,52931,14550,48.0,163,0,0
1768228226039739,52931,14550,44.0,178,0,0
1768228226041281,52931,14550,48.0,30,0,0
1768228226044364,52931,14550,48.0,33,0,0
1768228226046475,52931,14550,39.0,74,0,0
1768228226052782,52931,14550,51.0,1,0,0
1768228226062047,52931,14550,22.0,125,0,0
1768228226064736,52931,14550,27.0,152,0,0
1768228226066424,52931,14550,45.0,62,0,0
1768228226070406,52931,14550,26.0,42,0,0
1768228226074955,52931,14550,32.0,36,0,0
1768228226076656,52931,14550,62.0,65,0,0
1768228226078646,52931,14550,49.0,27,0,0
1768228226082202,52931,14550,44.0,116,0,0
1768228226085706,52931,14550,42.0,129,0,0
1768228226087070,52931,14550,34.0,29,0,0
1768228226088539,52931,14550,34.0,137,0,0
1768228226089774,52931,14550,60.0,24,0,0
1768228226091800,52931,14550,53.0,124,0,0
1768228226093588,52931,14550,31.0,2,0,0
1768228226094958,52931,14550,64.0,164,0,0
1768228226096904,52931,14550,24.0,168,0,0
1768228226098390,52931,14550,42.0,136,0,0
1768228226099835,52931,14550,42.0,193,0,0
1768228226101359,52931,14550,48.0,32,0,0
1768228226102575,52931,14550,40.0,241,0,0
1768228226104057,52931,14550,70.0,87,0,0
1768228226104908,5760,58419,,0,1,0
1768228226106058,52931,14550,61.0,147,0,0
1768228226107368,52931,14550,64.0,11030,0,0
1768228226110184,52931,14550,29.0,0,0,0
1768228226200293,5760,58419,,264,1,0
1768228226201307,52931,14550,47.0,264,0,0
1768228226286440,52931,14550,48.0,163,0,0
1768228226289590,52931,14550,44.0,178,0,0
1768228226291073,52931,14550,48.0,30,0,0
1768228226293250,52931,14550,48.0,33,0,0
1768228226295907,52931,14550,39.0,74,0,0
1768228226299259,52931,14550,51.0,1,0,0
1768228226301937,52931,14550,22.0,125,0,0
1768228226303620,52931,14550,27.0,152,0,0
1768228226304866,52931,14550,45.0,62,0,0
1768228226307245,52931,14550,26.0,42,0,0
1768228226309285,52931,14550,32.0,36,0,0
1768228226311109,52931,14550,62.0,65,0,0
1768228226312347,52931,14550,49.0,27,0,0
1768228226313940,52931,14550,44.0,116,0,0
1768228226315201,52931,14550,42.0,129,0,0
1768228226316362,52931,14550,34.0,29,0,0
1768228226317706,52931,14550,34.0,137,0,0
1768228226319033,52931,14550,60.0,24,0,0
1768228226320750,52931,14550,53.0,124,0,0
1768228226322793,52931,14550,31.0,2,0,0
1768228226324074,52931,14550,64.0,164,0,0
1768228226325579,52931,14550,24.0,168,0,0
1768228226327049,52931,14550,42.0,136,0,0
1768228226328305,52931,14550,42.0,193,0,0
1768228226330256,52931,14550,48.0,32,0,0
1768228226331448,52931,14550,40.0,241,0,0
1768228226332680,52931,14550,70.0,87,0,0
1768228226334495,52931,14550,61.0,147,0,0
1768228226335808,52931,14550,64.0,11030,0,0
1768228226536749,52931,14550,48.0,163,0,0
1768228226539596,52931,14550,44.0,178,0,0
1768228226541454,52931,14550,48.0,30,0,0
1768228226544054,52931,14550,48.0,33,0,0
1768228226546280,52931,14550,39.0,74,0,0
1768228226553065,52931,14550,51.0,1,0,0
1768228226558598,52931,14550,22.0,125,0,0
1768228226561634,52931,14550,27.0,152,0,0
1768228226563295,52931,14550,45.0,62,0,0
1768228226568319,52931,14550,26.0,42,0,0
1768228226571056,52931,14550,32.0,36,0,0
1768228226574627,52931,14550,62.0,65,0,0
1768228226576300,52931,14550,49.0,27,0,0
1768228226578195,52931,14550,44.0,116,0,0
1768228226579701,52931,14550,42.0,129,0,0
1768228226582719,52931,14550,34.0,29,0,0
1768228226584088,52931,14550,34.0,137,0,0
1768228226588050,52931,14550,60.0,24,0,0
1768228226589970,52931,14550,53.0,124,0,0
1768228226593879,52931,14550,31.0,2,0,0
1768228226595323,52931,14550,64.0,164,0,0
1768228226596942,52931,14550,24.0,168,0,0
1768228226600014,52931,14550,42.0,136,0,0
1768228226603401,52931,14550,42.0,193,0,0
1768228226605106,52931,14550,48.0,32,0,0
1768228226607920,52931,14550,40.0,241,0,0
1768228226609322,52931,14550,70.0,87,0,0
1768228226613406,52931,14550,61.0,147,0,0
1768228226615549,52931,14550,64.0,11030,0,0
1768228226703782,5760,58419,,264,1,0
1768228226704865,52931,14550,47.0,264,0,0
1768228226789417,52931,14550,48.0,163,0,0
1768228226791452,52931,14550,44.0,178,0,0
1768228226793689,52931,14550,48.0,30,0,0
1768228226797128,52931,14550,48.0,33,0,0
1768228226798826,52931,14550,39.0,74,0,0
1768228226802887,52931,14550,51.0,1,0,0
1768228226806575,52931,14550,22.0,125,0,0
1768228226808518,52931,14550,27.0,152,0,0
1768228226810307,52931,14550,45.0,62,0,0
1768228226813591,52931,14550,26.0,42,0,0
1768228226815924,52931,14550,32.0,36,0,0
1768228226817167,52931,14550,62.0,65,0,0
1768228226818806,52931,14550,49.0,27,0,0
1768228226820873,52931,14550,44.0,116,0,0
1768228226822728,52931,14550,42.0,129,0,0
1768228226824875,52931,14550,34.0,29,0,0
1768228226826466,52931,14550,34.0,137,0,0
1768228226827826,52931,14550,60.0,24,0,0
1768228226829882,52931,14550,53.0,124,0,0
1768228226833628,52931,14550,31.0,2,0,0
1768228226835354,52931,14550,64.0,164,0,0
1768228226836625,52931,14550,24.0,168,0,0
1768228226838362,52931,14550,42.0,136,0,0
1768228226839626,52931,14550,42.0,193,0,0
1768228226841253,52931,14550,48.0,32,0,0
1768228226843237,52931,14550,40.0,241,0,0
1768228226844955,52931,14550,70.0,87,0,0
1768228226846422,52931,14550,61.0,147,0,0
1768228226848878,52931,14550,64.0,11030,0,0
1768228226885124,58419,5760,,0,1,0
1768228227039434,52931,14550,48.0,163,0,0
1768228227041332,52931,14550,44.0,178,0,0
1768228227042145,52931,14550,48.0,30,0,0
1768228227043631,52931,14550,48.0,33,0,0
1768228227045604,52931,14550,39.0,74,0,0
1768228227047947,52931,14550,51.0,1,0,0
1768228227051011,52931,14550,22.0,125,0,0
1768228227052496,52931,14550,27.0,152,0,0
1768228227053197,52931,14550,45.0,62,0,0
1768228227055371,52931,14550,26.0,42,0,0
1768228227057828,52931,14550,32.0,36,0,0
1768228227058703,52931,14550,62.0,65,0,0
1768228227060168,52931,14550,49.0,27,0,0
1768228227062082,52931,14550,44.0,116,0,0
1768228227063082,52931,14550,42.0,129,0,0
1768228227064619,52931,14550,34.0,29,0,0
1768228227066082,52931,14550,34.0,137,0,0
1768228227066821,52931,14550,60.0,24,0,0
1768228227069306,52931,14550,53.0,124,0,0
1768228227070464,52931,14550,31.0,2,0,0
1768228227071424,52931,14550,64.0,164,0,0
1768228227072380,52931,14550,24.0,168,0,0
1768228227073490,52931,14550,42.0,136,0,0
1768228227074177,52931,14550,42.0,193,0,0
1768228227075359,52931,14550,48.0,32,0,0
1768228227076963,52931,14550,40.0,241,0,0
1768228227079131,52931,14550,70.0,87,0,0
1768228227080146,52931,14550,61.0,147,0,0
1768228227081271,52931,14550,64.0,11030,0,0
1768228227112198,5760,58419,,0,1,0
1768228227112907,52931,14550,29.0,0,0,0
1768228227203371,5760,58419,,264,1,0
1768228227205028,52931,14550,47.0,264,0,0
1768228227290881,52931,14550,48.0,163,0,0
1768228227293618,52931,14550,44.0,178,0,0
1768228227295624,52931,14550,48.0,30,0,0
1768228227298776,52931,14550,48.0,33,0,0
1768228227300875,52931,14550,39.0,74,0,0
1768228227305495,52931,14550,51.0,1,0,0
1768228227311366,52931,14550,22.0,125,0,0
1768228227313094,52931,14550,27.0,152,0,0
1768228227314472,52931,14550,45.0,62,0,0
1768228227316601,52931,14550,26.0,42,0,0
1768228227318783,52931,14550,32.0,36,0,0
1768228227320163,52931,14550,62.0,65,0,0
1768228227321870,52931,14550,49.0,27,0,0
1768228227323932,52931,14550,44.0,116,0,0
1768228227325641,52931,14550,42.0,129,0,0
1768228227327005,52931,14550,34.0,29,0,0
1768228227328495,52931,14550,34.0,137,0,0
1768228227329906,52931,14550,60.0,24,0,0
1768228227331991,52931,14550,53.0,124,0,0
1768228227334158,52931,14550,31.0,2,0,0
1768228227335562,52931,14550,64.0,164,0,0
1768228227337196,52931,14550,24.0,168,0,0
1768228227339041,52931,14550,42.0,136,0,0
1768228227340556,52931,14550,42.0,193,0,0
1768228227342296,52931,14550,48.0,32,0,0
1768228227343563,52931,14550,40.0,241,0,0
1768228227344852,52931,14550,70.0,87,0,0
1768228227347022,52931,14550,61.0,147,0,0
1768228227350107,52931,14550,64.0,11030,0,0
1768228227539840,58419,5760,,66,1,0
1768228227543337,52931,14550,48.0,163,0,0
1768228227544896,52931,14550,44.0,178,0,0
1768228227546414,52931,14550,48.0,30,0,0
1768228227549022,52931,14550,48.0,33,0,0
1768228227550015,52931,14550,39.0,74,0,0
1768228227553051,52931,14550,51.0,1,0,0
1768228227554647,52931,14550,22.0,125,0,0
1768228227556023,52931,14550,27.0,152,0,0
1768228227556870,52931,14550,45.0,62,0,0
1768228227558694,52931,14550,26.0,42,0,0
1768228227559860,52931,14550,32.0,36,0,0
1768228227560860,52931,14550,62.0,65,0,0
1768228227562004,52931,14550,49.0,27,0,0
1768228227562938,52931,14550,44.0,116,0,0
1768228227563940,52931,14550,42.0,129,0,0
1768228227564778,52931,14550,34.0,29,0,0
1768228227565627,52931,14550,34.0,137,0,0
1768228227566661,52931,14550,60.0,24,0,0
1768228227568175,52931,14550,53.0,124,0,0
1768228227569889,52931,14550,31.0,2,0,0
1768228227570699,52931,14550,64.0,164,0,0
1768228227571768,52931,14550,24.0,168,0,0
1768228227572746,52931,14550,42.0,136,0,0
1768228227573775,52931,14550,42.0,193,0,0
1768228227574785,52931,14550,48.0,32,0,0
1768228227575603,52931,14550,40.0,241,0,0
1768228227576681,52931,14550,70.0,87,0,0
1768228227577750,52931,14550,61.0,147,0,0
1768228227578710,52931,14550,64.0,11030,0,0
1768228227702869,5760,58419,,264,1,0
1768228227703656,52931,14550,47.0,264,0,0
1768228227792826,52931,14550,48.0,163,0,0
1768228227794969,52931,14550,44.0,178,0,0
1768228227796343,52931,14550,48.0,30,0,0
1768228227798357,52931,14550,48.0,33,0,0
1768228227800284,52931,14550,39.0,74,0,0
1768228227803680,52931,14550,51.0,1,0,0
1768228227806662,52931,14550,22.0,125,0,0
1768228227808194,52931,14550,27.0,152,0,0
1768228227809263,52931,14550,45.0,62,0,0
1768228227810954,52931,14550,26.0,42,0,0
1768228227812490,52931,14550,32.0,36,0,0
1768228227813581,52931,14550,62.0,65,0,0
1768228227814516,52931,14550,49.0,27,0,0
1768228227815561,52931,14550,44.0,116,0,0
1768228227816414,52931,14550,42.0,129,0,0
1768228227817237,52931,14550,34.0,29,0,0
1768228227818286,52931,14550,34.0,137,0,0
1768228227819225,52931,14550,60.0,24,0,0
1768228227820709,52931,14550,53.0,124,0,0
1768228227821993,52931,14550,31.0,2,0,0
1768228227822991,52931,14550,64.0,164,0,0
1768228227824935,52931,14550,24.0,168,0,0
1768228227826329,52931,14550,42.0,136,0,0
1768228227827417,52931,14550,42.0,193,0,0
1768228227828701,52931,14550,48.0,32,0,0
1768228227829726,52931,14550,40.0,241,0,0
1768228227830668,52931,14550,70.0,87,0,0
1768228227831779,52931,14550,61.0,147,0,0
1768228227832892,52931,14550,64.0,11030,0,0
1768228227889243,58419,5760,,0,1,0
1768228228042607,52931,14550,48.0,163,0,0
1768228228043879,52931,14550,44.0,178,0,0
1768228228044550,52931,14550,48.0,30,0,0
1768228228045958,52931,14550,48.0,33,0,0
1768228228047965,52931,14550,39.0,74,0,0
1768228228051325,52931,14550,51.0,1,0,0
1768228228055081,52931,14550,22.0,125,0,0
1768228228056361,52931,14550,27.0,152,0,0
1768228228057108,52931,14550,45.0,62,0,0
1768228228059295,52931,14550,26.0,42,0,0
1768228228060490,52931,14550,32.0,36,0,0
1768228228061185,52931,14550,62.0,65,0,0
1768228228063003,52931,14550,49.0,27,0,0
1768228228064156,52931,14550,44.0,116,0,0
1768228228065621,52931,14550,42.0,129,0,0
1768228228067068,52931,14550,34.0,29,0,0
1768228228068570,52931,14550,34.0,137,0,0
1768228228069304,52931,14550,60.0,24,0,0
1768228228071022,52931,14550,53.0,124,0,0
1768228228072352,52931,14550,31.0,2,0,0
1768228228073016,52931,14550,64.0,164,0,0
1768228228073758,52931,14550,24.0,168,0,0
1768228228074722,52931,14550,42.0,136,0,0
1768228228075567,52931,14550,42.0,193,0,0
1768228228076378,52931,14550,48.0,32,0,0
1768228228077082,52931,14550,40.0,241,0,0
1768228228077992,52931,14550,70.0,87,0,0
1768228228078838,52931,14550,61.0,147,0,0
1768228228079977,52931,14550,64.0,11030,0,0
1768228228113987,5760,58419,,0,1,0
1768228228114663,52931,14550,29.0,0,0,0
1768228228206089,5760,58419,,264,1,0
1768228228206778,52931,14550,47.0,264,0,0
1768228228293276,52931,14550,48.0,163,0,0
1768228228294198,52931,14550,44.0,178,0,0
1768228228295206,52931,14550,48.0,30,0,0
1768228228296765,52931,14550,48.0,33,0,0
1768228228297533,52931,14550,39.0,74,0,0
1768228228300525,52931,14550,51.0,1,0,0
1768228228302029,52931,14550,22.0,125,0,0
1768228228303148,52931,14550,27.0,152,0,0
1768228228304001,52931,14550,45.0,62,0,0
1768228228305404,52931,14550,26.0,42,0,0
1768228228306367,52931,14550,32.0,36,0,0
1768228228307197,52931,14550,62.0,65,0,0
1768228228307891,52931,14550,49.0,27,0,0
1768228228308795,52931,14550,44.0,116,0,0
1768228228309461,52931,14550,42.0,129,0,0
1768228228310272,52931,14550,34.0,29,0,0
1768228228311035,52931,14550,34.0,137,0,0
1768228228311672,52931,14550,60.0,24,0,0
1768228228312954,52931,14550,53.0,124,0,0
1768228228313935,52931,14550,31.0,2,0,0
1768228228314681,52931,14550,64.0,164,0,0
1768228228315380,52931,14550,24.0,168,0,0
1768228228316190,52931,14550,42.0,136,0,0
1768228228316868,52931,14550,42.0,193,0,0
1768228228317780,52931,14550,48.0,32,0,0
1768228228318591,52931,14550,40.0,241,0,0
1768228228319269,52931,14550,70.0,87,0,0
1768228228320402,52931,14550,61.0,147,0,0
1768228228321312,52931,14550,64.0,11030,0,0
1768228228544076,52931,14550,48.0,163,0,0
1768228228544991,52931,14550,44.0,178,0,0
1768228228546086,52931,14550,48.0,30,0,0
1768228228547393,52931,14550,48.0,33,0,0
1768228228548124,52931,14550,39.0,74,0,0
1768228228550444,52931,14550,51.0,1,0,0
1768228228553448,52931,14550,22.0,125,0,0
1768228228555470,52931,14550,27.0,152,0,0
1768228228556425,52931,14550,45.0,62,0,0
1768228228558874,52931,14550,26.0,42,0,0
1768228228561303,52931,14550,32.0,36,0,0
1768228228562153,52931,14550,62.0,65,0,0
1768228228562902,52931,14550,49.0,27,0,0
1768228228564374,52931,14550,44.0,116,0,0
1768228228565537,52931,14550,42.0,129,0,0
1768228228566300,52931,14550,34.0,29,0,0
1768228228567329,52931,14550,34.0,137,0,0
1768228228568210,52931,14550,60.0,24,0,0
1768228228569572,52931,14550,53.0,124,0,0
1768228228570891,52931,14550,31.0,2,0,0
1768228228571841,52931,14550,64.0,164,0,0
1768228228572537,52931,14550,24.0,168,0,0
1768228228574555,52931,14550,42.0,136,0,0
1768228228575235,52931,14550,42.0,193,0,0
1768228228576385,52931,14550,48.0,32,0,0
1768228228577070,52931,14550,40.0,241,0,0
1768228228578184,52931,14550,70.0,87,0,0
1768228228579169,52931,14550,61.0,147,0,0
1768228228582068,52931,14550,64.0,11030,0,0
1768228228709187,5760,58419,,264,1,0
1768228228709724,52931,14550,47.0,264,0,0
1768228228795592,52931,14550,48.0,163,0,0
1768228228796734,52931,14550,44.0,178,0,0
1768228228797925,52931,14550,48.0,30,0,0
1768228228799447,52931,14550,48.0,33,0,0
1768228228800545,52931,14550,39.0,74,0,0
1768228228802932,52931,14550,51.0,1,0,0
1768228228804218,52931,14550,22.0,125,0,0
1768228228805365,52931,14550,27.0,152,0,0
1768228228806224,52931,14550,45.0,62,0,0
1768228228807640,52931,14550,26.0,42,0,0
1768228228808641,52931,14550,32.0,36,0,0
1768228228809576,52931,14550,62.0,65,0,0
1768228228810355,52931,14550,49.0,27,0,0
1768228228811210,52931,14550,44.0,116,0,0
1768228228811874,52931,14550,42.0,129,0,0
1768228228812546,52931,14550,34.0,29,0,0
1768228228813441,52931,14550,34.0,137,0,0
1768228228814276,52931,14550,60.0,24,0,0
1768228228815241,52931,14550,53.0,124,0,0
1768228228816411,52931,14550,31.0,2,0,0
1768228228817154,52931,14550,64.0,164,0,0
1768228228817819,52931,14550,24.0,168,0,0
1768228228819139,52931,14550,42.0,136,0,0
1768228228820318,52931,14550,42.0,193,0,0
1768228228821252,52931,14550,48.0,32,0,0
1768228228822084,52931,14550,40.0,241,0,0
1768228228822783,52931,14550,70.0,87,0,0
1768228228823985,52931,14550,61.0,147,0,0
1768228228824889,52931,14550,64.0,11030,0,0
1768228228891173,58419,5760,,0,1,0
1768228229043102,52931,14550,48.0,163,0,0
1768228229044011,52931,14550,44.0,178,0,0
1768228229044993,52931,14550,48.0,30,0,0
1768228229046405,52931,14550,48.0,33,0,0
1768228229047183,52931,14550,39.0,74,0,0
1768228229050503,52931,14550,51.0,1,0,0
1768228229053169,52931,14550,22.0,125,0,0
1768228229057434,52931,14550,27.0,152,0,0
1768228229058164,52931,14550,45.0,62,0,0
1768228229060169,52931,14550,26.0,42,0,0
1768228229062000,52931,14550,32.0,36,0,0
1768228229062713,52931,14550,62.0,65,0,0
1768228229063787,52931,14550,49.0,27,0,0
1768228229064648,52931,14550,44.0,116,0,0
1768228229066293,52931,14550,42.0,129,0,0
1768228229066741,52931,14550,34.0,29,0,0
1768228229067729,52931,14550,34.0,137,0,0
1768228229068252,52931,14550,60.0,24,0,0
1768228229069677,52931,14550,53.0,124,0,0
1768228229070900,52931,14550,31.0,2,0,0
1768228229071430,52931,14550,64.0,164,0,0
1768228229072307,52931,14550,24.0,168,0,0
1768228229073143,52931,14550,42.0,136,0,0
1768228229074183,52931,14550,42.0,193,0,0
1768228229075462,52931,14550,48.0,32,0,0
1768228229076438,52931,14550,40.0,241,0,0
1768228229077270,52931,14550,70.0,87,0,0
1768228229078157,52931,14550,61.0,147,0,0
1768228229078729,52931,14550,64.0,11030,0,0
1768228229119689,5760,58419,,0,1,0
1768228229120411,52931,14550,29.0,0,0,0
1768228229212092,5760,58419,,264,1,0
1768228229212755,52931,14550,47.0,264,0,0
1768228229298988,52931,14550,48.0,163,0,0
1768228229299920,52931,14550,44.0,178,0,0
1768228229300939,52931,14550,48.0,30,0,0
1768228229302831,52931,14550,48.0,33,0,0
1768228229303974,52931,14550,39.0,74,0,0
1768228229306171,52931,14550,51.0,1,0,0
1768228229307632,52931,14550,22.0,125,0,0
1768228229308581,52931,14550,27.0,152,0,0
1768228229309465,52931,14550,45.0,62,0,0
1768228229310558,52931,14550,26.0,42,0,0
1768228229311809,52931,14550,32.0,36,0,0
1768228229312818,52931,14550,62.0,65,0,0
1768228229313526,52931,14550,49.0,27,0,0
1768228229314373,52931,14550,44.0,116,0,0
1768228229315269,52931,14550,42.0,129,0,0
1768228229316069,52931,14550,34.0,29,0,0
1768228229316766,52931,14550,34.0,137,0,0
1768228229317610,52931,14550,60.0,24,0,0
1768228229318863,52931,14550,53.0,124,0,0
1768228229319811,52931,14550,31.0,2,0,0
1768228229320578,52931,14550,64.0,164,0,0
1768228229321429,52931,14550,24.0,168,0,0
1768228229322294,52931,14550,42.0,136,0,0
1768228229323136,52931,14550,42.0,193,0,0
1768228229323924,52931,14550,48.0,32,0,0
1768228229324767,52931,14550,40.0,241,0,0
1768228229325532,52931,14550,70.0,87,0,0
1768228229326337,52931,14550,61.0,147,0,0
1768228229327380,52931,14550,64.0,11030,0,0
1768228229544861,52931,14550,48.0,163,0,0
1768228229546033,52931,14550,44.0,178,0,0
1768228229547146,52931,14550,48.0,30,0,0
1768228229548641,52931,14550,48.0,33,0,0
1768228229549638,52931,14550,39.0,74,0,0
1768228229553021,52931,14550,51.0,1,0,0
1768228229555718,52931,14550,22.0,125,0,0
1768228229557044,52931,14550,27.0,152,0,0
1768228229558123,52931,14550,45.0,62,0,0
1768228229563578,52931,14550,26.0,42,0,0
1768228229564966,52931,14550,32.0,36,0,0
1768228229565678,52931,14550,62.0,65,0,0
1768228229567898,52931,14550,49.0,27,0,0
1768228229568579,52931,14550,44.0,116,0,0
1768228229569949,52931,14550,42.0,129,0,0
1768228229570768,52931,14550,34.0,29,0,0
1768228229571849,52931,14550,34.0,137,0,0
1768228229573062,52931,14550,60.0,24,0,0
1768228229574236,52931,14550,53.0,124,0,0
1768228229575822,52931,14550,31.0,2,0,0
1768228229576723,52931,14550,64.0,164,0,0
1768228229577438,52931,14550,24.0,168,0,0
1768228229578613,52931,14550,42.0,136,0,0
1768228229579291,52931,14550,42.0,193,0,0
1768228229580464,52931,14550,48.0,32,0,0
1768228229581144,52931,14550,40.0,241,0,0
1768228229582289,52931,14550,70.0,87,0,0
1768228229583214,52931,14550,61.0,147,0,0
1768228229584594,52931,14550,64.0,11030,0,0
1768228229714104,5760,58419,,264,1,0
1768228229714687,52931,14550,47.0,264,0,0
1768228229795571,52931,14550,48.0,163,0,0
1768228229796411,52931,14550,44.0,178,0,0
1768228229797166,52931,14550,48.0,30,0,0
1768228229798193,52931,14550,48.0,33,0,0
1768228229798898,52931,14550,39.0,74,0,0
1768228229800091,52931,14550,51.0,1,0,0
1768228229801115,52931,14550,22.0,125,0,0
1768228229801812,52931,14550,27.0,152,0,0
1768228229802323,52931,14550,45.0,62,0,0
1768228229803418,52931,14550,26.0,42,0,0
1768228229804271,52931,14550,32.0,36,0,0
1768228229804988,52931,14550,62.0,65,0,0
1768228229805740,52931,14550,49.0,27,0,0
1768228229806506,52931,14550,44.0,116,0,0
1768228229807304,52931,14550,42.0,129,0,0
1768228229807980,52931,14550,34.0,29,0,0
1768228229808782,52931,14550,34.0,137,0,0
1768228229809407,52931,14550,60.0,24,0,0
1768228229810355,52931,14550,53.0,124,0,0
1768228229811038,52931,14550,31.0,2,0,0
1768228229811650,52931,14550,64.0,164,0,0
1768228229812300,52931,14550,24.0,168,0,0
1768228229813009,52931,14550,42.0,136,0,0
1768228229813628,52931,14550,42.0,193,0,0
1768228229814435,52931,14550,48.0,32,0,0
1768228229815130,52931,14550,40.0,241,0,0
1768228229815839,52931,14550,70.0,87,0,0
1768228229816692,52931,14550,61.0,147,0,0
1768228229817562,52931,14550,64.0,11030,0,0
1768228229892283,52931,14550,21.0,46,0,0
1768228229893023,52931,14550,40.0,253,0,0
1768228229893474,52931,14550,35.0,253,0,0
1768228229894440,58419,5760,,0,1,0
1768228230046831,52931,14550,48.0,163,0,0
1768228230047768,52931,14550,44.0,178,0,0
1768228230048607,52931,14550,48.0,30,0,0
1768228230049657,52931,14550,48.0,33,0,0
1768228230050583,52931,14550,39.0,74,0,0
1768228230052039,52931,14550,51.0,1,0,0
1768228230052704,52931,14550,22.0,125,0,0
1768228230053070,52931,14550,27.0,152,0,0
1768228230053499,52931,14550,45.0,62,0,0
1768228230054052,52931,14550,26.0,42,0,0
1768228230054841,52931,14550,32.0,36,0,0
1768228230055319,52931,14550,62.0,65,0,0
1768228230055793,52931,14550,49.0,27,0,0
1768228230056488,52931,14550,44.0,116,0,0
1768228230056820,52931,14550,42.0,129,0,0
1768228230057124,52931,14550,34.0,29,0,0
1768228230057416,52931,14550,34.0,137,0,0
1768228230057910,52931,14550,60.0,24,0,0
1768228230058353,52931,14550,53.0,124,0,0
1768228230058897,52931,14550,31.0,2,0,0
1768228230059291,52931,14550,64.0,164,0,0
1768228230059712,52931,14550,24.0,168,0,0
1768228230060142,52931,14550,42.0,136,0,0
1768228230060520,52931,14550,42.0,193,0,0
1768228230060969,52931,14550,48.0,32,0,0
1768228230061348,52931,14550,40.0,241,0,0
1768228230061766,52931,14550,70.0,87,0,0
1768228230062220,52931,14550,61.0,147,0,0
1768228230062569,52931,14550,64.0,11030,0,0
1768228230119781,5760,58419,,0,1,0
1768228230120305,52931,14550,29.0,0,0,0
1768228230212709,5760,58419,,264,1,0
1768228230213291,52931,14550,47.0,264,0,0
1768228230298848,52931,14550,48.0,163,0,0
1768228230299658,52931,14550,44.0,178,0,0
1768228230300538,52931,14550,48.0,30,0,0
1768228230301107,52931,14550,48.0,33,0,0
1768228230301593,52931,14550,39.0,74,0,0
1768228230302972,52931,14550,51.0,1,0,0
1768228230303745,52931,14550,22.0,125,0,0
1768228230304154,52931,14550,27.0,152,0,0
1768228230304639,52931,14550,45.0,62,0,0
1768228230305245,52931,14550,26.0,42,0,0
1768228230306217,52931,14550,32.0,36,0,0
1768228230306758,52931,14550,62.0,65,0,0
1768228230307369,52931,14550,49.0,27,0,0
1768228230307777,52931,14550,44.0,116,0,0
1768228230308260,52931,14550,42.0,129,0,0
1768228230308588,52931,14550,34.0,29,0,0
1768228230308979,52931,14550,34.0,137,0,0
1768228230309336,52931,14550,60.0,24,0,0
1768228230309886,52931,14550,53.0,124,0,0
1768228230310481,52931,14550,31.0,2,0,0
1768228230310811,52931,14550,64.0,164,0,0
1768228230311101,52931,14550,24.0,168,0,0
1768228230311487,52931,14550,42.0,136,0,0
1768228230311930,52931,14550,42.0,193,0,0
1768228230312487,52931,14550,48.0,32,0,0
1768228230312955,52931,14550,40.0,241,0,0
1768228230313337,52931,14550,70.0,87,0,0
1768228230313837,52931,14550,61.0,147,0,0
1768228230314182,52931,14550,64.0,11030,0,0
1768228230548989,52931,14550,48.0,163,0,0
1768228230550861,52931,14550,44.0,178,0,0
1768228230551234,52931,14550,48.0,30,0,0
1768228230552104,52931,14550,48.0,33,0,0
1768228230554074,52931,14550,39.0,74,0,0
1768228230555480,52931,14550,51.0,1,0,0
1768228230558629,52931,14550,22.0,125,0,0
1768228230559893,52931,14550,27.0,152,0,0
1768228230560347,52931,14550,45.0,62,0,0
1768228230561801,52931,14550,26.0,42,0,0
1768228230562738,52931,14550,32.0,36,0,0
1768228230563187,52931,14550,62.0,65,0,0
1768228230563606,52931,14550,49.0,27,0,0
1768228230564263,52931,14550,44.0,116,0,0
1768228230564754,52931,14550,42.0,129,0,0
1768228230565991,52931,14550,34.0,29,0,0
1768228230566727,52931,14550,34.0,137,0,0
1768228230567446,52931,14550,60.0,24,0,0
1768228230568687,52931,14550,53.0,124,0,0
1768228230569394,52931,14550,31.0,2,0,0
1768228230569866,52931,14550,64.0,164,0,0
1768228230570733,52931,14550,24.0,168,0,0
1768228230571164,52931,14550,42.0,136,0,0
1768228230571515,52931,14550,42.0,193,0,0
1768228230571938,52931,14550,48.0,32,0,0
1768228230572315,52931,14550,40.0,241,0,0
1768228230572667,52931,14550,70.0,87,0,0
1768228230573103,52931,14550,61.0,147,0,0
1768228230573590,52931,14550,64.0,11030,0,0
1768228230710946,5760,58419,,264,1,0
1768228230711449,52931,14550,47.0,264,0,0
1768228230797003,52931,14550,48.0,163,0,0
1768228230797935,52931,14550,44.0,178,0,0
1768228230798931,52931,14550,48.0,30,0,0
1768228230800301,52931,14550,48.0,33,0,0
1768228230800952,52931,14550,39.0,74,0,0
1768228230802068,52931,14550,51.0,1,0,0
1768228230802689,52931,14550,22.0,125,0,0
1768228230803493,52931,14550,27.0,152,0,0
1768228230803891,52931,14550,45.0,62,0,0
1768228230804531,52931,14550,26.0,42,0,0
1768228230805202,52931,14550,32.0,36,0,0
1768228230805599,52931,14550,62.0,65,0,0
1768228230806345,52931,14550,49.0,27,0,0
1768228230806900,52931,14550,44.0,116,0,0
1768228230807354,52931,14550,42.0,129,0,0
1768228230807817,52931,14550,34.0,29,0,0
1768228230808404,52931,14550,34.0,137,0,0
1768228230808780,52931,14550,60.0,24,0,0
1768228230809337,52931,14550,53.0,124,0,0
1768228230810164,52931,14550,31.0,2,0,0
1768228230810615,52931,14550,64.0,164,0,0
1768228230810999,52931,14550,24.0,168,0,0
1768228230811360,52931,14550,42.0,136,0,0
1768228230811756,52931,14550,42.0,193,0,0
1768228230812170,52931,14550,48.0,32,0,0
1768228230812544,52931,14550,40.0,241,0,0
1768228230813057,52931,14550,70.0,87,0,0
1768228230813457,52931,14550,61.0,147,0,0
1768228230813799,52931,14550,64.0,11030,0,0
1768228230900246,58419,5760,,0,1,0
1768228231047598,52931,14550,48.0,163,0,0
1768228231049069,52931,14550,44.0,178,0,0
1768228231049557,52931,14550,48.0,30,0,0
1768228231050541,52931,14550,48.0,33,0,0
1768228231050944,52931,14550,39.0,74,0,0
1768228231053005,52931,14550,51.0,1,0,0
1768228231055100,52931,14550,22.0,125,0,0
1768228231055807,52931,14550,27.0,152,0,0
1768228231056285,52931,14550,45.0,62,0,0
1768228231057431,52931,14550,26.0,42,0,0
1768228231058069,52931,14550,32.0,36,0,0
1768228231059221,52931,14550,62.0,65,0,0
1768228231059710,52931,14550,49.0,27,0,0
1768228231060237,52931,14550,44.0,116,0,0
1768228231060722,52931,14550,42.0,129,0,0
1768228231061016,52931,14550,34.0,29,0,0
1768228231061365,52931,14550,34.0,137,0,0
1768228231062209,52931,14550,60.0,24,0,0
1768228231063281,52931,14550,53.0,124,0,0
1768228231064545,52931,14550,31.0,2,0,0
1768228231064901,52931,14550,64.0,164,0,0
1768228231065239,52931,14550,24.0,168,0,0
1768228231065614,52931,14550,42.0,136,0,0
1768228231065957,52931,14550,42.0,193,0,0
1768228231066331,52931,14550,48.0,32,0,0
1768228231066619,52931,14550,40.0,241,0,0
1768228231066964,52931,14550,70.0,87,0,0
1768228231067454,52931,14550,61.0,147,0,0
1768228231067918,52931,14550,64.0,11030,0,0
1768228231119575,5760,58419,,0,1,0
1768228231119990,52931,14550,29.0,0,0,0
1768228231216735,52931,14550,47.0,264,0,0
1768228231302927,52931,14550,48.0,163,0,0
1768228231304388,52931,14550,44.0,178,0,0
1768228231305086,52931,14550,48.0,30,0,0
1768228231307043,52931,14550,48.0,33,0,0
1768228231308152,52931,14550,39.0,74,0,0
1768228231310987,52931,14550,51.0,1,0,0
1768228231312901,52931,14550,22.0,125,0,0
1768228231314370,52931,14550,27.0,152,0,0
1768228231315271,52931,14550,45.0,62,0,0
1768228231316790,52931,14550,26.0,42,0,0
1768228231318099,52931,14550,32.0,36,0,0
1768228231319207,52931,14550,62.0,65,0,0
1768228231320086,52931,14550,49.0,27,0,0
1768228231320778,52931,14550,44.0,116,0,0
1768228231321699,52931,14550,42.0,129,0,0
1768228231322771,52931,14550,34.0,29,0,0
1768228231323784,52931,14550,34.0,137,0,0
1768228231324605,52931,14550,60.0,24,0,0
1768228231325948,52931,14550,53.0,124,0,0
1768228231326951,52931,14550,31.0,2,0,0
1768228231327775,52931,14550,64.0,164,0,0
1768228231328710,52931,14550,24.0,168,0,0
1768228231329882,52931,14550,42.0,136,0,0
1768228231330728,52931,14550,42.0,193,0,0
1768228231331511,52931,14550,48.0,32,0,0
1768228231332424,52931,14550,40.0,241,0,0
1768228231333268,52931,14550,70.0,87,0,0
1768228231334416,52931,14550,61.0,147,0,0
1768228231335419,52931,14550,64.0,11030,0,0
1768228231553844,52931,14550,48.0,163,0,0
1768228231554837,52931,14550,44.0,178,0,0
1768228231555829,52931,14550,48.0,30,0,0
1768228231556917,52931,14550,48.0,33,0,0
1768228231557935,52931,14550,39.0,74,0,0
1768228231561261,52931,14550,51.0,1,0,0
1768228231564035,52931,14550,22.0,125,0,0
1768228231565095,52931,14550,27.0,152,0,0
1768228231566717,52931,14550,45.0,62,0,0
1768228231568163,52931,14550,26.0,42,0,0
1768228231569986,52931,14550,32.0,36,0,0
1768228231572026,52931,14550,62.0,65,0,0
1768228231573331,52931,14550,49.0,27,0,0
1768228231574272,52931,14550,44.0,116,0,0
1768228231574952,52931,14550,42.0,129,0,0
1768228231576046,52931,14550,34.0,29,0,0
1768228231577211,52931,14550,34.0,137,0,0
1768228231577885,52931,14550,60.0,24,0,0
1768228231580081,52931,14550,53.0,124,0,0
1768228231581018,52931,14550,31.0,2,0,0
1768228231581962,52931,14550,64.0,164,0,0
1768228231583053,52931,14550,24.0,168,0,0
1768228231584206,52931,14550,42.0,136,0,0
1768228231584974,52931,14550,42.0,193,0,0
1768228231586290,52931,14550,48.0,32,0,0
1768228231586961,52931,14550,40.0,241,0,0
1768228231589338,52931,14550,70.0,87,0,0
1768228231590171,52931,14550,61.0,147,0,0
1768228231591269,52931,14550,64.0,11030,0,0
1768228231717184,5760,58419,,264,1,0
1768228231717926,52931,14550,47.0,264,0,0
1768228231801319,52931,14550,48.0,163,0,0
1768228231802828,52931,14550,44.0,178,0,0
1768228231803527,52931,14550,48.0,30,0,0
1768228231805681,52931,14550,48.0,33,0,0
1768228231806446,52931,14550,39.0,74,0,0
1768228231809606,52931,14550,51.0,1,0,0
1768228231812285,52931,14550,22.0,125,0,0
1768228231813558,52931,14550,27.0,152,0,0
1768228231814566,52931,14550,45.0,62,0,0
1768228231816095,52931,14550,26.0,42,0,0
1768228231817052,52931,14550,32.0,36,0,0
1768228231817993,52931,14550,62.0,65,0,0
1768228231819106,52931,14550,49.0,27,0,0
1768228231819953,52931,14550,44.0,116,0,0
1768228231820654,52931,14550,42.0,129,0,0
1768228231821870,52931,14550,34.0,29,0,0
1768228231822937,52931,14550,34.0,137,0,0
1768228231823718,52931,14550,60.0,24,0,0
1768228231824901,52931,14550,53.0,124,0,0
1768228231826104,52931,14550,31.0,2,0,0
1768228231826900,52931,14550,64.0,164,0,0
1768228231827825,52931,14550,24.0,168,0,0
1768228231828659,52931,14550,42.0,136,0,0
1768228231829352,52931,14550,42.0,193,0,0
1768228231830693,52931,14550,48.0,32,0,0
1768228231831524,52931,14550,40.0,241,0,0
1768228231832202,52931,14550,70.0,87,0,0
1768228231833193,52931,14550,61.0,147,0,0
1768228231834344,52931,14550,64.0,11030,0,0
1768228231901655,58419,5760,,0,1,0
1768228232056452,52931,14550,48.0,163,0,0
1768228232059237,52931,14550,44.0,178,0,0
1768228232060875,52931,14550,48.0,30,0,0
1768228232063645,52931,14550,48.0,33,0,0
1768228232066449,52931,14550,39.0,74,0,0
1768228232072878,52931,14550,51.0,1,0,0
1768228232080602,52931,14550,22.0,125,0,0
1768228232084654,52931,14550,27.0,152,0,0
1768228232086695,52931,14550,45.0,62,0,0
1768228232091783,52931,14550,26.0,42,0,0
1768228232094033,52931,14550,32.0,36,0,0
1768228232096717,52931,14550,62.0,65,0,0
1768228232098603,52931,14550,49.0,27,0,0
1768228232100751,52931,14550,44.0,116,0,0
1768228232102486,52931,14550,42.0,129,0,0
1768228232104989,52931,14550,34.0,29,0,0
1768228232108493,52931,14550,34.0,137,0,0
1768228232112691,52931,14550,60.0,24,0,0
1768228232116076,52931,14550,53.0,124,0,0
1768228232119781,52931,14550,31.0,2,0,0
1768228232122596,52931,14550,64.0,164,0,0
1768228232124275,52931,14550,24.0,168,0,0
1768228232125385,5760,58419,,0,1,0
1768228232130431,52931,14550,42.0,136,0,0
1768228232132516,52931,14550,42.0,193,0,0
1768228232134320,52931,14550,48.0,32,0,0
1768228232137095,52931,14550,40.0,241,0,0
1768228232138837,52931,14550,70.0,87,0,0
1768228232141003,52931,14550,61.0,147,0,0
1768228232143458,52931,14550,64.0,11030,0,0
1768228232146906,52931,14550,29.0,0,0,0
1768228232216555,5760,58419,,264,1,0
1768228232217600,52931,14550,47.0,264,0,0
1768228232309184,52931,14550,48.0,163,0,0
1768228232311492,52931,14550,44.0,178,0,0
1768228232312971,52931,14550,48.0,30,0,0
1768228232316477,52931,14550,48.0,33,0,0
1768228232318353,52931,14550,39.0,74,0,0
1768228232324944,52931,14550,51.0,1,0,0
1768228232328629,52931,14550,22.0,125,0,0
1768228232331129,52931,14550,27.0,152,0,0
1768228232333190,52931,14550,45.0,62,0,0
1768228232336921,52931,14550,26.0,42,0,0
1768228232339791,52931,14550,32.0,36,0,0
1768228232341384,52931,14550,62.0,65,0,0
1768228232343399,52931,14550,49.0,27,0,0
1768228232345720,52931,14550,44.0,116,0,0
1768228232347169,52931,14550,42.0,129,0,0
1768228232348433,52931,14550,34.0,29,0,0
1768228232350067,52931,14550,34.0,137,0,0
1768228232351398,52931,14550,60.0,24,0,0
1768228232353846,52931,14550,53.0,124,0,0
1768228232355591,52931,14550,31.0,2,0,0
1768228232357158,52931,14550,64.0,164,0,0
1768228232358426,52931,14550,24.0,168,0,0
1768228232360825,52931,14550,42.0,136,0,0
1768228232363198,52931,14550,42.0,193,0,0
1768228232365134,52931,14550,48.0,32,0,0
1768228232367054,52931,14550,40.0,241,0,0
1768228232369296,52931,14550,70.0,87,0,0
1768228232371747,52931,14550,61.0,147,0,0
1768228232373414,52931,14550,64.0,11030,0,0
1768228232555791,52931,14550,48.0,163,0,0
1768228232561237,52931,14550,44.0,178,0,0
1768228232564013,52931,14550,48.0,30,0,0
1768228232567540,52931,14550,48.0,33,0,0
1768228232570159,52931,14550,39.0,74,0,0
1768228232575096,52931,14550,51.0,1,0,0
1768228232582845,52931,14550,22.0,125,0,0
1768228232588017,52931,14550,27.0,152,0,0
1768228232593141,52931,14550,45.0,62,0,0
1768228232595657,52931,14550,26.0,42,0,0
1768228232597398,52931,14550,32.0,36,0,0
1768228232598760,52931,14550,62.0,65,0,0
1768228232600452,52931,14550,49.0,27,0,0
1768228232601723,52931,14550,44.0,116,0,0
1768228232603209,52931,14550,42.0,129,0,0
1768228232604638,52931,14550,34.0,29,0,0
1768228232606184,52931,14550,34.0,137,0,0
1768228232607844,52931,14550,60.0,24,0,0
1768228232610846,52931,14550,53.0,124,0,0
1768228232612664,52931,14550,31.0,2,0,0
1768228232614424,52931,14550,64.0,164,0,0
1768228232615892,52931,14550,24.0,168,0,0
1768228232618484,52931,14550,42.0,136,0,0
1768228232620191,52931,14550,42.0,193,0,0
1768228232621609,52931,14550,48.0,32,0,0
1768228232623038,52931,14550,40.0,241,0,0
1768228232624577,52931,14550,70.0,87,0,0
1768228232628179,52931,14550,61.0,147,0,0
1768228232630238,52931,14550,64.0,11030,0,0
1768228232724738,5760,58419,,264,1,0
1768228232725774,52931,14550,47.0,264,0,0
1768228232811590,52931,14550,48.0,163,0,0
1768228232814747,52931,14550,44.0,178,0,0
1768228232816022,52931,14550,48.0,30,0,0
1768228232817937,52931,14550,48.0,33,0,0
1768228232819734,52931,14550,39.0,74,0,0
1768228232823079,52931,14550,51.0,1,0,0
1768228232826381,52931,14550,22.0,125,0,0
1768228232829139,52931,14550,27.0,152,0,0
1768228232830632,52931,14550,45.0,62,0,0
1768228232833232,52931,14550,26.0,42,0,0
1768228232835781,52931,14550,32.0,36,0,0
1768228232837270,52931,14550,62.0,65,0,0
1768228232838642,52931,14550,49.0,27,0,0
1768228232840405,52931,14550,44.0,116,0,0
1768228232842420,52931,14550,42.0,129,0,0
1768228232844082,52931,14550,34.0,29,0,0
1768228232845645,52931,14550,34.0,137,0,0
1768228232847678,52931,14550,60.0,24,0,0
1768228232850199,52931,14550,53.0,124,0,0
1768228232852570,52931,14550,31.0,2,0,0
1768228232854521,52931,14550,64.0,164,0,0
1768228232855727,52931,14550,24.0,168,0,0
1768228232857385,52931,14550,42.0,136,0,0
1768228232859505,52931,14550,42.0,193,0,0
1768228232861889,52931,14550,48.0,32,0,0
1768228232863593,52931,14550,40.0,241,0,0
1768228232865169,52931,14550,70.0,87,0,0
1768228232866679,52931,14550,61.0,147,0,0
1768228232868569,52931,14550,64.0,11030,0,0
1768228232905264,58419,5760,,0,1,0
1768228233061373,52931,14550,48.0,163,0,0
1768228233065239,52931,14550,44.0,178,0,0
1768228233067146,52931,14550,48.0,30,0,0
1768228233070585,52931,14550,48.0,33,0,0
1768228233074419,52931,14550,39.0,74,0,0
1768228233077623,52931,14550,51.0,1,0,0
1768228233083617,52931,14550,22.0,125,0,0
1768228233087525,52931,14550,27.0,152,0,0
1768228233091008,52931,14550,45.0,62,0,0
1768228233095467,52931,14550,26.0,42,0,0
1768228233098104,52931,14550,32.0,36,0,0
1768228233100495,52931,14550,62.0,65,0,0
1768228233102714,52931,14550,49.0,27,0,0
1768228233105059,52931,14550,44.0,116,0,0
1768228233106456,52931,14550,42.0,129,0,0
1768228233109326,52931,14550,34.0,29,0,0
1768228233111868,52931,14550,34.0,137,0,0
1768228233115202,52931,14550,60.0,24,0,0
1768228233118367,52931,14550,53.0,124,0,0
1768228233121739,52931,14550,31.0,2,0,0
1768228233123706,52931,14550,64.0,164,0,0
1768228233125401,52931,14550,24.0,168,0,0
1768228233128079,52931,14550,42.0,136,0,0
1768228233129641,52931,14550,42.0,193,0,0
1768228233131065,52931,14550,48.0,32,0,0
1768228233132399,5760,58419,,0,1,0
1768228233133911,52931,14550,40.0,241,0,0
1768228233135164,52931,14550,70.0,87,0,0
1768228233137251,52931,14550,61.0,147,0,0
1768228233138641,52931,14550,64.0,11030,0,0
1768228233142586,52931,14550,29.0,0,0,0
1768228233225662,5760,58419,,264,1,0
1768228233226858,52931,14550,47.0,264,0,0
1768228233312288,52931,14550,48.0,163,0,0
1768228233315971,52931,14550,44.0,178,0,0
1768228233317851,52931,14550,48.0,30,0,0
1768228233319899,52931,14550,48.0,33,0,0
1768228233321835,52931,14550,39.0,74,0,0
1768228233324638,52931,14550,51.0,1,0,0
1768228233327296,52931,14550,22.0,125,0,0
1768228233329036,52931,14550,27.0,152,0,0
1768228233330412,52931,14550,45.0,62,0,0
1768228233332912,52931,14550,26.0,42,0,0
1768228233334886,52931,14550,32.0,36,0,0
1768228233336455,52931,14550,62.0,65,0,0
1768228233338171,52931,14550,49.0,27,0,0
1768228233339545,52931,14550,44.0,116,0,0
1768228233341069,52931,14550,42.0,129,0,0
1768228233342461,52931,14550,34.0,29,0,0
1768228233344175,52931,14550,34.0,137,0,0
1768228233345660,52931,14550,60.0,24,0,0
1768228233347930,52931,14550,53.0,124,0,0
1768228233350552,52931,14550,31.0,2,0,0
1768228233352086,52931,14550,64.0,164,0,0
1768228233353605,52931,14550,24.0,168,0,0
1768228233356018,52931,14550,42.0,136,0,0
1768228233357435,52931,14550,42.0,193,0,0
1768228233359064,52931,14550,48.0,32,0,0
1768228233360910,52931,14550,40.0,241,0,0
1768228233362089,52931,14550,70.0,87,0,0
1768228233364245,52931,14550,61.0,147,0,0
1768228233365515,52931,14550,64.0,11030,0,0
1768228233560664,52931,14550,48.0,163,0,0
1768228233563003,52931,14550,44.0,178,0,0
1768228233566913,52931,14550,48.0,30,0,0
1768228233571294,52931,14550,48.0,33,0,0
1768228233573703,52931,14550,39.0,74,0,0
1768228233578881,52931,14550,51.0,1,0,0
1768228233585290,52931,14550,22.0,125,0,0
1768228233588904,52931,14550,27.0,152,0,0
1768228233592089,52931,14550,45.0,62,0,0
1768228233596913,52931,14550,26.0,42,0,0
1768228233601690,52931,14550,32.0,36,0,0
1768228233606963,52931,14550,62.0,65,0,0
1768228233609172,52931,14550,49.0,27,0,0
1768228233611098,52931,14550,44.0,116,0,0
1768228233612288,52931,14550,42.0,129,0,0
1768228233614421,52931,14550,34.0,29,0,0
1768228233616696,52931,14550,34.0,137,0,0
1768228233618456,52931,14550,60.0,24,0,0
1768228233621017,52931,14550,53.0,124,0,0
1768228233623507,52931,14550,31.0,2,0,0
1768228233624828,52931,14550,64.0,164,0,0
1768228233626826,52931,14550,24.0,168,0,0
1768228233629015,52931,14550,42.0,136,0,0
1768228233630395,52931,14550,42.0,193,0,0
1768228233632731,52931,14550,48.0,32,0,0
1768228233634263,52931,14550,40.0,241,0,0
1768228233636465,52931,14550,70.0,87,0,0
1768228233638653,52931,14550,61.0,147,0,0
1768228233640776,52931,14550,64.0,11030,0,0
1768228233730010,5760,58419,,264,1,0
1768228233731243,52931,14550,47.0,264,0,0
1768228233812655,52931,14550,48.0,163,0,0
1768228233815524,52931,14550,44.0,178,0,0
1768228233818116,52931,14550,48.0,30,0,0
1768228233821625,52931,14550,48.0,33,0,0
1768228233823729,52931,14550,39.0,74,0,0
1768228233826404,52931,14550,51.0,1,0,0
1768228233828827,52931,14550,22.0,125,0,0
1768228233830975,52931,14550,27.0,152,0,0
1768228233832563,52931,14550,45.0,62,0,0
1768228233835226,52931,14550,26.0,42,0,0
1768228233837192,52931,14550,32.0,36,0,0
1768228233839111,52931,14550,62.0,65,0,0
1768228233840356,52931,14550,49.0,27,0,0
1768228233841538,52931,14550,44.0,116,0,0
1768228233843181,52931,14550,42.0,129,0,0
1768228233844563,52931,14550,34.0,29,0,0
1768228233845955,52931,14550,34.0,137,0,0
1768228233847335,52931,14550,60.0,24,0,0
1768228233849250,52931,14550,53.0,124,0,0
1768228233851443,52931,14550,31.0,2,0,0
1768228233853038,52931,14550,64.0,164,0,0
1768228233854511,52931,14550,24.0,168,0,0
1768228233856229,52931,14550,42.0,136,0,0
1768228233857567,52931,14550,42.0,193,0,0
1768228233859284,52931,14550,48.0,32,0,0
1768228233860625,52931,14550,40.0,241,0,0
1768228233862157,52931,14550,70.0,87,0,0
1768228233864644,52931,14550,61.0,147,0,0
1768228233866497,52931,14550,64.0,11030,0,0
1768228233914057,58419,5760,,0,1,0
1768228234064783,52931,14550,48.0,163,0,0
1768228234066719,52931,14550,44.0,178,0,0
1768228234069727,52931,14550,48.0,30,0,0
1768228234071619,52931,14550,48.0,33,0,0
1768228234075133,52931,14550,39.0,74,0,0
1768228234080648,52931,14550,51.0,1,0,0
1768228234088668,52931,14550,22.0,125,0,0
1768228234091843,52931,14550,27.0,152,0,0
1768228234093341,52931,14550,45.0,62,0,0
1768228234095677,52931,14550,26.0,42,0,0
1768228234098026,52931,14550,32.0,36,0,0
1768228234099727,52931,14550,62.0,65,0,0
1768228234103113,52931,14550,49.0,27,0,0
1768228234104922,52931,14550,44.0,116,0,0
1768228234106459,52931,14550,42.0,129,0,0
1768228234107992,52931,14550,34.0,29,0,0
1768228234110800,52931,14550,34.0,137,0,0
1768228234113054,52931,14550,60.0,24,0,0
1768228234116881,52931,14550,53.0,124,0,0
1768228234118921,52931,14550,31.0,2,0,0
1768228234120199,52931,14550,64.0,164,0,0
1768228234125811,52931,14550,24.0,168,0,0
1768228234127570,52931,14550,42.0,136,0,0
1768228234129574,52931,14550,42.0,193,0,0
1768228234132496,52931,14550,48.0,32,0,0
1768228234133971,52931,14550,40.0,241,0,0
1768228234136347,52931,14550,70.0,87,0,0
1768228234138336,52931,14550,61.0,147,0,0
1768228234139616,52931,14550,64.0,11030,0,0
1768228234139662,5760,58419,,0,1,0
1768228234143529,52931,14550,29.0,0,0,0
1768228234194001,5760,58419,,111,1,0
1768228234195027,52931,14550,33.0,111,0,0
1768228234233478,5760,58419,,264,1,0
1768228234234519,52931,14550,47.0,264,0,0
1768228234320404,52931,14550,48.0,163,0,0
1768228234322937,52931,14550,44.0,178,0,0
1768228234324286,52931,14550,48.0,30,0,0
1768228234326741,52931,14550,48.0,33,0,0
1768228234328534,52931,14550,39.0,74,0,0
1768228234332147,52931,14550,51.0,1,0,0
1768228234337335,52931,14550,22.0,125,0,0
1768228234339269,52931,14550,27.0,152,0,0
1768228234340534,52931,14550,45.0,62,0,0
1768228234342867,52931,14550,26.0,42,0,0
1768228234345155,52931,14550,32.0,36,0,0
1768228234347234,52931,14550,62.0,65,0,0
1768228234348783,52931,14550,49.0,27,0,0
1768228234350114,52931,14550,44.0,116,0,0
1768228234351468,52931,14550,42.0,129,0,0
1768228234352767,52931,14550,34.0,29,0,0
1768228234354225,52931,14550,34.0,137,0,0
1768228234355531,52931,14550,60.0,24,0,0
1768228234357985,52931,14550,53.0,124,0,0
1768228234360215,52931,14550,31.0,2,0,0
1768228234362093,52931,14550,64.0,164,0,0
1768228234363631,52931,14550,24.0,168,0,0
1768228234365119,52931,14550,42.0,136,0,0
1768228234366333,52931,14550,42.0,193,0,0
1768228234367961,52931,14550,48.0,32,0,0
1768228234369950,52931,14550,40.0,241,0,0
1768228234371470,52931,14550,70.0,87,0,0
1768228234373020,52931,14550,61.0,147,0,0
1768228234374682,52931,14550,64.0,11030,0,0
1768228234570206,52931,14550,48.0,163,0,0
1768228234572511,52931,14550,44.0,178,0,0
1768228234574225,52931,14550,48.0,30,0,0
1768228234576341,52931,14550,48.0,33,0,0
1768228234578194,52931,14550,39.0,74,0,0
1768228234581786,52931,14550,51.0,1,0,0
1768228234587607,52931,14550,22.0,125,0,0
1768228234591641,52931,14550,27.0,152,0,0
1768228234592910,52931,14550,45.0,62,0,0
1768228234595958,52931,14550,26.0,42,0,0
1768228234597897,52931,14550,32.0,36,0,0
1768228234599804,52931,14550,62.0,65,0,0
1768228234601370,52931,14550,49.0,27,0,0
1768228234603419,52931,14550,44.0,116,0,0
1768228234606493,52931,14550,42.0,129,0,0
1768228234608114,52931,14550,34.0,29,0,0
1768228234611312,52931,14550,34.0,137,0,0
1768228234612611,52931,14550,60.0,24,0,0
1768228234615297,52931,14550,53.0,124,0,0
1768228234617403,52931,14550,31.0,2,0,0
1768228234620136,52931,14550,64.0,164,0,0
1768228234622135,52931,14550,24.0,168,0,0
1768228234626127,52931,14550,42.0,136,0,0
1768228234627757,52931,14550,42.0,193,0,0
1768228234629743,52931,14550,48.0,32,0,0
1768228234632082,52931,14550,40.0,241,0,0
1768228234633824,52931,14550,70.0,87,0,0
1768228234635537,52931,14550,61.0,147,0,0
1768228234637566,52931,14550,64.0,11030,0,0
1768228234733070,5760,58419,,264,1,0
1768228234734169,52931,14550,47.0,264,0,0
1768228234821774,52931,14550,48.0,163,0,0
1768228234824025,52931,14550,44.0,178,0,0
1768228234825273,52931,14550,48.0,30,0,0
1768228234828204,52931,14550,48.0,33,0,0
1768228234831245,52931,14550,39.0,74,0,0
1768228234837001,52931,14550,51.0,1,0,0
1768228234840441,52931,14550,22.0,125,0,0
1768228234842005,52931,14550,27.0,152,0,0
1768228234843200,52931,14550,45.0,62,0,0
1768228234845805,52931,14550,26.0,42,0,0
1768228234848576,52931,14550,32.0,36,0,0
1768228234850966,52931,14550,62.0,65,0,0
1768228234852951,52931,14550,49.0,27,0,0
1768228234854766,52931,14550,44.0,116,0,0
1768228234856317,52931,14550,42.0,129,0,0
1768228234857691,52931,14550,34.0,29,0,0
1768228234859026,52931,14550,34.0,137,0,0
1768228234861129,52931,14550,60.0,24,0,0
1768228234863258,52931,14550,53.0,124,0,0
1768228234865196,52931,14550,31.0,2,0,0
1768228234866406,52931,14550,64.0,164,0,0
1768228234867808,52931,14550,24.0,168,0,0
1768228234869620,52931,14550,42.0,136,0,0
1768228234871250,52931,14550,42.0,193,0,0
1768228234872850,52931,14550,48.0,32,0,0
1768228234874439,52931,14550,40.0,241,0,0
1768228234876812,52931,14550,70.0,87,0,0
1768228234880745,52931,14550,61.0,147,0,0
1768228234883129,52931,14550,64.0,11030,0,0
1768228234918743,58419,5760,,0,1,0
1768228235076915,52931,14550,48.0,163,0,0
1768228235082102,52931,14550,44.0,178,0,0
1768228235085294,52931,14550,48.0,30,0,0
1768228235087431,52931,14550,48.0,33,0,0
1768228235089414,52931,14550,39.0,74,0,0
1768228235093082,52931,14550,51.0,1,0,0
1768228235101303,52931,14550,22.0,125,0,0
1768228235103459,52931,14550,27.0,152,0,0
1768228235105775,52931,14550,45.0,62,0,0
1768228235108337,52931,14550,26.0,42,0,0
1768228235113319,52931,14550,32.0,36,0,0
1768228235116050,52931,14550,62.0,65,0,0
1768228235117899,52931,14550,49.0,27,0,0
1768228235119171,52931,14550,44.0,116,0,0
1768228235122356,52931,14550,42.0,129,0,0
1768228235123608,52931,14550,34.0,29,0,0
1768228235125421,52931,14550,34.0,137,0,0
1768228235128035,52931,14550,60.0,24,0,0
1768228235132289,52931,14550,53.0,124,0,0
1768228235134068,52931,14550,31.0,2,0,0
1768228235135918,52931,14550,64.0,164,0,0
1768228235137720,52931,14550,24.0,168,0,0
1768228235139230,52931,14550,42.0,136,0,0
1768228235141998,52931,14550,42.0,193,0,0
1768228235143851,52931,14550,48.0,32,0,0
1768228235144490,5760,58419,,0,1,0
1768228235146817,52931,14550,40.0,241,0,0
1768228235148289,52931,14550,70.0,87,0,0
1768228235149914,52931,14550,61.0,147,0,0
1768228235153277,52931,14550,64.0,11030,0,0
1768228235156998,52931,14550,29.0,0,0,0
1768228235235084,5760,58419,,264,1,0
1768228235236273,52931,14550,47.0,264,0,0
1768228235321882,52931,14550,48.0,163,0,0
1768228235324098,52931,14550,44.0,178,0,0
1768228235326524,52931,14550,48.0,30,0,0
1768228235328383,52931,14550,48.0,33,0,0
1768228235329856,52931,14550,39.0,74,0,0
1768228235333532,52931,14550,51.0,1,0,0
1768228235336119,52931,14550,22.0,125,0,0
1768228235337672,52931,14550,27.0,152,0,0
1768228235339186,52931,14550,45.0,62,0,0
1768228235341293,52931,14550,26.0,42,0,0
1768228235343533,52931,14550,32.0,36,0,0
1768228235345055,52931,14550,62.0,65,0,0
1768228235346658,52931,14550,49.0,27,0,0
1768228235348092,52931,14550,44.0,116,0,0
1768228235349300,52931,14550,42.0,129,0,0
1768228235350795,52931,14550,34.0,29,0,0
1768228235351984,52931,14550,34.0,137,0,0
1768228235353464,52931,14550,60.0,24,0,0
1768228235355127,52931,14550,53.0,124,0,0
1768228235356708,52931,14550,31.0,2,0,0
1768228235358478,52931,14550,64.0,164,0,0
1768228235360006,52931,14550,24.0,168,0,0
1768228235361693,52931,14550,42.0,136,0,0
1768228235363036,52931,14550,42.0,193,0,0
1768228235364644,52931,14550,48.0,32,0,0
1768228235365876,52931,14550,40.0,241,0,0
1768228235367374,52931,14550,70.0,87,0,0
1768228235368946,52931,14550,61.0,147,0,0
1768228235370698,52931,14550,64.0,11030,0,0
1768228235573046,52931,14550,48.0,163,0,0
1768228235574679,52931,14550,44.0,178,0,0
1768228235576708,52931,14550,48.0,30,0,0
1768228235580279,52931,14550,48.0,33,0,0
1768228235584320,52931,14550,39.0,74,0,0
1768228235589445,52931,14550,51.0,1,0,0
1768228235595473,52931,14550,22.0,125,0,0
1768228235598774,52931,14550,27.0,152,0,0
1768228235600458,52931,14550,45.0,62,0,0
1768228235604059,52931,14550,26.0,42,0,0
1768228235607748,52931,14550,32.0,36,0,0
1768228235609147,52931,14550,62.0,65,0,0
1768228235610990,52931,14550,49.0,27,0,0
1768228235612243,52931,14550,44.0,116,0,0
1768228235614025,52931,14550,42.0,129,0,0
1768228235618596,52931,14550,34.0,29,0,0
1768228235620350,52931,14550,34.0,137,0,0
1768228235621939,52931,14550,60.0,24,0,0
1768228235627680,52931,14550,53.0,124,0,0
1768228235630267,52931,14550,31.0,2,0,0
1768228235631681,52931,14550,64.0,164,0,0
1768228235632894,52931,14550,24.0,168,0,0
1768228235634799,52931,14550,42.0,136,0,0
1768228235636832,52931,14550,42.0,193,0,0
1768228235638848,52931,14550,48.0,32,0,0
1768228235641735,52931,14550,40.0,241,0,0
1768228235644135,52931,14550,70.0,87,0,0
1768228235646801,52931,14550,61.0,147,0,0
1768228235648251,52931,14550,64.0,11030,0,0
1768228235737864,5760,58419,,264,1,0
1768228235738772,52931,14550,47.0,264,0,0
1768228235823507,52931,14550,48.0,163,0,0
1768228235826026,52931,14550,44.0,178,0,0
1768228235827930,52931,14550,48.0,30,0,0
1768228235831620,52931,14550,48.0,33,0,0
1768228235833468,52931,14550,39.0,74,0,0
1768228235837296,52931,14550,51.0,1,0,0
1768228235840025,52931,14550,22.0,125,0,0
1768228235841887,52931,14550,27.0,152,0,0
1768228235843114,52931,14550,45.0,62,0,0
1768228235845893,52931,14550,26.0,42,0,0
1768228235847980,52931,14550,32.0,36,0,0
1768228235849184,52931,14550,62.0,65,0,0
1768228235850450,52931,14550,49.0,27,0,0
1768228235852010,52931,14550,44.0,116,0,0
1768228235853323,52931,14550,42.0,129,0,0
1768228235854867,52931,14550,34.0,29,0,0
1768228235856351,52931,14550,34.0,137,0,0
1768228235857688,52931,14550,60.0,24,0,0
1768228235859605,52931,14550,53.0,124,0,0
1768228235861572,52931,14550,31.0,2,0,0
1768228235864062,52931,14550,64.0,164,0,0
1768228235865668,52931,14550,24.0,168,0,0
1768228235867310,52931,14550,42.0,136,0,0
1768228235868884,52931,14550,42.0,193,0,0
1768228235870336,52931,14550,48.0,32,0,0
1768228235871907,52931,14550,40.0,241,0,0
1768228235873306,52931,14550,70.0,87,0,0
1768228235875585,52931,14550,61.0,147,0,0
1768228235877161,52931,14550,64.0,11030,0,0
1768228235925239,58419,5760,,0,1,0
1768228236076042,52931,14550,48.0,163,0,0
1768228236079131,52931,14550,44.0,178,0,0
1768228236080514,52931,14550,48.0,30,0,0
1768228236083247,52931,14550,48.0,33,0,0
1768228236086439,52931,14550,39.0,74,0,0
1768228236089363,52931,14550,51.0,1,0,0
1768228236094665,52931,14550,22.0,125,0,0
1768228236097104,52931,14550,27.0,152,0,0
1768228236099939,52931,14550,45.0,62,0,0
1768228236104141,52931,14550,26.0,42,0,0
1768228236106689,52931,14550,32.0,36,0,0
1768228236108803,52931,14550,62.0,65,0,0
1768228236110373,52931,14550,49.0,27,0,0
1768228236112486,52931,14550,44.0,116,0,0
1768228236114310,52931,14550,42.0,129,0,0
1768228236119845,52931,14550,34.0,29,0,0
1768228236123027,52931,14550,34.0,137,0,0
1768228236124595,52931,14550,60.0,24,0,0
1768228236126699,52931,14550,53.0,124,0,0
1768228236129831,52931,14550,31.0,2,0,0
1768228236131344,52931,14550,64.0,164,0,0
1768228236133852,52931,14550,24.0,168,0,0
1768228236136518,52931,14550,42.0,136,0,0
1768228236138588,52931,14550,42.0,193,0,0
1768228236140295,52931,14550,48.0,32,0,0
1768228236143423,52931,14550,40.0,241,0,0
1768228236145202,52931,14550,70.0,87,0,0
1768228236147226,52931,14550,61.0,147,0,0
1768228236149370,52931,14550,64.0,11030,0,0
1768228236150873,5760,58419,,0,1,0
1768228236153134,52931,14550,29.0,0,0,0
1768228236242609,5760,58419,,264,1,0
1768228236243670,52931,14550,47.0,264,0,0
1768228236330379,52931,14550,48.0,163,0,0
1768228236332137,52931,14550,44.0,178,0,0
1768228236334227,52931,14550,48.0,30,0,0
1768228236337737,52931,14550,48.0,33,0,0
1768228236339475,52931,14550,39.0,74,0,0
1768228236342921,52931,14550,51.0,1,0,0
1768228236345151,52931,14550,22.0,125,0,0
1768228236346828,52931,14550,27.0,152,0,0
1768228236348244,52931,14550,45.0,62,0,0
1768228236350169,52931,14550,26.0,42,0,0
1768228236353224,52931,14550,32.0,36,0,0
1768228236354596,52931,14550,62.0,65,0,0
1768228236355938,52931,14550,49.0,27,0,0
1768228236357289,52931,14550,44.0,116,0,0
1768228236358786,52931,14550,42.0,129,0,0
1768228236360187,52931,14550,34.0,29,0,0
1768228236361770,52931,14550,34.0,137,0,0
1768228236362989,52931,14550,60.0,24,0,0
1768228236365107,52931,14550,53.0,124,0,0
1768228236366971,52931,14550,31.0,2,0,0
1768228236368445,52931,14550,64.0,164,0,0
1768228236369943,52931,14550,24.0,168,0,0
1768228236371419,52931,14550,42.0,136,0,0
1768228236372635,52931,14550,42.0,193,0,0
1768228236374312,52931,14550,48.0,32,0,0
1768228236375767,52931,14550,40.0,241,0,0
1768228236376989,52931,14550,70.0,87,0,0
1768228236379274,52931,14550,61.0,147,0,0
1768228236380824,52931,14550,64.0,11030,0,0
1768228236579962,52931,14550,48.0,163,0,0
1768228236581681,52931,14550,44.0,178,0,0
1768228236583314,52931,14550,48.0,30,0,0
1768228236586589,52931,14550,48.0,33,0,0
1768228236590477,52931,14550,39.0,74,0,0
1768228236594903,52931,14550,51.0,1,0,0
1768228236600336,52931,14550,22.0,125,0,0
1768228236603073,52931,14550,27.0,152,0,0
1768228236604688,52931,14550,45.0,62,0,0
1768228236609325,52931,14550,26.0,42,0,0
1768228236614251,52931,14550,32.0,36,0,0
1768228236618008,52931,14550,62.0,65,0,0
1768228236619936,52931,14550,49.0,27,0,0
1768228236622126,52931,14550,44.0,116,0,0
1768228236624531,52931,14550,42.0,129,0,0
1768228236626432,52931,14550,34.0,29,0,0
1768228236628676,52931,14550,34.0,137,0,0
1768228236630598,52931,14550,60.0,24,0,0
1768228236633208,52931,14550,53.0,124,0,0
1768228236635096,52931,14550,31.0,2,0,0
1768228236636808,52931,14550,64.0,164,0,0
1768228236639879,52931,14550,24.0,168,0,0
1768228236641872,52931,14550,42.0,136,0,0
1768228236643100,52931,14550,42.0,193,0,0
1768228236645334,52931,14550,48.0,32,0,0
1768228236648853,52931,14550,40.0,241,0,0
1768228236651137,52931,14550,70.0,87,0,0
1768228236653202,52931,14550,61.0,147,0,0
1768228236654915,52931,14550,64.0,11030,0,0
1768228236745785,5760,58419,,264,1,0
1768228236746848,52931,14550,47.0,264,0,0
1768228236832448,52931,14550,48.0,163,0,0
1768228236835925,52931,14550,44.0,178,0,0
1768228236837132,52931,14550,48.0,30,0,0
1768228236839037,52931,14550,48.0,33,0,0
1768228236840658,52931,14550,39.0,74,0,0
1768228236843432,52931,14550,51.0,1,0,0
1768228236847597,52931,14550,22.0,125,0,0
1768228236849705,52931,14550,27.0,152,0,0
1768228236851282,52931,14550,45.0,62,0,0
1768228236854539,52931,14550,26.0,42,0,0
1768228236857005,52931,14550,32.0,36,0,0
1768228236859496,52931,14550,62.0,65,0,0
1768228236861604,52931,14550,49.0,27,0,0
1768228236863772,52931,14550,44.0,116,0,0
1768228236865554,52931,14550,42.0,129,0,0
1768228236867420,52931,14550,34.0,29,0,0
1768228236869031,52931,14550,34.0,137,0,0
1768228236870698,52931,14550,60.0,24,0,0
1768228236872566,52931,14550,53.0,124,0,0
1768228236874747,52931,14550,31.0,2,0,0
1768228236876141,52931,14550,64.0,164,0,0
1768228236877787,52931,14550,24.0,168,0,0
1768228236879259,52931,14550,42.0,136,0,0
1768228236880707,52931,14550,42.0,193,0,0
1768228236883008,52931,14550,48.0,32,0,0
1768228236884999,52931,14550,40.0,241,0,0
1768228236886745,52931,14550,70.0,87,0,0
1768228236888610,52931,14550,61.0,147,0,0
1768228236890527,52931,14550,64.0,11030,0,0
1768228236926303,58419,5760,,0,1,0
1768228237081784,52931,14550,48.0,163,0,0
1768228237084107,52931,14550,44.0,178,0,0
1768228237087075,52931,14550,48.0,30,0,0
1768228237091396,52931,14550,48.0,33,0,0
1768228237093657,52931,14550,39.0,74,0,0
1768228237099567,52931,14550,51.0,1,0,0
1768228237105348,52931,14550,22.0,125,0,0
1768228237108451,52931,14550,27.0,152,0,0
1768228237109728,52931,14550,45.0,62,0,0
1768228237112260,52931,14550,26.0,42,0,0
1768228237114108,52931,14550,32.0,36,0,0
1768228237116123,52931,14550,62.0,65,0,0
1768228237118055,52931,14550,49.0,27,0,0
1768228237120325,52931,14550,44.0,116,0,0
1768228237122805,52931,14550,42.0,129,0,0
1768228237125048,52931,14550,34.0,29,0,0
1768228237126589,52931,14550,34.0,137,0,0
1768228237127852,52931,14550,60.0,24,0,0
1768228237130988,52931,14550,53.0,124,0,0
1768228237133835,52931,14550,31.0,2,0,0
1768228237135020,52931,14550,64.0,164,0,0
1768228237138328,52931,14550,24.0,168,0,0
1768228237140018,52931,14550,42.0,136,0,0
1768228237141999,52931,14550,42.0,193,0,0
1768228237143445,52931,14550,48.0,32,0,0
1768228237145060,52931,14550,40.0,241,0,0
1768228237146774,52931,14550,70.0,87,0,0
1768228237148537,52931,14550,61.0,147,0,0
1768228237151728,52931,14550,64.0,11030,0,0
1768228237157022,5760,58419,,0,1,0
1768228237158057,52931,14550,29.0,0,0,0
1768228237246697,5760,58419,,264,1,0
1768228237247771,52931,14550,47.0,264,0,0
1768228237332395,52931,14550,48.0,163,0,0
1768228237334446,52931,14550,44.0,178,0,0
1768228237335697,52931,14550,48.0,30,0,0
1768228237338361,52931,14550,48.0,33,0,0
1768228237340290,52931,14550,39.0,74,0,0
1768228237345017,52931,14550,51.0,1,0,0
1768228237350869,52931,14550,22.0,125,0,0
1768228237352962,52931,14550,27.0,152,0,0
1768228237354216,52931,14550,45.0,62,0,0
1768228237357281,52931,14550,26.0,42,0,0
1768228237363713,52931,14550,32.0,36,0,0
1768228237365145,52931,14550,62.0,65,0,0
1768228237366838,52931,14550,49.0,27,0,0
1768228237369894,52931,14550,44.0,116,0,0
1768228237371940,52931,14550,42.0,129,0,0
1768228237373600,52931,14550,34.0,29,0,0
1768228237375010,52931,14550,34.0,137,0,0
1768228237376680,52931,14550,60.0,24,0,0
1768228237378377,52931,14550,53.0,124,0,0
1768228237380857,52931,14550,31.0,2,0,0
1768228237382421,52931,14550,64.0,164,0,0
1768228237384690,52931,14550,24.0,168,0,0
1768228237386118,52931,14550,42.0,136,0,0
1768228237387646,52931,14550,42.0,193,0,0
1768228237389028,52931,14550,48.0,32,0,0
1768228237390248,52931,14550,40.0,241,0,0
1768228237391599,52931,14550,70.0,87,0,0
1768228237394346,52931,14550,61.0,147,0,0
1768228237395875,52931,14550,64.0,11030,0,0
1768228237589306,52931,14550,48.0,163,0,0
1768228237591588,52931,14550,44.0,178,0,0
1768228237593059,52931,14550,48.0,30,0,0
1768228237595947,52931,14550,48.0,33,0,0
1768228237599147,52931,14550,39.0,74,0,0
1768228237603758,52931,14550,51.0,1,0,0
1768228237608212,52931,14550,22.0,125,0,0
1768228237611587,52931,14550,27.0,152,0,0
1768228237614747,52931,14550,45.0,62,0,0
1768228237619941,52931,14550,26.0,42,0,0
1768228237623330,52931,14550,32.0,36,0,0
1768228237625713,52931,14550,62.0,65,0,0
1768228237627033,52931,14550,49.0,27,0,0
1768228237630259,52931,14550,44.0,116,0,0
1768228237632961,52931,14550,42.0,129,0,0
1768228237635700,52931,14550,34.0,29,0,0
1768228237637853,52931,14550,34.0,137,0,0
1768228237639312,52931,14550,60.0,24,0,0
1768228237643713,52931,14550,53.0,124,0,0
1768228237645908,52931,14550,31.0,2,0,0
1768228237648186,52931,14550,64.0,164,0,0
1768228237650183,52931,14550,24.0,168,0,0
1768228237653256,52931,14550,42.0,136,0,0
1768228237656412,52931,14550,42.0,193,0,0
1768228237659246,52931,14550,48.0,32,0,0
1768228237661018,52931,14550,40.0,241,0,0
1768228237664449,52931,14550,70.0,87,0,0
1768228237666450,52931,14550,61.0,147,0,0
1768228237668100,52931,14550,64.0,11030,0,0
1768228237750224,5760,58419,,264,1,0
1768228237751218,52931,14550,47.0,264,0,0
1768228237837297,52931,14550,48.0,163,0,0
1768228237840754,52931,14550,44.0,178,0,0
1768228237842735,52931,14550,48.0,30,0,0
1768228237846223,52931,14550,48.0,33,0,0
1768228237848012,52931,14550,39.0,74,0,0
1768228237851206,52931,14550,51.0,1,0,0
1768228237854122,52931,14550,22.0,125,0,0
1768228237857158,52931,14550,27.0,152,0,0
1768228237859071,52931,14550,45.0,62,0,0
1768228237862212,52931,14550,26.0,42,0,0
1768228237865257,52931,14550,32.0,36,0,0
1768228237866637,52931,14550,62.0,65,0,0
1768228237868066,52931,14550,49.0,27,0,0
1768228237869835,52931,14550,44.0,116,0,0
1768228237871387,52931,14550,42.0,129,0,0
1768228237872579,52931,14550,34.0,29,0,0
1768228237873943,52931,14550,34.0,137,0,0
1768228237875321,52931,14550,60.0,24,0,0
1768228237877001,52931,14550,53.0,124,0,0
1768228237878991,52931,14550,31.0,2,0,0
1768228237880473,52931,14550,64.0,164,0,0
1768228237881859,52931,14550,24.0,168,0,0
1768228237883660,52931,14550,42.0,136,0,0
1768228237885197,52931,14550,42.0,193,0,0
1768228237886649,52931,14550,48.0,32,0,0
1768228237888158,52931,14550,40.0,241,0,0
1768228237889463,52931,14550,70.0,87,0,0
1768228237891031,52931,14550,61.0,147,0,0
1768228237893660,52931,14550,64.0,11030,0,0
1768228237931049,58419,5760,,0,1,0
1768228238091841,52931,14550,48.0,163,0,0
1768228238094778,52931,14550,44.0,178,0,0
1768228238098551,52931,14550,48.0,30,0,0
1768228238100980,52931,14550,48.0,33,0,0
1768228238104567,52931,14550,39.0,74,0,0
1768228238110503,52931,14550,51.0,1,0,0
1768228238116893,52931,14550,22.0,125,0,0
1768228238120003,52931,14550,27.0,152,0,0
1768228238125174,52931,14550,45.0,62,0,0
1768228238129729,52931,14550,26.0,42,0,0
1768228238132645,52931,14550,32.0,36,0,0
1768228238135917,52931,14550,62.0,65,0,0
1768228238138084,52931,14550,49.0,27,0,0
1768228238140798,52931,14550,44.0,116,0,0
1768228238143322,52931,14550,42.0,129,0,0
1768228238145099,52931,14550,34.0,29,0,0
1768228238147114,52931,14550,34.0,137,0,0
1768228238149152,52931,14550,60.0,24,0,0
1768228238152963,52931,14550,53.0,124,0,0
1768228238155012,52931,14550,31.0,2,0,0
1768228238156238,52931,14550,64.0,164,0,0
1768228238158128,52931,14550,24.0,168,0,0
1768228238160275,52931,14550,42.0,136,0,0
1768228238161519,52931,14550,42.0,193,0,0
1768228238161858,5760,58419,,0,1,0
1768228238163284,52931,14550,48.0,32,0,0
1768228238164505,52931,14550,40.0,241,0,0
1768228238165991,52931,14550,70.0,87,0,0
1768228238167819,52931,14550,61.0,147,0,0
1768228238170014,52931,14550,64.0,11030,0,0
1768228238172938,52931,14550,29.0,0,0,0
1768228238254904,5760,58419,,264,1,0
1768228238255962,52931,14550,47.0,264,0,0
1768228238339413,52931,14550,48.0,163,0,0
1768228238341833,52931,14550,44.0,178,0,0
1768228238343755,52931,14550,48.0,30,0,0
1768228238347622,52931,14550,48.0,33,0,0
1768228238350892,52931,14550,39.0,74,0,0
1768228238353165,52931,14550,51.0,1,0,0
1768228238355801,52931,14550,22.0,125,0,0
1768228238357639,52931,14550,27.0,152,0,0
1768228238359151,52931,14550,45.0,62,0,0
1768228238361634,52931,14550,26.0,42,0,0
1768228238364378,52931,14550,32.0,36,0,0
1768228238366352,52931,14550,62.0,65,0,0
1768228238368180,52931,14550,49.0,27,0,0
1768228238369740,52931,14550,44.0,116,0,0
1768228238371617,52931,14550,42.0,129,0,0
1768228238373255,52931,14550,34.0,29,0,0
1768228238374912,52931,14550,34.0,137,0,0
1768228238376843,52931,14550,60.0,24,0,0
1768228238383272,52931,14550,53.0,124,0,0
1768228238386447,52931,14550,31.0,2,0,0
1768228238389096,52931,14550,64.0,164,0,0
1768228238393664,52931,14550,24.0,168,0,0
1768228238396033,52931,14550,42.0,136,0,0
1768228238397598,52931,14550,42.0,193,0,0
1768228238399146,52931,14550,48.0,32,0,0
1768228238401292,52931,14550,40.0,241,0,0
1768228238403444,52931,14550,70.0,87,0,0
1768228238405682,52931,14550,61.0,147,0,0
1768228238409052,52931,14550,64.0,11030,0,0
1768228238591325,52931,14550,48.0,163,0,0
1768228238592076,52931,14550,44.0,178,0,0
1768228238593069,52931,14550,48.0,30,0,0
1768228238593937,52931,14550,48.0,33,0,0
1768228238594489,52931,14550,39.0,74,0,0
1768228238597066,52931,14550,51.0,1,0,0
1768228238599932,52931,14550,22.0,125,0,0
1768228238601112,52931,14550,27.0,152,0,0
1768228238602083,52931,14550,45.0,62,0,0
1768228238603554,52931,14550,26.0,42,0,0
1768228238606094,52931,14550,32.0,36,0,0
1768228238607230,52931,14550,62.0,65,0,0
1768228238608146,52931,14550,49.0,27,0,0
1768228238608852,52931,14550,44.0,116,0,0
1768228238610518,52931,14550,42.0,129,0,0
1768228238612547,52931,14550,34.0,29,0,0
1768228238613512,52931,14550,34.0,137,0,0
1768228238614803,52931,14550,60.0,24,0,0
1768228238616473,52931,14550,53.0,124,0,0
1768228238618225,52931,14550,31.0,2,0,0
1768228238619698,52931,14550,64.0,164,0,0
1768228238620632,52931,14550,24.0,168,0,0
1768228238622463,52931,14550,42.0,136,0,0
1768228238624674,52931,14550,42.0,193,0,0
1768228238625532,52931,14550,48.0,32,0,0
1768228238626807,52931,14550,40.0,241,0,0
1768228238627594,52931,14550,70.0,87,0,0
1768228238628465,52931,14550,61.0,147,0,0
1768228238629660,52931,14550,64.0,11030,0,0
1768228238758472,5760,58419,,264,1,0
1768228238759444,52931,14550,47.0,264,0,0
1768228238843612,52931,14550,48.0,163,0,0
1768228238846275,52931,14550,44.0,178,0,0
1768228238847748,52931,14550,48.0,30,0,0
1768228238852453,52931,14550,48.0,33,0,0
1768228238854989,52931,14550,39.0,74,0,0
1768228238859623,52931,14550,51.0,1,0,0
1768228238863826,52931,14550,22.0,125,0,0
1768228238865396,52931,14550,27.0,152,0,0
1768228238866829,52931,14550,45.0,62,0,0
1768228238869821,52931,14550,26.0,42,0,0
1768228238872429,52931,14550,32.0,36,0,0
1768228238873673,52931,14550,62.0,65,0,0
1768228238875216,52931,14550,49.0,27,0,0
1768228238877757,52931,14550,44.0,116,0,0
1768228238879248,52931,14550,42.0,129,0,0
1768228238881335,52931,14550,34.0,29,0,0
1768228238882640,52931,14550,34.0,137,0,0
1768228238884101,52931,14550,60.0,24,0,0
1768228238886311,52931,14550,53.0,124,0,0
1768228238888333,52931,14550,31.0,2,0,0
1768228238889729,52931,14550,64.0,164,0,0
1768228238891067,52931,14550,24.0,168,0,0
1768228238892570,52931,14550,42.0,136,0,0
1768228238894240,52931,14550,42.0,193,0,0
1768228238897145,52931,14550,48.0,32,0,0
1768228238899550,52931,14550,40.0,241,0,0
1768228238901039,52931,14550,70.0,87,0,0
1768228238904327,52931,14550,61.0,147,0,0
1768228238905962,52931,14550,64.0,11030,0,0
1768228238941606,58419,5760,,0,1,0
1768228239094995,52931,14550,48.0,163,0,0
1768228239098869,52931,14550,44.0,178,0,0
1768228239100577,52931,14550,48.0,30,0,0
1768228239103717,52931,14550,48.0,33,0,0
1768228239106713,52931,14550,39.0,74,0,0
1768228239113714,52931,14550,51.0,1,0,0
1768228239118665,52931,14550,22.0,125,0,0
1768228239122583,52931,14550,27.0,152,0,0
1768228239124123,52931,14550,45.0,62,0,0
1768228239127896,52931,14550,26.0,42,0,0
1768228239130369,52931,14550,32.0,36,0,0
1768228239132462,52931,14550,62.0,65,0,0
1768228239134365,52931,14550,49.0,27,0,0
1768228239137581,52931,14550,44.0,116,0,0
1768228239141137,52931,14550,42.0,129,0,0
1768228239142476,52931,14550,34.0,29,0,0
1768228239144561,52931,14550,34.0,137,0,0
1768228239146077,52931,14550,60.0,24,0,0
1768228239149099,52931,14550,53.0,124,0,0
1768228239151853,52931,14550,31.0,2,0,0
1768228239154809,52931,14550,64.0,164,0,0
1768228239158117,52931,14550,24.0,168,0,0
1768228239160046,52931,14550,42.0,136,0,0
1768228239163256,52931,14550,42.0,193,0,0
1768228239164780,52931,14550,48.0,32,0,0
1768228239165270,5760,58419,,0,1,0
1768228239166079,52931,14550,40.0,241,0,0
1768228239167817,52931,14550,70.0,87,0,0
1768228239170698,52931,14550,61.0,147,0,0
1768228239172681,52931,14550,64.0,11030,0,0
1768228239178068,52931,14550,29.0,0,0,0
1768228239261996,5760,58419,,264,1,0
1768228239263017,52931,14550,47.0,264,0,0
1768228239346987,52931,14550,48.0,163,0,0
1768228239349615,52931,14550,44.0,178,0,0
1768228239351479,52931,14550,48.0,30,0,0
1768228239354868,52931,14550,48.0,33,0,0
1768228239356210,52931,14550,39.0,74,0,0
1768228239360302,52931,14550,51.0,1,0,0
1768228239363358,52931,14550,22.0,125,0,0
1768228239365168,52931,14550,27.0,152,0,0
1768228239366440,52931,14550,45.0,62,0,0
1768228239368690,52931,14550,26.0,42,0,0
1768228239370942,52931,14550,32.0,36,0,0
1768228239372922,52931,14550,62.0,65,0,0
1768228239374246,52931,14550,49.0,27,0,0
1768228239376030,52931,14550,44.0,116,0,0
1768228239377478,52931,14550,42.0,129,0,0
1768228239379041,52931,14550,34.0,29,0,0
1768228239380365,52931,14550,34.0,137,0,0
1768228239381752,52931,14550,60.0,24,0,0
1768228239384081,52931,14550,53.0,124,0,0
1768228239385998,52931,14550,31.0,2,0,0
1768228239387504,52931,14550,64.0,164,0,0
1768228239388869,52931,14550,24.0,168,0,0
1768228239390375,52931,14550,42.0,136,0,0
1768228239391586,52931,14550,42.0,193,0,0
1768228239393325,52931,14550,48.0,32,0,0
1768228239394595,52931,14550,40.0,241,0,0
1768228239396249,52931,14550,70.0,87,0,0
1768228239398516,52931,14550,61.0,147,0,0
1768228239399811,52931,14550,64.0,11030,0,0
1768228239596748,52931,14550,48.0,163,0,0
1768228239599052,52931,14550,44.0,178,0,0
1768228239600299,52931,14550,48.0,30,0,0
1768228239602672,52931,14550,48.0,33,0,0
1768228239604779,52931,14550,39.0,74,0,0
1768228239609840,52931,14550,51.0,1,0,0
1768228239614812,52931,14550,22.0,125,0,0
1768228239618472,52931,14550,27.0,152,0,0
1768228239620370,52931,14550,45.0,62,0,0
1768228239630774,52931,14550,26.0,42,0,0
1768228239635274,52931,14550,32.0,36,0,0
1768228239637765,52931,14550,62.0,65,0,0
1768228239640778,52931,14550,49.0,27,0,0
1768228239642643,52931,14550,44.0,116,0,0
1768228239643883,52931,14550,42.0,129,0,0
1768228239648674,52931,14550,34.0,29,0,0
1768228239651836,52931,14550,34.0,137,0,0
1768228239656181,52931,14550,60.0,24,0,0
1768228239658831,52931,14550,53.0,124,0,0
1768228239663204,52931,14550,31.0,2,0,0
1768228239665667,52931,14550,64.0,164,0,0
1768228239667057,52931,14550,24.0,168,0,0
1768228239668960,52931,14550,42.0,136,0,0
1768228239670326,52931,14550,42.0,193,0,0
1768228239671986,52931,14550,48.0,32,0,0
1768228239673993,52931,14550,40.0,241,0,0
1768228239676198,52931,14550,70.0,87,0,0
1768228239678200,52931,14550,61.0,147,0,0
1768228239680260,52931,14550,64.0,11030,0,0
1768228239760691,5760,58419,,264,1,0
1768228239761693,52931,14550,47.0,264,0,0
1768228239852265,52931,14550,48.0,163,0,0
1768228239855785,52931,14550,44.0,178,0,0
1768228239857430,52931,14550,48.0,30,0,0
1768228239862168,52931,14550,48.0,33,0,0
1768228239864694,52931,14550,39.0,74,0,0
1768228239867693,52931,14550,51.0,1,0,0
1768228239874601,52931,14550,22.0,125,0,0
1768228239877220,52931,14550,27.0,152,0,0
1768228239880667,52931,14550,45.0,62,0,0
1768228239883973,52931,14550,26.0,42,0,0
1768228239886829,52931,14550,32.0,36,0,0
1768228239889080,52931,14550,62.0,65,0,0
1768228239891259,52931,14550,49.0,27,0,0
1768228239893541,52931,14550,44.0,116,0,0
1768228239896464,52931,14550,42.0,129,0,0
1768228239898256,52931,14550,34.0,29,0,0
1768228239899612,52931,14550,34.0,137,0,0
1768228239901141,52931,14550,60.0,24,0,0
1768228239902747,52931,14550,53.0,124,0,0
1768228239904326,52931,14550,31.0,2,0,0
1768228239906012,52931,14550,64.0,164,0,0
1768228239907766,52931,14550,24.0,168,0,0
1768228239909776,52931,14550,42.0,136,0,0
1768228239912277,52931,14550,42.0,193,0,0
1768228239915064,52931,14550,48.0,32,0,0
1768228239916533,52931,14550,40.0,241,0,0
1768228239918339,52931,14550,70.0,87,0,0
1768228239921518,52931,14550,61.0,147,0,0
1768228239925335,52931,14550,64.0,11030,0,0
1768228239928080,52931,14550,21.0,46,0,0
1768228239930188,52931,14550,40.0,253,0,0
1768228239933177,52931,14550,35.0,253,0,0
1768228239948089,58419,5760,,0,1,0
1768228240100590,52931,14550,48.0,163,0,0
1768228240102751,52931,14550,44.0,178,0,0
1768228240104870,52931,14550,48.0,30,0,0
1768228240107593,52931,14550,48.0,33,0,0
1768228240109919,52931,14550,39.0,74,0,0
1768228240115655,52931,14550,51.0,1,0,0
1768228240119878,52931,14550,22.0,125,0,0
1768228240122771,52931,14550,27.0,152,0,0
1768228240124466,52931,14550,45.0,62,0,0
1768228240127397,52931,14550,26.0,42,0,0
1768228240130556,52931,14550,32.0,36,0,0
1768228240132393,52931,14550,62.0,65,0,0
1768228240133791,52931,14550,49.0,27,0,0
1768228240135390,52931,14550,44.0,116,0,0
1768228240137031,52931,14550,42.0,129,0,0
1768228240138508,52931,14550,34.0,29,0,0
1768228240140049,52931,14550,34.0,137,0,0
1768228240141695,52931,14550,60.0,24,0,0
1768228240143522,52931,14550,53.0,124,0,0
1768228240145506,52931,14550,31.0,2,0,0
1768228240146781,52931,14550,64.0,164,0,0
1768228240147955,52931,14550,24.0,168,0,0
1768228240149601,52931,14550,42.0,136,0,0
1768228240151057,52931,14550,42.0,193,0,0
1768228240153034,52931,14550,48.0,32,0,0
1768228240154501,52931,14550,40.0,241,0,0
1768228240155805,52931,14550,70.0,87,0,0
1768228240157933,52931,14550,61.0,147,0,0
1768228240159774,52931,14550,64.0,11030,0,0
1768228240172331,5760,58419,,0,1,0
1768228240173644,52931,14550,29.0,0,0,0
1768228240268794,5760,58419,,264,1,0
1768228240271112,52931,14550,47.0,264,0,0
1768228240351939,52931,14550,48.0,163,0,0
1768228240353715,52931,14550,44.0,178,0,0
1768228240355474,52931,14550,48.0,30,0,0
1768228240358127,52931,14550,48.0,33,0,0
1768228240360489,52931,14550,39.0,74,0,0
1768228240365367,52931,14550,51.0,1,0,0
1768228240370422,52931,14550,22.0,125,0,0
1768228240372500,52931,14550,27.0,152,0,0
1768228240374628,52931,14550,45.0,62,0,0
1768228240376700,52931,14550,26.0,42,0,0
1768228240378821,52931,14550,32.0,36,0,0
1768228240380539,52931,14550,62.0,65,0,0
1768228240382404,52931,14550,49.0,27,0,0
1768228240383666,52931,14550,44.0,116,0,0
1768228240385607,52931,14550,42.0,129,0,0
1768228240387915,52931,14550,34.0,29,0,0
1768228240389315,52931,14550,34.0,137,0,0
1768228240390660,52931,14550,60.0,24,0,0
1768228240392561,52931,14550,53.0,124,0,0
1768228240394524,52931,14550,31.0,2,0,0
1768228240395911,52931,14550,64.0,164,0,0
1768228240397313,52931,14550,24.0,168,0,0
1768228240399031,52931,14550,42.0,136,0,0
1768228240400375,52931,14550,42.0,193,0,0
1768228240402828,52931,14550,48.0,32,0,0
1768228240404303,52931,14550,40.0,241,0,0
1768228240405580,52931,14550,70.0,87,0,0
1768228240407133,52931,14550,61.0,147,0,0
1768228240408867,52931,14550,64.0,11030,0,0
1768228240606786,52931,14550,48.0,163,0,0
1768228240609483,52931,14550,44.0,178,0,0
1768228240611235,52931,14550,48.0,30,0,0
1768228240613959,52931,14550,48.0,33,0,0
1768228240615816,52931,14550,39.0,74,0,0
1768228240618839,52931,14550,51.0,1,0,0
1768228240626194,52931,14550,22.0,125,0,0
1768228240628203,52931,14550,27.0,152,0,0
1768228240629581,52931,14550,45.0,62,0,0
1768228240632648,52931,14550,26.0,42,0,0
1768228240638521,52931,14550,32.0,36,0,0
1768228240640873,52931,14550,62.0,65,0,0
1768228240643389,52931,14550,49.0,27,0,0
1768228240645221,52931,14550,44.0,116,0,0
1768228240648030,52931,14550,42.0,129,0,0
1768228240649841,52931,14550,34.0,29,0,0
1768228240651085,52931,14550,34.0,137,0,0
1768228240652923,52931,14550,60.0,24,0,0
1768228240655393,52931,14550,53.0,124,0,0
1768228240659649,52931,14550,31.0,2,0,0
1768228240661596,52931,14550,64.0,164,0,0
1768228240662883,52931,14550,24.0,168,0,0
1768228240665310,52931,14550,42.0,136,0,0
1768228240667123,52931,14550,42.0,193,0,0
1768228240670167,52931,14550,48.0,32,0,0
1768228240671525,52931,14550,40.0,241,0,0
1768228240673092,52931,14550,70.0,87,0,0
1768228240677025,52931,14550,61.0,147,0,0
1768228240678765,52931,14550,64.0,11030,0,0
1768228240772092,5760,58419,,264,1,0
1768228240773269,52931,14550,47.0,264,0,0
1768228240857436,52931,14550,48.0,163,0,0
1768228240858904,52931,14550,44.0,178,0,0
1768228240860072,52931,14550,48.0,30,0,0
1768228240861637,52931,14550,48.0,33,0,0
1768228240862511,52931,14550,39.0,74,0,0
1768228240864704,52931,14550,51.0,1,0,0
1768228240866664,52931,14550,22.0,125,0,0
1768228240867756,52931,14550,27.0,152,0,0
1768228240868477,52931,14550,45.0,62,0,0
1768228240869955,52931,14550,26.0,42,0,0
1768228240870956,52931,14550,32.0,36,0,0
1768228240871862,52931,14550,62.0,65,0,0
1768228240872707,52931,14550,49.0,27,0,0
1768228240873371,52931,14550,44.0,116,0,0
1768228240874275,52931,14550,42.0,129,0,0
1768228240875146,52931,14550,34.0,29,0,0
1768228240875900,52931,14550,34.0,137,0,0
1768228240876549,52931,14550,60.0,24,0,0
1768228240877818,52931,14550,53.0,124,0,0
1768228240878624,52931,14550,31.0,2,0,0
1768228240879454,52931,14550,64.0,164,0,0
1768228240880139,52931,14550,24.0,168,0,0
1768228240880900,52931,14550,42.0,136,0,0
1768228240881992,52931,14550,42.0,193,0,0
1768228240883009,52931,14550,48.0,32,0,0
1768228240883750,52931,14550,40.0,241,0,0
1768228240884714,52931,14550,70.0,87,0,0
1768228240885781,52931,14550,61.0,147,0,0
1768228240886612,52931,14550,64.0,11030,0,0
1768228240955256,58419,5760,,0,1,0
1768228241108305,52931,14550,48.0,163,0,0
1768228241112722,52931,14550,44.0,178,0,0
1768228241119293,52931,14550,48.0,30,0,0
1768228241122296,52931,14550,48.0,33,0,0
1768228241124380,52931,14550,39.0,74,0,0
1768228241131185,52931,14550,51.0,1,0,0
1768228241138019,52931,14550,22.0,125,0,0
1768228241141415,52931,14550,27.0,152,0,0
1768228241143192,52931,14550,45.0,62,0,0
1768228241145629,52931,14550,26.0,42,0,0
1768228241148339,52931,14550,32.0,36,0,0
1768228241149866,52931,14550,62.0,65,0,0
1768228241151116,52931,14550,49.0,27,0,0
1768228241152523,52931,14550,44.0,116,0,0
1768228241154137,52931,14550,42.0,129,0,0
1768228241155634,52931,14550,34.0,29,0,0
1768228241156854,52931,14550,34.0,137,0,0
1768228241158032,52931,14550,60.0,24,0,0
1768228241160130,52931,14550,53.0,124,0,0
1768228241161967,52931,14550,31.0,2,0,0
1768228241163452,52931,14550,64.0,164,0,0
1768228241164905,52931,14550,24.0,168,0,0
1768228241166643,52931,14550,42.0,136,0,0
1768228241167843,52931,14550,42.0,193,0,0
1768228241169498,52931,14550,48.0,32,0,0
1768228241170970,52931,14550,40.0,241,0,0
1768228241172388,52931,14550,70.0,87,0,0
1768228241174207,52931,14550,61.0,147,0,0
1768228241175956,52931,14550,64.0,11030,0,0
1768228241178735,5760,58419,,0,1,0
1768228241179785,52931,14550,29.0,0,0,0
1768228241272035,5760,58419,,264,1,0
1768228241273125,52931,14550,47.0,264,0,0
1768228241360830,52931,14550,48.0,163,0,0
1768228241363428,52931,14550,44.0,178,0,0
1768228241366022,52931,14550,48.0,30,0,0
1768228241367729,52931,14550,48.0,33,0,0
1768228241369762,52931,14550,39.0,74,0,0
1768228241372840,52931,14550,51.0,1,0,0
1768228241375171,52931,14550,22.0,125,0,0
1768228241377070,52931,14550,27.0,152,0,0
1768228241378295,52931,14550,45.0,62,0,0
1768228241380449,52931,14550,26.0,42,0,0
1768228241382898,52931,14550,32.0,36,0,0
1768228241384991,52931,14550,62.0,65,0,0
1768228241386697,52931,14550,49.0,27,0,0
1768228241387980,52931,14550,44.0,116,0,0
1768228241389284,52931,14550,42.0,129,0,0
1768228241390875,52931,14550,34.0,29,0,0
1768228241392208,52931,14550,34.0,137,0,0
1768228241393850,52931,14550,60.0,24,0,0
1768228241396193,52931,14550,53.0,124,0,0
1768228241397769,52931,14550,31.0,2,0,0
1768228241399296,52931,14550,64.0,164,0,0
1768228241400505,52931,14550,24.0,168,0,0
1768228241402309,52931,14550,42.0,136,0,0
1768228241403826,52931,14550,42.0,193,0,0
1768228241405205,52931,14550,48.0,32,0,0
1768228241406713,52931,14550,40.0,241,0,0
1768228241408065,52931,14550,70.0,87,0,0
1768228241409517,52931,14550,61.0,147,0,0
1768228241411716,52931,14550,64.0,11030,0,0
1768228241612264,52931,14550,48.0,163,0,0
1768228241614591,52931,14550,44.0,178,0,0
1768228241616395,52931,14550,48.0,30,0,0
1768228241619001,52931,14550,48.0,33,0,0
1768228241621312,52931,14550,39.0,74,0,0
1768228241626750,52931,14550,51.0,1,0,0
1768228241632003,52931,14550,22.0,125,0,0
1768228241635293,52931,14550,27.0,152,0,0
1768228241636829,52931,14550,45.0,62,0,0
1768228241642297,52931,14550,26.0,42,0,0
1768228241646555,52931,14550,32.0,36,0,0
1768228241648930,52931,14550,62.0,65,0,0
1768228241651559,52931,14550,49.0,27,0,0
1768228241652764,52931,14550,44.0,116,0,0
1768228241654648,52931,14550,42.0,129,0,0
1768228241656240,52931,14550,34.0,29,0,0
1768228241658242,52931,14550,34.0,137,0,0
1768228241661268,52931,14550,60.0,24,0,0
1768228241664185,52931,14550,53.0,124,0,0
1768228241665929,52931,14550,31.0,2,0,0
1768228241667898,52931,14550,64.0,164,0,0
1768228241671375,52931,14550,24.0,168,0,0
1768228241673223,52931,14550,42.0,136,0,0
1768228241675643,52931,14550,42.0,193,0,0
1768228241678187,52931,14550,48.0,32,0,0
1768228241680124,52931,14550,40.0,241,0,0
1768228241682965,52931,14550,70.0,87,0,0
1768228241687078,52931,14550,61.0,147,0,0
1768228241688547,52931,14550,64.0,11030,0,0
1768228241772838,5760,58419,,264,1,0
1768228241773978,52931,14550,47.0,264,0,0
1768228241859308,52931,14550,48.0,163,0,0
1768228241861851,52931,14550,44.0,178,0,0
1768228241863990,52931,14550,48.0,30,0,0
1768228241866604,52931,14550,48.0,33,0,0
1768228241869018,52931,14550,39.0,74,0,0
1768228241872401,52931,14550,51.0,1,0,0
1768228241874739,52931,14550,22.0,125,0,0
1768228241876938,52931,14550,27.0,152,0,0
1768228241878204,52931,14550,45.0,62,0,0
1768228241880354,52931,14550,26.0,42,0,0
1768228241882814,52931,14550,32.0,36,0,0
1768228241884202,52931,14550,62.0,65,0,0
1768228241885626,52931,14550,49.0,27,0,0
1768228241887181,52931,14550,44.0,116,0,0
1768228241888390,52931,14550,42.0,129,0,0
1768228241889900,52931,14550,34.0,29,0,0
1768228241891149,52931,14550,34.0,137,0,0
1768228241892641,52931,14550,60.0,24,0,0
1768228241894287,52931,14550,53.0,124,0,0
1768228241896715,52931,14550,31.0,2,0,0
1768228241898258,52931,14550,64.0,164,0,0
1768228241899594,52931,14550,24.0,168,0,0
1768228241901458,52931,14550,42.0,136,0,0
1768228241902893,52931,14550,42.0,193,0,0
1768228241904569,52931,14550,48.0,32,0,0
1768228241906081,52931,14550,40.0,241,0,0
1768228241907670,52931,14550,70.0,87,0,0
1768228241910297,52931,14550,61.0,147,0,0
1768228241912511,52931,14550,64.0,11030,0,0
1768228241960110,58419,5760,,0,1,0
1768228242115491,52931,14550,48.0,163,0,0
1768228242117303,52931,14550,44.0,178,0,0
1768228242119672,52931,14550,48.0,30,0,0
1768228242124936,52931,14550,48.0,33,0,0
1768228242130042,52931,14550,39.0,74,0,0
1768228242135825,52931,14550,51.0,1,0,0
1768228242143002,52931,14550,22.0,125,0,0
1768228242146371,52931,14550,27.0,152,0,0
1768228242148720,52931,14550,45.0,62,0,0
1768228242152139,52931,14550,26.0,42,0,0
1768228242154927,52931,14550,32.0,36,0,0
1768228242156629,52931,14550,62.0,65,0,0
1768228242158306,52931,14550,49.0,27,0,0
1768228242159871,52931,14550,44.0,116,0,0
1768228242161242,52931,14550,42.0,129,0,0
1768228242162461,52931,14550,34.0,29,0,0
1768228242164104,52931,14550,34.0,137,0,0
1768228242165568,52931,14550,60.0,24,0,0
1768228242167473,52931,14550,53.0,124,0,0
1768228242169328,52931,14550,31.0,2,0,0
1768228242170623,52931,14550,64.0,164,0,0
1768228242172601,52931,14550,24.0,168,0,0
1768228242174300,52931,14550,42.0,136,0,0
1768228242176149,52931,14550,42.0,193,0,0
1768228242177577,52931,14550,48.0,32,0,0
1768228242179496,52931,14550,40.0,241,0,0
1768228242181014,52931,14550,70.0,87,0,0
1768228242182660,52931,14550,61.0,147,0,0
1768228242183957,5760,58419,,0,1,0
1768228242184560,52931,14550,64.0,11030,0,0
1768228242186721,52931,14550,29.0,0,0,0
1768228242275373,5760,58419,,264,1,0
1768228242279215,52931,14550,47.0,264,0,0
1768228242366563,52931,14550,48.0,163,0,0
1768228242369045,52931,14550,44.0,178,0,0
1768228242370517,52931,14550,48.0,30,0,0
1768228242373283,52931,14550,48.0,33,0,0
1768228242378362,52931,14550,39.0,74,0,0
1768228242382840,52931,14550,51.0,1,0,0
1768228242385670,52931,14550,22.0,125,0,0
1768228242387816,52931,14550,27.0,152,0,0
1768228242389111,52931,14550,45.0,62,0,0
1768228242392216,52931,14550,26.0,42,0,0
1768228242394315,52931,14550,32.0,36,0,0
1768228242395696,52931,14550,62.0,65,0,0
1768228242396945,52931,14550,49.0,27,0,0
1768228242398444,52931,14550,44.0,116,0,0
1768228242399884,52931,14550,42.0,129,0,0
1768228242401460,52931,14550,34.0,29,0,0
1768228242402881,52931,14550,34.0,137,0,0
1768228242404099,52931,14550,60.0,24,0,0
1768228242406141,52931,14550,53.0,124,0,0
1768228242408046,52931,14550,31.0,2,0,0
1768228242409594,52931,14550,64.0,164,0,0
1768228242410950,52931,14550,24.0,168,0,0
1768228242412615,52931,14550,42.0,136,0,0
1768228242413885,52931,14550,42.0,193,0,0
1768228242415357,52931,14550,48.0,32,0,0
1768228242416567,52931,14550,40.0,241,0,0
1768228242418546,52931,14550,70.0,87,0,0
1768228242420086,52931,14550,61.0,147,0,0
1768228242421939,52931,14550,64.0,11030,0,0
1768228242549523,58419,5760,,66,1,0
1768228242614076,52931,14550,48.0,163,0,0
1768228242616091,52931,14550,44.0,178,0,0
1768228242617746,52931,14550,48.0,30,0,0
1768228242624168,52931,14550,48.0,33,0,0
1768228242629203,52931,14550,39.0,74,0,0
1768228242634048,52931,14550,51.0,1,0,0
1768228242639208,52931,14550,22.0,125,0,0
1768228242641732,52931,14550,27.0,152,0,0
1768228242643359,52931,14550,45.0,62,0,0
1768228242647289,52931,14550,26.0,42,0,0
1768228242650226,52931,14550,32.0,36,0,0
1768228242651562,52931,14550,62.0,65,0,0
1768228242655333,52931,14550,49.0,27,0,0
1768228242657343,52931,14550,44.0,116,0,0
1768228242659039,52931,14550,42.0,129,0,0
1768228242660246,52931,14550,34.0,29,0,0
1768228242662979,52931,14550,34.0,137,0,0
1768228242664690,52931,14550,60.0,24,0,0
1768228242667455,52931,14550,53.0,124,0,0
1768228242669843,52931,14550,31.0,2,0,0
1768228242671358,52931,14550,64.0,164,0,0
1768228242673597,52931,14550,24.0,168,0,0
1768228242675583,52931,14550,42.0,136,0,0
1768228242677025,52931,14550,42.0,193,0,0
1768228242679335,52931,14550,48.0,32,0,0
1768228242682422,52931,14550,40.0,241,0,0
1768228242684496,52931,14550,70.0,87,0,0
1768228242688625,52931,14550,61.0,147,0,0
1768228242690262,52931,14550,64.0,11030,0,0
1768228242782354,5760,58419,,264,1,0
1768228242784115,52931,14550,47.0,264,0,0
1768228242870910,52931,14550,48.0,163,0,0
1768228242874194,52931,14550,44.0,178,0,0
1768228242877323,52931,14550,48.0,30,0,0
1768228242883110,52931,14550,48.0,33,0,0
1768228242885437,52931,14550,39.0,74,0,0
1768228242889762,52931,14550,51.0,1,0,0
1768228242892193,52931,14550,22.0,125,0,0
1768228242894611,52931,14550,27.0,152,0,0
1768228242895806,52931,14550,45.0,62,0,0
1768228242898469,52931,14550,26.0,42,0,0
1768228242901704,52931,14550,32.0,36,0,0
1768228242903299,52931,14550,62.0,65,0,0
1768228242905013,52931,14550,49.0,27,0,0
1768228242906555,52931,14550,44.0,116,0,0
1768228242908138,52931,14550,42.0,129,0,0
1768228242909567,52931,14550,34.0,29,0,0
1768228242911032,52931,14550,34.0,137,0,0
1768228242913115,52931,14550,60.0,24,0,0
1768228242915480,52931,14550,53.0,124,0,0
1768228242917501,52931,14550,31.0,2,0,0
1768228242919251,52931,14550,64.0,164,0,0
1768228242920686,52931,14550,24.0,168,0,0
1768228242922362,52931,14550,42.0,136,0,0
1768228242923577,52931,14550,42.0,193,0,0
1768228242926224,52931,14550,48.0,32,0,0
1768228242928660,52931,14550,40.0,241,0,0
1768228242930829,52931,14550,70.0,87,0,0
1768228242932629,52931,14550,61.0,147,0,0
1768228242934222,52931,14550,64.0,11030,0,0
1768228242970616,58419,5760,,0,1,0
1768228243118037,52931,14550,48.0,163,0,0
1768228243120440,52931,14550,44.0,178,0,0
1768228243122506,52931,14550,48.0,30,0,0
1768228243125881,52931,14550,48.0,33,0,0
1768228243128463,52931,14550,39.0,74,0,0
1768228243135610,52931,14550,51.0,1,0,0
1768228243140008,52931,14550,22.0,125,0,0
1768228243144095,52931,14550,27.0,152,0,0
1768228243148255,52931,14550,45.0,62,0,0
1768228243152506,52931,14550,26.0,42,0,0
1768228243155186,52931,14550,32.0,36,0,0
1768228243157690,52931,14550,62.0,65,0,0
1768228243160153,52931,14550,49.0,27,0,0
1768228243162087,52931,14550,44.0,116,0,0
1768228243165033,52931,14550,42.0,129,0,0
1768228243167430,52931,14550,34.0,29,0,0
1768228243169012,52931,14550,34.0,137,0,0
1768228243171790,52931,14550,60.0,24,0,0
1768228243173909,52931,14550,53.0,124,0,0
1768228243175477,52931,14550,31.0,2,0,0
1768228243177324,52931,14550,64.0,164,0,0
1768228243179495,52931,14550,24.0,168,0,0
1768228243180919,52931,14550,42.0,136,0,0
1768228243182532,52931,14550,42.0,193,0,0
1768228243184563,52931,14550,48.0,32,0,0
1768228243186450,52931,14550,40.0,241,0,0
1768228243188063,52931,14550,70.0,87,0,0
1768228243189525,52931,14550,61.0,147,0,0
1768228243193164,5760,58419,,0,1,0
1768228243193703,52931,14550,64.0,11030,0,0
1768228243196847,52931,14550,29.0,0,0,0
1768228243281375,5760,58419,,264,1,0
1768228243282460,52931,14550,47.0,264,0,0
1768228243372662,52931,14550,48.0,163,0,0
1768228243374402,52931,14550,44.0,178,0,0
1768228243377328,52931,14550,48.0,30,0,0
1768228243379212,52931,14550,48.0,33,0,0
1768228243381276,52931,14550,39.0,74,0,0
1768228243384700,52931,14550,51.0,1,0,0
1768228243387267,52931,14550,22.0,125,0,0
1768228243389084,52931,14550,27.0,152,0,0
1768228243390643,52931,14550,45.0,62,0,0
1768228243392496,52931,14550,26.0,42,0,0
1768228243395089,52931,14550,32.0,36,0,0
1768228243396343,52931,14550,62.0,65,0,0
1768228243397918,52931,14550,49.0,27,0,0
1768228243399210,52931,14550,44.0,116,0,0
1768228243400582,52931,14550,42.0,129,0,0
1768228243402121,52931,14550,34.0,29,0,0
1768228243403660,52931,14550,34.0,137,0,0
1768228243404903,52931,14550,60.0,24,0,0
1768228243407116,52931,14550,53.0,124,0,0
1768228243408785,52931,14550,31.0,2,0,0
1768228243410784,52931,14550,64.0,164,0,0
1768228243412039,52931,14550,24.0,168,0,0
1768228243413677,52931,14550,42.0,136,0,0
1768228243415048,52931,14550,42.0,193,0,0
1768228243416643,52931,14550,48.0,32,0,0
1768228243418070,52931,14550,40.0,241,0,0
1768228243419543,52931,14550,70.0,87,0,0
1768228243420982,52931,14550,61.0,147,0,0
1768228243422656,52931,14550,64.0,11030,0,0
1768228243618860,52931,14550,48.0,163,0,0
1768228243620468,52931,14550,44.0,178,0,0
1768228243622400,52931,14550,48.0,30,0,0
1768228243623936,52931,14550,48.0,33,0,0
1768228243625564,52931,14550,39.0,74,0,0
1768228243628847,52931,14550,51.0,1,0,0
1768228243633043,52931,14550,22.0,125,0,0
1768228243635322,52931,14550,27.0,152,0,0
1768228243636665,52931,14550,45.0,62,0,0
1768228243639887,52931,14550,26.0,42,0,0
1768228243643762,52931,14550,32.0,36,0,0
1768228243644816,52931,14550,62.0,65,0,0
1768228243646095,52931,14550,49.0,27,0,0
1768228243647452,52931,14550,44.0,116,0,0
1768228243649615,52931,14550,42.0,129,0,0
1768228243650465,52931,14550,34.0,29,0,0
1768228243652917,52931,14550,34.0,137,0,0
1768228243654280,52931,14550,60.0,24,0,0
1768228243656147,52931,14550,53.0,124,0,0
1768228243657379,52931,14550,31.0,2,0,0
1768228243658507,52931,14550,64.0,164,0,0
1768228243660383,52931,14550,24.0,168,0,0
1768228243661719,52931,14550,42.0,136,0,0
1768228243663133,52931,14550,42.0,193,0,0
1768228243665710,52931,14550,48.0,32,0,0
1768228243666545,52931,14550,40.0,241,0,0
1768228243667873,52931,14550,70.0,87,0,0
1768228243669667,52931,14550,61.0,147,0,0
1768228243670545,52931,14550,64.0,11030,0,0
1768228243783783,5760,58419,,264,1,0
1768228243784614,52931,14550,47.0,264,0,0
1768228243869495,52931,14550,48.0,163,0,0
1768228243872077,52931,14550,44.0,178,0,0
1768228243873945,52931,14550,48.0,30,0,0
1768228243876772,52931,14550,48.0,33,0,0
1768228243878543,52931,14550,39.0,74,0,0
1768228243882189,52931,14550,51.0,1,0,0
1768228243898667,52931,14550,22.0,125,0,0
1768228243903721,52931,14550,27.0,152,0,0
1768228243907530,52931,14550,45.0,62,0,0
1768228243912075,52931,14550,26.0,42,0,0
1768228243915906,52931,14550,32.0,36,0,0
1768228243917309,52931,14550,62.0,65,0,0
1768228243919660,52931,14550,49.0,27,0,0
1768228243921317,52931,14550,44.0,116,0,0
1768228243923267,52931,14550,42.0,129,0,0
1768228243925475,52931,14550,34.0,29,0,0
1768228243928349,52931,14550,34.0,137,0,0
1768228243930060,52931,14550,60.0,24,0,0
1768228243933736,52931,14550,53.0,124,0,0
1768228243936828,52931,14550,31.0,2,0,0
1768228243939411,52931,14550,64.0,164,0,0
1768228243941299,52931,14550,24.0,168,0,0
1768228243942826,52931,14550,42.0,136,0,0
1768228243945014,52931,14550,42.0,193,0,0
1768228243948108,52931,14550,48.0,32,0,0
1768228243950660,52931,14550,40.0,241,0,0
1768228243952457,52931,14550,70.0,87,0,0
1768228243954567,52931,14550,61.0,147,0,0
1768228243958336,52931,14550,64.0,11030,0,0
1768228243973312,58419,5760,,0,1,0
1768228244126564,52931,14550,48.0,163,0,0
1768228244129265,52931,14550,44.0,178,0,0
1768228244131019,52931,14550,48.0,30,0,0
1768228244135034,52931,14550,48.0,33,0,0
1768228244137932,52931,14550,39.0,74,0,0
1768228244142156,52931,14550,51.0,1,0,0
1768228244151390,52931,14550,22.0,125,0,0
1768228244155191,52931,14550,27.0,152,0,0
1768228244158229,52931,14550,45.0,62,0,0
1768228244161170,52931,14550,26.0,42,0,0
1768228244165089,52931,14550,32.0,36,0,0
1768228244167775,52931,14550,62.0,65,0,0
1768228244170013,52931,14550,49.0,27,0,0
1768228244173100,52931,14550,44.0,116,0,0
1768228244174459,52931,14550,42.0,129,0,0
1768228244178322,52931,14550,34.0,29,0,0
1768228244179969,52931,14550,34.0,137,0,0
1768228244182497,52931,14550,60.0,24,0,0
1768228244185047,52931,14550,53.0,124,0,0
1768228244186896,52931,14550,31.0,2,0,0
1768228244188675,52931,14550,64.0,164,0,0
1768228244190365,52931,14550,24.0,168,0,0
1768228244192211,52931,14550,42.0,136,0,0
1768228244193527,52931,14550,42.0,193,0,0
1768228244195567,52931,14550,48.0,32,0,0
1768228244196896,52931,14550,40.0,241,0,0
1768228244198284,5760,58419,,0,1,0
1768228244198309,52931,14550,70.0,87,0,0
1768228244200099,52931,14550,61.0,147,0,0
1768228244202197,52931,14550,64.0,11030,0,0
1768228244205063,52931,14550,29.0,0,0,0
1768228244252068,5760,58419,,111,1,0
1768228244253176,52931,14550,33.0,111,0,0
1768228244290375,5760,58419,,264,1,0
1768228244291637,52931,14550,47.0,264,0,0
1768228244377728,52931,14550,48.0,163,0,0
1768228244379789,52931,14550,44.0,178,0,0
1768228244381544,52931,14550,48.0,30,0,0
1768228244385019,52931,14550,48.0,33,0,0
1768228244386707,52931,14550,39.0,74,0,0
1768228244389814,52931,14550,51.0,1,0,0
1768228244392087,52931,14550,22.0,125,0,0
1768228244394293,52931,14550,27.0,152,0,0
1768228244395702,52931,14550,45.0,62,0,0
1768228244398110,52931,14550,26.0,42,0,0
1768228244400852,52931,14550,32.0,36,0,0
1768228244402229,52931,14550,62.0,65,0,0
1768228244403654,52931,14550,49.0,27,0,0
1768228244404973,52931,14550,44.0,116,0,0
1768228244406362,52931,14550,42.0,129,0,0
1768228244408099,52931,14550,34.0,29,0,0
1768228244409834,52931,14550,34.0,137,0,0
1768228244411374,52931,14550,60.0,24,0,0
1768228244413282,52931,14550,53.0,124,0,0
1768228244414962,52931,14550,31.0,2,0,0
1768228244416715,52931,14550,64.0,164,0,0
1768228244418231,52931,14550,24.0,168,0,0
1768228244420037,52931,14550,42.0,136,0,0
1768228244421237,52931,14550,42.0,193,0,0
1768228244422768,52931,14550,48.0,32,0,0
1768228244424183,52931,14550,40.0,241,0,0
1768228244425839,52931,14550,70.0,87,0,0
1768228244427318,52931,14550,61.0,147,0,0
1768228244429019,52931,14550,64.0,11030,0,0
1768228244624245,52931,14550,48.0,163,0,0
1768228244626378,52931,14550,44.0,178,0,0
1768228244628567,52931,14550,48.0,30,0,0
1768228244631208,52931,14550,48.0,33,0,0
1768228244632672,52931,14550,39.0,74,0,0
1768228244637382,52931,14550,51.0,1,0,0
1768228244645160,52931,14550,22.0,125,0,0
1768228244648088,52931,14550,27.0,152,0,0
1768228244650633,52931,14550,45.0,62,0,0
1768228244654331,52931,14550,26.0,42,0,0
1768228244657316,52931,14550,32.0,36,0,0
1768228244658721,52931,14550,62.0,65,0,0
1768228244659950,52931,14550,49.0,27,0,0
1768228244662835,52931,14550,44.0,116,0,0
1768228244664243,52931,14550,42.0,129,0,0
1768228244666302,52931,14550,34.0,29,0,0
1768228244668202,52931,14550,34.0,137,0,0
1768228244670000,52931,14550,60.0,24,0,0
1768228244673212,52931,14550,53.0,124,0,0
1768228244676503,52931,14550,31.0,2,0,0
1768228244679206,52931,14550,64.0,164,0,0
1768228244680963,52931,14550,24.0,168,0,0
1768228244684404,52931,14550,42.0,136,0,0
1768228244685993,52931,14550,42.0,193,0,0
1768228244687659,52931,14550,48.0,32,0,0
1768228244689515,52931,14550,40.0,241,0,0
1768228244692265,52931,14550,70.0,87,0,0
1768228244694071,52931,14550,61.0,147,0,0
1768228244695898,52931,14550,64.0,11030,0,0
1768228244794054,5760,58419,,264,1,0
1768228244795101,52931,14550,47.0,264,0,0
1768228244879457,52931,14550,48.0,163,0,0
1768228244881585,52931,14550,44.0,178,0,0
1768228244883406,52931,14550,48.0,30,0,0
1768228244886653,52931,14550,48.0,33,0,0
1768228244888897,52931,14550,39.0,74,0,0
1768228244892837,52931,14550,51.0,1,0,0
1768228244897557,52931,14550,22.0,125,0,0
1768228244900474,52931,14550,27.0,152,0,0
1768228244902467,52931,14550,45.0,62,0,0
1768228244904786,52931,14550,26.0,42,0,0
1768228244906792,52931,14550,32.0,36,0,0
1768228244908701,52931,14550,62.0,65,0,0
1768228244910130,52931,14550,49.0,27,0,0
1768228244911619,52931,14550,44.0,116,0,0
1768228244913702,52931,14550,42.0,129,0,0
1768228244915151,52931,14550,34.0,29,0,0
1768228244916672,52931,14550,34.0,137,0,0
1768228244918069,52931,14550,60.0,24,0,0
1768228244920004,52931,14550,53.0,124,0,0
1768228244921737,52931,14550,31.0,2,0,0
1768228244923259,52931,14550,64.0,164,0,0
1768228244925646,52931,14550,24.0,168,0,0
1768228244927233,52931,14550,42.0,136,0,0
1768228244928440,52931,14550,42.0,193,0,0
1768228244930111,52931,14550,48.0,32,0,0
1768228244931466,52931,14550,40.0,241,0,0
1768228244933105,52931,14550,70.0,87,0,0
1768228244934606,52931,14550,61.0,147,0,0
1768228244936431,52931,14550,64.0,11030,0,0
1768228244982709,58419,5760,,0,1,0
1768228245127762,52931,14550,48.0,163,0,0
1768228245130317,52931,14550,44.0,178,0,0
1768228245133538,52931,14550,48.0,30,0,0
1768228245139990,52931,14550,48.0,33,0,0
1768228245143241,52931,14550,39.0,74,0,0
1768228245151688,52931,14550,51.0,1,0,0
1768228245159499,52931,14550,22.0,125,0,0
1768228245161840,52931,14550,27.0,152,0,0
1768228245163719,52931,14550,45.0,62,0,0
1768228245167169,52931,14550,26.0,42,0,0
1768228245169331,52931,14550,32.0,36,0,0
1768228245170643,52931,14550,62.0,65,0,0
1768228245171928,52931,14550,49.0,27,0,0
1768228245173502,52931,14550,44.0,116,0,0
1768228245174805,52931,14550,42.0,129,0,0
1768228245176391,52931,14550,34.0,29,0,0
1768228245177849,52931,14550,34.0,137,0,0
1768228245179462,52931,14550,60.0,24,0,0
1768228245181974,52931,14550,53.0,124,0,0
1768228245183424,52931,14550,31.0,2,0,0
1768228245184853,52931,14550,64.0,164,0,0
1768228245186217,52931,14550,24.0,168,0,0
1768228245187671,52931,14550,42.0,136,0,0
1768228245189319,52931,14550,42.0,193,0,0
1768228245191090,52931,14550,48.0,32,0,0
1768228245192307,52931,14550,40.0,241,0,0
1768228245193815,52931,14550,70.0,87,0,0
1768228245195598,52931,14550,61.0,147,0,0
1768228245198310,52931,14550,64.0,11030,0,0
1768228245199333,5760,58419,,0,1,0
1768228245201953,52931,14550,29.0,0,0,0
1768228245297040,5760,58419,,264,1,0
1768228245298049,52931,14550,47.0,264,0,0
1768228245382117,52931,14550,48.0,163,0,0
1768228245384565,52931,14550,44.0,178,0,0
1768228245386269,52931,14550,48.0,30,0,0
1768228245390431,52931,14550,48.0,33,0,0
1768228245394423,52931,14550,39.0,74,0,0
1768228245397738,52931,14550,51.0,1,0,0
1768228245400401,52931,14550,22.0,125,0,0
1768228245402539,52931,14550,27.0,152,0,0
1768228245404275,52931,14550,45.0,62,0,0
1768228245407736,52931,14550,26.0,42,0,0
1768228245410060,52931,14550,32.0,36,0,0
1768228245411781,52931,14550,62.0,65,0,0
1768228245413637,52931,14550,49.0,27,0,0
1768228245415845,52931,14550,44.0,116,0,0
1768228245417620,52931,14550,42.0,129,0,0
1768228245419077,52931,14550,34.0,29,0,0
1768228245420344,52931,14550,34.0,137,0,0
1768228245422005,52931,14550,60.0,24,0,0
1768228245424337,52931,14550,53.0,124,0,0
1768228245426586,52931,14550,31.0,2,0,0
1768228245428244,52931,14550,64.0,164,0,0
1768228245429729,52931,14550,24.0,168,0,0
1768228245431367,52931,14550,42.0,136,0,0
1768228245432714,52931,14550,42.0,193,0,0
1768228245434220,52931,14550,48.0,32,0,0
1768228245435971,52931,14550,40.0,241,0,0
1768228245437511,52931,14550,70.0,87,0,0
1768228245439389,52931,14550,61.0,147,0,0
1768228245441545,52931,14550,64.0,11030,0,0
1768228245631058,52931,14550,48.0,163,0,0
1768228245633422,52931,14550,44.0,178,0,0
1768228245634981,52931,14550,48.0,30,0,0
1768228245637960,52931,14550,48.0,33,0,0
1768228245639320,52931,14550,39.0,74,0,0
1768228245642096,52931,14550,51.0,1,0,0
1768228245649461,52931,14550,22.0,125,0,0
1768228245651769,52931,14550,27.0,152,0,0
1768228245656396,52931,14550,45.0,62,0,0
1768228245658739,52931,14550,26.0,42,0,0
1768228245661586,52931,14550,32.0,36,0,0
1768228245664638,52931,14550,62.0,65,0,0
1768228245666226,52931,14550,49.0,27,0,0
1768228245668465,52931,14550,44.0,116,0,0
1768228245670081,52931,14550,42.0,129,0,0
1768228245674451,52931,14550,34.0,29,0,0
1768228245676293,52931,14550,34.0,137,0,0
1768228245679178,52931,14550,60.0,24,0,0
1768228245681570,52931,14550,53.0,124,0,0
1768228245683230,52931,14550,31.0,2,0,0
1768228245685103,52931,14550,64.0,164,0,0
1768228245686821,52931,14550,24.0,168,0,0
1768228245689572,52931,14550,42.0,136,0,0
1768228245691365,52931,14550,42.0,193,0,0
1768228245692973,52931,14550,48.0,32,0,0
1768228245694618,52931,14550,40.0,241,0,0
1768228245697040,52931,14550,70.0,87,0,0
1768228245702626,52931,14550,61.0,147,0,0
1768228245705151,52931,14550,64.0,11030,0,0
1768228245800279,5760,58419,,264,1,0
1768228245801409,52931,14550,47.0,264,0,0
1768228245886709,52931,14550,48.0,163,0,0
1768228245889230,52931,14550,44.0,178,0,0
1768228245891684,52931,14550,48.0,30,0,0
1768228245894517,52931,14550,48.0,33,0,0
1768228245896517,52931,14550,39.0,74,0,0
1768228245899692,52931,14550,51.0,1,0,0
1768228245902891,52931,14550,22.0,125,0,0
1768228245905379,52931,14550,27.0,152,0,0
1768228245906817,52931,14550,45.0,62,0,0
1768228245908798,52931,14550,26.0,42,0,0
1768228245911177,52931,14550,32.0,36,0,0
1768228245912800,52931,14550,62.0,65,0,0
1768228245914591,52931,14550,49.0,27,0,0
1768228245916082,52931,14550,44.0,116,0,0
1768228245917904,52931,14550,42.0,129,0,0
1768228245919347,52931,14550,34.0,29,0,0
1768228245920632,52931,14550,34.0,137,0,0
1768228245922256,52931,14550,60.0,24,0,0
1768228245924215,52931,14550,53.0,124,0,0
1768228245926357,52931,14550,31.0,2,0,0
1768228245928051,52931,14550,64.0,164,0,0
1768228245929565,52931,14550,24.0,168,0,0
1768228245931428,52931,14550,42.0,136,0,0
1768228245932948,52931,14550,42.0,193,0,0
1768228245934520,52931,14550,48.0,32,0,0
1768228245935851,52931,14550,40.0,241,0,0
1768228245937186,52931,14550,70.0,87,0,0
1768228245940444,52931,14550,61.0,147,0,0
1768228245942972,52931,14550,64.0,11030,0,0
1768228245990871,58419,5760,,0,1,0
1768228246134214,52931,14550,48.0,163,0,0
1768228246136997,52931,14550,44.0,178,0,0
1768228246138887,52931,14550,48.0,30,0,0
1768228246142508,52931,14550,48.0,33,0,0
1768228246144101,52931,14550,39.0,74,0,0
1768228246154529,52931,14550,51.0,1,0,0
1768228246159679,52931,14550,22.0,125,0,0
1768228246164049,52931,14550,27.0,152,0,0
1768228246166412,52931,14550,45.0,62,0,0
1768228246170177,52931,14550,26.0,42,0,0
1768228246175527,52931,14550,32.0,36,0,0
1768228246178276,52931,14550,62.0,65,0,0
1768228246181083,52931,14550,49.0,27,0,0
1768228246182356,52931,14550,44.0,116,0,0
1768228246184152,52931,14550,42.0,129,0,0
1768228246185968,52931,14550,34.0,29,0,0
1768228246188745,52931,14550,34.0,137,0,0
1768228246190685,52931,14550,60.0,24,0,0
1768228246193552,52931,14550,53.0,124,0,0
1768228246195959,52931,14550,31.0,2,0,0
1768228246197542,52931,14550,64.0,164,0,0
1768228246198936,52931,14550,24.0,168,0,0
1768228246201553,52931,14550,42.0,136,0,0
1768228246204167,52931,14550,42.0,193,0,0
1768228246207711,52931,14550,48.0,32,0,0
1768228246209594,52931,14550,40.0,241,0,0
1768228246209749,5760,58419,,0,1,0
1768228246211423,52931,14550,70.0,87,0,0
1768228246214305,52931,14550,61.0,147,0,0
1768228246216038,52931,14550,64.0,11030,0,0
1768228246219541,52931,14550,29.0,0,0,0
1768228246301981,5760,58419,,264,1,0
1768228246303082,52931,14550,47.0,264,0,0
1768228246387878,52931,14550,48.0,163,0,0
1768228246390626,52931,14550,44.0,178,0,0
1768228246392775,52931,14550,48.0,30,0,0
1768228246395358,52931,14550,48.0,33,0,0
1768228246396713,52931,14550,39.0,74,0,0
1768228246399727,52931,14550,51.0,1,0,0
1768228246402526,52931,14550,22.0,125,0,0
1768228246404244,52931,14550,27.0,152,0,0
1768228246405633,52931,14550,45.0,62,0,0
1768228246407620,52931,14550,26.0,42,0,0
1768228246410052,52931,14550,32.0,36,0,0
1768228246411438,52931,14550,62.0,65,0,0
1768228246412964,52931,14550,49.0,27,0,0
1768228246414612,52931,14550,44.0,116,0,0
1768228246416139,52931,14550,42.0,129,0,0
1768228246418716,52931,14550,34.0,29,0,0
1768228246420050,52931,14550,34.0,137,0,0
1768228246421347,52931,14550,60.0,24,0,0
1768228246423369,52931,14550,53.0,124,0,0
1768228246425372,52931,14550,31.0,2,0,0
1768228246427177,52931,14550,64.0,164,0,0
1768228246428525,52931,14550,24.0,168,0,0
1768228246430014,52931,14550,42.0,136,0,0
1768228246431836,52931,14550,42.0,193,0,0
1768228246433601,52931,14550,48.0,32,0,0
1768228246434976,52931,14550,40.0,241,0,0
1768228246436293,52931,14550,70.0,87,0,0
1768228246437859,52931,14550,61.0,147,0,0
1768228246439477,52931,14550,64.0,11030,0,0
1768228246639803,52931,14550,48.0,163,0,0
1768228246642727,52931,14550,44.0,178,0,0
1768228246645556,52931,14550,48.0,30,0,0
1768228246647378,52931,14550,48.0,33,0,0
1768228246649831,52931,14550,39.0,74,0,0
1768228246653833,52931,14550,51.0,1,0,0
1768228246659163,52931,14550,22.0,125,0,0
1768228246662519,52931,14550,27.0,152,0,0
1768228246664259,52931,14550,45.0,62,0,0
1768228246668473,52931,14550,26.0,42,0,0
1768228246670477,52931,14550,32.0,36,0,0
1768228246672714,52931,14550,62.0,65,0,0
1768228246674434,52931,14550,49.0,27,0,0
1768228246677985,52931,14550,44.0,116,0,0
1768228246679678,52931,14550,42.0,129,0,0
1768228246681404,52931,14550,34.0,29,0,0
1768228246682822,52931,14550,34.0,137,0,0
1768228246685717,52931,14550,60.0,24,0,0
1768228246688427,52931,14550,53.0,124,0,0
1768228246692187,52931,14550,31.0,2,0,0
1768228246695251,52931,14550,64.0,164,0,0
1768228246696648,52931,14550,24.0,168,0,0
1768228246699036,52931,14550,42.0,136,0,0
1768228246701356,52931,14550,42.0,193,0,0
1768228246704026,52931,14550,48.0,32,0,0
1768228246708149,52931,14550,40.0,241,0,0
1768228246710121,52931,14550,70.0,87,0,0
1768228246712917,52931,14550,61.0,147,0,0
1768228246714637,52931,14550,64.0,11030,0,0
1768228246806360,5760,58419,,264,1,0
1768228246807406,52931,14550,47.0,264,0,0
1768228246890844,52931,14550,48.0,163,0,0
1768228246893102,52931,14550,44.0,178,0,0
1768228246894545,52931,14550,48.0,30,0,0
1768228246898192,52931,14550,48.0,33,0,0
1768228246899723,52931,14550,39.0,74,0,0
1768228246903754,52931,14550,51.0,1,0,0
1768228246905990,52931,14550,22.0,125,0,0
1768228246908240,52931,14550,27.0,152,0,0
1768228246909763,52931,14550,45.0,62,0,0
1768228246912067,52931,14550,26.0,42,0,0
1768228246914630,52931,14550,32.0,36,0,0
1768228246916407,52931,14550,62.0,65,0,0
1768228246917723,52931,14550,49.0,27,0,0
1768228246919222,52931,14550,44.0,116,0,0
1768228246920464,52931,14550,42.0,129,0,0
1768228246921672,52931,14550,34.0,29,0,0
1768228246923224,52931,14550,34.0,137,0,0
1768228246924691,52931,14550,60.0,24,0,0
1768228246927007,52931,14550,53.0,124,0,0
1768228246929212,52931,14550,31.0,2,0,0
1768228246930932,52931,14550,64.0,164,0,0
1768228246932348,52931,14550,24.0,168,0,0
1768228246934104,52931,14550,42.0,136,0,0
1768228246935323,52931,14550,42.0,193,0,0
1768228246936952,52931,14550,48.0,32,0,0
1768228246938282,52931,14550,40.0,241,0,0
1768228246940123,52931,14550,70.0,87,0,0
1768228246941824,52931,14550,61.0,147,0,0
1768228246944489,52931,14550,64.0,11030,0,0
1768228246992568,58419,5760,,0,1,0
1768228247144725,52931,14550,48.0,163,0,0
1768228247147022,52931,14550,44.0,178,0,0
1768228247148367,52931,14550,48.0,30,0,0
1768228247151749,52931,14550,48.0,33,0,0
1768228247154348,52931,14550,39.0,74,0,0
1768228247158232,52931,14550,51.0,1,0,0
1768228247163533,52931,14550,22.0,125,0,0
1768228247165758,52931,14550,27.0,152,0,0
1768228247168359,52931,14550,45.0,62,0,0
1768228247171340,52931,14550,26.0,42,0,0
1768228247175475,52931,14550,32.0,36,0,0
1768228247176810,52931,14550,62.0,65,0,0
1768228247178604,52931,14550,49.0,27,0,0
1768228247180634,52931,14550,44.0,116,0,0
1768228247182454,52931,14550,42.0,129,0,0
1768228247184343,52931,14550,34.0,29,0,0
1768228247186780,52931,14550,34.0,137,0,0
1768228247188162,52931,14550,60.0,24,0,0
1768228247193263,52931,14550,53.0,124,0,0
1768228247196694,52931,14550,31.0,2,0,0
1768228247199123,52931,14550,64.0,164,0,0
1768228247200374,52931,14550,24.0,168,0,0
1768228247202741,52931,14550,42.0,136,0,0
1768228247204288,52931,14550,42.0,193,0,0
1768228247207044,52931,14550,48.0,32,0,0
1768228247208750,52931,14550,40.0,241,0,0
1768228247210104,52931,14550,70.0,87,0,0
1768228247213386,52931,14550,61.0,147,0,0
1768228247214686,52931,14550,64.0,11030,0,0
1768228247215761,5760,58419,,0,1,0
1768228247219020,52931,14550,29.0,0,0,0
1768228247307178,5760,58419,,264,1,0
1768228247308244,52931,14550,47.0,264,0,0
1768228247391708,52931,14550,48.0,163,0,0
1768228247393616,52931,14550,44.0,178,0,0
1768228247396733,52931,14550,48.0,30,0,0
1768228247398752,52931,14550,48.0,33,0,0
1768228247400218,52931,14550,39.0,74,0,0
1768228247403411,52931,14550,51.0,1,0,0
1768228247406880,52931,14550,22.0,125,0,0
1768228247409173,52931,14550,27.0,152,0,0
1768228247410965,52931,14550,45.0,62,0,0
1768228247413426,52931,14550,26.0,42,0,0
1768228247415669,52931,14550,32.0,36,0,0
1768228247417267,52931,14550,62.0,65,0,0
1768228247418720,52931,14550,49.0,27,0,0
1768228247420136,52931,14550,44.0,116,0,0
1768228247421604,52931,14550,42.0,129,0,0
1768228247423363,52931,14550,34.0,29,0,0
1768228247424799,52931,14550,34.0,137,0,0
1768228247426290,52931,14550,60.0,24,0,0
1768228247428616,52931,14550,53.0,124,0,0
1768228247430094,52931,14550,31.0,2,0,0
1768228247431416,52931,14550,64.0,164,0,0
1768228247433713,52931,14550,24.0,168,0,0
1768228247435297,52931,14550,42.0,136,0,0
1768228247436679,52931,14550,42.0,193,0,0
1768228247438392,52931,14550,48.0,32,0,0
1768228247439765,52931,14550,40.0,241,0,0
1768228247441272,52931,14550,70.0,87,0,0
1768228247443030,52931,14550,61.0,147,0,0
1768228247444257,52931,14550,64.0,11030,0,0
1768228247645446,52931,14550,48.0,163,0,0
1768228247648521,52931,14550,44.0,178,0,0
1768228247650891,52931,14550,48.0,30,0,0
1768228247653015,52931,14550,48.0,33,0,0
1768228247655065,52931,14550,39.0,74,0,0
1768228247660814,52931,14550,51.0,1,0,0
1768228247668333,52931,14550,22.0,125,0,0
1768228247673113,52931,14550,27.0,152,0,0
1768228247675354,52931,14550,45.0,62,0,0
1768228247678764,52931,14550,26.0,42,0,0
1768228247682330,52931,14550,32.0,36,0,0
1768228247685002,52931,14550,62.0,65,0,0
1768228247687085,52931,14550,49.0,27,0,0
1768228247688785,52931,14550,44.0,116,0,0
1768228247690589,52931,14550,42.0,129,0,0
1768228247692062,52931,14550,34.0,29,0,0
1768228247693570,52931,14550,34.0,137,0,0
1768228247695002,52931,14550,60.0,24,0,0
1768228247697477,52931,14550,53.0,124,0,0
1768228247699396,52931,14550,31.0,2,0,0
1768228247700623,52931,14550,64.0,164,0,0
1768228247701816,52931,14550,24.0,168,0,0
1768228247703496,52931,14550,42.0,136,0,0
1768228247704779,52931,14550,42.0,193,0,0
1768228247706496,52931,14550,48.0,32,0,0
1768228247707980,52931,14550,40.0,241,0,0
1768228247709769,52931,14550,70.0,87,0,0
1768228247711993,52931,14550,61.0,147,0,0
1768228247714836,52931,14550,64.0,11030,0,0
1768228247808020,5760,58419,,264,1,0
1768228247809037,52931,14550,47.0,264,0,0
1768228247898785,52931,14550,48.0,163,0,0
1768228247901081,52931,14550,44.0,178,0,0
1768228247903285,52931,14550,48.0,30,0,0
1768228247905075,52931,14550,48.0,33,0,0
1768228247906928,52931,14550,39.0,74,0,0
1768228247912377,52931,14550,51.0,1,0,0
1768228247915817,52931,14550,22.0,125,0,0
1768228247917783,52931,14550,27.0,152,0,0
1768228247919128,52931,14550,45.0,62,0,0
1768228247922697,52931,14550,26.0,42,0,0
1768228247925976,52931,14550,32.0,36,0,0
1768228247927620,52931,14550,62.0,65,0,0
1768228247929231,52931,14550,49.0,27,0,0
1768228247931387,52931,14550,44.0,116,0,0
1768228247933923,52931,14550,42.0,129,0,0
1768228247935943,52931,14550,34.0,29,0,0
1768228247937519,52931,14550,34.0,137,0,0
1768228247938788,52931,14550,60.0,24,0,0
1768228247940877,52931,14550,53.0,124,0,0
1768228247942330,52931,14550,31.0,2,0,0
1768228247944525,52931,14550,64.0,164,0,0
1768228247946209,52931,14550,24.0,168,0,0
1768228247948063,52931,14550,42.0,136,0,0
1768228247950456,52931,14550,42.0,193,0,0
1768228247952648,52931,14550,48.0,32,0,0
1768228247954278,52931,14550,40.0,241,0,0
1768228247956315,52931,14550,70.0,87,0,0
1768228247959585,52931,14550,61.0,147,0,0
1768228247961755,52931,14550,64.0,11030,0,0
1768228247998094,58419,5760,,0,1,0
1768228248150546,52931,14550,48.0,163,0,0
1768228248153135,52931,14550,44.0,178,0,0
1768228248155097,52931,14550,48.0,30,0,0
1768228248159353,52931,14550,48.0,33,0,0
1768228248160764,52931,14550,39.0,74,0,0
1768228248166237,52931,14550,51.0,1,0,0
1768228248174063,52931,14550,22.0,125,0,0
1768228248176316,52931,14550,27.0,152,0,0
1768228248178863,52931,14550,45.0,62,0,0
1768228248183360,52931,14550,26.0,42,0,0
1768228248186697,52931,14550,32.0,36,0,0
1768228248188222,52931,14550,62.0,65,0,0
1768228248190245,52931,14550,49.0,27,0,0
1768228248192503,52931,14550,44.0,116,0,0
1768228248194244,52931,14550,42.0,129,0,0
1768228248196335,52931,14550,34.0,29,0,0
1768228248198010,52931,14550,34.0,137,0,0
1768228248199296,52931,14550,60.0,24,0,0
1768228248201806,52931,14550,53.0,124,0,0
1768228248205474,52931,14550,31.0,2,0,0
1768228248209345,52931,14550,64.0,164,0,0
1768228248211283,52931,14550,24.0,168,0,0
1768228248213801,52931,14550,42.0,136,0,0
1768228248215210,52931,14550,42.0,193,0,0
1768228248217837,52931,14550,48.0,32,0,0
1768228248220417,52931,14550,40.0,241,0,0
1768228248221260,5760,58419,,0,1,0
1768228248224553,52931,14550,70.0,87,0,0
1768228248226963,52931,14550,61.0,147,0,0
1768228248230110,52931,14550,64.0,11030,0,0
1768228248236158,52931,14550,29.0,0,0,0
1768228248313822,5760,58419,,264,1,0
1768228248314844,52931,14550,47.0,264,0,0
1768228248401660,52931,14550,48.0,163,0,0
1768228248404123,52931,14550,44.0,178,0,0
1768228248406349,52931,14550,48.0,30,0,0
1768228248408872,52931,14550,48.0,33,0,0
1768228248411703,52931,14550,39.0,74,0,0
1768228248414720,52931,14550,51.0,1,0,0
1768228248417707,52931,14550,22.0,125,0,0
1768228248419656,52931,14550,27.0,152,0,0
1768228248421053,52931,14550,45.0,62,0,0
1768228248423279,52931,14550,26.0,42,0,0
1768228248425948,52931,14550,32.0,36,0,0
1768228248427340,52931,14550,62.0,65,0,0
1768228248429626,52931,14550,49.0,27,0,0
1768228248431838,52931,14550,44.0,116,0,0
1768228248433801,52931,14550,42.0,129,0,0
1768228248435331,52931,14550,34.0,29,0,0
1768228248436850,52931,14550,34.0,137,0,0
1768228248438332,52931,14550,60.0,24,0,0
1768228248440294,52931,14550,53.0,124,0,0
1768228248442316,52931,14550,31.0,2,0,0
1768228248444763,52931,14550,64.0,164,0,0
1768228248446726,52931,14550,24.0,168,0,0
1768228248448878,52931,14550,42.0,136,0,0
1768228248450784,52931,14550,42.0,193,0,0
1768228248452205,52931,14550,48.0,32,0,0
1768228248453697,52931,14550,40.0,241,0,0
1768228248455042,52931,14550,70.0,87,0,0
1768228248457099,52931,14550,61.0,147,0,0
1768228248458875,52931,14550,64.0,11030,0,0
1768228248651388,52931,14550,48.0,163,0,0
1768228248653375,52931,14550,44.0,178,0,0
1768228248655829,52931,14550,48.0,30,0,0
1768228248658090,52931,14550,48.0,33,0,0
1768228248661505,52931,14550,39.0,74,0,0
1768228248665431,52931,14550,51.0,1,0,0
1768228248672101,52931,14550,22.0,125,0,0
1768228248675534,52931,14550,27.0,152,0,0
1768228248679087,52931,14550,45.0,62,0,0
1768228248682733,52931,14550,26.0,42,0,0
1768228248685322,52931,14550,32.0,36,0,0
1768228248687048,52931,14550,62.0,65,0,0
1768228248689763,52931,14550,49.0,27,0,0
1768228248691611,52931,14550,44.0,116,0,0
1768228248695172,52931,14550,42.0,129,0,0
1768228248697972,52931,14550,34.0,29,0,0
1768228248700408,52931,14550,34.0,137,0,0
1768228248702231,52931,14550,60.0,24,0,0
1768228248705762,52931,14550,53.0,124,0,0
1768228248707915,52931,14550,31.0,2,0,0
1768228248709798,52931,14550,64.0,164,0,0
1768228248715339,52931,14550,24.0,168,0,0
1768228248716936,52931,14550,42.0,136,0,0
1768228248718241,52931,14550,42.0,193,0,0
1768228248720540,52931,14550,48.0,32,0,0
1768228248722399,52931,14550,40.0,241,0,0
1768228248723873,52931,14550,70.0,87,0,0
1768228248725572,52931,14550,61.0,147,0,0
1768228248727074,52931,14550,64.0,11030,0,0
1768228248815592,5760,58419,,264,1,0
1768228248816610,52931,14550,47.0,264,0,0
1768228248900454,52931,14550,48.0,163,0,0
1768228248902527,52931,14550,44.0,178,0,0
1768228248904797,52931,14550,48.0,30,0,0
1768228248907463,52931,14550,48.0,33,0,0
1768228248909125,52931,14550,39.0,74,0,0
1768228248912300,52931,14550,51.0,1,0,0
1768228248914940,52931,14550,22.0,125,0,0
1768228248917484,52931,14550,27.0,152,0,0
1768228248919063,52931,14550,45.0,62,0,0
1768228248921694,52931,14550,26.0,42,0,0
1768228248924100,52931,14550,32.0,36,0,0
1768228248925662,52931,14550,62.0,65,0,0
1768228248926999,52931,14550,49.0,27,0,0
1768228248928908,52931,14550,44.0,116,0,0
1768228248930225,52931,14550,42.0,129,0,0
1768228248931544,52931,14550,34.0,29,0,0
1768228248933302,52931,14550,34.0,137,0,0
1768228248934617,52931,14550,60.0,24,0,0
1768228248936700,52931,14550,53.0,124,0,0
1768228248938837,52931,14550,31.0,2,0,0
1768228248940144,52931,14550,64.0,164,0,0
1768228248941530,52931,14550,24.0,168,0,0
1768228248943524,52931,14550,42.0,136,0,0
1768228248945521,52931,14550,42.0,193,0,0
1768228248947306,52931,14550,48.0,32,0,0
1768228248948522,52931,14550,40.0,241,0,0
1768228248950057,52931,14550,70.0,87,0,0
1768228248951631,52931,14550,61.0,147,0,0
1768228248953653,52931,14550,64.0,11030,0,0
1768228249000693,58419,5760,,0,1,0
1768228249155445,52931,14550,48.0,163,0,0
1768228249157536,52931,14550,44.0,178,0,0
1768228249159305,52931,14550,48.0,30,0,0
1768228249163250,52931,14550,48.0,33,0,0
1768228249165333,52931,14550,39.0,74,0,0
1768228249170883,52931,14550,51.0,1,0,0
1768228249175840,52931,14550,22.0,125,0,0
1768228249178586,52931,14550,27.0,152,0,0
1768228249180299,52931,14550,45.0,62,0,0
1768228249186224,52931,14550,26.0,42,0,0
1768228249189333,52931,14550,32.0,36,0,0
1768228249192618,52931,14550,62.0,65,0,0
1768228249194246,52931,14550,49.0,27,0,0
1768228249195451,52931,14550,44.0,116,0,0
1768228249197269,52931,14550,42.0,129,0,0
1768228249198468,52931,14550,34.0,29,0,0
1768228249200158,52931,14550,34.0,137,0,0
1768228249202183,52931,14550,60.0,24,0,0
1768228249204282,52931,14550,53.0,124,0,0
1768228249205989,52931,14550,31.0,2,0,0
1768228249208652,52931,14550,64.0,164,0,0
1768228249210233,52931,14550,24.0,168,0,0
1768228249212000,52931,14550,42.0,136,0,0
1768228249214664,52931,14550,42.0,193,0,0
1768228249216618,52931,14550,48.0,32,0,0
1768228249219656,52931,14550,40.0,241,0,0
1768228249220955,52931,14550,70.0,87,0,0
1768228249223002,52931,14550,61.0,147,0,0
1768228249223543,5760,58419,,0,1,0
1768228249226652,52931,14550,64.0,11030,0,0
1768228249229900,52931,14550,29.0,0,0,0
1768228249321649,5760,58419,,264,1,0
1768228249322766,52931,14550,47.0,264,0,0
1768228249405643,52931,14550,48.0,163,0,0
1768228249408294,52931,14550,44.0,178,0,0
1768228249410177,52931,14550,48.0,30,0,0
1768228249413453,52931,14550,48.0,33,0,0
1768228249415068,52931,14550,39.0,74,0,0
1768228249417972,52931,14550,51.0,1,0,0
1768228249420657,52931,14550,22.0,125,0,0
1768228249422602,52931,14550,27.0,152,0,0
1768228249424022,52931,14550,45.0,62,0,0
1768228249426299,52931,14550,26.0,42,0,0
1768228249427987,52931,14550,32.0,36,0,0
1768228249429215,52931,14550,62.0,65,0,0
1768228249430935,52931,14550,49.0,27,0,0
1768228249432161,52931,14550,44.0,116,0,0
1768228249433377,52931,14550,42.0,129,0,0
1768228249434977,52931,14550,34.0,29,0,0
1768228249436305,52931,14550,34.0,137,0,0
1768228249438752,52931,14550,60.0,24,0,0
1768228249441566,52931,14550,53.0,124,0,0
1768228249443534,52931,14550,31.0,2,0,0
1768228249445014,52931,14550,64.0,164,0,0
1768228249446232,52931,14550,24.0,168,0,0
1768228249447842,52931,14550,42.0,136,0,0
1768228249449314,52931,14550,42.0,193,0,0
1768228249450900,52931,14550,48.0,32,0,0
1768228249452323,52931,14550,40.0,241,0,0
1768228249453699,52931,14550,70.0,87,0,0
1768228249455717,52931,14550,61.0,147,0,0
1768228249457331,52931,14550,64.0,11030,0,0
1768228249656165,52931,14550,48.0,163,0,0
1768228249657110,52931,14550,44.0,178,0,0
1768228249658150,52931,14550,48.0,30,0,0
1768228249659623,52931,14550,48.0,33,0,0
1768228249660849,52931,14550,39.0,74,0,0
1768228249663779,52931,14550,51.0,1,0,0
1768228249666241,52931,14550,22.0,125,0,0
1768228249667832,52931,14550,27.0,152,0,0
1768228249668684,52931,14550,45.0,62,0,0
1768228249670344,52931,14550,26.0,42,0,0
1768228249672323,52931,14550,32.0,36,0,0
1768228249673495,52931,14550,62.0,65,0,0
1768228249674247,52931,14550,49.0,27,0,0
1768228249675232,52931,14550,44.0,116,0,0
1768228249675896,52931,14550,42.0,129,0,0
1768228249676934,52931,14550,34.0,29,0,0
1768228249677646,52931,14550,34.0,137,0,0
1768228249678728,52931,14550,60.0,24,0,0
1768228249680362,52931,14550,53.0,124,0,0
1768228249681686,52931,14550,31.0,2,0,0
1768228249683429,52931,14550,64.0,164,0,0
1768228249683967,52931,14550,24.0,168,0,0
1768228249685132,52931,14550,42.0,136,0,0
1768228249685774,52931,14550,42.0,193,0,0
1768228249686959,52931,14550,48.0,32,0,0
1768228249687849,52931,14550,40.0,241,0,0
1768228249688736,52931,14550,70.0,87,0,0
1768228249689494,52931,14550,61.0,147,0,0
1768228249690112,52931,14550,64.0,11030,0,0
1768228249822150,5760,58419,,264,1,0
1768228249822838,52931,14550,47.0,264,0,0
1768228249904598,52931,14550,48.0,163,0,0
1768228249905783,52931,14550,44.0,178,0,0
1768228249906856,52931,14550,48.0,30,0,0
1768228249909362,52931,14550,48.0,33,0,0
1768228249910424,52931,14550,39.0,74,0,0
1768228249913440,52931,14550,51.0,1,0,0
1768228249915855,52931,14550,22.0,125,0,0
1768228249916717,52931,14550,27.0,152,0,0
1768228249917336,52931,14550,45.0,62,0,0
1768228249918490,52931,14550,26.0,42,0,0
1768228249919554,52931,14550,32.0,36,0,0
1768228249920322,52931,14550,62.0,65,0,0
1768228249920999,52931,14550,49.0,27,0,0
1768228249921402,52931,14550,44.0,116,0,0
1768228249922105,52931,14550,42.0,129,0,0
1768228249922707,52931,14550,34.0,29,0,0
1768228249923381,52931,14550,34.0,137,0,0
1768228249924132,52931,14550,60.0,24,0,0
1768228249925050,52931,14550,53.0,124,0,0
1768228249925933,52931,14550,31.0,2,0,0
1768228249926553,52931,14550,64.0,164,0,0
1768228249927262,52931,14550,24.0,168,0,0
1768228249928007,52931,14550,42.0,136,0,0
1768228249928700,52931,14550,42.0,193,0,0
1768228249929363,52931,14550,48.0,32,0,0
1768228249930001,52931,14550,40.0,241,0,0
1768228249930516,52931,14550,70.0,87,0,0
1768228249931400,52931,14550,61.0,147,0,0
1768228249932045,52931,14550,64.0,11030,0,0
1768228250010405,58419,5760,,0,1,0
1768228250162006,52931,14550,48.0,163,0,0
1768228250164152,52931,14550,44.0,178,0,0
1768228250166198,52931,14550,48.0,30,0,0
1768228250168620,52931,14550,48.0,33,0,0
1768228250171489,52931,14550,39.0,74,0,0
1768228250175856,52931,14550,51.0,1,0,0
1768228250180687,52931,14550,22.0,125,0,0
1768228250183692,52931,14550,27.0,152,0,0
1768228250185085,52931,14550,45.0,62,0,0
1768228250188954,52931,14550,26.0,42,0,0
1768228250193623,52931,14550,32.0,36,0,0
1768228250195191,52931,14550,62.0,65,0,0
1768228250196532,52931,14550,49.0,27,0,0
1768228250198343,52931,14550,44.0,116,0,0
1768228250200396,52931,14550,42.0,129,0,0
1768228250201888,52931,14550,34.0,29,0,0
1768228250204112,52931,14550,34.0,137,0,0
1768228250206689,52931,14550,60.0,24,0,0
1768228250209082,52931,14550,53.0,124,0,0
1768228250211031,52931,14550,31.0,2,0,0
1768228250216512,52931,14550,64.0,164,0,0
1768228250217720,52931,14550,24.0,168,0,0
1768228250220089,52931,14550,42.0,136,0,0
1768228250221602,52931,14550,42.0,193,0,0
1768228250223908,52931,14550,48.0,32,0,0
1768228250225891,52931,14550,40.0,241,0,0
1768228250228239,52931,14550,70.0,87,0,0
1768228250229520,5760,58419,,0,1,0
1768228250229705,52931,14550,61.0,147,0,0
1768228250231889,52931,14550,64.0,11030,0,0
1768228250236040,52931,14550,29.0,0,0,0
1768228250320740,5760,58419,,264,1,0
1768228250321792,52931,14550,47.0,264,0,0
1768228250411667,52931,14550,48.0,163,0,0
1768228250414517,52931,14550,44.0,178,0,0
1768228250417014,52931,14550,48.0,30,0,0
1768228250419133,52931,14550,48.0,33,0,0
1768228250421231,52931,14550,39.0,74,0,0
1768228250427055,52931,14550,51.0,1,0,0
1768228250429718,52931,14550,22.0,125,0,0
1768228250431301,52931,14550,27.0,152,0,0
1768228250432535,52931,14550,45.0,62,0,0
1768228250434575,52931,14550,26.0,42,0,0
1768228250436638,52931,14550,32.0,36,0,0
1768228250437919,52931,14550,62.0,65,0,0
1768228250439657,52931,14550,49.0,27,0,0
1768228250441088,52931,14550,44.0,116,0,0
1768228250442517,52931,14550,42.0,129,0,0
1768228250443879,52931,14550,34.0,29,0,0
1768228250445298,52931,14550,34.0,137,0,0
1768228250446660,52931,14550,60.0,24,0,0
1768228250448597,52931,14550,53.0,124,0,0
1768228250450445,52931,14550,31.0,2,0,0
1768228250452692,52931,14550,64.0,164,0,0
1768228250454299,52931,14550,24.0,168,0,0
1768228250456346,52931,14550,42.0,136,0,0
1768228250457925,52931,14550,42.0,193,0,0
1768228250459504,52931,14550,48.0,32,0,0
1768228250460807,52931,14550,40.0,241,0,0
1768228250462379,52931,14550,70.0,87,0,0
1768228250464311,52931,14550,61.0,147,0,0
1768228250465671,52931,14550,64.0,11030,0,0
1768228250666702,52931,14550,48.0,163,0,0
1768228250669595,52931,14550,44.0,178,0,0
1768228250673377,52931,14550,48.0,30,0,0
1768228250676647,52931,14550,48.0,33,0,0
1768228250680423,52931,14550,39.0,74,0,0
1768228250684475,52931,14550,51.0,1,0,0
1768228250688839,52931,14550,22.0,125,0,0
1768228250691777,52931,14550,27.0,152,0,0
1768228250694500,52931,14550,45.0,62,0,0
1768228250696437,52931,14550,26.0,42,0,0
1768228250698431,52931,14550,32.0,36,0,0
1768228250700006,52931,14550,62.0,65,0,0
1768228250701230,52931,14550,49.0,27,0,0
1768228250702916,52931,14550,44.0,116,0,0
1768228250703846,52931,14550,42.0,129,0,0
1768228250705657,52931,14550,34.0,29,0,0
1768228250707197,52931,14550,34.0,137,0,0
1768228250709239,52931,14550,60.0,24,0,0
1768228250711531,52931,14550,53.0,124,0,0
1768228250712820,52931,14550,31.0,2,0,0
1768228250713562,52931,14550,64.0,164,0,0
1768228250714422,52931,14550,24.0,168,0,0
1768228250715389,52931,14550,42.0,136,0,0
1768228250716010,52931,14550,42.0,193,0,0
1768228250716724,52931,14550,48.0,32,0,0
1768228250717804,52931,14550,40.0,241,0,0
1768228250718418,52931,14550,70.0,87,0,0
1768228250719309,52931,14550,61.0,147,0,0
1768228250720672,52931,14550,64.0,11030,0,0
1768228250824555,5760,58419,,264,1,0
1768228250825462,52931,14550,47.0,264,0,0
1768228250910813,52931,14550,48.0,163,0,0
1768228250912326,52931,14550,44.0,178,0,0
1768228250913442,52931,14550,48.0,30,0,0
1768228250915220,52931,14550,48.0,33,0,0
1768228250916844,52931,14550,39.0,74,0,0
1768228250919329,52931,14550,51.0,1,0,0
1768228250920857,52931,14550,22.0,125,0,0
1768228250921747,52931,14550,27.0,152,0,0
1768228250922414,52931,14550,45.0,62,0,0
1768228250924272,52931,14550,26.0,42,0,0
1768228250925453,52931,14550,32.0,36,0,0
1768228250926379,52931,14550,62.0,65,0,0
1768228250927338,52931,14550,49.0,27,0,0
1768228250928250,52931,14550,44.0,116,0,0
1768228250929365,52931,14550,42.0,129,0,0
1768228250930306,52931,14550,34.0,29,0,0
1768228250931052,52931,14550,34.0,137,0,0
1768228250931707,52931,14550,60.0,24,0,0
1768228250932680,52931,14550,53.0,124,0,0
1768228250933638,52931,14550,31.0,2,0,0
1768228250934478,52931,14550,64.0,164,0,0
1768228250935312,52931,14550,24.0,168,0,0
1768228250936411,52931,14550,42.0,136,0,0
1768228250937492,52931,14550,42.0,193,0,0
1768228250938489,52931,14550,48.0,32,0,0
1768228250939262,52931,14550,40.0,241,0,0
1768228250940239,52931,14550,70.0,87,0,0
1768228250941449,52931,14550,61.0,147,0,0
1768228250942364,52931,14550,64.0,11030,0,0
1768228251020430,58419,5760,,0,1,0
1768228251162180,52931,14550,48.0,163,0,0
1768228251163846,52931,14550,44.0,178,0,0
1768228251164856,52931,14550,48.0,30,0,0
1768228251167364,52931,14550,48.0,33,0,0
1768228251169791,52931,14550,39.0,74,0,0
1768228251172464,52931,14550,51.0,1,0,0
1768228251178945,52931,14550,22.0,125,0,0
1768228251181628,52931,14550,27.0,152,0,0
1768228251182770,52931,14550,45.0,62,0,0
1768228251184607,52931,14550,26.0,42,0,0
1768228251186672,52931,14550,32.0,36,0,0
1768228251187444,52931,14550,62.0,65,0,0
1768228251188273,52931,14550,49.0,27,0,0
1768228251189532,52931,14550,44.0,116,0,0
1768228251190427,52931,14550,42.0,129,0,0
1768228251191372,52931,14550,34.0,29,0,0
1768228251192164,52931,14550,34.0,137,0,0
1768228251193541,52931,14550,60.0,24,0,0
1768228251194482,52931,14550,53.0,124,0,0
1768228251197080,52931,14550,31.0,2,0,0
1768228251197832,52931,14550,64.0,164,0,0
1768228251199033,52931,14550,24.0,168,0,0
1768228251200187,52931,14550,42.0,136,0,0
1768228251201331,52931,14550,42.0,193,0,0
1768228251203354,52931,14550,48.0,32,0,0
1768228251204625,52931,14550,40.0,241,0,0
1768228251205336,52931,14550,70.0,87,0,0
1768228251206793,52931,14550,61.0,147,0,0
1768228251208864,52931,14550,64.0,11030,0,0
1768228251237295,5760,58419,,0,1,0
1768228251238110,52931,14550,29.0,0,0,0
1768228251325544,5760,58419,,264,1,0
1768228251326256,52931,14550,47.0,264,0,0
1768228251414400,52931,14550,48.0,163,0,0
1768228251416558,52931,14550,44.0,178,0,0
1768228251418412,52931,14550,48.0,30,0,0
1768228251420076,52931,14550,48.0,33,0,0
1768228251421766,52931,14550,39.0,74,0,0
1768228251424400,52931,14550,51.0,1,0,0
1768228251425856,52931,14550,22.0,125,0,0
1768228251426864,52931,14550,27.0,152,0,0
1768228251427888,52931,14550,45.0,62,0,0
1768228251429601,52931,14550,26.0,42,0,0
1768228251431246,52931,14550,32.0,36,0,0
1768228251432366,52931,14550,62.0,65,0,0
1768228251433750,52931,14550,49.0,27,0,0
1768228251434994,52931,14550,44.0,116,0,0
1768228251436235,52931,14550,42.0,129,0,0
1768228251437494,52931,14550,34.0,29,0,0
1768228251438775,52931,14550,34.0,137,0,0
1768228251440005,52931,14550,60.0,24,0,0
1768228251441098,52931,14550,53.0,124,0,0
1768228251442520,52931,14550,31.0,2,0,0
1768228251443721,52931,14550,64.0,164,0,0
1768228251444658,52931,14550,24.0,168,0,0
1768228251445982,52931,14550,42.0,136,0,0
1768228251446862,52931,14550,42.0,193,0,0
1768228251447703,52931,14550,48.0,32,0,0
1768228251448694,52931,14550,40.0,241,0,0
1768228251449578,52931,14550,70.0,87,0,0
1768228251450688,52931,14550,61.0,147,0,0
1768228251451676,52931,14550,64.0,11030,0,0
1768228251665199,52931,14550,48.0,163,0,0
1768228251666364,52931,14550,44.0,178,0,0
1768228251667774,52931,14550,48.0,30,0,0
1768228251669155,52931,14550,48.0,33,0,0
1768228251670039,52931,14550,39.0,74,0,0
1768228251672274,52931,14550,51.0,1,0,0
1768228251676297,52931,14550,22.0,125,0,0
1768228251677862,52931,14550,27.0,152,0,0
1768228251678805,52931,14550,45.0,62,0,0
1768228251680222,52931,14550,26.0,42,0,0
1768228251682236,52931,14550,32.0,36,0,0
1768228251682941,52931,14550,62.0,65,0,0
1768228251683916,52931,14550,49.0,27,0,0
1768228251684952,52931,14550,44.0,116,0,0
1768228251686500,52931,14550,42.0,129,0,0
1768228251687180,52931,14550,34.0,29,0,0
1768228251689171,52931,14550,34.0,137,0,0
1768228251689899,52931,14550,60.0,24,0,0
1768228251691958,52931,14550,53.0,124,0,0
1768228251692804,52931,14550,31.0,2,0,0
1768228251693697,52931,14550,64.0,164,0,0
1768228251694433,52931,14550,24.0,168,0,0
1768228251695830,52931,14550,42.0,136,0,0
1768228251697152,52931,14550,42.0,193,0,0
1768228251698474,52931,14550,48.0,32,0,0
1768228251700576,52931,14550,40.0,241,0,0
1768228251702532,52931,14550,70.0,87,0,0
1768228251704183,52931,14550,61.0,147,0,0
1768228251705601,52931,14550,64.0,11030,0,0
1768228251829814,5760,58419,,264,1,0
1768228251830678,52931,14550,47.0,264,0,0
1768228251917765,52931,14550,48.0,163,0,0
1768228251919906,52931,14550,44.0,178,0,0
1768228251921672,52931,14550,48.0,30,0,0
1768228251923880,52931,14550,48.0,33,0,0
1768228251925071,52931,14550,39.0,74,0,0
1768228251927370,52931,14550,51.0,1,0,0
1768228251930786,52931,14550,22.0,125,0,0
1768228251932691,52931,14550,27.0,152,0,0
1768228251933551,52931,14550,45.0,62,0,0
1768228251935661,52931,14550,26.0,42,0,0
1768228251936770,52931,14550,32.0,36,0,0
1768228251937686,52931,14550,62.0,65,0,0
1768228251939001,52931,14550,49.0,27,0,0
1768228251939954,52931,14550,44.0,116,0,0
1768228251941623,52931,14550,42.0,129,0,0
1768228251942754,52931,14550,34.0,29,0,0
1768228251943905,52931,14550,34.0,137,0,0
1768228251945083,52931,14550,60.0,24,0,0
1768228251946978,52931,14550,53.0,124,0,0
1768228251948890,52931,14550,31.0,2,0,0
1768228251950475,52931,14550,64.0,164,0,0
1768228251951610,52931,14550,24.0,168,0,0
1768228251952983,52931,14550,42.0,136,0,0
1768228251954186,52931,14550,42.0,193,0,0
1768228251956019,52931,14550,48.0,32,0,0
1768228251957413,52931,14550,40.0,241,0,0
1768228251958900,52931,14550,70.0,87,0,0
1768228251960358,52931,14550,61.0,147,0,0
1768228251961725,52931,14550,64.0,11030,0,0
1768228252029558,58419,5760,,0,1,0
1768228252164405,52931,14550,48.0,163,0,0
1768228252165954,52931,14550,44.0,178,0,0
1768228252167118,52931,14550,48.0,30,0,0
1768228252168209,52931,14550,48.0,33,0,0
1768228252169556,52931,14550,39.0,74,0,0
1768228252171627,52931,14550,51.0,1,0,0
1768228252174159,52931,14550,22.0,125,0,0
1768228252175385,52931,14550,27.0,152,0,0
1768228252176234,52931,14550,45.0,62,0,0
1768228252178327,52931,14550,26.0,42,0,0
1768228252179596,52931,14550,32.0,36,0,0
1768228252180455,52931,14550,62.0,65,0,0
1768228252181282,52931,14550,49.0,27,0,0
1768228252182085,52931,14550,44.0,116,0,0
1768228252182961,52931,14550,42.0,129,0,0
1768228252184938,52931,14550,34.0,29,0,0
1768228252185983,52931,14550,34.0,137,0,0
1768228252187234,52931,14550,60.0,24,0,0
1768228252188188,52931,14550,53.0,124,0,0
1768228252189579,52931,14550,31.0,2,0,0
1768228252190294,52931,14550,64.0,164,0,0
1768228252190821,52931,14550,24.0,168,0,0
1768228252191632,52931,14550,42.0,136,0,0
1768228252192319,52931,14550,42.0,193,0,0
1768228252193353,52931,14550,48.0,32,0,0
1768228252194178,52931,14550,40.0,241,0,0
1768228252194992,52931,14550,70.0,87,0,0
1768228252196154,52931,14550,61.0,147,0,0
1768228252196666,52931,14550,64.0,11030,0,0
1768228252237383,5760,58419,,0,1,0
1768228252238127,52931,14550,29.0,0,0,0
1768228252331517,5760,58419,,264,1,0
1768228252332152,52931,14550,47.0,264,0,0
1768228252418930,52931,14550,48.0,163,0,0
1768228252421452,52931,14550,44.0,178,0,0
1768228252422797,52931,14550,48.0,30,0,0
1768228252424031,52931,14550,48.0,33,0,0
1768228252425279,52931,14550,39.0,74,0,0
1768228252426611,52931,14550,51.0,1,0,0
1768228252427747,52931,14550,22.0,125,0,0
1768228252428625,52931,14550,27.0,152,0,0
1768228252429400,52931,14550,45.0,62,0,0
1768228252430630,52931,14550,26.0,42,0,0
1768228252431729,52931,14550,32.0,36,0,0
1768228252432395,52931,14550,62.0,65,0,0
1768228252433059,52931,14550,49.0,27,0,0
1768228252433696,52931,14550,44.0,116,0,0
1768228252434352,52931,14550,42.0,129,0,0
1768228252435009,52931,14550,34.0,29,0,0
1768228252435653,52931,14550,34.0,137,0,0
1768228252436525,52931,14550,60.0,24,0,0
1768228252437364,52931,14550,53.0,124,0,0
1768228252438683,52931,14550,31.0,2,0,0
1768228252439626,52931,14550,64.0,164,0,0
1768228252440342,52931,14550,24.0,168,0,0
1768228252441127,52931,14550,42.0,136,0,0
1768228252442215,52931,14550,42.0,193,0,0
1768228252442967,52931,14550,48.0,32,0,0
1768228252443477,52931,14550,40.0,241,0,0
1768228252443987,52931,14550,70.0,87,0,0
1768228252444725,52931,14550,61.0,147,0,0
1768228252445443,52931,14550,64.0,11030,0,0
1768228252666959,52931,14550,48.0,163,0,0
1768228252667885,52931,14550,44.0,178,0,0
1768228252668915,52931,14550,48.0,30,0,0
1768228252670258,52931,14550,48.0,33,0,0
1768228252671711,52931,14550,39.0,74,0,0
1768228252673946,52931,14550,51.0,1,0,0
1768228252677819,52931,14550,22.0,125,0,0
1768228252679828,52931,14550,27.0,152,0,0
1768228252680624,52931,14550,45.0,62,0,0
1768228252684450,52931,14550,26.0,42,0,0
1768228252686603,52931,14550,32.0,36,0,0
1768228252687388,52931,14550,62.0,65,0,0
1768228252688239,52931,14550,49.0,27,0,0
1768228252688916,52931,14550,44.0,116,0,0
1768228252689971,52931,14550,42.0,129,0,0
1768228252691214,52931,14550,34.0,29,0,0
1768228252691982,52931,14550,34.0,137,0,0
1768228252692928,52931,14550,60.0,24,0,0
1768228252694677,52931,14550,53.0,124,0,0
1768228252695732,52931,14550,31.0,2,0,0
1768228252696410,52931,14550,64.0,164,0,0
1768228252697174,52931,14550,24.0,168,0,0
1768228252699055,52931,14550,42.0,136,0,0
1768228252700801,52931,14550,42.0,193,0,0
1768228252701775,52931,14550,48.0,32,0,0
1768228252703145,52931,14550,40.0,241,0,0
1768228252703909,52931,14550,70.0,87,0,0
1768228252705687,52931,14550,61.0,147,0,0
1768228252707299,52931,14550,64.0,11030,0,0
1768228252832868,5760,58419,,264,1,0
1768228252833605,52931,14550,47.0,264,0,0
1768228252916415,52931,14550,48.0,163,0,0
1768228252918563,52931,14550,44.0,178,0,0
1768228252919714,52931,14550,48.0,30,0,0
1768228252921731,52931,14550,48.0,33,0,0
1768228252923685,52931,14550,39.0,74,0,0
1768228252925244,52931,14550,51.0,1,0,0
1768228252926764,52931,14550,22.0,125,0,0
1768228252927816,52931,14550,27.0,152,0,0
1768228252928313,52931,14550,45.0,62,0,0
1768228252929641,52931,14550,26.0,42,0,0
1768228252930492,52931,14550,32.0,36,0,0
1768228252931070,52931,14550,62.0,65,0,0
1768228252931583,52931,14550,49.0,27,0,0
1768228252932116,52931,14550,44.0,116,0,0
1768228252932890,52931,14550,42.0,129,0,0
1768228252933446,52931,14550,34.0,29,0,0
1768228252934090,52931,14550,34.0,137,0,0
1768228252934663,52931,14550,60.0,24,0,0
1768228252935782,52931,14550,53.0,124,0,0
1768228252936508,52931,14550,31.0,2,0,0
1768228252937047,52931,14550,64.0,164,0,0
1768228252937623,52931,14550,24.0,168,0,0
1768228252938156,52931,14550,42.0,136,0,0
1768228252938672,52931,14550,42.0,193,0,0
1768228252939200,52931,14550,48.0,32,0,0
1768228252939968,52931,14550,40.0,241,0,0
1768228252940891,52931,14550,70.0,87,0,0
1768228252942289,52931,14550,61.0,147,0,0
1768228252943425,52931,14550,64.0,11030,0,0
1768228253032040,58419,5760,,0,1,0
1768228253170019,52931,14550,48.0,163,0,0
1768228253171974,52931,14550,44.0,178,0,0
1768228253173639,52931,14550,48.0,30,0,0
1768228253178454,52931,14550,48.0,33,0,0
1768228253181765,52931,14550,39.0,74,0,0
1768228253186879,52931,14550,51.0,1,0,0
1768228253193384,52931,14550,22.0,125,0,0
1768228253197203,52931,14550,27.0,152,0,0
1768228253199595,52931,14550,45.0,62,0,0
1768228253202353,52931,14550,26.0,42,0,0
1768228253206471,52931,14550,32.0,36,0,0
1768228253207830,52931,14550,62.0,65,0,0
1768228253210431,52931,14550,49.0,27,0,0
1768228253213392,52931,14550,44.0,116,0,0
1768228253214848,52931,14550,42.0,129,0,0
1768228253217485,52931,14550,34.0,29,0,0
1768228253220699,52931,14550,34.0,137,0,0
1768228253223829,52931,14550,60.0,24,0,0
1768228253227805,52931,14550,53.0,124,0,0
1768228253231254,52931,14550,31.0,2,0,0
1768228253232750,52931,14550,64.0,164,0,0
1768228253235119,52931,14550,24.0,168,0,0
1768228253238824,52931,14550,42.0,136,0,0
1768228253240069,52931,14550,42.0,193,0,0
1768228253242546,52931,14550,48.0,32,0,0
1768228253242693,5760,58419,,0,1,0
1768228253243791,52931,14550,40.0,241,0,0
1768228253246408,52931,14550,70.0,87,0,0
1768228253248921,52931,14550,61.0,147,0,0
1768228253250821,52931,14550,64.0,11030,0,0
1768228253255424,52931,14550,29.0,0,0,0
1768228253336696,5760,58419,,264,1,0
1768228253338259,52931,14550,47.0,264,0,0
1768228253425504,52931,14550,48.0,163,0,0
1768228253427664,52931,14550,44.0,178,0,0
1768228253429932,52931,14550,48.0,30,0,0
1768228253433354,52931,14550,48.0,33,0,0
1768228253436077,52931,14550,39.0,74,0,0
1768228253439346,52931,14550,51.0,1,0,0
1768228253443837,52931,14550,22.0,125,0,0
1768228253446579,52931,14550,27.0,152,0,0
1768228253448655,52931,14550,45.0,62,0,0
1768228253452361,52931,14550,26.0,42,0,0
1768228253455348,52931,14550,32.0,36,0,0
1768228253457648,52931,14550,62.0,65,0,0
1768228253459895,52931,14550,49.0,27,0,0
1768228253462212,52931,14550,44.0,116,0,0
1768228253464149,52931,14550,42.0,129,0,0
1768228253466269,52931,14550,34.0,29,0,0
1768228253468330,52931,14550,34.0,137,0,0
1768228253470553,52931,14550,60.0,24,0,0
1768228253473490,52931,14550,53.0,124,0,0
1768228253476013,52931,14550,31.0,2,0,0
1768228253478206,52931,14550,64.0,164,0,0
1768228253480413,52931,14550,24.0,168,0,0
1768228253482651,52931,14550,42.0,136,0,0
1768228253484812,52931,14550,42.0,193,0,0
1768228253487484,52931,14550,48.0,32,0,0
1768228253489390,52931,14550,40.0,241,0,0
1768228253491109,52931,14550,70.0,87,0,0
1768228253493679,52931,14550,61.0,147,0,0
1768228253496423,52931,14550,64.0,11030,0,0
1768228253669531,52931,14550,45.0,22,0,0
1768228253675112,52931,14550,45.0,22,0,0
1768228253677542,52931,14550,45.0,22,0,0
1768228253680844,52931,14550,48.0,163,0,0
1768228253682941,52931,14550,44.0,178,0,0
1768228253684159,52931,14550,48.0,30,0,0
1768228253688514,52931,14550,48.0,33,0,0
1768228253691639,52931,14550,39.0,74,0,0
1768228253694885,52931,14550,51.0,1,0,0
1768228253702226,52931,14550,22.0,125,0,0
1768228253705130,52931,14550,27.0,152,0,0
1768228253707086,52931,14550,45.0,62,0,0
1768228253712915,52931,14550,26.0,42,0,0
1768228253715995,52931,14550,32.0,36,0,0
1768228253718971,52931,14550,62.0,65,0,0
1768228253721046,52931,14550,49.0,27,0,0
1768228253724647,52931,14550,44.0,116,0,0
1768228253725962,52931,14550,42.0,129,0,0
1768228253727146,52931,14550,34.0,29,0,0
1768228253729489,52931,14550,34.0,137,0,0
1768228253731654,52931,14550,60.0,24,0,0
1768228253735175,52931,14550,53.0,124,0,0
1768228253739216,52931,14550,31.0,2,0,0
1768228253741900,52931,14550,64.0,164,0,0
1768228253743676,52931,14550,24.0,168,0,0
1768228253745786,52931,14550,42.0,136,0,0
1768228253748656,52931,14550,42.0,193,0,0
1768228253751760,52931,14550,48.0,32,0,0
1768228253754715,52931,14550,40.0,241,0,0
1768228253757737,52931,14550,70.0,87,0,0
1768228253762465,52931,14550,61.0,147,0,0
1768228253766335,52931,14550,64.0,11030,0,0
1768228253841017,5760,58419,,264,1,0
1768228253841723,52931,14550,47.0,264,0,0
1768228253927761,52931,14550,48.0,163,0,0
1768228253929234,52931,14550,44.0,178,0,0
1768228253929943,52931,14550,48.0,30,0,0
1768228253931700,52931,14550,48.0,33,0,0
1768228253933229,52931,14550,39.0,74,0,0
1768228253936242,52931,14550,51.0,1,0,0
1768228253940390,52931,14550,22.0,125,0,0
1768228253941764,52931,14550,27.0,152,0,0
1768228253942832,52931,14550,43.0,62,0,0
1768228253944903,52931,14550,26.0,42,0,0
1768228253946566,52931,14550,32.0,36,0,0
1768228253947311,52931,14550,62.0,65,0,0
1768228253948796,52931,14550,49.0,27,0,0
1768228253950314,52931,14550,44.0,116,0,0
1768228253951585,52931,14550,42.0,129,0,0
1768228253953046,52931,14550,34.0,29,0,0
1768228253954995,52931,14550,34.0,137,0,0
1768228253956204,52931,14550,60.0,24,0,0
1768228253957468,52931,14550,53.0,124,0,0
1768228253959888,52931,14550,31.0,2,0,0
1768228253961200,52931,14550,64.0,164,0,0
1768228253963798,52931,14550,24.0,168,0,0
1768228253965145,52931,14550,42.0,136,0,0
1768228253966155,52931,14550,42.0,193,0,0
1768228253967108,52931,14550,48.0,32,0,0
1768228253967973,52931,14550,40.0,241,0,0
1768228253968727,52931,14550,70.0,87,0,0
1768228253969750,52931,14550,61.0,147,0,0
1768228253971100,52931,14550,64.0,11030,0,0
1768228254037146,58419,5760,,0,1,0
1768228254175642,52931,14550,48.0,163,0,0
1768228254177861,52931,14550,44.0,178,0,0
1768228254182855,52931,14550,48.0,30,0,0
1768228254186105,52931,14550,48.0,33,0,0
1768228254188796,52931,14550,39.0,74,0,0
1768228254193457,52931,14550,51.0,1,0,0
1768228254199146,52931,14550,22.0,125,0,0
1768228254201392,52931,14550,27.0,152,0,0
1768228254203235,52931,14550,44.0,62,0,0
1768228254206707,52931,14550,26.0,42,0,0
1768228254209003,52931,14550,32.0,36,0,0
1768228254210514,52931,14550,62.0,65,0,0
1768228254212178,52931,14550,49.0,27,0,0
1768228254213413,52931,14550,44.0,116,0,0
1768228254215103,52931,14550,42.0,129,0,0
1768228254216408,52931,14550,34.0,29,0,0
1768228254217595,52931,14550,34.0,137,0,0
1768228254218743,52931,14550,60.0,24,0,0
1768228254221731,52931,14550,53.0,124,0,0
1768228254223376,52931,14550,31.0,2,0,0
1768228254225187,52931,14550,64.0,164,0,0
1768228254226630,52931,14550,24.0,168,0,0
1768228254228087,52931,14550,42.0,136,0,0
1768228254229244,52931,14550,42.0,193,0,0
1768228254231002,52931,14550,48.0,32,0,0
1768228254232333,52931,14550,40.0,241,0,0
1768228254233874,52931,14550,70.0,87,0,0
1768228254235536,52931,14550,61.0,147,0,0
1768228254237105,52931,14550,64.0,11030,0,0
1768228254247168,5760,58419,,0,1,0
1768228254248223,52931,14550,29.0,0,0,0
1768228254305983,5760,58419,,111,1,0
1768228254307026,52931,14550,33.0,111,0,0
1768228254342893,5760,58419,,264,1,0
1768228254343923,52931,14550,47.0,264,0,0
1768228254428079,52931,14550,48.0,163,0,0
1768228254431485,52931,14550,44.0,178,0,0
1768228254432924,52931,14550,48.0,30,0,0
1768228254434650,52931,14550,48.0,33,0,0
1768228254436448,52931,14550,39.0,74,0,0
1768228254439895,52931,14550,51.0,1,0,0
1768228254442249,52931,14550,22.0,125,0,0
1768228254444064,52931,14550,27.0,152,0,0
1768228254445412,52931,14550,43.0,62,0,0
1768228254447919,52931,14550,26.0,42,0,0
1768228254450720,52931,14550,32.0,36,0,0
1768228254452037,52931,14550,62.0,65,0,0
1768228254454141,52931,14550,49.0,27,0,0
1768228254455559,52931,14550,44.0,116,0,0
1768228254456768,52931,14550,42.0,129,0,0
1768228254458120,52931,14550,34.0,29,0,0
1768228254459430,52931,14550,34.0,137,0,0
1768228254460579,52931,14550,60.0,24,0,0
1768228254462608,52931,14550,53.0,124,0,0
1768228254464537,52931,14550,31.0,2,0,0
1768228254466057,52931,14550,64.0,164,0,0
1768228254467540,52931,14550,24.0,168,0,0
1768228254468850,52931,14550,42.0,136,0,0
1768228254470299,52931,14550,42.0,193,0,0
1768228254472139,52931,14550,48.0,32,0,0
1768228254473613,52931,14550,40.0,241,0,0
1768228254474958,52931,14550,70.0,87,0,0
1768228254476347,52931,14550,61.0,147,0,0
1768228254478238,52931,14550,64.0,11030,0,0
1768228254678769,52931,14550,48.0,163,0,0
1768228254680881,52931,14550,44.0,178,0,0
1768228254682733,52931,14550,48.0,30,0,0
1768228254685030,52931,14550,48.0,33,0,0
1768228254686398,52931,14550,39.0,74,0,0
1768228254690315,52931,14550,51.0,1,0,0
1768228254697099,52931,14550,22.0,125,0,0
1768228254702699,52931,14550,27.0,152,0,0
1768228254704192,52931,14550,43.0,62,0,0
1768228254708015,52931,14550,26.0,42,0,0
1768228254710469,52931,14550,32.0,36,0,0
1768228254711994,52931,14550,62.0,65,0,0
1768228254714950,52931,14550,49.0,27,0,0
1768228254717519,52931,14550,44.0,116,0,0
1768228254719184,52931,14550,42.0,129,0,0
1768228254720887,52931,14550,34.0,29,0,0
1768228254722535,52931,14550,34.0,137,0,0
1768228254723741,52931,14550,60.0,24,0,0
1768228254727885,52931,14550,53.0,124,0,0
1768228254729549,52931,14550,31.0,2,0,0
1768228254730779,52931,14550,64.0,164,0,0
1768228254732984,52931,14550,24.0,168,0,0
1768228254734457,52931,14550,42.0,136,0,0
1768228254737373,52931,14550,42.0,193,0,0
1768228254739174,52931,14550,48.0,32,0,0
1768228254741208,52931,14550,40.0,241,0,0
1768228254742468,52931,14550,70.0,87,0,0
1768228254746772,52931,14550,61.0,147,0,0
1768228254748704,52931,14550,64.0,11030,0,0
1768228254845748,5760,58419,,264,1,0
1768228254846810,52931,14550,47.0,264,0,0
1768228254931755,52931,14550,48.0,163,0,0
1768228254933437,52931,14550,44.0,178,0,0
1768228254935050,52931,14550,48.0,30,0,0
1768228254937638,52931,14550,48.0,33,0,0
1768228254939269,52931,14550,39.0,74,0,0
1768228254942605,52931,14550,51.0,1,0,0
1768228254944799,52931,14550,22.0,125,0,0
1768228254946630,52931,14550,27.0,152,0,0
1768228254948230,52931,14550,43.0,62,0,0
1768228254950409,52931,14550,26.0,42,0,0
1768228254952605,52931,14550,32.0,36,0,0
1768228254954603,52931,14550,62.0,65,0,0
1768228254956258,52931,14550,49.0,27,0,0
1768228254957434,52931,14550,44.0,116,0,0
1768228254958738,52931,14550,42.0,129,0,0
1768228254960040,52931,14550,34.0,29,0,0
1768228254961798,52931,14550,34.0,137,0,0
1768228254963164,52931,14550,60.0,24,0,0
1768228254965767,52931,14550,53.0,124,0,0
1768228254967352,52931,14550,31.0,2,0,0
1768228254969010,52931,14550,64.0,164,0,0
1768228254970348,52931,14550,24.0,168,0,0
1768228254972015,52931,14550,42.0,136,0,0
1768228254973734,52931,14550,42.0,193,0,0
1768228254975696,52931,14550,48.0,32,0,0
1768228254977554,52931,14550,40.0,241,0,0
1768228254979005,52931,14550,70.0,87,0,0
1768228254980659,52931,14550,61.0,147,0,0
1768228254982275,52931,14550,64.0,11030,0,0
1768228255040734,58419,5760,,0,1,0
1768228255183262,52931,14550,48.0,163,0,0
1768228255185264,52931,14550,44.0,178,0,0
1768228255187184,52931,14550,48.0,30,0,0
1768228255189524,52931,14550,48.0,33,0,0
1768228255191783,52931,14550,39.0,74,0,0
1768228255196083,52931,14550,51.0,1,0,0
1768228255205327,52931,14550,22.0,125,0,0
1768228255209918,52931,14550,27.0,152,0,0
1768228255211528,52931,14550,43.0,62,0,0
1768228255215284,52931,14550,26.0,42,0,0
1768228255219058,52931,14550,32.0,36,0,0
1768228255223817,52931,14550,62.0,65,0,0
1768228255226524,52931,14550,49.0,27,0,0
1768228255229037,52931,14550,44.0,116,0,0
1768228255232309,52931,14550,42.0,129,0,0
1768228255233941,52931,14550,34.0,29,0,0
1768228255236404,52931,14550,34.0,137,0,0
1768228255238359,52931,14550,60.0,24,0,0
1768228255241517,52931,14550,53.0,124,0,0
1768228255243242,52931,14550,31.0,2,0,0
1768228255245112,52931,14550,64.0,164,0,0
1768228255246808,52931,14550,24.0,168,0,0
1768228255251316,52931,14550,42.0,136,0,0
1768228255253255,52931,14550,42.0,193,0,0
1768228255253656,5760,58419,,0,1,0
1768228255256700,52931,14550,48.0,32,0,0
1768228255258935,52931,14550,40.0,241,0,0
1768228255261611,52931,14550,70.0,87,0,0
1768228255264442,52931,14550,61.0,147,0,0
1768228255267044,52931,14550,64.0,11030,0,0
1768228255274196,52931,14550,29.0,0,0,0
1768228255346538,5760,58419,,264,1,0
1768228255347836,52931,14550,47.0,264,0,0
1768228255433862,52931,14550,48.0,163,0,0
1768228255436770,52931,14550,44.0,178,0,0
1768228255439092,52931,14550,48.0,30,0,0
1768228255441566,52931,14550,48.0,33,0,0
1768228255443114,52931,14550,39.0,74,0,0
1768228255446054,52931,14550,51.0,1,0,0
1768228255449837,52931,14550,22.0,125,0,0
1768228255451532,52931,14550,27.0,152,0,0
1768228255453143,52931,14550,43.0,62,0,0
1768228255455670,52931,14550,26.0,42,0,0
1768228255457938,52931,14550,32.0,36,0,0
1768228255459316,52931,14550,62.0,65,0,0
1768228255461286,52931,14550,49.0,27,0,0
1768228255462648,52931,14550,44.0,116,0,0
1768228255464265,52931,14550,42.0,129,0,0
1768228255465900,52931,14550,34.0,29,0,0
1768228255467465,52931,14550,34.0,137,0,0
1768228255469248,52931,14550,60.0,24,0,0
1768228255471676,52931,14550,53.0,124,0,0
1768228255473819,52931,14550,31.0,2,0,0
1768228255475090,52931,14550,64.0,164,0,0
1768228255476250,52931,14550,24.0,168,0,0
1768228255478051,52931,14550,42.0,136,0,0
1768228255479297,52931,14550,42.0,193,0,0
1768228255481119,52931,14550,48.0,32,0,0
1768228255482714,52931,14550,40.0,241,0,0
1768228255484553,52931,14550,70.0,87,0,0
1768228255486434,52931,14550,61.0,147,0,0
1768228255488134,52931,14550,64.0,11030,0,0
1768228255688242,52931,14550,48.0,163,0,0
1768228255690409,52931,14550,44.0,178,0,0
1768228255693890,52931,14550,48.0,30,0,0
1768228255696978,52931,14550,48.0,33,0,0
1768228255700053,52931,14550,39.0,74,0,0
1768228255704428,52931,14550,51.0,1,0,0
1768228255709527,52931,14550,22.0,125,0,0
1768228255712996,52931,14550,27.0,152,0,0
1768228255716219,52931,14550,43.0,62,0,0
1768228255719942,52931,14550,26.0,42,0,0
1768228255722620,52931,14550,32.0,36,0,0
1768228255724818,52931,14550,62.0,65,0,0
1768228255726542,52931,14550,49.0,27,0,0
1768228255727802,52931,14550,44.0,116,0,0
1768228255729614,52931,14550,42.0,129,0,0
1768228255730869,52931,14550,34.0,29,0,0
1768228255734128,52931,14550,34.0,137,0,0
1768228255736369,52931,14550,60.0,24,0,0
1768228255743276,52931,14550,53.0,124,0,0
1768228255749162,52931,14550,31.0,2,0,0
1768228255750509,52931,14550,64.0,164,0,0
1768228255752017,52931,14550,24.0,168,0,0
1768228255753335,52931,14550,42.0,136,0,0
1768228255754772,52931,14550,42.0,193,0,0
1768228255756631,52931,14550,48.0,32,0,0
1768228255758685,52931,14550,40.0,241,0,0
1768228255760251,52931,14550,70.0,87,0,0
1768228255762156,52931,14550,61.0,147,0,0
1768228255764578,52931,14550,64.0,11030,0,0
1768228255850537,5760,58419,,264,1,0
1768228255851654,52931,14550,47.0,264,0,0
1768228255935887,52931,14550,48.0,163,0,0
1768228255938316,52931,14550,44.0,178,0,0
1768228255939609,52931,14550,48.0,30,0,0
1768228255942528,52931,14550,48.0,33,0,0
1768228255944257,52931,14550,39.0,74,0,0
1768228255947887,52931,14550,51.0,1,0,0
1768228255952215,52931,14550,22.0,125,0,0
1768228255954742,52931,14550,27.0,152,0,0
1768228255956286,52931,14550,43.0,62,0,0
1768228255959040,52931,14550,26.0,42,0,0
1768228255962101,52931,14550,32.0,36,0,0
1768228255963612,52931,14550,62.0,65,0,0
1768228255965622,52931,14550,49.0,27,0,0
1768228255967142,52931,14550,44.0,116,0,0
1768228255968677,52931,14550,42.0,129,0,0
1768228255970399,52931,14550,34.0,29,0,0
1768228255972495,52931,14550,34.0,137,0,0
1768228255974462,52931,14550,60.0,24,0,0
1768228255976427,52931,14550,53.0,124,0,0
1768228255978077,52931,14550,31.0,2,0,0
1768228255980219,52931,14550,64.0,164,0,0
1768228255981620,52931,14550,24.0,168,0,0
1768228255983573,52931,14550,42.0,136,0,0
1768228255985240,52931,14550,42.0,193,0,0
1768228255986796,52931,14550,48.0,32,0,0
1768228255988635,52931,14550,40.0,241,0,0
1768228255990198,52931,14550,70.0,87,0,0
1768228255991994,52931,14550,61.0,147,0,0
1768228255993395,52931,14550,64.0,11030,0,0
1768228256052057,58419,5760,,0,1,0
1768228256190685,52931,14550,48.0,163,0,0
1768228256192358,52931,14550,44.0,178,0,0
1768228256194305,52931,14550,48.0,30,0,0
1768228256198436,52931,14550,48.0,33,0,0
1768228256200703,52931,14550,39.0,74,0,0
1768228256205313,52931,14550,51.0,1,0,0
1768228256211558,52931,14550,22.0,125,0,0
1768228256216099,52931,14550,27.0,152,0,0
1768228256219300,52931,14550,43.0,62,0,0
1768228256223089,52931,14550,26.0,42,0,0
1768228256226140,52931,14550,32.0,36,0,0
1768228256227727,52931,14550,62.0,65,0,0
1768228256231042,52931,14550,49.0,27,0,0
1768228256233246,52931,14550,44.0,116,0,0
1768228256236105,52931,14550,42.0,129,0,0
1768228256238982,52931,14550,34.0,29,0,0
1768228256241701,52931,14550,34.0,137,0,0
1768228256243479,52931,14550,60.0,24,0,0
1768228256245787,52931,14550,53.0,124,0,0
1768228256247408,52931,14550,31.0,2,0,0
1768228256248643,52931,14550,64.0,164,0,0
1768228256250018,52931,14550,24.0,168,0,0
1768228256254036,52931,14550,42.0,136,0,0
1768228256255669,52931,14550,42.0,193,0,0
1768228256258298,52931,14550,48.0,32,0,0
1768228256260498,52931,14550,40.0,241,0,0
1768228256261628,5760,58419,,0,1,0
1768228256262111,52931,14550,70.0,87,0,0
1768228256263940,52931,14550,61.0,147,0,0
1768228256266005,52931,14550,64.0,11030,0,0
1768228256270437,52931,14550,21.0,46,0,0
1768228256272685,52931,14550,40.0,253,0,0
1768228256275039,52931,14550,29.0,0,0,0
1768228256355754,5760,58419,,264,1,0
1768228256356989,52931,14550,47.0,264,0,0
1768228256442056,52931,14550,48.0,163,0,0
1768228256445272,52931,14550,44.0,178,0,0
1768228256446704,52931,14550,48.0,30,0,0
1768228256449251,52931,14550,48.0,33,0,0
1768228256450907,52931,14550,39.0,74,0,0
1768228256454184,52931,14550,51.0,1,0,0
1768228256457113,52931,14550,22.0,125,0,0
1768228256459118,52931,14550,27.0,152,0,0
1768228256460660,52931,14550,43.0,62,0,0
1768228256463616,52931,14550,26.0,42,0,0
1768228256465496,52931,14550,32.0,36,0,0
1768228256466781,52931,14550,62.0,65,0,0
1768228256468636,52931,14550,49.0,27,0,0
1768228256470020,52931,14550,44.0,116,0,0
1768228256471407,52931,14550,42.0,129,0,0
1768228256472905,52931,14550,34.0,29,0,0
1768228256474113,52931,14550,34.0,137,0,0
1768228256475576,52931,14550,60.0,24,0,0
1768228256477269,52931,14550,53.0,124,0,0
1768228256479249,52931,14550,31.0,2,0,0
1768228256481138,52931,14550,64.0,164,0,0
1768228256482844,52931,14550,24.0,168,0,0
1768228256484588,52931,14550,42.0,136,0,0
1768228256486166,52931,14550,42.0,193,0,0
1768228256487761,52931,14550,48.0,32,0,0
1768228256489014,52931,14550,40.0,241,0,0
1768228256490712,52931,14550,61.0,147,0,0
1768228256492038,52931,14550,64.0,11030,0,0
1768228256691972,52931,14550,48.0,163,0,0
1768228256695430,52931,14550,44.0,178,0,0
1768228256697525,52931,14550,48.0,30,0,0
1768228256701556,52931,14550,48.0,33,0,0
1768228256706944,52931,14550,39.0,74,0,0
1768228256710636,52931,14550,51.0,1,0,0
1768228256723094,52931,14550,22.0,125,0,0
1768228256727608,52931,14550,27.0,152,0,0
1768228256729919,52931,14550,43.0,62,0,0
1768228256736668,52931,14550,26.0,42,0,0
1768228256739546,52931,14550,32.0,36,0,0
1768228256741838,52931,14550,62.0,65,0,0
1768228256743549,52931,14550,49.0,27,0,0
1768228256746250,52931,14550,44.0,116,0,0
1768228256747956,52931,14550,42.0,129,0,0
1768228256749785,52931,14550,34.0,29,0,0
1768228256752417,52931,14550,34.0,137,0,0
1768228256755290,52931,14550,60.0,24,0,0
1768228256760684,52931,14550,53.0,124,0,0
1768228256763271,52931,14550,31.0,2,0,0
1768228256766018,52931,14550,64.0,164,0,0
1768228256769908,52931,14550,24.0,168,0,0
1768228256772513,52931,14550,42.0,136,0,0
1768228256775438,52931,14550,42.0,193,0,0
1768228256778646,52931,14550,48.0,32,0,0
1768228256780071,52931,14550,40.0,241,0,0
1768228256783262,52931,14550,61.0,147,0,0
1768228256785637,52931,14550,64.0,11030,0,0
1768228256856465,5760,58419,,264,1,0
1768228256857773,52931,14550,47.0,264,0,0
1768228256944034,52931,14550,48.0,163,0,0
1768228256946880,52931,14550,44.0,178,0,0
1768228256948510,52931,14550,48.0,30,0,0
1768228256952826,52931,14550,48.0,33,0,0
1768228256955294,52931,14550,39.0,74,0,0
1768228256959978,52931,14550,51.0,1,0,0
1768228256962657,52931,14550,22.0,125,0,0
1768228256964410,52931,14550,27.0,152,0,0
1768228256966325,52931,14550,43.0,62,0,0
1768228256968556,52931,14550,26.0,42,0,0
1768228256971776,52931,14550,32.0,36,0,0
1768228256973891,52931,14550,62.0,65,0,0
1768228256976352,52931,14550,49.0,27,0,0
1768228256977862,52931,14550,44.0,116,0,0
1768228256980241,52931,14550,42.0,129,0,0
1768228256981893,52931,14550,34.0,29,0,0
1768228256983544,52931,14550,34.0,137,0,0
1768228256985086,52931,14550,60.0,24,0,0
1768228256987488,52931,14550,53.0,124,0,0
1768228256989585,52931,14550,31.0,2,0,0
1768228256992035,52931,14550,64.0,164,0,0
1768228256993761,52931,14550,24.0,168,0,0
1768228256996144,52931,14550,42.0,136,0,0
1768228256998236,52931,14550,42.0,193,0,0
1768228257000903,52931,14550,48.0,32,0,0
1768228257002870,52931,14550,40.0,241,0,0
1768228257004629,52931,14550,61.0,147,0,0
1768228257006205,52931,14550,64.0,11030,0,0
1768228257054709,58419,5760,,0,1,0
1768228257194783,52931,14550,48.0,163,0,0
1768228257197389,52931,14550,44.0,178,0,0
1768228257199631,52931,14550,48.0,30,0,0
1768228257203224,52931,14550,48.0,33,0,0
1768228257206589,52931,14550,39.0,74,0,0
1768228257214383,52931,14550,51.0,1,0,0
1768228257222081,52931,14550,22.0,125,0,0
1768228257225370,52931,14550,27.0,152,0,0
1768228257228558,52931,14550,43.0,62,0,0
1768228257233333,52931,14550,26.0,42,0,0
1768228257239619,52931,14550,32.0,36,0,0
1768228257242075,52931,14550,62.0,65,0,0
1768228257245040,52931,14550,49.0,27,0,0
1768228257246596,52931,14550,44.0,116,0,0
1768228257250869,52931,14550,42.0,129,0,0
1768228257254173,52931,14550,34.0,29,0,0
1768228257257121,52931,14550,34.0,137,0,0
1768228257259470,52931,14550,60.0,24,0,0
1768228257262901,52931,14550,53.0,124,0,0
1768228257267074,52931,14550,31.0,2,0,0
1768228257269830,52931,14550,64.0,164,0,0
1768228257270471,5760,58419,,0,1,0
1768228257271491,52931,14550,24.0,168,0,0
1768228257274206,52931,14550,42.0,136,0,0
1768228257276036,52931,14550,42.0,193,0,0
1768228257278891,52931,14550,48.0,32,0,0
1768228257281004,52931,14550,40.0,241,0,0
1768228257283304,52931,14550,61.0,147,0,0
1768228257285352,52931,14550,64.0,11030,0,0
1768228257289256,52931,14550,29.0,0,0,0
1768228257361581,5760,58419,,264,1,0
1768228257362884,52931,14550,47.0,264,0,0
1768228257448507,52931,14550,48.0,163,0,0
1768228257451125,52931,14550,44.0,178,0,0
1768228257453574,52931,14550,48.0,30,0,0
1768228257457802,52931,14550,48.0,33,0,0
1768228257461108,52931,14550,39.0,74,0,0
1768228257466005,52931,14550,51.0,1,0,0
1768228257470788,52931,14550,22.0,125,0,0
1768228257473654,52931,14550,27.0,152,0,0
1768228257475592,52931,14550,43.0,62,0,0
1768228257479189,52931,14550,26.0,42,0,0
1768228257483415,52931,14550,32.0,36,0,0
1768228257485736,52931,14550,62.0,65,0,0
1768228257488188,52931,14550,49.0,27,0,0
1768228257490306,52931,14550,44.0,116,0,0
1768228257492406,52931,14550,42.0,129,0,0
1768228257494100,52931,14550,34.0,29,0,0
1768228257495753,52931,14550,34.0,137,0,0
1768228257498398,52931,14550,60.0,24,0,0
1768228257502498,52931,14550,53.0,124,0,0
1768228257504981,52931,14550,31.0,2,0,0
1768228257506992,52931,14550,64.0,164,0,0
1768228257509550,52931,14550,24.0,168,0,0
1768228257511972,52931,14550,42.0,136,0,0
1768228257514447,52931,14550,42.0,193,0,0
1768228257516983,52931,14550,48.0,32,0,0
1768228257518945,52931,14550,40.0,241,0,0
1768228257521362,52931,14550,61.0,147,0,0
1768228257523282,52931,14550,64.0,11030,0,0
1768228257559303,58419,5760,,66,1,0
1768228257697266,52931,14550,48.0,163,0,0
1768228257701130,52931,14550,44.0,178,0,0
1768228257705148,52931,14550,48.0,30,0,0
1768228257709051,52931,14550,48.0,33,0,0
1768228257712791,52931,14550,39.0,74,0,0
1768228257716301,52931,14550,51.0,1,0,0
1768228257721675,52931,14550,22.0,125,0,0
1768228257727745,52931,14550,27.0,152,0,0
1768228257730965,52931,14550,43.0,62,0,0
1768228257737199,52931,14550,26.0,42,0,0
1768228257743792,52931,14550,32.0,36,0,0
1768228257746370,52931,14550,62.0,65,0,0
1768228257749054,52931,14550,49.0,27,0,0
1768228257751513,52931,14550,44.0,116,0,0
1768228257757904,52931,14550,42.0,129,0,0
1768228257759817,52931,14550,34.0,29,0,0
1768228257761735,52931,14550,34.0,137,0,0
1768228257763774,52931,14550,60.0,24,0,0
1768228257770903,52931,14550,53.0,124,0,0
1768228257774060,52931,14550,31.0,2,0,0
1768228257776357,52931,14550,64.0,164,0,0
1768228257779618,52931,14550,24.0,168,0,0
1768228257783878,52931,14550,42.0,136,0,0
1768228257788150,52931,14550,42.0,193,0,0
1768228257791915,52931,14550,48.0,32,0,0
1768228257796388,52931,14550,40.0,241,0,0
1768228257800757,52931,14550,61.0,147,0,0
1768228257803474,52931,14550,64.0,11030,0,0
1768228257865022,5760,58419,,264,1,0
1768228257866518,52931,14550,47.0,264,0,0
1768228257952559,52931,14550,48.0,163,0,0
1768228257957392,52931,14550,44.0,178,0,0
1768228257961133,52931,14550,48.0,30,0,0
1768228257964118,52931,14550,48.0,33,0,0
1768228257966030,52931,14550,39.0,74,0,0
1768228257970257,52931,14550,51.0,1,0,0
1768228257975904,52931,14550,22.0,125,0,0
1768228257978699,52931,14550,27.0,152,0,0
1768228257980940,52931,14550,43.0,62,0,0
1768228257983933,52931,14550,26.0,42,0,0
1768228257987562,52931,14550,32.0,36,0,0
1768228257989789,52931,14550,62.0,65,0,0
1768228257992031,52931,14550,49.0,27,0,0
1768228257993891,52931,14550,44.0,116,0,0
1768228257995828,52931,14550,42.0,129,0,0
1768228257997578,52931,14550,34.0,29,0,0
1768228258000052,52931,14550,34.0,137,0,0
1768228258002762,52931,14550,60.0,24,0,0
1768228258005785,52931,14550,53.0,124,0,0
1768228258008622,52931,14550,31.0,2,0,0
1768228258010307,52931,14550,64.0,164,0,0
1768228258012591,52931,14550,24.0,168,0,0
1768228258015195,52931,14550,42.0,136,0,0
1768228258016708,52931,14550,42.0,193,0,0
1768228258018921,52931,14550,48.0,32,0,0
1768228258021439,52931,14550,40.0,241,0,0
1768228258024062,52931,14550,61.0,147,0,0
1768228258026482,52931,14550,64.0,11030,0,0
1768228258063794,58419,5760,,0,1,0
1768228258205156,52931,14550,48.0,163,0,0
1768228258208660,52931,14550,44.0,178,0,0
1768228258211180,52931,14550,48.0,30,0,0
1768228258217835,52931,14550,48.0,33,0,0
1768228258220904,52931,14550,39.0,74,0,0
1768228258224708,52931,14550,51.0,1,0,0
1768228258231880,52931,14550,22.0,125,0,0
1768228258235831,52931,14550,27.0,152,0,0
1768228258237760,52931,14550,43.0,62,0,0
1768228258244923,52931,14550,26.0,42,0,0
1768228258247512,52931,14550,32.0,36,0,0
1768228258249571,52931,14550,62.0,65,0,0
1768228258251880,52931,14550,49.0,27,0,0
1768228258252433,52931,14550,44.0,116,0,0
1768228258253360,52931,14550,42.0,129,0,0
1768228258254262,52931,14550,34.0,29,0,0
1768228258255076,52931,14550,34.0,137,0,0
1768228258256324,52931,14550,60.0,24,0,0
1768228258258921,52931,14550,53.0,124,0,0
1768228258260995,52931,14550,31.0,2,0,0
1768228258262334,52931,14550,64.0,164,0,0
1768228258263621,52931,14550,24.0,168,0,0
1768228258264591,52931,14550,42.0,136,0,0
1768228258265663,52931,14550,42.0,193,0,0
1768228258268390,52931,14550,48.0,32,0,0
1768228258269348,52931,14550,40.0,241,0,0
1768228258270446,52931,14550,61.0,147,0,0
1768228258271165,52931,14550,64.0,11030,0,0
1768228258271517,5760,58419,,0,1,0
1768228258272685,52931,14550,29.0,0,0,0
1768228258366215,5760,58419,,264,1,0
1768228258367513,52931,14550,47.0,264,0,0
1768228258454249,52931,14550,48.0,163,0,0
1768228258458247,52931,14550,44.0,178,0,0
1768228258460759,52931,14550,48.0,30,0,0
1768228258464711,52931,14550,48.0,33,0,0
1768228258468414,52931,14550,39.0,74,0,0
1768228258472833,52931,14550,51.0,1,0,0
1768228258477781,52931,14550,22.0,125,0,0
1768228258480535,52931,14550,27.0,152,0,0
1768228258482150,52931,14550,43.0,62,0,0
1768228258485521,52931,14550,26.0,42,0,0
1768228258488764,52931,14550,32.0,36,0,0
1768228258490862,52931,14550,62.0,65,0,0
1768228258493081,52931,14550,49.0,27,0,0
1768228258495105,52931,14550,44.0,116,0,0
1768228258497682,52931,14550,42.0,129,0,0
1768228258499976,52931,14550,34.0,29,0,0
1768228258502821,52931,14550,34.0,137,0,0
1768228258504506,52931,14550,60.0,24,0,0
1768228258507360,52931,14550,53.0,124,0,0
1768228258509946,52931,14550,31.0,2,0,0
1768228258512577,52931,14550,64.0,164,0,0
1768228258514959,52931,14550,24.0,168,0,0
1768228258517463,52931,14550,42.0,136,0,0
1768228258519038,52931,14550,42.0,193,0,0
1768228258520871,52931,14550,48.0,32,0,0
1768228258522949,52931,14550,40.0,241,0,0
1768228258524809,52931,14550,61.0,147,0,0
1768228258527345,52931,14550,64.0,11030,0,0
1768228258707782,52931,14550,48.0,163,0,0
1768228258710636,52931,14550,44.0,178,0,0
1768228258712959,52931,14550,48.0,30,0,0
1768228258716352,52931,14550,48.0,33,0,0
1768228258720911,52931,14550,39.0,74,0,0
1768228258725102,52931,14550,51.0,1,0,0
1768228258731776,52931,14550,22.0,125,0,0
1768228258738634,52931,14550,27.0,152,0,0
1768228258741263,52931,14550,43.0,62,0,0
1768228258747883,52931,14550,26.0,42,0,0
1768228258751489,52931,14550,32.0,36,0,0
1768228258753800,52931,14550,62.0,65,0,0
1768228258756789,52931,14550,49.0,27,0,0
1768228258759634,52931,14550,44.0,116,0,0
1768228258762881,52931,14550,42.0,129,0,0
1768228258765066,52931,14550,34.0,29,0,0
1768228258767638,52931,14550,34.0,137,0,0
1768228258770992,52931,14550,60.0,24,0,0
1768228258774343,52931,14550,53.0,124,0,0
1768228258777189,52931,14550,31.0,2,0,0
1768228258778735,52931,14550,64.0,164,0,0
1768228258785248,52931,14550,24.0,168,0,0
1768228258790313,52931,14550,42.0,136,0,0
1768228258792569,52931,14550,42.0,193,0,0
1768228258794808,52931,14550,48.0,32,0,0
1768228258796436,52931,14550,40.0,241,0,0
1768228258798548,52931,14550,61.0,147,0,0
1768228258801802,52931,14550,64.0,11030,0,0
1768228258870731,5760,58419,,264,1,0
1768228258871955,52931,14550,47.0,264,0,0
1768228258958556,52931,14550,48.0,163,0,0
1768228258961771,52931,14550,44.0,178,0,0
1768228258964501,52931,14550,48.0,30,0,0
1768228258967680,52931,14550,48.0,33,0,0
1768228258970450,52931,14550,39.0,74,0,0
1768228258975313,52931,14550,51.0,1,0,0
1768228258978981,52931,14550,22.0,125,0,0
1768228258981202,52931,14550,27.0,152,0,0
1768228258983115,52931,14550,43.0,62,0,0
1768228258986268,52931,14550,26.0,42,0,0
1768228258989141,52931,14550,32.0,36,0,0
1768228258991110,52931,14550,62.0,65,0,0
1768228258993169,52931,14550,49.0,27,0,0
1768228258995044,52931,14550,44.0,116,0,0
1768228258997040,52931,14550,42.0,129,0,0
1768228258998563,52931,14550,34.0,29,0,0
1768228259000961,52931,14550,34.0,137,0,0
1768228259002989,52931,14550,60.0,24,0,0
1768228259005396,52931,14550,53.0,124,0,0
1768228259007419,52931,14550,31.0,2,0,0
1768228259009873,52931,14550,64.0,164,0,0
1768228259011693,52931,14550,24.0,168,0,0
1768228259014268,52931,14550,42.0,136,0,0
1768228259016475,52931,14550,42.0,193,0,0
1768228259018350,52931,14550,48.0,32,0,0
1768228259020770,52931,14550,40.0,241,0,0
1768228259023302,52931,14550,61.0,147,0,0
1768228259025201,52931,14550,64.0,11030,0,0
1768228259073359,58419,5760,,0,1,0
1768228259208891,52931,14550,48.0,163,0,0
1768228259212220,52931,14550,44.0,178,0,0
1768228259215967,52931,14550,48.0,30,0,0
1768228259221507,52931,14550,48.0,33,0,0
1768228259224009,52931,14550,39.0,74,0,0
1768228259228844,52931,14550,51.0,1,0,0
1768228259235799,52931,14550,22.0,125,0,0
1768228259238591,52931,14550,27.0,152,0,0
1768228259240391,52931,14550,43.0,62,0,0
1768228259243732,52931,14550,26.0,42,0,0
1768228259248172,52931,14550,32.0,36,0,0
1768228259250770,52931,14550,62.0,65,0,0
1768228259254155,52931,14550,49.0,27,0,0
1768228259256802,52931,14550,44.0,116,0,0
1768228259259200,52931,14550,42.0,129,0,0
1768228259261205,52931,14550,34.0,29,0,0
1768228259263071,52931,14550,34.0,137,0,0
1768228259268760,52931,14550,60.0,24,0,0
1768228259271131,52931,14550,53.0,124,0,0
1768228259274511,52931,14550,31.0,2,0,0
1768228259277798,52931,14550,64.0,164,0,0
1768228259280580,52931,14550,24.0,168,0,0
1768228259282505,5760,58419,,0,1,0
1768228259284352,52931,14550,42.0,136,0,0
1768228259286201,52931,14550,42.0,193,0,0
1768228259288138,52931,14550,48.0,32,0,0
1768228259290389,52931,14550,40.0,241,0,0
1768228259293592,52931,14550,61.0,147,0,0
1768228259296821,52931,14550,64.0,11030,0,0
1768228259301745,52931,14550,29.0,0,0,0
1768228259375015,5760,58419,,264,1,0
1768228259376293,52931,14550,47.0,264,0,0
1768228259462924,52931,14550,48.0,163,0,0
1768228259465371,52931,14550,44.0,178,0,0
1768228259467375,52931,14550,48.0,30,0,0
1768228259471330,52931,14550,48.0,33,0,0
1768228259473898,52931,14550,39.0,74,0,0
1768228259480150,52931,14550,51.0,1,0,0
1768228259483918,52931,14550,22.0,125,0,0
1768228259486390,52931,14550,27.0,152,0,0
1768228259488440,52931,14550,43.0,62,0,0
1768228259491260,52931,14550,26.0,42,0,0
1768228259494218,52931,14550,32.0,36,0,0
1768228259496338,52931,14550,62.0,65,0,0
1768228259499343,52931,14550,49.0,27,0,0
1768228259502036,52931,14550,44.0,116,0,0
1768228259504922,52931,14550,42.0,129,0,0
1768228259506336,52931,14550,34.0,29,0,0
1768228259508089,52931,14550,34.0,137,0,0
1768228259509712,52931,14550,60.0,24,0,0
1768228259512245,52931,14550,53.0,124,0,0
1768228259516010,52931,14550,31.0,2,0,0
1768228259518301,52931,14550,64.0,164,0,0
1768228259519864,52931,14550,24.0,168,0,0
1768228259522312,52931,14550,42.0,136,0,0
1768228259524131,52931,14550,42.0,193,0,0
1768228259526363,52931,14550,48.0,32,0,0
1768228259528425,52931,14550,40.0,241,0,0
1768228259531153,52931,14550,61.0,147,0,0
1768228259533740,52931,14550,64.0,11030,0,0
1768228259712652,52931,14550,48.0,163,0,0
1768228259715704,52931,14550,44.0,178,0,0
1768228259719788,52931,14550,48.0,30,0,0
1768228259724792,52931,14550,48.0,33,0,0
1768228259727251,52931,14550,39.0,74,0,0
1768228259733124,52931,14550,51.0,1,0,0
1768228259740941,52931,14550,22.0,125,0,0
1768228259746850,52931,14550,27.0,152,0,0
1768228259749010,52931,14550,43.0,62,0,0
1768228259753323,52931,14550,26.0,42,0,0
1768228259756027,52931,14550,32.0,36,0,0
1768228259758058,52931,14550,62.0,65,0,0
1768228259763558,52931,14550,49.0,27,0,0
1768228259765735,52931,14550,44.0,116,0,0
1768228259768460,52931,14550,42.0,129,0,0
1768228259773358,52931,14550,34.0,29,0,0
1768228259776789,52931,14550,34.0,137,0,0
1768228259779034,52931,14550,60.0,24,0,0
1768228259781658,52931,14550,53.0,124,0,0
1768228259784241,52931,14550,31.0,2,0,0
1768228259787118,52931,14550,64.0,164,0,0
1768228259789210,52931,14550,24.0,168,0,0
1768228259791429,52931,14550,42.0,136,0,0
1768228259793122,52931,14550,42.0,193,0,0
1768228259795295,52931,14550,48.0,32,0,0
1768228259796927,52931,14550,40.0,241,0,0
1768228259798774,52931,14550,61.0,147,0,0
1768228259801165,52931,14550,64.0,11030,0,0
1768228259879138,5760,58419,,264,1,0
1768228259880471,52931,14550,47.0,264,0,0
1768228259965323,52931,14550,48.0,163,0,0
1768228259968319,52931,14550,44.0,178,0,0
1768228259969695,52931,14550,48.0,30,0,0
1768228259973729,52931,14550,48.0,33,0,0
1768228259976508,52931,14550,39.0,74,0,0
1768228259982408,52931,14550,51.0,1,0,0
1768228259985373,52931,14550,22.0,125,0,0
1768228259987600,52931,14550,27.0,152,0,0
1768228259989529,52931,14550,43.0,62,0,0
1768228259991901,52931,14550,26.0,42,0,0
1768228259994514,52931,14550,32.0,36,0,0
1768228259996115,52931,14550,62.0,65,0,0
1768228259998049,52931,14550,49.0,27,0,0
1768228259999706,52931,14550,44.0,116,0,0
1768228260001353,52931,14550,42.0,129,0,0
1768228260003171,52931,14550,34.0,29,0,0
1768228260005458,52931,14550,34.0,137,0,0
1768228260008074,52931,14550,60.0,24,0,0
1768228260010989,52931,14550,53.0,124,0,0
1768228260013130,52931,14550,31.0,2,0,0
1768228260015503,52931,14550,64.0,164,0,0
1768228260018059,52931,14550,24.0,168,0,0
1768228260020591,52931,14550,42.0,136,0,0
1768228260022854,52931,14550,42.0,193,0,0
1768228260025212,52931,14550,48.0,32,0,0
1768228260027156,52931,14550,40.0,241,0,0
1768228260029221,52931,14550,61.0,147,0,0
1768228260031701,52931,14550,64.0,11030,0,0
1768228260080531,58419,5760,,0,1,0
1768228260217146,52931,14550,48.0,163,0,0
1768228260219939,52931,14550,44.0,178,0,0
1768228260221496,52931,14550,48.0,30,0,0
1768228260225387,52931,14550,48.0,33,0,0
1768228260228719,52931,14550,39.0,74,0,0
1768228260232787,52931,14550,51.0,1,0,0
1768228260238738,52931,14550,22.0,125,0,0
1768228260241294,52931,14550,27.0,152,0,0
1768228260245438,52931,14550,43.0,62,0,0
1768228260249426,52931,14550,26.0,42,0,0
1768228260252625,52931,14550,32.0,36,0,0
1768228260254776,52931,14550,62.0,65,0,0
1768228260259366,52931,14550,49.0,27,0,0
1768228260261641,52931,14550,44.0,116,0,0
1768228260265823,52931,14550,42.0,129,0,0
1768228260268681,52931,14550,34.0,29,0,0
1768228260270682,52931,14550,34.0,137,0,0
1768228260273286,52931,14550,60.0,24,0,0
1768228260279001,52931,14550,53.0,124,0,0
1768228260281049,52931,14550,31.0,2,0,0
1768228260282988,52931,14550,64.0,164,0,0
1768228260286174,5760,58419,,0,1,0
1768228260287877,52931,14550,24.0,168,0,0
1768228260290109,52931,14550,42.0,136,0,0
1768228260291894,52931,14550,42.0,193,0,0
1768228260294801,52931,14550,48.0,32,0,0
1768228260296180,52931,14550,40.0,241,0,0
1768228260303095,52931,14550,61.0,147,0,0
1768228260306156,52931,14550,64.0,11030,0,0
1768228260310525,52931,14550,29.0,0,0,0
1768228260383728,5760,58419,,264,1,0
1768228260385501,52931,14550,47.0,264,0,0
1768228260466933,52931,14550,48.0,163,0,0
1768228260468337,52931,14550,44.0,178,0,0
1768228260469399,52931,14550,48.0,30,0,0
1768228260471967,52931,14550,48.0,33,0,0
1768228260473860,52931,14550,39.0,74,0,0
1768228260476911,52931,14550,51.0,1,0,0
1768228260479015,52931,14550,22.0,125,0,0
1768228260480500,52931,14550,27.0,152,0,0
1768228260481667,52931,14550,43.0,62,0,0
1768228260483265,52931,14550,26.0,42,0,0
1768228260485228,52931,14550,32.0,36,0,0
1768228260486285,52931,14550,62.0,65,0,0
1768228260487214,52931,14550,49.0,27,0,0
1768228260487996,52931,14550,44.0,116,0,0
1768228260488970,52931,14550,42.0,129,0,0
1768228260489925,52931,14550,34.0,29,0,0
1768228260491107,52931,14550,34.0,137,0,0
1768228260492258,52931,14550,60.0,24,0,0
1768228260493805,52931,14550,53.0,124,0,0
1768228260495074,52931,14550,31.0,2,0,0
1768228260496498,52931,14550,64.0,164,0,0
1768228260497973,52931,14550,24.0,168,0,0
1768228260498856,52931,14550,42.0,136,0,0
1768228260499907,52931,14550,42.0,193,0,0
1768228260501550,52931,14550,48.0,32,0,0
1768228260502762,52931,14550,40.0,241,0,0
1768228260504123,52931,14550,61.0,147,0,0
1768228260505012,52931,14550,64.0,11030,0,0
1768228260719457,52931,14550,48.0,163,0,0
1768228260721031,52931,14550,44.0,178,0,0
1768228260722167,52931,14550,48.0,30,0,0
1768228260724571,52931,14550,48.0,33,0,0
1768228260725636,52931,14550,39.0,74,0,0
1768228260728470,52931,14550,51.0,1,0,0
1768228260732728,52931,14550,22.0,125,0,0
1768228260735880,52931,14550,27.0,152,0,0
1768228260737023,52931,14550,43.0,62,0,0
1768228260739087,52931,14550,26.0,42,0,0
1768228260742352,52931,14550,32.0,36,0,0
1768228260743248,52931,14550,62.0,65,0,0
1768228260744336,52931,14550,49.0,27,0,0
1768228260745854,52931,14550,44.0,116,0,0
1768228260747547,52931,14550,42.0,129,0,0
1768228260749764,52931,14550,34.0,29,0,0
1768228260751322,52931,14550,34.0,137,0,0
1768228260752454,52931,14550,60.0,24,0,0
1768228260754565,52931,14550,53.0,124,0,0
1768228260755860,52931,14550,31.0,2,0,0
1768228260756877,52931,14550,64.0,164,0,0
1768228260758872,52931,14550,24.0,168,0,0
1768228260759921,52931,14550,42.0,136,0,0
1768228260761726,52931,14550,42.0,193,0,0
1768228260762734,52931,14550,48.0,32,0,0
1768228260764047,52931,14550,40.0,241,0,0
1768228260765695,52931,14550,61.0,147,0,0
1768228260769701,52931,14550,64.0,11030,0,0
1768228260884100,5760,58419,,264,1,0
1768228260884941,52931,14550,47.0,264,0,0
1768228260971301,52931,14550,48.0,163,0,0
1768228260974383,52931,14550,44.0,178,0,0
1768228260977181,52931,14550,48.0,30,0,0
1768228260980694,52931,14550,48.0,33,0,0
1768228260982849,52931,14550,39.0,74,0,0
1768228260986818,52931,14550,51.0,1,0,0
1768228260990928,52931,14550,22.0,125,0,0
1768228260993904,52931,14550,27.0,152,0,0
1768228260995670,52931,14550,43.0,62,0,0
1768228260998131,52931,14550,26.0,42,0,0
1768228261000523,52931,14550,32.0,36,0,0
1768228261002489,52931,14550,62.0,65,0,0
1768228261004507,52931,14550,49.0,27,0,0
1768228261006274,52931,14550,44.0,116,0,0
1768228261007621,52931,14550,42.0,129,0,0
1768228261009337,52931,14550,34.0,29,0,0
1768228261011215,52931,14550,34.0,137,0,0
1768228261013534,52931,14550,60.0,24,0,0
1768228261016088,52931,14550,53.0,124,0,0
1768228261018835,52931,14550,31.0,2,0,0
1768228261020477,52931,14550,64.0,164,0,0
1768228261022212,52931,14550,24.0,168,0,0
1768228261024517,52931,14550,42.0,136,0,0
1768228261026142,52931,14550,42.0,193,0,0
1768228261028121,52931,14550,48.0,32,0,0
1768228261029853,52931,14550,40.0,241,0,0
1768228261032202,52931,14550,61.0,147,0,0
1768228261034262,52931,14550,64.0,11030,0,0
1768228261081921,58419,5760,,0,1,0
1768228261223896,52931,14550,48.0,163,0,0
1768228261226606,52931,14550,44.0,178,0,0
1768228261229356,52931,14550,48.0,30,0,0
1768228261231585,52931,14550,48.0,33,0,0
1768228261236294,52931,14550,39.0,74,0,0
1768228261244244,52931,14550,51.0,1,0,0
1768228261248837,52931,14550,22.0,125,0,0
1768228261253141,52931,14550,27.0,152,0,0
1768228261255765,52931,14550,43.0,62,0,0
1768228261259854,52931,14550,26.0,42,0,0
1768228261265614,52931,14550,32.0,36,0,0
1768228261267598,52931,14550,62.0,65,0,0
1768228261269082,52931,14550,49.0,27,0,0
1768228261271500,52931,14550,44.0,116,0,0
1768228261276094,52931,14550,42.0,129,0,0
1768228261278752,52931,14550,34.0,29,0,0
1768228261282073,52931,14550,34.0,137,0,0
1768228261285599,52931,14550,60.0,24,0,0
1768228261290651,52931,14550,53.0,124,0,0
1768228261291733,5760,58419,,0,1,0
1768228261293150,52931,14550,31.0,2,0,0
1768228261296707,52931,14550,64.0,164,0,0
1768228261298825,52931,14550,24.0,168,0,0
1768228261304984,52931,14550,42.0,136,0,0
1768228261308791,52931,14550,42.0,193,0,0
1768228261311458,52931,14550,48.0,32,0,0
1768228261313458,52931,14550,40.0,241,0,0
1768228261318530,52931,14550,61.0,147,0,0
1768228261321072,52931,14550,64.0,11030,0,0
1768228261326233,52931,14550,29.0,0,0,0
1768228261383115,5760,58419,,264,1,0
1768228261384402,52931,14550,47.0,264,0,0
1768228261473284,52931,14550,48.0,163,0,0
1768228261475991,52931,14550,44.0,178,0,0
1768228261479393,52931,14550,48.0,30,0,0
1768228261482127,52931,14550,48.0,33,0,0
1768228261483665,52931,14550,39.0,74,0,0
1768228261487104,52931,14550,51.0,1,0,0
1768228261489944,52931,14550,22.0,125,0,0
1768228261492255,52931,14550,27.0,152,0,0
1768228261493956,52931,14550,43.0,62,0,0
1768228261496944,52931,14550,26.0,42,0,0
1768228261499725,52931,14550,32.0,36,0,0
1768228261501955,52931,14550,62.0,65,0,0
1768228261503849,52931,14550,49.0,27,0,0
1768228261506154,52931,14550,44.0,116,0,0
1768228261511275,52931,14550,42.0,129,0,0
1768228261514130,52931,14550,34.0,29,0,0
1768228261517111,52931,14550,34.0,137,0,0
1768228261519629,52931,14550,60.0,24,0,0
1768228261522478,52931,14550,53.0,124,0,0
1768228261525007,52931,14550,31.0,2,0,0
1768228261527297,52931,14550,64.0,164,0,0
1768228261529646,52931,14550,24.0,168,0,0
1768228261532412,52931,14550,42.0,136,0,0
1768228261534385,52931,14550,42.0,193,0,0
1768228261536386,52931,14550,48.0,32,0,0
1768228261537919,52931,14550,40.0,241,0,0
1768228261540043,52931,14550,61.0,147,0,0
1768228261542380,52931,14550,64.0,11030,0,0
1768228261726156,52931,14550,48.0,163,0,0
1768228261727833,52931,14550,44.0,178,0,0
1768228261728868,52931,14550,48.0,30,0,0
1768228261730345,52931,14550,48.0,33,0,0
1768228261731317,52931,14550,39.0,74,0,0
1768228261733191,52931,14550,51.0,1,0,0
1768228261738253,52931,14550,22.0,125,0,0
1768228261739796,52931,14550,27.0,152,0,0
1768228261741076,52931,14550,43.0,62,0,0
1768228261743759,52931,14550,26.0,42,0,0
1768228261745668,52931,14550,32.0,36,0,0
1768228261746581,52931,14550,62.0,65,0,0
1768228261747535,52931,14550,49.0,27,0,0
1768228261748660,52931,14550,44.0,116,0,0
1768228261749734,52931,14550,42.0,129,0,0
1768228261751412,52931,14550,34.0,29,0,0
1768228261752336,52931,14550,34.0,137,0,0
1768228261754325,52931,14550,60.0,24,0,0
1768228261756880,52931,14550,53.0,124,0,0
1768228261757978,52931,14550,31.0,2,0,0
1768228261759151,52931,14550,64.0,164,0,0
1768228261760361,52931,14550,24.0,168,0,0
1768228261762411,52931,14550,42.0,136,0,0
1768228261763471,52931,14550,42.0,193,0,0
1768228261765390,52931,14550,48.0,32,0,0
1768228261767366,52931,14550,40.0,241,0,0
1768228261768428,52931,14550,61.0,147,0,0
1768228261770115,52931,14550,64.0,11030,0,0
1768228261886504,5760,58419,,264,1,0
1768228261887695,52931,14550,47.0,264,0,0
1768228261973372,52931,14550,48.0,163,0,0
1768228261976597,52931,14550,44.0,178,0,0
1768228261979312,52931,14550,48.0,30,0,0
1768228261981870,52931,14550,48.0,33,0,0
1768228261983876,52931,14550,39.0,74,0,0
1768228261987906,52931,14550,51.0,1,0,0
1768228261991955,52931,14550,22.0,125,0,0
1768228261994578,52931,14550,27.0,152,0,0
1768228261996376,52931,14550,43.0,62,0,0
1768228261999311,52931,14550,26.0,42,0,0
1768228262002056,52931,14550,32.0,36,0,0
1768228262003394,52931,14550,62.0,65,0,0
1768228262005895,52931,14550,49.0,27,0,0
1768228262007835,52931,14550,44.0,116,0,0
1768228262009739,52931,14550,42.0,129,0,0
1768228262011703,52931,14550,34.0,29,0,0
1768228262013768,52931,14550,34.0,137,0,0
1768228262015584,52931,14550,60.0,24,0,0
1768228262018296,52931,14550,53.0,124,0,0
1768228262021183,52931,14550,31.0,2,0,0
1768228262023207,52931,14550,64.0,164,0,0
1768228262024685,52931,14550,24.0,168,0,0
1768228262026238,52931,14550,42.0,136,0,0
1768228262028461,52931,14550,42.0,193,0,0
1768228262030778,52931,14550,48.0,32,0,0
1768228262032409,52931,14550,40.0,241,0,0
1768228262034142,52931,14550,61.0,147,0,0
1768228262036111,52931,14550,64.0,11030,0,0
1768228262082927,58419,5760,,0,1,0
1768228262229887,52931,14550,48.0,163,0,0
1768228262232272,52931,14550,44.0,178,0,0
1768228262235718,52931,14550,48.0,30,0,0
1768228262238327,52931,14550,48.0,33,0,0
1768228262241697,52931,14550,39.0,74,0,0
1768228262246470,52931,14550,51.0,1,0,0
1768228262251798,52931,14550,22.0,125,0,0
1768228262256301,52931,14550,27.0,152,0,0
1768228262258206,52931,14550,43.0,62,0,0
1768228262262180,52931,14550,26.0,42,0,0
1768228262266316,52931,14550,32.0,36,0,0
1768228262269366,52931,14550,62.0,65,0,0
1768228262271521,52931,14550,49.0,27,0,0
1768228262274079,52931,14550,44.0,116,0,0
1768228262275499,52931,14550,42.0,129,0,0
1768228262277108,52931,14550,34.0,29,0,0
1768228262278670,52931,14550,34.0,137,0,0
1768228262282476,52931,14550,60.0,24,0,0
1768228262287240,52931,14550,53.0,124,0,0
1768228262290065,52931,14550,31.0,2,0,0
1768228262291565,52931,14550,64.0,164,0,0
1768228262294422,52931,14550,24.0,168,0,0
1768228262297481,52931,14550,42.0,136,0,0
1768228262300143,52931,14550,42.0,193,0,0
1768228262301592,5760,58419,,0,1,0
1768228262302732,52931,14550,48.0,32,0,0
1768228262305636,52931,14550,40.0,241,0,0
1768228262309914,52931,14550,61.0,147,0,0
1768228262313088,52931,14550,64.0,11030,0,0
1768228262318584,52931,14550,29.0,0,0,0
1768228262395205,5760,58419,,264,1,0
1768228262396424,52931,14550,47.0,264,0,0
1768228262480695,52931,14550,48.0,163,0,0
1768228262483364,52931,14550,44.0,178,0,0
1768228262486848,52931,14550,48.0,30,0,0
1768228262489649,52931,14550,48.0,33,0,0
1768228262491720,52931,14550,39.0,74,0,0
1768228262495267,52931,14550,51.0,1,0,0
1768228262500205,52931,14550,22.0,125,0,0
1768228262502977,52931,14550,27.0,152,0,0
1768228262505272,52931,14550,43.0,62,0,0
1768228262508225,52931,14550,26.0,42,0,0
1768228262510845,52931,14550,32.0,36,0,0
1768228262513217,52931,14550,62.0,65,0,0
1768228262516131,52931,14550,49.0,27,0,0
1768228262518288,52931,14550,44.0,116,0,0
1768228262520530,52931,14550,42.0,129,0,0
1768228262522800,52931,14550,34.0,29,0,0
1768228262525242,52931,14550,34.0,137,0,0
1768228262527726,52931,14550,60.0,24,0,0
1768228262530042,52931,14550,53.0,124,0,0
1768228262532975,52931,14550,31.0,2,0,0
1768228262534827,52931,14550,64.0,164,0,0
1768228262538579,52931,14550,24.0,168,0,0
1768228262541382,52931,14550,42.0,136,0,0
1768228262543605,52931,14550,42.0,193,0,0
1768228262545981,52931,14550,48.0,32,0,0
1768228262548276,52931,14550,40.0,241,0,0
1768228262551503,52931,14550,61.0,147,0,0
1768228262553542,52931,14550,64.0,11030,0,0
1768228262729947,52931,14550,48.0,163,0,0
1768228262733311,52931,14550,44.0,178,0,0
1768228262735803,52931,14550,48.0,30,0,0
1768228262739450,52931,14550,48.0,33,0,0
1768228262741579,52931,14550,39.0,74,0,0
1768228262748076,52931,14550,51.0,1,0,0
1768228262754867,52931,14550,22.0,125,0,0
1768228262759329,52931,14550,27.0,152,0,0
1768228262761416,52931,14550,43.0,62,0,0
1768228262767565,52931,14550,26.0,42,0,0
1768228262771178,52931,14550,32.0,36,0,0
1768228262773275,52931,14550,62.0,65,0,0
1768228262777834,52931,14550,49.0,27,0,0
1768228262779988,52931,14550,44.0,116,0,0
1768228262785173,52931,14550,42.0,129,0,0
1768228262787839,52931,14550,34.0,29,0,0
1768228262789775,52931,14550,34.0,137,0,0
1768228262791689,52931,14550,60.0,24,0,0
1768228262795151,52931,14550,53.0,124,0,0
1768228262797505,52931,14550,31.0,2,0,0
1768228262800358,52931,14550,64.0,164,0,0
1768228262803731,52931,14550,24.0,168,0,0
1768228262807412,52931,14550,42.0,136,0,0
1768228262809222,52931,14550,42.0,193,0,0
1768228262812420,52931,14550,48.0,32,0,0
1768228262815204,52931,14550,40.0,241,0,0
1768228262819502,52931,14550,61.0,147,0,0
1768228262822574,52931,14550,64.0,11030,0,0
1768228262899149,5760,58419,,264,1,0
1768228262903709,52931,14550,47.0,264,0,0
1768228262980713,52931,14550,48.0,163,0,0
1768228262982672,52931,14550,44.0,178,0,0
1768228262983918,52931,14550,48.0,30,0,0
1768228262986702,52931,14550,48.0,33,0,0
1768228262988082,52931,14550,39.0,74,0,0
1768228262990619,52931,14550,51.0,1,0,0
1768228262992991,52931,14550,22.0,125,0,0
1768228262994558,52931,14550,27.0,152,0,0
1768228262995634,52931,14550,43.0,62,0,0
1768228262997486,52931,14550,26.0,42,0,0
1768228262999481,52931,14550,32.0,36,0,0
1768228263000650,52931,14550,62.0,65,0,0
1768228263001781,52931,14550,49.0,27,0,0
1768228263002898,52931,14550,44.0,116,0,0
1768228263004030,52931,14550,42.0,129,0,0
1768228263005060,52931,14550,34.0,29,0,0
1768228263006609,52931,14550,34.0,137,0,0
1768228263008030,52931,14550,60.0,24,0,0
1768228263009014,52931,14550,53.0,124,0,0
1768228263009956,52931,14550,31.0,2,0,0
1768228263010762,52931,14550,64.0,164,0,0
1768228263011714,52931,14550,24.0,168,0,0
1768228263012552,52931,14550,42.0,136,0,0
1768228263013301,52931,14550,42.0,193,0,0
1768228263014435,52931,14550,48.0,32,0,0
1768228263015223,52931,14550,40.0,241,0,0
1768228263015873,52931,14550,61.0,147,0,0
1768228263017171,52931,14550,64.0,11030,0,0
1768228263084484,58419,5760,,0,1,0
1768228263233790,52931,14550,48.0,163,0,0
1768228263236209,52931,14550,44.0,178,0,0
1768228263237805,52931,14550,48.0,30,0,0
1768228263242057,52931,14550,48.0,33,0,0
1768228263245288,52931,14550,39.0,74,0,0
1768228263250127,52931,14550,51.0,1,0,0
1768228263258255,52931,14550,22.0,125,0,0
1768228263261711,52931,14550,27.0,152,0,0
1768228263264011,52931,14550,43.0,62,0,0
1768228263267641,52931,14550,26.0,42,0,0
1768228263271837,52931,14550,32.0,36,0,0
1768228263275262,52931,14550,62.0,65,0,0
1768228263278810,52931,14550,49.0,27,0,0
1768228263280804,52931,14550,44.0,116,0,0
1768228263283953,52931,14550,42.0,129,0,0
1768228263286004,52931,14550,34.0,29,0,0
1768228263289555,52931,14550,34.0,137,0,0
1768228263293468,52931,14550,60.0,24,0,0
1768228263298252,52931,14550,53.0,124,0,0
1768228263300291,52931,14550,31.0,2,0,0
1768228263302924,52931,14550,64.0,164,0,0
1768228263305082,52931,14550,24.0,168,0,0
1768228263306970,52931,14550,42.0,136,0,0
1768228263307776,5760,58419,,0,1,0
1768228263308999,52931,14550,42.0,193,0,0
1768228263313603,52931,14550,48.0,32,0,0
1768228263316804,52931,14550,40.0,241,0,0
1768228263318833,52931,14550,61.0,147,0,0
1768228263322458,52931,14550,64.0,11030,0,0
1768228263327400,52931,14550,29.0,0,0,0
1768228263398502,5760,58419,,264,1,0
1768228263399679,52931,14550,47.0,264,0,0
1768228263484322,52931,14550,48.0,163,0,0
1768228263487576,52931,14550,44.0,178,0,0
1768228263490227,52931,14550,48.0,30,0,0
1768228263493598,52931,14550,48.0,33,0,0
1768228263496149,52931,14550,39.0,74,0,0
1768228263501627,52931,14550,51.0,1,0,0
1768228263505110,52931,14550,22.0,125,0,0
1768228263507748,52931,14550,27.0,152,0,0
1768228263510003,52931,14550,43.0,62,0,0
1768228263513298,52931,14550,26.0,42,0,0
1768228263516547,52931,14550,32.0,36,0,0
1768228263519191,52931,14550,62.0,65,0,0
1768228263521306,52931,14550,49.0,27,0,0
1768228263523192,52931,14550,44.0,116,0,0
1768228263525085,52931,14550,42.0,129,0,0
1768228263527157,52931,14550,34.0,29,0,0
1768228263529505,52931,14550,34.0,137,0,0
1768228263531899,52931,14550,60.0,24,0,0
1768228263534972,52931,14550,53.0,124,0,0
1768228263537494,52931,14550,31.0,2,0,0
1768228263539622,52931,14550,64.0,164,0,0
1768228263541324,52931,14550,24.0,168,0,0
1768228263543389,52931,14550,42.0,136,0,0
1768228263545099,52931,14550,42.0,193,0,0
1768228263547323,52931,14550,48.0,32,0,0
1768228263549442,52931,14550,40.0,241,0,0
1768228263551307,52931,14550,61.0,147,0,0
1768228263553377,52931,14550,64.0,11030,0,0
1768228263740343,52931,14550,48.0,163,0,0
1768228263744813,52931,14550,44.0,178,0,0
1768228263746602,52931,14550,48.0,30,0,0
1768228263750194,52931,14550,48.0,33,0,0
1768228263754520,52931,14550,39.0,74,0,0
1768228263761111,52931,14550,51.0,1,0,0
1768228263767681,52931,14550,22.0,125,0,0
1768228263772493,52931,14550,27.0,152,0,0
1768228263775693,52931,14550,43.0,62,0,0
1768228263779022,52931,14550,26.0,42,0,0
1768228263781910,52931,14550,32.0,36,0,0
1768228263784028,52931,14550,62.0,65,0,0
1768228263786322,52931,14550,49.0,27,0,0
1768228263788094,52931,14550,44.0,116,0,0
1768228263790620,52931,14550,42.0,129,0,0
1768228263792740,52931,14550,34.0,29,0,0
1768228263794347,52931,14550,34.0,137,0,0
1768228263796455,52931,14550,60.0,24,0,0
1768228263798450,52931,14550,53.0,124,0,0
1768228263800171,52931,14550,31.0,2,0,0
1768228263801891,52931,14550,64.0,164,0,0
1768228263804938,52931,14550,24.0,168,0,0
1768228263806777,52931,14550,42.0,136,0,0
1768228263808881,52931,14550,42.0,193,0,0
1768228263810042,52931,14550,48.0,32,0,0
1768228263811728,52931,14550,40.0,241,0,0
1768228263812932,52931,14550,61.0,147,0,0
1768228263814150,52931,14550,64.0,11030,0,0
1768228263900305,5760,58419,,264,1,0
1768228263901087,52931,14550,47.0,264,0,0
1768228263988604,52931,14550,48.0,163,0,0
1768228263990073,52931,14550,44.0,178,0,0
1768228263990935,52931,14550,48.0,30,0,0
1768228263992601,52931,14550,48.0,33,0,0
1768228263995417,52931,14550,39.0,74,0,0
1768228263998022,52931,14550,51.0,1,0,0
1768228263999449,52931,14550,22.0,125,0,0
1768228264000978,52931,14550,27.0,152,0,0
1768228264002224,52931,14550,43.0,62,0,0
1768228264004126,52931,14550,26.0,42,0,0
1768228264005473,52931,14550,32.0,36,0,0
1768228264006438,52931,14550,62.0,65,0,0
1768228264007342,52931,14550,49.0,27,0,0
1768228264008252,52931,14550,44.0,116,0,0
1768228264009059,52931,14550,42.0,129,0,0
1768228264009946,52931,14550,34.0,29,0,0
1768228264010676,52931,14550,34.0,137,0,0
1768228264011508,52931,14550,60.0,24,0,0
1768228264012734,52931,14550,53.0,124,0,0
1768228264014424,52931,14550,31.0,2,0,0
1768228264015606,52931,14550,64.0,164,0,0
1768228264016724,52931,14550,24.0,168,0,0
1768228264017790,52931,14550,42.0,136,0,0
1768228264018698,52931,14550,42.0,193,0,0
1768228264019726,52931,14550,48.0,32,0,0
1768228264020571,52931,14550,40.0,241,0,0
1768228264021707,52931,14550,61.0,147,0,0
1768228264022854,52931,14550,64.0,11030,0,0
1768228264089888,58419,5760,,0,1,0
1768228264240211,52931,14550,48.0,163,0,0
1768228264243416,52931,14550,44.0,178,0,0
1768228264247437,52931,14550,48.0,30,0,0
1768228264251658,52931,14550,48.0,33,0,0
1768228264254564,52931,14550,39.0,74,0,0
1768228264260183,52931,14550,51.0,1,0,0
1768228264267481,52931,14550,22.0,125,0,0
1768228264270245,52931,14550,27.0,152,0,0
1768228264275556,52931,14550,43.0,62,0,0
1768228264280649,52931,14550,26.0,42,0,0
1768228264283373,52931,14550,32.0,36,0,0
1768228264285343,52931,14550,62.0,65,0,0
1768228264288214,52931,14550,49.0,27,0,0
1768228264290829,52931,14550,44.0,116,0,0
1768228264292832,52931,14550,42.0,129,0,0
1768228264297555,52931,14550,34.0,29,0,0
1768228264300688,52931,14550,34.0,137,0,0
1768228264303617,52931,14550,60.0,24,0,0
1768228264306960,52931,14550,53.0,124,0,0
1768228264311724,5760,58419,,0,1,0
1768228264312491,52931,14550,31.0,2,0,0
1768228264316431,52931,14550,64.0,164,0,0
1768228264318704,52931,14550,24.0,168,0,0
1768228264324774,52931,14550,42.0,136,0,0
1768228264327047,52931,14550,42.0,193,0,0
1768228264329692,52931,14550,48.0,32,0,0
1768228264331831,52931,14550,40.0,241,0,0
1768228264334289,52931,14550,61.0,147,0,0
1768228264336722,52931,14550,64.0,11030,0,0
1768228264339723,52931,14550,29.0,0,0,0
1768228264369702,5760,58419,,111,1,0
1768228264370799,52931,14550,33.0,111,0,0
1768228264403221,5760,58419,,264,1,0
1768228264404322,52931,14550,47.0,264,0,0
1768228264488766,52931,14550,48.0,163,0,0
1768228264492985,52931,14550,44.0,178,0,0
1768228264495509,52931,14550,48.0,30,0,0
1768228264498193,52931,14550,48.0,33,0,0
1768228264500703,52931,14550,39.0,74,0,0
1768228264504730,52931,14550,51.0,1,0,0
1768228264508814,52931,14550,22.0,125,0,0
1768228264512005,52931,14550,27.0,152,0,0
1768228264513565,52931,14550,43.0,62,0,0
1768228264517061,52931,14550,26.0,42,0,0
1768228264520467,52931,14550,32.0,36,0,0
1768228264522680,52931,14550,62.0,65,0,0
1768228264524929,52931,14550,49.0,27,0,0
1768228264527326,52931,14550,44.0,116,0,0
1768228264529099,52931,14550,42.0,129,0,0
1768228264531814,52931,14550,34.0,29,0,0
1768228264534399,52931,14550,34.0,137,0,0
1768228264537230,52931,14550,60.0,24,0,0
1768228264540787,52931,14550,53.0,124,0,0
1768228264544284,52931,14550,31.0,2,0,0
1768228264546297,52931,14550,64.0,164,0,0
1768228264548824,52931,14550,24.0,168,0,0
1768228264551295,52931,14550,42.0,136,0,0
1768228264553635,52931,14550,42.0,193,0,0
1768228264556535,52931,14550,48.0,32,0,0
1768228264558920,52931,14550,40.0,241,0,0
1768228264561125,52931,14550,61.0,147,0,0
1768228264563671,52931,14550,64.0,11030,0,0
1768228264740692,52931,14550,48.0,163,0,0
1768228264744429,52931,14550,44.0,178,0,0
1768228264747806,52931,14550,48.0,30,0,0
1768228264751365,52931,14550,48.0,33,0,0
1768228264753953,52931,14550,39.0,74,0,0
1768228264761221,52931,14550,51.0,1,0,0
1768228264768106,52931,14550,22.0,125,0,0
1768228264772166,52931,14550,27.0,152,0,0
1768228264774106,52931,14550,43.0,62,0,0
1768228264777433,52931,14550,26.0,42,0,0
1768228264780596,52931,14550,32.0,36,0,0
1768228264784145,52931,14550,62.0,65,0,0
1768228264787343,52931,14550,49.0,27,0,0
1768228264790258,52931,14550,44.0,116,0,0
1768228264793924,52931,14550,42.0,129,0,0
1768228264797426,52931,14550,34.0,29,0,0
1768228264800955,52931,14550,34.0,137,0,0
1768228264803657,52931,14550,60.0,24,0,0
1768228264807063,52931,14550,53.0,124,0,0
1768228264808901,52931,14550,31.0,2,0,0
1768228264811492,52931,14550,64.0,164,0,0
1768228264815040,52931,14550,24.0,168,0,0
1768228264819765,52931,14550,42.0,136,0,0
1768228264822176,52931,14550,42.0,193,0,0
1768228264824027,52931,14550,48.0,32,0,0
1768228264825928,52931,14550,40.0,241,0,0
1768228264827576,52931,14550,61.0,147,0,0
1768228264829962,52931,14550,64.0,11030,0,0
1768228264910142,5760,58419,,264,1,0
1768228264911726,52931,14550,47.0,264,0,0
1768228264996808,52931,14550,48.0,163,0,0
1768228264997830,52931,14550,44.0,178,0,0
1768228264998946,52931,14550,48.0,30,0,0
1768228265000435,52931,14550,48.0,33,0,0
1768228265001308,52931,14550,39.0,74,0,0
1768228265002183,52931,14550,51.0,1,0,0
1768228265003179,52931,14550,22.0,125,0,0
1768228265003830,52931,14550,27.0,152,0,0
1768228265004386,52931,14550,43.0,62,0,0
1768228265005216,52931,14550,26.0,42,0,0
1768228265005830,52931,14550,32.0,36,0,0
1768228265006274,52931,14550,62.0,65,0,0
1768228265006853,52931,14550,49.0,27,0,0
1768228265007245,52931,14550,44.0,116,0,0
1768228265007742,52931,14550,42.0,129,0,0
1768228265008274,52931,14550,34.0,29,0,0
1768228265008845,52931,14550,34.0,137,0,0
1768228265009318,52931,14550,60.0,24,0,0
1768228265010102,52931,14550,53.0,124,0,0
1768228265010610,52931,14550,31.0,2,0,0
1768228265011074,52931,14550,64.0,164,0,0
1768228265011459,52931,14550,24.0,168,0,0
1768228265012056,52931,14550,42.0,136,0,0
1768228265012555,52931,14550,42.0,193,0,0
1768228265013362,52931,14550,48.0,32,0,0
1768228265013781,52931,14550,40.0,241,0,0
1768228265014431,52931,14550,61.0,147,0,0
1768228265014945,52931,14550,64.0,11030,0,0
1768228265093058,58419,5760,,0,1,0
1768228265248797,52931,14550,48.0,163,0,0
1768228265251156,52931,14550,44.0,178,0,0
1768228265252521,52931,14550,48.0,30,0,0
1768228265255761,52931,14550,48.0,33,0,0
1768228265258813,52931,14550,39.0,74,0,0
1768228265262673,52931,14550,51.0,1,0,0
1768228265268977,52931,14550,22.0,125,0,0
1768228265271344,52931,14550,27.0,152,0,0
1768228265273484,52931,14550,43.0,62,0,0
1768228265280102,52931,14550,26.0,42,0,0
1768228265284419,52931,14550,32.0,36,0,0
1768228265286529,52931,14550,62.0,65,0,0
1768228265291199,52931,14550,49.0,27,0,0
1768228265294815,52931,14550,44.0,116,0,0
1768228265296952,52931,14550,42.0,129,0,0
1768228265300897,52931,14550,34.0,29,0,0
1768228265303039,52931,14550,34.0,137,0,0
1768228265305852,52931,14550,60.0,24,0,0
1768228265310457,52931,14550,53.0,124,0,0
1768228265313914,52931,14550,31.0,2,0,0
1768228265316665,52931,14550,64.0,164,0,0
1768228265316802,5760,58419,,0,1,0
1768228265318900,52931,14550,24.0,168,0,0
1768228265321591,52931,14550,42.0,136,0,0
1768228265323265,52931,14550,42.0,193,0,0
1768228265325139,52931,14550,48.0,32,0,0
1768228265326361,52931,14550,40.0,241,0,0
1768228265328209,52931,14550,61.0,147,0,0
1768228265330303,52931,14550,64.0,11030,0,0
1768228265333096,52931,14550,29.0,0,0,0
1768228265409520,5760,58419,,264,1,0
1768228265411019,52931,14550,47.0,264,0,0
1768228265494846,52931,14550,48.0,163,0,0
1768228265497523,52931,14550,44.0,178,0,0
1768228265498878,52931,14550,48.0,30,0,0
1768228265503002,52931,14550,48.0,33,0,0
1768228265504422,52931,14550,39.0,74,0,0
1768228265508477,52931,14550,51.0,1,0,0
1768228265514339,52931,14550,22.0,125,0,0
1768228265519129,52931,14550,27.0,152,0,0
1768228265521490,52931,14550,43.0,62,0,0
1768228265524091,52931,14550,26.0,42,0,0
1768228265526859,52931,14550,32.0,36,0,0
1768228265528178,52931,14550,62.0,65,0,0
1768228265530006,52931,14550,49.0,27,0,0
1768228265532297,52931,14550,44.0,116,0,0
1768228265534109,52931,14550,42.0,129,0,0
1768228265535581,52931,14550,34.0,29,0,0
1768228265537258,52931,14550,34.0,137,0,0
1768228265538818,52931,14550,60.0,24,0,0
1768228265540703,52931,14550,53.0,124,0,0
1768228265542291,52931,14550,31.0,2,0,0
1768228265544379,52931,14550,64.0,164,0,0
1768228265545607,52931,14550,24.0,168,0,0
1768228265547128,52931,14550,42.0,136,0,0
1768228265548806,52931,14550,42.0,193,0,0
1768228265550767,52931,14550,48.0,32,0,0
1768228265552269,52931,14550,40.0,241,0,0
1768228265554076,52931,14550,61.0,147,0,0
1768228265555511,52931,14550,64.0,11030,0,0
1768228265749182,52931,14550,48.0,163,0,0
1768228265752000,52931,14550,44.0,178,0,0
1768228265754665,52931,14550,48.0,30,0,0
1768228265758057,52931,14550,48.0,33,0,0
1768228265762360,52931,14550,39.0,74,0,0
1768228265771566,52931,14550,51.0,1,0,0
1768228265779344,52931,14550,22.0,125,0,0
1768228265783696,52931,14550,27.0,152,0,0
1768228265786803,52931,14550,43.0,62,0,0
1768228265794234,52931,14550,26.0,42,0,0
1768228265798791,52931,14550,32.0,36,0,0
1768228265801740,52931,14550,62.0,65,0,0
1768228265805985,52931,14550,49.0,27,0,0
1768228265809292,52931,14550,44.0,116,0,0
1768228265813044,52931,14550,42.0,129,0,0
1768228265816903,52931,14550,34.0,29,0,0
1768228265821449,52931,14550,34.0,137,0,0
1768228265825474,52931,14550,60.0,24,0,0
1768228265830845,52931,14550,53.0,124,0,0
1768228265835268,52931,14550,31.0,2,0,0
1768228265838172,52931,14550,64.0,164,0,0
1768228265842017,52931,14550,24.0,168,0,0
1768228265845374,52931,14550,42.0,136,0,0
1768228265847772,52931,14550,42.0,193,0,0
1768228265851214,52931,14550,48.0,32,0,0
1768228265853562,52931,14550,40.0,241,0,0
1768228265856360,52931,14550,61.0,147,0,0
1768228265858742,52931,14550,64.0,11030,0,0
1768228265911483,5760,58419,,264,1,0
1768228265911904,52931,14550,47.0,264,0,0
1768228266000605,52931,14550,48.0,163,0,0
1768228266002940,52931,14550,44.0,178,0,0
1768228266004828,52931,14550,48.0,30,0,0
1768228266007217,52931,14550,48.0,33,0,0
1768228266008715,52931,14550,39.0,74,0,0
1768228266012248,52931,14550,51.0,1,0,0
1768228266014389,52931,14550,22.0,125,0,0
1768228266016349,52931,14550,27.0,152,0,0
1768228266018120,52931,14550,43.0,62,0,0
1768228266020344,52931,14550,26.0,42,0,0
1768228266022439,52931,14550,32.0,36,0,0
1768228266024074,52931,14550,62.0,65,0,0
1768228266025785,52931,14550,49.0,27,0,0
1768228266027311,52931,14550,44.0,116,0,0
1768228266029020,52931,14550,42.0,129,0,0
1768228266030490,52931,14550,34.0,29,0,0
1768228266031665,52931,14550,34.0,137,0,0
1768228266032880,52931,14550,60.0,24,0,0
1768228266034641,52931,14550,53.0,124,0,0
1768228266036610,52931,14550,31.0,2,0,0
1768228266037835,52931,14550,64.0,164,0,0
1768228266039325,52931,14550,24.0,168,0,0
1768228266040749,52931,14550,42.0,136,0,0
1768228266042508,52931,14550,42.0,193,0,0
1768228266044066,52931,14550,48.0,32,0,0
1768228266045396,52931,14550,40.0,241,0,0
1768228266046731,52931,14550,61.0,147,0,0
1768228266048420,52931,14550,64.0,11030,0,0
1768228266095346,58419,5760,,0,1,0
1768228266252322,52931,14550,48.0,163,0,0
1768228266254643,52931,14550,44.0,178,0,0
1768228266256059,52931,14550,48.0,30,0,0
1768228266258501,52931,14550,48.0,33,0,0
1768228266260725,52931,14550,39.0,74,0,0
1768228266264715,52931,14550,51.0,1,0,0
1768228266271212,52931,14550,22.0,125,0,0
1768228266274463,52931,14550,27.0,152,0,0
1768228266275909,52931,14550,43.0,62,0,0
1768228266278632,52931,14550,26.0,42,0,0
1768228266282387,52931,14550,32.0,36,0,0
1768228266283737,52931,14550,62.0,65,0,0
1768228266286332,52931,14550,49.0,27,0,0
1768228266289235,52931,14550,44.0,116,0,0
1768228266290534,52931,14550,42.0,129,0,0
1768228266292378,52931,14550,34.0,29,0,0
1768228266295293,52931,14550,34.0,137,0,0
1768228266298223,52931,14550,60.0,24,0,0
1768228266302525,52931,14550,53.0,124,0,0
1768228266306380,52931,14550,31.0,2,0,0
1768228266307995,52931,14550,64.0,164,0,0
1768228266310781,52931,14550,24.0,168,0,0
1768228266315554,52931,14550,42.0,136,0,0
1768228266317049,52931,14550,42.0,193,0,0
1768228266318929,52931,14550,48.0,32,0,0
1768228266322108,5760,58419,,0,1,0
1768228266322756,52931,14550,40.0,241,0,0
1768228266326403,52931,14550,61.0,147,0,0
1768228266327971,52931,14550,64.0,11030,0,0
1768228266331296,52931,14550,29.0,0,0,0
1768228266414417,5760,58419,,264,1,0
1768228266415484,52931,14550,47.0,264,0,0
1768228266505512,52931,14550,48.0,163,0,0
1768228266508544,52931,14550,44.0,178,0,0
1768228266510448,52931,14550,48.0,30,0,0
1768228266513655,52931,14550,48.0,33,0,0
1768228266516340,52931,14550,39.0,74,0,0
1768228266520502,52931,14550,51.0,1,0,0
1768228266523787,52931,14550,22.0,125,0,0
1768228266525771,52931,14550,27.0,152,0,0
1768228266527399,52931,14550,43.0,62,0,0
1768228266531003,52931,14550,26.0,42,0,0
1768228266534143,52931,14550,32.0,36,0,0
1768228266535706,52931,14550,62.0,65,0,0
1768228266537188,52931,14550,49.0,27,0,0
1768228266538532,52931,14550,44.0,116,0,0
1768228266539996,52931,14550,42.0,129,0,0
1768228266541169,52931,14550,34.0,29,0,0
1768228266542662,52931,14550,34.0,137,0,0
1768228266544178,52931,14550,60.0,24,0,0
1768228266546281,52931,14550,53.0,124,0,0
1768228266548189,52931,14550,31.0,2,0,0
1768228266549701,52931,14550,64.0,164,0,0
1768228266551112,52931,14550,24.0,168,0,0
1768228266552888,52931,14550,42.0,136,0,0
1768228266554466,52931,14550,42.0,193,0,0
1768228266556579,52931,14550,48.0,32,0,0
1768228266558407,52931,14550,40.0,241,0,0
1768228266560812,52931,14550,61.0,147,0,0
1768228266563004,52931,14550,64.0,11030,0,0
1768228266756126,52931,14550,48.0,163,0,0
1768228266757955,52931,14550,44.0,178,0,0
1768228266760435,52931,14550,48.0,30,0,0
1768228266763038,52931,14550,48.0,33,0,0
1768228266764347,52931,14550,39.0,74,0,0
1768228266766769,52931,14550,51.0,1,0,0
1768228266773590,52931,14550,22.0,125,0,0
1768228266776818,52931,14550,27.0,152,0,0
1768228266778359,52931,14550,43.0,62,0,0
1768228266782708,52931,14550,26.0,42,0,0
1768228266786588,52931,14550,32.0,36,0,0
1768228266787802,52931,14550,62.0,65,0,0
1768228266789836,52931,14550,49.0,27,0,0
1768228266791812,52931,14550,44.0,116,0,0
1768228266792868,52931,14550,42.0,129,0,0
1768228266793818,52931,14550,34.0,29,0,0
1768228266796398,52931,14550,34.0,137,0,0
1768228266798731,52931,14550,60.0,24,0,0
1768228266801253,52931,14550,53.0,124,0,0
1768228266803261,52931,14550,31.0,2,0,0
1768228266804455,52931,14550,64.0,164,0,0
1768228266807501,52931,14550,24.0,168,0,0
1768228266808918,52931,14550,42.0,136,0,0
1768228266810244,52931,14550,42.0,193,0,0
1768228266812106,52931,14550,48.0,32,0,0
1768228266815470,52931,14550,40.0,241,0,0
1768228266817469,52931,14550,61.0,147,0,0
1768228266820459,52931,14550,64.0,11030,0,0
1768228266916813,5760,58419,,264,1,0
1768228266917636,52931,14550,47.0,264,0,0
1768228267007562,52931,14550,48.0,163,0,0
1768228267011023,52931,14550,44.0,178,0,0
1768228267012317,52931,14550,48.0,30,0,0
1768228267014300,52931,14550,48.0,33,0,0
1768228267016373,52931,14550,39.0,74,0,0
1768228267019843,52931,14550,51.0,1,0,0
1768228267022136,52931,14550,22.0,125,0,0
1768228267024063,52931,14550,27.0,152,0,0
1768228267025575,52931,14550,43.0,62,0,0
1768228267027917,52931,14550,26.0,42,0,0
1768228267030298,52931,14550,32.0,36,0,0
1768228267032574,52931,14550,62.0,65,0,0
1768228267034049,52931,14550,49.0,27,0,0
1768228267035600,52931,14550,44.0,116,0,0
1768228267036823,52931,14550,42.0,129,0,0
1768228267038366,52931,14550,34.0,29,0,0
1768228267039934,52931,14550,34.0,137,0,0
1768228267041412,52931,14550,60.0,24,0,0
1768228267043838,52931,14550,53.0,124,0,0
1768228267045765,52931,14550,31.0,2,0,0
1768228267046962,52931,14550,64.0,164,0,0
1768228267048257,52931,14550,24.0,168,0,0
1768228267049718,52931,14550,42.0,136,0,0
1768228267051194,52931,14550,42.0,193,0,0
1768228267052581,52931,14550,48.0,32,0,0
1768228267054083,52931,14550,40.0,241,0,0
1768228267055373,52931,14550,61.0,147,0,0
1768228267057284,52931,14550,64.0,11030,0,0
1768228267103923,58419,5760,,0,1,0
1768228267259470,52931,14550,48.0,163,0,0
1768228267262506,52931,14550,44.0,178,0,0
1768228267264836,52931,14550,48.0,30,0,0
1768228267269539,52931,14550,48.0,33,0,0
1768228267271404,52931,14550,39.0,74,0,0
1768228267280256,52931,14550,51.0,1,0,0
1768228267294102,52931,14550,22.0,125,0,0
1768228267297701,52931,14550,27.0,152,0,0
1768228267299544,52931,14550,43.0,62,0,0
1768228267302749,52931,14550,26.0,42,0,0
1768228267305951,52931,14550,32.0,36,0,0
1768228267308659,52931,14550,62.0,65,0,0
1768228267310438,52931,14550,49.0,27,0,0
1768228267312519,52931,14550,44.0,116,0,0
1768228267314362,52931,14550,42.0,129,0,0
1768228267316243,52931,14550,34.0,29,0,0
1768228267318146,52931,14550,34.0,137,0,0
1768228267320067,52931,14550,60.0,24,0,0
1768228267321884,52931,14550,53.0,124,0,0
1768228267324727,52931,14550,31.0,2,0,0
1768228267326704,52931,14550,64.0,164,0,0
1768228267326905,5760,58419,,0,1,0
1768228267329017,52931,14550,24.0,168,0,0
1768228267331005,52931,14550,42.0,136,0,0
1768228267332374,52931,14550,42.0,193,0,0
1768228267334589,52931,14550,48.0,32,0,0
1768228267336146,52931,14550,40.0,241,0,0
1768228267347059,52931,14550,61.0,147,0,0
1768228267348999,52931,14550,64.0,11030,0,0
1768228267353664,52931,14550,29.0,0,0,0
1768228267418827,5760,58419,,264,1,0
1768228267419934,52931,14550,47.0,264,0,0
1768228267510358,52931,14550,48.0,163,0,0
1768228267512677,52931,14550,44.0,178,0,0
1768228267514449,52931,14550,48.0,30,0,0
1768228267518915,52931,14550,48.0,33,0,0
1768228267521074,52931,14550,39.0,74,0,0
1768228267525394,52931,14550,51.0,1,0,0
1768228267531019,52931,14550,22.0,125,0,0
1768228267532868,52931,14550,27.0,152,0,0
1768228267534149,52931,14550,43.0,62,0,0
1768228267536259,52931,14550,26.0,42,0,0
1768228267538466,52931,14550,32.0,36,0,0
1768228267541144,52931,14550,62.0,65,0,0
1768228267543190,52931,14550,49.0,27,0,0
1768228267545275,52931,14550,44.0,116,0,0
1768228267546640,52931,14550,42.0,129,0,0
1768228267548331,52931,14550,34.0,29,0,0
1768228267549940,52931,14550,34.0,137,0,0
1768228267551430,52931,14550,60.0,24,0,0
1768228267553766,52931,14550,53.0,124,0,0
1768228267556263,52931,14550,31.0,2,0,0
1768228267557505,52931,14550,64.0,164,0,0
1768228267558710,52931,14550,24.0,168,0,0
1768228267560542,52931,14550,42.0,136,0,0
1768228267561920,52931,14550,42.0,193,0,0
1768228267563488,52931,14550,48.0,32,0,0
1768228267565314,52931,14550,40.0,241,0,0
1768228267566772,52931,14550,61.0,147,0,0
1768228267568318,52931,14550,64.0,11030,0,0
1768228267760407,52931,14550,48.0,163,0,0
1768228267762169,52931,14550,44.0,178,0,0
1768228267764409,52931,14550,48.0,30,0,0
1768228267768572,52931,14550,48.0,33,0,0
1768228267771221,52931,14550,39.0,74,0,0
1768228267775895,52931,14550,51.0,1,0,0
1768228267782787,52931,14550,22.0,125,0,0
1768228267785919,52931,14550,27.0,152,0,0
1768228267788316,52931,14550,43.0,62,0,0
1768228267793103,52931,14550,26.0,42,0,0
1768228267795464,52931,14550,32.0,36,0,0
1768228267798950,52931,14550,62.0,65,0,0
1768228267801726,52931,14550,49.0,27,0,0
1768228267803626,52931,14550,44.0,116,0,0
1768228267804988,52931,14550,42.0,129,0,0
1768228267807643,52931,14550,34.0,29,0,0
1768228267809087,52931,14550,34.0,137,0,0
1768228267813737,52931,14550,60.0,24,0,0
1768228267818063,52931,14550,53.0,124,0,0
1768228267820313,52931,14550,31.0,2,0,0
1768228267821957,52931,14550,64.0,164,0,0
1768228267823592,52931,14550,24.0,168,0,0
1768228267825007,52931,14550,42.0,136,0,0
1768228267826480,52931,14550,42.0,193,0,0
1768228267828526,52931,14550,48.0,32,0,0
1768228267829778,52931,14550,40.0,241,0,0
1768228267831117,52931,14550,61.0,147,0,0
1768228267832646,52931,14550,64.0,11030,0,0
1768228267922831,5760,58419,,264,1,0
1768228267924296,52931,14550,47.0,264,0,0
1768228268014078,52931,14550,48.0,163,0,0
1768228268016182,52931,14550,44.0,178,0,0
1768228268018525,52931,14550,48.0,30,0,0
1768228268021201,52931,14550,48.0,33,0,0
1768228268022937,52931,14550,39.0,74,0,0
1768228268026729,52931,14550,51.0,1,0,0
1768228268029036,52931,14550,22.0,125,0,0
1768228268030897,52931,14550,27.0,152,0,0
1768228268032526,52931,14550,43.0,62,0,0
1768228268034769,52931,14550,26.0,42,0,0
1768228268037298,52931,14550,32.0,36,0,0
1768228268038593,52931,14550,62.0,65,0,0
1768228268040210,52931,14550,49.0,27,0,0
1768228268041498,52931,14550,44.0,116,0,0
1768228268043048,52931,14550,42.0,129,0,0
1768228268044327,52931,14550,34.0,29,0,0
1768228268045770,52931,14550,34.0,137,0,0
1768228268047067,52931,14550,60.0,24,0,0
1768228268049517,52931,14550,53.0,124,0,0
1768228268051065,52931,14550,31.0,2,0,0
1768228268052910,52931,14550,64.0,164,0,0
1768228268054229,52931,14550,24.0,168,0,0
1768228268055804,52931,14550,42.0,136,0,0
1768228268057086,52931,14550,42.0,193,0,0
1768228268058748,52931,14550,48.0,32,0,0
1768228268060258,52931,14550,40.0,241,0,0
1768228268061951,52931,14550,61.0,147,0,0
1768228268063463,52931,14550,64.0,11030,0,0
1768228268110810,58419,5760,,0,1,0
1768228268262853,52931,14550,48.0,163,0,0
1768228268264896,52931,14550,44.0,178,0,0
1768228268267408,52931,14550,48.0,30,0,0
1768228268269849,52931,14550,48.0,33,0,0
1768228268271948,52931,14550,39.0,74,0,0
1768228268276122,52931,14550,51.0,1,0,0
1768228268281343,52931,14550,22.0,125,0,0
1768228268286660,52931,14550,27.0,152,0,0
1768228268288602,52931,14550,43.0,62,0,0
1768228268292068,52931,14550,26.0,42,0,0
1768228268293866,52931,14550,32.0,36,0,0
1768228268296520,52931,14550,62.0,65,0,0
1768228268298532,52931,14550,49.0,27,0,0
1768228268301230,52931,14550,44.0,116,0,0
1768228268303588,52931,14550,42.0,129,0,0
1768228268304916,52931,14550,34.0,29,0,0
1768228268307863,52931,14550,34.0,137,0,0
1768228268310242,52931,14550,60.0,24,0,0
1768228268312569,52931,14550,53.0,124,0,0
1768228268314200,52931,14550,31.0,2,0,0
1768228268316853,52931,14550,64.0,164,0,0
1768228268318497,52931,14550,24.0,168,0,0
1768228268321185,52931,14550,42.0,136,0,0
1768228268323769,52931,14550,42.0,193,0,0
1768228268326850,52931,14550,48.0,32,0,0
1768228268330262,52931,14550,40.0,241,0,0
1768228268332470,52931,14550,61.0,147,0,0
1768228268332902,5760,58419,,0,1,0
1768228268334274,52931,14550,64.0,11030,0,0
1768228268339067,52931,14550,29.0,0,0,0
1768228268427293,5760,58419,,264,1,0
1768228268428351,52931,14550,47.0,264,0,0
1768228268513786,52931,14550,48.0,163,0,0
1768228268517570,52931,14550,44.0,178,0,0
1768228268521061,52931,14550,48.0,30,0,0
1768228268523528,52931,14550,48.0,33,0,0
1768228268525603,52931,14550,39.0,74,0,0
1768228268528573,52931,14550,51.0,1,0,0
1768228268532151,52931,14550,22.0,125,0,0
1768228268533764,52931,14550,27.0,152,0,0
1768228268535162,52931,14550,43.0,62,0,0
1768228268537426,52931,14550,26.0,42,0,0
1768228268539486,52931,14550,32.0,36,0,0
1768228268541296,52931,14550,62.0,65,0,0
1768228268543250,52931,14550,49.0,27,0,0
1768228268545068,52931,14550,44.0,116,0,0
1768228268547355,52931,14550,42.0,129,0,0
1768228268548906,52931,14550,34.0,29,0,0
1768228268550407,52931,14550,34.0,137,0,0
1768228268551794,52931,14550,60.0,24,0,0
1768228268553446,52931,14550,53.0,124,0,0
1768228268555512,52931,14550,31.0,2,0,0
1768228268557003,52931,14550,64.0,164,0,0
1768228268558963,52931,14550,24.0,168,0,0
1768228268560363,52931,14550,42.0,136,0,0
1768228268561919,52931,14550,42.0,193,0,0
1768228268563959,52931,14550,48.0,32,0,0
1768228268565441,52931,14550,40.0,241,0,0
1768228268567123,52931,14550,61.0,147,0,0
1768228268568624,52931,14550,64.0,11030,0,0
1768228268764672,52931,14550,48.0,163,0,0
1768228268767309,52931,14550,44.0,178,0,0
1768228268770049,52931,14550,48.0,30,0,0
1768228268775157,52931,14550,48.0,33,0,0
1768228268776482,52931,14550,39.0,74,0,0
1768228268784402,52931,14550,51.0,1,0,0
1768228268791076,52931,14550,22.0,125,0,0
1768228268795071,52931,14550,27.0,152,0,0
1768228268797059,52931,14550,43.0,62,0,0
1768228268800409,52931,14550,26.0,42,0,0
1768228268803771,52931,14550,32.0,36,0,0
1768228268804981,52931,14550,62.0,65,0,0
1768228268806359,52931,14550,49.0,27,0,0
1768228268807958,52931,14550,44.0,116,0,0
1768228268809155,52931,14550,42.0,129,0,0
1768228268810641,52931,14550,34.0,29,0,0
1768228268812028,52931,14550,34.0,137,0,0
1768228268813494,52931,14550,60.0,24,0,0
1768228268815609,52931,14550,53.0,124,0,0
1768228268817139,52931,14550,31.0,2,0,0
1768228268818620,52931,14550,64.0,164,0,0
1768228268820423,52931,14550,24.0,168,0,0
1768228268821970,52931,14550,42.0,136,0,0
1768228268823309,52931,14550,42.0,193,0,0
1768228268824783,52931,14550,48.0,32,0,0
1768228268826115,52931,14550,40.0,241,0,0
1768228268827459,52931,14550,61.0,147,0,0
1768228268828899,52931,14550,64.0,11030,0,0
1768228268928937,5760,58419,,264,1,0
1768228268929892,52931,14550,47.0,264,0,0
1768228269019749,52931,14550,48.0,163,0,0
1768228269021861,52931,14550,44.0,178,0,0
1768228269023117,52931,14550,48.0,30,0,0
1768228269025419,52931,14550,48.0,33,0,0
1768228269027753,52931,14550,39.0,74,0,0
1768228269032537,52931,14550,51.0,1,0,0
1768228269036901,52931,14550,22.0,125,0,0
1768228269038749,52931,14550,27.0,152,0,0
1768228269040274,52931,14550,43.0,62,0,0
1768228269042075,52931,14550,26.0,42,0,0
1768228269043981,52931,14550,32.0,36,0,0
1768228269045778,52931,14550,62.0,65,0,0
1768228269047652,52931,14550,49.0,27,0,0
1768228269048859,52931,14550,44.0,116,0,0
1768228269050056,52931,14550,42.0,129,0,0
1768228269051627,52931,14550,34.0,29,0,0
1768228269053071,52931,14550,34.0,137,0,0
1768228269054645,52931,14550,60.0,24,0,0
1768228269056402,52931,14550,53.0,124,0,0
1768228269058483,52931,14550,31.0,2,0,0
1768228269059791,52931,14550,64.0,164,0,0
1768228269061015,52931,14550,24.0,168,0,0
1768228269062951,52931,14550,42.0,136,0,0
1768228269064144,52931,14550,42.0,193,0,0
1768228269066040,52931,14550,48.0,32,0,0
1768228269067289,52931,14550,40.0,241,0,0
1768228269069241,52931,14550,61.0,147,0,0
1768228269071183,52931,14550,64.0,11030,0,0
1768228269118536,58419,5760,,0,1,0
1768228269269580,52931,14550,48.0,163,0,0
1768228269273181,52931,14550,44.0,178,0,0
1768228269274919,52931,14550,48.0,30,0,0
1768228269277800,52931,14550,48.0,33,0,0
1768228269280186,52931,14550,39.0,74,0,0
1768228269284355,52931,14550,51.0,1,0,0
1768228269288435,52931,14550,22.0,125,0,0
1768228269290303,52931,14550,27.0,152,0,0
1768228269292150,52931,14550,43.0,62,0,0
1768228269296833,52931,14550,26.0,42,0,0
1768228269299127,52931,14550,32.0,36,0,0
1768228269300360,52931,14550,62.0,65,0,0
1768228269302967,52931,14550,49.0,27,0,0
1768228269306223,52931,14550,44.0,116,0,0
1768228269308081,52931,14550,42.0,129,0,0
1768228269310350,52931,14550,34.0,29,0,0
1768228269312250,52931,14550,34.0,137,0,0
1768228269314671,52931,14550,60.0,24,0,0
1768228269319947,52931,14550,53.0,124,0,0
1768228269323727,52931,14550,31.0,2,0,0
1768228269325241,52931,14550,64.0,164,0,0
1768228269326848,52931,14550,24.0,168,0,0
1768228269328720,52931,14550,42.0,136,0,0
1768228269329963,52931,14550,42.0,193,0,0
1768228269333082,52931,14550,48.0,32,0,0
1768228269334506,52931,14550,40.0,241,0,0
1768228269337578,52931,14550,61.0,147,0,0
1768228269341077,52931,14550,64.0,11030,0,0
1768228269342629,5760,58419,,0,1,0
1768228269343715,52931,14550,29.0,0,0,0
1768228269433620,5760,58419,,264,1,0
1768228269434634,52931,14550,47.0,264,0,0
1768228269520177,52931,14550,48.0,163,0,0
1768228269522866,52931,14550,44.0,178,0,0
1768228269524389,52931,14550,48.0,30,0,0
1768228269528824,52931,14550,48.0,33,0,0
1768228269530408,52931,14550,39.0,74,0,0
1768228269533320,52931,14550,51.0,1,0,0
1768228269536678,52931,14550,22.0,125,0,0
1768228269542650,52931,14550,27.0,152,0,0
1768228269544273,52931,14550,43.0,62,0,0
1768228269546858,52931,14550,26.0,42,0,0
1768228269548770,52931,14550,32.0,36,0,0
1768228269550145,52931,14550,62.0,65,0,0
1768228269551696,52931,14550,49.0,27,0,0
1768228269553449,52931,14550,44.0,116,0,0
1768228269554792,52931,14550,42.0,129,0,0
1768228269555994,52931,14550,34.0,29,0,0
1768228269557529,52931,14550,34.0,137,0,0
1768228269558772,52931,14550,60.0,24,0,0
1768228269560633,52931,14550,53.0,124,0,0
1768228269563172,52931,14550,31.0,2,0,0
1768228269564751,52931,14550,64.0,164,0,0
1768228269566826,52931,14550,24.0,168,0,0
1768228269568800,52931,14550,42.0,136,0,0
1768228269570294,52931,14550,42.0,193,0,0
1768228269571995,52931,14550,48.0,32,0,0
1768228269573301,52931,14550,40.0,241,0,0
1768228269574703,52931,14550,61.0,147,0,0
1768228269576217,52931,14550,64.0,11030,0,0
1768228269770430,52931,14550,48.0,163,0,0
1768228269772610,52931,14550,44.0,178,0,0
1768228269773864,52931,14550,48.0,30,0,0
1768228269775839,52931,14550,48.0,33,0,0
1768228269777978,52931,14550,39.0,74,0,0
1768228269783302,52931,14550,51.0,1,0,0
1768228269788272,52931,14550,22.0,125,0,0
1768228269793565,52931,14550,27.0,152,0,0
1768228269795949,52931,14550,43.0,62,0,0
1768228269799715,52931,14550,26.0,42,0,0
1768228269801935,52931,14550,32.0,36,0,0
1768228269804550,52931,14550,62.0,65,0,0
1768228269805865,52931,14550,49.0,27,0,0
1768228269807807,52931,14550,44.0,116,0,0
1768228269811494,52931,14550,42.0,129,0,0
1768228269813074,52931,14550,34.0,29,0,0
1768228269814924,52931,14550,34.0,137,0,0
1768228269818354,52931,14550,60.0,24,0,0
1768228269821750,52931,14550,53.0,124,0,0
1768228269823785,52931,14550,31.0,2,0,0
1768228269825027,52931,14550,64.0,164,0,0
1768228269826873,52931,14550,24.0,168,0,0
1768228269828357,52931,14550,42.0,136,0,0
1768228269830455,52931,14550,42.0,193,0,0
1768228269831895,52931,14550,48.0,32,0,0
1768228269835560,52931,14550,40.0,241,0,0
1768228269837192,52931,14550,61.0,147,0,0
1768228269840209,52931,14550,64.0,11030,0,0
1768228269938914,5760,58419,,264,1,0
1768228269940041,52931,14550,47.0,264,0,0
1768228270024237,52931,14550,48.0,163,0,0
1768228270026320,52931,14550,44.0,178,0,0
1768228270027586,52931,14550,48.0,30,0,0
1768228270029560,52931,14550,48.0,33,0,0
1768228270031516,52931,14550,39.0,74,0,0
1768228270036657,52931,14550,51.0,1,0,0
1768228270041534,52931,14550,22.0,125,0,0
1768228270043219,52931,14550,27.0,152,0,0
1768228270044623,52931,14550,43.0,62,0,0
1768228270046707,52931,14550,26.0,42,0,0
1768228270049396,52931,14550,32.0,36,0,0
1768228270051001,52931,14550,62.0,65,0,0
1768228270052306,52931,14550,49.0,27,0,0
1768228270053540,52931,14550,44.0,116,0,0
1768228270055035,52931,14550,42.0,129,0,0
1768228270056329,52931,14550,34.0,29,0,0
1768228270057844,52931,14550,34.0,137,0,0
1768228270059033,52931,14550,60.0,24,0,0
1768228270061574,52931,14550,53.0,124,0,0
1768228270063133,52931,14550,31.0,2,0,0
1768228270064835,52931,14550,64.0,164,0,0
1768228270066330,52931,14550,24.0,168,0,0
1768228270067857,52931,14550,42.0,136,0,0
1768228270069160,52931,14550,42.0,193,0,0
1768228270070634,52931,14550,48.0,32,0,0
1768228270071939,52931,14550,40.0,241,0,0
1768228270073642,52931,14550,61.0,147,0,0
1768228270075106,52931,14550,64.0,11030,0,0
1768228270122240,58419,5760,,0,1,0
1768228270275717,52931,14550,48.0,163,0,0
1768228270277732,52931,14550,44.0,178,0,0
1768228270279459,52931,14550,48.0,30,0,0
1768228270283657,52931,14550,48.0,33,0,0
1768228270286379,52931,14550,39.0,74,0,0
1768228270289672,52931,14550,51.0,1,0,0
1768228270298444,52931,14550,22.0,125,0,0
1768228270301950,52931,14550,27.0,152,0,0
1768228270303246,52931,14550,43.0,62,0,0
1768228270306027,52931,14550,26.0,42,0,0
1768228270310890,52931,14550,32.0,36,0,0
1768228270312648,52931,14550,62.0,65,0,0
1768228270314002,52931,14550,49.0,27,0,0
1768228270316308,52931,14550,44.0,116,0,0
1768228270317716,52931,14550,42.0,129,0,0
1768228270318946,52931,14550,34.0,29,0,0
1768228270322302,52931,14550,34.0,137,0,0
1768228270323533,52931,14550,60.0,24,0,0
1768228270326051,52931,14550,53.0,124,0,0
1768228270327558,52931,14550,31.0,2,0,0
1768228270328805,52931,14550,64.0,164,0,0
1768228270330033,52931,14550,24.0,168,0,0
1768228270331716,52931,14550,42.0,136,0,0
1768228270333021,52931,14550,42.0,193,0,0
1768228270334887,52931,14550,48.0,32,0,0
1768228270337187,52931,14550,40.0,241,0,0
1768228270339258,52931,14550,61.0,147,0,0
1768228270340690,52931,14550,64.0,11030,0,0
1768228270349670,5760,58419,,0,1,0
1768228270351028,52931,14550,29.0,0,0,0
1768228270442237,5760,58419,,264,1,0
1768228270443238,52931,14550,47.0,264,0,0
1768228270526839,52931,14550,48.0,163,0,0
1768228270528817,52931,14550,44.0,178,0,0
1768228270530760,52931,14550,48.0,30,0,0
1768228270533930,52931,14550,48.0,33,0,0
1768228270535590,52931,14550,39.0,74,0,0
1768228270540429,52931,14550,51.0,1,0,0
1768228270545069,52931,14550,22.0,125,0,0
1768228270547073,52931,14550,27.0,152,0,0
1768228270548285,52931,14550,43.0,62,0,0
1768228270551088,52931,14550,26.0,42,0,0
1768228270554377,52931,14550,32.0,36,0,0
1768228270555801,52931,14550,62.0,65,0,0
1768228270557122,52931,14550,49.0,27,0,0
1768228270559045,52931,14550,44.0,116,0,0
1768228270561228,52931,14550,42.0,129,0,0
1768228270563979,52931,14550,34.0,29,0,0
1768228270565963,52931,14550,34.0,137,0,0
1768228270567938,52931,14550,60.0,24,0,0
1768228270570071,52931,14550,53.0,124,0,0
1768228270572115,52931,14550,31.0,2,0,0
1768228270573455,52931,14550,64.0,164,0,0
1768228270575698,52931,14550,24.0,168,0,0
1768228270577616,52931,14550,42.0,136,0,0
1768228270579313,52931,14550,42.0,193,0,0
1768228270581236,52931,14550,48.0,32,0,0
1768228270582610,52931,14550,40.0,241,0,0
1768228270584283,52931,14550,61.0,147,0,0
1768228270585633,52931,14550,64.0,11030,0,0
1768228270776364,52931,14550,48.0,163,0,0
1768228270778597,52931,14550,44.0,178,0,0
1768228270781190,52931,14550,48.0,30,0,0
1768228270783704,52931,14550,48.0,33,0,0
1768228270785241,52931,14550,39.0,74,0,0
1768228270791156,52931,14550,51.0,1,0,0
1768228270796785,52931,14550,22.0,125,0,0
1768228270802715,52931,14550,27.0,152,0,0
1768228270804397,52931,14550,43.0,62,0,0
1768228270807638,52931,14550,26.0,42,0,0
1768228270811172,52931,14550,32.0,36,0,0
1768228270815655,52931,14550,62.0,65,0,0
1768228270817941,52931,14550,49.0,27,0,0
1768228270819686,52931,14550,44.0,116,0,0
1768228270821028,52931,14550,42.0,129,0,0
1768228270822321,52931,14550,34.0,29,0,0
1768228270825718,52931,14550,34.0,137,0,0
1768228270827434,52931,14550,60.0,24,0,0
1768228270829515,52931,14550,53.0,124,0,0
1768228270831536,52931,14550,31.0,2,0,0
1768228270833200,52931,14550,64.0,164,0,0
1768228270836525,52931,14550,24.0,168,0,0
1768228270838956,52931,14550,42.0,136,0,0
1768228270842111,52931,14550,42.0,193,0,0
1768228270844015,52931,14550,48.0,32,0,0
1768228270845594,52931,14550,40.0,241,0,0
1768228270847835,52931,14550,61.0,147,0,0
1768228270849124,52931,14550,64.0,11030,0,0
1768228270945234,5760,58419,,264,1,0
1768228270946353,52931,14550,47.0,264,0,0
1768228271031896,52931,14550,48.0,163,0,0
1768228271034030,52931,14550,44.0,178,0,0
1768228271035821,52931,14550,48.0,30,0,0
1768228271038936,52931,14550,48.0,33,0,0
1768228271041349,52931,14550,39.0,74,0,0
1768228271044138,52931,14550,51.0,1,0,0
1768228271046422,52931,14550,22.0,125,0,0
1768228271048366,52931,14550,27.0,152,0,0
1768228271049854,52931,14550,43.0,62,0,0
1768228271052201,52931,14550,26.0,42,0,0
1768228271054530,52931,14550,32.0,36,0,0
1768228271055807,52931,14550,62.0,65,0,0
1768228271057337,52931,14550,49.0,27,0,0
1768228271058760,52931,14550,44.0,116,0,0
1768228271060218,52931,14550,42.0,129,0,0
1768228271061742,52931,14550,34.0,29,0,0
1768228271063213,52931,14550,34.0,137,0,0
1768228271064725,52931,14550,60.0,24,0,0
1768228271067000,52931,14550,53.0,124,0,0
1768228271068691,52931,14550,31.0,2,0,0
1768228271069932,52931,14550,64.0,164,0,0
1768228271071438,52931,14550,24.0,168,0,0
1768228271073030,52931,14550,42.0,136,0,0
1768228271074680,52931,14550,42.0,193,0,0
1768228271076322,52931,14550,48.0,32,0,0
1768228271077668,52931,14550,40.0,241,0,0
1768228271079054,52931,14550,61.0,147,0,0
1768228271081437,52931,14550,64.0,11030,0,0
1768228271129062,58419,5760,,0,1,0
1768228271209747,58419,5760,,76,1,0
1768228271214519,52931,14550,30.0,77,0,0
1768228271215215,52931,14550,29.0,0,0,0
1768228271282583,52931,14550,48.0,163,0,0
1768228271283637,52931,14550,44.0,178,0,0
1768228271284805,52931,14550,48.0,30,0,0
1768228271287224,52931,14550,48.0,33,0,0
1768228271289605,52931,14550,39.0,74,0,0
1768228271291805,52931,14550,51.0,1,0,0
1768228271295152,52931,14550,22.0,125,0,0
1768228271297159,52931,14550,27.0,152,0,0
1768228271298576,52931,14550,43.0,62,0,0
1768228271301015,52931,14550,25.0,42,0,0
1768228271303539,52931,14550,32.0,36,0,0
1768228271304838,52931,14550,62.0,65,0,0
1768228271306367,52931,14550,49.0,27,0,0
1768228271307579,52931,14550,44.0,116,0,0
1768228271308745,52931,14550,42.0,129,0,0
1768228271310270,52931,14550,34.0,29,0,0
1768228271311517,52931,14550,34.0,137,0,0
1768228271313185,52931,14550,60.0,24,0,0
1768228271314923,52931,14550,53.0,124,0,0
1768228271316999,52931,14550,31.0,2,0,0
1768228271318225,52931,14550,64.0,164,0,0
1768228271319573,52931,14550,24.0,168,0,0
1768228271321825,52931,14550,42.0,136,0,0
1768228271323124,52931,14550,42.0,193,0,0
1768228271324555,52931,14550,48.0,32,0,0
1768228271326359,52931,14550,40.0,241,0,0
1768228271328286,52931,14550,70.0,87,0,0
1768228271330137,52931,14550,61.0,147,0,0
1768228271331975,52931,14550,64.0,11030,0,0
1768228271350374,5760,58419,,0,1,0
1768228271351534,52931,14550,29.0,0,0,0
1768228271447591,5760,58419,,264,1,0
1768228271448547,52931,14550,47.0,264,0,0
1768228271532481,52931,14550,48.0,163,0,0
1768228271534589,52931,14550,44.0,178,0,0
1768228271537417,52931,14550,48.0,30,0,0
1768228271539531,52931,14550,48.0,33,0,0
1768228271541810,52931,14550,39.0,74,0,0
1768228271546582,52931,14550,51.0,1,0,0
1768228271551086,52931,14550,22.0,125,0,0
1768228271553019,52931,14550,27.0,152,0,0
1768228271554486,52931,14550,43.0,62,0,0
1768228271556434,52931,14550,25.0,42,0,0
1768228271559638,52931,14550,32.0,36,0,0
1768228271561083,52931,14550,62.0,65,0,0
1768228271562571,52931,14550,49.0,27,0,0
1768228271563832,52931,14550,44.0,116,0,0
1768228271565344,52931,14550,42.0,129,0,0
1768228271566604,52931,14550,34.0,29,0,0
1768228271567780,52931,14550,34.0,137,0,0
1768228271569372,52931,14550,60.0,24,0,0
1768228271571575,52931,14550,53.0,124,0,0
1768228271573611,52931,14550,31.0,2,0,0
1768228271575165,52931,14550,64.0,164,0,0
1768228271576930,52931,14550,24.0,168,0,0
1768228271578756,52931,14550,42.0,136,0,0
1768228271580260,52931,14550,42.0,193,0,0
1768228271581941,52931,14550,48.0,32,0,0
1768228271583340,52931,14550,40.0,241,0,0
1768228271584835,52931,14550,70.0,87,0,0
1768228271586872,52931,14550,61.0,147,0,0
1768228271588596,52931,14550,64.0,11030,0,0
1768228271783269,52931,14550,48.0,163,0,0
1768228271785346,52931,14550,44.0,178,0,0
1768228271787217,52931,14550,48.0,30,0,0
1768228271790572,52931,14550,48.0,33,0,0
1768228271793063,52931,14550,39.0,74,0,0
1768228271798507,52931,14550,51.0,1,0,0
1768228271804795,52931,14550,22.0,125,0,0
1768228271808603,52931,14550,27.0,152,0,0
1768228271810700,52931,14550,43.0,62,0,0
1768228271813482,52931,14550,25.0,42,0,0
1768228271816186,52931,14550,32.0,36,0,0
1768228271817750,52931,14550,62.0,65,0,0
1768228271819754,52931,14550,49.0,27,0,0
1768228271821070,52931,14550,44.0,116,0,0
1768228271822686,52931,14550,42.0,129,0,0
1768228271823982,52931,14550,34.0,29,0,0
1768228271827222,52931,14550,34.0,137,0,0
1768228271829393,52931,14550,60.0,24,0,0
1768228271832846,52931,14550,53.0,124,0,0
1768228271835622,52931,14550,31.0,2,0,0
1768228271837318,52931,14550,64.0,164,0,0
1768228271840249,52931,14550,24.0,168,0,0
1768228271842238,52931,14550,42.0,136,0,0
1768228271845115,52931,14550,42.0,193,0,0
1768228271848007,52931,14550,48.0,32,0,0
1768228271850182,52931,14550,40.0,241,0,0
1768228271852161,52931,14550,70.0,87,0,0
1768228271854092,52931,14550,61.0,147,0,0
1768228271856515,52931,14550,64.0,11030,0,0
1768228271948469,5760,58419,,264,1,0
1768228271949915,52931,14550,47.0,264,0,0
1768228272034725,52931,14550,48.0,163,0,0
1768228272036932,52931,14550,44.0,178,0,0
1768228272039126,52931,14550,48.0,30,0,0
1768228272041517,52931,14550,48.0,33,0,0
1768228272044306,52931,14550,39.0,74,0,0
1768228272049247,52931,14550,51.0,1,0,0
1768228272052341,52931,14550,22.0,125,0,0
1768228272054400,52931,14550,27.0,152,0,0
1768228272055689,52931,14550,43.0,62,0,0
1768228272058000,52931,14550,25.0,42,0,0
1768228272059891,52931,14550,32.0,36,0,0
1768228272061727,52931,14550,62.0,65,0,0
1768228272065391,52931,14550,49.0,27,0,0
1768228272067063,52931,14550,44.0,116,0,0
1768228272068603,52931,14550,42.0,129,0,0
1768228272069820,52931,14550,34.0,29,0,0
1768228272071353,52931,14550,34.0,137,0,0
1768228272072713,52931,14550,60.0,24,0,0
1768228272074443,52931,14550,53.0,124,0,0
1768228272076290,52931,14550,31.0,2,0,0
1768228272078784,52931,14550,64.0,164,0,0
1768228272080448,52931,14550,24.0,168,0,0
1768228272082222,52931,14550,42.0,136,0,0
1768228272083624,52931,14550,42.0,193,0,0
1768228272085131,52931,14550,48.0,32,0,0
1768228272086616,52931,14550,40.0,241,0,0
1768228272087994,52931,14550,70.0,87,0,0
1768228272089909,52931,14550,61.0,147,0,0
1768228272091633,52931,14550,64.0,11030,0,0
1768228272138462,58419,5760,,0,1,0
1768228272286014,52931,14550,48.0,163,0,0
1768228272287336,52931,14550,44.0,178,0,0
1768228272288011,52931,14550,48.0,30,0,0
1768228272289719,52931,14550,48.0,33,0,0
1768228272291118,52931,14550,39.0,74,0,0
1768228272294243,52931,14550,51.0,1,0,0
1768228272297025,52931,14550,22.0,125,0,0
1768228272298342,52931,14550,27.0,152,0,0
1768228272300238,52931,14550,45.0,62,0,0
1768228272302841,52931,14550,25.0,42,0,0
1768228272305969,52931,14550,32.0,36,0,0
1768228272306725,52931,14550,62.0,65,0,0
1768228272307695,52931,14550,49.0,27,0,0
1768228272308458,52931,14550,44.0,116,0,0
1768228272310605,52931,14550,42.0,129,0,0
1768228272313097,52931,14550,34.0,29,0,0
1768228272314595,52931,14550,34.0,137,0,0
1768228272316024,52931,14550,60.0,24,0,0
1768228272318741,52931,14550,53.0,124,0,0
1768228272320306,52931,14550,31.0,2,0,0
1768228272321539,52931,14550,64.0,164,0,0
1768228272322772,52931,14550,24.0,168,0,0
1768228272323648,52931,14550,42.0,136,0,0
1768228272326353,52931,14550,42.0,193,0,0
1768228272327737,52931,14550,48.0,32,0,0
1768228272329558,52931,14550,40.0,241,0,0
1768228272330239,52931,14550,70.0,87,0,0
1768228272331073,52931,14550,61.0,147,0,0
1768228272332152,52931,14550,64.0,11030,0,0
1768228272360529,5760,58419,,0,1,0
1768228272361462,52931,14550,29.0,0,0,0
1768228272449885,5760,58419,,264,1,0
1768228272450474,52931,14550,47.0,264,0,0
1768228272534262,52931,14550,48.0,163,0,0
1768228272534933,52931,14550,44.0,178,0,0
1768228272535440,52931,14550,48.0,30,0,0
1768228272536615,52931,14550,48.0,33,0,0
1768228272537388,52931,14550,39.0,74,0,0
1768228272538343,52931,14550,51.0,1,0,0
1768228272539081,52931,14550,22.0,125,0,0
1768228272539650,52931,14550,27.0,152,0,0
1768228272540215,52931,14550,45.0,62,0,0
1768228272541075,52931,14550,25.0,42,0,0
1768228272541813,52931,14550,32.0,36,0,0
1768228272542243,52931,14550,62.0,65,0,0
1768228272542667,52931,14550,49.0,27,0,0
1768228272543033,52931,14550,44.0,116,0,0
1768228272543424,52931,14550,42.0,129,0,0
1768228272543888,52931,14550,34.0,29,0,0
1768228272544357,52931,14550,34.0,137,0,0
1768228272544730,52931,14550,60.0,24,0,0
1768228272545444,52931,14550,53.0,124,0,0
1768228272546425,52931,14550,31.0,2,0,0
1768228272547143,52931,14550,64.0,164,0,0
1768228272547630,52931,14550,24.0,168,0,0
1768228272548270,52931,14550,42.0,136,0,0
1768228272548870,52931,14550,42.0,193,0,0
1768228272549294,52931,14550,48.0,32,0,0
1768228272550027,52931,14550,40.0,241,0,0
1768228272550475,52931,14550,70.0,87,0,0
1768228272550978,52931,14550,61.0,147,0,0
1768228272551546,52931,14550,64.0,11030,0,0
1768228272562861,58419,5760,,66,1,0
1768228272790127,52931,14550,48.0,163,0,0
1768228272792369,52931,14550,44.0,178,0,0
1768228272794283,52931,14550,48.0,30,0,0
1768228272796156,52931,14550,48.0,33,0,0
1768228272798537,52931,14550,39.0,74,0,0
1768228272804057,52931,14550,51.0,1,0,0
1768228272810017,52931,14550,22.0,125,0,0
1768228272812711,52931,14550,27.0,152,0,0
1768228272814435,52931,14550,45.0,62,0,0
1768228272817149,52931,14550,25.0,42,0,0
1768228272819967,52931,14550,32.0,36,0,0
1768228272822195,52931,14550,62.0,65,0,0
1768228272824334,52931,14550,49.0,27,0,0
1768228272825530,52931,14550,44.0,116,0,0
1768228272827445,52931,14550,42.0,129,0,0
1768228272829066,52931,14550,34.0,29,0,0
1768228272831420,52931,14550,34.0,137,0,0
1768228272835711,52931,14550,60.0,24,0,0
1768228272840425,52931,14550,53.0,124,0,0
1768228272842448,52931,14550,31.0,2,0,0
1768228272847404,52931,14550,64.0,164,0,0
1768228272848777,52931,14550,24.0,168,0,0
1768228272851112,52931,14550,42.0,136,0,0
1768228272852438,52931,14550,42.0,193,0,0
1768228272854474,52931,14550,48.0,32,0,0
1768228272856107,52931,14550,40.0,241,0,0
1768228272857880,52931,14550,70.0,87,0,0
1768228272863049,52931,14550,61.0,147,0,0
1768228272864698,52931,14550,64.0,11030,0,0
1768228272951886,5760,58419,,264,1,0
1768228272952554,52931,14550,47.0,264,0,0
1768228273038760,52931,14550,48.0,163,0,0
1768228273039718,52931,14550,44.0,178,0,0
1768228273040691,52931,14550,48.0,30,0,0
1768228273042234,52931,14550,48.0,33,0,0
1768228273043851,52931,14550,39.0,74,0,0
1768228273046456,52931,14550,51.0,1,0,0
1768228273047718,52931,14550,22.0,125,0,0
1768228273048776,52931,14550,27.0,152,0,0
1768228273049557,52931,14550,45.0,62,0,0
1768228273051153,52931,14550,25.0,42,0,0
1768228273052508,52931,14550,32.0,36,0,0
1768228273053365,52931,14550,62.0,65,0,0
1768228273054089,52931,14550,49.0,27,0,0
1768228273054976,52931,14550,44.0,116,0,0
1768228273055780,52931,14550,42.0,129,0,0
1768228273056670,52931,14550,34.0,29,0,0
1768228273057350,52931,14550,34.0,137,0,0
1768228273058172,52931,14550,60.0,24,0,0
1768228273059242,52931,14550,53.0,124,0,0
1768228273060355,52931,14550,31.0,2,0,0
1768228273061018,52931,14550,64.0,164,0,0
1768228273061881,52931,14550,24.0,168,0,0
1768228273062719,52931,14550,42.0,136,0,0
1768228273063592,52931,14550,42.0,193,0,0
1768228273064713,52931,14550,48.0,32,0,0
1768228273065367,52931,14550,40.0,241,0,0
1768228273066241,52931,14550,70.0,87,0,0
1768228273067116,52931,14550,61.0,147,0,0
1768228273068149,52931,14550,64.0,11030,0,0
1768228273148179,58419,5760,,0,1,0
1768228273289342,52931,14550,48.0,163,0,0
1768228273292007,52931,14550,44.0,178,0,0
1768228273294983,52931,14550,48.0,30,0,0
1768228273296964,52931,14550,48.0,33,0,0
1768228273299268,52931,14550,39.0,74,0,0
1768228273304039,52931,14550,51.0,1,0,0
1768228273309479,52931,14550,22.0,125,0,0
1768228273312304,52931,14550,27.0,152,0,0
1768228273314952,52931,14550,45.0,62,0,0
1768228273320095,52931,14550,25.0,42,0,0
1768228273323876,52931,14550,32.0,36,0,0
1768228273325687,52931,14550,62.0,65,0,0
1768228273329158,52931,14550,49.0,27,0,0
1768228273331769,52931,14550,44.0,116,0,0
1768228273335883,52931,14550,42.0,129,0,0
1768228273337864,52931,14550,34.0,29,0,0
1768228273341518,52931,14550,34.0,137,0,0
1768228273343539,52931,14550,60.0,24,0,0
1768228273347208,52931,14550,53.0,124,0,0
1768228273349901,52931,14550,31.0,2,0,0
1768228273351433,52931,14550,64.0,164,0,0
1768228273353797,52931,14550,24.0,168,0,0
1768228273356155,52931,14550,42.0,136,0,0
1768228273358621,52931,14550,42.0,193,0,0
1768228273359487,5760,58419,,0,1,0
1768228273360165,52931,14550,48.0,32,0,0
1768228273361878,52931,14550,40.0,241,0,0
1768228273363457,52931,14550,70.0,87,0,0
1768228273365834,52931,14550,61.0,147,0,0
1768228273368404,52931,14550,64.0,11030,0,0
1768228273374713,52931,14550,29.0,0,0,0
1768228273454280,5760,58419,,264,1,0
1768228273455829,52931,14550,47.0,264,0,0
1768228273542027,52931,14550,48.0,163,0,0
1768228273544026,52931,14550,44.0,178,0,0
1768228273546335,52931,14550,48.0,30,0,0
1768228273549499,52931,14550,48.0,33,0,0
1768228273553000,52931,14550,39.0,74,0,0
1768228273555725,52931,14550,51.0,1,0,0
1768228273558098,52931,14550,22.0,125,0,0
1768228273560574,52931,14550,27.0,152,0,0
1768228273562473,52931,14550,45.0,62,0,0
1768228273564331,52931,14550,25.0,42,0,0
1768228273567937,52931,14550,32.0,36,0,0
1768228273569555,52931,14550,62.0,65,0,0
1768228273571453,52931,14550,49.0,27,0,0
1768228273573142,52931,14550,44.0,116,0,0
1768228273574400,52931,14550,42.0,129,0,0
1768228273575636,52931,14550,34.0,29,0,0
1768228273577641,52931,14550,34.0,137,0,0
1768228273579131,52931,14550,60.0,24,0,0
1768228273581084,52931,14550,53.0,124,0,0
1768228273583001,52931,14550,31.0,2,0,0
1768228273584656,52931,14550,64.0,164,0,0
1768228273585837,52931,14550,24.0,168,0,0
1768228273587340,52931,14550,42.0,136,0,0
1768228273588795,52931,14550,42.0,193,0,0
1768228273590236,52931,14550,48.0,32,0,0
1768228273592248,52931,14550,40.0,241,0,0
1768228273594106,52931,14550,70.0,87,0,0
1768228273595822,52931,14550,61.0,147,0,0
1768228273598091,52931,14550,64.0,11030,0,0
1768228273791792,52931,14550,48.0,163,0,0
1768228273794576,52931,14550,44.0,178,0,0
1768228273797215,52931,14550,48.0,30,0,0
1768228273799495,52931,14550,48.0,33,0,0
1768228273801388,52931,14550,39.0,74,0,0
1768228273807976,52931,14550,51.0,1,0,0
1768228273813838,52931,14550,22.0,125,0,0
1768228273816004,52931,14550,27.0,152,0,0
1768228273817568,52931,14550,45.0,62,0,0
1768228273822455,52931,14550,25.0,42,0,0
1768228273826376,52931,14550,32.0,36,0,0
1768228273829324,52931,14550,62.0,65,0,0
1768228273831342,52931,14550,49.0,27,0,0
1768228273833652,52931,14550,44.0,116,0,0
1768228273835683,52931,14550,42.0,129,0,0
1768228273837665,52931,14550,34.0,29,0,0
1768228273838876,52931,14550,34.0,137,0,0
1768228273842043,52931,14550,60.0,24,0,0
1768228273844252,52931,14550,53.0,124,0,0
1768228273847477,52931,14550,31.0,2,0,0
1768228273849316,52931,14550,64.0,164,0,0
1768228273852153,52931,14550,24.0,168,0,0
1768228273855290,52931,14550,42.0,136,0,0
1768228273857807,52931,14550,42.0,193,0,0
1768228273859601,52931,14550,48.0,32,0,0
1768228273862113,52931,14550,40.0,241,0,0
1768228273864056,52931,14550,70.0,87,0,0
1768228273867015,52931,14550,61.0,147,0,0
1768228273869576,52931,14550,64.0,11030,0,0
1768228273959898,5760,58419,,264,1,0
1768228273961246,52931,14550,47.0,264,0,0
1768228274042453,52931,14550,48.0,163,0,0
1768228274045813,52931,14550,44.0,178,0,0
1768228274051291,52931,14550,48.0,30,0,0
1768228274054281,52931,14550,48.0,33,0,0
1768228274056746,52931,14550,39.0,74,0,0
1768228274060730,52931,14550,51.0,1,0,0
1768228274064978,52931,14550,22.0,125,0,0
1768228274068126,52931,14550,27.0,152,0,0
1768228274070886,52931,14550,45.0,62,0,0
1768228274073792,52931,14550,25.0,42,0,0
1768228274076783,52931,14550,32.0,36,0,0
1768228274079272,52931,14550,62.0,65,0,0
1768228274082084,52931,14550,49.0,27,0,0
1768228274084998,52931,14550,44.0,116,0,0
1768228274087407,52931,14550,42.0,129,0,0
1768228274089294,52931,14550,34.0,29,0,0
1768228274092167,52931,14550,34.0,137,0,0
1768228274095026,52931,14550,60.0,24,0,0
1768228274099251,52931,14550,53.0,124,0,0
1768228274101719,52931,14550,31.0,2,0,0
1768228274104592,52931,14550,64.0,164,0,0
1768228274107137,52931,14550,24.0,168,0,0
1768228274109606,52931,14550,42.0,136,0,0
1768228274111674,52931,14550,42.0,193,0,0
1768228274114064,52931,14550,48.0,32,0,0
1768228274115927,52931,14550,40.0,241,0,0
1768228274119082,52931,14550,70.0,87,0,0
1768228274122685,52931,14550,61.0,147,0,0
1768228274124995,52931,14550,64.0,11030,0,0
1768228274150722,58419,5760,,0,1,0
1768228274296141,52931,14550,48.0,163,0,0
1768228274301663,52931,14550,44.0,178,0,0
1768228274304047,52931,14550,48.0,30,0,0
1768228274307939,52931,14550,48.0,33,0,0
1768228274311753,52931,14550,39.0,74,0,0
1768228274317731,52931,14550,51.0,1,0,0
1768228274329293,52931,14550,22.0,125,0,0
1768228274333452,52931,14550,27.0,152,0,0
1768228274338670,52931,14550,45.0,62,0,0
1768228274342221,52931,14550,25.0,42,0,0
1768228274346377,52931,14550,32.0,36,0,0
1768228274353314,52931,14550,62.0,65,0,0
1768228274356634,52931,14550,49.0,27,0,0
1768228274358245,52931,14550,44.0,116,0,0
1768228274363020,52931,14550,42.0,129,0,0
1768228274366813,52931,14550,34.0,29,0,0
1768228274369086,52931,14550,34.0,137,0,0
1768228274370951,5760,58419,,0,1,0
1768228274371083,52931,14550,60.0,24,0,0
1768228274374628,52931,14550,53.0,124,0,0
1768228274377253,52931,14550,31.0,2,0,0
1768228274379313,52931,14550,64.0,164,0,0
1768228274382545,52931,14550,24.0,168,0,0
1768228274385073,52931,14550,42.0,136,0,0
1768228274388394,52931,14550,42.0,193,0,0
1768228274393570,52931,14550,48.0,32,0,0
1768228274395644,52931,14550,40.0,241,0,0
1768228274398097,52931,14550,70.0,87,0,0
1768228274401370,52931,14550,61.0,147,0,0
1768228274404011,52931,14550,64.0,11030,0,0
1768228274409795,52931,14550,29.0,0,0,0
1768228274431965,5760,58419,,111,1,0
1768228274433128,52931,14550,33.0,111,0,0
1768228274459137,5760,58419,,264,1,0
1768228274460476,52931,14550,47.0,264,0,0
1768228274548998,52931,14550,48.0,163,0,0
1768228274553751,52931,14550,44.0,178,0,0
1768228274556631,52931,14550,48.0,30,0,0
1768228274560047,52931,14550,48.0,33,0,0
1768228274562409,52931,14550,39.0,74,0,0
1768228274566192,52931,14550,51.0,1,0,0
1768228274570747,52931,14550,22.0,125,0,0
1768228274573441,52931,14550,27.0,152,0,0
1768228274575607,52931,14550,45.0,62,0,0
1768228274579574,52931,14550,25.0,42,0,0
1768228274583504,52931,14550,32.0,36,0,0
1768228274586587,52931,14550,62.0,65,0,0
1768228274588600,52931,14550,49.0,27,0,0
1768228274590421,52931,14550,44.0,116,0,0
1768228274593153,52931,14550,42.0,129,0,0
1768228274594838,52931,14550,34.0,29,0,0
1768228274596308,52931,14550,34.0,137,0,0
1768228274597754,52931,14550,60.0,24,0,0
1768228274600259,52931,14550,53.0,124,0,0
1768228274602483,52931,14550,31.0,2,0,0
1768228274603730,52931,14550,64.0,164,0,0
1768228274606628,52931,14550,24.0,168,0,0
1768228274609092,52931,14550,42.0,136,0,0
1768228274610907,52931,14550,42.0,193,0,0
1768228274612881,52931,14550,48.0,32,0,0
1768228274614705,52931,14550,40.0,241,0,0
1768228274617102,52931,14550,70.0,87,0,0
1768228274620177,52931,14550,61.0,147,0,0
1768228274622000,52931,14550,64.0,11030,0,0
1768228274799709,52931,14550,48.0,163,0,0
1768228274803306,52931,14550,44.0,178,0,0
1768228274806383,52931,14550,48.0,30,0,0
1768228274809766,52931,14550,48.0,33,0,0
1768228274815513,52931,14550,39.0,74,0,0
1768228274820256,52931,14550,51.0,1,0,0
1768228274826280,52931,14550,22.0,125,0,0
1768228274832094,52931,14550,27.0,152,0,0
1768228274834828,52931,14550,45.0,62,0,0
1768228274839283,52931,14550,25.0,42,0,0
1768228274842405,52931,14550,32.0,36,0,0
1768228274847584,52931,14550,62.0,65,0,0
1768228274849200,52931,14550,49.0,27,0,0
1768228274851365,52931,14550,44.0,116,0,0
1768228274853354,52931,14550,42.0,129,0,0
1768228274854987,52931,14550,34.0,29,0,0
1768228274858531,52931,14550,34.0,137,0,0
1768228274860401,52931,14550,60.0,24,0,0
1768228274862793,52931,14550,53.0,124,0,0
1768228274867461,52931,14550,31.0,2,0,0
1768228274869676,52931,14550,64.0,164,0,0
1768228274872379,52931,14550,24.0,168,0,0
1768228274875309,52931,14550,42.0,136,0,0
1768228274878017,52931,14550,42.0,193,0,0
1768228274881150,52931,14550,48.0,32,0,0
1768228274882745,52931,14550,40.0,241,0,0
1768228274884801,52931,14550,70.0,87,0,0
1768228274888328,52931,14550,61.0,147,0,0
1768228274895245,52931,14550,64.0,11030,0,0
1768228274965072,5760,58419,,264,1,0
1768228274966607,52931,14550,47.0,264,0,0
1768228275052777,52931,14550,48.0,163,0,0
1768228275056780,52931,14550,44.0,178,0,0
1768228275058574,52931,14550,48.0,30,0,0
1768228275062503,52931,14550,48.0,33,0,0
1768228275064915,52931,14550,39.0,74,0,0
1768228275069499,52931,14550,51.0,1,0,0
1768228275072204,52931,14550,22.0,125,0,0
1768228275074673,52931,14550,27.0,152,0,0
1768228275076517,52931,14550,45.0,62,0,0
1768228275079449,52931,14550,25.0,42,0,0
1768228275082505,52931,14550,32.0,36,0,0
1768228275084718,52931,14550,62.0,65,0,0
1768228275086646,52931,14550,49.0,27,0,0
1768228275088241,52931,14550,44.0,116,0,0
1768228275089717,52931,14550,42.0,129,0,0
1768228275092037,52931,14550,34.0,29,0,0
1768228275093671,52931,14550,34.0,137,0,0
1768228275095836,52931,14550,60.0,24,0,0
1768228275098980,52931,14550,53.0,124,0,0
1768228275101322,52931,14550,31.0,2,0,0
1768228275103995,52931,14550,64.0,164,0,0
1768228275106489,52931,14550,24.0,168,0,0
1768228275108497,52931,14550,42.0,136,0,0
1768228275110667,52931,14550,42.0,193,0,0
1768228275113258,52931,14550,48.0,32,0,0
1768228275116048,52931,14550,40.0,241,0,0
1768228275118029,52931,14550,70.0,87,0,0
1768228275120418,52931,14550,61.0,147,0,0
1768228275122404,52931,14550,64.0,11030,0,0
1768228275158875,58419,5760,,0,1,0
1768228275304048,52931,14550,48.0,163,0,0
1768228275306952,52931,14550,44.0,178,0,0
1768228275309701,52931,14550,48.0,30,0,0
1768228275311927,52931,14550,48.0,33,0,0
1768228275313807,52931,14550,39.0,74,0,0
1768228275319495,52931,14550,51.0,1,0,0
1768228275327608,52931,14550,22.0,125,0,0
1768228275331234,52931,14550,27.0,152,0,0
1768228275333290,52931,14550,45.0,62,0,0
1768228275338616,52931,14550,25.0,42,0,0
1768228275341856,52931,14550,32.0,36,0,0
1768228275345820,52931,14550,62.0,65,0,0
1768228275347570,52931,14550,49.0,27,0,0
1768228275349525,52931,14550,44.0,116,0,0
1768228275353735,52931,14550,42.0,129,0,0
1768228275356386,52931,14550,34.0,29,0,0
1768228275358019,52931,14550,34.0,137,0,0
1768228275360579,52931,14550,60.0,24,0,0
1768228275364867,52931,14550,53.0,124,0,0
1768228275367535,52931,14550,31.0,2,0,0
1768228275373020,5760,58419,,0,1,0
1768228275373354,52931,14550,64.0,164,0,0
1768228275374792,52931,14550,24.0,168,0,0
1768228275377844,52931,14550,42.0,136,0,0
1768228275382602,52931,14550,42.0,193,0,0
1768228275385530,52931,14550,48.0,32,0,0
1768228275388057,52931,14550,40.0,241,0,0
1768228275391325,52931,14550,70.0,87,0,0
1768228275395350,52931,14550,61.0,147,0,0
1768228275398222,52931,14550,64.0,11030,0,0
1768228275403713,52931,14550,29.0,0,0,0
1768228275465283,5760,58419,,264,1,0
1768228275466483,52931,14550,47.0,264,0,0
1768228275555592,52931,14550,48.0,163,0,0
1768228275559745,52931,14550,44.0,178,0,0
1768228275561253,52931,14550,48.0,30,0,0
1768228275563642,52931,14550,48.0,33,0,0
1768228275566143,52931,14550,39.0,74,0,0
1768228275569930,52931,14550,51.0,1,0,0
1768228275575473,52931,14550,22.0,125,0,0
1768228275578586,52931,14550,27.0,152,0,0
1768228275580727,52931,14550,45.0,62,0,0
1768228275584431,52931,14550,25.0,42,0,0
1768228275587635,52931,14550,32.0,36,0,0
1768228275589980,52931,14550,62.0,65,0,0
1768228275592369,52931,14550,49.0,27,0,0
1768228275594507,52931,14550,44.0,116,0,0
1768228275596782,52931,14550,42.0,129,0,0
1768228275598746,52931,14550,34.0,29,0,0
1768228275600653,52931,14550,34.0,137,0,0
1768228275602328,52931,14550,60.0,24,0,0
1768228275604858,52931,14550,53.0,124,0,0
1768228275607448,52931,14550,31.0,2,0,0
1768228275609522,52931,14550,64.0,164,0,0
1768228275611498,52931,14550,24.0,168,0,0
1768228275613873,52931,14550,42.0,136,0,0
1768228275616116,52931,14550,42.0,193,0,0
1768228275618036,52931,14550,48.0,32,0,0
1768228275619727,52931,14550,40.0,241,0,0
1768228275621875,52931,14550,70.0,87,0,0
1768228275624030,52931,14550,61.0,147,0,0
1768228275626627,52931,14550,64.0,11030,0,0
1768228275806169,52931,14550,48.0,163,0,0
1768228275808789,52931,14550,44.0,178,0,0
1768228275811858,52931,14550,48.0,30,0,0
1768228275815810,52931,14550,48.0,33,0,0
1768228275818287,52931,14550,39.0,74,0,0
1768228275823251,52931,14550,51.0,1,0,0
1768228275829452,52931,14550,22.0,125,0,0
1768228275833551,52931,14550,27.0,152,0,0
1768228275836255,52931,14550,45.0,62,0,0
1768228275840581,52931,14550,25.0,42,0,0
1768228275846472,52931,14550,32.0,36,0,0
1768228275848607,52931,14550,62.0,65,0,0
1768228275851342,52931,14550,49.0,27,0,0
1768228275856653,52931,14550,44.0,116,0,0
1768228275859145,52931,14550,42.0,129,0,0
1768228275860982,52931,14550,34.0,29,0,0
1768228275864208,52931,14550,34.0,137,0,0
1768228275865984,52931,14550,60.0,24,0,0
1768228275869020,52931,14550,53.0,124,0,0
1768228275875247,52931,14550,31.0,2,0,0
1768228275877392,52931,14550,64.0,164,0,0
1768228275879353,52931,14550,24.0,168,0,0
1768228275883704,52931,14550,42.0,136,0,0
1768228275887071,52931,14550,42.0,193,0,0
1768228275890816,52931,14550,48.0,32,0,0
1768228275894551,52931,14550,40.0,241,0,0
1768228275897954,52931,14550,70.0,87,0,0
1768228275901493,52931,14550,61.0,147,0,0
1768228275904575,52931,14550,64.0,11030,0,0
1768228275968740,5760,58419,,264,1,0
1768228275969941,52931,14550,47.0,264,0,0
1768228276056094,52931,14550,48.0,163,0,0
1768228276058290,52931,14550,44.0,178,0,0
1768228276060014,52931,14550,48.0,30,0,0
1768228276063741,52931,14550,48.0,33,0,0
1768228276065644,52931,14550,39.0,74,0,0
1768228276070507,52931,14550,51.0,1,0,0
1768228276077617,52931,14550,22.0,125,0,0
1768228276080926,52931,14550,27.0,152,0,0
1768228276083204,52931,14550,45.0,62,0,0
1768228276085614,52931,14550,25.0,42,0,0
1768228276088301,52931,14550,32.0,36,0,0
1768228276090336,52931,14550,62.0,65,0,0
1768228276092104,52931,14550,49.0,27,0,0
1768228276093062,52931,14550,44.0,116,0,0
1768228276094575,52931,14550,42.0,129,0,0
1768228276095774,52931,14550,34.0,29,0,0
1768228276096804,52931,14550,34.0,137,0,0
1768228276098011,52931,14550,60.0,24,0,0
1768228276099644,52931,14550,53.0,124,0,0
1768228276101185,52931,14550,31.0,2,0,0
1768228276102376,52931,14550,64.0,164,0,0
1768228276103687,52931,14550,24.0,168,0,0
1768228276104786,52931,14550,42.0,136,0,0
1768228276106327,52931,14550,42.0,193,0,0
1768228276107863,52931,14550,48.0,32,0,0
1768228276109433,52931,14550,40.0,241,0,0
1768228276110987,52931,14550,70.0,87,0,0
1768228276112638,52931,14550,61.0,147,0,0
1768228276114227,52931,14550,64.0,11030,0,0
1768228276160802,58419,5760,,0,1,0
1768228276312458,52931,14550,48.0,163,0,0
1768228276315345,52931,14550,44.0,178,0,0
1768228276321545,52931,14550,48.0,30,0,0
1768228276324670,52931,14550,48.0,33,0,0
1768228276328044,52931,14550,39.0,74,0,0
1768228276332566,52931,14550,51.0,1,0,0
1768228276339677,52931,14550,22.0,125,0,0
1768228276342731,52931,14550,27.0,152,0,0
1768228276344793,52931,14550,45.0,62,0,0
1768228276349203,52931,14550,25.0,42,0,0
1768228276354434,52931,14550,32.0,36,0,0
1768228276356687,52931,14550,62.0,65,0,0
1768228276358862,52931,14550,49.0,27,0,0
1768228276362498,52931,14550,44.0,116,0,0
1768228276365518,52931,14550,42.0,129,0,0
1768228276367353,52931,14550,34.0,29,0,0
1768228276371519,52931,14550,34.0,137,0,0
1768228276375083,52931,14550,60.0,24,0,0
1768228276379906,52931,14550,53.0,124,0,0
1768228276381170,5760,58419,,0,1,0
1768228276383003,52931,14550,31.0,2,0,0
1768228276385652,52931,14550,64.0,164,0,0
1768228276389598,52931,14550,24.0,168,0,0
1768228276392569,52931,14550,42.0,136,0,0
1768228276394969,52931,14550,42.0,193,0,0
1768228276397784,52931,14550,48.0,32,0,0
1768228276399372,52931,14550,40.0,241,0,0
1768228276401464,52931,14550,70.0,87,0,0
1768228276403369,52931,14550,61.0,147,0,0
1768228276406227,52931,14550,64.0,11030,0,0
1768228276412427,52931,14550,29.0,0,0,0
1768228276474747,5760,58419,,264,1,0
1768228276475910,52931,14550,47.0,264,0,0
1768228276563280,52931,14550,48.0,163,0,0
1768228276566578,52931,14550,44.0,178,0,0
1768228276568515,52931,14550,48.0,30,0,0
1768228276573490,52931,14550,48.0,33,0,0
1768228276576014,52931,14550,39.0,74,0,0
1768228276580114,52931,14550,51.0,1,0,0
1768228276584455,52931,14550,22.0,125,0,0
1768228276586352,52931,14550,27.0,152,0,0
1768228276588304,52931,14550,45.0,62,0,0
1768228276592481,52931,14550,25.0,42,0,0
1768228276595193,52931,14550,32.0,36,0,0
1768228276597088,52931,14550,62.0,65,0,0
1768228276598742,52931,14550,49.0,27,0,0
1768228276601008,52931,14550,44.0,116,0,0
1768228276602386,52931,14550,42.0,129,0,0
1768228276603959,52931,14550,34.0,29,0,0
1768228276605204,52931,14550,34.0,137,0,0
1768228276606551,52931,14550,60.0,24,0,0
1768228276608651,52931,14550,53.0,124,0,0
1768228276611252,52931,14550,31.0,2,0,0
1768228276613485,52931,14550,64.0,164,0,0
1768228276615661,52931,14550,24.0,168,0,0
1768228276617532,52931,14550,42.0,136,0,0
1768228276619442,52931,14550,42.0,193,0,0
1768228276621009,52931,14550,48.0,32,0,0
1768228276622426,52931,14550,40.0,241,0,0
1768228276623818,52931,14550,70.0,87,0,0
1768228276626405,52931,14550,61.0,147,0,0
1768228276628271,52931,14550,64.0,11030,0,0
1768228276814128,52931,14550,48.0,163,0,0
1768228276815104,52931,14550,44.0,178,0,0
1768228276818141,52931,14550,48.0,30,0,0
1768228276819862,52931,14550,48.0,33,0,0
1768228276821294,52931,14550,39.0,74,0,0
1768228276824678,52931,14550,51.0,1,0,0
1768228276827725,52931,14550,22.0,125,0,0
1768228276829039,52931,14550,27.0,152,0,0
1768228276829744,52931,14550,45.0,62,0,0
1768228276832780,52931,14550,25.0,42,0,0
1768228276834717,52931,14550,32.0,36,0,0
1768228276836375,52931,14550,62.0,65,0,0
1768228276837624,52931,14550,49.0,27,0,0
1768228276838486,52931,14550,44.0,116,0,0
1768228276839942,52931,14550,42.0,129,0,0
1768228276840915,52931,14550,34.0,29,0,0
1768228276841948,52931,14550,34.0,137,0,0
1768228276842690,52931,14550,60.0,24,0,0
1768228276843526,52931,14550,53.0,124,0,0
1768228276844215,52931,14550,31.0,2,0,0
1768228276844736,52931,14550,64.0,164,0,0
1768228276845406,52931,14550,24.0,168,0,0
1768228276846583,52931,14550,42.0,136,0,0
1768228276847069,52931,14550,42.0,193,0,0
1768228276847977,52931,14550,48.0,32,0,0
1768228276848545,52931,14550,40.0,241,0,0
1768228276849093,52931,14550,70.0,87,0,0
1768228276850007,52931,14550,61.0,147,0,0
1768228276851328,52931,14550,64.0,11030,0,0
1768228276977090,5760,58419,,264,1,0
1768228276977994,52931,14550,47.0,264,0,0
1768228277065632,52931,14550,48.0,163,0,0
1768228277068499,52931,14550,44.0,178,0,0
1768228277071998,52931,14550,48.0,30,0,0
1768228277074805,52931,14550,48.0,33,0,0
1768228277077231,52931,14550,39.0,74,0,0
1768228277081350,52931,14550,51.0,1,0,0
1768228277084832,52931,14550,22.0,125,0,0
1768228277087520,52931,14550,27.0,152,0,0
1768228277089349,52931,14550,45.0,62,0,0
1768228277092078,52931,14550,25.0,42,0,0
1768228277094760,52931,14550,32.0,36,0,0
1768228277096668,52931,14550,62.0,65,0,0
1768228277098432,52931,14550,49.0,27,0,0
1768228277099832,52931,14550,44.0,116,0,0
1768228277101437,52931,14550,42.0,129,0,0
1768228277102861,52931,14550,34.0,29,0,0
1768228277104678,52931,14550,34.0,137,0,0
1768228277106275,52931,14550,60.0,24,0,0
1768228277108207,52931,14550,53.0,124,0,0
1768228277110222,52931,14550,31.0,2,0,0
1768228277111705,52931,14550,64.0,164,0,0
1768228277113576,52931,14550,24.0,168,0,0
1768228277116004,52931,14550,42.0,136,0,0
1768228277117188,52931,14550,42.0,193,0,0
1768228277118809,52931,14550,48.0,32,0,0
1768228277120346,52931,14550,40.0,241,0,0
1768228277121630,52931,14550,70.0,87,0,0
1768228277123565,52931,14550,61.0,147,0,0
1768228277126108,52931,14550,64.0,11030,0,0
1768228277162839,58419,5760,,0,1,0
1768228277317467,52931,14550,48.0,163,0,0
1768228277319785,52931,14550,44.0,178,0,0
1768228277321222,52931,14550,48.0,30,0,0
1768228277325187,52931,14550,48.0,33,0,0
1768228277326671,52931,14550,39.0,74,0,0
1768228277330454,52931,14550,51.0,1,0,0
1768228277336263,52931,14550,22.0,125,0,0
1768228277339656,52931,14550,27.0,152,0,0
1768228277342454,52931,14550,45.0,62,0,0
1768228277349665,52931,14550,25.0,42,0,0
1768228277352363,52931,14550,32.0,36,0,0
1768228277353849,52931,14550,62.0,65,0,0
1768228277355404,52931,14550,49.0,27,0,0
1768228277356982,52931,14550,44.0,116,0,0
1768228277360452,52931,14550,42.0,129,0,0
1768228277362049,52931,14550,34.0,29,0,0
1768228277363971,52931,14550,34.0,137,0,0
1768228277366414,52931,14550,60.0,24,0,0
1768228277369228,52931,14550,53.0,124,0,0
1768228277372463,52931,14550,31.0,2,0,0
1768228277373825,52931,14550,64.0,164,0,0
1768228277377440,52931,14550,24.0,168,0,0
1768228277380513,52931,14550,42.0,136,0,0
1768228277382500,52931,14550,42.0,193,0,0
1768228277386114,52931,14550,48.0,32,0,0
1768228277389189,5760,58419,,0,1,0
1768228277390974,52931,14550,40.0,241,0,0
1768228277393181,52931,14550,70.0,87,0,0
1768228277396324,52931,14550,61.0,147,0,0
1768228277398500,52931,14550,64.0,11030,0,0
1768228277401059,52931,14550,29.0,0,0,0
1768228277482411,5760,58419,,264,1,0
1768228277490419,52931,14550,47.0,264,0,0
1768228277568402,52931,14550,48.0,163,0,0
1768228277571809,52931,14550,44.0,178,0,0
1768228277573299,52931,14550,48.0,30,0,0
1768228277576688,52931,14550,48.0,33,0,0
1768228277579118,52931,14550,39.0,74,0,0
1768228277583808,52931,14550,51.0,1,0,0
1768228277586529,52931,14550,22.0,125,0,0
1768228277588237,52931,14550,27.0,152,0,0
1768228277589637,52931,14550,45.0,62,0,0
1768228277591983,52931,14550,25.0,42,0,0
1768228277594379,52931,14550,32.0,36,0,0
1768228277596019,52931,14550,62.0,65,0,0
1768228277597514,52931,14550,49.0,27,0,0
1768228277598835,52931,14550,44.0,116,0,0
1768228277599931,52931,14550,42.0,129,0,0
1768228277601064,52931,14550,34.0,29,0,0
1768228277602079,52931,14550,34.0,137,0,0
1768228277603297,52931,14550,60.0,24,0,0
1768228277604919,52931,14550,53.0,124,0,0
1768228277606404,52931,14550,31.0,2,0,0
1768228277607277,52931,14550,64.0,164,0,0
1768228277608260,52931,14550,24.0,168,0,0
1768228277609517,52931,14550,42.0,136,0,0
1768228277610568,52931,14550,42.0,193,0,0
1768228277611669,52931,14550,48.0,32,0,0
1768228277612693,52931,14550,40.0,241,0,0
1768228277614191,52931,14550,70.0,87,0,0
1768228277615789,52931,14550,61.0,147,0,0
1768228277617472,52931,14550,64.0,11030,0,0
1768228277816923,52931,14550,48.0,163,0,0
1768228277820415,52931,14550,44.0,178,0,0
1768228277822906,52931,14550,48.0,30,0,0
1768228277826912,52931,14550,48.0,33,0,0
1768228277830108,52931,14550,39.0,74,0,0
1768228277834781,52931,14550,51.0,1,0,0
1768228277843219,52931,14550,22.0,125,0,0
1768228277847327,52931,14550,27.0,152,0,0
1768228277850411,52931,14550,45.0,62,0,0
1768228277854874,52931,14550,25.0,42,0,0
1768228277858858,52931,14550,32.0,36,0,0
1768228277861359,52931,14550,62.0,65,0,0
1768228277864516,52931,14550,49.0,27,0,0
1768228277867082,52931,14550,44.0,116,0,0
1768228277872360,52931,14550,42.0,129,0,0
1768228277875780,52931,14550,34.0,29,0,0
1768228277878184,52931,14550,34.0,137,0,0
1768228277880071,52931,14550,60.0,24,0,0
1768228277885034,52931,14550,53.0,124,0,0
1768228277886962,52931,14550,31.0,2,0,0
1768228277889732,52931,14550,64.0,164,0,0
1768228277893308,52931,14550,24.0,168,0,0
1768228277896402,52931,14550,42.0,136,0,0
1768228277898536,52931,14550,42.0,193,0,0
1768228277901346,52931,14550,48.0,32,0,0
1768228277903562,52931,14550,40.0,241,0,0
1768228277905785,52931,14550,70.0,87,0,0
1768228277908218,52931,14550,61.0,147,0,0
1768228277910639,52931,14550,64.0,11030,0,0
1768228277979948,5760,58419,,264,1,0
1768228277980890,52931,14550,47.0,264,0,0
1768228278066719,52931,14550,48.0,163,0,0
1768228278069017,52931,14550,44.0,178,0,0
1768228278070328,52931,14550,48.0,30,0,0
1768228278073290,52931,14550,48.0,33,0,0
1768228278074825,52931,14550,39.0,74,0,0
1768228278078903,52931,14550,51.0,1,0,0
1768228278082287,52931,14550,22.0,125,0,0
1768228278084046,52931,14550,27.0,152,0,0
1768228278085291,52931,14550,45.0,62,0,0
1768228278087331,52931,14550,25.0,42,0,0
1768228278089238,52931,14550,32.0,36,0,0
1768228278090497,52931,14550,62.0,65,0,0
1768228278091916,52931,14550,49.0,27,0,0
1768228278093847,52931,14550,44.0,116,0,0
1768228278096055,52931,14550,42.0,129,0,0
1768228278098571,52931,14550,34.0,29,0,0
1768228278100178,52931,14550,34.0,137,0,0
1768228278101750,52931,14550,60.0,24,0,0
1768228278104037,52931,14550,53.0,124,0,0
1768228278106959,52931,14550,31.0,2,0,0
1768228278108986,52931,14550,64.0,164,0,0
1768228278110575,52931,14550,24.0,168,0,0
1768228278112695,52931,14550,42.0,136,0,0
1768228278114983,52931,14550,42.0,193,0,0
1768228278117309,52931,14550,48.0,32,0,0
1768228278119593,52931,14550,40.0,241,0,0
1768228278121317,52931,14550,70.0,87,0,0
1768228278123165,52931,14550,61.0,147,0,0
1768228278125632,52931,14550,64.0,11030,0,0
1768228278171321,58419,5760,,0,1,0
1768228278319164,52931,14550,48.0,163,0,0
1768228278323197,52931,14550,44.0,178,0,0
1768228278326217,52931,14550,48.0,30,0,0
1768228278330513,52931,14550,48.0,33,0,0
1768228278332580,52931,14550,39.0,74,0,0
1768228278337760,52931,14550,51.0,1,0,0
1768228278347653,52931,14550,22.0,125,0,0
1768228278350861,52931,14550,27.0,152,0,0
1768228278353039,52931,14550,45.0,62,0,0
1768228278357315,52931,14550,25.0,42,0,0
1768228278361863,52931,14550,32.0,36,0,0
1768228278367854,52931,14550,62.0,65,0,0
1768228278371137,52931,14550,49.0,27,0,0
1768228278374324,52931,14550,44.0,116,0,0
1768228278377616,52931,14550,42.0,129,0,0
1768228278383045,52931,14550,34.0,29,0,0
1768228278385068,52931,14550,34.0,137,0,0
1768228278388342,52931,14550,60.0,24,0,0
1768228278393101,52931,14550,53.0,124,0,0
1768228278395215,5760,58419,,0,1,0
1768228278398726,52931,14550,31.0,2,0,0
1768228278401197,52931,14550,64.0,164,0,0
1768228278403721,52931,14550,24.0,168,0,0
1768228278406632,52931,14550,42.0,136,0,0
1768228278409708,52931,14550,42.0,193,0,0
1768228278412911,52931,14550,48.0,32,0,0
1768228278416009,52931,14550,40.0,241,0,0
1768228278421274,52931,14550,70.0,87,0,0
1768228278424361,52931,14550,61.0,147,0,0
1768228278427978,52931,14550,64.0,11030,0,0
1768228278435399,52931,14550,29.0,0,0,0
1768228278486329,5760,58419,,264,1,0
1768228278487513,52931,14550,47.0,264,0,0
1768228278572591,52931,14550,48.0,163,0,0
1768228278574796,52931,14550,44.0,178,0,0
1768228278578391,52931,14550,48.0,30,0,0
1768228278582552,52931,14550,48.0,33,0,0
1768228278584799,52931,14550,39.0,74,0,0
1768228278590031,52931,14550,51.0,1,0,0
1768228278593797,52931,14550,22.0,125,0,0
1768228278597090,52931,14550,27.0,152,0,0
1768228278599872,52931,14550,45.0,62,0,0
1768228278604103,52931,14550,25.0,42,0,0
1768228278606963,52931,14550,32.0,36,0,0
1768228278609608,52931,14550,62.0,65,0,0
1768228278612532,52931,14550,49.0,27,0,0
1768228278615744,52931,14550,44.0,116,0,0
1768228278618209,52931,14550,42.0,129,0,0
1768228278618997,52931,14550,34.0,29,0,0
1768228278619716,52931,14550,34.0,137,0,0
1768228278620538,52931,14550,60.0,24,0,0
1768228278621423,52931,14550,53.0,124,0,0
1768228278622209,52931,14550,31.0,2,0,0
1768228278622805,52931,14550,64.0,164,0,0
1768228278623569,52931,14550,24.0,168,0,0
1768228278624133,52931,14550,42.0,136,0,0
1768228278624867,52931,14550,42.0,193,0,0
1768228278625635,52931,14550,48.0,32,0,0
1768228278626597,52931,14550,40.0,241,0,0
1768228278627222,52931,14550,70.0,87,0,0
1768228278627863,52931,14550,61.0,147,0,0
1768228278628423,52931,14550,64.0,11030,0,0
1768228278823798,52931,14550,48.0,163,0,0
1768228278828683,52931,14550,44.0,178,0,0
1768228278832806,52931,14550,48.0,30,0,0
1768228278836310,52931,14550,48.0,33,0,0
1768228278839496,52931,14550,39.0,74,0,0
1768228278843715,52931,14550,51.0,1,0,0
1768228278849161,52931,14550,22.0,125,0,0
1768228278852246,52931,14550,27.0,152,0,0
1768228278854921,52931,14550,43.0,62,0,0
1768228278859148,52931,14550,25.0,42,0,0
1768228278862305,52931,14550,32.0,36,0,0
1768228278864922,52931,14550,62.0,65,0,0
1768228278867607,52931,14550,49.0,27,0,0
1768228278869950,52931,14550,44.0,116,0,0
1768228278871766,52931,14550,42.0,129,0,0
1768228278875091,52931,14550,34.0,29,0,0
1768228278878015,52931,14550,34.0,137,0,0
1768228278880780,52931,14550,60.0,24,0,0
1768228278885000,52931,14550,53.0,124,0,0
1768228278886876,52931,14550,31.0,2,0,0
1768228278890890,52931,14550,64.0,164,0,0
1768228278893878,52931,14550,24.0,168,0,0
1768228278897276,52931,14550,42.0,136,0,0
1768228278899963,52931,14550,42.0,193,0,0
1768228278902626,52931,14550,48.0,32,0,0
1768228278905056,52931,14550,40.0,241,0,0
1768228278909135,52931,14550,70.0,87,0,0
1768228278913711,52931,14550,61.0,147,0,0
1768228278917508,52931,14550,64.0,11030,0,0
1768228278987723,5760,58419,,264,1,0
1768228278989134,52931,14550,47.0,264,0,0
1768228279072565,52931,14550,48.0,163,0,0
1768228279076125,52931,14550,44.0,178,0,0
1768228279078886,52931,14550,48.0,30,0,0
1768228279082160,52931,14550,48.0,33,0,0
1768228279085105,52931,14550,39.0,74,0,0
1768228279089203,52931,14550,51.0,1,0,0
1768228279093833,52931,14550,22.0,125,0,0
1768228279097096,52931,14550,27.0,152,0,0
1768228279099027,52931,14550,43.0,62,0,0
1768228279102165,52931,14550,25.0,42,0,0
1768228279104657,52931,14550,32.0,36,0,0
1768228279106265,52931,14550,62.0,65,0,0
1768228279107878,52931,14550,49.0,27,0,0
1768228279109520,52931,14550,44.0,116,0,0
1768228279111522,52931,14550,42.0,129,0,0
1768228279113267,52931,14550,34.0,29,0,0
1768228279115015,52931,14550,34.0,137,0,0
1768228279116945,52931,14550,60.0,24,0,0
1768228279118997,52931,14550,53.0,124,0,0
1768228279121223,52931,14550,31.0,2,0,0
1768228279122719,52931,14550,64.0,164,0,0
1768228279124620,52931,14550,24.0,168,0,0
1768228279126913,52931,14550,42.0,136,0,0
1768228279128737,52931,14550,42.0,193,0,0
1768228279131195,52931,14550,48.0,32,0,0
1768228279132717,52931,14550,40.0,241,0,0
1768228279134451,52931,14550,70.0,87,0,0
1768228279136415,52931,14550,61.0,147,0,0
1768228279138016,52931,14550,64.0,11030,0,0
1768228279174164,58419,5760,,0,1,0
1768228279324257,52931,14550,48.0,163,0,0
1768228279328134,52931,14550,44.0,178,0,0
1768228279331052,52931,14550,48.0,30,0,0
1768228279334961,52931,14550,48.0,33,0,0
1768228279338431,52931,14550,39.0,74,0,0
1768228279342995,52931,14550,51.0,1,0,0
1768228279350071,52931,14550,22.0,125,0,0
1768228279352875,52931,14550,27.0,152,0,0
1768228279355739,52931,14550,43.0,62,0,0
1768228279360591,52931,14550,25.0,42,0,0
1768228279365133,52931,14550,32.0,36,0,0
1768228279366867,52931,14550,62.0,65,0,0
1768228279370714,52931,14550,49.0,27,0,0
1768228279373020,52931,14550,44.0,116,0,0
1768228279375654,52931,14550,42.0,129,0,0
1768228279378986,52931,14550,34.0,29,0,0
1768228279381827,52931,14550,34.0,137,0,0
1768228279385181,52931,14550,60.0,24,0,0
1768228279388291,52931,14550,53.0,124,0,0
1768228279391949,52931,14550,31.0,2,0,0
1768228279396095,52931,14550,64.0,164,0,0
1768228279396676,5760,58419,,0,1,0
1768228279400946,52931,14550,24.0,168,0,0
1768228279405187,52931,14550,42.0,136,0,0
1768228279407022,52931,14550,42.0,193,0,0
1768228279409436,52931,14550,48.0,32,0,0
1768228279412154,52931,14550,40.0,241,0,0
1768228279415179,52931,14550,70.0,87,0,0
1768228279417609,52931,14550,61.0,147,0,0
1768228279419704,52931,14550,64.0,11030,0,0
1768228279423635,52931,14550,29.0,0,0,0
1768228279489504,5760,58419,,264,1,0
1768228279490701,52931,14550,47.0,264,0,0
1768228279580728,52931,14550,48.0,163,0,0
1768228279583608,52931,14550,44.0,178,0,0
1768228279587998,52931,14550,48.0,30,0,0
1768228279590896,52931,14550,48.0,33,0,0
1768228279594150,52931,14550,39.0,74,0,0
1768228279599588,52931,14550,51.0,1,0,0
1768228279603176,52931,14550,22.0,125,0,0
1768228279606314,52931,14550,27.0,152,0,0
1768228279608592,52931,14550,43.0,62,0,0
1768228279612788,52931,14550,25.0,42,0,0
1768228279616549,52931,14550,32.0,36,0,0
1768228279618810,52931,14550,62.0,65,0,0
1768228279620412,52931,14550,49.0,27,0,0
1768228279622334,52931,14550,44.0,116,0,0
1768228279624468,52931,14550,42.0,129,0,0
1768228279626913,52931,14550,34.0,29,0,0
1768228279629037,52931,14550,34.0,137,0,0
1768228279630925,52931,14550,60.0,24,0,0
1768228279633598,52931,14550,53.0,124,0,0
1768228279636129,52931,14550,31.0,2,0,0
1768228279638232,52931,14550,64.0,164,0,0
1768228279640101,52931,14550,24.0,168,0,0
1768228279642243,52931,14550,42.0,136,0,0
1768228279644174,52931,14550,42.0,193,0,0
1768228279646158,52931,14550,48.0,32,0,0
1768228279647741,52931,14550,40.0,241,0,0
1768228279649046,52931,14550,70.0,87,0,0
1768228279651167,52931,14550,61.0,147,0,0
1768228279653491,52931,14550,64.0,11030,0,0
1768228279832467,52931,14550,48.0,163,0,0
1768228279835958,52931,14550,44.0,178,0,0
1768228279837494,52931,14550,48.0,30,0,0
1768228279840341,52931,14550,48.0,33,0,0
1768228279842187,52931,14550,39.0,74,0,0
1768228279848825,52931,14550,51.0,1,0,0
1768228279856969,52931,14550,22.0,125,0,0
1768228279861421,52931,14550,27.0,152,0,0
1768228279863109,52931,14550,43.0,62,0,0
1768228279867199,52931,14550,25.0,42,0,0
1768228279871091,52931,14550,32.0,36,0,0
1768228279873693,52931,14550,62.0,65,0,0
1768228279876305,52931,14550,49.0,27,0,0
1768228279880398,52931,14550,44.0,116,0,0
1768228279882946,52931,14550,42.0,129,0,0
1768228279885589,52931,14550,34.0,29,0,0
1768228279887823,52931,14550,34.0,137,0,0
1768228279889276,52931,14550,60.0,24,0,0
1768228279893633,52931,14550,53.0,124,0,0
1768228279896490,52931,14550,31.0,2,0,0
1768228279899627,52931,14550,64.0,164,0,0
1768228279901824,52931,14550,24.0,168,0,0
1768228279904043,52931,14550,42.0,136,0,0
1768228279905988,52931,14550,42.0,193,0,0
1768228279908807,52931,14550,48.0,32,0,0
1768228279910616,52931,14550,40.0,241,0,0
1768228279912377,52931,14550,70.0,87,0,0
1768228279914997,52931,14550,61.0,147,0,0
1768228279917587,52931,14550,64.0,11030,0,0
1768228279993077,5760,58419,,264,1,0
1768228279994204,52931,14550,47.0,264,0,0
1768228280083972,52931,14550,48.0,163,0,0
1768228280086726,52931,14550,44.0,178,0,0
1768228280089426,52931,14550,48.0,30,0,0
1768228280092559,52931,14550,48.0,33,0,0
1768228280094882,52931,14550,39.0,74,0,0
1768228280099047,52931,14550,51.0,1,0,0
1768228280103479,52931,14550,22.0,125,0,0
1768228280105290,52931,14550,27.0,152,0,0
1768228280106908,52931,14550,43.0,62,0,0
1768228280109788,52931,14550,25.0,42,0,0
1768228280113086,52931,14550,32.0,36,0,0
1768228280114919,52931,14550,62.0,65,0,0
1768228280117376,52931,14550,49.0,27,0,0
1768228280119545,52931,14550,44.0,116,0,0
1768228280121310,52931,14550,42.0,129,0,0
1768228280122956,52931,14550,34.0,29,0,0
1768228280124867,52931,14550,34.0,137,0,0
1768228280126942,52931,14550,60.0,24,0,0
1768228280130482,52931,14550,53.0,124,0,0
1768228280132795,52931,14550,31.0,2,0,0
1768228280133945,52931,14550,64.0,164,0,0
1768228280135172,52931,14550,24.0,168,0,0
1768228280137005,52931,14550,42.0,136,0,0
1768228280138218,52931,14550,42.0,193,0,0
1768228280139507,52931,14550,48.0,32,0,0
1768228280140579,52931,14550,40.0,241,0,0
1768228280141642,52931,14550,70.0,87,0,0
1768228280142705,52931,14550,61.0,147,0,0
1768228280143923,52931,14550,64.0,11030,0,0
1768228280177920,58419,5760,,0,1,0
1768228280331671,52931,14550,48.0,163,0,0
1768228280333778,52931,14550,44.0,178,0,0
1768228280336182,52931,14550,48.0,30,0,0
1768228280338778,52931,14550,48.0,33,0,0
1768228280341081,52931,14550,39.0,74,0,0
1768228280346596,52931,14550,51.0,1,0,0
1768228280354940,52931,14550,22.0,125,0,0
1768228280357171,52931,14550,27.0,152,0,0
1768228280360078,52931,14550,43.0,62,0,0
1768228280363852,52931,14550,25.0,42,0,0
1768228280367097,52931,14550,32.0,36,0,0
1768228280368771,52931,14550,62.0,65,0,0
1768228280370684,52931,14550,49.0,27,0,0
1768228280373386,52931,14550,44.0,116,0,0
1768228280375702,52931,14550,42.0,129,0,0
1768228280377454,52931,14550,34.0,29,0,0
1768228280381882,52931,14550,34.0,137,0,0
1768228280383573,52931,14550,60.0,24,0,0
1768228280387571,52931,14550,53.0,124,0,0
1768228280390260,52931,14550,31.0,2,0,0
1768228280393220,52931,14550,64.0,164,0,0
1768228280398362,52931,14550,24.0,168,0,0
1768228280402053,52931,14550,42.0,136,0,0
1768228280404097,52931,14550,42.0,193,0,0
1768228280407258,5760,58419,,0,1,0
1768228280407817,52931,14550,48.0,32,0,0
1768228280411455,52931,14550,40.0,241,0,0
1768228280414314,52931,14550,70.0,87,0,0
1768228280416859,52931,14550,61.0,147,0,0
1768228280424417,52931,14550,64.0,11030,0,0
1768228280430167,52931,14550,29.0,0,0,0
1768228280501478,5760,58419,,264,1,0
1768228280502259,52931,14550,47.0,264,0,0
1768228280583438,52931,14550,48.0,163,0,0
1768228280585659,52931,14550,44.0,178,0,0
1768228280586753,52931,14550,48.0,30,0,0
1768228280589134,52931,14550,48.0,33,0,0
1768228280590236,52931,14550,39.0,74,0,0
1768228280592614,52931,14550,51.0,1,0,0
1768228280594486,52931,14550,22.0,125,0,0
1768228280595919,52931,14550,27.0,152,0,0
1768228280597144,52931,14550,43.0,62,0,0
1768228280598924,52931,14550,25.0,42,0,0
1768228280601086,52931,14550,32.0,36,0,0
1768228280602650,52931,14550,62.0,65,0,0
1768228280604825,52931,14550,49.0,27,0,0
1768228280606148,52931,14550,44.0,116,0,0
1768228280607545,52931,14550,42.0,129,0,0
1768228280608684,52931,14550,34.0,29,0,0
1768228280609804,52931,14550,34.0,137,0,0
1768228280611020,52931,14550,60.0,24,0,0
1768228280612786,52931,14550,53.0,124,0,0
1768228280614615,52931,14550,31.0,2,0,0
1768228280615651,52931,14550,64.0,164,0,0
1768228280616779,52931,14550,24.0,168,0,0
1768228280618186,52931,14550,42.0,136,0,0
1768228280619380,52931,14550,42.0,193,0,0
1768228280620607,52931,14550,48.0,32,0,0
1768228280621698,52931,14550,40.0,241,0,0
1768228280622695,52931,14550,70.0,87,0,0
1768228280623873,52931,14550,61.0,147,0,0
1768228280625737,52931,14550,64.0,11030,0,0
1768228280834459,52931,14550,48.0,163,0,0
1768228280836429,52931,14550,44.0,178,0,0
1768228280839869,52931,14550,48.0,30,0,0
1768228280843194,52931,14550,48.0,33,0,0
1768228280846046,52931,14550,39.0,74,0,0
1768228280854280,52931,14550,51.0,1,0,0
1768228280860446,52931,14550,22.0,125,0,0
1768228280863325,52931,14550,27.0,152,0,0
1768228280866881,52931,14550,43.0,62,0,0
1768228280872501,52931,14550,25.0,42,0,0
1768228280875145,52931,14550,32.0,36,0,0
1768228280877018,52931,14550,62.0,65,0,0
1768228280879811,52931,14550,49.0,27,0,0
1768228280882275,52931,14550,44.0,116,0,0
1768228280885197,52931,14550,42.0,129,0,0
1768228280887428,52931,14550,34.0,29,0,0
1768228280890576,52931,14550,34.0,137,0,0
1768228280895689,52931,14550,60.0,24,0,0
1768228280902363,52931,14550,53.0,124,0,0
1768228280906092,52931,14550,31.0,2,0,0
1768228280908223,52931,14550,64.0,164,0,0
1768228280910722,52931,14550,24.0,168,0,0
1768228280914300,52931,14550,42.0,136,0,0
1768228280917414,52931,14550,42.0,193,0,0
1768228280920374,52931,14550,48.0,32,0,0
1768228280922871,52931,14550,40.0,241,0,0
1768228280925087,52931,14550,70.0,87,0,0
1768228280927330,52931,14550,61.0,147,0,0
1768228280929602,52931,14550,64.0,11030,0,0
1768228281000133,5760,58419,,264,1,0
1768228281002930,52931,14550,47.0,264,0,0
1768228281086283,52931,14550,48.0,163,0,0
1768228281091184,52931,14550,44.0,178,0,0
1768228281092815,52931,14550,48.0,30,0,0
1768228281096041,52931,14550,48.0,33,0,0
1768228281098412,52931,14550,39.0,74,0,0
1768228281102423,52931,14550,51.0,1,0,0
1768228281105576,52931,14550,22.0,125,0,0
1768228281107388,52931,14550,27.0,152,0,0
1768228281109676,52931,14550,43.0,62,0,0
1768228281111941,52931,14550,25.0,42,0,0
1768228281114643,52931,14550,32.0,36,0,0
1768228281116334,52931,14550,62.0,65,0,0
1768228281118702,52931,14550,49.0,27,0,0
1768228281120472,52931,14550,44.0,116,0,0
1768228281121972,52931,14550,42.0,129,0,0
1768228281123447,52931,14550,34.0,29,0,0
1768228281125175,52931,14550,34.0,137,0,0
1768228281127261,52931,14550,60.0,24,0,0
1768228281130240,52931,14550,53.0,124,0,0
1768228281132729,52931,14550,31.0,2,0,0
1768228281134548,52931,14550,64.0,164,0,0
1768228281136447,52931,14550,24.0,168,0,0
1768228281138446,52931,14550,42.0,136,0,0
1768228281140260,52931,14550,42.0,193,0,0
1768228281142542,52931,14550,48.0,32,0,0
1768228281144524,52931,14550,40.0,241,0,0
1768228281146855,52931,14550,70.0,87,0,0
1768228281148565,52931,14550,61.0,147,0,0
1768228281151249,52931,14550,64.0,11030,0,0
1768228281188384,58419,5760,,0,1,0
1768228281340067,52931,14550,48.0,163,0,0
1768228281342231,52931,14550,44.0,178,0,0
1768228281345730,52931,14550,48.0,30,0,0
1768228281348838,52931,14550,48.0,33,0,0
1768228281350480,52931,14550,39.0,74,0,0
1768228281354728,52931,14550,51.0,1,0,0
1768228281359721,52931,14550,22.0,125,0,0
1768228281363098,52931,14550,27.0,152,0,0
1768228281364555,52931,14550,43.0,62,0,0
1768228281369313,52931,14550,25.0,42,0,0
1768228281373259,52931,14550,32.0,36,0,0
1768228281376068,52931,14550,62.0,65,0,0
1768228281378612,52931,14550,49.0,27,0,0
1768228281380644,52931,14550,44.0,116,0,0
1768228281383299,52931,14550,42.0,129,0,0
1768228281384574,52931,14550,34.0,29,0,0
1768228281385760,52931,14550,34.0,137,0,0
1768228281388946,52931,14550,60.0,24,0,0
1768228281392106,52931,14550,53.0,124,0,0
1768228281393977,52931,14550,31.0,2,0,0
1768228281395314,52931,14550,64.0,164,0,0
1768228281397719,52931,14550,24.0,168,0,0
1768228281400133,52931,14550,42.0,136,0,0
1768228281401690,52931,14550,42.0,193,0,0
1768228281403593,52931,14550,48.0,32,0,0
1768228281406853,52931,14550,40.0,241,0,0
1768228281409585,52931,14550,70.0,87,0,0
1768228281412605,52931,14550,61.0,147,0,0
1768228281412834,5760,58419,,0,1,0
1768228281415466,52931,14550,64.0,11030,0,0
1768228281419961,52931,14550,29.0,0,0,0
1768228281503582,5760,58419,,264,1,0
1768228281504680,52931,14550,47.0,264,0,0
1768228281590166,52931,14550,48.0,163,0,0
1768228281593170,52931,14550,44.0,178,0,0
1768228281594599,52931,14550,48.0,30,0,0
1768228281596821,52931,14550,48.0,33,0,0
1768228281598377,52931,14550,39.0,74,0,0
1768228281601171,52931,14550,51.0,1,0,0
1768228281603466,52931,14550,22.0,125,0,0
1768228281604672,52931,14550,27.0,152,0,0
1768228281605933,52931,14550,43.0,62,0,0
1768228281607825,52931,14550,25.0,42,0,0
1768228281609594,52931,14550,32.0,36,0,0
1768228281610674,52931,14550,62.0,65,0,0
1768228281611955,52931,14550,49.0,27,0,0
1768228281613136,52931,14550,44.0,116,0,0
1768228281613998,52931,14550,42.0,129,0,0
1768228281614989,52931,14550,34.0,29,0,0
1768228281615649,52931,14550,34.0,137,0,0
1768228281616411,52931,14550,60.0,24,0,0
1768228281617764,52931,14550,53.0,124,0,0
1768228281618962,52931,14550,31.0,2,0,0
1768228281619809,52931,14550,64.0,164,0,0
1768228281620631,52931,14550,24.0,168,0,0
1768228281621593,52931,14550,42.0,136,0,0
1768228281622342,52931,14550,42.0,193,0,0
1768228281623257,52931,14550,48.0,32,0,0
1768228281624039,52931,14550,40.0,241,0,0
1768228281624776,52931,14550,70.0,87,0,0
1768228281626352,52931,14550,61.0,147,0,0
1768228281627603,52931,14550,64.0,11030,0,0
1768228281843377,52931,14550,48.0,163,0,0
1768228281846706,52931,14550,44.0,178,0,0
1768228281848729,52931,14550,48.0,30,0,0
1768228281853069,52931,14550,48.0,33,0,0
1768228281855695,52931,14550,39.0,74,0,0
1768228281862248,52931,14550,51.0,1,0,0
1768228281867709,52931,14550,22.0,125,0,0
1768228281870504,52931,14550,27.0,152,0,0
1768228281873123,52931,14550,43.0,62,0,0
1768228281879224,52931,14550,25.0,42,0,0
1768228281882256,52931,14550,32.0,36,0,0
1768228281888592,52931,14550,62.0,65,0,0
1768228281892680,52931,14550,49.0,27,0,0
1768228281895879,52931,14550,44.0,116,0,0
1768228281898334,52931,14550,42.0,129,0,0
1768228281901115,52931,14550,34.0,29,0,0
1768228281903954,52931,14550,34.0,137,0,0
1768228281906212,52931,14550,60.0,24,0,0
1768228281908881,52931,14550,53.0,124,0,0
1768228281911280,52931,14550,31.0,2,0,0
1768228281913127,52931,14550,64.0,164,0,0
1768228281916931,52931,14550,24.0,168,0,0
1768228281919681,52931,14550,42.0,136,0,0
1768228281921929,52931,14550,42.0,193,0,0
1768228281924499,52931,14550,48.0,32,0,0
1768228281929069,52931,14550,40.0,241,0,0
1768228281931405,52931,14550,70.0,87,0,0
1768228281934885,52931,14550,61.0,147,0,0
1768228281938434,52931,14550,64.0,11030,0,0
1768228282006397,5760,58419,,264,1,0
1768228282007728,52931,14550,47.0,264,0,0
1768228282093233,52931,14550,48.0,163,0,0
1768228282096142,52931,14550,44.0,178,0,0
1768228282100673,52931,14550,48.0,30,0,0
1768228282102738,52931,14550,48.0,33,0,0
1768228282104539,52931,14550,39.0,74,0,0
1768228282108338,52931,14550,51.0,1,0,0
1768228282111908,52931,14550,22.0,125,0,0
1768228282114355,52931,14550,27.0,152,0,0
1768228282116243,52931,14550,43.0,62,0,0
1768228282119465,52931,14550,25.0,42,0,0
1768228282122314,52931,14550,32.0,36,0,0
1768228282124526,52931,14550,62.0,65,0,0
1768228282126709,52931,14550,49.0,27,0,0
1768228282128750,52931,14550,44.0,116,0,0
1768228282130733,52931,14550,42.0,129,0,0
1768228282133067,52931,14550,34.0,29,0,0
1768228282135100,52931,14550,34.0,137,0,0
1768228282137080,52931,14550,60.0,24,0,0
1768228282139759,52931,14550,53.0,124,0,0
1768228282142430,52931,14550,31.0,2,0,0
1768228282144074,52931,14550,64.0,164,0,0
1768228282145552,52931,14550,24.0,168,0,0
1768228282148037,52931,14550,42.0,136,0,0
1768228282149706,52931,14550,42.0,193,0,0
1768228282151666,52931,14550,48.0,32,0,0
1768228282153192,52931,14550,40.0,241,0,0
1768228282154741,52931,14550,70.0,87,0,0
1768228282156490,52931,14550,61.0,147,0,0
1768228282158880,52931,14550,64.0,11030,0,0
1768228282195365,58419,5760,,0,1,0
1768228282343983,52931,14550,48.0,163,0,0
1768228282347356,52931,14550,44.0,178,0,0
1768228282348967,52931,14550,48.0,30,0,0
1768228282352617,52931,14550,48.0,33,0,0
1768228282355519,52931,14550,39.0,74,0,0
1768228282359523,52931,14550,51.0,1,0,0
1768228282365273,52931,14550,22.0,125,0,0
1768228282367423,52931,14550,27.0,152,0,0
1768228282371477,52931,14550,43.0,62,0,0
1768228282378918,52931,14550,25.0,42,0,0
1768228282382823,52931,14550,32.0,36,0,0
1768228282384745,52931,14550,62.0,65,0,0
1768228282386900,52931,14550,49.0,27,0,0
1768228282388133,52931,14550,44.0,116,0,0
1768228282390783,52931,14550,42.0,129,0,0
1768228282392925,52931,14550,34.0,29,0,0
1768228282394910,52931,14550,34.0,137,0,0
1768228282396782,52931,14550,60.0,24,0,0
1768228282399183,52931,14550,53.0,124,0,0
1768228282402429,52931,14550,31.0,2,0,0
1768228282405338,52931,14550,64.0,164,0,0
1768228282410964,52931,14550,24.0,168,0,0
1768228282414520,52931,14550,42.0,136,0,0
1768228282417529,52931,14550,42.0,193,0,0
1768228282418438,5760,58419,,0,1,0
1768228282422653,52931,14550,48.0,32,0,0
1768228282426361,52931,14550,40.0,241,0,0
1768228282430305,52931,14550,70.0,87,0,0
1768228282433864,52931,14550,61.0,147,0,0
1768228282435457,52931,14550,64.0,11030,0,0
1768228282447143,52931,14550,29.0,0,0,0
1768228282513239,5760,58419,,264,1,0
1768228282514436,52931,14550,47.0,264,0,0
1768228282598750,52931,14550,48.0,163,0,0
1768228282601396,52931,14550,44.0,178,0,0
1768228282604157,52931,14550,48.0,30,0,0
1768228282609362,52931,14550,48.0,33,0,0
1768228282611980,52931,14550,39.0,74,0,0
1768228282615534,52931,14550,51.0,1,0,0
1768228282619026,52931,14550,22.0,125,0,0
1768228282620927,52931,14550,27.0,152,0,0
1768228282622465,52931,14550,43.0,62,0,0
1768228282625205,52931,14550,25.0,42,0,0
1768228282628265,52931,14550,32.0,36,0,0
1768228282630156,52931,14550,62.0,65,0,0
1768228282632135,52931,14550,49.0,27,0,0
1768228282633851,52931,14550,44.0,116,0,0
1768228282635681,52931,14550,42.0,129,0,0
1768228282637785,52931,14550,34.0,29,0,0
1768228282639250,52931,14550,34.0,137,0,0
1768228282640598,52931,14550,60.0,24,0,0
1768228282642896,52931,14550,53.0,124,0,0
1768228282645183,52931,14550,31.0,2,0,0
1768228282646958,52931,14550,64.0,164,0,0
1768228282648294,52931,14550,24.0,168,0,0
1768228282649791,52931,14550,42.0,136,0,0
1768228282650905,52931,14550,42.0,193,0,0
1768228282652713,52931,14550,48.0,32,0,0
1768228282654270,52931,14550,40.0,241,0,0
1768228282655525,52931,14550,70.0,87,0,0
1768228282657008,52931,14550,61.0,147,0,0
1768228282658775,52931,14550,64.0,11030,0,0
1768228282847838,52931,14550,48.0,163,0,0
1768228282850002,52931,14550,44.0,178,0,0
1768228282850824,52931,14550,48.0,30,0,0
1768228282853274,52931,14550,48.0,33,0,0
1768228282854239,52931,14550,39.0,74,0,0
1768228282857342,52931,14550,51.0,1,0,0
1768228282862726,52931,14550,22.0,125,0,0
1768228282865095,52931,14550,27.0,152,0,0
1768228282866585,52931,14550,43.0,62,0,0
1768228282868451,52931,14550,25.0,42,0,0
1768228282871118,52931,14550,32.0,36,0,0
1768228282872802,52931,14550,62.0,65,0,0
1768228282874183,52931,14550,49.0,27,0,0
1768228282875279,52931,14550,44.0,116,0,0
1768228282876417,52931,14550,42.0,129,0,0
1768228282877956,52931,14550,34.0,29,0,0
1768228282879390,52931,14550,34.0,137,0,0
1768228282880479,52931,14550,60.0,24,0,0
1768228282882063,52931,14550,53.0,124,0,0
1768228282883690,52931,14550,31.0,2,0,0
1768228282885479,52931,14550,64.0,164,0,0
1768228282887816,52931,14550,24.0,168,0,0
1768228282888886,52931,14550,42.0,136,0,0
1768228282890534,52931,14550,42.0,193,0,0
1768228282891972,52931,14550,48.0,32,0,0
1768228282892861,52931,14550,40.0,241,0,0
1768228282894176,52931,14550,70.0,87,0,0
1768228282896035,52931,14550,61.0,147,0,0
1768228282898443,52931,14550,64.0,11030,0,0
1768228283014707,5760,58419,,264,1,0
1768228283016004,52931,14550,47.0,264,0,0
1768228283097859,52931,14550,48.0,163,0,0
1768228283100228,52931,14550,44.0,178,0,0
1768228283101791,52931,14550,48.0,30,0,0
1768228283104721,52931,14550,48.0,33,0,0
1768228283106585,52931,14550,39.0,74,0,0
1768228283113304,52931,14550,51.0,1,0,0
1768228283117653,52931,14550,22.0,125,0,0
1768228283120540,52931,14550,27.0,152,0,0
1768228283122162,52931,14550,43.0,62,0,0
1768228283125808,52931,14550,25.0,42,0,0
1768228283128839,52931,14550,32.0,36,0,0
1768228283130737,52931,14550,62.0,65,0,0
1768228283132860,52931,14550,49.0,27,0,0
1768228283134435,52931,14550,44.0,116,0,0
1768228283136126,52931,14550,42.0,129,0,0
1768228283137744,52931,14550,34.0,29,0,0
1768228283139275,52931,14550,34.0,137,0,0
1768228283141128,52931,14550,60.0,24,0,0
1768228283143814,52931,14550,53.0,124,0,0
1768228283146199,52931,14550,31.0,2,0,0
1768228283147981,52931,14550,64.0,164,0,0
1768228283149490,52931,14550,24.0,168,0,0
1768228283151367,52931,14550,42.0,136,0,0
1768228283152908,52931,14550,42.0,193,0,0
1768228283154854,52931,14550,48.0,32,0,0
1768228283156382,52931,14550,40.0,241,0,0
1768228283158758,52931,14550,70.0,87,0,0
1768228283161082,52931,14550,61.0,147,0,0
1768228283163511,52931,14550,64.0,11030,0,0
1768228283200453,58419,5760,,0,1,0
1768228283354005,52931,14550,48.0,163,0,0
1768228283356864,52931,14550,44.0,178,0,0
1768228283358538,52931,14550,48.0,30,0,0
1768228283363084,52931,14550,48.0,33,0,0
1768228283365795,52931,14550,39.0,74,0,0
1768228283375218,52931,14550,51.0,1,0,0
1768228283381205,52931,14550,22.0,125,0,0
1768228283383633,52931,14550,27.0,152,0,0
1768228283385249,52931,14550,43.0,62,0,0
1768228283390468,52931,14550,25.0,42,0,0
1768228283397178,52931,14550,32.0,36,0,0
1768228283399293,52931,14550,62.0,65,0,0
1768228283402610,52931,14550,49.0,27,0,0
1768228283405572,52931,14550,44.0,116,0,0
1768228283408920,52931,14550,42.0,129,0,0
1768228283412334,52931,14550,34.0,29,0,0
1768228283414559,52931,14550,34.0,137,0,0
1768228283420116,52931,14550,60.0,24,0,0
1768228283423385,52931,14550,53.0,124,0,0
1768228283423610,5760,58419,,0,1,0
1768228283427990,52931,14550,31.0,2,0,0
1768228283430301,52931,14550,64.0,164,0,0
1768228283433706,52931,14550,24.0,168,0,0
1768228283436464,52931,14550,42.0,136,0,0
1768228283438796,52931,14550,42.0,193,0,0
1768228283440974,52931,14550,48.0,32,0,0
1768228283444395,52931,14550,40.0,241,0,0
1768228283446490,52931,14550,70.0,87,0,0
1768228283449598,52931,14550,61.0,147,0,0
1768228283452760,52931,14550,64.0,11030,0,0
1768228283459780,52931,14550,29.0,0,0,0
1768228283519079,5760,58419,,264,1,0
1768228283520429,52931,14550,47.0,264,0,0
1768228283601032,52931,14550,48.0,163,0,0
1768228283603532,52931,14550,44.0,178,0,0
1768228283605247,52931,14550,48.0,30,0,0
1768228283608833,52931,14550,48.0,33,0,0
1768228283610441,52931,14550,39.0,74,0,0
1768228283614168,52931,14550,51.0,1,0,0
1768228283618686,52931,14550,22.0,125,0,0
1768228283621216,52931,14550,27.0,152,0,0
1768228283622957,52931,14550,43.0,62,0,0
1768228283626442,52931,14550,25.0,42,0,0
1768228283628841,52931,14550,32.0,36,0,0
1768228283630966,52931,14550,62.0,65,0,0
1768228283633333,52931,14550,49.0,27,0,0
1768228283635626,52931,14550,44.0,116,0,0
1768228283637674,52931,14550,42.0,129,0,0
1768228283639870,52931,14550,34.0,29,0,0
1768228283641502,52931,14550,34.0,137,0,0
1768228283643559,52931,14550,60.0,24,0,0
1768228283646409,52931,14550,53.0,124,0,0
1768228283650166,52931,14550,31.0,2,0,0
1768228283652729,52931,14550,64.0,164,0,0
1768228283656746,52931,14550,24.0,168,0,0
1768228283660281,52931,14550,42.0,136,0,0
1768228283663637,52931,14550,42.0,193,0,0
1768228283667039,52931,14550,48.0,32,0,0
1768228283669629,52931,14550,40.0,241,0,0
1768228283671998,52931,14550,70.0,87,0,0
1768228283674445,52931,14550,61.0,147,0,0
1768228283677998,52931,14550,64.0,11030,0,0
1768228283852696,52931,14550,48.0,163,0,0
1768228283856311,52931,14550,44.0,178,0,0
1768228283859658,52931,14550,48.0,30,0,0
1768228283864504,52931,14550,48.0,33,0,0
1768228283867435,52931,14550,39.0,74,0,0
1768228283871292,52931,14550,51.0,1,0,0
1768228283880053,52931,14550,22.0,125,0,0
1768228283883147,52931,14550,27.0,152,0,0
1768228283886146,52931,14550,43.0,62,0,0
1768228283891421,52931,14550,25.0,42,0,0
1768228283894503,52931,14550,32.0,36,0,0
1768228283897716,52931,14550,62.0,65,0,0
1768228283899942,52931,14550,49.0,27,0,0
1768228283902848,52931,14550,44.0,116,0,0
1768228283906610,52931,14550,42.0,129,0,0
1768228283911267,52931,14550,34.0,29,0,0
1768228283915087,52931,14550,34.0,137,0,0
1768228283917865,52931,14550,60.0,24,0,0
1768228283920268,52931,14550,53.0,124,0,0
1768228283923760,52931,14550,31.0,2,0,0
1768228283926651,52931,14550,64.0,164,0,0
1768228283928604,52931,14550,24.0,168,0,0
1768228283932316,52931,14550,42.0,136,0,0
1768228283936485,52931,14550,42.0,193,0,0
1768228283939819,52931,14550,48.0,32,0,0
1768228283941869,52931,14550,40.0,241,0,0
1768228283944231,52931,14550,70.0,87,0,0
1768228283947074,52931,14550,61.0,147,0,0
1768228283951014,52931,14550,64.0,11030,0,0
1768228284021643,5760,58419,,264,1,0
1768228284022963,52931,14550,47.0,264,0,0
1768228284108140,52931,14550,48.0,163,0,0
1768228284111798,52931,14550,44.0,178,0,0
1768228284115054,52931,14550,48.0,30,0,0
1768228284118000,52931,14550,48.0,33,0,0
1768228284119646,52931,14550,39.0,74,0,0
1768228284122976,52931,14550,51.0,1,0,0
1768228284126147,52931,14550,22.0,125,0,0
1768228284129154,52931,14550,27.0,152,0,0
1768228284130931,52931,14550,43.0,62,0,0
1768228284133329,52931,14550,25.0,42,0,0
1768228284135918,52931,14550,32.0,36,0,0
1768228284137485,52931,14550,62.0,65,0,0
1768228284139253,52931,14550,49.0,27,0,0
1768228284140839,52931,14550,44.0,116,0,0
1768228284142712,52931,14550,42.0,129,0,0
1768228284144428,52931,14550,34.0,29,0,0
1768228284146273,52931,14550,34.0,137,0,0
1768228284147914,52931,14550,60.0,24,0,0
1768228284150406,52931,14550,53.0,124,0,0
1768228284152514,52931,14550,31.0,2,0,0
1768228284154422,52931,14550,64.0,164,0,0
1768228284156755,52931,14550,24.0,168,0,0
1768228284159037,52931,14550,42.0,136,0,0
1768228284160990,52931,14550,42.0,193,0,0
1768228284162674,52931,14550,48.0,32,0,0
1768228284164192,52931,14550,40.0,241,0,0
1768228284166022,52931,14550,70.0,87,0,0
1768228284168581,52931,14550,61.0,147,0,0
1768228284170866,52931,14550,64.0,11030,0,0
1768228284208320,58419,5760,,0,1,0
1768228284358830,52931,14550,48.0,163,0,0
1768228284362966,52931,14550,44.0,178,0,0
1768228284364720,52931,14550,48.0,30,0,0
1768228284368680,52931,14550,48.0,33,0,0
1768228284370457,52931,14550,39.0,74,0,0
1768228284376439,52931,14550,51.0,1,0,0
1768228284381749,52931,14550,22.0,125,0,0
1768228284384840,52931,14550,27.0,152,0,0
1768228284386384,52931,14550,43.0,62,0,0
1768228284393782,52931,14550,25.0,42,0,0
1768228284397243,52931,14550,32.0,36,0,0
1768228284399335,52931,14550,62.0,65,0,0
1768228284402755,52931,14550,49.0,27,0,0
1768228284405946,52931,14550,44.0,116,0,0
1768228284410176,52931,14550,42.0,129,0,0
1768228284414807,52931,14550,34.0,29,0,0
1768228284418464,52931,14550,34.0,137,0,0
1768228284420970,52931,14550,60.0,24,0,0
1768228284425182,52931,14550,53.0,124,0,0
1768228284427874,52931,14550,31.0,2,0,0
1768228284429200,5760,58419,,0,1,0
1768228284432958,52931,14550,64.0,164,0,0
1768228284436771,52931,14550,24.0,168,0,0
1768228284439879,52931,14550,42.0,136,0,0
1768228284446186,52931,14550,42.0,193,0,0
1768228284449215,52931,14550,48.0,32,0,0
1768228284451361,52931,14550,40.0,241,0,0
1768228284453746,52931,14550,70.0,87,0,0
1768228284458527,52931,14550,61.0,147,0,0
1768228284463501,52931,14550,64.0,11030,0,0
1768228284468010,52931,14550,29.0,0,0,0
1768228284497783,5760,58419,,111,1,0
1768228284498992,52931,14550,33.0,111,0,0
1768228284524069,5760,58419,,264,1,0
1768228284525638,52931,14550,47.0,264,0,0
1768228284609904,52931,14550,48.0,163,0,0
1768228284612294,52931,14550,44.0,178,0,0
1768228284614974,52931,14550,48.0,30,0,0
1768228284619234,52931,14550,48.0,33,0,0
1768228284622107,52931,14550,39.0,74,0,0
1768228284628751,52931,14550,51.0,1,0,0
1768228284634570,52931,14550,22.0,125,0,0
1768228284637346,52931,14550,27.0,152,0,0
1768228284639396,52931,14550,43.0,62,0,0
1768228284642867,52931,14550,25.0,42,0,0
1768228284646205,52931,14550,32.0,36,0,0
1768228284649081,52931,14550,62.0,65,0,0
1768228284651645,52931,14550,49.0,27,0,0
1768228284653801,52931,14550,44.0,116,0,0
1768228284656179,52931,14550,42.0,129,0,0
1768228284658357,52931,14550,34.0,29,0,0
1768228284662146,52931,14550,34.0,137,0,0
1768228284664833,52931,14550,60.0,24,0,0
1768228284668182,52931,14550,53.0,124,0,0
1768228284671429,52931,14550,31.0,2,0,0
1768228284673394,52931,14550,64.0,164,0,0
1768228284675076,52931,14550,24.0,168,0,0
1768228284676879,52931,14550,42.0,136,0,0
1768228284678601,52931,14550,42.0,193,0,0
1768228284681080,52931,14550,48.0,32,0,0
1768228284683248,52931,14550,40.0,241,0,0
1768228284685392,52931,14550,70.0,87,0,0
1768228284687524,52931,14550,61.0,147,0,0
1768228284690294,52931,14550,64.0,11030,0,0
1768228284856196,52931,14550,45.0,22,0,0
1768228284861124,52931,14550,45.0,22,0,0
1768228284863917,52931,14550,45.0,22,0,0
1768228284869791,52931,14550,48.0,163,0,0
1768228284872649,52931,14550,44.0,178,0,0
1768228284876666,52931,14550,48.0,30,0,0
1768228284881984,52931,14550,48.0,33,0,0
1768228284885490,52931,14550,39.0,74,0,0
1768228284893211,52931,14550,51.0,1,0,0
1768228284899256,52931,14550,22.0,125,0,0
1768228284902436,52931,14550,27.0,152,0,0
1768228284905068,52931,14550,43.0,62,0,0
1768228284910712,52931,14550,25.0,42,0,0
1768228284915721,52931,14550,32.0,36,0,0
1768228284918545,52931,14550,62.0,65,0,0
1768228284922245,52931,14550,49.0,27,0,0
1768228284925063,52931,14550,44.0,116,0,0
1768228284928627,52931,14550,42.0,129,0,0
1768228284930609,52931,14550,34.0,29,0,0
1768228284933089,52931,14550,34.0,137,0,0
1768228284934692,52931,14550,60.0,24,0,0
1768228284939308,52931,14550,53.0,124,0,0
1768228284943985,52931,14550,31.0,2,0,0
1768228284946600,52931,14550,64.0,164,0,0
1768228284948712,52931,14550,24.0,168,0,0
1768228284951501,52931,14550,42.0,136,0,0
1768228284953200,52931,14550,42.0,193,0,0
1768228284955899,52931,14550,48.0,32,0,0
1768228284958360,52931,14550,40.0,241,0,0
1768228284960721,52931,14550,70.0,87,0,0
1768228284965962,52931,14550,61.0,147,0,0
1768228284968257,52931,14550,64.0,11030,0,0
1768228285030937,5760,58419,,264,1,0
1768228285032272,52931,14550,47.0,264,0,0
1768228285118671,52931,14550,48.0,163,0,0
1768228285123158,52931,14550,44.0,178,0,0
1768228285125361,52931,14550,48.0,30,0,0
1768228285128854,52931,14550,48.0,33,0,0
1768228285131293,52931,14550,39.0,74,0,0
1768228285135507,52931,14550,51.0,1,0,0
1768228285138691,52931,14550,22.0,125,0,0
1768228285140907,52931,14550,27.0,152,0,0
1768228285142906,52931,14550,43.0,62,0,0
1768228285146662,52931,14550,25.0,42,0,0
1768228285150217,52931,14550,32.0,36,0,0
1768228285152363,52931,14550,62.0,65,0,0
1768228285154801,52931,14550,49.0,27,0,0
1768228285157520,52931,14550,44.0,116,0,0
1768228285159279,52931,14550,42.0,129,0,0
1768228285161323,52931,14550,34.0,29,0,0
1768228285163676,52931,14550,34.0,137,0,0
1768228285165799,52931,14550,60.0,24,0,0
1768228285168604,52931,14550,53.0,124,0,0
1768228285171222,52931,14550,31.0,2,0,0
1768228285173894,52931,14550,64.0,164,0,0
1768228285176063,52931,14550,24.0,168,0,0
1768228285178356,52931,14550,42.0,136,0,0
1768228285180528,52931,14550,42.0,193,0,0
1768228285182870,52931,14550,48.0,32,0,0
1768228285185626,52931,14550,40.0,241,0,0
1768228285188023,52931,14550,70.0,87,0,0
1768228285190604,52931,14550,61.0,147,0,0
1768228285193025,52931,14550,64.0,11030,0,0
1768228285218491,58419,5760,,0,1,0
1768228285366922,52931,14550,48.0,163,0,0
1768228285370111,52931,14550,44.0,178,0,0
1768228285374396,52931,14550,48.0,30,0,0
1768228285378188,52931,14550,48.0,33,0,0
1768228285383238,52931,14550,39.0,74,0,0
1768228285386858,52931,14550,51.0,1,0,0
1768228285392950,52931,14550,22.0,125,0,0
1768228285398653,52931,14550,27.0,152,0,0
1768228285401569,52931,14550,43.0,62,0,0
1768228285406619,52931,14550,25.0,42,0,0
1768228285410726,52931,14550,32.0,36,0,0
1768228285413623,52931,14550,62.0,65,0,0
1768228285416109,52931,14550,49.0,27,0,0
1768228285418248,52931,14550,44.0,116,0,0
1768228285422011,52931,14550,42.0,129,0,0
1768228285424964,52931,14550,34.0,29,0,0
1768228285426875,52931,14550,34.0,137,0,0
1768228285429625,52931,14550,60.0,24,0,0
1768228285433337,52931,14550,53.0,124,0,0
1768228285437903,5760,58419,,0,1,0
1768228285439626,52931,14550,31.0,2,0,0
1768228285442087,52931,14550,64.0,164,0,0
1768228285444134,52931,14550,24.0,168,0,0
1768228285449223,52931,14550,42.0,136,0,0
1768228285453550,52931,14550,42.0,193,0,0
1768228285456745,52931,14550,48.0,32,0,0
1768228285461858,52931,14550,40.0,241,0,0
1768228285465892,52931,14550,70.0,87,0,0
1768228285468959,52931,14550,61.0,147,0,0
1768228285472235,52931,14550,64.0,11030,0,0
1768228285477497,52931,14550,29.0,0,0,0
1768228285530843,5760,58419,,264,1,0
1768228285532027,52931,14550,47.0,264,0,0
1768228285617901,52931,14550,48.0,163,0,0
1768228285621264,52931,14550,44.0,178,0,0
1768228285624990,52931,14550,48.0,30,0,0
1768228285628544,52931,14550,48.0,33,0,0
1768228285631395,52931,14550,39.0,74,0,0
1768228285638524,52931,14550,51.0,1,0,0
1768228285643186,52931,14550,22.0,125,0,0
1768228285646642,52931,14550,27.0,152,0,0
1768228285649349,52931,14550,43.0,62,0,0
1768228285652308,52931,14550,25.0,42,0,0
1768228285656554,52931,14550,32.0,36,0,0
1768228285658801,52931,14550,62.0,65,0,0
1768228285662046,52931,14550,49.0,27,0,0
1768228285664560,52931,14550,44.0,116,0,0
1768228285667033,52931,14550,42.0,129,0,0
1768228285669092,52931,14550,34.0,29,0,0
1768228285671106,52931,14550,34.0,137,0,0
1768228285673119,52931,14550,60.0,24,0,0
1768228285676604,52931,14550,53.0,124,0,0
1768228285679689,52931,14550,31.0,2,0,0
1768228285681743,52931,14550,64.0,164,0,0
1768228285684028,52931,14550,24.0,168,0,0
1768228285686409,52931,14550,42.0,136,0,0
1768228285688796,52931,14550,42.0,193,0,0
1768228285692190,52931,14550,48.0,32,0,0
1768228285694151,52931,14550,40.0,241,0,0
1768228285696554,52931,14550,70.0,87,0,0
1768228285699612,52931,14550,61.0,147,0,0
1768228285702400,52931,14550,64.0,11030,0,0
1768228285871875,52931,14550,48.0,163,0,0
1768228285876209,52931,14550,44.0,178,0,0
1768228285878886,52931,14550,48.0,30,0,0
1768228285881860,52931,14550,48.0,33,0,0
1768228285886102,52931,14550,39.0,74,0,0
1768228285891049,52931,14550,51.0,1,0,0
1768228285902065,52931,14550,22.0,125,0,0
1768228285907097,52931,14550,27.0,152,0,0
1768228285909066,52931,14550,43.0,62,0,0
1768228285914470,52931,14550,25.0,42,0,0
1768228285918343,52931,14550,32.0,36,0,0
1768228285921527,52931,14550,62.0,65,0,0
1768228285923937,52931,14550,49.0,27,0,0
1768228285926090,52931,14550,44.0,116,0,0
1768228285928526,52931,14550,42.0,129,0,0
1768228285933497,52931,14550,34.0,29,0,0
1768228285937700,52931,14550,34.0,137,0,0
1768228285941405,52931,14550,60.0,24,0,0
1768228285945697,52931,14550,53.0,124,0,0
1768228285948142,52931,14550,31.0,2,0,0
1768228285950245,52931,14550,64.0,164,0,0
1768228285954570,52931,14550,24.0,168,0,0
1768228285957619,52931,14550,42.0,136,0,0
1768228285960071,52931,14550,42.0,193,0,0
1768228285962965,52931,14550,48.0,32,0,0
1768228285966227,52931,14550,40.0,241,0,0
1768228285968781,52931,14550,61.0,147,0,0
1768228285972129,52931,14550,64.0,11030,0,0
1768228286035839,5760,58419,,264,1,0
1768228286037927,52931,14550,47.0,264,0,0
1768228286119604,52931,14550,48.0,163,0,0
1768228286124814,52931,14550,44.0,178,0,0
1768228286127376,52931,14550,48.0,30,0,0
1768228286130543,52931,14550,48.0,33,0,0
1768228286132905,52931,14550,39.0,74,0,0
1768228286137284,52931,14550,51.0,1,0,0
1768228286142064,52931,14550,22.0,125,0,0
1768228286146174,52931,14550,27.0,152,0,0
1768228286149812,52931,14550,43.0,62,0,0
1768228286153230,52931,14550,25.0,42,0,0
1768228286157928,52931,14550,32.0,36,0,0
1768228286160588,52931,14550,62.0,65,0,0
1768228286163312,52931,14550,49.0,27,0,0
1768228286165681,52931,14550,44.0,116,0,0
1768228286168340,52931,14550,42.0,129,0,0
1768228286171087,52931,14550,34.0,29,0,0
1768228286173527,52931,14550,34.0,137,0,0
1768228286176113,52931,14550,60.0,24,0,0
1768228286179748,52931,14550,53.0,124,0,0
1768228286182706,52931,14550,31.0,2,0,0
1768228286184851,52931,14550,64.0,164,0,0
1768228286187061,52931,14550,24.0,168,0,0
1768228286189134,52931,14550,42.0,136,0,0
1768228286191463,52931,14550,42.0,193,0,0
1768228286194059,52931,14550,48.0,32,0,0
1768228286196476,52931,14550,40.0,241,0,0
1768228286199146,52931,14550,61.0,147,0,0
1768228286201266,52931,14550,64.0,11030,0,0
1768228286227208,58419,5760,,0,1,0
1768228286373482,52931,14550,48.0,163,0,0
1768228286376432,52931,14550,44.0,178,0,0
1768228286381100,52931,14550,48.0,30,0,0
1768228286384650,52931,14550,48.0,33,0,0
1768228286388528,52931,14550,39.0,74,0,0
1768228286397024,52931,14550,51.0,1,0,0
1768228286405004,52931,14550,22.0,125,0,0
1768228286410604,52931,14550,27.0,152,0,0
1768228286413351,52931,14550,43.0,62,0,0
1768228286420692,52931,14550,25.0,42,0,0
1768228286426963,52931,14550,32.0,36,0,0
1768228286429976,52931,14550,62.0,65,0,0
1768228286433635,52931,14550,49.0,27,0,0
1768228286435938,52931,14550,44.0,116,0,0
1768228286437631,52931,14550,42.0,129,0,0
1768228286439326,52931,14550,34.0,29,0,0
1768228286441594,52931,14550,34.0,137,0,0
1768228286443389,5760,58419,,0,1,0
1768228286443893,52931,14550,60.0,24,0,0
1768228286446435,52931,14550,53.0,124,0,0
1768228286449424,52931,14550,31.0,2,0,0
1768228286451530,52931,14550,64.0,164,0,0
1768228286453570,52931,14550,24.0,168,0,0
1768228286455987,52931,14550,42.0,136,0,0
1768228286458161,52931,14550,42.0,193,0,0
1768228286461337,52931,14550,48.0,32,0,0
1768228286464354,52931,14550,40.0,241,0,0
1768228286467082,52931,14550,61.0,147,0,0
1768228286469350,52931,14550,64.0,11030,0,0
1768228286473725,52931,14550,29.0,0,0,0
1768228286537757,5760,58419,,264,1,0
1768228286539970,52931,14550,47.0,264,0,0
1768228286626041,52931,14550,48.0,163,0,0
1768228286631128,52931,14550,44.0,178,0,0
1768228286634078,52931,14550,48.0,30,0,0
1768228286637798,52931,14550,48.0,33,0,0
1768228286641129,52931,14550,39.0,74,0,0
1768228286646872,52931,14550,51.0,1,0,0
1768228286649648,52931,14550,22.0,125,0,0
1768228286650434,52931,14550,27.0,152,0,0
1768228286650930,52931,14550,43.0,62,0,0
1768228286651804,52931,14550,25.0,42,0,0
1768228286652909,52931,14550,32.0,36,0,0
1768228286654018,52931,14550,62.0,65,0,0
1768228286655107,52931,14550,49.0,27,0,0
1768228286656137,52931,14550,44.0,116,0,0
1768228286656758,52931,14550,42.0,129,0,0
1768228286657347,52931,14550,34.0,29,0,0
1768228286658080,52931,14550,34.0,137,0,0
1768228286659150,52931,14550,60.0,24,0,0
1768228286660548,52931,14550,53.0,124,0,0
1768228286661851,52931,14550,31.0,2,0,0
1768228286663065,52931,14550,64.0,164,0,0
1768228286664108,52931,14550,24.0,168,0,0
1768228286665117,52931,14550,42.0,136,0,0
1768228286665671,52931,14550,42.0,193,0,0
1768228286666399,52931,14550,48.0,32,0,0
1768228286666964,52931,14550,40.0,241,0,0
1768228286667755,52931,14550,61.0,147,0,0
1768228286668409,52931,14550,64.0,11030,0,0
1768228286877423,52931,14550,48.0,163,0,0
1768228286883461,52931,14550,44.0,178,0,0
1768228286887218,52931,14550,48.0,30,0,0
1768228286890864,52931,14550,48.0,33,0,0
1768228286895499,52931,14550,39.0,74,0,0
1768228286901960,52931,14550,51.0,1,0,0
1768228286909908,52931,14550,22.0,125,0,0
1768228286914763,52931,14550,27.0,152,0,0
1768228286917341,52931,14550,43.0,62,0,0
1768228286921081,52931,14550,25.0,42,0,0
1768228286927453,52931,14550,32.0,36,0,0
1768228286930682,52931,14550,62.0,65,0,0
1768228286934363,52931,14550,49.0,27,0,0
1768228286936399,52931,14550,44.0,116,0,0
1768228286939820,52931,14550,42.0,129,0,0
1768228286944795,52931,14550,34.0,29,0,0
1768228286946985,52931,14550,34.0,137,0,0
1768228286949267,52931,14550,60.0,24,0,0
1768228286952396,52931,14550,53.0,124,0,0
1768228286955358,52931,14550,31.0,2,0,0
1768228286957628,52931,14550,64.0,164,0,0
1768228286959355,52931,14550,24.0,168,0,0
1768228286961709,52931,14550,42.0,136,0,0
1768228286963954,52931,14550,42.0,193,0,0
1768228286966845,52931,14550,48.0,32,0,0
1768228286968651,52931,14550,40.0,241,0,0
1768228286971029,52931,14550,61.0,147,0,0
1768228286973450,52931,14550,64.0,11030,0,0
1768228287045122,5760,58419,,264,1,0
1768228287046557,52931,14550,47.0,264,0,0
1768228287130393,52931,14550,48.0,163,0,0
1768228287133582,52931,14550,44.0,178,0,0
1768228287136622,52931,14550,48.0,30,0,0
1768228287140545,52931,14550,48.0,33,0,0
1768228287144080,52931,14550,39.0,74,0,0
1768228287147783,52931,14550,51.0,1,0,0
1768228287151079,52931,14550,22.0,125,0,0
1768228287154043,52931,14550,27.0,152,0,0
1768228287156520,52931,14550,43.0,62,0,0
1768228287159581,52931,14550,25.0,42,0,0
1768228287162426,52931,14550,32.0,36,0,0
1768228287164192,52931,14550,62.0,65,0,0
1768228287166569,52931,14550,49.0,27,0,0
1768228287168680,52931,14550,44.0,116,0,0
1768228287170968,52931,14550,42.0,129,0,0
1768228287172898,52931,14550,34.0,29,0,0
1768228287174425,52931,14550,34.0,137,0,0
1768228287176132,52931,14550,60.0,24,0,0
1768228287178496,52931,14550,53.0,124,0,0
1768228287181342,52931,14550,31.0,2,0,0
1768228287182904,52931,14550,64.0,164,0,0
1768228287184541,52931,14550,24.0,168,0,0
1768228287186280,52931,14550,42.0,136,0,0
1768228287187892,52931,14550,42.0,193,0,0
1768228287189534,52931,14550,48.0,32,0,0
1768228287191623,52931,14550,40.0,241,0,0
1768228287193390,52931,14550,61.0,147,0,0
1768228287195150,52931,14550,64.0,11030,0,0
1768228287231257,58419,5760,,0,1,0
1768228287378173,52931,14550,48.0,163,0,0
1768228287381066,52931,14550,44.0,178,0,0
1768228287382986,52931,14550,48.0,30,0,0
1768228287386297,52931,14550,48.0,33,0,0
1768228287390292,52931,14550,39.0,74,0,0
1768228287396340,52931,14550,51.0,1,0,0
1768228287404748,52931,14550,22.0,125,0,0
1768228287411452,52931,14550,27.0,152,0,0
1768228287414395,52931,14550,43.0,62,0,0
1768228287418615,52931,14550,25.0,42,0,0
1768228287424033,52931,14550,32.0,36,0,0
1768228287426237,52931,14550,62.0,65,0,0
1768228287429596,52931,14550,49.0,27,0,0
1768228287431945,52931,14550,44.0,116,0,0
1768228287435029,52931,14550,42.0,129,0,0
1768228287438363,52931,14550,34.0,29,0,0
1768228287442145,52931,14550,34.0,137,0,0
1768228287444333,52931,14550,60.0,24,0,0
1768228287447738,52931,14550,53.0,124,0,0
1768228287451494,5760,58419,,0,1,0
1768228287453896,52931,14550,31.0,2,0,0
1768228287456084,52931,14550,64.0,164,0,0
1768228287461198,52931,14550,24.0,168,0,0
1768228287465316,52931,14550,42.0,136,0,0
1768228287467466,52931,14550,42.0,193,0,0
1768228287469983,52931,14550,48.0,32,0,0
1768228287472360,52931,14550,40.0,241,0,0
1768228287474768,52931,14550,61.0,147,0,0
1768228287477138,52931,14550,64.0,11030,0,0
1768228287480782,52931,14550,29.0,0,0,0
1768228287545156,5760,58419,,264,1,0
1768228287546477,52931,14550,47.0,264,0,0
1768228287571316,58419,5760,,66,1,0
1768228287635110,52931,14550,48.0,163,0,0
1768228287639017,52931,14550,44.0,178,0,0
1768228287641127,52931,14550,48.0,30,0,0
1768228287645122,52931,14550,48.0,33,0,0
1768228287647074,52931,14550,39.0,74,0,0
1768228287651332,52931,14550,51.0,1,0,0
1768228287654292,52931,14550,22.0,125,0,0
1768228287656469,52931,14550,27.0,152,0,0
1768228287658306,52931,14550,43.0,62,0,0
1768228287661779,52931,14550,25.0,42,0,0
1768228287664248,52931,14550,32.0,36,0,0
1768228287665947,52931,14550,62.0,65,0,0
1768228287667446,52931,14550,49.0,27,0,0
1768228287668860,52931,14550,44.0,116,0,0
1768228287670879,52931,14550,42.0,129,0,0
1768228287672806,52931,14550,34.0,29,0,0
1768228287674663,52931,14550,34.0,137,0,0
1768228287676896,52931,14550,60.0,24,0,0
1768228287679353,52931,14550,53.0,124,0,0
1768228287681142,52931,14550,31.0,2,0,0
1768228287683396,52931,14550,64.0,164,0,0
1768228287685086,52931,14550,24.0,168,0,0
1768228287686996,52931,14550,42.0,136,0,0
1768228287689070,52931,14550,42.0,193,0,0
1768228287691417,52931,14550,48.0,32,0,0
1768228287693641,52931,14550,40.0,241,0,0
1768228287695786,52931,14550,61.0,147,0,0
1768228287697571,52931,14550,64.0,11030,0,0
1768228287882755,52931,14550,48.0,163,0,0
1768228287885964,52931,14550,44.0,178,0,0
1768228287888393,52931,14550,48.0,30,0,0
1768228287894675,52931,14550,48.0,33,0,0
1768228287897392,52931,14550,39.0,74,0,0
1768228287901953,52931,14550,51.0,1,0,0
1768228287907046,52931,14550,22.0,125,0,0
1768228287909677,52931,14550,27.0,152,0,0
1768228287911646,52931,14550,43.0,62,0,0
1768228287916028,52931,14550,25.0,42,0,0
1768228287918960,52931,14550,32.0,36,0,0
1768228287921334,52931,14550,62.0,65,0,0
1768228287925522,52931,14550,49.0,27,0,0
1768228287928240,52931,14550,44.0,116,0,0
1768228287931929,52931,14550,42.0,129,0,0
1768228287935945,52931,14550,34.0,29,0,0
1768228287938014,52931,14550,34.0,137,0,0
1768228287941013,52931,14550,60.0,24,0,0
1768228287944137,52931,14550,53.0,124,0,0
1768228287946829,52931,14550,31.0,2,0,0
1768228287949164,52931,14550,64.0,164,0,0
1768228287954505,52931,14550,24.0,168,0,0
1768228287958705,52931,14550,42.0,136,0,0
1768228287960890,52931,14550,42.0,193,0,0
1768228287963252,52931,14550,48.0,32,0,0
1768228287965676,52931,14550,40.0,241,0,0
1768228287968515,52931,14550,61.0,147,0,0
1768228287970873,52931,14550,64.0,11030,0,0
1768228288048706,5760,58419,,264,1,0
1768228288050024,52931,14550,47.0,264,0,0
1768228288134118,52931,14550,48.0,163,0,0
1768228288140497,52931,14550,44.0,178,0,0
1768228288142730,52931,14550,48.0,30,0,0
1768228288146632,52931,14550,48.0,33,0,0
1768228288148835,52931,14550,39.0,74,0,0
1768228288153308,52931,14550,51.0,1,0,0
1768228288157303,52931,14550,22.0,125,0,0
1768228288160031,52931,14550,27.0,152,0,0
1768228288162199,52931,14550,43.0,62,0,0
1768228288164624,52931,14550,25.0,42,0,0
1768228288167660,52931,14550,32.0,36,0,0
1768228288169650,52931,14550,62.0,65,0,0
1768228288171062,52931,14550,49.0,27,0,0
1768228288172488,52931,14550,44.0,116,0,0
1768228288173840,52931,14550,42.0,129,0,0
1768228288175114,52931,14550,34.0,29,0,0
1768228288176498,52931,14550,34.0,137,0,0
1768228288177775,52931,14550,60.0,24,0,0
1768228288179287,52931,14550,53.0,124,0,0
1768228288180595,52931,14550,31.0,2,0,0
1768228288181591,52931,14550,64.0,164,0,0
1768228288182624,52931,14550,24.0,168,0,0
1768228288183759,52931,14550,42.0,136,0,0
1768228288184909,52931,14550,42.0,193,0,0
1768228288186087,52931,14550,48.0,32,0,0
1768228288187110,52931,14550,40.0,241,0,0
1768228288188076,52931,14550,61.0,147,0,0
1768228288188951,52931,14550,64.0,11030,0,0
1768228288233713,58419,5760,,0,1,0
1768228288386104,52931,14550,48.0,163,0,0
1768228288388075,52931,14550,44.0,178,0,0
1768228288389608,52931,14550,48.0,30,0,0
1768228288392905,52931,14550,48.0,33,0,0
1768228288396178,52931,14550,39.0,74,0,0
1768228288400335,52931,14550,51.0,1,0,0
1768228288408135,52931,14550,22.0,125,0,0
1768228288412623,52931,14550,27.0,152,0,0
1768228288414627,52931,14550,43.0,62,0,0
1768228288418266,52931,14550,25.0,42,0,0
1768228288421264,52931,14550,32.0,36,0,0
1768228288424080,52931,14550,62.0,65,0,0
1768228288426074,52931,14550,49.0,27,0,0
1768228288428642,52931,14550,44.0,116,0,0
1768228288431160,52931,14550,42.0,129,0,0
1768228288433494,52931,14550,34.0,29,0,0
1768228288435497,52931,14550,34.0,137,0,0
1768228288439394,52931,14550,60.0,24,0,0
1768228288443299,52931,14550,53.0,124,0,0
1768228288447149,52931,14550,31.0,2,0,0
1768228288450964,52931,14550,64.0,164,0,0
1768228288452356,52931,14550,24.0,168,0,0
1768228288454154,52931,14550,42.0,136,0,0
1768228288457860,52931,14550,42.0,193,0,0
1768228288458299,5760,58419,,0,1,0
1768228288460752,52931,14550,48.0,32,0,0
1768228288461861,52931,14550,40.0,241,0,0
1768228288463712,52931,14550,61.0,147,0,0
1768228288464554,52931,14550,64.0,11030,0,0
1768228288467615,52931,14550,29.0,0,0,0
1768228288552565,5760,58419,,264,1,0
1768228288553393,52931,14550,47.0,264,0,0
1768228288637871,52931,14550,48.0,163,0,0
1768228288641042,52931,14550,44.0,178,0,0
1768228288643120,52931,14550,48.0,30,0,0
1768228288647274,52931,14550,48.0,33,0,0
1768228288649814,52931,14550,39.0,74,0,0
1768228288653956,52931,14550,51.0,1,0,0
1768228288658268,52931,14550,22.0,125,0,0
1768228288660834,52931,14550,27.0,152,0,0
1768228288662520,52931,14550,43.0,62,0,0
1768228288665329,52931,14550,25.0,42,0,0
1768228288668449,52931,14550,32.0,36,0,0
1768228288670170,52931,14550,62.0,65,0,0
1768228288672199,52931,14550,49.0,27,0,0
1768228288673867,52931,14550,44.0,116,0,0
1768228288675991,52931,14550,42.0,129,0,0
1768228288677667,52931,14550,34.0,29,0,0
1768228288679209,52931,14550,34.0,137,0,0
1768228288681224,52931,14550,60.0,24,0,0
1768228288683622,52931,14550,53.0,124,0,0
1768228288686361,52931,14550,31.0,2,0,0
1768228288688297,52931,14550,64.0,164,0,0
1768228288690309,52931,14550,24.0,168,0,0
1768228288692465,52931,14550,42.0,136,0,0
1768228288694529,52931,14550,42.0,193,0,0
1768228288697039,52931,14550,48.0,32,0,0
1768228288698838,52931,14550,40.0,241,0,0
1768228288700560,52931,14550,61.0,147,0,0
1768228288702354,52931,14550,64.0,11030,0,0
1768228288892566,52931,14550,48.0,163,0,0
1768228288898603,52931,14550,44.0,178,0,0
1768228288901139,52931,14550,48.0,30,0,0
1768228288907120,52931,14550,48.0,33,0,0
1768228288909522,52931,14550,39.0,74,0,0
1768228288913962,52931,14550,51.0,1,0,0
1768228288920977,52931,14550,22.0,125,0,0
1768228288923716,52931,14550,27.0,152,0,0
1768228288928135,52931,14550,43.0,62,0,0
1768228288931400,52931,14550,25.0,42,0,0
1768228288934177,52931,14550,32.0,36,0,0
1768228288935819,52931,14550,62.0,65,0,0
1768228288938228,52931,14550,49.0,27,0,0
1768228288939955,52931,14550,44.0,116,0,0
1768228288942161,52931,14550,42.0,129,0,0
1768228288943910,52931,14550,34.0,29,0,0
1768228288945547,52931,14550,34.0,137,0,0
1768228288950242,52931,14550,60.0,24,0,0
1768228288952526,52931,14550,53.0,124,0,0
1768228288954587,52931,14550,31.0,2,0,0
1768228288956346,52931,14550,64.0,164,0,0
1768228288958645,52931,14550,24.0,168,0,0
1768228288960100,52931,14550,42.0,136,0,0
1768228288961248,52931,14550,42.0,193,0,0
1768228288962292,52931,14550,48.0,32,0,0
1768228288964655,52931,14550,40.0,241,0,0
1768228288965552,52931,14550,61.0,147,0,0
1768228288967154,52931,14550,64.0,11030,0,0
1768228289056785,5760,58419,,264,1,0
1768228289057515,52931,14550,47.0,264,0,0
1768228289138886,52931,14550,48.0,163,0,0
1768228289141001,52931,14550,44.0,178,0,0
1768228289141919,52931,14550,48.0,30,0,0
1768228289143390,52931,14550,48.0,33,0,0
1768228289144781,52931,14550,39.0,74,0,0
1768228289146453,52931,14550,51.0,1,0,0
1768228289148323,52931,14550,22.0,125,0,0
1768228289149493,52931,14550,27.0,152,0,0
1768228289150431,52931,14550,44.0,62,0,0
1768228289152085,52931,14550,25.0,42,0,0
1768228289154085,52931,14550,32.0,36,0,0
1768228289155351,52931,14550,62.0,65,0,0
1768228289156616,52931,14550,49.0,27,0,0
1768228289157744,52931,14550,44.0,116,0,0
1768228289159147,52931,14550,42.0,129,0,0
1768228289161003,52931,14550,34.0,29,0,0
1768228289162473,52931,14550,34.0,137,0,0
1768228289163615,52931,14550,60.0,24,0,0
1768228289165307,52931,14550,53.0,124,0,0
1768228289166882,52931,14550,31.0,2,0,0
1768228289168487,52931,14550,64.0,164,0,0
1768228289169840,52931,14550,24.0,168,0,0
1768228289171396,52931,14550,42.0,136,0,0
1768228289172651,52931,14550,42.0,193,0,0
1768228289174534,52931,14550,48.0,32,0,0
1768228289175894,52931,14550,40.0,241,0,0
1768228289177384,52931,14550,61.0,147,0,0
1768228289178653,52931,14550,64.0,11030,0,0
1768228289236525,58419,5760,,0,1,0
1768228289395463,52931,14550,48.0,163,0,0
1768228289399047,52931,14550,44.0,178,0,0
1768228289401285,52931,14550,48.0,30,0,0
1768228289406180,52931,14550,48.0,33,0,0
1768228289408984,52931,14550,39.0,74,0,0
1768228289413369,52931,14550,51.0,1,0,0
1768228289421928,52931,14550,22.0,125,0,0
1768228289426328,52931,14550,27.0,152,0,0
1768228289428239,52931,14550,44.0,62,0,0
1768228289430710,52931,14550,25.0,42,0,0
1768228289434556,52931,14550,32.0,36,0,0
1768228289437565,52931,14550,62.0,65,0,0
1768228289439375,52931,14550,49.0,27,0,0
1768228289440934,52931,14550,44.0,116,0,0
1768228289443563,52931,14550,42.0,129,0,0
1768228289445994,52931,14550,34.0,29,0,0
1768228289447645,52931,14550,34.0,137,0,0
1768228289450035,52931,14550,60.0,24,0,0
1768228289453849,52931,14550,53.0,124,0,0
1768228289456271,52931,14550,31.0,2,0,0
1768228289459662,52931,14550,64.0,164,0,0
1768228289461352,52931,14550,24.0,168,0,0
1768228289464122,52931,14550,42.0,136,0,0
1768228289467286,52931,14550,42.0,193,0,0
1768228289467642,5760,58419,,0,1,0
1768228289471729,52931,14550,48.0,32,0,0
1768228289474051,52931,14550,40.0,241,0,0
1768228289476144,52931,14550,61.0,147,0,0
1768228289480781,52931,14550,64.0,11030,0,0
1768228289484279,52931,14550,29.0,0,0,0
1768228289560453,5760,58419,,264,1,0
1768228289561682,52931,14550,47.0,264,0,0
1768228289645023,52931,14550,48.0,163,0,0
1768228289648074,52931,14550,44.0,178,0,0
1768228289649711,52931,14550,48.0,30,0,0
1768228289652444,52931,14550,48.0,33,0,0
1768228289655094,52931,14550,39.0,74,0,0
1768228289658363,52931,14550,51.0,1,0,0
1768228289662562,52931,14550,22.0,125,0,0
1768228289665254,52931,14550,27.0,152,0,0
1768228289667065,52931,14550,44.0,62,0,0
1768228289669443,52931,14550,25.0,42,0,0
1768228289672186,52931,14550,32.0,36,0,0
1768228289673581,52931,14550,62.0,65,0,0
1768228289675475,52931,14550,49.0,27,0,0
1768228289677883,52931,14550,44.0,116,0,0
1768228289679966,52931,14550,42.0,129,0,0
1768228289681970,52931,14550,34.0,29,0,0
1768228289684028,52931,14550,34.0,137,0,0
1768228289686174,52931,14550,60.0,24,0,0
1768228289689095,52931,14550,53.0,124,0,0
1768228289691316,52931,14550,31.0,2,0,0
1768228289694279,52931,14550,64.0,164,0,0
1768228289696636,52931,14550,24.0,168,0,0
1768228289699293,52931,14550,42.0,136,0,0
1768228289701426,52931,14550,42.0,193,0,0
1768228289704173,52931,14550,48.0,32,0,0
1768228289706727,52931,14550,40.0,241,0,0
1768228289708406,52931,14550,61.0,147,0,0
1768228289710331,52931,14550,64.0,11030,0,0
1768228289894168,52931,14550,48.0,163,0,0
1768228289896441,52931,14550,44.0,178,0,0
1768228289899361,52931,14550,48.0,30,0,0
1768228289901100,52931,14550,48.0,33,0,0
1768228289903384,52931,14550,39.0,74,0,0
1768228289906643,52931,14550,51.0,1,0,0
1768228289909765,52931,14550,22.0,125,0,0
1768228289912003,52931,14550,27.0,152,0,0
1768228289913581,52931,14550,44.0,62,0,0
1768228289915904,52931,14550,25.0,42,0,0
1768228289917711,52931,14550,32.0,36,0,0
1768228289919532,52931,14550,62.0,65,0,0
1768228289920738,52931,14550,49.0,27,0,0
1768228289921710,52931,14550,44.0,116,0,0
1768228289923380,52931,14550,42.0,129,0,0
1768228289924274,52931,14550,34.0,29,0,0
1768228289925394,52931,14550,34.0,137,0,0
1768228289926844,52931,14550,60.0,24,0,0
1768228289928366,52931,14550,53.0,124,0,0
1768228289930925,52931,14550,31.0,2,0,0
1768228289931837,52931,14550,64.0,164,0,0
1768228289932769,52931,14550,24.0,168,0,0
1768228289934871,52931,14550,42.0,136,0,0
1768228289936046,52931,14550,42.0,193,0,0
1768228289937521,52931,14550,48.0,32,0,0
1768228289939608,52931,14550,40.0,241,0,0
1768228289941844,52931,14550,61.0,147,0,0
1768228289942701,52931,14550,64.0,11030,0,0
1768228290060302,5760,58419,,264,1,0
1768228290061582,52931,14550,47.0,264,0,0
1768228290144950,52931,14550,48.0,163,0,0
1768228290147590,52931,14550,44.0,178,0,0
1768228290151057,52931,14550,48.0,30,0,0
1768228290153702,52931,14550,48.0,33,0,0
1768228290156888,52931,14550,39.0,74,0,0
1768228290163218,52931,14550,51.0,1,0,0
1768228290167336,52931,14550,22.0,125,0,0
1768228290170038,52931,14550,27.0,152,0,0
1768228290171593,52931,14550,44.0,62,0,0
1768228290174969,52931,14550,25.0,42,0,0
1768228290178350,52931,14550,32.0,36,0,0
1768228290180966,52931,14550,62.0,65,0,0
1768228290182546,52931,14550,49.0,27,0,0
1768228290184115,52931,14550,44.0,116,0,0
1768228290185897,52931,14550,42.0,129,0,0
1768228290187937,52931,14550,34.0,29,0,0
1768228290190012,52931,14550,34.0,137,0,0
1768228290191589,52931,14550,60.0,24,0,0
1768228290193671,52931,14550,53.0,124,0,0
1768228290195567,52931,14550,31.0,2,0,0
1768228290197461,52931,14550,64.0,164,0,0
1768228290198731,52931,14550,24.0,168,0,0
1768228290200413,52931,14550,42.0,136,0,0
1768228290202806,52931,14550,42.0,193,0,0
1768228290204828,52931,14550,48.0,32,0,0
1768228290206807,52931,14550,40.0,241,0,0
1768228290208420,52931,14550,61.0,147,0,0
1768228290210601,52931,14550,64.0,11030,0,0
1768228290246541,58419,5760,,0,1,0
1768228290400328,52931,14550,48.0,163,0,0
1768228290401673,52931,14550,44.0,178,0,0
1768228290404436,52931,14550,48.0,30,0,0
1768228290405712,52931,14550,48.0,33,0,0
1768228290406665,52931,14550,39.0,74,0,0
1768228290411890,52931,14550,51.0,1,0,0
1768228290415876,52931,14550,22.0,125,0,0
1768228290417639,52931,14550,27.0,152,0,0
1768228290419531,52931,14550,44.0,62,0,0
1768228290421178,52931,14550,25.0,42,0,0
1768228290424847,52931,14550,32.0,36,0,0
1768228290425813,52931,14550,62.0,65,0,0
1768228290427678,52931,14550,49.0,27,0,0
1768228290428950,52931,14550,44.0,116,0,0
1768228290430165,52931,14550,42.0,129,0,0
1768228290431322,52931,14550,34.0,29,0,0
1768228290432495,52931,14550,34.0,137,0,0
1768228290433719,52931,14550,60.0,24,0,0
1768228290435629,52931,14550,53.0,124,0,0
1768228290437501,52931,14550,31.0,2,0,0
1768228290439397,52931,14550,64.0,164,0,0
1768228290440719,52931,14550,24.0,168,0,0
1768228290442445,52931,14550,42.0,136,0,0
1768228290443836,52931,14550,42.0,193,0,0
1768228290445942,52931,14550,48.0,32,0,0
1768228290447450,52931,14550,40.0,241,0,0
1768228290449023,52931,14550,61.0,147,0,0
1768228290450489,52931,14550,64.0,11030,0,0
1768228290470148,5760,58419,,0,1,0
1768228290471464,52931,14550,29.0,0,0,0
1768228290562270,5760,58419,,264,1,0
1768228290563577,52931,14550,47.0,264,0,0
1768228290651403,52931,14550,48.0,163,0,0
1768228290655385,52931,14550,44.0,178,0,0
1768228290657707,52931,14550,48.0,30,0,0
1768228290660515,52931,14550,48.0,33,0,0
1768228290662532,52931,14550,39.0,74,0,0
1768228290667206,52931,14550,51.0,1,0,0
1768228290670328,52931,14550,22.0,125,0,0
1768228290672691,52931,14550,27.0,152,0,0
1768228290674595,52931,14550,44.0,62,0,0
1768228290677405,52931,14550,25.0,42,0,0
1768228290680094,52931,14550,32.0,36,0,0
1768228290681974,52931,14550,62.0,65,0,0
1768228290684265,52931,14550,49.0,27,0,0
1768228290686285,52931,14550,44.0,116,0,0
1768228290688270,52931,14550,42.0,129,0,0
1768228290689808,52931,14550,34.0,29,0,0
1768228290691230,52931,14550,34.0,137,0,0
1768228290693028,52931,14550,60.0,24,0,0
1768228290695645,52931,14550,53.0,124,0,0
1768228290698234,52931,14550,31.0,2,0,0
1768228290699670,52931,14550,64.0,164,0,0
1768228290700898,52931,14550,24.0,168,0,0
1768228290702483,52931,14550,42.0,136,0,0
1768228290704848,52931,14550,42.0,193,0,0
1768228290706860,52931,14550,48.0,32,0,0
1768228290708874,52931,14550,40.0,241,0,0
1768228290711460,52931,14550,61.0,147,0,0
1768228290713230,52931,14550,64.0,11030,0,0
1768228290902555,52931,14550,48.0,163,0,0
1768228290904998,52931,14550,44.0,178,0,0
1768228290907009,52931,14550,48.0,30,0,0
1768228290911014,52931,14550,48.0,33,0,0
1768228290913520,52931,14550,39.0,74,0,0
1768228290920991,52931,14550,51.0,1,0,0
1768228290929926,52931,14550,22.0,125,0,0
1768228290933173,52931,14550,27.0,152,0,0
1768228290937521,52931,14550,44.0,62,0,0
1768228290942066,52931,14550,25.0,42,0,0
1768228290946590,52931,14550,32.0,36,0,0
1768228290948682,52931,14550,62.0,65,0,0
1768228290950346,52931,14550,49.0,27,0,0
1768228290955568,52931,14550,44.0,116,0,0
1768228290957974,52931,14550,42.0,129,0,0
1768228290960194,52931,14550,34.0,29,0,0
1768228290964215,52931,14550,34.0,137,0,0
1768228290966946,52931,14550,60.0,24,0,0
1768228290970681,52931,14550,53.0,124,0,0
1768228290972413,52931,14550,31.0,2,0,0
1768228290973767,52931,14550,64.0,164,0,0
1768228290976158,52931,14550,24.0,168,0,0
1768228290978109,52931,14550,42.0,136,0,0
1768228290979008,52931,14550,42.0,193,0,0
1768228290980191,52931,14550,48.0,32,0,0
1768228290983212,52931,14550,40.0,241,0,0
1768228290984151,52931,14550,61.0,147,0,0
1768228290986296,52931,14550,64.0,11030,0,0
1768228291066496,5760,58419,,264,1,0
1768228291067262,52931,14550,47.0,264,0,0
1768228291155483,52931,14550,48.0,163,0,0
1768228291156593,52931,14550,44.0,178,0,0
1768228291157653,52931,14550,48.0,30,0,0
1768228291159441,52931,14550,48.0,33,0,0
1768228291160802,52931,14550,39.0,74,0,0
1768228291165028,52931,14550,51.0,1,0,0
1768228291167054,52931,14550,22.0,125,0,0
1768228291168324,52931,14550,27.0,152,0,0
1768228291169365,52931,14550,44.0,62,0,0
1768228291171174,52931,14550,25.0,42,0,0
1768228291172923,52931,14550,32.0,36,0,0
1768228291174506,52931,14550,62.0,65,0,0
1768228291175728,52931,14550,49.0,27,0,0
1768228291176809,52931,14550,44.0,116,0,0
1768228291178012,52931,14550,42.0,129,0,0
1768228291179135,52931,14550,34.0,29,0,0
1768228291180244,52931,14550,34.0,137,0,0
1768228291181407,52931,14550,60.0,24,0,0
1768228291183146,52931,14550,53.0,124,0,0
1768228291184527,52931,14550,31.0,2,0,0
1768228291185565,52931,14550,64.0,164,0,0
1768228291186968,52931,14550,24.0,168,0,0
1768228291187890,52931,14550,42.0,136,0,0
1768228291189014,52931,14550,42.0,193,0,0
1768228291190214,52931,14550,48.0,32,0,0
1768228291191500,52931,14550,40.0,241,0,0
1768228291192762,52931,14550,61.0,147,0,0
1768228291194059,52931,14550,64.0,11030,0,0
1768228291250832,58419,5760,,0,1,0
1768228291403189,52931,14550,48.0,163,0,0
1768228291405872,52931,14550,44.0,178,0,0
1768228291407165,52931,14550,48.0,30,0,0
1768228291409057,52931,14550,48.0,33,0,0
1768228291410992,52931,14550,39.0,74,0,0
1768228291414090,52931,14550,51.0,1,0,0
1768228291419107,52931,14550,22.0,125,0,0
1768228291422721,52931,14550,27.0,152,0,0
1768228291424021,52931,14550,44.0,62,0,0
1768228291427371,52931,14550,25.0,42,0,0
1768228291428906,52931,14550,32.0,36,0,0
1768228291430046,52931,14550,62.0,65,0,0
1768228291431219,52931,14550,49.0,27,0,0
1768228291433873,52931,14550,44.0,116,0,0
1768228291436262,52931,14550,42.0,129,0,0
1768228291437409,52931,14550,34.0,29,0,0
1768228291439352,52931,14550,34.0,137,0,0
1768228291440544,52931,14550,60.0,24,0,0
1768228291443303,52931,14550,53.0,124,0,0
1768228291445710,52931,14550,31.0,2,0,0
1768228291446804,52931,14550,64.0,164,0,0
1768228291447909,52931,14550,24.0,168,0,0
1768228291449307,52931,14550,42.0,136,0,0
1768228291450406,52931,14550,42.0,193,0,0
1768228291451540,52931,14550,48.0,32,0,0
1768228291452379,52931,14550,40.0,241,0,0
1768228291453541,52931,14550,61.0,147,0,0
1768228291454447,52931,14550,64.0,11030,0,0
1768228291478458,5760,58419,,0,1,0
1768228291479319,52931,14550,29.0,0,0,0
1768228291567530,5760,58419,,264,1,0
1768228291568325,52931,14550,47.0,264,0,0
1768228291656168,52931,14550,48.0,163,0,0
1768228291658825,52931,14550,44.0,178,0,0
1768228291660531,52931,14550,48.0,30,0,0
1768228291664093,52931,14550,48.0,33,0,0
1768228291665899,52931,14550,39.0,74,0,0
1768228291669610,52931,14550,51.0,1,0,0
1768228291672229,52931,14550,22.0,125,0,0
1768228291674674,52931,14550,27.0,152,0,0
1768228291676629,52931,14550,44.0,62,0,0
1768228291679865,52931,14550,25.0,42,0,0
1768228291682967,52931,14550,32.0,36,0,0
1768228291684596,52931,14550,62.0,65,0,0
1768228291686411,52931,14550,49.0,27,0,0
1768228291687972,52931,14550,44.0,116,0,0
1768228291689641,52931,14550,42.0,129,0,0
1768228291691168,52931,14550,34.0,29,0,0
1768228291693115,52931,14550,34.0,137,0,0
1768228291695554,52931,14550,60.0,24,0,0
1768228291698433,52931,14550,53.0,124,0,0
1768228291700811,52931,14550,31.0,2,0,0
1768228291702748,52931,14550,64.0,164,0,0
1768228291704923,52931,14550,24.0,168,0,0
1768228291706935,52931,14550,42.0,136,0,0
1768228291708728,52931,14550,42.0,193,0,0
1768228291710732,52931,14550,48.0,32,0,0
1768228291712502,52931,14550,40.0,241,0,0
1768228291714214,52931,14550,61.0,147,0,0
1768228291715794,52931,14550,64.0,11030,0,0
1768228291906669,52931,14550,48.0,163,0,0
1768228291909112,52931,14550,44.0,178,0,0
1768228291910958,52931,14550,48.0,30,0,0
1768228291915396,52931,14550,48.0,33,0,0
1768228291917518,52931,14550,39.0,74,0,0
1768228291923526,52931,14550,51.0,1,0,0
1768228291933901,52931,14550,22.0,125,0,0
1768228291939223,52931,14550,27.0,152,0,0
1768228291941780,52931,14550,44.0,62,0,0
1768228291944774,52931,14550,25.0,42,0,0
1768228291949123,52931,14550,32.0,36,0,0
1768228291950790,52931,14550,62.0,65,0,0
1768228291952732,52931,14550,49.0,27,0,0
1768228291954516,52931,14550,44.0,116,0,0
1768228291956140,52931,14550,42.0,129,0,0
1768228291957995,52931,14550,34.0,29,0,0
1768228291959686,52931,14550,34.0,137,0,0
1768228291962851,52931,14550,60.0,24,0,0
1768228291966161,52931,14550,53.0,124,0,0
1768228291969316,52931,14550,31.0,2,0,0
1768228291971490,52931,14550,64.0,164,0,0
1768228291973105,52931,14550,24.0,168,0,0
1768228291975686,52931,14550,42.0,136,0,0
1768228291977001,52931,14550,42.0,193,0,0
1768228291979572,52931,14550,48.0,32,0,0
1768228291981515,52931,14550,40.0,241,0,0
1768228291984293,52931,14550,61.0,147,0,0
1768228291986819,52931,14550,64.0,11030,0,0
1768228292071967,5760,58419,,264,1,0
1768228292072995,52931,14550,47.0,264,0,0
1768228292156548,52931,14550,48.0,163,0,0
1768228292159469,52931,14550,44.0,178,0,0
1768228292163164,52931,14550,48.0,30,0,0
1768228292166238,52931,14550,48.0,33,0,0
1768228292168662,52931,14550,39.0,74,0,0
1768228292173402,52931,14550,51.0,1,0,0
1768228292176714,52931,14550,22.0,125,0,0
1768228292179540,52931,14550,27.0,152,0,0
1768228292181170,52931,14550,44.0,62,0,0
1768228292183556,52931,14550,25.0,42,0,0
1768228292186825,52931,14550,32.0,36,0,0
1768228292189524,52931,14550,62.0,65,0,0
1768228292191720,52931,14550,49.0,27,0,0
1768228292193305,52931,14550,44.0,116,0,0
1768228292194851,52931,14550,42.0,129,0,0
1768228292197025,52931,14550,34.0,29,0,0
1768228292198949,52931,14550,34.0,137,0,0
1768228292200603,52931,14550,60.0,24,0,0
1768228292202868,52931,14550,53.0,124,0,0
1768228292205334,52931,14550,31.0,2,0,0
1768228292207084,52931,14550,64.0,164,0,0
1768228292209282,52931,14550,24.0,168,0,0
1768228292211572,52931,14550,42.0,136,0,0
1768228292213839,52931,14550,42.0,193,0,0
1768228292215950,52931,14550,48.0,32,0,0
1768228292217390,52931,14550,40.0,241,0,0
1768228292218941,52931,14550,61.0,147,0,0
1768228292221714,52931,14550,64.0,11030,0,0
1768228292257676,58419,5760,,0,1,0
1768228292412913,52931,14550,48.0,163,0,0
1768228292417124,52931,14550,44.0,178,0,0
1768228292419052,52931,14550,48.0,30,0,0
1768228292424038,52931,14550,48.0,33,0,0
1768228292426143,52931,14550,39.0,74,0,0
1768228292432786,52931,14550,51.0,1,0,0
1768228292437916,52931,14550,22.0,125,0,0
1768228292440805,52931,14550,27.0,152,0,0
1768228292443551,52931,14550,44.0,62,0,0
1768228292450736,52931,14550,25.0,42,0,0
1768228292452925,52931,14550,32.0,36,0,0
1768228292457845,52931,14550,62.0,65,0,0
1768228292459597,52931,14550,49.0,27,0,0
1768228292462391,52931,14550,44.0,116,0,0
1768228292465765,52931,14550,42.0,129,0,0
1768228292467409,52931,14550,34.0,29,0,0
1768228292468913,52931,14550,34.0,137,0,0
1768228292470415,52931,14550,60.0,24,0,0
1768228292473209,52931,14550,53.0,124,0,0
1768228292476556,52931,14550,31.0,2,0,0
1768228292478463,52931,14550,64.0,164,0,0
1768228292482165,52931,14550,24.0,168,0,0
1768228292482951,5760,58419,,0,1,0
1768228292486834,52931,14550,42.0,136,0,0
1768228292489758,52931,14550,42.0,193,0,0
1768228292492198,52931,14550,48.0,32,0,0
1768228292495149,52931,14550,40.0,241,0,0
1768228292497339,52931,14550,61.0,147,0,0
1768228292499245,52931,14550,64.0,11030,0,0
1768228292503163,52931,14550,29.0,0,0,0
1768228292575941,5760,58419,,264,1,0
1768228292577317,52931,14550,47.0,264,0,0
1768228292659738,52931,14550,48.0,163,0,0
1768228292664030,52931,14550,44.0,178,0,0
1768228292665820,52931,14550,48.0,30,0,0
1768228292667884,52931,14550,48.0,33,0,0
1768228292669534,52931,14550,39.0,74,0,0
1768228292673912,52931,14550,51.0,1,0,0
1768228292677872,52931,14550,22.0,125,0,0
1768228292680462,52931,14550,27.0,152,0,0
1768228292682011,52931,14550,44.0,62,0,0
1768228292685299,52931,14550,25.0,42,0,0
1768228292688562,52931,14550,32.0,36,0,0
1768228292690561,52931,14550,62.0,65,0,0
1768228292692449,52931,14550,49.0,27,0,0
1768228292694401,52931,14550,44.0,116,0,0
1768228292696425,52931,14550,42.0,129,0,0
1768228292699043,52931,14550,34.0,29,0,0
1768228292701192,52931,14550,34.0,137,0,0
1768228292703033,52931,14550,60.0,24,0,0
1768228292705450,52931,14550,53.0,124,0,0
1768228292708078,52931,14550,31.0,2,0,0
1768228292709619,52931,14550,64.0,164,0,0
1768228292711644,52931,14550,24.0,168,0,0
1768228292713160,52931,14550,42.0,136,0,0
1768228292714670,52931,14550,42.0,193,0,0
1768228292716983,52931,14550,48.0,32,0,0
1768228292719030,52931,14550,40.0,241,0,0
1768228292721211,52931,14550,61.0,147,0,0
1768228292723599,52931,14550,64.0,11030,0,0
1768228292913375,52931,14550,48.0,163,0,0
1768228292918200,52931,14550,44.0,178,0,0
1768228292920582,52931,14550,48.0,30,0,0
1768228292924068,52931,14550,48.0,33,0,0
1768228292926601,52931,14550,39.0,74,0,0
1768228292930881,52931,14550,51.0,1,0,0
1768228292943832,52931,14550,22.0,125,0,0
1768228292949351,52931,14550,27.0,152,0,0
1768228292952580,52931,14550,44.0,62,0,0
1768228292958145,52931,14550,25.0,42,0,0
1768228292961620,52931,14550,32.0,36,0,0
1768228292965440,52931,14550,62.0,65,0,0
1768228292967918,52931,14550,49.0,27,0,0
1768228292970625,52931,14550,44.0,116,0,0
1768228292973848,52931,14550,42.0,129,0,0
1768228292975963,52931,14550,34.0,29,0,0
1768228292978156,52931,14550,34.0,137,0,0
1768228292982961,52931,14550,60.0,24,0,0
1768228292986535,52931,14550,53.0,124,0,0
1768228292990549,52931,14550,31.0,2,0,0
1768228292993356,52931,14550,64.0,164,0,0
1768228292995557,52931,14550,24.0,168,0,0
1768228292998159,52931,14550,42.0,136,0,0
1768228293000038,52931,14550,42.0,193,0,0
1768228293002387,52931,14550,48.0,32,0,0
1768228293004511,52931,14550,40.0,241,0,0
1768228293006570,52931,14550,61.0,147,0,0
1768228293008584,52931,14550,64.0,11030,0,0
1768228293077755,5760,58419,,264,1,0
1768228293079133,52931,14550,47.0,264,0,0
1768228293168709,52931,14550,48.0,163,0,0
1768228293172150,52931,14550,44.0,178,0,0
1768228293174033,52931,14550,48.0,30,0,0
1768228293177814,52931,14550,48.0,33,0,0
1768228293180131,52931,14550,39.0,74,0,0
1768228293184084,52931,14550,51.0,1,0,0
1768228293188445,52931,14550,22.0,125,0,0
1768228293191199,52931,14550,27.0,152,0,0
1768228293193068,52931,14550,44.0,62,0,0
1768228293196274,52931,14550,25.0,42,0,0
1768228293198793,52931,14550,32.0,36,0,0
1768228293200968,52931,14550,62.0,65,0,0
1768228293202770,52931,14550,49.0,27,0,0
1768228293204364,52931,14550,44.0,116,0,0
1768228293206802,52931,14550,42.0,129,0,0
1768228293209071,52931,14550,34.0,29,0,0
1768228293211133,52931,14550,34.0,137,0,0
1768228293213298,52931,14550,60.0,24,0,0
1768228293216020,52931,14550,53.0,124,0,0
1768228293218218,52931,14550,31.0,2,0,0
1768228293220535,52931,14550,64.0,164,0,0
1768228293222288,52931,14550,24.0,168,0,0
1768228293224657,52931,14550,42.0,136,0,0
1768228293226364,52931,14550,42.0,193,0,0
1768228293228470,52931,14550,48.0,32,0,0
1768228293230379,52931,14550,40.0,241,0,0
1768228293231957,52931,14550,61.0,147,0,0
1768228293233885,52931,14550,64.0,11030,0,0
1768228293258384,58419,5760,,0,1,0
1768228293415524,52931,14550,48.0,163,0,0
1768228293417421,52931,14550,44.0,178,0,0
1768228293418904,52931,14550,48.0,30,0,0
1768228293421650,52931,14550,48.0,33,0,0
1768228293423033,52931,14550,39.0,74,0,0
1768228293426703,52931,14550,51.0,1,0,0
1768228293431427,52931,14550,22.0,125,0,0
1768228293433517,52931,14550,27.0,152,0,0
1768228293434988,52931,14550,44.0,62,0,0
1768228293436532,52931,14550,25.0,42,0,0
1768228293438865,52931,14550,32.0,36,0,0
1768228293439791,52931,14550,62.0,65,0,0
1768228293442841,52931,14550,49.0,27,0,0
1768228293444232,52931,14550,44.0,116,0,0
1768228293445787,52931,14550,42.0,129,0,0
1768228293447339,52931,14550,34.0,29,0,0
1768228293448918,52931,14550,34.0,137,0,0
1768228293450176,52931,14550,60.0,24,0,0
1768228293452338,52931,14550,53.0,124,0,0
1768228293453780,52931,14550,31.0,2,0,0
1768228293455832,52931,14550,64.0,164,0,0
1768228293457210,52931,14550,24.0,168,0,0
1768228293458208,52931,14550,42.0,136,0,0
1768228293460697,52931,14550,42.0,193,0,0
1768228293462293,52931,14550,48.0,32,0,0
1768228293463649,52931,14550,40.0,241,0,0
1768228293464572,52931,14550,61.0,147,0,0
1768228293471507,52931,14550,64.0,11030,0,0
1768228293489371,5760,58419,,0,1,0
1768228293490178,52931,14550,29.0,0,0,0
1768228293580520,5760,58419,,264,1,0
1768228293581199,52931,14550,47.0,264,0,0
1768228293667911,52931,14550,48.0,163,0,0
1768228293669908,52931,14550,44.0,178,0,0
1768228293671237,52931,14550,48.0,30,0,0
1768228293674705,52931,14550,48.0,33,0,0
1768228293677329,52931,14550,39.0,74,0,0
1768228293681627,52931,14550,51.0,1,0,0
1768228293685546,52931,14550,22.0,125,0,0
1768228293688001,52931,14550,27.0,152,0,0
1768228293689806,52931,14550,44.0,62,0,0
1768228293692661,52931,14550,25.0,42,0,0
1768228293694596,52931,14550,32.0,36,0,0
1768228293696101,52931,14550,62.0,65,0,0
1768228293697908,52931,14550,49.0,27,0,0
1768228293699389,52931,14550,44.0,116,0,0
1768228293701148,52931,14550,42.0,129,0,0
1768228293702933,52931,14550,34.0,29,0,0
1768228293704659,52931,14550,34.0,137,0,0
1768228293707270,52931,14550,60.0,24,0,0
1768228293709436,52931,14550,53.0,124,0,0
1768228293711448,52931,14550,31.0,2,0,0
1768228293713180,52931,14550,64.0,164,0,0
1768228293714809,52931,14550,24.0,168,0,0
1768228293716840,52931,14550,42.0,136,0,0
1768228293718638,52931,14550,42.0,193,0,0
1768228293720641,52931,14550,48.0,32,0,0
1768228293722097,52931,14550,40.0,241,0,0
1768228293723917,52931,14550,61.0,147,0,0
1768228293725311,52931,14550,64.0,11030,0,0
1768228293919439,52931,14550,48.0,163,0,0
1768228293921766,52931,14550,44.0,178,0,0
1768228293924638,52931,14550,48.0,30,0,0
1768228293927760,52931,14550,48.0,33,0,0
1768228293930921,52931,14550,39.0,74,0,0
1768228293934123,52931,14550,51.0,1,0,0
1768228293939987,52931,14550,22.0,125,0,0
1768228293942575,52931,14550,27.0,152,0,0
1768228293945059,52931,14550,44.0,62,0,0
1768228293951168,52931,14550,25.0,42,0,0
1768228293953713,52931,14550,32.0,36,0,0
1768228293955506,52931,14550,62.0,65,0,0
1768228293960123,52931,14550,49.0,27,0,0
1768228293961834,52931,14550,44.0,116,0,0
1768228293965691,52931,14550,42.0,129,0,0
1768228293967814,52931,14550,34.0,29,0,0
1768228293970346,52931,14550,34.0,137,0,0
1768228293971984,52931,14550,60.0,24,0,0
1768228293974152,52931,14550,53.0,124,0,0
1768228293976991,52931,14550,31.0,2,0,0
1768228293978426,52931,14550,64.0,164,0,0
1768228293980056,52931,14550,24.0,168,0,0
1768228293981871,52931,14550,42.0,136,0,0
1768228293984049,52931,14550,42.0,193,0,0
1768228293985719,52931,14550,48.0,32,0,0
1768228293987797,52931,14550,40.0,241,0,0
1768228293989497,52931,14550,61.0,147,0,0
1768228293990982,52931,14550,64.0,11030,0,0
1768228294081213,5760,58419,,264,1,0
1768228294082218,52931,14550,47.0,264,0,0
1768228294168829,52931,14550,48.0,163,0,0
1768228294170938,52931,14550,44.0,178,0,0
1768228294172951,52931,14550,48.0,30,0,0
1768228294175824,52931,14550,48.0,33,0,0
1768228294178049,52931,14550,39.0,74,0,0
1768228294181913,52931,14550,51.0,1,0,0
1768228294186119,52931,14550,22.0,125,0,0
1768228294187853,52931,14550,27.0,152,0,0
1768228294189827,52931,14550,44.0,62,0,0
1768228294193272,52931,14550,25.0,42,0,0
1768228294196047,52931,14550,32.0,36,0,0
1768228294197888,52931,14550,62.0,65,0,0
1768228294199702,52931,14550,49.0,27,0,0
1768228294201849,52931,14550,44.0,116,0,0
1768228294203294,52931,14550,42.0,129,0,0
1768228294205199,52931,14550,34.0,29,0,0
1768228294206551,52931,14550,34.0,137,0,0
1768228294208238,52931,14550,60.0,24,0,0
1768228294210426,52931,14550,53.0,124,0,0
1768228294212308,52931,14550,31.0,2,0,0
1768228294214007,52931,14550,64.0,164,0,0
1768228294216054,52931,14550,24.0,168,0,0
1768228294218247,52931,14550,42.0,136,0,0
1768228294219898,52931,14550,42.0,193,0,0
1768228294221776,52931,14550,48.0,32,0,0
1768228294223418,52931,14550,40.0,241,0,0
1768228294225461,52931,14550,61.0,147,0,0
1768228294227022,52931,14550,64.0,11030,0,0
1768228294262990,58419,5760,,0,1,0
1768228294422055,52931,14550,48.0,163,0,0
1768228294424418,52931,14550,44.0,178,0,0
1768228294426250,52931,14550,48.0,30,0,0
1768228294429556,52931,14550,48.0,33,0,0
1768228294433407,52931,14550,39.0,74,0,0
1768228294439140,52931,14550,51.0,1,0,0
1768228294447295,52931,14550,22.0,125,0,0
1768228294449921,52931,14550,27.0,152,0,0
1768228294457056,52931,14550,44.0,62,0,0
1768228294462426,52931,14550,25.0,42,0,0
1768228294465358,52931,14550,32.0,36,0,0
1768228294466856,52931,14550,62.0,65,0,0
1768228294469170,52931,14550,49.0,27,0,0
1768228294471654,52931,14550,44.0,116,0,0
1768228294474215,52931,14550,42.0,129,0,0
1768228294476297,52931,14550,34.0,29,0,0
1768228294479161,52931,14550,34.0,137,0,0
1768228294481078,52931,14550,60.0,24,0,0
1768228294483420,52931,14550,53.0,124,0,0
1768228294487920,52931,14550,31.0,2,0,0
1768228294490821,52931,14550,64.0,164,0,0
1768228294492840,5760,58419,,0,1,0
1768228294493940,52931,14550,24.0,168,0,0
1768228294495866,52931,14550,42.0,136,0,0
1768228294497866,52931,14550,42.0,193,0,0
1768228294499599,52931,14550,48.0,32,0,0
1768228294500962,52931,14550,40.0,241,0,0
1768228294503338,52931,14550,61.0,147,0,0
1768228294505647,52931,14550,64.0,11030,0,0
1768228294509157,52931,14550,29.0,0,0,0
1768228294558914,5760,58419,,111,1,0
1768228294559890,52931,14550,33.0,111,0,0
1768228294584922,5760,58419,,264,1,0
1768228294586289,52931,14550,47.0,264,0,0
1768228294673699,52931,14550,48.0,163,0,0
1768228294677357,52931,14550,44.0,178,0,0
1768228294679774,52931,14550,48.0,30,0,0
1768228294681652,52931,14550,48.0,33,0,0
1768228294683289,52931,14550,39.0,74,0,0
1768228294687401,52931,14550,51.0,1,0,0
1768228294691163,52931,14550,22.0,125,0,0
1768228294693709,52931,14550,27.0,152,0,0
1768228294695127,52931,14550,44.0,62,0,0
1768228294697636,52931,14550,25.0,42,0,0
1768228294699956,52931,14550,32.0,36,0,0
1768228294701403,52931,14550,62.0,65,0,0
1768228294703218,52931,14550,49.0,27,0,0
1768228294705052,52931,14550,44.0,116,0,0
1768228294706478,52931,14550,42.0,129,0,0
1768228294708316,52931,14550,34.0,29,0,0
1768228294709705,52931,14550,34.0,137,0,0
1768228294711105,52931,14550,60.0,24,0,0
1768228294713199,52931,14550,53.0,124,0,0
1768228294715667,52931,14550,31.0,2,0,0
1768228294717162,52931,14550,64.0,164,0,0
1768228294718479,52931,14550,24.0,168,0,0
1768228294720533,52931,14550,42.0,136,0,0
1768228294721918,52931,14550,42.0,193,0,0
1768228294723929,52931,14550,48.0,32,0,0
1768228294725402,52931,14550,40.0,241,0,0
1768228294727160,52931,14550,61.0,147,0,0
1768228294728531,52931,14550,64.0,11030,0,0
1768228294923360,52931,14550,48.0,163,0,0
1768228294924842,52931,14550,44.0,178,0,0
1768228294926127,52931,14550,48.0,30,0,0
1768228294928959,52931,14550,48.0,33,0,0
1768228294930001,52931,14550,39.0,74,0,0
1768228294932287,52931,14550,51.0,1,0,0
1768228294937203,52931,14550,22.0,125,0,0
1768228294939494,52931,14550,27.0,152,0,0
1768228294941530,52931,14550,44.0,62,0,0
1768228294944201,52931,14550,25.0,42,0,0
1768228294946780,52931,14550,32.0,36,0,0
1768228294951752,52931,14550,62.0,65,0,0
1768228294953785,52931,14550,49.0,27,0,0
1768228294955729,52931,14550,44.0,116,0,0
1768228294959173,52931,14550,42.0,129,0,0
1768228294961668,52931,14550,34.0,29,0,0
1768228294963496,52931,14550,34.0,137,0,0
1768228294965915,52931,14550,60.0,24,0,0
1768228294968267,52931,14550,53.0,124,0,0
1768228294970731,52931,14550,31.0,2,0,0
1768228294972404,52931,14550,64.0,164,0,0
1768228294973513,52931,14550,24.0,168,0,0
1768228294974949,52931,14550,42.0,136,0,0
1768228294976896,52931,14550,42.0,193,0,0
1768228294978596,52931,14550,48.0,32,0,0
1768228294979694,52931,14550,40.0,241,0,0
1768228294981177,52931,14550,61.0,147,0,0
1768228294983717,52931,14550,64.0,11030,0,0
1768228295088441,5760,58419,,264,1,0
1768228295089300,52931,14550,47.0,264,0,0
1768228295174391,52931,14550,48.0,163,0,0
1768228295176266,52931,14550,44.0,178,0,0
1768228295177472,52931,14550,48.0,30,0,0
1768228295180667,52931,14550,48.0,33,0,0
1768228295181985,52931,14550,39.0,74,0,0
1768228295184163,52931,14550,51.0,1,0,0
1768228295185904,52931,14550,22.0,125,0,0
1768228295187199,52931,14550,27.0,152,0,0
1768228295188630,52931,14550,44.0,62,0,0
1768228295190844,52931,14550,25.0,42,0,0
1768228295192601,52931,14550,32.0,36,0,0
1768228295193641,52931,14550,62.0,65,0,0
1768228295194847,52931,14550,49.0,27,0,0
1768228295196022,52931,14550,44.0,116,0,0
1768228295197019,52931,14550,42.0,129,0,0
1768228295197927,52931,14550,34.0,29,0,0
1768228295198891,52931,14550,34.0,137,0,0
1768228295199787,52931,14550,60.0,24,0,0
1768228295201256,52931,14550,53.0,124,0,0
1768228295202965,52931,14550,31.0,2,0,0
1768228295203980,52931,14550,64.0,164,0,0
1768228295205427,52931,14550,24.0,168,0,0
1768228295206793,52931,14550,42.0,136,0,0
1768228295207891,52931,14550,42.0,193,0,0
1768228295209453,52931,14550,48.0,32,0,0
1768228295210773,52931,14550,40.0,241,0,0
1768228295211908,52931,14550,61.0,147,0,0
1768228295212824,52931,14550,64.0,11030,0,0
1768228295268840,58419,5760,,0,1,0
1768228295426833,52931,14550,48.0,163,0,0
1768228295428596,52931,14550,44.0,178,0,0
1768228295429712,52931,14550,48.0,30,0,0
1768228295431337,52931,14550,48.0,33,0,0
1768228295432839,52931,14550,39.0,74,0,0
1768228295436196,52931,14550,51.0,1,0,0
1768228295443332,52931,14550,22.0,125,0,0
1768228295445896,52931,14550,27.0,152,0,0
1768228295446934,52931,14550,44.0,62,0,0
1768228295450282,52931,14550,25.0,42,0,0
1768228295452853,52931,14550,32.0,36,0,0
1768228295455372,52931,14550,62.0,65,0,0
1768228295456632,52931,14550,49.0,27,0,0
1768228295458798,52931,14550,44.0,116,0,0
1768228295460200,52931,14550,42.0,129,0,0
1768228295464347,52931,14550,34.0,29,0,0
1768228295466833,52931,14550,34.0,137,0,0
1768228295468272,52931,14550,60.0,24,0,0
1768228295470857,52931,14550,53.0,124,0,0
1768228295475272,52931,14550,31.0,2,0,0
1768228295478207,52931,14550,64.0,164,0,0
1768228295479768,52931,14550,24.0,168,0,0
1768228295482592,52931,14550,42.0,136,0,0
1768228295485328,52931,14550,42.0,193,0,0
1768228295489932,52931,14550,48.0,32,0,0
1768228295492969,52931,14550,40.0,241,0,0
1768228295495177,52931,14550,61.0,147,0,0
1768228295498927,5760,58419,,0,1,0
1768228295503725,52931,14550,64.0,11030,0,0
1768228295507558,52931,14550,29.0,0,0,0
1768228295590512,5760,58419,,264,1,0
1768228295592111,52931,14550,47.0,264,0,0
1768228295679459,52931,14550,48.0,163,0,0
1768228295681731,52931,14550,44.0,178,0,0
1768228295683422,52931,14550,48.0,30,0,0
1768228295686911,52931,14550,48.0,33,0,0
1768228295690723,52931,14550,39.0,74,0,0
1768228295696390,52931,14550,51.0,1,0,0
1768228295702220,52931,14550,22.0,125,0,0
1768228295704381,52931,14550,27.0,152,0,0
1768228295706882,52931,14550,44.0,62,0,0
1768228295710281,52931,14550,25.0,42,0,0
1768228295713325,52931,14550,32.0,36,0,0
1768228295714786,52931,14550,62.0,65,0,0
1768228295716323,52931,14550,49.0,27,0,0
1768228295717802,52931,14550,44.0,116,0,0
1768228295719338,52931,14550,42.0,129,0,0
1768228295720986,52931,14550,34.0,29,0,0
1768228295723548,52931,14550,34.0,137,0,0
1768228295725165,52931,14550,60.0,24,0,0
1768228295727578,52931,14550,53.0,124,0,0
1768228295730099,52931,14550,31.0,2,0,0
1768228295731480,52931,14550,64.0,164,0,0
1768228295732770,52931,14550,24.0,168,0,0
1768228295735838,52931,14550,42.0,136,0,0
1768228295738225,52931,14550,42.0,193,0,0
1768228295740759,52931,14550,48.0,32,0,0
1768228295742285,52931,14550,40.0,241,0,0
1768228295743988,52931,14550,61.0,147,0,0
1768228295745942,52931,14550,64.0,11030,0,0
1768228295928509,52931,14550,48.0,163,0,0
1768228295930854,52931,14550,44.0,178,0,0
1768228295933666,52931,14550,48.0,30,0,0
1768228295937895,52931,14550,48.0,33,0,0
1768228295941341,52931,14550,39.0,74,0,0
1768228295945836,52931,14550,51.0,1,0,0
1768228295952469,52931,14550,22.0,125,0,0
1768228295959319,52931,14550,27.0,152,0,0
1768228295960908,52931,14550,44.0,62,0,0
1768228295964939,52931,14550,25.0,42,0,0
1768228295970199,52931,14550,32.0,36,0,0
1768228295973122,52931,14550,62.0,65,0,0
1768228295976512,52931,14550,49.0,27,0,0
1768228295982823,52931,14550,44.0,116,0,0
1768228295984645,52931,14550,42.0,129,0,0
1768228295986636,52931,14550,34.0,29,0,0
1768228295988889,52931,14550,34.0,137,0,0
1768228295991090,52931,14550,60.0,24,0,0
1768228295994078,52931,14550,53.0,124,0,0
1768228295996819,52931,14550,31.0,2,0,0
1768228295998738,52931,14550,64.0,164,0,0
1768228296000341,52931,14550,24.0,168,0,0
1768228296002734,52931,14550,42.0,136,0,0
1768228296004720,52931,14550,42.0,193,0,0
1768228296007140,52931,14550,48.0,32,0,0
1768228296008832,52931,14550,40.0,241,0,0
1768228296011371,52931,14550,61.0,147,0,0
1768228296013145,52931,14550,64.0,11030,0,0
1768228296096170,5760,58419,,264,1,0
1768228296096958,52931,14550,47.0,264,0,0
1768228296181596,52931,14550,48.0,163,0,0
1768228296183763,52931,14550,44.0,178,0,0
1768228296185039,52931,14550,48.0,30,0,0
1768228296186210,52931,14550,48.0,33,0,0
1768228296187489,52931,14550,39.0,74,0,0
1768228296189896,52931,14550,51.0,1,0,0
1768228296191587,52931,14550,22.0,125,0,0
1768228296192587,52931,14550,27.0,152,0,0
1768228296193466,52931,14550,44.0,62,0,0
1768228296194827,52931,14550,25.0,42,0,0
1768228296196535,52931,14550,32.0,36,0,0
1768228296197757,52931,14550,62.0,65,0,0
1768228296198633,52931,14550,49.0,27,0,0
1768228296199396,52931,14550,44.0,116,0,0
1768228296200481,52931,14550,42.0,129,0,0
1768228296201655,52931,14550,34.0,29,0,0
1768228296202900,52931,14550,34.0,137,0,0
1768228296204443,52931,14550,60.0,24,0,0
1768228296206112,52931,14550,53.0,124,0,0
1768228296207462,52931,14550,31.0,2,0,0
1768228296208513,52931,14550,64.0,164,0,0
1768228296209653,52931,14550,24.0,168,0,0
1768228296210862,52931,14550,42.0,136,0,0
1768228296212112,52931,14550,42.0,193,0,0
1768228296213678,52931,14550,48.0,32,0,0
1768228296214763,52931,14550,40.0,241,0,0
1768228296216182,52931,14550,61.0,147,0,0
1768228296217229,52931,14550,64.0,11030,0,0
1768228296273394,58419,5760,,0,1,0
1768228296434102,52931,14550,48.0,163,0,0
1768228296435903,52931,14550,44.0,178,0,0
1768228296437952,52931,14550,48.0,30,0,0
1768228296440293,52931,14550,48.0,33,0,0
1768228296442057,52931,14550,39.0,74,0,0
1768228296445382,52931,14550,51.0,1,0,0
1768228296451821,52931,14550,22.0,125,0,0
1768228296455703,52931,14550,27.0,152,0,0
1768228296457440,52931,14550,44.0,62,0,0
1768228296461055,52931,14550,25.0,42,0,0
1768228296465019,52931,14550,32.0,36,0,0
1768228296466300,52931,14550,62.0,65,0,0
1768228296468531,52931,14550,49.0,27,0,0
1768228296469982,52931,14550,44.0,116,0,0
1768228296471696,52931,14550,42.0,129,0,0
1768228296473089,52931,14550,34.0,29,0,0
1768228296474784,52931,14550,34.0,137,0,0
1768228296478218,52931,14550,60.0,24,0,0
1768228296480203,52931,14550,53.0,124,0,0
1768228296481554,52931,14550,31.0,2,0,0
1768228296483073,52931,14550,64.0,164,0,0
1768228296484422,52931,14550,24.0,168,0,0
1768228296487836,52931,14550,42.0,136,0,0
1768228296490407,52931,14550,42.0,193,0,0
1768228296492309,52931,14550,48.0,32,0,0
1768228296495735,52931,14550,40.0,241,0,0
1768228296496940,52931,14550,61.0,147,0,0
1768228296498282,52931,14550,64.0,11030,0,0
1768228296506177,5760,58419,,0,1,0
1768228296507233,52931,14550,29.0,0,0,0
1768228296597380,5760,58419,,264,1,0
1768228296598421,52931,14550,47.0,264,0,0
1768228296682954,52931,14550,48.0,163,0,0
1768228296685970,52931,14550,44.0,178,0,0
1768228296688820,52931,14550,48.0,30,0,0
1768228296690660,52931,14550,48.0,33,0,0
1768228296692499,52931,14550,39.0,74,0,0
1768228296696434,52931,14550,51.0,1,0,0
1768228296700794,52931,14550,22.0,125,0,0
1768228296703205,52931,14550,27.0,152,0,0
1768228296705349,52931,14550,44.0,62,0,0
1768228296708608,52931,14550,25.0,42,0,0
1768228296711523,52931,14550,32.0,36,0,0
1768228296713255,52931,14550,62.0,65,0,0
1768228296715170,52931,14550,49.0,27,0,0
1768228296716732,52931,14550,44.0,116,0,0
1768228296718501,52931,14550,42.0,129,0,0
1768228296719833,52931,14550,34.0,29,0,0
1768228296722025,52931,14550,34.0,137,0,0
1768228296724480,52931,14550,60.0,24,0,0
1768228296726773,52931,14550,53.0,124,0,0
1768228296729155,52931,14550,31.0,2,0,0
1768228296730526,52931,14550,64.0,164,0,0
1768228296732979,52931,14550,24.0,168,0,0
1768228296735224,52931,14550,42.0,136,0,0
1768228296736904,52931,14550,42.0,193,0,0
1768228296739217,52931,14550,48.0,32,0,0
1768228296741318,52931,14550,40.0,241,0,0
1768228296743561,52931,14550,61.0,147,0,0
1768228296745479,52931,14550,64.0,11030,0,0
1768228296936436,52931,14550,48.0,163,0,0
1768228296940834,52931,14550,44.0,178,0,0
1768228296942379,52931,14550,48.0,30,0,0
1768228296946662,52931,14550,48.0,33,0,0
1768228296949849,52931,14550,39.0,74,0,0
1768228296953656,52931,14550,51.0,1,0,0
1768228296963181,52931,14550,22.0,125,0,0
1768228296966011,52931,14550,27.0,152,0,0
1768228296968828,52931,14550,44.0,62,0,0
1768228296973081,52931,14550,25.0,42,0,0
1768228296975873,52931,14550,32.0,36,0,0
1768228296977833,52931,14550,62.0,65,0,0
1768228296980217,52931,14550,49.0,27,0,0
1768228296981831,52931,14550,44.0,116,0,0
1768228296983305,52931,14550,42.0,129,0,0
1768228296985080,52931,14550,34.0,29,0,0
1768228296986284,52931,14550,34.0,137,0,0
1768228296987257,52931,14550,60.0,24,0,0
1768228296991227,52931,14550,53.0,124,0,0
1768228296994155,52931,14550,31.0,2,0,0
1768228296996107,52931,14550,64.0,164,0,0
1768228296998374,52931,14550,24.0,168,0,0
1768228297000154,52931,14550,42.0,136,0,0
1768228297001584,52931,14550,42.0,193,0,0
1768228297004604,52931,14550,48.0,32,0,0
1768228297005483,52931,14550,40.0,241,0,0
1768228297006580,52931,14550,61.0,147,0,0
1768228297008605,52931,14550,64.0,11030,0,0
1768228297099614,5760,58419,,264,1,0
1768228297100870,52931,14550,47.0,264,0,0
1768228297190982,52931,14550,48.0,163,0,0
1768228297194626,52931,14550,44.0,178,0,0
1768228297197904,52931,14550,48.0,30,0,0
1768228297200530,52931,14550,48.0,33,0,0
1768228297202431,52931,14550,39.0,74,0,0
1768228297208093,52931,14550,51.0,1,0,0
1768228297211682,52931,14550,22.0,125,0,0
1768228297213993,52931,14550,27.0,152,0,0
1768228297215436,52931,14550,44.0,62,0,0
1768228297218263,52931,14550,25.0,42,0,0
1768228297220942,52931,14550,32.0,36,0,0
1768228297223403,52931,14550,62.0,65,0,0
1768228297225252,52931,14550,49.0,27,0,0
1768228297226892,52931,14550,44.0,116,0,0
1768228297228933,52931,14550,42.0,129,0,0
1768228297230717,52931,14550,34.0,29,0,0
1768228297232800,52931,14550,34.0,137,0,0
1768228297234641,52931,14550,60.0,24,0,0
1768228297237809,52931,14550,53.0,124,0,0
1768228297239870,52931,14550,31.0,2,0,0
1768228297242215,52931,14550,64.0,164,0,0
1768228297244281,52931,14550,24.0,168,0,0
1768228297245974,52931,14550,42.0,136,0,0
1768228297247719,52931,14550,42.0,193,0,0
1768228297250033,52931,14550,48.0,32,0,0
1768228297251976,52931,14550,40.0,241,0,0
1768228297254283,52931,14550,61.0,147,0,0
1768228297255765,52931,14550,64.0,11030,0,0
1768228297280290,58419,5760,,0,1,0
1768228297438281,52931,14550,48.0,163,0,0
1768228297441653,52931,14550,44.0,178,0,0
1768228297444417,52931,14550,48.0,30,0,0
1768228297447276,52931,14550,48.0,33,0,0
1768228297448839,52931,14550,39.0,74,0,0
1768228297457881,52931,14550,51.0,1,0,0
1768228297471250,52931,14550,22.0,125,0,0
1768228297475435,52931,14550,27.0,152,0,0
1768228297477597,52931,14550,44.0,62,0,0
1768228297482340,52931,14550,25.0,42,0,0
1768228297486011,52931,14550,32.0,36,0,0
1768228297489365,52931,14550,62.0,65,0,0
1768228297491687,52931,14550,49.0,27,0,0
1768228297494115,52931,14550,44.0,116,0,0
1768228297495911,52931,14550,42.0,129,0,0
1768228297498154,52931,14550,34.0,29,0,0
1768228297500812,52931,14550,34.0,137,0,0
1768228297504990,52931,14550,60.0,24,0,0
1768228297509882,52931,14550,53.0,124,0,0
1768228297512050,5760,58419,,0,1,0
1768228297512689,52931,14550,31.0,2,0,0
1768228297515459,52931,14550,64.0,164,0,0
1768228297518285,52931,14550,24.0,168,0,0
1768228297520578,52931,14550,42.0,136,0,0
1768228297522852,52931,14550,42.0,193,0,0
1768228297524829,52931,14550,48.0,32,0,0
1768228297526393,52931,14550,40.0,241,0,0
1768228297527808,52931,14550,61.0,147,0,0
1768228297529263,52931,14550,64.0,11030,0,0
1768228297533046,52931,14550,29.0,0,0,0
1768228297604578,5760,58419,,264,1,0
1768228297605373,52931,14550,47.0,264,0,0
1768228297687452,52931,14550,48.0,163,0,0
1768228297689537,52931,14550,44.0,178,0,0
1768228297690964,52931,14550,48.0,30,0,0
1768228297692378,52931,14550,48.0,33,0,0
1768228297693627,52931,14550,39.0,74,0,0
1768228297695321,52931,14550,51.0,1,0,0
1768228297696755,52931,14550,22.0,125,0,0
1768228297698185,52931,14550,27.0,152,0,0
1768228297699193,52931,14550,44.0,62,0,0
1768228297700644,52931,14550,25.0,42,0,0
1768228297701961,52931,14550,32.0,36,0,0
1768228297703028,52931,14550,62.0,65,0,0
1768228297704208,52931,14550,49.0,27,0,0
1768228297705044,52931,14550,44.0,116,0,0
1768228297706065,52931,14550,42.0,129,0,0
1768228297706958,52931,14550,34.0,29,0,0
1768228297707877,52931,14550,34.0,137,0,0
1768228297708736,52931,14550,60.0,24,0,0
1768228297710062,52931,14550,53.0,124,0,0
1768228297711174,52931,14550,31.0,2,0,0
1768228297712094,52931,14550,64.0,164,0,0
1768228297712885,52931,14550,24.0,168,0,0
1768228297713970,52931,14550,42.0,136,0,0
1768228297715088,52931,14550,42.0,193,0,0
1768228297716414,52931,14550,48.0,32,0,0
1768228297717485,52931,14550,40.0,241,0,0
1768228297718598,52931,14550,61.0,147,0,0
1768228297719796,52931,14550,64.0,11030,0,0
1768228297942770,52931,14550,48.0,163,0,0
1768228297945444,52931,14550,44.0,178,0,0
1768228297948245,52931,14550,48.0,30,0,0
1768228297950753,52931,14550,48.0,33,0,0
1768228297954137,52931,14550,39.0,74,0,0
1768228297957883,52931,14550,51.0,1,0,0
1768228297964969,52931,14550,22.0,125,0,0
1768228297968227,52931,14550,27.0,152,0,0
1768228297971022,52931,14550,44.0,62,0,0
1768228297975988,52931,14550,25.0,42,0,0
1768228297979170,52931,14550,32.0,36,0,0
1768228297980863,52931,14550,62.0,65,0,0
1768228297983905,52931,14550,49.0,27,0,0
1768228297986097,52931,14550,44.0,116,0,0
1768228297991882,52931,14550,42.0,129,0,0
1768228297993738,52931,14550,34.0,29,0,0
1768228297996725,52931,14550,34.0,137,0,0
1768228297998066,52931,14550,60.0,24,0,0
1768228298000452,52931,14550,53.0,124,0,0
1768228298002356,52931,14550,31.0,2,0,0
1768228298005544,52931,14550,64.0,164,0,0
1768228298007981,52931,14550,24.0,168,0,0
1768228298010403,52931,14550,42.0,136,0,0
1768228298012674,52931,14550,42.0,193,0,0
1768228298015780,52931,14550,48.0,32,0,0
1768228298017950,52931,14550,40.0,241,0,0
1768228298020220,52931,14550,61.0,147,0,0
1768228298022183,52931,14550,64.0,11030,0,0
1768228298105328,5760,58419,,264,1,0
1768228298106489,52931,14550,47.0,264,0,0
1768228298194341,52931,14550,48.0,163,0,0
1768228298197716,52931,14550,44.0,178,0,0
1768228298199468,52931,14550,48.0,30,0,0
1768228298203213,52931,14550,48.0,33,0,0
1768228298205968,52931,14550,39.0,74,0,0
1768228298210179,52931,14550,51.0,1,0,0
1768228298214196,52931,14550,22.0,125,0,0
1768228298216965,52931,14550,27.0,152,0,0
1768228298218957,52931,14550,44.0,62,0,0
1768228298222093,52931,14550,25.0,42,0,0
1768228298225152,52931,14550,32.0,36,0,0
1768228298227442,52931,14550,62.0,65,0,0
1768228298229417,52931,14550,49.0,27,0,0
1768228298231497,52931,14550,44.0,116,0,0
1768228298233383,52931,14550,42.0,129,0,0
1768228298235164,52931,14550,34.0,29,0,0
1768228298237136,52931,14550,34.0,137,0,0
1768228298238800,52931,14550,60.0,24,0,0
1768228298241913,52931,14550,53.0,124,0,0
1768228298244149,52931,14550,31.0,2,0,0
1768228298245849,52931,14550,64.0,164,0,0
1768228298247490,52931,14550,24.0,168,0,0
1768228298249495,52931,14550,42.0,136,0,0
1768228298251254,52931,14550,42.0,193,0,0
1768228298253714,52931,14550,48.0,32,0,0
1768228298255391,52931,14550,40.0,241,0,0
1768228298257085,52931,14550,61.0,147,0,0
1768228298258784,52931,14550,64.0,11030,0,0
1768228298283427,58419,5760,,0,1,0
1768228298444444,52931,14550,48.0,163,0,0
1768228298446478,52931,14550,44.0,178,0,0
1768228298447996,52931,14550,48.0,30,0,0
1768228298452278,52931,14550,48.0,33,0,0
1768228298455427,52931,14550,39.0,74,0,0
1768228298460341,52931,14550,51.0,1,0,0
1768228298465686,52931,14550,22.0,125,0,0
1768228298469584,52931,14550,27.0,152,0,0
1768228298472541,52931,14550,44.0,62,0,0
1768228298475799,52931,14550,25.0,42,0,0
1768228298481929,52931,14550,32.0,36,0,0
1768228298485632,52931,14550,62.0,65,0,0
1768228298487726,52931,14550,49.0,27,0,0
1768228298489824,52931,14550,44.0,116,0,0
1768228298492768,52931,14550,42.0,129,0,0
1768228298495437,52931,14550,34.0,29,0,0
1768228298499049,52931,14550,34.0,137,0,0
1768228298502875,52931,14550,60.0,24,0,0
1768228298506078,52931,14550,53.0,124,0,0
1768228298510678,52931,14550,31.0,2,0,0
1768228298512644,52931,14550,64.0,164,0,0
1768228298515765,52931,14550,24.0,168,0,0
1768228298516899,5760,58419,,0,1,0
1768228298518700,52931,14550,42.0,136,0,0
1768228298522882,52931,14550,42.0,193,0,0
1768228298525155,52931,14550,48.0,32,0,0
1768228298528040,52931,14550,40.0,241,0,0
1768228298530343,52931,14550,61.0,147,0,0
1768228298534072,52931,14550,64.0,11030,0,0
1768228298538645,52931,14550,29.0,0,0,0
1768228298606979,5760,58419,,264,1,0
1768228298607800,52931,14550,47.0,264,0,0
1768228298697463,52931,14550,48.0,163,0,0
1768228298699370,52931,14550,44.0,178,0,0
1768228298700790,52931,14550,48.0,30,0,0
1768228298702539,52931,14550,48.0,33,0,0
1768228298704304,52931,14550,39.0,74,0,0
1768228298706011,52931,14550,51.0,1,0,0
1768228298707644,52931,14550,22.0,125,0,0
1768228298708809,52931,14550,27.0,152,0,0
1768228298709622,52931,14550,44.0,62,0,0
1768228298711080,52931,14550,25.0,42,0,0
1768228298712294,52931,14550,32.0,36,0,0
1768228298713271,52931,14550,62.0,65,0,0
1768228298714964,52931,14550,49.0,27,0,0
1768228298716477,52931,14550,44.0,116,0,0
1768228298717442,52931,14550,42.0,129,0,0
1768228298718383,52931,14550,34.0,29,0,0
1768228298719379,52931,14550,34.0,137,0,0
1768228298720319,52931,14550,60.0,24,0,0
1768228298721735,52931,14550,53.0,124,0,0
1768228298723452,52931,14550,31.0,2,0,0
1768228298724829,52931,14550,64.0,164,0,0
1768228298725772,52931,14550,24.0,168,0,0
1768228298727226,52931,14550,42.0,136,0,0
1768228298728628,52931,14550,42.0,193,0,0
1768228298730216,52931,14550,48.0,32,0,0
1768228298731042,52931,14550,40.0,241,0,0
1768228298731953,52931,14550,61.0,147,0,0
1768228298733040,52931,14550,64.0,11030,0,0
1768228298948336,52931,14550,48.0,163,0,0
1768228298951751,52931,14550,44.0,178,0,0
1768228298956547,52931,14550,48.0,30,0,0
1768228298960241,52931,14550,48.0,33,0,0
1768228298962364,52931,14550,39.0,74,0,0
1768228298967136,52931,14550,51.0,1,0,0
1768228298971503,52931,14550,22.0,125,0,0
1768228298976366,52931,14550,27.0,152,0,0
1768228298978535,52931,14550,44.0,62,0,0
1768228298981771,52931,14550,25.0,42,0,0
1768228298985733,52931,14550,32.0,36,0,0
1768228298992161,52931,14550,62.0,65,0,0
1768228298995445,52931,14550,49.0,27,0,0
1768228298998304,52931,14550,44.0,116,0,0
1768228299002142,52931,14550,42.0,129,0,0
1768228299005135,52931,14550,34.0,29,0,0
1768228299009959,52931,14550,34.0,137,0,0
1768228299013224,52931,14550,60.0,24,0,0
1768228299016175,52931,14550,53.0,124,0,0
1768228299020767,52931,14550,31.0,2,0,0
1768228299022978,52931,14550,64.0,164,0,0
1768228299025893,52931,14550,24.0,168,0,0
1768228299028051,52931,14550,42.0,136,0,0
1768228299031387,52931,14550,42.0,193,0,0
1768228299035044,52931,14550,48.0,32,0,0
1768228299038810,52931,14550,40.0,241,0,0
1768228299041273,52931,14550,61.0,147,0,0
1768228299043175,52931,14550,64.0,11030,0,0
1768228299108559,5760,58419,,264,1,0
1768228299109741,52931,14550,47.0,264,0,0
1768228299199694,52931,14550,48.0,163,0,0
1768228299201778,52931,14550,44.0,178,0,0
1768228299203546,52931,14550,48.0,30,0,0
1768228299209129,52931,14550,48.0,33,0,0
1768228299211765,52931,14550,39.0,74,0,0
1768228299215863,52931,14550,51.0,1,0,0
1768228299219786,52931,14550,22.0,125,0,0
1768228299222133,52931,14550,27.0,152,0,0
1768228299224112,52931,14550,44.0,62,0,0
1768228299226811,52931,14550,25.0,42,0,0
1768228299230034,52931,14550,32.0,36,0,0
1768228299232070,52931,14550,62.0,65,0,0
1768228299234262,52931,14550,49.0,27,0,0
1768228299236161,52931,14550,44.0,116,0,0
1768228299237923,52931,14550,42.0,129,0,0
1768228299240307,52931,14550,34.0,29,0,0
1768228299242630,52931,14550,34.0,137,0,0
1768228299244647,52931,14550,60.0,24,0,0
1768228299246240,52931,14550,53.0,124,0,0
1768228299247637,52931,14550,31.0,2,0,0
1768228299249177,52931,14550,64.0,164,0,0
1768228299250694,52931,14550,24.0,168,0,0
1768228299252200,52931,14550,42.0,136,0,0
1768228299253626,52931,14550,42.0,193,0,0
1768228299255118,52931,14550,48.0,32,0,0
1768228299256437,52931,14550,40.0,241,0,0
1768228299258091,52931,14550,61.0,147,0,0
1768228299259211,52931,14550,64.0,11030,0,0
1768228299293887,58419,5760,,0,1,0
1768228299451752,52931,14550,48.0,163,0,0
1768228299453582,52931,14550,44.0,178,0,0
1768228299454790,52931,14550,48.0,30,0,0
1768228299456675,52931,14550,48.0,33,0,0
1768228299457908,52931,14550,39.0,74,0,0
1768228299464205,52931,14550,51.0,1,0,0
1768228299467591,52931,14550,22.0,125,0,0
1768228299469253,52931,14550,27.0,152,0,0
1768228299470535,52931,14550,44.0,62,0,0
1768228299474059,52931,14550,25.0,42,0,0
1768228299476864,52931,14550,32.0,36,0,0
1768228299478397,52931,14550,62.0,65,0,0
1768228299480021,52931,14550,49.0,27,0,0
1768228299482373,52931,14550,44.0,116,0,0
1768228299485477,52931,14550,42.0,129,0,0
1768228299486999,52931,14550,34.0,29,0,0
1768228299490330,52931,14550,34.0,137,0,0
1768228299493315,52931,14550,60.0,24,0,0
1768228299496734,52931,14550,53.0,124,0,0
1768228299498890,52931,14550,31.0,2,0,0
1768228299500600,52931,14550,64.0,164,0,0
1768228299503185,52931,14550,24.0,168,0,0
1768228299505011,52931,14550,42.0,136,0,0
1768228299507517,52931,14550,42.0,193,0,0
1768228299509798,52931,14550,48.0,32,0,0
1768228299512260,52931,14550,40.0,241,0,0
1768228299514173,52931,14550,61.0,147,0,0
1768228299515883,52931,14550,64.0,11030,0,0
1768228299521788,5760,58419,,0,1,0
1768228299523361,52931,14550,29.0,0,0,0
1768228299616967,5760,58419,,264,1,0
1768228299618088,52931,14550,47.0,264,0,0
1768228299700764,52931,14550,48.0,163,0,0
1768228299703239,52931,14550,44.0,178,0,0
1768228299704951,52931,14550,48.0,30,0,0
1768228299708251,52931,14550,48.0,33,0,0
1768228299710940,52931,14550,39.0,74,0,0
1768228299715794,52931,14550,51.0,1,0,0
1768228299720320,52931,14550,22.0,125,0,0
1768228299722703,52931,14550,27.0,152,0,0
1768228299724498,52931,14550,44.0,62,0,0
1768228299726920,52931,14550,25.0,42,0,0
1768228299729576,52931,14550,32.0,36,0,0
1768228299731196,52931,14550,62.0,65,0,0
1768228299732681,52931,14550,49.0,27,0,0
1768228299734400,52931,14550,44.0,116,0,0
1768228299735982,52931,14550,42.0,129,0,0
1768228299737627,52931,14550,34.0,29,0,0
1768228299739347,52931,14550,34.0,137,0,0
1768228299741506,52931,14550,60.0,24,0,0
1768228299744791,52931,14550,53.0,124,0,0
1768228299747081,52931,14550,31.0,2,0,0
1768228299748958,52931,14550,64.0,164,0,0
1768228299750557,52931,14550,24.0,168,0,0
1768228299752727,52931,14550,42.0,136,0,0
1768228299754476,52931,14550,42.0,193,0,0
1768228299756124,52931,14550,48.0,32,0,0
1768228299757864,52931,14550,40.0,241,0,0
1768228299759362,52931,14550,61.0,147,0,0
1768228299761934,52931,14550,64.0,11030,0,0
1768228299954050,52931,14550,48.0,163,0,0
1768228299957025,52931,14550,44.0,178,0,0
1768228299961300,52931,14550,48.0,30,0,0
1768228299965212,52931,14550,48.0,33,0,0
1768228299968558,52931,14550,39.0,74,0,0
1768228299973369,52931,14550,51.0,1,0,0
1768228299979621,52931,14550,22.0,125,0,0
1768228299984191,52931,14550,27.0,152,0,0
1768228299987143,52931,14550,44.0,62,0,0
1768228299991519,52931,14550,25.0,42,0,0
1768228299994536,52931,14550,32.0,36,0,0
1768228299997485,52931,14550,62.0,65,0,0
1768228300001407,52931,14550,49.0,27,0,0
1768228300003512,52931,14550,44.0,116,0,0
1768228300005609,52931,14550,42.0,129,0,0
1768228300008337,52931,14550,34.0,29,0,0
1768228300014981,52931,14550,34.0,137,0,0
1768228300018301,52931,14550,60.0,24,0,0
1768228300023259,52931,14550,53.0,124,0,0
1768228300026308,52931,14550,31.0,2,0,0
1768228300028810,52931,14550,64.0,164,0,0
1768228300032675,52931,14550,24.0,168,0,0
1768228300036602,52931,14550,42.0,136,0,0
1768228300038907,52931,14550,42.0,193,0,0
1768228300041501,52931,14550,48.0,32,0,0
1768228300043620,52931,14550,40.0,241,0,0
1768228300045969,52931,14550,61.0,147,0,0
1768228300048014,52931,14550,64.0,11030,0,0
1768228300114735,5760,58419,,264,1,0
1768228300115473,52931,14550,47.0,264,0,0
1768228300203269,52931,14550,48.0,163,0,0
1768228300204832,52931,14550,44.0,178,0,0
1768228300205983,52931,14550,48.0,30,0,0
1768228300207702,52931,14550,48.0,33,0,0
1768228300208680,52931,14550,39.0,74,0,0
1768228300210979,52931,14550,51.0,1,0,0
1768228300213350,52931,14550,22.0,125,0,0
1768228300214882,52931,14550,27.0,152,0,0
1768228300215956,52931,14550,44.0,62,0,0
1768228300217588,52931,14550,25.0,42,0,0
1768228300219622,52931,14550,32.0,36,0,0
1768228300221013,52931,14550,62.0,65,0,0
1768228300222230,52931,14550,49.0,27,0,0
1768228300223350,52931,14550,44.0,116,0,0
1768228300224143,52931,14550,42.0,129,0,0
1768228300224946,52931,14550,34.0,29,0,0
1768228300225869,52931,14550,34.0,137,0,0
1768228300226863,52931,14550,60.0,24,0,0
1768228300228173,52931,14550,53.0,124,0,0
1768228300229385,52931,14550,31.0,2,0,0
1768228300230402,52931,14550,64.0,164,0,0
1768228300231434,52931,14550,24.0,168,0,0
1768228300232456,52931,14550,42.0,136,0,0
1768228300233278,52931,14550,42.0,193,0,0
1768228300234342,52931,14550,48.0,32,0,0
1768228300235185,52931,14550,40.0,241,0,0
1768228300236295,52931,14550,61.0,147,0,0
1768228300237271,52931,14550,64.0,11030,0,0
1768228300295239,58419,5760,,0,1,0
1768228300458400,52931,14550,48.0,163,0,0
1768228300462825,52931,14550,44.0,178,0,0
1768228300467113,52931,14550,48.0,30,0,0
1768228300471818,52931,14550,48.0,33,0,0
1768228300475003,52931,14550,39.0,74,0,0
1768228300478331,52931,14550,51.0,1,0,0
1768228300486563,52931,14550,22.0,125,0,0
1768228300489343,52931,14550,27.0,152,0,0
1768228300496217,52931,14550,43.0,62,0,0
1768228300500433,52931,14550,25.0,42,0,0
1768228300505590,52931,14550,32.0,36,0,0
1768228300508626,52931,14550,62.0,65,0,0
1768228300511565,52931,14550,49.0,27,0,0
1768228300514622,52931,14550,44.0,116,0,0
1768228300516942,52931,14550,42.0,129,0,0
1768228300518375,52931,14550,34.0,29,0,0
1768228300519607,52931,14550,34.0,137,0,0
1768228300520652,52931,14550,60.0,24,0,0
1768228300523071,52931,14550,53.0,124,0,0
1768228300524789,52931,14550,31.0,2,0,0
1768228300525847,52931,14550,64.0,164,0,0
1768228300526946,52931,14550,24.0,168,0,0
1768228300528107,52931,14550,42.0,136,0,0
1768228300528938,52931,14550,42.0,193,0,0
1768228300529791,5760,58419,,0,1,0
1768228300530026,52931,14550,48.0,32,0,0
1768228300530874,52931,14550,40.0,241,0,0
1768228300531787,52931,14550,61.0,147,0,0
1768228300532808,52931,14550,64.0,11030,0,0
1768228300534363,52931,14550,29.0,0,0,0
1768228300620228,5760,58419,,264,1,0
1768228300621026,52931,14550,47.0,264,0,0
1768228300703671,52931,14550,48.0,163,0,0
1768228300705672,52931,14550,44.0,178,0,0
1768228300707016,52931,14550,48.0,30,0,0
1768228300708394,52931,14550,48.0,33,0,0
1768228300709638,52931,14550,39.0,74,0,0
1768228300712119,52931,14550,51.0,1,0,0
1768228300714112,52931,14550,22.0,125,0,0
1768228300715421,52931,14550,27.0,152,0,0
1768228300716301,52931,14550,44.0,62,0,0
1768228300718250,52931,14550,25.0,42,0,0
1768228300719319,52931,14550,32.0,36,0,0
1768228300720293,52931,14550,62.0,65,0,0
1768228300721427,52931,14550,49.0,27,0,0
1768228300722456,52931,14550,44.0,116,0,0
1768228300723597,52931,14550,42.0,129,0,0
1768228300724592,52931,14550,34.0,29,0,0
1768228300725429,52931,14550,34.0,137,0,0
1768228300726369,52931,14550,60.0,24,0,0
1768228300727731,52931,14550,53.0,124,0,0
1768228300728919,52931,14550,31.0,2,0,0
1768228300729954,52931,14550,64.0,164,0,0
1768228300730813,52931,14550,24.0,168,0,0
1768228300731790,52931,14550,42.0,136,0,0
1768228300732696,52931,14550,42.0,193,0,0
1768228300733677,52931,14550,48.0,32,0,0
1768228300734501,52931,14550,40.0,241,0,0
1768228300735361,52931,14550,61.0,147,0,0
1768228300736368,52931,14550,64.0,11030,0,0
1768228300957122,52931,14550,48.0,163,0,0
1768228300961078,52931,14550,44.0,178,0,0
1768228300965161,52931,14550,48.0,30,0,0
1768228300969623,52931,14550,48.0,33,0,0
1768228300973177,52931,14550,39.0,74,0,0
1768228300977814,52931,14550,51.0,1,0,0
1768228300986036,52931,14550,22.0,125,0,0
1768228300991783,52931,14550,27.0,152,0,0
1768228300994747,52931,14550,43.0,62,0,0
1768228300998457,52931,14550,25.0,42,0,0
1768228301001793,52931,14550,32.0,36,0,0
1768228301006717,52931,14550,62.0,65,0,0
1768228301011410,52931,14550,49.0,27,0,0
1768228301013012,52931,14550,44.0,116,0,0
1768228301014580,52931,14550,42.0,129,0,0
1768228301015756,52931,14550,34.0,29,0,0
1768228301019243,52931,14550,34.0,137,0,0
1768228301022735,52931,14550,60.0,24,0,0
1768228301025033,52931,14550,53.0,124,0,0
1768228301026363,52931,14550,31.0,2,0,0
1768228301027331,52931,14550,64.0,164,0,0
1768228301028780,52931,14550,24.0,168,0,0
1768228301029878,52931,14550,42.0,136,0,0
1768228301031163,52931,14550,42.0,193,0,0
1768228301032544,52931,14550,48.0,32,0,0
1768228301033825,52931,14550,40.0,241,0,0
1768228301035134,52931,14550,61.0,147,0,0
1768228301036081,52931,14550,64.0,11030,0,0
1768228301121576,5760,58419,,264,1,0
1768228301122381,52931,14550,47.0,264,0,0
1768228301206616,52931,14550,48.0,163,0,0
1768228301208339,52931,14550,44.0,178,0,0
1768228301210031,52931,14550,48.0,30,0,0
1768228301211564,52931,14550,48.0,33,0,0
1768228301213811,52931,14550,39.0,74,0,0
1768228301215587,52931,14550,51.0,1,0,0
1768228301217420,52931,14550,22.0,125,0,0
1768228301218979,52931,14550,27.0,152,0,0
1768228301220097,52931,14550,44.0,62,0,0
1768228301221967,52931,14550,25.0,42,0,0
1768228301223475,52931,14550,32.0,36,0,0
1768228301224385,52931,14550,62.0,65,0,0
1768228301225253,52931,14550,49.0,27,0,0
1768228301225999,52931,14550,44.0,116,0,0
1768228301227204,52931,14550,42.0,129,0,0
1768228301228015,52931,14550,34.0,29,0,0
1768228301228881,52931,14550,34.0,137,0,0
1768228301229911,52931,14550,60.0,24,0,0
1768228301231464,52931,14550,53.0,124,0,0
1768228301232867,52931,14550,31.0,2,0,0
1768228301234083,52931,14550,64.0,164,0,0
1768228301235030,52931,14550,24.0,168,0,0
1768228301236089,52931,14550,42.0,136,0,0
1768228301237095,52931,14550,42.0,193,0,0
1768228301238466,52931,14550,48.0,32,0,0
1768228301239452,52931,14550,40.0,241,0,0
1768228301240603,52931,14550,61.0,147,0,0
1768228301241515,52931,14550,64.0,11030,0,0
1768228301297833,58419,5760,,0,1,0
1768228301458555,52931,14550,48.0,163,0,0
1768228301462220,52931,14550,44.0,178,0,0
1768228301463927,52931,14550,48.0,30,0,0
1768228301468187,52931,14550,48.0,33,0,0
1768228301472061,52931,14550,39.0,74,0,0
1768228301478051,52931,14550,51.0,1,0,0
1768228301488524,52931,14550,22.0,125,0,0
1768228301491426,52931,14550,27.0,152,0,0
1768228301493828,52931,14550,44.0,62,0,0
1768228301500103,52931,14550,25.0,42,0,0
1768228301503633,52931,14550,32.0,36,0,0
1768228301508142,52931,14550,62.0,65,0,0
1768228301511223,52931,14550,49.0,27,0,0
1768228301513193,52931,14550,44.0,116,0,0
1768228301515696,52931,14550,42.0,129,0,0
1768228301518159,52931,14550,34.0,29,0,0
1768228301520800,52931,14550,34.0,137,0,0
1768228301524021,52931,14550,60.0,24,0,0
1768228301527562,52931,14550,53.0,124,0,0
1768228301530116,52931,14550,31.0,2,0,0
1768228301532085,5760,58419,,0,1,0
1768228301533250,52931,14550,64.0,164,0,0
1768228301536438,52931,14550,24.0,168,0,0
1768228301539221,52931,14550,42.0,136,0,0
1768228301540975,52931,14550,42.0,193,0,0
1768228301542891,52931,14550,48.0,32,0,0
1768228301545050,52931,14550,40.0,241,0,0
1768228301547067,52931,14550,61.0,147,0,0
1768228301548636,52931,14550,64.0,11030,0,0
1768228301552232,52931,14550,29.0,0,0,0
1768228301626802,5760,58419,,264,1,0
1768228301628115,52931,14550,47.0,264,0,0
1768228301711661,52931,14550,48.0,163,0,0
1768228301714148,52931,14550,44.0,178,0,0
1768228301717443,52931,14550,48.0,30,0,0
1768228301720080,52931,14550,48.0,33,0,0
1768228301721905,52931,14550,39.0,74,0,0
1768228301725116,52931,14550,51.0,1,0,0
1768228301727857,52931,14550,22.0,125,0,0
1768228301729936,52931,14550,27.0,152,0,0
1768228301731672,52931,14550,44.0,62,0,0
1768228301734486,52931,14550,25.0,42,0,0
1768228301737668,52931,14550,32.0,36,0,0
1768228301739385,52931,14550,62.0,65,0,0
1768228301741170,52931,14550,49.0,27,0,0
1768228301743283,52931,14550,44.0,116,0,0
1768228301745048,52931,14550,42.0,129,0,0
1768228301746891,52931,14550,34.0,29,0,0
1768228301748547,52931,14550,34.0,137,0,0
1768228301750240,52931,14550,60.0,24,0,0
1768228301752746,52931,14550,53.0,124,0,0
1768228301755515,52931,14550,31.0,2,0,0
1768228301757279,52931,14550,64.0,164,0,0
1768228301758972,52931,14550,24.0,168,0,0
1768228301760811,52931,14550,42.0,136,0,0
1768228301762377,52931,14550,42.0,193,0,0
1768228301764842,52931,14550,48.0,32,0,0
1768228301767014,52931,14550,40.0,241,0,0
1768228301769282,52931,14550,61.0,147,0,0
1768228301771452,52931,14550,64.0,11030,0,0
1768228301964588,52931,14550,48.0,163,0,0
1768228301967314,52931,14550,44.0,178,0,0
1768228301970405,52931,14550,48.0,30,0,0
1768228301973773,52931,14550,48.0,33,0,0
1768228301978850,52931,14550,39.0,74,0,0
1768228301984738,52931,14550,51.0,1,0,0
1768228301990655,52931,14550,22.0,125,0,0
1768228301995511,52931,14550,27.0,152,0,0
1768228301997856,52931,14550,44.0,62,0,0
1768228302003314,52931,14550,25.0,42,0,0
1768228302009342,52931,14550,32.0,36,0,0
1768228302011202,52931,14550,62.0,65,0,0
1768228302013367,52931,14550,49.0,27,0,0
1768228302016319,52931,14550,44.0,116,0,0
1768228302019875,52931,14550,42.0,129,0,0
1768228302021640,52931,14550,34.0,29,0,0
1768228302023929,52931,14550,34.0,137,0,0
1768228302025511,52931,14550,60.0,24,0,0
1768228302033233,52931,14550,53.0,124,0,0
1768228302035596,52931,14550,31.0,2,0,0
1768228302038901,52931,14550,64.0,164,0,0
1768228302041023,52931,14550,24.0,168,0,0
1768228302043212,52931,14550,42.0,136,0,0
1768228302046341,52931,14550,42.0,193,0,0
1768228302050114,52931,14550,48.0,32,0,0
1768228302051434,52931,14550,40.0,241,0,0
1768228302055029,52931,14550,61.0,147,0,0
1768228302058533,52931,14550,64.0,11030,0,0
1768228302129007,5760,58419,,264,1,0
1768228302129855,52931,14550,47.0,264,0,0
1768228302212382,52931,14550,48.0,163,0,0
1768228302213538,52931,14550,44.0,178,0,0
1768228302214389,52931,14550,48.0,30,0,0
1768228302216586,52931,14550,48.0,33,0,0
1768228302218191,52931,14550,39.0,74,0,0
1768228302220457,52931,14550,51.0,1,0,0
1768228302221969,52931,14550,22.0,125,0,0
1768228302223024,52931,14550,27.0,152,0,0
1768228302223998,52931,14550,44.0,62,0,0
1768228302225781,52931,14550,25.0,42,0,0
1768228302227361,52931,14550,32.0,36,0,0
1768228302228697,52931,14550,62.0,65,0,0
1768228302230040,52931,14550,49.0,27,0,0
1768228302231344,52931,14550,44.0,116,0,0
1768228302232393,52931,14550,42.0,129,0,0
1768228302233245,52931,14550,34.0,29,0,0
1768228302234068,52931,14550,34.0,137,0,0
1768228302234938,52931,14550,60.0,24,0,0
1768228302236329,52931,14550,53.0,124,0,0
1768228302237495,52931,14550,31.0,2,0,0
1768228302238313,52931,14550,64.0,164,0,0
1768228302239152,52931,14550,24.0,168,0,0
1768228302240300,52931,14550,42.0,136,0,0
1768228302241760,52931,14550,42.0,193,0,0
1768228302242854,52931,14550,48.0,32,0,0
1768228302243752,52931,14550,40.0,241,0,0
1768228302244639,52931,14550,61.0,147,0,0
1768228302245708,52931,14550,64.0,11030,0,0
1768228302302917,58419,5760,,0,1,0
1768228302465013,52931,14550,48.0,163,0,0
1768228302467161,52931,14550,44.0,178,0,0
1768228302469180,52931,14550,48.0,30,0,0
1768228302473033,52931,14550,48.0,33,0,0
1768228302476407,52931,14550,39.0,74,0,0
1768228302480468,52931,14550,51.0,1,0,0
1768228302487171,52931,14550,22.0,125,0,0
1768228302490801,52931,14550,27.0,152,0,0
1768228302493643,52931,14550,44.0,62,0,0
1768228302496846,52931,14550,25.0,42,0,0
1768228302498891,52931,14550,32.0,36,0,0
1768228302501958,52931,14550,62.0,65,0,0
1768228302503912,52931,14550,49.0,27,0,0
1768228302505520,52931,14550,44.0,116,0,0
1768228302509041,52931,14550,42.0,129,0,0
1768228302512507,52931,14550,34.0,29,0,0
1768228302514897,52931,14550,34.0,137,0,0
1768228302521318,52931,14550,60.0,24,0,0
1768228302524630,52931,14550,53.0,124,0,0
1768228302526907,52931,14550,31.0,2,0,0
1768228302530470,52931,14550,64.0,164,0,0
1768228302532474,52931,14550,24.0,168,0,0
1768228302537256,52931,14550,42.0,136,0,0
1768228302539238,5760,58419,,0,1,0
1768228302540198,52931,14550,42.0,193,0,0
1768228302542981,52931,14550,48.0,32,0,0
1768228302545206,52931,14550,40.0,241,0,0
1768228302546786,52931,14550,61.0,147,0,0
1768228302549032,52931,14550,64.0,11030,0,0
1768228302557434,52931,14550,29.0,0,0,0
1768228302572065,58419,5760,,66,1,0
1768228302630416,5760,58419,,264,1,0
1768228302631236,52931,14550,47.0,264,0,0
1768228302714552,52931,14550,48.0,163,0,0
1768228302716233,52931,14550,44.0,178,0,0
1768228302718034,52931,14550,48.0,30,0,0
1768228302719553,52931,14550,48.0,33,0,0
1768228302721158,52931,14550,39.0,74,0,0
1768228302724165,52931,14550,51.0,1,0,0
1768228302726550,52931,14550,22.0,125,0,0
1768228302728251,52931,14550,27.0,152,0,0
1768228302729615,52931,14550,44.0,62,0,0
1768228302732486,52931,14550,25.0,42,0,0
1768228302734849,52931,14550,32.0,36,0,0
1768228302736687,52931,14550,62.0,65,0,0
1768228302738789,52931,14550,49.0,27,0,0
1768228302740295,52931,14550,44.0,116,0,0
1768228302742309,52931,14550,42.0,129,0,0
1768228302744099,52931,14550,34.0,29,0,0
1768228302746490,52931,14550,34.0,137,0,0
1768228302748131,52931,14550,60.0,24,0,0
1768228302750443,52931,14550,53.0,124,0,0
1768228302752970,52931,14550,31.0,2,0,0
1768228302755214,52931,14550,64.0,164,0,0
1768228302757032,52931,14550,24.0,168,0,0
1768228302759134,52931,14550,42.0,136,0,0
1768228302761239,52931,14550,42.0,193,0,0
1768228302763518,52931,14550,48.0,32,0,0
1768228302765139,52931,14550,40.0,241,0,0
1768228302766624,52931,14550,61.0,147,0,0
1768228302768822,52931,14550,64.0,11030,0,0
1768228302968964,52931,14550,48.0,163,0,0
1768228302971346,52931,14550,44.0,178,0,0
1768228302973788,52931,14550,48.0,30,0,0
1768228302977567,52931,14550,48.0,33,0,0
1768228302980285,52931,14550,39.0,74,0,0
1768228302983500,52931,14550,51.0,1,0,0
1768228302990364,52931,14550,22.0,125,0,0
1768228302995186,52931,14550,27.0,152,0,0
1768228302997152,52931,14550,44.0,62,0,0
1768228303000625,52931,14550,25.0,42,0,0
1768228303003209,52931,14550,32.0,36,0,0
1768228303005688,52931,14550,62.0,65,0,0
1768228303007679,52931,14550,49.0,27,0,0
1768228303008775,52931,14550,44.0,116,0,0
1768228303010323,52931,14550,42.0,129,0,0
1768228303011234,52931,14550,34.0,29,0,0
1768228303013273,52931,14550,34.0,137,0,0
1768228303015157,52931,14550,60.0,24,0,0
1768228303017511,52931,14550,53.0,124,0,0
1768228303019324,52931,14550,31.0,2,0,0
1768228303021225,52931,14550,64.0,164,0,0
1768228303023266,52931,14550,24.0,168,0,0
1768228303025431,52931,14550,42.0,136,0,0
1768228303026359,52931,14550,42.0,193,0,0
1768228303027649,52931,14550,48.0,32,0,0
1768228303028830,52931,14550,40.0,241,0,0
1768228303030427,52931,14550,61.0,147,0,0
1768228303031749,52931,14550,64.0,11030,0,0
1768228303135865,5760,58419,,264,1,0
1768228303136721,52931,14550,47.0,264,0,0
1768228303222860,52931,14550,48.0,163,0,0
1768228303226039,52931,14550,44.0,178,0,0
1768228303229132,52931,14550,48.0,30,0,0
1768228303232137,52931,14550,48.0,33,0,0
1768228303234268,52931,14550,39.0,74,0,0
1768228303237703,52931,14550,51.0,1,0,0
1768228303242137,52931,14550,22.0,125,0,0
1768228303245025,52931,14550,27.0,152,0,0
1768228303246647,52931,14550,44.0,62,0,0
1768228303249752,52931,14550,25.0,42,0,0
1768228303252809,52931,14550,32.0,36,0,0
1768228303255010,52931,14550,62.0,65,0,0
1768228303256993,52931,14550,49.0,27,0,0
1768228303258491,52931,14550,44.0,116,0,0
1768228303260042,52931,14550,42.0,129,0,0
1768228303261770,52931,14550,34.0,29,0,0
1768228303263497,52931,14550,34.0,137,0,0
1768228303265099,52931,14550,60.0,24,0,0
1768228303267378,52931,14550,53.0,124,0,0
1768228303270017,52931,14550,31.0,2,0,0
1768228303271521,52931,14550,64.0,164,0,0
1768228303273210,52931,14550,24.0,168,0,0
1768228303275239,52931,14550,42.0,136,0,0
1768228303277376,52931,14550,42.0,193,0,0
1768228303279664,52931,14550,48.0,32,0,0
1768228303281568,52931,14550,40.0,241,0,0
1768228303283796,52931,14550,61.0,147,0,0
1768228303285807,52931,14550,64.0,11030,0,0
1768228303311262,58419,5760,,0,1,0
1768228303469741,52931,14550,48.0,163,0,0
1768228303471636,52931,14550,44.0,178,0,0
1768228303473168,52931,14550,48.0,30,0,0
1768228303474766,52931,14550,48.0,33,0,0
1768228303476555,52931,14550,39.0,74,0,0
1768228303479630,52931,14550,51.0,1,0,0
1768228303484055,52931,14550,22.0,125,0,0
1768228303486239,52931,14550,27.0,152,0,0
1768228303488014,52931,14550,44.0,62,0,0
1768228303491796,52931,14550,25.0,42,0,0
1768228303493337,52931,14550,32.0,36,0,0
1768228303494796,52931,14550,62.0,65,0,0
1768228303496027,52931,14550,49.0,27,0,0
1768228303497456,52931,14550,44.0,116,0,0
1768228303499289,52931,14550,42.0,129,0,0
1768228303500593,52931,14550,34.0,29,0,0
1768228303501998,52931,14550,34.0,137,0,0
1768228303503748,52931,14550,60.0,24,0,0
1768228303505030,52931,14550,53.0,124,0,0
1768228303507389,52931,14550,31.0,2,0,0
1768228303509037,52931,14550,64.0,164,0,0
1768228303511269,52931,14550,24.0,168,0,0
1768228303514231,52931,14550,42.0,136,0,0
1768228303515479,52931,14550,42.0,193,0,0
1768228303516809,52931,14550,48.0,32,0,0
1768228303518675,52931,14550,40.0,241,0,0
1768228303520107,52931,14550,61.0,147,0,0
1768228303521940,52931,14550,64.0,11030,0,0
1768228303546066,5760,58419,,0,1,0
1768228303546928,52931,14550,29.0,0,0,0
1768228303637660,5760,58419,,264,1,0
1768228303638554,52931,14550,47.0,264,0,0
1768228303722034,52931,14550,48.0,163,0,0
1768228303724628,52931,14550,44.0,178,0,0
1768228303728341,52931,14550,48.0,30,0,0
1768228303730939,52931,14550,48.0,33,0,0
1768228303733633,52931,14550,39.0,74,0,0
1768228303737033,52931,14550,51.0,1,0,0
1768228303741706,52931,14550,22.0,125,0,0
1768228303744232,52931,14550,27.0,152,0,0
1768228303746793,52931,14550,44.0,62,0,0
1768228303750318,52931,14550,25.0,42,0,0
1768228303753303,52931,14550,32.0,36,0,0
1768228303755148,52931,14550,62.0,65,0,0
1768228303756990,52931,14550,49.0,27,0,0
1768228303758663,52931,14550,44.0,116,0,0
1768228303760991,52931,14550,42.0,129,0,0
1768228303763125,52931,14550,34.0,29,0,0
1768228303765127,52931,14550,34.0,137,0,0
1768228303766915,52931,14550,60.0,24,0,0
1768228303769566,52931,14550,53.0,124,0,0
1768228303772600,52931,14550,31.0,2,0,0
1768228303774319,52931,14550,64.0,164,0,0
1768228303776232,52931,14550,24.0,168,0,0
1768228303778390,52931,14550,42.0,136,0,0
1768228303780230,52931,14550,42.0,193,0,0
1768228303782388,52931,14550,48.0,32,0,0
1768228303784034,52931,14550,40.0,241,0,0
1768228303786214,52931,14550,61.0,147,0,0
1768228303788186,52931,14550,64.0,11030,0,0
1768228303972281,52931,14550,48.0,163,0,0
1768228303975177,52931,14550,44.0,178,0,0
1768228303982394,52931,14550,48.0,30,0,0
1768228303984760,52931,14550,48.0,33,0,0
1768228303988259,52931,14550,39.0,74,0,0
1768228303994222,52931,14550,51.0,1,0,0
1768228304001199,52931,14550,22.0,125,0,0
1768228304004748,52931,14550,27.0,152,0,0
1768228304007106,52931,14550,44.0,62,0,0
1768228304011483,52931,14550,25.0,42,0,0
1768228304014506,52931,14550,32.0,36,0,0
1768228304016821,52931,14550,62.0,65,0,0
1768228304019287,52931,14550,49.0,27,0,0
1768228304022429,52931,14550,44.0,116,0,0
1768228304024192,52931,14550,42.0,129,0,0
1768228304025560,52931,14550,34.0,29,0,0
1768228304028797,52931,14550,34.0,137,0,0
1768228304032649,52931,14550,60.0,24,0,0
1768228304036869,52931,14550,53.0,124,0,0
1768228304041541,52931,14550,31.0,2,0,0
1768228304044453,52931,14550,64.0,164,0,0
1768228304047118,52931,14550,24.0,168,0,0
1768228304053077,52931,14550,42.0,136,0,0
1768228304055457,52931,14550,42.0,193,0,0
1768228304058150,52931,14550,48.0,32,0,0
1768228304059519,52931,14550,40.0,241,0,0
1768228304061753,52931,14550,61.0,147,0,0
1768228304064201,52931,14550,64.0,11030,0,0
1768228304138169,5760,58419,,264,1,0
1768228304139869,52931,14550,47.0,264,0,0
1768228304228955,52931,14550,48.0,163,0,0
1768228304232290,52931,14550,44.0,178,0,0
1768228304235499,52931,14550,48.0,30,0,0
1768228304239231,52931,14550,48.0,33,0,0
1768228304241278,52931,14550,39.0,74,0,0
1768228304245333,52931,14550,51.0,1,0,0
1768228304248893,52931,14550,22.0,125,0,0
1768228304251021,52931,14550,27.0,152,0,0
1768228304252742,52931,14550,44.0,62,0,0
1768228304256058,52931,14550,25.0,42,0,0
1768228304258318,52931,14550,32.0,36,0,0
1768228304259733,52931,14550,62.0,65,0,0
1768228304261219,52931,14550,49.0,27,0,0
1768228304262855,52931,14550,44.0,116,0,0
1768228304264232,52931,14550,42.0,129,0,0
1768228304266405,52931,14550,34.0,29,0,0
1768228304268044,52931,14550,34.0,137,0,0
1768228304270117,52931,14550,60.0,24,0,0
1768228304272993,52931,14550,53.0,124,0,0
1768228304274962,52931,14550,31.0,2,0,0
1768228304276650,52931,14550,64.0,164,0,0
1768228304278203,52931,14550,24.0,168,0,0
1768228304279988,52931,14550,42.0,136,0,0
1768228304282002,52931,14550,42.0,193,0,0
1768228304284293,52931,14550,48.0,32,0,0
1768228304285640,52931,14550,40.0,241,0,0
1768228304287251,52931,14550,61.0,147,0,0
1768228304288778,52931,14550,64.0,11030,0,0
1768228304313104,58419,5760,,0,1,0
1768228304480485,52931,14550,48.0,163,0,0
1768228304484290,52931,14550,44.0,178,0,0
1768228304487501,52931,14550,48.0,30,0,0
1768228304490958,52931,14550,48.0,33,0,0
1768228304493088,52931,14550,39.0,74,0,0
1768228304498813,52931,14550,51.0,1,0,0
1768228304506098,52931,14550,22.0,125,0,0
1768228304510097,52931,14550,27.0,152,0,0
1768228304511660,52931,14550,44.0,62,0,0
1768228304516204,52931,14550,25.0,42,0,0
1768228304520160,52931,14550,32.0,36,0,0
1768228304522306,52931,14550,62.0,65,0,0
1768228304524934,52931,14550,49.0,27,0,0
1768228304526776,52931,14550,44.0,116,0,0
1768228304529005,52931,14550,42.0,129,0,0
1768228304531521,52931,14550,34.0,29,0,0
1768228304533784,52931,14550,34.0,137,0,0
1768228304536744,52931,14550,60.0,24,0,0
1768228304540603,52931,14550,53.0,124,0,0
1768228304542780,52931,14550,31.0,2,0,0
1768228304545958,52931,14550,64.0,164,0,0
1768228304548063,52931,14550,24.0,168,0,0
1768228304549559,5760,58419,,0,1,0
1768228304550956,52931,14550,42.0,136,0,0
1768228304554306,52931,14550,42.0,193,0,0
1768228304557410,52931,14550,48.0,32,0,0
1768228304561472,52931,14550,40.0,241,0,0
1768228304564415,52931,14550,61.0,147,0,0
1768228304567778,52931,14550,64.0,11030,0,0
1768228304573991,52931,14550,29.0,0,0,0
1768228304618472,5760,58419,,111,1,0
1768228304619633,52931,14550,33.0,111,0,0
1768228304641266,5760,58419,,264,1,0
1768228304642110,52931,14550,47.0,264,0,0
1768228304731307,52931,14550,48.0,163,0,0
1768228304733300,52931,14550,44.0,178,0,0
1768228304734235,52931,14550,48.0,30,0,0
1768228304735555,52931,14550,48.0,33,0,0
1768228304736624,52931,14550,39.0,74,0,0
1768228304739323,52931,14550,51.0,1,0,0
1768228304740912,52931,14550,22.0,125,0,0
1768228304742038,52931,14550,27.0,152,0,0
1768228304742910,52931,14550,44.0,62,0,0
1768228304744501,52931,14550,25.0,42,0,0
1768228304746046,52931,14550,32.0,36,0,0
1768228304746927,52931,14550,62.0,65,0,0
1768228304747991,52931,14550,49.0,27,0,0
1768228304749085,52931,14550,44.0,116,0,0
1768228304750123,52931,14550,42.0,129,0,0
1768228304750982,52931,14550,34.0,29,0,0
1768228304751947,52931,14550,34.0,137,0,0
1768228304753267,52931,14550,60.0,24,0,0
1768228304754557,52931,14550,53.0,124,0,0
1768228304755887,52931,14550,31.0,2,0,0
1768228304757316,52931,14550,64.0,164,0,0
1768228304758005,52931,14550,24.0,168,0,0
1768228304759123,52931,14550,42.0,136,0,0
1768228304760393,52931,14550,42.0,193,0,0
1768228304761435,52931,14550,48.0,32,0,0
1768228304762478,52931,14550,40.0,241,0,0
1768228304763474,52931,14550,61.0,147,0,0
1768228304764336,52931,14550,64.0,11030,0,0
1768228304978264,52931,14550,48.0,163,0,0
1768228304980479,52931,14550,44.0,178,0,0
1768228304984392,52931,14550,48.0,30,0,0
1768228304987281,52931,14550,48.0,33,0,0
1768228304990649,52931,14550,39.0,74,0,0
1768228304995177,52931,14550,51.0,1,0,0
1768228305002541,52931,14550,22.0,125,0,0
1768228305009762,52931,14550,27.0,152,0,0
1768228305012172,52931,14550,44.0,62,0,0
1768228305015552,52931,14550,25.0,42,0,0
1768228305021658,52931,14550,32.0,36,0,0
1768228305027126,52931,14550,62.0,65,0,0
1768228305029311,52931,14550,49.0,27,0,0
1768228305031025,52931,14550,44.0,116,0,0
1768228305034077,52931,14550,42.0,129,0,0
1768228305041286,52931,14550,34.0,29,0,0
1768228305045148,52931,14550,34.0,137,0,0
1768228305046827,52931,14550,60.0,24,0,0
1768228305049814,52931,14550,53.0,124,0,0
1768228305052391,52931,14550,31.0,2,0,0
1768228305054276,52931,14550,64.0,164,0,0
1768228305056278,52931,14550,24.0,168,0,0
1768228305058586,52931,14550,42.0,136,0,0
1768228305060368,52931,14550,42.0,193,0,0
1768228305062343,52931,14550,48.0,32,0,0
1768228305063630,52931,14550,40.0,241,0,0
1768228305065326,52931,14550,61.0,147,0,0
1768228305067390,52931,14550,64.0,11030,0,0
1768228305144733,5760,58419,,264,1,0
1768228305145571,52931,14550,47.0,264,0,0
1768228305233577,52931,14550,48.0,163,0,0
1768228305238198,52931,14550,44.0,178,0,0
1768228305240740,52931,14550,48.0,30,0,0
1768228305243888,52931,14550,48.0,33,0,0
1768228305246154,52931,14550,39.0,74,0,0
1768228305251683,52931,14550,51.0,1,0,0
1768228305256460,52931,14550,22.0,125,0,0
1768228305259328,52931,14550,27.0,152,0,0
1768228305260669,52931,14550,44.0,62,0,0
1768228305263088,52931,14550,25.0,42,0,0
1768228305265807,52931,14550,32.0,36,0,0
1768228305267778,52931,14550,62.0,65,0,0
1768228305269591,52931,14550,49.0,27,0,0
1768228305271112,52931,14550,44.0,116,0,0
1768228305272950,52931,14550,42.0,129,0,0
1768228305274366,52931,14550,34.0,29,0,0
1768228305275787,52931,14550,34.0,137,0,0
1768228305277641,52931,14550,60.0,24,0,0
1768228305279901,52931,14550,53.0,124,0,0
1768228305281806,52931,14550,31.0,2,0,0
1768228305283661,52931,14550,64.0,164,0,0
1768228305285469,52931,14550,24.0,168,0,0
1768228305287035,52931,14550,42.0,136,0,0
1768228305288770,52931,14550,42.0,193,0,0
1768228305290551,52931,14550,48.0,32,0,0
1768228305292410,52931,14550,40.0,241,0,0
1768228305294329,52931,14550,61.0,147,0,0
1768228305295729,52931,14550,64.0,11030,0,0
1768228305320345,58419,5760,,0,1,0
1768228305481141,52931,14550,48.0,163,0,0
1768228305484168,52931,14550,44.0,178,0,0
1768228305487147,52931,14550,48.0,30,0,0
1768228305490951,52931,14550,48.0,33,0,0
1768228305493255,52931,14550,39.0,74,0,0
1768228305499779,52931,14550,51.0,1,0,0
1768228305506155,52931,14550,22.0,125,0,0
1768228305511575,52931,14550,27.0,152,0,0
1768228305514414,52931,14550,44.0,62,0,0
1768228305517727,52931,14550,25.0,42,0,0
1768228305521118,52931,14550,32.0,36,0,0
1768228305523460,52931,14550,62.0,65,0,0
1768228305525078,52931,14550,49.0,27,0,0
1768228305526813,52931,14550,44.0,116,0,0
1768228305528242,52931,14550,42.0,129,0,0
1768228305529898,52931,14550,34.0,29,0,0
1768228305532816,52931,14550,34.0,137,0,0
1768228305534274,52931,14550,60.0,24,0,0
1768228305538414,52931,14550,53.0,124,0,0
1768228305540142,52931,14550,31.0,2,0,0
1768228305544280,52931,14550,64.0,164,0,0
1768228305545876,52931,14550,24.0,168,0,0
1768228305548870,52931,14550,42.0,136,0,0
1768228305550274,52931,14550,42.0,193,0,0
1768228305552304,52931,14550,48.0,32,0,0
1768228305553870,52931,14550,40.0,241,0,0
1768228305555849,5760,58419,,0,1,0
1768228305556239,52931,14550,61.0,147,0,0
1768228305559467,52931,14550,64.0,11030,0,0
1768228305565347,52931,14550,29.0,0,0,0
1768228305649148,5760,58419,,264,1,0
1768228305649888,52931,14550,47.0,264,0,0
1768228305734528,52931,14550,48.0,163,0,0
1768228305735894,52931,14550,44.0,178,0,0
1768228305736978,52931,14550,48.0,30,0,0
1768228305738864,52931,14550,48.0,33,0,0
1768228305739862,52931,14550,39.0,74,0,0
1768228305742258,52931,14550,51.0,1,0,0
1768228305747188,52931,14550,22.0,125,0,0
1768228305748647,52931,14550,27.0,152,0,0
1768228305749441,52931,14550,44.0,62,0,0
1768228305751014,52931,14550,25.0,42,0,0
1768228305752466,52931,14550,32.0,36,0,0
1768228305753291,52931,14550,62.0,65,0,0
1768228305754182,52931,14550,49.0,27,0,0
1768228305755495,52931,14550,44.0,116,0,0
1768228305756608,52931,14550,42.0,129,0,0
1768228305757476,52931,14550,34.0,29,0,0
1768228305758474,52931,14550,34.0,137,0,0
1768228305759581,52931,14550,60.0,24,0,0
1768228305761180,52931,14550,53.0,124,0,0
1768228305762785,52931,14550,31.0,2,0,0
1768228305764407,52931,14550,64.0,164,0,0
1768228305766015,52931,14550,24.0,168,0,0
1768228305767530,52931,14550,42.0,136,0,0
1768228305769300,52931,14550,42.0,193,0,0
1768228305771950,52931,14550,48.0,32,0,0
1768228305773793,52931,14550,40.0,241,0,0
1768228305775855,52931,14550,61.0,147,0,0
1768228305777818,52931,14550,64.0,11030,0,0
1768228305985545,52931,14550,48.0,163,0,0
1768228305989038,52931,14550,44.0,178,0,0
1768228305993441,52931,14550,48.0,30,0,0
1768228305996034,52931,14550,48.0,33,0,0
1768228306000835,52931,14550,39.0,74,0,0
1768228306005191,52931,14550,51.0,1,0,0
1768228306012458,52931,14550,22.0,125,0,0
1768228306018347,52931,14550,27.0,152,0,0
1768228306020279,52931,14550,44.0,62,0,0
1768228306024751,52931,14550,25.0,42,0,0
1768228306028964,52931,14550,32.0,36,0,0
1768228306032057,52931,14550,62.0,65,0,0
1768228306034551,52931,14550,49.0,27,0,0
1768228306037828,52931,14550,44.0,116,0,0
1768228306039987,52931,14550,42.0,129,0,0
1768228306041535,52931,14550,34.0,29,0,0
1768228306043494,52931,14550,34.0,137,0,0
1768228306045160,52931,14550,60.0,24,0,0
1768228306047912,52931,14550,53.0,124,0,0
1768228306053435,52931,14550,31.0,2,0,0
1768228306056029,52931,14550,64.0,164,0,0
1768228306060729,52931,14550,24.0,168,0,0
1768228306065408,52931,14550,42.0,136,0,0
1768228306067734,52931,14550,42.0,193,0,0
1768228306073657,52931,14550,48.0,32,0,0
1768228306077076,52931,14550,40.0,241,0,0
1768228306079909,52931,14550,61.0,147,0,0
1768228306083128,52931,14550,64.0,11030,0,0
1768228306150964,5760,58419,,264,1,0
1768228306151860,52931,14550,47.0,264,0,0
1768228306235086,52931,14550,48.0,163,0,0
1768228306236452,52931,14550,44.0,178,0,0
1768228306237373,52931,14550,48.0,30,0,0
1768228306238988,52931,14550,48.0,33,0,0
1768228306240373,52931,14550,39.0,74,0,0
1768228306242472,52931,14550,51.0,1,0,0
1768228306246874,52931,14550,22.0,125,0,0
1768228306249012,52931,14550,27.0,152,0,0
1768228306249868,52931,14550,43.0,62,0,0
1768228306252419,52931,14550,25.0,42,0,0
1768228306254267,52931,14550,32.0,36,0,0
1768228306255420,52931,14550,62.0,65,0,0
1768228306256557,52931,14550,49.0,27,0,0
1768228306257707,52931,14550,44.0,116,0,0
1768228306258842,52931,14550,42.0,129,0,0
1768228306259886,52931,14550,34.0,29,0,0
1768228306261005,52931,14550,34.0,137,0,0
1768228306262069,52931,14550,60.0,24,0,0
1768228306263427,52931,14550,53.0,124,0,0
1768228306264842,52931,14550,31.0,2,0,0
1768228306265885,52931,14550,64.0,164,0,0
1768228306266881,52931,14550,24.0,168,0,0
1768228306268188,52931,14550,42.0,136,0,0
1768228306269235,52931,14550,42.0,193,0,0
1768228306271086,52931,14550,48.0,32,0,0
1768228306272217,52931,14550,40.0,241,0,0
1768228306273218,52931,14550,61.0,147,0,0
1768228306274296,52931,14550,64.0,11030,0,0
1768228306330993,58419,5760,,0,1,0
1768228306487341,52931,14550,48.0,163,0,0
1768228306493869,52931,14550,44.0,178,0,0
1768228306495516,52931,14550,48.0,30,0,0
1768228306500009,52931,14550,48.0,33,0,0
1768228306503764,52931,14550,39.0,74,0,0
1768228306506987,52931,14550,51.0,1,0,0
1768228306517100,52931,14550,22.0,125,0,0
1768228306520951,52931,14550,27.0,152,0,0
1768228306523450,52931,14550,43.0,62,0,0
1768228306526588,52931,14550,25.0,42,0,0
1768228306532681,52931,14550,32.0,36,0,0
1768228306534246,52931,14550,62.0,65,0,0
1768228306537901,52931,14550,49.0,27,0,0
1768228306540637,52931,14550,44.0,116,0,0
1768228306542401,52931,14550,42.0,129,0,0
1768228306546710,52931,14550,34.0,29,0,0
1768228306549866,52931,14550,34.0,137,0,0
1768228306553596,52931,14550,60.0,24,0,0
1768228306557912,52931,14550,53.0,124,0,0
1768228306560463,52931,14550,31.0,2,0,0
1768228306562764,5760,58419,,0,1,0
1768228306564631,52931,14550,64.0,164,0,0
1768228306567723,52931,14550,24.0,168,0,0
1768228306569973,52931,14550,42.0,136,0,0
1768228306572968,52931,14550,42.0,193,0,0
1768228306575959,52931,14550,48.0,32,0,0
1768228306577689,52931,14550,40.0,241,0,0
1768228306579159,52931,14550,61.0,147,0,0
1768228306580617,52931,14550,64.0,11030,0,0
1768228306583705,52931,14550,29.0,0,0,0
1768228306655003,5760,58419,,264,1,0
1768228306656942,52931,14550,47.0,264,0,0
1768228306740922,52931,14550,48.0,163,0,0
1768228306743437,52931,14550,44.0,178,0,0
1768228306744990,52931,14550,48.0,30,0,0
1768228306749063,52931,14550,48.0,33,0,0
1768228306751912,52931,14550,39.0,74,0,0
1768228306757529,52931,14550,51.0,1,0,0
1768228306762112,52931,14550,22.0,125,0,0
1768228306764605,52931,14550,27.0,152,0,0
1768228306766698,52931,14550,43.0,62,0,0
1768228306769080,52931,14550,25.0,42,0,0
1768228306772732,52931,14550,32.0,36,0,0
1768228306774319,52931,14550,62.0,65,0,0
1768228306776216,52931,14550,49.0,27,0,0
1768228306777820,52931,14550,44.0,116,0,0
1768228306779948,52931,14550,42.0,129,0,0
1768228306781866,52931,14550,34.0,29,0,0
1768228306783665,52931,14550,34.0,137,0,0
1768228306785859,52931,14550,60.0,24,0,0
1768228306787979,52931,14550,53.0,124,0,0
1768228306790291,52931,14550,31.0,2,0,0
1768228306791971,52931,14550,64.0,164,0,0
1768228306793623,52931,14550,24.0,168,0,0
1768228306795513,52931,14550,42.0,136,0,0
1768228306797370,52931,14550,42.0,193,0,0
1768228306799758,52931,14550,48.0,32,0,0
1768228306802026,52931,14550,40.0,241,0,0
1768228306803925,52931,14550,61.0,147,0,0
1768228306805914,52931,14550,64.0,11030,0,0
1768228306989814,52931,14550,48.0,163,0,0
1768228306992634,52931,14550,44.0,178,0,0
1768228306994939,52931,14550,48.0,30,0,0
1768228306999342,52931,14550,48.0,33,0,0
1768228307003856,52931,14550,39.0,74,0,0
1768228307012671,52931,14550,51.0,1,0,0
1768228307018857,52931,14550,22.0,125,0,0
1768228307022963,52931,14550,27.0,152,0,0
1768228307024950,52931,14550,44.0,62,0,0
1768228307032762,52931,14550,25.0,42,0,0
1768228307037405,52931,14550,32.0,36,0,0
1768228307039619,52931,14550,62.0,65,0,0
1768228307044688,52931,14550,49.0,27,0,0
1768228307047895,52931,14550,44.0,116,0,0
1768228307049395,52931,14550,42.0,129,0,0
1768228307051686,52931,14550,34.0,29,0,0
1768228307053814,52931,14550,34.0,137,0,0
1768228307057105,52931,14550,60.0,24,0,0
1768228307061440,52931,14550,53.0,124,0,0
1768228307063680,52931,14550,31.0,2,0,0
1768228307067349,52931,14550,64.0,164,0,0
1768228307069264,52931,14550,24.0,168,0,0
1768228307071274,52931,14550,42.0,136,0,0
1768228307073691,52931,14550,42.0,193,0,0
1768228307075786,52931,14550,48.0,32,0,0
1768228307078915,52931,14550,40.0,241,0,0
1768228307080941,52931,14550,61.0,147,0,0
1768228307082668,52931,14550,64.0,11030,0,0
1768228307154288,5760,58419,,264,1,0
1768228307155687,52931,14550,47.0,264,0,0
1768228307244071,52931,14550,48.0,163,0,0
1768228307247565,52931,14550,44.0,178,0,0
1768228307249396,52931,14550,48.0,30,0,0
1768228307252231,52931,14550,48.0,33,0,0
1768228307255517,52931,14550,39.0,74,0,0
1768228307262093,52931,14550,51.0,1,0,0
1768228307265743,52931,14550,22.0,125,0,0
1768228307268787,52931,14550,27.0,152,0,0
1768228307270478,52931,14550,44.0,62,0,0
1768228307274227,52931,14550,25.0,42,0,0
1768228307276119,52931,14550,32.0,36,0,0
1768228307278310,52931,14550,62.0,65,0,0
1768228307280109,52931,14550,49.0,27,0,0
1768228307281515,52931,14550,44.0,116,0,0
1768228307282956,52931,14550,42.0,129,0,0
1768228307284381,52931,14550,34.0,29,0,0
1768228307285996,52931,14550,34.0,137,0,0
1768228307288258,52931,14550,60.0,24,0,0
1768228307291273,52931,14550,53.0,124,0,0
1768228307293758,52931,14550,31.0,2,0,0
1768228307295764,52931,14550,64.0,164,0,0
1768228307297783,52931,14550,24.0,168,0,0
1768228307300085,52931,14550,42.0,136,0,0
1768228307302446,52931,14550,42.0,193,0,0
1768228307305472,52931,14550,48.0,32,0,0
1768228307307162,52931,14550,40.0,241,0,0
1768228307309326,52931,14550,61.0,147,0,0
1768228307310950,52931,14550,64.0,11030,0,0
1768228307336620,58419,5760,,0,1,0
1768228307493424,52931,14550,48.0,163,0,0
1768228307497196,52931,14550,44.0,178,0,0
1768228307500038,52931,14550,48.0,30,0,0
1768228307502978,52931,14550,48.0,33,0,0
1768228307505138,52931,14550,39.0,74,0,0
1768228307513473,52931,14550,51.0,1,0,0
1768228307520631,52931,14550,22.0,125,0,0
1768228307531017,52931,14550,27.0,152,0,0
1768228307532917,52931,14550,44.0,62,0,0
1768228307535463,52931,14550,25.0,42,0,0
1768228307538062,52931,14550,32.0,36,0,0
1768228307540059,52931,14550,62.0,65,0,0
1768228307541683,52931,14550,49.0,27,0,0
1768228307544004,52931,14550,44.0,116,0,0
1768228307546546,52931,14550,42.0,129,0,0
1768228307548638,52931,14550,34.0,29,0,0
1768228307551069,52931,14550,34.0,137,0,0
1768228307552858,52931,14550,60.0,24,0,0
1768228307555778,52931,14550,53.0,124,0,0
1768228307558121,52931,14550,31.0,2,0,0
1768228307560153,52931,14550,64.0,164,0,0
1768228307562307,52931,14550,24.0,168,0,0
1768228307564491,52931,14550,42.0,136,0,0
1768228307566386,52931,14550,42.0,193,0,0
1768228307568457,52931,14550,48.0,32,0,0
1768228307568512,5760,58419,,0,1,0
1768228307570615,52931,14550,40.0,241,0,0
1768228307572803,52931,14550,61.0,147,0,0
1768228307574637,52931,14550,64.0,11030,0,0
1768228307578088,52931,14550,29.0,0,0,0
1768228307658014,5760,58419,,264,1,0
1768228307659524,52931,14550,47.0,264,0,0
1768228307748647,52931,14550,48.0,163,0,0
1768228307751825,52931,14550,44.0,178,0,0
1768228307754968,52931,14550,48.0,30,0,0
1768228307757352,52931,14550,48.0,33,0,0
1768228307759238,52931,14550,39.0,74,0,0
1768228307763554,52931,14550,51.0,1,0,0
1768228307766678,52931,14550,22.0,125,0,0
1768228307768760,52931,14550,27.0,152,0,0
1768228307771065,52931,14550,44.0,62,0,0
1768228307773767,52931,14550,25.0,42,0,0
1768228307777752,52931,14550,32.0,36,0,0
1768228307779421,52931,14550,62.0,65,0,0
1768228307781246,52931,14550,49.0,27,0,0
1768228307783314,52931,14550,44.0,116,0,0
1768228307785243,52931,14550,42.0,129,0,0
1768228307787510,52931,14550,34.0,29,0,0
1768228307789079,52931,14550,34.0,137,0,0
1768228307790935,52931,14550,60.0,24,0,0
1768228307793903,52931,14550,53.0,124,0,0
1768228307796248,52931,14550,31.0,2,0,0
1768228307797800,52931,14550,64.0,164,0,0
1768228307799506,52931,14550,24.0,168,0,0
1768228307801622,52931,14550,42.0,136,0,0
1768228307803428,52931,14550,42.0,193,0,0
1768228307805526,52931,14550,48.0,32,0,0
1768228307808197,52931,14550,40.0,241,0,0
1768228307810623,52931,14550,61.0,147,0,0
1768228307812342,52931,14550,64.0,11030,0,0
1768228307996683,52931,14550,48.0,163,0,0
1768228308000537,52931,14550,44.0,178,0,0
1768228308002405,52931,14550,48.0,30,0,0
1768228308005336,52931,14550,48.0,33,0,0
1768228308008467,52931,14550,39.0,74,0,0
1768228308012464,52931,14550,51.0,1,0,0
1768228308021943,52931,14550,22.0,125,0,0
1768228308025790,52931,14550,27.0,152,0,0
1768228308027996,52931,14550,44.0,62,0,0
1768228308031777,52931,14550,25.0,42,0,0
1768228308036349,52931,14550,32.0,36,0,0
1768228308038447,52931,14550,62.0,65,0,0
1768228308040477,52931,14550,49.0,27,0,0
1768228308043283,52931,14550,44.0,116,0,0
1768228308046848,52931,14550,42.0,129,0,0
1768228308050399,52931,14550,34.0,29,0,0
1768228308053080,52931,14550,34.0,137,0,0
1768228308055740,52931,14550,60.0,24,0,0
1768228308059062,52931,14550,53.0,124,0,0
1768228308062670,52931,14550,31.0,2,0,0
1768228308066089,52931,14550,64.0,164,0,0
1768228308070369,52931,14550,24.0,168,0,0
1768228308072591,52931,14550,42.0,136,0,0
1768228308076529,52931,14550,42.0,193,0,0
1768228308078798,52931,14550,48.0,32,0,0
1768228308081127,52931,14550,40.0,241,0,0
1768228308084417,52931,14550,61.0,147,0,0
1768228308087108,52931,14550,64.0,11030,0,0
1768228308160762,5760,58419,,264,1,0
1768228308161554,52931,14550,47.0,264,0,0
1768228308250433,52931,14550,48.0,163,0,0
1768228308252172,52931,14550,44.0,178,0,0
1768228308253064,52931,14550,48.0,30,0,0
1768228308254918,52931,14550,48.0,33,0,0
1768228308256300,52931,14550,39.0,74,0,0
1768228308258328,52931,14550,51.0,1,0,0
1768228308259681,52931,14550,22.0,125,0,0
1768228308261069,52931,14550,27.0,152,0,0
1768228308261896,52931,14550,44.0,62,0,0
1768228308263462,52931,14550,25.0,42,0,0
1768228308265118,52931,14550,32.0,36,0,0
1768228308266266,52931,14550,62.0,65,0,0
1768228308267401,52931,14550,49.0,27,0,0
1768228308268368,52931,14550,44.0,116,0,0
1768228308269266,52931,14550,42.0,129,0,0
1768228308270124,52931,14550,34.0,29,0,0
1768228308270986,52931,14550,34.0,137,0,0
1768228308271803,52931,14550,60.0,24,0,0
1768228308273084,52931,14550,53.0,124,0,0
1768228308274290,52931,14550,31.0,2,0,0
1768228308275267,52931,14550,64.0,164,0,0
1768228308276136,52931,14550,24.0,168,0,0
1768228308277079,52931,14550,42.0,136,0,0
1768228308277906,52931,14550,42.0,193,0,0
1768228308278940,52931,14550,48.0,32,0,0
1768228308279818,52931,14550,40.0,241,0,0
1768228308280722,52931,14550,61.0,147,0,0
1768228308281919,52931,14550,64.0,11030,0,0
1768228308338817,58419,5760,,0,1,0
1768228308501348,52931,14550,48.0,163,0,0
1768228308504640,52931,14550,44.0,178,0,0
1768228308508554,52931,14550,48.0,30,0,0
1768228308514491,52931,14550,48.0,33,0,0
1768228308518013,52931,14550,39.0,74,0,0
1768228308523251,52931,14550,51.0,1,0,0
1768228308531136,52931,14550,22.0,125,0,0
1768228308534052,52931,14550,27.0,152,0,0
1768228308536510,52931,14550,44.0,62,0,0
1768228308542817,52931,14550,25.0,42,0,0
1768228308548300,52931,14550,32.0,36,0,0
1768228308550848,52931,14550,62.0,65,0,0
1768228308553628,52931,14550,49.0,27,0,0
1768228308556993,52931,14550,44.0,116,0,0
1768228308560085,52931,14550,42.0,129,0,0
1768228308562434,52931,14550,34.0,29,0,0
1768228308564143,52931,14550,34.0,137,0,0
1768228308571544,52931,14550,60.0,24,0,0
1768228308575690,5760,58419,,0,1,0
1768228308576469,52931,14550,53.0,124,0,0
1768228308578604,52931,14550,31.0,2,0,0
1768228308580593,52931,14550,64.0,164,0,0
1768228308583129,52931,14550,24.0,168,0,0
1768228308586183,52931,14550,42.0,136,0,0
1768228308589188,52931,14550,42.0,193,0,0
1768228308592578,52931,14550,48.0,32,0,0
1768228308595300,52931,14550,40.0,241,0,0
1768228308599619,52931,14550,61.0,147,0,0
1768228308602538,52931,14550,64.0,11030,0,0
1768228308606684,52931,14550,29.0,0,0,0
1768228308665520,5760,58419,,264,1,0
1768228308666876,52931,14550,47.0,264,0,0
1768228308755663,52931,14550,48.0,163,0,0
1768228308757177,52931,14550,44.0,178,0,0
1768228308759396,52931,14550,48.0,30,0,0
1768228308760551,52931,14550,48.0,33,0,0
1768228308761509,52931,14550,39.0,74,0,0
1768228308764379,52931,14550,51.0,1,0,0
1768228308766745,52931,14550,22.0,125,0,0
1768228308768143,52931,14550,27.0,152,0,0
1768228308769211,52931,14550,44.0,62,0,0
1768228308771017,52931,14550,25.0,42,0,0
1768228308773092,52931,14550,32.0,36,0,0
1768228308773962,52931,14550,62.0,65,0,0
1768228308774839,52931,14550,49.0,27,0,0
1768228308775748,52931,14550,44.0,116,0,0
1768228308776814,52931,14550,42.0,129,0,0
1768228308778177,52931,14550,34.0,29,0,0
1768228308779369,52931,14550,34.0,137,0,0
1768228308780392,52931,14550,60.0,24,0,0
1768228308781748,52931,14550,53.0,124,0,0
1768228308782771,52931,14550,31.0,2,0,0
1768228308783514,52931,14550,64.0,164,0,0
1768228308784375,52931,14550,24.0,168,0,0
1768228308785519,52931,14550,42.0,136,0,0
1768228308786635,52931,14550,42.0,193,0,0
1768228308787719,52931,14550,48.0,32,0,0
1768228308788864,52931,14550,40.0,241,0,0
1768228308790020,52931,14550,61.0,147,0,0
1768228308791110,52931,14550,64.0,11030,0,0
1768228309002894,52931,14550,48.0,163,0,0
1768228309006951,52931,14550,44.0,178,0,0
1768228309009646,52931,14550,48.0,30,0,0
1768228309016762,52931,14550,48.0,33,0,0
1768228309020242,52931,14550,39.0,74,0,0
1768228309025574,52931,14550,51.0,1,0,0
1768228309033338,52931,14550,22.0,125,0,0
1768228309037198,52931,14550,27.0,152,0,0
1768228309038868,52931,14550,44.0,62,0,0
1768228309044716,52931,14550,25.0,42,0,0
1768228309050572,52931,14550,32.0,36,0,0
1768228309052965,52931,14550,62.0,65,0,0
1768228309055639,52931,14550,49.0,27,0,0
1768228309057900,52931,14550,44.0,116,0,0
1768228309060402,52931,14550,42.0,129,0,0
1768228309063638,52931,14550,34.0,29,0,0
1768228309066166,52931,14550,34.0,137,0,0
1768228309068612,52931,14550,60.0,24,0,0
1768228309072935,52931,14550,53.0,124,0,0
1768228309075031,52931,14550,31.0,2,0,0
1768228309076926,52931,14550,64.0,164,0,0
1768228309081789,52931,14550,24.0,168,0,0
1768228309084597,52931,14550,42.0,136,0,0
1768228309088781,52931,14550,42.0,193,0,0
1768228309091353,52931,14550,48.0,32,0,0
1768228309092795,52931,14550,40.0,241,0,0
1768228309094532,52931,14550,61.0,147,0,0
1768228309096097,52931,14550,64.0,11030,0,0
1768228309169665,5760,58419,,264,1,0
1768228309170971,52931,14550,47.0,264,0,0
1768228309257420,52931,14550,48.0,163,0,0
1768228309258873,52931,14550,44.0,178,0,0
1768228309260740,52931,14550,48.0,30,0,0
1768228309262400,52931,14550,48.0,33,0,0
1768228309263562,52931,14550,39.0,74,0,0
1768228309267862,52931,14550,51.0,1,0,0
1768228309272755,52931,14550,22.0,125,0,0
1768228309274184,52931,14550,27.0,152,0,0
1768228309275473,52931,14550,44.0,62,0,0
1768228309277329,52931,14550,25.0,42,0,0
1768228309279053,52931,14550,32.0,36,0,0
1768228309280180,52931,14550,62.0,65,0,0
1768228309281378,52931,14550,49.0,27,0,0
1768228309282801,52931,14550,44.0,116,0,0
1768228309284242,52931,14550,42.0,129,0,0
1768228309285871,52931,14550,34.0,29,0,0
1768228309287238,52931,14550,34.0,137,0,0
1768228309288342,52931,14550,60.0,24,0,0
1768228309289939,52931,14550,53.0,124,0,0
1768228309291613,52931,14550,31.0,2,0,0
1768228309292717,52931,14550,64.0,164,0,0
1768228309293909,52931,14550,24.0,168,0,0
1768228309295173,52931,14550,42.0,136,0,0
1768228309296399,52931,14550,42.0,193,0,0
1768228309297712,52931,14550,48.0,32,0,0
1768228309298816,52931,14550,40.0,241,0,0
1768228309300016,52931,14550,61.0,147,0,0
1768228309301716,52931,14550,64.0,11030,0,0
1768228309347552,58419,5760,,0,1,0
1768228309508472,52931,14550,48.0,163,0,0
1768228309512536,52931,14550,44.0,178,0,0
1768228309514663,52931,14550,48.0,30,0,0
1768228309517133,52931,14550,48.0,33,0,0
1768228309520399,52931,14550,39.0,74,0,0
1768228309523882,52931,14550,51.0,1,0,0
1768228309531621,52931,14550,22.0,125,0,0
1768228309537583,52931,14550,27.0,152,0,0
1768228309540045,52931,14550,44.0,62,0,0
1768228309542956,52931,14550,25.0,42,0,0
1768228309548347,52931,14550,32.0,36,0,0
1768228309551198,52931,14550,62.0,65,0,0
1768228309554903,52931,14550,49.0,27,0,0
1768228309557831,52931,14550,44.0,116,0,0
1768228309560212,52931,14550,42.0,129,0,0
1768228309563256,52931,14550,34.0,29,0,0
1768228309569524,52931,14550,34.0,137,0,0
1768228309571213,52931,14550,60.0,24,0,0
1768228309573602,52931,14550,53.0,124,0,0
1768228309576893,5760,58419,,0,1,0
1768228309577091,52931,14550,31.0,2,0,0
1768228309582555,52931,14550,64.0,164,0,0
1768228309584222,52931,14550,24.0,168,0,0
1768228309586084,52931,14550,42.0,136,0,0
1768228309587574,52931,14550,42.0,193,0,0
1768228309589585,52931,14550,48.0,32,0,0
1768228309591191,52931,14550,40.0,241,0,0
1768228309592941,52931,14550,61.0,147,0,0
1768228309594978,52931,14550,64.0,11030,0,0
1768228309598796,52931,14550,29.0,0,0,0
1768228309670909,5760,58419,,264,1,0
1768228309672246,52931,14550,47.0,264,0,0
1768228309759825,52931,14550,48.0,163,0,0
1768228309761862,52931,14550,44.0,178,0,0
1768228309764904,52931,14550,48.0,30,0,0
1768228309768540,52931,14550,48.0,33,0,0
1768228309773670,52931,14550,39.0,74,0,0
1768228309778204,52931,14550,51.0,1,0,0
1768228309781896,52931,14550,22.0,125,0,0
1768228309784542,52931,14550,27.0,152,0,0
1768228309786808,52931,14550,44.0,62,0,0
1768228309790379,52931,14550,25.0,42,0,0
1768228309793248,52931,14550,32.0,36,0,0
1768228309795495,52931,14550,62.0,65,0,0
1768228309797503,52931,14550,49.0,27,0,0
1768228309799363,52931,14550,44.0,116,0,0
1768228309801408,52931,14550,42.0,129,0,0
1768228309803286,52931,14550,34.0,29,0,0
1768228309805200,52931,14550,34.0,137,0,0
1768228309807264,52931,14550,60.0,24,0,0
1768228309809843,52931,14550,53.0,124,0,0
1768228309812542,52931,14550,31.0,2,0,0
1768228309814473,52931,14550,64.0,164,0,0
1768228309816389,52931,14550,24.0,168,0,0
1768228309818838,52931,14550,42.0,136,0,0
1768228309820961,52931,14550,42.0,193,0,0
1768228309822918,52931,14550,48.0,32,0,0
1768228309825238,52931,14550,40.0,241,0,0
1768228309827710,52931,14550,61.0,147,0,0
1768228309829840,52931,14550,64.0,11030,0,0
1768228310009838,52931,14550,48.0,163,0,0
1768228310011717,52931,14550,44.0,178,0,0
1768228310013335,52931,14550,48.0,30,0,0
1768228310017534,52931,14550,48.0,33,0,0
1768228310019416,52931,14550,39.0,74,0,0
1768228310024839,52931,14550,51.0,1,0,0
1768228310032086,52931,14550,22.0,125,0,0
1768228310035673,52931,14550,27.0,152,0,0
1768228310038431,52931,14550,44.0,62,0,0
1768228310043092,52931,14550,25.0,42,0,0
1768228310046859,52931,14550,32.0,36,0,0
1768228310050775,52931,14550,62.0,65,0,0
1768228310054631,52931,14550,49.0,27,0,0
1768228310058826,52931,14550,44.0,116,0,0
1768228310062490,52931,14550,42.0,129,0,0
1768228310065144,52931,14550,34.0,29,0,0
1768228310068704,52931,14550,34.0,137,0,0
1768228310071045,52931,14550,60.0,24,0,0
1768228310074097,52931,14550,53.0,124,0,0
1768228310079297,52931,14550,31.0,2,0,0
1768228310082411,52931,14550,64.0,164,0,0
1768228310085508,52931,14550,24.0,168,0,0
1768228310089021,52931,14550,42.0,136,0,0
1768228310092224,52931,14550,42.0,193,0,0
1768228310094814,52931,14550,48.0,32,0,0
1768228310097784,52931,14550,40.0,241,0,0
1768228310099917,52931,14550,61.0,147,0,0
1768228310102455,52931,14550,64.0,11030,0,0
1768228310178742,5760,58419,,264,1,0
1768228310180020,52931,14550,47.0,264,0,0
1768228310264631,52931,14550,48.0,163,0,0
1768228310267376,52931,14550,44.0,178,0,0
1768228310269284,52931,14550,48.0,30,0,0
1768228310271941,52931,14550,48.0,33,0,0
1768228310274288,52931,14550,39.0,74,0,0
1768228310277994,52931,14550,51.0,1,0,0
1768228310284409,52931,14550,22.0,125,0,0
1768228310287719,52931,14550,27.0,152,0,0
1768228310291224,52931,14550,44.0,62,0,0
1768228310294728,52931,14550,25.0,42,0,0
1768228310296925,52931,14550,32.0,36,0,0
1768228310298351,52931,14550,62.0,65,0,0
1768228310300528,52931,14550,49.0,27,0,0
1768228310302949,52931,14550,44.0,116,0,0
1768228310304717,52931,14550,42.0,129,0,0
1768228310306339,52931,14550,34.0,29,0,0
1768228310307901,52931,14550,34.0,137,0,0
1768228310309589,52931,14550,60.0,24,0,0
1768228310311924,52931,14550,53.0,124,0,0
1768228310314063,52931,14550,31.0,2,0,0
1768228310315750,52931,14550,64.0,164,0,0
1768228310318069,52931,14550,24.0,168,0,0
1768228310320158,52931,14550,42.0,136,0,0
1768228310321554,52931,14550,42.0,193,0,0
1768228310323744,52931,14550,48.0,32,0,0
1768228310325536,52931,14550,40.0,241,0,0
1768228310327724,52931,14550,61.0,147,0,0
1768228310329267,52931,14550,64.0,11030,0,0
1768228310354619,58419,5760,,0,1,0
1768228310513155,52931,14550,48.0,163,0,0
1768228310515887,52931,14550,44.0,178,0,0
1768228310519294,52931,14550,48.0,30,0,0
1768228310523015,52931,14550,48.0,33,0,0
1768228310525371,52931,14550,39.0,74,0,0
1768228310529851,52931,14550,51.0,1,0,0
1768228310536921,52931,14550,22.0,125,0,0
1768228310539669,52931,14550,27.0,152,0,0
1768228310541588,52931,14550,44.0,62,0,0
1768228310544932,52931,14550,25.0,42,0,0
1768228310550453,52931,14550,32.0,36,0,0
1768228310555688,52931,14550,62.0,65,0,0
1768228310561834,52931,14550,49.0,27,0,0
1768228310564899,52931,14550,44.0,116,0,0
1768228310567772,52931,14550,42.0,129,0,0
1768228310569738,52931,14550,34.0,29,0,0
1768228310571615,52931,14550,34.0,137,0,0
1768228310573857,52931,14550,60.0,24,0,0
1768228310576862,52931,14550,53.0,124,0,0
1768228310579895,52931,14550,31.0,2,0,0
1768228310581994,52931,14550,64.0,164,0,0
1768228310584352,52931,14550,24.0,168,0,0
1768228310585513,5760,58419,,0,1,0
1768228310586880,52931,14550,42.0,136,0,0
1768228310588853,52931,14550,42.0,193,0,0
1768228310591113,52931,14550,48.0,32,0,0
1768228310593152,52931,14550,40.0,241,0,0
1768228310595457,52931,14550,61.0,147,0,0
1768228310598154,52931,14550,64.0,11030,0,0
1768228310602362,52931,14550,29.0,0,0,0
1768228310679653,5760,58419,,264,1,0
1768228310680884,52931,14550,47.0,264,0,0
1768228310765528,52931,14550,48.0,163,0,0
1768228310770038,52931,14550,44.0,178,0,0
1768228310772266,52931,14550,48.0,30,0,0
1768228310775011,52931,14550,48.0,33,0,0
1768228310777164,52931,14550,39.0,74,0,0
1768228310782462,52931,14550,51.0,1,0,0
1768228310785318,52931,14550,22.0,125,0,0
1768228310787715,52931,14550,27.0,152,0,0
1768228310789429,52931,14550,44.0,62,0,0
1768228310792219,52931,14550,25.0,42,0,0
1768228310794828,52931,14550,32.0,36,0,0
1768228310796673,52931,14550,62.0,65,0,0
1768228310798747,52931,14550,49.0,27,0,0
1768228310800700,52931,14550,44.0,116,0,0
1768228310802589,52931,14550,42.0,129,0,0
1768228310804088,52931,14550,34.0,29,0,0
1768228310805790,52931,14550,34.0,137,0,0
1768228310808186,52931,14550,60.0,24,0,0
1768228310810968,52931,14550,53.0,124,0,0
1768228310813740,52931,14550,31.0,2,0,0
1768228310815277,52931,14550,64.0,164,0,0
1768228310816781,52931,14550,24.0,168,0,0
1768228310818816,52931,14550,42.0,136,0,0
1768228310820672,52931,14550,42.0,193,0,0
1768228310823426,52931,14550,48.0,32,0,0
1768228310825176,52931,14550,40.0,241,0,0
1768228310827837,52931,14550,61.0,147,0,0
1768228310829567,52931,14550,64.0,11030,0,0
1768228311016874,52931,14550,48.0,163,0,0
1768228311018837,52931,14550,44.0,178,0,0
1768228311020695,52931,14550,48.0,30,0,0
1768228311024902,52931,14550,48.0,33,0,0
1768228311026642,52931,14550,39.0,74,0,0
1768228311030416,52931,14550,51.0,1,0,0
1768228311035981,52931,14550,22.0,125,0,0
1768228311039144,52931,14550,27.0,152,0,0
1768228311042065,52931,14550,44.0,62,0,0
1768228311046171,52931,14550,25.0,42,0,0
1768228311048562,52931,14550,32.0,36,0,0
1768228311050077,52931,14550,62.0,65,0,0
1768228311051919,52931,14550,49.0,27,0,0
1768228311056255,52931,14550,44.0,116,0,0
1768228311058216,52931,14550,42.0,129,0,0
1768228311060306,52931,14550,34.0,29,0,0
1768228311063659,52931,14550,34.0,137,0,0
1768228311065457,52931,14550,60.0,24,0,0
1768228311067656,52931,14550,53.0,124,0,0
1768228311071188,52931,14550,31.0,2,0,0
1768228311072825,52931,14550,64.0,164,0,0
1768228311074295,52931,14550,24.0,168,0,0
1768228311075706,52931,14550,42.0,136,0,0
1768228311077723,52931,14550,42.0,193,0,0
1768228311080116,52931,14550,48.0,32,0,0
1768228311082814,52931,14550,40.0,241,0,0
1768228311084638,52931,14550,61.0,147,0,0
1768228311085826,52931,14550,64.0,11030,0,0
1768228311182455,5760,58419,,264,1,0
1768228311183449,52931,14550,47.0,264,0,0
1768228311270548,52931,14550,48.0,163,0,0
1768228311271915,52931,14550,44.0,178,0,0
1768228311273342,52931,14550,48.0,30,0,0
1768228311276324,52931,14550,48.0,33,0,0
1768228311278473,52931,14550,39.0,74,0,0
1768228311281760,52931,14550,51.0,1,0,0
1768228311284528,52931,14550,22.0,125,0,0
1768228311286916,52931,14550,27.0,152,0,0
1768228311288500,52931,14550,44.0,62,0,0
1768228311290732,52931,14550,25.0,42,0,0
1768228311292606,52931,14550,32.0,36,0,0
1768228311294647,52931,14550,62.0,65,0,0
1768228311296186,52931,14550,49.0,27,0,0
1768228311297442,52931,14550,44.0,116,0,0
1768228311298547,52931,14550,42.0,129,0,0
1768228311299661,52931,14550,34.0,29,0,0
1768228311300912,52931,14550,34.0,137,0,0
1768228311302074,52931,14550,60.0,24,0,0
1768228311303856,52931,14550,53.0,124,0,0
1768228311305325,52931,14550,31.0,2,0,0
1768228311306517,52931,14550,64.0,164,0,0
1768228311307901,52931,14550,24.0,168,0,0
1768228311309174,52931,14550,42.0,136,0,0
1768228311310267,52931,14550,42.0,193,0,0
1768228311311491,52931,14550,48.0,32,0,0
1768228311312343,52931,14550,40.0,241,0,0
1768228311313236,52931,14550,61.0,147,0,0
1768228311314185,52931,14550,64.0,11030,0,0
1768228311359995,58419,5760,,0,1,0
1768228311521917,52931,14550,48.0,163,0,0
1768228311524816,52931,14550,44.0,178,0,0
1768228311527308,52931,14550,48.0,30,0,0
1768228311531863,52931,14550,48.0,33,0,0
1768228311534849,52931,14550,39.0,74,0,0
1768228311541154,52931,14550,51.0,1,0,0
1768228311548229,52931,14550,22.0,125,0,0
1768228311552189,52931,14550,27.0,152,0,0
1768228311554862,52931,14550,44.0,62,0,0
1768228311559565,52931,14550,25.0,42,0,0
1768228311561368,52931,14550,32.0,36,0,0
1768228311564175,52931,14550,62.0,65,0,0
1768228311566348,52931,14550,49.0,27,0,0
1768228311567447,52931,14550,44.0,116,0,0
1768228311570325,52931,14550,42.0,129,0,0
1768228311572412,52931,14550,34.0,29,0,0
1768228311573764,52931,14550,34.0,137,0,0
1768228311576218,52931,14550,60.0,24,0,0
1768228311578288,52931,14550,53.0,124,0,0
1768228311579689,52931,14550,31.0,2,0,0
1768228311582720,52931,14550,64.0,164,0,0
1768228311583946,52931,14550,24.0,168,0,0
1768228311585260,52931,14550,42.0,136,0,0
1768228311587386,52931,14550,42.0,193,0,0
1768228311588710,52931,14550,48.0,32,0,0
1768228311589769,52931,14550,40.0,241,0,0
1768228311590931,52931,14550,61.0,147,0,0
1768228311592122,52931,14550,64.0,11030,0,0
1768228311593493,5760,58419,,0,1,0
1768228311595176,52931,14550,29.0,0,0,0
1768228311686516,5760,58419,,264,1,0
1768228311687709,52931,14550,47.0,264,0,0
1768228311774203,52931,14550,48.0,163,0,0
1768228311777452,52931,14550,44.0,178,0,0
1768228311780111,52931,14550,48.0,30,0,0
1768228311784564,52931,14550,48.0,33,0,0
1768228311786745,52931,14550,39.0,74,0,0
1768228311791414,52931,14550,51.0,1,0,0
1768228311795101,52931,14550,22.0,125,0,0
1768228311797021,52931,14550,27.0,152,0,0
1768228311798615,52931,14550,44.0,62,0,0
1768228311802173,52931,14550,25.0,42,0,0
1768228311805108,52931,14550,32.0,36,0,0
1768228311807453,52931,14550,62.0,65,0,0
1768228311809549,52931,14550,49.0,27,0,0
1768228311811656,52931,14550,44.0,116,0,0
1768228311814105,52931,14550,42.0,129,0,0
1768228311815839,52931,14550,34.0,29,0,0
1768228311817875,52931,14550,34.0,137,0,0
1768228311819649,52931,14550,60.0,24,0,0
1768228311822480,52931,14550,53.0,124,0,0
1768228311824584,52931,14550,31.0,2,0,0
1768228311826277,52931,14550,64.0,164,0,0
1768228311828315,52931,14550,24.0,168,0,0
1768228311830504,52931,14550,42.0,136,0,0
1768228311832913,52931,14550,42.0,193,0,0
1768228311835249,52931,14550,48.0,32,0,0
1768228311836864,52931,14550,40.0,241,0,0
1768228311838631,52931,14550,61.0,147,0,0
1768228311840133,52931,14550,64.0,11030,0,0
1768228312020839,52931,14550,48.0,163,0,0
1768228312023669,52931,14550,44.0,178,0,0
1768228312027166,52931,14550,48.0,30,0,0
1768228312029785,52931,14550,48.0,33,0,0
1768228312032569,52931,14550,39.0,74,0,0
1768228312040349,52931,14550,51.0,1,0,0
1768228312048416,52931,14550,22.0,125,0,0
1768228312052302,52931,14550,27.0,152,0,0
1768228312057144,52931,14550,44.0,62,0,0
1768228312061906,52931,14550,25.0,42,0,0
1768228312065706,52931,14550,32.0,36,0,0
1768228312067498,52931,14550,62.0,65,0,0
1768228312071321,52931,14550,49.0,27,0,0
1768228312073585,52931,14550,44.0,116,0,0
1768228312075699,52931,14550,42.0,129,0,0
1768228312080353,52931,14550,34.0,29,0,0
1768228312082208,52931,14550,34.0,137,0,0
1768228312084985,52931,14550,60.0,24,0,0
1768228312088469,52931,14550,53.0,124,0,0
1768228312090396,52931,14550,31.0,2,0,0
1768228312092883,52931,14550,64.0,164,0,0
1768228312095566,52931,14550,24.0,168,0,0
1768228312100737,52931,14550,42.0,136,0,0
1768228312103340,52931,14550,42.0,193,0,0
1768228312105798,52931,14550,48.0,32,0,0
1768228312110067,52931,14550,40.0,241,0,0
1768228312113392,52931,14550,61.0,147,0,0
1768228312116092,52931,14550,64.0,11030,0,0
1768228312190760,5760,58419,,264,1,0
1768228312191806,52931,14550,47.0,264,0,0
1768228312271843,52931,14550,48.0,163,0,0
1768228312274817,52931,14550,44.0,178,0,0
1768228312276230,52931,14550,48.0,30,0,0
1768228312277941,52931,14550,48.0,33,0,0
1768228312279514,52931,14550,39.0,74,0,0
1768228312281849,52931,14550,51.0,1,0,0
1768228312283599,52931,14550,22.0,125,0,0
1768228312285655,52931,14550,27.0,152,0,0
1768228312286785,52931,14550,44.0,62,0,0
1768228312288761,52931,14550,25.0,42,0,0
1768228312291070,52931,14550,32.0,36,0,0
1768228312292461,52931,14550,62.0,65,0,0
1768228312293918,52931,14550,49.0,27,0,0
1768228312295158,52931,14550,44.0,116,0,0
1768228312296669,52931,14550,42.0,129,0,0
1768228312297936,52931,14550,34.0,29,0,0
1768228312299090,52931,14550,34.0,137,0,0
1768228312300350,52931,14550,60.0,24,0,0
1768228312302020,52931,14550,53.0,124,0,0
1768228312303484,52931,14550,31.0,2,0,0
1768228312304728,52931,14550,64.0,164,0,0
1768228312305905,52931,14550,24.0,168,0,0
1768228312307141,52931,14550,42.0,136,0,0
1768228312308282,52931,14550,42.0,193,0,0
1768228312309627,52931,14550,48.0,32,0,0
1768228312310673,52931,14550,40.0,241,0,0
1768228312311896,52931,14550,61.0,147,0,0
1768228312313213,52931,14550,64.0,11030,0,0
1768228312370748,58419,5760,,0,1,0
1768228312524992,52931,14550,48.0,163,0,0
1768228312529003,52931,14550,44.0,178,0,0
1768228312531663,52931,14550,48.0,30,0,0
1768228312537465,52931,14550,48.0,33,0,0
1768228312540234,52931,14550,39.0,74,0,0
1768228312544343,52931,14550,51.0,1,0,0
1768228312553132,52931,14550,22.0,125,0,0
1768228312557354,52931,14550,27.0,152,0,0
1768228312559202,52931,14550,44.0,62,0,0
1768228312562863,52931,14550,25.0,42,0,0
1768228312567322,52931,14550,32.0,36,0,0
1768228312569930,52931,14550,62.0,65,0,0
1768228312572756,52931,14550,49.0,27,0,0
1768228312575048,52931,14550,44.0,116,0,0
1768228312576986,52931,14550,42.0,129,0,0
1768228312579013,52931,14550,34.0,29,0,0
1768228312581929,52931,14550,34.0,137,0,0
1768228312585226,52931,14550,60.0,24,0,0
1768228312588135,52931,14550,53.0,124,0,0
1768228312591533,52931,14550,31.0,2,0,0
1768228312594372,52931,14550,64.0,164,0,0
1768228312596744,52931,14550,24.0,168,0,0
1768228312599307,52931,14550,42.0,136,0,0
1768228312600261,5760,58419,,0,1,0
1768228312601574,52931,14550,42.0,193,0,0
1768228312604999,52931,14550,48.0,32,0,0
1768228312607513,52931,14550,40.0,241,0,0
1768228312611748,52931,14550,61.0,147,0,0
1768228312613848,52931,14550,64.0,11030,0,0
1768228312617433,52931,14550,29.0,0,0,0
1768228312692255,5760,58419,,264,1,0
1768228312692899,52931,14550,47.0,264,0,0
1768228312776407,52931,14550,48.0,163,0,0
1768228312779501,52931,14550,44.0,178,0,0
1768228312781899,52931,14550,48.0,30,0,0
1768228312784782,52931,14550,48.0,33,0,0
1768228312786747,52931,14550,39.0,74,0,0
1768228312791383,52931,14550,51.0,1,0,0
1768228312794967,52931,14550,22.0,125,0,0
1768228312798212,52931,14550,27.0,152,0,0
1768228312800925,52931,14550,44.0,62,0,0
1768228312803796,52931,14550,25.0,42,0,0
1768228312806449,52931,14550,32.0,36,0,0
1768228312807913,52931,14550,62.0,65,0,0
1768228312810476,52931,14550,49.0,27,0,0
1768228312812552,52931,14550,44.0,116,0,0
1768228312813980,52931,14550,42.0,129,0,0
1768228312816209,52931,14550,34.0,29,0,0
1768228312818087,52931,14550,34.0,137,0,0
1768228312819981,52931,14550,60.0,24,0,0
1768228312822322,52931,14550,53.0,124,0,0
1768228312824485,52931,14550,31.0,2,0,0
1768228312826918,52931,14550,64.0,164,0,0
1768228312828773,52931,14550,24.0,168,0,0
1768228312830786,52931,14550,42.0,136,0,0
1768228312832917,52931,14550,42.0,193,0,0
1768228312835120,52931,14550,48.0,32,0,0
1768228312836739,52931,14550,40.0,241,0,0
1768228312838477,52931,14550,61.0,147,0,0
1768228312840674,52931,14550,64.0,11030,0,0
1768228313032355,52931,14550,48.0,163,0,0
1768228313036263,52931,14550,44.0,178,0,0
1768228313038450,52931,14550,48.0,30,0,0
1768228313042868,52931,14550,48.0,33,0,0
1768228313046590,52931,14550,39.0,74,0,0
1768228313052346,52931,14550,51.0,1,0,0
1768228313057767,52931,14550,22.0,125,0,0
1768228313061338,52931,14550,27.0,152,0,0
1768228313063209,52931,14550,44.0,62,0,0
1768228313067986,52931,14550,25.0,42,0,0
1768228313074458,52931,14550,32.0,36,0,0
1768228313077819,52931,14550,62.0,65,0,0
1768228313080611,52931,14550,49.0,27,0,0
1768228313085883,52931,14550,44.0,116,0,0
1768228313090422,52931,14550,42.0,129,0,0
1768228313092192,52931,14550,34.0,29,0,0
1768228313097520,52931,14550,34.0,137,0,0
1768228313101416,52931,14550,60.0,24,0,0
1768228313104587,52931,14550,53.0,124,0,0
1768228313106531,52931,14550,31.0,2,0,0
1768228313108185,52931,14550,64.0,164,0,0
1768228313110236,52931,14550,24.0,168,0,0
1768228313112465,52931,14550,42.0,136,0,0
1768228313114516,52931,14550,42.0,193,0,0
1768228313116984,52931,14550,48.0,32,0,0
1768228313118906,52931,14550,40.0,241,0,0
1768228313121398,52931,14550,61.0,147,0,0
1768228313123117,52931,14550,64.0,11030,0,0
1768228313191950,5760,58419,,264,1,0
1768228313193195,52931,14550,47.0,264,0,0
1768228313283537,52931,14550,48.0,163,0,0
1768228313286713,52931,14550,44.0,178,0,0
1768228313290902,52931,14550,48.0,30,0,0
1768228313293334,52931,14550,48.0,33,0,0
1768228313295287,52931,14550,39.0,74,0,0
1768228313301021,52931,14550,51.0,1,0,0
1768228313307471,52931,14550,22.0,125,0,0
1768228313309435,52931,14550,27.0,152,0,0
1768228313310888,52931,14550,44.0,62,0,0
1768228313314165,52931,14550,25.0,42,0,0
1768228313316429,52931,14550,32.0,36,0,0
1768228313318318,52931,14550,62.0,65,0,0
1768228313319816,52931,14550,49.0,27,0,0
1768228313321400,52931,14550,44.0,116,0,0
1768228313323531,52931,14550,42.0,129,0,0
1768228313325504,52931,14550,34.0,29,0,0
1768228313326914,52931,14550,34.0,137,0,0
1768228313328570,52931,14550,60.0,24,0,0
1768228313331203,52931,14550,53.0,124,0,0
1768228313333603,52931,14550,31.0,2,0,0
1768228313335719,52931,14550,64.0,164,0,0
1768228313337597,52931,14550,24.0,168,0,0
1768228313339867,52931,14550,42.0,136,0,0
1768228313341301,52931,14550,42.0,193,0,0
1768228313342945,52931,14550,48.0,32,0,0
1768228313344870,52931,14550,40.0,241,0,0
1768228313346416,52931,14550,61.0,147,0,0
1768228313348636,52931,14550,64.0,11030,0,0
1768228313374017,58419,5760,,0,1,0
1768228313535102,52931,14550,48.0,163,0,0
1768228313539711,52931,14550,44.0,178,0,0
1768228313542509,52931,14550,48.0,30,0,0
1768228313546147,52931,14550,48.0,33,0,0
1768228313548395,52931,14550,39.0,74,0,0
1768228313554550,52931,14550,51.0,1,0,0
1768228313561245,52931,14550,22.0,125,0,0
1768228313564519,52931,14550,27.0,152,0,0
1768228313567834,52931,14550,44.0,62,0,0
1768228313573296,52931,14550,25.0,42,0,0
1768228313576031,52931,14550,32.0,36,0,0
1768228313582472,52931,14550,62.0,65,0,0
1768228313585781,52931,14550,49.0,27,0,0
1768228313588207,52931,14550,44.0,116,0,0
1768228313592070,52931,14550,42.0,129,0,0
1768228313595413,52931,14550,34.0,29,0,0
1768228313597841,52931,14550,34.0,137,0,0
1768228313601541,52931,14550,60.0,24,0,0
1768228313603609,5760,58419,,0,1,0
1768228313607857,52931,14550,53.0,124,0,0
1768228313611362,52931,14550,31.0,2,0,0
1768228313613254,52931,14550,64.0,164,0,0
1768228313616273,52931,14550,24.0,168,0,0
1768228313620601,52931,14550,42.0,136,0,0
1768228313623096,52931,14550,42.0,193,0,0
1768228313628220,52931,14550,48.0,32,0,0
1768228313630561,52931,14550,40.0,241,0,0
1768228313634795,52931,14550,61.0,147,0,0
1768228313638300,52931,14550,64.0,11030,0,0
1768228313642812,52931,14550,29.0,0,0,0
1768228313698255,5760,58419,,264,1,0
1768228313699282,52931,14550,47.0,264,0,0
1768228313783283,52931,14550,48.0,163,0,0
1768228313785310,52931,14550,44.0,178,0,0
1768228313788149,52931,14550,48.0,30,0,0
1768228313790177,52931,14550,48.0,33,0,0
1768228313791698,52931,14550,39.0,74,0,0
1768228313794900,52931,14550,51.0,1,0,0
1768228313796992,52931,14550,22.0,125,0,0
1768228313799032,52931,14550,27.0,152,0,0
1768228313800351,52931,14550,44.0,62,0,0
1768228313802539,52931,14550,25.0,42,0,0
1768228313804734,52931,14550,32.0,36,0,0
1768228313805920,52931,14550,62.0,65,0,0
1768228313807131,52931,14550,49.0,27,0,0
1768228313808158,52931,14550,44.0,116,0,0
1768228313809095,52931,14550,42.0,129,0,0
1768228313810568,52931,14550,34.0,29,0,0
1768228313812402,52931,14550,34.0,137,0,0
1768228313814320,52931,14550,60.0,24,0,0
1768228313816650,52931,14550,53.0,124,0,0
1768228313818566,52931,14550,31.0,2,0,0
1768228313820480,52931,14550,64.0,164,0,0
1768228313822269,52931,14550,24.0,168,0,0
1768228313824496,52931,14550,42.0,136,0,0
1768228313826303,52931,14550,42.0,193,0,0
1768228313827933,52931,14550,48.0,32,0,0
1768228313829397,52931,14550,40.0,241,0,0
1768228313831074,52931,14550,61.0,147,0,0
1768228313832623,52931,14550,64.0,11030,0,0
1768228314039924,52931,14550,48.0,163,0,0
1768228314041708,52931,14550,44.0,178,0,0
1768228314045373,52931,14550,48.0,30,0,0
1768228314048899,52931,14550,48.0,33,0,0
1768228314051915,52931,14550,39.0,74,0,0
1768228314056389,52931,14550,51.0,1,0,0
1768228314061062,52931,14550,22.0,125,0,0
1768228314064547,52931,14550,27.0,152,0,0
1768228314067381,52931,14550,44.0,62,0,0
1768228314071253,52931,14550,25.0,42,0,0
1768228314075982,52931,14550,32.0,36,0,0
1768228314080083,52931,14550,62.0,65,0,0
1768228314082244,52931,14550,49.0,27,0,0
1768228314084716,52931,14550,44.0,116,0,0
1768228314087353,52931,14550,42.0,129,0,0
1768228314089859,52931,14550,34.0,29,0,0
1768228314091927,52931,14550,34.0,137,0,0
1768228314094699,52931,14550,60.0,24,0,0
1768228314098522,52931,14550,53.0,124,0,0
1768228314102259,52931,14550,31.0,2,0,0
1768228314105372,52931,14550,64.0,164,0,0
1768228314107027,52931,14550,24.0,168,0,0
1768228314111813,52931,14550,42.0,136,0,0
1768228314113899,52931,14550,42.0,193,0,0
1768228314121401,52931,14550,48.0,32,0,0
1768228314125448,52931,14550,40.0,241,0,0
1768228314127839,52931,14550,61.0,147,0,0
1768228314131736,52931,14550,64.0,11030,0,0
1768228314201956,5760,58419,,264,1,0
1768228314203919,52931,14550,47.0,264,0,0
1768228314252949,5760,58419,,253,1,0
1768228314257040,52931,14550,51.0,253,0,0
1768228314289259,52931,14550,48.0,163,0,0
1768228314291778,52931,14550,44.0,178,0,0
1768228314294105,52931,14550,48.0,30,0,0
1768228314296668,52931,14550,48.0,33,0,0
1768228314298365,52931,14550,39.0,74,0,0
1768228314302877,52931,14550,51.0,1,0,0
1768228314307324,52931,14550,22.0,125,0,0
1768228314309441,52931,14550,27.0,152,0,0
1768228314311139,52931,14550,44.0,62,0,0
1768228314314045,52931,14550,25.0,42,0,0
1768228314317328,52931,14550,32.0,36,0,0
1768228314320109,52931,14550,62.0,65,0,0
1768228314322291,52931,14550,49.0,27,0,0
1768228314324309,52931,14550,44.0,116,0,0
1768228314326410,52931,14550,42.0,129,0,0
1768228314328472,52931,14550,34.0,29,0,0
1768228314330330,52931,14550,34.0,137,0,0
1768228314332551,52931,14550,60.0,24,0,0
1768228314335481,52931,14550,53.0,124,0,0
1768228314338475,52931,14550,31.0,2,0,0
1768228314340172,52931,14550,64.0,164,0,0
1768228314342373,52931,14550,24.0,168,0,0
1768228314344891,52931,14550,42.0,136,0,0
1768228314347006,52931,14550,42.0,193,0,0
1768228314348893,52931,14550,48.0,32,0,0
1768228314350519,52931,14550,40.0,241,0,0
1768228314352323,52931,14550,61.0,147,0,0
1768228314354161,52931,14550,64.0,11030,0,0
1768228314379099,58419,5760,,0,1,0
1768228314540351,52931,14550,48.0,163,0,0
1768228314542029,52931,14550,44.0,178,0,0
1768228314543559,52931,14550,48.0,30,0,0
1768228314546009,52931,14550,48.0,33,0,0
1768228314550156,52931,14550,39.0,74,0,0
1768228314555953,52931,14550,51.0,1,0,0
1768228314562322,52931,14550,22.0,125,0,0
1768228314568001,52931,14550,27.0,152,0,0
1768228314569553,52931,14550,44.0,62,0,0
1768228314572314,52931,14550,25.0,42,0,0
1768228314575684,52931,14550,32.0,36,0,0
1768228314582682,52931,14550,62.0,65,0,0
1768228314585650,52931,14550,49.0,27,0,0
1768228314587383,52931,14550,44.0,116,0,0
1768228314589698,52931,14550,42.0,129,0,0
1768228314591557,52931,14550,34.0,29,0,0
1768228314593459,52931,14550,34.0,137,0,0
1768228314596656,52931,14550,60.0,24,0,0
1768228314599588,52931,14550,53.0,124,0,0
1768228314602748,52931,14550,31.0,2,0,0
1768228314604868,52931,14550,64.0,164,0,0
1768228314606140,52931,14550,24.0,168,0,0
1768228314609420,5760,58419,,0,1,0
1768228314612102,52931,14550,42.0,136,0,0
1768228314613864,52931,14550,42.0,193,0,0
1768228314616780,52931,14550,48.0,32,0,0
1768228314620312,52931,14550,40.0,241,0,0
1768228314622058,52931,14550,61.0,147,0,0
1768228314623741,52931,14550,64.0,11030,0,0
1768228314628386,52931,14550,29.0,0,0,0
1768228314678924,5760,58419,,111,1,0
1768228314679956,52931,14550,33.0,111,0,0
1768228314701747,5760,58419,,264,1,0
1768228314702702,52931,14550,47.0,264,0,0
1768228314787589,52931,14550,48.0,163,0,0
1768228314789944,52931,14550,44.0,178,0,0
1768228314792576,52931,14550,48.0,30,0,0
1768228314794550,52931,14550,48.0,33,0,0
1768228314796326,52931,14550,39.0,74,0,0
1768228314800435,52931,14550,51.0,1,0,0
1768228314803886,52931,14550,22.0,125,0,0
1768228314806196,52931,14550,27.0,152,0,0
1768228314807679,52931,14550,44.0,62,0,0
1768228314811031,52931,14550,25.0,42,0,0
1768228314813637,52931,14550,32.0,36,0,0
1768228314815925,52931,14550,62.0,65,0,0
1768228314818280,52931,14550,49.0,27,0,0
1768228314820547,52931,14550,44.0,116,0,0
1768228314822642,52931,14550,42.0,129,0,0
1768228314824621,52931,14550,34.0,29,0,0
1768228314826564,52931,14550,34.0,137,0,0
1768228314828904,52931,14550,60.0,24,0,0
1768228314831540,52931,14550,53.0,124,0,0
1768228314833752,52931,14550,31.0,2,0,0
1768228314835469,52931,14550,64.0,164,0,0
1768228314836970,52931,14550,24.0,168,0,0
1768228314839169,52931,14550,42.0,136,0,0
1768228314841201,52931,14550,42.0,193,0,0
1768228314843327,52931,14550,48.0,32,0,0
1768228314845277,52931,14550,40.0,241,0,0
1768228314847615,52931,14550,61.0,147,0,0
1768228314849943,52931,14550,64.0,11030,0,0
1768228315042871,52931,14550,48.0,163,0,0
1768228315045551,52931,14550,44.0,178,0,0
1768228315047623,52931,14550,48.0,30,0,0
1768228315052101,52931,14550,48.0,33,0,0
1768228315055942,52931,14550,37.0,74,0,0
1768228315061242,52931,14550,51.0,1,0,0
1768228315070668,52931,14550,22.0,125,0,0
1768228315074184,52931,14550,27.0,152,0,0
1768228315076032,52931,14550,44.0,62,0,0
1768228315082566,52931,14550,25.0,42,0,0
1768228315087066,52931,14550,32.0,36,0,0
1768228315089286,52931,14550,62.0,65,0,0
1768228315091612,52931,14550,49.0,27,0,0
1768228315093857,52931,14550,44.0,116,0,0
1768228315097172,52931,14550,42.0,129,0,0
1768228315100835,52931,14550,34.0,29,0,0
1768228315103192,52931,14550,34.0,137,0,0
1768228315105947,52931,14550,60.0,24,0,0
1768228315109341,52931,14550,53.0,124,0,0
1768228315112481,52931,14550,31.0,2,0,0
1768228315114734,52931,14550,64.0,164,0,0
1768228315118061,52931,14550,24.0,168,0,0
1768228315119905,52931,14550,42.0,136,0,0
1768228315121625,52931,14550,42.0,193,0,0
1768228315123771,52931,14550,48.0,32,0,0
1768228315126476,52931,14550,40.0,241,0,0
1768228315128473,52931,14550,61.0,147,0,0
1768228315131358,52931,14550,64.0,11030,0,0
1768228315203979,5760,58419,,264,1,0
1768228315204779,52931,14550,47.0,264,0,0
1768228315293965,52931,14550,48.0,163,0,0
1768228315295831,52931,14550,44.0,178,0,0
1768228315296560,52931,14550,48.0,30,0,0
1768228315297845,52931,14550,48.0,33,0,0
1768228315298688,52931,14550,37.0,74,0,0
1768228315301028,52931,14550,51.0,1,0,0
1768228315302977,52931,14550,22.0,125,0,0
1768228315304283,52931,14550,27.0,152,0,0
1768228315305291,52931,14550,44.0,62,0,0
1768228315306917,52931,14550,25.0,42,0,0
1768228315308418,52931,14550,32.0,36,0,0
1768228315309196,52931,14550,62.0,65,0,0
1768228315310144,52931,14550,49.0,27,0,0
1768228315310990,52931,14550,44.0,116,0,0
1768228315311862,52931,14550,42.0,129,0,0
1768228315312681,52931,14550,34.0,29,0,0
1768228315313559,52931,14550,34.0,137,0,0
1768228315314851,52931,14550,60.0,24,0,0
1768228315316203,52931,14550,53.0,124,0,0
1768228315317840,52931,14550,31.0,2,0,0
1768228315318813,52931,14550,64.0,164,0,0
1768228315319640,52931,14550,24.0,168,0,0
1768228315320961,52931,14550,42.0,136,0,0
1768228315321866,52931,14550,42.0,193,0,0
1768228315322965,52931,14550,48.0,32,0,0
1768228315323801,52931,14550,40.0,241,0,0
1768228315324693,52931,14550,61.0,147,0,0
1768228315325599,52931,14550,64.0,11030,0,0
1768228315384043,58419,5760,,0,1,0
1768228315546983,52931,14550,48.0,163,0,0
1768228315549309,52931,14550,44.0,178,0,0
1768228315552686,52931,14550,48.0,30,0,0
1768228315555774,52931,14550,48.0,33,0,0
1768228315560202,52931,14550,37.0,74,0,0
1768228315563199,52931,14550,51.0,1,0,0
1768228315571781,52931,14550,22.0,125,0,0
1768228315575834,52931,14550,27.0,152,0,0
1768228315577933,52931,14550,44.0,62,0,0
1768228315583305,52931,14550,25.0,42,0,0
1768228315587185,52931,14550,32.0,36,0,0
1768228315590043,52931,14550,62.0,65,0,0
1768228315592080,52931,14550,49.0,27,0,0
1768228315594659,52931,14550,44.0,116,0,0
1768228315596362,52931,14550,42.0,129,0,0
1768228315598132,52931,14550,34.0,29,0,0
1768228315599931,52931,14550,34.0,137,0,0
1768228315603348,52931,14550,60.0,24,0,0
1768228315607015,52931,14550,53.0,124,0,0
1768228315609064,52931,14550,31.0,2,0,0
1768228315611045,52931,14550,64.0,164,0,0
1768228315613527,52931,14550,24.0,168,0,0
1768228315617080,52931,14550,42.0,136,0,0
1768228315617832,5760,58419,,0,1,0
1768228315618854,52931,14550,42.0,193,0,0
1768228315621842,52931,14550,48.0,32,0,0
1768228315624306,52931,14550,40.0,241,0,0
1768228315626507,52931,14550,61.0,147,0,0
1768228315629868,52931,14550,64.0,11030,0,0
1768228315634565,52931,14550,29.0,0,0,0
1768228315706798,5760,58419,,264,1,0
1768228315707732,52931,14550,47.0,264,0,0
1768228315798187,52931,14550,48.0,163,0,0
1768228315799638,52931,14550,44.0,178,0,0
1768228315800463,52931,14550,48.0,30,0,0
1768228315802828,52931,14550,48.0,33,0,0
1768228315803939,52931,14550,37.0,74,0,0
1768228315806697,52931,14550,51.0,1,0,0
1768228315808866,52931,14550,22.0,125,0,0
1768228315809988,52931,14550,27.0,152,0,0
1768228315810812,52931,14550,44.0,62,0,0
1768228315812356,52931,14550,25.0,42,0,0
1768228315813791,52931,14550,32.0,36,0,0
1768228315814882,52931,14550,62.0,65,0,0
1768228315815787,52931,14550,49.0,27,0,0
1768228315816743,52931,14550,44.0,116,0,0
1768228315817682,52931,14550,42.0,129,0,0
1768228315818450,52931,14550,34.0,29,0,0
1768228315819388,52931,14550,34.0,137,0,0
1768228315820248,52931,14550,60.0,24,0,0
1768228315821603,52931,14550,53.0,124,0,0
1768228315823201,52931,14550,31.0,2,0,0
1768228315824106,52931,14550,64.0,164,0,0
1768228315825017,52931,14550,24.0,168,0,0
1768228315826041,52931,14550,42.0,136,0,0
1768228315827076,52931,14550,42.0,193,0,0
1768228315828193,52931,14550,48.0,32,0,0
1768228315829228,52931,14550,40.0,241,0,0
1768228315830291,52931,14550,61.0,147,0,0
1768228315831274,52931,14550,64.0,11030,0,0
1768228315832945,52931,14550,45.0,22,0,0
1768228315836053,52931,14550,45.0,22,0,0
1768228315837561,52931,14550,45.0,22,0,0
1768228316049056,52931,14550,48.0,163,0,0
1768228316051574,52931,14550,44.0,178,0,0
1768228316055416,52931,14550,48.0,30,0,0
1768228316058331,52931,14550,48.0,33,0,0
1768228316060570,52931,14550,37.0,74,0,0
1768228316064857,52931,14550,51.0,1,0,0
1768228316069175,52931,14550,22.0,125,0,0
1768228316072033,52931,14550,27.0,152,0,0
1768228316073961,52931,14550,44.0,62,0,0
1768228316076878,52931,14550,25.0,42,0,0
1768228316080245,52931,14550,32.0,36,0,0
1768228316082849,52931,14550,62.0,65,0,0
1768228316084951,52931,14550,49.0,27,0,0
1768228316086591,52931,14550,44.0,116,0,0
1768228316088364,52931,14550,42.0,129,0,0
1768228316090329,52931,14550,34.0,29,0,0
1768228316092065,52931,14550,34.0,137,0,0
1768228316093768,52931,14550,60.0,24,0,0
1768228316096076,52931,14550,53.0,124,0,0
1768228316098802,52931,14550,31.0,2,0,0
1768228316100874,52931,14550,64.0,164,0,0
1768228316103313,52931,14550,24.0,168,0,0
1768228316105528,52931,14550,42.0,136,0,0
1768228316107145,52931,14550,42.0,193,0,0
1768228316110204,52931,14550,48.0,32,0,0
1768228316112515,52931,14550,40.0,241,0,0
1768228316114386,52931,14550,61.0,147,0,0
1768228316116041,52931,14550,64.0,11030,0,0
1768228316214072,5760,58419,,264,1,0
1768228316214914,52931,14550,47.0,264,0,0
1768228316298549,52931,14550,48.0,163,0,0
1768228316301078,52931,14550,44.0,178,0,0
1768228316302657,52931,14550,48.0,30,0,0
1768228316303961,52931,14550,48.0,33,0,0
1768228316305368,52931,14550,37.0,74,0,0
1768228316307083,52931,14550,51.0,1,0,0
1768228316308822,52931,14550,22.0,125,0,0
1768228316309855,52931,14550,27.0,152,0,0
1768228316310684,52931,14550,44.0,62,0,0
1768228316312374,52931,14550,25.0,42,0,0
1768228316314228,52931,14550,32.0,36,0,0
1768228316315752,52931,14550,62.0,65,0,0
1768228316316967,52931,14550,49.0,27,0,0
1768228316317763,52931,14550,44.0,116,0,0
1768228316318805,52931,14550,42.0,129,0,0
1768228316320099,52931,14550,34.0,29,0,0
1768228316321075,52931,14550,34.0,137,0,0
1768228316321978,52931,14550,60.0,24,0,0
1768228316323359,52931,14550,53.0,124,0,0
1768228316324739,52931,14550,31.0,2,0,0
1768228316325576,52931,14550,64.0,164,0,0
1768228316326422,52931,14550,24.0,168,0,0
1768228316327481,52931,14550,42.0,136,0,0
1768228316328390,52931,14550,42.0,193,0,0
1768228316329811,52931,14550,48.0,32,0,0
1768228316330692,52931,14550,40.0,241,0,0
1768228316331907,52931,14550,61.0,147,0,0
1768228316332878,52931,14550,64.0,11030,0,0
1768228316340899,52931,14550,37.0,253,0,0
1768228316343025,52931,14550,45.0,22,0,0
1768228316388019,58419,5760,,0,1,0
1768228316548903,52931,14550,48.0,163,0,0
1768228316551276,52931,14550,44.0,178,0,0
1768228316553438,52931,14550,48.0,30,0,0
1768228316556788,52931,14550,48.0,33,0,0
1768228316559207,52931,14550,37.0,74,0,0
1768228316563805,52931,14550,51.0,1,0,0
1768228316569575,52931,14550,22.0,125,0,0
1768228316574866,52931,14550,27.0,152,0,0
1768228316578301,52931,14550,44.0,62,0,0
1768228316582313,52931,14550,25.0,42,0,0
1768228316585798,52931,14550,32.0,36,0,0
1768228316588298,52931,14550,62.0,65,0,0
1768228316590550,52931,14550,49.0,27,0,0
1768228316592623,52931,14550,44.0,116,0,0
1768228316594915,52931,14550,42.0,129,0,0
1768228316596860,52931,14550,34.0,29,0,0
1768228316598462,52931,14550,34.0,137,0,0
1768228316600186,52931,14550,60.0,24,0,0
1768228316602548,52931,14550,53.0,124,0,0
1768228316605133,52931,14550,31.0,2,0,0
1768228316607104,52931,14550,64.0,164,0,0
1768228316608665,52931,14550,24.0,168,0,0
1768228316610501,52931,14550,42.0,136,0,0
1768228316612104,52931,14550,42.0,193,0,0
1768228316614136,52931,14550,48.0,32,0,0
1768228316616040,52931,14550,40.0,241,0,0
1768228316618203,52931,14550,61.0,147,0,0
1768228316620111,52931,14550,64.0,11030,0,0
1768228316623180,5760,58419,,0,1,0
1768228316624600,52931,14550,29.0,0,0,0
1768228316716602,5760,58419,,264,1,0
1768228316717640,52931,14550,47.0,264,0,0
1768228316798939,52931,14550,48.0,163,0,0
1768228316801285,52931,14550,44.0,178,0,0
1768228316802337,52931,14550,48.0,30,0,0
1768228316804856,52931,14550,48.0,33,0,0
1768228316806821,52931,14550,37.0,74,0,0
1768228316809702,52931,14550,51.0,1,0,0
1768228316814988,52931,14550,22.0,125,0,0
1768228316819736,52931,14550,27.0,152,0,0
1768228316821687,52931,14550,44.0,62,0,0
1768228316824457,52931,14550,25.0,42,0,0
1768228316828066,52931,14550,32.0,36,0,0
1768228316830357,52931,14550,62.0,65,0,0
1768228316832095,52931,14550,49.0,27,0,0
1768228316833591,52931,14550,44.0,116,0,0
1768228316834970,52931,14550,42.0,129,0,0
1768228316836610,52931,14550,34.0,29,0,0
1768228316838757,52931,14550,34.0,137,0,0
1768228316840771,52931,14550,60.0,24,0,0
1768228316843290,52931,14550,53.0,124,0,0
1768228316846258,52931,14550,31.0,2,0,0
1768228316848529,52931,14550,64.0,164,0,0
1768228316850159,52931,14550,24.0,168,0,0
1768228316852045,52931,14550,42.0,136,0,0
1768228316854121,52931,14550,42.0,193,0,0
1768228316856486,52931,14550,48.0,32,0,0
1768228316858143,52931,14550,40.0,241,0,0
1768228316860249,52931,14550,61.0,147,0,0
1768228316862089,52931,14550,64.0,11030,0,0
1768228317051649,5760,58419,,11030,1,0
1768228317052350,52931,14550,48.0,163,0,0
1768228317056250,52931,14550,44.0,178,0,0
1768228317059743,52931,14550,48.0,30,0,0
1768228317062522,52931,14550,48.0,33,0,0
1768228317067498,52931,14550,37.0,74,0,0
1768228317070832,52931,14550,51.0,1,0,0
1768228317080126,52931,14550,22.0,125,0,0
1768228317086595,52931,14550,27.0,152,0,0
1768228317089720,52931,14550,44.0,62,0,0
1768228317094346,52931,14550,25.0,42,0,0
1768228317098975,52931,14550,32.0,36,0,0
1768228317101060,52931,14550,62.0,65,0,0
1768228317105511,52931,14550,49.0,27,0,0
1768228317107953,52931,14550,44.0,116,0,0
1768228317111644,52931,14550,42.0,129,0,0
1768228317114376,52931,14550,34.0,29,0,0
1768228317118055,52931,14550,34.0,137,0,0
1768228317120285,52931,14550,60.0,24,0,0
1768228317125485,52931,14550,53.0,124,0,0
1768228317128122,52931,14550,31.0,2,0,0
1768228317130312,52931,14550,64.0,164,0,0
1768228317132293,52931,14550,24.0,168,0,0
1768228317134304,52931,14550,42.0,136,0,0
1768228317135924,52931,14550,42.0,193,0,0
1768228317138128,52931,14550,48.0,32,0,0
1768228317139731,52931,14550,40.0,241,0,0
1768228317143488,52931,14550,61.0,147,0,0
1768228317146317,52931,14550,64.0,11030,0,0
1768228317219814,5760,58419,,264,1,0
1768228317221123,52931,14550,47.0,264,0,0
1768228317305424,52931,14550,48.0,163,0,0
1768228317307970,52931,14550,44.0,178,0,0
1768228317309868,52931,14550,48.0,30,0,0
1768228317314384,52931,14550,48.0,33,0,0
1768228317317121,52931,14550,37.0,74,0,0
1768228317323226,52931,14550,51.0,1,0,0
1768228317327007,52931,14550,22.0,125,0,0
1768228317329406,52931,14550,27.0,152,0,0
1768228317331128,52931,14550,44.0,62,0,0
1768228317334113,52931,14550,25.0,42,0,0
1768228317338093,52931,14550,32.0,36,0,0
1768228317339790,52931,14550,62.0,65,0,0
1768228317341459,52931,14550,49.0,27,0,0
1768228317343084,52931,14550,44.0,116,0,0
1768228317344945,52931,14550,42.0,129,0,0
1768228317346801,52931,14550,34.0,29,0,0
1768228317349138,52931,14550,34.0,137,0,0
1768228317350747,52931,14550,60.0,24,0,0
1768228317353176,52931,14550,53.0,124,0,0
1768228317355161,52931,14550,31.0,2,0,0
1768228317356933,52931,14550,64.0,164,0,0
1768228317358878,52931,14550,24.0,168,0,0
1768228317361397,52931,14550,42.0,136,0,0
1768228317363606,52931,14550,42.0,193,0,0
1768228317366072,52931,14550,48.0,32,0,0
1768228317367468,52931,14550,40.0,241,0,0
1768228317369007,52931,14550,61.0,147,0,0
1768228317370142,52931,14550,64.0,11030,0,0
1768228317393656,58419,5760,,0,1,0
1768228317556980,52931,14550,48.0,163,0,0
1768228317559976,52931,14550,44.0,178,0,0
1768228317563887,52931,14550,48.0,30,0,0
1768228317567293,52931,14550,48.0,33,0,0
1768228317570191,52931,14550,37.0,74,0,0
1768228317576310,52931,14550,51.0,1,0,0
1768228317583028,52931,14550,22.0,125,0,0
1768228317587924,52931,14550,27.0,152,0,0
1768228317589954,52931,14550,44.0,62,0,0
1768228317594226,52931,14550,25.0,42,0,0
1768228317597438,52931,14550,32.0,36,0,0
1768228317599372,52931,14550,62.0,65,0,0
1768228317601676,52931,14550,49.0,27,0,0
1768228317603504,52931,14550,44.0,116,0,0
1768228317606398,52931,14550,42.0,129,0,0
1768228317608164,52931,14550,34.0,29,0,0
1768228317609827,52931,14550,34.0,137,0,0
1768228317611477,52931,14550,60.0,24,0,0
1768228317615001,52931,14550,53.0,124,0,0
1768228317617214,52931,14550,31.0,2,0,0
1768228317620019,52931,14550,64.0,164,0,0
1768228317623447,52931,14550,24.0,168,0,0
1768228317624587,5760,58419,,0,1,0
1768228317628702,52931,14550,42.0,136,0,0
1768228317630885,52931,14550,42.0,193,0,0
1768228317633533,52931,14550,48.0,32,0,0
1768228317635786,52931,14550,40.0,241,0,0
1768228317638635,52931,14550,61.0,147,0,0
1768228317640582,52931,14550,64.0,11030,0,0
1768228317645454,58419,5760,,66,1,0
1768228317647460,52931,14550,29.0,0,0,0
1768228317720614,5760,58419,,264,1,0
1768228317721852,52931,14550,47.0,264,0,0
1768228317806066,52931,14550,48.0,163,0,0
1768228317811083,52931,14550,44.0,178,0,0
1768228317813503,52931,14550,48.0,30,0,0
1768228317816541,52931,14550,48.0,33,0,0
1768228317818844,52931,14550,37.0,74,0,0
1768228317822510,52931,14550,51.0,1,0,0
1768228317825690,52931,14550,22.0,125,0,0
1768228317828184,52931,14550,27.0,152,0,0
1768228317830032,52931,14550,44.0,62,0,0
1768228317833335,52931,14550,25.0,42,0,0
1768228317836562,52931,14550,32.0,36,0,0
1768228317838605,52931,14550,62.0,65,0,0
1768228317840229,52931,14550,49.0,27,0,0
1768228317842288,52931,14550,44.0,116,0,0
1768228317844369,52931,14550,42.0,129,0,0
1768228317846644,52931,14550,34.0,29,0,0
1768228317848230,52931,14550,34.0,137,0,0
1768228317849949,52931,14550,60.0,24,0,0
1768228317852170,52931,14550,53.0,124,0,0
1768228317854952,52931,14550,31.0,2,0,0
1768228317857206,52931,14550,64.0,164,0,0
1768228317859504,52931,14550,24.0,168,0,0
1768228317861738,52931,14550,42.0,136,0,0
1768228317863603,52931,14550,42.0,193,0,0
1768228317866227,52931,14550,48.0,32,0,0
1768228317868302,52931,14550,40.0,241,0,0
1768228317870035,52931,14550,61.0,147,0,0
1768228317872208,52931,14550,64.0,11030,0,0
1768228318058109,52931,14550,48.0,163,0,0
1768228318060549,52931,14550,44.0,178,0,0
1768228318063633,52931,14550,48.0,30,0,0
1768228318066770,52931,14550,48.0,33,0,0
1768228318070040,52931,14550,37.0,74,0,0
1768228318077098,52931,14550,51.0,1,0,0
1768228318088079,52931,14550,22.0,125,0,0
1768228318093904,52931,14550,27.0,152,0,0
1768228318097273,52931,14550,44.0,62,0,0
1768228318101832,52931,14550,25.0,42,0,0
1768228318107800,52931,14550,32.0,36,0,0
1768228318109675,52931,14550,62.0,65,0,0
1768228318113331,52931,14550,49.0,27,0,0
1768228318115231,52931,14550,44.0,116,0,0
1768228318117791,52931,14550,42.0,129,0,0
1768228318119222,52931,14550,34.0,29,0,0
1768228318120480,52931,14550,34.0,137,0,0
1768228318121714,52931,14550,60.0,24,0,0
1768228318123931,52931,14550,53.0,124,0,0
1768228318125443,52931,14550,31.0,2,0,0
1768228318126849,52931,14550,64.0,164,0,0
1768228318127687,52931,14550,24.0,168,0,0
1768228318128713,52931,14550,42.0,136,0,0
1768228318129545,52931,14550,42.0,193,0,0
1768228318130681,52931,14550,48.0,32,0,0
1768228318131759,52931,14550,40.0,241,0,0
1768228318132813,52931,14550,61.0,147,0,0
1768228318133739,52931,14550,64.0,11030,0,0
1768228318226063,5760,58419,,264,1,0
1768228318226784,52931,14550,47.0,264,0,0
1768228318309668,52931,14550,48.0,163,0,0
1768228318313403,52931,14550,44.0,178,0,0
1768228318315273,52931,14550,48.0,30,0,0
1768228318317898,52931,14550,48.0,33,0,0
1768228318319990,52931,14550,37.0,74,0,0
1768228318323565,52931,14550,51.0,1,0,0
1768228318327023,52931,14550,22.0,125,0,0
1768228318329654,52931,14550,27.0,152,0,0
1768228318331025,52931,14550,44.0,62,0,0
1768228318333641,52931,14550,25.0,42,0,0
1768228318337408,52931,14550,32.0,36,0,0
1768228318339477,52931,14550,62.0,65,0,0
1768228318340916,52931,14550,49.0,27,0,0
1768228318342229,52931,14550,44.0,116,0,0
1768228318343759,52931,14550,42.0,129,0,0
1768228318345472,52931,14550,34.0,29,0,0
1768228318346846,52931,14550,34.0,137,0,0
1768228318348646,52931,14550,60.0,24,0,0
1768228318350885,52931,14550,53.0,124,0,0
1768228318352923,52931,14550,31.0,2,0,0
1768228318354375,52931,14550,64.0,164,0,0
1768228318355823,52931,14550,24.0,168,0,0
1768228318357494,52931,14550,42.0,136,0,0
1768228318359333,52931,14550,42.0,193,0,0
1768228318361307,52931,14550,48.0,32,0,0
1768228318363071,52931,14550,40.0,241,0,0
1768228318365140,52931,14550,61.0,147,0,0
1768228318366958,52931,14550,64.0,11030,0,0
1768228318402315,58419,5760,,0,1,0
1768228318561460,52931,14550,48.0,163,0,0
1768228318563378,52931,14550,44.0,178,0,0
1768228318565668,52931,14550,48.0,30,0,0
1768228318567299,52931,14550,48.0,33,0,0
1768228318569195,52931,14550,37.0,74,0,0
1768228318575007,52931,14550,51.0,1,0,0
1768228318580518,52931,14550,22.0,125,0,0
1768228318583109,52931,14550,27.0,152,0,0
1768228318584469,52931,14550,44.0,62,0,0
1768228318587502,52931,14550,25.0,42,0,0
1768228318591710,52931,14550,32.0,36,0,0
1768228318593125,52931,14550,62.0,65,0,0
1768228318594644,52931,14550,49.0,27,0,0
1768228318596286,52931,14550,44.0,116,0,0
1768228318597667,52931,14550,42.0,129,0,0
1768228318599694,52931,14550,34.0,29,0,0
1768228318602554,52931,14550,34.0,137,0,0
1768228318603648,52931,14550,60.0,24,0,0
1768228318608133,52931,14550,53.0,124,0,0
1768228318609947,52931,14550,31.0,2,0,0
1768228318611197,52931,14550,64.0,164,0,0
1768228318613749,52931,14550,24.0,168,0,0
1768228318614985,52931,14550,42.0,136,0,0
1768228318616117,52931,14550,42.0,193,0,0
1768228318617497,52931,14550,48.0,32,0,0
1768228318618788,52931,14550,40.0,241,0,0
1768228318620337,52931,14550,61.0,147,0,0
1768228318621847,52931,14550,64.0,11030,0,0
1768228318633190,5760,58419,,0,1,0
1768228318634552,52931,14550,29.0,0,0,0
1768228318725605,5760,58419,,264,1,0
1768228318726500,52931,14550,47.0,264,0,0
1768228318810525,52931,14550,48.0,163,0,0
1768228318812026,52931,14550,44.0,178,0,0
1768228318812864,52931,14550,48.0,30,0,0
1768228318814228,52931,14550,48.0,33,0,0
1768228318815258,52931,14550,37.0,74,0,0
1768228318818656,52931,14550,51.0,1,0,0
1768228318822672,52931,14550,22.0,125,0,0
1768228318823958,52931,14550,27.0,152,0,0
1768228318824853,52931,14550,44.0,62,0,0
1768228318826301,52931,14550,25.0,42,0,0
1768228318828378,52931,14550,32.0,36,0,0
1768228318829323,52931,14550,62.0,65,0,0
1768228318830191,52931,14550,49.0,27,0,0
1768228318831148,52931,14550,44.0,116,0,0
1768228318832087,52931,14550,42.0,129,0,0
1768228318832915,52931,14550,34.0,29,0,0
1768228318834079,52931,14550,34.0,137,0,0
1768228318835095,52931,14550,60.0,24,0,0
1768228318836531,52931,14550,53.0,124,0,0
1768228318837870,52931,14550,31.0,2,0,0
1768228318838879,52931,14550,64.0,164,0,0
1768228318839761,52931,14550,24.0,168,0,0
1768228318840718,52931,14550,42.0,136,0,0
1768228318841612,52931,14550,42.0,193,0,0
1768228318842800,52931,14550,48.0,32,0,0
1768228318844070,52931,14550,40.0,241,0,0
1768228318845235,52931,14550,61.0,147,0,0
1768228318846272,52931,14550,64.0,11030,0,0
1768228319062491,52931,14550,48.0,163,0,0
1768228319065795,52931,14550,44.0,178,0,0
1768228319071474,52931,14550,48.0,30,0,0
1768228319075600,52931,14550,48.0,33,0,0
1768228319079067,52931,14550,37.0,74,0,0
1768228319084481,52931,14550,51.0,1,0,0
1768228319091253,52931,14550,22.0,125,0,0
1768228319094406,52931,14550,27.0,152,0,0
1768228319096738,52931,14550,44.0,62,0,0
1768228319101197,52931,14550,25.0,42,0,0
1768228319107346,52931,14550,32.0,36,0,0
1768228319109301,52931,14550,62.0,65,0,0
1768228319112311,52931,14550,49.0,27,0,0
1768228319114230,52931,14550,44.0,116,0,0
1768228319116297,52931,14550,42.0,129,0,0
1768228319118845,52931,14550,34.0,29,0,0
1768228319121834,52931,14550,34.0,137,0,0
1768228319124431,52931,14550,60.0,24,0,0
1768228319131797,52931,14550,53.0,124,0,0
1768228319135821,52931,14550,31.0,2,0,0
1768228319137203,52931,14550,64.0,164,0,0
1768228319140180,52931,14550,24.0,168,0,0
1768228319144472,52931,14550,42.0,136,0,0
1768228319149166,52931,14550,42.0,193,0,0
1768228319151815,52931,14550,48.0,32,0,0
1768228319153695,52931,14550,40.0,241,0,0
1768228319156569,52931,14550,61.0,147,0,0
1768228319158603,52931,14550,64.0,11030,0,0
1768228319229460,5760,58419,,264,1,0
1768228319230930,52931,14550,47.0,264,0,0
1768228319318092,52931,14550,48.0,163,0,0
1768228319320833,52931,14550,44.0,178,0,0
1768228319323875,52931,14550,48.0,30,0,0
1768228319327474,52931,14550,48.0,33,0,0
1768228319330627,52931,14550,37.0,74,0,0
1768228319335166,52931,14550,51.0,1,0,0
1768228319341090,52931,14550,22.0,125,0,0
1768228319344318,52931,14550,27.0,152,0,0
1768228319346378,52931,14550,44.0,62,0,0
1768228319349447,52931,14550,25.0,42,0,0
1768228319352889,52931,14550,32.0,36,0,0
1768228319354400,52931,14550,62.0,65,0,0
1768228319356833,52931,14550,49.0,27,0,0
1768228319359056,52931,14550,44.0,116,0,0
1768228319361468,52931,14550,42.0,129,0,0
1768228319363437,52931,14550,34.0,29,0,0
1768228319365919,52931,14550,34.0,137,0,0
1768228319367880,52931,14550,60.0,24,0,0
1768228319371755,52931,14550,53.0,124,0,0
1768228319374940,52931,14550,31.0,2,0,0
1768228319377218,52931,14550,64.0,164,0,0
1768228319379857,52931,14550,24.0,168,0,0
1768228319383479,52931,14550,42.0,136,0,0
1768228319386309,52931,14550,42.0,193,0,0
1768228319388981,52931,14550,48.0,32,0,0
1768228319392881,52931,14550,40.0,241,0,0
1768228319395877,52931,14550,61.0,147,0,0
1768228319398058,52931,14550,64.0,11030,0,0
1768228319411023,58419,5760,,0,1,0
1768228319568332,52931,14550,48.0,163,0,0
1768228319570877,52931,14550,44.0,178,0,0
1768228319572542,52931,14550,48.0,30,0,0
1768228319574131,52931,14550,48.0,33,0,0
1768228319575946,52931,14550,37.0,74,0,0
1768228319583363,52931,14550,51.0,1,0,0
1768228319592301,52931,14550,22.0,125,0,0
1768228319597219,52931,14550,27.0,152,0,0
1768228319601911,52931,14550,44.0,62,0,0
1768228319606829,52931,14550,25.0,42,0,0
1768228319611129,52931,14550,32.0,36,0,0
1768228319613450,52931,14550,62.0,65,0,0
1768228319615592,52931,14550,49.0,27,0,0
1768228319618019,52931,14550,44.0,116,0,0
1768228319620405,52931,14550,42.0,129,0,0
1768228319622089,52931,14550,34.0,29,0,0
1768228319623978,52931,14550,34.0,137,0,0
1768228319625534,52931,14550,60.0,24,0,0
1768228319627903,52931,14550,53.0,124,0,0
1768228319629903,52931,14550,31.0,2,0,0
1768228319632246,52931,14550,64.0,164,0,0
1768228319634001,52931,14550,24.0,168,0,0
1768228319636026,52931,14550,42.0,136,0,0
1768228319637548,52931,14550,42.0,193,0,0
1768228319637992,5760,58419,,0,1,0
1768228319639884,52931,14550,48.0,32,0,0
1768228319641253,52931,14550,40.0,241,0,0
1768228319642996,52931,14550,61.0,147,0,0
1768228319644543,52931,14550,64.0,11030,0,0
1768228319648244,52931,14550,29.0,0,0,0
1768228319731434,5760,58419,,264,1,0
1768228319732999,52931,14550,47.0,264,0,0
1768228319820719,52931,14550,48.0,163,0,0
1768228319824881,52931,14550,44.0,178,0,0
1768228319826677,52931,14550,48.0,30,0,0
1768228319829790,52931,14550,48.0,33,0,0
1768228319833447,52931,14550,37.0,74,0,0
1768228319838156,52931,14550,51.0,1,0,0
1768228319844879,52931,14550,22.0,125,0,0
1768228319847717,52931,14550,27.0,152,0,0
1768228319850045,52931,14550,44.0,62,0,0
1768228319853266,52931,14550,25.0,42,0,0
1768228319857065,52931,14550,32.0,36,0,0
1768228319858962,52931,14550,62.0,65,0,0
1768228319861017,52931,14550,49.0,27,0,0
1768228319862950,52931,14550,44.0,116,0,0
1768228319865084,52931,14550,42.0,129,0,0
1768228319866612,52931,14550,34.0,29,0,0
1768228319868016,52931,14550,34.0,137,0,0
1768228319870181,52931,14550,60.0,24,0,0
1768228319872375,52931,14550,53.0,124,0,0
1768228319875131,52931,14550,31.0,2,0,0
1768228319876708,52931,14550,64.0,164,0,0
1768228319878401,52931,14550,24.0,168,0,0
1768228319880902,52931,14550,42.0,136,0,0
1768228319882862,52931,14550,42.0,193,0,0
1768228319885094,52931,14550,48.0,32,0,0
1768228319886920,52931,14550,40.0,241,0,0
1768228319888779,52931,14550,61.0,147,0,0
1768228319890284,52931,14550,64.0,11030,0,0
1768228320068836,52931,14550,48.0,163,0,0
1768228320073207,52931,14550,44.0,178,0,0
1768228320076133,52931,14550,48.0,30,0,0
1768228320080335,52931,14550,48.0,33,0,0
1768228320083874,52931,14550,37.0,74,0,0
1768228320089675,52931,14550,51.0,1,0,0
1768228320096981,52931,14550,22.0,125,0,0
1768228320101891,52931,14550,27.0,152,0,0
1768228320104161,52931,14550,44.0,62,0,0
1768228320107871,52931,14550,25.0,42,0,0
1768228320113705,52931,14550,32.0,36,0,0
1768228320115924,52931,14550,62.0,65,0,0
1768228320119304,52931,14550,49.0,27,0,0
1768228320122652,52931,14550,44.0,116,0,0
1768228320124967,52931,14550,42.0,129,0,0
1768228320127905,52931,14550,34.0,29,0,0
1768228320130134,52931,14550,34.0,137,0,0
1768228320133736,52931,14550,60.0,24,0,0
1768228320139584,52931,14550,53.0,124,0,0
1768228320142628,52931,14550,31.0,2,0,0
1768228320145690,52931,14550,64.0,164,0,0
1768228320148206,52931,14550,24.0,168,0,0
1768228320152662,52931,14550,42.0,136,0,0
1768228320154715,52931,14550,42.0,193,0,0
1768228320157013,52931,14550,48.0,32,0,0
1768228320160453,52931,14550,40.0,241,0,0
1768228320163859,52931,14550,61.0,147,0,0
1768228320167131,52931,14550,64.0,11030,0,0
1768228320238087,5760,58419,,264,1,0
1768228320239310,52931,14550,47.0,264,0,0
1768228320320036,52931,14550,48.0,163,0,0
1768228320322157,52931,14550,44.0,178,0,0
1768228320323862,52931,14550,48.0,30,0,0
1768228320326118,52931,14550,48.0,33,0,0
1768228320328409,52931,14550,37.0,74,0,0
1768228320330827,52931,14550,51.0,1,0,0
1768228320335009,52931,14550,22.0,125,0,0
1768228320336343,52931,14550,27.0,152,0,0
1768228320337227,52931,14550,44.0,62,0,0
1768228320338872,52931,14550,25.0,42,0,0
1768228320341227,52931,14550,32.0,36,0,0
1768228320342676,52931,14550,62.0,65,0,0
1768228320343998,52931,14550,49.0,27,0,0
1768228320345379,52931,14550,44.0,116,0,0
1768228320346885,52931,14550,42.0,129,0,0
1768228320348180,52931,14550,34.0,29,0,0
1768228320349427,52931,14550,34.0,137,0,0
1768228320350556,52931,14550,60.0,24,0,0
1768228320352456,52931,14550,53.0,124,0,0
1768228320354449,52931,14550,31.0,2,0,0
1768228320355584,52931,14550,64.0,164,0,0
1768228320356686,52931,14550,24.0,168,0,0
1768228320357966,52931,14550,42.0,136,0,0
1768228320359054,52931,14550,42.0,193,0,0
1768228320360689,52931,14550,48.0,32,0,0
1768228320362117,52931,14550,40.0,241,0,0
1768228320363682,52931,14550,61.0,147,0,0
1768228320365025,52931,14550,64.0,11030,0,0
1768228320412306,58419,5760,,0,1,0
1768228320576119,52931,14550,48.0,163,0,0
1768228320580689,52931,14550,44.0,178,0,0
1768228320584319,52931,14550,48.0,30,0,0
1768228320591084,52931,14550,48.0,33,0,0
1768228320596572,52931,14550,37.0,74,0,0
1768228320602651,52931,14550,51.0,1,0,0
1768228320611219,52931,14550,22.0,125,0,0
1768228320615767,52931,14550,27.0,152,0,0
1768228320619568,52931,14550,44.0,62,0,0
1768228320623994,52931,14550,25.0,42,0,0
1768228320629535,52931,14550,32.0,36,0,0
1768228320631586,52931,14550,62.0,65,0,0
1768228320633309,52931,14550,49.0,27,0,0
1768228320635274,52931,14550,44.0,116,0,0
1768228320637648,52931,14550,42.0,129,0,0
1768228320639325,52931,14550,34.0,29,0,0
1768228320640803,52931,14550,34.0,137,0,0
1768228320642435,52931,14550,60.0,24,0,0
1768228320644840,52931,14550,53.0,124,0,0
1768228320644994,5760,58419,,0,1,0
1768228320647009,52931,14550,31.0,2,0,0
1768228320649247,52931,14550,64.0,164,0,0
1768228320650832,52931,14550,24.0,168,0,0
1768228320652966,52931,14550,42.0,136,0,0
1768228320654602,52931,14550,42.0,193,0,0
1768228320656797,52931,14550,48.0,32,0,0
1768228320658368,52931,14550,40.0,241,0,0
1768228320660867,52931,14550,61.0,147,0,0
1768228320662627,52931,14550,64.0,11030,0,0
1768228320666094,52931,14550,29.0,0,0,0
1768228320740968,5760,58419,,264,1,0
1768228320742157,52931,14550,47.0,264,0,0
1768228320827312,52931,14550,48.0,163,0,0
1768228320829469,52931,14550,44.0,178,0,0
1768228320830850,52931,14550,48.0,30,0,0
1768228320835941,52931,14550,48.0,33,0,0
1768228320838698,52931,14550,37.0,74,0,0
1768228320843495,52931,14550,51.0,1,0,0
1768228320849589,52931,14550,22.0,125,0,0
1768228320852397,52931,14550,27.0,152,0,0
1768228320854614,52931,14550,44.0,62,0,0
1768228320857103,52931,14550,25.0,42,0,0
1768228320860551,52931,14550,32.0,36,0,0
1768228320862710,52931,14550,62.0,65,0,0
1768228320864712,52931,14550,49.0,27,0,0
1768228320866695,52931,14550,44.0,116,0,0
1768228320868693,52931,14550,42.0,129,0,0
1768228320870473,52931,14550,34.0,29,0,0
1768228320872715,52931,14550,34.0,137,0,0
1768228320874590,52931,14550,60.0,24,0,0
1768228320877066,52931,14550,53.0,124,0,0
1768228320880859,52931,14550,31.0,2,0,0
1768228320883081,52931,14550,64.0,164,0,0
1768228320884497,52931,14550,24.0,168,0,0
1768228320887107,52931,14550,42.0,136,0,0
1768228320889127,52931,14550,42.0,193,0,0
1768228320891143,52931,14550,48.0,32,0,0
1768228320892726,52931,14550,40.0,241,0,0
1768228320895002,52931,14550,61.0,147,0,0
1768228320897462,52931,14550,64.0,11030,0,0
1768228321073157,5760,58419,,253,1,0
1768228321075458,5760,58419,,11030,1,0
1768228321075486,52931,14550,51.0,253,0,0
1768228321079936,52931,14550,48.0,163,0,0
1768228321083082,52931,14550,44.0,178,0,0
1768228321085724,52931,14550,48.0,30,0,0
1768228321090121,52931,14550,48.0,33,0,0
1768228321092707,52931,14550,37.0,74,0,0
1768228321100172,52931,14550,51.0,1,0,0
1768228321106780,52931,14550,22.0,125,0,0
1768228321113657,52931,14550,27.0,152,0,0
1768228321116487,52931,14550,44.0,62,0,0
1768228321123890,52931,14550,25.0,42,0,0
1768228321130507,52931,14550,32.0,36,0,0
1768228321133868,52931,14550,62.0,65,0,0
1768228321138057,52931,14550,49.0,27,0,0
1768228321140179,52931,14550,44.0,116,0,0
1768228321142991,52931,14550,42.0,129,0,0
1768228321145259,52931,14550,34.0,29,0,0
1768228321148144,52931,14550,34.0,137,0,0
1768228321154016,52931,14550,60.0,24,0,0
1768228321157842,52931,14550,53.0,124,0,0
1768228321161916,52931,14550,31.0,2,0,0
1768228321165608,52931,14550,64.0,164,0,0
1768228321168355,52931,14550,24.0,168,0,0
1768228321172490,52931,14550,42.0,136,0,0
1768228321174941,52931,14550,42.0,193,0,0
1768228321178566,52931,14550,48.0,32,0,0
1768228321180671,52931,14550,40.0,241,0,0
1768228321183770,52931,14550,61.0,147,0,0
1768228321187715,52931,14550,64.0,11030,0,0
1768228321240719,5760,58419,,264,1,0
1768228321242026,52931,14550,47.0,264,0,0
1768228321326305,52931,14550,48.0,163,0,0
1768228321329023,52931,14550,44.0,178,0,0
1768228321332726,52931,14550,48.0,30,0,0
1768228321336660,52931,14550,48.0,33,0,0
1768228321338952,52931,14550,37.0,74,0,0
1768228321344326,52931,14550,51.0,1,0,0
1768228321349655,52931,14550,22.0,125,0,0
1768228321352784,52931,14550,27.0,152,0,0
1768228321354804,52931,14550,44.0,62,0,0
1768228321358880,52931,14550,25.0,42,0,0
1768228321363720,52931,14550,32.0,36,0,0
1768228321366422,52931,14550,62.0,65,0,0
1768228321368210,52931,14550,49.0,27,0,0
1768228321370531,52931,14550,44.0,116,0,0
1768228321374055,52931,14550,42.0,129,0,0
1768228321376271,52931,14550,34.0,29,0,0
1768228321378253,52931,14550,34.0,137,0,0
1768228321379949,52931,14550,60.0,24,0,0
1768228321382918,52931,14550,53.0,124,0,0
1768228321386263,52931,14550,31.0,2,0,0
1768228321388190,52931,14550,64.0,164,0,0
1768228321389694,52931,14550,24.0,168,0,0
1768228321391832,52931,14550,42.0,136,0,0
1768228321394191,52931,14550,42.0,193,0,0
1768228321396406,52931,14550,48.0,32,0,0
1768228321398652,52931,14550,40.0,241,0,0
1768228321400426,52931,14550,61.0,147,0,0
1768228321403070,52931,14550,64.0,11030,0,0
1768228321416732,58419,5760,,0,1,0
1768228321582786,52931,14550,48.0,163,0,0
1768228321586317,52931,14550,44.0,178,0,0
1768228321589560,52931,14550,48.0,30,0,0
1768228321592727,52931,14550,48.0,33,0,0
1768228321595133,52931,14550,37.0,74,0,0
1768228321600430,52931,14550,51.0,1,0,0
1768228321609058,52931,14550,22.0,125,0,0
1768228321613569,52931,14550,27.0,152,0,0
1768228321615579,52931,14550,44.0,62,0,0
1768228321620900,52931,14550,25.0,42,0,0
1768228321626867,52931,14550,32.0,36,0,0
1768228321631425,52931,14550,62.0,65,0,0
1768228321635309,52931,14550,49.0,27,0,0
1768228321637522,52931,14550,44.0,116,0,0
1768228321639660,52931,14550,42.0,129,0,0
1768228321642157,52931,14550,34.0,29,0,0
1768228321644803,52931,14550,34.0,137,0,0
1768228321647177,52931,14550,60.0,24,0,0
1768228321651065,52931,14550,53.0,124,0,0
1768228321652924,5760,58419,,0,1,0
1768228321655560,52931,14550,31.0,2,0,0
1768228321657425,52931,14550,64.0,164,0,0
1768228321661349,52931,14550,24.0,168,0,0
1768228321666596,52931,14550,42.0,136,0,0
1768228321669006,52931,14550,42.0,193,0,0
1768228321671946,52931,14550,48.0,32,0,0
1768228321675391,52931,14550,40.0,241,0,0
1768228321678269,52931,14550,61.0,147,0,0
1768228321682413,52931,14550,64.0,11030,0,0
1768228321688326,52931,14550,29.0,0,0,0
1768228321745104,5760,58419,,264,1,0
1768228321746458,52931,14550,47.0,264,0,0
1768228321832880,52931,14550,48.0,163,0,0
1768228321835230,52931,14550,44.0,178,0,0
1768228321837503,52931,14550,48.0,30,0,0
1768228321841396,52931,14550,48.0,33,0,0
1768228321843925,52931,14550,37.0,74,0,0
1768228321848434,52931,14550,51.0,1,0,0
1768228321853805,52931,14550,22.0,125,0,0
1768228321855620,52931,14550,27.0,152,0,0
1768228321857161,52931,14550,44.0,62,0,0
1768228321860236,52931,14550,25.0,42,0,0
1768228321863831,52931,14550,32.0,36,0,0
1768228321866113,52931,14550,62.0,65,0,0
1768228321867823,52931,14550,49.0,27,0,0
1768228321869865,52931,14550,44.0,116,0,0
1768228321871378,52931,14550,42.0,129,0,0
1768228321873251,52931,14550,34.0,29,0,0
1768228321874977,52931,14550,34.0,137,0,0
1768228321877472,52931,14550,60.0,24,0,0
1768228321880147,52931,14550,53.0,124,0,0
1768228321882781,52931,14550,31.0,2,0,0
1768228321884448,52931,14550,64.0,164,0,0
1768228321886280,52931,14550,24.0,168,0,0
1768228321888626,52931,14550,42.0,136,0,0
1768228321890767,52931,14550,42.0,193,0,0
1768228321893062,52931,14550,48.0,32,0,0
1768228321895562,52931,14550,40.0,241,0,0
1768228321897943,52931,14550,61.0,147,0,0
1768228321900652,52931,14550,64.0,11030,0,0
1768228322085627,52931,14550,48.0,163,0,0
1768228322088431,52931,14550,44.0,178,0,0
1768228322090781,52931,14550,48.0,30,0,0
1768228322093770,52931,14550,48.0,33,0,0
1768228322095728,52931,14550,37.0,74,0,0
1768228322099970,52931,14550,51.0,1,0,0
1768228322105691,52931,14550,22.0,125,0,0
1768228322110752,52931,14550,27.0,152,0,0
1768228322114752,52931,14550,44.0,62,0,0
1768228322120198,52931,14550,25.0,42,0,0
1768228322128444,52931,14550,32.0,36,0,0
1768228322130687,52931,14550,62.0,65,0,0
1768228322133487,52931,14550,49.0,27,0,0
1768228322137370,52931,14550,44.0,116,0,0
1768228322139822,52931,14550,42.0,129,0,0
1768228322142510,52931,14550,34.0,29,0,0
1768228322146013,52931,14550,34.0,137,0,0
1768228322147998,52931,14550,60.0,24,0,0
1768228322152685,52931,14550,53.0,124,0,0
1768228322156540,52931,14550,31.0,2,0,0
1768228322158935,52931,14550,64.0,164,0,0
1768228322162092,52931,14550,24.0,168,0,0
1768228322164893,52931,14550,42.0,136,0,0
1768228322167371,52931,14550,42.0,193,0,0
1768228322169358,52931,14550,48.0,32,0,0
1768228322172616,52931,14550,40.0,241,0,0
1768228322175246,52931,14550,61.0,147,0,0
1768228322178039,52931,14550,64.0,11030,0,0
1768228322249408,5760,58419,,264,1,0
1768228322250764,52931,14550,47.0,264,0,0
1768228322334432,52931,14550,48.0,163,0,0
1768228322335908,52931,14550,44.0,178,0,0
1768228322338064,52931,14550,48.0,30,0,0
1768228322339351,52931,14550,48.0,33,0,0
1768228322340326,52931,14550,37.0,74,0,0
1768228322342730,52931,14550,51.0,1,0,0
1768228322344808,52931,14550,22.0,125,0,0
1768228322345907,52931,14550,27.0,152,0,0
1768228322346772,52931,14550,44.0,62,0,0
1768228322348409,52931,14550,25.0,42,0,0
1768228322350143,52931,14550,32.0,36,0,0
1768228322351114,52931,14550,62.0,65,0,0
1768228322352268,52931,14550,49.0,27,0,0
1768228322353607,52931,14550,44.0,116,0,0
1768228322354709,52931,14550,42.0,129,0,0
1768228322355868,52931,14550,34.0,29,0,0
1768228322356980,52931,14550,34.0,137,0,0
1768228322358460,52931,14550,60.0,24,0,0
1768228322359803,52931,14550,53.0,124,0,0
1768228322360833,52931,14550,31.0,2,0,0
1768228322362280,52931,14550,64.0,164,0,0
1768228322363546,52931,14550,24.0,168,0,0
1768228322364659,52931,14550,42.0,136,0,0
1768228322365834,52931,14550,42.0,193,0,0
1768228322367232,52931,14550,48.0,32,0,0
1768228322368527,52931,14550,40.0,241,0,0
1768228322369539,52931,14550,61.0,147,0,0
1768228322370454,52931,14550,64.0,11030,0,0
1768228322426725,58419,5760,,0,1,0
1768228322585016,52931,14550,48.0,163,0,0
1768228322589089,52931,14550,44.0,178,0,0
1768228322591357,52931,14550,48.0,30,0,0
1768228322596401,52931,14550,48.0,33,0,0
1768228322602121,52931,14550,37.0,74,0,0
1768228322606010,52931,14550,51.0,1,0,0
1768228322612995,52931,14550,22.0,125,0,0
1768228322616997,52931,14550,27.0,152,0,0
1768228322619174,52931,14550,44.0,62,0,0
1768228322623565,52931,14550,25.0,42,0,0
1768228322629932,52931,14550,32.0,36,0,0
1768228322633206,52931,14550,62.0,65,0,0
1768228322635711,52931,14550,49.0,27,0,0
1768228322639749,52931,14550,44.0,116,0,0
1768228322641437,52931,14550,42.0,129,0,0
1768228322644351,52931,14550,34.0,29,0,0
1768228322646621,52931,14550,34.0,137,0,0
1768228322651192,52931,14550,60.0,24,0,0
1768228322655336,52931,14550,53.0,124,0,0
1768228322658778,52931,14550,31.0,2,0,0
1768228322661159,5760,58419,,0,1,0
1768228322662021,52931,14550,64.0,164,0,0
1768228322665611,52931,14550,24.0,168,0,0
1768228322671760,52931,14550,42.0,136,0,0
1768228322673796,52931,14550,42.0,193,0,0
1768228322676271,52931,14550,48.0,32,0,0
1768228322678203,52931,14550,40.0,241,0,0
1768228322680276,52931,14550,61.0,147,0,0
1768228322682598,52931,14550,64.0,11030,0,0
1768228322685318,52931,14550,29.0,0,0,0
1768228322753565,5760,58419,,264,1,0
1768228322754780,52931,14550,47.0,264,0,0
1768228322836270,52931,14550,48.0,163,0,0
1768228322840390,52931,14550,44.0,178,0,0
1768228322842247,52931,14550,48.0,30,0,0
1768228322844941,52931,14550,48.0,33,0,0
1768228322846614,52931,14550,37.0,74,0,0
1768228322851652,52931,14550,51.0,1,0,0
1768228322854463,52931,14550,22.0,125,0,0
1768228322857124,52931,14550,27.0,152,0,0
1768228322859285,52931,14550,44.0,62,0,0
1768228322862800,52931,14550,25.0,42,0,0
1768228322866568,52931,14550,32.0,36,0,0
1768228322868182,52931,14550,62.0,65,0,0
1768228322870038,52931,14550,49.0,27,0,0
1768228322871638,52931,14550,44.0,116,0,0
1768228322873332,52931,14550,42.0,129,0,0
1768228322875015,52931,14550,34.0,29,0,0
1768228322876584,52931,14550,34.0,137,0,0
1768228322878105,52931,14550,60.0,24,0,0
1768228322881532,52931,14550,53.0,124,0,0
1768228322883618,52931,14550,31.0,2,0,0
1768228322885708,52931,14550,64.0,164,0,0
1768228322887766,52931,14550,24.0,168,0,0
1768228322889509,52931,14550,42.0,136,0,0
1768228322891381,52931,14550,42.0,193,0,0
1768228322893570,52931,14550,48.0,32,0,0
1768228322895588,52931,14550,40.0,241,0,0
1768228322897775,52931,14550,61.0,147,0,0
1768228322899290,52931,14550,64.0,11030,0,0
1768228323091999,52931,14550,48.0,163,0,0
1768228323095693,52931,14550,44.0,178,0,0
1768228323098928,52931,14550,48.0,30,0,0
1768228323102665,52931,14550,48.0,33,0,0
1768228323105670,52931,14550,37.0,74,0,0
1768228323112945,52931,14550,51.0,1,0,0
1768228323124050,52931,14550,22.0,125,0,0
1768228323128677,52931,14550,27.0,152,0,0
1768228323131494,52931,14550,44.0,62,0,0
1768228323138502,52931,14550,25.0,42,0,0
1768228323144644,52931,14550,32.0,36,0,0
1768228323147658,52931,14550,62.0,65,0,0
1768228323149723,52931,14550,49.0,27,0,0
1768228323151630,52931,14550,44.0,116,0,0
1768228323153405,52931,14550,42.0,129,0,0
1768228323155346,52931,14550,34.0,29,0,0
1768228323158061,52931,14550,34.0,137,0,0
1768228323160186,52931,14550,60.0,24,0,0
1768228323162314,52931,14550,53.0,124,0,0
1768228323165047,52931,14550,31.0,2,0,0
1768228323166769,52931,14550,64.0,164,0,0
1768228323168846,52931,14550,24.0,168,0,0
1768228323170936,52931,14550,42.0,136,0,0
1768228323173209,52931,14550,42.0,193,0,0
1768228323175379,52931,14550,48.0,32,0,0
1768228323177340,52931,14550,40.0,241,0,0
1768228323179765,52931,14550,61.0,147,0,0
1768228323181838,52931,14550,64.0,11030,0,0
1768228323255466,5760,58419,,264,1,0
1768228323256360,52931,14550,47.0,264,0,0
1768228323339623,52931,14550,48.0,163,0,0
1768228323341372,52931,14550,44.0,178,0,0
1768228323342938,52931,14550,48.0,30,0,0
1768228323345192,52931,14550,48.0,33,0,0
1768228323347371,52931,14550,37.0,74,0,0
1768228323351322,52931,14550,51.0,1,0,0
1768228323353273,52931,14550,22.0,125,0,0
1768228323354928,52931,14550,27.0,152,0,0
1768228323356363,52931,14550,44.0,62,0,0
1768228323358446,52931,14550,25.0,42,0,0
1768228323360599,52931,14550,32.0,36,0,0
1768228323361953,52931,14550,62.0,65,0,0
1768228323363254,52931,14550,49.0,27,0,0
1768228323364713,52931,14550,44.0,116,0,0
1768228323365986,52931,14550,42.0,129,0,0
1768228323367068,52931,14550,34.0,29,0,0
1768228323368338,52931,14550,34.0,137,0,0
1768228323369716,52931,14550,60.0,24,0,0
1768228323372027,52931,14550,53.0,124,0,0
1768228323374337,52931,14550,31.0,2,0,0
1768228323375616,52931,14550,64.0,164,0,0
1768228323377765,52931,14550,24.0,168,0,0
1768228323379309,52931,14550,42.0,136,0,0
1768228323380443,52931,14550,42.0,193,0,0
1768228323381824,52931,14550,48.0,32,0,0
1768228323382932,52931,14550,40.0,241,0,0
1768228323384999,52931,14550,61.0,147,0,0
1768228323386597,52931,14550,64.0,11030,0,0
1768228323432058,58419,5760,,0,1,0
1768228323594177,52931,14550,48.0,163,0,0
1768228323596380,52931,14550,44.0,178,0,0
1768228323597782,52931,14550,48.0,30,0,0
1768228323601980,52931,14550,48.0,33,0,0
1768228323603724,52931,14550,37.0,74,0,0
1768228323606039,52931,14550,51.0,1,0,0
1768228323613243,52931,14550,22.0,125,0,0
1768228323617067,52931,14550,27.0,152,0,0
1768228323618413,52931,14550,44.0,62,0,0
1768228323623122,52931,14550,25.0,42,0,0
1768228323626894,52931,14550,32.0,36,0,0
1768228323628748,52931,14550,62.0,65,0,0
1768228323630703,52931,14550,49.0,27,0,0
1768228323633022,52931,14550,44.0,116,0,0
1768228323634680,52931,14550,42.0,129,0,0
1768228323636650,52931,14550,34.0,29,0,0
1768228323639025,52931,14550,34.0,137,0,0
1768228323640783,52931,14550,60.0,24,0,0
1768228323643666,52931,14550,53.0,124,0,0
1768228323645192,52931,14550,31.0,2,0,0
1768228323647649,52931,14550,64.0,164,0,0
1768228323648990,52931,14550,24.0,168,0,0
1768228323651316,52931,14550,42.0,136,0,0
1768228323654615,52931,14550,42.0,193,0,0
1768228323657097,52931,14550,48.0,32,0,0
1768228323658272,52931,14550,40.0,241,0,0
1768228323660007,52931,14550,61.0,147,0,0
1768228323661981,52931,14550,64.0,11030,0,0
1768228323662233,5760,58419,,0,1,0
1768228323666159,52931,14550,29.0,0,0,0
1768228323757384,5760,58419,,264,1,0
1768228323758373,52931,14550,47.0,264,0,0
1768228323840909,52931,14550,48.0,163,0,0
1768228323842536,52931,14550,44.0,178,0,0
1768228323845367,52931,14550,48.0,30,0,0
1768228323847145,52931,14550,48.0,33,0,0
1768228323848382,52931,14550,37.0,74,0,0
1768228323851122,52931,14550,51.0,1,0,0
1768228323852848,52931,14550,22.0,125,0,0
1768228323854362,52931,14550,27.0,152,0,0
1768228323855214,52931,14550,44.0,62,0,0
1768228323856689,52931,14550,25.0,42,0,0
1768228323858980,52931,14550,32.0,36,0,0
1768228323860267,52931,14550,62.0,65,0,0
1768228323861416,52931,14550,49.0,27,0,0
1768228323862537,52931,14550,44.0,116,0,0
1768228323863243,52931,14550,42.0,129,0,0
1768228323864090,52931,14550,34.0,29,0,0
1768228323864887,52931,14550,34.0,137,0,0
1768228323865710,52931,14550,60.0,24,0,0
1768228323866875,52931,14550,53.0,124,0,0
1768228323868098,52931,14550,31.0,2,0,0
1768228323869007,52931,14550,64.0,164,0,0
1768228323869875,52931,14550,24.0,168,0,0
1768228323870755,52931,14550,42.0,136,0,0
1768228323871631,52931,14550,42.0,193,0,0
1768228323872596,52931,14550,48.0,32,0,0
1768228323873535,52931,14550,40.0,241,0,0
1768228323874398,52931,14550,61.0,147,0,0
1768228323875390,52931,14550,64.0,11030,0,0
1768228324097463,52931,14550,48.0,163,0,0
1768228324099793,52931,14550,44.0,178,0,0
1768228324104504,52931,14550,48.0,30,0,0
1768228324110152,52931,14550,48.0,33,0,0
1768228324113376,52931,14550,37.0,74,0,0
1768228324118082,52931,14550,51.0,1,0,0
1768228324125917,52931,14550,22.0,125,0,0
1768228324128486,52931,14550,27.0,152,0,0
1768228324130896,52931,14550,44.0,62,0,0
1768228324135587,52931,14550,25.0,42,0,0
1768228324142295,52931,14550,32.0,36,0,0
1768228324144518,52931,14550,62.0,65,0,0
1768228324147518,52931,14550,49.0,27,0,0
1768228324150167,52931,14550,44.0,116,0,0
1768228324152957,52931,14550,42.0,129,0,0
1768228324157719,52931,14550,34.0,29,0,0
1768228324160620,52931,14550,34.0,137,0,0
1768228324162427,52931,14550,60.0,24,0,0
1768228324167147,52931,14550,53.0,124,0,0
1768228324170038,52931,14550,31.0,2,0,0
1768228324172585,52931,14550,64.0,164,0,0
1768228324174227,52931,14550,24.0,168,0,0
1768228324176554,52931,14550,42.0,136,0,0
1768228324178836,52931,14550,42.0,193,0,0
1768228324181310,52931,14550,48.0,32,0,0
1768228324184962,52931,14550,40.0,241,0,0
1768228324188578,52931,14550,61.0,147,0,0
1768228324191469,52931,14550,64.0,11030,0,0
1768228324258885,5760,58419,,264,1,0
1768228324259585,52931,14550,47.0,264,0,0
1768228324345790,52931,14550,48.0,163,0,0
1768228324349589,52931,14550,44.0,178,0,0
1768228324352160,52931,14550,48.0,30,0,0
1768228324355326,52931,14550,48.0,33,0,0
1768228324358364,52931,14550,37.0,74,0,0
1768228324362626,52931,14550,51.0,1,0,0
1768228324365990,52931,14550,22.0,125,0,0
1768228324369004,52931,14550,27.0,152,0,0
1768228324371051,52931,14550,44.0,62,0,0
1768228324373606,52931,14550,25.0,42,0,0
1768228324377044,52931,14550,32.0,36,0,0
1768228324379362,52931,14550,62.0,65,0,0
1768228324381281,52931,14550,49.0,27,0,0
1768228324382905,52931,14550,44.0,116,0,0
1768228324384701,52931,14550,42.0,129,0,0
1768228324386261,52931,14550,34.0,29,0,0
1768228324388305,52931,14550,34.0,137,0,0
1768228324390729,52931,14550,60.0,24,0,0
1768228324393988,52931,14550,53.0,124,0,0
1768228324396928,52931,14550,31.0,2,0,0
1768228324399164,52931,14550,64.0,164,0,0
1768228324402251,52931,14550,24.0,168,0,0
1768228324404669,52931,14550,42.0,136,0,0
1768228324406194,52931,14550,42.0,193,0,0
1768228324408520,52931,14550,48.0,32,0,0
1768228324410598,52931,14550,40.0,241,0,0
1768228324413051,52931,14550,61.0,147,0,0
1768228324415284,52931,14550,64.0,11030,0,0
1768228324440169,58419,5760,,0,1,0
1768228324599720,52931,14550,48.0,163,0,0
1768228324601715,52931,14550,44.0,178,0,0
1768228324603954,52931,14550,48.0,30,0,0
1768228324606023,52931,14550,48.0,33,0,0
1768228324607274,52931,14550,37.0,74,0,0
1768228324611943,52931,14550,51.0,1,0,0
1768228324616848,52931,14550,22.0,125,0,0
1768228324618550,52931,14550,27.0,152,0,0
1768228324619381,52931,14550,44.0,62,0,0
1768228324621375,52931,14550,25.0,42,0,0
1768228324624849,52931,14550,32.0,36,0,0
1768228324627471,52931,14550,62.0,65,0,0
1768228324628824,52931,14550,49.0,27,0,0
1768228324630081,52931,14550,44.0,116,0,0
1768228324631702,52931,14550,42.0,129,0,0
1768228324632630,52931,14550,34.0,29,0,0
1768228324633590,52931,14550,34.0,137,0,0
1768228324634746,52931,14550,60.0,24,0,0
1768228324636259,52931,14550,53.0,124,0,0
1768228324638295,52931,14550,31.0,2,0,0
1768228324639123,52931,14550,64.0,164,0,0
1768228324639990,52931,14550,24.0,168,0,0
1768228324641065,52931,14550,42.0,136,0,0
1768228324642161,52931,14550,42.0,193,0,0
1768228324643374,52931,14550,48.0,32,0,0
1768228324644263,52931,14550,40.0,241,0,0
1768228324645161,52931,14550,61.0,147,0,0
1768228324646268,52931,14550,64.0,11030,0,0
1768228324671907,5760,58419,,0,1,0
1768228324672644,52931,14550,29.0,0,0,0
1768228324742117,5760,58419,,111,1,0
1768228324742846,52931,14550,33.0,111,0,0
1768228324764106,5760,58419,,264,1,0
1768228324764955,52931,14550,47.0,264,0,0
1768228324851556,52931,14550,48.0,163,0,0
1768228324855218,52931,14550,44.0,178,0,0
1768228324857576,52931,14550,48.0,30,0,0
1768228324861123,52931,14550,48.0,33,0,0
1768228324864463,52931,14550,37.0,74,0,0
1768228324868217,52931,14550,51.0,1,0,0
1768228324871673,52931,14550,22.0,125,0,0
1768228324873391,52931,14550,27.0,152,0,0
1768228324875609,52931,14550,44.0,62,0,0
1768228324877689,52931,14550,25.0,42,0,0
1768228324880606,52931,14550,32.0,36,0,0
1768228324881937,52931,14550,62.0,65,0,0
1768228324884059,52931,14550,49.0,27,0,0
1768228324886581,52931,14550,44.0,116,0,0
1768228324888190,52931,14550,42.0,129,0,0
1768228324889923,52931,14550,34.0,29,0,0
1768228324891759,52931,14550,34.0,137,0,0
1768228324893291,52931,14550,60.0,24,0,0
1768228324895444,52931,14550,53.0,124,0,0
1768228324897475,52931,14550,31.0,2,0,0
1768228324899280,52931,14550,64.0,164,0,0
1768228324901889,52931,14550,24.0,168,0,0
1768228324903768,52931,14550,42.0,136,0,0
1768228324905481,52931,14550,42.0,193,0,0
1768228324907204,52931,14550,48.0,32,0,0
1768228324908940,52931,14550,40.0,241,0,0
1768228324910657,52931,14550,61.0,147,0,0
1768228324912428,52931,14550,64.0,11030,0,0
1768228325102061,52931,14550,48.0,163,0,0
1768228325105555,52931,14550,44.0,178,0,0
1768228325107130,52931,14550,48.0,30,0,0
1768228325110935,52931,14550,48.0,33,0,0
1768228325113717,52931,14550,37.0,74,0,0
1768228325121941,52931,14550,51.0,1,0,0
1768228325127132,52931,14550,22.0,125,0,0
1768228325130101,52931,14550,27.0,152,0,0
1768228325132507,52931,14550,44.0,62,0,0
1768228325138282,52931,14550,25.0,42,0,0
1768228325144179,52931,14550,32.0,36,0,0
1768228325146064,52931,14550,62.0,65,0,0
1768228325148809,52931,14550,49.0,27,0,0
1768228325150559,52931,14550,44.0,116,0,0
1768228325154122,52931,14550,42.0,129,0,0
1768228325156493,52931,14550,34.0,29,0,0
1768228325157800,52931,14550,34.0,137,0,0
1768228325160547,52931,14550,60.0,24,0,0
1768228325163361,52931,14550,53.0,124,0,0
1768228325166981,52931,14550,31.0,2,0,0
1768228325168505,52931,14550,64.0,164,0,0
1768228325170555,52931,14550,24.0,168,0,0
1768228325173231,52931,14550,42.0,136,0,0
1768228325176267,52931,14550,42.0,193,0,0
1768228325179327,52931,14550,48.0,32,0,0
1768228325181880,52931,14550,40.0,241,0,0
1768228325183797,52931,14550,61.0,147,0,0
1768228325187071,52931,14550,64.0,11030,0,0
1768228325266333,5760,58419,,264,1,0
1768228325267557,52931,14550,47.0,264,0,0
1768228325350474,52931,14550,48.0,163,0,0
1768228325352047,52931,14550,44.0,178,0,0
1768228325352944,52931,14550,48.0,30,0,0
1768228325354362,52931,14550,48.0,33,0,0
1768228325355330,52931,14550,37.0,74,0,0
1768228325358232,52931,14550,51.0,1,0,0
1768228325362005,52931,14550,22.0,125,0,0
1768228325364246,52931,14550,27.0,152,0,0
1768228325365336,52931,14550,44.0,62,0,0
1768228325367348,52931,14550,25.0,42,0,0
1768228325369317,52931,14550,32.0,36,0,0
1768228325370996,52931,14550,62.0,65,0,0
1768228325371980,52931,14550,49.0,27,0,0
1768228325372768,52931,14550,44.0,116,0,0
1768228325373693,52931,14550,42.0,129,0,0
1768228325374766,52931,14550,34.0,29,0,0
1768228325375582,52931,14550,34.0,137,0,0
1768228325376428,52931,14550,60.0,24,0,0
1768228325377870,52931,14550,53.0,124,0,0
1768228325379083,52931,14550,31.0,2,0,0
1768228325380159,52931,14550,64.0,164,0,0
1768228325380979,52931,14550,24.0,168,0,0
1768228325382096,52931,14550,42.0,136,0,0
1768228325382949,52931,14550,42.0,193,0,0
1768228325383813,52931,14550,48.0,32,0,0
1768228325384755,52931,14550,40.0,241,0,0
1768228325385904,52931,14550,61.0,147,0,0
1768228325386836,52931,14550,64.0,11030,0,0
1768228325444867,58419,5760,,0,1,0
1768228325603621,52931,14550,48.0,163,0,0
1768228325606101,52931,14550,44.0,178,0,0
1768228325607760,52931,14550,48.0,30,0,0
1768228325611182,52931,14550,48.0,33,0,0
1768228325614953,52931,14550,37.0,74,0,0
1768228325619173,52931,14550,51.0,1,0,0
1768228325625384,52931,14550,22.0,125,0,0
1768228325630210,52931,14550,27.0,152,0,0
1768228325633870,52931,14550,44.0,62,0,0
1768228325638413,52931,14550,25.0,42,0,0
1768228325645668,52931,14550,32.0,36,0,0
1768228325648661,52931,14550,62.0,65,0,0
1768228325650425,52931,14550,49.0,27,0,0
1768228325655464,52931,14550,44.0,116,0,0
1768228325657704,52931,14550,42.0,129,0,0
1768228325660394,52931,14550,34.0,29,0,0
1768228325663036,52931,14550,34.0,137,0,0
1768228325668588,52931,14550,60.0,24,0,0
1768228325672937,52931,14550,53.0,124,0,0
1768228325674010,5760,58419,,0,1,0
1768228325676484,52931,14550,31.0,2,0,0
1768228325678890,52931,14550,64.0,164,0,0
1768228325681527,52931,14550,24.0,168,0,0
1768228325683970,52931,14550,42.0,136,0,0
1768228325686969,52931,14550,42.0,193,0,0
1768228325691015,52931,14550,48.0,32,0,0
1768228325694873,52931,14550,40.0,241,0,0
1768228325699406,52931,14550,61.0,147,0,0
1768228325702264,52931,14550,64.0,11030,0,0
1768228325705640,52931,14550,29.0,0,0,0
1768228325771770,5760,58419,,264,1,0
1768228325773137,52931,14550,47.0,264,0,0
1768228325854517,52931,14550,48.0,163,0,0
1768228325858390,52931,14550,44.0,178,0,0
1768228325862870,52931,14550,48.0,30,0,0
1768228325867296,52931,14550,48.0,33,0,0
1768228325870093,52931,14550,37.0,74,0,0
1768228325873580,52931,14550,51.0,1,0,0
1768228325876759,52931,14550,22.0,125,0,0
1768228325878314,52931,14550,27.0,152,0,0
1768228325879929,52931,14550,44.0,62,0,0
1768228325881962,52931,14550,25.0,42,0,0
1768228325885100,52931,14550,32.0,36,0,0
1768228325886778,52931,14550,62.0,65,0,0
1768228325888724,52931,14550,49.0,27,0,0
1768228325890707,52931,14550,44.0,116,0,0
1768228325892688,52931,14550,42.0,129,0,0
1768228325894324,52931,14550,34.0,29,0,0
1768228325896727,52931,14550,34.0,137,0,0
1768228325898465,52931,14550,60.0,24,0,0
1768228325900354,52931,14550,53.0,124,0,0
1768228325901639,52931,14550,31.0,2,0,0
1768228325902685,52931,14550,64.0,164,0,0
1768228325903961,52931,14550,24.0,168,0,0
1768228325905429,52931,14550,42.0,136,0,0
1768228325906504,52931,14550,42.0,193,0,0
1768228325907890,52931,14550,48.0,32,0,0
1768228325908997,52931,14550,40.0,241,0,0
1768228325910143,52931,14550,61.0,147,0,0
1768228325911527,52931,14550,64.0,11030,0,0
1768228326107163,52931,14550,48.0,163,0,0
1768228326108848,52931,14550,44.0,178,0,0
1768228326112863,52931,14550,48.0,30,0,0
1768228326116742,52931,14550,48.0,33,0,0
1768228326119218,52931,14550,37.0,74,0,0
1768228326123232,52931,14550,51.0,1,0,0
1768228326127424,52931,14550,22.0,125,0,0
1768228326129725,52931,14550,27.0,152,0,0
1768228326131333,52931,14550,44.0,62,0,0
1768228326134049,52931,14550,25.0,42,0,0
1768228326138593,52931,14550,32.0,36,0,0
1768228326141303,52931,14550,62.0,65,0,0
1768228326143748,52931,14550,49.0,27,0,0
1768228326145018,52931,14550,44.0,116,0,0
1768228326146258,52931,14550,42.0,129,0,0
1768228326148991,52931,14550,34.0,29,0,0
1768228326150010,52931,14550,34.0,137,0,0
1768228326152735,52931,14550,60.0,24,0,0
1768228326154816,52931,14550,53.0,124,0,0
1768228326156589,52931,14550,31.0,2,0,0
1768228326158277,52931,14550,64.0,164,0,0
1768228326160683,52931,14550,24.0,168,0,0
1768228326163423,52931,14550,42.0,136,0,0
1768228326165518,52931,14550,42.0,193,0,0
1768228326167059,52931,14550,48.0,32,0,0
1768228326168283,52931,14550,40.0,241,0,0
1768228326169643,52931,14550,61.0,147,0,0
1768228326170878,52931,14550,64.0,11030,0,0
1768228326269437,5760,58419,,264,1,0
1768228326270226,52931,14550,47.0,264,0,0
1768228326359358,52931,14550,48.0,163,0,0
1768228326360761,52931,14550,44.0,178,0,0
1768228326361839,52931,14550,48.0,30,0,0
1768228326363698,52931,14550,48.0,33,0,0
1768228326365500,52931,14550,37.0,74,0,0
1768228326367425,52931,14550,51.0,1,0,0
1768228326371733,52931,14550,22.0,125,0,0
1768228326373324,52931,14550,27.0,152,0,0
1768228326374545,52931,14550,44.0,62,0,0
1768228326376241,52931,14550,25.0,42,0,0
1768228326378925,52931,14550,32.0,36,0,0
1768228326380315,52931,14550,62.0,65,0,0
1768228326381294,52931,14550,49.0,27,0,0
1768228326382433,52931,14550,44.0,116,0,0
1768228326383621,52931,14550,42.0,129,0,0
1768228326384575,52931,14550,34.0,29,0,0
1768228326385739,52931,14550,34.0,137,0,0
1768228326386915,52931,14550,60.0,24,0,0
1768228326388228,52931,14550,53.0,124,0,0
1768228326389936,52931,14550,31.0,2,0,0
1768228326391087,52931,14550,64.0,164,0,0
1768228326392154,52931,14550,24.0,168,0,0
1768228326393472,52931,14550,42.0,136,0,0
1768228326394296,52931,14550,42.0,193,0,0
1768228326395728,52931,14550,48.0,32,0,0
1768228326396825,52931,14550,40.0,241,0,0
1768228326398293,52931,14550,61.0,147,0,0
1768228326399502,52931,14550,64.0,11030,0,0
1768228326445158,58419,5760,,0,1,0
1768228326611932,52931,14550,48.0,163,0,0
1768228326613592,52931,14550,44.0,178,0,0
1768228326614675,52931,14550,48.0,30,0,0
1768228326616366,52931,14550,48.0,33,0,0
1768228326618474,52931,14550,37.0,74,0,0
1768228326623685,52931,14550,51.0,1,0,0
1768228326628198,52931,14550,22.0,125,0,0
1768228326629998,52931,14550,27.0,152,0,0
1768228326632065,52931,14550,44.0,62,0,0
1768228326634629,52931,14550,25.0,42,0,0
1768228326637297,52931,14550,32.0,36,0,0
1768228326638341,52931,14550,62.0,65,0,0
1768228326639229,52931,14550,49.0,27,0,0
1768228326640493,52931,14550,44.0,116,0,0
1768228326641273,52931,14550,42.0,129,0,0
1768228326643707,52931,14550,34.0,29,0,0
1768228326644652,52931,14550,34.0,137,0,0
1768228326647941,52931,14550,60.0,24,0,0
1768228326649940,52931,14550,53.0,124,0,0
1768228326651031,52931,14550,31.0,2,0,0
1768228326653024,52931,14550,64.0,164,0,0
1768228326654182,52931,14550,24.0,168,0,0
1768228326655494,52931,14550,42.0,136,0,0
1768228326659686,52931,14550,42.0,193,0,0
1768228326661196,52931,14550,48.0,32,0,0
1768228326663533,52931,14550,40.0,241,0,0
1768228326664907,52931,14550,61.0,147,0,0
1768228326668214,52931,14550,64.0,11030,0,0
1768228326681231,5760,58419,,0,1,0
1768228326681962,52931,14550,29.0,0,0,0
1768228326776438,5760,58419,,264,1,0
1768228326777306,52931,14550,47.0,264,0,0
1768228326860973,52931,14550,48.0,163,0,0
1768228326862613,52931,14550,44.0,178,0,0
1768228326863879,52931,14550,48.0,30,0,0
1768228326865489,52931,14550,48.0,33,0,0
1768228326866446,52931,14550,37.0,74,0,0
1768228326868396,52931,14550,51.0,1,0,0
1768228326872201,52931,14550,22.0,125,0,0
1768228326873699,52931,14550,27.0,152,0,0
1768228326874542,52931,14550,44.0,62,0,0
1768228326878245,52931,14550,25.0,42,0,0
1768228326879820,52931,14550,32.0,36,0,0
1768228326880965,52931,14550,62.0,65,0,0
1768228326882186,52931,14550,49.0,27,0,0
1768228326883522,52931,14550,44.0,116,0,0
1768228326884401,52931,14550,42.0,129,0,0
1768228326885243,52931,14550,34.0,29,0,0
1768228326886034,52931,14550,34.0,137,0,0
1768228326886894,52931,14550,60.0,24,0,0
1768228326888093,52931,14550,53.0,124,0,0
1768228326889091,52931,14550,31.0,2,0,0
1768228326890145,52931,14550,64.0,164,0,0
1768228326891124,52931,14550,24.0,168,0,0
1768228326892384,52931,14550,42.0,136,0,0
1768228326893284,52931,14550,42.0,193,0,0
1768228326894625,52931,14550,48.0,32,0,0
1768228326895754,52931,14550,40.0,241,0,0
1768228326896941,52931,14550,61.0,147,0,0
1768228326898005,52931,14550,64.0,11030,0,0
1768228327114077,52931,14550,48.0,163,0,0
1768228327116851,52931,14550,44.0,178,0,0
1768228327119566,52931,14550,48.0,30,0,0
1768228327122025,52931,14550,48.0,33,0,0
1768228327123875,52931,14550,37.0,74,0,0
1768228327127529,52931,14550,51.0,1,0,0
1768228327132670,52931,14550,22.0,125,0,0
1768228327134094,52931,14550,27.0,152,0,0
1768228327135111,52931,14550,44.0,62,0,0
1768228327137362,52931,14550,25.0,42,0,0
1768228327138847,52931,14550,32.0,36,0,0
1768228327141710,52931,14550,62.0,65,0,0
1768228327142908,52931,14550,49.0,27,0,0
1768228327143694,52931,14550,44.0,116,0,0
1768228327144612,52931,14550,42.0,129,0,0
1768228327145452,52931,14550,34.0,29,0,0
1768228327146298,52931,14550,34.0,137,0,0
1768228327147798,52931,14550,60.0,24,0,0
1768228327150328,52931,14550,53.0,124,0,0
1768228327151971,52931,14550,31.0,2,0,0
1768228327153169,52931,14550,64.0,164,0,0
1768228327154259,52931,14550,24.0,168,0,0
1768228327155986,52931,14550,42.0,136,0,0
1768228327157665,52931,14550,42.0,193,0,0
1768228327158894,52931,14550,48.0,32,0,0
1768228327161277,52931,14550,40.0,241,0,0
1768228327162663,52931,14550,61.0,147,0,0
1768228327164575,52931,14550,64.0,11030,0,0
1768228327276764,5760,58419,,264,1,0
1768228327277519,52931,14550,47.0,264,0,0
1768228327364277,52931,14550,48.0,163,0,0
1768228327365655,52931,14550,44.0,178,0,0
1768228327368266,52931,14550,48.0,30,0,0
1768228327369992,52931,14550,48.0,33,0,0
1768228327371740,52931,14550,37.0,74,0,0
1768228327373090,52931,14550,51.0,1,0,0
1768228327374468,52931,14550,22.0,125,0,0
1768228327375837,52931,14550,27.0,152,0,0
1768228327376678,52931,14550,44.0,62,0,0
1768228327378398,52931,14550,25.0,42,0,0
1768228327380321,52931,14550,32.0,36,0,0
1768228327381244,52931,14550,62.0,65,0,0
1768228327382192,52931,14550,49.0,27,0,0
1768228327383452,52931,14550,44.0,116,0,0
1768228327384366,52931,14550,42.0,129,0,0
1768228327385540,52931,14550,34.0,29,0,0
1768228327386334,52931,14550,34.0,137,0,0
1768228327387202,52931,14550,60.0,24,0,0
1768228327388428,52931,14550,53.0,124,0,0
1768228327389720,52931,14550,31.0,2,0,0
1768228327390669,52931,14550,64.0,164,0,0
1768228327391591,52931,14550,24.0,168,0,0
1768228327393041,52931,14550,42.0,136,0,0
1768228327394214,52931,14550,42.0,193,0,0
1768228327395361,52931,14550,48.0,32,0,0
1768228327396355,52931,14550,40.0,241,0,0
1768228327397532,52931,14550,61.0,147,0,0
1768228327398596,52931,14550,64.0,11030,0,0
1768228327454593,58419,5760,,0,1,0
1768228327615132,52931,14550,48.0,163,0,0
1768228327619664,52931,14550,44.0,178,0,0
1768228327621930,52931,14550,48.0,30,0,0
1768228327625963,52931,14550,48.0,33,0,0
1768228327629006,52931,14550,37.0,74,0,0
1768228327635710,52931,14550,51.0,1,0,0
1768228327653222,52931,14550,22.0,125,0,0
1768228327656465,52931,14550,27.0,152,0,0
1768228327659060,52931,14550,44.0,62,0,0
1768228327662011,52931,14550,25.0,42,0,0
1768228327665701,52931,14550,32.0,36,0,0
1768228327672105,52931,14550,62.0,65,0,0
1768228327674197,52931,14550,49.0,27,0,0
1768228327675942,52931,14550,44.0,116,0,0
1768228327677711,52931,14550,42.0,129,0,0
1768228327680077,52931,14550,34.0,29,0,0
1768228327681882,52931,14550,34.0,137,0,0
1768228327684159,52931,14550,60.0,24,0,0
1768228327685181,5760,58419,,0,1,0
1768228327686979,52931,14550,53.0,124,0,0
1768228327689702,52931,14550,31.0,2,0,0
1768228327690936,52931,14550,64.0,164,0,0
1768228327692940,52931,14550,24.0,168,0,0
1768228327694827,52931,14550,42.0,136,0,0
1768228327696210,52931,14550,42.0,193,0,0
1768228327698274,52931,14550,48.0,32,0,0
1768228327699754,52931,14550,40.0,241,0,0
1768228327701685,52931,14550,61.0,147,0,0
1768228327703429,52931,14550,64.0,11030,0,0
1768228327707478,52931,14550,29.0,0,0,0
1768228327778343,5760,58419,,264,1,0
1768228327779620,52931,14550,47.0,264,0,0
1768228327863191,52931,14550,48.0,163,0,0
1768228327868150,52931,14550,44.0,178,0,0
1768228327871758,52931,14550,48.0,30,0,0
1768228327874421,52931,14550,48.0,33,0,0
1768228327876657,52931,14550,37.0,74,0,0
1768228327881248,52931,14550,51.0,1,0,0
1768228327884381,52931,14550,22.0,125,0,0
1768228327886353,52931,14550,27.0,152,0,0
1768228327888149,52931,14550,44.0,62,0,0
1768228327890694,52931,14550,25.0,42,0,0
1768228327894299,52931,14550,32.0,36,0,0
1768228327895947,52931,14550,62.0,65,0,0
1768228327897793,52931,14550,49.0,27,0,0
1768228327899196,52931,14550,44.0,116,0,0
1768228327901030,52931,14550,42.0,129,0,0
1768228327902617,52931,14550,34.0,29,0,0
1768228327904293,52931,14550,34.0,137,0,0
1768228327906567,52931,14550,60.0,24,0,0
1768228327908831,52931,14550,53.0,124,0,0
1768228327910799,52931,14550,31.0,2,0,0
1768228327912328,52931,14550,64.0,164,0,0
1768228327914015,52931,14550,24.0,168,0,0
1768228327915944,52931,14550,42.0,136,0,0
1768228327917835,52931,14550,42.0,193,0,0
1768228327920275,52931,14550,48.0,32,0,0
1768228327922429,52931,14550,40.0,241,0,0
1768228327924512,52931,14550,61.0,147,0,0
1768228327926622,52931,14550,64.0,11030,0,0
1768228328115622,52931,14550,48.0,163,0,0
1768228328118177,52931,14550,44.0,178,0,0
1768228328123491,52931,14550,48.0,30,0,0
1768228328128660,52931,14550,48.0,33,0,0
1768228328131047,52931,14550,37.0,74,0,0
1768228328135549,52931,14550,51.0,1,0,0
1768228328145185,52931,14550,22.0,125,0,0
1768228328149603,52931,14550,27.0,152,0,0
1768228328151082,52931,14550,44.0,62,0,0
1768228328155241,52931,14550,25.0,42,0,0
1768228328160075,52931,14550,32.0,36,0,0
1768228328163352,52931,14550,62.0,65,0,0
1768228328166960,52931,14550,49.0,27,0,0
1768228328168668,52931,14550,44.0,116,0,0
1768228328170143,52931,14550,42.0,129,0,0
1768228328172230,52931,14550,34.0,29,0,0
1768228328174541,52931,14550,34.0,137,0,0
1768228328176226,52931,14550,60.0,24,0,0
1768228328178494,52931,14550,53.0,124,0,0
1768228328181236,52931,14550,31.0,2,0,0
1768228328183238,52931,14550,64.0,164,0,0
1768228328184987,52931,14550,24.0,168,0,0
1768228328186695,52931,14550,42.0,136,0,0
1768228328188566,52931,14550,42.0,193,0,0
1768228328190276,52931,14550,48.0,32,0,0
1768228328191658,52931,14550,40.0,241,0,0
1768228328193392,52931,14550,61.0,147,0,0
1768228328194883,52931,14550,64.0,11030,0,0
1768228328280963,5760,58419,,264,1,0
1768228328282143,52931,14550,47.0,264,0,0
1768228328368038,52931,14550,48.0,163,0,0
1768228328370520,52931,14550,44.0,178,0,0
1768228328372452,52931,14550,48.0,30,0,0
1768228328374774,52931,14550,48.0,33,0,0
1768228328376972,52931,14550,37.0,74,0,0
1768228328380569,52931,14550,51.0,1,0,0
1768228328384990,52931,14550,22.0,125,0,0
1768228328390986,52931,14550,27.0,152,0,0
1768228328394470,52931,14550,44.0,62,0,0
1768228328398922,52931,14550,25.0,42,0,0
1768228328402972,52931,14550,32.0,36,0,0
1768228328404827,52931,14550,62.0,65,0,0
1768228328407004,52931,14550,49.0,27,0,0
1768228328408589,52931,14550,44.0,116,0,0
1768228328410137,52931,14550,42.0,129,0,0
1768228328412251,52931,14550,34.0,29,0,0
1768228328414370,52931,14550,34.0,137,0,0
1768228328416770,52931,14550,60.0,24,0,0
1768228328420461,52931,14550,53.0,124,0,0
1768228328423173,52931,14550,31.0,2,0,0
1768228328425194,52931,14550,64.0,164,0,0
1768228328427275,52931,14550,24.0,168,0,0
1768228328429592,52931,14550,42.0,136,0,0
1768228328431852,52931,14550,42.0,193,0,0
1768228328434172,52931,14550,48.0,32,0,0
1768228328436147,52931,14550,40.0,241,0,0
1768228328438110,52931,14550,61.0,147,0,0
1768228328440808,52931,14550,64.0,11030,0,0
1768228328454853,58419,5760,,0,1,0
1768228328620717,52931,14550,48.0,163,0,0
1768228328622897,52931,14550,44.0,178,0,0
1768228328626973,52931,14550,48.0,30,0,0
1768228328631312,52931,14550,48.0,33,0,0
1768228328633960,52931,14550,37.0,74,0,0
1768228328639746,52931,14550,51.0,1,0,0
1768228328646393,52931,14550,22.0,125,0,0
1768228328651116,52931,14550,27.0,152,0,0
1768228328653034,52931,14550,44.0,62,0,0
1768228328656910,52931,14550,25.0,42,0,0
1768228328662387,52931,14550,32.0,36,0,0
1768228328665046,52931,14550,62.0,65,0,0
1768228328675711,52931,14550,49.0,27,0,0
1768228328678312,52931,14550,44.0,116,0,0
1768228328680908,52931,14550,42.0,129,0,0
1768228328685045,52931,14550,34.0,29,0,0
1768228328689578,52931,14550,34.0,137,0,0
1768228328692053,52931,14550,60.0,24,0,0
1768228328694700,5760,58419,,0,1,0
1768228328695565,52931,14550,53.0,124,0,0
1768228328698468,52931,14550,31.0,2,0,0
1768228328700882,52931,14550,64.0,164,0,0
1768228328703744,52931,14550,24.0,168,0,0
1768228328706722,52931,14550,42.0,136,0,0
1768228328708439,52931,14550,42.0,193,0,0
1768228328711032,52931,14550,48.0,32,0,0
1768228328713631,52931,14550,40.0,241,0,0
1768228328715711,52931,14550,61.0,147,0,0
1768228328717883,52931,14550,64.0,11030,0,0
1768228328721701,52931,14550,29.0,0,0,0
1768228328787257,5760,58419,,264,1,0
1768228328789174,52931,14550,47.0,264,0,0
1768228328874473,52931,14550,48.0,163,0,0
1768228328877175,52931,14550,44.0,178,0,0
1768228328880310,52931,14550,48.0,30,0,0
1768228328882819,52931,14550,48.0,33,0,0
1768228328884464,52931,14550,37.0,74,0,0
1768228328888622,52931,14550,51.0,1,0,0
1768228328894690,52931,14550,22.0,125,0,0
1768228328898826,52931,14550,27.0,152,0,0
1768228328901185,52931,14550,44.0,62,0,0
1768228328906628,52931,14550,25.0,42,0,0
1768228328911492,52931,14550,32.0,36,0,0
1768228328913559,52931,14550,62.0,65,0,0
1768228328915727,52931,14550,49.0,27,0,0
1768228328917641,52931,14550,44.0,116,0,0
1768228328919793,52931,14550,42.0,129,0,0
1768228328922483,52931,14550,34.0,29,0,0
1768228328924959,52931,14550,34.0,137,0,0
1768228328927000,52931,14550,60.0,24,0,0
1768228328929566,52931,14550,53.0,124,0,0
1768228328932208,52931,14550,31.0,2,0,0
1768228328934905,52931,14550,64.0,164,0,0
1768228328937287,52931,14550,24.0,168,0,0
1768228328939459,52931,14550,42.0,136,0,0
1768228328941148,52931,14550,42.0,193,0,0
1768228328943235,52931,14550,48.0,32,0,0
1768228328944923,52931,14550,40.0,241,0,0
1768228328947646,52931,14550,61.0,147,0,0
1768228328949904,52931,14550,64.0,11030,0,0
1768228329123828,52931,14550,48.0,163,0,0
1768228329126954,52931,14550,44.0,178,0,0
1768228329130421,52931,14550,48.0,30,0,0
1768228329136011,52931,14550,48.0,33,0,0
1768228329137722,52931,14550,37.0,74,0,0
1768228329141965,52931,14550,51.0,1,0,0
1768228329148177,52931,14550,22.0,125,0,0
1768228329152962,52931,14550,27.0,152,0,0
1768228329155573,52931,14550,44.0,62,0,0
1768228329165404,52931,14550,25.0,42,0,0
1768228329171134,52931,14550,32.0,36,0,0
1768228329174139,52931,14550,62.0,65,0,0
1768228329177611,52931,14550,49.0,27,0,0
1768228329179623,52931,14550,44.0,116,0,0
1768228329182719,52931,14550,42.0,129,0,0
1768228329186575,52931,14550,34.0,29,0,0
1768228329188651,52931,14550,34.0,137,0,0
1768228329190937,52931,14550,60.0,24,0,0
1768228329193456,52931,14550,53.0,124,0,0
1768228329196112,52931,14550,31.0,2,0,0
1768228329197765,52931,14550,64.0,164,0,0
1768228329200176,52931,14550,24.0,168,0,0
1768228329201941,52931,14550,42.0,136,0,0
1768228329204187,52931,14550,42.0,193,0,0
1768228329206332,52931,14550,48.0,32,0,0
1768228329207799,52931,14550,40.0,241,0,0
1768228329209822,52931,14550,61.0,147,0,0
1768228329211619,52931,14550,64.0,11030,0,0
1768228329290943,52931,14550,47.0,264,0,0
1768228329377900,52931,14550,48.0,163,0,0
1768228329381774,52931,14550,44.0,178,0,0
1768228329383844,52931,14550,48.0,30,0,0
1768228329386407,52931,14550,48.0,33,0,0
1768228329388740,52931,14550,37.0,74,0,0
1768228329393418,52931,14550,51.0,1,0,0
1768228329396390,52931,14550,22.0,125,0,0
1768228329398367,52931,14550,27.0,152,0,0
1768228329400089,52931,14550,44.0,62,0,0
1768228329403389,52931,14550,25.0,42,0,0
1768228329406997,52931,14550,32.0,36,0,0
1768228329409328,52931,14550,62.0,65,0,0
1768228329411214,52931,14550,49.0,27,0,0
1768228329413269,52931,14550,44.0,116,0,0
1768228329415020,52931,14550,42.0,129,0,0
1768228329416921,52931,14550,34.0,29,0,0
1768228329418520,52931,14550,34.0,137,0,0
1768228329420212,52931,14550,60.0,24,0,0
1768228329422732,52931,14550,53.0,124,0,0
1768228329425248,52931,14550,31.0,2,0,0
1768228329427108,52931,14550,64.0,164,0,0
1768228329428979,52931,14550,24.0,168,0,0
1768228329431577,52931,14550,42.0,136,0,0
1768228329433349,52931,14550,42.0,193,0,0
1768228329435413,52931,14550,48.0,32,0,0
1768228329437243,52931,14550,40.0,241,0,0
1768228329439100,52931,14550,61.0,147,0,0
1768228329440667,52931,14550,64.0,11030,0,0
1768228329455011,58419,5760,,0,1,0
1768228329628636,52931,14550,48.0,163,0,0
1768228329631128,52931,14550,44.0,178,0,0
1768228329632795,52931,14550,48.0,30,0,0
1768228329635639,52931,14550,48.0,33,0,0
1768228329637531,52931,14550,37.0,74,0,0
1768228329640840,52931,14550,51.0,1,0,0
1768228329646061,52931,14550,22.0,125,0,0
1768228329648894,52931,14550,27.0,152,0,0
1768228329650142,52931,14550,44.0,62,0,0
1768228329652278,52931,14550,25.0,42,0,0
1768228329655914,52931,14550,32.0,36,0,0
1768228329659586,52931,14550,62.0,65,0,0
1768228329661338,52931,14550,49.0,27,0,0
1768228329662975,52931,14550,44.0,116,0,0
1768228329664347,52931,14550,42.0,129,0,0
1768228329665479,52931,14550,34.0,29,0,0
1768228329669257,52931,14550,34.0,137,0,0
1768228329671721,52931,14550,60.0,24,0,0
1768228329676377,52931,14550,53.0,124,0,0
1768228329679438,52931,14550,31.0,2,0,0
1768228329680892,52931,14550,64.0,164,0,0
1768228329683061,52931,14550,24.0,168,0,0
1768228329684557,52931,14550,42.0,136,0,0
1768228329687084,52931,14550,42.0,193,0,0
1768228329688976,52931,14550,48.0,32,0,0
1768228329690278,52931,14550,40.0,241,0,0
1768228329692327,52931,14550,61.0,147,0,0
1768228329693461,52931,14550,64.0,11030,0,0
1768228329695930,5760,58419,,0,1,0
1768228329697180,52931,14550,29.0,0,0,0
1768228329788838,5760,58419,,264,1,0
1768228329789913,52931,14550,47.0,264,0,0
1768228329876665,52931,14550,48.0,163,0,0
1768228329879533,52931,14550,44.0,178,0,0
1768228329881337,52931,14550,48.0,30,0,0
1768228329884275,52931,14550,48.0,33,0,0
1768228329886464,52931,14550,37.0,74,0,0
1768228329892421,52931,14550,51.0,1,0,0
1768228329897353,52931,14550,22.0,125,0,0
1768228329900552,52931,14550,27.0,152,0,0
1768228329902552,52931,14550,44.0,62,0,0
1768228329905410,52931,14550,25.0,42,0,0
1768228329910853,52931,14550,32.0,36,0,0
1768228329913304,52931,14550,62.0,65,0,0
1768228329916460,52931,14550,49.0,27,0,0
1768228329919268,52931,14550,44.0,116,0,0
1768228329921801,52931,14550,42.0,129,0,0
1768228329925223,52931,14550,34.0,29,0,0
1768228329926932,52931,14550,34.0,137,0,0
1768228329928429,52931,14550,60.0,24,0,0
1768228329930455,52931,14550,53.0,124,0,0
1768228329933062,52931,14550,31.0,2,0,0
1768228329934830,52931,14550,64.0,164,0,0
1768228329936367,52931,14550,24.0,168,0,0
1768228329938054,52931,14550,42.0,136,0,0
1768228329940164,52931,14550,42.0,193,0,0
1768228329941876,52931,14550,48.0,32,0,0
1768228329943471,52931,14550,40.0,241,0,0
1768228329945264,52931,14550,61.0,147,0,0
1768228329946832,52931,14550,64.0,11030,0,0
1768228330126909,52931,14550,48.0,163,0,0
1768228330128798,52931,14550,44.0,178,0,0
1768228330130108,52931,14550,48.0,30,0,0
1768228330132700,52931,14550,48.0,33,0,0
1768228330134435,52931,14550,37.0,74,0,0
1768228330141472,52931,14550,51.0,1,0,0
1768228330145921,52931,14550,22.0,125,0,0
1768228330148418,52931,14550,27.0,152,0,0
1768228330150277,52931,14550,44.0,62,0,0
1768228330152925,52931,14550,25.0,42,0,0
1768228330156232,52931,14550,32.0,36,0,0
1768228330157519,52931,14550,62.0,65,0,0
1768228330158800,52931,14550,49.0,27,0,0
1768228330163525,52931,14550,44.0,116,0,0
1768228330166332,52931,14550,42.0,129,0,0
1768228330168543,52931,14550,34.0,29,0,0
1768228330171124,52931,14550,34.0,137,0,0
1768228330172545,52931,14550,60.0,24,0,0
1768228330175299,52931,14550,53.0,124,0,0
1768228330177826,52931,14550,31.0,2,0,0
1768228330179246,52931,14550,64.0,164,0,0
1768228330180674,52931,14550,24.0,168,0,0
1768228330182052,52931,14550,42.0,136,0,0
1768228330183457,52931,14550,42.0,193,0,0
1768228330185111,52931,14550,48.0,32,0,0
1768228330186792,52931,14550,40.0,241,0,0
1768228330188438,52931,14550,61.0,147,0,0
1768228330189860,52931,14550,64.0,11030,0,0
1768228330296030,5760,58419,,264,1,0
1768228330297062,52931,14550,47.0,264,0,0
1768228330379406,52931,14550,48.0,163,0,0
1768228330382993,52931,14550,44.0,178,0,0
1768228330385343,52931,14550,48.0,30,0,0
1768228330389114,52931,14550,48.0,33,0,0
1768228330390814,52931,14550,37.0,74,0,0
1768228330394805,52931,14550,51.0,1,0,0
1768228330398604,52931,14550,22.0,125,0,0
1768228330400675,52931,14550,27.0,152,0,0
1768228330402342,52931,14550,44.0,62,0,0
1768228330405182,52931,14550,25.0,42,0,0
1768228330409703,52931,14550,32.0,36,0,0
1768228330411972,52931,14550,62.0,65,0,0
1768228330413713,52931,14550,49.0,27,0,0
1768228330416016,52931,14550,44.0,116,0,0
1768228330418079,52931,14550,42.0,129,0,0
1768228330419867,52931,14550,34.0,29,0,0
1768228330421925,52931,14550,34.0,137,0,0
1768228330423893,52931,14550,60.0,24,0,0
1768228330426084,52931,14550,53.0,124,0,0
1768228330429256,52931,14550,31.0,2,0,0
1768228330431412,52931,14550,64.0,164,0,0
1768228330433290,52931,14550,24.0,168,0,0
1768228330435382,52931,14550,42.0,136,0,0
1768228330437003,52931,14550,42.0,193,0,0
1768228330439045,52931,14550,48.0,32,0,0
1768228330440882,52931,14550,40.0,241,0,0
1768228330442827,52931,14550,61.0,147,0,0
1768228330444468,52931,14550,64.0,11030,0,0
1768228330458554,58419,5760,,0,1,0
1768228330636146,52931,14550,48.0,163,0,0
1768228330639672,52931,14550,44.0,178,0,0
1768228330643833,52931,14550,48.0,30,0,0
1768228330647020,52931,14550,48.0,33,0,0
1768228330649062,52931,14550,37.0,74,0,0
1768228330656607,52931,14550,51.0,1,0,0
1768228330665150,52931,14550,22.0,125,0,0
1768228330668407,52931,14550,27.0,152,0,0
1768228330670066,52931,14550,44.0,62,0,0
1768228330674832,52931,14550,25.0,42,0,0
1768228330681234,52931,14550,32.0,36,0,0
1768228330683153,52931,14550,62.0,65,0,0
1768228330685603,52931,14550,49.0,27,0,0
1768228330689135,52931,14550,44.0,116,0,0
1768228330692553,52931,14550,42.0,129,0,0
1768228330694599,52931,14550,34.0,29,0,0
1768228330697091,52931,14550,34.0,137,0,0
1768228330699899,52931,14550,60.0,24,0,0
1768228330702042,5760,58419,,0,1,0
1768228330707153,52931,14550,53.0,124,0,0
1768228330714504,52931,14550,31.0,2,0,0
1768228330717997,52931,14550,64.0,164,0,0
1768228330721153,52931,14550,24.0,168,0,0
1768228330723063,52931,14550,42.0,136,0,0
1768228330725041,52931,14550,42.0,193,0,0
1768228330727367,52931,14550,48.0,32,0,0
1768228330729553,52931,14550,40.0,241,0,0
1768228330731399,52931,14550,61.0,147,0,0
1768228330733526,52931,14550,64.0,11030,0,0
1768228330737232,52931,14550,29.0,0,0,0
1768228330795987,5760,58419,,264,1,0
1768228330797215,52931,14550,47.0,264,0,0
1768228330885123,52931,14550,48.0,163,0,0
1768228330889798,52931,14550,44.0,178,0,0
1768228330891280,52931,14550,48.0,30,0,0
1768228330894179,52931,14550,48.0,33,0,0
1768228330896079,52931,14550,37.0,74,0,0
1768228330901137,52931,14550,51.0,1,0,0
1768228330904153,52931,14550,22.0,125,0,0
1768228330906073,52931,14550,27.0,152,0,0
1768228330908453,52931,14550,44.0,62,0,0
1768228330911901,52931,14550,25.0,42,0,0
1768228330915952,52931,14550,32.0,36,0,0
1768228330918509,52931,14550,62.0,65,0,0
1768228330920472,52931,14550,49.0,27,0,0
1768228330922087,52931,14550,44.0,116,0,0
1768228330923959,52931,14550,42.0,129,0,0
1768228330925676,52931,14550,34.0,29,0,0
1768228330928156,52931,14550,34.0,137,0,0
1768228330930463,52931,14550,60.0,24,0,0
1768228330933190,52931,14550,53.0,124,0,0
1768228330935806,52931,14550,31.0,2,0,0
1768228330937854,52931,14550,64.0,164,0,0
1768228330939875,52931,14550,24.0,168,0,0
1768228330941888,52931,14550,42.0,136,0,0
1768228330944185,52931,14550,42.0,193,0,0
1768228330946632,52931,14550,48.0,32,0,0
1768228330948241,52931,14550,40.0,241,0,0
1768228330950178,52931,14550,61.0,147,0,0
1768228330951820,52931,14550,64.0,11030,0,0
1768228331137572,52931,14550,48.0,163,0,0
1768228331140234,52931,14550,44.0,178,0,0
1768228331142795,52931,14550,48.0,30,0,0
1768228331147512,52931,14550,48.0,33,0,0
1768228331150020,52931,14550,37.0,74,0,0
1768228331154459,52931,14550,51.0,1,0,0
1768228331161648,52931,14550,22.0,125,0,0
1768228331170853,52931,14550,27.0,152,0,0
1768228331173081,52931,14550,44.0,62,0,0
1768228331176912,52931,14550,25.0,42,0,0
1768228331183675,52931,14550,32.0,36,0,0
1768228331187132,52931,14550,62.0,65,0,0
1768228331189253,52931,14550,49.0,27,0,0
1768228331192961,52931,14550,44.0,116,0,0
1768228331199304,52931,14550,42.0,129,0,0
1768228331203835,52931,14550,34.0,29,0,0
1768228331207370,52931,14550,34.0,137,0,0
1768228331209177,52931,14550,60.0,24,0,0
1768228331212924,52931,14550,53.0,124,0,0
1768228331217725,52931,14550,31.0,2,0,0
1768228331219616,52931,14550,64.0,164,0,0
1768228331222108,52931,14550,24.0,168,0,0
1768228331225017,52931,14550,42.0,136,0,0
1768228331227185,52931,14550,42.0,193,0,0
1768228331229960,52931,14550,48.0,32,0,0
1768228331232012,52931,14550,40.0,241,0,0
1768228331234759,52931,14550,61.0,147,0,0
1768228331236809,52931,14550,64.0,11030,0,0
1768228331300278,5760,58419,,264,1,0
1768228331301352,52931,14550,47.0,264,0,0
1768228331386987,52931,14550,48.0,163,0,0
1768228331390376,52931,14550,44.0,178,0,0
1768228331394188,52931,14550,48.0,30,0,0
1768228331397412,52931,14550,48.0,33,0,0
1768228331399403,52931,14550,37.0,74,0,0
1768228331403097,52931,14550,51.0,1,0,0
1768228331405886,52931,14550,22.0,125,0,0
1768228331408435,52931,14550,27.0,152,0,0
1768228331410860,52931,14550,44.0,62,0,0
1768228331415084,52931,14550,25.0,42,0,0
1768228331418019,52931,14550,32.0,36,0,0
1768228331420557,52931,14550,62.0,65,0,0
1768228331423561,52931,14550,49.0,27,0,0
1768228331425965,52931,14550,44.0,116,0,0
1768228331428617,52931,14550,42.0,129,0,0
1768228331431469,52931,14550,34.0,29,0,0
1768228331434085,52931,14550,34.0,137,0,0
1768228331435924,52931,14550,60.0,24,0,0
1768228331439179,52931,14550,53.0,124,0,0
1768228331441874,52931,14550,31.0,2,0,0
1768228331443670,52931,14550,64.0,164,0,0
1768228331446204,52931,14550,24.0,168,0,0
1768228331449012,52931,14550,42.0,136,0,0
1768228331451227,52931,14550,42.0,193,0,0
1768228331453427,52931,14550,48.0,32,0,0
1768228331455913,52931,14550,40.0,241,0,0
1768228331458365,52931,14550,61.0,147,0,0
1768228331460956,52931,14550,64.0,11030,0,0
1768228331463168,58419,5760,,0,1,0
1768228331638840,52931,14550,48.0,163,0,0
1768228331641754,52931,14550,44.0,178,0,0
1768228331645158,52931,14550,48.0,30,0,0
1768228331648477,52931,14550,48.0,33,0,0
1768228331653223,52931,14550,37.0,74,0,0
1768228331656907,52931,14550,51.0,1,0,0
1768228331665270,52931,14550,22.0,125,0,0
1768228331668438,52931,14550,27.0,152,0,0
1768228331671047,52931,14550,44.0,62,0,0
1768228331674616,52931,14550,25.0,42,0,0
1768228331678454,52931,14550,32.0,36,0,0
1768228331684908,52931,14550,62.0,65,0,0
1768228331687920,52931,14550,49.0,27,0,0
1768228331690354,52931,14550,44.0,116,0,0
1768228331696267,52931,14550,42.0,129,0,0
1768228331698253,52931,14550,34.0,29,0,0
1768228331700394,52931,14550,34.0,137,0,0
1768228331705119,52931,14550,60.0,24,0,0
1768228331709026,52931,14550,53.0,124,0,0
1768228331712842,52931,14550,31.0,2,0,0
1768228331713396,5760,58419,,0,1,0
1768228331716315,52931,14550,64.0,164,0,0
1768228331719132,52931,14550,24.0,168,0,0
1768228331722342,52931,14550,42.0,136,0,0
1768228331724732,52931,14550,42.0,193,0,0
1768228331726866,52931,14550,48.0,32,0,0
1768228331728665,52931,14550,40.0,241,0,0
1768228331732370,52931,14550,61.0,147,0,0
1768228331735623,52931,14550,64.0,11030,0,0
1768228331739996,52931,14550,29.0,0,0,0
1768228331804065,5760,58419,,264,1,0
1768228331805160,52931,14550,47.0,264,0,0
1768228331893323,52931,14550,48.0,163,0,0
1768228331896489,52931,14550,44.0,178,0,0
1768228331898907,52931,14550,48.0,30,0,0
1768228331902097,52931,14550,48.0,33,0,0
1768228331904709,52931,14550,37.0,74,0,0
1768228331909414,52931,14550,51.0,1,0,0
1768228331917227,52931,14550,22.0,125,0,0
1768228331920430,52931,14550,27.0,152,0,0
1768228331922541,52931,14550,44.0,62,0,0
1768228331926746,52931,14550,25.0,42,0,0
1768228331930658,52931,14550,32.0,36,0,0
1768228331932329,52931,14550,62.0,65,0,0
1768228331935974,52931,14550,49.0,27,0,0
1768228331940159,52931,14550,44.0,116,0,0
1768228331942236,52931,14550,42.0,129,0,0
1768228331945248,52931,14550,34.0,29,0,0
1768228331948027,52931,14550,34.0,137,0,0
1768228331949708,52931,14550,60.0,24,0,0
1768228331952793,52931,14550,53.0,124,0,0
1768228331955443,52931,14550,31.0,2,0,0
1768228331957403,52931,14550,64.0,164,0,0
1768228331959622,52931,14550,24.0,168,0,0
1768228331961330,52931,14550,42.0,136,0,0
1768228331962772,52931,14550,42.0,193,0,0
1768228331964894,52931,14550,48.0,32,0,0
1768228331966455,52931,14550,40.0,241,0,0
1768228331968892,52931,14550,61.0,147,0,0
1768228331970458,52931,14550,64.0,11030,0,0
1768228332144357,52931,14550,48.0,163,0,0
1768228332147222,52931,14550,44.0,178,0,0
1768228332150490,52931,14550,48.0,30,0,0
1768228332154478,52931,14550,48.0,33,0,0
1768228332157924,52931,14550,37.0,74,0,0
1768228332161769,52931,14550,51.0,1,0,0
1768228332166906,52931,14550,22.0,125,0,0
1768228332169779,52931,14550,27.0,152,0,0
1768228332172703,52931,14550,44.0,62,0,0
1768228332177037,52931,14550,25.0,42,0,0
1768228332182623,52931,14550,32.0,36,0,0
1768228332184605,52931,14550,62.0,65,0,0
1768228332189514,52931,14550,49.0,27,0,0
1768228332191335,52931,14550,44.0,116,0,0
1768228332195614,52931,14550,42.0,129,0,0
1768228332198384,52931,14550,34.0,29,0,0
1768228332200482,52931,14550,34.0,137,0,0
1768228332202253,52931,14550,60.0,24,0,0
1768228332205076,52931,14550,53.0,124,0,0
1768228332207052,52931,14550,31.0,2,0,0
1768228332209350,52931,14550,64.0,164,0,0
1768228332214335,52931,14550,24.0,168,0,0
1768228332221683,52931,14550,42.0,136,0,0
1768228332223818,52931,14550,42.0,193,0,0
1768228332225535,52931,14550,48.0,32,0,0
1768228332227047,52931,14550,40.0,241,0,0
1768228332228708,52931,14550,61.0,147,0,0
1768228332230268,52931,14550,64.0,11030,0,0
1768228332308106,5760,58419,,264,1,0
1768228332309489,52931,14550,47.0,264,0,0
1768228332391528,52931,14550,48.0,163,0,0
1768228332392986,52931,14550,44.0,178,0,0
1768228332394911,52931,14550,48.0,30,0,0
1768228332397254,52931,14550,48.0,33,0,0
1768228332399541,52931,14550,37.0,74,0,0
1768228332403364,52931,14550,51.0,1,0,0
1768228332405675,52931,14550,22.0,125,0,0
1768228332407198,52931,14550,27.0,152,0,0
1768228332408769,52931,14550,44.0,62,0,0
1768228332410903,52931,14550,25.0,42,0,0
1768228332414391,52931,14550,32.0,36,0,0
1768228332416126,52931,14550,62.0,65,0,0
1768228332417823,52931,14550,49.0,27,0,0
1768228332419362,52931,14550,44.0,116,0,0
1768228332421178,52931,14550,42.0,129,0,0
1768228332422985,52931,14550,34.0,29,0,0
1768228332424227,52931,14550,34.0,137,0,0
1768228332425537,52931,14550,60.0,24,0,0
1768228332427646,52931,14550,53.0,124,0,0
1768228332429816,52931,14550,31.0,2,0,0
1768228332431914,52931,14550,64.0,164,0,0
1768228332433573,52931,14550,24.0,168,0,0
1768228332435095,52931,14550,42.0,136,0,0
1768228332436509,52931,14550,42.0,193,0,0
1768228332438049,52931,14550,48.0,32,0,0
1768228332439129,52931,14550,40.0,241,0,0
1768228332440367,52931,14550,61.0,147,0,0
1768228332442072,52931,14550,64.0,11030,0,0
1768228332466446,58419,5760,,0,1,0
1768228332647525,52931,14550,48.0,163,0,0
1768228332650326,52931,14550,44.0,178,0,0
1768228332652768,52931,14550,48.0,30,0,0
1768228332654569,52931,14550,48.0,33,0,0
1768228332659045,52931,14550,37.0,74,0,0
1768228332663165,52931,14550,51.0,1,0,0
1768228332668271,52931,14550,22.0,125,0,0
1768228332670645,52931,14550,27.0,152,0,0
1768228332672991,52931,14550,44.0,62,0,0
1768228332677112,52931,14550,25.0,42,0,0
1768228332681495,52931,14550,32.0,36,0,0
1768228332683445,52931,14550,62.0,65,0,0
1768228332685018,52931,14550,49.0,27,0,0
1768228332687307,52931,14550,44.0,116,0,0
1768228332689332,52931,14550,42.0,129,0,0
1768228332691061,52931,14550,34.0,29,0,0
1768228332694970,52931,14550,34.0,137,0,0
1768228332696569,52931,14550,60.0,24,0,0
1768228332700867,52931,14550,53.0,124,0,0
1768228332705165,52931,14550,31.0,2,0,0
1768228332707607,52931,14550,64.0,164,0,0
1768228332709174,52931,14550,24.0,168,0,0
1768228332713057,52931,14550,42.0,136,0,0
1768228332714790,52931,14550,42.0,193,0,0
1768228332716087,5760,58419,,0,1,0
1768228332716936,52931,14550,48.0,32,0,0
1768228332718555,52931,14550,40.0,241,0,0
1768228332720278,52931,14550,61.0,147,0,0
1768228332721783,52931,14550,64.0,11030,0,0
1768228332722932,58419,5760,,66,1,0
1768228332724875,52931,14550,29.0,0,0,0
1768228332811821,5760,58419,,264,1,0
1768228332812838,52931,14550,47.0,264,0,0
1768228332894976,52931,14550,48.0,163,0,0
1768228332897420,52931,14550,44.0,178,0,0
1768228332898893,52931,14550,48.0,30,0,0
1768228332901597,52931,14550,48.0,33,0,0
1768228332902868,52931,14550,37.0,74,0,0
1768228332905302,52931,14550,51.0,1,0,0
1768228332907698,52931,14550,22.0,125,0,0
1768228332909683,52931,14550,27.0,152,0,0
1768228332910382,52931,14550,44.0,62,0,0
1768228332912362,52931,14550,25.0,42,0,0
1768228332914842,52931,14550,32.0,36,0,0
1768228332916382,52931,14550,62.0,65,0,0
1768228332918069,52931,14550,49.0,27,0,0
1768228332919051,52931,14550,44.0,116,0,0
1768228332920570,52931,14550,42.0,129,0,0
1768228332922354,52931,14550,34.0,29,0,0
1768228332923629,52931,14550,34.0,137,0,0
1768228332924626,52931,14550,60.0,24,0,0
1768228332926040,52931,14550,53.0,124,0,0
1768228332927234,52931,14550,31.0,2,0,0
1768228332928033,52931,14550,64.0,164,0,0
1768228332929340,52931,14550,24.0,168,0,0
1768228332930883,52931,14550,42.0,136,0,0
1768228332932244,52931,14550,42.0,193,0,0
1768228332933709,52931,14550,48.0,32,0,0
1768228332934700,52931,14550,40.0,241,0,0
1768228332935961,52931,14550,61.0,147,0,0
1768228332937394,52931,14550,64.0,11030,0,0
1768228333150535,52931,14550,48.0,163,0,0
1768228333154017,52931,14550,44.0,178,0,0
1768228333155867,52931,14550,48.0,30,0,0
1768228333160276,52931,14550,48.0,33,0,0
1768228333163643,52931,14550,37.0,74,0,0
1768228333169620,52931,14550,51.0,1,0,0
1768228333177552,52931,14550,22.0,125,0,0
1768228333180381,52931,14550,27.0,152,0,0
1768228333182525,52931,14550,44.0,62,0,0
1768228333186078,52931,14550,25.0,42,0,0
1768228333190699,52931,14550,32.0,36,0,0
1768228333193308,52931,14550,62.0,65,0,0
1768228333195198,52931,14550,49.0,27,0,0
1768228333198933,52931,14550,44.0,116,0,0
1768228333202149,52931,14550,42.0,129,0,0
1768228333204416,52931,14550,34.0,29,0,0
1768228333206289,52931,14550,34.0,137,0,0
1768228333207642,52931,14550,60.0,24,0,0
1768228333210633,52931,14550,53.0,124,0,0
1768228333215667,52931,14550,31.0,2,0,0
1768228333217481,52931,14550,64.0,164,0,0
1768228333219614,52931,14550,24.0,168,0,0
1768228333221159,52931,14550,42.0,136,0,0
1768228333223155,52931,14550,42.0,193,0,0
1768228333225767,52931,14550,48.0,32,0,0
1768228333227552,52931,14550,40.0,241,0,0
1768228333229186,52931,14550,61.0,147,0,0
1768228333231101,52931,14550,64.0,11030,0,0
1768228333312096,5760,58419,,264,1,0
1768228333313612,52931,14550,47.0,264,0,0
1768228333403104,52931,14550,48.0,163,0,0
1768228333405906,52931,14550,44.0,178,0,0
1768228333407517,52931,14550,48.0,30,0,0
1768228333409609,52931,14550,48.0,33,0,0
1768228333411336,52931,14550,37.0,74,0,0
1768228333417515,52931,14550,51.0,1,0,0
1768228333423118,52931,14550,22.0,125,0,0
1768228333428770,52931,14550,27.0,152,0,0
1768228333430233,52931,14550,44.0,62,0,0
1768228333433041,52931,14550,25.0,42,0,0
1768228333437735,52931,14550,32.0,36,0,0
1768228333439999,52931,14550,62.0,65,0,0
1768228333442166,52931,14550,49.0,27,0,0
1768228333444316,52931,14550,44.0,116,0,0
1768228333446397,52931,14550,42.0,129,0,0
1768228333448523,52931,14550,34.0,29,0,0
1768228333450358,52931,14550,34.0,137,0,0
1768228333452270,52931,14550,60.0,24,0,0
1768228333454828,52931,14550,53.0,124,0,0
1768228333456680,52931,14550,31.0,2,0,0
1768228333458282,52931,14550,64.0,164,0,0
1768228333459790,52931,14550,24.0,168,0,0
1768228333462238,52931,14550,42.0,136,0,0
1768228333464498,52931,14550,42.0,193,0,0
1768228333466939,52931,14550,48.0,32,0,0
1768228333468932,52931,14550,40.0,241,0,0
1768228333470816,52931,14550,61.0,147,0,0
1768228333472647,52931,14550,64.0,11030,0,0
1768228333474609,58419,5760,,0,1,0
1768228333651144,52931,14550,48.0,163,0,0
1768228333654038,52931,14550,44.0,178,0,0
1768228333656042,52931,14550,48.0,30,0,0
1768228333663360,52931,14550,48.0,33,0,0
1768228333665868,52931,14550,37.0,74,0,0
1768228333669383,52931,14550,51.0,1,0,0
1768228333675872,52931,14550,22.0,125,0,0
1768228333679068,52931,14550,27.0,152,0,0
1768228333680915,52931,14550,44.0,62,0,0
1768228333684383,52931,14550,25.0,42,0,0
1768228333690602,52931,14550,32.0,36,0,0
1768228333692507,52931,14550,62.0,65,0,0
1768228333694607,52931,14550,49.0,27,0,0
1768228333695954,52931,14550,44.0,116,0,0
1768228333699307,52931,14550,42.0,129,0,0
1768228333700950,52931,14550,34.0,29,0,0
1768228333703445,52931,14550,34.0,137,0,0
1768228333705830,52931,14550,60.0,24,0,0
1768228333708893,52931,14550,53.0,124,0,0
1768228333711473,52931,14550,31.0,2,0,0
1768228333713970,52931,14550,64.0,164,0,0
1768228333716236,52931,14550,24.0,168,0,0
1768228333719120,52931,14550,42.0,136,0,0
1768228333721030,52931,14550,42.0,193,0,0
1768228333721271,5760,58419,,0,1,0
1768228333723896,52931,14550,48.0,32,0,0
1768228333727029,52931,14550,40.0,241,0,0
1768228333731334,52931,14550,61.0,147,0,0
1768228333734296,52931,14550,64.0,11030,0,0
1768228333739439,52931,14550,29.0,0,0,0
1768228333814323,5760,58419,,264,1,0
1768228333815750,52931,14550,47.0,264,0,0
1768228333902312,52931,14550,48.0,163,0,0
1768228333905144,52931,14550,44.0,178,0,0
1768228333907435,52931,14550,48.0,30,0,0
1768228333914858,52931,14550,48.0,33,0,0
1768228333916932,52931,14550,37.0,74,0,0
1768228333924598,52931,14550,51.0,1,0,0
1768228333929068,52931,14550,22.0,125,0,0
1768228333931107,52931,14550,27.0,152,0,0
1768228333932207,52931,14550,44.0,62,0,0
1768228333933990,52931,14550,25.0,42,0,0
1768228333936282,52931,14550,32.0,36,0,0
1768228333937622,52931,14550,62.0,65,0,0
1768228333938751,52931,14550,49.0,27,0,0
1768228333939625,52931,14550,44.0,116,0,0
1768228333940582,52931,14550,42.0,129,0,0
1768228333941506,52931,14550,34.0,29,0,0
1768228333942455,52931,14550,34.0,137,0,0
1768228333943598,52931,14550,60.0,24,0,0
1768228333945012,52931,14550,53.0,124,0,0
1768228333946159,52931,14550,31.0,2,0,0
1768228333947190,52931,14550,64.0,164,0,0
1768228333948109,52931,14550,24.0,168,0,0
1768228333949174,52931,14550,42.0,136,0,0
1768228333949882,52931,14550,42.0,193,0,0
1768228333950986,52931,14550,48.0,32,0,0
1768228333951873,52931,14550,40.0,241,0,0
1768228333953394,52931,14550,61.0,147,0,0
1768228333954299,52931,14550,64.0,11030,0,0
1768228334152055,52931,14550,48.0,163,0,0
1768228334153449,52931,14550,44.0,178,0,0
1768228334154407,52931,14550,48.0,30,0,0
1768228334156910,52931,14550,48.0,33,0,0
1768228334158345,52931,14550,37.0,74,0,0
1768228334160371,52931,14550,51.0,1,0,0
1768228334165447,52931,14550,22.0,125,0,0
1768228334166960,52931,14550,27.0,152,0,0
1768228334167950,52931,14550,44.0,62,0,0
1768228334171698,52931,14550,25.0,42,0,0
1768228334174178,52931,14550,32.0,36,0,0
1768228334175199,52931,14550,62.0,65,0,0
1768228334176101,52931,14550,49.0,27,0,0
1768228334177255,52931,14550,44.0,116,0,0
1768228334178151,52931,14550,42.0,129,0,0
1768228334179070,52931,14550,34.0,29,0,0
1768228334180391,52931,14550,34.0,137,0,0
1768228334181821,52931,14550,60.0,24,0,0
1768228334183085,52931,14550,53.0,124,0,0
1768228334184810,52931,14550,31.0,2,0,0
1768228334185441,52931,14550,64.0,164,0,0
1768228334186834,52931,14550,24.0,168,0,0
1768228334188037,52931,14550,42.0,136,0,0
1768228334190852,52931,14550,42.0,193,0,0
1768228334193124,52931,14550,48.0,32,0,0
1768228334194422,52931,14550,40.0,241,0,0
1768228334196072,52931,14550,61.0,147,0,0
1768228334197403,52931,14550,64.0,11030,0,0
1768228334316382,5760,58419,,264,1,0
1768228334317265,52931,14550,47.0,264,0,0
1768228334404946,52931,14550,48.0,163,0,0
1768228334407646,52931,14550,44.0,178,0,0
1768228334409358,52931,14550,48.0,30,0,0
1768228334412994,52931,14550,48.0,33,0,0
1768228334415683,52931,14550,37.0,74,0,0
1768228334419860,52931,14550,51.0,1,0,0
1768228334423740,52931,14550,22.0,125,0,0
1768228334426418,52931,14550,27.0,152,0,0
1768228334427995,52931,14550,44.0,62,0,0
1768228334431321,52931,14550,25.0,42,0,0
1768228334435728,52931,14550,32.0,36,0,0
1768228334437751,52931,14550,62.0,65,0,0
1768228334439384,52931,14550,49.0,27,0,0
1768228334441100,52931,14550,44.0,116,0,0
1768228334442817,52931,14550,42.0,129,0,0
1768228334444372,52931,14550,34.0,29,0,0
1768228334445996,52931,14550,34.0,137,0,0
1768228334447823,52931,14550,60.0,24,0,0
1768228334449891,52931,14550,53.0,124,0,0
1768228334451462,52931,14550,31.0,2,0,0
1768228334452611,52931,14550,64.0,164,0,0
1768228334453972,52931,14550,24.0,168,0,0
1768228334455742,52931,14550,42.0,136,0,0
1768228334457420,52931,14550,42.0,193,0,0
1768228334458997,52931,14550,48.0,32,0,0
1768228334460516,52931,14550,40.0,241,0,0
1768228334462096,52931,14550,61.0,147,0,0
1768228334463684,52931,14550,64.0,11030,0,0
1768228334475920,58419,5760,,0,1,0
1768228334656380,52931,14550,48.0,163,0,0
1768228334658925,52931,14550,44.0,178,0,0
1768228334660642,52931,14550,48.0,30,0,0
1768228334665185,52931,14550,48.0,33,0,0
1768228334666926,52931,14550,37.0,74,0,0
1768228334672060,52931,14550,51.0,1,0,0
1768228334677908,52931,14550,22.0,125,0,0
1768228334680005,52931,14550,27.0,152,0,0
1768228334682200,52931,14550,44.0,62,0,0
1768228334685120,52931,14550,25.0,42,0,0
1768228334688832,52931,14550,32.0,36,0,0
1768228334691082,52931,14550,62.0,65,0,0
1768228334693874,52931,14550,49.0,27,0,0
1768228334695982,52931,14550,44.0,116,0,0
1768228334698217,52931,14550,42.0,129,0,0
1768228334700374,52931,14550,34.0,29,0,0
1768228334702195,52931,14550,34.0,137,0,0
1768228334707657,52931,14550,60.0,24,0,0
1768228334710780,52931,14550,53.0,124,0,0
1768228334713465,52931,14550,31.0,2,0,0
1768228334716765,52931,14550,64.0,164,0,0
1768228334719201,52931,14550,24.0,168,0,0
1768228334722839,52931,14550,42.0,136,0,0
1768228334725645,52931,14550,42.0,193,0,0
1768228334727704,52931,14550,48.0,32,0,0
1768228334729463,52931,14550,40.0,241,0,0
1768228334730258,5760,58419,,0,1,0
1768228334731716,52931,14550,61.0,147,0,0
1768228334734484,52931,14550,64.0,11030,0,0
1768228334738117,52931,14550,29.0,0,0,0
1768228334802640,5760,58419,,111,1,0
1768228334803920,52931,14550,33.0,111,0,0
1768228334820544,5760,58419,,264,1,0
1768228334821673,52931,14550,47.0,264,0,0
1768228334912376,52931,14550,48.0,163,0,0
1768228334914934,52931,14550,44.0,178,0,0
1768228334918069,52931,14550,48.0,30,0,0
1768228334921558,52931,14550,48.0,33,0,0
1768228334924295,52931,14550,37.0,74,0,0
1768228334928779,52931,14550,51.0,1,0,0
1768228334933985,52931,14550,22.0,125,0,0
1768228334936449,52931,14550,27.0,152,0,0
1768228334938461,52931,14550,44.0,62,0,0
1768228334941808,52931,14550,25.0,42,0,0
1768228334944835,52931,14550,32.0,36,0,0
1768228334946674,52931,14550,62.0,65,0,0
1768228334948482,52931,14550,49.0,27,0,0
1768228334950081,52931,14550,44.0,116,0,0
1768228334952240,52931,14550,42.0,129,0,0
1768228334954052,52931,14550,34.0,29,0,0
1768228334956126,52931,14550,34.0,137,0,0
1768228334957977,52931,14550,60.0,24,0,0
1768228334959971,52931,14550,53.0,124,0,0
1768228334962432,52931,14550,31.0,2,0,0
1768228334964481,52931,14550,64.0,164,0,0
1768228334966201,52931,14550,24.0,168,0,0
1768228334967607,52931,14550,42.0,136,0,0
1768228334968820,52931,14550,42.0,193,0,0
1768228334971202,52931,14550,48.0,32,0,0
1768228334973009,52931,14550,40.0,241,0,0
1768228334974719,52931,14550,61.0,147,0,0
1768228334977659,52931,14550,64.0,11030,0,0
1768228335163508,52931,14550,48.0,163,0,0
1768228335165905,52931,14550,44.0,178,0,0
1768228335169793,52931,14550,48.0,30,0,0
1768228335173164,52931,14550,48.0,33,0,0
1768228335175290,52931,14550,37.0,74,0,0
1768228335178724,52931,14550,51.0,1,0,0
1768228335186131,52931,14550,22.0,125,0,0
1768228335193010,52931,14550,27.0,152,0,0
1768228335194413,52931,14550,44.0,62,0,0
1768228335197208,52931,14550,25.0,42,0,0
1768228335201910,52931,14550,32.0,36,0,0
1768228335203811,52931,14550,62.0,65,0,0
1768228335206438,52931,14550,49.0,27,0,0
1768228335209839,52931,14550,44.0,116,0,0
1768228335212078,52931,14550,42.0,129,0,0
1768228335214673,52931,14550,34.0,29,0,0
1768228335221958,52931,14550,34.0,137,0,0
1768228335223583,52931,14550,60.0,24,0,0
1768228335225786,52931,14550,53.0,124,0,0
1768228335229670,52931,14550,31.0,2,0,0
1768228335232988,52931,14550,64.0,164,0,0
1768228335235592,52931,14550,24.0,168,0,0
1768228335237528,52931,14550,42.0,136,0,0
1768228335239391,52931,14550,42.0,193,0,0
1768228335241053,52931,14550,48.0,32,0,0
1768228335243309,52931,14550,40.0,241,0,0
1768228335245117,52931,14550,61.0,147,0,0
1768228335247254,52931,14550,64.0,11030,0,0
1768228335329169,5760,58419,,264,1,0
1768228335331249,52931,14550,47.0,264,0,0
1768228335414291,52931,14550,48.0,163,0,0
1768228335417511,52931,14550,44.0,178,0,0
1768228335419792,52931,14550,48.0,30,0,0
1768228335422313,52931,14550,48.0,33,0,0
1768228335424128,52931,14550,37.0,74,0,0
1768228335427170,52931,14550,51.0,1,0,0
1768228335430707,52931,14550,22.0,125,0,0
1768228335433008,52931,14550,27.0,152,0,0
1768228335435059,52931,14550,44.0,62,0,0
1768228335437754,52931,14550,25.0,42,0,0
1768228335440660,52931,14550,32.0,36,0,0
1768228335442886,52931,14550,62.0,65,0,0
1768228335445021,52931,14550,49.0,27,0,0
1768228335446893,52931,14550,44.0,116,0,0
1768228335448875,52931,14550,42.0,129,0,0
1768228335450664,52931,14550,34.0,29,0,0
1768228335452828,52931,14550,34.0,137,0,0
1768228335455372,52931,14550,60.0,24,0,0
1768228335457685,52931,14550,53.0,124,0,0
1768228335459805,52931,14550,31.0,2,0,0
1768228335461337,52931,14550,64.0,164,0,0
1768228335463107,52931,14550,24.0,168,0,0
1768228335465535,52931,14550,42.0,136,0,0
1768228335467473,52931,14550,42.0,193,0,0
1768228335469731,52931,14550,48.0,32,0,0
1768228335471020,52931,14550,40.0,241,0,0
1768228335473306,52931,14550,61.0,147,0,0
1768228335474686,52931,14550,64.0,11030,0,0
1768228335476092,58419,5760,,0,1,0
1768228335667588,52931,14550,48.0,163,0,0
1768228335670556,52931,14550,44.0,178,0,0
1768228335672236,52931,14550,48.0,30,0,0
1768228335675868,52931,14550,48.0,33,0,0
1768228335679867,52931,14550,37.0,74,0,0
1768228335688102,52931,14550,51.0,1,0,0
1768228335694150,52931,14550,22.0,125,0,0
1768228335696901,52931,14550,27.0,152,0,0
1768228335698436,52931,14550,44.0,62,0,0
1768228335703028,52931,14550,25.0,42,0,0
1768228335706650,52931,14550,32.0,36,0,0
1768228335709119,52931,14550,62.0,65,0,0
1768228335711388,52931,14550,49.0,27,0,0
1768228335716336,52931,14550,44.0,116,0,0
1768228335718632,52931,14550,42.0,129,0,0
1768228335721663,52931,14550,34.0,29,0,0
1768228335724300,52931,14550,34.0,137,0,0
1768228335727000,52931,14550,60.0,24,0,0
1768228335731006,52931,14550,53.0,124,0,0
1768228335734245,52931,14550,31.0,2,0,0
1768228335737100,5760,58419,,0,1,0
1768228335739158,52931,14550,64.0,164,0,0
1768228335741243,52931,14550,24.0,168,0,0
1768228335744206,52931,14550,42.0,136,0,0
1768228335747351,52931,14550,42.0,193,0,0
1768228335749716,52931,14550,48.0,32,0,0
1768228335751695,52931,14550,40.0,241,0,0
1768228335754182,52931,14550,61.0,147,0,0
1768228335759147,52931,14550,64.0,11030,0,0
1768228335764768,52931,14550,29.0,0,0,0
1768228335832358,5760,58419,,264,1,0
1768228335833688,52931,14550,47.0,264,0,0
1768228335918987,52931,14550,48.0,163,0,0
1768228335921437,52931,14550,44.0,178,0,0
1768228335923691,52931,14550,48.0,30,0,0
1768228335925684,52931,14550,48.0,33,0,0
1768228335927635,52931,14550,37.0,74,0,0
1768228335930292,52931,14550,51.0,1,0,0
1768228335933916,52931,14550,22.0,125,0,0
1768228335936384,52931,14550,27.0,152,0,0
1768228335937732,52931,14550,44.0,62,0,0
1768228335940425,52931,14550,25.0,42,0,0
1768228335944554,52931,14550,32.0,36,0,0
1768228335946907,52931,14550,62.0,65,0,0
1768228335948592,52931,14550,49.0,27,0,0
1768228335950333,52931,14550,44.0,116,0,0
1768228335951694,52931,14550,42.0,129,0,0
1768228335952956,52931,14550,34.0,29,0,0
1768228335954258,52931,14550,34.0,137,0,0
1768228335955584,52931,14550,60.0,24,0,0
1768228335957346,52931,14550,53.0,124,0,0
1768228335958778,52931,14550,31.0,2,0,0
1768228335959956,52931,14550,64.0,164,0,0
1768228335962089,52931,14550,24.0,168,0,0
1768228335965118,52931,14550,42.0,136,0,0
1768228335966490,52931,14550,42.0,193,0,0
1768228335968568,52931,14550,48.0,32,0,0
1768228335970214,52931,14550,40.0,241,0,0
1768228335972434,52931,14550,61.0,147,0,0
1768228335974070,52931,14550,64.0,11030,0,0
1768228336172308,52931,14550,48.0,163,0,0
1768228336175066,52931,14550,44.0,178,0,0
1768228336177441,52931,14550,48.0,30,0,0
1768228336181321,52931,14550,48.0,33,0,0
1768228336183594,52931,14550,37.0,74,0,0
1768228336188454,52931,14550,51.0,1,0,0
1768228336195120,52931,14550,22.0,125,0,0
1768228336199997,52931,14550,27.0,152,0,0
1768228336202035,52931,14550,44.0,62,0,0
1768228336206811,52931,14550,25.0,42,0,0
1768228336211760,52931,14550,32.0,36,0,0
1768228336214470,52931,14550,62.0,65,0,0
1768228336217146,52931,14550,49.0,27,0,0
1768228336221165,52931,14550,44.0,116,0,0
1768228336223443,52931,14550,42.0,129,0,0
1768228336225144,52931,14550,34.0,29,0,0
1768228336227788,52931,14550,34.0,137,0,0
1768228336229925,52931,14550,60.0,24,0,0
1768228336236546,52931,14550,53.0,124,0,0
1768228336239896,52931,14550,31.0,2,0,0
1768228336245587,52931,14550,64.0,164,0,0
1768228336248403,52931,14550,24.0,168,0,0
1768228336250318,52931,14550,42.0,136,0,0
1768228336251898,52931,14550,42.0,193,0,0
1768228336254278,52931,14550,48.0,32,0,0
1768228336256042,52931,14550,40.0,241,0,0
1768228336257336,52931,14550,61.0,147,0,0
1768228336260252,52931,14550,64.0,11030,0,0
1768228336331741,5760,58419,,264,1,0
1768228336332918,52931,14550,47.0,264,0,0
1768228336420551,52931,14550,48.0,163,0,0
1768228336423159,52931,14550,44.0,178,0,0
1768228336425913,52931,14550,48.0,30,0,0
1768228336430073,52931,14550,48.0,33,0,0
1768228336431847,52931,14550,37.0,74,0,0
1768228336435287,52931,14550,51.0,1,0,0
1768228336440054,52931,14550,22.0,125,0,0
1768228336442710,52931,14550,27.0,152,0,0
1768228336444769,52931,14550,44.0,62,0,0
1768228336448159,52931,14550,25.0,42,0,0
1768228336452801,52931,14550,32.0,36,0,0
1768228336454488,52931,14550,62.0,65,0,0
1768228336457192,52931,14550,49.0,27,0,0
1768228336459067,52931,14550,44.0,116,0,0
1768228336460990,52931,14550,42.0,129,0,0
1768228336462659,52931,14550,34.0,29,0,0
1768228336464465,52931,14550,34.0,137,0,0
1768228336466515,52931,14550,60.0,24,0,0
1768228336469009,52931,14550,53.0,124,0,0
1768228336471337,52931,14550,31.0,2,0,0
1768228336473337,52931,14550,64.0,164,0,0
1768228336475547,52931,14550,24.0,168,0,0
1768228336477950,52931,14550,42.0,136,0,0
1768228336480507,52931,14550,42.0,193,0,0
1768228336483139,52931,14550,48.0,32,0,0
1768228336484740,52931,14550,40.0,241,0,0
1768228336486111,52931,14550,61.0,147,0,0
1768228336487935,52931,14550,64.0,11030,0,0
1768228336489928,58419,5760,,0,1,0
1768228336670953,52931,14550,48.0,163,0,0
1768228336673242,52931,14550,44.0,178,0,0
1768228336674087,52931,14550,48.0,30,0,0
1768228336675426,52931,14550,48.0,33,0,0
1768228336676851,52931,14550,37.0,74,0,0
1768228336680415,52931,14550,51.0,1,0,0
1768228336685495,52931,14550,22.0,125,0,0
1768228336687928,52931,14550,27.0,152,0,0
1768228336689005,52931,14550,44.0,62,0,0
1768228336691855,52931,14550,25.0,42,0,0
1768228336694596,52931,14550,32.0,36,0,0
1768228336696221,52931,14550,62.0,65,0,0
1768228336697279,52931,14550,49.0,27,0,0
1768228336698318,52931,14550,44.0,116,0,0
1768228336700606,52931,14550,42.0,129,0,0
1768228336701994,52931,14550,34.0,29,0,0
1768228336703253,52931,14550,34.0,137,0,0
1768228336704577,52931,14550,60.0,24,0,0
1768228336707413,52931,14550,53.0,124,0,0
1768228336708793,52931,14550,31.0,2,0,0
1768228336709830,52931,14550,64.0,164,0,0
1768228336710808,52931,14550,24.0,168,0,0
1768228336712507,52931,14550,42.0,136,0,0
1768228336713713,52931,14550,42.0,193,0,0
1768228336714937,52931,14550,48.0,32,0,0
1768228336715972,52931,14550,40.0,241,0,0
1768228336717345,52931,14550,61.0,147,0,0
1768228336719240,52931,14550,64.0,11030,0,0
1768228336742519,5760,58419,,0,1,0
1768228336743370,52931,14550,29.0,0,0,0
1768228336839076,5760,58419,,264,1,0
1768228336840357,52931,14550,47.0,264,0,0
1768228336926654,52931,14550,48.0,163,0,0
1768228336928593,52931,14550,44.0,178,0,0
1768228336930337,52931,14550,48.0,30,0,0
1768228336935357,52931,14550,48.0,33,0,0
1768228336937327,52931,14550,37.0,74,0,0
1768228336940183,52931,14550,51.0,1,0,0
1768228336943113,52931,14550,22.0,125,0,0
1768228336945457,52931,14550,27.0,152,0,0
1768228336947165,52931,14550,44.0,62,0,0
1768228336950218,52931,14550,25.0,42,0,0
1768228336953631,52931,14550,32.0,36,0,0
1768228336955125,52931,14550,62.0,65,0,0
1768228336957272,52931,14550,49.0,27,0,0
1768228336959006,52931,14550,44.0,116,0,0
1768228336960899,52931,14550,42.0,129,0,0
1768228336962197,52931,14550,34.0,29,0,0
1768228336964224,52931,14550,34.0,137,0,0
1768228336965883,52931,14550,60.0,24,0,0
1768228336968176,52931,14550,53.0,124,0,0
1768228336969790,52931,14550,31.0,2,0,0
1768228336971256,52931,14550,64.0,164,0,0
1768228336973212,52931,14550,24.0,168,0,0
1768228336975346,52931,14550,42.0,136,0,0
1768228336977628,52931,14550,42.0,193,0,0
1768228336979770,52931,14550,48.0,32,0,0
1768228336981606,52931,14550,40.0,241,0,0
1768228336983046,52931,14550,61.0,147,0,0
1768228336984425,52931,14550,64.0,11030,0,0
1768228337173261,52931,14550,48.0,163,0,0
1768228337176206,52931,14550,44.0,178,0,0
1768228337179220,52931,14550,48.0,30,0,0
1768228337182452,52931,14550,48.0,33,0,0
1768228337184456,52931,14550,37.0,74,0,0
1768228337190583,52931,14550,51.0,1,0,0
1768228337197166,52931,14550,22.0,125,0,0
1768228337200717,52931,14550,27.0,152,0,0
1768228337203966,52931,14550,44.0,62,0,0
1768228337209130,52931,14550,25.0,42,0,0
1768228337213884,52931,14550,32.0,36,0,0
1768228337216434,52931,14550,62.0,65,0,0
1768228337219303,52931,14550,49.0,27,0,0
1768228337221018,52931,14550,44.0,116,0,0
1768228337222957,52931,14550,42.0,129,0,0
1768228337224533,52931,14550,34.0,29,0,0
1768228337226840,52931,14550,34.0,137,0,0
1768228337229123,52931,14550,60.0,24,0,0
1768228337231652,52931,14550,53.0,124,0,0
1768228337234167,52931,14550,31.0,2,0,0
1768228337238519,52931,14550,64.0,164,0,0
1768228337241624,52931,14550,24.0,168,0,0
1768228337245766,52931,14550,42.0,136,0,0
1768228337247700,52931,14550,42.0,193,0,0
1768228337250415,52931,14550,48.0,32,0,0
1768228337254142,52931,14550,40.0,241,0,0
1768228337256986,52931,14550,61.0,147,0,0
1768228337259276,52931,14550,64.0,11030,0,0
1768228337342819,5760,58419,,264,1,0
1768228337344196,52931,14550,47.0,264,0,0
1768228337425874,52931,14550,48.0,163,0,0
1768228337429106,52931,14550,44.0,178,0,0
1768228337430377,52931,14550,48.0,30,0,0
1768228337432853,52931,14550,48.0,33,0,0
1768228337434747,52931,14550,37.0,74,0,0
1768228337440709,52931,14550,51.0,1,0,0
1768228337447217,52931,14550,22.0,125,0,0
1768228337449263,52931,14550,27.0,152,0,0
1768228337451362,52931,14550,44.0,62,0,0
1768228337454005,52931,14550,25.0,42,0,0
1768228337457538,52931,14550,32.0,36,0,0
1768228337458800,52931,14550,62.0,65,0,0
1768228337460722,52931,14550,49.0,27,0,0
1768228337462274,52931,14550,44.0,116,0,0
1768228337464185,52931,14550,42.0,129,0,0
1768228337466481,52931,14550,34.0,29,0,0
1768228337468013,52931,14550,34.0,137,0,0
1768228337469353,52931,14550,60.0,24,0,0
1768228337471537,52931,14550,53.0,124,0,0
1768228337473255,52931,14550,31.0,2,0,0
1768228337475054,52931,14550,64.0,164,0,0
1768228337476692,52931,14550,24.0,168,0,0
1768228337479057,52931,14550,42.0,136,0,0
1768228337480762,52931,14550,42.0,193,0,0
1768228337482964,52931,14550,48.0,32,0,0
1768228337484755,52931,14550,40.0,241,0,0
1768228337486741,52931,14550,61.0,147,0,0
1768228337488805,52931,14550,64.0,11030,0,0
1768228337491228,58419,5760,,0,1,0
1768228337677646,52931,14550,48.0,163,0,0
1768228337678374,52931,14550,44.0,178,0,0
1768228337678980,52931,14550,48.0,30,0,0
1768228337680715,52931,14550,48.0,33,0,0
1768228337681044,52931,14550,37.0,74,0,0
1768228337681883,52931,14550,51.0,1,0,0
1768228337683359,52931,14550,22.0,125,0,0
1768228337684166,52931,14550,27.0,152,0,0
1768228337684672,52931,14550,44.0,62,0,0
1768228337687327,52931,14550,25.0,42,0,0
1768228337696549,52931,14550,32.0,36,0,0
1768228337697273,52931,14550,62.0,65,0,0
1768228337698667,52931,14550,49.0,27,0,0
1768228337699176,52931,14550,44.0,116,0,0
1768228337699689,52931,14550,42.0,129,0,0
1768228337700399,52931,14550,34.0,29,0,0
1768228337701113,52931,14550,34.0,137,0,0
1768228337701489,52931,14550,60.0,24,0,0
1768228337702261,52931,14550,53.0,124,0,0
1768228337702868,52931,14550,31.0,2,0,0
1768228337703720,52931,14550,64.0,164,0,0
1768228337704058,52931,14550,24.0,168,0,0
1768228337704486,52931,14550,42.0,136,0,0
1768228337704882,52931,14550,42.0,193,0,0
1768228337705746,52931,14550,48.0,32,0,0
1768228337706295,52931,14550,40.0,241,0,0
1768228337706701,52931,14550,61.0,147,0,0
1768228337707290,52931,14550,64.0,11030,0,0
1768228337747341,5760,58419,,0,1,0
1768228337747950,52931,14550,29.0,0,0,0
1768228337843854,5760,58419,,264,1,0
1768228337844453,52931,14550,47.0,264,0,0
1768228337929023,52931,14550,48.0,163,0,0
1768228337930724,52931,14550,44.0,178,0,0
1768228337932770,52931,14550,48.0,30,0,0
1768228337934515,52931,14550,48.0,33,0,0
1768228337935680,52931,14550,37.0,74,0,0
1768228337937866,52931,14550,51.0,1,0,0
1768228337940425,52931,14550,22.0,125,0,0
1768228337942029,52931,14550,27.0,152,0,0
1768228337943233,52931,14550,44.0,62,0,0
1768228337944977,52931,14550,25.0,42,0,0
1768228337946340,52931,14550,32.0,36,0,0
1768228337947113,52931,14550,62.0,65,0,0
1768228337947908,52931,14550,49.0,27,0,0
1768228337948663,52931,14550,44.0,116,0,0
1768228337949388,52931,14550,42.0,129,0,0
1768228337950056,52931,14550,34.0,29,0,0
1768228337950830,52931,14550,34.0,137,0,0
1768228337951533,52931,14550,60.0,24,0,0
1768228337952545,52931,14550,53.0,124,0,0
1768228337953526,52931,14550,31.0,2,0,0
1768228337954420,52931,14550,64.0,164,0,0
1768228337955327,52931,14550,24.0,168,0,0
1768228337956101,52931,14550,42.0,136,0,0
1768228337957015,52931,14550,42.0,193,0,0
1768228337957944,52931,14550,48.0,32,0,0
1768228337958621,52931,14550,40.0,241,0,0
1768228337959345,52931,14550,61.0,147,0,0
1768228337960006,52931,14550,64.0,11030,0,0
1768228338181668,52931,14550,48.0,163,0,0
1768228338183192,52931,14550,44.0,178,0,0
1768228338184196,52931,14550,48.0,30,0,0
1768228338185333,52931,14550,48.0,33,0,0
1768228338186647,52931,14550,37.0,74,0,0
1768228338189585,52931,14550,51.0,1,0,0
1768228338193506,52931,14550,22.0,125,0,0
1768228338195362,52931,14550,27.0,152,0,0
1768228338196621,52931,14550,44.0,62,0,0
1768228338199616,52931,14550,25.0,42,0,0
1768228338202512,52931,14550,32.0,36,0,0
1768228338203505,52931,14550,62.0,65,0,0
1768228338204548,52931,14550,49.0,27,0,0
1768228338205282,52931,14550,44.0,116,0,0
1768228338206666,52931,14550,42.0,129,0,0
1768228338207489,52931,14550,34.0,29,0,0
1768228338208176,52931,14550,34.0,137,0,0
1768228338208997,52931,14550,60.0,24,0,0
1768228338210689,52931,14550,53.0,124,0,0
1768228338212005,52931,14550,31.0,2,0,0
1768228338213916,52931,14550,64.0,164,0,0
1768228338214596,52931,14550,24.0,168,0,0
1768228338216385,52931,14550,42.0,136,0,0
1768228338217380,52931,14550,42.0,193,0,0
1768228338218268,52931,14550,48.0,32,0,0
1768228338219393,52931,14550,40.0,241,0,0
1768228338220510,52931,14550,61.0,147,0,0
1768228338222139,52931,14550,64.0,11030,0,0
1768228338346230,5760,58419,,264,1,0
1768228338347061,52931,14550,47.0,264,0,0
1768228338428652,52931,14550,48.0,163,0,0
1768228338429976,52931,14550,44.0,178,0,0
1768228338431504,52931,14550,48.0,30,0,0
1768228338433770,52931,14550,48.0,33,0,0
1768228338435624,52931,14550,37.0,74,0,0
1768228338437417,52931,14550,51.0,1,0,0
1768228338439587,52931,14550,22.0,125,0,0
1768228338441232,52931,14550,27.0,152,0,0
1768228338442289,52931,14550,44.0,62,0,0
1768228338444511,52931,14550,25.0,42,0,0
1768228338446540,52931,14550,32.0,36,0,0
1768228338447484,52931,14550,62.0,65,0,0
1768228338448444,52931,14550,49.0,27,0,0
1768228338449418,52931,14550,44.0,116,0,0
1768228338450245,52931,14550,42.0,129,0,0
1768228338451153,52931,14550,34.0,29,0,0
1768228338452161,52931,14550,34.0,137,0,0
1768228338453027,52931,14550,60.0,24,0,0
1768228338454333,52931,14550,53.0,124,0,0
1768228338455784,52931,14550,31.0,2,0,0
1768228338456997,52931,14550,64.0,164,0,0
1768228338457811,52931,14550,24.0,168,0,0
1768228338459005,52931,14550,42.0,136,0,0
1768228338459958,52931,14550,42.0,193,0,0
1768228338461448,52931,14550,48.0,32,0,0
1768228338462759,52931,14550,40.0,241,0,0
1768228338463907,52931,14550,61.0,147,0,0
1768228338464833,52931,14550,64.0,11030,0,0
1768228338499284,58419,5760,,0,1,0
1768228338684256,52931,14550,48.0,163,0,0
1768228338686886,52931,14550,44.0,178,0,0
1768228338689984,52931,14550,48.0,30,0,0
1768228338694251,52931,14550,48.0,33,0,0
1768228338695939,52931,14550,37.0,74,0,0
1768228338701411,52931,14550,51.0,1,0,0
1768228338707983,52931,14550,22.0,125,0,0
1768228338711803,52931,14550,27.0,152,0,0
1768228338713538,52931,14550,44.0,62,0,0
1768228338718124,52931,14550,25.0,42,0,0
1768228338721922,52931,14550,32.0,36,0,0
1768228338723452,52931,14550,62.0,65,0,0
1768228338728879,52931,14550,49.0,27,0,0
1768228338730288,52931,14550,44.0,116,0,0
1768228338732655,52931,14550,42.0,129,0,0
1768228338734097,52931,14550,34.0,29,0,0
1768228338736075,52931,14550,34.0,137,0,0
1768228338740687,52931,14550,60.0,24,0,0
1768228338744914,52931,14550,53.0,124,0,0
1768228338750273,52931,14550,31.0,2,0,0
1768228338751694,5760,58419,,0,1,0
1768228338752613,52931,14550,64.0,164,0,0
1768228338754032,52931,14550,24.0,168,0,0
1768228338757083,52931,14550,42.0,136,0,0
1768228338759182,52931,14550,42.0,193,0,0
1768228338760928,52931,14550,48.0,32,0,0
1768228338763405,52931,14550,40.0,241,0,0
1768228338766013,52931,14550,61.0,147,0,0
1768228338768303,52931,14550,64.0,11030,0,0
1768228338773372,52931,14550,29.0,0,0,0
1768228338844692,5760,58419,,264,1,0
1768228338845957,52931,14550,47.0,264,0,0
1768228338932003,52931,14550,48.0,163,0,0
1768228338934010,52931,14550,44.0,178,0,0
1768228338935997,52931,14550,48.0,30,0,0
1768228338940386,52931,14550,48.0,33,0,0
1768228338943458,52931,14550,37.0,74,0,0
1768228338948508,52931,14550,51.0,1,0,0
1768228338951252,52931,14550,22.0,125,0,0
1768228338953477,52931,14550,27.0,152,0,0
1768228338955257,52931,14550,44.0,62,0,0
1768228338958242,52931,14550,25.0,42,0,0
1768228338961561,52931,14550,32.0,36,0,0
1768228338963108,52931,14550,62.0,65,0,0
1768228338964607,52931,14550,49.0,27,0,0
1768228338966434,52931,14550,44.0,116,0,0
1768228338968644,52931,14550,42.0,129,0,0
1768228338970420,52931,14550,34.0,29,0,0
1768228338972160,52931,14550,34.0,137,0,0
1768228338974273,52931,14550,60.0,24,0,0
1768228338976404,52931,14550,53.0,124,0,0
1768228338978052,52931,14550,31.0,2,0,0
1768228338979352,52931,14550,64.0,164,0,0
1768228338980650,52931,14550,24.0,168,0,0
1768228338982403,52931,14550,42.0,136,0,0
1768228338984388,52931,14550,42.0,193,0,0
1768228338986576,52931,14550,48.0,32,0,0
1768228338988512,52931,14550,40.0,241,0,0
1768228338990519,52931,14550,61.0,147,0,0
1768228338992212,52931,14550,64.0,11030,0,0
1768228339185504,52931,14550,48.0,163,0,0
1768228339187536,52931,14550,44.0,178,0,0
1768228339189351,52931,14550,48.0,30,0,0
1768228339192850,52931,14550,48.0,33,0,0
1768228339195234,52931,14550,37.0,74,0,0
1768228339205434,52931,14550,51.0,1,0,0
1768228339212879,52931,14550,22.0,125,0,0
1768228339217557,52931,14550,27.0,152,0,0
1768228339220698,52931,14550,44.0,62,0,0
1768228339226302,52931,14550,25.0,42,0,0
1768228339229896,52931,14550,32.0,36,0,0
1768228339232668,52931,14550,62.0,65,0,0
1768228339235809,52931,14550,49.0,27,0,0
1768228339238575,52931,14550,44.0,116,0,0
1768228339241100,52931,14550,42.0,129,0,0
1768228339242470,52931,14550,34.0,29,0,0
1768228339244272,52931,14550,34.0,137,0,0
1768228339246778,52931,14550,60.0,24,0,0
1768228339252179,52931,14550,53.0,124,0,0
1768228339254100,52931,14550,31.0,2,0,0
1768228339255493,52931,14550,64.0,164,0,0
1768228339257104,52931,14550,24.0,168,0,0
1768228339258709,52931,14550,42.0,136,0,0
1768228339260033,52931,14550,42.0,193,0,0
1768228339261539,52931,14550,48.0,32,0,0
1768228339263136,52931,14550,40.0,241,0,0
1768228339265397,52931,14550,61.0,147,0,0
1768228339267709,52931,14550,64.0,11030,0,0
1768228339348202,5760,58419,,264,1,0
1768228339349363,52931,14550,47.0,264,0,0
1768228339436619,52931,14550,48.0,163,0,0
1768228339439074,52931,14550,44.0,178,0,0
1768228339441734,52931,14550,48.0,30,0,0
1768228339444520,52931,14550,48.0,33,0,0
1768228339445898,52931,14550,37.0,74,0,0
1768228339448963,52931,14550,51.0,1,0,0
1768228339452124,52931,14550,22.0,125,0,0
1768228339453858,52931,14550,27.0,152,0,0
1768228339455506,52931,14550,44.0,62,0,0
1768228339457928,52931,14550,25.0,42,0,0
1768228339462043,52931,14550,32.0,36,0,0
1768228339463719,52931,14550,62.0,65,0,0
1768228339465394,52931,14550,49.0,27,0,0
1768228339467078,52931,14550,44.0,116,0,0
1768228339468950,52931,14550,42.0,129,0,0
1768228339470677,52931,14550,34.0,29,0,0
1768228339472276,52931,14550,34.0,137,0,0
1768228339473676,52931,14550,60.0,24,0,0
1768228339476426,52931,14550,53.0,124,0,0
1768228339478192,52931,14550,31.0,2,0,0
1768228339480284,52931,14550,64.0,164,0,0
1768228339481848,52931,14550,24.0,168,0,0
1768228339483924,52931,14550,42.0,136,0,0
1768228339485244,52931,14550,42.0,193,0,0
1768228339487004,52931,14550,48.0,32,0,0
1768228339488262,52931,14550,40.0,241,0,0
1768228339490038,52931,14550,61.0,147,0,0
1768228339491419,52931,14550,64.0,11030,0,0
1768228339504460,58419,5760,,0,1,0
1768228339692263,52931,14550,48.0,163,0,0
1768228339695341,52931,14550,44.0,178,0,0
1768228339697205,52931,14550,48.0,30,0,0
1768228339700901,52931,14550,48.0,33,0,0
1768228339704476,52931,14550,37.0,74,0,0
1768228339708734,52931,14550,51.0,1,0,0
1768228339714588,52931,14550,22.0,125,0,0
1768228339717393,52931,14550,27.0,152,0,0
1768228339720363,52931,14550,44.0,62,0,0
1768228339723040,52931,14550,25.0,42,0,0
1768228339726421,52931,14550,32.0,36,0,0
1768228339728073,52931,14550,62.0,65,0,0
1768228339730400,52931,14550,49.0,27,0,0
1768228339732476,52931,14550,44.0,116,0,0
1768228339736344,52931,14550,42.0,129,0,0
1768228339738342,52931,14550,34.0,29,0,0
1768228339740011,52931,14550,34.0,137,0,0
1768228339741397,52931,14550,60.0,24,0,0
1768228339747084,52931,14550,53.0,124,0,0
1768228339750210,52931,14550,31.0,2,0,0
1768228339752642,52931,14550,64.0,164,0,0
1768228339754869,52931,14550,24.0,168,0,0
1768228339756853,52931,14550,42.0,136,0,0
1768228339758623,52931,14550,42.0,193,0,0
1768228339760722,52931,14550,48.0,32,0,0
1768228339761780,5760,58419,,0,1,0
1768228339765926,52931,14550,40.0,241,0,0
1768228339768494,52931,14550,61.0,147,0,0
1768228339770134,52931,14550,64.0,11030,0,0
1768228339773030,52931,14550,29.0,0,0,0
1768228339854619,5760,58419,,264,1,0
1768228339855934,52931,14550,47.0,264,0,0
1768228339938645,52931,14550,48.0,163,0,0
1768228339941016,52931,14550,44.0,178,0,0
1768228339942984,52931,14550,48.0,30,0,0
1768228339946777,52931,14550,48.0,33,0,0
1768228339947945,52931,14550,37.0,74,0,0
1768228339950847,52931,14550,51.0,1,0,0
1768228339954378,52931,14550,22.0,125,0,0
1768228339956808,52931,14550,27.0,152,0,0
1768228339958163,52931,14550,44.0,62,0,0
1768228339960115,52931,14550,25.0,42,0,0
1768228339962886,52931,14550,32.0,36,0,0
1768228339964300,52931,14550,62.0,65,0,0
1768228339965481,52931,14550,49.0,27,0,0
1768228339966851,52931,14550,44.0,116,0,0
1768228339968182,52931,14550,42.0,129,0,0
1768228339970029,52931,14550,34.0,29,0,0
1768228339972266,52931,14550,34.0,137,0,0
1768228339974062,52931,14550,60.0,24,0,0
1768228339975725,52931,14550,53.0,124,0,0
1768228339977808,52931,14550,31.0,2,0,0
1768228339979501,52931,14550,64.0,164,0,0
1768228339981922,52931,14550,24.0,168,0,0
1768228339983159,52931,14550,42.0,136,0,0
1768228339984349,52931,14550,42.0,193,0,0
1768228339986227,52931,14550,48.0,32,0,0
1768228339987389,52931,14550,40.0,241,0,0
1768228339988866,52931,14550,61.0,147,0,0
1768228339990281,52931,14550,64.0,11030,0,0
1768228340191399,52931,14550,48.0,163,0,0
1768228340194113,52931,14550,44.0,178,0,0
1768228340195883,52931,14550,48.0,30,0,0
1768228340198515,52931,14550,48.0,33,0,0
1768228340200209,52931,14550,37.0,74,0,0
1768228340204284,52931,14550,51.0,1,0,0
1768228340212401,52931,14550,22.0,125,0,0
1768228340215270,52931,14550,27.0,152,0,0
1768228340217309,52931,14550,44.0,62,0,0
1768228340221489,52931,14550,25.0,42,0,0
1768228340227722,52931,14550,32.0,36,0,0
1768228340229722,52931,14550,62.0,65,0,0
1768228340232028,52931,14550,49.0,27,0,0
1768228340234905,52931,14550,44.0,116,0,0
1768228340236478,52931,14550,42.0,129,0,0
1768228340238956,52931,14550,34.0,29,0,0
1768228340240718,52931,14550,34.0,137,0,0
1768228340243456,52931,14550,60.0,24,0,0
1768228340247924,52931,14550,53.0,124,0,0
1768228340250124,52931,14550,31.0,2,0,0
1768228340252237,52931,14550,64.0,164,0,0
1768228340254156,52931,14550,24.0,168,0,0
1768228340257970,52931,14550,42.0,136,0,0
1768228340261136,52931,14550,42.0,193,0,0
1768228340263344,52931,14550,48.0,32,0,0
1768228340265535,52931,14550,40.0,241,0,0
1768228340267127,52931,14550,61.0,147,0,0
1768228340268900,52931,14550,64.0,11030,0,0
1768228340359118,5760,58419,,264,1,0
1768228340360472,52931,14550,47.0,264,0,0
1768228340444555,52931,14550,48.0,163,0,0
1768228340446765,52931,14550,44.0,178,0,0
1768228340448616,52931,14550,48.0,30,0,0
1768228340451314,52931,14550,48.0,33,0,0
1768228340453313,52931,14550,37.0,74,0,0
1768228340456693,52931,14550,51.0,1,0,0
1768228340464632,52931,14550,22.0,125,0,0
1768228340466455,52931,14550,27.0,152,0,0
1768228340467738,52931,14550,44.0,62,0,0
1768228340469855,52931,14550,25.0,42,0,0
1768228340473706,52931,14550,32.0,36,0,0
1768228340475218,52931,14550,62.0,65,0,0
1768228340476943,52931,14550,49.0,27,0,0
1768228340478711,52931,14550,44.0,116,0,0
1768228340480359,52931,14550,42.0,129,0,0
1768228340481738,52931,14550,34.0,29,0,0
1768228340482948,52931,14550,34.0,137,0,0
1768228340484207,52931,14550,60.0,24,0,0
1768228340485657,52931,14550,53.0,124,0,0
1768228340487282,52931,14550,31.0,2,0,0
1768228340488841,52931,14550,64.0,164,0,0
1768228340490162,52931,14550,24.0,168,0,0
1768228340491830,52931,14550,42.0,136,0,0
1768228340493295,52931,14550,42.0,193,0,0
1768228340495746,52931,14550,48.0,32,0,0
1768228340497280,52931,14550,40.0,241,0,0
1768228340499066,52931,14550,61.0,147,0,0
1768228340500466,52931,14550,64.0,11030,0,0
1768228340513868,58419,5760,,0,1,0
1768228340697557,52931,14550,48.0,163,0,0
1768228340699640,52931,14550,44.0,178,0,0
1768228340701527,52931,14550,48.0,30,0,0
1768228340705645,52931,14550,48.0,33,0,0
1768228340707743,52931,14550,37.0,74,0,0
1768228340713900,52931,14550,51.0,1,0,0
1768228340721923,52931,14550,22.0,125,0,0
1768228340728961,52931,14550,27.0,152,0,0
1768228340731195,52931,14550,44.0,62,0,0
1768228340734341,52931,14550,25.0,42,0,0
1768228340740002,52931,14550,32.0,36,0,0
1768228340741682,52931,14550,62.0,65,0,0
1768228340743062,52931,14550,49.0,27,0,0
1768228340745686,52931,14550,44.0,116,0,0
1768228340747352,52931,14550,42.0,129,0,0
1768228340750251,52931,14550,34.0,29,0,0
1768228340753666,52931,14550,34.0,137,0,0
1768228340756641,52931,14550,60.0,24,0,0
1768228340758948,52931,14550,53.0,124,0,0
1768228340760436,52931,14550,31.0,2,0,0
1768228340761669,52931,14550,64.0,164,0,0
1768228340763448,52931,14550,24.0,168,0,0
1768228340765178,52931,14550,42.0,136,0,0
1768228340767105,52931,14550,42.0,193,0,0
1768228340769109,52931,14550,48.0,32,0,0
1768228340770161,5760,58419,,0,1,0
1768228340770822,52931,14550,40.0,241,0,0
1768228340772829,52931,14550,61.0,147,0,0
1768228340773954,52931,14550,64.0,11030,0,0
1768228340776581,52931,14550,29.0,0,0,0
1768228340859850,5760,58419,,264,1,0
1768228340860576,52931,14550,47.0,264,0,0
1768228340949605,52931,14550,48.0,163,0,0
1768228340951363,52931,14550,44.0,178,0,0
1768228340953156,52931,14550,48.0,30,0,0
1768228340955467,52931,14550,48.0,33,0,0
1768228340957302,52931,14550,37.0,74,0,0
1768228340958946,52931,14550,51.0,1,0,0
1768228340960681,52931,14550,22.0,125,0,0
1768228340961890,52931,14550,27.0,152,0,0
1768228340962802,52931,14550,44.0,62,0,0
1768228340964649,52931,14550,25.0,42,0,0
1768228340966310,52931,14550,32.0,36,0,0
1768228340967259,52931,14550,62.0,65,0,0
1768228340967996,52931,14550,49.0,27,0,0
1768228340968954,52931,14550,44.0,116,0,0
1768228340970186,52931,14550,42.0,129,0,0
1768228340971336,52931,14550,34.0,29,0,0
1768228340972356,52931,14550,34.0,137,0,0
1768228340973196,52931,14550,60.0,24,0,0
1768228340974411,52931,14550,53.0,124,0,0
1768228340975435,52931,14550,31.0,2,0,0
1768228340976311,52931,14550,64.0,164,0,0
1768228340977051,52931,14550,24.0,168,0,0
1768228340978412,52931,14550,42.0,136,0,0
1768228340979586,52931,14550,42.0,193,0,0
1768228340980540,52931,14550,48.0,32,0,0
1768228340981361,52931,14550,40.0,241,0,0
1768228340982241,52931,14550,61.0,147,0,0
1768228340983160,52931,14550,64.0,11030,0,0
1768228341199193,52931,14550,48.0,163,0,0
1768228341201478,52931,14550,44.0,178,0,0
1768228341203230,52931,14550,48.0,30,0,0
1768228341205352,52931,14550,48.0,33,0,0
1768228341207371,52931,14550,37.0,74,0,0
1768228341210160,52931,14550,51.0,1,0,0
1768228341216384,52931,14550,22.0,125,0,0
1768228341218057,52931,14550,27.0,152,0,0
1768228341219272,52931,14550,44.0,62,0,0
1768228341221994,52931,14550,25.0,42,0,0
1768228341225261,52931,14550,32.0,36,0,0
1768228341226774,52931,14550,62.0,65,0,0
1768228341231901,52931,14550,49.0,27,0,0
1768228341233499,52931,14550,44.0,116,0,0
1768228341234600,52931,14550,42.0,129,0,0
1768228341236221,52931,14550,34.0,29,0,0
1768228341237733,52931,14550,34.0,137,0,0
1768228341238659,52931,14550,60.0,24,0,0
1768228341241413,52931,14550,53.0,124,0,0
1768228341243033,52931,14550,31.0,2,0,0
1768228341244613,52931,14550,64.0,164,0,0
1768228341246113,52931,14550,24.0,168,0,0
1768228341248295,52931,14550,42.0,136,0,0
1768228341249789,52931,14550,42.0,193,0,0
1768228341251528,52931,14550,48.0,32,0,0
1768228341253444,52931,14550,40.0,241,0,0
1768228341254553,52931,14550,61.0,147,0,0
1768228341255539,52931,14550,64.0,11030,0,0
1768228341366404,5760,58419,,264,1,0
1768228341367760,52931,14550,47.0,264,0,0
1768228341451861,52931,14550,48.0,163,0,0
1768228341455321,52931,14550,44.0,178,0,0
1768228341457033,52931,14550,48.0,30,0,0
1768228341459558,52931,14550,48.0,33,0,0
1768228341461221,52931,14550,37.0,74,0,0
1768228341465243,52931,14550,51.0,1,0,0
1768228341468891,52931,14550,22.0,125,0,0
1768228341471152,52931,14550,27.0,152,0,0
1768228341472986,52931,14550,44.0,62,0,0
1768228341475479,52931,14550,25.0,42,0,0
1768228341479475,52931,14550,32.0,36,0,0
1768228341481919,52931,14550,62.0,65,0,0
1768228341483917,52931,14550,49.0,27,0,0
1768228341485602,52931,14550,44.0,116,0,0
1768228341487572,52931,14550,42.0,129,0,0
1768228341489711,52931,14550,34.0,29,0,0
1768228341490996,52931,14550,34.0,137,0,0
1768228341492815,52931,14550,60.0,24,0,0
1768228341495631,52931,14550,53.0,124,0,0
1768228341497560,52931,14550,31.0,2,0,0
1768228341500007,52931,14550,64.0,164,0,0
1768228341501395,52931,14550,24.0,168,0,0
1768228341503410,52931,14550,42.0,136,0,0
1768228341504893,52931,14550,42.0,193,0,0
1768228341506930,52931,14550,48.0,32,0,0
1768228341508856,52931,14550,40.0,241,0,0
1768228341510867,52931,14550,61.0,147,0,0
1768228341512596,52931,14550,64.0,11030,0,0
1768228341514692,58419,5760,,0,1,0
1768228341699723,52931,14550,48.0,163,0,0
1768228341703383,52931,14550,44.0,178,0,0
1768228341704949,52931,14550,48.0,30,0,0
1768228341708022,52931,14550,48.0,33,0,0
1768228341710005,52931,14550,37.0,74,0,0
1768228341713952,52931,14550,51.0,1,0,0
1768228341720346,52931,14550,22.0,125,0,0
1768228341725732,52931,14550,27.0,152,0,0
1768228341727426,52931,14550,44.0,62,0,0
1768228341730287,52931,14550,25.0,42,0,0
1768228341735951,52931,14550,32.0,36,0,0
1768228341738120,52931,14550,62.0,65,0,0
1768228341739783,52931,14550,49.0,27,0,0
1768228341740928,52931,14550,44.0,116,0,0
1768228341743262,52931,14550,42.0,129,0,0
1768228341745129,52931,14550,34.0,29,0,0
1768228341747744,52931,14550,34.0,137,0,0
1768228341751962,52931,14550,60.0,24,0,0
1768228341757054,52931,14550,53.0,124,0,0
1768228341759426,52931,14550,31.0,2,0,0
1768228341760989,52931,14550,64.0,164,0,0
1768228341762440,52931,14550,24.0,168,0,0
1768228341766837,52931,14550,42.0,136,0,0
1768228341768312,52931,14550,42.0,193,0,0
1768228341770364,52931,14550,48.0,32,0,0
1768228341773120,5760,58419,,0,1,0
1768228341773792,52931,14550,40.0,241,0,0
1768228341776156,52931,14550,61.0,147,0,0
1768228341779280,52931,14550,64.0,11030,0,0
1768228341785958,52931,14550,29.0,0,0,0
1768228341866533,5760,58419,,264,1,0
1768228341868116,52931,14550,47.0,264,0,0
1768228341956336,52931,14550,48.0,163,0,0
1768228341959285,52931,14550,44.0,178,0,0
1768228341961127,52931,14550,48.0,30,0,0
1768228341964093,52931,14550,48.0,33,0,0
1768228341966176,52931,14550,37.0,74,0,0
1768228341970239,52931,14550,51.0,1,0,0
1768228341973633,52931,14550,22.0,125,0,0
1768228341975801,52931,14550,27.0,152,0,0
1768228341977217,52931,14550,44.0,62,0,0
1768228341978787,52931,14550,25.0,42,0,0
1768228341981637,52931,14550,32.0,36,0,0
1768228341982761,52931,14550,62.0,65,0,0
1768228341984015,52931,14550,49.0,27,0,0
1768228341985264,52931,14550,44.0,116,0,0
1768228341986471,52931,14550,42.0,129,0,0
1768228341987275,52931,14550,34.0,29,0,0
1768228341988181,52931,14550,34.0,137,0,0
1768228341989079,52931,14550,60.0,24,0,0
1768228341990270,52931,14550,53.0,124,0,0
1768228341991257,52931,14550,31.0,2,0,0
1768228341992054,52931,14550,64.0,164,0,0
1768228341993014,52931,14550,24.0,168,0,0
1768228341993981,52931,14550,42.0,136,0,0
1768228341994872,52931,14550,42.0,193,0,0
1768228341995966,52931,14550,48.0,32,0,0
1768228341996899,52931,14550,40.0,241,0,0
1768228341997940,52931,14550,61.0,147,0,0
1768228341998570,52931,14550,64.0,11030,0,0
1768228342204489,52931,14550,48.0,163,0,0
1768228342206686,52931,14550,44.0,178,0,0
1768228342207860,52931,14550,48.0,30,0,0
1768228342209373,52931,14550,48.0,33,0,0
1768228342210114,52931,14550,37.0,74,0,0
1768228342213422,52931,14550,51.0,1,0,0
1768228342218118,52931,14550,22.0,125,0,0
1768228342221428,52931,14550,27.0,152,0,0
1768228342222521,52931,14550,44.0,62,0,0
1768228342224548,52931,14550,25.0,42,0,0
1768228342225908,52931,14550,32.0,36,0,0
1768228342227156,52931,14550,62.0,65,0,0
1768228342228344,52931,14550,49.0,27,0,0
1768228342229911,52931,14550,44.0,116,0,0
1768228342231175,52931,14550,42.0,129,0,0
1768228342232491,52931,14550,34.0,29,0,0
1768228342234066,52931,14550,34.0,137,0,0
1768228342235121,52931,14550,60.0,24,0,0
1768228342236822,52931,14550,53.0,124,0,0
1768228342240609,52931,14550,31.0,2,0,0
1768228342241712,52931,14550,64.0,164,0,0
1768228342242729,52931,14550,24.0,168,0,0
1768228342243549,52931,14550,42.0,136,0,0
1768228342245848,52931,14550,42.0,193,0,0
1768228342246817,52931,14550,48.0,32,0,0
1768228342248803,52931,14550,40.0,241,0,0
1768228342249970,52931,14550,61.0,147,0,0
1768228342251438,52931,14550,64.0,11030,0,0
1768228342366873,5760,58419,,264,1,0
1768228342367800,52931,14550,47.0,264,0,0
1768228342456336,52931,14550,48.0,163,0,0
1768228342457648,52931,14550,44.0,178,0,0
1768228342458875,52931,14550,48.0,30,0,0
1768228342461483,52931,14550,48.0,33,0,0
1768228342462627,52931,14550,37.0,74,0,0
1768228342463845,52931,14550,51.0,1,0,0
1768228342465338,52931,14550,22.0,125,0,0
1768228342466266,52931,14550,27.0,152,0,0
1768228342466923,52931,14550,44.0,62,0,0
1768228342468334,52931,14550,25.0,42,0,0
1768228342470688,52931,14550,32.0,36,0,0
1768228342471727,52931,14550,62.0,65,0,0
1768228342472610,52931,14550,49.0,27,0,0
1768228342473289,52931,14550,44.0,116,0,0
1768228342474136,52931,14550,42.0,129,0,0
1768228342475172,52931,14550,34.0,29,0,0
1768228342475979,52931,14550,34.0,137,0,0
1768228342476750,52931,14550,60.0,24,0,0
1768228342477815,52931,14550,53.0,124,0,0
1768228342478825,52931,14550,31.0,2,0,0
1768228342479646,52931,14550,64.0,164,0,0
1768228342480413,52931,14550,24.0,168,0,0
1768228342481349,52931,14550,42.0,136,0,0
1768228342482174,52931,14550,42.0,193,0,0
1768228342483258,52931,14550,48.0,32,0,0
1768228342483874,52931,14550,40.0,241,0,0
1768228342484666,52931,14550,61.0,147,0,0
1768228342485357,52931,14550,64.0,11030,0,0
1768228342519567,58419,5760,,0,1,0
1768228342704710,52931,14550,48.0,163,0,0
1768228342705988,52931,14550,44.0,178,0,0
1768228342707511,52931,14550,48.0,30,0,0
1768228342709264,52931,14550,48.0,33,0,0
1768228342710058,52931,14550,37.0,74,0,0
1768228342711778,52931,14550,51.0,1,0,0
1768228342715587,52931,14550,22.0,125,0,0
1768228342718122,52931,14550,27.0,152,0,0
1768228342719053,52931,14550,44.0,62,0,0
1768228342720991,52931,14550,25.0,42,0,0
1768228342723335,52931,14550,32.0,36,0,0
1768228342725461,52931,14550,62.0,65,0,0
1768228342726761,52931,14550,49.0,27,0,0
1768228342728348,52931,14550,44.0,116,0,0
1768228342729003,52931,14550,42.0,129,0,0
1768228342731249,52931,14550,34.0,29,0,0
1768228342734313,52931,14550,34.0,137,0,0
1768228342735265,52931,14550,60.0,24,0,0
1768228342737154,52931,14550,53.0,124,0,0
1768228342737938,52931,14550,31.0,2,0,0
1768228342740954,52931,14550,64.0,164,0,0
1768228342741863,52931,14550,24.0,168,0,0
1768228342743091,52931,14550,42.0,136,0,0
1768228342745673,52931,14550,42.0,193,0,0
1768228342747089,52931,14550,48.0,32,0,0
1768228342748430,52931,14550,40.0,241,0,0
1768228342749886,52931,14550,61.0,147,0,0
1768228342750520,52931,14550,64.0,11030,0,0
1768228342778324,5760,58419,,0,1,0
1768228342779108,52931,14550,29.0,0,0,0
1768228342871864,5760,58419,,264,1,0
1768228342872889,52931,14550,47.0,264,0,0
1768228342956775,52931,14550,48.0,163,0,0
1768228342958110,52931,14550,44.0,178,0,0
1768228342959231,52931,14550,48.0,30,0,0
1768228342961848,52931,14550,48.0,33,0,0
1768228342962522,52931,14550,37.0,74,0,0
1768228342964608,52931,14550,51.0,1,0,0
1768228342966703,52931,14550,22.0,125,0,0
1768228342968288,52931,14550,27.0,152,0,0
1768228342969163,52931,14550,44.0,62,0,0
1768228342970845,52931,14550,25.0,42,0,0
1768228342972391,52931,14550,32.0,36,0,0
1768228342973374,52931,14550,62.0,65,0,0
1768228342974452,52931,14550,49.0,27,0,0
1768228342975221,52931,14550,44.0,116,0,0
1768228342975880,52931,14550,42.0,129,0,0
1768228342976896,52931,14550,34.0,29,0,0
1768228342978011,52931,14550,34.0,137,0,0
1768228342978845,52931,14550,60.0,24,0,0
1768228342980020,52931,14550,53.0,124,0,0
1768228342981185,52931,14550,31.0,2,0,0
1768228342981973,52931,14550,64.0,164,0,0
1768228342982674,52931,14550,24.0,168,0,0
1768228342983477,52931,14550,42.0,136,0,0
1768228342984492,52931,14550,42.0,193,0,0
1768228342985543,52931,14550,48.0,32,0,0
1768228342986332,52931,14550,40.0,241,0,0
1768228342987144,52931,14550,61.0,147,0,0
1768228342987916,52931,14550,64.0,11030,0,0
1768228343209880,52931,14550,48.0,163,0,0
1768228343211546,52931,14550,44.0,178,0,0
1768228343212875,52931,14550,48.0,30,0,0
1768228343215753,52931,14550,48.0,33,0,0
1768228343216617,52931,14550,37.0,74,0,0
1768228343219125,52931,14550,51.0,1,0,0
1768228343223322,52931,14550,22.0,125,0,0
1768228343224438,52931,14550,27.0,152,0,0
1768228343225271,52931,14550,44.0,62,0,0
1768228343229754,52931,14550,25.0,42,0,0
1768228343232392,52931,14550,32.0,36,0,0
1768228343233143,52931,14550,62.0,65,0,0
1768228343233986,52931,14550,49.0,27,0,0
1768228343235698,52931,14550,44.0,116,0,0
1768228343236387,52931,14550,42.0,129,0,0
1768228343238396,52931,14550,34.0,29,0,0
1768228343239799,52931,14550,34.0,137,0,0
1768228343240518,52931,14550,60.0,24,0,0
1768228343242100,52931,14550,53.0,124,0,0
1768228343244163,52931,14550,31.0,2,0,0
1768228343244704,52931,14550,64.0,164,0,0
1768228343245710,52931,14550,24.0,168,0,0
1768228343246830,52931,14550,42.0,136,0,0
1768228343247536,52931,14550,42.0,193,0,0
1768228343248830,52931,14550,48.0,32,0,0
1768228343249591,52931,14550,40.0,241,0,0
1768228343251059,52931,14550,61.0,147,0,0
1768228343252432,52931,14550,64.0,11030,0,0
1768228343372326,5760,58419,,264,1,0
1768228343373051,52931,14550,47.0,264,0,0
1768228343461080,52931,14550,48.0,163,0,0
1768228343462668,52931,14550,44.0,178,0,0
1768228343464595,52931,14550,48.0,30,0,0
1768228343465798,52931,14550,48.0,33,0,0
1768228343466714,52931,14550,37.0,74,0,0
1768228343468631,52931,14550,51.0,1,0,0
1768228343470306,52931,14550,22.0,125,0,0
1768228343471871,52931,14550,27.0,152,0,0
1768228343472722,52931,14550,44.0,62,0,0
1768228343474069,52931,14550,25.0,42,0,0
1768228343475845,52931,14550,32.0,36,0,0
1768228343476676,52931,14550,62.0,65,0,0
1768228343478039,52931,14550,49.0,27,0,0
1768228343479034,52931,14550,44.0,116,0,0
1768228343480124,52931,14550,42.0,129,0,0
1768228343481189,52931,14550,34.0,29,0,0
1768228343482285,52931,14550,34.0,137,0,0
1768228343483263,52931,14550,60.0,24,0,0
1768228343484656,52931,14550,53.0,124,0,0
1768228343485858,52931,14550,31.0,2,0,0
1768228343486819,52931,14550,64.0,164,0,0
1768228343488220,52931,14550,24.0,168,0,0
1768228343489090,52931,14550,42.0,136,0,0
1768228343490015,52931,14550,42.0,193,0,0
1768228343491189,52931,14550,48.0,32,0,0
1768228343492101,52931,14550,40.0,241,0,0
1768228343492942,52931,14550,61.0,147,0,0
1768228343493845,52931,14550,64.0,11030,0,0
1768228343527618,58419,5760,,0,1,0
1768228343711442,52931,14550,48.0,163,0,0
1768228343713178,52931,14550,44.0,178,0,0
1768228343714029,52931,14550,48.0,30,0,0
1768228343716227,52931,14550,48.0,33,0,0
1768228343716960,52931,14550,37.0,74,0,0
1768228343719893,52931,14550,51.0,1,0,0
1768228343723523,52931,14550,22.0,125,0,0
1768228343725596,52931,14550,27.0,152,0,0
1768228343726627,52931,14550,44.0,62,0,0
1768228343729112,52931,14550,25.0,42,0,0
1768228343730719,52931,14550,32.0,36,0,0
1768228343732284,52931,14550,62.0,65,0,0
1768228343733113,52931,14550,49.0,27,0,0
1768228343734416,52931,14550,44.0,116,0,0
1768228343736907,52931,14550,42.0,129,0,0
1768228343737859,52931,14550,34.0,29,0,0
1768228343739488,52931,14550,34.0,137,0,0
1768228343740705,52931,14550,60.0,24,0,0
1768228343742091,52931,14550,53.0,124,0,0
1768228343743981,52931,14550,31.0,2,0,0
1768228343745503,52931,14550,64.0,164,0,0
1768228343746420,52931,14550,24.0,168,0,0
1768228343747556,52931,14550,42.0,136,0,0
1768228343748476,52931,14550,42.0,193,0,0
1768228343749883,52931,14550,48.0,32,0,0
1768228343751849,52931,14550,40.0,241,0,0
1768228343752765,52931,14550,61.0,147,0,0
1768228343754057,52931,14550,64.0,11030,0,0
1768228343782663,5760,58419,,0,1,0
1768228343783578,52931,14550,29.0,0,0,0
1768228343877090,5760,58419,,264,1,0
1768228343878265,52931,14550,47.0,264,0,0
1768228343963412,52931,14550,48.0,163,0,0
1768228343966367,52931,14550,44.0,178,0,0
1768228343967856,52931,14550,48.0,30,0,0
1768228343970004,52931,14550,48.0,33,0,0
1768228343971527,52931,14550,37.0,74,0,0
1768228343974412,52931,14550,51.0,1,0,0
1768228343976498,52931,14550,22.0,125,0,0
1768228343977955,52931,14550,27.0,152,0,0
1768228343979927,52931,14550,44.0,62,0,0
1768228343981858,52931,14550,25.0,42,0,0
1768228343985408,52931,14550,32.0,36,0,0
1768228343986934,52931,14550,62.0,65,0,0
1768228343988704,52931,14550,49.0,27,0,0
1768228343989851,52931,14550,44.0,116,0,0
1768228343990827,52931,14550,42.0,129,0,0
1768228343992113,52931,14550,34.0,29,0,0
1768228343993528,52931,14550,34.0,137,0,0
1768228343994754,52931,14550,60.0,24,0,0
1768228343996734,52931,14550,53.0,124,0,0
1768228343998177,52931,14550,31.0,2,0,0
1768228343999351,52931,14550,64.0,164,0,0
1768228344001208,52931,14550,24.0,168,0,0
1768228344003310,52931,14550,42.0,136,0,0
1768228344005019,52931,14550,42.0,193,0,0
1768228344007191,52931,14550,48.0,32,0,0
1768228344008235,52931,14550,40.0,241,0,0
1768228344010213,52931,14550,61.0,147,0,0
1768228344011705,52931,14550,64.0,11030,0,0
1768228344215784,52931,14550,48.0,163,0,0
1768228344218073,52931,14550,44.0,178,0,0
1768228344222178,52931,14550,48.0,30,0,0
1768228344224670,52931,14550,48.0,33,0,0
1768228344226343,52931,14550,37.0,74,0,0
1768228344233420,52931,14550,51.0,1,0,0
1768228344238873,52931,14550,22.0,125,0,0
1768228344241179,52931,14550,27.0,152,0,0
1768228344244425,52931,14550,44.0,62,0,0
1768228344248860,52931,14550,25.0,42,0,0
1768228344252138,52931,14550,32.0,36,0,0
1768228344253713,52931,14550,62.0,65,0,0
1768228344256931,52931,14550,49.0,27,0,0
1768228344258658,52931,14550,44.0,116,0,0
1768228344260266,52931,14550,42.0,129,0,0
1768228344264153,52931,14550,34.0,29,0,0
1768228344266842,52931,14550,34.0,137,0,0
1768228344268787,52931,14550,60.0,24,0,0
1768228344270848,52931,14550,53.0,124,0,0
1768228344274520,52931,14550,31.0,2,0,0
1768228344276475,52931,14550,64.0,164,0,0
1768228344279728,52931,14550,24.0,168,0,0
1768228344282164,52931,14550,42.0,136,0,0
1768228344284648,52931,14550,42.0,193,0,0
1768228344287383,52931,14550,48.0,32,0,0
1768228344289663,52931,14550,40.0,241,0,0
1768228344294787,52931,14550,61.0,147,0,0
1768228344296686,52931,14550,64.0,11030,0,0
1768228344379039,5760,58419,,264,1,0
1768228344380849,52931,14550,47.0,264,0,0
1768228344463782,52931,14550,48.0,163,0,0
1768228344467713,52931,14550,44.0,178,0,0
1768228344469279,52931,14550,48.0,30,0,0
1768228344471217,52931,14550,48.0,33,0,0
1768228344473059,52931,14550,37.0,74,0,0
1768228344476395,52931,14550,51.0,1,0,0
1768228344479520,52931,14550,22.0,125,0,0
1768228344481500,52931,14550,27.0,152,0,0
1768228344483191,52931,14550,44.0,62,0,0
1768228344485379,52931,14550,25.0,42,0,0
1768228344489264,52931,14550,32.0,36,0,0
1768228344490866,52931,14550,62.0,65,0,0
1768228344492708,52931,14550,49.0,27,0,0
1768228344494139,52931,14550,44.0,116,0,0
1768228344495922,52931,14550,42.0,129,0,0
1768228344497692,52931,14550,34.0,29,0,0
1768228344499644,52931,14550,34.0,137,0,0
1768228344501290,52931,14550,60.0,24,0,0
1768228344502960,52931,14550,53.0,124,0,0
1768228344504647,52931,14550,31.0,2,0,0
1768228344506251,52931,14550,64.0,164,0,0
1768228344507733,52931,14550,24.0,168,0,0
1768228344509646,52931,14550,42.0,136,0,0
1768228344511331,52931,14550,42.0,193,0,0
1768228344513169,52931,14550,48.0,32,0,0
1768228344515420,52931,14550,40.0,241,0,0
1768228344517673,52931,14550,61.0,147,0,0
1768228344520849,52931,14550,64.0,11030,0,0
1768228344533866,58419,5760,,0,1,0
1768228344717738,52931,14550,48.0,163,0,0
1768228344737539,52931,14550,44.0,178,0,0
1768228344738916,52931,14550,48.0,30,0,0
1768228344740806,52931,14550,48.0,33,0,0
1768228344742387,52931,14550,37.0,74,0,0
1768228344744154,52931,14550,51.0,1,0,0
1768228344745976,52931,14550,22.0,125,0,0
1768228344747459,52931,14550,27.0,152,0,0
1768228344749024,52931,14550,44.0,62,0,0
1768228344750501,52931,14550,25.0,42,0,0
1768228344751949,52931,14550,32.0,36,0,0
1768228344753333,52931,14550,62.0,65,0,0
1768228344754943,52931,14550,49.0,27,0,0
1768228344756328,52931,14550,44.0,116,0,0
1768228344758509,52931,14550,42.0,129,0,0
1768228344759879,52931,14550,34.0,29,0,0
1768228344761939,52931,14550,34.0,137,0,0
1768228344763734,52931,14550,60.0,24,0,0
1768228344765308,52931,14550,53.0,124,0,0
1768228344767037,52931,14550,31.0,2,0,0
1768228344768825,52931,14550,64.0,164,0,0
1768228344770446,52931,14550,24.0,168,0,0
1768228344772027,52931,14550,42.0,136,0,0
1768228344773914,52931,14550,42.0,193,0,0
1768228344775045,52931,14550,48.0,32,0,0
1768228344776828,52931,14550,40.0,241,0,0
1768228344778645,52931,14550,61.0,147,0,0
1768228344780167,52931,14550,64.0,11030,0,0
1768228344785510,5760,58419,,0,1,0
1768228344786798,52931,14550,29.0,0,0,0
1768228344868761,5760,58419,,111,1,0
1768228344870533,52931,14550,33.0,111,0,0
1768228344879488,5760,58419,,264,1,0
1768228344880666,52931,14550,47.0,264,0,0
1768228344970839,52931,14550,48.0,163,0,0
1768228344972362,52931,14550,44.0,178,0,0
1768228344975928,52931,14550,48.0,30,0,0
1768228344978458,52931,14550,48.0,33,0,0
1768228344979930,52931,14550,37.0,74,0,0
1768228344981638,52931,14550,51.0,1,0,0
1768228344983330,52931,14550,22.0,125,0,0
1768228344985129,52931,14550,27.0,152,0,0
1768228344986730,52931,14550,44.0,62,0,0
1768228344988487,52931,14550,25.0,42,0,0
1768228344990424,52931,14550,32.0,36,0,0
1768228344992085,52931,14550,62.0,65,0,0
1768228344993735,52931,14550,49.0,27,0,0
1768228344995462,52931,14550,44.0,116,0,0
1768228344997793,52931,14550,42.0,129,0,0
1768228344999584,52931,14550,34.0,29,0,0
1768228345001537,52931,14550,34.0,137,0,0
1768228345003204,52931,14550,60.0,24,0,0
1768228345005154,52931,14550,53.0,124,0,0
1768228345007100,52931,14550,31.0,2,0,0
1768228345008921,52931,14550,64.0,164,0,0
1768228345010685,52931,14550,24.0,168,0,0
1768228345012586,52931,14550,42.0,136,0,0
1768228345014620,52931,14550,42.0,193,0,0
1768228345016158,52931,14550,48.0,32,0,0
1768228345017558,52931,14550,40.0,241,0,0
1768228345019366,52931,14550,61.0,147,0,0
1768228345020922,52931,14550,64.0,11030,0,0
1768228345220454,52931,14550,48.0,163,0,0
1768228345221217,52931,14550,44.0,178,0,0
1768228345223843,52931,14550,48.0,30,0,0
1768228345225814,52931,14550,48.0,33,0,0
1768228345227442,52931,14550,37.0,74,0,0
1768228345228526,52931,14550,51.0,1,0,0
1768228345229898,52931,14550,22.0,125,0,0
1768228345231397,52931,14550,27.0,152,0,0
1768228345233162,52931,14550,44.0,62,0,0
1768228345234695,52931,14550,25.0,42,0,0
1768228345235546,52931,14550,32.0,36,0,0
1768228345236979,52931,14550,62.0,65,0,0
1768228345237695,52931,14550,49.0,27,0,0
1768228345238728,52931,14550,44.0,116,0,0
1768228345240035,52931,14550,42.0,129,0,0
1768228345241126,52931,14550,34.0,29,0,0
1768228345241908,52931,14550,34.0,137,0,0
1768228345243757,52931,14550,60.0,24,0,0
1768228345244401,52931,14550,53.0,124,0,0
1768228345245186,52931,14550,31.0,2,0,0
1768228345246129,52931,14550,64.0,164,0,0
1768228345246752,52931,14550,24.0,168,0,0
1768228345247631,52931,14550,42.0,136,0,0
1768228345248821,52931,14550,42.0,193,0,0
1768228345249951,52931,14550,48.0,32,0,0
1768228345252093,52931,14550,40.0,241,0,0
1768228345253991,52931,14550,61.0,147,0,0
1768228345255340,52931,14550,64.0,11030,0,0
1768228345382859,5760,58419,,264,1,0
1768228345383774,52931,14550,47.0,264,0,0
1768228345471061,52931,14550,48.0,163,0,0
1768228345471875,52931,14550,44.0,178,0,0
1768228345472538,52931,14550,48.0,30,0,0
1768228345474325,52931,14550,48.0,33,0,0
1768228345474919,52931,14550,37.0,74,0,0
1768228345476043,52931,14550,51.0,1,0,0
1768228345477308,52931,14550,22.0,125,0,0
1768228345477891,52931,14550,27.0,152,0,0
1768228345479573,52931,14550,44.0,62,0,0
1768228345480574,52931,14550,25.0,42,0,0
1768228345482088,52931,14550,32.0,36,0,0
1768228345482889,52931,14550,62.0,65,0,0
1768228345484298,52931,14550,49.0,27,0,0
1768228345485175,52931,14550,44.0,116,0,0
1768228345486013,52931,14550,42.0,129,0,0
1768228345486946,52931,14550,34.0,29,0,0
1768228345487997,52931,14550,34.0,137,0,0
1768228345488749,52931,14550,60.0,24,0,0
1768228345490441,52931,14550,53.0,124,0,0
1768228345491104,52931,14550,31.0,2,0,0
1768228345495102,52931,14550,64.0,164,0,0
1768228345495965,52931,14550,24.0,168,0,0
1768228345496805,52931,14550,42.0,136,0,0
1768228345498105,52931,14550,42.0,193,0,0
1768228345498997,52931,14550,48.0,32,0,0
1768228345499709,52931,14550,40.0,241,0,0
1768228345500333,52931,14550,61.0,147,0,0
1768228345500908,52931,14550,64.0,11030,0,0
1768228345535295,58419,5760,,0,1,0
1768228345720939,52931,14550,48.0,163,0,0
1768228345721854,52931,14550,44.0,178,0,0
1768228345722749,52931,14550,48.0,30,0,0
1768228345726046,52931,14550,48.0,33,0,0
1768228345727215,52931,14550,37.0,74,0,0
1768228345728517,52931,14550,51.0,1,0,0
1768228345730231,52931,14550,22.0,125,0,0
1768228345732413,52931,14550,27.0,152,0,0
1768228345733548,52931,14550,44.0,62,0,0
1768228345736477,52931,14550,25.0,42,0,0
1768228345737722,52931,14550,32.0,36,0,0
1768228345738854,52931,14550,62.0,65,0,0
1768228345739677,52931,14550,49.0,27,0,0
1768228345741127,52931,14550,44.0,116,0,0
1768228345742448,52931,14550,42.0,129,0,0
1768228345743708,52931,14550,34.0,29,0,0
1768228345744426,52931,14550,34.0,137,0,0
1768228345745757,52931,14550,60.0,24,0,0
1768228345746741,52931,14550,53.0,124,0,0
1768228345747643,52931,14550,31.0,2,0,0
1768228345748381,52931,14550,64.0,164,0,0
1768228345750729,52931,14550,24.0,168,0,0
1768228345752638,52931,14550,42.0,136,0,0
1768228345753955,52931,14550,42.0,193,0,0
1768228345755354,52931,14550,48.0,32,0,0
1768228345758555,52931,14550,40.0,241,0,0
1768228345760076,52931,14550,61.0,147,0,0
1768228345761282,52931,14550,64.0,11030,0,0
1768228345797280,5760,58419,,0,1,0
1768228345798548,52931,14550,29.0,0,0,0
1768228345884959,5760,58419,,264,1,0
1768228345886208,52931,14550,47.0,264,0,0
1768228345971583,52931,14550,48.0,163,0,0
1768228345973064,52931,14550,44.0,178,0,0
1768228345973712,52931,14550,48.0,30,0,0
1768228345974455,52931,14550,48.0,33,0,0
1768228345975368,52931,14550,37.0,74,0,0
1768228345976158,52931,14550,51.0,1,0,0
1768228345976686,52931,14550,22.0,125,0,0
1768228345977195,52931,14550,27.0,152,0,0
1768228345977890,52931,14550,44.0,62,0,0
1768228345978396,52931,14550,25.0,42,0,0
1768228345978967,52931,14550,32.0,36,0,0
1768228345979539,52931,14550,62.0,65,0,0
1768228345980546,52931,14550,49.0,27,0,0
1768228345981437,52931,14550,44.0,116,0,0
1768228345982494,52931,14550,42.0,129,0,0
1768228345983203,52931,14550,34.0,29,0,0
1768228345984017,52931,14550,34.0,137,0,0
1768228345984960,52931,14550,60.0,24,0,0
1768228345985748,52931,14550,53.0,124,0,0
1768228345986560,52931,14550,31.0,2,0,0
1768228345987108,52931,14550,64.0,164,0,0
1768228345987780,52931,14550,24.0,168,0,0
1768228345988672,52931,14550,42.0,136,0,0
1768228345989468,52931,14550,42.0,193,0,0
1768228345990076,52931,14550,48.0,32,0,0
1768228345990925,52931,14550,40.0,241,0,0
1768228345991530,52931,14550,61.0,147,0,0
1768228345992065,52931,14550,64.0,11030,0,0
1768228346217705,5760,58419,,22,1,0
1768228346218708,52931,14550,45.0,22,0,0
1768228346226506,52931,14550,48.0,163,0,0
1768228346228596,52931,14550,44.0,178,0,0
1768228346229344,52931,14550,48.0,30,0,0
1768228346230752,52931,14550,48.0,33,0,0
1768228346231607,52931,14550,37.0,74,0,0
1768228346232552,52931,14550,51.0,1,0,0
1768228346233343,52931,14550,22.0,125,0,0
1768228346234050,52931,14550,27.0,152,0,0
1768228346234789,52931,14550,44.0,62,0,0
1768228346235454,52931,14550,25.0,42,0,0
1768228346236605,52931,14550,32.0,36,0,0
1768228346237418,52931,14550,62.0,65,0,0
1768228346238569,52931,14550,49.0,27,0,0
1768228346239586,52931,14550,44.0,116,0,0
1768228346240584,52931,14550,42.0,129,0,0
1768228346241584,52931,14550,34.0,29,0,0
1768228346242837,52931,14550,34.0,137,0,0
1768228346243788,52931,14550,60.0,24,0,0
1768228346244569,52931,14550,53.0,124,0,0
1768228346245281,52931,14550,31.0,2,0,0
1768228346246012,52931,14550,64.0,164,0,0
1768228346246703,52931,14550,24.0,168,0,0
1768228346247649,52931,14550,42.0,136,0,0
1768228346248720,52931,14550,42.0,193,0,0
1768228346249927,52931,14550,48.0,32,0,0
1768228346250910,52931,14550,40.0,241,0,0
1768228346251957,52931,14550,61.0,147,0,0
1768228346252812,52931,14550,64.0,11030,0,0
1768228346391882,5760,58419,,264,1,0
1768228346392839,52931,14550,47.0,264,0,0
1768228346475833,52931,14550,48.0,163,0,0
1768228346477733,52931,14550,44.0,178,0,0
1768228346478651,52931,14550,48.0,30,0,0
1768228346480189,52931,14550,48.0,33,0,0
1768228346481238,52931,14550,37.0,74,0,0
1768228346483240,52931,14550,51.0,1,0,0
1768228346484540,52931,14550,22.0,125,0,0
1768228346485536,52931,14550,27.0,152,0,0
1768228346486137,52931,14550,44.0,62,0,0
1768228346487100,52931,14550,25.0,42,0,0
1768228346488389,52931,14550,32.0,36,0,0
1768228346489574,52931,14550,62.0,65,0,0
1768228346490740,52931,14550,49.0,27,0,0
1768228346491621,52931,14550,44.0,116,0,0
1768228346492326,52931,14550,42.0,129,0,0
1768228346493149,52931,14550,34.0,29,0,0
1768228346493853,52931,14550,34.0,137,0,0
1768228346494614,52931,14550,60.0,24,0,0
1768228346495500,52931,14550,53.0,124,0,0
1768228346496211,52931,14550,31.0,2,0,0
1768228346497051,52931,14550,64.0,164,0,0
1768228346497731,52931,14550,24.0,168,0,0
1768228346498401,52931,14550,42.0,136,0,0
1768228346499175,52931,14550,42.0,193,0,0
1768228346499870,52931,14550,48.0,32,0,0
1768228346500612,52931,14550,40.0,241,0,0
1768228346501798,52931,14550,61.0,147,0,0
1768228346503102,52931,14550,64.0,11030,0,0
1768228346537785,58419,5760,,0,1,0
1768228346727022,52931,14550,48.0,163,0,0
1768228346730870,52931,14550,44.0,178,0,0
1768228346734579,52931,14550,48.0,30,0,0
1768228346738326,52931,14550,48.0,33,0,0
1768228346739621,52931,14550,37.0,74,0,0
1768228346744773,52931,14550,51.0,1,0,0
1768228346749935,52931,14550,22.0,125,0,0
1768228346751749,52931,14550,27.0,152,0,0
1768228346756587,52931,14550,44.0,62,0,0
1768228346757922,52931,14550,25.0,42,0,0
1768228346760692,52931,14550,32.0,36,0,0
1768228346762453,52931,14550,62.0,65,0,0
1768228346766815,52931,14550,49.0,27,0,0
1768228346770938,52931,14550,44.0,116,0,0
1768228346773268,52931,14550,42.0,129,0,0
1768228346774905,52931,14550,34.0,29,0,0
1768228346777625,52931,14550,34.0,137,0,0
1768228346779388,52931,14550,60.0,24,0,0
1768228346781562,52931,14550,53.0,124,0,0
1768228346783780,52931,14550,31.0,2,0,0
1768228346786354,52931,14550,64.0,164,0,0
1768228346789093,52931,14550,24.0,168,0,0
1768228346792251,52931,14550,42.0,136,0,0
1768228346794578,52931,14550,42.0,193,0,0
1768228346796266,52931,14550,48.0,32,0,0
1768228346797350,5760,58419,,0,1,0
1768228346798015,52931,14550,40.0,241,0,0
1768228346799671,52931,14550,61.0,147,0,0
1768228346801054,52931,14550,64.0,11030,0,0
1768228346803906,52931,14550,29.0,0,0,0
1768228346893055,5760,58419,,264,1,0
1768228346894382,52931,14550,47.0,264,0,0
1768228346977575,52931,14550,48.0,163,0,0
1768228346980401,52931,14550,44.0,178,0,0
1768228346982021,52931,14550,48.0,30,0,0
1768228346984383,52931,14550,48.0,33,0,0
1768228346986080,52931,14550,37.0,74,0,0
1768228346987412,52931,14550,51.0,1,0,0
1768228346988817,52931,14550,22.0,125,0,0
1768228346989960,52931,14550,27.0,152,0,0
1768228346991417,52931,14550,44.0,62,0,0
1768228346992916,52931,14550,25.0,42,0,0
1768228346995220,52931,14550,32.0,36,0,0
1768228346996787,52931,14550,62.0,65,0,0
1768228346998265,52931,14550,49.0,27,0,0
1768228346999877,52931,14550,44.0,116,0,0
1768228347001301,52931,14550,42.0,129,0,0
1768228347002634,52931,14550,34.0,29,0,0
1768228347003952,52931,14550,34.0,137,0,0
1768228347005796,52931,14550,60.0,24,0,0
1768228347007285,52931,14550,53.0,124,0,0
1768228347008539,52931,14550,31.0,2,0,0
1768228347009535,52931,14550,64.0,164,0,0
1768228347011262,52931,14550,24.0,168,0,0
1768228347013192,52931,14550,42.0,136,0,0
1768228347014590,52931,14550,42.0,193,0,0
1768228347016086,52931,14550,48.0,32,0,0
1768228347017810,52931,14550,40.0,241,0,0
1768228347019558,52931,14550,61.0,147,0,0
1768228347021523,52931,14550,64.0,11030,0,0
1768228347227750,52931,14550,48.0,163,0,0
1768228347229956,52931,14550,44.0,178,0,0
1768228347234937,52931,14550,48.0,30,0,0
1768228347236142,52931,14550,48.0,33,0,0
1768228347238340,52931,14550,37.0,74,0,0
1768228347239200,52931,14550,51.0,1,0,0
1768228347240675,52931,14550,22.0,125,0,0
1768228347241413,52931,14550,27.0,152,0,0
1768228347242455,52931,14550,44.0,62,0,0
1768228347244203,52931,14550,25.0,42,0,0
1768228347245408,52931,14550,32.0,36,0,0
1768228347248501,52931,14550,62.0,65,0,0
1768228347249694,52931,14550,49.0,27,0,0
1768228347251320,52931,14550,44.0,116,0,0
1768228347252935,52931,14550,42.0,129,0,0
1768228347254146,52931,14550,34.0,29,0,0
1768228347256226,52931,14550,34.0,137,0,0
1768228347260024,52931,14550,60.0,24,0,0
1768228347261834,52931,14550,53.0,124,0,0
1768228347262808,52931,14550,31.0,2,0,0
1768228347265393,52931,14550,64.0,164,0,0
1768228347266128,52931,14550,24.0,168,0,0
1768228347267034,52931,14550,42.0,136,0,0
1768228347268029,52931,14550,42.0,193,0,0
1768228347269983,52931,14550,48.0,32,0,0
1768228347271565,52931,14550,40.0,241,0,0
1768228347273493,52931,14550,61.0,147,0,0
1768228347275264,52931,14550,64.0,11030,0,0
1768228347398387,5760,58419,,264,1,0
1768228347400453,52931,14550,47.0,264,0,0
1768228347481324,52931,14550,48.0,163,0,0
1768228347483650,52931,14550,44.0,178,0,0
1768228347485920,52931,14550,48.0,30,0,0
1768228347488321,52931,14550,48.0,33,0,0
1768228347489901,52931,14550,37.0,74,0,0
1768228347490973,52931,14550,51.0,1,0,0
1768228347492429,52931,14550,22.0,125,0,0
1768228347493175,52931,14550,27.0,152,0,0
1768228347494144,52931,14550,44.0,62,0,0
1768228347494883,52931,14550,25.0,42,0,0
1768228347496382,52931,14550,32.0,36,0,0
1768228347498585,52931,14550,62.0,65,0,0
1768228347499538,52931,14550,49.0,27,0,0
1768228347500741,52931,14550,44.0,116,0,0
1768228347501526,52931,14550,42.0,129,0,0
1768228347502550,52931,14550,34.0,29,0,0
1768228347503108,52931,14550,34.0,137,0,0
1768228347504890,52931,14550,60.0,24,0,0
1768228347506425,52931,14550,53.0,124,0,0
1768228347506987,52931,14550,31.0,2,0,0
1768228347508116,52931,14550,64.0,164,0,0
1768228347509138,52931,14550,24.0,168,0,0
1768228347509694,52931,14550,42.0,136,0,0
1768228347511345,52931,14550,42.0,193,0,0
1768228347511901,52931,14550,48.0,32,0,0
1768228347512808,52931,14550,40.0,241,0,0
1768228347513755,52931,14550,61.0,147,0,0
1768228347515193,52931,14550,64.0,11030,0,0
1768228347539105,58419,5760,,0,1,0
1768228347724808,58419,5760,,66,1,0
1768228347730403,52931,14550,48.0,163,0,0
1768228347731065,52931,14550,44.0,178,0,0
1768228347731630,52931,14550,48.0,30,0,0
1768228347733297,52931,14550,48.0,33,0,0
1768228347734854,52931,14550,37.0,74,0,0
1768228347735873,52931,14550,51.0,1,0,0
1768228347736867,52931,14550,22.0,125,0,0
1768228347737658,52931,14550,27.0,152,0,0
1768228347738334,52931,14550,44.0,62,0,0
1768228347738987,52931,14550,25.0,42,0,0
1768228347739632,52931,14550,32.0,36,0,0
1768228347740408,52931,14550,62.0,65,0,0
1768228347741230,52931,14550,49.0,27,0,0
1768228347741971,52931,14550,44.0,116,0,0
1768228347742593,52931,14550,42.0,129,0,0
1768228347743202,52931,14550,34.0,29,0,0
1768228347743755,52931,14550,34.0,137,0,0
1768228347744359,52931,14550,60.0,24,0,0
1768228347745055,52931,14550,53.0,124,0,0
1768228347745604,52931,14550,31.0,2,0,0
1768228347746141,52931,14550,64.0,164,0,0
1768228347746694,52931,14550,24.0,168,0,0
1768228347747331,52931,14550,42.0,136,0,0
1768228347748123,52931,14550,42.0,193,0,0
1768228347748838,52931,14550,48.0,32,0,0
1768228347749383,52931,14550,40.0,241,0,0
1768228347750201,52931,14550,61.0,147,0,0
1768228347750975,52931,14550,64.0,11030,0,0
1768228347804268,5760,58419,,0,1,0
1768228347805149,52931,14550,29.0,0,0,0
1768228347898134,5760,58419,,264,1,0
1768228347898893,52931,14550,47.0,264,0,0
1768228347985556,52931,14550,48.0,163,0,0
1768228347986404,52931,14550,44.0,178,0,0
1768228347987237,52931,14550,48.0,30,0,0
1768228347988120,52931,14550,48.0,33,0,0
1768228347988827,52931,14550,37.0,74,0,0
1768228347991802,52931,14550,51.0,1,0,0
1768228347992857,52931,14550,22.0,125,0,0
1768228347993438,52931,14550,27.0,152,0,0
1768228347994370,52931,14550,44.0,62,0,0
1768228347995125,52931,14550,25.0,42,0,0
1768228347995903,52931,14550,32.0,36,0,0
1768228347996783,52931,14550,62.0,65,0,0
1768228347997801,52931,14550,49.0,27,0,0
1768228347998779,52931,14550,44.0,116,0,0
1768228347999472,52931,14550,42.0,129,0,0
1768228348000087,52931,14550,34.0,29,0,0
1768228348000641,52931,14550,34.0,137,0,0
1768228348001311,52931,14550,60.0,24,0,0
1768228348001859,52931,14550,53.0,124,0,0
1768228348002406,52931,14550,31.0,2,0,0
1768228348002970,52931,14550,64.0,164,0,0
1768228348003506,52931,14550,24.0,168,0,0
1768228348004036,52931,14550,42.0,136,0,0
1768228348004713,52931,14550,42.0,193,0,0
1768228348005449,52931,14550,48.0,32,0,0
1768228348006022,52931,14550,40.0,241,0,0
1768228348006820,52931,14550,61.0,147,0,0
1768228348007375,52931,14550,64.0,11030,0,0
1768228348236893,52931,14550,48.0,163,0,0
1768228348238487,52931,14550,44.0,178,0,0
1768228348240913,52931,14550,48.0,30,0,0
1768228348244197,52931,14550,48.0,33,0,0
1768228348245412,52931,14550,37.0,74,0,0
1768228348246627,52931,14550,51.0,1,0,0
1768228348248037,52931,14550,22.0,125,0,0
1768228348249390,52931,14550,27.0,152,0,0
1768228348251706,52931,14550,44.0,62,0,0
1768228348253460,52931,14550,25.0,42,0,0
1768228348255154,52931,14550,32.0,36,0,0
1768228348257033,52931,14550,62.0,65,0,0
1768228348258385,52931,14550,49.0,27,0,0
1768228348260972,52931,14550,44.0,116,0,0
1768228348262197,52931,14550,42.0,129,0,0
1768228348266499,52931,14550,34.0,29,0,0
1768228348269057,52931,14550,34.0,137,0,0
1768228348270632,52931,14550,60.0,24,0,0
1768228348272177,52931,14550,53.0,124,0,0
1768228348274748,52931,14550,31.0,2,0,0
1768228348276116,52931,14550,64.0,164,0,0
1768228348278656,52931,14550,24.0,168,0,0
1768228348280441,52931,14550,42.0,136,0,0
1768228348281507,52931,14550,42.0,193,0,0
1768228348283133,52931,14550,48.0,32,0,0
1768228348285636,52931,14550,40.0,241,0,0
1768228348286870,52931,14550,61.0,147,0,0
1768228348288629,52931,14550,64.0,11030,0,0
1768228348402070,5760,58419,,264,1,0
1768228348403307,52931,14550,47.0,264,0,0
1768228348489732,52931,14550,48.0,163,0,0
1768228348491597,52931,14550,44.0,178,0,0
1768228348493382,52931,14550,48.0,30,0,0
1768228348495132,52931,14550,48.0,33,0,0
1768228348496303,52931,14550,37.0,74,0,0
1768228348499875,52931,14550,51.0,1,0,0
1768228348501428,52931,14550,22.0,125,0,0
1768228348503789,52931,14550,27.0,152,0,0
1768228348505296,52931,14550,44.0,62,0,0
1768228348506936,52931,14550,25.0,42,0,0
1768228348508695,52931,14550,32.0,36,0,0
1768228348509798,52931,14550,62.0,65,0,0
1768228348510979,52931,14550,49.0,27,0,0
1768228348512214,52931,14550,44.0,116,0,0
1768228348513218,52931,14550,42.0,129,0,0
1768228348514353,52931,14550,34.0,29,0,0
1768228348515995,52931,14550,34.0,137,0,0
1768228348517879,52931,14550,60.0,24,0,0
1768228348519522,52931,14550,53.0,124,0,0
1768228348521151,52931,14550,31.0,2,0,0
1768228348522626,52931,14550,64.0,164,0,0
1768228348523768,52931,14550,24.0,168,0,0
1768228348524800,52931,14550,42.0,136,0,0
1768228348526409,52931,14550,42.0,193,0,0
1768228348527712,52931,14550,48.0,32,0,0
1768228348528860,52931,14550,40.0,241,0,0
1768228348530316,52931,14550,61.0,147,0,0
1768228348531698,52931,14550,64.0,11030,0,0
1768228348544434,58419,5760,,0,1,0
1768228348740805,52931,14550,48.0,163,0,0
1768228348742440,52931,14550,44.0,178,0,0
1768228348743995,52931,14550,48.0,30,0,0
1768228348745821,52931,14550,48.0,33,0,0
1768228348746945,52931,14550,37.0,74,0,0
1768228348748344,52931,14550,51.0,1,0,0
1768228348751773,52931,14550,22.0,125,0,0
1768228348754376,52931,14550,27.0,152,0,0
1768228348755416,52931,14550,44.0,62,0,0
1768228348760107,52931,14550,25.0,42,0,0
1768228348761774,52931,14550,32.0,36,0,0
1768228348764580,52931,14550,62.0,65,0,0
1768228348766746,52931,14550,49.0,27,0,0
1768228348769396,52931,14550,44.0,116,0,0
1768228348770659,52931,14550,42.0,129,0,0
1768228348773069,52931,14550,34.0,29,0,0
1768228348775367,52931,14550,34.0,137,0,0
1768228348777628,52931,14550,60.0,24,0,0
1768228348779919,52931,14550,53.0,124,0,0
1768228348781697,52931,14550,31.0,2,0,0
1768228348783437,52931,14550,64.0,164,0,0
1768228348785055,52931,14550,24.0,168,0,0
1768228348786149,52931,14550,42.0,136,0,0
1768228348787428,52931,14550,42.0,193,0,0
1768228348788836,52931,14550,48.0,32,0,0
1768228348790472,52931,14550,40.0,241,0,0
1768228348793548,52931,14550,61.0,147,0,0
1768228348795504,52931,14550,64.0,11030,0,0
1768228348812369,5760,58419,,0,1,0
1768228348813684,52931,14550,29.0,0,0,0
1768228348901980,5760,58419,,264,1,0
1768228348903404,52931,14550,47.0,264,0,0
1768228348990529,52931,14550,48.0,163,0,0
1768228348993911,52931,14550,44.0,178,0,0
1768228348995382,52931,14550,48.0,30,0,0
1768228348996836,52931,14550,48.0,33,0,0
1768228348998467,52931,14550,37.0,74,0,0
1768228348999872,52931,14550,51.0,1,0,0
1768228349001200,52931,14550,22.0,125,0,0
1768228349002250,52931,14550,27.0,152,0,0
1768228349003392,52931,14550,44.0,62,0,0
1768228349004848,52931,14550,25.0,42,0,0
1768228349006765,52931,14550,32.0,36,0,0
1768228349008151,52931,14550,62.0,65,0,0
1768228349009215,52931,14550,49.0,27,0,0
1768228349010268,52931,14550,44.0,116,0,0
1768228349011414,52931,14550,42.0,129,0,0
1768228349012454,52931,14550,34.0,29,0,0
1768228349013759,52931,14550,34.0,137,0,0
1768228349015237,52931,14550,60.0,24,0,0
1768228349016502,52931,14550,53.0,124,0,0
1768228349017884,52931,14550,31.0,2,0,0
1768228349019708,52931,14550,64.0,164,0,0
1768228349021100,52931,14550,24.0,168,0,0
1768228349022925,52931,14550,42.0,136,0,0
1768228349024402,52931,14550,42.0,193,0,0
1768228349025579,52931,14550,48.0,32,0,0
1768228349026579,52931,14550,40.0,241,0,0
1768228349027732,52931,14550,61.0,147,0,0
1768228349028840,52931,14550,64.0,11030,0,0
1768228349244484,52931,14550,48.0,163,0,0
1768228349246292,52931,14550,44.0,178,0,0
1768228349247481,52931,14550,48.0,30,0,0
1768228349249908,52931,14550,48.0,33,0,0
1768228349251682,52931,14550,37.0,74,0,0
1768228349253816,52931,14550,51.0,1,0,0
1768228349257982,52931,14550,22.0,125,0,0
1768228349259701,52931,14550,27.0,152,0,0
1768228349262614,52931,14550,44.0,62,0,0
1768228349264279,52931,14550,25.0,42,0,0
1768228349266152,52931,14550,32.0,36,0,0
1768228349268138,52931,14550,62.0,65,0,0
1768228349270909,52931,14550,49.0,27,0,0
1768228349273024,52931,14550,44.0,116,0,0
1768228349274907,52931,14550,42.0,129,0,0
1768228349278696,52931,14550,34.0,29,0,0
1768228349283261,52931,14550,34.0,137,0,0
1768228349286197,52931,14550,60.0,24,0,0
1768228349287687,52931,14550,53.0,124,0,0
1768228349291847,52931,14550,31.0,2,0,0
1768228349295661,52931,14550,64.0,164,0,0
1768228349298208,52931,14550,24.0,168,0,0
1768228349300588,52931,14550,42.0,136,0,0
1768228349302502,52931,14550,42.0,193,0,0
1768228349304717,52931,14550,48.0,32,0,0
1768228349306446,52931,14550,40.0,241,0,0
1768228349307907,52931,14550,61.0,147,0,0
1768228349318325,52931,14550,64.0,11030,0,0
1768228349408663,5760,58419,,264,1,0
1768228349410042,52931,14550,47.0,264,0,0
1768228349496712,52931,14550,48.0,163,0,0
1768228349498095,52931,14550,44.0,178,0,0
1768228349501036,52931,14550,48.0,30,0,0
1768228349505778,52931,14550,48.0,33,0,0
1768228349508342,52931,14550,37.0,74,0,0
1768228349510481,52931,14550,51.0,1,0,0
1768228349513509,52931,14550,22.0,125,0,0
1768228349514719,52931,14550,27.0,152,0,0
1768228349516007,52931,14550,44.0,62,0,0
1768228349516955,52931,14550,25.0,42,0,0
1768228349518312,52931,14550,32.0,36,0,0
1768228349519561,52931,14550,62.0,65,0,0
1768228349521684,52931,14550,49.0,27,0,0
1768228349523192,52931,14550,44.0,116,0,0
1768228349524871,52931,14550,42.0,129,0,0
1768228349526753,52931,14550,34.0,29,0,0
1768228349528442,52931,14550,34.0,137,0,0
1768228349530191,52931,14550,60.0,24,0,0
1768228349531853,52931,14550,53.0,124,0,0
1768228349533377,52931,14550,31.0,2,0,0
1768228349534551,52931,14550,64.0,164,0,0
1768228349536037,52931,14550,24.0,168,0,0
1768228349537475,52931,14550,42.0,136,0,0
1768228349538754,52931,14550,42.0,193,0,0
1768228349540122,52931,14550,48.0,32,0,0
1768228349541811,52931,14550,40.0,241,0,0
1768228349543525,52931,14550,61.0,147,0,0
1768228349544995,52931,14550,64.0,11030,0,0
1768228349546378,58419,5760,,0,1,0
1768228349748975,52931,14550,48.0,163,0,0
1768228349750961,52931,14550,44.0,178,0,0
1768228349753803,52931,14550,48.0,30,0,0
1768228349755590,52931,14550,48.0,33,0,0
1768228349757899,52931,14550,37.0,74,0,0
1768228349759124,52931,14550,51.0,1,0,0
1768228349760716,52931,14550,22.0,125,0,0
1768228349762723,52931,14550,27.0,152,0,0
1768228349764618,52931,14550,44.0,62,0,0
1768228349766174,52931,14550,25.0,42,0,0
1768228349768370,52931,14550,32.0,36,0,0
1768228349769559,52931,14550,62.0,65,0,0
1768228349773334,52931,14550,49.0,27,0,0
1768228349775233,52931,14550,44.0,116,0,0
1768228349777894,52931,14550,42.0,129,0,0
1768228349778961,52931,14550,34.0,29,0,0
1768228349782208,52931,14550,34.0,137,0,0
1768228349783826,52931,14550,60.0,24,0,0
1768228349787434,52931,14550,53.0,124,0,0
1768228349789869,52931,14550,31.0,2,0,0
1768228349791765,52931,14550,64.0,164,0,0
1768228349795152,52931,14550,24.0,168,0,0
1768228349796916,52931,14550,42.0,136,0,0
1768228349799751,52931,14550,42.0,193,0,0
1768228349801432,52931,14550,48.0,32,0,0
1768228349802912,52931,14550,40.0,241,0,0
1768228349809231,52931,14550,61.0,147,0,0
1768228349812222,52931,14550,64.0,11030,0,0
1768228349820641,5760,58419,,0,1,0
1768228349821886,52931,14550,29.0,0,0,0
1768228349910122,5760,58419,,264,1,0
1768228349910975,52931,14550,47.0,264,0,0
1768228349994911,52931,14550,48.0,163,0,0
1768228349997102,52931,14550,44.0,178,0,0
1768228349999371,52931,14550,48.0,30,0,0
1768228350001833,52931,14550,48.0,33,0,0
1768228350003246,52931,14550,37.0,74,0,0
1768228350004676,52931,14550,51.0,1,0,0
1768228350005844,52931,14550,22.0,125,0,0
1768228350006850,52931,14550,27.0,152,0,0
1768228350008210,52931,14550,44.0,62,0,0
1768228350009742,52931,14550,25.0,42,0,0
1768228350010918,52931,14550,32.0,36,0,0
1768228350011984,52931,14550,62.0,65,0,0
1768228350013482,52931,14550,49.0,27,0,0
1768228350014810,52931,14550,44.0,116,0,0
1768228350016011,52931,14550,42.0,129,0,0
1768228350017827,52931,14550,34.0,29,0,0
1768228350019057,52931,14550,34.0,137,0,0
1768228350020449,52931,14550,60.0,24,0,0
1768228350022307,52931,14550,53.0,124,0,0
1768228350024006,52931,14550,31.0,2,0,0
1768228350025217,52931,14550,64.0,164,0,0
1768228350026444,52931,14550,24.0,168,0,0
1768228350027544,52931,14550,42.0,136,0,0
1768228350028753,52931,14550,42.0,193,0,0
1768228350029883,52931,14550,48.0,32,0,0
1768228350031158,52931,14550,40.0,241,0,0
1768228350033275,52931,14550,61.0,147,0,0
1768228350034951,52931,14550,64.0,11030,0,0
1768228350251507,52931,14550,48.0,163,0,0
1768228350253295,52931,14550,44.0,178,0,0
1768228350256335,52931,14550,48.0,30,0,0
1768228350258901,52931,14550,48.0,33,0,0
1768228350260143,52931,14550,37.0,74,0,0
1768228350263332,52931,14550,51.0,1,0,0
1768228350265432,52931,14550,22.0,125,0,0
1768228350267825,52931,14550,27.0,152,0,0
1768228350269193,52931,14550,44.0,62,0,0
1768228350270989,52931,14550,25.0,42,0,0
1768228350272666,52931,14550,32.0,36,0,0
1768228350274304,52931,14550,62.0,65,0,0
1768228350277495,52931,14550,49.0,27,0,0
1768228350279163,52931,14550,44.0,116,0,0
1768228350280661,52931,14550,42.0,129,0,0
1768228350282499,52931,14550,34.0,29,0,0
1768228350283879,52931,14550,34.0,137,0,0
1768228350285063,52931,14550,60.0,24,0,0
1768228350287406,52931,14550,53.0,124,0,0
1768228350288606,52931,14550,31.0,2,0,0
1768228350291611,52931,14550,64.0,164,0,0
1768228350294666,52931,14550,24.0,168,0,0
1768228350299835,52931,14550,42.0,136,0,0
1768228350302247,52931,14550,42.0,193,0,0
1768228350304200,52931,14550,48.0,32,0,0
1768228350305274,52931,14550,40.0,241,0,0
1768228350307128,52931,14550,61.0,147,0,0
1768228350309235,52931,14550,64.0,11030,0,0
1768228350411968,5760,58419,,264,1,0
1768228350412809,52931,14550,47.0,264,0,0
1768228350502062,52931,14550,48.0,163,0,0
1768228350503367,52931,14550,44.0,178,0,0
1768228350504545,52931,14550,48.0,30,0,0
1768228350509109,52931,14550,48.0,33,0,0
1768228350510587,52931,14550,37.0,74,0,0
1768228350511828,52931,14550,51.0,1,0,0
1768228350513449,52931,14550,22.0,125,0,0
1768228350515156,52931,14550,27.0,152,0,0
1768228350517655,52931,14550,44.0,62,0,0
1768228350519906,52931,14550,25.0,42,0,0
1768228350522247,52931,14550,32.0,36,0,0
1768228350524721,52931,14550,62.0,65,0,0
1768228350527070,52931,14550,49.0,27,0,0
1768228350528381,52931,14550,44.0,116,0,0
1768228350529500,52931,14550,42.0,129,0,0
1768228350530685,52931,14550,34.0,29,0,0
1768228350532237,52931,14550,34.0,137,0,0
1768228350533997,52931,14550,60.0,24,0,0
1768228350535857,52931,14550,53.0,124,0,0
1768228350537228,52931,14550,31.0,2,0,0
1768228350538540,52931,14550,64.0,164,0,0
1768228350539682,52931,14550,24.0,168,0,0
1768228350540683,52931,14550,42.0,136,0,0
1768228350541788,52931,14550,42.0,193,0,0
1768228350543096,52931,14550,48.0,32,0,0
1768228350544498,52931,14550,40.0,241,0,0
1768228350545748,52931,14550,61.0,147,0,0
1768228350546779,52931,14550,64.0,11030,0,0
1768228350548177,58419,5760,,0,1,0
1768228350753775,52931,14550,48.0,163,0,0
1768228350755214,52931,14550,44.0,178,0,0
1768228350756804,52931,14550,48.0,30,0,0
1768228350758239,52931,14550,48.0,33,0,0
1768228350759281,52931,14550,37.0,74,0,0
1768228350763814,52931,14550,51.0,1,0,0
1768228350765067,52931,14550,22.0,125,0,0
1768228350766386,52931,14550,27.0,152,0,0
1768228350767512,52931,14550,44.0,62,0,0
1768228350769375,52931,14550,25.0,42,0,0
1768228350772223,52931,14550,32.0,36,0,0
1768228350773951,52931,14550,62.0,65,0,0
1768228350776389,52931,14550,49.0,27,0,0
1768228350777781,52931,14550,44.0,116,0,0
1768228350779230,52931,14550,42.0,129,0,0
1768228350781425,52931,14550,34.0,29,0,0
1768228350783531,52931,14550,34.0,137,0,0
1768228350784917,52931,14550,60.0,24,0,0
1768228350786292,52931,14550,53.0,124,0,0
1768228350787802,52931,14550,31.0,2,0,0
1768228350791073,52931,14550,64.0,164,0,0
1768228350792853,52931,14550,24.0,168,0,0
1768228350794638,52931,14550,42.0,136,0,0
1768228350797218,52931,14550,42.0,193,0,0
1768228350799438,52931,14550,48.0,32,0,0
1768228350800498,52931,14550,40.0,241,0,0
1768228350802841,52931,14550,61.0,147,0,0
1768228350804091,52931,14550,64.0,11030,0,0
1768228350822351,5760,58419,,0,1,0
1768228350823768,52931,14550,29.0,0,0,0
1768228350915970,5760,58419,,264,1,0
1768228350916763,52931,14550,47.0,264,0,0
1768228351003731,52931,14550,48.0,163,0,0
1768228351005779,52931,14550,44.0,178,0,0
1768228351008066,52931,14550,48.0,30,0,0
1768228351010930,52931,14550,48.0,33,0,0
1768228351012215,52931,14550,37.0,74,0,0
1768228351013979,52931,14550,51.0,1,0,0
1768228351015839,52931,14550,22.0,125,0,0
1768228351017184,52931,14550,27.0,152,0,0
1768228351018633,52931,14550,44.0,62,0,0
1768228351019938,52931,14550,25.0,42,0,0
1768228351021193,52931,14550,32.0,36,0,0
1768228351022212,52931,14550,62.0,65,0,0
1768228351023487,52931,14550,49.0,27,0,0
1768228351025397,52931,14550,44.0,116,0,0
1768228351026761,52931,14550,42.0,129,0,0
1768228351028442,52931,14550,34.0,29,0,0
1768228351030028,52931,14550,34.0,137,0,0
1768228351031376,52931,14550,60.0,24,0,0
1768228351032944,52931,14550,53.0,124,0,0
1768228351033930,52931,14550,31.0,2,0,0
1768228351035245,52931,14550,64.0,164,0,0
1768228351036588,52931,14550,24.0,168,0,0
1768228351038048,52931,14550,42.0,136,0,0
1768228351039183,52931,14550,42.0,193,0,0
1768228351041084,52931,14550,48.0,32,0,0
1768228351042609,52931,14550,40.0,241,0,0
1768228351044113,52931,14550,61.0,147,0,0
1768228351045283,52931,14550,64.0,11030,0,0
1768228351253124,52931,14550,48.0,163,0,0
1768228351257249,52931,14550,44.0,178,0,0
1768228351259194,52931,14550,48.0,30,0,0
1768228351260460,52931,14550,48.0,33,0,0
1768228351261623,52931,14550,37.0,74,0,0
1768228351264047,52931,14550,51.0,1,0,0
1768228351266732,52931,14550,22.0,125,0,0
1768228351268276,52931,14550,27.0,152,0,0
1768228351273167,52931,14550,44.0,62,0,0
1768228351276503,52931,14550,25.0,42,0,0
1768228351279172,52931,14550,32.0,36,0,0
1768228351281040,52931,14550,62.0,65,0,0
1768228351282393,52931,14550,49.0,27,0,0
1768228351287437,52931,14550,44.0,116,0,0
1768228351288642,52931,14550,42.0,129,0,0
1768228351290345,52931,14550,34.0,29,0,0
1768228351292140,52931,14550,34.0,137,0,0
1768228351293815,52931,14550,60.0,24,0,0
1768228351296128,52931,14550,53.0,124,0,0
1768228351298795,52931,14550,31.0,2,0,0
1768228351301483,52931,14550,64.0,164,0,0
1768228351303204,52931,14550,24.0,168,0,0
1768228351304634,52931,14550,42.0,136,0,0
1768228351306185,52931,14550,42.0,193,0,0
1768228351308716,52931,14550,48.0,32,0,0
1768228351309865,52931,14550,40.0,241,0,0
1768228351313113,52931,14550,61.0,147,0,0
1768228351314727,52931,14550,64.0,11030,0,0
1768228351418490,5760,58419,,264,1,0
1768228351419241,52931,14550,47.0,264,0,0
1768228351504932,52931,14550,48.0,163,0,0
1768228351506209,52931,14550,44.0,178,0,0
1768228351508184,52931,14550,48.0,30,0,0
1768228351509350,52931,14550,48.0,33,0,0
1768228351511788,52931,14550,37.0,74,0,0
1768228351513658,52931,14550,51.0,1,0,0
1768228351516339,52931,14550,22.0,125,0,0
1768228351517461,52931,14550,27.0,152,0,0
1768228351519055,52931,14550,44.0,62,0,0
1768228351520249,52931,14550,25.0,42,0,0
1768228351521561,52931,14550,32.0,36,0,0
1768228351523140,52931,14550,62.0,65,0,0
1768228351524802,52931,14550,49.0,27,0,0
1768228351526482,52931,14550,44.0,116,0,0
1768228351527583,52931,14550,42.0,129,0,0
1768228351529073,52931,14550,34.0,29,0,0
1768228351530527,52931,14550,34.0,137,0,0
1768228351532159,52931,14550,60.0,24,0,0
1768228351533455,52931,14550,53.0,124,0,0
1768228351534782,52931,14550,31.0,2,0,0
1768228351536672,52931,14550,64.0,164,0,0
1768228351538328,52931,14550,24.0,168,0,0
1768228351539314,52931,14550,42.0,136,0,0
1768228351540632,52931,14550,42.0,193,0,0
1768228351541904,52931,14550,48.0,32,0,0
1768228351543241,52931,14550,40.0,241,0,0
1768228351545095,52931,14550,61.0,147,0,0
1768228351546597,52931,14550,64.0,11030,0,0
1768228351559400,58419,5760,,0,1,0
1768228351756783,52931,14550,48.0,163,0,0
1768228351760881,52931,14550,44.0,178,0,0
1768228351763996,52931,14550,48.0,30,0,0
1768228351766836,52931,14550,48.0,33,0,0
1768228351769580,52931,14550,37.0,74,0,0
1768228351771787,52931,14550,51.0,1,0,0
1768228351774949,52931,14550,22.0,125,0,0
1768228351776835,52931,14550,27.0,152,0,0
1768228351778623,52931,14550,44.0,62,0,0
1768228351783318,52931,14550,25.0,42,0,0
1768228351785727,52931,14550,32.0,36,0,0
1768228351787652,52931,14550,62.0,65,0,0
1768228351789829,52931,14550,49.0,27,0,0
1768228351791908,52931,14550,44.0,116,0,0
1768228351793587,52931,14550,42.0,129,0,0
1768228351796115,52931,14550,34.0,29,0,0
1768228351799612,52931,14550,34.0,137,0,0
1768228351803403,52931,14550,60.0,24,0,0
1768228351805273,52931,14550,53.0,124,0,0
1768228351807145,52931,14550,31.0,2,0,0
1768228351809424,52931,14550,64.0,164,0,0
1768228351811117,52931,14550,24.0,168,0,0
1768228351812435,52931,14550,42.0,136,0,0
1768228351814293,52931,14550,42.0,193,0,0
1768228351816340,52931,14550,48.0,32,0,0
1768228351817847,52931,14550,40.0,241,0,0
1768228351820362,52931,14550,61.0,147,0,0
1768228351822515,52931,14550,64.0,11030,0,0
1768228351832338,5760,58419,,0,1,0
1768228351833974,52931,14550,29.0,0,0,0
1768228351924608,5760,58419,,264,1,0
1768228351925906,52931,14550,47.0,264,0,0
1768228352011362,52931,14550,48.0,163,0,0
1768228352014320,52931,14550,44.0,178,0,0
1768228352016632,52931,14550,48.0,30,0,0
1768228352018515,52931,14550,48.0,33,0,0
1768228352020247,52931,14550,37.0,74,0,0
1768228352021982,52931,14550,51.0,1,0,0
1768228352023476,52931,14550,22.0,125,0,0
1768228352024848,52931,14550,27.0,152,0,0
1768228352026714,52931,14550,44.0,62,0,0
1768228352028970,52931,14550,25.0,42,0,0
1768228352030723,52931,14550,32.0,36,0,0
1768228352032098,52931,14550,62.0,65,0,0
1768228352033767,52931,14550,49.0,27,0,0
1768228352035655,52931,14550,44.0,116,0,0
1768228352037832,52931,14550,42.0,129,0,0
1768228352039491,52931,14550,34.0,29,0,0
1768228352041203,52931,14550,34.0,137,0,0
1768228352043148,52931,14550,60.0,24,0,0
1768228352045055,52931,14550,53.0,124,0,0
1768228352046809,52931,14550,31.0,2,0,0
1768228352048366,52931,14550,64.0,164,0,0
1768228352049459,52931,14550,24.0,168,0,0
1768228352050910,52931,14550,42.0,136,0,0
1768228352052817,52931,14550,42.0,193,0,0
1768228352054318,52931,14550,48.0,32,0,0
1768228352055687,52931,14550,40.0,241,0,0
1768228352057288,52931,14550,61.0,147,0,0
1768228352058537,52931,14550,64.0,11030,0,0
1768228352254568,5760,58419,,253,1,0
1768228352256992,52931,14550,51.0,253,0,0
1768228352264148,52931,14550,48.0,163,0,0
1768228352266527,52931,14550,44.0,178,0,0
1768228352268829,52931,14550,48.0,30,0,0
1768228352273307,52931,14550,48.0,33,0,0
1768228352275781,52931,14550,37.0,74,0,0
1768228352277637,52931,14550,51.0,1,0,0
1768228352280201,52931,14550,22.0,125,0,0
1768228352281382,52931,14550,27.0,152,0,0
1768228352283040,52931,14550,44.0,62,0,0
1768228352284539,52931,14550,25.0,42,0,0
1768228352285945,52931,14550,32.0,36,0,0
1768228352288200,52931,14550,62.0,65,0,0
1768228352290028,52931,14550,49.0,27,0,0
1768228352293007,52931,14550,44.0,116,0,0
1768228352295413,52931,14550,42.0,129,0,0
1768228352298040,52931,14550,34.0,29,0,0
1768228352300555,52931,14550,34.0,137,0,0
1768228352302792,52931,14550,60.0,24,0,0
1768228352304196,52931,14550,53.0,124,0,0
1768228352306013,52931,14550,31.0,2,0,0
1768228352309342,52931,14550,64.0,164,0,0
1768228352311272,52931,14550,24.0,168,0,0
1768228352313086,52931,14550,42.0,136,0,0
1768228352314449,52931,14550,42.0,193,0,0
1768228352315892,52931,14550,48.0,32,0,0
1768228352319016,52931,14550,40.0,241,0,0
1768228352320564,52931,14550,61.0,147,0,0
1768228352323992,52931,14550,64.0,11030,0,0
1768228352424777,5760,58419,,264,1,0
1768228352425893,52931,14550,47.0,264,0,0
1768228352514061,52931,14550,48.0,163,0,0
1768228352516827,52931,14550,44.0,178,0,0
1768228352518834,52931,14550,48.0,30,0,0
1768228352520483,52931,14550,48.0,33,0,0
1768228352522273,52931,14550,37.0,74,0,0
1768228352531839,52931,14550,51.0,1,0,0
1768228352533243,52931,14550,22.0,125,0,0
1768228352534911,52931,14550,27.0,152,0,0
1768228352536340,52931,14550,44.0,62,0,0
1768228352537780,52931,14550,25.0,42,0,0
1768228352539381,52931,14550,32.0,36,0,0
1768228352541111,52931,14550,62.0,65,0,0
1768228352542923,52931,14550,49.0,27,0,0
1768228352544539,52931,14550,44.0,116,0,0
1768228352546398,52931,14550,42.0,129,0,0
1768228352548242,52931,14550,34.0,29,0,0
1768228352550088,52931,14550,34.0,137,0,0
1768228352551685,52931,14550,60.0,24,0,0
1768228352553037,52931,14550,53.0,124,0,0
1768228352554436,52931,14550,31.0,2,0,0
1768228352556021,52931,14550,64.0,164,0,0
1768228352557547,52931,14550,24.0,168,0,0
1768228352559324,52931,14550,42.0,136,0,0
1768228352560901,52931,14550,42.0,193,0,0
1768228352562328,52931,14550,48.0,32,0,0
1768228352563645,52931,14550,40.0,241,0,0
1768228352564853,52931,14550,61.0,147,0,0
1768228352566738,52931,14550,64.0,11030,0,0
1768228352568347,58419,5760,,0,1,0
1768228352763013,52931,14550,48.0,163,0,0
1768228352765059,52931,14550,44.0,178,0,0
1768228352768440,52931,14550,48.0,30,0,0
1768228352770525,52931,14550,48.0,33,0,0
1768228352772986,52931,14550,37.0,74,0,0
1768228352777228,52931,14550,51.0,1,0,0
1768228352779076,52931,14550,22.0,125,0,0
1768228352782227,52931,14550,27.0,152,0,0
1768228352784644,52931,14550,44.0,62,0,0
1768228352787305,52931,14550,25.0,42,0,0
1768228352789872,52931,14550,32.0,36,0,0
1768228352793118,52931,14550,62.0,65,0,0
1768228352796540,52931,14550,49.0,27,0,0
1768228352798105,52931,14550,44.0,116,0,0
1768228352800307,52931,14550,42.0,129,0,0
1768228352802507,52931,14550,34.0,29,0,0
1768228352804440,52931,14550,34.0,137,0,0
1768228352806567,52931,14550,60.0,24,0,0
1768228352808644,52931,14550,53.0,124,0,0
1768228352811179,52931,14550,31.0,2,0,0
1768228352813037,52931,14550,64.0,164,0,0
1768228352814887,52931,14550,24.0,168,0,0
1768228352817519,52931,14550,42.0,136,0,0
1768228352820684,52931,14550,42.0,193,0,0
1768228352822878,52931,14550,48.0,32,0,0
1768228352825592,52931,14550,40.0,241,0,0
1768228352827902,52931,14550,61.0,147,0,0
1768228352830051,52931,14550,64.0,11030,0,0
1768228352839791,5760,58419,,0,1,0
1768228352841712,52931,14550,29.0,0,0,0
1768228352929838,5760,58419,,264,1,0
1768228352931096,52931,14550,47.0,264,0,0
1768228353016386,52931,14550,48.0,163,0,0
1768228353019521,52931,14550,44.0,178,0,0
1768228353021413,52931,14550,48.0,30,0,0
1768228353022948,52931,14550,48.0,33,0,0
1768228353024744,52931,14550,37.0,74,0,0
1768228353026593,52931,14550,51.0,1,0,0
1768228353027982,52931,14550,22.0,125,0,0
1768228353029143,52931,14550,27.0,152,0,0
1768228353030587,52931,14550,44.0,62,0,0
1768228353032444,52931,14550,25.0,42,0,0
1768228353034038,52931,14550,32.0,36,0,0
1768228353035884,52931,14550,62.0,65,0,0
1768228353037246,52931,14550,49.0,27,0,0
1768228353038340,52931,14550,44.0,116,0,0
1768228353039529,52931,14550,42.0,129,0,0
1768228353041014,52931,14550,34.0,29,0,0
1768228353042895,52931,14550,34.0,137,0,0
1768228353044840,52931,14550,60.0,24,0,0
1768228353046059,52931,14550,53.0,124,0,0
1768228353047453,52931,14550,31.0,2,0,0
1768228353049039,52931,14550,64.0,164,0,0
1768228353050339,52931,14550,24.0,168,0,0
1768228353052089,52931,14550,42.0,136,0,0
1768228353053765,52931,14550,42.0,193,0,0
1768228353055331,52931,14550,48.0,32,0,0
1768228353056867,52931,14550,40.0,241,0,0
1768228353058780,52931,14550,61.0,147,0,0
1768228353060027,52931,14550,64.0,11030,0,0
1768228353269451,52931,14550,48.0,163,0,0
1768228353271416,52931,14550,44.0,178,0,0
1768228353272555,52931,14550,48.0,30,0,0
1768228353274098,52931,14550,48.0,33,0,0
1768228353274996,52931,14550,37.0,74,0,0
1768228353277654,52931,14550,51.0,1,0,0
1768228353278431,52931,14550,22.0,125,0,0
1768228353279594,52931,14550,27.0,152,0,0
1768228353281332,52931,14550,44.0,62,0,0
1768228353283175,52931,14550,25.0,42,0,0
1768228353285913,52931,14550,32.0,36,0,0
1768228353286883,52931,14550,62.0,65,0,0
1768228353288464,52931,14550,49.0,27,0,0
1768228353289185,52931,14550,44.0,116,0,0
1768228353292236,52931,14550,42.0,129,0,0
1768228353294305,52931,14550,34.0,29,0,0
1768228353295306,52931,14550,34.0,137,0,0
1768228353296199,52931,14550,60.0,24,0,0
1768228353296930,52931,14550,53.0,124,0,0
1768228353297880,52931,14550,31.0,2,0,0
1768228353298923,52931,14550,64.0,164,0,0
1768228353300435,52931,14550,24.0,168,0,0
1768228353302025,52931,14550,42.0,136,0,0
1768228353303877,52931,14550,42.0,193,0,0
1768228353305448,52931,14550,48.0,32,0,0
1768228353306392,52931,14550,40.0,241,0,0
1768228353307184,52931,14550,61.0,147,0,0
1768228353308403,52931,14550,64.0,11030,0,0
1768228353430771,5760,58419,,264,1,0
1768228353432184,52931,14550,47.0,264,0,0
1768228353518457,52931,14550,48.0,163,0,0
1768228353520736,52931,14550,44.0,178,0,0
1768228353523230,52931,14550,48.0,30,0,0
1768228353525439,52931,14550,48.0,33,0,0
1768228353529858,52931,14550,37.0,74,0,0
1768228353531592,52931,14550,51.0,1,0,0
1768228353534821,52931,14550,22.0,125,0,0
1768228353538008,52931,14550,27.0,152,0,0
1768228353539870,52931,14550,44.0,62,0,0
1768228353541557,52931,14550,25.0,42,0,0
1768228353543182,52931,14550,32.0,36,0,0
1768228353544481,52931,14550,62.0,65,0,0
1768228353546522,52931,14550,49.0,27,0,0
1768228353548100,52931,14550,44.0,116,0,0
1768228353549535,52931,14550,42.0,129,0,0
1768228353550837,52931,14550,34.0,29,0,0
1768228353552280,52931,14550,34.0,137,0,0
1768228353553348,52931,14550,60.0,24,0,0
1768228353554858,52931,14550,53.0,124,0,0
1768228353555916,52931,14550,31.0,2,0,0
1768228353557543,52931,14550,64.0,164,0,0
1768228353560668,52931,14550,24.0,168,0,0
1768228353562675,52931,14550,42.0,136,0,0
1768228353564575,52931,14550,42.0,193,0,0
1768228353566783,52931,14550,48.0,32,0,0
1768228353568198,52931,14550,40.0,241,0,0
1768228353570037,52931,14550,61.0,147,0,0
1768228353571906,52931,14550,64.0,11030,0,0
1768228353573631,58419,5760,,0,1,0
1768228353774989,52931,14550,48.0,163,0,0
1768228353778457,52931,14550,44.0,178,0,0
1768228353779916,52931,14550,48.0,30,0,0
1768228353781681,52931,14550,48.0,33,0,0
1768228353783502,52931,14550,37.0,74,0,0
1768228353785845,52931,14550,51.0,1,0,0
1768228353788760,52931,14550,22.0,125,0,0
1768228353791283,52931,14550,27.0,152,0,0
1768228353793353,52931,14550,44.0,62,0,0
1768228353795302,52931,14550,25.0,42,0,0
1768228353797282,52931,14550,32.0,36,0,0
1768228353799111,52931,14550,62.0,65,0,0
1768228353801342,52931,14550,49.0,27,0,0
1768228353804113,52931,14550,44.0,116,0,0
1768228353806012,52931,14550,42.0,129,0,0
1768228353807918,52931,14550,34.0,29,0,0
1768228353811059,52931,14550,34.0,137,0,0
1768228353814529,52931,14550,60.0,24,0,0
1768228353815585,52931,14550,53.0,124,0,0
1768228353816553,52931,14550,31.0,2,0,0
1768228353817345,52931,14550,64.0,164,0,0
1768228353818410,52931,14550,24.0,168,0,0
1768228353819747,52931,14550,42.0,136,0,0
1768228353823176,52931,14550,42.0,193,0,0
1768228353824426,52931,14550,48.0,32,0,0
1768228353826470,52931,14550,40.0,241,0,0
1768228353828919,52931,14550,61.0,147,0,0
1768228353830440,52931,14550,64.0,11030,0,0
1768228353842851,5760,58419,,0,1,0
1768228353844108,52931,14550,29.0,0,0,0
1768228353935333,5760,58419,,264,1,0
1768228353936363,52931,14550,47.0,264,0,0
1768228354023441,52931,14550,48.0,163,0,0
1768228354025228,52931,14550,44.0,178,0,0
1768228354026755,52931,14550,48.0,30,0,0
1768228354028095,52931,14550,48.0,33,0,0
1768228354030543,52931,14550,37.0,74,0,0
1768228354032982,52931,14550,51.0,1,0,0
1768228354035783,52931,14550,22.0,125,0,0
1768228354037021,52931,14550,27.0,152,0,0
1768228354038295,52931,14550,44.0,62,0,0
1768228354039196,52931,14550,25.0,42,0,0
1768228354040676,52931,14550,32.0,36,0,0
1768228354042008,52931,14550,62.0,65,0,0
1768228354042969,52931,14550,49.0,27,0,0
1768228354044718,52931,14550,44.0,116,0,0
1768228354045656,52931,14550,42.0,129,0,0
1768228354046819,52931,14550,34.0,29,0,0
1768228354047965,52931,14550,34.0,137,0,0
1768228354049160,52931,14550,60.0,24,0,0
1768228354050379,52931,14550,53.0,124,0,0
1768228354051983,52931,14550,31.0,2,0,0
1768228354053061,52931,14550,64.0,164,0,0
1768228354054595,52931,14550,24.0,168,0,0
1768228354055861,52931,14550,42.0,136,0,0
1768228354057079,52931,14550,42.0,193,0,0
1768228354058624,52931,14550,48.0,32,0,0
1768228354059875,52931,14550,40.0,241,0,0
1768228354061010,52931,14550,61.0,147,0,0
1768228354062668,52931,14550,64.0,11030,0,0
1768228354277105,52931,14550,48.0,163,0,0
1768228354278458,52931,14550,44.0,178,0,0
1768228354280627,52931,14550,48.0,30,0,0
1768228354282178,52931,14550,48.0,33,0,0
1768228354285675,52931,14550,37.0,74,0,0
1768228354286603,52931,14550,51.0,1,0,0
1768228354288506,52931,14550,22.0,125,0,0
1768228354289698,52931,14550,27.0,152,0,0
1768228354291196,52931,14550,44.0,62,0,0
1768228354292069,52931,14550,25.0,42,0,0
1768228354295558,52931,14550,32.0,36,0,0
1768228354297529,52931,14550,62.0,65,0,0
1768228354299176,52931,14550,49.0,27,0,0
1768228354302986,52931,14550,44.0,116,0,0
1768228354305336,52931,14550,42.0,129,0,0
1768228354306924,52931,14550,34.0,29,0,0
1768228354308777,52931,14550,34.0,137,0,0
1768228354310453,52931,14550,60.0,24,0,0
1768228354312458,52931,14550,53.0,124,0,0
1768228354314123,52931,14550,31.0,2,0,0
1768228354315987,52931,14550,64.0,164,0,0
1768228354317598,52931,14550,24.0,168,0,0
1768228354320035,52931,14550,42.0,136,0,0
1768228354322056,52931,14550,42.0,193,0,0
1768228354324319,52931,14550,48.0,32,0,0
1768228354326067,52931,14550,40.0,241,0,0
1768228354328383,52931,14550,61.0,147,0,0
1768228354329295,52931,14550,64.0,11030,0,0
1768228354439561,5760,58419,,264,1,0
1768228354440603,52931,14550,47.0,264,0,0
1768228354524619,52931,14550,48.0,163,0,0
1768228354525881,52931,14550,44.0,178,0,0
1768228354527304,52931,14550,48.0,30,0,0
1768228354528644,52931,14550,48.0,33,0,0
1768228354531079,52931,14550,37.0,74,0,0
1768228354532620,52931,14550,51.0,1,0,0
1768228354535744,52931,14550,22.0,125,0,0
1768228354537057,52931,14550,27.0,152,0,0
1768228354537978,52931,14550,44.0,62,0,0
1768228354539177,52931,14550,25.0,42,0,0
1768228354540312,52931,14550,32.0,36,0,0
1768228354541560,52931,14550,62.0,65,0,0
1768228354542625,52931,14550,49.0,27,0,0
1768228354543865,52931,14550,44.0,116,0,0
1768228354544742,52931,14550,42.0,129,0,0
1768228354545906,52931,14550,34.0,29,0,0
1768228354547160,52931,14550,34.0,137,0,0
1768228354548572,52931,14550,60.0,24,0,0
1768228354549785,52931,14550,53.0,124,0,0
1768228354550959,52931,14550,31.0,2,0,0
1768228354551965,52931,14550,64.0,164,0,0
1768228354552986,52931,14550,24.0,168,0,0
1768228354554582,52931,14550,42.0,136,0,0
1768228354555461,52931,14550,42.0,193,0,0
1768228354556595,52931,14550,48.0,32,0,0
1768228354558033,52931,14550,40.0,241,0,0
1768228354559091,52931,14550,61.0,147,0,0
1768228354560768,52931,14550,64.0,11030,0,0
1768228354573553,58419,5760,,0,1,0
1768228354775235,52931,14550,48.0,163,0,0
1768228354777334,52931,14550,44.0,178,0,0
1768228354779457,52931,14550,48.0,30,0,0
1768228354781903,52931,14550,48.0,33,0,0
1768228354783724,52931,14550,37.0,74,0,0
1768228354785203,52931,14550,51.0,1,0,0
1768228354786763,52931,14550,22.0,125,0,0
1768228354788092,52931,14550,27.0,152,0,0
1768228354789692,52931,14550,44.0,62,0,0
1768228354791267,52931,14550,25.0,42,0,0
1768228354792709,52931,14550,32.0,36,0,0
1768228354794985,52931,14550,62.0,65,0,0
1768228354797077,52931,14550,49.0,27,0,0
1768228354799298,52931,14550,44.0,116,0,0
1768228354800181,52931,14550,42.0,129,0,0
1768228354802037,52931,14550,34.0,29,0,0
1768228354803316,52931,14550,34.0,137,0,0
1768228354804598,52931,14550,60.0,24,0,0
1768228354806595,52931,14550,53.0,124,0,0
1768228354807482,52931,14550,31.0,2,0,0
1768228354808959,52931,14550,64.0,164,0,0
1768228354809826,52931,14550,24.0,168,0,0
1768228354811109,52931,14550,42.0,136,0,0
1768228354812428,52931,14550,42.0,193,0,0
1768228354813991,52931,14550,48.0,32,0,0
1768228354815504,52931,14550,40.0,241,0,0
1768228354817124,52931,14550,61.0,147,0,0
1768228354819025,52931,14550,64.0,11030,0,0
1768228354849988,5760,58419,,0,1,0
1768228354851236,52931,14550,29.0,0,0,0
1768228354933073,5760,58419,,111,1,0
1768228354934096,52931,14550,33.0,111,0,0
1768228354941942,5760,58419,,264,1,0
1768228354942959,52931,14550,47.0,264,0,0
1768228355026753,52931,14550,48.0,163,0,0
1768228355028083,52931,14550,44.0,178,0,0
1768228355029540,52931,14550,48.0,30,0,0
1768228355030592,52931,14550,48.0,33,0,0
1768228355032457,52931,14550,37.0,74,0,0
1768228355033755,52931,14550,51.0,1,0,0
1768228355034845,52931,14550,22.0,125,0,0
1768228355036037,52931,14550,27.0,152,0,0
1768228355037198,52931,14550,44.0,62,0,0
1768228355038097,52931,14550,25.0,42,0,0
1768228355039081,52931,14550,32.0,36,0,0
1768228355039952,52931,14550,62.0,65,0,0
1768228355041326,52931,14550,49.0,27,0,0
1768228355042390,52931,14550,44.0,116,0,0
1768228355043463,52931,14550,42.0,129,0,0
1768228355044852,52931,14550,34.0,29,0,0
1768228355046295,52931,14550,34.0,137,0,0
1768228355047495,52931,14550,60.0,24,0,0
1768228355048393,52931,14550,53.0,124,0,0
1768228355049370,52931,14550,31.0,2,0,0
1768228355050438,52931,14550,64.0,164,0,0
1768228355051572,52931,14550,24.0,168,0,0
1768228355052704,52931,14550,42.0,136,0,0
1768228355053588,52931,14550,42.0,193,0,0
1768228355054787,52931,14550,48.0,32,0,0
1768228355055712,52931,14550,40.0,241,0,0
1768228355057061,52931,14550,61.0,147,0,0
1768228355058398,52931,14550,64.0,11030,0,0
1768228355282847,52931,14550,48.0,163,0,0
1768228355284310,52931,14550,44.0,178,0,0
1768228355285248,52931,14550,48.0,30,0,0
1768228355287022,52931,14550,48.0,33,0,0
1768228355287917,52931,14550,37.0,74,0,0
1768228355289665,52931,14550,51.0,1,0,0
1768228355290671,52931,14550,22.0,125,0,0
1768228355292465,52931,14550,27.0,152,0,0
1768228355294105,52931,14550,44.0,62,0,0
1768228355296189,52931,14550,25.0,42,0,0
1768228355298668,52931,14550,32.0,36,0,0
1768228355300017,52931,14550,62.0,65,0,0
1768228355301760,52931,14550,49.0,27,0,0
1768228355303601,52931,14550,44.0,116,0,0
1768228355305217,52931,14550,42.0,129,0,0
1768228355306097,52931,14550,34.0,29,0,0
1768228355307254,52931,14550,34.0,137,0,0
1768228355313424,52931,14550,60.0,24,0,0
1768228355315228,52931,14550,53.0,124,0,0
1768228355317192,52931,14550,31.0,2,0,0
1768228355320267,52931,14550,64.0,164,0,0
1768228355321546,52931,14550,24.0,168,0,0
1768228355323559,52931,14550,42.0,136,0,0
1768228355325286,52931,14550,42.0,193,0,0
1768228355326168,52931,14550,48.0,32,0,0
1768228355327471,52931,14550,40.0,241,0,0
1768228355329200,52931,14550,61.0,147,0,0
1768228355331463,52931,14550,64.0,11030,0,0
1768228355443784,5760,58419,,264,1,0
1768228355444792,52931,14550,47.0,264,0,0
1768228355534235,52931,14550,48.0,163,0,0
1768228355535791,52931,14550,44.0,178,0,0
1768228355536968,52931,14550,48.0,30,0,0
1768228355538798,52931,14550,48.0,33,0,0
1768228355540181,52931,14550,37.0,74,0,0
1768228355543141,52931,14550,51.0,1,0,0
1768228355544331,52931,14550,22.0,125,0,0
1768228355545268,52931,14550,27.0,152,0,0
1768228355546465,52931,14550,44.0,62,0,0
1768228355547329,52931,14550,25.0,42,0,0
1768228355548590,52931,14550,32.0,36,0,0
1768228355549622,52931,14550,62.0,65,0,0
1768228355550885,52931,14550,49.0,27,0,0
1768228355551829,52931,14550,44.0,116,0,0
1768228355553210,52931,14550,42.0,129,0,0
1768228355554453,52931,14550,34.0,29,0,0
1768228355555423,52931,14550,34.0,137,0,0
1768228355556387,52931,14550,60.0,24,0,0
1768228355557584,52931,14550,53.0,124,0,0
1768228355558582,52931,14550,31.0,2,0,0
1768228355559939,52931,14550,64.0,164,0,0
1768228355560956,52931,14550,24.0,168,0,0
1768228355562261,52931,14550,42.0,136,0,0
1768228355563442,52931,14550,42.0,193,0,0
1768228355564704,52931,14550,48.0,32,0,0
1768228355565915,52931,14550,40.0,241,0,0
1768228355567063,52931,14550,61.0,147,0,0
1768228355567997,52931,14550,64.0,11030,0,0
1768228355580695,58419,5760,,0,1,0
1768228355782992,52931,14550,48.0,163,0,0
1768228355784064,52931,14550,44.0,178,0,0
1768228355785502,52931,14550,48.0,30,0,0
1768228355786897,52931,14550,48.0,33,0,0
1768228355789410,52931,14550,37.0,74,0,0
1768228355791123,52931,14550,51.0,1,0,0
1768228355792176,52931,14550,22.0,125,0,0
1768228355793557,52931,14550,27.0,152,0,0
1768228355796543,52931,14550,44.0,62,0,0
1768228355797968,52931,14550,25.0,42,0,0
1768228355799056,52931,14550,32.0,36,0,0
1768228355801981,52931,14550,62.0,65,0,0
1768228355803435,52931,14550,49.0,27,0,0
1768228355804889,52931,14550,44.0,116,0,0
1768228355806350,52931,14550,42.0,129,0,0
1768228355807284,52931,14550,34.0,29,0,0
1768228355809341,52931,14550,34.0,137,0,0
1768228355810543,52931,14550,60.0,24,0,0
1768228355814366,52931,14550,53.0,124,0,0
1768228355817571,52931,14550,31.0,2,0,0
1768228355819066,52931,14550,64.0,164,0,0
1768228355819955,52931,14550,24.0,168,0,0
1768228355821051,52931,14550,42.0,136,0,0
1768228355821917,52931,14550,42.0,193,0,0
1768228355823407,52931,14550,48.0,32,0,0
1768228355826157,52931,14550,40.0,241,0,0
1768228355830093,52931,14550,61.0,147,0,0
1768228355831823,52931,14550,64.0,11030,0,0
1768228355856568,5760,58419,,0,1,0
1768228355857659,52931,14550,29.0,0,0,0
1768228355947032,5760,58419,,264,1,0
1768228355947964,52931,14550,47.0,264,0,0
1768228356038151,52931,14550,48.0,163,0,0
1768228356040285,52931,14550,44.0,178,0,0
1768228356042311,52931,14550,48.0,30,0,0
1768228356043680,52931,14550,48.0,33,0,0
1768228356045183,52931,14550,37.0,74,0,0
1768228356046547,52931,14550,51.0,1,0,0
1768228356047513,52931,14550,22.0,125,0,0
1768228356048418,52931,14550,27.0,152,0,0
1768228356049741,52931,14550,44.0,62,0,0
1768228356050656,52931,14550,25.0,42,0,0
1768228356051988,52931,14550,32.0,36,0,0
1768228356053240,52931,14550,62.0,65,0,0
1768228356054196,52931,14550,49.0,27,0,0
1768228356055398,52931,14550,44.0,116,0,0
1768228356056353,52931,14550,42.0,129,0,0
1768228356057214,52931,14550,34.0,29,0,0
1768228356058574,52931,14550,34.0,137,0,0
1768228356059521,52931,14550,60.0,24,0,0
1768228356060794,52931,14550,53.0,124,0,0
1768228356062344,52931,14550,31.0,2,0,0
1768228356063305,52931,14550,64.0,164,0,0
1768228356064499,52931,14550,24.0,168,0,0
1768228356065402,52931,14550,42.0,136,0,0
1768228356066530,52931,14550,42.0,193,0,0
1768228356067753,52931,14550,48.0,32,0,0
1768228356068680,52931,14550,40.0,241,0,0
1768228356070121,52931,14550,61.0,147,0,0
1768228356071692,52931,14550,64.0,11030,0,0
1768228356289449,52931,14550,48.0,163,0,0
1768228356291420,52931,14550,44.0,178,0,0
1768228356293122,52931,14550,48.0,30,0,0
1768228356294193,52931,14550,48.0,33,0,0
1768228356296860,52931,14550,37.0,74,0,0
1768228356297963,52931,14550,51.0,1,0,0
1768228356299018,52931,14550,22.0,125,0,0
1768228356301357,52931,14550,27.0,152,0,0
1768228356302244,52931,14550,44.0,62,0,0
1768228356303753,52931,14550,25.0,42,0,0
1768228356304822,52931,14550,32.0,36,0,0
1768228356306434,52931,14550,62.0,65,0,0
1768228356307420,52931,14550,49.0,27,0,0
1768228356308689,52931,14550,44.0,116,0,0
1768228356311994,52931,14550,42.0,129,0,0
1768228356314862,52931,14550,34.0,29,0,0
1768228356316851,52931,14550,34.0,137,0,0
1768228356319310,52931,14550,60.0,24,0,0
1768228356322139,52931,14550,53.0,124,0,0
1768228356324092,52931,14550,31.0,2,0,0
1768228356325642,52931,14550,64.0,164,0,0
1768228356327543,52931,14550,24.0,168,0,0
1768228356328442,52931,14550,42.0,136,0,0
1768228356329269,52931,14550,42.0,193,0,0
1768228356331400,52931,14550,48.0,32,0,0
1768228356333209,52931,14550,40.0,241,0,0
1768228356334671,52931,14550,61.0,147,0,0
1768228356335901,52931,14550,64.0,11030,0,0
1768228356452963,5760,58419,,264,1,0
1768228356454003,52931,14550,47.0,264,0,0
1768228356539408,52931,14550,48.0,163,0,0
1768228356540938,52931,14550,44.0,178,0,0
1768228356542616,52931,14550,48.0,30,0,0
1768228356543648,52931,14550,48.0,33,0,0
1768228356545038,52931,14550,37.0,74,0,0
1768228356546520,52931,14550,51.0,1,0,0
1768228356548402,52931,14550,22.0,125,0,0
1768228356549826,52931,14550,27.0,152,0,0
1768228356552024,52931,14550,44.0,62,0,0
1768228356553293,52931,14550,25.0,42,0,0
1768228356554366,52931,14550,32.0,36,0,0
1768228356556061,52931,14550,62.0,65,0,0
1768228356557327,52931,14550,49.0,27,0,0
1768228356558338,52931,14550,44.0,116,0,0
1768228356559529,52931,14550,42.0,129,0,0
1768228356560494,52931,14550,34.0,29,0,0
1768228356562416,52931,14550,34.0,137,0,0
1768228356563675,52931,14550,60.0,24,0,0
1768228356564750,52931,14550,53.0,124,0,0
1768228356565650,52931,14550,31.0,2,0,0
1768228356566797,52931,14550,64.0,164,0,0
1768228356567924,52931,14550,24.0,168,0,0
1768228356568980,52931,14550,42.0,136,0,0
1768228356570126,52931,14550,42.0,193,0,0
1768228356571509,52931,14550,48.0,32,0,0
1768228356572800,52931,14550,40.0,241,0,0
1768228356573938,52931,14550,61.0,147,0,0
1768228356575062,52931,14550,64.0,11030,0,0
1768228356587309,58419,5760,,0,1,0
1768228356792243,52931,14550,48.0,163,0,0
1768228356794745,52931,14550,44.0,178,0,0
1768228356796877,52931,14550,48.0,30,0,0
1768228356798421,52931,14550,48.0,33,0,0
1768228356799766,52931,14550,37.0,74,0,0
1768228356802287,52931,14550,51.0,1,0,0
1768228356807384,52931,14550,22.0,125,0,0
1768228356808897,52931,14550,27.0,152,0,0
1768228356810676,52931,14550,44.0,62,0,0
1768228356811545,52931,14550,25.0,42,0,0
1768228356813750,52931,14550,32.0,36,0,0
1768228356814823,52931,14550,62.0,65,0,0
1768228356816502,52931,14550,49.0,27,0,0
1768228356818442,52931,14550,44.0,116,0,0
1768228356819620,52931,14550,42.0,129,0,0
1768228356821281,52931,14550,34.0,29,0,0
1768228356824964,52931,14550,34.0,137,0,0
1768228356827416,52931,14550,60.0,24,0,0
1768228356829281,52931,14550,53.0,124,0,0
1768228356830640,52931,14550,31.0,2,0,0
1768228356831879,52931,14550,64.0,164,0,0
1768228356833251,52931,14550,24.0,168,0,0
1768228356834496,52931,14550,42.0,136,0,0
1768228356838744,52931,14550,42.0,193,0,0
1768228356840666,52931,14550,48.0,32,0,0
1768228356846393,52931,14550,40.0,241,0,0
1768228356849220,52931,14550,61.0,147,0,0
1768228356850471,52931,14550,64.0,11030,0,0
1768228356863978,5760,58419,,0,1,0
1768228356865050,52931,14550,29.0,0,0,0
1768228356955288,5760,58419,,264,1,0
1768228356956432,52931,14550,47.0,264,0,0
1768228357041502,52931,14550,48.0,163,0,0
1768228357042871,52931,14550,44.0,178,0,0
1768228357044886,52931,14550,48.0,30,0,0
1768228357046883,52931,14550,48.0,33,0,0
1768228357049247,52931,14550,37.0,74,0,0
1768228357050334,52931,14550,51.0,1,0,0
1768228357051290,52931,14550,22.0,125,0,0
1768228357052516,52931,14550,27.0,152,0,0
1768228357053404,52931,14550,44.0,62,0,0
1768228357055874,52931,14550,25.0,42,0,0
1768228357058041,52931,14550,32.0,36,0,0
1768228357059904,52931,14550,62.0,65,0,0
1768228357061607,52931,14550,49.0,27,0,0
1768228357063067,52931,14550,44.0,116,0,0
1768228357064988,52931,14550,42.0,129,0,0
1768228357066501,52931,14550,34.0,29,0,0
1768228357068434,52931,14550,34.0,137,0,0
1768228357070035,52931,14550,60.0,24,0,0
1768228357071782,52931,14550,53.0,124,0,0
1768228357073732,52931,14550,31.0,2,0,0
1768228357075588,52931,14550,64.0,164,0,0
1768228357077464,52931,14550,24.0,168,0,0
1768228357079264,52931,14550,42.0,136,0,0
1768228357082181,52931,14550,42.0,193,0,0
1768228357084018,52931,14550,48.0,32,0,0
1768228357086067,52931,14550,40.0,241,0,0
1768228357087875,52931,14550,61.0,147,0,0
1768228357089370,52931,14550,64.0,11030,0,0
1768228357293126,52931,14550,48.0,163,0,0
1768228357294185,52931,14550,44.0,178,0,0
1768228357295887,52931,14550,48.0,30,0,0
1768228357297082,52931,14550,48.0,33,0,0
1768228357298068,52931,14550,37.0,74,0,0
1768228357301919,52931,14550,51.0,1,0,0
1768228357303756,52931,14550,22.0,125,0,0
1768228357304820,52931,14550,27.0,152,0,0
1768228357305781,52931,14550,44.0,62,0,0
1768228357306775,52931,14550,25.0,42,0,0
1768228357308338,52931,14550,32.0,36,0,0
1768228357310754,52931,14550,62.0,65,0,0
1768228357311970,52931,14550,49.0,27,0,0
1768228357314090,52931,14550,44.0,116,0,0
1768228357315022,52931,14550,42.0,129,0,0
1768228357316737,52931,14550,34.0,29,0,0
1768228357319254,52931,14550,34.0,137,0,0
1768228357320967,52931,14550,60.0,24,0,0
1768228357323612,52931,14550,53.0,124,0,0
1768228357326144,52931,14550,31.0,2,0,0
1768228357327370,52931,14550,64.0,164,0,0
1768228357329386,52931,14550,24.0,168,0,0
1768228357332314,52931,14550,42.0,136,0,0
1768228357334227,52931,14550,42.0,193,0,0
1768228357335239,52931,14550,48.0,32,0,0
1768228357336758,52931,14550,40.0,241,0,0
1768228357338558,52931,14550,61.0,147,0,0
1768228357340320,52931,14550,64.0,11030,0,0
1768228357457481,5760,58419,,264,1,0
1768228357458517,52931,14550,47.0,264,0,0
1768228357541017,52931,14550,48.0,163,0,0
1768228357542975,52931,14550,44.0,178,0,0
1768228357544140,52931,14550,48.0,30,0,0
1768228357545753,52931,14550,48.0,33,0,0
1768228357546768,52931,14550,37.0,74,0,0
1768228357547712,52931,14550,51.0,1,0,0
1768228357548868,52931,14550,22.0,125,0,0
1768228357549719,52931,14550,27.0,152,0,0
1768228357550977,52931,14550,44.0,62,0,0
1768228357552198,52931,14550,25.0,42,0,0
1768228357553448,52931,14550,32.0,36,0,0
1768228357554497,52931,14550,62.0,65,0,0
1768228357555665,52931,14550,49.0,27,0,0
1768228357556753,52931,14550,44.0,116,0,0
1768228357558055,52931,14550,42.0,129,0,0
1768228357559008,52931,14550,34.0,29,0,0
1768228357560126,52931,14550,34.0,137,0,0
1768228357561304,52931,14550,60.0,24,0,0
1768228357562338,52931,14550,53.0,124,0,0
1768228357563346,52931,14550,31.0,2,0,0
1768228357564521,52931,14550,64.0,164,0,0
1768228357565387,52931,14550,24.0,168,0,0
1768228357566401,52931,14550,42.0,136,0,0
1768228357567414,52931,14550,42.0,193,0,0
1768228357568545,52931,14550,48.0,32,0,0
1768228357569453,52931,14550,40.0,241,0,0
1768228357570414,52931,14550,61.0,147,0,0
1768228357571611,52931,14550,64.0,11030,0,0
1768228357594617,58419,5760,,0,1,0
1768228357793980,52931,14550,48.0,163,0,0
1768228357795867,52931,14550,44.0,178,0,0
1768228357797130,52931,14550,48.0,30,0,0
1768228357799036,52931,14550,48.0,33,0,0
1768228357800142,52931,14550,37.0,74,0,0
1768228357801635,52931,14550,51.0,1,0,0
1768228357804150,52931,14550,22.0,125,0,0
1768228357807129,52931,14550,27.0,152,0,0
1768228357810728,52931,14550,44.0,62,0,0
1768228357812829,52931,14550,25.0,42,0,0
1768228357816104,52931,14550,32.0,36,0,0
1768228357818057,52931,14550,62.0,65,0,0
1768228357819735,52931,14550,49.0,27,0,0
1768228357821709,52931,14550,44.0,116,0,0
1768228357824007,52931,14550,42.0,129,0,0
1768228357825914,52931,14550,34.0,29,0,0
1768228357827378,52931,14550,34.0,137,0,0
1768228357829211,52931,14550,60.0,24,0,0
1768228357831064,52931,14550,53.0,124,0,0
1768228357832493,52931,14550,31.0,2,0,0
1768228357833369,52931,14550,64.0,164,0,0
1768228357834443,52931,14550,24.0,168,0,0
1768228357835079,52931,14550,42.0,136,0,0
1768228357835693,52931,14550,42.0,193,0,0
1768228357836786,52931,14550,48.0,32,0,0
1768228357838618,52931,14550,40.0,241,0,0
1768228357839504,52931,14550,61.0,147,0,0
1768228357841453,52931,14550,64.0,11030,0,0
1768228357866121,5760,58419,,0,1,0
1768228357866982,52931,14550,29.0,0,0,0
1768228357962517,5760,58419,,264,1,0
1768228357963461,52931,14550,47.0,264,0,0
1768228358045097,52931,14550,48.0,163,0,0
1768228358045841,52931,14550,44.0,178,0,0
1768228358046847,52931,14550,48.0,30,0,0
1768228358047599,52931,14550,48.0,33,0,0
1768228358048209,52931,14550,37.0,74,0,0
1768228358049528,52931,14550,51.0,1,0,0
1768228358051980,52931,14550,22.0,125,0,0
1768228358053073,52931,14550,27.0,152,0,0
1768228358054095,52931,14550,44.0,62,0,0
1768228358055161,52931,14550,25.0,42,0,0
1768228358055983,52931,14550,32.0,36,0,0
1768228358056649,52931,14550,62.0,65,0,0
1768228358057549,52931,14550,49.0,27,0,0
1768228358058168,52931,14550,44.0,116,0,0
1768228358058794,52931,14550,42.0,129,0,0
1768228358059660,52931,14550,34.0,29,0,0
1768228358060459,52931,14550,34.0,137,0,0
1768228358061225,52931,14550,60.0,24,0,0
1768228358061936,52931,14550,53.0,124,0,0
1768228358062881,52931,14550,31.0,2,0,0
1768228358063856,52931,14550,64.0,164,0,0
1768228358064543,52931,14550,24.0,168,0,0
1768228358065284,52931,14550,42.0,136,0,0
1768228358066151,52931,14550,42.0,193,0,0
1768228358066959,52931,14550,48.0,32,0,0
1768228358067819,52931,14550,40.0,241,0,0
1768228358068540,52931,14550,61.0,147,0,0
1768228358069456,52931,14550,64.0,11030,0,0
1768228358296104,52931,14550,48.0,163,0,0
1768228358297210,52931,14550,44.0,178,0,0
1768228358298466,52931,14550,48.0,30,0,0
1768228358300063,52931,14550,48.0,33,0,0
1768228358301127,52931,14550,37.0,74,0,0
1768228358302966,52931,14550,51.0,1,0,0
1768228358305082,52931,14550,22.0,125,0,0
1768228358306435,52931,14550,27.0,152,0,0
1768228358307262,52931,14550,44.0,62,0,0
1768228358309071,52931,14550,25.0,42,0,0
1768228358310373,52931,14550,32.0,36,0,0
1768228358311638,52931,14550,62.0,65,0,0
1768228358312944,52931,14550,49.0,27,0,0
1768228358315783,52931,14550,44.0,116,0,0
1768228358316889,52931,14550,42.0,129,0,0
1768228358318210,52931,14550,34.0,29,0,0
1768228358319030,52931,14550,34.0,137,0,0
1768228358320914,52931,14550,60.0,24,0,0
1768228358322544,52931,14550,53.0,124,0,0
1768228358323361,52931,14550,31.0,2,0,0
1768228358324627,52931,14550,64.0,164,0,0
1768228358326100,52931,14550,24.0,168,0,0
1768228358328845,52931,14550,42.0,136,0,0
1768228358329794,52931,14550,42.0,193,0,0
1768228358331549,52931,14550,48.0,32,0,0
1768228358333286,52931,14550,40.0,241,0,0
1768228358334513,52931,14550,61.0,147,0,0
1768228358335695,52931,14550,64.0,11030,0,0
1768228358464477,5760,58419,,264,1,0
1768228358465274,52931,14550,47.0,264,0,0
1768228358545754,52931,14550,48.0,163,0,0
1768228358546717,52931,14550,44.0,178,0,0
1768228358547786,52931,14550,48.0,30,0,0
1768228358548380,52931,14550,48.0,33,0,0
1768228358549064,52931,14550,37.0,74,0,0
1768228358549758,52931,14550,51.0,1,0,0
1768228358550294,52931,14550,22.0,125,0,0
1768228358550959,52931,14550,27.0,152,0,0
1768228358551470,52931,14550,44.0,62,0,0
1768228358552106,52931,14550,25.0,42,0,0
1768228358552650,52931,14550,32.0,36,0,0
1768228358553384,52931,14550,62.0,65,0,0
1768228358554003,52931,14550,49.0,27,0,0
1768228358554482,52931,14550,44.0,116,0,0
1768228358555211,52931,14550,42.0,129,0,0
1768228358555781,52931,14550,34.0,29,0,0
1768228358556264,52931,14550,34.0,137,0,0
1768228358556968,52931,14550,60.0,24,0,0
1768228358557649,52931,14550,53.0,124,0,0
1768228358558223,52931,14550,31.0,2,0,0
1768228358558533,52931,14550,64.0,164,0,0
1768228358558952,52931,14550,24.0,168,0,0
1768228358559332,52931,14550,42.0,136,0,0
1768228358559646,52931,14550,42.0,193,0,0
1768228358559918,52931,14550,48.0,32,0,0
1768228358560173,52931,14550,40.0,241,0,0
1768228358560729,52931,14550,61.0,147,0,0
1768228358561073,52931,14550,64.0,11030,0,0
1768228358604649,58419,5760,,0,1,0
1768228358802474,52931,14550,48.0,163,0,0
1768228358804114,52931,14550,44.0,178,0,0
1768228358805608,52931,14550,48.0,30,0,0
1768228358808575,52931,14550,48.0,33,0,0
1768228358809882,52931,14550,37.0,74,0,0
1768228358810745,52931,14550,51.0,1,0,0
1768228358811962,52931,14550,22.0,125,0,0
1768228358812933,52931,14550,27.0,152,0,0
1768228358813947,52931,14550,44.0,62,0,0
1768228358816830,52931,14550,25.0,42,0,0
1768228358818361,52931,14550,32.0,36,0,0
1768228358820438,52931,14550,62.0,65,0,0
1768228358822228,52931,14550,49.0,27,0,0
1768228358824543,52931,14550,44.0,116,0,0
1768228358826404,52931,14550,42.0,129,0,0
1768228358828069,52931,14550,34.0,29,0,0
1768228358830492,52931,14550,34.0,137,0,0
1768228358831911,52931,14550,60.0,24,0,0
1768228358833665,52931,14550,53.0,124,0,0
1768228358834947,52931,14550,31.0,2,0,0
1768228358836563,52931,14550,64.0,164,0,0
1768228358838306,52931,14550,24.0,168,0,0
1768228358839822,52931,14550,42.0,136,0,0
1768228358841964,52931,14550,42.0,193,0,0
1768228358843772,52931,14550,48.0,32,0,0
1768228358846331,52931,14550,40.0,241,0,0
1768228358848148,52931,14550,61.0,147,0,0
1768228358849977,52931,14550,64.0,11030,0,0
1768228358869206,5760,58419,,0,1,0
1768228358870314,52931,14550,29.0,0,0,0
1768228358965816,5760,58419,,264,1,0
1768228358966860,52931,14550,47.0,264,0,0
1768228359052849,52931,14550,48.0,163,0,0
1768228359053391,52931,14550,44.0,178,0,0
1768228359053910,52931,14550,48.0,30,0,0
1768228359054748,52931,14550,48.0,33,0,0
1768228359055609,52931,14550,37.0,74,0,0
1768228359056093,52931,14550,51.0,1,0,0
1768228359056687,52931,14550,22.0,125,0,0
1768228359056975,52931,14550,27.0,152,0,0
1768228359057160,52931,14550,44.0,62,0,0
1768228359057322,52931,14550,25.0,42,0,0
1768228359057595,52931,14550,32.0,36,0,0
1768228359057831,52931,14550,62.0,65,0,0
1768228359058019,52931,14550,49.0,27,0,0
1768228359058188,52931,14550,44.0,116,0,0
1768228359058381,52931,14550,42.0,129,0,0
1768228359058667,52931,14550,34.0,29,0,0
1768228359058869,52931,14550,34.0,137,0,0
1768228359059366,52931,14550,60.0,24,0,0
1768228359059683,52931,14550,53.0,124,0,0
1768228359059928,52931,14550,31.0,2,0,0
1768228359060212,52931,14550,64.0,164,0,0
1768228359060664,52931,14550,24.0,168,0,0
1768228359060972,52931,14550,42.0,136,0,0
1768228359061392,52931,14550,42.0,193,0,0
1768228359061602,52931,14550,48.0,32,0,0
1768228359061839,52931,14550,40.0,241,0,0
1768228359062028,52931,14550,61.0,147,0,0
1768228359062209,52931,14550,64.0,11030,0,0
1768228359304425,52931,14550,48.0,163,0,0
1768228359306133,52931,14550,44.0,178,0,0
1768228359307580,52931,14550,48.0,30,0,0
1768228359309102,52931,14550,48.0,33,0,0
1768228359310022,52931,14550,37.0,74,0,0
1768228359311347,52931,14550,51.0,1,0,0
1768228359313471,52931,14550,22.0,125,0,0
1768228359314828,52931,14550,27.0,152,0,0
1768228359316153,52931,14550,44.0,62,0,0
1768228359317638,52931,14550,25.0,42,0,0
1768228359319139,52931,14550,32.0,36,0,0
1768228359321367,52931,14550,62.0,65,0,0
1768228359325298,52931,14550,49.0,27,0,0
1768228359327529,52931,14550,44.0,116,0,0
1768228359328794,52931,14550,42.0,129,0,0
1768228359329665,52931,14550,34.0,29,0,0
1768228359331207,52931,14550,34.0,137,0,0
1768228359333194,52931,14550,60.0,24,0,0
1768228359334925,52931,14550,53.0,124,0,0
1768228359336472,52931,14550,31.0,2,0,0
1768228359337995,52931,14550,64.0,164,0,0
1768228359340208,52931,14550,24.0,168,0,0
1768228359342759,52931,14550,42.0,136,0,0
1768228359343802,52931,14550,42.0,193,0,0
1768228359348689,52931,14550,48.0,32,0,0
1768228359350047,52931,14550,40.0,241,0,0
1768228359351904,52931,14550,61.0,147,0,0
1768228359354013,52931,14550,64.0,11030,0,0
1768228359465470,5760,58419,,264,1,0
1768228359466547,52931,14550,47.0,264,0,0
1768228359554619,52931,14550,48.0,163,0,0
1768228359556030,52931,14550,44.0,178,0,0
1768228359558203,52931,14550,48.0,30,0,0
1768228359559865,52931,14550,48.0,33,0,0
1768228359561431,52931,14550,37.0,74,0,0
1768228359562873,52931,14550,51.0,1,0,0
1768228359564112,52931,14550,22.0,125,0,0
1768228359565510,52931,14550,27.0,152,0,0
1768228359566563,52931,14550,44.0,62,0,0
1768228359567457,52931,14550,25.0,42,0,0
1768228359568707,52931,14550,32.0,36,0,0
1768228359569612,52931,14550,62.0,65,0,0
1768228359570903,52931,14550,49.0,27,0,0
1768228359572103,52931,14550,44.0,116,0,0
1768228359573613,52931,14550,42.0,129,0,0
1768228359574780,52931,14550,34.0,29,0,0
1768228359576168,52931,14550,34.0,137,0,0
1768228359577132,52931,14550,60.0,24,0,0
1768228359578013,52931,14550,53.0,124,0,0
1768228359579204,52931,14550,31.0,2,0,0
1768228359580546,52931,14550,64.0,164,0,0
1768228359581595,52931,14550,24.0,168,0,0
1768228359582438,52931,14550,42.0,136,0,0
1768228359583775,52931,14550,42.0,193,0,0
1768228359584825,52931,14550,48.0,32,0,0
1768228359585873,52931,14550,40.0,241,0,0
1768228359587270,52931,14550,61.0,147,0,0
1768228359588575,52931,14550,64.0,11030,0,0
1768228359612424,58419,5760,,0,1,0
1768228359806558,52931,14550,48.0,163,0,0
1768228359809923,52931,14550,44.0,178,0,0
1768228359811403,52931,14550,48.0,30,0,0
1768228359812651,52931,14550,48.0,33,0,0
1768228359818389,52931,14550,37.0,74,0,0
1768228359819995,52931,14550,51.0,1,0,0
1768228359821622,52931,14550,22.0,125,0,0
1768228359824950,52931,14550,27.0,152,0,0
1768228359826858,52931,14550,44.0,62,0,0
1768228359828403,52931,14550,25.0,42,0,0
1768228359829979,52931,14550,32.0,36,0,0
1768228359832620,52931,14550,62.0,65,0,0
1768228359835224,52931,14550,49.0,27,0,0
1768228359836887,52931,14550,44.0,116,0,0
1768228359837792,52931,14550,42.0,129,0,0
1768228359839280,52931,14550,34.0,29,0,0
1768228359842172,52931,14550,34.0,137,0,0
1768228359843805,52931,14550,60.0,24,0,0
1768228359846099,52931,14550,53.0,124,0,0
1768228359848607,52931,14550,31.0,2,0,0
1768228359850135,52931,14550,64.0,164,0,0
1768228359852234,52931,14550,24.0,168,0,0
1768228359854548,52931,14550,42.0,136,0,0
1768228359855931,52931,14550,42.0,193,0,0
1768228359857699,52931,14550,48.0,32,0,0
1768228359859069,52931,14550,40.0,241,0,0
1768228359860568,52931,14550,61.0,147,0,0
1768228359862957,52931,14550,64.0,11030,0,0
1768228359879950,5760,58419,,0,1,0
1768228359881252,52931,14550,29.0,0,0,0
1768228359968326,5760,58419,,264,1,0
1768228359968779,52931,14550,47.0,264,0,0
1768228360058012,52931,14550,48.0,163,0,0
1768228360059922,52931,14550,44.0,178,0,0
1768228360060821,52931,14550,48.0,30,0,0
1768228360062258,52931,14550,48.0,33,0,0
1768228360064493,52931,14550,37.0,74,0,0
1768228360065855,52931,14550,51.0,1,0,0
1768228360068783,52931,14550,22.0,125,0,0
1768228360069671,52931,14550,27.0,152,0,0
1768228360071025,52931,14550,44.0,62,0,0
1768228360072388,52931,14550,25.0,42,0,0
1768228360073695,52931,14550,32.0,36,0,0
1768228360074888,52931,14550,62.0,65,0,0
1768228360076460,52931,14550,49.0,27,0,0
1768228360077449,52931,14550,44.0,116,0,0
1768228360078658,52931,14550,42.0,129,0,0
1768228360079602,52931,14550,34.0,29,0,0
1768228360080549,52931,14550,34.0,137,0,0
1768228360082106,52931,14550,60.0,24,0,0
1768228360083141,52931,14550,53.0,124,0,0
1768228360084034,52931,14550,31.0,2,0,0
1768228360085168,52931,14550,64.0,164,0,0
1768228360086203,52931,14550,24.0,168,0,0
1768228360087059,52931,14550,42.0,136,0,0
1768228360088246,52931,14550,42.0,193,0,0
1768228360089315,52931,14550,48.0,32,0,0
1768228360090607,52931,14550,40.0,241,0,0
1768228360091681,52931,14550,61.0,147,0,0
1768228360092643,52931,14550,64.0,11030,0,0
1768228360308931,52931,14550,48.0,163,0,0
1768228360312279,52931,14550,44.0,178,0,0
1768228360313640,52931,14550,48.0,30,0,0
1768228360315361,52931,14550,48.0,33,0,0
1768228360316926,52931,14550,37.0,74,0,0
1768228360318329,52931,14550,51.0,1,0,0
1768228360319391,52931,14550,22.0,125,0,0
1768228360320992,52931,14550,27.0,152,0,0
1768228360322786,52931,14550,44.0,62,0,0
1768228360327587,52931,14550,25.0,42,0,0
1768228360329693,52931,14550,32.0,36,0,0
1768228360330988,52931,14550,62.0,65,0,0
1768228360331960,52931,14550,49.0,27,0,0
1768228360334394,52931,14550,44.0,116,0,0
1768228360335736,52931,14550,42.0,129,0,0
1768228360336754,52931,14550,34.0,29,0,0
1768228360338188,52931,14550,34.0,137,0,0
1768228360339227,52931,14550,60.0,24,0,0
1768228360340726,52931,14550,53.0,124,0,0
1768228360345235,52931,14550,31.0,2,0,0
1768228360346697,52931,14550,64.0,164,0,0
1768228360347847,52931,14550,24.0,168,0,0
1768228360350726,52931,14550,42.0,136,0,0
1768228360354759,52931,14550,42.0,193,0,0
1768228360356606,52931,14550,48.0,32,0,0
1768228360357469,52931,14550,40.0,241,0,0
1768228360360209,52931,14550,61.0,147,0,0
1768228360362355,52931,14550,64.0,11030,0,0
1768228360473086,5760,58419,,264,1,0
1768228360474329,52931,14550,47.0,264,0,0
1768228360561456,52931,14550,48.0,163,0,0
1768228360563862,52931,14550,44.0,178,0,0
1768228360565092,52931,14550,48.0,30,0,0
1768228360566485,52931,14550,48.0,33,0,0
1768228360567685,52931,14550,37.0,74,0,0
1768228360569319,52931,14550,51.0,1,0,0
1768228360570253,52931,14550,22.0,125,0,0
1768228360571638,52931,14550,27.0,152,0,0
1768228360572766,52931,14550,44.0,62,0,0
1768228360574124,52931,14550,25.0,42,0,0
1768228360575265,52931,14550,32.0,36,0,0
1768228360576294,52931,14550,62.0,65,0,0
1768228360577315,52931,14550,49.0,27,0,0
1768228360578560,52931,14550,44.0,116,0,0
1768228360579453,52931,14550,42.0,129,0,0
1768228360580302,52931,14550,34.0,29,0,0
1768228360581438,52931,14550,34.0,137,0,0
1768228360582416,52931,14550,60.0,24,0,0
1768228360584127,52931,14550,53.0,124,0,0
1768228360585374,52931,14550,31.0,2,0,0
1768228360586245,52931,14550,64.0,164,0,0
1768228360587161,52931,14550,24.0,168,0,0
1768228360588348,52931,14550,42.0,136,0,0
1768228360589444,52931,14550,42.0,193,0,0
1768228360590498,52931,14550,48.0,32,0,0
1768228360591683,52931,14550,40.0,241,0,0
1768228360593016,52931,14550,61.0,147,0,0
1768228360594319,52931,14550,64.0,11030,0,0
1768228360618277,58419,5760,,0,1,0
1768228360811209,52931,14550,48.0,163,0,0
1768228360813097,52931,14550,44.0,178,0,0
1768228360816246,52931,14550,48.0,30,0,0
1768228360817877,52931,14550,48.0,33,0,0
1768228360822540,52931,14550,37.0,74,0,0
1768228360823472,52931,14550,51.0,1,0,0
1768228360826821,52931,14550,22.0,125,0,0
1768228360828013,52931,14550,27.0,152,0,0
1768228360829447,52931,14550,44.0,62,0,0
1768228360831088,52931,14550,25.0,42,0,0
1768228360833147,52931,14550,32.0,36,0,0
1768228360834809,52931,14550,62.0,65,0,0
1768228360836731,52931,14550,49.0,27,0,0
1768228360838060,52931,14550,44.0,116,0,0
1768228360839936,52931,14550,42.0,129,0,0
1768228360841432,52931,14550,34.0,29,0,0
1768228360842991,52931,14550,34.0,137,0,0
1768228360847798,52931,14550,60.0,24,0,0
1768228360848936,52931,14550,53.0,124,0,0
1768228360850963,52931,14550,31.0,2,0,0
1768228360852021,52931,14550,64.0,164,0,0
1768228360853300,52931,14550,24.0,168,0,0
1768228360855087,52931,14550,42.0,136,0,0
1768228360856002,52931,14550,42.0,193,0,0
1768228360856944,52931,14550,48.0,32,0,0
1768228360860123,52931,14550,40.0,241,0,0
1768228360862783,52931,14550,61.0,147,0,0
1768228360864371,52931,14550,64.0,11030,0,0
1768228360883470,5760,58419,,0,1,0
1768228360884583,52931,14550,29.0,0,0,0
1768228360973092,5760,58419,,264,1,0
1768228360974251,52931,14550,47.0,264,0,0
1768228361064194,52931,14550,48.0,163,0,0
1768228361065296,52931,14550,44.0,178,0,0
1768228361066759,52931,14550,48.0,30,0,0
1768228361068388,52931,14550,48.0,33,0,0
1768228361070227,52931,14550,37.0,74,0,0
1768228361071738,52931,14550,51.0,1,0,0
1768228361073510,52931,14550,22.0,125,0,0
1768228361075463,52931,14550,27.0,152,0,0
1768228361076372,52931,14550,44.0,62,0,0
1768228361077717,52931,14550,25.0,42,0,0
1768228361079361,52931,14550,32.0,36,0,0
1768228361080395,52931,14550,62.0,65,0,0
1768228361081874,52931,14550,49.0,27,0,0
1768228361084036,52931,14550,44.0,116,0,0
1768228361085429,52931,14550,42.0,129,0,0
1768228361086739,52931,14550,34.0,29,0,0
1768228361088786,52931,14550,34.0,137,0,0
1768228361090639,52931,14550,60.0,24,0,0
1768228361091527,52931,14550,53.0,124,0,0
1768228361093129,52931,14550,31.0,2,0,0
1768228361096232,52931,14550,64.0,164,0,0
1768228361097293,52931,14550,24.0,168,0,0
1768228361100661,52931,14550,42.0,136,0,0
1768228361101861,52931,14550,42.0,193,0,0
1768228361103089,52931,14550,48.0,32,0,0
1768228361104247,52931,14550,40.0,241,0,0
1768228361105286,52931,14550,61.0,147,0,0
1768228361106397,52931,14550,64.0,11030,0,0
1768228361311154,52931,14550,48.0,163,0,0
1768228361313396,52931,14550,44.0,178,0,0
1768228361314292,52931,14550,48.0,30,0,0
1768228361315766,52931,14550,48.0,33,0,0
1768228361317015,52931,14550,37.0,74,0,0
1768228361319935,52931,14550,51.0,1,0,0
1768228361322760,52931,14550,22.0,125,0,0
1768228361324794,52931,14550,27.0,152,0,0
1768228361325952,52931,14550,44.0,62,0,0
1768228361328912,52931,14550,25.0,42,0,0
1768228361329882,52931,14550,32.0,36,0,0
1768228361331496,52931,14550,62.0,65,0,0
1768228361333154,52931,14550,49.0,27,0,0
1768228361335539,52931,14550,44.0,116,0,0
1768228361337085,52931,14550,42.0,129,0,0
1768228361340137,52931,14550,34.0,29,0,0
1768228361341060,52931,14550,34.0,137,0,0
1768228361343303,52931,14550,60.0,24,0,0
1768228361345559,52931,14550,53.0,124,0,0
1768228361346447,52931,14550,31.0,2,0,0
1768228361347458,52931,14550,64.0,164,0,0
1768228361348631,52931,14550,24.0,168,0,0
1768228361349657,52931,14550,42.0,136,0,0
1768228361350505,52931,14550,42.0,193,0,0
1768228361351714,52931,14550,48.0,32,0,0
1768228361352581,52931,14550,40.0,241,0,0
1768228361353574,52931,14550,61.0,147,0,0
1768228361354828,52931,14550,64.0,11030,0,0
1768228361479136,5760,58419,,264,1,0
1768228361480331,52931,14550,47.0,264,0,0
1768228361562401,52931,14550,48.0,163,0,0
1768228361563829,52931,14550,44.0,178,0,0
1768228361564861,52931,14550,48.0,30,0,0
1768228361566765,52931,14550,48.0,33,0,0
1768228361567758,52931,14550,37.0,74,0,0
1768228361570316,52931,14550,51.0,1,0,0
1768228361571559,52931,14550,22.0,125,0,0
1768228361572445,52931,14550,27.0,152,0,0
1768228361573731,52931,14550,44.0,62,0,0
1768228361574608,52931,14550,25.0,42,0,0
1768228361575892,52931,14550,32.0,36,0,0
1768228361577046,52931,14550,62.0,65,0,0
1768228361578170,52931,14550,49.0,27,0,0
1768228361579068,52931,14550,44.0,116,0,0
1768228361580274,52931,14550,42.0,129,0,0
1768228361581160,52931,14550,34.0,29,0,0
1768228361581994,52931,14550,34.0,137,0,0
1768228361583336,52931,14550,60.0,24,0,0
1768228361584292,52931,14550,53.0,124,0,0
1768228361585468,52931,14550,31.0,2,0,0
1768228361586329,52931,14550,64.0,164,0,0
1768228361587143,52931,14550,24.0,168,0,0
1768228361588372,52931,14550,42.0,136,0,0
1768228361589738,52931,14550,42.0,193,0,0
1768228361590866,52931,14550,48.0,32,0,0
1768228361592110,52931,14550,40.0,241,0,0
1768228361593517,52931,14550,61.0,147,0,0
1768228361594466,52931,14550,64.0,11030,0,0
1768228361629118,58419,5760,,0,1,0
1768228361813505,52931,14550,48.0,163,0,0
1768228361814139,52931,14550,44.0,178,0,0
1768228361814904,52931,14550,48.0,30,0,0
1768228361816036,52931,14550,48.0,33,0,0
1768228361816529,52931,14550,37.0,74,0,0
1768228361817433,52931,14550,51.0,1,0,0
1768228361818321,52931,14550,22.0,125,0,0
1768228361819190,52931,14550,27.0,152,0,0
1768228361819771,52931,14550,44.0,62,0,0
1768228361820628,52931,14550,25.0,42,0,0
1768228361822074,52931,14550,32.0,36,0,0
1768228361824062,52931,14550,62.0,65,0,0
1768228361825212,52931,14550,49.0,27,0,0
1768228361826545,52931,14550,44.0,116,0,0
1768228361828637,52931,14550,42.0,129,0,0
1768228361829144,52931,14550,34.0,29,0,0
1768228361830026,52931,14550,34.0,137,0,0
1768228361830522,52931,14550,60.0,24,0,0
1768228361831404,52931,14550,53.0,124,0,0
1768228361832259,52931,14550,31.0,2,0,0
1768228361833694,52931,14550,64.0,164,0,0
1768228361834206,52931,14550,24.0,168,0,0
1768228361834863,52931,14550,42.0,136,0,0
1768228361835426,52931,14550,42.0,193,0,0
1768228361836303,52931,14550,48.0,32,0,0
1768228361836783,52931,14550,40.0,241,0,0
1768228361837709,52931,14550,61.0,147,0,0
1768228361839556,52931,14550,64.0,11030,0,0
1768228361888107,5760,58419,,0,1,0
1768228361888957,52931,14550,29.0,0,0,0
1768228361984160,5760,58419,,264,1,0
1768228361984928,52931,14550,47.0,264,0,0
1768228362068637,52931,14550,48.0,163,0,0
1768228362069756,52931,14550,44.0,178,0,0
1768228362071114,52931,14550,48.0,30,0,0
1768228362072135,52931,14550,48.0,33,0,0
1768228362073243,52931,14550,37.0,74,0,0
1768228362074327,52931,14550,51.0,1,0,0
1768228362075018,52931,14550,22.0,125,0,0
1768228362076359,52931,14550,27.0,152,0,0
1768228362077323,52931,14550,44.0,62,0,0
1768228362078417,52931,14550,25.0,42,0,0
1768228362079399,52931,14550,32.0,36,0,0
1768228362080361,52931,14550,62.0,65,0,0
1768228362081461,52931,14550,49.0,27,0,0
1768228362082403,52931,14550,44.0,116,0,0
1768228362083387,52931,14550,42.0,129,0,0
1768228362084207,52931,14550,34.0,29,0,0
1768228362085153,52931,14550,34.0,137,0,0
1768228362085951,52931,14550,60.0,24,0,0
1768228362086549,52931,14550,53.0,124,0,0
1768228362087262,52931,14550,31.0,2,0,0
1768228362088257,52931,14550,64.0,164,0,0
1768228362089043,52931,14550,24.0,168,0,0
1768228362090262,52931,14550,42.0,136,0,0
1768228362091230,52931,14550,42.0,193,0,0
1768228362091942,52931,14550,48.0,32,0,0
1768228362092692,52931,14550,40.0,241,0,0
1768228362093365,52931,14550,61.0,147,0,0
1768228362094191,52931,14550,64.0,11030,0,0
1768228362319753,52931,14550,48.0,163,0,0
1768228362320678,52931,14550,44.0,178,0,0
1768228362321577,52931,14550,48.0,30,0,0
1768228362323360,52931,14550,48.0,33,0,0
1768228362324209,52931,14550,37.0,74,0,0
1768228362327204,52931,14550,51.0,1,0,0
1768228362327792,52931,14550,22.0,125,0,0
1768228362328588,52931,14550,27.0,152,0,0
1768228362329901,52931,14550,44.0,62,0,0
1768228362331428,52931,14550,25.0,42,0,0
1768228362332771,52931,14550,32.0,36,0,0
1768228362334170,52931,14550,62.0,65,0,0
1768228362336958,52931,14550,49.0,27,0,0
1768228362337887,52931,14550,44.0,116,0,0
1768228362339674,52931,14550,42.0,129,0,0
1768228362342174,52931,14550,34.0,29,0,0
1768228362343064,52931,14550,34.0,137,0,0
1768228362344200,52931,14550,60.0,24,0,0
1768228362345931,52931,14550,53.0,124,0,0
1768228362346786,52931,14550,31.0,2,0,0
1768228362347379,52931,14550,64.0,164,0,0
1768228362348007,52931,14550,24.0,168,0,0
1768228362348733,52931,14550,42.0,136,0,0
1768228362349586,52931,14550,42.0,193,0,0
1768228362350365,52931,14550,48.0,32,0,0
1768228362351036,52931,14550,40.0,241,0,0
1768228362351852,52931,14550,61.0,147,0,0
1768228362352969,52931,14550,64.0,11030,0,0
1768228362484282,5760,58419,,264,1,0
1768228362485594,52931,14550,47.0,264,0,0
1768228362568599,52931,14550,48.0,163,0,0
1768228362570170,52931,14550,44.0,178,0,0
1768228362572915,52931,14550,48.0,30,0,0
1768228362575060,52931,14550,48.0,33,0,0
1768228362576499,52931,14550,37.0,74,0,0
1768228362577794,52931,14550,51.0,1,0,0
1768228362578860,52931,14550,22.0,125,0,0
1768228362579862,52931,14550,27.0,152,0,0
1768228362581245,52931,14550,44.0,62,0,0
1768228362582622,52931,14550,25.0,42,0,0
1768228362584499,52931,14550,32.0,36,0,0
1768228362585663,52931,14550,62.0,65,0,0
1768228362586838,52931,14550,49.0,27,0,0
1768228362587848,52931,14550,44.0,116,0,0
1768228362588997,52931,14550,42.0,129,0,0
1768228362590377,52931,14550,34.0,29,0,0
1768228362591419,52931,14550,34.0,137,0,0
1768228362592699,52931,14550,60.0,24,0,0
1768228362593861,52931,14550,53.0,124,0,0
1768228362594930,52931,14550,31.0,2,0,0
1768228362595948,52931,14550,64.0,164,0,0
1768228362597325,52931,14550,24.0,168,0,0
1768228362598585,52931,14550,42.0,136,0,0
1768228362599994,52931,14550,42.0,193,0,0
1768228362601754,52931,14550,48.0,32,0,0
1768228362602765,52931,14550,40.0,241,0,0
1768228362604097,52931,14550,61.0,147,0,0
1768228362605296,52931,14550,64.0,11030,0,0
1768228362629212,58419,5760,,0,1,0
1768228362732595,58419,5760,,66,1,0
1768228362823890,52931,14550,48.0,163,0,0
1768228362825953,52931,14550,44.0,178,0,0
1768228362828934,52931,14550,48.0,30,0,0
1768228362830109,52931,14550,48.0,33,0,0
1768228362832496,52931,14550,37.0,74,0,0
1768228362834040,52931,14550,51.0,1,0,0
1768228362836730,52931,14550,22.0,125,0,0
1768228362838159,52931,14550,27.0,152,0,0
1768228362840492,52931,14550,44.0,62,0,0
1768228362844209,52931,14550,25.0,42,0,0
1768228362845910,52931,14550,32.0,36,0,0
1768228362848042,52931,14550,62.0,65,0,0
1768228362849652,52931,14550,49.0,27,0,0
1768228362851773,52931,14550,44.0,116,0,0
1768228362853354,52931,14550,42.0,129,0,0
1768228362854591,52931,14550,34.0,29,0,0
1768228362857229,52931,14550,34.0,137,0,0
1768228362861246,52931,14550,60.0,24,0,0
1768228362863001,52931,14550,53.0,124,0,0
1768228362866518,52931,14550,31.0,2,0,0
1768228362868882,52931,14550,64.0,164,0,0
1768228362873233,52931,14550,24.0,168,0,0
1768228362875482,52931,14550,42.0,136,0,0
1768228362877098,52931,14550,42.0,193,0,0
1768228362878890,52931,14550,48.0,32,0,0
1768228362881523,52931,14550,40.0,241,0,0
1768228362884378,52931,14550,61.0,147,0,0
1768228362886099,52931,14550,64.0,11030,0,0
1768228362891606,5760,58419,,0,1,0
1768228362892752,52931,14550,29.0,0,0,0
1768228362985632,5760,58419,,264,1,0
1768228362987280,52931,14550,47.0,264,0,0
1768228363076052,52931,14550,48.0,163,0,0
1768228363078956,52931,14550,44.0,178,0,0
1768228363080101,52931,14550,48.0,30,0,0
1768228363081335,52931,14550,48.0,33,0,0
1768228363082594,52931,14550,37.0,74,0,0
1768228363083754,52931,14550,51.0,1,0,0
1768228363084921,52931,14550,22.0,125,0,0
1768228363086348,52931,14550,27.0,152,0,0
1768228363087722,52931,14550,44.0,62,0,0
1768228363088993,52931,14550,25.0,42,0,0
1768228363090375,52931,14550,32.0,36,0,0
1768228363091858,52931,14550,62.0,65,0,0
1768228363093320,52931,14550,49.0,27,0,0
1768228363094765,52931,14550,44.0,116,0,0
1768228363096241,52931,14550,42.0,129,0,0
1768228363098108,52931,14550,34.0,29,0,0
1768228363099310,52931,14550,34.0,137,0,0
1768228363100419,52931,14550,60.0,24,0,0
1768228363102227,52931,14550,53.0,124,0,0
1768228363103576,52931,14550,31.0,2,0,0
1768228363104612,52931,14550,64.0,164,0,0
1768228363105786,52931,14550,24.0,168,0,0
1768228363107247,52931,14550,42.0,136,0,0
1768228363108580,52931,14550,42.0,193,0,0
1768228363110461,52931,14550,48.0,32,0,0
1768228363111708,52931,14550,40.0,241,0,0
1768228363113036,52931,14550,61.0,147,0,0
1768228363114527,52931,14550,64.0,11030,0,0
1768228363326907,52931,14550,48.0,163,0,0
1768228363329069,52931,14550,44.0,178,0,0
1768228363331101,52931,14550,48.0,30,0,0
1768228363332537,52931,14550,48.0,33,0,0
1768228363333892,52931,14550,37.0,74,0,0
1768228363335113,52931,14550,51.0,1,0,0
1768228363337418,52931,14550,22.0,125,0,0
1768228363338622,52931,14550,27.0,152,0,0
1768228363340235,52931,14550,44.0,62,0,0
1768228363341678,52931,14550,25.0,42,0,0
1768228363343452,52931,14550,32.0,36,0,0
1768228363345972,52931,14550,62.0,65,0,0
1768228363348445,52931,14550,49.0,27,0,0
1768228363351483,52931,14550,44.0,116,0,0
1768228363354700,52931,14550,42.0,129,0,0
1768228363356611,52931,14550,34.0,29,0,0
1768228363358818,52931,14550,34.0,137,0,0
1768228363361155,52931,14550,60.0,24,0,0
1768228363363886,52931,14550,53.0,124,0,0
1768228363365324,52931,14550,31.0,2,0,0
1768228363366514,52931,14550,64.0,164,0,0
1768228363370427,52931,14550,24.0,168,0,0
1768228363372750,52931,14550,42.0,136,0,0
1768228363376785,52931,14550,42.0,193,0,0
1768228363379027,52931,14550,48.0,32,0,0
1768228363381471,52931,14550,40.0,241,0,0
1768228363383823,52931,14550,61.0,147,0,0
1768228363385842,52931,14550,64.0,11030,0,0
1768228363489165,5760,58419,,264,1,0
1768228363490570,52931,14550,47.0,264,0,0
1768228363578333,52931,14550,48.0,163,0,0
1768228363579851,52931,14550,44.0,178,0,0
1768228363581162,52931,14550,48.0,30,0,0
1768228363583097,52931,14550,48.0,33,0,0
1768228363585271,52931,14550,37.0,74,0,0
1768228363587316,52931,14550,51.0,1,0,0
1768228363589123,52931,14550,22.0,125,0,0
1768228363590764,52931,14550,27.0,152,0,0
1768228363591952,52931,14550,44.0,62,0,0
1768228363593372,52931,14550,25.0,42,0,0
1768228363594891,52931,14550,32.0,36,0,0
1768228363596012,52931,14550,62.0,65,0,0
1768228363597186,52931,14550,49.0,27,0,0
1768228363598518,52931,14550,44.0,116,0,0
1768228363600271,52931,14550,42.0,129,0,0
1768228363602037,52931,14550,34.0,29,0,0
1768228363603487,52931,14550,34.0,137,0,0
1768228363604962,52931,14550,60.0,24,0,0
1768228363606022,52931,14550,53.0,124,0,0
1768228363607098,52931,14550,31.0,2,0,0
1768228363608291,52931,14550,64.0,164,0,0
1768228363610007,52931,14550,24.0,168,0,0
1768228363611181,52931,14550,42.0,136,0,0
1768228363613048,52931,14550,42.0,193,0,0
1768228363614460,52931,14550,48.0,32,0,0
1768228363615934,52931,14550,40.0,241,0,0
1768228363617347,52931,14550,61.0,147,0,0
1768228363618843,52931,14550,64.0,11030,0,0
1768228363631227,58419,5760,,0,1,0
1768228363825244,52931,14550,48.0,163,0,0
1768228363827618,52931,14550,44.0,178,0,0
1768228363830339,52931,14550,48.0,30,0,0
1768228363832081,52931,14550,48.0,33,0,0
1768228363833193,52931,14550,37.0,74,0,0
1768228363836027,52931,14550,51.0,1,0,0
1768228363837257,52931,14550,22.0,125,0,0
1768228363841220,52931,14550,27.0,152,0,0
1768228363842484,52931,14550,44.0,62,0,0
1768228363843844,52931,14550,25.0,42,0,0
1768228363845144,52931,14550,32.0,36,0,0
1768228363849076,52931,14550,62.0,65,0,0
1768228363850315,52931,14550,49.0,27,0,0
1768228363853511,52931,14550,44.0,116,0,0
1768228363855018,52931,14550,42.0,129,0,0
1768228363859013,52931,14550,34.0,29,0,0
1768228363861230,52931,14550,34.0,137,0,0
1768228363862519,52931,14550,60.0,24,0,0
1768228363863873,52931,14550,53.0,124,0,0
1768228363866070,52931,14550,31.0,2,0,0
1768228363868483,52931,14550,64.0,164,0,0
1768228363874600,52931,14550,24.0,168,0,0
1768228363876215,52931,14550,42.0,136,0,0
1768228363878994,52931,14550,42.0,193,0,0
1768228363879728,52931,14550,48.0,32,0,0
1768228363880641,52931,14550,40.0,241,0,0
1768228363882176,52931,14550,61.0,147,0,0
1768228363883679,52931,14550,64.0,11030,0,0
1768228363900458,5760,58419,,0,1,0
1768228363901073,52931,14550,29.0,0,0,0
1768228363991043,5760,58419,,264,1,0
1768228363991737,52931,14550,47.0,264,0,0
1768228364078606,52931,14550,48.0,163,0,0
1768228364080384,52931,14550,44.0,178,0,0
1768228364082112,52931,14550,48.0,30,0,0
1768228364085504,52931,14550,48.0,33,0,0
1768228364087403,52931,14550,37.0,74,0,0
1768228364088484,52931,14550,51.0,1,0,0
1768228364090363,52931,14550,22.0,125,0,0
1768228364093517,52931,14550,27.0,152,0,0
1768228364095649,52931,14550,44.0,62,0,0
1768228364097760,52931,14550,25.0,42,0,0
1768228364100505,52931,14550,32.0,36,0,0
1768228364102517,52931,14550,62.0,65,0,0
1768228364103656,52931,14550,49.0,27,0,0
1768228364104966,52931,14550,44.0,116,0,0
1768228364106755,52931,14550,42.0,129,0,0
1768228364108215,52931,14550,34.0,29,0,0
1768228364109250,52931,14550,34.0,137,0,0
1768228364110300,52931,14550,60.0,24,0,0
1768228364111341,52931,14550,53.0,124,0,0
1768228364112437,52931,14550,31.0,2,0,0
1768228364113496,52931,14550,64.0,164,0,0
1768228364114731,52931,14550,24.0,168,0,0
1768228364116016,52931,14550,42.0,136,0,0
1768228364117196,52931,14550,42.0,193,0,0
1768228364119109,52931,14550,48.0,32,0,0
1768228364120349,52931,14550,40.0,241,0,0
1768228364122031,52931,14550,61.0,147,0,0
1768228364123548,52931,14550,64.0,11030,0,0
1768228364328794,52931,14550,48.0,163,0,0
1768228364330490,52931,14550,44.0,178,0,0
1768228364332265,52931,14550,48.0,30,0,0
1768228364334358,52931,14550,48.0,33,0,0
1768228364335840,52931,14550,37.0,74,0,0
1768228364336962,52931,14550,51.0,1,0,0
1768228364338922,52931,14550,22.0,125,0,0
1768228364339968,52931,14550,27.0,152,0,0
1768228364341014,52931,14550,44.0,62,0,0
1768228364343681,52931,14550,25.0,42,0,0
1768228364346245,52931,14550,32.0,36,0,0
1768228364351639,52931,14550,62.0,65,0,0
1768228364355181,52931,14550,49.0,27,0,0
1768228364357379,52931,14550,44.0,116,0,0
1768228364359050,52931,14550,42.0,129,0,0
1768228364360830,52931,14550,34.0,29,0,0
1768228364362112,52931,14550,34.0,137,0,0
1768228364364238,52931,14550,60.0,24,0,0
1768228364369019,52931,14550,53.0,124,0,0
1768228364371312,52931,14550,31.0,2,0,0
1768228364372593,52931,14550,64.0,164,0,0
1768228364376079,52931,14550,24.0,168,0,0
1768228364378049,52931,14550,42.0,136,0,0
1768228364380723,52931,14550,42.0,193,0,0
1768228364382557,52931,14550,48.0,32,0,0
1768228364384639,52931,14550,40.0,241,0,0
1768228364386374,52931,14550,61.0,147,0,0
1768228364387889,52931,14550,64.0,11030,0,0
1768228364495088,5760,58419,,264,1,0
1768228364496000,52931,14550,47.0,264,0,0
1768228364584530,52931,14550,48.0,163,0,0
1768228364586806,52931,14550,44.0,178,0,0
1768228364587985,52931,14550,48.0,30,0,0
1768228364589679,52931,14550,48.0,33,0,0
1768228364590595,52931,14550,37.0,74,0,0
1768228364591441,52931,14550,51.0,1,0,0
1768228364592797,52931,14550,22.0,125,0,0
1768228364594011,52931,14550,27.0,152,0,0
1768228364595214,52931,14550,44.0,62,0,0
1768228364596125,52931,14550,25.0,42,0,0
1768228364596952,52931,14550,32.0,36,0,0
1768228364597876,52931,14550,62.0,65,0,0
1768228364599076,52931,14550,49.0,27,0,0
1768228364599899,52931,14550,44.0,116,0,0
1768228364600668,52931,14550,42.0,129,0,0
1768228364601403,52931,14550,34.0,29,0,0
1768228364602696,52931,14550,34.0,137,0,0
1768228364603744,52931,14550,60.0,24,0,0
1768228364604796,52931,14550,53.0,124,0,0
1768228364605515,52931,14550,31.0,2,0,0
1768228364606333,52931,14550,64.0,164,0,0
1768228364607138,52931,14550,24.0,168,0,0
1768228364607806,52931,14550,42.0,136,0,0
1768228364608609,52931,14550,42.0,193,0,0
1768228364609390,52931,14550,48.0,32,0,0
1768228364610238,52931,14550,40.0,241,0,0
1768228364611217,52931,14550,61.0,147,0,0
1768228364611929,52931,14550,64.0,11030,0,0
1768228364635119,58419,5760,,0,1,0
1768228364836060,52931,14550,48.0,163,0,0
1768228364838314,52931,14550,44.0,178,0,0
1768228364839458,52931,14550,48.0,30,0,0
1768228364840972,52931,14550,48.0,33,0,0
1768228364844020,52931,14550,37.0,74,0,0
1768228364846412,52931,14550,51.0,1,0,0
1768228364848764,52931,14550,22.0,125,0,0
1768228364851505,52931,14550,27.0,152,0,0
1768228364853913,52931,14550,44.0,62,0,0
1768228364857492,52931,14550,25.0,42,0,0
1768228364861469,52931,14550,32.0,36,0,0
1768228364862740,52931,14550,62.0,65,0,0
1768228364865476,52931,14550,49.0,27,0,0
1768228364866915,52931,14550,44.0,116,0,0
1768228364869017,52931,14550,42.0,129,0,0
1768228364871774,52931,14550,34.0,29,0,0
1768228364877130,52931,14550,34.0,137,0,0
1768228364880613,52931,14550,60.0,24,0,0
1768228364882688,52931,14550,53.0,124,0,0
1768228364884570,52931,14550,31.0,2,0,0
1768228364886388,52931,14550,64.0,164,0,0
1768228364889592,52931,14550,24.0,168,0,0
1768228364890904,52931,14550,42.0,136,0,0
1768228364893172,52931,14550,42.0,193,0,0
1768228364894590,52931,14550,48.0,32,0,0
1768228364902922,52931,14550,40.0,241,0,0
1768228364904062,5760,58419,,0,1,0
1768228364905196,52931,14550,61.0,147,0,0
1768228364907267,52931,14550,64.0,11030,0,0
1768228364912802,52931,14550,29.0,0,0,0
1768228364985710,5760,58419,,111,1,0
1768228364986797,52931,14550,33.0,111,0,0
1768228365001225,5760,58419,,264,1,0
1768228365002464,52931,14550,47.0,264,0,0
1768228365086872,52931,14550,48.0,163,0,0
1768228365089439,52931,14550,44.0,178,0,0
1768228365091464,52931,14550,48.0,30,0,0
1768228365093598,52931,14550,48.0,33,0,0
1768228365096447,52931,14550,37.0,74,0,0
1768228365099643,52931,14550,51.0,1,0,0
1768228365102136,52931,14550,22.0,125,0,0
1768228365103652,52931,14550,27.0,152,0,0
