Timestamp,SrcPort,DstPort,Length,MsgID,Protocol,Label
1768228014521067,5760,58419,,264,1,0
1768228014522425,52931,14550,47.0,264,0,0
1768228014607264,52931,14550,48.0,163,0,0
1768228014609732,52931,14550,44.0,178,0,0
1768228014611331,52931,14550,48.0,30,0,0
1768228014617173,52931,14550,48.0,33,0,0
1768228014619889,52931,14550,39.0,74,0,0
1768228014626351,52931,14550,51.0,1,0,0
1768228014631225,52931,14550,22.0,125,0,0
1768228014634317,52931,14550,27.0,152,0,0
1768228014636482,52931,14550,45.0,62,0,0
1768228014639599,52931,14550,26.0,42,0,0
1768228014643891,52931,14550,32.0,36,0,0
1768228014646755,52931,14550,62.0,65,0,0
1768228014648499,52931,14550,49.0,27,0,0
1768228014650581,52931,14550,44.0,116,0,0
1768228014652705,52931,14550,42.0,129,0,0
1768228014654565,52931,14550,34.0,29,0,0
1768228014657485,52931,14550,34.0,137,0,0
1768228014659655,52931,14550,60.0,24,0,0
1768228014662279,52931,14550,53.0,124,0,0
1768228014665469,52931,14550,31.0,2,0,0
1768228014667019,52931,14550,64.0,164,0,0
1768228014668365,52931,14550,24.0,168,0,0
1768228014670671,52931,14550,42.0,136,0,0
1768228014672964,52931,14550,42.0,193,0,0
1768228014675950,52931,14550,48.0,32,0,0
1768228014678462,52931,14550,40.0,241,0,0
1768228014680752,52931,14550,70.0,87,0,0
1768228014683522,52931,14550,61.0,147,0,0
1768228014686248,52931,14550,64.0,11030,0,0
1768228014687887,58419,5760,,0,1,0
1768228014860570,52931,14550,48.0,163,0,0
1768228014864357,52931,14550,44.0,178,0,0
1768228014866503,52931,14550,48.0,30,0,0
1768228014869596,52931,14550,48.0,33,0,0
1768228014879842,52931,14550,39.0,74,0,0
1768228014886647,52931,14550,51.0,1,0,0
1768228014896371,52931,14550,22.0,125,0,0
1768228014901474,52931,14550,27.0,152,0,0
1768228014904139,52931,14550,45.0,62,0,0
1768228014910874,52931,14550,26.0,42,0,0
1768228014915814,52931,14550,32.0,36,0,0
1768228014918363,52931,14550,62.0,65,0,0
1768228014921031,52931,14550,49.0,27,0,0
1768228014922882,52931,14550,44.0,116,0,0
1768228014925928,52931,14550,42.0,129,0,0
1768228014927946,52931,14550,34.0,29,0,0
1768228014929971,52931,14550,34.0,137,0,0
1768228014932172,52931,14550,60.0,24,0,0
1768228014934674,5760,58419,,0,1,0
1768228014934726,52931,14550,53.0,124,0,0
1768228014937303,52931,14550,31.0,2,0,0
1768228014939517,52931,14550,64.0,164,0,0
1768228014941338,52931,14550,24.0,168,0,0
1768228014943254,52931,14550,42.0,136,0,0
1768228014945360,52931,14550,42.0,193,0,0
1768228014947307,52931,14550,48.0,32,0,0
1768228014948880,52931,14550,40.0,241,0,0
1768228014950493,52931,14550,70.0,87,0,0
1768228014952837,52931,14550,61.0,147,0,0
1768228014955260,52931,14550,64.0,11030,0,0
1768228014959595,52931,14550,29.0,0,0,0
1768228015028299,5760,58419,,264,1,0
1768228015029532,52931,14550,47.0,264,0,0
1768228015112726,52931,14550,48.0,163,0,0
1768228015115414,52931,14550,44.0,178,0,0
1768228015117306,52931,14550,48.0,30,0,0
1768228015122323,52931,14550,48.0,33,0,0
1768228015124310,52931,14550,39.0,74,0,0
1768228015127601,52931,14550,51.0,1,0,0
1768228015132312,52931,14550,22.0,125,0,0
1768228015135002,52931,14550,27.0,152,0,0
1768228015136945,52931,14550,45.0,62,0,0
1768228015140156,52931,14550,26.0,42,0,0
1768228015144430,52931,14550,32.0,36,0,0
1768228015146120,52931,14550,62.0,65,0,0
1768228015147734,52931,14550,49.0,27,0,0
1768228015149319,52931,14550,44.0,116,0,0
1768228015150958,52931,14550,42.0,129,0,0
1768228015152900,52931,14550,34.0,29,0,0
1768228015155738,52931,14550,34.0,137,0,0
1768228015157898,52931,14550,60.0,24,0,0
1768228015160457,52931,14550,53.0,124,0,0
1768228015162837,52931,14550,31.0,2,0,0
1768228015164723,52931,14550,64.0,164,0,0
1768228015167131,52931,14550,24.0,168,0,0
1768228015169129,52931,14550,42.0,136,0,0
1768228015171269,52931,14550,42.0,193,0,0
1768228015173593,52931,14550,48.0,32,0,0
1768228015175669,52931,14550,40.0,241,0,0
1768228015177832,52931,14550,70.0,87,0,0
1768228015180772,52931,14550,61.0,147,0,0
1768228015183655,52931,14550,64.0,11030,0,0
1768228015361578,52931,14550,48.0,163,0,0
1768228015365012,52931,14550,44.0,178,0,0
1768228015367458,52931,14550,48.0,30,0,0
1768228015369678,52931,14550,48.0,33,0,0
1768228015372110,52931,14550,39.0,74,0,0
1768228015375428,52931,14550,51.0,1,0,0
1768228015382177,52931,14550,22.0,125,0,0
1768228015386528,52931,14550,27.0,152,0,0
1768228015388475,52931,14550,45.0,62,0,0
1768228015392436,52931,14550,26.0,42,0,0
1768228015396597,52931,14550,32.0,36,0,0
1768228015398478,52931,14550,62.0,65,0,0
1768228015404063,52931,14550,49.0,27,0,0
1768228015409850,52931,14550,44.0,116,0,0
1768228015412907,52931,14550,42.0,129,0,0
1768228015416473,52931,14550,34.0,29,0,0
1768228015419173,52931,14550,34.0,137,0,0
1768228015423545,52931,14550,60.0,24,0,0
1768228015426268,52931,14550,53.0,124,0,0
1768228015431966,52931,14550,31.0,2,0,0
1768228015435493,52931,14550,64.0,164,0,0
1768228015440198,52931,14550,24.0,168,0,0
1768228015443282,52931,14550,42.0,136,0,0
1768228015447799,52931,14550,42.0,193,0,0
1768228015452140,52931,14550,48.0,32,0,0
1768228015454667,52931,14550,40.0,241,0,0
1768228015456098,52931,14550,70.0,87,0,0
1768228015458742,52931,14550,61.0,147,0,0
1768228015461043,52931,14550,64.0,11030,0,0
1768228015527802,5760,58419,,264,1,0
1768228015529327,52931,14550,47.0,264,0,0
1768228015613439,52931,14550,48.0,163,0,0
1768228015617922,52931,14550,44.0,178,0,0
1768228015620742,52931,14550,48.0,30,0,0
1768228015625478,52931,14550,48.0,33,0,0
1768228015629060,52931,14550,39.0,74,0,0
1768228015633778,52931,14550,51.0,1,0,0
1768228015640091,52931,14550,22.0,125,0,0
1768228015643278,52931,14550,27.0,152,0,0
1768228015645994,52931,14550,43.0,62,0,0
1768228015651121,52931,14550,26.0,42,0,0
1768228015655957,52931,14550,32.0,36,0,0
1768228015658885,52931,14550,62.0,65,0,0
1768228015661528,52931,14550,49.0,27,0,0
1768228015664137,52931,14550,44.0,116,0,0
1768228015666308,52931,14550,42.0,129,0,0
1768228015668426,52931,14550,34.0,29,0,0
1768228015669992,52931,14550,34.0,137,0,0
1768228015672449,52931,14550,60.0,24,0,0
1768228015676111,52931,14550,53.0,124,0,0
1768228015679162,52931,14550,31.0,2,0,0
1768228015681068,52931,14550,64.0,164,0,0
1768228015683128,52931,14550,24.0,168,0,0
1768228015685284,52931,14550,42.0,136,0,0
1768228015686794,52931,14550,42.0,193,0,0
1768228015689167,52931,14550,48.0,32,0,0
1768228015691007,52931,14550,40.0,241,0,0
1768228015693235,52931,14550,70.0,87,0,0
1768228015695849,52931,14550,61.0,147,0,0
1768228015697628,52931,14550,64.0,11030,0,0
1768228015699151,58419,5760,,0,1,0
1768228015743143,52931,14550,21.0,46,0,0
1768228015746094,52931,14550,39.0,253,0,0
1768228015748252,52931,14550,34.0,253,0,0
1768228015865743,52931,14550,48.0,163,0,0
1768228015868834,52931,14550,44.0,178,0,0
1768228015871673,52931,14550,48.0,30,0,0
1768228015876158,52931,14550,48.0,33,0,0
1768228015878742,52931,14550,39.0,74,0,0
1768228015885735,52931,14550,51.0,1,0,0
1768228015889860,52931,14550,22.0,125,0,0
1768228015892387,52931,14550,27.0,152,0,0
1768228015893884,52931,14550,45.0,62,0,0
1768228015896572,52931,14550,26.0,42,0,0
1768228015900275,52931,14550,32.0,36,0,0
1768228015902807,52931,14550,62.0,65,0,0
1768228015905266,52931,14550,49.0,27,0,0
1768228015907549,52931,14550,44.0,116,0,0
1768228015909806,52931,14550,42.0,129,0,0
1768228015911486,52931,14550,34.0,29,0,0
1768228015913942,52931,14550,34.0,137,0,0
1768228015916532,52931,14550,60.0,24,0,0
1768228015918662,52931,14550,53.0,124,0,0
1768228015920952,52931,14550,31.0,2,0,0
1768228015923144,52931,14550,64.0,164,0,0
1768228015925035,52931,14550,24.0,168,0,0
1768228015927317,52931,14550,42.0,136,0,0
1768228015929758,52931,14550,42.0,193,0,0
1768228015932408,52931,14550,48.0,32,0,0
1768228015933979,52931,14550,40.0,241,0,0
1768228015936235,52931,14550,70.0,87,0,0
1768228015938742,52931,14550,61.0,147,0,0
1768228015941211,52931,14550,64.0,11030,0,0
1768228015942406,5760,58419,,0,1,0
1768228015945426,52931,14550,29.0,0,0,0
1768228016035012,5760,58419,,264,1,0
1768228016037877,52931,14550,47.0,264,0,0
1768228016119743,52931,14550,48.0,163,0,0
1768228016122421,52931,14550,44.0,178,0,0
1768228016124071,52931,14550,48.0,30,0,0
1768228016129255,52931,14550,48.0,33,0,0
1768228016131923,52931,14550,39.0,74,0,0
1768228016136459,52931,14550,51.0,1,0,0
1768228016139765,52931,14550,22.0,125,0,0
1768228016141789,52931,14550,27.0,152,0,0
1768228016143470,52931,14550,45.0,62,0,0
1768228016146599,52931,14550,26.0,42,0,0
1768228016150358,52931,14550,32.0,36,0,0
1768228016152266,52931,14550,62.0,65,0,0
1768228016153774,52931,14550,49.0,27,0,0
1768228016155465,52931,14550,44.0,116,0,0
1768228016157120,52931,14550,42.0,129,0,0
1768228016159136,52931,14550,34.0,29,0,0
1768228016161477,52931,14550,34.0,137,0,0
1768228016163640,52931,14550,60.0,24,0,0
1768228016165628,52931,14550,53.0,124,0,0
1768228016167483,52931,14550,31.0,2,0,0
1768228016169798,52931,14550,64.0,164,0,0
1768228016171646,52931,14550,24.0,168,0,0
1768228016174053,52931,14550,42.0,136,0,0
1768228016175955,52931,14550,42.0,193,0,0
1768228016178035,52931,14550,48.0,32,0,0
1768228016180231,52931,14550,40.0,241,0,0
1768228016182157,52931,14550,70.0,87,0,0
1768228016183990,52931,14550,61.0,147,0,0
1768228016186082,52931,14550,64.0,11030,0,0
1768228016370280,52931,14550,48.0,163,0,0
1768228016372479,52931,14550,44.0,178,0,0
1768228016376293,52931,14550,48.0,30,0,0
1768228016382980,52931,14550,48.0,33,0,0
1768228016385399,52931,14550,39.0,74,0,0
1768228016391244,52931,14550,51.0,1,0,0
1768228016397625,52931,14550,22.0,125,0,0
1768228016400960,52931,14550,27.0,152,0,0
1768228016405111,52931,14550,45.0,62,0,0
1768228016409502,52931,14550,26.0,42,0,0
1768228016413561,52931,14550,32.0,36,0,0
1768228016418637,52931,14550,62.0,65,0,0
1768228016420955,52931,14550,49.0,27,0,0
1768228016423136,52931,14550,44.0,116,0,0
1768228016427985,52931,14550,42.0,129,0,0
1768228016430483,52931,14550,34.0,29,0,0
1768228016433742,52931,14550,34.0,137,0,0
1768228016436114,52931,14550,60.0,24,0,0
1768228016440599,52931,14550,53.0,124,0,0
1768228016443480,52931,14550,31.0,2,0,0
1768228016447807,52931,14550,64.0,164,0,0
1768228016451179,52931,14550,24.0,168,0,0
1768228016454078,52931,14550,42.0,136,0,0
1768228016455997,52931,14550,42.0,193,0,0
1768228016458084,52931,14550,48.0,32,0,0
1768228016460698,52931,14550,40.0,241,0,0
1768228016464415,52931,14550,70.0,87,0,0
1768228016467138,52931,14550,61.0,147,0,0
1768228016471907,52931,14550,64.0,11030,0,0
1768228016535701,5760,58419,,264,1,0
1768228016536985,52931,14550,47.0,264,0,0
1768228016623668,52931,14550,48.0,163,0,0
1768228016627297,52931,14550,44.0,178,0,0
1768228016630614,52931,14550,48.0,30,0,0
1768228016641777,52931,14550,48.0,33,0,0
1768228016645509,52931,14550,39.0,74,0,0
1768228016648454,52931,14550,51.0,1,0,0
1768228016652878,52931,14550,22.0,125,0,0
1768228016655319,52931,14550,27.0,152,0,0
1768228016658963,52931,14550,45.0,62,0,0
1768228016661858,52931,14550,26.0,42,0,0
1768228016665795,52931,14550,32.0,36,0,0
1768228016668187,52931,14550,62.0,65,0,0
1768228016670583,52931,14550,49.0,27,0,0
1768228016672472,52931,14550,44.0,116,0,0
1768228016675471,52931,14550,42.0,129,0,0
1768228016677092,52931,14550,34.0,29,0,0
1768228016679535,52931,14550,34.0,137,0,0
1768228016681513,52931,14550,60.0,24,0,0
1768228016683751,52931,14550,53.0,124,0,0
1768228016686449,52931,14550,31.0,2,0,0
1768228016687787,52931,14550,64.0,164,0,0
1768228016689538,52931,14550,24.0,168,0,0
1768228016692000,52931,14550,42.0,136,0,0
1768228016693475,52931,14550,42.0,193,0,0
1768228016695690,52931,14550,48.0,32,0,0
1768228016698443,52931,14550,40.0,241,0,0
1768228016700854,52931,14550,70.0,87,0,0
1768228016703398,52931,14550,61.0,147,0,0
1768228016705787,52931,14550,64.0,11030,0,0
1768228016707791,58419,5760,,0,1,0
1768228016876677,52931,14550,48.0,163,0,0
1768228016878822,52931,14550,44.0,178,0,0
1768228016880093,52931,14550,48.0,30,0,0
1768228016883300,52931,14550,48.0,33,0,0
1768228016886228,52931,14550,39.0,74,0,0
1768228016893145,52931,14550,51.0,1,0,0
1768228016898452,52931,14550,22.0,125,0,0
1768228016902590,52931,14550,27.0,152,0,0
1768228016905641,52931,14550,45.0,62,0,0
1768228016908976,52931,14550,26.0,42,0,0
1768228016912034,52931,14550,32.0,36,0,0
1768228016914464,52931,14550,62.0,65,0,0
1768228016915885,52931,14550,49.0,27,0,0
1768228016917239,52931,14550,44.0,116,0,0
1768228016918840,52931,14550,42.0,129,0,0
1768228016920046,52931,14550,34.0,29,0,0
1768228016925053,52931,14550,34.0,137,0,0
1768228016927223,52931,14550,60.0,24,0,0
1768228016929624,52931,14550,53.0,124,0,0
1768228016931924,52931,14550,31.0,2,0,0
1768228016933687,52931,14550,64.0,164,0,0
1768228016934903,52931,14550,24.0,168,0,0
1768228016937228,52931,14550,42.0,136,0,0
1768228016938878,52931,14550,42.0,193,0,0
1768228016941033,52931,14550,48.0,32,0,0
1768228016942969,52931,14550,40.0,241,0,0
1768228016946675,52931,14550,70.0,87,0,0
1768228016947321,5760,58419,,0,1,0
1768228016949810,52931,14550,61.0,147,0,0
1768228016952310,52931,14550,64.0,11030,0,0
1768228016955268,52931,14550,29.0,0,0,0
1768228017036800,5760,58419,,264,1,0
1768228017037863,52931,14550,47.0,264,0,0
1768228017124079,52931,14550,48.0,163,0,0
1768228017125802,52931,14550,44.0,178,0,0
1768228017129320,52931,14550,48.0,30,0,0
1768228017131002,52931,14550,48.0,33,0,0
1768228017132827,52931,14550,39.0,74,0,0
1768228017135697,52931,14550,51.0,1,0,0
1768228017138214,52931,14550,22.0,125,0,0
1768228017139864,52931,14550,27.0,152,0,0
1768228017142082,52931,14550,45.0,62,0,0
1768228017145484,52931,14550,26.0,42,0,0
1768228017147841,52931,14550,32.0,36,0,0
1768228017149562,52931,14550,62.0,65,0,0
1768228017150935,52931,14550,49.0,27,0,0
1768228017152321,52931,14550,44.0,116,0,0
1768228017154130,52931,14550,42.0,129,0,0
1768228017155588,52931,14550,34.0,29,0,0
1768228017157074,52931,14550,34.0,137,0,0
1768228017158907,52931,14550,60.0,24,0,0
1768228017161194,52931,14550,53.0,124,0,0
1768228017162875,52931,14550,31.0,2,0,0
1768228017164309,52931,14550,64.0,164,0,0
1768228017165737,52931,14550,24.0,168,0,0
1768228017167478,52931,14550,42.0,136,0,0
1768228017169155,52931,14550,42.0,193,0,0
1768228017171360,52931,14550,48.0,32,0,0
1768228017173501,52931,14550,40.0,241,0,0
1768228017174965,52931,14550,70.0,87,0,0
1768228017176657,52931,14550,61.0,147,0,0
1768228017178706,52931,14550,64.0,11030,0,0
1768228017282951,58419,5760,,66,1,0
1768228017377329,52931,14550,48.0,163,0,0
1768228017379709,52931,14550,44.0,178,0,0
1768228017380992,52931,14550,48.0,30,0,0
1768228017383254,52931,14550,48.0,33,0,0
1768228017384643,52931,14550,39.0,74,0,0
1768228017392837,52931,14550,51.0,1,0,0
1768228017397523,52931,14550,22.0,125,0,0
1768228017400426,52931,14550,27.0,152,0,0
1768228017402738,52931,14550,45.0,62,0,0
1768228017407499,52931,14550,26.0,42,0,0
1768228017413002,52931,14550,32.0,36,0,0
1768228017416463,52931,14550,62.0,65,0,0
1768228017420291,52931,14550,49.0,27,0,0
1768228017424167,52931,14550,44.0,116,0,0
1768228017427028,52931,14550,42.0,129,0,0
1768228017430053,52931,14550,34.0,29,0,0
1768228017431720,52931,14550,34.0,137,0,0
1768228017433215,52931,14550,60.0,24,0,0
1768228017437813,52931,14550,53.0,124,0,0
1768228017442379,52931,14550,31.0,2,0,0
1768228017444873,52931,14550,64.0,164,0,0
1768228017446633,52931,14550,24.0,168,0,0
1768228017448575,52931,14550,42.0,136,0,0
1768228017449802,52931,14550,42.0,193,0,0
1768228017452142,52931,14550,48.0,32,0,0
1768228017453781,52931,14550,40.0,241,0,0
1768228017455487,52931,14550,70.0,87,0,0
1768228017458549,52931,14550,61.0,147,0,0
1768228017461519,52931,14550,64.0,11030,0,0
1768228017544387,5760,58419,,264,1,0
1768228017545765,52931,14550,47.0,264,0,0
1768228017628403,52931,14550,48.0,163,0,0
1768228017631442,52931,14550,44.0,178,0,0
1768228017632810,52931,14550,48.0,30,0,0
1768228017634869,52931,14550,48.0,33,0,0
1768228017636462,52931,14550,39.0,74,0,0
1768228017639670,52931,14550,51.0,1,0,0
1768228017643384,52931,14550,22.0,125,0,0
1768228017645077,52931,14550,27.0,152,0,0
1768228017646976,52931,14550,45.0,62,0,0
1768228017649069,52931,14550,26.0,42,0,0
1768228017652228,52931,14550,32.0,36,0,0
1768228017654519,52931,14550,62.0,65,0,0
1768228017656556,52931,14550,49.0,27,0,0
1768228017657967,52931,14550,44.0,116,0,0
1768228017659640,52931,14550,42.0,129,0,0
1768228017661668,52931,14550,34.0,29,0,0
1768228017662991,52931,14550,34.0,137,0,0
1768228017664931,52931,14550,60.0,24,0,0
1768228017667222,52931,14550,53.0,124,0,0
1768228017669181,52931,14550,31.0,2,0,0
1768228017670480,52931,14550,64.0,164,0,0
1768228017671918,52931,14550,24.0,168,0,0
1768228017673926,52931,14550,42.0,136,0,0
1768228017675302,52931,14550,42.0,193,0,0
1768228017677364,52931,14550,48.0,32,0,0
1768228017678884,52931,14550,40.0,241,0,0
1768228017680523,52931,14550,70.0,87,0,0
1768228017682392,52931,14550,61.0,147,0,0
1768228017684379,52931,14550,64.0,11030,0,0
1768228017708393,58419,5760,,0,1,0
1768228017879964,52931,14550,48.0,163,0,0
1768228017881818,52931,14550,44.0,178,0,0
1768228017884438,52931,14550,48.0,30,0,0
1768228017887554,52931,14550,48.0,33,0,0
1768228017890626,52931,14550,39.0,74,0,0
1768228017893923,52931,14550,51.0,1,0,0
1768228017901092,52931,14550,22.0,125,0,0
1768228017904627,52931,14550,27.0,152,0,0
1768228017907203,52931,14550,45.0,62,0,0
1768228017912021,52931,14550,26.0,42,0,0
1768228017914842,52931,14550,32.0,36,0,0
1768228017917110,52931,14550,62.0,65,0,0
1768228017918971,52931,14550,49.0,27,0,0
1768228017923444,52931,14550,44.0,116,0,0
1768228017925446,52931,14550,42.0,129,0,0
1768228017927061,52931,14550,34.0,29,0,0
1768228017928261,52931,14550,34.0,137,0,0
1768228017930715,52931,14550,60.0,24,0,0
1768228017933084,52931,14550,53.0,124,0,0
1768228017936498,52931,14550,31.0,2,0,0
1768228017938809,52931,14550,64.0,164,0,0
1768228017940423,52931,14550,24.0,168,0,0
1768228017943407,52931,14550,42.0,136,0,0
1768228017946269,52931,14550,42.0,193,0,0
1768228017949302,52931,14550,48.0,32,0,0
1768228017950060,5760,58419,,0,1,0
1768228017951964,52931,14550,40.0,241,0,0
1768228017953596,52931,14550,70.0,87,0,0
1768228017958204,52931,14550,61.0,147,0,0
1768228017960123,52931,14550,64.0,11030,0,0
1768228017965509,52931,14550,29.0,0,0,0
1768228018043697,5760,58419,,264,1,0
1768228018045130,52931,14550,47.0,264,0,0
1768228018129850,52931,14550,48.0,163,0,0
1768228018131936,52931,14550,44.0,178,0,0
1768228018133961,52931,14550,48.0,30,0,0
1768228018138165,52931,14550,48.0,33,0,0
1768228018140805,52931,14550,39.0,74,0,0
1768228018143929,52931,14550,51.0,1,0,0
1768228018146241,52931,14550,22.0,125,0,0
1768228018148090,52931,14550,27.0,152,0,0
1768228018149448,52931,14550,45.0,62,0,0
1768228018151553,52931,14550,26.0,42,0,0
1768228018154130,52931,14550,32.0,36,0,0
1768228018155386,52931,14550,62.0,65,0,0
1768228018156956,52931,14550,49.0,27,0,0
1768228018158680,52931,14550,44.0,116,0,0
1768228018160456,52931,14550,42.0,129,0,0
1768228018161911,52931,14550,34.0,29,0,0
1768228018163585,52931,14550,34.0,137,0,0
1768228018165233,52931,14550,60.0,24,0,0
1768228018167135,52931,14550,53.0,124,0,0
1768228018168747,52931,14550,31.0,2,0,0
1768228018170559,52931,14550,64.0,164,0,0
1768228018172137,52931,14550,24.0,168,0,0
1768228018173564,52931,14550,42.0,136,0,0
1768228018175604,52931,14550,42.0,193,0,0
1768228018177182,52931,14550,48.0,32,0,0
1768228018178742,52931,14550,40.0,241,0,0
1768228018179970,52931,14550,70.0,87,0,0
1768228018181711,52931,14550,61.0,147,0,0
1768228018183750,52931,14550,64.0,11030,0,0
1768228018383703,52931,14550,48.0,163,0,0
1768228018386838,52931,14550,44.0,178,0,0
1768228018388649,52931,14550,48.0,30,0,0
1768228018392554,52931,14550,48.0,33,0,0
1768228018396188,52931,14550,39.0,74,0,0
1768228018400043,52931,14550,51.0,1,0,0
1768228018405251,52931,14550,22.0,125,0,0
1768228018406467,52931,14550,27.0,152,0,0
1768228018407291,52931,14550,45.0,62,0,0
1768228018409360,52931,14550,26.0,42,0,0
1768228018410797,52931,14550,32.0,36,0,0
1768228018411455,52931,14550,62.0,65,0,0
1768228018412136,52931,14550,49.0,27,0,0
1768228018412833,52931,14550,44.0,116,0,0
1768228018414152,52931,14550,42.0,129,0,0
1768228018415633,52931,14550,34.0,29,0,0
1768228018416249,52931,14550,34.0,137,0,0
1768228018416958,52931,14550,60.0,24,0,0
1768228018418883,52931,14550,53.0,124,0,0
1768228018419345,52931,14550,31.0,2,0,0
1768228018419758,52931,14550,64.0,164,0,0
1768228018420418,52931,14550,24.0,168,0,0
1768228018421405,52931,14550,42.0,136,0,0
1768228018422143,52931,14550,42.0,193,0,0
1768228018422777,52931,14550,48.0,32,0,0
1768228018423717,52931,14550,40.0,241,0,0
1768228018424742,52931,14550,70.0,87,0,0
1768228018425446,52931,14550,61.0,147,0,0
1768228018425985,52931,14550,64.0,11030,0,0
1768228018550235,5760,58419,,264,1,0
1768228018550828,52931,14550,47.0,264,0,0
1768228018635317,52931,14550,48.0,163,0,0
1768228018636036,52931,14550,44.0,178,0,0
1768228018636739,52931,14550,48.0,30,0,0
1768228018637572,52931,14550,48.0,33,0,0
1768228018638132,52931,14550,39.0,74,0,0
1768228018638778,52931,14550,51.0,1,0,0
1768228018639402,52931,14550,22.0,125,0,0
1768228018640105,52931,14550,27.0,152,0,0
1768228018640429,52931,14550,45.0,62,0,0
1768228018641241,52931,14550,26.0,42,0,0
1768228018641880,52931,14550,32.0,36,0,0
1768228018642334,52931,14550,62.0,65,0,0
1768228018642785,52931,14550,49.0,27,0,0
1768228018643142,52931,14550,44.0,116,0,0
1768228018643494,52931,14550,42.0,129,0,0
1768228018643835,52931,14550,34.0,29,0,0
1768228018644176,52931,14550,34.0,137,0,0
1768228018644521,52931,14550,60.0,24,0,0
1768228018645041,52931,14550,53.0,124,0,0
1768228018645580,52931,14550,31.0,2,0,0
1768228018645971,52931,14550,64.0,164,0,0
1768228018646306,52931,14550,24.0,168,0,0
1768228018646685,52931,14550,42.0,136,0,0
1768228018647080,52931,14550,42.0,193,0,0
1768228018647560,52931,14550,48.0,32,0,0
1768228018647895,52931,14550,40.0,241,0,0
1768228018648315,52931,14550,70.0,87,0,0
1768228018648805,52931,14550,61.0,147,0,0
1768228018649194,52931,14550,64.0,11030,0,0
1768228018713105,58419,5760,,0,1,0
1768228018884536,52931,14550,48.0,163,0,0
1768228018885580,52931,14550,44.0,178,0,0
1768228018886310,52931,14550,48.0,30,0,0
1768228018887498,52931,14550,48.0,33,0,0
1768228018888079,52931,14550,39.0,74,0,0
1768228018890275,52931,14550,51.0,1,0,0
1768228018892731,52931,14550,22.0,125,0,0
1768228018893968,52931,14550,27.0,152,0,0
1768228018894568,52931,14550,45.0,62,0,0
1768228018896036,52931,14550,26.0,42,0,0
1768228018896987,52931,14550,32.0,36,0,0
1768228018898277,52931,14550,62.0,65,0,0
1768228018898965,52931,14550,49.0,27,0,0
1768228018900257,52931,14550,44.0,116,0,0
1768228018901092,52931,14550,42.0,129,0,0
1768228018902137,52931,14550,34.0,29,0,0
1768228018902667,52931,14550,34.0,137,0,0
1768228018903756,52931,14550,60.0,24,0,0
1768228018904928,52931,14550,53.0,124,0,0
1768228018905632,52931,14550,31.0,2,0,0
1768228018906204,52931,14550,64.0,164,0,0
1768228018906635,52931,14550,24.0,168,0,0
1768228018907505,52931,14550,42.0,136,0,0
1768228018908502,52931,14550,42.0,193,0,0
1768228018909414,52931,14550,48.0,32,0,0
1768228018909937,52931,14550,40.0,241,0,0
1768228018910643,52931,14550,70.0,87,0,0
1768228018911129,52931,14550,61.0,147,0,0
1768228018911654,52931,14550,64.0,11030,0,0
1768228018953488,5760,58419,,0,1,0
1768228018954001,52931,14550,29.0,0,0,0
1768228019047358,5760,58419,,264,1,0
1768228019048202,52931,14550,47.0,264,0,0
1768228019135883,52931,14550,48.0,163,0,1
1768228019137954,52931,14550,44.0,178,0,1
1768228019138680,52931,14550,48.0,30,0,1
1768228019140226,52931,14550,48.0,33,0,1
1768228019141196,52931,14550,39.0,74,0,1
1768228019143173,52931,14550,51.0,1,0,1
1768228019144695,52931,14550,22.0,125,0,1
1768228019145906,52931,14550,27.0,152,0,1
1768228019146605,52931,14550,45.0,62,0,1
1768228019147855,52931,14550,26.0,42,0,1
1768228019149328,52931,14550,32.0,36,0,1
1768228019150067,52931,14550,62.0,65,0,1
1768228019150767,52931,14550,49.0,27,0,1
1768228019151623,52931,14550,44.0,116,0,1
1768228019152320,52931,14550,42.0,129,0,1
1768228019153230,52931,14550,34.0,29,0,1
1768228019153924,52931,14550,34.0,137,0,1
1768228019154748,52931,14550,60.0,24,0,1
1768228019155869,52931,14550,53.0,124,0,1
1768228019157245,52931,14550,31.0,2,0,1
1768228019158063,52931,14550,64.0,164,0,1
1768228019158762,52931,14550,24.0,168,0,1
1768228019160130,52931,14550,42.0,136,0,1
1768228019160962,52931,14550,42.0,193,0,1
1768228019161881,52931,14550,48.0,32,0,1
1768228019162770,52931,14550,40.0,241,0,1
1768228019163525,52931,14550,70.0,87,0,1
1768228019164875,52931,14550,61.0,147,0,1
1768228019165657,52931,14550,64.0,11030,0,1
1768228019386020,52931,14550,48.0,163,0,1
1768228019390146,52931,14550,44.0,178,0,1
1768228019395916,52931,14550,48.0,30,0,1
1768228019400803,52931,14550,48.0,33,0,1
1768228019402254,52931,14550,39.0,74,0,1
1768228019409348,52931,14550,51.0,1,0,1
1768228019414577,52931,14550,22.0,125,0,1
1768228019419659,52931,14550,27.0,152,0,1
1768228019422408,52931,14550,45.0,62,0,1
1768228019427649,52931,14550,26.0,42,0,1
1768228019430864,52931,14550,32.0,36,0,1
1768228019434596,52931,14550,62.0,65,0,1
1768228019436495,52931,14550,49.0,27,0,1
1768228019438116,52931,14550,44.0,116,0,1
1768228019439585,52931,14550,42.0,129,0,1
1768228019443340,52931,14550,34.0,29,0,1
1768228019445974,52931,14550,34.0,137,0,1
1768228019448300,52931,14550,60.0,24,0,1
1768228019450629,52931,14550,53.0,124,0,1
1768228019453551,52931,14550,31.0,2,0,1
1768228019455046,52931,14550,64.0,164,0,1
1768228019456732,52931,14550,24.0,168,0,1
1768228019458900,52931,14550,42.0,136,0,1
1768228019460827,52931,14550,42.0,193,0,1
1768228019462418,52931,14550,48.0,32,0,1
1768228019464083,52931,14550,40.0,241,0,1
1768228019465296,52931,14550,70.0,87,0,1
1768228019467497,52931,14550,61.0,147,0,1
1768228019468753,52931,14550,64.0,11030,0,1
1768228019540259,5760,58419,,253,1,1
1768228019541617,52931,14550,71.0,253,0,1
1768228019549203,52931,14550,34.0,253,0,1
1768228019549327,5760,58419,,264,1,1
1768228019551637,52931,14550,60.0,253,0,1
1768228019554249,52931,14550,47.0,264,0,1
1768228019558138,52931,14550,34.0,253,0,1
1768228019561065,52931,14550,60.0,253,0,1
1768228019567259,52931,14550,34.0,253,0,1
1768228019570832,52931,14550,60.0,253,0,1
1768228019572920,52931,14550,34.0,253,0,1
1768228019576064,52931,14550,60.0,253,0,1
1768228019581113,52931,14550,34.0,253,0,1
1768228019584666,52931,14550,60.0,253,0,1
1768228019588329,52931,14550,34.0,253,0,1
1768228019593815,52931,14550,60.0,253,0,1
1768228019599051,52931,14550,34.0,253,0,1
1768228019604474,52931,14550,60.0,253,0,1
1768228019608624,52931,14550,34.0,253,0,1
1768228019613982,52931,14550,60.0,253,0,1
1768228019617109,52931,14550,34.0,253,0,1
1768228019620226,52931,14550,60.0,253,0,1
1768228019622402,52931,14550,34.0,253,0,1
1768228019626698,52931,14550,60.0,253,0,1
1768228019634058,52931,14550,34.0,253,0,1
1768228019637355,52931,14550,60.0,253,0,1
1768228019644337,52931,14550,34.0,253,0,1
1768228019647466,52931,14550,60.0,253,0,1
1768228019649620,52931,14550,34.0,253,0,1
1768228019654690,52931,14550,60.0,253,0,1
1768228019658145,52931,14550,34.0,253,0,1
1768228019661500,52931,14550,60.0,253,0,0
1768228019663142,5760,58419,,22,1,0
1768228019666723,52931,14550,34.0,253,0,0
1768228019670165,52931,14550,60.0,253,0,0
1768228019675042,52931,14550,34.0,253,0,0
1768228019680080,52931,14550,60.0,253,0,0
1768228019683355,52931,14550,34.0,253,0,0
1768228019686687,52931,14550,60.0,253,0,0
1768228019690154,52931,14550,34.0,253,0,0
1768228019692258,52931,14550,60.0,253,0,0
1768228019696463,52931,14550,48.0,163,0,0
1768228019699445,52931,14550,44.0,178,0,0
1768228019700874,52931,14550,48.0,30,0,0
1768228019703078,52931,14550,48.0,33,0,0
1768228019705385,52931,14550,39.0,74,0,0
1768228019711386,52931,14550,51.0,1,0,0
1768228019715483,52931,14550,22.0,125,0,0
1768228019717201,52931,14550,27.0,152,0,0
1768228019718763,52931,14550,45.0,62,0,0
1768228019720355,52931,14550,26.0,42,0,0
1768228019722345,52931,14550,32.0,36,0,0
1768228019723403,52931,14550,62.0,65,0,0
1768228019724537,52931,14550,49.0,27,0,0
1768228019725517,52931,14550,44.0,116,0,0
1768228019726735,52931,14550,42.0,129,0,0
1768228019727662,52931,14550,34.0,29,0,0
1768228019728497,52931,14550,34.0,137,0,0
1768228019729319,52931,14550,60.0,24,0,0
1768228019730992,52931,14550,53.0,124,0,0
1768228019732521,52931,14550,31.0,2,0,0
1768228019733468,52931,14550,64.0,164,0,0
1768228019735834,52931,14550,24.0,168,0,0
1768228019737296,52931,14550,42.0,136,0,0
1768228019738353,52931,14550,42.0,193,0,0
1768228019739697,52931,14550,48.0,32,0,0
1768228019740951,52931,14550,40.0,241,0,0
1768228019741950,52931,14550,70.0,87,0,0
1768228019743056,52931,14550,61.0,147,0,0
1768228019745107,52931,14550,64.0,11030,0,0
1768228019747313,52931,14550,34.0,253,0,0
1768228019748572,52931,14550,60.0,253,0,0
1768228019749857,52931,14550,34.0,253,0,0
1768228019751318,52931,14550,60.0,253,0,0
1768228019752773,52931,14550,34.0,253,0,0
1768228019754946,52931,14550,60.0,253,0,0
1768228019756405,52931,14550,34.0,253,0,0
1768228019758657,52931,14550,60.0,253,0,0
1768228019760539,52931,14550,34.0,253,0,0
1768228019762931,52931,14550,60.0,253,0,0
1768228019764708,52931,14550,34.0,253,0,0
1768228019766032,52931,14550,60.0,253,0,0
1768228019767297,52931,14550,45.0,22,0,0
1768228019768888,52931,14550,34.0,253,0,0
1768228019769772,52931,14550,60.0,253,0,0
1768228019771350,58419,5760,,0,1,0
1768228019889709,52931,14550,48.0,163,0,0
1768228019891555,52931,14550,44.0,178,0,0
1768228019893098,52931,14550,48.0,30,0,0
1768228019897214,52931,14550,48.0,33,0,0
1768228019899226,52931,14550,39.0,74,0,0
1768228019904247,52931,14550,51.0,1,0,0
1768228019908782,52931,14550,22.0,125,0,0
1768228019911053,52931,14550,27.0,152,0,0
1768228019912712,52931,14550,45.0,62,0,0
1768228019915570,52931,14550,26.0,42,0,0
1768228019918737,52931,14550,32.0,36,0,0
1768228019920646,52931,14550,62.0,65,0,0
1768228019922197,52931,14550,49.0,27,0,0
1768228019925824,52931,14550,44.0,116,0,0
1768228019927822,52931,14550,42.0,129,0,0
1768228019929747,52931,14550,34.0,29,0,0
1768228019930851,52931,14550,34.0,137,0,0
1768228019932747,52931,14550,60.0,24,0,0
1768228019936933,52931,14550,53.0,124,0,0
1768228019938925,52931,14550,31.0,2,0,0
1768228019940144,52931,14550,64.0,164,0,0
1768228019941598,52931,14550,24.0,168,0,0
1768228019943914,52931,14550,42.0,136,0,0
1768228019945121,52931,14550,42.0,193,0,0
1768228019947672,52931,14550,48.0,32,0,0
1768228019951562,52931,14550,40.0,241,0,0
1768228019953497,52931,14550,70.0,87,0,0
1768228019956797,52931,14550,61.0,147,0,0
1768228019957949,52931,14550,64.0,11030,0,0
1768228019960994,5760,58419,,0,1,0
1768228019962741,52931,14550,29.0,0,0,0
1768228020055456,5760,58419,,264,1,0
1768228020056853,52931,14550,47.0,264,0,0
1768228020136977,52931,14550,48.0,163,0,0
1768228020139520,52931,14550,44.0,178,0,0
1768228020141283,52931,14550,48.0,30,0,0
1768228020144586,52931,14550,48.0,33,0,0
1768228020146564,52931,14550,39.0,74,0,0
1768228020151023,52931,14550,51.0,1,0,0
1768228020154815,52931,14550,22.0,125,0,0
1768228020156632,52931,14550,27.0,152,0,0
1768228020158120,52931,14550,45.0,62,0,0
1768228020161590,52931,14550,26.0,42,0,0
1768228020164515,52931,14550,32.0,36,0,0
1768228020165913,52931,14550,62.0,65,0,0
1768228020167680,52931,14550,49.0,27,0,0
1768228020169365,52931,14550,44.0,116,0,0
1768228020170601,52931,14550,42.0,129,0,0
1768228020172881,52931,14550,34.0,29,0,0
1768228020174319,52931,14550,34.0,137,0,0
1768228020175831,52931,14550,60.0,24,0,0
1768228020177738,52931,14550,53.0,124,0,0
1768228020179712,52931,14550,31.0,2,0,0
1768228020180872,52931,14550,64.0,164,0,0
1768228020182099,52931,14550,24.0,168,0,0
1768228020183868,52931,14550,42.0,136,0,0
1768228020185276,52931,14550,42.0,193,0,0
1768228020186828,52931,14550,48.0,32,0,0
1768228020188437,52931,14550,40.0,241,0,0
1768228020189963,52931,14550,70.0,87,0,0
1768228020191996,52931,14550,61.0,147,0,0
1768228020193490,52931,14550,64.0,11030,0,0
1768228020391417,52931,14550,48.0,163,0,0
1768228020394258,52931,14550,44.0,178,0,0
1768228020398279,52931,14550,48.0,30,0,0
1768228020401761,52931,14550,48.0,33,0,0
1768228020403510,52931,14550,39.0,74,0,0
1768228020408717,52931,14550,51.0,1,0,0
1768228020413434,52931,14550,22.0,125,0,0
1768228020417149,52931,14550,27.0,152,0,0
1768228020418655,52931,14550,45.0,62,0,0
1768228020422789,52931,14550,26.0,42,0,0
1768228020427766,52931,14550,32.0,36,0,0
1768228020429233,52931,14550,62.0,65,0,0
1768228020431815,52931,14550,49.0,27,0,0
1768228020435032,52931,14550,44.0,116,0,0
1768228020437084,52931,14550,42.0,129,0,0
1768228020439917,52931,14550,34.0,29,0,0
1768228020441785,52931,14550,34.0,137,0,0
1768228020443616,52931,14550,60.0,24,0,0
1768228020445893,52931,14550,53.0,124,0,0
1768228020448932,52931,14550,31.0,2,0,0
1768228020452380,52931,14550,64.0,164,0,0
1768228020455428,52931,14550,24.0,168,0,0
1768228020457863,52931,14550,42.0,136,0,0
1768228020460338,52931,14550,42.0,193,0,0
1768228020463333,52931,14550,48.0,32,0,0
1768228020465690,52931,14550,40.0,241,0,0
1768228020469039,52931,14550,70.0,87,0,0
1768228020471223,52931,14550,61.0,147,0,0
1768228020472835,52931,14550,64.0,11030,0,0
1768228020555454,5760,58419,,264,1,0
1768228020556386,52931,14550,47.0,264,0,0
1768228020645212,52931,14550,48.0,163,0,0
1768228020647194,52931,14550,44.0,178,0,0
1768228020648444,52931,14550,48.0,30,0,0
1768228020651280,52931,14550,48.0,33,0,0
1768228020652832,52931,14550,39.0,74,0,0
1768228020658579,52931,14550,51.0,1,0,0
1768228020665110,52931,14550,22.0,125,0,0
1768228020666748,52931,14550,27.0,152,0,0
1768228020669072,52931,14550,45.0,62,0,0
1768228020671812,52931,14550,26.0,42,0,0
1768228020674699,52931,14550,32.0,36,0,0
1768228020676274,52931,14550,62.0,65,0,0
1768228020677851,52931,14550,49.0,27,0,0
1768228020679466,52931,14550,44.0,116,0,0
1768228020680704,52931,14550,42.0,129,0,0
1768228020682425,52931,14550,34.0,29,0,0
1768228020684013,52931,14550,34.0,137,0,0
1768228020685734,52931,14550,60.0,24,0,0
1768228020687990,52931,14550,53.0,124,0,0
1768228020689900,52931,14550,31.0,2,0,0
1768228020691159,52931,14550,64.0,164,0,0
1768228020692347,52931,14550,24.0,168,0,0
1768228020693940,52931,14550,42.0,136,0,0
1768228020695266,52931,14550,42.0,193,0,0
1768228020696683,52931,14550,48.0,32,0,0
1768228020698358,52931,14550,40.0,241,0,0
1768228020699908,52931,14550,70.0,87,0,0
1768228020702297,52931,14550,61.0,147,0,0
1768228020703519,52931,14550,64.0,11030,0,0
1768228020772155,58419,5760,,0,1,0
1768228020894007,52931,14550,48.0,163,0,0
1768228020895915,52931,14550,44.0,178,0,0
1768228020897907,52931,14550,48.0,30,0,0
1768228020900329,52931,14550,48.0,33,0,0
1768228020902715,52931,14550,39.0,74,0,0
1768228020906762,52931,14550,51.0,1,0,0
1768228020911110,52931,14550,22.0,125,0,0
1768228020914793,52931,14550,27.0,152,0,0
1768228020917167,52931,14550,45.0,62,0,0
1768228020920735,52931,14550,26.0,42,0,0
1768228020924499,52931,14550,32.0,36,0,0
1768228020926072,52931,14550,62.0,65,0,0
1768228020927279,52931,14550,49.0,27,0,0
1768228020929588,52931,14550,44.0,116,0,0
1768228020931238,52931,14550,42.0,129,0,0
1768228020933841,52931,14550,34.0,29,0,0
1768228020935823,52931,14550,34.0,137,0,0
1768228020937078,52931,14550,60.0,24,0,0
1768228020940704,52931,14550,53.0,124,0,0
1768228020943292,52931,14550,31.0,2,0,0
1768228020945389,52931,14550,64.0,164,0,0
1768228020946856,52931,14550,24.0,168,0,0
1768228020948471,52931,14550,42.0,136,0,0
1768228020950651,52931,14550,42.0,193,0,0
1768228020952393,52931,14550,48.0,32,0,0
1768228020954288,52931,14550,40.0,241,0,0
1768228020956183,52931,14550,70.0,87,0,0
1768228020959736,52931,14550,61.0,147,0,0
1768228020960889,52931,14550,64.0,11030,0,0
1768228020967484,5760,58419,,0,1,0
1768228020968392,52931,14550,29.0,0,0,0
1768228021057089,5760,58419,,264,1,0
1768228021058193,52931,14550,47.0,264,0,0
1768228021146304,52931,14550,48.0,163,0,0
1768228021149324,52931,14550,44.0,178,0,0
1768228021151099,52931,14550,48.0,30,0,0
1768228021152976,52931,14550,48.0,33,0,0
1768228021154445,52931,14550,39.0,74,0,0
1768228021157489,52931,14550,51.0,1,0,0
1768228021159992,52931,14550,22.0,125,0,0
1768228021161771,52931,14550,27.0,152,0,0
1768228021164521,52931,14550,45.0,62,0,0
1768228021168703,52931,14550,26.0,42,0,0
1768228021171826,52931,14550,32.0,36,0,0
1768228021174306,52931,14550,62.0,65,0,0
1768228021176062,52931,14550,49.0,27,0,0
1768228021177703,52931,14550,44.0,116,0,0
1768228021179092,52931,14550,42.0,129,0,0
1768228021181157,52931,14550,34.0,29,0,0
1768228021182327,52931,14550,34.0,137,0,0
1768228021184069,52931,14550,60.0,24,0,0
1768228021188145,52931,14550,53.0,124,0,0
1768228021191766,52931,14550,31.0,2,0,0
1768228021193403,52931,14550,64.0,164,0,0
1768228021194605,52931,14550,24.0,168,0,0
1768228021196275,52931,14550,42.0,136,0,0
1768228021197477,52931,14550,42.0,193,0,0
1768228021199162,52931,14550,48.0,32,0,0
1768228021200484,52931,14550,40.0,241,0,0
1768228021201726,52931,14550,70.0,87,0,0
1768228021204610,52931,14550,61.0,147,0,0
1768228021205989,52931,14550,64.0,11030,0,0
1768228021396191,52931,14550,48.0,163,0,0
1768228021399315,52931,14550,44.0,178,0,0
1768228021401102,52931,14550,48.0,30,0,0
1768228021403568,52931,14550,48.0,33,0,0
1768228021406782,52931,14550,39.0,74,0,0
1768228021413861,52931,14550,51.0,1,0,0
1768228021419073,52931,14550,22.0,125,0,0
1768228021422459,52931,14550,27.0,152,0,0
1768228021424261,52931,14550,45.0,62,0,0
1768228021427454,52931,14550,26.0,42,0,0
1768228021432790,52931,14550,32.0,36,0,0
1768228021434183,52931,14550,62.0,65,0,0
1768228021435533,52931,14550,49.0,27,0,0
1768228021436776,52931,14550,44.0,116,0,0
1768228021438152,52931,14550,42.0,129,0,0
1768228021439543,52931,14550,34.0,29,0,0
1768228021440987,52931,14550,34.0,137,0,0
1768228021443876,52931,14550,60.0,24,0,0
1768228021445916,52931,14550,53.0,124,0,0
1768228021448198,52931,14550,31.0,2,0,0
1768228021450461,52931,14550,64.0,164,0,0
1768228021451982,52931,14550,24.0,168,0,0
1768228021454367,52931,14550,42.0,136,0,0
1768228021456199,52931,14550,42.0,193,0,0
1768228021458158,52931,14550,48.0,32,0,0
1768228021459421,52931,14550,40.0,241,0,0
1768228021460852,52931,14550,70.0,87,0,0
1768228021462622,52931,14550,61.0,147,0,0
1768228021464590,52931,14550,64.0,11030,0,0
1768228021559687,5760,58419,,264,1,0
1768228021560699,52931,14550,47.0,264,0,0
1768228021651257,52931,14550,48.0,163,0,0
1768228021654022,52931,14550,44.0,178,0,0
1768228021655324,52931,14550,48.0,30,0,0
1768228021659041,52931,14550,48.0,33,0,0
1768228021661026,52931,14550,39.0,74,0,0
1768228021664923,52931,14550,51.0,1,0,0
1768228021667298,52931,14550,22.0,125,0,0
1768228021668977,52931,14550,27.0,152,0,0
1768228021670209,52931,14550,45.0,62,0,0
1768228021672759,52931,14550,26.0,42,0,0
1768228021675713,52931,14550,32.0,36,0,0
1768228021676987,52931,14550,62.0,65,0,0
1768228021678221,52931,14550,49.0,27,0,0
1768228021679607,52931,14550,44.0,116,0,0
1768228021681098,52931,14550,42.0,129,0,0
1768228021682362,52931,14550,34.0,29,0,0
1768228021683748,52931,14550,34.0,137,0,0
1768228021685073,52931,14550,60.0,24,0,0
1768228021687088,52931,14550,53.0,124,0,0
1768228021695766,52931,14550,31.0,2,0,0
1768228021697329,52931,14550,64.0,164,0,0
1768228021699177,52931,14550,24.0,168,0,0
1768228021700755,52931,14550,42.0,136,0,0
1768228021702502,52931,14550,42.0,193,0,0
1768228021703903,52931,14550,48.0,32,0,0
1768228021705068,52931,14550,40.0,241,0,0
1768228021706424,52931,14550,70.0,87,0,0
1768228021708441,52931,14550,61.0,147,0,0
1768228021709834,52931,14550,64.0,11030,0,0
1768228021779712,58419,5760,,0,1,0
1768228021902113,52931,14550,48.0,163,0,0
1768228021906078,52931,14550,44.0,178,0,0
1768228021907499,52931,14550,48.0,30,0,0
1768228021909833,52931,14550,48.0,33,0,0
1768228021911739,52931,14550,39.0,74,0,0
1768228021915795,52931,14550,51.0,1,0,0
1768228021921440,52931,14550,22.0,125,0,0
1768228021924808,52931,14550,27.0,152,0,0
1768228021927110,52931,14550,45.0,62,0,0
1768228021932326,52931,14550,26.0,42,0,0
1768228021935569,52931,14550,32.0,36,0,0
1768228021936833,52931,14550,62.0,65,0,0
1768228021939025,52931,14550,49.0,27,0,0
1768228021941054,52931,14550,44.0,116,0,0
1768228021943286,52931,14550,42.0,129,0,0
1768228021944913,52931,14550,34.0,29,0,0
1768228021947989,52931,14550,34.0,137,0,0
1768228021949780,52931,14550,60.0,24,0,0
1768228021951689,52931,14550,53.0,124,0,0
1768228021954031,52931,14550,31.0,2,0,0
1768228021955303,52931,14550,64.0,164,0,0
1768228021958086,52931,14550,24.0,168,0,0
1768228021960123,52931,14550,42.0,136,0,0
1768228021962633,52931,14550,42.0,193,0,0
1768228021964669,52931,14550,48.0,32,0,0
1768228021967027,52931,14550,40.0,241,0,0
1768228021969479,52931,14550,70.0,87,0,0
1768228021970148,5760,58419,,0,1,0
1768228021972401,52931,14550,61.0,147,0,0
1768228021974458,52931,14550,64.0,11030,0,0
1768228021978493,52931,14550,29.0,0,0,0
1768228022066525,5760,58419,,264,1,0
1768228022067521,52931,14550,47.0,264,0,0
1768228022153187,52931,14550,48.0,163,0,0
1768228022155618,52931,14550,44.0,178,0,0
1768228022157143,52931,14550,48.0,30,0,0
1768228022159728,52931,14550,48.0,33,0,0
1768228022161671,52931,14550,39.0,74,0,0
1768228022165077,52931,14550,51.0,1,0,0
1768228022170994,52931,14550,22.0,125,0,0
1768228022172745,52931,14550,27.0,152,0,0
1768228022174108,52931,14550,45.0,62,0,0
1768228022177459,52931,14550,26.0,42,0,0
1768228022180129,52931,14550,32.0,36,0,0
1768228022181406,52931,14550,62.0,65,0,0
1768228022183068,52931,14550,49.0,27,0,0
1768228022184367,52931,14550,44.0,116,0,0
1768228022185869,52931,14550,42.0,129,0,0
1768228022187076,52931,14550,34.0,29,0,0
1768228022188597,52931,14550,34.0,137,0,0
1768228022191248,52931,14550,60.0,24,0,0
1768228022193308,52931,14550,53.0,124,0,0
1768228022195008,52931,14550,31.0,2,0,0
1768228022196787,52931,14550,64.0,164,0,0
1768228022198039,52931,14550,24.0,168,0,0
1768228022199574,52931,14550,42.0,136,0,0
1768228022201057,52931,14550,42.0,193,0,0
1768228022203185,52931,14550,48.0,32,0,0
1768228022204566,52931,14550,40.0,241,0,0
1768228022206232,52931,14550,70.0,87,0,0
1768228022207808,52931,14550,61.0,147,0,0
1768228022209421,52931,14550,64.0,11030,0,0
1768228022404615,52931,14550,48.0,163,0,0
1768228022406920,52931,14550,44.0,178,0,0
1768228022409874,52931,14550,48.0,30,0,0
1768228022414908,52931,14550,48.0,33,0,0
1768228022416544,52931,14550,39.0,74,0,0
1768228022421959,52931,14550,51.0,1,0,0
1768228022427874,52931,14550,22.0,125,0,0
1768228022431015,52931,14550,27.0,152,0,0
1768228022434095,52931,14550,45.0,62,0,0
1768228022438448,52931,14550,26.0,42,0,0
1768228022441975,52931,14550,32.0,36,0,0
1768228022443810,52931,14550,62.0,65,0,0
1768228022446570,52931,14550,49.0,27,0,0
1768228022449475,52931,14550,44.0,116,0,0
1768228022452951,52931,14550,42.0,129,0,0
1768228022454528,52931,14550,34.0,29,0,0
1768228022455913,52931,14550,34.0,137,0,0
1768228022457627,52931,14550,60.0,24,0,0
1768228022462003,52931,14550,53.0,124,0,0
1768228022465384,52931,14550,31.0,2,0,0
1768228022466678,52931,14550,64.0,164,0,0
1768228022468362,52931,14550,24.0,168,0,0
1768228022470753,52931,14550,42.0,136,0,0
1768228022473916,52931,14550,42.0,193,0,0
1768228022476970,52931,14550,48.0,32,0,0
1768228022478681,52931,14550,40.0,241,0,0
1768228022480846,52931,14550,70.0,87,0,0
1768228022484069,52931,14550,61.0,147,0,0
1768228022487423,52931,14550,64.0,11030,0,0
1768228022568525,5760,58419,,264,1,0
1768228022569585,52931,14550,47.0,264,0,0
1768228022653359,52931,14550,48.0,163,0,0
1768228022657069,52931,14550,44.0,178,0,0
1768228022659339,52931,14550,48.0,30,0,0
1768228022661309,52931,14550,48.0,33,0,0
1768228022663436,52931,14550,39.0,74,0,0
1768228022667031,52931,14550,51.0,1,0,0
1768228022673852,52931,14550,22.0,125,0,0
1768228022676786,52931,14550,27.0,152,0,0
1768228022678146,52931,14550,45.0,62,0,0
1768228022680270,52931,14550,26.0,42,0,0
1768228022683320,52931,14550,32.0,36,0,0
1768228022684616,52931,14550,62.0,65,0,0
1768228022686026,52931,14550,49.0,27,0,0
1768228022687573,52931,14550,44.0,116,0,0
1768228022688893,52931,14550,42.0,129,0,0
1768228022690639,52931,14550,34.0,29,0,0
1768228022692215,52931,14550,34.0,137,0,0
1768228022693414,52931,14550,60.0,24,0,0
1768228022695851,52931,14550,53.0,124,0,0
1768228022697682,52931,14550,31.0,2,0,0
1768228022700175,52931,14550,64.0,164,0,0
1768228022701571,52931,14550,24.0,168,0,0
1768228022703084,52931,14550,42.0,136,0,0
1768228022704385,52931,14550,42.0,193,0,0
1768228022705957,52931,14550,48.0,32,0,0
1768228022708338,52931,14550,40.0,241,0,0
1768228022710389,52931,14550,70.0,87,0,0
1768228022712184,52931,14550,61.0,147,0,0
1768228022713962,52931,14550,64.0,11030,0,0
1768228022783679,58419,5760,,0,1,0
1768228022908652,52931,14550,48.0,163,0,0
1768228022913911,52931,14550,44.0,178,0,0
1768228022916324,52931,14550,48.0,30,0,0
1768228022920437,52931,14550,48.0,33,0,0
1768228022924277,52931,14550,39.0,74,0,0
1768228022930491,52931,14550,51.0,1,0,0
1768228022938797,52931,14550,22.0,125,0,0
1768228022942581,52931,14550,27.0,152,0,0
1768228022944480,52931,14550,45.0,62,0,0
1768228022946747,52931,14550,26.0,42,0,0
1768228022949700,52931,14550,32.0,36,0,0
1768228022951090,52931,14550,62.0,65,0,0
1768228022952417,52931,14550,49.0,27,0,0
1768228022954201,52931,14550,44.0,116,0,0
1768228022955590,52931,14550,42.0,129,0,0
1768228022957041,52931,14550,34.0,29,0,0
1768228022958525,52931,14550,34.0,137,0,0
1768228022959778,52931,14550,60.0,24,0,0
1768228022962083,52931,14550,53.0,124,0,0
1768228022964016,52931,14550,31.0,2,0,0
1768228022966159,52931,14550,64.0,164,0,0
1768228022967401,52931,14550,24.0,168,0,0
1768228022969018,52931,14550,42.0,136,0,0
1768228022970230,52931,14550,42.0,193,0,0
1768228022972103,52931,14550,48.0,32,0,0
1768228022973513,52931,14550,40.0,241,0,0
1768228022975027,52931,14550,70.0,87,0,0
1768228022976503,52931,14550,61.0,147,0,0
1768228022978405,52931,14550,64.0,11030,0,0
1768228022979910,5760,58419,,0,1,0
1768228022981207,52931,14550,29.0,0,0,0
1768228022988245,5760,58419,,111,1,0
1768228022989243,52931,14550,33.0,111,0,0
1768228023072387,5760,58419,,264,1,0
1768228023073482,52931,14550,47.0,264,0,0
1768228023158971,52931,14550,48.0,163,0,0
1768228023161555,52931,14550,44.0,178,0,0
1768228023163606,52931,14550,48.0,30,0,0
1768228023166590,52931,14550,48.0,33,0,0
1768228023169465,52931,14550,39.0,74,0,0
1768228023172799,52931,14550,51.0,1,0,0
1768228023175109,52931,14550,22.0,125,0,0
1768228023177066,52931,14550,27.0,152,0,0
1768228023178331,52931,14550,45.0,62,0,0
1768228023180409,52931,14550,26.0,42,0,0
1768228023183019,52931,14550,32.0,36,0,0
1768228023184501,52931,14550,62.0,65,0,0
1768228023186289,52931,14550,49.0,27,0,0
1768228023187498,52931,14550,44.0,116,0,0
1768228023189030,52931,14550,42.0,129,0,0
1768228023190573,52931,14550,34.0,29,0,0
1768228023191988,52931,14550,34.0,137,0,0
1768228023193744,52931,14550,60.0,24,0,0
1768228023195520,52931,14550,53.0,124,0,0
1768228023197517,52931,14550,31.0,2,0,0
1768228023199256,52931,14550,64.0,164,0,0
1768228023200588,52931,14550,24.0,168,0,0
1768228023202613,52931,14550,42.0,136,0,0
1768228023203804,52931,14550,42.0,193,0,0
1768228023206095,52931,14550,48.0,32,0,0
1768228023207337,52931,14550,40.0,241,0,0
1768228023208941,52931,14550,70.0,87,0,0
1768228023211572,52931,14550,61.0,147,0,0
1768228023213145,52931,14550,64.0,11030,0,0
1768228023406302,52931,14550,48.0,163,0,0
1768228023409304,52931,14550,44.0,178,0,0
1768228023410929,52931,14550,48.0,30,0,0
1768228023414564,52931,14550,48.0,33,0,0
1768228023417189,52931,14550,39.0,74,0,0
1768228023421915,52931,14550,51.0,1,0,0
1768228023430160,52931,14550,22.0,125,0,0
1768228023434102,52931,14550,27.0,152,0,0
1768228023436000,52931,14550,45.0,62,0,0
1768228023439521,52931,14550,26.0,42,0,0
1768228023442279,52931,14550,32.0,36,0,0
1768228023444212,52931,14550,62.0,65,0,0
1768228023447092,52931,14550,49.0,27,0,0
1768228023448636,52931,14550,44.0,116,0,0
1768228023455872,52931,14550,42.0,129,0,0
1768228023459377,52931,14550,34.0,29,0,0
1768228023461129,52931,14550,34.0,137,0,0
1768228023464532,52931,14550,60.0,24,0,0
1768228023469743,52931,14550,53.0,124,0,0
1768228023473880,52931,14550,31.0,2,0,0
1768228023476251,52931,14550,64.0,164,0,0
1768228023477840,52931,14550,24.0,168,0,0
1768228023481222,52931,14550,42.0,136,0,0
1768228023482482,52931,14550,42.0,193,0,0
1768228023484165,52931,14550,48.0,32,0,0
1768228023485833,52931,14550,40.0,241,0,0
1768228023487495,52931,14550,70.0,87,0,0
1768228023489605,52931,14550,61.0,147,0,0
1768228023491766,52931,14550,64.0,11030,0,0
1768228023574261,5760,58419,,264,1,0
1768228023575453,52931,14550,47.0,264,0,0
1768228023661405,52931,14550,48.0,163,0,0
1768228023664515,52931,14550,44.0,178,0,0
1768228023666776,52931,14550,48.0,30,0,0
1768228023670320,52931,14550,48.0,33,0,0
1768228023672901,52931,14550,39.0,74,0,0
1768228023678154,52931,14550,51.0,1,0,0
1768228023682633,52931,14550,22.0,125,0,0
1768228023684997,52931,14550,27.0,152,0,0
1768228023686990,52931,14550,45.0,62,0,0
1768228023689765,52931,14550,26.0,42,0,0
1768228023692917,52931,14550,32.0,36,0,0
1768228023694588,52931,14550,62.0,65,0,0
1768228023695856,52931,14550,49.0,27,0,0
1768228023697191,52931,14550,44.0,116,0,0
1768228023698753,52931,14550,42.0,129,0,0
1768228023700673,52931,14550,34.0,29,0,0
1768228023702113,52931,14550,34.0,137,0,0
1768228023703610,52931,14550,60.0,24,0,0
1768228023705605,52931,14550,53.0,124,0,0
1768228023707212,52931,14550,31.0,2,0,0
1768228023709156,52931,14550,64.0,164,0,0
1768228023710531,52931,14550,24.0,168,0,0
1768228023712377,52931,14550,42.0,136,0,0
1768228023713590,52931,14550,42.0,193,0,0
1768228023714933,52931,14550,48.0,32,0,0
1768228023716402,52931,14550,40.0,241,0,0
1768228023717625,52931,14550,70.0,87,0,0
1768228023719025,52931,14550,61.0,147,0,0
1768228023720815,52931,14550,64.0,11030,0,0
1768228023789500,58419,5760,,0,1,0
1768228023914376,52931,14550,48.0,163,0,0
1768228023917093,52931,14550,44.0,178,0,0
1768228023919257,52931,14550,48.0,30,0,0
1768228023923489,52931,14550,48.0,33,0,0
1768228023927059,52931,14550,39.0,74,0,0
1768228023930886,52931,14550,51.0,1,0,0
1768228023936626,52931,14550,22.0,125,0,0
1768228023939496,52931,14550,27.0,152,0,0
1768228023941148,52931,14550,45.0,62,0,0
1768228023944513,52931,14550,26.0,42,0,0
1768228023948050,52931,14550,32.0,36,0,0
1768228023949770,52931,14550,62.0,65,0,0
1768228023951886,52931,14550,49.0,27,0,0
1768228023954170,52931,14550,44.0,116,0,0
1768228023956101,52931,14550,42.0,129,0,0
1768228023960824,52931,14550,34.0,29,0,0
1768228023962858,52931,14550,34.0,137,0,0
1768228023964461,52931,14550,60.0,24,0,0
1768228023966836,52931,14550,53.0,124,0,0
1768228023970721,52931,14550,31.0,2,0,0
1768228023972756,52931,14550,64.0,164,0,0
1768228023975354,52931,14550,24.0,168,0,0
1768228023978540,52931,14550,42.0,136,0,0
1768228023980542,52931,14550,42.0,193,0,0
1768228023982565,52931,14550,48.0,32,0,0
1768228023983641,5760,58419,,0,1,0
1768228023984619,52931,14550,40.0,241,0,0
1768228023985927,52931,14550,70.0,87,0,0
1768228023988059,52931,14550,61.0,147,0,0
1768228023991125,52931,14550,64.0,11030,0,0
1768228023994858,52931,14550,29.0,0,0,0
1768228024075317,5760,58419,,264,1,0
1768228024076639,52931,14550,47.0,264,0,0
1768228024161631,52931,14550,48.0,163,0,0
1768228024163651,52931,14550,44.0,178,0,0
1768228024165727,52931,14550,48.0,30,0,0
1768228024168890,52931,14550,48.0,33,0,0
1768228024170585,52931,14550,39.0,74,0,0
1768228024173956,52931,14550,51.0,1,0,0
1768228024176304,52931,14550,22.0,125,0,0
1768228024178152,52931,14550,27.0,152,0,0
1768228024179393,52931,14550,45.0,62,0,0
1768228024181554,52931,14550,26.0,42,0,0
1768228024184125,52931,14550,32.0,36,0,0
1768228024185705,52931,14550,62.0,65,0,0
1768228024187103,52931,14550,49.0,27,0,0
1768228024188333,52931,14550,44.0,116,0,0
1768228024189840,52931,14550,42.0,129,0,0
1768228024191599,52931,14550,34.0,29,0,0
1768228024193112,52931,14550,34.0,137,0,0
1768228024194650,52931,14550,60.0,24,0,0
1768228024196298,52931,14550,53.0,124,0,0
1768228024198309,52931,14550,31.0,2,0,0
1768228024200074,52931,14550,64.0,164,0,0
1768228024201417,52931,14550,24.0,168,0,0
1768228024203048,52931,14550,42.0,136,0,0
1768228024204667,52931,14550,42.0,193,0,0
1768228024206360,52931,14550,48.0,32,0,0
1768228024207524,52931,14550,40.0,241,0,0
1768228024208774,52931,14550,70.0,87,0,0
1768228024210534,52931,14550,61.0,147,0,0
1768228024212297,52931,14550,64.0,11030,0,0
1768228024415553,52931,14550,48.0,163,0,0
1768228024420025,52931,14550,44.0,178,0,0
1768228024422774,52931,14550,48.0,30,0,0
1768228024428197,52931,14550,48.0,33,0,0
1768228024429852,52931,14550,39.0,74,0,0
1768228024437196,52931,14550,51.0,1,0,0
1768228024445330,52931,14550,22.0,125,0,0
1768228024447475,52931,14550,27.0,152,0,0
1768228024449403,52931,14550,45.0,62,0,0
1768228024452468,52931,14550,26.0,42,0,0
1768228024454601,52931,14550,32.0,36,0,0
1768228024455867,52931,14550,62.0,65,0,0
1768228024457411,52931,14550,49.0,27,0,0
1768228024458927,52931,14550,44.0,116,0,0
1768228024461706,52931,14550,42.0,129,0,0
1768228024463659,52931,14550,34.0,29,0,0
1768228024465010,52931,14550,34.0,137,0,0
1768228024466548,52931,14550,60.0,24,0,0
1768228024468218,52931,14550,53.0,124,0,0
1768228024470637,52931,14550,31.0,2,0,0
1768228024472410,52931,14550,64.0,164,0,0
1768228024473959,52931,14550,24.0,168,0,0
1768228024475471,52931,14550,42.0,136,0,0
1768228024477210,52931,14550,42.0,193,0,0
1768228024478999,52931,14550,48.0,32,0,0
1768228024480518,52931,14550,40.0,241,0,0
1768228024481797,52931,14550,70.0,87,0,0
1768228024483215,52931,14550,61.0,147,0,0
1768228024485143,52931,14550,64.0,11030,0,0
1768228024578398,5760,58419,,264,1,0
1768228024579481,52931,14550,47.0,264,0,0
1768228024663229,52931,14550,48.0,163,0,0
1768228024667526,52931,14550,44.0,178,0,0
1768228024669409,52931,14550,48.0,30,0,0
1768228024671257,52931,14550,48.0,33,0,0
1768228024673198,52931,14550,39.0,74,0,0
1768228024678107,52931,14550,51.0,1,0,0
1768228024682904,52931,14550,22.0,125,0,0
1768228024684482,52931,14550,27.0,152,0,0
1768228024685702,52931,14550,45.0,62,0,0
1768228024687840,52931,14550,26.0,42,0,0
1768228024691408,52931,14550,32.0,36,0,0
1768228024692911,52931,14550,62.0,65,0,0
1768228024694427,52931,14550,49.0,27,0,0
1768228024695995,52931,14550,44.0,116,0,0
1768228024697295,52931,14550,42.0,129,0,0
1768228024698807,52931,14550,34.0,29,0,0
1768228024700245,52931,14550,34.0,137,0,0
1768228024701577,52931,14550,60.0,24,0,0
1768228024703361,52931,14550,53.0,124,0,0
1768228024705371,52931,14550,31.0,2,0,0
1768228024706765,52931,14550,64.0,164,0,0
1768228024708491,52931,14550,24.0,168,0,0
1768228024710098,52931,14550,42.0,136,0,0
1768228024711340,52931,14550,42.0,193,0,0
1768228024713068,52931,14550,48.0,32,0,0
1768228024714676,52931,14550,40.0,241,0,0
1768228024716052,52931,14550,70.0,87,0,0
1768228024718042,52931,14550,61.0,147,0,0
1768228024719781,52931,14550,64.0,11030,0,0
1768228024800065,58419,5760,,0,1,0
1768228024920491,52931,14550,48.0,163,0,0
1768228024922303,52931,14550,44.0,178,0,0
1768228024924071,52931,14550,48.0,30,0,0
1768228024926871,52931,14550,48.0,33,0,0
1768228024929995,52931,14550,39.0,74,0,0
1768228024936537,52931,14550,51.0,1,0,0
1768228024943592,52931,14550,22.0,125,0,0
1768228024946684,52931,14550,27.0,152,0,0
1768228024948313,52931,14550,45.0,62,0,0
1768228024953529,52931,14550,26.0,42,0,0
1768228024957578,52931,14550,32.0,36,0,0
1768228024959174,52931,14550,62.0,65,0,0
1768228024961314,52931,14550,49.0,27,0,0
1768228024963496,52931,14550,44.0,116,0,0
1768228024964831,52931,14550,42.0,129,0,0
1768228024966822,52931,14550,34.0,29,0,0
1768228024968469,52931,14550,34.0,137,0,0
1768228024970025,52931,14550,60.0,24,0,0
1768228024972414,52931,14550,53.0,124,0,0
1768228024973906,52931,14550,31.0,2,0,0
1768228024975373,52931,14550,64.0,164,0,0
1768228024976606,52931,14550,24.0,168,0,0
1768228024978487,52931,14550,42.0,136,0,0
1768228024979809,52931,14550,42.0,193,0,0
1768228024981320,52931,14550,48.0,32,0,0
1768228024982809,52931,14550,40.0,241,0,0
1768228024984049,52931,14550,70.0,87,0,0
1768228024985675,52931,14550,61.0,147,0,0
1768228024987073,52931,14550,64.0,11030,0,0
1768228024990173,5760,58419,,0,1,0
1768228024991181,52931,14550,29.0,0,0,0
1768228025080788,5760,58419,,264,1,0
1768228025081972,52931,14550,47.0,264,0,0
1768228025171437,52931,14550,48.0,163,0,0
1768228025174360,52931,14550,44.0,178,0,0
1768228025177114,52931,14550,48.0,30,0,0
1768228025179264,52931,14550,48.0,33,0,0
1768228025180897,52931,14550,39.0,74,0,0
1768228025184500,52931,14550,51.0,1,0,0
1768228025187891,52931,14550,22.0,125,0,0
1768228025190197,52931,14550,27.0,152,0,0
1768228025192490,52931,14550,45.0,62,0,0
1768228025195349,52931,14550,26.0,42,0,0
1768228025197825,52931,14550,32.0,36,0,0
1768228025199033,52931,14550,62.0,65,0,0
1768228025200873,52931,14550,49.0,27,0,0
1768228025202498,52931,14550,44.0,116,0,0
1768228025204170,52931,14550,42.0,129,0,0
1768228025205747,52931,14550,34.0,29,0,0
1768228025207188,52931,14550,34.0,137,0,0
1768228025208777,52931,14550,60.0,24,0,0
1768228025210530,52931,14550,53.0,124,0,0
1768228025212023,52931,14550,31.0,2,0,0
1768228025213766,52931,14550,64.0,164,0,0
1768228025215016,52931,14550,24.0,168,0,0
1768228025216907,52931,14550,42.0,136,0,0
1768228025218229,52931,14550,42.0,193,0,0
1768228025220838,52931,14550,48.0,32,0,0
1768228025222353,52931,14550,40.0,241,0,0
1768228025223685,52931,14550,70.0,87,0,0
1768228025225463,52931,14550,61.0,147,0,0
1768228025227545,52931,14550,64.0,11030,0,0
1768228025420730,52931,14550,48.0,163,0,0
1768228025422647,52931,14550,44.0,178,0,0
1768228025424589,52931,14550,48.0,30,0,0
1768228025427914,52931,14550,48.0,33,0,0
1768228025429743,52931,14550,39.0,74,0,0
1768228025433999,52931,14550,51.0,1,0,0
1768228025440622,52931,14550,22.0,125,0,0
1768228025444843,52931,14550,27.0,152,0,0
1768228025446989,52931,14550,45.0,62,0,0
1768228025449689,52931,14550,26.0,42,0,0
1768228025453472,52931,14550,32.0,36,0,0
1768228025455673,52931,14550,62.0,65,0,0
1768228025457009,52931,14550,49.0,27,0,0
1768228025460298,52931,14550,44.0,116,0,0
1768228025463428,52931,14550,42.0,129,0,0
1768228025466492,52931,14550,34.0,29,0,0
1768228025468216,52931,14550,34.0,137,0,0
1768228025469809,52931,14550,60.0,24,0,0
1768228025472612,52931,14550,53.0,124,0,0
1768228025474491,52931,14550,31.0,2,0,0
1768228025476162,52931,14550,64.0,164,0,0
1768228025478253,52931,14550,24.0,168,0,0
1768228025480264,52931,14550,42.0,136,0,0
1768228025481945,52931,14550,42.0,193,0,0
1768228025483880,52931,14550,48.0,32,0,0
1768228025485946,52931,14550,40.0,241,0,0
1768228025487838,52931,14550,70.0,87,0,0
1768228025492579,52931,14550,61.0,147,0,0
1768228025494121,52931,14550,64.0,11030,0,0
1768228025588136,5760,58419,,264,1,0
1768228025589328,52931,14550,47.0,264,0,0
1768228025674459,52931,14550,48.0,163,0,0
1768228025677140,52931,14550,44.0,178,0,0
1768228025679591,52931,14550,48.0,30,0,0
1768228025682629,52931,14550,48.0,33,0,0
1768228025684014,52931,14550,39.0,74,0,0
1768228025686914,52931,14550,51.0,1,0,0
1768228025689638,52931,14550,22.0,125,0,0
1768228025691869,52931,14550,27.0,152,0,0
1768228025693510,52931,14550,45.0,62,0,0
1768228025695570,52931,14550,26.0,42,0,0
1768228025698056,52931,14550,32.0,36,0,0
1768228025699637,52931,14550,62.0,65,0,0
1768228025701105,52931,14550,49.0,27,0,0
1768228025702475,52931,14550,44.0,116,0,0
1768228025704530,52931,14550,42.0,129,0,0
1768228025706223,52931,14550,34.0,29,0,0
1768228025707654,52931,14550,34.0,137,0,0
1768228025709158,52931,14550,60.0,24,0,0
1768228025710823,52931,14550,53.0,124,0,0
1768228025712929,52931,14550,31.0,2,0,0
1768228025714210,52931,14550,64.0,164,0,0
1768228025715432,52931,14550,24.0,168,0,0
1768228025717285,52931,14550,42.0,136,0,0
1768228025718563,52931,14550,42.0,193,0,0
1768228025720198,52931,14550,48.0,32,0,0
1768228025721413,52931,14550,40.0,241,0,0
1768228025722755,52931,14550,70.0,87,0,0
1768228025724424,52931,14550,61.0,147,0,0
1768228025726128,52931,14550,64.0,11030,0,0
1768228025808767,58419,5760,,0,1,0
1768228025926543,52931,14550,48.0,163,0,0
1768228025929792,52931,14550,44.0,178,0,0
1768228025934156,52931,14550,48.0,30,0,0
1768228025936666,52931,14550,48.0,33,0,0
1768228025938143,52931,14550,39.0,74,0,0
1768228025943083,52931,14550,51.0,1,0,0
1768228025946522,52931,14550,22.0,125,0,0
1768228025948357,52931,14550,27.0,152,0,0
1768228025949632,52931,14550,45.0,62,0,0
1768228025952113,52931,14550,26.0,42,0,0
1768228025954109,52931,14550,32.0,36,0,0
1768228025955480,52931,14550,62.0,65,0,0
1768228025956743,52931,14550,49.0,27,0,0
1768228025957540,52931,14550,44.0,116,0,0
1768228025958585,52931,14550,42.0,129,0,0
1768228025959882,52931,14550,34.0,29,0,0
1768228025961215,52931,14550,34.0,137,0,0
1768228025962250,52931,14550,60.0,24,0,0
1768228025963930,52931,14550,53.0,124,0,0
1768228025965197,52931,14550,31.0,2,0,0
1768228025966048,52931,14550,64.0,164,0,0
1768228025966926,52931,14550,24.0,168,0,0
1768228025968054,52931,14550,42.0,136,0,0
1768228025969037,52931,14550,42.0,193,0,0
1768228025970094,52931,14550,48.0,32,0,0
1768228025970760,52931,14550,40.0,241,0,0
1768228025971105,52931,14550,70.0,87,0,0
1768228025971485,52931,14550,61.0,147,0,0
1768228025971803,52931,14550,64.0,11030,0,0
1768228025994726,5760,58419,,0,1,0
1768228025995390,52931,14550,29.0,0,0,0
1768228026088253,5760,58419,,264,1,0
1768228026088862,52931,14550,47.0,264,0,0
1768228026172280,52931,14550,48.0,163,0,0
1768228026174573,52931,14550,44.0,178,0,0
1768228026176410,52931,14550,48.0,30,0,0
1768228026179408,52931,14550,48.0,33,0,0
1768228026181141,52931,14550,39.0,74,0,0
1768228026184789,52931,14550,51.0,1,0,0
1768228026188018,52931,14550,22.0,125,0,0
1768228026189968,52931,14550,27.0,152,0,0
1768228026191698,52931,14550,45.0,62,0,0
1768228026193812,52931,14550,26.0,42,0,0
1768228026196284,52931,14550,32.0,36,0,0
1768228026198088,52931,14550,62.0,65,0,0
1768228026199741,52931,14550,49.0,27,0,0
1768228026201217,52931,14550,44.0,116,0,0
1768228026202891,52931,14550,42.0,129,0,0
1768228026204514,52931,14550,34.0,29,0,0
1768228026205890,52931,14550,34.0,137,0,0
1768228026207571,52931,14550,60.0,24,0,0
1768228026209858,52931,14550,53.0,124,0,0
1768228026211372,52931,14550,31.0,2,0,0
1768228026212805,52931,14550,64.0,164,0,0
1768228026214019,52931,14550,24.0,168,0,0
1768228026216171,52931,14550,42.0,136,0,0
1768228026218096,52931,14550,42.0,193,0,0
1768228026219929,52931,14550,48.0,32,0,0
1768228026221511,52931,14550,40.0,241,0,0
1768228026223538,52931,14550,70.0,87,0,0
1768228026226261,52931,14550,61.0,147,0,0
1768228026227734,52931,14550,64.0,11030,0,0
1768228026428780,52931,14550,48.0,163,0,0
1768228026430676,52931,14550,44.0,178,0,0
1768228026433817,52931,14550,48.0,30,0,0
1768228026436552,52931,14550,48.0,33,0,0
1768228026437976,52931,14550,39.0,74,0,0
1768228026441378,52931,14550,51.0,1,0,0
1768228026449384,52931,14550,22.0,125,0,0
1768228026451824,52931,14550,27.0,152,0,0
1768228026454962,52931,14550,45.0,62,0,0
1768228026458155,52931,14550,26.0,42,0,0
1768228026462280,52931,14550,32.0,36,0,0
1768228026465484,52931,14550,62.0,65,0,0
1768228026468245,52931,14550,49.0,27,0,0
1768228026471567,52931,14550,44.0,116,0,0
1768228026473921,52931,14550,42.0,129,0,0
1768228026476750,52931,14550,34.0,29,0,0
1768228026479096,52931,14550,34.0,137,0,0
1768228026481736,52931,14550,60.0,24,0,0
1768228026484910,52931,14550,53.0,124,0,0
1768228026486958,52931,14550,31.0,2,0,0
1768228026492589,52931,14550,64.0,164,0,0
1768228026494492,52931,14550,24.0,168,0,0
1768228026499310,52931,14550,42.0,136,0,0
1768228026500504,52931,14550,42.0,193,0,0
1768228026502335,52931,14550,48.0,32,0,0
1768228026504165,52931,14550,40.0,241,0,0
1768228026505416,52931,14550,70.0,87,0,0
1768228026507488,52931,14550,61.0,147,0,0
1768228026509285,52931,14550,64.0,11030,0,0
1768228026589899,5760,58419,,264,1,0
1768228026592338,52931,14550,47.0,264,0,0
1768228026676159,52931,14550,48.0,163,0,0
1768228026680119,52931,14550,44.0,178,0,0
1768228026683399,52931,14550,48.0,30,0,0
1768228026685790,52931,14550,48.0,33,0,0
1768228026687427,52931,14550,39.0,74,0,0
1768228026691722,52931,14550,51.0,1,0,0
1768228026695156,52931,14550,22.0,125,0,0
1768228026696887,52931,14550,27.0,152,0,0
1768228026698058,52931,14550,45.0,62,0,0
1768228026700521,52931,14550,26.0,42,0,0
1768228026702827,52931,14550,32.0,36,0,0
1768228026704391,52931,14550,62.0,65,0,0
1768228026706512,52931,14550,49.0,27,0,0
1768228026708523,52931,14550,44.0,116,0,0
1768228026709759,52931,14550,42.0,129,0,0
1768228026711133,52931,14550,34.0,29,0,0
1768228026712656,52931,14550,34.0,137,0,0
1768228026714621,52931,14550,60.0,24,0,0
1768228026716836,52931,14550,53.0,124,0,0
1768228026718910,52931,14550,31.0,2,0,0
1768228026720196,52931,14550,64.0,164,0,0
1768228026721706,52931,14550,24.0,168,0,0
1768228026723341,52931,14550,42.0,136,0,0
1768228026724871,52931,14550,42.0,193,0,0
1768228026726407,52931,14550,48.0,32,0,0
1768228026727900,52931,14550,40.0,241,0,0
1768228026729267,52931,14550,70.0,87,0,0
1768228026731635,52931,14550,61.0,147,0,0
1768228026733677,52931,14550,64.0,11030,0,0
1768228026815086,58419,5760,,0,1,0
1768228026930777,52931,14550,48.0,163,0,0
1768228026933422,52931,14550,44.0,178,0,0
1768228026935135,52931,14550,48.0,30,0,0
1768228026937453,52931,14550,48.0,33,0,0
1768228026942666,52931,14550,39.0,74,0,0
1768228026947496,52931,14550,51.0,1,0,0
1768228026952144,52931,14550,22.0,125,0,0
1768228026954763,52931,14550,27.0,152,0,0
1768228026956144,52931,14550,45.0,62,0,0
1768228026960350,52931,14550,26.0,42,0,0
1768228026963258,52931,14550,32.0,36,0,0
1768228026964539,52931,14550,62.0,65,0,0
1768228026968551,52931,14550,49.0,27,0,0
1768228026971319,52931,14550,44.0,116,0,0
1768228026972929,52931,14550,42.0,129,0,0
1768228026974182,52931,14550,34.0,29,0,0
1768228026976201,52931,14550,34.0,137,0,0
1768228026977552,52931,14550,60.0,24,0,0
1768228026982134,52931,14550,53.0,124,0,0
1768228026985312,52931,14550,31.0,2,0,0
1768228026986838,52931,14550,64.0,164,0,0
1768228026988646,52931,14550,24.0,168,0,0
1768228026991804,52931,14550,42.0,136,0,0
1768228026993667,52931,14550,42.0,193,0,0
1768228026996091,52931,14550,48.0,32,0,0
1768228026997467,52931,14550,40.0,241,0,0
1768228027000623,52931,14550,70.0,87,0,0
1768228027002107,52931,14550,61.0,147,0,0
1768228027004497,5760,58419,,0,1,0
1768228027005122,52931,14550,64.0,11030,0,0
1768228027007800,52931,14550,29.0,0,0,0
1768228027097486,5760,58419,,264,1,0
1768228027098606,52931,14550,47.0,264,0,0
1768228027182169,52931,14550,48.0,163,0,0
1768228027185365,52931,14550,44.0,178,0,0
1768228027186836,52931,14550,48.0,30,0,0
1768228027189259,52931,14550,48.0,33,0,0
1768228027190924,52931,14550,39.0,74,0,0
1768228027193894,52931,14550,51.0,1,0,0
1768228027196437,52931,14550,22.0,125,0,0
1768228027197969,52931,14550,27.0,152,0,0
1768228027199192,52931,14550,45.0,62,0,0
1768228027201731,52931,14550,26.0,42,0,0
1768228027204592,52931,14550,32.0,36,0,0
1768228027205860,52931,14550,62.0,65,0,0
1768228027207117,52931,14550,49.0,27,0,0
1768228027208625,52931,14550,44.0,116,0,0
1768228027209935,52931,14550,42.0,129,0,0
1768228027211424,52931,14550,34.0,29,0,0
1768228027212769,52931,14550,34.0,137,0,0
1768228027214517,52931,14550,60.0,24,0,0
1768228027216224,52931,14550,53.0,124,0,0
1768228027217630,52931,14550,31.0,2,0,0
1768228027219309,52931,14550,64.0,164,0,0
1768228027220552,52931,14550,24.0,168,0,0
1768228027222743,52931,14550,42.0,136,0,0
1768228027224084,52931,14550,42.0,193,0,0
1768228027225846,52931,14550,48.0,32,0,0
1768228027227187,52931,14550,40.0,241,0,0
1768228027228651,52931,14550,70.0,87,0,0
1768228027230539,52931,14550,61.0,147,0,0
1768228027231986,52931,14550,64.0,11030,0,0
1768228027433759,52931,14550,48.0,163,0,0
1768228027435474,52931,14550,44.0,178,0,0
1768228027436670,52931,14550,48.0,30,0,0
1768228027440945,52931,14550,48.0,33,0,0
1768228027442631,52931,14550,39.0,74,0,0
1768228027448184,52931,14550,51.0,1,0,0
1768228027455664,52931,14550,22.0,125,0,0
1768228027460158,52931,14550,27.0,152,0,0
1768228027461735,52931,14550,45.0,62,0,0
1768228027465078,52931,14550,26.0,42,0,0
1768228027467956,52931,14550,32.0,36,0,0
1768228027469328,52931,14550,62.0,65,0,0
1768228027473318,52931,14550,49.0,27,0,0
1768228027475689,52931,14550,44.0,116,0,0
1768228027478926,52931,14550,42.0,129,0,0
1768228027482500,52931,14550,34.0,29,0,0
1768228027484629,52931,14550,34.0,137,0,0
1768228027486613,52931,14550,60.0,24,0,0
1768228027488870,52931,14550,53.0,124,0,0
1768228027492588,52931,14550,31.0,2,0,0
1768228027494472,52931,14550,64.0,164,0,0
1768228027499586,52931,14550,24.0,168,0,0
1768228027502315,52931,14550,42.0,136,0,0
1768228027506219,52931,14550,42.0,193,0,0
1768228027508066,52931,14550,48.0,32,0,0
1768228027511851,52931,14550,40.0,241,0,0
1768228027513538,52931,14550,70.0,87,0,0
1768228027519394,52931,14550,61.0,147,0,0
1768228027521270,52931,14550,64.0,11030,0,0
1768228027600690,52931,14550,21.0,46,0,0
1768228027602255,52931,14550,47.0,264,0,0
1768228027605250,52931,14550,39.0,253,0,0
1768228027607048,52931,14550,35.0,253,0,0
1768228027684727,52931,14550,48.0,163,0,0
1768228027687472,52931,14550,44.0,178,0,0
1768228027691222,52931,14550,48.0,30,0,0
1768228027694177,52931,14550,48.0,33,0,0
1768228027696427,52931,14550,39.0,74,0,0
1768228027701444,52931,14550,51.0,1,0,0
1768228027707802,52931,14550,22.0,125,0,0
1768228027709856,52931,14550,27.0,152,0,0
1768228027711524,52931,14550,45.0,62,0,0
1768228027713902,52931,14550,26.0,42,0,0
1768228027716684,52931,14550,32.0,36,0,0
1768228027718311,52931,14550,62.0,65,0,0
1768228027720058,52931,14550,49.0,27,0,0
1768228027721576,52931,14550,44.0,116,0,0
1768228027723350,52931,14550,42.0,129,0,0
1768228027724651,52931,14550,34.0,29,0,0
1768228027726175,52931,14550,34.0,137,0,0
1768228027727359,52931,14550,60.0,24,0,0
1768228027729379,52931,14550,53.0,124,0,0
1768228027731700,52931,14550,31.0,2,0,0
1768228027732958,52931,14550,64.0,164,0,0
1768228027734121,52931,14550,24.0,168,0,0
1768228027735682,52931,14550,42.0,136,0,0
1768228027737307,52931,14550,42.0,193,0,0
1768228027739259,52931,14550,48.0,32,0,0
1768228027740926,52931,14550,40.0,241,0,0
1768228027742464,52931,14550,70.0,87,0,0
1768228027744451,52931,14550,61.0,147,0,0
1768228027746146,52931,14550,64.0,11030,0,0
1768228027815444,58419,5760,,0,1,0
1768228027938816,52931,14550,48.0,163,0,0
1768228027941305,52931,14550,44.0,178,0,0
1768228027944317,52931,14550,48.0,30,0,0
1768228027949618,52931,14550,48.0,33,0,0
1768228027952153,52931,14550,39.0,74,0,0
1768228027955855,52931,14550,51.0,1,0,0
1768228027962414,52931,14550,22.0,125,0,0
1768228027964175,52931,14550,27.0,152,0,0
1768228027965460,52931,14550,45.0,62,0,0
1768228027968213,52931,14550,26.0,42,0,0
1768228027970968,52931,14550,32.0,36,0,0
1768228027972434,52931,14550,62.0,65,0,0
1768228027975402,52931,14550,49.0,27,0,0
1768228027977757,52931,14550,44.0,116,0,0
1768228027980566,52931,14550,42.0,129,0,0
1768228027982636,52931,14550,34.0,29,0,0
1768228027984321,52931,14550,34.0,137,0,0
1768228027985880,52931,14550,60.0,24,0,0
1768228027987894,52931,14550,53.0,124,0,0
1768228027990267,52931,14550,31.0,2,0,0
1768228027991747,52931,14550,64.0,164,0,0
1768228027993857,52931,14550,24.0,168,0,0
1768228027997101,52931,14550,42.0,136,0,0
1768228027999625,52931,14550,42.0,193,0,0
1768228028003016,52931,14550,48.0,32,0,0
1768228028004908,5760,58419,,0,1,0
1768228028005087,52931,14550,40.0,241,0,0
1768228028008334,52931,14550,70.0,87,0,0
1768228028010909,52931,14550,61.0,147,0,0
1768228028016159,52931,14550,64.0,11030,0,0
1768228028018946,52931,14550,29.0,0,0,0
1768228028102046,5760,58419,,264,1,0
1768228028103203,52931,14550,47.0,264,0,0
1768228028187772,52931,14550,48.0,163,0,0
1768228028189894,52931,14550,44.0,178,0,0
1768228028192082,52931,14550,48.0,30,0,0
1768228028194457,52931,14550,48.0,33,0,0
1768228028196620,52931,14550,39.0,74,0,0
1768228028201893,52931,14550,51.0,1,0,0
1768228028204639,52931,14550,22.0,125,0,0
1768228028206651,52931,14550,27.0,152,0,0
1768228028207993,52931,14550,45.0,62,0,0
1768228028210609,52931,14550,26.0,42,0,0
1768228028212959,52931,14550,32.0,36,0,0
1768228028214677,52931,14550,62.0,65,0,0
1768228028216263,52931,14550,49.0,27,0,0
1768228028217732,52931,14550,44.0,116,0,0
1768228028219186,52931,14550,42.0,129,0,0
1768228028220391,52931,14550,34.0,29,0,0
1768228028222142,52931,14550,34.0,137,0,0
1768228028223361,52931,14550,60.0,24,0,0
1768228028225249,52931,14550,53.0,124,0,0
1768228028227191,52931,14550,31.0,2,0,0
1768228028228458,52931,14550,64.0,164,0,0
1768228028230022,52931,14550,24.0,168,0,0
1768228028231522,52931,14550,42.0,136,0,0
1768228028232761,52931,14550,42.0,193,0,0
1768228028234602,52931,14550,48.0,32,0,0
1768228028235840,52931,14550,40.0,241,0,0
1768228028237384,52931,14550,70.0,87,0,0
1768228028239373,52931,14550,61.0,147,0,0
1768228028240975,52931,14550,64.0,11030,0,0
1768228028436051,52931,14550,48.0,163,0,0
1768228028437906,52931,14550,44.0,178,0,0
1768228028440357,52931,14550,48.0,30,0,0
1768228028442856,52931,14550,48.0,33,0,0
1768228028445378,52931,14550,39.0,74,0,0
1768228028448832,52931,14550,51.0,1,0,0
1768228028455338,52931,14550,22.0,125,0,0
1768228028460157,52931,14550,27.0,152,0,0
1768228028461812,52931,14550,45.0,62,0,0
1768228028466157,52931,14550,26.0,42,0,0
1768228028469568,52931,14550,32.0,36,0,0
1768228028472477,52931,14550,62.0,65,0,0
1768228028475077,52931,14550,49.0,27,0,0
1768228028477100,52931,14550,44.0,116,0,0
1768228028479897,52931,14550,42.0,129,0,0
1768228028481552,52931,14550,34.0,29,0,0
1768228028482804,52931,14550,34.0,137,0,0
1768228028484963,52931,14550,60.0,24,0,0
1768228028487482,52931,14550,53.0,124,0,0
1768228028489190,52931,14550,31.0,2,0,0
1768228028492428,52931,14550,64.0,164,0,0
1768228028494483,52931,14550,24.0,168,0,0
1768228028497850,52931,14550,42.0,136,0,0
1768228028499637,52931,14550,42.0,193,0,0
1768228028501921,52931,14550,48.0,32,0,0
1768228028505929,52931,14550,40.0,241,0,0
1768228028507725,52931,14550,70.0,87,0,0
1768228028511053,52931,14550,61.0,147,0,0
1768228028513696,52931,14550,64.0,11030,0,0
1768228028605088,5760,58419,,264,1,0
1768228028606159,52931,14550,47.0,264,0,0
1768228028692495,52931,14550,48.0,163,0,0
1768228028695840,52931,14550,44.0,178,0,0
1768228028697082,52931,14550,48.0,30,0,0
1768228028698831,52931,14550,48.0,33,0,0
1768228028700476,52931,14550,39.0,74,0,0
1768228028704108,52931,14550,51.0,1,0,0
1768228028706787,52931,14550,22.0,125,0,0
1768228028708697,52931,14550,27.0,152,0,0
1768228028709917,52931,14550,45.0,62,0,0
1768228028712036,52931,14550,26.0,42,0,0
1768228028714830,52931,14550,32.0,36,0,0
1768228028716082,52931,14550,62.0,65,0,0
1768228028717486,52931,14550,49.0,27,0,0
1768228028719137,52931,14550,44.0,116,0,0
1768228028720672,52931,14550,42.0,129,0,0
1768228028722111,52931,14550,34.0,29,0,0
1768228028723590,52931,14550,34.0,137,0,0
1768228028724752,52931,14550,60.0,24,0,0
1768228028726958,52931,14550,53.0,124,0,0
1768228028728392,52931,14550,31.0,2,0,0
1768228028729848,52931,14550,64.0,164,0,0
1768228028731091,52931,14550,24.0,168,0,0
1768228028732725,52931,14550,42.0,136,0,0
1768228028734543,52931,14550,42.0,193,0,0
1768228028736231,52931,14550,48.0,32,0,0
1768228028737451,52931,14550,40.0,241,0,0
1768228028738812,52931,14550,70.0,87,0,0
1768228028740856,52931,14550,61.0,147,0,0
1768228028742153,52931,14550,64.0,11030,0,0
1768228028822155,58419,5760,,0,1,0
1768228028943308,52931,14550,48.0,163,0,0
1768228028945384,52931,14550,44.0,178,0,0
1768228028947007,52931,14550,48.0,30,0,0
1768228028948768,52931,14550,48.0,33,0,0
1768228028950007,52931,14550,39.0,74,0,0
1768228028954674,52931,14550,51.0,1,0,0
1768228028960473,52931,14550,22.0,125,0,0
1768228028963277,52931,14550,27.0,152,0,0
1768228028964428,52931,14550,45.0,62,0,0
1768228028967747,52931,14550,26.0,42,0,0
1768228028969942,52931,14550,32.0,36,0,0
1768228028971729,52931,14550,62.0,65,0,0
1768228028974148,52931,14550,49.0,27,0,0
1768228028976079,52931,14550,44.0,116,0,0
1768228028977275,52931,14550,42.0,129,0,0
1768228028978882,52931,14550,34.0,29,0,0
1768228028980259,52931,14550,34.0,137,0,0
1768228028982881,52931,14550,60.0,24,0,0
1768228028984509,52931,14550,53.0,124,0,0
1768228028986390,52931,14550,31.0,2,0,0
1768228028987470,52931,14550,64.0,164,0,0
1768228028988987,52931,14550,24.0,168,0,0
1768228028990446,52931,14550,42.0,136,0,0
1768228028991841,52931,14550,42.0,193,0,0
1768228028994490,52931,14550,48.0,32,0,0
1768228028995890,52931,14550,40.0,241,0,0
1768228028997929,52931,14550,70.0,87,0,0
1768228028999285,52931,14550,61.0,147,0,0
1768228029001438,52931,14550,64.0,11030,0,0
1768228029011490,5760,58419,,0,1,0
1768228029012486,52931,14550,29.0,0,0,0
1768228029106677,5760,58419,,264,1,0
1768228029107535,52931,14550,47.0,264,0,0
1768228029191575,52931,14550,48.0,163,0,0
1768228029193981,52931,14550,44.0,178,0,0
1768228029195087,52931,14550,48.0,30,0,0
1768228029197485,52931,14550,48.0,33,0,0
1768228029199095,52931,14550,39.0,74,0,0
1768228029203769,52931,14550,51.0,1,0,0
1768228029207902,52931,14550,22.0,125,0,0
1768228029209371,52931,14550,27.0,152,0,0
1768228029210573,52931,14550,45.0,62,0,0
1768228029212561,52931,14550,26.0,42,0,0
1768228029214758,52931,14550,32.0,36,0,0
1768228029216403,52931,14550,62.0,65,0,0
1768228029217544,52931,14550,49.0,27,0,0
1768228029218818,52931,14550,44.0,116,0,0
1768228029220199,52931,14550,42.0,129,0,0
1768228029221309,52931,14550,34.0,29,0,0
1768228029222757,52931,14550,34.0,137,0,0
1768228029223913,52931,14550,60.0,24,0,0
1768228029225617,52931,14550,53.0,124,0,0
1768228029227103,52931,14550,31.0,2,0,0
1768228029228684,52931,14550,64.0,164,0,0
1768228029229898,52931,14550,24.0,168,0,0
1768228029231224,52931,14550,42.0,136,0,0
1768228029232476,52931,14550,42.0,193,0,0
1768228029234170,52931,14550,48.0,32,0,0
1768228029235383,52931,14550,40.0,241,0,0
1768228029236550,52931,14550,70.0,87,0,0
1768228029237848,52931,14550,61.0,147,0,0
1768228029239571,52931,14550,64.0,11030,0,0
1768228029442208,52931,14550,48.0,163,0,0
1768228029444366,52931,14550,44.0,178,0,0
1768228029445736,52931,14550,48.0,30,0,0
1768228029447899,52931,14550,48.0,33,0,0
1768228029450910,52931,14550,39.0,74,0,0
1768228029455305,52931,14550,51.0,1,0,0
1768228029463144,52931,14550,22.0,125,0,0
1768228029466262,52931,14550,27.0,152,0,0
1768228029468046,52931,14550,45.0,62,0,0
1768228029470666,52931,14550,26.0,42,0,0
1768228029474219,52931,14550,32.0,36,0,0
1768228029476628,52931,14550,62.0,65,0,0
1768228029478266,52931,14550,49.0,27,0,0
1768228029479805,52931,14550,44.0,116,0,0
1768228029481952,52931,14550,42.0,129,0,0
1768228029484348,52931,14550,34.0,29,0,0
1768228029486433,52931,14550,34.0,137,0,0
1768228029490235,52931,14550,60.0,24,0,0
1768228029494045,52931,14550,53.0,124,0,0
1768228029495476,52931,14550,31.0,2,0,0
1768228029496643,52931,14550,64.0,164,0,0
1768228029498979,52931,14550,24.0,168,0,0
1768228029501271,52931,14550,42.0,136,0,0
1768228029504575,52931,14550,42.0,193,0,0
1768228029506898,52931,14550,48.0,32,0,0
1768228029508601,52931,14550,40.0,241,0,0
1768228029510322,52931,14550,70.0,87,0,0
1768228029512192,52931,14550,61.0,147,0,0
1768228029514140,52931,14550,64.0,11030,0,0
1768228029606655,5760,58419,,264,1,0
1768228029607771,52931,14550,47.0,264,0,0
1768228029696285,52931,14550,48.0,163,0,0
1768228029698552,52931,14550,44.0,178,0,0
1768228029699279,52931,14550,48.0,30,0,0
1768228029700330,52931,14550,48.0,33,0,0
1768228029701556,52931,14550,39.0,74,0,0
1768228029702799,52931,14550,51.0,1,0,0
1768228029703974,52931,14550,22.0,125,0,0
1768228029704955,52931,14550,27.0,152,0,0
1768228029705526,52931,14550,45.0,62,0,0
1768228029706718,52931,14550,26.0,42,0,0
1768228029707973,52931,14550,32.0,36,0,0
1768228029708922,52931,14550,62.0,65,0,0
1768228029709662,52931,14550,49.0,27,0,0
1768228029710524,52931,14550,44.0,116,0,0
1768228029711199,52931,14550,42.0,129,0,0
1768228029712236,52931,14550,34.0,29,0,0
1768228029712889,52931,14550,34.0,137,0,0
1768228029713719,52931,14550,60.0,24,0,0
1768228029714907,52931,14550,53.0,124,0,0
1768228029716098,52931,14550,31.0,2,0,0
1768228029716970,52931,14550,64.0,164,0,0
1768228029717729,52931,14550,24.0,168,0,0
1768228029718577,52931,14550,42.0,136,0,0
1768228029719280,52931,14550,42.0,193,0,0
1768228029720254,52931,14550,48.0,32,0,0
1768228029720915,52931,14550,40.0,241,0,0
1768228029721837,52931,14550,70.0,87,0,0
1768228029722737,52931,14550,61.0,147,0,0
1768228029723425,52931,14550,64.0,11030,0,0
1768228029824018,58419,5760,,0,1,0
1768228029945753,52931,14550,48.0,163,0,0
1768228029948394,52931,14550,44.0,178,0,0
1768228029950825,52931,14550,48.0,30,0,0
1768228029952709,52931,14550,48.0,33,0,0
1768228029954468,52931,14550,39.0,74,0,0
1768228029957784,52931,14550,51.0,1,0,0
1768228029963270,52931,14550,22.0,125,0,0
1768228029966134,52931,14550,27.0,152,0,0
1768228029967818,52931,14550,45.0,62,0,0
1768228029971054,52931,14550,26.0,42,0,0
1768228029975775,52931,14550,32.0,36,0,0
1768228029978469,52931,14550,62.0,65,0,0
1768228029980398,52931,14550,49.0,27,0,0
1768228029982416,52931,14550,44.0,116,0,0
1768228029984477,52931,14550,42.0,129,0,0
1768228029985691,52931,14550,34.0,29,0,0
1768228029987614,52931,14550,34.0,137,0,0
1768228029989442,52931,14550,60.0,24,0,0
1768228029991637,52931,14550,53.0,124,0,0
1768228029993791,52931,14550,31.0,2,0,0
1768228029995089,52931,14550,64.0,164,0,0
1768228029996274,52931,14550,24.0,168,0,0
1768228029999166,52931,14550,42.0,136,0,0
1768228030000427,52931,14550,42.0,193,0,0
1768228030002221,52931,14550,48.0,32,0,0
1768228030003945,52931,14550,40.0,241,0,0
1768228030007350,52931,14550,70.0,87,0,0
1768228030009543,52931,14550,61.0,147,0,0
1768228030012918,52931,14550,64.0,11030,0,0
1768228030020429,5760,58419,,0,1,0
1768228030021710,52931,14550,29.0,0,0,0
1768228030113343,5760,58419,,264,1,0
1768228030114736,52931,14550,47.0,264,0,0
1768228030194966,52931,14550,48.0,163,0,0
1768228030196854,52931,14550,44.0,178,0,0
1768228030199538,52931,14550,48.0,30,0,0
1768228030201609,52931,14550,48.0,33,0,0
1768228030203067,52931,14550,39.0,74,0,0
1768228030207659,52931,14550,51.0,1,0,0
1768228030211346,52931,14550,22.0,125,0,0
1768228030214300,52931,14550,27.0,152,0,0
1768228030215672,52931,14550,45.0,62,0,0
1768228030218927,52931,14550,26.0,42,0,0
1768228030221434,52931,14550,32.0,36,0,0
1768228030223350,52931,14550,62.0,65,0,0
1768228030224631,52931,14550,49.0,27,0,0
1768228030226338,52931,14550,44.0,116,0,0
1768228030227584,52931,14550,42.0,129,0,0
1768228030229520,52931,14550,34.0,29,0,0
1768228030232182,52931,14550,34.0,137,0,0
1768228030233609,52931,14550,60.0,24,0,0
1768228030237508,52931,14550,53.0,124,0,0
1768228030240250,52931,14550,31.0,2,0,0
1768228030242322,52931,14550,64.0,164,0,0
1768228030244276,52931,14550,24.0,168,0,0
1768228030246539,52931,14550,42.0,136,0,0
1768228030248105,52931,14550,42.0,193,0,0
1768228030249550,52931,14550,48.0,32,0,0
1768228030253556,52931,14550,40.0,241,0,0
1768228030255305,52931,14550,70.0,87,0,0
1768228030258062,52931,14550,61.0,147,0,0
1768228030260578,52931,14550,64.0,11030,0,0
1768228030447543,52931,14550,48.0,163,0,0
1768228030450258,52931,14550,44.0,178,0,0
1768228030451783,52931,14550,48.0,30,0,0
1768228030454426,52931,14550,48.0,33,0,0
1768228030456530,52931,14550,39.0,74,0,0
1768228030459524,52931,14550,51.0,1,0,0
1768228030462181,52931,14550,22.0,125,0,0
1768228030464011,52931,14550,27.0,152,0,0
1768228030465605,52931,14550,45.0,62,0,0
1768228030467803,52931,14550,26.0,42,0,0
1768228030470453,52931,14550,32.0,36,0,0
1768228030471851,52931,14550,62.0,65,0,0
1768228030473432,52931,14550,49.0,27,0,0
1768228030474650,52931,14550,44.0,116,0,0
1768228030475835,52931,14550,42.0,129,0,0
1768228030477350,52931,14550,34.0,29,0,0
1768228030478590,52931,14550,34.0,137,0,0
1768228030479947,52931,14550,60.0,24,0,0
1768228030482364,52931,14550,53.0,124,0,0
1768228030484189,52931,14550,31.0,2,0,0
1768228030485861,52931,14550,64.0,164,0,0
1768228030487650,52931,14550,24.0,168,0,0
1768228030489284,52931,14550,42.0,136,0,0
1768228030490970,52931,14550,42.0,193,0,0
1768228030492518,52931,14550,48.0,32,0,0
1768228030493708,52931,14550,40.0,241,0,0
1768228030495353,52931,14550,70.0,87,0,0
1768228030496911,52931,14550,61.0,147,0,0
1768228030498894,52931,14550,64.0,11030,0,0
1768228030613807,5760,58419,,264,1,0
1768228030615397,52931,14550,47.0,264,0,0
1768228030699932,52931,14550,48.0,163,0,0
1768228030703942,52931,14550,44.0,178,0,0
1768228030706135,52931,14550,48.0,30,0,0
1768228030708741,52931,14550,48.0,33,0,0
1768228030710101,52931,14550,39.0,74,0,0
1768228030713198,52931,14550,51.0,1,0,0
1768228030715686,52931,14550,22.0,125,0,0
1768228030717289,52931,14550,27.0,152,0,0
1768228030719226,52931,14550,45.0,62,0,0
1768228030722260,52931,14550,26.0,42,0,0
1768228030724647,52931,14550,32.0,36,0,0
1768228030725885,52931,14550,62.0,65,0,0
1768228030727458,52931,14550,49.0,27,0,0
1768228030728915,52931,14550,44.0,116,0,0
1768228030730556,52931,14550,42.0,129,0,0
1768228030732307,52931,14550,34.0,29,0,0
1768228030733866,52931,14550,34.0,137,0,0
1768228030735168,52931,14550,60.0,24,0,0
1768228030737090,52931,14550,53.0,124,0,0
1768228030738803,52931,14550,31.0,2,0,0
1768228030740518,52931,14550,64.0,164,0,0
1768228030742021,52931,14550,24.0,168,0,0
1768228030743417,52931,14550,42.0,136,0,0
1768228030744851,52931,14550,42.0,193,0,0
1768228030746411,52931,14550,48.0,32,0,0
1768228030747832,52931,14550,40.0,241,0,0
1768228030749130,52931,14550,70.0,87,0,0
1768228030751004,52931,14550,61.0,147,0,0
1768228030752412,52931,14550,64.0,11030,0,0
1768228030832491,58419,5760,,0,1,0
1768228030952770,52931,14550,48.0,163,0,0
1768228030954444,52931,14550,44.0,178,0,0
1768228030956280,52931,14550,48.0,30,0,0
1768228030958461,52931,14550,48.0,33,0,0
1768228030959812,52931,14550,39.0,74,0,0
1768228030965936,52931,14550,51.0,1,0,0
1768228030972265,52931,14550,22.0,125,0,0
1768228030974762,52931,14550,27.0,152,0,0
1768228030976493,52931,14550,45.0,62,0,0
1768228030980438,52931,14550,26.0,42,0,0
1768228030984750,52931,14550,32.0,36,0,0
1768228030986008,52931,14550,62.0,65,0,0
1768228030988258,52931,14550,49.0,27,0,0
1768228030989933,52931,14550,44.0,116,0,0
1768228030991920,52931,14550,42.0,129,0,0
1768228030994107,52931,14550,34.0,29,0,0
1768228030996216,52931,14550,34.0,137,0,0
1768228030998111,52931,14550,60.0,24,0,0
1768228031001211,52931,14550,53.0,124,0,0
1768228031004197,52931,14550,31.0,2,0,0
1768228031008748,52931,14550,64.0,164,0,0
1768228031010465,52931,14550,24.0,168,0,0
1768228031012872,52931,14550,42.0,136,0,0
1768228031016190,52931,14550,42.0,193,0,0
1768228031021380,52931,14550,48.0,32,0,0
1768228031022202,5760,58419,,0,1,0
1768228031023324,52931,14550,40.0,241,0,0
1768228031024570,52931,14550,70.0,87,0,0
1768228031026783,52931,14550,61.0,147,0,0
1768228031028703,52931,14550,64.0,11030,0,0
1768228031035349,52931,14550,29.0,0,0,0
1768228031115981,5760,58419,,264,1,0
1768228031117216,52931,14550,47.0,264,0,0
1768228031204507,52931,14550,48.0,163,0,0
1768228031205591,52931,14550,44.0,178,0,0
1768228031206116,52931,14550,48.0,30,0,0
1768228031207490,52931,14550,48.0,33,0,0
1768228031208612,52931,14550,39.0,74,0,0
1768228031210003,52931,14550,51.0,1,0,0
1768228031211013,52931,14550,22.0,125,0,0
1768228031211649,52931,14550,27.0,152,0,0
1768228031212152,52931,14550,45.0,62,0,0
1768228031213097,52931,14550,26.0,42,0,0
1768228031213824,52931,14550,32.0,36,0,0
1768228031214281,52931,14550,62.0,65,0,0
1768228031214932,52931,14550,49.0,27,0,0
1768228031215395,52931,14550,44.0,116,0,0
1768228031215944,52931,14550,42.0,129,0,0
1768228031216521,52931,14550,34.0,29,0,0
1768228031216937,52931,14550,34.0,137,0,0
1768228031217475,52931,14550,60.0,24,0,0
1768228031218280,52931,14550,53.0,124,0,0
1768228031218820,52931,14550,31.0,2,0,0
1768228031219328,52931,14550,64.0,164,0,0
1768228031219806,52931,14550,24.0,168,0,0
1768228031220272,52931,14550,42.0,136,0,0
1768228031220718,52931,14550,42.0,193,0,0
1768228031221275,52931,14550,48.0,32,0,0
1768228031221627,52931,14550,40.0,241,0,0
1768228031222107,52931,14550,70.0,87,0,0
1768228031222558,52931,14550,61.0,147,0,0
1768228031223269,52931,14550,64.0,11030,0,0
1768228031453629,52931,14550,48.0,163,0,0
1768228031454527,52931,14550,44.0,178,0,0
1768228031455016,52931,14550,48.0,30,0,0
1768228031455659,52931,14550,48.0,33,0,0
1768228031456006,52931,14550,39.0,74,0,0
1768228031457508,52931,14550,51.0,1,0,0
1768228031458442,52931,14550,22.0,125,0,0
1768228031459201,52931,14550,27.0,152,0,0
1768228031459871,52931,14550,45.0,62,0,0
1768228031461165,52931,14550,26.0,42,0,0
1768228031461908,52931,14550,32.0,36,0,0
1768228031463110,52931,14550,62.0,65,0,0
1768228031463695,52931,14550,49.0,27,0,0
1768228031464082,52931,14550,44.0,116,0,0
1768228031464653,52931,14550,42.0,129,0,0
1768228031465315,52931,14550,34.0,29,0,0
1768228031466423,52931,14550,34.0,137,0,0
1768228031466963,52931,14550,60.0,24,0,0
1768228031467655,52931,14550,53.0,124,0,0
1768228031468405,52931,14550,31.0,2,0,0
1768228031468950,52931,14550,64.0,164,0,0
1768228031469266,52931,14550,24.0,168,0,0
1768228031469897,52931,14550,42.0,136,0,0
1768228031470444,52931,14550,42.0,193,0,0
1768228031471388,52931,14550,48.0,32,0,0
1768228031471950,52931,14550,40.0,241,0,0
1768228031472421,52931,14550,70.0,87,0,0
1768228031473194,52931,14550,61.0,147,0,0
1768228031473574,52931,14550,64.0,11030,0,0
1768228031616613,5760,58419,,264,1,0
1768228031616979,52931,14550,47.0,264,0,0
1768228031705576,52931,14550,48.0,163,0,0
1768228031706213,52931,14550,44.0,178,0,0
1768228031706909,52931,14550,48.0,30,0,0
1768228031707570,52931,14550,48.0,33,0,0
1768228031708124,52931,14550,39.0,74,0,0
1768228031709735,52931,14550,51.0,1,0,0
1768228031711176,52931,14550,22.0,125,0,0
1768228031712055,52931,14550,27.0,152,0,0
1768228031712457,52931,14550,45.0,62,0,0
1768228031713219,52931,14550,26.0,42,0,0
1768228031713851,52931,14550,32.0,36,0,0
1768228031714393,52931,14550,62.0,65,0,0
1768228031714896,52931,14550,49.0,27,0,0
1768228031715264,52931,14550,44.0,116,0,0
1768228031715611,52931,14550,42.0,129,0,0
1768228031715961,52931,14550,34.0,29,0,0
1768228031716371,52931,14550,34.0,137,0,0
1768228031716722,52931,14550,60.0,24,0,0
1768228031718105,52931,14550,53.0,124,0,0
1768228031719325,52931,14550,31.0,2,0,0
1768228031720513,52931,14550,64.0,164,0,0
1768228031721887,52931,14550,24.0,168,0,0
1768228031722459,52931,14550,42.0,136,0,0
1768228031722877,52931,14550,42.0,193,0,0
1768228031723275,52931,14550,48.0,32,0,0
1768228031723613,52931,14550,40.0,241,0,0
1768228031724040,52931,14550,70.0,87,0,0
1768228031724402,52931,14550,61.0,147,0,0
1768228031724937,52931,14550,64.0,11030,0,0
1768228031834426,58419,5760,,0,1,0
1768228031957160,52931,14550,48.0,163,0,0
1768228031958744,52931,14550,44.0,178,0,0
1768228031959386,52931,14550,48.0,30,0,0
1768228031960602,52931,14550,48.0,33,0,0
1768228031961655,52931,14550,39.0,74,0,0
1768228031963999,52931,14550,51.0,1,0,0
1768228031967500,52931,14550,22.0,125,0,0
1768228031968555,52931,14550,27.0,152,0,0
1768228031969129,52931,14550,45.0,62,0,0
1768228031970477,52931,14550,26.0,42,0,0
1768228031971788,52931,14550,32.0,36,0,0
1768228031972924,52931,14550,62.0,65,0,0
1768228031974126,52931,14550,49.0,27,0,0
1768228031975416,52931,14550,44.0,116,0,0
1768228031976601,52931,14550,42.0,129,0,0
1768228031977636,52931,14550,34.0,29,0,0
1768228031978322,52931,14550,34.0,137,0,0
1768228031978733,52931,14550,60.0,24,0,0
1768228031980700,52931,14550,53.0,124,0,0
1768228031981948,52931,14550,31.0,2,0,0
1768228031982486,52931,14550,64.0,164,0,0
1768228031982901,52931,14550,24.0,168,0,0
1768228031983484,52931,14550,42.0,136,0,0
1768228031983991,52931,14550,42.0,193,0,0
1768228031984508,52931,14550,48.0,32,0,0
1768228031984959,52931,14550,40.0,241,0,0
1768228031985474,52931,14550,70.0,87,0,0
1768228031985969,52931,14550,61.0,147,0,0
1768228031986326,52931,14550,64.0,11030,0,0
1768228032026736,5760,58419,,0,1,0
1768228032027638,52931,14550,29.0,0,0,0
1768228032117549,5760,58419,,264,1,0
1768228032118904,52931,14550,47.0,264,0,0
1768228032205570,52931,14550,48.0,163,0,0
1768228032207121,52931,14550,44.0,178,0,0
1768228032208088,52931,14550,48.0,30,0,0
1768228032209162,52931,14550,48.0,33,0,0
1768228032210203,52931,14550,39.0,74,0,0
1768228032213792,52931,14550,51.0,1,0,0
1768228032215671,52931,14550,22.0,125,0,0
1768228032216805,52931,14550,27.0,152,0,0
1768228032217514,52931,14550,45.0,62,0,0
1768228032218869,52931,14550,26.0,42,0,0
1768228032220612,52931,14550,32.0,36,0,0
1768228032221370,52931,14550,62.0,65,0,0
1768228032222096,52931,14550,49.0,27,0,0
1768228032222951,52931,14550,44.0,116,0,0
1768228032223653,52931,14550,42.0,129,0,0
1768228032224517,52931,14550,34.0,29,0,0
1768228032225242,52931,14550,34.0,137,0,0
1768228032225907,52931,14550,60.0,24,0,0
1768228032226986,52931,14550,53.0,124,0,0
1768228032227933,52931,14550,31.0,2,0,0
1768228032228728,52931,14550,64.0,164,0,0
1768228032229647,52931,14550,24.0,168,0,0
1768228032230746,52931,14550,42.0,136,0,0
1768228032231593,52931,14550,42.0,193,0,0
1768228032232370,52931,14550,48.0,32,0,0
1768228032233092,52931,14550,40.0,241,0,0
1768228032233911,52931,14550,70.0,87,0,0
1768228032234875,52931,14550,61.0,147,0,0
1768228032235916,52931,14550,64.0,11030,0,0
1768228032291389,58419,5760,,66,1,0
1768228032457764,52931,14550,48.0,163,0,0
1768228032459429,52931,14550,44.0,178,0,0
1768228032461263,52931,14550,48.0,30,0,0
1768228032464306,52931,14550,48.0,33,0,0
1768228032466065,52931,14550,39.0,74,0,0
1768228032472285,52931,14550,51.0,1,0,0
1768228032478800,52931,14550,22.0,125,0,0
1768228032483434,52931,14550,27.0,152,0,0
1768228032485362,52931,14550,45.0,62,0,0
1768228032490178,52931,14550,26.0,42,0,0
1768228032494128,52931,14550,32.0,36,0,0
1768228032496378,52931,14550,62.0,65,0,0
1768228032499660,52931,14550,49.0,27,0,0
1768228032507077,52931,14550,44.0,116,0,0
1768228032509113,52931,14550,42.0,129,0,0
1768228032510338,52931,14550,34.0,29,0,0
1768228032512243,52931,14550,34.0,137,0,0
1768228032514248,52931,14550,60.0,24,0,0
1768228032516684,52931,14550,53.0,124,0,0
1768228032518800,52931,14550,31.0,2,0,0
1768228032521267,52931,14550,64.0,164,0,0
1768228032525384,52931,14550,24.0,168,0,0
1768228032526979,52931,14550,42.0,136,0,0
1768228032528638,52931,14550,42.0,193,0,0
1768228032530078,52931,14550,48.0,32,0,0
1768228032531283,52931,14550,40.0,241,0,0
1768228032532738,52931,14550,70.0,87,0,0
1768228032534550,52931,14550,61.0,147,0,0
1768228032536527,52931,14550,64.0,11030,0,0
1768228032624999,5760,58419,,264,1,0
1768228032626083,52931,14550,47.0,264,0,0
1768228032706856,52931,14550,48.0,163,0,0
1768228032709090,52931,14550,44.0,178,0,0
1768228032711959,52931,14550,48.0,30,0,0
1768228032715652,52931,14550,48.0,33,0,0
1768228032717232,52931,14550,39.0,74,0,0
1768228032721476,52931,14550,51.0,1,0,0
1768228032725154,52931,14550,22.0,125,0,0
1768228032727535,52931,14550,27.0,152,0,0
1768228032729208,52931,14550,45.0,62,0,0
1768228032732399,52931,14550,26.0,42,0,0
1768228032735166,52931,14550,32.0,36,0,0
1768228032736975,52931,14550,62.0,65,0,0
1768228032739478,52931,14550,49.0,27,0,0
1768228032741485,52931,14550,44.0,116,0,0
1768228032742893,52931,14550,42.0,129,0,0
1768228032744502,52931,14550,34.0,29,0,0
1768228032745752,52931,14550,34.0,137,0,0
1768228032747388,52931,14550,60.0,24,0,0
1768228032749159,52931,14550,53.0,124,0,0
1768228032750991,52931,14550,31.0,2,0,0
1768228032752697,52931,14550,64.0,164,0,0
1768228032754242,52931,14550,24.0,168,0,0
1768228032756151,52931,14550,42.0,136,0,0
1768228032757674,52931,14550,42.0,193,0,0
1768228032759101,52931,14550,48.0,32,0,0
1768228032760310,52931,14550,40.0,241,0,0
1768228032761785,52931,14550,70.0,87,0,0
1768228032763576,52931,14550,61.0,147,0,0
1768228032765284,52931,14550,64.0,11030,0,0
1768228032838402,58419,5760,,0,1,0
1768228032959943,52931,14550,48.0,163,0,0
1768228032962733,52931,14550,44.0,178,0,0
1768228032964949,52931,14550,48.0,30,0,0
1768228032967552,52931,14550,48.0,33,0,0
1768228032969503,52931,14550,39.0,74,0,0
1768228032973267,52931,14550,51.0,1,0,0
1768228032978820,52931,14550,22.0,125,0,0
1768228032981155,52931,14550,27.0,152,0,0
1768228032983949,52931,14550,45.0,62,0,0
1768228032987518,52931,14550,26.0,42,0,0
1768228032990053,52931,14550,32.0,36,0,0
1768228032992813,52931,14550,62.0,65,0,0
1768228032995726,52931,14550,49.0,27,0,0
1768228032998008,52931,14550,44.0,116,0,0
1768228033000531,52931,14550,42.0,129,0,0
1768228033001912,52931,14550,34.0,29,0,0
1768228033003736,52931,14550,34.0,137,0,0
1768228033005886,52931,14550,60.0,24,0,0
1768228033008546,52931,14550,53.0,124,0,0
1768228033011057,52931,14550,31.0,2,0,0
1768228033014213,52931,14550,64.0,164,0,0
1768228033016535,52931,14550,24.0,168,0,0
1768228033018418,52931,14550,42.0,136,0,0
1768228033020202,52931,14550,42.0,193,0,0
1768228033022914,52931,14550,48.0,32,0,0
1768228033024545,52931,14550,40.0,241,0,0
1768228033027640,52931,14550,70.0,87,0,0
1768228033031133,5760,58419,,0,1,0
1768228033031275,52931,14550,61.0,147,0,0
1768228033032756,52931,14550,64.0,11030,0,0
1768228033037121,52931,14550,29.0,0,0,0
1768228033047059,5760,58419,,111,1,0
1768228033047930,52931,14550,33.0,111,0,0
1768228033125669,5760,58419,,264,1,0
1768228033126734,52931,14550,47.0,264,0,0
1768228033211696,52931,14550,48.0,163,0,0
1768228033213314,52931,14550,44.0,178,0,0
1768228033215303,52931,14550,48.0,30,0,0
1768228033217480,52931,14550,48.0,33,0,0
1768228033219122,52931,14550,39.0,74,0,0
1768228033225183,52931,14550,51.0,1,0,0
1768228033227829,52931,14550,22.0,125,0,0
1768228033229670,52931,14550,27.0,152,0,0
1768228033230860,52931,14550,45.0,62,0,0
1768228033233790,52931,14550,26.0,42,0,0
1768228033236286,52931,14550,32.0,36,0,0
1768228033237494,52931,14550,62.0,65,0,0
1768228033238774,52931,14550,49.0,27,0,0
1768228033240160,52931,14550,44.0,116,0,0
1768228033241536,52931,14550,42.0,129,0,0
1768228033243101,52931,14550,34.0,29,0,0
1768228033244499,52931,14550,34.0,137,0,0
1768228033245974,52931,14550,60.0,24,0,0
1768228033247727,52931,14550,53.0,124,0,0
1768228033249699,52931,14550,31.0,2,0,0
1768228033250893,52931,14550,64.0,164,0,0
1768228033252724,52931,14550,24.0,168,0,0
1768228033254214,52931,14550,42.0,136,0,0
1768228033255726,52931,14550,42.0,193,0,0
1768228033258615,52931,14550,48.0,32,0,0
1768228033260156,52931,14550,40.0,241,0,0
1768228033261746,52931,14550,70.0,87,0,0
1768228033263279,52931,14550,61.0,147,0,0
1768228033265115,52931,14550,64.0,11030,0,0
1768228033465979,52931,14550,48.0,163,0,0
1768228033469285,52931,14550,44.0,178,0,0
1768228033472440,52931,14550,48.0,30,0,0
1768228033474873,52931,14550,48.0,33,0,0
1768228033476727,52931,14550,39.0,74,0,0
1768228033482128,52931,14550,51.0,1,0,0
1768228033490359,52931,14550,22.0,125,0,0
1768228033492710,52931,14550,27.0,152,0,0
1768228033494027,52931,14550,45.0,62,0,0
1768228033498072,52931,14550,26.0,42,0,0
1768228033501238,52931,14550,32.0,36,0,0
1768228033504157,52931,14550,62.0,65,0,0
1768228033507199,52931,14550,49.0,27,0,0
1768228033510721,52931,14550,44.0,116,0,0
1768228033512610,52931,14550,42.0,129,0,0
1768228033514385,52931,14550,34.0,29,0,0
1768228033516522,52931,14550,34.0,137,0,0
1768228033518107,52931,14550,60.0,24,0,0
1768228033523286,52931,14550,53.0,124,0,0
1768228033525474,52931,14550,31.0,2,0,0
1768228033526669,52931,14550,64.0,164,0,0
1768228033528150,52931,14550,24.0,168,0,0
1768228033529758,52931,14550,42.0,136,0,0
1768228033531050,52931,14550,42.0,193,0,0
1768228033532564,52931,14550,48.0,32,0,0
1768228033533785,52931,14550,40.0,241,0,0
1768228033535335,52931,14550,70.0,87,0,0
1768228033537545,52931,14550,61.0,147,0,0
1768228033539018,52931,14550,64.0,11030,0,0
1768228033627423,5760,58419,,264,1,0
1768228033628600,52931,14550,47.0,264,0,0
1768228033717962,52931,14550,48.0,163,0,0
1768228033720951,52931,14550,44.0,178,0,0
1768228033723291,52931,14550,48.0,30,0,0
1768228033725208,52931,14550,48.0,33,0,0
1768228033726705,52931,14550,39.0,74,0,0
1768228033730512,52931,14550,51.0,1,0,0
1768228033733241,52931,14550,22.0,125,0,0
1768228033735316,52931,14550,27.0,152,0,0
1768228033736712,52931,14550,45.0,62,0,0
1768228033739031,52931,14550,26.0,42,0,0
1768228033742023,52931,14550,32.0,36,0,0
1768228033743345,52931,14550,62.0,65,0,0
1768228033745498,52931,14550,49.0,27,0,0
1768228033746827,52931,14550,44.0,116,0,0
1768228033748290,52931,14550,42.0,129,0,0
1768228033749769,52931,14550,34.0,29,0,0
1768228033750985,52931,14550,34.0,137,0,0
1768228033752312,52931,14550,60.0,24,0,0
1768228033754127,52931,14550,53.0,124,0,0
1768228033755970,52931,14550,31.0,2,0,0
1768228033757652,52931,14550,64.0,164,0,0
1768228033759442,52931,14550,24.0,168,0,0
1768228033760853,52931,14550,42.0,136,0,0
1768228033762287,52931,14550,42.0,193,0,0
1768228033763957,52931,14550,48.0,32,0,0
1768228033765318,52931,14550,40.0,241,0,0
1768228033766919,52931,14550,70.0,87,0,0
1768228033768633,52931,14550,61.0,147,0,0
1768228033769922,52931,14550,64.0,11030,0,0
1768228033840608,58419,5760,,0,1,0
1768228033968373,52931,14550,48.0,163,0,0
1768228033970211,52931,14550,44.0,178,0,0
1768228033973432,52931,14550,48.0,30,0,0
1768228033976507,52931,14550,48.0,33,0,0
1768228033978182,52931,14550,39.0,74,0,0
1768228033983129,52931,14550,51.0,1,0,0
1768228033988659,52931,14550,22.0,125,0,0
1768228033991442,52931,14550,27.0,152,0,0
1768228033995437,52931,14550,45.0,62,0,0
1768228033998520,52931,14550,26.0,42,0,0
1768228034001465,52931,14550,32.0,36,0,0
1768228034003406,52931,14550,62.0,65,0,0
1768228034005166,52931,14550,49.0,27,0,0
1768228034006890,52931,14550,44.0,116,0,0
1768228034008582,52931,14550,42.0,129,0,0
1768228034010308,52931,14550,34.0,29,0,0
1768228034012090,52931,14550,34.0,137,0,0
1768228034013726,52931,14550,60.0,24,0,0
1768228034017717,52931,14550,53.0,124,0,0
1768228034019502,52931,14550,31.0,2,0,0
1768228034021890,52931,14550,64.0,164,0,0
1768228034023905,52931,14550,24.0,168,0,0
1768228034025345,52931,14550,42.0,136,0,0
1768228034027162,52931,14550,42.0,193,0,0
1768228034028598,52931,14550,48.0,32,0,0
1768228034030505,52931,14550,40.0,241,0,0
1768228034031756,52931,14550,70.0,87,0,0
1768228034033443,52931,14550,61.0,147,0,0
1768228034035294,52931,14550,64.0,11030,0,0
1768228034037527,5760,58419,,0,1,0
1768228034038727,52931,14550,29.0,0,0,0
1768228034131195,5760,58419,,264,1,0
1768228034132194,52931,14550,47.0,264,0,0
1768228034216224,52931,14550,48.0,163,0,0
1768228034217883,52931,14550,44.0,178,0,0
1768228034219885,52931,14550,48.0,30,0,0
1768228034222322,52931,14550,48.0,33,0,0
1768228034223674,52931,14550,39.0,74,0,0
1768228034229506,52931,14550,51.0,1,0,0
1768228034231732,52931,14550,22.0,125,0,0
1768228034233671,52931,14550,27.0,152,0,0
1768228034235237,52931,14550,45.0,62,0,0
1768228034237205,52931,14550,26.0,42,0,0
1768228034240071,52931,14550,32.0,36,0,0
1768228034241546,52931,14550,62.0,65,0,0
1768228034243045,52931,14550,49.0,27,0,0
1768228034244771,52931,14550,44.0,116,0,0
1768228034246453,52931,14550,42.0,129,0,0
1768228034247734,52931,14550,34.0,29,0,0
1768228034249193,52931,14550,34.0,137,0,0
1768228034250464,52931,14550,60.0,24,0,0
1768228034252380,52931,14550,53.0,124,0,0
1768228034254299,52931,14550,31.0,2,0,0
1768228034255505,52931,14550,64.0,164,0,0
1768228034257076,52931,14550,24.0,168,0,0
1768228034258661,52931,14550,42.0,136,0,0
1768228034260639,52931,14550,42.0,193,0,0
1768228034262341,52931,14550,48.0,32,0,0
1768228034263807,52931,14550,40.0,241,0,0
1768228034265210,52931,14550,70.0,87,0,0
1768228034266943,52931,14550,61.0,147,0,0
1768228034268786,52931,14550,64.0,11030,0,0
1768228034467647,52931,14550,48.0,163,0,0
1768228034471021,52931,14550,44.0,178,0,0
1768228034472345,52931,14550,48.0,30,0,0
1768228034475322,52931,14550,48.0,33,0,0
1768228034477500,52931,14550,39.0,74,0,0
1768228034484367,52931,14550,51.0,1,0,0
1768228034488881,52931,14550,22.0,125,0,0
1768228034492093,52931,14550,27.0,152,0,0
1768228034494826,52931,14550,45.0,62,0,0
1768228034500625,52931,14550,26.0,42,0,0
1768228034503755,52931,14550,32.0,36,0,0
1768228034505109,52931,14550,62.0,65,0,0
1768228034507125,52931,14550,49.0,27,0,0
1768228034508887,52931,14550,44.0,116,0,0
1768228034511927,52931,14550,42.0,129,0,0
1768228034513513,52931,14550,34.0,29,0,0
1768228034515931,52931,14550,34.0,137,0,0
1768228034517893,52931,14550,60.0,24,0,0
1768228034522248,52931,14550,53.0,124,0,0
1768228034524580,52931,14550,31.0,2,0,0
1768228034527252,52931,14550,64.0,164,0,0
1768228034529894,52931,14550,24.0,168,0,0
1768228034531814,52931,14550,42.0,136,0,0
1768228034533066,52931,14550,42.0,193,0,0
1768228034535059,52931,14550,48.0,32,0,0
1768228034537207,52931,14550,40.0,241,0,0
1768228034538711,52931,14550,70.0,87,0,0
1768228034541237,52931,14550,61.0,147,0,0
1768228034543823,52931,14550,64.0,11030,0,0
1768228034635315,5760,58419,,264,1,0
1768228034636495,52931,14550,47.0,264,0,0
1768228034722732,52931,14550,48.0,163,0,0
1768228034725312,52931,14550,44.0,178,0,0
1768228034726907,52931,14550,48.0,30,0,0
1768228034730237,52931,14550,48.0,33,0,0
1768228034731840,52931,14550,39.0,74,0,0
1768228034734648,52931,14550,51.0,1,0,0
1768228034737054,52931,14550,22.0,125,0,0
1768228034739001,52931,14550,27.0,152,0,0
1768228034740201,52931,14550,45.0,62,0,0
1768228034742747,52931,14550,26.0,42,0,0
1768228034744813,52931,14550,32.0,36,0,0
1768228034746079,52931,14550,62.0,65,0,0
1768228034747605,52931,14550,49.0,27,0,0
1768228034749068,52931,14550,44.0,116,0,0
1768228034750337,52931,14550,42.0,129,0,0
1768228034751526,52931,14550,34.0,29,0,0
1768228034753332,52931,14550,34.0,137,0,0
1768228034754953,52931,14550,60.0,24,0,0
1768228034756798,52931,14550,53.0,124,0,0
1768228034758899,52931,14550,31.0,2,0,0
1768228034760081,52931,14550,64.0,164,0,0
1768228034761304,52931,14550,24.0,168,0,0
1768228034763005,52931,14550,42.0,136,0,0
1768228034764198,52931,14550,42.0,193,0,0
1768228034765849,52931,14550,48.0,32,0,0
1768228034767345,52931,14550,40.0,241,0,0
1768228034768886,52931,14550,70.0,87,0,0
1768228034770663,52931,14550,61.0,147,0,0
1768228034772476,52931,14550,64.0,11030,0,0
1768228034841629,58419,5760,,0,1,0
1768228034972644,52931,14550,48.0,163,0,0
1768228034974923,52931,14550,44.0,178,0,0
1768228034976202,52931,14550,48.0,30,0,0
1768228034978791,52931,14550,48.0,33,0,0
1768228034982741,52931,14550,39.0,74,0,0
1768228034986602,52931,14550,51.0,1,0,0
1768228034991207,52931,14550,22.0,125,0,0
1768228034994346,52931,14550,27.0,152,0,0
1768228034996348,52931,14550,45.0,62,0,0
1768228035000960,52931,14550,26.0,42,0,0
1768228035005266,52931,14550,32.0,36,0,0
1768228035007470,52931,14550,62.0,65,0,0
1768228035009264,52931,14550,49.0,27,0,0
1768228035012068,52931,14550,44.0,116,0,0
1768228035013406,52931,14550,42.0,129,0,0
1768228035014849,52931,14550,34.0,29,0,0
1768228035016763,52931,14550,34.0,137,0,0
1768228035019958,52931,14550,60.0,24,0,0
1768228035023633,52931,14550,53.0,124,0,0
1768228035026118,52931,14550,31.0,2,0,0
1768228035027331,52931,14550,64.0,164,0,0
1768228035029339,52931,14550,24.0,168,0,0
1768228035030865,52931,14550,42.0,136,0,0
1768228035035500,52931,14550,42.0,193,0,0
1768228035037268,52931,14550,48.0,32,0,0
1768228035039204,52931,14550,40.0,241,0,0
1768228035040407,52931,14550,70.0,87,0,0
1768228035042292,52931,14550,61.0,147,0,0
1768228035042542,5760,58419,,0,1,0
1768228035044161,52931,14550,64.0,11030,0,0
1768228035048031,52931,14550,29.0,0,0,0
1768228035135641,5760,58419,,264,1,0
1768228035136823,52931,14550,47.0,264,0,0
1768228035222068,52931,14550,48.0,163,0,0
1768228035224714,52931,14550,44.0,178,0,0
1768228035226024,52931,14550,48.0,30,0,0
1768228035228392,52931,14550,48.0,33,0,0
1768228035230243,52931,14550,39.0,74,0,0
1768228035234836,52931,14550,51.0,1,0,0
1768228035240189,52931,14550,22.0,125,0,0
1768228035242509,52931,14550,27.0,152,0,0
1768228035243943,52931,14550,45.0,62,0,0
1768228035245756,52931,14550,26.0,42,0,0
1768228035248136,52931,14550,32.0,36,0,0
1768228035250652,52931,14550,62.0,65,0,0
1768228035252245,52931,14550,49.0,27,0,0
1768228035254091,52931,14550,44.0,116,0,0
1768228035255620,52931,14550,42.0,129,0,0
1768228035257076,52931,14550,34.0,29,0,0
1768228035258708,52931,14550,34.0,137,0,0
1768228035260268,52931,14550,60.0,24,0,0
1768228035262073,52931,14550,53.0,124,0,0
1768228035264689,52931,14550,31.0,2,0,0
1768228035267091,52931,14550,64.0,164,0,0
1768228035268713,52931,14550,24.0,168,0,0
1768228035270145,52931,14550,42.0,136,0,0
1768228035271387,52931,14550,42.0,193,0,0
1768228035273121,52931,14550,48.0,32,0,0
1768228035274411,52931,14550,40.0,241,0,0
1768228035275853,52931,14550,70.0,87,0,0
1768228035277646,52931,14550,61.0,147,0,0
1768228035279380,52931,14550,64.0,11030,0,0
1768228035475779,52931,14550,48.0,163,0,0
1768228035477692,52931,14550,44.0,178,0,0
1768228035479488,52931,14550,48.0,30,0,0
1768228035483694,52931,14550,48.0,33,0,0
1768228035485670,52931,14550,39.0,74,0,0
1768228035489930,52931,14550,51.0,1,0,0
1768228035496213,52931,14550,22.0,125,0,0
1768228035498331,52931,14550,27.0,152,0,0
1768228035501936,52931,14550,45.0,62,0,0
1768228035506154,52931,14550,26.0,42,0,0
1768228035510386,52931,14550,32.0,36,0,0
1768228035513676,52931,14550,62.0,65,0,0
1768228035517359,52931,14550,49.0,27,0,0
1768228035519839,52931,14550,44.0,116,0,0
1768228035521928,52931,14550,42.0,129,0,0
1768228035525562,52931,14550,34.0,29,0,0
1768228035529434,52931,14550,34.0,137,0,0
1768228035531230,52931,14550,60.0,24,0,0
1768228035533443,52931,14550,53.0,124,0,0
1768228035537103,52931,14550,31.0,2,0,0
1768228035540102,52931,14550,64.0,164,0,0
1768228035541974,52931,14550,24.0,168,0,0
1768228035545365,52931,14550,42.0,136,0,0
1768228035546685,52931,14550,42.0,193,0,0
1768228035548748,52931,14550,48.0,32,0,0
1768228035550405,52931,14550,40.0,241,0,0
1768228035552769,52931,14550,70.0,87,0,0
1768228035555382,52931,14550,61.0,147,0,0
1768228035559101,52931,14550,64.0,11030,0,0
1768228035639015,5760,58419,,264,1,0
1768228035640280,52931,14550,47.0,264,0,0
1768228035725645,52931,14550,48.0,163,0,0
1768228035727793,52931,14550,44.0,178,0,0
1768228035729037,52931,14550,48.0,30,0,0
1768228035732357,52931,14550,48.0,33,0,0
1768228035734333,52931,14550,39.0,74,0,0
1768228035738007,52931,14550,51.0,1,0,0
1768228035740673,52931,14550,22.0,125,0,0
1768228035742241,52931,14550,27.0,152,0,0
1768228035743873,52931,14550,45.0,62,0,0
1768228035746415,52931,14550,26.0,42,0,0
1768228035748855,52931,14550,32.0,36,0,0
1768228035750707,52931,14550,62.0,65,0,0
1768228035751994,52931,14550,49.0,27,0,0
1768228035753360,52931,14550,44.0,116,0,0
1768228035754817,52931,14550,42.0,129,0,0
1768228035756214,52931,14550,34.0,29,0,0
1768228035757787,52931,14550,34.0,137,0,0
1768228035759184,52931,14550,60.0,24,0,0
1768228035761469,52931,14550,53.0,124,0,0
1768228035763460,52931,14550,31.0,2,0,0
1768228035765009,52931,14550,64.0,164,0,0
1768228035766367,52931,14550,24.0,168,0,0
1768228035767845,52931,14550,42.0,136,0,0
1768228035769057,52931,14550,42.0,193,0,0
1768228035770944,52931,14550,48.0,32,0,0
1768228035772930,52931,14550,40.0,241,0,0
1768228035774500,52931,14550,70.0,87,0,0
1768228035776141,52931,14550,61.0,147,0,0
1768228035778190,52931,14550,64.0,11030,0,0
1768228035846667,58419,5760,,0,1,0
1768228035981376,52931,14550,48.0,163,0,0
1768228035983579,52931,14550,44.0,178,0,0
1768228035985003,52931,14550,48.0,30,0,0
1768228035987140,52931,14550,48.0,33,0,0
1768228035989337,52931,14550,39.0,74,0,0
1768228035993415,52931,14550,51.0,1,0,0
1768228035999707,52931,14550,22.0,125,0,0
1768228036002692,52931,14550,27.0,152,0,0
1768228036004313,52931,14550,45.0,62,0,0
1768228036007342,52931,14550,26.0,42,0,0
1768228036010713,52931,14550,32.0,36,0,0
1768228036013327,52931,14550,62.0,65,0,0
1768228036015076,52931,14550,49.0,27,0,0
1768228036016663,52931,14550,44.0,116,0,0
1768228036018584,52931,14550,42.0,129,0,0
1768228036020060,52931,14550,34.0,29,0,0
1768228036021376,52931,14550,34.0,137,0,0
1768228036023172,52931,14550,60.0,24,0,0
1768228036024970,52931,14550,53.0,124,0,0
1768228036027266,52931,14550,31.0,2,0,0
1768228036028445,52931,14550,64.0,164,0,0
1768228036031757,52931,14550,24.0,168,0,0
1768228036033986,52931,14550,42.0,136,0,0
1768228036035781,52931,14550,42.0,193,0,0
1768228036037412,52931,14550,48.0,32,0,0
1768228036038624,52931,14550,40.0,241,0,0
1768228036040305,52931,14550,70.0,87,0,0
1768228036043828,52931,14550,61.0,147,0,0
1768228036045736,52931,14550,64.0,11030,0,0
1768228036049045,5760,58419,,0,1,0
1768228036051578,52931,14550,29.0,0,0,0
1768228036141510,5760,58419,,264,1,0
1768228036142560,52931,14550,47.0,264,0,0
1768228036228568,52931,14550,48.0,163,0,0
1768228036230768,52931,14550,44.0,178,0,0
1768228036232007,52931,14550,48.0,30,0,0
1768228036234484,52931,14550,48.0,33,0,0
1768228036235838,52931,14550,39.0,74,0,0
1768228036241490,52931,14550,51.0,1,0,0
1768228036244190,52931,14550,22.0,125,0,0
1768228036245902,52931,14550,27.0,152,0,0
1768228036247262,52931,14550,45.0,62,0,0
1768228036249360,52931,14550,26.0,42,0,0
1768228036252708,52931,14550,32.0,36,0,0
1768228036253970,52931,14550,62.0,65,0,0
1768228036255238,52931,14550,49.0,27,0,0
1768228036256736,52931,14550,44.0,116,0,0
1768228036258194,52931,14550,42.0,129,0,0
1768228036259534,52931,14550,34.0,29,0,0
1768228036261180,52931,14550,34.0,137,0,0
1768228036262393,52931,14550,60.0,24,0,0
1768228036264809,52931,14550,53.0,124,0,0
1768228036266647,52931,14550,31.0,2,0,0
1768228036268167,52931,14550,64.0,164,0,0
1768228036269466,52931,14550,24.0,168,0,0
1768228036270884,52931,14550,42.0,136,0,0
1768228036272319,52931,14550,42.0,193,0,0
1768228036273797,52931,14550,48.0,32,0,0
1768228036275299,52931,14550,40.0,241,0,0
1768228036276773,52931,14550,70.0,87,0,0
1768228036278533,52931,14550,61.0,147,0,0
1768228036280351,52931,14550,64.0,11030,0,0
1768228036482025,52931,14550,48.0,163,0,0
1768228036484224,52931,14550,44.0,178,0,0
1768228036486068,52931,14550,48.0,30,0,0
1768228036489567,52931,14550,48.0,33,0,0
1768228036491001,52931,14550,39.0,74,0,0
1768228036495842,52931,14550,51.0,1,0,0
1768228036502067,52931,14550,22.0,125,0,0
1768228036504887,52931,14550,27.0,152,0,0
1768228036506967,52931,14550,45.0,62,0,0
1768228036512246,52931,14550,26.0,42,0,0
1768228036517386,52931,14550,32.0,36,0,0
1768228036520573,52931,14550,62.0,65,0,0
1768228036523582,52931,14550,49.0,27,0,0
1768228036527071,52931,14550,44.0,116,0,0
1768228036528751,52931,14550,42.0,129,0,0
1768228036531527,52931,14550,34.0,29,0,0
1768228036533441,52931,14550,34.0,137,0,0
1768228036536118,52931,14550,60.0,24,0,0
1768228036539806,52931,14550,53.0,124,0,0
1768228036542275,52931,14550,31.0,2,0,0
1768228036544529,52931,14550,64.0,164,0,0
1768228036546200,52931,14550,24.0,168,0,0
1768228036547621,52931,14550,42.0,136,0,0
1768228036551071,52931,14550,42.0,193,0,0
1768228036556123,52931,14550,48.0,32,0,0
1768228036558221,52931,14550,40.0,241,0,0
1768228036560761,52931,14550,70.0,87,0,0
1768228036564205,52931,14550,61.0,147,0,0
1768228036566055,52931,14550,64.0,11030,0,0
1768228036644814,5760,58419,,264,1,0
1768228036645384,52931,14550,47.0,264,0,0
1768228036732146,52931,14550,48.0,163,0,0
1768228036733184,52931,14550,44.0,178,0,0
1768228036734233,52931,14550,48.0,30,0,0
1768228036736264,52931,14550,48.0,33,0,0
1768228036737214,52931,14550,39.0,74,0,0
1768228036738924,52931,14550,51.0,1,0,0
1768228036740470,52931,14550,22.0,125,0,0
1768228036741561,52931,14550,27.0,152,0,0
1768228036742311,52931,14550,45.0,62,0,0
1768228036743532,52931,14550,26.0,42,0,0
1768228036745126,52931,14550,32.0,36,0,0
1768228036745893,52931,14550,62.0,65,0,0
1768228036746589,52931,14550,49.0,27,0,0
1768228036747432,52931,14550,44.0,116,0,0
1768228036748087,52931,14550,42.0,129,0,0
1768228036748946,52931,14550,34.0,29,0,0
1768228036749617,52931,14550,34.0,137,0,0
1768228036750506,52931,14550,60.0,24,0,0
1768228036751748,52931,14550,53.0,124,0,0
1768228036752569,52931,14550,31.0,2,0,0
1768228036753306,52931,14550,64.0,164,0,0
1768228036754311,52931,14550,24.0,168,0,0
1768228036755096,52931,14550,42.0,136,0,0
1768228036755959,52931,14550,42.0,193,0,0
1768228036756881,52931,14550,48.0,32,0,0
1768228036757630,52931,14550,40.0,241,0,0
1768228036758303,52931,14550,70.0,87,0,0
1768228036759429,52931,14550,61.0,147,0,0
1768228036760191,52931,14550,64.0,11030,0,0
1768228036851104,58419,5760,,0,1,0
1768228036900477,52931,14550,21.0,46,0,0
1768228036902835,52931,14550,40.0,253,0,0
1768228036906580,52931,14550,35.0,253,0,0
1768228036982483,52931,14550,48.0,163,0,0
1768228036984677,52931,14550,44.0,178,0,0
1768228036985995,52931,14550,48.0,30,0,0
1768228036989068,52931,14550,48.0,33,0,0
1768228036990783,52931,14550,39.0,74,0,0
1768228036994094,52931,14550,51.0,1,0,0
1768228036996575,52931,14550,22.0,125,0,0
1768228036998479,52931,14550,27.0,152,0,0
1768228036999902,52931,14550,45.0,62,0,0
1768228037001838,52931,14550,26.0,42,0,0
1768228037004789,52931,14550,32.0,36,0,0
1768228037006106,52931,14550,62.0,65,0,0
1768228037007686,52931,14550,49.0,27,0,0
1768228037009076,52931,14550,44.0,116,0,0
1768228037010350,52931,14550,42.0,129,0,0
1768228037011897,52931,14550,34.0,29,0,0
1768228037013159,52931,14550,34.0,137,0,0
1768228037014622,52931,14550,60.0,24,0,0
1768228037016472,52931,14550,53.0,124,0,0
1768228037018011,52931,14550,31.0,2,0,0
1768228037020130,52931,14550,64.0,164,0,0
1768228037021473,52931,14550,24.0,168,0,0
1768228037023127,52931,14550,42.0,136,0,0
1768228037024617,52931,14550,42.0,193,0,0
1768228037026452,52931,14550,48.0,32,0,0
1768228037027656,52931,14550,40.0,241,0,0
1768228037029249,52931,14550,70.0,87,0,0
1768228037030762,52931,14550,61.0,147,0,0
1768228037032749,52931,14550,64.0,11030,0,0
1768228037055813,5760,58419,,0,1,0
1768228037057335,52931,14550,29.0,0,0,0
1768228037148822,5760,58419,,264,1,0
1768228037149892,52931,14550,47.0,264,0,0
1768228037237814,52931,14550,48.0,163,0,0
1768228037241517,52931,14550,44.0,178,0,0
1768228037243238,52931,14550,48.0,30,0,0
1768228037245138,52931,14550,48.0,33,0,0
1768228037246591,52931,14550,39.0,74,0,0
1768228037249600,52931,14550,51.0,1,0,0
1768228037252507,52931,14550,22.0,125,0,0
1768228037254389,52931,14550,27.0,152,0,0
1768228037255650,52931,14550,45.0,62,0,0
1768228037258108,52931,14550,26.0,42,0,0
1768228037261117,52931,14550,32.0,36,0,0
1768228037262459,52931,14550,62.0,65,0,0
1768228037263832,52931,14550,49.0,27,0,0
1768228037265036,52931,14550,44.0,116,0,0
1768228037266612,52931,14550,42.0,129,0,0
1768228037267842,52931,14550,34.0,29,0,0
1768228037269188,52931,14550,34.0,137,0,0
1768228037270376,52931,14550,60.0,24,0,0
1768228037272720,52931,14550,53.0,124,0,0
1768228037274645,52931,14550,31.0,2,0,0
1768228037275878,52931,14550,64.0,164,0,0
1768228037277364,52931,14550,24.0,168,0,0
1768228037278938,52931,14550,42.0,136,0,0
1768228037280255,52931,14550,42.0,193,0,0
1768228037281825,52931,14550,48.0,32,0,0
1768228037283416,52931,14550,40.0,241,0,0
1768228037285172,52931,14550,70.0,87,0,0
1768228037286681,52931,14550,61.0,147,0,0
1768228037288457,52931,14550,64.0,11030,0,0
1768228037480977,52931,14550,45.0,22,0,0
1768228037483275,52931,14550,45.0,22,0,0
1768228037484907,52931,14550,45.0,22,0,0
1768228037492231,52931,14550,48.0,163,0,0
1768228037494702,52931,14550,44.0,178,0,0
1768228037496314,52931,14550,48.0,30,0,0
1768228037499169,52931,14550,48.0,33,0,0
1768228037500978,52931,14550,39.0,74,0,0
1768228037504651,52931,14550,51.0,1,0,0
1768228037509140,52931,14550,22.0,125,0,0
1768228037513252,52931,14550,27.0,152,0,0
1768228037514638,52931,14550,45.0,62,0,0
1768228037518553,52931,14550,26.0,42,0,0
1768228037520959,52931,14550,32.0,36,0,0
1768228037522857,52931,14550,62.0,65,0,0
1768228037524485,52931,14550,49.0,27,0,0
1768228037528728,52931,14550,44.0,116,0,0
1768228037531874,52931,14550,42.0,129,0,0
1768228037534007,52931,14550,34.0,29,0,0
1768228037536042,52931,14550,34.0,137,0,0
1768228037538263,52931,14550,60.0,24,0,0
1768228037542389,52931,14550,53.0,124,0,0
1768228037544726,52931,14550,31.0,2,0,0
1768228037548192,52931,14550,64.0,164,0,0
1768228037549457,52931,14550,24.0,168,0,0
1768228037551295,52931,14550,42.0,136,0,0
1768228037553730,52931,14550,42.0,193,0,0
1768228037557786,52931,14550,48.0,32,0,0
1768228037559786,52931,14550,40.0,241,0,0
1768228037561870,52931,14550,70.0,87,0,0
1768228037563783,52931,14550,61.0,147,0,0
1768228037565756,52931,14550,64.0,11030,0,0
1768228037654613,5760,58419,,264,1,0
1768228037655770,52931,14550,47.0,264,0,0
1768228037739506,52931,14550,48.0,163,0,0
1768228037741988,52931,14550,44.0,178,0,0
1768228037743184,52931,14550,48.0,30,0,0
1768228037745617,52931,14550,48.0,33,0,0
1768228037747957,52931,14550,39.0,74,0,0
1768228037752318,52931,14550,51.0,1,0,0
1768228037756665,52931,14550,22.0,125,0,0
1768228037758240,52931,14550,27.0,152,0,0
1768228037759441,52931,14550,45.0,62,0,0
1768228037761767,52931,14550,26.0,42,0,0
1768228037764565,52931,14550,32.0,36,0,0
1768228037766374,52931,14550,62.0,65,0,0
1768228037767632,52931,14550,49.0,27,0,0
1768228037769353,52931,14550,44.0,116,0,0
1768228037770955,52931,14550,42.0,129,0,0
1768228037772600,52931,14550,34.0,29,0,0
1768228037774377,52931,14550,34.0,137,0,0
1768228037775630,52931,14550,60.0,24,0,0
1768228037778139,52931,14550,53.0,124,0,0
1768228037780178,52931,14550,31.0,2,0,0
1768228037782331,52931,14550,64.0,164,0,0
1768228037783872,52931,14550,24.0,168,0,0
1768228037785253,52931,14550,42.0,136,0,0
1768228037786658,52931,14550,42.0,193,0,0
1768228037788899,52931,14550,48.0,32,0,0
1768228037790422,52931,14550,40.0,241,0,0
1768228037791905,52931,14550,70.0,87,0,0
1768228037794011,52931,14550,61.0,147,0,0
1768228037795751,52931,14550,64.0,11030,0,0
1768228037853529,58419,5760,,0,1,0
1768228037988787,52931,14550,48.0,163,0,0
1768228037991989,52931,14550,44.0,178,0,0
1768228037996960,52931,14550,48.0,30,0,0
1768228038000395,52931,14550,48.0,33,0,0
1768228038003037,52931,14550,39.0,74,0,0
1768228038007631,52931,14550,51.0,1,0,0
1768228038013075,52931,14550,22.0,125,0,0
1768228038015493,52931,14550,27.0,152,0,0
1768228038017392,52931,14550,45.0,62,0,0
1768228038021338,52931,14550,26.0,42,0,0
1768228038025394,52931,14550,32.0,36,0,0
1768228038028459,52931,14550,62.0,65,0,0
1768228038030325,52931,14550,49.0,27,0,0
1768228038032348,52931,14550,44.0,116,0,0
1768228038034021,52931,14550,42.0,129,0,0
1768228038036157,52931,14550,34.0,29,0,0
1768228038037878,52931,14550,34.0,137,0,0
1768228038040637,52931,14550,60.0,24,0,0
1768228038046866,52931,14550,53.0,124,0,0
1768228038050813,52931,14550,31.0,2,0,0
1768228038054542,52931,14550,64.0,164,0,0
1768228038058530,52931,14550,24.0,168,0,0
1768228038060547,52931,14550,42.0,136,0,0
1768228038062206,52931,14550,42.0,193,0,0
1768228038064673,5760,58419,,0,1,0
1768228038065812,52931,14550,48.0,32,0,0
1768228038067306,52931,14550,40.0,241,0,0
1768228038068581,52931,14550,70.0,87,0,0
1768228038070346,52931,14550,61.0,147,0,0
1768228038072105,52931,14550,64.0,11030,0,0
1768228038074921,52931,14550,29.0,0,0,0
1768228038155291,5760,58419,,264,1,0
1768228038157187,52931,14550,47.0,264,0,0
1768228038241507,52931,14550,48.0,163,0,0
1768228038243161,52931,14550,44.0,178,0,0
1768228038245108,52931,14550,48.0,30,0,0
1768228038247782,52931,14550,48.0,33,0,0
1768228038250371,52931,14550,39.0,74,0,0
1768228038254003,52931,14550,51.0,1,0,0
1768228038259350,52931,14550,22.0,125,0,0
1768228038261060,52931,14550,27.0,152,0,0
1768228038262848,52931,14550,45.0,62,0,0
1768228038264822,52931,14550,26.0,42,0,0
1768228038267455,52931,14550,32.0,36,0,0
1768228038268737,52931,14550,62.0,65,0,0
1768228038270687,52931,14550,49.0,27,0,0
1768228038272663,52931,14550,44.0,116,0,0
1768228038274227,52931,14550,42.0,129,0,0
1768228038275640,52931,14550,34.0,29,0,0
1768228038277461,52931,14550,34.0,137,0,0
1768228038278898,52931,14550,60.0,24,0,0
1768228038281063,52931,14550,53.0,124,0,0
1768228038282990,52931,14550,31.0,2,0,0
1768228038284669,52931,14550,64.0,164,0,0
1768228038285941,52931,14550,24.0,168,0,0
1768228038287386,52931,14550,42.0,136,0,0
1768228038289023,52931,14550,42.0,193,0,0
1768228038290884,52931,14550,48.0,32,0,0
1768228038292132,52931,14550,40.0,241,0,0
1768228038293831,52931,14550,70.0,87,0,0
1768228038295583,52931,14550,61.0,147,0,0
1768228038297262,52931,14550,64.0,11030,0,0
1768228038490741,52931,14550,48.0,163,0,0
1768228038493290,52931,14550,44.0,178,0,0
1768228038497129,52931,14550,48.0,30,0,0
1768228038501493,52931,14550,48.0,33,0,0
1768228038503875,52931,14550,39.0,74,0,0
1768228038506927,52931,14550,51.0,1,0,0
1768228038513357,52931,14550,22.0,125,0,0
1768228038516147,52931,14550,27.0,152,0,0
1768228038517592,52931,14550,45.0,62,0,0
1768228038521516,52931,14550,26.0,42,0,0
1768228038524352,52931,14550,32.0,36,0,0
1768228038527159,52931,14550,62.0,65,0,0
1768228038529575,52931,14550,49.0,27,0,0
1768228038531000,52931,14550,44.0,116,0,0
1768228038533896,52931,14550,42.0,129,0,0
1768228038536233,52931,14550,34.0,29,0,0
1768228038538058,52931,14550,34.0,137,0,0
1768228038539461,52931,14550,60.0,24,0,0
1768228038541864,52931,14550,53.0,124,0,0
1768228038546244,52931,14550,31.0,2,0,0
1768228038547669,52931,14550,64.0,164,0,0
1768228038548972,52931,14550,24.0,168,0,0
1768228038551460,52931,14550,42.0,136,0,0
1768228038554608,52931,14550,42.0,193,0,0
1768228038556434,52931,14550,48.0,32,0,0
1768228038558003,52931,14550,40.0,241,0,0
1768228038560077,52931,14550,70.0,87,0,0
1768228038562023,52931,14550,61.0,147,0,0
1768228038563885,52931,14550,64.0,11030,0,0
1768228038657428,5760,58419,,264,1,0
1768228038658708,52931,14550,47.0,264,0,0
1768228038743536,52931,14550,48.0,163,0,0
1768228038745296,52931,14550,44.0,178,0,0
1768228038747659,52931,14550,48.0,30,0,0
1768228038749647,52931,14550,48.0,33,0,0
1768228038751984,52931,14550,39.0,74,0,0
1768228038754440,52931,14550,51.0,1,0,0
1768228038756773,52931,14550,22.0,125,0,0
1768228038758596,52931,14550,27.0,152,0,0
1768228038759991,52931,14550,45.0,62,0,0
1768228038761967,52931,14550,26.0,42,0,0
1768228038765077,52931,14550,32.0,36,0,0
1768228038766621,52931,14550,62.0,65,0,0
1768228038768074,52931,14550,49.0,27,0,0
1768228038769259,52931,14550,44.0,116,0,0
1768228038770607,52931,14550,42.0,129,0,0
1768228038772195,52931,14550,34.0,29,0,0
1768228038773465,52931,14550,34.0,137,0,0
1768228038774954,52931,14550,60.0,24,0,0
1768228038777333,52931,14550,53.0,124,0,0
1768228038779436,52931,14550,31.0,2,0,0
1768228038780633,52931,14550,64.0,164,0,0
1768228038782209,52931,14550,24.0,168,0,0
1768228038783820,52931,14550,42.0,136,0,0
1768228038785395,52931,14550,42.0,193,0,0
1768228038786850,52931,14550,48.0,32,0,0
1768228038788219,52931,14550,40.0,241,0,0
1768228038789892,52931,14550,70.0,87,0,0
1768228038791657,52931,14550,61.0,147,0,0
1768228038793447,52931,14550,64.0,11030,0,0
1768228038863003,58419,5760,,0,1,0
1768228038997671,52931,14550,48.0,163,0,0
1768228038999730,52931,14550,44.0,178,0,0
1768228039001250,52931,14550,48.0,30,0,0
1768228039004023,52931,14550,48.0,33,0,0
1768228039007895,52931,14550,39.0,74,0,0
1768228039012904,52931,14550,51.0,1,0,0
1768228039018185,52931,14550,22.0,125,0,0
1768228039020642,52931,14550,27.0,152,0,0
1768228039022211,52931,14550,45.0,62,0,0
1768228039025063,52931,14550,26.0,42,0,0
1768228039028577,52931,14550,32.0,36,0,0
1768228039029979,52931,14550,62.0,65,0,0
1768228039033341,52931,14550,49.0,27,0,0
1768228039035010,52931,14550,44.0,116,0,0
1768228039038009,52931,14550,42.0,129,0,0
1768228039039703,52931,14550,34.0,29,0,0
1768228039042333,52931,14550,34.0,137,0,0
1768228039044322,52931,14550,60.0,24,0,0
1768228039046141,52931,14550,53.0,124,0,0
1768228039049143,52931,14550,31.0,2,0,0
1768228039050562,52931,14550,64.0,164,0,0
1768228039052211,52931,14550,24.0,168,0,0
1768228039054266,52931,14550,42.0,136,0,0
1768228039055456,52931,14550,42.0,193,0,0
1768228039057454,52931,14550,48.0,32,0,0
1768228039058643,52931,14550,40.0,241,0,0
1768228039060695,52931,14550,70.0,87,0,0
1768228039062215,52931,14550,61.0,147,0,0
1768228039063507,52931,14550,64.0,11030,0,0
1768228039067254,5760,58419,,0,1,0
1768228039068377,52931,14550,29.0,0,0,0
1768228039159765,5760,58419,,264,1,0
1768228039161073,52931,14550,47.0,264,0,0
1768228039246743,52931,14550,48.0,163,0,0
1768228039248893,52931,14550,44.0,178,0,0
1768228039250739,52931,14550,48.0,30,0,0
1768228039253994,52931,14550,48.0,33,0,0
1768228039255737,52931,14550,39.0,74,0,0
1768228039258965,52931,14550,51.0,1,0,0
1768228039264825,52931,14550,22.0,125,0,0
1768228039266545,52931,14550,27.0,152,0,0
1768228039267964,52931,14550,45.0,62,0,0
1768228039270091,52931,14550,26.0,42,0,0
1768228039272512,52931,14550,32.0,36,0,0
1768228039274541,52931,14550,62.0,65,0,0
1768228039276195,52931,14550,49.0,27,0,0
1768228039277659,52931,14550,44.0,116,0,0
1768228039278904,52931,14550,42.0,129,0,0
1768228039280316,52931,14550,34.0,29,0,0
1768228039281795,52931,14550,34.0,137,0,0
1768228039283416,52931,14550,60.0,24,0,0
1768228039285476,52931,14550,53.0,124,0,0
1768228039287155,52931,14550,31.0,2,0,0
1768228039288699,52931,14550,64.0,164,0,0
1768228039290190,52931,14550,24.0,168,0,0
1768228039291565,52931,14550,42.0,136,0,0
1768228039292780,52931,14550,42.0,193,0,0
1768228039294524,52931,14550,48.0,32,0,0
1768228039295814,52931,14550,40.0,241,0,0
1768228039297082,52931,14550,70.0,87,0,0
1768228039298827,52931,14550,61.0,147,0,0
1768228039301082,52931,14550,64.0,11030,0,0
1768228039498302,52931,14550,48.0,163,0,0
1768228039500458,52931,14550,44.0,178,0,0
1768228039502205,52931,14550,48.0,30,0,0
1768228039505601,52931,14550,48.0,33,0,0
1768228039508258,52931,14550,39.0,74,0,0
1768228039512681,52931,14550,51.0,1,0,0
1768228039518396,52931,14550,22.0,125,0,0
1768228039521654,52931,14550,27.0,152,0,0
1768228039523178,52931,14550,45.0,62,0,0
1768228039526699,52931,14550,26.0,42,0,0
1768228039529674,52931,14550,32.0,36,0,0
1768228039538681,52931,14550,62.0,65,0,0
1768228039540868,52931,14550,49.0,27,0,0
1768228039543013,52931,14550,44.0,116,0,0
1768228039545127,52931,14550,42.0,129,0,0
1768228039549196,52931,14550,34.0,29,0,0
1768228039552656,52931,14550,34.0,137,0,0
1768228039554088,52931,14550,60.0,24,0,0
1768228039555758,52931,14550,53.0,124,0,0
1768228039557869,52931,14550,31.0,2,0,0
1768228039559314,52931,14550,64.0,164,0,0
1768228039560970,52931,14550,24.0,168,0,0
1768228039562517,52931,14550,42.0,136,0,0
1768228039564170,52931,14550,42.0,193,0,0
1768228039566025,52931,14550,48.0,32,0,0
1768228039567467,52931,14550,40.0,241,0,0
1768228039569152,52931,14550,70.0,87,0,0
1768228039570716,52931,14550,61.0,147,0,0
1768228039572528,52931,14550,64.0,11030,0,0
1768228039662225,5760,58419,,264,1,0
1768228039663271,52931,14550,47.0,264,0,0
1768228039748903,52931,14550,48.0,163,0,0
1768228039751882,52931,14550,44.0,178,0,0
1768228039753435,52931,14550,48.0,30,0,0
1768228039757535,52931,14550,48.0,33,0,0
1768228039759051,52931,14550,39.0,74,0,0
1768228039762696,52931,14550,51.0,1,0,0
1768228039765556,52931,14550,22.0,125,0,0
1768228039767454,52931,14550,27.0,152,0,0
1768228039769264,52931,14550,45.0,62,0,0
1768228039771833,52931,14550,26.0,42,0,0
1768228039774918,52931,14550,32.0,36,0,0
1768228039776346,52931,14550,62.0,65,0,0
1768228039778362,52931,14550,49.0,27,0,0
1768228039779938,52931,14550,44.0,116,0,0
1768228039781421,52931,14550,42.0,129,0,0
1768228039782682,52931,14550,34.0,29,0,0
1768228039784191,52931,14550,34.0,137,0,0
1768228039785458,52931,14550,60.0,24,0,0
1768228039788056,52931,14550,53.0,124,0,0
1768228039789491,52931,14550,31.0,2,0,0
1768228039791297,52931,14550,64.0,164,0,0
1768228039792588,52931,14550,24.0,168,0,0
1768228039794222,52931,14550,42.0,136,0,0
1768228039795508,52931,14550,42.0,193,0,0
1768228039796945,52931,14550,48.0,32,0,0
1768228039798428,52931,14550,40.0,241,0,0
1768228039799780,52931,14550,70.0,87,0,0
1768228039801184,52931,14550,61.0,147,0,0
1768228039803320,52931,14550,64.0,11030,0,0
1768228039872407,58419,5760,,0,1,0
1768228040000326,52931,14550,48.0,163,0,0
1768228040002270,52931,14550,44.0,178,0,0
1768228040004098,52931,14550,48.0,30,0,0
1768228040007117,52931,14550,48.0,33,0,0
1768228040011114,52931,14550,39.0,74,0,0
1768228040016413,52931,14550,51.0,1,0,0
1768228040022760,52931,14550,22.0,125,0,0
1768228040026016,52931,14550,27.0,152,0,0
1768228040027260,52931,14550,45.0,62,0,0
1768228040030191,52931,14550,26.0,42,0,0
1768228040033950,52931,14550,32.0,36,0,0
1768228040036389,52931,14550,62.0,65,0,0
1768228040039219,52931,14550,49.0,27,0,0
1768228040041131,52931,14550,44.0,116,0,0
1768228040042718,52931,14550,42.0,129,0,0
1768228040045731,52931,14550,34.0,29,0,0
1768228040047363,52931,14550,34.0,137,0,0
1768228040049904,52931,14550,60.0,24,0,0
1768228040052134,52931,14550,53.0,124,0,0
1768228040055376,52931,14550,31.0,2,0,0
1768228040056994,52931,14550,64.0,164,0,0
1768228040058460,52931,14550,24.0,168,0,0
1768228040061739,52931,14550,42.0,136,0,0
1768228040062996,52931,14550,42.0,193,0,0
1768228040064971,52931,14550,48.0,32,0,0
1768228040066351,52931,14550,40.0,241,0,0
1768228040068844,52931,14550,70.0,87,0,0
1768228040070499,52931,14550,61.0,147,0,0
1768228040073058,52931,14550,64.0,11030,0,0
1768228040074463,5760,58419,,0,1,0
1768228040076365,52931,14550,29.0,0,0,0
1768228040168056,5760,58419,,264,1,0
1768228040169302,52931,14550,47.0,264,0,0
1768228040253792,52931,14550,48.0,163,0,0
1768228040256045,52931,14550,44.0,178,0,0
1768228040257268,52931,14550,48.0,30,0,0
1768228040259848,52931,14550,48.0,33,0,0
1768228040261657,52931,14550,39.0,74,0,0
1768228040265036,52931,14550,51.0,1,0,0
1768228040267993,52931,14550,22.0,125,0,0
1768228040269822,52931,14550,27.0,152,0,0
1768228040271416,52931,14550,45.0,62,0,0
1768228040273579,52931,14550,26.0,42,0,0
1768228040276102,52931,14550,32.0,36,0,0
1768228040278129,52931,14550,62.0,65,0,0
1768228040279425,52931,14550,49.0,27,0,0
1768228040280902,52931,14550,44.0,116,0,0
1768228040282279,52931,14550,42.0,129,0,0
1768228040283851,52931,14550,34.0,29,0,0
1768228040285262,52931,14550,34.0,137,0,0
1768228040286492,52931,14550,60.0,24,0,0
1768228040288246,52931,14550,53.0,124,0,0
1768228040290030,52931,14550,31.0,2,0,0
1768228040291993,52931,14550,64.0,164,0,0
1768228040293356,52931,14550,24.0,168,0,0
1768228040294844,52931,14550,42.0,136,0,0
1768228040296067,52931,14550,42.0,193,0,0
1768228040297887,52931,14550,48.0,32,0,0
1768228040299420,52931,14550,40.0,241,0,0
1768228040300680,52931,14550,70.0,87,0,0
1768228040302600,52931,14550,61.0,147,0,0
1768228040304436,52931,14550,64.0,11030,0,0
1768228040506529,52931,14550,48.0,163,0,0
1768228040509058,52931,14550,44.0,178,0,0
1768228040511925,52931,14550,48.0,30,0,0
1768228040514008,52931,14550,48.0,33,0,0
1768228040515458,52931,14550,39.0,74,0,0
1768228040518721,52931,14550,51.0,1,0,0
1768228040527414,52931,14550,22.0,125,0,0
1768228040530987,52931,14550,27.0,152,0,0
1768228040532662,52931,14550,45.0,62,0,0
1768228040537321,52931,14550,26.0,42,0,0
1768228040539683,52931,14550,32.0,36,0,0
1768228040544363,52931,14550,62.0,65,0,0
1768228040546477,52931,14550,49.0,27,0,0
1768228040547799,52931,14550,44.0,116,0,0
1768228040549515,52931,14550,42.0,129,0,0
1768228040551724,52931,14550,34.0,29,0,0
1768228040553800,52931,14550,34.0,137,0,0
1768228040557157,52931,14550,60.0,24,0,0
1768228040560124,52931,14550,53.0,124,0,0
1768228040563240,52931,14550,31.0,2,0,0
1768228040564954,52931,14550,64.0,164,0,0
1768228040567539,52931,14550,24.0,168,0,0
1768228040571547,52931,14550,42.0,136,0,0
1768228040574338,52931,14550,42.0,193,0,0
1768228040578619,52931,14550,48.0,32,0,0
1768228040580551,52931,14550,40.0,241,0,0
1768228040582567,52931,14550,70.0,87,0,0
1768228040584709,52931,14550,61.0,147,0,0
1768228040587556,52931,14550,64.0,11030,0,0
1768228040669213,5760,58419,,264,1,0
1768228040670241,52931,14550,47.0,264,0,0
1768228040755414,52931,14550,48.0,163,0,0
1768228040757418,52931,14550,44.0,178,0,0
1768228040758640,52931,14550,48.0,30,0,0
1768228040760961,52931,14550,48.0,33,0,0
1768228040764656,52931,14550,39.0,74,0,0
1768228040768639,52931,14550,51.0,1,0,0
1768228040771967,52931,14550,22.0,125,0,0
1768228040773992,52931,14550,27.0,152,0,0
1768228040775578,52931,14550,45.0,62,0,0
1768228040778267,52931,14550,26.0,42,0,0
1768228040780351,52931,14550,32.0,36,0,0
1768228040781857,52931,14550,62.0,65,0,0
1768228040783476,52931,14550,49.0,27,0,0
1768228040784827,52931,14550,44.0,116,0,0
1768228040786202,52931,14550,42.0,129,0,0
1768228040787899,52931,14550,34.0,29,0,0
1768228040789427,52931,14550,34.0,137,0,0
1768228040791034,52931,14550,60.0,24,0,0
1768228040792895,52931,14550,53.0,124,0,0
1768228040794498,52931,14550,31.0,2,0,0
1768228040796977,52931,14550,64.0,164,0,0
1768228040798327,52931,14550,24.0,168,0,0
1768228040799700,52931,14550,42.0,136,0,0
1768228040801049,52931,14550,42.0,193,0,0
1768228040802733,52931,14550,48.0,32,0,0
1768228040804237,52931,14550,40.0,241,0,0
1768228040805446,52931,14550,70.0,87,0,0
1768228040807464,52931,14550,61.0,147,0,0
1768228040808721,52931,14550,64.0,11030,0,0
1768228040877772,58419,5760,,0,1,0
1768228041009347,52931,14550,48.0,163,0,0
1768228041011035,52931,14550,44.0,178,0,0
1768228041013444,52931,14550,48.0,30,0,0
1768228041015700,52931,14550,48.0,33,0,0
1768228041018820,52931,14550,39.0,74,0,0
1768228041022917,52931,14550,51.0,1,0,0
1768228041027507,52931,14550,22.0,125,0,0
1768228041031880,52931,14550,27.0,152,0,0
1768228041033305,52931,14550,45.0,62,0,0
1768228041036124,52931,14550,26.0,42,0,0
1768228041039023,52931,14550,32.0,36,0,0
1768228041040272,52931,14550,62.0,65,0,0
1768228041042372,52931,14550,49.0,27,0,0
1768228041044340,52931,14550,44.0,116,0,0
1768228041046873,52931,14550,42.0,129,0,0
1768228041049430,52931,14550,34.0,29,0,0
1768228041051172,52931,14550,34.0,137,0,0
1768228041053342,52931,14550,60.0,24,0,0
1768228041055550,52931,14550,53.0,124,0,0
1768228041058316,52931,14550,31.0,2,0,0
1768228041059862,52931,14550,64.0,164,0,0
1768228041062708,52931,14550,24.0,168,0,0
1768228041064654,52931,14550,42.0,136,0,0
1768228041065865,52931,14550,42.0,193,0,0
1768228041067987,52931,14550,48.0,32,0,0
1768228041069994,52931,14550,40.0,241,0,0
1768228041071449,52931,14550,70.0,87,0,0
1768228041073077,52931,14550,61.0,147,0,0
1768228041074933,52931,14550,64.0,11030,0,0
1768228041080127,5760,58419,,0,1,0
1768228041082197,52931,14550,29.0,0,0,0
1768228041168653,5760,58419,,264,1,0
1768228041169731,52931,14550,47.0,264,0,0
1768228041260621,52931,14550,48.0,163,0,0
1768228041262683,52931,14550,44.0,178,0,0
1768228041264237,52931,14550,48.0,30,0,0
1768228041266988,52931,14550,48.0,33,0,0
1768228041268866,52931,14550,39.0,74,0,0
1768228041272555,52931,14550,51.0,1,0,0
1768228041274681,52931,14550,22.0,125,0,0
1768228041276266,52931,14550,27.0,152,0,0
1768228041277846,52931,14550,45.0,62,0,0
1768228041280113,52931,14550,26.0,42,0,0
1768228041282783,52931,14550,32.0,36,0,0
1768228041284512,52931,14550,62.0,65,0,0
1768228041286328,52931,14550,49.0,27,0,0
1768228041287828,52931,14550,44.0,116,0,0
1768228041289322,52931,14550,42.0,129,0,0
1768228041290544,52931,14550,34.0,29,0,0
1768228041292016,52931,14550,34.0,137,0,0
1768228041293375,52931,14550,60.0,24,0,0
1768228041295241,52931,14550,53.0,124,0,0
1768228041297203,52931,14550,31.0,2,0,0
1768228041298701,52931,14550,64.0,164,0,0
1768228041300119,52931,14550,24.0,168,0,0
1768228041301487,52931,14550,42.0,136,0,0
1768228041302980,52931,14550,42.0,193,0,0
1768228041304502,52931,14550,48.0,32,0,0
1768228041305866,52931,14550,40.0,241,0,0
1768228041307613,52931,14550,70.0,87,0,0
1768228041309397,52931,14550,61.0,147,0,0
1768228041311191,52931,14550,64.0,11030,0,0
1768228041506785,52931,14550,48.0,163,0,0
1768228041508470,52931,14550,44.0,178,0,0
1768228041511116,52931,14550,48.0,30,0,0
1768228041514105,52931,14550,48.0,33,0,0
1768228041516886,52931,14550,39.0,74,0,0
1768228041522948,52931,14550,51.0,1,0,0
1768228041527876,52931,14550,22.0,125,0,0
1768228041532466,52931,14550,27.0,152,0,0
1768228041534760,52931,14550,45.0,62,0,0
1768228041539889,52931,14550,26.0,42,0,0
1768228041542986,52931,14550,32.0,36,0,0
1768228041544319,52931,14550,62.0,65,0,0
1768228041546258,52931,14550,49.0,27,0,0
1768228041549189,52931,14550,44.0,116,0,0
1768228041550420,52931,14550,42.0,129,0,0
1768228041552657,52931,14550,34.0,29,0,0
1768228041556238,52931,14550,34.0,137,0,0
1768228041559826,52931,14550,60.0,24,0,0
1768228041562201,52931,14550,53.0,124,0,0
1768228041563880,52931,14550,31.0,2,0,0
1768228041565159,52931,14550,64.0,164,0,0
1768228041567911,52931,14550,24.0,168,0,0
1768228041572234,52931,14550,42.0,136,0,0
1768228041574371,52931,14550,42.0,193,0,0
1768228041577536,52931,14550,48.0,32,0,0
1768228041579117,52931,14550,40.0,241,0,0
1768228041580567,52931,14550,70.0,87,0,0
1768228041582921,52931,14550,61.0,147,0,0
1768228041586451,52931,14550,64.0,11030,0,0
1768228041675302,5760,58419,,264,1,0
1768228041676384,52931,14550,47.0,264,0,0
1768228041763208,52931,14550,48.0,163,0,0
1768228041766070,52931,14550,44.0,178,0,0
1768228041767341,52931,14550,48.0,30,0,0
1768228041770241,52931,14550,48.0,33,0,0
1768228041780662,52931,14550,39.0,74,0,0
1768228041785258,52931,14550,51.0,1,0,0
1768228041789171,52931,14550,22.0,125,0,0
1768228041790718,52931,14550,27.0,152,0,0
1768228041791937,52931,14550,45.0,62,0,0
1768228041794442,52931,14550,26.0,42,0,0
1768228041798646,52931,14550,32.0,36,0,0
1768228041800982,52931,14550,62.0,65,0,0
1768228041802859,52931,14550,49.0,27,0,0
1768228041804225,52931,14550,44.0,116,0,0
1768228041805468,52931,14550,42.0,129,0,0
1768228041806875,52931,14550,34.0,29,0,0
1768228041808848,52931,14550,34.0,137,0,0
1768228041810369,52931,14550,60.0,24,0,0
1768228041812623,52931,14550,53.0,124,0,0
1768228041814141,52931,14550,31.0,2,0,0
1768228041815465,52931,14550,64.0,164,0,0
1768228041816972,52931,14550,24.0,168,0,0
1768228041818470,52931,14550,42.0,136,0,0
1768228041820052,52931,14550,42.0,193,0,0
1768228041821715,52931,14550,48.0,32,0,0
1768228041822979,52931,14550,40.0,241,0,0
1768228041824277,52931,14550,70.0,87,0,0
1768228041825702,52931,14550,61.0,147,0,0
1768228041827494,52931,14550,64.0,11030,0,0
1768228041884376,58419,5760,,0,1,0
1768228042012279,52931,14550,48.0,163,0,0
1768228042014644,52931,14550,44.0,178,0,0
1768228042015913,52931,14550,48.0,30,0,0
1768228042019289,52931,14550,48.0,33,0,0
1768228042021289,52931,14550,39.0,74,0,0
1768228042025614,52931,14550,51.0,1,0,0
1768228042029568,52931,14550,22.0,125,0,0
1768228042032274,52931,14550,27.0,152,0,0
1768228042034612,52931,14550,45.0,62,0,0
1768228042040412,52931,14550,26.0,42,0,0
1768228042043868,52931,14550,32.0,36,0,0
1768228042045454,52931,14550,62.0,65,0,0
1768228042048348,52931,14550,49.0,27,0,0
1768228042049704,52931,14550,44.0,116,0,0
1768228042051480,52931,14550,42.0,129,0,0
1768228042053194,52931,14550,34.0,29,0,0
1768228042055622,52931,14550,34.0,137,0,0
1768228042060684,52931,14550,60.0,24,0,0
1768228042062732,52931,14550,53.0,124,0,0
1768228042064240,52931,14550,31.0,2,0,0
1768228042065660,52931,14550,64.0,164,0,0
1768228042067017,52931,14550,24.0,168,0,0
1768228042070106,52931,14550,42.0,136,0,0
1768228042071899,52931,14550,42.0,193,0,0
1768228042074148,52931,14550,48.0,32,0,0
1768228042076566,52931,14550,40.0,241,0,0
1768228042079263,52931,14550,70.0,87,0,0
1768228042083256,52931,14550,61.0,147,0,0
1768228042086441,52931,14550,64.0,11030,0,0
1768228042087344,5760,58419,,0,1,0
1768228042090253,52931,14550,29.0,0,0,0
1768228042178919,5760,58419,,264,1,0
1768228042179988,52931,14550,47.0,264,0,0
1768228042266746,52931,14550,48.0,163,0,0
1768228042268492,52931,14550,44.0,178,0,0
1768228042270141,52931,14550,48.0,30,0,0
1768228042273254,52931,14550,48.0,33,0,0
1768228042274824,52931,14550,39.0,74,0,0
1768228042277939,52931,14550,51.0,1,0,0
1768228042282340,52931,14550,22.0,125,0,0
1768228042284052,52931,14550,27.0,152,0,0
1768228042285584,52931,14550,45.0,62,0,0
1768228042287882,52931,14550,26.0,42,0,0
1768228042290688,52931,14550,32.0,36,0,0
1768228042291946,52931,14550,62.0,65,0,0
1768228042293227,52931,14550,49.0,27,0,0
1768228042294742,52931,14550,44.0,116,0,0
1768228042296511,52931,14550,42.0,129,0,0
1768228042297783,52931,14550,34.0,29,0,0
1768228042299135,52931,14550,34.0,137,0,0
1768228042300558,52931,14550,60.0,24,0,0
1768228042302830,52931,14550,53.0,124,0,0
1768228042304967,52931,14550,31.0,2,0,0
1768228042306264,52931,14550,64.0,164,0,0
1768228042307720,52931,14550,24.0,168,0,0
1768228042309362,52931,14550,42.0,136,0,0
1768228042310554,52931,14550,42.0,193,0,0
1768228042312338,52931,14550,48.0,32,0,0
1768228042313813,52931,14550,40.0,241,0,0
1768228042315058,52931,14550,70.0,87,0,0
1768228042316897,52931,14550,61.0,147,0,0
1768228042318626,52931,14550,64.0,11030,0,0
1768228042513877,52931,14550,48.0,163,0,0
1768228042515554,52931,14550,44.0,178,0,0
1768228042517348,52931,14550,48.0,30,0,0
1768228042520045,52931,14550,48.0,33,0,0
1768228042526428,52931,14550,39.0,74,0,0
1768228042533819,52931,14550,51.0,1,0,0
1768228042539577,52931,14550,22.0,125,0,0
1768228042543076,52931,14550,27.0,152,0,0
1768228042544755,52931,14550,45.0,62,0,0
1768228042550055,52931,14550,26.0,42,0,0
1768228042554897,52931,14550,32.0,36,0,0
1768228042556855,52931,14550,62.0,65,0,0
1768228042558597,52931,14550,49.0,27,0,0
1768228042559839,52931,14550,44.0,116,0,0
1768228042561415,52931,14550,42.0,129,0,0
1768228042566119,52931,14550,34.0,29,0,0
1768228042568788,52931,14550,34.0,137,0,0
1768228042572032,52931,14550,60.0,24,0,0
1768228042575428,52931,14550,53.0,124,0,0
1768228042577456,52931,14550,31.0,2,0,0
1768228042578669,52931,14550,64.0,164,0,0
1768228042581663,52931,14550,24.0,168,0,0
1768228042585169,52931,14550,42.0,136,0,0
1768228042586454,52931,14550,42.0,193,0,0
1768228042587854,52931,14550,48.0,32,0,0
1768228042589651,52931,14550,40.0,241,0,0
1768228042591067,52931,14550,70.0,87,0,0
1768228042592936,52931,14550,61.0,147,0,0
1768228042594743,52931,14550,64.0,11030,0,0
1768228042678778,5760,58419,,264,1,0
1768228042680001,52931,14550,47.0,264,0,0
1768228042765338,52931,14550,48.0,163,0,0
1768228042768557,52931,14550,44.0,178,0,0
1768228042771896,52931,14550,48.0,30,0,0
1768228042774502,52931,14550,48.0,33,0,0
1768228042777037,52931,14550,39.0,74,0,0
1768228042779337,52931,14550,51.0,1,0,0
1768228042781933,52931,14550,22.0,125,0,0
1768228042783956,52931,14550,27.0,152,0,0
1768228042785483,52931,14550,45.0,62,0,0
1768228042788120,52931,14550,26.0,42,0,0
1768228042790596,52931,14550,32.0,36,0,0
1768228042792697,52931,14550,62.0,65,0,0
1768228042794157,52931,14550,49.0,27,0,0
1768228042795354,52931,14550,44.0,116,0,0
1768228042796862,52931,14550,42.0,129,0,0
1768228042798116,52931,14550,34.0,29,0,0
1768228042799604,52931,14550,34.0,137,0,0
1768228042800817,52931,14550,60.0,24,0,0
1768228042802434,52931,14550,53.0,124,0,0
1768228042804860,52931,14550,31.0,2,0,0
1768228042806180,52931,14550,64.0,164,0,0
1768228042807575,52931,14550,24.0,168,0,0
1768228042809223,52931,14550,42.0,136,0,0
1768228042810481,52931,14550,42.0,193,0,0
1768228042811918,52931,14550,48.0,32,0,0
1768228042813407,52931,14550,40.0,241,0,0
1768228042814853,52931,14550,70.0,87,0,0
1768228042816343,52931,14550,61.0,147,0,0
1768228042818101,52931,14550,64.0,11030,0,0
1768228042888136,58419,5760,,0,1,0
1768228043020763,52931,14550,48.0,163,0,0
1768228043023190,52931,14550,44.0,178,0,0
1768228043026207,52931,14550,48.0,30,0,0
1768228043028033,52931,14550,48.0,33,0,0
1768228043029413,52931,14550,39.0,74,0,0
1768228043035002,52931,14550,51.0,1,0,0
1768228043040554,52931,14550,22.0,125,0,0
1768228043043568,52931,14550,27.0,152,0,0
1768228043045120,52931,14550,45.0,62,0,0
1768228043047926,52931,14550,26.0,42,0,0
1768228043052302,52931,14550,32.0,36,0,0
1768228043056536,52931,14550,62.0,65,0,0
1768228043058191,52931,14550,49.0,27,0,0
1768228043060053,52931,14550,44.0,116,0,0
1768228043061703,52931,14550,42.0,129,0,0
1768228043063268,52931,14550,34.0,29,0,0
1768228043066798,52931,14550,34.0,137,0,0
1768228043068357,52931,14550,60.0,24,0,0
1768228043071862,52931,14550,53.0,124,0,0
1768228043074566,52931,14550,31.0,2,0,0
1768228043076269,52931,14550,64.0,164,0,0
1768228043077857,52931,14550,24.0,168,0,0
1768228043080562,52931,14550,42.0,136,0,0
1768228043082357,52931,14550,42.0,193,0,0
1768228043084375,52931,14550,48.0,32,0,0
1768228043086393,52931,14550,40.0,241,0,0
1768228043087758,52931,14550,70.0,87,0,0
1768228043088348,5760,58419,,0,1,0
1768228043089362,52931,14550,61.0,147,0,0
1768228043090631,52931,14550,64.0,11030,0,0
1768228043098002,52931,14550,29.0,0,0,0
1768228043110061,5760,58419,,111,1,0
1768228043111012,52931,14550,33.0,111,0,0
1768228043185735,5760,58419,,264,1,0
1768228043187242,52931,14550,47.0,264,0,0
1768228043269166,52931,14550,48.0,163,0,0
1768228043271597,52931,14550,44.0,178,0,0
1768228043272953,52931,14550,48.0,30,0,0
1768228043275235,52931,14550,48.0,33,0,0
1768228043278443,52931,14550,39.0,74,0,0
1768228043283512,52931,14550,51.0,1,0,0
1768228043286094,52931,14550,22.0,125,0,0
1768228043287979,52931,14550,27.0,152,0,0
1768228043289204,52931,14550,45.0,62,0,0
1768228043292090,52931,14550,26.0,42,0,0
1768228043294339,52931,14550,32.0,36,0,0
1768228043295702,52931,14550,62.0,65,0,0
1768228043297667,52931,14550,49.0,27,0,0
1768228043299755,52931,14550,44.0,116,0,0
1768228043301919,52931,14550,42.0,129,0,0
1768228043303461,52931,14550,34.0,29,0,0
1768228043304656,52931,14550,34.0,137,0,0
1768228043306247,52931,14550,60.0,24,0,0
1768228043308097,52931,14550,53.0,124,0,0
1768228043310170,52931,14550,31.0,2,0,0
1768228043311754,52931,14550,64.0,164,0,0
1768228043313009,52931,14550,24.0,168,0,0
1768228043314670,52931,14550,42.0,136,0,0
1768228043316019,52931,14550,42.0,193,0,0
1768228043317466,52931,14550,48.0,32,0,0
1768228043318916,52931,14550,40.0,241,0,0
1768228043320476,52931,14550,70.0,87,0,0
1768228043322261,52931,14550,61.0,147,0,0
1768228043324103,52931,14550,64.0,11030,0,0
1768228043522579,52931,14550,48.0,163,0,0
1768228043524976,52931,14550,44.0,178,0,0
1768228043526827,52931,14550,48.0,30,0,0
1768228043530069,52931,14550,48.0,33,0,0
1768228043532117,52931,14550,39.0,74,0,0
1768228043537560,52931,14550,51.0,1,0,0
1768228043542895,52931,14550,22.0,125,0,0
1768228043547072,52931,14550,27.0,152,0,0
1768228043549849,52931,14550,45.0,62,0,0
1768228043557122,52931,14550,26.0,42,0,0
1768228043563401,52931,14550,32.0,36,0,0
1768228043565376,52931,14550,62.0,65,0,0
1768228043567042,52931,14550,49.0,27,0,0
1768228043570036,52931,14550,44.0,116,0,0
1768228043571716,52931,14550,42.0,129,0,0
1768228043572967,52931,14550,34.0,29,0,0
1768228043575341,52931,14550,34.0,137,0,0
1768228043576952,52931,14550,60.0,24,0,0
1768228043579169,52931,14550,53.0,124,0,0
1768228043580693,52931,14550,31.0,2,0,0
1768228043582012,52931,14550,64.0,164,0,0
1768228043583534,52931,14550,24.0,168,0,0
1768228043585426,52931,14550,42.0,136,0,0
1768228043586751,52931,14550,42.0,193,0,0
1768228043588197,52931,14550,48.0,32,0,0
1768228043589683,52931,14550,40.0,241,0,0
1768228043590860,52931,14550,70.0,87,0,0
1768228043592789,52931,14550,61.0,147,0,0
1768228043594196,52931,14550,64.0,11030,0,0
1768228043683984,5760,58419,,264,1,0
1768228043684946,52931,14550,47.0,264,0,0
1768228043771737,52931,14550,48.0,163,0,0
1768228043773577,52931,14550,44.0,178,0,0
1768228043776520,52931,14550,48.0,30,0,0
1768228043778121,52931,14550,48.0,33,0,0
1768228043779423,52931,14550,39.0,74,0,0
1768228043781456,52931,14550,51.0,1,0,0
1768228043783195,52931,14550,22.0,125,0,0
1768228043784765,52931,14550,27.0,152,0,0
1768228043785979,52931,14550,45.0,62,0,0
1768228043787858,52931,14550,26.0,42,0,0
1768228043789354,52931,14550,32.0,36,0,0
1768228043790262,52931,14550,62.0,65,0,0
1768228043791134,52931,14550,49.0,27,0,0
1768228043792807,52931,14550,44.0,116,0,0
1768228043793706,52931,14550,42.0,129,0,0
1768228043795024,52931,14550,34.0,29,0,0
1768228043795922,52931,14550,34.0,137,0,0
1768228043797269,52931,14550,60.0,24,0,0
1768228043798731,52931,14550,53.0,124,0,0
1768228043800461,52931,14550,31.0,2,0,0
1768228043801941,52931,14550,64.0,164,0,0
1768228043803006,52931,14550,24.0,168,0,0
1768228043804228,52931,14550,42.0,136,0,0
1768228043805997,52931,14550,42.0,193,0,0
1768228043807176,52931,14550,48.0,32,0,0
1768228043808033,52931,14550,40.0,241,0,0
1768228043809390,52931,14550,70.0,87,0,0
1768228043810592,52931,14550,61.0,147,0,0
1768228043812551,52931,14550,64.0,11030,0,0
1768228043891199,58419,5760,,0,1,0
1768228044022337,52931,14550,48.0,163,0,0
1768228044023854,52931,14550,44.0,178,0,0
1768228044025697,52931,14550,48.0,30,0,0
1768228044028129,52931,14550,48.0,33,0,0
1768228044030916,52931,14550,39.0,74,0,0
1768228044033855,52931,14550,51.0,1,0,0
1768228044037713,52931,14550,22.0,125,0,0
1768228044039903,52931,14550,27.0,152,0,0
1768228044041132,52931,14550,45.0,62,0,0
1768228044043420,52931,14550,26.0,42,0,0
1768228044046130,52931,14550,32.0,36,0,0
1768228044047734,52931,14550,62.0,65,0,0
1768228044049091,52931,14550,49.0,27,0,0
1768228044050608,52931,14550,44.0,116,0,0
1768228044052359,52931,14550,42.0,129,0,0
1768228044053699,52931,14550,34.0,29,0,0
1768228044054916,52931,14550,34.0,137,0,0
1768228044056371,52931,14550,60.0,24,0,0
1768228044058008,52931,14550,53.0,124,0,0
1768228044059567,52931,14550,31.0,2,0,0
1768228044061346,52931,14550,64.0,164,0,0
1768228044062761,52931,14550,24.0,168,0,0
1768228044064253,52931,14550,42.0,136,0,0
1768228044065803,52931,14550,42.0,193,0,0
1768228044067338,52931,14550,48.0,32,0,0
1768228044068808,52931,14550,40.0,241,0,0
1768228044070202,52931,14550,70.0,87,0,0
1768228044072153,52931,14550,61.0,147,0,0
1768228044073605,52931,14550,64.0,11030,0,0
1768228044095253,5760,58419,,0,1,0
1768228044096462,52931,14550,29.0,0,0,0
1768228044187347,5760,58419,,264,1,0
1768228044188356,52931,14550,47.0,264,0,0
1768228044278489,52931,14550,48.0,163,0,0
1768228044281065,52931,14550,44.0,178,0,0
1768228044282332,52931,14550,48.0,30,0,0
1768228044285063,52931,14550,48.0,33,0,0
1768228044287698,52931,14550,39.0,74,0,0
1768228044290942,52931,14550,51.0,1,0,0
1768228044293571,52931,14550,22.0,125,0,0
1768228044295191,52931,14550,27.0,152,0,0
1768228044296504,52931,14550,45.0,62,0,0
1768228044298583,52931,14550,26.0,42,0,0
1768228044300932,52931,14550,32.0,36,0,0
1768228044302668,52931,14550,62.0,65,0,0
1768228044303947,52931,14550,49.0,27,0,0
1768228044305121,52931,14550,44.0,116,0,0
1768228044306894,52931,14550,42.0,129,0,0
1768228044308456,52931,14550,34.0,29,0,0
1768228044310011,52931,14550,34.0,137,0,0
1768228044311226,52931,14550,60.0,24,0,0
1768228044312995,52931,14550,53.0,124,0,0
1768228044314949,52931,14550,31.0,2,0,0
1768228044316231,52931,14550,64.0,164,0,0
1768228044317432,52931,14550,24.0,168,0,0
1768228044318880,52931,14550,42.0,136,0,0
1768228044320098,52931,14550,42.0,193,0,0
1768228044321772,52931,14550,48.0,32,0,0
1768228044323239,52931,14550,40.0,241,0,0
1768228044324431,52931,14550,70.0,87,0,0
1768228044326512,52931,14550,61.0,147,0,0
1768228044327851,52931,14550,64.0,11030,0,0
1768228044527181,52931,14550,48.0,163,0,0
1768228044529182,52931,14550,44.0,178,0,0
1768228044532870,52931,14550,48.0,30,0,0
1768228044536211,52931,14550,48.0,33,0,0
1768228044539143,52931,14550,39.0,74,0,0
1768228044544106,52931,14550,51.0,1,0,0
1768228044548870,52931,14550,22.0,125,0,0
1768228044551884,52931,14550,27.0,152,0,0
1768228044553754,52931,14550,45.0,62,0,0
1768228044557054,52931,14550,26.0,42,0,0
1768228044562924,52931,14550,32.0,36,0,0
1768228044564885,52931,14550,62.0,65,0,0
1768228044566664,52931,14550,49.0,27,0,0
1768228044569097,52931,14550,44.0,116,0,0
1768228044571784,52931,14550,42.0,129,0,0
1768228044573608,52931,14550,34.0,29,0,0
1768228044576328,52931,14550,34.0,137,0,0
1768228044579026,52931,14550,60.0,24,0,0
1768228044580768,52931,14550,53.0,124,0,0
1768228044583604,52931,14550,31.0,2,0,0
1768228044585483,52931,14550,64.0,164,0,0
1768228044587969,52931,14550,24.0,168,0,0
1768228044590563,52931,14550,42.0,136,0,0
1768228044593806,52931,14550,42.0,193,0,0
1768228044596100,52931,14550,48.0,32,0,0
1768228044597996,52931,14550,40.0,241,0,0
1768228044599220,52931,14550,70.0,87,0,0
1768228044602117,52931,14550,61.0,147,0,0
1768228044605680,52931,14550,64.0,11030,0,0
1768228044688853,5760,58419,,264,1,0
1768228044689868,52931,14550,47.0,264,0,0
1768228044779261,52931,14550,48.0,163,0,0
1768228044780708,52931,14550,44.0,178,0,0
1768228044782266,52931,14550,48.0,30,0,0
1768228044784199,52931,14550,48.0,33,0,0
1768228044786211,52931,14550,39.0,74,0,0
1768228044789802,52931,14550,51.0,1,0,0
1768228044791380,52931,14550,22.0,125,0,0
1768228044792663,52931,14550,27.0,152,0,0
1768228044793611,52931,14550,45.0,62,0,0
1768228044795393,52931,14550,26.0,42,0,0
1768228044796884,52931,14550,32.0,36,0,0
1768228044798042,52931,14550,62.0,65,0,0
1768228044799045,52931,14550,49.0,27,0,0
1768228044799922,52931,14550,44.0,116,0,0
1768228044800896,52931,14550,42.0,129,0,0
1768228044801734,52931,14550,34.0,29,0,0
1768228044802928,52931,14550,34.0,137,0,0
1768228044803747,52931,14550,60.0,24,0,0
1768228044805198,52931,14550,53.0,124,0,0
1768228044806393,52931,14550,31.0,2,0,0
1768228044807674,52931,14550,64.0,164,0,0
1768228044808509,52931,14550,24.0,168,0,0
1768228044809652,52931,14550,42.0,136,0,0
1768228044810670,52931,14550,42.0,193,0,0
1768228044811861,52931,14550,48.0,32,0,0
1768228044812782,52931,14550,40.0,241,0,0
1768228044813664,52931,14550,70.0,87,0,0
1768228044814884,52931,14550,61.0,147,0,0
1768228044816497,52931,14550,64.0,11030,0,0
1768228044896963,58419,5760,,0,1,0
1768228045026277,52931,14550,48.0,163,0,0
1768228045028842,52931,14550,44.0,178,0,0
1768228045030968,52931,14550,48.0,30,0,0
1768228045034356,52931,14550,48.0,33,0,0
1768228045035659,52931,14550,39.0,74,0,0
1768228045040416,52931,14550,51.0,1,0,0
1768228045045455,52931,14550,22.0,125,0,0
1768228045047796,52931,14550,27.0,152,0,0
1768228045049025,52931,14550,45.0,62,0,0
1768228045051819,52931,14550,26.0,42,0,0
1768228045056040,52931,14550,32.0,36,0,0
1768228045058065,52931,14550,62.0,65,0,0
1768228045061718,52931,14550,49.0,27,0,0
1768228045062983,52931,14550,44.0,116,0,0
1768228045064959,52931,14550,42.0,129,0,0
1768228045068899,52931,14550,34.0,29,0,0
1768228045070610,52931,14550,34.0,137,0,0
1768228045072657,52931,14550,60.0,24,0,0
1768228045074889,52931,14550,53.0,124,0,0
1768228045077189,52931,14550,31.0,2,0,0
1768228045079407,52931,14550,64.0,164,0,0
1768228045081051,52931,14550,24.0,168,0,0
1768228045082871,52931,14550,42.0,136,0,0
1768228045085782,52931,14550,42.0,193,0,0
1768228045087314,52931,14550,48.0,32,0,0
1768228045089529,52931,14550,40.0,241,0,0
1768228045090920,52931,14550,70.0,87,0,0
1768228045093651,52931,14550,61.0,147,0,0
1768228045095242,52931,14550,64.0,11030,0,0
1768228045099279,5760,58419,,0,1,0
1768228045100412,52931,14550,29.0,0,0,0
1768228045192468,5760,58419,,264,1,0
1768228045193805,52931,14550,47.0,264,0,0
1768228045283103,52931,14550,48.0,163,0,0
1768228045286412,52931,14550,44.0,178,0,0
1768228045287768,52931,14550,48.0,30,0,0
1768228045289694,52931,14550,48.0,33,0,0
1768228045291326,52931,14550,39.0,74,0,0
1768228045294501,52931,14550,51.0,1,0,0
1768228045296783,52931,14550,22.0,125,0,0
1768228045298574,52931,14550,27.0,152,0,0
1768228045300126,52931,14550,45.0,62,0,0
1768228045302704,52931,14550,26.0,42,0,0
1768228045305060,52931,14550,32.0,36,0,0
1768228045306334,52931,14550,62.0,65,0,0
1768228045308117,52931,14550,49.0,27,0,0
1768228045309362,52931,14550,44.0,116,0,0
1768228045311320,52931,14550,42.0,129,0,0
1768228045312802,52931,14550,34.0,29,0,0
1768228045314622,52931,14550,34.0,137,0,0
1768228045316122,52931,14550,60.0,24,0,0
1768228045317776,52931,14550,53.0,124,0,0
1768228045319702,52931,14550,31.0,2,0,0
1768228045320944,52931,14550,64.0,164,0,0
1768228045322308,52931,14550,24.0,168,0,0
1768228045323758,52931,14550,42.0,136,0,0
1768228045324965,52931,14550,42.0,193,0,0
1768228045327130,52931,14550,48.0,32,0,0
1768228045328655,52931,14550,40.0,241,0,0
1768228045330272,52931,14550,70.0,87,0,0
1768228045332213,52931,14550,61.0,147,0,0
1768228045333611,52931,14550,64.0,11030,0,0
1768228045534048,52931,14550,48.0,163,0,0
1768228045535923,52931,14550,44.0,178,0,0
1768228045537154,52931,14550,48.0,30,0,0
1768228045540765,52931,14550,48.0,33,0,0
1768228045542239,52931,14550,39.0,74,0,0
1768228045545949,52931,14550,51.0,1,0,0
1768228045553058,52931,14550,22.0,125,0,0
1768228045555652,52931,14550,27.0,152,0,0
1768228045557370,52931,14550,45.0,62,0,0
1768228045562734,52931,14550,26.0,42,0,0
1768228045570211,52931,14550,32.0,36,0,0
1768228045572288,52931,14550,62.0,65,0,0
1768228045574503,52931,14550,49.0,27,0,0
1768228045577907,52931,14550,44.0,116,0,0
1768228045580507,52931,14550,42.0,129,0,0
1768228045583572,52931,14550,34.0,29,0,0
1768228045585237,52931,14550,34.0,137,0,0
1768228045586557,52931,14550,60.0,24,0,0
1768228045588217,52931,14550,53.0,124,0,0
1768228045589859,52931,14550,31.0,2,0,0
1768228045591628,52931,14550,64.0,164,0,0
1768228045592804,52931,14550,24.0,168,0,0
1768228045595023,52931,14550,42.0,136,0,0
1768228045596572,52931,14550,42.0,193,0,0
1768228045598232,52931,14550,48.0,32,0,0
1768228045599438,52931,14550,40.0,241,0,0
1768228045600957,52931,14550,70.0,87,0,0
1768228045602557,52931,14550,61.0,147,0,0
1768228045603909,52931,14550,64.0,11030,0,0
1768228045694466,5760,58419,,264,1,0
1768228045695564,52931,14550,47.0,264,0,0
1768228045781945,52931,14550,48.0,163,0,0
1768228045784769,52931,14550,44.0,178,0,0
1768228045786196,52931,14550,48.0,30,0,0
1768228045789194,52931,14550,48.0,33,0,0
1768228045791334,52931,14550,39.0,74,0,0
1768228045794256,52931,14550,51.0,1,0,0
1768228045796609,52931,14550,22.0,125,0,0
1768228045798438,52931,14550,27.0,152,0,0
1768228045799946,52931,14550,45.0,62,0,0
1768228045801921,52931,14550,26.0,42,0,0
1768228045805640,52931,14550,32.0,36,0,0
1768228045807347,52931,14550,62.0,65,0,0
1768228045809399,52931,14550,49.0,27,0,0
1768228045810963,52931,14550,44.0,116,0,0
1768228045812628,52931,14550,42.0,129,0,0
1768228045814464,52931,14550,34.0,29,0,0
1768228045816385,52931,14550,34.0,137,0,0
1768228045817892,52931,14550,60.0,24,0,0
1768228045819739,52931,14550,53.0,124,0,0
1768228045821314,52931,14550,31.0,2,0,0
1768228045822530,52931,14550,64.0,164,0,0
1768228045824108,52931,14550,24.0,168,0,0
1768228045825642,52931,14550,42.0,136,0,0
1768228045827323,52931,14550,42.0,193,0,0
1768228045830015,52931,14550,48.0,32,0,0
1768228045831724,52931,14550,40.0,241,0,0
1768228045833310,52931,14550,70.0,87,0,0
1768228045834761,52931,14550,61.0,147,0,0
1768228045836595,52931,14550,64.0,11030,0,0
1768228045905563,58419,5760,,0,1,0
1768228046034287,52931,14550,48.0,163,0,0
1768228046035802,52931,14550,44.0,178,0,0
1768228046037710,52931,14550,48.0,30,0,0
1768228046040103,52931,14550,48.0,33,0,0
1768228046042616,52931,14550,39.0,74,0,0
1768228046046421,52931,14550,51.0,1,0,0
1768228046051636,52931,14550,22.0,125,0,0
1768228046053793,52931,14550,27.0,152,0,0
1768228046054662,52931,14550,45.0,62,0,0
1768228046056877,52931,14550,26.0,42,0,0
1768228046059310,52931,14550,32.0,36,0,0
1768228046060206,52931,14550,62.0,65,0,0
1768228046061275,52931,14550,49.0,27,0,0
1768228046062910,52931,14550,44.0,116,0,0
1768228046063767,52931,14550,42.0,129,0,0
1768228046065888,52931,14550,34.0,29,0,0
1768228046067071,52931,14550,34.0,137,0,0
1768228046067907,52931,14550,60.0,24,0,0
1768228046070044,52931,14550,53.0,124,0,0
1768228046071540,52931,14550,31.0,2,0,0
1768228046072760,52931,14550,64.0,164,0,0
1768228046073623,52931,14550,24.0,168,0,0
1768228046075596,52931,14550,42.0,136,0,0
1768228046076539,52931,14550,42.0,193,0,0
1768228046077632,52931,14550,48.0,32,0,0
1768228046078943,52931,14550,40.0,241,0,0
1768228046080883,52931,14550,70.0,87,0,0
1768228046083678,52931,14550,61.0,147,0,0
1768228046086776,52931,14550,64.0,11030,0,0
1768228046104984,5760,58419,,0,1,0
1768228046105842,52931,14550,29.0,0,0,0
1768228046201568,5760,58419,,264,1,0
1768228046202736,52931,14550,47.0,264,0,0
1768228046286903,52931,14550,48.0,163,0,0
1768228046290131,52931,14550,44.0,178,0,0
1768228046291231,52931,14550,48.0,30,0,0
1768228046293122,52931,14550,48.0,33,0,0
1768228046294903,52931,14550,39.0,74,0,0
1768228046297424,52931,14550,51.0,1,0,0
1768228046299535,52931,14550,22.0,125,0,0
1768228046301081,52931,14550,27.0,152,0,0
1768228046302522,52931,14550,45.0,62,0,0
1768228046304218,52931,14550,26.0,42,0,0
1768228046306234,52931,14550,32.0,36,0,0
1768228046307869,52931,14550,62.0,65,0,0
1768228046308997,52931,14550,49.0,27,0,0
1768228046310126,52931,14550,44.0,116,0,0
1768228046312024,52931,14550,42.0,129,0,0
1768228046313632,52931,14550,34.0,29,0,0
1768228046315175,52931,14550,34.0,137,0,0
1768228046316706,52931,14550,60.0,24,0,0
1768228046318394,52931,14550,53.0,124,0,0
1768228046320288,52931,14550,31.0,2,0,0
1768228046321826,52931,14550,64.0,164,0,0
1768228046323308,52931,14550,24.0,168,0,0
1768228046325593,52931,14550,42.0,136,0,0
1768228046327458,52931,14550,42.0,193,0,0
1768228046329476,52931,14550,48.0,32,0,0
1768228046330694,52931,14550,40.0,241,0,0
1768228046332269,52931,14550,70.0,87,0,0
1768228046333986,52931,14550,61.0,147,0,0
1768228046335969,52931,14550,64.0,11030,0,0
1768228046536029,52931,14550,48.0,163,0,0
1768228046538909,52931,14550,44.0,178,0,0
1768228046541993,52931,14550,48.0,30,0,0
1768228046545685,52931,14550,48.0,33,0,0
1768228046547355,52931,14550,39.0,74,0,0
1768228046551485,52931,14550,51.0,1,0,0
1768228046557379,52931,14550,22.0,125,0,0
1768228046562302,52931,14550,27.0,152,0,0
1768228046564640,52931,14550,45.0,62,0,0
1768228046570796,52931,14550,26.0,42,0,0
1768228046575472,52931,14550,32.0,36,0,0
1768228046578268,52931,14550,62.0,65,0,0
1768228046580487,52931,14550,49.0,27,0,0
1768228046581910,52931,14550,44.0,116,0,0
1768228046584595,52931,14550,42.0,129,0,0
1768228046586524,52931,14550,34.0,29,0,0
1768228046589412,52931,14550,34.0,137,0,0
1768228046590654,52931,14550,60.0,24,0,0
1768228046594805,52931,14550,53.0,124,0,0
1768228046596715,52931,14550,31.0,2,0,0
1768228046599888,52931,14550,64.0,164,0,0
1768228046601244,52931,14550,24.0,168,0,0
1768228046603353,52931,14550,42.0,136,0,0
1768228046606996,52931,14550,42.0,193,0,0
1768228046608351,52931,14550,48.0,32,0,0
1768228046609557,52931,14550,40.0,241,0,0
1768228046611093,52931,14550,70.0,87,0,0
1768228046613190,52931,14550,61.0,147,0,0
1768228046614751,52931,14550,64.0,11030,0,0
1768228046701214,5760,58419,,264,1,0
1768228046702246,52931,14550,47.0,264,0,0
1768228046790259,52931,14550,48.0,163,0,0
1768228046795528,52931,14550,44.0,178,0,0
1768228046798360,52931,14550,48.0,30,0,0
1768228046802652,52931,14550,48.0,33,0,0
1768228046806112,52931,14550,39.0,74,0,0
1768228046809643,52931,14550,51.0,1,0,0
1768228046811993,52931,14550,22.0,125,0,0
1768228046814057,52931,14550,27.0,152,0,0
1768228046815591,52931,14550,45.0,62,0,0
1768228046818097,52931,14550,26.0,42,0,0
1768228046821571,52931,14550,32.0,36,0,0
1768228046823012,52931,14550,62.0,65,0,0
1768228046824671,52931,14550,49.0,27,0,0
1768228046826246,52931,14550,44.0,116,0,0
1768228046827502,52931,14550,42.0,129,0,0
1768228046828801,52931,14550,34.0,29,0,0
1768228046829975,52931,14550,34.0,137,0,0
1768228046831526,52931,14550,60.0,24,0,0
1768228046833911,52931,14550,53.0,124,0,0
1768228046835847,52931,14550,31.0,2,0,0
1768228046837105,52931,14550,64.0,164,0,0
1768228046838853,52931,14550,24.0,168,0,0
1768228046840586,52931,14550,42.0,136,0,0
1768228046841908,52931,14550,42.0,193,0,0
1768228046843417,52931,14550,48.0,32,0,0
1768228046844593,52931,14550,40.0,241,0,0
1768228046846137,52931,14550,70.0,87,0,0
1768228046848174,52931,14550,61.0,147,0,0
1768228046849642,52931,14550,64.0,11030,0,0
1768228046911283,58419,5760,,0,1,0
1768228047041082,52931,14550,48.0,163,0,0
1768228047044853,52931,14550,44.0,178,0,0
1768228047046105,52931,14550,48.0,30,0,0
1768228047048455,52931,14550,48.0,33,0,0
1768228047050479,52931,14550,39.0,74,0,0
1768228047055433,52931,14550,51.0,1,0,0
1768228047061332,52931,14550,22.0,125,0,0
1768228047064088,52931,14550,27.0,152,0,0
1768228047065873,52931,14550,45.0,62,0,0
1768228047071484,52931,14550,26.0,42,0,0
1768228047074116,52931,14550,32.0,36,0,0
1768228047075448,52931,14550,62.0,65,0,0
1768228047078694,52931,14550,49.0,27,0,0
1768228047080751,52931,14550,44.0,116,0,0
1768228047082598,52931,14550,42.0,129,0,0
1768228047083823,52931,14550,34.0,29,0,0
1768228047086933,52931,14550,34.0,137,0,0
1768228047088215,52931,14550,60.0,24,0,0
1768228047091407,52931,14550,53.0,124,0,0
1768228047093981,52931,14550,31.0,2,0,0
1768228047095690,52931,14550,64.0,164,0,0
1768228047096934,52931,14550,24.0,168,0,0
1768228047099303,52931,14550,42.0,136,0,0
1768228047100866,52931,14550,42.0,193,0,0
1768228047102972,52931,14550,48.0,32,0,0
1768228047104613,52931,14550,40.0,241,0,0
1768228047106971,52931,14550,70.0,87,0,0
1768228047109857,5760,58419,,0,1,0
1768228047112800,52931,14550,61.0,147,0,0
1768228047114087,52931,14550,64.0,11030,0,0
1768228047120723,52931,14550,29.0,0,0,0
1768228047203246,5760,58419,,264,1,0
1768228047204486,52931,14550,47.0,264,0,0
1768228047290073,52931,14550,48.0,163,0,0
1768228047292170,52931,14550,44.0,178,0,0
1768228047294063,52931,14550,48.0,30,0,0
1768228047295801,52931,14550,48.0,33,0,0
1768228047297619,52931,14550,39.0,74,0,0
1768228047302348,52931,14550,51.0,1,0,0
1768228047308292,52931,14550,22.0,125,0,0
1768228047309912,52931,14550,27.0,152,0,0
1768228047311237,52931,14550,45.0,62,0,0
1768228047313780,52931,14550,26.0,42,0,0
1768228047315881,52931,14550,32.0,36,0,0
1768228047317451,52931,14550,62.0,65,0,0
1768228047319364,52931,14550,49.0,27,0,0
1768228047320592,52931,14550,44.0,116,0,0
1768228047322016,52931,14550,42.0,129,0,0
1768228047323555,52931,14550,34.0,29,0,0
1768228047324958,52931,14550,34.0,137,0,0
1768228047326238,52931,14550,60.0,24,0,0
1768228047328452,52931,14550,53.0,124,0,0
1768228047330120,52931,14550,31.0,2,0,0
1768228047332060,52931,14550,64.0,164,0,0
1768228047333694,52931,14550,24.0,168,0,0
1768228047335678,52931,14550,42.0,136,0,0
1768228047337069,52931,14550,42.0,193,0,0
1768228047338639,52931,14550,48.0,32,0,0
1768228047340031,52931,14550,40.0,241,0,0
1768228047341412,52931,14550,70.0,87,0,0
1768228047343832,52931,14550,61.0,147,0,0
1768228047345160,52931,14550,64.0,11030,0,0
1768228047346764,58419,5760,,66,1,0
1768228047541982,52931,14550,48.0,163,0,0
1768228047544025,52931,14550,44.0,178,0,0
1768228047545743,52931,14550,48.0,30,0,0
1768228047548417,52931,14550,48.0,33,0,0
1768228047552440,52931,14550,39.0,74,0,0
1768228047558542,52931,14550,51.0,1,0,0
1768228047563405,52931,14550,22.0,125,0,0
1768228047566134,52931,14550,27.0,152,0,0
1768228047567494,52931,14550,45.0,62,0,0
1768228047571819,52931,14550,26.0,42,0,0
1768228047574896,52931,14550,32.0,36,0,0
1768228047577915,52931,14550,62.0,65,0,0
1768228047581336,52931,14550,49.0,27,0,0
1768228047583955,52931,14550,44.0,116,0,0
1768228047587183,52931,14550,42.0,129,0,0
1768228047590387,52931,14550,34.0,29,0,0
1768228047592418,52931,14550,34.0,137,0,0
1768228047594078,52931,14550,60.0,24,0,0
1768228047596744,52931,14550,53.0,124,0,0
1768228047598626,52931,14550,31.0,2,0,0
1768228047600831,52931,14550,64.0,164,0,0
1768228047604034,52931,14550,24.0,168,0,0
1768228047606520,52931,14550,42.0,136,0,0
1768228047609151,52931,14550,42.0,193,0,0
1768228047611294,52931,14550,48.0,32,0,0
1768228047613625,52931,14550,40.0,241,0,0
1768228047615048,52931,14550,70.0,87,0,0
1768228047618412,52931,14550,61.0,147,0,0
1768228047620700,52931,14550,64.0,11030,0,0
1768228047711152,5760,58419,,264,1,0
1768228047712268,52931,14550,47.0,264,0,0
1768228047792079,52931,14550,48.0,163,0,0
1768228047793754,52931,14550,44.0,178,0,0
1768228047794445,52931,14550,48.0,30,0,0
1768228047795909,52931,14550,48.0,33,0,0
1768228047796806,52931,14550,39.0,74,0,0
1768228047799733,52931,14550,51.0,1,0,0
1768228047801929,52931,14550,22.0,125,0,0
1768228047803077,52931,14550,27.0,152,0,0
1768228047803911,52931,14550,45.0,62,0,0
1768228047805210,52931,14550,26.0,42,0,0
1768228047806590,52931,14550,32.0,36,0,0
1768228047807271,52931,14550,62.0,65,0,0
1768228047808184,52931,14550,49.0,27,0,0
1768228047808849,52931,14550,44.0,116,0,0
1768228047809530,52931,14550,42.0,129,0,0
1768228047810357,52931,14550,34.0,29,0,0
1768228047811130,52931,14550,34.0,137,0,0
1768228047811795,52931,14550,60.0,24,0,0
1768228047812934,52931,14550,53.0,124,0,0
1768228047813961,52931,14550,31.0,2,0,0
1768228047814798,52931,14550,64.0,164,0,0
1768228047815610,52931,14550,24.0,168,0,0
1768228047816921,52931,14550,42.0,136,0,0
1768228047818338,52931,14550,42.0,193,0,0
1768228047820135,52931,14550,48.0,32,0,0
1768228047822545,52931,14550,40.0,241,0,0
1768228047823533,52931,14550,70.0,87,0,0
1768228047824372,52931,14550,61.0,147,0,0
1768228047825599,52931,14550,64.0,11030,0,0
1768228047915490,58419,5760,,0,1,0
1768228048049386,52931,14550,48.0,163,0,0
1768228048052066,52931,14550,44.0,178,0,0
1768228048053487,52931,14550,48.0,30,0,0
1768228048055928,52931,14550,48.0,33,0,0
1768228048057800,52931,14550,39.0,74,0,0
1768228048064361,52931,14550,51.0,1,0,0
1768228048069273,52931,14550,22.0,125,0,0
1768228048072591,52931,14550,27.0,152,0,0
1768228048075548,52931,14550,45.0,62,0,0
1768228048080181,52931,14550,26.0,42,0,0
1768228048084431,52931,14550,32.0,36,0,0
1768228048086410,52931,14550,62.0,65,0,0
1768228048088067,52931,14550,49.0,27,0,0
1768228048089305,52931,14550,44.0,116,0,0
1768228048091335,52931,14550,42.0,129,0,0
1768228048093134,52931,14550,34.0,29,0,0
1768228048095275,52931,14550,34.0,137,0,0
1768228048098827,52931,14550,60.0,24,0,0
1768228048101256,52931,14550,53.0,124,0,0
1768228048103611,52931,14550,31.0,2,0,0
1768228048105935,52931,14550,64.0,164,0,0
1768228048107695,52931,14550,24.0,168,0,0
1768228048109217,52931,14550,42.0,136,0,0
1768228048111364,52931,14550,42.0,193,0,0
1768228048113646,52931,14550,48.0,32,0,0
1768228048115890,52931,14550,40.0,241,0,0
1768228048118234,52931,14550,70.0,87,0,0
1768228048118933,5760,58419,,0,1,0
1768228048120981,52931,14550,61.0,147,0,0
1768228048122855,52931,14550,64.0,11030,0,0
1768228048127286,52931,14550,29.0,0,0,0
1768228048210388,5760,58419,,264,1,0
1768228048211637,52931,14550,47.0,264,0,0
1768228048300605,52931,14550,48.0,163,0,0
1768228048303268,52931,14550,44.0,178,0,0
1768228048305109,52931,14550,48.0,30,0,0
1768228048307180,52931,14550,48.0,33,0,0
1768228048311544,52931,14550,39.0,74,0,0
1768228048313944,52931,14550,51.0,1,0,0
1768228048317441,52931,14550,22.0,125,0,0
1768228048319282,52931,14550,27.0,152,0,0
1768228048320602,52931,14550,45.0,62,0,0
1768228048322863,52931,14550,26.0,42,0,0
1768228048325545,52931,14550,32.0,36,0,0
1768228048327078,52931,14550,62.0,65,0,0
1768228048328433,52931,14550,49.0,27,0,0
1768228048329634,52931,14550,44.0,116,0,0
1768228048331096,52931,14550,42.0,129,0,0
1768228048332564,52931,14550,34.0,29,0,0
1768228048333763,52931,14550,34.0,137,0,0
1768228048335247,52931,14550,60.0,24,0,0
1768228048337082,52931,14550,53.0,124,0,0
1768228048340044,52931,14550,31.0,2,0,0
1768228048342233,52931,14550,64.0,164,0,0
1768228048343534,52931,14550,24.0,168,0,0
1768228048345014,52931,14550,42.0,136,0,0
1768228048346486,52931,14550,42.0,193,0,0
1768228048348233,52931,14550,48.0,32,0,0
1768228048349881,52931,14550,40.0,241,0,0
1768228048351144,52931,14550,70.0,87,0,0
1768228048353593,52931,14550,61.0,147,0,0
1768228048355807,52931,14550,64.0,11030,0,0
1768228048547810,52931,14550,48.0,163,0,0
1768228048550219,52931,14550,44.0,178,0,0
1768228048552940,52931,14550,48.0,30,0,0
1768228048559287,52931,14550,48.0,33,0,0
1768228048561897,52931,14550,39.0,74,0,0
1768228048566170,52931,14550,51.0,1,0,0
1768228048572174,52931,14550,22.0,125,0,0
1768228048575408,52931,14550,27.0,152,0,0
1768228048580336,52931,14550,45.0,62,0,0
1768228048583605,52931,14550,26.0,42,0,0
1768228048589959,52931,14550,32.0,36,0,0
1768228048592518,52931,14550,62.0,65,0,0
1768228048594644,52931,14550,49.0,27,0,0
1768228048596502,52931,14550,44.0,116,0,0
1768228048598847,52931,14550,42.0,129,0,0
1768228048600759,52931,14550,34.0,29,0,0
1768228048602193,52931,14550,34.0,137,0,0
1768228048604400,52931,14550,60.0,24,0,0
1768228048607627,52931,14550,53.0,124,0,0
1768228048609993,52931,14550,31.0,2,0,0
1768228048611955,52931,14550,64.0,164,0,0
1768228048613707,52931,14550,24.0,168,0,0
1768228048615673,52931,14550,42.0,136,0,0
1768228048617818,52931,14550,42.0,193,0,0
1768228048620908,52931,14550,48.0,32,0,0
1768228048622653,52931,14550,40.0,241,0,0
1768228048624496,52931,14550,70.0,87,0,0
1768228048626093,52931,14550,61.0,147,0,0
1768228048627974,52931,14550,64.0,11030,0,0
1768228048712050,5760,58419,,264,1,0
1768228048712973,52931,14550,47.0,264,0,0
1768228048799706,52931,14550,48.0,163,0,0
1768228048802920,52931,14550,44.0,178,0,0
1768228048804850,52931,14550,48.0,30,0,0
1768228048806058,52931,14550,48.0,33,0,0
1768228048806929,52931,14550,39.0,74,0,0
1768228048808706,52931,14550,51.0,1,0,0
1768228048810127,52931,14550,22.0,125,0,0
1768228048810962,52931,14550,27.0,152,0,0
1768228048811796,52931,14550,45.0,62,0,0
1768228048812851,52931,14550,26.0,42,0,0
1768228048814339,52931,14550,32.0,36,0,0
1768228048814903,52931,14550,62.0,65,0,0
1768228048815799,52931,14550,49.0,27,0,0
1768228048816457,52931,14550,44.0,116,0,0
1768228048817148,52931,14550,42.0,129,0,0
1768228048817745,52931,14550,34.0,29,0,0
1768228048818464,52931,14550,34.0,137,0,0
1768228048819141,52931,14550,60.0,24,0,0
1768228048820120,52931,14550,53.0,124,0,0
1768228048820735,52931,14550,31.0,2,0,0
1768228048821262,52931,14550,64.0,164,0,0
1768228048822113,52931,14550,24.0,168,0,0
1768228048822861,52931,14550,42.0,136,0,0
1768228048823409,52931,14550,42.0,193,0,0
1768228048824620,52931,14550,48.0,32,0,0
1768228048825381,52931,14550,40.0,241,0,0
1768228048826066,52931,14550,70.0,87,0,0
1768228048827021,52931,14550,61.0,147,0,0
1768228048827704,52931,14550,64.0,11030,0,0
1768228048917881,58419,5760,,0,1,0
1768228049051530,52931,14550,48.0,163,0,0
1768228049054954,52931,14550,44.0,178,0,0
1768228049057051,52931,14550,48.0,30,0,0
1768228049059292,52931,14550,48.0,33,0,0
1768228049061255,52931,14550,39.0,74,0,0
1768228049067242,52931,14550,51.0,1,0,0
1768228049073462,52931,14550,22.0,125,0,0
1768228049076036,52931,14550,27.0,152,0,0
1768228049077719,52931,14550,45.0,62,0,0
1768228049082067,52931,14550,26.0,42,0,0
1768228049085003,52931,14550,32.0,36,0,0
1768228049087169,52931,14550,62.0,65,0,0
1768228049089203,52931,14550,49.0,27,0,0
1768228049091069,52931,14550,44.0,116,0,0
1768228049093698,52931,14550,42.0,129,0,0
1768228049095483,52931,14550,34.0,29,0,0
1768228049099007,52931,14550,34.0,137,0,0
1768228049101261,52931,14550,60.0,24,0,0
1768228049104764,52931,14550,53.0,124,0,0
1768228049106222,52931,14550,31.0,2,0,0
1768228049108044,52931,14550,64.0,164,0,0
1768228049110211,52931,14550,24.0,168,0,0
1768228049112277,52931,14550,42.0,136,0,0
1768228049113915,52931,14550,42.0,193,0,0
1768228049116475,52931,14550,48.0,32,0,0
1768228049119466,52931,14550,40.0,241,0,0
1768228049121206,52931,14550,70.0,87,0,0
1768228049123684,52931,14550,61.0,147,0,0
1768228049126560,5760,58419,,0,1,0
1768228049127201,52931,14550,64.0,11030,0,0
1768228049131904,52931,14550,29.0,0,0,0
1768228049219037,5760,58419,,264,1,0
1768228049220233,52931,14550,47.0,264,0,0
1768228049305276,52931,14550,48.0,163,0,0
1768228049307960,52931,14550,44.0,178,0,0
1768228049309756,52931,14550,48.0,30,0,0
1768228049312791,52931,14550,48.0,33,0,0
1768228049314688,52931,14550,39.0,74,0,0
1768228049318011,52931,14550,51.0,1,0,0
1768228049320525,52931,14550,22.0,125,0,0
1768228049322318,52931,14550,27.0,152,0,0
1768228049323634,52931,14550,45.0,62,0,0
1768228049325641,52931,14550,26.0,42,0,0
1768228049327780,52931,14550,32.0,36,0,0
1768228049329506,52931,14550,62.0,65,0,0
1768228049330938,52931,14550,49.0,27,0,0
1768228049332319,52931,14550,44.0,116,0,0
1768228049334087,52931,14550,42.0,129,0,0
1768228049335587,52931,14550,34.0,29,0,0
1768228049337198,52931,14550,34.0,137,0,0
1768228049338625,52931,14550,60.0,24,0,0
1768228049340685,52931,14550,53.0,124,0,0
1768228049343197,52931,14550,31.0,2,0,0
1768228049344796,52931,14550,64.0,164,0,0
1768228049346051,52931,14550,24.0,168,0,0
1768228049348270,52931,14550,42.0,136,0,0
1768228049349833,52931,14550,42.0,193,0,0
1768228049351435,52931,14550,48.0,32,0,0
1768228049352871,52931,14550,40.0,241,0,0
1768228049354252,52931,14550,70.0,87,0,0
1768228049356051,52931,14550,61.0,147,0,0
1768228049357954,52931,14550,64.0,11030,0,0
1768228049555682,52931,14550,48.0,163,0,0
1768228049556641,52931,14550,44.0,178,0,0
1768228049557766,52931,14550,48.0,30,0,0
1768228049559573,52931,14550,48.0,33,0,0
1768228049560935,52931,14550,39.0,74,0,0
1768228049564557,52931,14550,51.0,1,0,0
1768228049567995,52931,14550,22.0,125,0,0
1768228049569511,52931,14550,27.0,152,0,0
1768228049570371,52931,14550,45.0,62,0,0
1768228049572130,52931,14550,26.0,42,0,0
1768228049574346,52931,14550,32.0,36,0,0
1768228049575617,52931,14550,62.0,65,0,0
1768228049576345,52931,14550,49.0,27,0,0
1768228049577383,52931,14550,44.0,116,0,0
1768228049579348,52931,14550,42.0,129,0,0
1768228049580587,52931,14550,34.0,29,0,0
1768228049581791,52931,14550,34.0,137,0,0
1768228049582973,52931,14550,60.0,24,0,0
1768228049586053,52931,14550,53.0,124,0,0
1768228049587970,52931,14550,31.0,2,0,0
1768228049589899,52931,14550,64.0,164,0,0
1768228049591455,52931,14550,24.0,168,0,0
1768228049592578,52931,14550,42.0,136,0,0
1768228049593760,52931,14550,42.0,193,0,0
1768228049594830,52931,14550,48.0,32,0,0
1768228049595808,52931,14550,40.0,241,0,0
1768228049596929,52931,14550,70.0,87,0,0
1768228049598254,52931,14550,61.0,147,0,0
1768228049598999,52931,14550,64.0,11030,0,0
1768228049716666,5760,58419,,264,1,0
1768228049717379,52931,14550,47.0,264,0,0
1768228049805007,52931,14550,48.0,163,0,0
1768228049806406,52931,14550,44.0,178,0,0
1768228049808210,52931,14550,48.0,30,0,0
1768228049809393,52931,14550,48.0,33,0,0
1768228049810443,52931,14550,39.0,74,0,0
1768228049812063,52931,14550,51.0,1,0,0
1768228049813375,52931,14550,22.0,125,0,0
1768228049814474,52931,14550,27.0,152,0,0
1768228049815178,52931,14550,45.0,62,0,0
1768228049816756,52931,14550,26.0,42,0,0
1768228049817990,52931,14550,32.0,36,0,0
1768228049818855,52931,14550,62.0,65,0,0
1768228049819748,52931,14550,49.0,27,0,0
1768228049820503,52931,14550,44.0,116,0,0
1768228049821196,52931,14550,42.0,129,0,0
1768228049822034,52931,14550,34.0,29,0,0
1768228049822807,52931,14550,34.0,137,0,0
1768228049823450,52931,14550,60.0,24,0,0
1768228049824544,52931,14550,53.0,124,0,0
1768228049825568,52931,14550,31.0,2,0,0
1768228049826430,52931,14550,64.0,164,0,0
1768228049827095,52931,14550,24.0,168,0,0
1768228049828007,52931,14550,42.0,136,0,0
1768228049828678,52931,14550,42.0,193,0,0
1768228049829619,52931,14550,48.0,32,0,0
1768228049830277,52931,14550,40.0,241,0,0
1768228049831079,52931,14550,70.0,87,0,0
1768228049831988,52931,14550,61.0,147,0,0
1768228049833053,52931,14550,64.0,11030,0,0
1768228049921329,58419,5760,,0,1,0
1768228050058429,52931,14550,48.0,163,0,0
1768228050061482,52931,14550,44.0,178,0,0
1768228050062304,52931,14550,48.0,30,0,0
1768228050064140,52931,14550,48.0,33,0,0
1768228050065196,52931,14550,39.0,74,0,0
1768228050069180,52931,14550,51.0,1,0,0
1768228050072947,52931,14550,22.0,125,0,0
1768228050074022,52931,14550,27.0,152,0,0
1768228050075041,52931,14550,45.0,62,0,0
1768228050077882,52931,14550,26.0,42,0,0
1768228050079478,52931,14550,32.0,36,0,0
1768228050080167,52931,14550,62.0,65,0,0
1768228050081270,52931,14550,49.0,27,0,0
1768228050082703,52931,14550,44.0,116,0,0
1768228050083402,52931,14550,42.0,129,0,0
1768228050084470,52931,14550,34.0,29,0,0
1768228050085143,52931,14550,34.0,137,0,0
1768228050086170,52931,14550,60.0,24,0,0
1768228050087322,52931,14550,53.0,124,0,0
1768228050088775,52931,14550,31.0,2,0,0
1768228050089624,52931,14550,64.0,164,0,0
1768228050092278,52931,14550,24.0,168,0,0
1768228050093278,52931,14550,42.0,136,0,0
1768228050094183,52931,14550,42.0,193,0,0
1768228050095328,52931,14550,48.0,32,0,0
1768228050096410,52931,14550,40.0,241,0,0
1768228050097146,52931,14550,70.0,87,0,0
1768228050097936,52931,14550,61.0,147,0,0
1768228050099371,52931,14550,64.0,11030,0,0
1768228050125930,5760,58419,,0,1,0
1768228050126890,52931,14550,29.0,0,0,0
1768228050221703,5760,58419,,264,1,0
1768228050222737,52931,14550,47.0,264,0,0
1768228050306749,52931,14550,48.0,163,0,0
1768228050308380,52931,14550,44.0,178,0,0
1768228050310247,52931,14550,48.0,30,0,0
1768228050312417,52931,14550,48.0,33,0,0
1768228050313748,52931,14550,39.0,74,0,0
1768228050319604,52931,14550,51.0,1,0,0
1768228050323382,52931,14550,22.0,125,0,0
1768228050325327,52931,14550,27.0,152,0,0
1768228050326571,52931,14550,45.0,62,0,0
1768228050328720,52931,14550,26.0,42,0,0
1768228050331279,52931,14550,32.0,36,0,0
1768228050332828,52931,14550,62.0,65,0,0
1768228050334374,52931,14550,49.0,27,0,0
1768228050335866,52931,14550,44.0,116,0,0
1768228050337425,52931,14550,42.0,129,0,0
1768228050338845,52931,14550,34.0,29,0,0
1768228050340395,52931,14550,34.0,137,0,0
1768228050341566,52931,14550,60.0,24,0,0
1768228050343423,52931,14550,53.0,124,0,0
1768228050345563,52931,14550,31.0,2,0,0
1768228050347038,52931,14550,64.0,164,0,0
1768228050348464,52931,14550,24.0,168,0,0
1768228050349825,52931,14550,42.0,136,0,0
1768228050351022,52931,14550,42.0,193,0,0
1768228050352752,52931,14550,48.0,32,0,0
1768228050353961,52931,14550,40.0,241,0,0
1768228050355346,52931,14550,70.0,87,0,0
1768228050357233,52931,14550,61.0,147,0,0
1768228050359164,52931,14550,64.0,11030,0,0
1768228050556726,52931,14550,48.0,163,0,0
1768228050558954,52931,14550,44.0,178,0,0
1768228050560222,52931,14550,48.0,30,0,0
1768228050563318,52931,14550,48.0,33,0,0
1768228050565778,52931,14550,39.0,74,0,0
1768228050572580,52931,14550,51.0,1,0,0
1768228050578853,52931,14550,22.0,125,0,0
1768228050582026,52931,14550,27.0,152,0,0
1768228050584683,52931,14550,45.0,62,0,0
1768228050588235,52931,14550,26.0,42,0,0
1768228050592188,52931,14550,32.0,36,0,0
1768228050594184,52931,14550,62.0,65,0,0
1768228050597644,52931,14550,49.0,27,0,0
1768228050600069,52931,14550,44.0,116,0,0
1768228050602507,52931,14550,42.0,129,0,0
1768228050604211,52931,14550,34.0,29,0,0
1768228050606749,52931,14550,34.0,137,0,0
1768228050607995,52931,14550,60.0,24,0,0
1768228050611105,52931,14550,53.0,124,0,0
1768228050613031,52931,14550,31.0,2,0,0
1768228050614749,52931,14550,64.0,164,0,0
1768228050616663,52931,14550,24.0,168,0,0
1768228050618420,52931,14550,42.0,136,0,0
1768228050619727,52931,14550,42.0,193,0,0
1768228050621650,52931,14550,48.0,32,0,0
1768228050622974,52931,14550,40.0,241,0,0
1768228050624139,52931,14550,70.0,87,0,0
1768228050625859,52931,14550,61.0,147,0,0
1768228050627937,52931,14550,64.0,11030,0,0
1768228050725157,5760,58419,,264,1,0
1768228050725576,52931,14550,47.0,264,0,0
1768228050809960,52931,14550,48.0,163,0,0
1768228050810918,52931,14550,44.0,178,0,0
1768228050811990,52931,14550,48.0,30,0,0
1768228050813984,52931,14550,48.0,33,0,0
1768228050815644,52931,14550,39.0,74,0,0
1768228050817361,52931,14550,51.0,1,0,0
1768228050818793,52931,14550,22.0,125,0,0
1768228050819847,52931,14550,27.0,152,0,0
1768228050820676,52931,14550,45.0,62,0,0
1768228050822032,52931,14550,26.0,42,0,0
1768228050823182,52931,14550,32.0,36,0,0
1768228050824113,52931,14550,62.0,65,0,0
1768228050824798,52931,14550,49.0,27,0,0
1768228050825665,52931,14550,44.0,116,0,0
1768228050826515,52931,14550,42.0,129,0,0
1768228050827428,52931,14550,34.0,29,0,0
1768228050828114,52931,14550,34.0,137,0,0
1768228050828979,52931,14550,60.0,24,0,0
1768228050830327,52931,14550,53.0,124,0,0
1768228050831387,52931,14550,31.0,2,0,0
1768228050832200,52931,14550,64.0,164,0,0
1768228050832868,52931,14550,24.0,168,0,0
1768228050833823,52931,14550,42.0,136,0,0
1768228050834560,52931,14550,42.0,193,0,0
1768228050835508,52931,14550,48.0,32,0,0
1768228050836154,52931,14550,40.0,241,0,0
1768228050836840,52931,14550,70.0,87,0,0
1768228050837831,52931,14550,61.0,147,0,0
1768228050838525,52931,14550,64.0,11030,0,0
1768228050928532,58419,5760,,0,1,0
1768228051063628,52931,14550,48.0,163,0,0
1768228051065192,52931,14550,44.0,178,0,0
1768228051066572,52931,14550,48.0,30,0,0
1768228051067768,52931,14550,48.0,33,0,0
1768228051069092,52931,14550,39.0,74,0,0
1768228051071826,52931,14550,51.0,1,0,0
1768228051075578,52931,14550,22.0,125,0,0
1768228051077497,52931,14550,27.0,152,0,0
1768228051078446,52931,14550,45.0,62,0,0
1768228051081742,52931,14550,26.0,42,0,0
1768228051085342,52931,14550,32.0,36,0,0
1768228051086314,52931,14550,62.0,65,0,0
1768228051089570,52931,14550,49.0,27,0,0
1768228051090523,52931,14550,44.0,116,0,0
1768228051092580,52931,14550,42.0,129,0,0
1768228051093774,52931,14550,34.0,29,0,0
1768228051095553,52931,14550,34.0,137,0,0
1768228051097343,52931,14550,60.0,24,0,0
1768228051100436,52931,14550,53.0,124,0,0
1768228051101531,52931,14550,31.0,2,0,0
1768228051102397,52931,14550,64.0,164,0,0
1768228051104024,52931,14550,24.0,168,0,0
1768228051105425,52931,14550,42.0,136,0,0
1768228051106298,52931,14550,42.0,193,0,0
1768228051107840,52931,14550,48.0,32,0,0
1768228051111218,52931,14550,40.0,241,0,0
1768228051112222,52931,14550,70.0,87,0,0
1768228051115229,52931,14550,61.0,147,0,0
1768228051116332,52931,14550,64.0,11030,0,0
1768228051133169,5760,58419,,0,1,0
1768228051133975,52931,14550,29.0,0,0,0
1768228051227707,5760,58419,,264,1,0
1768228051228609,52931,14550,47.0,264,0,0
1768228051314584,52931,14550,48.0,163,0,0
1768228051316114,52931,14550,44.0,178,0,0
1768228051318712,52931,14550,48.0,30,0,0
1768228051321850,52931,14550,48.0,33,0,0
1768228051323583,52931,14550,39.0,74,0,0
1768228051327702,52931,14550,51.0,1,0,0
1768228051330802,52931,14550,22.0,125,0,0
1768228051332635,52931,14550,27.0,152,0,0
1768228051334020,52931,14550,45.0,62,0,0
1768228051336005,52931,14550,26.0,42,0,0
1768228051338367,52931,14550,32.0,36,0,0
1768228051340056,52931,14550,62.0,65,0,0
1768228051341802,52931,14550,49.0,27,0,0
1768228051343576,52931,14550,44.0,116,0,0
1768228051344822,52931,14550,42.0,129,0,0
1768228051346246,52931,14550,34.0,29,0,0
1768228051347591,52931,14550,34.0,137,0,0
1768228051349042,52931,14550,60.0,24,0,0
1768228051350661,52931,14550,53.0,124,0,0
1768228051352547,52931,14550,31.0,2,0,0
1768228051353909,52931,14550,64.0,164,0,0
1768228051355249,52931,14550,24.0,168,0,0
1768228051357262,52931,14550,42.0,136,0,0
1768228051359633,52931,14550,42.0,193,0,0
1768228051361991,52931,14550,48.0,32,0,0
1768228051363742,52931,14550,40.0,241,0,0
1768228051365309,52931,14550,70.0,87,0,0
1768228051367333,52931,14550,61.0,147,0,0
1768228051368849,52931,14550,64.0,11030,0,0
1768228051565963,52931,14550,48.0,163,0,0
1768228051568145,52931,14550,44.0,178,0,0
1768228051569797,52931,14550,48.0,30,0,0
1768228051573997,52931,14550,48.0,33,0,0
1768228051576229,52931,14550,39.0,74,0,0
1768228051582083,52931,14550,51.0,1,0,0
1768228051588033,52931,14550,22.0,125,0,0
1768228051590403,52931,14550,27.0,152,0,0
1768228051592647,52931,14550,45.0,62,0,0
1768228051597832,52931,14550,26.0,42,0,0
1768228051600076,52931,14550,32.0,36,0,0
1768228051602475,52931,14550,62.0,65,0,0
1768228051604867,52931,14550,49.0,27,0,0
1768228051611212,52931,14550,44.0,116,0,0
1768228051612810,52931,14550,42.0,129,0,0
1768228051614741,52931,14550,34.0,29,0,0
1768228051617079,52931,14550,34.0,137,0,0
1768228051618983,52931,14550,60.0,24,0,0
1768228051623118,52931,14550,53.0,124,0,0
1768228051625476,52931,14550,31.0,2,0,0
1768228051627196,52931,14550,64.0,164,0,0
1768228051628697,52931,14550,24.0,168,0,0
1768228051630198,52931,14550,42.0,136,0,0
1768228051632052,52931,14550,42.0,193,0,0
1768228051633837,52931,14550,48.0,32,0,0
1768228051635460,52931,14550,40.0,241,0,0
1768228051636821,52931,14550,70.0,87,0,0
1768228051638590,52931,14550,61.0,147,0,0
1768228051640311,52931,14550,64.0,11030,0,0
1768228051725469,5760,58419,,264,1,0
1768228051726063,52931,14550,47.0,264,0,0
1768228051816142,52931,14550,48.0,163,0,0
1768228051817828,52931,14550,44.0,178,0,0
1768228051818539,52931,14550,48.0,30,0,0
1768228051820214,52931,14550,48.0,33,0,0
1768228051821714,52931,14550,39.0,74,0,0
1768228051823592,52931,14550,51.0,1,0,0
1768228051824867,52931,14550,22.0,125,0,0
1768228051825931,52931,14550,27.0,152,0,0
1768228051826616,52931,14550,45.0,62,0,0
1768228051827819,52931,14550,26.0,42,0,0
1768228051829408,52931,14550,32.0,36,0,0
1768228051830130,52931,14550,62.0,65,0,0
1768228051830982,52931,14550,49.0,27,0,0
1768228051831701,52931,14550,44.0,116,0,0
1768228051832386,52931,14550,42.0,129,0,0
1768228051833041,52931,14550,34.0,29,0,0
1768228051833880,52931,14550,34.0,137,0,0
1768228051834558,52931,14550,60.0,24,0,0
1768228051835755,52931,14550,53.0,124,0,0
1768228051836692,52931,14550,31.0,2,0,0
1768228051837498,52931,14550,64.0,164,0,0
1768228051838182,52931,14550,24.0,168,0,0
1768228051839092,52931,14550,42.0,136,0,0
1768228051839813,52931,14550,42.0,193,0,0
1768228051840729,52931,14550,48.0,32,0,0
1768228051841383,52931,14550,40.0,241,0,0
1768228051842225,52931,14550,70.0,87,0,0
1768228051842997,52931,14550,61.0,147,0,0
1768228051844429,52931,14550,64.0,11030,0,0
1768228051935718,58419,5760,,0,1,0
1768228052065037,52931,14550,48.0,163,0,0
1768228052068862,52931,14550,44.0,178,0,0
1768228052071596,52931,14550,48.0,30,0,0
1768228052074338,52931,14550,48.0,33,0,0
1768228052076350,52931,14550,39.0,74,0,0
1768228052082140,52931,14550,51.0,1,0,0
1768228052089427,52931,14550,22.0,125,0,0
1768228052091635,52931,14550,27.0,152,0,0
1768228052093988,52931,14550,45.0,62,0,0
1768228052097331,52931,14550,26.0,42,0,0
1768228052100071,52931,14550,32.0,36,0,0
1768228052102519,52931,14550,62.0,65,0,0
1768228052105518,52931,14550,49.0,27,0,0
1768228052107183,52931,14550,44.0,116,0,0
1768228052108969,52931,14550,42.0,129,0,0
1768228052110708,52931,14550,34.0,29,0,0
1768228052112611,52931,14550,34.0,137,0,0
1768228052114102,52931,14550,60.0,24,0,0
1768228052118078,52931,14550,53.0,124,0,0
1768228052119943,52931,14550,31.0,2,0,0
1768228052122680,52931,14550,64.0,164,0,0
1768228052125187,52931,14550,24.0,168,0,0
1768228052126834,52931,14550,42.0,136,0,0
1768228052128089,52931,14550,42.0,193,0,0
1768228052129879,52931,14550,48.0,32,0,0
1768228052131540,52931,14550,40.0,241,0,0
1768228052133170,52931,14550,70.0,87,0,0
1768228052135557,52931,14550,61.0,147,0,0
1768228052137373,52931,14550,64.0,11030,0,0
1768228052138553,5760,58419,,0,1,0
1768228052141295,52931,14550,29.0,0,0,0
1768228052230237,5760,58419,,264,1,0
1768228052231517,52931,14550,47.0,264,0,0
1768228052316558,52931,14550,48.0,163,0,0
1768228052318161,52931,14550,44.0,178,0,0
1768228052319998,52931,14550,48.0,30,0,0
1768228052322777,52931,14550,48.0,33,0,0
1768228052325004,52931,14550,39.0,74,0,0
1768228052329243,52931,14550,51.0,1,0,0
1768228052334073,52931,14550,22.0,125,0,0
1768228052336264,52931,14550,27.0,152,0,0
1768228052337522,52931,14550,45.0,62,0,0
1768228052341522,52931,14550,26.0,42,0,0
1768228052344338,52931,14550,32.0,36,0,0
1768228052345823,52931,14550,62.0,65,0,0
1768228052347231,52931,14550,49.0,27,0,0
1768228052348454,52931,14550,44.0,116,0,0
1768228052349948,52931,14550,42.0,129,0,0
1768228052351409,52931,14550,34.0,29,0,0
1768228052352852,52931,14550,34.0,137,0,0
1768228052354064,52931,14550,60.0,24,0,0
1768228052355839,52931,14550,53.0,124,0,0
1768228052357795,52931,14550,31.0,2,0,0
1768228052358962,52931,14550,64.0,164,0,0
1768228052360325,52931,14550,24.0,168,0,0
1768228052362933,52931,14550,42.0,136,0,0
1768228052365070,52931,14550,42.0,193,0,0
1768228052366480,52931,14550,48.0,32,0,0
1768228052368046,52931,14550,40.0,241,0,0
1768228052369489,52931,14550,70.0,87,0,0
1768228052371208,52931,14550,61.0,147,0,0
1768228052373246,52931,14550,64.0,11030,0,0
1768228052566647,52931,14550,48.0,163,0,0
1768228052569207,52931,14550,44.0,178,0,0
1768228052571077,52931,14550,48.0,30,0,0
1768228052573587,52931,14550,48.0,33,0,0
1768228052574937,52931,14550,39.0,74,0,0
1768228052580332,52931,14550,51.0,1,0,0
1768228052585967,52931,14550,22.0,125,0,0
1768228052589519,52931,14550,27.0,152,0,0
1768228052591229,52931,14550,45.0,62,0,0
1768228052596032,52931,14550,26.0,42,0,0
1768228052603435,52931,14550,32.0,36,0,0
1768228052605421,52931,14550,62.0,65,0,0
1768228052606896,52931,14550,49.0,27,0,0
1768228052608738,52931,14550,44.0,116,0,0
1768228052611070,52931,14550,42.0,129,0,0
1768228052614809,52931,14550,34.0,29,0,0
1768228052616574,52931,14550,34.0,137,0,0
1768228052619613,52931,14550,60.0,24,0,0
1768228052623326,52931,14550,53.0,124,0,0
1768228052626492,52931,14550,31.0,2,0,0
1768228052628951,52931,14550,64.0,164,0,0
1768228052632608,52931,14550,24.0,168,0,0
1768228052634145,52931,14550,42.0,136,0,0
1768228052635552,52931,14550,42.0,193,0,0
1768228052637119,52931,14550,48.0,32,0,0
1768228052638468,52931,14550,40.0,241,0,0
1768228052639983,52931,14550,70.0,87,0,0
1768228052641956,52931,14550,61.0,147,0,0
1768228052643330,52931,14550,64.0,11030,0,0
1768228052731869,5760,58419,,264,1,0
1768228052732468,52931,14550,47.0,264,0,0
1768228052819833,52931,14550,48.0,163,0,0
1768228052820798,52931,14550,44.0,178,0,0
1768228052821887,52931,14550,48.0,30,0,0
1768228052823798,52931,14550,48.0,33,0,0
1768228052825220,52931,14550,39.0,74,0,0
1768228052826912,52931,14550,51.0,1,0,0
1768228052828421,52931,14550,22.0,125,0,0
1768228052829506,52931,14550,27.0,152,0,0
1768228052830276,52931,14550,45.0,62,0,0
1768228052831800,52931,14550,26.0,42,0,0
1768228052833005,52931,14550,32.0,36,0,0
1768228052833926,52931,14550,62.0,65,0,0
1768228052834730,52931,14550,49.0,27,0,0
1768228052835489,52931,14550,44.0,116,0,0
1768228052836362,52931,14550,42.0,129,0,0
1768228052837077,52931,14550,34.0,29,0,0
1768228052837903,52931,14550,34.0,137,0,0
1768228052838585,52931,14550,60.0,24,0,0
1768228052840071,52931,14550,53.0,124,0,0
1768228052840918,52931,14550,31.0,2,0,0
1768228052841734,52931,14550,64.0,164,0,0
1768228052842460,52931,14550,24.0,168,0,0
1768228052843397,52931,14550,42.0,136,0,0
1768228052844197,52931,14550,42.0,193,0,0
1768228052845052,52931,14550,48.0,32,0,0
1768228052845897,52931,14550,40.0,241,0,0
1768228052846647,52931,14550,70.0,87,0,0
1768228052847812,52931,14550,61.0,147,0,0
1768228052848582,52931,14550,64.0,11030,0,0
1768228052939807,58419,5760,,0,1,0
1768228053073870,52931,14550,48.0,163,0,0
1768228053076316,52931,14550,44.0,178,0,0
1768228053077527,52931,14550,48.0,30,0,0
1768228053081817,52931,14550,48.0,33,0,0
1768228053083207,52931,14550,39.0,74,0,0
1768228053089509,52931,14550,51.0,1,0,0
1768228053096241,52931,14550,22.0,125,0,0
1768228053099051,52931,14550,27.0,152,0,0
1768228053100731,52931,14550,45.0,62,0,0
1768228053106290,52931,14550,26.0,42,0,0
1768228053111995,52931,14550,32.0,36,0,0
1768228053114894,52931,14550,62.0,65,0,0
1768228053116292,52931,14550,49.0,27,0,0
1768228053117787,52931,14550,44.0,116,0,0
1768228053119234,52931,14550,42.0,129,0,0
1768228053120903,52931,14550,34.0,29,0,0
1768228053122567,52931,14550,34.0,137,0,0
1768228053124023,52931,14550,60.0,24,0,0
1768228053126034,52931,14550,53.0,124,0,0
1768228053127577,52931,14550,31.0,2,0,0
1768228053129458,52931,14550,64.0,164,0,0
1768228053130670,52931,14550,24.0,168,0,0
1768228053132024,52931,14550,42.0,136,0,0
1768228053133488,52931,14550,42.0,193,0,0
1768228053135197,52931,14550,48.0,32,0,0
1768228053136570,52931,14550,40.0,241,0,0
1768228053137816,52931,14550,70.0,87,0,0
1768228053139544,52931,14550,61.0,147,0,0
1768228053140827,52931,14550,64.0,11030,0,0
1768228053141385,5760,58419,,0,1,0
1768228053143739,52931,14550,29.0,0,0,0
1768228053165029,5760,58419,,111,1,0
1768228053166225,52931,14550,33.0,111,0,0
1768228053236772,5760,58419,,264,1,0
1768228053238283,52931,14550,47.0,264,0,0
1768228053321546,52931,14550,48.0,163,0,0
1768228053324023,52931,14550,44.0,178,0,0
1768228053325863,52931,14550,48.0,30,0,0
1768228053327945,52931,14550,48.0,33,0,0
1768228053330449,52931,14550,39.0,74,0,0
1768228053335131,52931,14550,51.0,1,0,0
1768228053337729,52931,14550,22.0,125,0,0
1768228053339463,52931,14550,27.0,152,0,0
1768228053340649,52931,14550,45.0,62,0,0
1768228053343349,52931,14550,26.0,42,0,0
1768228053345752,52931,14550,32.0,36,0,0
1768228053347154,52931,14550,62.0,65,0,0
1768228053348923,52931,14550,49.0,27,0,0
1768228053350195,52931,14550,44.0,116,0,0
1768228053351751,52931,14550,42.0,129,0,0
1768228053353108,52931,14550,34.0,29,0,0
1768228053354596,52931,14550,34.0,137,0,0
1768228053356084,52931,14550,60.0,24,0,0
1768228053357713,52931,14550,53.0,124,0,0
1768228053359867,52931,14550,31.0,2,0,0
1768228053362176,52931,14550,64.0,164,0,0
1768228053363840,52931,14550,24.0,168,0,0
1768228053366199,52931,14550,42.0,136,0,0
1768228053367935,52931,14550,42.0,193,0,0
1768228053369620,52931,14550,48.0,32,0,0
1768228053370784,52931,14550,40.0,241,0,0
1768228053372385,52931,14550,70.0,87,0,0
1768228053374313,52931,14550,61.0,147,0,0
1768228053376669,52931,14550,64.0,11030,0,0
1768228053574870,52931,14550,48.0,163,0,0
1768228053576620,52931,14550,44.0,178,0,0
1768228053578392,52931,14550,48.0,30,0,0
1768228053580984,52931,14550,48.0,33,0,0
1768228053584557,52931,14550,39.0,74,0,0
1768228053588956,52931,14550,51.0,1,0,0
1768228053593808,52931,14550,22.0,125,0,0
1768228053597421,52931,14550,27.0,152,0,0
1768228053599865,52931,14550,45.0,62,0,0
1768228053602636,52931,14550,26.0,42,0,0
1768228053605250,52931,14550,32.0,36,0,0
1768228053607152,52931,14550,62.0,65,0,0
1768228053609382,52931,14550,49.0,27,0,0
1768228053611080,52931,14550,44.0,116,0,0
1768228053613130,52931,14550,42.0,129,0,0
1768228053614360,52931,14550,34.0,29,0,0
1768228053615528,52931,14550,34.0,137,0,0
1768228053618199,52931,14550,60.0,24,0,0
1768228053621053,52931,14550,53.0,124,0,0
1768228053624122,52931,14550,31.0,2,0,0
1768228053626951,52931,14550,64.0,164,0,0
1768228053629900,52931,14550,24.0,168,0,0
1768228053631858,52931,14550,42.0,136,0,0
1768228053634080,52931,14550,42.0,193,0,0
1768228053638367,52931,14550,48.0,32,0,0
1768228053641338,52931,14550,40.0,241,0,0
1768228053643483,52931,14550,70.0,87,0,0
1768228053646629,52931,14550,61.0,147,0,0
1768228053648683,52931,14550,64.0,11030,0,0
1768228053737546,5760,58419,,264,1,0
1768228053738540,52931,14550,47.0,264,0,0
1768228053824290,52931,14550,48.0,163,0,0
1768228053826234,52931,14550,44.0,178,0,0
1768228053826990,52931,14550,48.0,30,0,0
1768228053828346,52931,14550,48.0,33,0,0
1768228053829834,52931,14550,39.0,74,0,0
1768228053831513,52931,14550,51.0,1,0,0
1768228053833158,52931,14550,22.0,125,0,0
1768228053834508,52931,14550,27.0,152,0,0
1768228053835169,52931,14550,45.0,62,0,0
1768228053836616,52931,14550,26.0,42,0,0
1768228053838305,52931,14550,32.0,36,0,0
1768228053839588,52931,14550,62.0,65,0,0
1768228053840486,52931,14550,49.0,27,0,0
1768228053841550,52931,14550,44.0,116,0,0
1768228053842619,52931,14550,42.0,129,0,0
1768228053843333,52931,14550,34.0,29,0,0
1768228053844203,52931,14550,34.0,137,0,0
1768228053845072,52931,14550,60.0,24,0,0
1768228053846171,52931,14550,53.0,124,0,0
1768228053846950,52931,14550,31.0,2,0,0
1768228053847884,52931,14550,64.0,164,0,0
1768228053848725,52931,14550,24.0,168,0,0
1768228053849756,52931,14550,42.0,136,0,0
1768228053850750,52931,14550,42.0,193,0,0
1768228053851765,52931,14550,48.0,32,0,0
1768228053852844,52931,14550,40.0,241,0,0
1768228053853927,52931,14550,70.0,87,0,0
1768228053855417,52931,14550,61.0,147,0,0
1768228053856625,52931,14550,64.0,11030,0,0
1768228053950322,58419,5760,,0,1,0
1768228054074884,52931,14550,48.0,163,0,0
1768228054077425,52931,14550,44.0,178,0,0
1768228054081065,52931,14550,48.0,30,0,0
1768228054084072,52931,14550,48.0,33,0,0
1768228054085863,52931,14550,39.0,74,0,0
1768228054089309,52931,14550,51.0,1,0,0
1768228054096561,52931,14550,22.0,125,0,0
1768228054099624,52931,14550,27.0,152,0,0
1768228054102279,52931,14550,45.0,62,0,0
1768228054105553,52931,14550,26.0,42,0,0
1768228054109350,52931,14550,32.0,36,0,0
1768228054111346,52931,14550,62.0,65,0,0
1768228054112669,52931,14550,49.0,27,0,0
1768228054114781,52931,14550,44.0,116,0,0
1768228054116277,52931,14550,42.0,129,0,0
1768228054117906,52931,14550,34.0,29,0,0
1768228054120089,52931,14550,34.0,137,0,0
1768228054122628,52931,14550,60.0,24,0,0
1768228054126742,52931,14550,53.0,124,0,0
1768228054128366,52931,14550,31.0,2,0,0
1768228054130414,52931,14550,64.0,164,0,0
1768228054132092,52931,14550,24.0,168,0,0
1768228054133836,52931,14550,42.0,136,0,0
1768228054135511,52931,14550,42.0,193,0,0
1768228054136988,52931,14550,48.0,32,0,0
1768228054138233,52931,14550,40.0,241,0,0
1768228054140549,52931,14550,70.0,87,0,0
1768228054143558,52931,14550,61.0,147,0,0
1768228054145364,52931,14550,64.0,11030,0,0
1768228054149993,5760,58419,,0,1,0
1768228054151570,52931,14550,29.0,0,0,0
1768228054242303,5760,58419,,264,1,0
1768228054243337,52931,14550,47.0,264,0,0
1768228054326921,52931,14550,48.0,163,0,0
1768228054329868,52931,14550,44.0,178,0,0
1768228054331172,52931,14550,48.0,30,0,0
1768228054333483,52931,14550,48.0,33,0,0
1768228054335006,52931,14550,39.0,74,0,0
1768228054337960,52931,14550,51.0,1,0,0
1768228054340149,52931,14550,22.0,125,0,0
1768228054341950,52931,14550,27.0,152,0,0
1768228054343333,52931,14550,45.0,62,0,0
1768228054345613,52931,14550,26.0,42,0,0
1768228054348143,52931,14550,32.0,36,0,0
1768228054349868,52931,14550,62.0,65,0,0
1768228054351224,52931,14550,49.0,27,0,0
1768228054352656,52931,14550,44.0,116,0,0
1768228054354298,52931,14550,42.0,129,0,0
1768228054355639,52931,14550,34.0,29,0,0
1768228054356829,52931,14550,34.0,137,0,0
1768228054358638,52931,14550,60.0,24,0,0
1768228054360567,52931,14550,53.0,124,0,0
1768228054362045,52931,14550,31.0,2,0,0
1768228054364348,52931,14550,64.0,164,0,0
1768228054365980,52931,14550,24.0,168,0,0
1768228054367437,52931,14550,42.0,136,0,0
1768228054368912,52931,14550,42.0,193,0,0
1768228054370507,52931,14550,48.0,32,0,0
1768228054371824,52931,14550,40.0,241,0,0
1768228054373371,52931,14550,70.0,87,0,0
1768228054374889,52931,14550,61.0,147,0,0
1768228054376668,52931,14550,64.0,11030,0,0
1768228054578954,52931,14550,48.0,163,0,0
1768228054582092,52931,14550,44.0,178,0,0
1768228054584092,52931,14550,48.0,30,0,0
1768228054587267,52931,14550,48.0,33,0,0
1768228054589100,52931,14550,39.0,74,0,0
1768228054593833,52931,14550,51.0,1,0,0
1768228054598200,52931,14550,22.0,125,0,0
1768228054603528,52931,14550,27.0,152,0,0
1768228054605035,52931,14550,45.0,62,0,0
1768228054607870,52931,14550,26.0,42,0,0
1768228054613609,52931,14550,32.0,36,0,0
1768228054615053,52931,14550,62.0,65,0,0
1768228054616337,52931,14550,49.0,27,0,0
1768228054618206,52931,14550,44.0,116,0,0
1768228054620345,52931,14550,42.0,129,0,0
1768228054622233,52931,14550,34.0,29,0,0
1768228054623862,52931,14550,34.0,137,0,0
1768228054625082,52931,14550,60.0,24,0,0
1768228054628907,52931,14550,53.0,124,0,0
1768228054631814,52931,14550,31.0,2,0,0
1768228054634900,52931,14550,64.0,164,0,0
1768228054638586,52931,14550,24.0,168,0,0
1768228054642007,52931,14550,42.0,136,0,0
1768228054643279,52931,14550,42.0,193,0,0
1768228054645381,52931,14550,48.0,32,0,0
1768228054646581,52931,14550,40.0,241,0,0
1768228054648502,52931,14550,70.0,87,0,0
1768228054650264,52931,14550,61.0,147,0,0
1768228054651971,52931,14550,64.0,11030,0,0
1768228054746745,5760,58419,,264,1,0
1768228054748255,52931,14550,47.0,264,0,0
1768228054833006,52931,14550,48.0,163,0,0
1768228054835149,52931,14550,44.0,178,0,0
1768228054837473,52931,14550,48.0,30,0,0
1768228054840225,52931,14550,48.0,33,0,0
1768228054843241,52931,14550,39.0,74,0,0
1768228054846576,52931,14550,51.0,1,0,0
1768228054849482,52931,14550,22.0,125,0,0
1768228054851779,52931,14550,27.0,152,0,0
1768228054852979,52931,14550,45.0,62,0,0
1768228054855266,52931,14550,26.0,42,0,0
1768228054857932,52931,14550,32.0,36,0,0
1768228054859309,52931,14550,62.0,65,0,0
1768228054861135,52931,14550,49.0,27,0,0
1768228054862624,52931,14550,44.0,116,0,0
1768228054863816,52931,14550,42.0,129,0,0
1768228054865331,52931,14550,34.0,29,0,0
1768228054867166,52931,14550,34.0,137,0,0
1768228054868482,52931,14550,60.0,24,0,0
1768228054870409,52931,14550,53.0,124,0,0
1768228054872930,52931,14550,31.0,2,0,0
1768228054874360,52931,14550,64.0,164,0,0
1768228054875909,52931,14550,24.0,168,0,0
1768228054877429,52931,14550,42.0,136,0,0
1768228054878868,52931,14550,42.0,193,0,0
1768228054880518,52931,14550,48.0,32,0,0
1768228054882079,52931,14550,40.0,241,0,0
1768228054883543,52931,14550,70.0,87,0,0
1768228054885354,52931,14550,61.0,147,0,0
1768228054886863,52931,14550,64.0,11030,0,0
1768228054956600,58419,5760,,0,1,0
1768228055084038,52931,14550,48.0,163,0,0
1768228055086073,52931,14550,44.0,178,0,0
1768228055087822,52931,14550,48.0,30,0,0
1768228055090061,52931,14550,48.0,33,0,0
1768228055092410,52931,14550,39.0,74,0,0
1768228055096591,52931,14550,51.0,1,0,0
1768228055101158,52931,14550,22.0,125,0,0
1768228055103923,52931,14550,27.0,152,0,0
1768228055105930,52931,14550,45.0,62,0,0
1768228055109015,52931,14550,26.0,42,0,0
1768228055112653,52931,14550,32.0,36,0,0
1768228055114018,52931,14550,62.0,65,0,0
1768228055117159,52931,14550,49.0,27,0,0
1768228055118413,52931,14550,44.0,116,0,0
1768228055120442,52931,14550,42.0,129,0,0
1768228055121690,52931,14550,34.0,29,0,0
1768228055123591,52931,14550,34.0,137,0,0
1768228055125692,52931,14550,60.0,24,0,0
1768228055127769,52931,14550,53.0,124,0,0
1768228055129568,52931,14550,31.0,2,0,0
1768228055134400,52931,14550,64.0,164,0,0
1768228055135731,52931,14550,24.0,168,0,0
1768228055138644,52931,14550,42.0,136,0,0
1768228055140495,52931,14550,42.0,193,0,0
1768228055143294,52931,14550,48.0,32,0,0
1768228055144997,52931,14550,40.0,241,0,0
1768228055146615,52931,14550,70.0,87,0,0
1768228055148774,52931,14550,61.0,147,0,0
1768228055152139,52931,14550,64.0,11030,0,0
1768228055153265,5760,58419,,0,1,0
1768228055157551,52931,14550,21.0,46,0,0
1768228055159558,52931,14550,40.0,253,0,0
1768228055161649,52931,14550,35.0,253,0,0
1768228055163075,52931,14550,29.0,0,0,0
1768228055245680,5760,58419,,264,1,0
1768228055246951,52931,14550,47.0,264,0,0
1768228055336925,52931,14550,48.0,163,0,0
1768228055339527,52931,14550,44.0,178,0,0
1768228055340798,52931,14550,48.0,30,0,0
1768228055343501,52931,14550,48.0,33,0,0
1768228055345147,52931,14550,39.0,74,0,0
1768228055349633,52931,14550,51.0,1,0,0
1768228055352002,52931,14550,22.0,125,0,0
1768228055353744,52931,14550,27.0,152,0,0
1768228055355304,52931,14550,45.0,62,0,0
1768228055357487,52931,14550,26.0,42,0,0
1768228055360675,52931,14550,32.0,36,0,0
1768228055362236,52931,14550,62.0,65,0,0
1768228055363628,52931,14550,49.0,27,0,0
1768228055364858,52931,14550,44.0,116,0,0
1768228055366434,52931,14550,42.0,129,0,0
1768228055367686,52931,14550,34.0,29,0,0
1768228055369199,52931,14550,34.0,137,0,0
1768228055370548,52931,14550,60.0,24,0,0
1768228055372400,52931,14550,53.0,124,0,0
1768228055374486,52931,14550,31.0,2,0,0
1768228055376888,52931,14550,64.0,164,0,0
1768228055378565,52931,14550,24.0,168,0,0
1768228055380201,52931,14550,42.0,136,0,0
1768228055381427,52931,14550,42.0,193,0,0
1768228055383081,52931,14550,48.0,32,0,0
1768228055384300,52931,14550,40.0,241,0,0
1768228055385961,52931,14550,70.0,87,0,0
1768228055387700,52931,14550,61.0,147,0,0
1768228055389390,52931,14550,64.0,11030,0,0
1768228055583232,52931,14550,48.0,163,0,0
1768228055585382,52931,14550,44.0,178,0,0
1768228055586863,52931,14550,48.0,30,0,0
1768228055589039,52931,14550,48.0,33,0,0
1768228055590401,52931,14550,39.0,74,0,0
1768228055595560,52931,14550,51.0,1,0,0
1768228055600894,52931,14550,22.0,125,0,0
1768228055603021,52931,14550,27.0,152,0,0
1768228055605233,52931,14550,45.0,62,0,0
1768228055609075,52931,14550,26.0,42,0,0
1768228055611661,52931,14550,32.0,36,0,0
1768228055613205,52931,14550,62.0,65,0,0
1768228055615016,52931,14550,49.0,27,0,0
1768228055617843,52931,14550,44.0,116,0,0
1768228055619572,52931,14550,42.0,129,0,0
1768228055621355,52931,14550,34.0,29,0,0
1768228055623414,52931,14550,34.0,137,0,0
1768228055626712,52931,14550,60.0,24,0,0
1768228055632965,52931,14550,53.0,124,0,0
1768228055636860,52931,14550,31.0,2,0,0
1768228055639603,52931,14550,64.0,164,0,0
1768228055641429,52931,14550,24.0,168,0,0
1768228055645173,52931,14550,42.0,136,0,0
1768228055649549,52931,14550,42.0,193,0,0
1768228055651989,52931,14550,48.0,32,0,0
1768228055653309,52931,14550,40.0,241,0,0
1768228055654545,52931,14550,70.0,87,0,0
1768228055656940,52931,14550,61.0,147,0,0
1768228055661135,52931,14550,64.0,11030,0,0
1768228055751117,5760,58419,,264,1,0
1768228055752533,52931,14550,47.0,264,0,0
1768228055838216,52931,14550,48.0,163,0,0
1768228055840191,52931,14550,44.0,178,0,0
1768228055842389,52931,14550,48.0,30,0,0
1768228055846241,52931,14550,48.0,33,0,0
1768228055848042,52931,14550,39.0,74,0,0
1768228055851036,52931,14550,51.0,1,0,0
1768228055853600,52931,14550,22.0,125,0,0
1768228055855380,52931,14550,27.0,152,0,0
1768228055856630,52931,14550,45.0,62,0,0
1768228055859817,52931,14550,26.0,42,0,0
1768228055862748,52931,14550,32.0,36,0,0
1768228055865976,52931,14550,62.0,65,0,0
1768228055867635,52931,14550,49.0,27,0,0
1768228055869102,52931,14550,44.0,116,0,0
1768228055871252,52931,14550,42.0,129,0,0
1768228055873037,52931,14550,34.0,29,0,0
1768228055874517,52931,14550,34.0,137,0,0
1768228055875819,52931,14550,60.0,24,0,0
1768228055877620,52931,14550,53.0,124,0,0
1768228055879849,52931,14550,31.0,2,0,0
1768228055881422,52931,14550,64.0,164,0,0
1768228055882910,52931,14550,24.0,168,0,0
1768228055884692,52931,14550,42.0,136,0,0
1768228055885999,52931,14550,42.0,193,0,0
1768228055887744,52931,14550,48.0,32,0,0
1768228055889147,52931,14550,40.0,241,0,0
1768228055890407,52931,14550,70.0,87,0,0
1768228055892146,52931,14550,61.0,147,0,0
1768228055893934,52931,14550,64.0,11030,0,0
1768228055963587,58419,5760,,0,1,0
1768228056088352,52931,14550,48.0,163,0,0
1768228056090365,52931,14550,44.0,178,0,0
1768228056092586,52931,14550,48.0,30,0,0
1768228056096487,52931,14550,48.0,33,0,0
1768228056098963,52931,14550,39.0,74,0,0
1768228056104564,52931,14550,51.0,1,0,0
1768228056110206,52931,14550,22.0,125,0,0
1768228056112759,52931,14550,27.0,152,0,0
1768228056114047,52931,14550,45.0,62,0,0
1768228056118048,52931,14550,26.0,42,0,0
1768228056122232,52931,14550,32.0,36,0,0
1768228056124086,52931,14550,62.0,65,0,0
1768228056126313,52931,14550,49.0,27,0,0
1768228056128377,52931,14550,44.0,116,0,0
1768228056130078,52931,14550,42.0,129,0,0
1768228056131914,52931,14550,34.0,29,0,0
1768228056134047,52931,14550,34.0,137,0,0
1768228056135278,52931,14550,60.0,24,0,0
1768228056138425,52931,14550,53.0,124,0,0
1768228056140691,52931,14550,31.0,2,0,0
1768228056143077,52931,14550,64.0,164,0,0
1768228056144296,52931,14550,24.0,168,0,0
1768228056146629,52931,14550,42.0,136,0,0
1768228056148235,52931,14550,42.0,193,0,0
1768228056149720,52931,14550,48.0,32,0,0
1768228056152011,52931,14550,40.0,241,0,0
1768228056154081,52931,14550,70.0,87,0,0
1768228056155687,52931,14550,61.0,147,0,0
1768228056158501,52931,14550,64.0,11030,0,0
1768228056159521,5760,58419,,0,1,0
1768228056161828,52931,14550,29.0,0,0,0
1768228056255032,5760,58419,,264,1,0
1768228056256269,52931,14550,47.0,264,0,0
1768228056340014,52931,14550,48.0,163,0,0
1768228056341659,52931,14550,44.0,178,0,0
1768228056343616,52931,14550,48.0,30,0,0
1768228056346815,52931,14550,48.0,33,0,0
1768228056348949,52931,14550,39.0,74,0,0
1768228056353313,52931,14550,51.0,1,0,0
1768228056357645,52931,14550,22.0,125,0,0
1768228056359545,52931,14550,27.0,152,0,0
1768228056361196,52931,14550,45.0,62,0,0
1768228056364347,52931,14550,26.0,42,0,0
1768228056366490,52931,14550,32.0,36,0,0
1768228056368036,52931,14550,62.0,65,0,0
1768228056369328,52931,14550,49.0,27,0,0
1768228056370965,52931,14550,44.0,116,0,0
1768228056372580,52931,14550,42.0,129,0,0
1768228056374122,52931,14550,34.0,29,0,0
1768228056375445,52931,14550,34.0,137,0,0
1768228056376947,52931,14550,60.0,24,0,0
1768228056378725,52931,14550,53.0,124,0,0
1768228056380724,52931,14550,31.0,2,0,0
1768228056382326,52931,14550,64.0,164,0,0
1768228056384124,52931,14550,24.0,168,0,0
1768228056385679,52931,14550,42.0,136,0,0
1768228056387224,52931,14550,42.0,193,0,0
1768228056388757,52931,14550,48.0,32,0,0
1768228056390101,52931,14550,40.0,241,0,0
1768228056391349,52931,14550,70.0,87,0,0
1768228056393148,52931,14550,61.0,147,0,0
1768228056394561,52931,14550,64.0,11030,0,0
1768228056592625,52931,14550,48.0,163,0,0
1768228056594396,52931,14550,44.0,178,0,0
1768228056596291,52931,14550,48.0,30,0,0
1768228056601052,52931,14550,48.0,33,0,0
1768228056602675,52931,14550,39.0,74,0,0
1768228056611587,52931,14550,51.0,1,0,0
1768228056618255,52931,14550,22.0,125,0,0
1768228056621107,52931,14550,27.0,152,0,0
1768228056623908,52931,14550,45.0,62,0,0
1768228056630492,52931,14550,26.0,42,0,0
1768228056633572,52931,14550,32.0,36,0,0
1768228056635517,52931,14550,62.0,65,0,0
1768228056639315,52931,14550,49.0,27,0,0
1768228056641143,52931,14550,44.0,116,0,0
1768228056643195,52931,14550,42.0,129,0,0
1768228056644599,52931,14550,34.0,29,0,0
1768228056645941,52931,14550,34.0,137,0,0
1768228056648078,52931,14550,60.0,24,0,0
1768228056651372,52931,14550,53.0,124,0,0
1768228056653413,52931,14550,31.0,2,0,0
1768228056654803,52931,14550,64.0,164,0,0
1768228056656011,52931,14550,24.0,168,0,0
1768228056657658,52931,14550,42.0,136,0,0
1768228056659474,52931,14550,42.0,193,0,0
1768228056660985,52931,14550,48.0,32,0,0
1768228056663030,52931,14550,40.0,241,0,0
1768228056664877,52931,14550,70.0,87,0,0
1768228056667632,52931,14550,61.0,147,0,0
1768228056668933,52931,14550,64.0,11030,0,0
1768228056759295,5760,58419,,264,1,0
1768228056760386,52931,14550,47.0,264,0,0
1768228056841453,52931,14550,48.0,163,0,0
1768228056843543,52931,14550,44.0,178,0,0
1768228056844897,52931,14550,48.0,30,0,0
1768228056848593,52931,14550,48.0,33,0,0
1768228056853270,52931,14550,39.0,74,0,0
1768228056857054,52931,14550,51.0,1,0,0
1768228056859956,52931,14550,22.0,125,0,0
1768228056861591,52931,14550,27.0,152,0,0
1768228056862941,52931,14550,45.0,62,0,0
1768228056865565,52931,14550,26.0,42,0,0
1768228056869401,52931,14550,32.0,36,0,0
1768228056871016,52931,14550,62.0,65,0,0
1768228056873021,52931,14550,49.0,27,0,0
1768228056874763,52931,14550,44.0,116,0,0
1768228056876475,52931,14550,42.0,129,0,0
1768228056877877,52931,14550,34.0,29,0,0
1768228056879678,52931,14550,34.0,137,0,0
1768228056881864,52931,14550,60.0,24,0,0
1768228056884020,52931,14550,53.0,124,0,0
1768228056885886,52931,14550,31.0,2,0,0
1768228056887416,52931,14550,64.0,164,0,0
1768228056888887,52931,14550,24.0,168,0,0
1768228056890273,52931,14550,42.0,136,0,0
1768228056891454,52931,14550,42.0,193,0,0
1768228056893670,52931,14550,48.0,32,0,0
1768228056895012,52931,14550,40.0,241,0,0
1768228056896544,52931,14550,70.0,87,0,0
1768228056898601,52931,14550,61.0,147,0,0
1768228056900141,52931,14550,64.0,11030,0,0
1768228056969175,58419,5760,,0,1,0
1768228057094238,52931,14550,48.0,163,0,0
1768228057096411,52931,14550,44.0,178,0,0
1768228057098086,52931,14550,48.0,30,0,0
1768228057100768,52931,14550,48.0,33,0,0
1768228057102192,52931,14550,39.0,74,0,0
1768228057105707,52931,14550,51.0,1,0,0
1768228057110833,52931,14550,22.0,125,0,0
1768228057112993,52931,14550,27.0,152,0,0
1768228057114258,52931,14550,45.0,62,0,0
1768228057117586,52931,14550,26.0,42,0,0
1768228057121688,52931,14550,32.0,36,0,0
1768228057122929,52931,14550,62.0,65,0,0
1768228057125902,52931,14550,49.0,27,0,0
1768228057128116,52931,14550,44.0,116,0,0
1768228057129514,52931,14550,42.0,129,0,0
1768228057131609,52931,14550,34.0,29,0,0
1768228057134225,52931,14550,34.0,137,0,0
1768228057137155,52931,14550,60.0,24,0,0
1768228057141311,52931,14550,53.0,124,0,0
1768228057144992,52931,14550,31.0,2,0,0
1768228057146214,52931,14550,64.0,164,0,0
1768228057148044,52931,14550,24.0,168,0,0
1768228057150104,52931,14550,42.0,136,0,0
1768228057151378,52931,14550,42.0,193,0,0
1768228057153665,52931,14550,48.0,32,0,0
1768228057154897,52931,14550,40.0,241,0,0
1768228057157005,52931,14550,70.0,87,0,0
1768228057160116,52931,14550,61.0,147,0,0
1768228057161925,52931,14550,64.0,11030,0,0
1768228057168938,5760,58419,,0,1,0
1768228057169932,52931,14550,29.0,0,0,0
1768228057262091,5760,58419,,264,1,0
1768228057263136,52931,14550,47.0,264,0,0
1768228057348741,52931,14550,48.0,163,0,0
1768228057350366,52931,14550,44.0,178,0,0
1768228057352178,52931,14550,48.0,30,0,0
1768228057354672,52931,14550,48.0,33,0,0
1768228057356880,52931,14550,39.0,74,0,0
1768228057360200,52931,14550,51.0,1,0,0
1768228057367260,52931,14550,22.0,125,0,0
1768228057369178,52931,14550,27.0,152,0,0
1768228057370346,52931,14550,45.0,62,0,0
1768228057372820,52931,14550,26.0,42,0,0
1768228057374852,52931,14550,32.0,36,0,0
1768228057376097,52931,14550,62.0,65,0,0
1768228057377500,52931,14550,49.0,27,0,0
1768228057378730,52931,14550,44.0,116,0,0
1768228057380498,52931,14550,42.0,129,0,0
1768228057382239,52931,14550,34.0,29,0,0
1768228057383478,52931,14550,34.0,137,0,0
1768228057385013,52931,14550,60.0,24,0,0
1768228057387272,52931,14550,53.0,124,0,0
1768228057388760,52931,14550,31.0,2,0,0
1768228057390274,52931,14550,64.0,164,0,0
1768228057391489,52931,14550,24.0,168,0,0
1768228057393452,52931,14550,42.0,136,0,0
1768228057394649,52931,14550,42.0,193,0,0
1768228057396043,52931,14550,48.0,32,0,0
1768228057397852,52931,14550,40.0,241,0,0
1768228057399580,52931,14550,70.0,87,0,0
1768228057401443,52931,14550,61.0,147,0,0
1768228057403280,52931,14550,64.0,11030,0,0
1768228057596120,52931,14550,48.0,163,0,0
1768228057599162,52931,14550,44.0,178,0,0
1768228057601237,52931,14550,48.0,30,0,0
1768228057604390,52931,14550,48.0,33,0,0
1768228057608070,52931,14550,39.0,74,0,0
1768228057611827,52931,14550,51.0,1,0,0
1768228057617558,52931,14550,22.0,125,0,0
1768228057622582,52931,14550,27.0,152,0,0
1768228057624664,52931,14550,45.0,62,0,0
1768228057630770,52931,14550,26.0,42,0,0
1768228057635344,52931,14550,32.0,36,0,0
1768228057636874,52931,14550,62.0,65,0,0
1768228057639320,52931,14550,49.0,27,0,0
1768228057642316,52931,14550,44.0,116,0,0
1768228057644121,52931,14550,42.0,129,0,0
1768228057646405,52931,14550,34.0,29,0,0
1768228057648041,52931,14550,34.0,137,0,0
1768228057650830,52931,14550,60.0,24,0,0
1768228057652901,52931,14550,53.0,124,0,0
1768228057655869,52931,14550,31.0,2,0,0
1768228057657114,52931,14550,64.0,164,0,0
1768228057658805,52931,14550,24.0,168,0,0
1768228057661055,52931,14550,42.0,136,0,0
1768228057662359,52931,14550,42.0,193,0,0
1768228057663811,52931,14550,48.0,32,0,0
1768228057667119,52931,14550,40.0,241,0,0
1768228057669554,52931,14550,70.0,87,0,0
1768228057671017,52931,14550,61.0,147,0,0
1768228057672842,52931,14550,64.0,11030,0,0
1768228057764318,5760,58419,,264,1,0
1768228057765504,52931,14550,47.0,264,0,0
1768228057849604,52931,14550,48.0,163,0,0
1768228057851311,52931,14550,44.0,178,0,0
1768228057853461,52931,14550,48.0,30,0,0
1768228057855740,52931,14550,48.0,33,0,0
1768228057857335,52931,14550,39.0,74,0,0
1768228057862432,52931,14550,51.0,1,0,0
1768228057868192,52931,14550,22.0,125,0,0
1768228057870164,52931,14550,27.0,152,0,0
1768228057871444,52931,14550,45.0,62,0,0
1768228057873847,52931,14550,26.0,42,0,0
1768228057876508,52931,14550,32.0,36,0,0
1768228057878200,52931,14550,62.0,65,0,0
1768228057879755,52931,14550,49.0,27,0,0
1768228057880964,52931,14550,44.0,116,0,0
1768228057882528,52931,14550,42.0,129,0,0
1768228057884024,52931,14550,34.0,29,0,0
1768228057885392,52931,14550,34.0,137,0,0
1768228057886941,52931,14550,60.0,24,0,0
1768228057888675,52931,14550,53.0,124,0,0
1768228057890325,52931,14550,31.0,2,0,0
1768228057892063,52931,14550,64.0,164,0,0
1768228057893642,52931,14550,24.0,168,0,0
1768228057895410,52931,14550,42.0,136,0,0
1768228057896639,52931,14550,42.0,193,0,0
1768228057898325,52931,14550,48.0,32,0,0
1768228057899488,52931,14550,40.0,241,0,0
1768228057901153,52931,14550,70.0,87,0,0
1768228057903444,52931,14550,61.0,147,0,0
1768228057904830,52931,14550,64.0,11030,0,0
1768228057974614,58419,5760,,0,1,0
1768228058101752,52931,14550,48.0,163,0,0
1768228058104478,52931,14550,44.0,178,0,0
1768228058107067,52931,14550,48.0,30,0,0
1768228058108813,52931,14550,48.0,33,0,0
1768228058111260,52931,14550,39.0,74,0,0
1768228058116062,52931,14550,51.0,1,0,0
1768228058121881,52931,14550,22.0,125,0,0
1768228058124272,52931,14550,27.0,152,0,0
1768228058125522,52931,14550,45.0,62,0,0
1768228058128453,52931,14550,26.0,42,0,0
1768228058132295,52931,14550,32.0,36,0,0
1768228058133563,52931,14550,62.0,65,0,0
1768228058135370,52931,14550,49.0,27,0,0
1768228058136621,52931,14550,44.0,116,0,0
1768228058138354,52931,14550,42.0,129,0,0
1768228058140269,52931,14550,34.0,29,0,0
1768228058141522,52931,14550,34.0,137,0,0
1768228058143743,52931,14550,60.0,24,0,0
1768228058146328,52931,14550,53.0,124,0,0
1768228058149098,52931,14550,31.0,2,0,0
1768228058150291,52931,14550,64.0,164,0,0
1768228058152994,52931,14550,24.0,168,0,0
1768228058154572,52931,14550,42.0,136,0,0
1768228058156377,52931,14550,42.0,193,0,0
1768228058158434,52931,14550,48.0,32,0,0
1768228058164095,52931,14550,40.0,241,0,0
1768228058165317,52931,14550,70.0,87,0,0
1768228058168071,52931,14550,61.0,147,0,0
1768228058169644,5760,58419,,0,1,0
1768228058170236,52931,14550,64.0,11030,0,0
1768228058173115,52931,14550,29.0,0,0,0
1768228058267544,5760,58419,,264,1,0
1768228058268846,52931,14550,47.0,264,0,0
1768228058353290,52931,14550,48.0,163,0,0
1768228058355350,52931,14550,44.0,178,0,0
1768228058356603,52931,14550,48.0,30,0,0
1768228058358952,52931,14550,48.0,33,0,0
1768228058361053,52931,14550,39.0,74,0,0
1768228058365699,52931,14550,51.0,1,0,0
1768228058371003,52931,14550,22.0,125,0,0
1768228058372621,52931,14550,27.0,152,0,0
1768228058373830,52931,14550,45.0,62,0,0
1768228058376368,52931,14550,26.0,42,0,0
1768228058379069,52931,14550,32.0,36,0,0
1768228058380295,52931,14550,62.0,65,0,0
1768228058381710,52931,14550,49.0,27,0,0
1768228058383238,52931,14550,44.0,116,0,0
1768228058384451,52931,14550,42.0,129,0,0
1768228058385630,52931,14550,34.0,29,0,0
1768228058387404,52931,14550,34.0,137,0,0
1768228058388685,52931,14550,60.0,24,0,0
1768228058390465,52931,14550,53.0,124,0,0
1768228058392548,52931,14550,31.0,2,0,0
1768228058394053,52931,14550,64.0,164,0,0
1768228058395322,52931,14550,24.0,168,0,0
1768228058397053,52931,14550,42.0,136,0,0
1768228058398252,52931,14550,42.0,193,0,0
1768228058399981,52931,14550,48.0,32,0,0
1768228058401366,52931,14550,40.0,241,0,0
1768228058403339,52931,14550,70.0,87,0,0
1768228058405189,52931,14550,61.0,147,0,0
1768228058406997,52931,14550,64.0,11030,0,0
1768228058604978,52931,14550,48.0,163,0,0
1768228058606902,52931,14550,44.0,178,0,0
1768228058608822,52931,14550,48.0,30,0,0
1768228058612519,52931,14550,48.0,33,0,0
1768228058614243,52931,14550,39.0,74,0,0
1768228058619453,52931,14550,51.0,1,0,0
1768228058624536,52931,14550,22.0,125,0,0
1768228058629451,52931,14550,27.0,152,0,0
1768228058631610,52931,14550,45.0,62,0,0
1768228058634181,52931,14550,26.0,42,0,0
1768228058637566,52931,14550,32.0,36,0,0
1768228058640371,52931,14550,62.0,65,0,0
1768228058642175,52931,14550,49.0,27,0,0
1768228058645649,52931,14550,44.0,116,0,0
1768228058647287,52931,14550,42.0,129,0,0
1768228058650405,52931,14550,34.0,29,0,0
1768228058653356,52931,14550,34.0,137,0,0
1768228058656668,52931,14550,60.0,24,0,0
1768228058660598,52931,14550,53.0,124,0,0
1768228058665654,52931,14550,31.0,2,0,0
1768228058669425,52931,14550,64.0,164,0,0
1768228058670698,52931,14550,24.0,168,0,0
1768228058673482,52931,14550,42.0,136,0,0
1768228058675099,52931,14550,42.0,193,0,0
1768228058678683,52931,14550,48.0,32,0,0
1768228058680637,52931,14550,40.0,241,0,0
1768228058684089,52931,14550,70.0,87,0,0
1768228058688741,52931,14550,61.0,147,0,0
1768228058690377,52931,14550,64.0,11030,0,0
1768228058767260,5760,58419,,264,1,0
1768228058768192,52931,14550,47.0,264,0,0
1768228058854612,52931,14550,48.0,163,0,0
1768228058857588,52931,14550,44.0,178,0,0
1768228058859836,52931,14550,48.0,30,0,0
1768228058863296,52931,14550,48.0,33,0,0
1768228058866188,52931,14550,39.0,74,0,0
1768228058871141,52931,14550,51.0,1,0,0
1768228058873542,52931,14550,22.0,125,0,0
1768228058875412,52931,14550,27.0,152,0,0
1768228058877030,52931,14550,45.0,62,0,0
1768228058879247,52931,14550,26.0,42,0,0
1768228058882600,52931,14550,32.0,36,0,0
1768228058884028,52931,14550,62.0,65,0,0
1768228058885473,52931,14550,49.0,27,0,0
1768228058886767,52931,14550,44.0,116,0,0
1768228058887910,52931,14550,42.0,129,0,0
1768228058889585,52931,14550,34.0,29,0,0
1768228058890937,52931,14550,34.0,137,0,0
1768228058892204,52931,14550,60.0,24,0,0
1768228058894523,52931,14550,53.0,124,0,0
1768228058896336,52931,14550,31.0,2,0,0
1768228058899297,52931,14550,64.0,164,0,0
1768228058900517,52931,14550,24.0,168,0,0
1768228058902703,52931,14550,42.0,136,0,0
1768228058904302,52931,14550,42.0,193,0,0
1768228058905745,52931,14550,48.0,32,0,0
1768228058907629,52931,14550,40.0,241,0,0
1768228058908885,52931,14550,70.0,87,0,0
1768228058910852,52931,14550,61.0,147,0,0
1768228058912909,52931,14550,64.0,11030,0,0
1768228058983964,58419,5760,,0,1,0
1768228059106937,52931,14550,48.0,163,0,0
1768228059108576,52931,14550,44.0,178,0,0
1768228059110424,52931,14550,48.0,30,0,0
1768228059113413,52931,14550,48.0,33,0,0
1768228059116063,52931,14550,39.0,74,0,0
1768228059120001,52931,14550,51.0,1,0,0
1768228059123663,52931,14550,22.0,125,0,0
1768228059125592,52931,14550,27.0,152,0,0
1768228059127156,52931,14550,45.0,62,0,0
1768228059129218,52931,14550,26.0,42,0,0
1768228059131913,52931,14550,32.0,36,0,0
1768228059133187,52931,14550,62.0,65,0,0
1768228059134678,52931,14550,49.0,27,0,0
1768228059136020,52931,14550,44.0,116,0,0
1768228059137365,52931,14550,42.0,129,0,0
1768228059138670,52931,14550,34.0,29,0,0
1768228059140367,52931,14550,34.0,137,0,0
1768228059142061,52931,14550,60.0,24,0,0
1768228059144236,52931,14550,53.0,124,0,0
1768228059145662,52931,14550,31.0,2,0,0
1768228059146980,52931,14550,64.0,164,0,0
1768228059148466,52931,14550,24.0,168,0,0
1768228059149867,52931,14550,42.0,136,0,0
1768228059151329,52931,14550,42.0,193,0,0
1768228059152823,52931,14550,48.0,32,0,0
1768228059154147,52931,14550,40.0,241,0,0
1768228059155392,52931,14550,70.0,87,0,0
1768228059157585,52931,14550,61.0,147,0,0
1768228059159741,52931,14550,64.0,11030,0,0
1768228059181567,5760,58419,,0,1,0
1768228059182607,52931,14550,29.0,0,0,0
1768228059271474,5760,58419,,264,1,0
1768228059272620,52931,14550,47.0,264,0,0
1768228059358792,52931,14550,48.0,163,0,0
1768228059361203,52931,14550,44.0,178,0,0
1768228059362614,52931,14550,48.0,30,0,0
1768228059366169,52931,14550,48.0,33,0,0
1768228059367578,52931,14550,39.0,74,0,0
1768228059371754,52931,14550,51.0,1,0,0
1768228059374930,52931,14550,22.0,125,0,0
1768228059376603,52931,14550,27.0,152,0,0
1768228059378138,52931,14550,45.0,62,0,0
1768228059380532,52931,14550,26.0,42,0,0
1768228059383376,52931,14550,32.0,36,0,0
1768228059384605,52931,14550,62.0,65,0,0
1768228059386163,52931,14550,49.0,27,0,0
1768228059387422,52931,14550,44.0,116,0,0
1768228059388991,52931,14550,42.0,129,0,0
1768228059390574,52931,14550,34.0,29,0,0
1768228059392227,52931,14550,34.0,137,0,0
1768228059393663,52931,14550,60.0,24,0,0
1768228059395646,52931,14550,53.0,124,0,0
1768228059397534,52931,14550,31.0,2,0,0
1768228059398761,52931,14550,64.0,164,0,0
1768228059400111,52931,14550,24.0,168,0,0
1768228059401757,52931,14550,42.0,136,0,0
1768228059403090,52931,14550,42.0,193,0,0
1768228059405013,52931,14550,48.0,32,0,0
1768228059406396,52931,14550,40.0,241,0,0
1768228059408140,52931,14550,70.0,87,0,0
1768228059409550,52931,14550,61.0,147,0,0
1768228059411746,52931,14550,64.0,11030,0,0
1768228059607009,52931,14550,48.0,163,0,0
1768228059608804,52931,14550,44.0,178,0,0
1768228059611129,52931,14550,48.0,30,0,0
1768228059613237,52931,14550,48.0,33,0,0
1768228059617355,52931,14550,39.0,74,0,0
1768228059621257,52931,14550,51.0,1,0,0
1768228059628676,52931,14550,22.0,125,0,0
1768228059633269,52931,14550,27.0,152,0,0
1768228059634790,52931,14550,45.0,62,0,0
1768228059639390,52931,14550,26.0,42,0,0
1768228059643288,52931,14550,32.0,36,0,0
1768228059645096,52931,14550,62.0,65,0,0
1768228059646526,52931,14550,49.0,27,0,0
1768228059647754,52931,14550,44.0,116,0,0
1768228059649561,52931,14550,42.0,129,0,0
1768228059653591,52931,14550,34.0,29,0,0
1768228059655045,52931,14550,34.0,137,0,0
1768228059658787,52931,14550,60.0,24,0,0
1768228059661529,52931,14550,53.0,124,0,0
1768228059663909,52931,14550,31.0,2,0,0
1768228059665829,52931,14550,64.0,164,0,0
1768228059667041,52931,14550,24.0,168,0,0
1768228059671482,52931,14550,42.0,136,0,0
1768228059673473,52931,14550,42.0,193,0,0
1768228059675477,52931,14550,48.0,32,0,0
1768228059677027,52931,14550,40.0,241,0,0
1768228059679585,52931,14550,70.0,87,0,0
1768228059681459,52931,14550,61.0,147,0,0
1768228059686623,52931,14550,64.0,11030,0,0
1768228059777317,5760,58419,,264,1,0
1768228059778442,52931,14550,47.0,264,0,0
1768228059858830,52931,14550,48.0,163,0,0
1768228059861257,52931,14550,44.0,178,0,0
1768228059863393,52931,14550,48.0,30,0,0
1768228059868166,52931,14550,48.0,33,0,0
1768228059869893,52931,14550,39.0,74,0,0
1768228059876708,52931,14550,51.0,1,0,0
1768228059880388,52931,14550,22.0,125,0,0
1768228059883339,52931,14550,27.0,152,0,0
1768228059885088,52931,14550,45.0,62,0,0
1768228059887491,52931,14550,26.0,42,0,0
1768228059890080,52931,14550,32.0,36,0,0
1768228059891587,52931,14550,62.0,65,0,0
1768228059892860,52931,14550,49.0,27,0,0
1768228059894652,52931,14550,44.0,116,0,0
1768228059896186,52931,14550,42.0,129,0,0
1768228059897508,52931,14550,34.0,29,0,0
1768228059899916,52931,14550,34.0,137,0,0
1768228059901656,52931,14550,60.0,24,0,0
1768228059903462,52931,14550,53.0,124,0,0
1768228059905226,52931,14550,31.0,2,0,0
1768228059906892,52931,14550,64.0,164,0,0
1768228059908362,52931,14550,24.0,168,0,0
1768228059909958,52931,14550,42.0,136,0,0
1768228059911282,52931,14550,42.0,193,0,0
1768228059912939,52931,14550,48.0,32,0,0
1768228059914201,52931,14550,40.0,241,0,0
1768228059915570,52931,14550,70.0,87,0,0
1768228059917298,52931,14550,61.0,147,0,0
1768228059919579,52931,14550,64.0,11030,0,0
1768228059988415,58419,5760,,0,1,0
1768228060109621,52931,14550,48.0,163,0,0
1768228060111821,52931,14550,44.0,178,0,0
1768228060113348,52931,14550,48.0,30,0,0
1768228060115809,52931,14550,48.0,33,0,0
1768228060119150,52931,14550,39.0,74,0,0
1768228060123754,52931,14550,51.0,1,0,0
1768228060128599,52931,14550,22.0,125,0,0
1768228060130921,52931,14550,27.0,152,0,0
1768228060132734,52931,14550,45.0,62,0,0
1768228060135207,52931,14550,26.0,42,0,0
1768228060138985,52931,14550,32.0,36,0,0
1768228060142701,52931,14550,62.0,65,0,0
1768228060145773,52931,14550,49.0,27,0,0
1768228060146986,52931,14550,44.0,116,0,0
1768228060148848,52931,14550,42.0,129,0,0
1768228060150665,52931,14550,34.0,29,0,0
1768228060151868,52931,14550,34.0,137,0,0
1768228060153576,52931,14550,60.0,24,0,0
1768228060158721,52931,14550,53.0,124,0,0
1768228060163445,52931,14550,31.0,2,0,0
1768228060165310,52931,14550,64.0,164,0,0
1768228060166502,52931,14550,24.0,168,0,0
1768228060168795,52931,14550,42.0,136,0,0
1768228060170354,52931,14550,42.0,193,0,0
1768228060171924,52931,14550,48.0,32,0,0
1768228060175368,52931,14550,40.0,241,0,0
1768228060176765,52931,14550,70.0,87,0,0
1768228060179758,52931,14550,61.0,147,0,0
1768228060181879,52931,14550,64.0,11030,0,0
1768228060184134,5760,58419,,0,1,0
1768228060186787,52931,14550,29.0,0,0,0
1768228060277305,5760,58419,,264,1,0
1768228060278313,52931,14550,47.0,264,0,0
1768228060364798,52931,14550,48.0,163,0,0
1768228060366671,52931,14550,44.0,178,0,0
1768228060369221,52931,14550,48.0,30,0,0
1768228060371360,52931,14550,48.0,33,0,0
1768228060372953,52931,14550,39.0,74,0,0
1768228060376038,52931,14550,51.0,1,0,0
1768228060378968,52931,14550,22.0,125,0,0
1768228060380917,52931,14550,27.0,152,0,0
1768228060382421,52931,14550,45.0,62,0,0
1768228060384508,52931,14550,26.0,42,0,0
1768228060387028,52931,14550,32.0,36,0,0
1768228060388678,52931,14550,62.0,65,0,0
1768228060389993,52931,14550,49.0,27,0,0
1768228060391855,52931,14550,44.0,116,0,0
1768228060393205,52931,14550,42.0,129,0,0
1768228060394697,52931,14550,34.0,29,0,0
1768228060396355,52931,14550,34.0,137,0,0
1768228060397847,52931,14550,60.0,24,0,0
1768228060399517,52931,14550,53.0,124,0,0
1768228060401979,52931,14550,31.0,2,0,0
1768228060403623,52931,14550,64.0,164,0,0
1768228060406110,52931,14550,24.0,168,0,0
1768228060407969,52931,14550,42.0,136,0,0
1768228060409532,52931,14550,42.0,193,0,0
1768228060411077,52931,14550,48.0,32,0,0
1768228060412471,52931,14550,40.0,241,0,0
1768228060413700,52931,14550,70.0,87,0,0
1768228060415409,52931,14550,61.0,147,0,0
1768228060416797,52931,14550,64.0,11030,0,0
1768228060613844,52931,14550,48.0,163,0,0
1768228060615859,52931,14550,44.0,178,0,0
1768228060617625,52931,14550,48.0,30,0,0
1768228060623086,52931,14550,48.0,33,0,0
1768228060624470,52931,14550,39.0,74,0,0
1768228060632571,52931,14550,51.0,1,0,0
1768228060639610,52931,14550,22.0,125,0,0
1768228060642036,52931,14550,27.0,152,0,0
1768228060643671,52931,14550,45.0,62,0,0
1768228060647953,52931,14550,26.0,42,0,0
1768228060652455,52931,14550,32.0,36,0,0
1768228060654572,52931,14550,62.0,65,0,0
1768228060656725,52931,14550,49.0,27,0,0
1768228060658702,52931,14550,44.0,116,0,0
1768228060660873,52931,14550,42.0,129,0,0
1768228060662628,52931,14550,34.0,29,0,0
1768228060664235,52931,14550,34.0,137,0,0
1768228060665634,52931,14550,60.0,24,0,0
1768228060669724,52931,14550,53.0,124,0,0
1768228060671793,52931,14550,31.0,2,0,0
1768228060674186,52931,14550,64.0,164,0,0
1768228060675527,52931,14550,24.0,168,0,0
1768228060678001,52931,14550,42.0,136,0,0
1768228060680167,52931,14550,42.0,193,0,0
1768228060681939,52931,14550,48.0,32,0,0
1768228060684026,52931,14550,40.0,241,0,0
1768228060686112,52931,14550,70.0,87,0,0
1768228060689928,52931,14550,61.0,147,0,0
1768228060691983,52931,14550,64.0,11030,0,0
1768228060782718,5760,58419,,264,1,0
1768228060783804,52931,14550,47.0,264,0,0
1768228060869344,52931,14550,48.0,163,0,0
1768228060871879,52931,14550,44.0,178,0,0
1768228060873673,52931,14550,48.0,30,0,0
1768228060876823,52931,14550,48.0,33,0,0
1768228060878250,52931,14550,39.0,74,0,0
1768228060882847,52931,14550,51.0,1,0,0
1768228060885311,52931,14550,22.0,125,0,0
1768228060887173,52931,14550,27.0,152,0,0
1768228060888441,52931,14550,45.0,62,0,0
1768228060890588,52931,14550,26.0,42,0,0
1768228060893888,52931,14550,32.0,36,0,0
1768228060895527,52931,14550,62.0,65,0,0
1768228060897257,52931,14550,49.0,27,0,0
1768228060899525,52931,14550,44.0,116,0,0
1768228060901087,52931,14550,42.0,129,0,0
1768228060902643,52931,14550,34.0,29,0,0
1768228060904059,52931,14550,34.0,137,0,0
1768228060905885,52931,14550,60.0,24,0,0
1768228060908097,52931,14550,53.0,124,0,0
1768228060909687,52931,14550,31.0,2,0,0
1768228060911209,52931,14550,64.0,164,0,0
1768228060912758,52931,14550,24.0,168,0,0
1768228060914391,52931,14550,42.0,136,0,0
1768228060915599,52931,14550,42.0,193,0,0
1768228060917138,52931,14550,48.0,32,0,0
1768228060918483,52931,14550,40.0,241,0,0
1768228060919727,52931,14550,70.0,87,0,0
1768228060921764,52931,14550,61.0,147,0,0
1768228060923076,52931,14550,64.0,11030,0,0
1768228060991388,58419,5760,,0,1,0
1768228061049396,52931,14550,21.0,46,0,0
1768228061052029,52931,14550,40.0,253,0,0
1768228061053530,52931,14550,35.0,253,0,0
1768228061116251,52931,14550,48.0,163,0,0
1768228061118333,52931,14550,44.0,178,0,0
1768228061119453,52931,14550,48.0,30,0,0
1768228061122973,52931,14550,48.0,33,0,0
1768228061124703,52931,14550,39.0,74,0,0
1768228061127320,52931,14550,51.0,1,0,0
1768228061129528,52931,14550,22.0,125,0,0
1768228061131199,52931,14550,27.0,152,0,0
1768228061132568,52931,14550,45.0,62,0,0
1768228061134264,52931,14550,26.0,42,0,0
1768228061136823,52931,14550,32.0,36,0,0
1768228061138466,52931,14550,62.0,65,0,0
1768228061139603,52931,14550,49.0,27,0,0
1768228061140984,52931,14550,44.0,116,0,0
1768228061142573,52931,14550,42.0,129,0,0
1768228061143713,52931,14550,34.0,29,0,0
1768228061144880,52931,14550,34.0,137,0,0
1768228061146086,52931,14550,60.0,24,0,0
1768228061147851,52931,14550,53.0,124,0,0
1768228061149886,52931,14550,31.0,2,0,0
1768228061151257,52931,14550,64.0,164,0,0
1768228061152454,52931,14550,24.0,168,0,0
1768228061153932,52931,14550,42.0,136,0,0
1768228061155345,52931,14550,42.0,193,0,0
1768228061156605,52931,14550,48.0,32,0,0
1768228061157666,52931,14550,40.0,241,0,0
1768228061159660,52931,14550,70.0,87,0,0
1768228061161389,52931,14550,61.0,147,0,0
1768228061163231,52931,14550,64.0,11030,0,0
1768228061189239,5760,58419,,0,1,0
1768228061190158,52931,14550,29.0,0,0,0
1768228061284116,5760,58419,,264,1,0
1768228061285330,52931,14550,47.0,264,0,0
1768228061367542,52931,14550,48.0,163,0,0
1768228061370117,52931,14550,44.0,178,0,0
1768228061372459,52931,14550,48.0,30,0,0
1768228061375385,52931,14550,48.0,33,0,0
1768228061376722,52931,14550,39.0,74,0,0
1768228061379644,52931,14550,51.0,1,0,0
1768228061381740,52931,14550,22.0,125,0,0
1768228061383890,52931,14550,27.0,152,0,0
1768228061385977,52931,14550,45.0,62,0,0
1768228061387936,52931,14550,26.0,42,0,0
1768228061390234,52931,14550,32.0,36,0,0
1768228061391899,52931,14550,62.0,65,0,0
1768228061393138,52931,14550,49.0,27,0,0
1768228061394588,52931,14550,44.0,116,0,0
1768228061395901,52931,14550,42.0,129,0,0
1768228061397293,52931,14550,34.0,29,0,0
1768228061398999,52931,14550,34.0,137,0,0
1768228061401039,52931,14550,60.0,24,0,0
1768228061403707,52931,14550,53.0,124,0,0
1768228061405514,52931,14550,31.0,2,0,0
1768228061406976,52931,14550,64.0,164,0,0
1768228061408129,52931,14550,24.0,168,0,0
1768228061410098,52931,14550,42.0,136,0,0
1768228061411343,52931,14550,42.0,193,0,0
1768228061413429,52931,14550,48.0,32,0,0
1768228061415282,52931,14550,40.0,241,0,0
1768228061417055,52931,14550,70.0,87,0,0
1768228061419040,52931,14550,61.0,147,0,0
1768228061420686,52931,14550,64.0,11030,0,0
1768228061622952,52931,14550,48.0,163,0,0
1768228061624666,52931,14550,44.0,178,0,0
1768228061626612,52931,14550,48.0,30,0,0
1768228061629507,52931,14550,48.0,33,0,0
1768228061632185,52931,14550,39.0,74,0,0
1768228061636819,52931,14550,51.0,1,0,0
1768228061646686,52931,14550,22.0,125,0,0
1768228061650131,52931,14550,27.0,152,0,0
1768228061652757,52931,14550,45.0,62,0,0
1768228061656259,52931,14550,26.0,42,0,0
1768228061661913,52931,14550,32.0,36,0,0
1768228061663898,52931,14550,62.0,65,0,0
1768228061666653,52931,14550,49.0,27,0,0
1768228061668729,52931,14550,44.0,116,0,0
1768228061670495,52931,14550,42.0,129,0,0
1768228061675212,52931,14550,34.0,29,0,0
1768228061676826,52931,14550,34.0,137,0,0
1768228061678585,52931,14550,60.0,24,0,0
1768228061680870,52931,14550,53.0,124,0,0
1768228061682315,52931,14550,31.0,2,0,0
1768228061684192,52931,14550,64.0,164,0,0
1768228061685569,52931,14550,24.0,168,0,0
1768228061687001,52931,14550,42.0,136,0,0
1768228061688275,52931,14550,42.0,193,0,0
1768228061689631,52931,14550,48.0,32,0,0
1768228061691000,52931,14550,40.0,241,0,0
1768228061692302,52931,14550,70.0,87,0,0
1768228061693616,52931,14550,61.0,147,0,0
1768228061695274,52931,14550,64.0,11030,0,0
1768228061785781,5760,58419,,264,1,0
1768228061787226,52931,14550,47.0,264,0,0
1768228061877583,52931,14550,48.0,163,0,0
1768228061880986,52931,14550,44.0,178,0,0
1768228061883058,52931,14550,48.0,30,0,0
1768228061885412,52931,14550,48.0,33,0,0
1768228061887389,52931,14550,39.0,74,0,0
1768228061889672,52931,14550,51.0,1,0,0
1768228061891677,52931,14550,22.0,125,0,0
1768228061893424,52931,14550,27.0,152,0,0
1768228061894521,52931,14550,45.0,62,0,0
1768228061896466,52931,14550,26.0,42,0,0
1768228061898997,52931,14550,32.0,36,0,0
1768228061900320,52931,14550,62.0,65,0,0
1768228061901463,52931,14550,49.0,27,0,0
1768228061902606,52931,14550,44.0,116,0,0
1768228061904046,52931,14550,42.0,129,0,0
1768228061905388,52931,14550,34.0,29,0,0
1768228061906755,52931,14550,34.0,137,0,0
1768228061908213,52931,14550,60.0,24,0,0
1768228061910040,52931,14550,53.0,124,0,0
1768228061911449,52931,14550,31.0,2,0,0
1768228061913313,52931,14550,64.0,164,0,0
1768228061914702,52931,14550,24.0,168,0,0
1768228061916262,52931,14550,42.0,136,0,0
1768228061917625,52931,14550,42.0,193,0,0
1768228061918895,52931,14550,48.0,32,0,0
1768228061920258,52931,14550,40.0,241,0,0
1768228061921447,52931,14550,70.0,87,0,0
1768228061923006,52931,14550,61.0,147,0,0
1768228061924733,52931,14550,64.0,11030,0,0
1768228061994032,58419,5760,,0,1,0
1768228062122247,52931,14550,48.0,163,0,0
1768228062124605,52931,14550,44.0,178,0,0
1768228062127612,52931,14550,48.0,30,0,0
1768228062130797,52931,14550,48.0,33,0,0
1768228062132404,52931,14550,39.0,74,0,0
1768228062136867,52931,14550,51.0,1,0,0
1768228062142220,52931,14550,22.0,125,0,0
1768228062145832,52931,14550,27.0,152,0,0
1768228062147118,52931,14550,45.0,62,0,0
1768228062150108,52931,14550,26.0,42,0,0
1768228062154748,52931,14550,32.0,36,0,0
1768228062156386,52931,14550,62.0,65,0,0
1768228062158249,52931,14550,49.0,27,0,0
1768228062159459,52931,14550,44.0,116,0,0
1768228062161353,52931,14550,42.0,129,0,0
1768228062162622,52931,14550,34.0,29,0,0
1768228062164481,52931,14550,34.0,137,0,0
1768228062166670,52931,14550,60.0,24,0,0
1768228062169127,52931,14550,53.0,124,0,0
1768228062170902,52931,14550,31.0,2,0,0
1768228062176099,52931,14550,64.0,164,0,0
1768228062177838,52931,14550,24.0,168,0,0
1768228062180125,52931,14550,42.0,136,0,0
1768228062183341,52931,14550,42.0,193,0,0
1768228062185080,52931,14550,48.0,32,0,0
1768228062186920,52931,14550,40.0,241,0,0
1768228062188147,52931,14550,70.0,87,0,0
1768228062190043,52931,14550,61.0,147,0,0
1768228062194803,52931,14550,64.0,11030,0,0
1768228062197865,5760,58419,,0,1,0
1768228062199094,52931,14550,29.0,0,0,0
1768228062286943,5760,58419,,264,1,0
1768228062288121,52931,14550,47.0,264,0,0
1768228062347414,58419,5760,,66,1,0
1768228062374736,52931,14550,48.0,163,0,0
1768228062376863,52931,14550,44.0,178,0,0
1768228062378578,52931,14550,48.0,30,0,0
1768228062381627,52931,14550,48.0,33,0,0
1768228062384147,52931,14550,39.0,74,0,0
1768228062387576,52931,14550,51.0,1,0,0
1768228062393414,52931,14550,22.0,125,0,0
1768228062395276,52931,14550,27.0,152,0,0
1768228062396833,52931,14550,45.0,62,0,0
1768228062398820,52931,14550,26.0,42,0,0
1768228062401373,52931,14550,32.0,36,0,0
1768228062402633,52931,14550,62.0,65,0,0
1768228062404545,52931,14550,49.0,27,0,0
1768228062405945,52931,14550,44.0,116,0,0
1768228062407470,52931,14550,42.0,129,0,0
1768228062408703,52931,14550,34.0,29,0,0
1768228062410205,52931,14550,34.0,137,0,0
1768228062411546,52931,14550,60.0,24,0,0
1768228062413613,52931,14550,53.0,124,0,0
1768228062415482,52931,14550,31.0,2,0,0
1768228062417180,52931,14550,64.0,164,0,0
1768228062418545,52931,14550,24.0,168,0,0
1768228062420412,52931,14550,42.0,136,0,0
1768228062421703,52931,14550,42.0,193,0,0
1768228062423402,52931,14550,48.0,32,0,0
1768228062424948,52931,14550,40.0,241,0,0
1768228062426415,52931,14550,70.0,87,0,0
1768228062427898,52931,14550,61.0,147,0,0
1768228062429697,52931,14550,64.0,11030,0,0
1768228062624848,52931,14550,48.0,163,0,0
1768228062627331,52931,14550,44.0,178,0,0
1768228062629746,52931,14550,48.0,30,0,0
1768228062632703,52931,14550,48.0,33,0,0
1768228062634336,52931,14550,39.0,74,0,0
1768228062639915,52931,14550,51.0,1,0,0
1768228062644324,52931,14550,22.0,125,0,0
1768228062646459,52931,14550,27.0,152,0,0
1768228062648752,52931,14550,45.0,62,0,0
1768228062651224,52931,14550,26.0,42,0,0
1768228062654806,52931,14550,32.0,36,0,0
1768228062656346,52931,14550,62.0,65,0,0
1768228062658956,52931,14550,49.0,27,0,0
1768228062660852,52931,14550,44.0,116,0,0
1768228062662119,52931,14550,42.0,129,0,0
1768228062664927,52931,14550,34.0,29,0,0
1768228062667382,52931,14550,34.0,137,0,0
1768228062669411,52931,14550,60.0,24,0,0
1768228062672699,52931,14550,53.0,124,0,0
1768228062675747,52931,14550,31.0,2,0,0
1768228062679160,52931,14550,64.0,164,0,0
1768228062680564,52931,14550,24.0,168,0,0
1768228062683993,52931,14550,42.0,136,0,0
1768228062685458,52931,14550,42.0,193,0,0
1768228062686937,52931,14550,48.0,32,0,0
1768228062689514,52931,14550,40.0,241,0,0
1768228062691403,52931,14550,70.0,87,0,0
1768228062693336,52931,14550,61.0,147,0,0
1768228062694896,52931,14550,64.0,11030,0,0
1768228062792283,5760,58419,,264,1,0
1768228062793470,52931,14550,47.0,264,0,0
1768228062879173,52931,14550,48.0,163,0,0
1768228062881442,52931,14550,44.0,178,0,0
1768228062883455,52931,14550,48.0,30,0,0
1768228062886700,52931,14550,48.0,33,0,0
1768228062888762,52931,14550,39.0,74,0,0
1768228062892985,52931,14550,51.0,1,0,0
1768228062897324,52931,14550,22.0,125,0,0
1768228062901291,52931,14550,27.0,152,0,0
1768228062902728,52931,14550,45.0,62,0,0
1768228062904871,52931,14550,26.0,42,0,0
1768228062907446,52931,14550,32.0,36,0,0
1768228062908745,52931,14550,62.0,65,0,0
1768228062909992,52931,14550,49.0,27,0,0
1768228062911192,52931,14550,44.0,116,0,0
1768228062912976,52931,14550,42.0,129,0,0
1768228062914638,52931,14550,34.0,29,0,0
1768228062916396,52931,14550,34.0,137,0,0
1768228062917773,52931,14550,60.0,24,0,0
1768228062919685,52931,14550,53.0,124,0,0
1768228062921253,52931,14550,31.0,2,0,0
1768228062923007,52931,14550,64.0,164,0,0
1768228062924815,52931,14550,24.0,168,0,0
1768228062926709,52931,14550,42.0,136,0,0
1768228062927917,52931,14550,42.0,193,0,0
1768228062929809,52931,14550,48.0,32,0,0
1768228062931311,52931,14550,40.0,241,0,0
1768228062932611,52931,14550,70.0,87,0,0
1768228062934157,52931,14550,61.0,147,0,0
1768228062935987,52931,14550,64.0,11030,0,0
1768228062994861,58419,5760,,0,1,0
1768228063127089,52931,14550,48.0,163,0,0
1768228063129454,52931,14550,44.0,178,0,0
1768228063130678,52931,14550,48.0,30,0,0
1768228063133317,52931,14550,48.0,33,0,0
1768228063135439,52931,14550,39.0,74,0,0
1768228063138533,52931,14550,51.0,1,0,0
1768228063147346,52931,14550,22.0,125,0,0
1768228063149446,52931,14550,27.0,152,0,0
1768228063151158,52931,14550,45.0,62,0,0
1768228063153849,52931,14550,26.0,42,0,0
1768228063156640,52931,14550,32.0,36,0,0
1768228063158684,52931,14550,62.0,65,0,0
1768228063160528,52931,14550,49.0,27,0,0
1768228063163007,52931,14550,44.0,116,0,0
1768228063165253,52931,14550,42.0,129,0,0
1768228063166699,52931,14550,34.0,29,0,0
1768228063169000,52931,14550,34.0,137,0,0
1768228063170424,52931,14550,60.0,24,0,0
1768228063173483,52931,14550,53.0,124,0,0
1768228063175171,52931,14550,31.0,2,0,0
1768228063178940,52931,14550,64.0,164,0,0
1768228063181074,52931,14550,24.0,168,0,0
1768228063183322,52931,14550,42.0,136,0,0
1768228063185428,52931,14550,42.0,193,0,0
1768228063187277,52931,14550,48.0,32,0,0
1768228063189300,52931,14550,40.0,241,0,0
1768228063191404,52931,14550,70.0,87,0,0
1768228063193834,52931,14550,61.0,147,0,0
1768228063196980,52931,14550,64.0,11030,0,0
1768228063201421,5760,58419,,0,1,0
1768228063202500,52931,14550,29.0,0,0,0
1768228063223945,5760,58419,,111,1,0
1768228063225005,52931,14550,33.0,111,0,0
1768228063296796,5760,58419,,264,1,0
1768228063298346,52931,14550,47.0,264,0,0
1768228063383988,52931,14550,48.0,163,0,0
1768228063386574,52931,14550,44.0,178,0,0
1768228063387779,52931,14550,48.0,30,0,0
1768228063389952,52931,14550,48.0,33,0,0
1768228063391832,52931,14550,39.0,74,0,0
1768228063398531,52931,14550,51.0,1,0,0
1768228063400704,52931,14550,22.0,125,0,0
1768228063402600,52931,14550,27.0,152,0,0
1768228063403947,52931,14550,45.0,62,0,0
1768228063406963,52931,14550,26.0,42,0,0
1768228063409012,52931,14550,32.0,36,0,0
1768228063410504,52931,14550,62.0,65,0,0
1768228063412073,52931,14550,49.0,27,0,0
1768228063413405,52931,14550,44.0,116,0,0
1768228063415008,52931,14550,42.0,129,0,0
1768228063416806,52931,14550,34.0,29,0,0
1768228063418302,52931,14550,34.0,137,0,0
1768228063419639,52931,14550,60.0,24,0,0
1768228063421756,52931,14550,53.0,124,0,0
1768228063423295,52931,14550,31.0,2,0,0
1768228063424853,52931,14550,64.0,164,0,0
1768228063426173,52931,14550,24.0,168,0,0
1768228063427690,52931,14550,42.0,136,0,0
1768228063429368,52931,14550,42.0,193,0,0
1768228063431042,52931,14550,48.0,32,0,0
1768228063432757,52931,14550,40.0,241,0,0
1768228063434451,52931,14550,70.0,87,0,0
1768228063435963,52931,14550,61.0,147,0,0
1768228063437819,52931,14550,64.0,11030,0,0
1768228063631633,52931,14550,48.0,163,0,0
1768228063633288,52931,14550,44.0,178,0,0
1768228063635250,52931,14550,48.0,30,0,0
1768228063637319,52931,14550,48.0,33,0,0
1768228063638702,52931,14550,39.0,74,0,0
1768228063643755,52931,14550,51.0,1,0,0
1768228063650455,52931,14550,22.0,125,0,0
1768228063653797,52931,14550,27.0,152,0,0
1768228063656465,52931,14550,45.0,62,0,0
1768228063661976,52931,14550,26.0,42,0,0
1768228063670613,52931,14550,32.0,36,0,0
1768228063673523,52931,14550,62.0,65,0,0
1768228063676619,52931,14550,49.0,27,0,0
1768228063679322,52931,14550,44.0,116,0,0
1768228063681697,52931,14550,42.0,129,0,0
1768228063683389,52931,14550,34.0,29,0,0
1768228063686005,52931,14550,34.0,137,0,0
1768228063687743,52931,14550,60.0,24,0,0
1768228063689783,52931,14550,53.0,124,0,0
1768228063693157,52931,14550,31.0,2,0,0
1768228063694870,52931,14550,64.0,164,0,0
1768228063697369,52931,14550,24.0,168,0,0
1768228063700415,52931,14550,42.0,136,0,0
1768228063702204,52931,14550,42.0,193,0,0
1768228063704683,52931,14550,48.0,32,0,0
1768228063705904,52931,14550,40.0,241,0,0
1768228063707773,52931,14550,70.0,87,0,0
1768228063710242,52931,14550,61.0,147,0,0
1768228063712550,52931,14550,64.0,11030,0,0
1768228063795519,5760,58419,,264,1,0
1768228063796883,52931,14550,47.0,264,0,0
1768228063882560,52931,14550,48.0,163,0,0
1768228063884318,52931,14550,44.0,178,0,0
1768228063886362,52931,14550,48.0,30,0,0
1768228063890812,52931,14550,48.0,33,0,0
1768228063892556,52931,14550,39.0,74,0,0
1768228063895363,52931,14550,51.0,1,0,0
1768228063898034,52931,14550,22.0,125,0,0
1768228063899997,52931,14550,27.0,152,0,0
1768228063901541,52931,14550,45.0,62,0,0
1768228063904552,52931,14550,26.0,42,0,0
1768228063908306,52931,14550,32.0,36,0,0
1768228063910250,52931,14550,62.0,65,0,0
1768228063912284,52931,14550,49.0,27,0,0
1768228063913931,52931,14550,44.0,116,0,0
1768228063916214,52931,14550,42.0,129,0,0
1768228063918039,52931,14550,34.0,29,0,0
1768228063919321,52931,14550,34.0,137,0,0
1768228063920676,52931,14550,60.0,24,0,0
1768228063922558,52931,14550,53.0,124,0,0
1768228063924607,52931,14550,31.0,2,0,0
1768228063926199,52931,14550,64.0,164,0,0
1768228063928045,52931,14550,24.0,168,0,0
1768228063929678,52931,14550,42.0,136,0,0
1768228063930899,52931,14550,42.0,193,0,0
1768228063932586,52931,14550,48.0,32,0,0
1768228063933801,52931,14550,40.0,241,0,0
1768228063935027,52931,14550,70.0,87,0,0
1768228063936643,52931,14550,61.0,147,0,0
1768228063938464,52931,14550,64.0,11030,0,0
1768228063995619,58419,5760,,0,1,0
1768228064134294,52931,14550,48.0,163,0,0
1768228064136079,52931,14550,44.0,178,0,0
1768228064137936,52931,14550,48.0,30,0,0
1768228064140429,52931,14550,48.0,33,0,0
1768228064141816,52931,14550,39.0,74,0,0
1768228064146311,52931,14550,51.0,1,0,0
1768228064152994,52931,14550,22.0,125,0,0
1768228064159587,52931,14550,27.0,152,0,0
1768228064161338,52931,14550,45.0,62,0,0
1768228064165715,52931,14550,26.0,42,0,0
1768228064169378,52931,14550,32.0,36,0,0
1768228064171123,52931,14550,62.0,65,0,0
1768228064172914,52931,14550,49.0,27,0,0
1768228064174589,52931,14550,44.0,116,0,0
1768228064176595,52931,14550,42.0,129,0,0
1768228064180144,52931,14550,34.0,29,0,0
1768228064183014,52931,14550,34.0,137,0,0
1768228064185510,52931,14550,60.0,24,0,0
1768228064188536,52931,14550,53.0,124,0,0
1768228064190532,52931,14550,31.0,2,0,0
1768228064191887,52931,14550,64.0,164,0,0
1768228064193705,52931,14550,24.0,168,0,0
1768228064195748,52931,14550,42.0,136,0,0
1768228064197494,52931,14550,42.0,193,0,0
1768228064199497,52931,14550,48.0,32,0,0
1768228064202207,52931,14550,40.0,241,0,0
1768228064203810,52931,14550,70.0,87,0,0
1768228064204373,5760,58419,,0,1,0
1768228064205595,52931,14550,61.0,147,0,0
1768228064209049,52931,14550,64.0,11030,0,0
1768228064213372,52931,14550,29.0,0,0,0
1768228064298416,5760,58419,,264,1,0
1768228064299588,52931,14550,47.0,264,0,0
1768228064387113,52931,14550,48.0,163,0,0
1768228064389258,52931,14550,44.0,178,0,0
1768228064390969,52931,14550,48.0,30,0,0
1768228064394026,52931,14550,48.0,33,0,0
1768228064395967,52931,14550,39.0,74,0,0
1768228064399410,52931,14550,51.0,1,0,0
1768228064402031,52931,14550,22.0,125,0,0
1768228064403663,52931,14550,27.0,152,0,0
1768228064404960,52931,14550,45.0,62,0,0
1768228064407595,52931,14550,26.0,42,0,0
1768228064409894,52931,14550,32.0,36,0,0
1768228064411245,52931,14550,62.0,65,0,0
1768228064412873,52931,14550,49.0,27,0,0
1768228064414248,52931,14550,44.0,116,0,0
1768228064415752,52931,14550,42.0,129,0,0
1768228064417843,52931,14550,34.0,29,0,0
1768228064419221,52931,14550,34.0,137,0,0
1768228064420442,52931,14550,60.0,24,0,0
1768228064422658,52931,14550,53.0,124,0,0
1768228064424165,52931,14550,31.0,2,0,0
1768228064425825,52931,14550,64.0,164,0,0
1768228064427300,52931,14550,24.0,168,0,0
1768228064429073,52931,14550,42.0,136,0,0
1768228064430540,52931,14550,42.0,193,0,0
1768228064432402,52931,14550,48.0,32,0,0
1768228064433865,52931,14550,40.0,241,0,0
1768228064435261,52931,14550,70.0,87,0,0
1768228064436692,52931,14550,61.0,147,0,0
1768228064438481,52931,14550,64.0,11030,0,0
1768228064641173,52931,14550,48.0,163,0,0
1768228064646510,52931,14550,44.0,178,0,0
1768228064649057,52931,14550,48.0,30,0,0
1768228064652798,52931,14550,48.0,33,0,0
1768228064655845,52931,14550,39.0,74,0,0
1768228064661706,52931,14550,51.0,1,0,0
1768228064670741,52931,14550,22.0,125,0,0
1768228064673880,52931,14550,27.0,152,0,0
1768228064676726,52931,14550,45.0,62,0,0
1768228064680827,52931,14550,26.0,42,0,0
1768228064683501,52931,14550,32.0,36,0,0
1768228064684944,52931,14550,62.0,65,0,0
1768228064686982,52931,14550,49.0,27,0,0
1768228064688289,52931,14550,44.0,116,0,0
1768228064689665,52931,14550,42.0,129,0,0
1768228064692419,52931,14550,34.0,29,0,0
1768228064693686,52931,14550,34.0,137,0,0
1768228064695353,52931,14550,60.0,24,0,0
1768228064697851,52931,14550,53.0,124,0,0
1768228064699575,52931,14550,31.0,2,0,0
1768228064701320,52931,14550,64.0,164,0,0
1768228064702676,52931,14550,24.0,168,0,0
1768228064704180,52931,14550,42.0,136,0,0
1768228064705813,52931,14550,42.0,193,0,0
1768228064707390,52931,14550,48.0,32,0,0
1768228064708861,52931,14550,40.0,241,0,0
1768228064710371,52931,14550,70.0,87,0,0
1768228064711892,52931,14550,61.0,147,0,0
1768228064714543,52931,14550,64.0,11030,0,0
1768228064801381,5760,58419,,264,1,0
1768228064802436,52931,14550,47.0,264,0,0
1768228064891437,52931,14550,48.0,163,0,0
1768228064894178,52931,14550,44.0,178,0,0
1768228064896693,52931,14550,48.0,30,0,0
1768228064899081,52931,14550,48.0,33,0,0
1768228064901166,52931,14550,39.0,74,0,0
1768228064904117,52931,14550,51.0,1,0,0
1768228064906620,52931,14550,22.0,125,0,0
1768228064908582,52931,14550,27.0,152,0,0
1768228064910070,52931,14550,45.0,62,0,0
1768228064912186,52931,14550,26.0,42,0,0
1768228064915347,52931,14550,32.0,36,0,0
1768228064916895,52931,14550,62.0,65,0,0
1768228064918403,52931,14550,49.0,27,0,0
1768228064919732,52931,14550,44.0,116,0,0
1768228064921402,52931,14550,42.0,129,0,0
1768228064923090,52931,14550,34.0,29,0,0
1768228064924441,52931,14550,34.0,137,0,0
1768228064925982,52931,14550,60.0,24,0,0
1768228064927622,52931,14550,53.0,124,0,0
1768228064929464,52931,14550,31.0,2,0,0
1768228064930783,52931,14550,64.0,164,0,0
1768228064932055,52931,14550,24.0,168,0,0
1768228064933695,52931,14550,42.0,136,0,0
1768228064934942,52931,14550,42.0,193,0,0
1768228064937016,52931,14550,48.0,32,0,0
1768228064938234,52931,14550,40.0,241,0,0
1768228064939591,52931,14550,70.0,87,0,0
1768228064941103,52931,14550,61.0,147,0,0
1768228064942900,52931,14550,64.0,11030,0,0
1768228065000723,58419,5760,,0,1,0
1768228065143083,52931,14550,48.0,163,0,0
1768228065145887,52931,14550,44.0,178,0,0
1768228065147176,52931,14550,48.0,30,0,0
1768228065151877,52931,14550,48.0,33,0,0
1768228065154140,52931,14550,39.0,74,0,0
1768228065158746,52931,14550,51.0,1,0,0
1768228065162827,52931,14550,22.0,125,0,0
1768228065166192,52931,14550,27.0,152,0,0
1768228065167599,52931,14550,45.0,62,0,0
1768228065171428,52931,14550,26.0,42,0,0
1768228065176106,52931,14550,32.0,36,0,0
1768228065180694,52931,14550,62.0,65,0,0
1768228065182726,52931,14550,49.0,27,0,0
1768228065185277,52931,14550,44.0,116,0,0
1768228065187376,52931,14550,42.0,129,0,0
1768228065188603,52931,14550,34.0,29,0,0
1768228065190414,52931,14550,34.0,137,0,0
1768228065192902,52931,14550,60.0,24,0,0
1768228065196099,52931,14550,53.0,124,0,0
1768228065198130,52931,14550,31.0,2,0,0
1768228065199618,52931,14550,64.0,164,0,0
1768228065202862,52931,14550,24.0,168,0,0
1768228065204526,52931,14550,42.0,136,0,0
1768228065206142,52931,14550,42.0,193,0,0
1768228065208205,52931,14550,48.0,32,0,0
1768228065209430,52931,14550,40.0,241,0,0
1768228065211197,52931,14550,70.0,87,0,0
1768228065212501,5760,58419,,0,1,0
1768228065216493,52931,14550,61.0,147,0,0
1768228065218447,52931,14550,64.0,11030,0,0
1768228065221725,52931,14550,29.0,0,0,0
1768228065307872,5760,58419,,264,1,0
1768228065309216,52931,14550,47.0,264,0,0
1768228065391055,52931,14550,48.0,163,0,0
1768228065393605,52931,14550,44.0,178,0,0
1768228065395582,52931,14550,48.0,30,0,0
1768228065397456,52931,14550,48.0,33,0,0
1768228065399487,52931,14550,39.0,74,0,0
1768228065403410,52931,14550,51.0,1,0,0
1768228065408632,52931,14550,22.0,125,0,0
1768228065410607,52931,14550,27.0,152,0,0
1768228065412102,52931,14550,45.0,62,0,0
1768228065414454,52931,14550,26.0,42,0,0
1768228065417078,52931,14550,32.0,36,0,0
1768228065418350,52931,14550,62.0,65,0,0
1768228065420133,52931,14550,49.0,27,0,0
1768228065421413,52931,14550,44.0,116,0,0
1768228065422968,52931,14550,42.0,129,0,0
1768228065424307,52931,14550,34.0,29,0,0
1768228065425545,52931,14550,34.0,137,0,0
1768228065427296,52931,14550,60.0,24,0,0
1768228065429057,52931,14550,53.0,124,0,0
1768228065430747,52931,14550,31.0,2,0,0
1768228065432646,52931,14550,64.0,164,0,0
1768228065434131,52931,14550,24.0,168,0,0
1768228065435574,52931,14550,42.0,136,0,0
1768228065437068,52931,14550,42.0,193,0,0
1768228065438559,52931,14550,48.0,32,0,0
1768228065439812,52931,14550,40.0,241,0,0
1768228065441279,52931,14550,70.0,87,0,0
1768228065442809,52931,14550,61.0,147,0,0
1768228065444631,52931,14550,64.0,11030,0,0
1768228065642788,52931,14550,48.0,163,0,0
1768228065645419,52931,14550,44.0,178,0,0
1768228065647598,52931,14550,48.0,30,0,0
1768228065651009,52931,14550,48.0,33,0,0
1768228065653178,52931,14550,39.0,74,0,0
1768228065657707,52931,14550,51.0,1,0,0
1768228065665154,52931,14550,22.0,125,0,0
1768228065667663,52931,14550,27.0,152,0,0
1768228065669242,52931,14550,45.0,62,0,0
1768228065673837,52931,14550,26.0,42,0,0
1768228065676227,52931,14550,32.0,36,0,0
1768228065678425,52931,14550,62.0,65,0,0
1768228065680681,52931,14550,49.0,27,0,0
1768228065682030,52931,14550,44.0,116,0,0
1768228065685055,52931,14550,42.0,129,0,0
1768228065687461,52931,14550,34.0,29,0,0
1768228065690876,52931,14550,34.0,137,0,0
1768228065693568,52931,14550,60.0,24,0,0
1768228065698794,52931,14550,53.0,124,0,0
1768228065702232,52931,14550,31.0,2,0,0
1768228065705549,52931,14550,64.0,164,0,0
1768228065706827,52931,14550,24.0,168,0,0
1768228065708922,52931,14550,42.0,136,0,0
1768228065711463,52931,14550,42.0,193,0,0
1768228065713384,52931,14550,48.0,32,0,0
1768228065715078,52931,14550,40.0,241,0,0
1768228065716336,52931,14550,70.0,87,0,0
1768228065718076,52931,14550,61.0,147,0,0
1768228065719358,52931,14550,64.0,11030,0,0
1768228065810023,5760,58419,,264,1,0
1768228065811102,52931,14550,47.0,264,0,0
1768228065893055,52931,14550,48.0,163,0,0
1768228065894968,52931,14550,44.0,178,0,0
1768228065896140,52931,14550,48.0,30,0,0
1768228065900101,52931,14550,48.0,33,0,0
1768228065901816,52931,14550,39.0,74,0,0
1768228065904659,52931,14550,51.0,1,0,0
1768228065907429,52931,14550,22.0,125,0,0
1768228065909159,52931,14550,27.0,152,0,0
1768228065910401,52931,14550,45.0,62,0,0
1768228065912654,52931,14550,26.0,42,0,0
1768228065914923,52931,14550,32.0,36,0,0
1768228065916100,52931,14550,62.0,65,0,0
1768228065917501,52931,14550,49.0,27,0,0
1768228065918645,52931,14550,44.0,116,0,0
1768228065920004,52931,14550,42.0,129,0,0
1768228065921106,52931,14550,34.0,29,0,0
1768228065922320,52931,14550,34.0,137,0,0
1768228065923670,52931,14550,60.0,24,0,0
1768228065925575,52931,14550,53.0,124,0,0
1768228065927636,52931,14550,31.0,2,0,0
1768228065929178,52931,14550,64.0,164,0,0
1768228065930253,52931,14550,24.0,168,0,0
1768228065931888,52931,14550,42.0,136,0,0
1768228065932980,52931,14550,42.0,193,0,0
1768228065934818,52931,14550,48.0,32,0,0
1768228065935879,52931,14550,40.0,241,0,0
1768228065937587,52931,14550,70.0,87,0,0
1768228065939836,52931,14550,61.0,147,0,0
1768228065941106,52931,14550,64.0,11030,0,0
1768228066010100,58419,5760,,0,1,0
1768228066145690,52931,14550,48.0,163,0,0
1768228066148612,52931,14550,44.0,178,0,0
1768228066150730,52931,14550,48.0,30,0,0
1768228066156067,52931,14550,48.0,33,0,0
1768228066158244,52931,14550,39.0,74,0,0
1768228066162832,52931,14550,51.0,1,0,0
1768228066168440,52931,14550,22.0,125,0,0
1768228066171805,52931,14550,27.0,152,0,0
1768228066173322,52931,14550,45.0,62,0,0
1768228066175671,52931,14550,26.0,42,0,0
1768228066178484,52931,14550,32.0,36,0,0
1768228066179806,52931,14550,62.0,65,0,0
1768228066181680,52931,14550,49.0,27,0,0
1768228066183561,52931,14550,44.0,116,0,0
1768228066185055,52931,14550,42.0,129,0,0
1768228066187254,52931,14550,34.0,29,0,0
1768228066189001,52931,14550,34.0,137,0,0
1768228066191589,52931,14550,60.0,24,0,0
1768228066194688,52931,14550,53.0,124,0,0
1768228066196589,52931,14550,31.0,2,0,0
1768228066198776,52931,14550,64.0,164,0,0
1768228066201255,52931,14550,24.0,168,0,0
1768228066202682,52931,14550,42.0,136,0,0
1768228066204660,52931,14550,42.0,193,0,0
1768228066209174,52931,14550,48.0,32,0,0
1768228066210554,52931,14550,40.0,241,0,0
1768228066212278,52931,14550,70.0,87,0,0
1768228066214307,52931,14550,61.0,147,0,0
1768228066216256,52931,14550,64.0,11030,0,0
1768228066219926,5760,58419,,0,1,0
1768228066221676,52931,14550,29.0,0,0,0
1768228066309989,5760,58419,,264,1,0
1768228066311507,52931,14550,47.0,264,0,0
1768228066395808,52931,14550,48.0,163,0,0
1768228066397950,52931,14550,44.0,178,0,0
1768228066399760,52931,14550,48.0,30,0,0
1768228066403684,52931,14550,48.0,33,0,0
1768228066405376,52931,14550,39.0,74,0,0
1768228066407948,52931,14550,51.0,1,0,0
1768228066412223,52931,14550,22.0,125,0,0
1768228066414092,52931,14550,27.0,152,0,0
1768228066415746,52931,14550,45.0,62,0,0
1768228066418163,52931,14550,26.0,42,0,0
1768228066420210,52931,14550,32.0,36,0,0
1768228066421584,52931,14550,62.0,65,0,0
1768228066422844,52931,14550,49.0,27,0,0
1768228066424404,52931,14550,44.0,116,0,0
1768228066425680,52931,14550,42.0,129,0,0
1768228066427275,52931,14550,34.0,29,0,0
1768228066429481,52931,14550,34.0,137,0,0
1768228066431170,52931,14550,60.0,24,0,0
1768228066433259,52931,14550,53.0,124,0,0
1768228066435260,52931,14550,31.0,2,0,0
1768228066436717,52931,14550,64.0,164,0,0
1768228066438284,52931,14550,24.0,168,0,0
1768228066439629,52931,14550,42.0,136,0,0
1768228066440883,52931,14550,42.0,193,0,0
1768228066442521,52931,14550,48.0,32,0,0
1768228066444217,52931,14550,40.0,241,0,0
1768228066445592,52931,14550,70.0,87,0,0
1768228066447400,52931,14550,61.0,147,0,0
1768228066449289,52931,14550,64.0,11030,0,0
1768228066650502,52931,14550,48.0,163,0,0
1768228066653888,52931,14550,44.0,178,0,0
1768228066656772,52931,14550,48.0,30,0,0
1768228066659101,52931,14550,48.0,33,0,0
1768228066662525,52931,14550,39.0,74,0,0
1768228066672249,52931,14550,51.0,1,0,0
1768228066679980,52931,14550,22.0,125,0,0
1768228066683695,52931,14550,27.0,152,0,0
1768228066686031,52931,14550,45.0,62,0,0
1768228066689134,52931,14550,26.0,42,0,0
1768228066692596,52931,14550,32.0,36,0,0
1768228066694118,52931,14550,62.0,65,0,0
1768228066695746,52931,14550,49.0,27,0,0
1768228066697363,52931,14550,44.0,116,0,0
1768228066699586,52931,14550,42.0,129,0,0
1768228066703609,52931,14550,34.0,29,0,0
1768228066705599,52931,14550,34.0,137,0,0
1768228066710769,52931,14550,60.0,24,0,0
1768228066713322,52931,14550,53.0,124,0,0
1768228066715068,52931,14550,31.0,2,0,0
1768228066718223,52931,14550,64.0,164,0,0
1768228066720192,52931,14550,24.0,168,0,0
1768228066722581,52931,14550,42.0,136,0,0
1768228066725636,52931,14550,42.0,193,0,0
1768228066729489,52931,14550,48.0,32,0,0
1768228066732186,52931,14550,40.0,241,0,0
1768228066733995,52931,14550,70.0,87,0,0
1768228066736256,52931,14550,61.0,147,0,0
1768228066738643,52931,14550,64.0,11030,0,0
1768228066812721,5760,58419,,264,1,0
1768228066813261,52931,14550,47.0,264,0,0
1768228066899201,52931,14550,48.0,163,0,0
1768228066902533,52931,14550,44.0,178,0,0
1768228066905372,52931,14550,48.0,30,0,0
1768228066908291,52931,14550,48.0,33,0,0
1768228066909814,52931,14550,39.0,74,0,0
1768228066913498,52931,14550,51.0,1,0,0
1768228066916170,52931,14550,22.0,125,0,0
1768228066918369,52931,14550,27.0,152,0,0
1768228066919777,52931,14550,45.0,62,0,0
1768228066922033,52931,14550,26.0,42,0,0
1768228066925050,52931,14550,32.0,36,0,0
1768228066926589,52931,14550,62.0,65,0,0
1768228066928075,52931,14550,49.0,27,0,0
1768228066929542,52931,14550,44.0,116,0,0
1768228066931050,52931,14550,42.0,129,0,0
1768228066932602,52931,14550,34.0,29,0,0
1768228066934083,52931,14550,34.0,137,0,0
1768228066935342,52931,14550,60.0,24,0,0
1768228066937294,52931,14550,53.0,124,0,0
1768228066939287,52931,14550,31.0,2,0,0
1768228066941096,52931,14550,64.0,164,0,0
1768228066942497,52931,14550,24.0,168,0,0
1768228066943908,52931,14550,42.0,136,0,0
1768228066945122,52931,14550,42.0,193,0,0
1768228066947105,52931,14550,48.0,32,0,0
1768228066948701,52931,14550,40.0,241,0,0
1768228066950069,52931,14550,70.0,87,0,0
1768228066952242,52931,14550,61.0,147,0,0
1768228066954061,52931,14550,64.0,11030,0,0
1768228067012727,58419,5760,,0,1,0
1768228067153973,52931,14550,48.0,163,0,0
1768228067155623,52931,14550,44.0,178,0,0
1768228067158022,52931,14550,48.0,30,0,0
1768228067161143,52931,14550,48.0,33,0,0
1768228067162924,52931,14550,39.0,74,0,0
1768228067166217,52931,14550,51.0,1,0,0
1768228067171383,52931,14550,22.0,125,0,0
1768228067173699,52931,14550,27.0,152,0,0
1768228067175654,52931,14550,45.0,62,0,0
1768228067179274,52931,14550,26.0,42,0,0
1768228067183469,52931,14550,32.0,36,0,0
1768228067185540,52931,14550,62.0,65,0,0
1768228067187959,52931,14550,49.0,27,0,0
1768228067189189,52931,14550,44.0,116,0,0
1768228067191045,52931,14550,42.0,129,0,0
1768228067194727,52931,14550,34.0,29,0,0
1768228067196853,52931,14550,34.0,137,0,0
1768228067198583,52931,14550,60.0,24,0,0
1768228067201731,52931,14550,53.0,124,0,0
1768228067203467,52931,14550,31.0,2,0,0
1768228067205845,52931,14550,64.0,164,0,0
1768228067207080,52931,14550,24.0,168,0,0
1768228067208912,52931,14550,42.0,136,0,0
1768228067210132,52931,14550,42.0,193,0,0
1768228067213275,52931,14550,48.0,32,0,0
1768228067215129,52931,14550,40.0,241,0,0
1768228067216476,52931,14550,70.0,87,0,0
1768228067221011,52931,14550,61.0,147,0,0
1768228067222258,52931,14550,64.0,11030,0,0
1768228067222821,5760,58419,,0,1,0
1768228067227489,52931,14550,29.0,0,0,0
1768228067320112,5760,58419,,264,1,0
1768228067321222,52931,14550,47.0,264,0,0
1768228067405607,52931,14550,48.0,163,0,0
1768228067406595,52931,14550,44.0,178,0,0
1768228067407859,52931,14550,48.0,30,0,0
1768228067409776,52931,14550,48.0,33,0,0
1768228067410706,52931,14550,39.0,74,0,0
1768228067412472,52931,14550,51.0,1,0,0
1768228067413710,52931,14550,22.0,125,0,0
1768228067414853,52931,14550,27.0,152,0,0
1768228067415636,52931,14550,45.0,62,0,0
1768228067417094,52931,14550,26.0,42,0,0
1768228067418240,52931,14550,32.0,36,0,0
1768228067419066,52931,14550,62.0,65,0,0
1768228067419844,52931,14550,49.0,27,0,0
1768228067420499,52931,14550,44.0,116,0,0
1768228067421426,52931,14550,42.0,129,0,0
1768228067422087,52931,14550,34.0,29,0,0
1768228067422892,52931,14550,34.0,137,0,0
1768228067423704,52931,14550,60.0,24,0,0
1768228067424926,52931,14550,53.0,124,0,0
1768228067425899,52931,14550,31.0,2,0,0
1768228067426582,52931,14550,64.0,164,0,0
1768228067427423,52931,14550,24.0,168,0,0
1768228067428189,52931,14550,42.0,136,0,0
1768228067429046,52931,14550,42.0,193,0,0
1768228067430151,52931,14550,48.0,32,0,0
1768228067430818,52931,14550,40.0,241,0,0
1768228067431652,52931,14550,70.0,87,0,0
1768228067432647,52931,14550,61.0,147,0,0
1768228067433381,52931,14550,64.0,11030,0,0
1768228067655839,52931,14550,48.0,163,0,0
1768228067658309,52931,14550,44.0,178,0,0
1768228067660241,52931,14550,48.0,30,0,0
1768228067663066,52931,14550,48.0,33,0,0
1768228067664686,52931,14550,39.0,74,0,0
1768228067671592,52931,14550,51.0,1,0,0
1768228067677105,52931,14550,22.0,125,0,0
1768228067682145,52931,14550,27.0,152,0,0
1768228067684211,52931,14550,45.0,62,0,0
1768228067688558,52931,14550,26.0,42,0,0
1768228067692615,52931,14550,32.0,36,0,0
1768228067696015,52931,14550,62.0,65,0,0
1768228067698210,52931,14550,49.0,27,0,0
1768228067701772,52931,14550,44.0,116,0,0
1768228067703062,52931,14550,42.0,129,0,0
1768228067704434,52931,14550,34.0,29,0,0
1768228067707371,52931,14550,34.0,137,0,0
1768228067709610,52931,14550,60.0,24,0,0
1768228067714205,52931,14550,53.0,124,0,0
1768228067716637,52931,14550,31.0,2,0,0
1768228067718756,52931,14550,64.0,164,0,0
1768228067721327,52931,14550,24.0,168,0,0
1768228067724428,52931,14550,42.0,136,0,0
1768228067725776,52931,14550,42.0,193,0,0
1768228067727315,52931,14550,48.0,32,0,0
1768228067729170,52931,14550,40.0,241,0,0
1768228067730424,52931,14550,70.0,87,0,0
1768228067732206,52931,14550,61.0,147,0,0
1768228067734246,52931,14550,64.0,11030,0,0
1768228067822914,5760,58419,,264,1,0
1768228067824130,52931,14550,47.0,264,0,0
1768228067908897,52931,14550,48.0,163,0,0
1768228067912239,52931,14550,44.0,178,0,0
1768228067913544,52931,14550,48.0,30,0,0
1768228067917581,52931,14550,48.0,33,0,0
1768228067919176,52931,14550,39.0,74,0,0
1768228067923176,52931,14550,51.0,1,0,0
1768228067926140,52931,14550,22.0,125,0,0
1768228067927903,52931,14550,27.0,152,0,0
1768228067929480,52931,14550,45.0,62,0,0
1768228067932216,52931,14550,26.0,42,0,0
1768228067934661,52931,14550,32.0,36,0,0
1768228067935892,52931,14550,62.0,65,0,0
1768228067937411,52931,14550,49.0,27,0,0
1768228067938733,52931,14550,44.0,116,0,0
1768228067940167,52931,14550,42.0,129,0,0
1768228067941538,52931,14550,34.0,29,0,0
1768228067942876,52931,14550,34.0,137,0,0
1768228067944242,52931,14550,60.0,24,0,0
1768228067946628,52931,14550,53.0,124,0,0
1768228067948848,52931,14550,31.0,2,0,0
1768228067950046,52931,14550,64.0,164,0,0
1768228067951556,52931,14550,24.0,168,0,0
1768228067952963,52931,14550,42.0,136,0,0
1768228067954174,52931,14550,42.0,193,0,0
1768228067955832,52931,14550,48.0,32,0,0
1768228067957015,52931,14550,40.0,241,0,0
1768228067958532,52931,14550,70.0,87,0,0
1768228067960125,52931,14550,61.0,147,0,0
1768228067961590,52931,14550,64.0,11030,0,0
1768228068019498,58419,5760,,0,1,0
1768228068155422,52931,14550,48.0,163,0,0
1768228068158014,52931,14550,44.0,178,0,0
1768228068159737,52931,14550,48.0,30,0,0
1768228068163475,52931,14550,48.0,33,0,0
1768228068166408,52931,14550,39.0,74,0,0
1768228068170628,52931,14550,51.0,1,0,0
1768228068177523,52931,14550,22.0,125,0,0
1768228068180580,52931,14550,27.0,152,0,0
1768228068181800,52931,14550,45.0,62,0,0
1768228068187662,52931,14550,26.0,42,0,0
1768228068191051,52931,14550,32.0,36,0,0
1768228068194238,52931,14550,62.0,65,0,0
1768228068198872,52931,14550,49.0,27,0,0
1768228068200421,52931,14550,44.0,116,0,0
1768228068201703,52931,14550,42.0,129,0,0
1768228068202974,52931,14550,34.0,29,0,0
1768228068204489,52931,14550,34.0,137,0,0
1768228068205711,52931,14550,60.0,24,0,0
1768228068207846,52931,14550,53.0,124,0,0
1768228068209508,52931,14550,31.0,2,0,0
1768228068210851,52931,14550,64.0,164,0,0
1768228068212171,52931,14550,24.0,168,0,0
1768228068213572,52931,14550,42.0,136,0,0
1768228068214884,52931,14550,42.0,193,0,0
1768228068216407,52931,14550,48.0,32,0,0
1768228068217859,52931,14550,40.0,241,0,0
1768228068219394,52931,14550,70.0,87,0,0
1768228068221158,52931,14550,61.0,147,0,0
1768228068222819,52931,14550,64.0,11030,0,0
1768228068231231,5760,58419,,0,1,0
1768228068232327,52931,14550,29.0,0,0,0
1768228068323067,5760,58419,,264,1,0
1768228068324311,52931,14550,47.0,264,0,0
1768228068407095,52931,14550,48.0,163,0,0
1768228068408247,52931,14550,44.0,178,0,0
1768228068409532,52931,14550,48.0,30,0,0
1768228068411956,52931,14550,48.0,33,0,0
1768228068413924,52931,14550,39.0,74,0,0
1768228068419034,52931,14550,51.0,1,0,0
1768228068422990,52931,14550,22.0,125,0,0
1768228068424579,52931,14550,27.0,152,0,0
1768228068426033,52931,14550,45.0,62,0,0
1768228068428125,52931,14550,26.0,42,0,0
1768228068431205,52931,14550,32.0,36,0,0
1768228068432447,52931,14550,62.0,65,0,0
1768228068434072,52931,14550,49.0,27,0,0
1768228068435334,52931,14550,44.0,116,0,0
1768228068436678,52931,14550,42.0,129,0,0
1768228068438179,52931,14550,34.0,29,0,0
1768228068439534,52931,14550,34.0,137,0,0
1768228068440856,52931,14550,60.0,24,0,0
1768228068442875,52931,14550,53.0,124,0,0
1768228068444796,52931,14550,31.0,2,0,0
1768228068445994,52931,14550,64.0,164,0,0
1768228068447568,52931,14550,24.0,168,0,0
1768228068449112,52931,14550,42.0,136,0,0
1768228068450374,52931,14550,42.0,193,0,0
1768228068452123,52931,14550,48.0,32,0,0
1768228068453300,52931,14550,40.0,241,0,0
1768228068454513,52931,14550,70.0,87,0,0
1768228068456635,52931,14550,61.0,147,0,0
1768228068458339,52931,14550,64.0,11030,0,0
1768228068653515,52931,14550,45.0,22,0,0
1768228068656626,52931,14550,45.0,22,0,0
1768228068659455,52931,14550,45.0,22,0,0
1768228068664053,52931,14550,48.0,163,0,0
1768228068666781,52931,14550,44.0,178,0,0
1768228068668336,52931,14550,48.0,30,0,0
1768228068670669,52931,14550,48.0,33,0,0
1768228068671992,52931,14550,39.0,74,0,0
1768228068676537,52931,14550,51.0,1,0,0
1768228068681798,52931,14550,22.0,125,0,0
1768228068684001,52931,14550,27.0,152,0,0
1768228068685242,52931,14550,45.0,62,0,0
1768228068688678,52931,14550,26.0,42,0,0
1768228068692708,52931,14550,32.0,36,0,0
1768228068695715,52931,14550,62.0,65,0,0
1768228068698214,52931,14550,49.0,27,0,0
1768228068701711,52931,14550,44.0,116,0,0
1768228068704027,52931,14550,42.0,129,0,0
1768228068707180,52931,14550,34.0,29,0,0
1768228068710492,52931,14550,34.0,137,0,0
1768228068712647,52931,14550,60.0,24,0,0
1768228068716733,52931,14550,53.0,124,0,0
1768228068719294,52931,14550,31.0,2,0,0
1768228068721115,52931,14550,64.0,164,0,0
1768228068723395,52931,14550,24.0,168,0,0
1768228068725238,52931,14550,42.0,136,0,0
1768228068726425,52931,14550,42.0,193,0,0
1768228068729486,52931,14550,48.0,32,0,0
1768228068731362,52931,14550,40.0,241,0,0
1768228068733302,52931,14550,70.0,87,0,0
1768228068735474,52931,14550,61.0,147,0,0
1768228068740682,52931,14550,64.0,11030,0,0
1768228068827552,5760,58419,,264,1,0
1768228068828658,52931,14550,47.0,264,0,0
1768228068915538,52931,14550,48.0,163,0,0
1768228068917616,52931,14550,44.0,178,0,0
1768228068920527,52931,14550,48.0,30,0,0
1768228068922885,52931,14550,48.0,33,0,0
1768228068925504,52931,14550,39.0,74,0,0
1768228068928838,52931,14550,51.0,1,0,0
1768228068932089,52931,14550,22.0,125,0,0
1768228068935180,52931,14550,27.0,152,0,0
1768228068936788,52931,14550,45.0,62,0,0
1768228068938739,52931,14550,26.0,42,0,0
1768228068941467,52931,14550,32.0,36,0,0
1768228068942714,52931,14550,62.0,65,0,0
1768228068944012,52931,14550,49.0,27,0,0
1768228068945675,52931,14550,44.0,116,0,0
1768228068946996,52931,14550,42.0,129,0,0
1768228068948704,52931,14550,34.0,29,0,0
1768228068949966,52931,14550,34.0,137,0,0
1768228068951395,52931,14550,60.0,24,0,0
1768228068953240,52931,14550,53.0,124,0,0
1768228068955314,52931,14550,31.0,2,0,0
1768228068956567,52931,14550,64.0,164,0,0
1768228068958010,52931,14550,24.0,168,0,0
1768228068959403,52931,14550,42.0,136,0,0
1768228068961048,52931,14550,42.0,193,0,0
1768228068962918,52931,14550,48.0,32,0,0
1768228068964444,52931,14550,40.0,241,0,0
1768228068965998,52931,14550,70.0,87,0,0
1768228068967764,52931,14550,61.0,147,0,0
1768228068969041,52931,14550,64.0,11030,0,0
1768228069026859,58419,5760,,0,1,0
1768228069165969,52931,14550,48.0,163,0,0
1768228069168200,52931,14550,44.0,178,0,0
1768228069171160,52931,14550,48.0,30,0,0
1768228069173788,52931,14550,48.0,33,0,0
1768228069175581,52931,14550,39.0,74,0,0
1768228069181219,52931,14550,51.0,1,0,0
1768228069188874,52931,14550,22.0,125,0,0
1768228069192333,52931,14550,27.0,152,0,0
1768228069195560,52931,14550,45.0,62,0,0
1768228069200252,52931,14550,26.0,42,0,0
1768228069205670,52931,14550,32.0,36,0,0
1768228069207009,52931,14550,62.0,65,0,0
1768228069208879,52931,14550,49.0,27,0,0
1768228069210092,52931,14550,44.0,116,0,0
1768228069212075,52931,14550,42.0,129,0,0
1768228069213868,52931,14550,34.0,29,0,0
1768228069216041,52931,14550,34.0,137,0,0
1768228069219316,52931,14550,60.0,24,0,0
1768228069222220,52931,14550,53.0,124,0,0
1768228069225329,52931,14550,31.0,2,0,0
1768228069227150,52931,14550,64.0,164,0,0
1768228069229522,52931,14550,24.0,168,0,0
1768228069231829,52931,14550,42.0,136,0,0
1768228069233258,52931,14550,42.0,193,0,0
1768228069234492,5760,58419,,0,1,0
1768228069234637,52931,14550,48.0,32,0,0
1768228069236107,52931,14550,40.0,241,0,0
1768228069237455,52931,14550,70.0,87,0,0
1768228069238893,52931,14550,61.0,147,0,0
1768228069240727,52931,14550,64.0,11030,0,0
1768228069243255,52931,14550,29.0,0,0,0
1768228069326870,5760,58419,,264,1,0
1768228069327988,52931,14550,47.0,264,0,0
1768228069413092,52931,14550,48.0,163,0,0
1768228069415026,52931,14550,44.0,178,0,0
1768228069417231,52931,14550,48.0,30,0,0
1768228069419461,52931,14550,48.0,33,0,0
1768228069422945,52931,14550,39.0,74,0,0
1768228069426667,52931,14550,51.0,1,0,0
1768228069429026,52931,14550,22.0,125,0,0
1768228069431495,52931,14550,27.0,152,0,0
1768228069432957,52931,14550,45.0,62,0,0
1768228069435252,52931,14550,26.0,42,0,0
1768228069437236,52931,14550,32.0,36,0,0
1768228069438460,52931,14550,62.0,65,0,0
1768228069440097,52931,14550,49.0,27,0,0
1768228069441668,52931,14550,44.0,116,0,0
1768228069443261,52931,14550,42.0,129,0,0
1768228069444641,52931,14550,34.0,29,0,0
1768228069445881,52931,14550,34.0,137,0,0
1768228069447398,52931,14550,60.0,24,0,0
1768228069449501,52931,14550,53.0,124,0,0
1768228069450926,52931,14550,31.0,2,0,0
1768228069452105,52931,14550,64.0,164,0,0
1768228069453818,52931,14550,24.0,168,0,0
1768228069455192,52931,14550,42.0,136,0,0
1768228069456679,52931,14550,42.0,193,0,0
1768228069458300,52931,14550,48.0,32,0,0
1768228069459789,52931,14550,40.0,241,0,0
1768228069461078,52931,14550,70.0,87,0,0
1768228069462938,52931,14550,61.0,147,0,0
1768228069464481,52931,14550,64.0,11030,0,0
1768228069665509,52931,14550,48.0,163,0,0
1768228069667647,52931,14550,44.0,178,0,0
1768228069671111,52931,14550,48.0,30,0,0
1768228069674363,52931,14550,48.0,33,0,0
1768228069676808,52931,14550,39.0,74,0,0
1768228069681739,52931,14550,51.0,1,0,0
1768228069686644,52931,14550,22.0,125,0,0
1768228069691542,52931,14550,27.0,152,0,0
1768228069693546,52931,14550,45.0,62,0,0
1768228069697460,52931,14550,26.0,42,0,0
1768228069702942,52931,14550,32.0,36,0,0
1768228069705097,52931,14550,62.0,65,0,0
1768228069706913,52931,14550,49.0,27,0,0
1768228069708388,52931,14550,44.0,116,0,0
1768228069711733,52931,14550,42.0,129,0,0
1768228069715059,52931,14550,34.0,29,0,0
1768228069717226,52931,14550,34.0,137,0,0
1768228069719232,52931,14550,60.0,24,0,0
1768228069721658,52931,14550,53.0,124,0,0
1768228069725505,52931,14550,31.0,2,0,0
1768228069728795,52931,14550,64.0,164,0,0
1768228069731070,52931,14550,24.0,168,0,0
1768228069734179,52931,14550,42.0,136,0,0
1768228069735933,52931,14550,42.0,193,0,0
1768228069737419,52931,14550,48.0,32,0,0
1768228069739976,52931,14550,40.0,241,0,0
1768228069741603,52931,14550,70.0,87,0,0
1768228069743876,52931,14550,61.0,147,0,0
1768228069746328,52931,14550,64.0,11030,0,0
1768228069831488,5760,58419,,264,1,0
1768228069832569,52931,14550,47.0,264,0,0
1768228069916198,52931,14550,48.0,163,0,0
1768228069919614,52931,14550,44.0,178,0,0
1768228069921175,52931,14550,48.0,30,0,0
1768228069922939,52931,14550,48.0,33,0,0
1768228069924979,52931,14550,39.0,74,0,0
1768228069927849,52931,14550,51.0,1,0,0
1768228069930424,52931,14550,22.0,125,0,0
1768228069932941,52931,14550,27.0,152,0,0
1768228069934379,52931,14550,45.0,62,0,0
1768228069938087,52931,14550,26.0,42,0,0
1768228069941397,52931,14550,32.0,36,0,0
1768228069942766,52931,14550,62.0,65,0,0
1768228069945045,52931,14550,49.0,27,0,0
1768228069946589,52931,14550,44.0,116,0,0
1768228069947928,52931,14550,42.0,129,0,0
1768228069949439,52931,14550,34.0,29,0,0
1768228069950900,52931,14550,34.0,137,0,0
1768228069952092,52931,14550,60.0,24,0,0
1768228069953997,52931,14550,53.0,124,0,0
1768228069955808,52931,14550,31.0,2,0,0
1768228069957362,52931,14550,64.0,164,0,0
1768228069958815,52931,14550,24.0,168,0,0
1768228069960254,52931,14550,42.0,136,0,0
1768228069961675,52931,14550,42.0,193,0,0
1768228069963707,52931,14550,48.0,32,0,0
1768228069964923,52931,14550,40.0,241,0,0
1768228069966124,52931,14550,70.0,87,0,0
1768228069967851,52931,14550,61.0,147,0,0
1768228069969140,52931,14550,64.0,11030,0,0
1768228070037506,58419,5760,,0,1,0
1768228070169299,52931,14550,48.0,163,0,0
1768228070172411,52931,14550,44.0,178,0,0
1768228070173674,52931,14550,48.0,30,0,0
1768228070175856,52931,14550,48.0,33,0,0
1768228070179381,52931,14550,39.0,74,0,0
1768228070183728,52931,14550,51.0,1,0,0
1768228070190215,52931,14550,22.0,125,0,0
1768228070193078,52931,14550,27.0,152,0,0
1768228070194950,52931,14550,45.0,62,0,0
1768228070198656,52931,14550,26.0,42,0,0
1768228070201418,52931,14550,32.0,36,0,0
1768228070202697,52931,14550,62.0,65,0,0
1768228070205545,52931,14550,49.0,27,0,0
1768228070208744,52931,14550,44.0,116,0,0
1768228070211690,52931,14550,42.0,129,0,0
1768228070213490,52931,14550,34.0,29,0,0
1768228070215412,52931,14550,34.0,137,0,0
1768228070217963,52931,14550,60.0,24,0,0
1768228070221222,52931,14550,53.0,124,0,0
1768228070223347,52931,14550,31.0,2,0,0
1768228070225271,52931,14550,64.0,164,0,0
1768228070226537,52931,14550,24.0,168,0,0
1768228070228478,52931,14550,42.0,136,0,0
1768228070229666,52931,14550,42.0,193,0,0
1768228070231680,52931,14550,48.0,32,0,0
1768228070233803,52931,14550,40.0,241,0,0
1768228070235926,52931,14550,70.0,87,0,0
1768228070238717,52931,14550,61.0,147,0,0
1768228070241526,52931,14550,64.0,11030,0,0
1768228070244481,5760,58419,,0,1,0
1768228070246309,52931,14550,29.0,0,0,0
1768228070332119,5760,58419,,264,1,0
1768228070333505,52931,14550,47.0,264,0,0
1768228070418404,52931,14550,48.0,163,0,0
1768228070420054,52931,14550,44.0,178,0,0
1768228070421772,52931,14550,48.0,30,0,0
1768228070425327,52931,14550,48.0,33,0,0
1768228070428265,52931,14550,39.0,74,0,0
1768228070431436,52931,14550,51.0,1,0,0
1768228070433516,52931,14550,22.0,125,0,0
1768228070435539,52931,14550,27.0,152,0,0
1768228070436830,52931,14550,45.0,62,0,0
1768228070438927,52931,14550,26.0,42,0,0
1768228070441425,52931,14550,32.0,36,0,0
1768228070442953,52931,14550,62.0,65,0,0
1768228070444373,52931,14550,49.0,27,0,0
1768228070445591,52931,14550,44.0,116,0,0
1768228070447083,52931,14550,42.0,129,0,0
1768228070448407,52931,14550,34.0,29,0,0
1768228070450086,52931,14550,34.0,137,0,0
1768228070451316,52931,14550,60.0,24,0,0
1768228070452974,52931,14550,53.0,124,0,0
1768228070454871,52931,14550,31.0,2,0,0
1768228070456323,52931,14550,64.0,164,0,0
1768228070457624,52931,14550,24.0,168,0,0
1768228070459022,52931,14550,42.0,136,0,0
1768228070460218,52931,14550,42.0,193,0,0
1768228070462001,52931,14550,48.0,32,0,0
1768228070463470,52931,14550,40.0,241,0,0
1768228070464985,52931,14550,70.0,87,0,0
1768228070466712,52931,14550,61.0,147,0,0
1768228070468465,52931,14550,64.0,11030,0,0
1768228070675229,52931,14550,48.0,163,0,0
1768228070677810,52931,14550,44.0,178,0,0
1768228070679055,52931,14550,48.0,30,0,0
1768228070681813,52931,14550,48.0,33,0,0
1768228070684145,52931,14550,39.0,74,0,0
1768228070688918,52931,14550,51.0,1,0,0
1768228070695509,52931,14550,22.0,125,0,0
1768228070698205,52931,14550,27.0,152,0,0
1768228070700455,52931,14550,45.0,62,0,0
1768228070705685,52931,14550,26.0,42,0,0
1768228070708161,52931,14550,32.0,36,0,0
1768228070710788,52931,14550,62.0,65,0,0
1768228070714538,52931,14550,49.0,27,0,0
1768228070716373,52931,14550,44.0,116,0,0
1768228070719805,52931,14550,42.0,129,0,0
1768228070721600,52931,14550,34.0,29,0,0
1768228070724280,52931,14550,34.0,137,0,0
1768228070726494,52931,14550,60.0,24,0,0
1768228070730930,52931,14550,53.0,124,0,0
1768228070733321,52931,14550,31.0,2,0,0
1768228070734702,52931,14550,64.0,164,0,0
1768228070737413,52931,14550,24.0,168,0,0
1768228070739309,52931,14550,42.0,136,0,0
1768228070740593,52931,14550,42.0,193,0,0
1768228070743292,52931,14550,48.0,32,0,0
1768228070744904,52931,14550,40.0,241,0,0
1768228070746764,52931,14550,70.0,87,0,0
1768228070751709,52931,14550,61.0,147,0,0
1768228070753452,52931,14550,64.0,11030,0,0
1768228070836639,5760,58419,,264,1,0
1768228070837658,52931,14550,47.0,264,0,0
1768228070927044,52931,14550,48.0,163,0,0
1768228070930157,52931,14550,44.0,178,0,0
1768228070931418,52931,14550,48.0,30,0,0
1768228070933633,52931,14550,48.0,33,0,0
1768228070934953,52931,14550,39.0,74,0,0
1768228070937857,52931,14550,51.0,1,0,0
1768228070940049,52931,14550,22.0,125,0,0
1768228070941874,52931,14550,27.0,152,0,0
1768228070943424,52931,14550,45.0,62,0,0
1768228070945638,52931,14550,26.0,42,0,0
1768228070948547,52931,14550,32.0,36,0,0
1768228070949922,52931,14550,62.0,65,0,0
1768228070951182,52931,14550,49.0,27,0,0
1768228070952813,52931,14550,44.0,116,0,0
1768228070954247,52931,14550,42.0,129,0,0
1768228070955526,52931,14550,34.0,29,0,0
1768228070957130,52931,14550,34.0,137,0,0
1768228070959033,52931,14550,60.0,24,0,0
1768228070960717,52931,14550,53.0,124,0,0
1768228070962381,52931,14550,31.0,2,0,0
1768228070964106,52931,14550,64.0,164,0,0
1768228070965399,52931,14550,24.0,168,0,0
1768228070966965,52931,14550,42.0,136,0,0
1768228070968801,52931,14550,42.0,193,0,0
1768228070970481,52931,14550,48.0,32,0,0
1768228070972273,52931,14550,40.0,241,0,0
1768228070973886,52931,14550,70.0,87,0,0
1768228070975986,52931,14550,61.0,147,0,0
1768228070977356,52931,14550,64.0,11030,0,0
1768228071046812,58419,5760,,0,1,0
1768228071177020,52931,14550,48.0,163,0,0
1768228071178685,52931,14550,44.0,178,0,0
1768228071180569,52931,14550,48.0,30,0,0
1768228071183316,52931,14550,48.0,33,0,0
1768228071185095,52931,14550,39.0,74,0,0
1768228071189272,52931,14550,51.0,1,0,0
1768228071193804,52931,14550,22.0,125,0,0
1768228071197701,52931,14550,27.0,152,0,0
1768228071198923,52931,14550,45.0,62,0,0
1768228071202393,52931,14550,26.0,42,0,0
1768228071205738,52931,14550,32.0,36,0,0
1768228071208290,52931,14550,62.0,65,0,0
1768228071210074,52931,14550,49.0,27,0,0
1768228071215228,52931,14550,44.0,116,0,0
1768228071216524,52931,14550,42.0,129,0,0
1768228071219809,52931,14550,34.0,29,0,0
1768228071221595,52931,14550,34.0,137,0,0
1768228071224762,52931,14550,60.0,24,0,0
1768228071227073,52931,14550,53.0,124,0,0
1768228071231697,52931,14550,31.0,2,0,0
1768228071233514,52931,14550,64.0,164,0,0
1768228071234691,52931,14550,24.0,168,0,0
1768228071236698,52931,14550,42.0,136,0,0
1768228071237885,52931,14550,42.0,193,0,0
1768228071239619,52931,14550,48.0,32,0,0
1768228071241894,52931,14550,40.0,241,0,0
1768228071243601,52931,14550,70.0,87,0,0
1768228071247010,52931,14550,61.0,147,0,0
1768228071249545,52931,14550,64.0,11030,0,0
1768228071250184,5760,58419,,0,1,0
1768228071252517,52931,14550,29.0,0,0,0
1768228071340966,5760,58419,,264,1,0
1768228071341939,52931,14550,47.0,264,0,0
1768228071426467,52931,14550,48.0,163,0,0
1768228071428826,52931,14550,44.0,178,0,0
1768228071430206,52931,14550,48.0,30,0,0
1768228071432829,52931,14550,48.0,33,0,0
1768228071434235,52931,14550,39.0,74,0,0
1768228071439211,52931,14550,51.0,1,0,0
1768228071441612,52931,14550,22.0,125,0,0
1768228071443536,52931,14550,27.0,152,0,0
1768228071445204,52931,14550,45.0,62,0,0
1768228071447666,52931,14550,26.0,42,0,0
1768228071450312,52931,14550,32.0,36,0,0
1768228071451548,52931,14550,62.0,65,0,0
1768228071453169,52931,14550,49.0,27,0,0
1768228071454760,52931,14550,44.0,116,0,0
1768228071456721,52931,14550,42.0,129,0,0
1768228071458811,52931,14550,34.0,29,0,0
1768228071460423,52931,14550,34.0,137,0,0
1768228071461946,52931,14550,60.0,24,0,0
1768228071466895,52931,14550,53.0,124,0,0
1768228071469586,52931,14550,31.0,2,0,0
1768228071471176,52931,14550,64.0,164,0,0
1768228071473505,52931,14550,24.0,168,0,0
1768228071475094,52931,14550,42.0,136,0,0
1768228071476385,52931,14550,42.0,193,0,0
1768228071478083,52931,14550,48.0,32,0,0
1768228071479427,52931,14550,40.0,241,0,0
1768228071480683,52931,14550,70.0,87,0,0
1768228071482751,52931,14550,61.0,147,0,0
1768228071484034,52931,14550,64.0,11030,0,0
1768228071677272,52931,14550,48.0,163,0,0
1768228071679280,52931,14550,44.0,178,0,0
1768228071680982,52931,14550,48.0,30,0,0
1768228071684519,52931,14550,48.0,33,0,0
1768228071686544,52931,14550,39.0,74,0,0
1768228071691561,52931,14550,51.0,1,0,0
1768228071700130,52931,14550,22.0,125,0,0
1768228071702657,52931,14550,27.0,152,0,0
1768228071705186,52931,14550,45.0,62,0,0
1768228071711136,52931,14550,26.0,42,0,0
1768228071715914,52931,14550,32.0,36,0,0
1768228071717340,52931,14550,62.0,65,0,0
1768228071719075,52931,14550,49.0,27,0,0
1768228071720539,52931,14550,44.0,116,0,0
1768228071722169,52931,14550,42.0,129,0,0
1768228071724547,52931,14550,34.0,29,0,0
1768228071728393,52931,14550,34.0,137,0,0
1768228071731581,52931,14550,60.0,24,0,0
1768228071739687,52931,14550,53.0,124,0,0
1768228071742654,52931,14550,31.0,2,0,0
1768228071744992,52931,14550,64.0,164,0,0
1768228071746555,52931,14550,24.0,168,0,0
1768228071748145,52931,14550,42.0,136,0,0
1768228071749883,52931,14550,42.0,193,0,0
1768228071751990,52931,14550,48.0,32,0,0
1768228071753521,52931,14550,40.0,241,0,0
1768228071755008,52931,14550,70.0,87,0,0
1768228071757012,52931,14550,61.0,147,0,0
1768228071758279,52931,14550,64.0,11030,0,0
1768228071841880,5760,58419,,264,1,0
1768228071843321,52931,14550,47.0,264,0,0
1768228071929340,52931,14550,48.0,163,0,0
1768228071931912,52931,14550,44.0,178,0,0
1768228071933217,52931,14550,48.0,30,0,0
1768228071936590,52931,14550,48.0,33,0,0
1768228071938635,52931,14550,39.0,74,0,0
1768228071943551,52931,14550,51.0,1,0,0
1768228071949314,52931,14550,22.0,125,0,0
1768228071950955,52931,14550,27.0,152,0,0
1768228071952211,52931,14550,45.0,62,0,0
1768228071954873,52931,14550,26.0,42,0,0
1768228071957287,52931,14550,32.0,36,0,0
1768228071958801,52931,14550,62.0,65,0,0
1768228071960239,52931,14550,49.0,27,0,0
1768228071961634,52931,14550,44.0,116,0,0
1768228071963252,52931,14550,42.0,129,0,0
1768228071965003,52931,14550,34.0,29,0,0
1768228071967208,52931,14550,34.0,137,0,0
1768228071968491,52931,14550,60.0,24,0,0
1768228071970851,52931,14550,53.0,124,0,0
1768228071972571,52931,14550,31.0,2,0,0
1768228071974018,52931,14550,64.0,164,0,0
1768228071975286,52931,14550,24.0,168,0,0
1768228071977015,52931,14550,42.0,136,0,0
1768228071978617,52931,14550,42.0,193,0,0
1768228071980375,52931,14550,48.0,32,0,0
1768228071982292,52931,14550,40.0,241,0,0
1768228071983721,52931,14550,70.0,87,0,0
1768228071985483,52931,14550,61.0,147,0,0
1768228071987154,52931,14550,64.0,11030,0,0
1768228072056590,58419,5760,,0,1,0
1768228072183210,52931,14550,48.0,163,0,0
1768228072186511,52931,14550,44.0,178,0,0
1768228072188609,52931,14550,48.0,30,0,0
1768228072193004,52931,14550,48.0,33,0,0
1768228072196131,52931,14550,39.0,74,0,0
1768228072200837,52931,14550,51.0,1,0,0
1768228072206519,52931,14550,22.0,125,0,0
1768228072209195,52931,14550,27.0,152,0,0
1768228072210857,52931,14550,45.0,62,0,0
1768228072213506,52931,14550,26.0,42,0,0
1768228072217748,52931,14550,32.0,36,0,0
1768228072219030,52931,14550,62.0,65,0,0
1768228072222915,52931,14550,49.0,27,0,0
1768228072224249,52931,14550,44.0,116,0,0
1768228072225446,52931,14550,42.0,129,0,0
1768228072228393,52931,14550,34.0,29,0,0
1768228072230288,52931,14550,34.0,137,0,0
1768228072232410,52931,14550,60.0,24,0,0
1768228072234365,52931,14550,53.0,124,0,0
1768228072237349,52931,14550,31.0,2,0,0
1768228072240945,52931,14550,64.0,164,0,0
1768228072242669,52931,14550,24.0,168,0,0
1768228072244106,52931,14550,42.0,136,0,0
1768228072245292,52931,14550,42.0,193,0,0
1768228072248579,52931,14550,48.0,32,0,0
1768228072250467,52931,14550,40.0,241,0,0
1768228072251321,5760,58419,,0,1,0
1768228072252909,52931,14550,70.0,87,0,0
1768228072254814,52931,14550,61.0,147,0,0
1768228072256566,52931,14550,64.0,11030,0,0
1768228072260299,52931,14550,29.0,0,0,0
1768228072348716,5760,58419,,264,1,0
1768228072349790,52931,14550,47.0,264,0,0
1768228072434032,52931,14550,48.0,163,0,0
1768228072435651,52931,14550,44.0,178,0,0
1768228072439164,52931,14550,48.0,30,0,0
1768228072441161,52931,14550,48.0,33,0,0
1768228072442677,52931,14550,39.0,74,0,0
1768228072445575,52931,14550,51.0,1,0,0
1768228072447860,52931,14550,22.0,125,0,0
1768228072449379,52931,14550,27.0,152,0,0
1768228072450583,52931,14550,45.0,62,0,0
1768228072453057,52931,14550,26.0,42,0,0
1768228072455917,52931,14550,32.0,36,0,0
1768228072457424,52931,14550,62.0,65,0,0
1768228072459014,52931,14550,49.0,27,0,0
1768228072460529,52931,14550,44.0,116,0,0
1768228072461936,52931,14550,42.0,129,0,0
1768228072463548,52931,14550,34.0,29,0,0
1768228072464876,52931,14550,34.0,137,0,0
1768228072466965,52931,14550,60.0,24,0,0
1768228072469271,52931,14550,53.0,124,0,0
1768228072470703,52931,14550,31.0,2,0,0
1768228072472147,52931,14550,64.0,164,0,0
1768228072473493,52931,14550,24.0,168,0,0
1768228072475128,52931,14550,42.0,136,0,0
1768228072476358,52931,14550,42.0,193,0,0
1768228072478316,52931,14550,48.0,32,0,0
1768228072479608,52931,14550,40.0,241,0,0
1768228072480980,52931,14550,70.0,87,0,0
1768228072482479,52931,14550,61.0,147,0,0
1768228072484263,52931,14550,64.0,11030,0,0
1768228072686780,52931,14550,48.0,163,0,0
1768228072689389,52931,14550,44.0,178,0,0
1768228072690667,52931,14550,48.0,30,0,0
1768228072692680,52931,14550,48.0,33,0,0
1768228072696874,52931,14550,39.0,74,0,0
1768228072702870,52931,14550,51.0,1,0,0
1768228072709005,52931,14550,22.0,125,0,0
1768228072711346,52931,14550,27.0,152,0,0
1768228072713506,52931,14550,45.0,62,0,0
1768228072717103,52931,14550,26.0,42,0,0
1768228072725960,52931,14550,32.0,36,0,0
1768228072727742,52931,14550,62.0,65,0,0
1768228072730177,52931,14550,49.0,27,0,0
1768228072731702,52931,14550,44.0,116,0,0
1768228072733656,52931,14550,42.0,129,0,0
1768228072736589,52931,14550,34.0,29,0,0
1768228072738527,52931,14550,34.0,137,0,0
1768228072739795,52931,14550,60.0,24,0,0
1768228072743540,52931,14550,53.0,124,0,0
1768228072748340,52931,14550,31.0,2,0,0
1768228072751002,52931,14550,64.0,164,0,0
1768228072752667,52931,14550,24.0,168,0,0
1768228072754413,52931,14550,42.0,136,0,0
1768228072756296,52931,14550,42.0,193,0,0
1768228072757775,52931,14550,48.0,32,0,0
1768228072760433,52931,14550,40.0,241,0,0
1768228072762935,52931,14550,70.0,87,0,0
1768228072765164,52931,14550,61.0,147,0,0
1768228072766589,52931,14550,64.0,11030,0,0
1768228072848427,5760,58419,,264,1,0
1768228072849639,52931,14550,47.0,264,0,0
1768228072933796,52931,14550,48.0,163,0,0
1768228072935939,52931,14550,44.0,178,0,0
1768228072937989,52931,14550,48.0,30,0,0
1768228072940774,52931,14550,48.0,33,0,0
1768228072946055,52931,14550,39.0,74,0,0
1768228072948699,52931,14550,51.0,1,0,0
1768228072951011,52931,14550,22.0,125,0,0
1768228072952773,52931,14550,27.0,152,0,0
1768228072954145,52931,14550,45.0,62,0,0
1768228072956670,52931,14550,26.0,42,0,0
1768228072958650,52931,14550,32.0,36,0,0
1768228072959881,52931,14550,62.0,65,0,0
1768228072961814,52931,14550,49.0,27,0,0
1768228072963485,52931,14550,44.0,116,0,0
1768228072964963,52931,14550,42.0,129,0,0
1768228072966328,52931,14550,34.0,29,0,0
1768228072967861,52931,14550,34.0,137,0,0
1768228072969109,52931,14550,60.0,24,0,0
1768228072970983,52931,14550,53.0,124,0,0
1768228072972937,52931,14550,31.0,2,0,0
1768228072974394,52931,14550,64.0,164,0,0
1768228072975894,52931,14550,24.0,168,0,0
1768228072977718,52931,14550,42.0,136,0,0
1768228072979095,52931,14550,42.0,193,0,0
1768228072980608,52931,14550,48.0,32,0,0
1768228072981800,52931,14550,40.0,241,0,0
1768228072983383,52931,14550,70.0,87,0,0
1768228072985088,52931,14550,61.0,147,0,0
1768228072986919,52931,14550,64.0,11030,0,0
1768228073057810,58419,5760,,0,1,0
1768228073158334,52931,14550,21.0,46,0,0
1768228073163644,52931,14550,40.0,253,0,0
1768228073165422,52931,14550,35.0,253,0,0
1768228073188830,52931,14550,48.0,163,0,0
1768228073190185,52931,14550,44.0,178,0,0
1768228073192241,52931,14550,48.0,30,0,0
1768228073195433,52931,14550,48.0,33,0,0
1768228073197510,52931,14550,39.0,74,0,0
1768228073200925,52931,14550,51.0,1,0,0
1768228073203434,52931,14550,22.0,125,0,0
1768228073205296,52931,14550,27.0,152,0,0
1768228073206552,52931,14550,45.0,62,0,0
1768228073208713,52931,14550,26.0,42,0,0
1768228073211571,52931,14550,32.0,36,0,0
1768228073213198,52931,14550,62.0,65,0,0
1768228073214751,52931,14550,49.0,27,0,0
1768228073216289,52931,14550,44.0,116,0,0
1768228073217633,52931,14550,42.0,129,0,0
1768228073219104,52931,14550,34.0,29,0,0
1768228073220541,52931,14550,34.0,137,0,0
1768228073221771,52931,14550,60.0,24,0,0
1768228073223421,52931,14550,53.0,124,0,0
1768228073225529,52931,14550,31.0,2,0,0
1768228073226956,52931,14550,64.0,164,0,0
1768228073228735,52931,14550,24.0,168,0,0
1768228073230181,52931,14550,42.0,136,0,0
1768228073231935,52931,14550,42.0,193,0,0
1768228073233535,52931,14550,48.0,32,0,0
1768228073234730,52931,14550,40.0,241,0,0
1768228073236083,52931,14550,70.0,87,0,0
1768228073237995,52931,14550,61.0,147,0,0
1768228073240086,52931,14550,64.0,11030,0,0
1768228073262546,5760,58419,,0,1,0
1768228073263643,52931,14550,29.0,0,0,0
1768228073279868,5760,58419,,111,1,0
1768228073280810,52931,14550,33.0,111,0,0
1768228073355654,5760,58419,,264,1,0
1768228073356792,52931,14550,47.0,264,0,0
1768228073437348,52931,14550,48.0,163,0,0
1768228073439032,52931,14550,44.0,178,0,0
1768228073440792,52931,14550,48.0,30,0,0
1768228073443511,52931,14550,48.0,33,0,0
1768228073445790,52931,14550,39.0,74,0,0
1768228073451542,52931,14550,51.0,1,0,0
1768228073453943,52931,14550,22.0,125,0,0
1768228073455753,52931,14550,27.0,152,0,0
1768228073456994,52931,14550,45.0,62,0,0
1768228073459768,52931,14550,26.0,42,0,0
1768228073462141,52931,14550,32.0,36,0,0
1768228073463387,52931,14550,62.0,65,0,0
1768228073464783,52931,14550,49.0,27,0,0
1768228073466326,52931,14550,44.0,116,0,0
1768228073467721,52931,14550,42.0,129,0,0
1768228073469177,52931,14550,34.0,29,0,0
1768228073470637,52931,14550,34.0,137,0,0
1768228073472250,52931,14550,60.0,24,0,0
1768228073474330,52931,14550,53.0,124,0,0
1768228073476316,52931,14550,31.0,2,0,0
1768228073477519,52931,14550,64.0,164,0,0
1768228073479100,52931,14550,24.0,168,0,0
1768228073480554,52931,14550,42.0,136,0,0
1768228073482176,52931,14550,42.0,193,0,0
1768228073483881,52931,14550,48.0,32,0,0
1768228073485220,52931,14550,40.0,241,0,0
1768228073486831,52931,14550,70.0,87,0,0
1768228073488851,52931,14550,61.0,147,0,0
1768228073490836,52931,14550,64.0,11030,0,0
1768228073692407,52931,14550,48.0,163,0,0
1768228073694974,52931,14550,44.0,178,0,0
1768228073696833,52931,14550,48.0,30,0,0
1768228073699610,52931,14550,48.0,33,0,0
1768228073701821,52931,14550,39.0,74,0,0
1768228073706952,52931,14550,51.0,1,0,0
1768228073712012,52931,14550,22.0,125,0,0
1768228073717561,52931,14550,27.0,152,0,0
1768228073719479,52931,14550,45.0,62,0,0
1768228073726601,52931,14550,26.0,42,0,0
1768228073732326,52931,14550,32.0,36,0,0
1768228073734666,52931,14550,62.0,65,0,0
1768228073737547,52931,14550,49.0,27,0,0
1768228073738858,52931,14550,44.0,116,0,0
1768228073740577,52931,14550,42.0,129,0,0
1768228073741861,52931,14550,34.0,29,0,0
1768228073743953,52931,14550,34.0,137,0,0
1768228073747215,52931,14550,60.0,24,0,0
1768228073750336,52931,14550,53.0,124,0,0
1768228073752710,52931,14550,31.0,2,0,0
1768228073755315,52931,14550,64.0,164,0,0
1768228073756668,52931,14550,24.0,168,0,0
1768228073762126,52931,14550,42.0,136,0,0
1768228073763730,52931,14550,42.0,193,0,0
1768228073765715,52931,14550,48.0,32,0,0
1768228073767062,52931,14550,40.0,241,0,0
1768228073768631,52931,14550,70.0,87,0,0
1768228073770324,52931,14550,61.0,147,0,0
1768228073773046,52931,14550,64.0,11030,0,0
1768228073858236,5760,58419,,264,1,0
1768228073859870,52931,14550,47.0,264,0,0
1768228073941259,52931,14550,48.0,163,0,0
1768228073944155,52931,14550,44.0,178,0,0
1768228073945791,52931,14550,48.0,30,0,0
1768228073949754,52931,14550,48.0,33,0,0
1768228073951486,52931,14550,39.0,74,0,0
1768228073954291,52931,14550,51.0,1,0,0
1768228073956546,52931,14550,22.0,125,0,0
1768228073958238,52931,14550,27.0,152,0,0
1768228073959885,52931,14550,45.0,62,0,0
1768228073962110,52931,14550,26.0,42,0,0
1768228073965338,52931,14550,32.0,36,0,0
1768228073966861,52931,14550,62.0,65,0,0
1768228073968425,52931,14550,49.0,27,0,0
1768228073969602,52931,14550,44.0,116,0,0
1768228073971129,52931,14550,42.0,129,0,0
1768228073972533,52931,14550,34.0,29,0,0
1768228073974090,52931,14550,34.0,137,0,0
1768228073975353,52931,14550,60.0,24,0,0
1768228073977930,52931,14550,53.0,124,0,0
1768228073979571,52931,14550,31.0,2,0,0
1768228073981859,52931,14550,64.0,164,0,0
1768228073983579,52931,14550,24.0,168,0,0
1768228073985656,52931,14550,42.0,136,0,0
1768228073987210,52931,14550,42.0,193,0,0
1768228073989254,52931,14550,48.0,32,0,0
1768228073991503,52931,14550,40.0,241,0,0
1768228073993077,52931,14550,70.0,87,0,0
1768228073995952,52931,14550,61.0,147,0,0
1768228073997264,52931,14550,64.0,11030,0,0
1768228074067812,58419,5760,,0,1,0
1768228074192715,52931,14550,48.0,163,0,0
1768228074196254,52931,14550,44.0,178,0,0
1768228074197663,52931,14550,48.0,30,0,0
1768228074199467,52931,14550,48.0,33,0,0
1768228074200983,52931,14550,39.0,74,0,0
1768228074204145,52931,14550,51.0,1,0,0
1768228074207010,52931,14550,22.0,125,0,0
1768228074208673,52931,14550,27.0,152,0,0
1768228074209897,52931,14550,45.0,62,0,0
1768228074212201,52931,14550,26.0,42,0,0
1768228074214499,52931,14550,32.0,36,0,0
1768228074216644,52931,14550,62.0,65,0,0
1768228074218237,52931,14550,49.0,27,0,0
1768228074219675,52931,14550,44.0,116,0,0
1768228074221350,52931,14550,42.0,129,0,0
1768228074222988,52931,14550,34.0,29,0,0
1768228074224227,52931,14550,34.0,137,0,0
1768228074226307,52931,14550,60.0,24,0,0
1768228074228832,52931,14550,53.0,124,0,0
1768228074231283,52931,14550,31.0,2,0,0
1768228074232879,52931,14550,64.0,164,0,0
1768228074234093,52931,14550,24.0,168,0,0
1768228074235438,52931,14550,42.0,136,0,0
1768228074236850,52931,14550,42.0,193,0,0
1768228074238718,52931,14550,48.0,32,0,0
1768228074240139,52931,14550,40.0,241,0,0
1768228074241658,52931,14550,70.0,87,0,0
1768228074243990,52931,14550,61.0,147,0,0
1768228074245540,52931,14550,64.0,11030,0,0
1768228074263275,5760,58419,,0,1,0
1768228074264410,52931,14550,29.0,0,0,0
1768228074359826,5760,58419,,264,1,0
1768228074361180,52931,14550,47.0,264,0,0
1768228074444212,52931,14550,48.0,163,0,0
1768228074447060,52931,14550,44.0,178,0,0
1768228074449057,52931,14550,48.0,30,0,0
1768228074451272,52931,14550,48.0,33,0,0
1768228074453090,52931,14550,39.0,74,0,0
1768228074455812,52931,14550,51.0,1,0,0
1768228074462240,52931,14550,22.0,125,0,0
1768228074464546,52931,14550,27.0,152,0,0
1768228074466060,52931,14550,45.0,62,0,0
1768228074468633,52931,14550,26.0,42,0,0
1768228074470667,52931,14550,32.0,36,0,0
1768228074471996,52931,14550,62.0,65,0,0
1768228074473471,52931,14550,49.0,27,0,0
1768228074474719,52931,14550,44.0,116,0,0
1768228074476628,52931,14550,42.0,129,0,0
1768228074478569,52931,14550,34.0,29,0,0
1768228074480468,52931,14550,34.0,137,0,0
1768228074481952,52931,14550,60.0,24,0,0
1768228074483597,52931,14550,53.0,124,0,0
1768228074485717,52931,14550,31.0,2,0,0
1768228074487549,52931,14550,64.0,164,0,0
1768228074489529,52931,14550,24.0,168,0,0
1768228074491530,52931,14550,42.0,136,0,0
1768228074493328,52931,14550,42.0,193,0,0
1768228074495612,52931,14550,48.0,32,0,0
1768228074497338,52931,14550,40.0,241,0,0
1768228074498862,52931,14550,70.0,87,0,0
1768228074501869,52931,14550,61.0,147,0,0
1768228074504265,52931,14550,64.0,11030,0,0
1768228074695710,52931,14550,48.0,163,0,0
1768228074699296,52931,14550,44.0,178,0,0
1768228074702546,52931,14550,48.0,30,0,0
1768228074704907,52931,14550,48.0,33,0,0
1768228074706640,52931,14550,39.0,74,0,0
1768228074712124,52931,14550,51.0,1,0,0
1768228074719002,52931,14550,22.0,125,0,0
1768228074723174,52931,14550,27.0,152,0,0
1768228074725492,52931,14550,45.0,62,0,0
1768228074731046,52931,14550,26.0,42,0,0
1768228074733542,52931,14550,32.0,36,0,0
1768228074735519,52931,14550,62.0,65,0,0
1768228074738167,52931,14550,49.0,27,0,0
1768228074739432,52931,14550,44.0,116,0,0
1768228074741469,52931,14550,42.0,129,0,0
1768228074742712,52931,14550,34.0,29,0,0
1768228074745241,52931,14550,34.0,137,0,0
1768228074749113,52931,14550,60.0,24,0,0
1768228074751713,52931,14550,53.0,124,0,0
1768228074753647,52931,14550,31.0,2,0,0
1768228074755247,52931,14550,64.0,164,0,0
1768228074757225,52931,14550,24.0,168,0,0
1768228074759208,52931,14550,42.0,136,0,0
1768228074760925,52931,14550,42.0,193,0,0
1768228074762899,52931,14550,48.0,32,0,0
1768228074764295,52931,14550,40.0,241,0,0
1768228074765811,52931,14550,70.0,87,0,0
1768228074768526,52931,14550,61.0,147,0,0
1768228074770410,52931,14550,64.0,11030,0,0
1768228074863916,5760,58419,,264,1,0
1768228074864856,52931,14550,47.0,264,0,0
1768228074949459,52931,14550,48.0,163,0,0
1768228074952113,52931,14550,44.0,178,0,0
1768228074954094,52931,14550,48.0,30,0,0
1768228074957544,52931,14550,48.0,33,0,0
1768228074959188,52931,14550,39.0,74,0,0
1768228074963663,52931,14550,51.0,1,0,0
1768228074966455,52931,14550,22.0,125,0,0
1768228074968383,52931,14550,27.0,152,0,0
1768228074969733,52931,14550,45.0,62,0,0
1768228074971787,52931,14550,26.0,42,0,0
1768228074974814,52931,14550,32.0,36,0,0
1768228074976178,52931,14550,62.0,65,0,0
1768228074977893,52931,14550,49.0,27,0,0
1768228074979183,52931,14550,44.0,116,0,0
1768228074981152,52931,14550,42.0,129,0,0
1768228074982554,52931,14550,34.0,29,0,0
1768228074984229,52931,14550,34.0,137,0,0
1768228074985500,52931,14550,60.0,24,0,0
1768228074987451,52931,14550,53.0,124,0,0
1768228074989262,52931,14550,31.0,2,0,0
1768228074990587,52931,14550,64.0,164,0,0
1768228074991813,52931,14550,24.0,168,0,0
1768228074993502,52931,14550,42.0,136,0,0
1768228074995597,52931,14550,42.0,193,0,0
1768228074997774,52931,14550,48.0,32,0,0
1768228074999123,52931,14550,40.0,241,0,0
1768228075000628,52931,14550,70.0,87,0,0
1768228075002425,52931,14550,61.0,147,0,0
1768228075004698,52931,14550,64.0,11030,0,0
1768228075072864,58419,5760,,0,1,0
1768228075197862,52931,14550,48.0,163,0,0
1768228075200134,52931,14550,44.0,178,0,0
1768228075201823,52931,14550,48.0,30,0,0
1768228075205094,52931,14550,48.0,33,0,0
1768228075209969,52931,14550,39.0,74,0,0
1768228075215081,52931,14550,51.0,1,0,0
1768228075220714,52931,14550,22.0,125,0,0
1768228075224845,52931,14550,27.0,152,0,0
1768228075227855,52931,14550,45.0,62,0,0
1768228075230569,52931,14550,26.0,42,0,0
1768228075233632,52931,14550,32.0,36,0,0
1768228075234887,52931,14550,62.0,65,0,0
1768228075237147,52931,14550,49.0,27,0,0
1768228075238463,52931,14550,44.0,116,0,0
1768228075240845,52931,14550,42.0,129,0,0
1768228075242336,52931,14550,34.0,29,0,0
1768228075245396,52931,14550,34.0,137,0,0
1768228075246666,52931,14550,60.0,24,0,0
1768228075250241,52931,14550,53.0,124,0,0
1768228075251739,52931,14550,31.0,2,0,0
1768228075255017,52931,14550,64.0,164,0,0
1768228075256705,52931,14550,24.0,168,0,0
1768228075258983,52931,14550,42.0,136,0,0
1768228075260617,52931,14550,42.0,193,0,0
1768228075262423,52931,14550,48.0,32,0,0
1768228075264410,52931,14550,40.0,241,0,0
1768228075266104,52931,14550,70.0,87,0,0
1768228075269073,52931,14550,61.0,147,0,0
1768228075270849,52931,14550,64.0,11030,0,0
1768228075272230,5760,58419,,0,1,0
1768228075273847,52931,14550,29.0,0,0,0
1768228075367146,5760,58419,,264,1,0
1768228075368165,52931,14550,47.0,264,0,0
1768228075452673,52931,14550,48.0,163,0,0
1768228075454939,52931,14550,44.0,178,0,0
1768228075456844,52931,14550,48.0,30,0,0
1768228075460303,52931,14550,48.0,33,0,0
1768228075462262,52931,14550,39.0,74,0,0
1768228075464756,52931,14550,51.0,1,0,0
1768228075467304,52931,14550,22.0,125,0,0
1768228075469277,52931,14550,27.0,152,0,0
1768228075470475,52931,14550,45.0,62,0,0
1768228075472982,52931,14550,26.0,42,0,0
1768228075475985,52931,14550,32.0,36,0,0
1768228075477227,52931,14550,62.0,65,0,0
1768228075478475,52931,14550,49.0,27,0,0
1768228075480077,52931,14550,44.0,116,0,0
1768228075481335,52931,14550,42.0,129,0,0
1768228075482840,52931,14550,34.0,29,0,0
1768228075484134,52931,14550,34.0,137,0,0
1768228075486018,52931,14550,60.0,24,0,0
1768228075487989,52931,14550,53.0,124,0,0
1768228075490442,52931,14550,31.0,2,0,0
1768228075492385,52931,14550,64.0,164,0,0
1768228075494251,52931,14550,24.0,168,0,0
1768228075495922,52931,14550,42.0,136,0,0
1768228075498126,52931,14550,42.0,193,0,0
1768228075500156,52931,14550,48.0,32,0,0
1768228075501616,52931,14550,40.0,241,0,0
1768228075502977,52931,14550,70.0,87,0,0
1768228075505064,52931,14550,61.0,147,0,0
1768228075506408,52931,14550,64.0,11030,0,0
1768228075702606,52931,14550,48.0,163,0,0
1768228075706222,52931,14550,44.0,178,0,0
1768228075707762,52931,14550,48.0,30,0,0
1768228075710236,52931,14550,48.0,33,0,0
1768228075712685,52931,14550,39.0,74,0,0
1768228075718291,52931,14550,51.0,1,0,0
1768228075723767,52931,14550,22.0,125,0,0
1768228075727068,52931,14550,27.0,152,0,0
1768228075729059,52931,14550,45.0,62,0,0
1768228075732823,52931,14550,26.0,42,0,0
1768228075737264,52931,14550,32.0,36,0,0
1768228075739331,52931,14550,62.0,65,0,0
1768228075743248,52931,14550,49.0,27,0,0
1768228075744554,52931,14550,44.0,116,0,0
1768228075748614,52931,14550,42.0,129,0,0
1768228075750606,52931,14550,34.0,29,0,0
1768228075753618,52931,14550,34.0,137,0,0
1768228075755935,52931,14550,60.0,24,0,0
1768228075757605,52931,14550,53.0,124,0,0
1768228075759285,52931,14550,31.0,2,0,0
1768228075761355,52931,14550,64.0,164,0,0
1768228075762784,52931,14550,24.0,168,0,0
1768228075764753,52931,14550,42.0,136,0,0
1768228075766735,52931,14550,42.0,193,0,0
1768228075768397,52931,14550,48.0,32,0,0
1768228075769729,52931,14550,40.0,241,0,0
1768228075771330,52931,14550,70.0,87,0,0
1768228075773462,52931,14550,61.0,147,0,0
1768228075775150,52931,14550,64.0,11030,0,0
1768228075866162,5760,58419,,264,1,0
1768228075867216,52931,14550,47.0,264,0,0
1768228075952244,52931,14550,48.0,163,0,0
1768228075955543,52931,14550,44.0,178,0,0
1768228075957768,52931,14550,48.0,30,0,0
1768228075960049,52931,14550,48.0,33,0,0
1768228075961586,52931,14550,39.0,74,0,0
1768228075965354,52931,14550,51.0,1,0,0
1768228075968057,52931,14550,22.0,125,0,0
1768228075969860,52931,14550,27.0,152,0,0
1768228075971114,52931,14550,45.0,62,0,0
1768228075973258,52931,14550,26.0,42,0,0
1768228075975911,52931,14550,32.0,36,0,0
1768228075978007,52931,14550,62.0,65,0,0
1768228075980095,52931,14550,49.0,27,0,0
1768228075981482,52931,14550,44.0,116,0,0
1768228075983036,52931,14550,42.0,129,0,0
1768228075984449,52931,14550,34.0,29,0,0
1768228075985710,52931,14550,34.0,137,0,0
1768228075987254,52931,14550,60.0,24,0,0
1768228075989219,52931,14550,53.0,124,0,0
1768228075991240,52931,14550,31.0,2,0,0
1768228075992886,52931,14550,64.0,164,0,0
1768228075994143,52931,14550,24.0,168,0,0
1768228075995749,52931,14550,42.0,136,0,0
1768228075997107,52931,14550,42.0,193,0,0
1768228075998774,52931,14550,48.0,32,0,0
1768228076000010,52931,14550,40.0,241,0,0
1768228076001521,52931,14550,70.0,87,0,0
1768228076003362,52931,14550,61.0,147,0,0
1768228076005472,52931,14550,64.0,11030,0,0
1768228076075391,58419,5760,,0,1,0
1768228076206204,52931,14550,48.0,163,0,0
1768228076208251,52931,14550,44.0,178,0,0
1768228076209956,52931,14550,48.0,30,0,0
1768228076212182,52931,14550,48.0,33,0,0
1768228076214138,52931,14550,39.0,74,0,0
1768228076217530,52931,14550,51.0,1,0,0
1768228076223334,52931,14550,22.0,125,0,0
1768228076226344,52931,14550,27.0,152,0,0
1768228076227879,52931,14550,45.0,62,0,0
1768228076230520,52931,14550,26.0,42,0,0
1768228076233340,52931,14550,32.0,36,0,0
1768228076236407,52931,14550,62.0,65,0,0
1768228076238968,52931,14550,49.0,27,0,0
1768228076240333,52931,14550,44.0,116,0,0
1768228076241721,52931,14550,42.0,129,0,0
1768228076243695,52931,14550,34.0,29,0,0
1768228076245856,52931,14550,34.0,137,0,0
1768228076248038,52931,14550,60.0,24,0,0
1768228076254347,52931,14550,53.0,124,0,0
1768228076256110,52931,14550,31.0,2,0,0
1768228076259156,52931,14550,64.0,164,0,0
1768228076260390,52931,14550,24.0,168,0,0
1768228076263140,52931,14550,42.0,136,0,0
1768228076266036,52931,14550,42.0,193,0,0
1768228076267878,52931,14550,48.0,32,0,0
1768228076269956,52931,14550,40.0,241,0,0
1768228076271599,52931,14550,70.0,87,0,0
1768228076274338,52931,14550,61.0,147,0,0
1768228076275329,5760,58419,,0,1,0
1768228076276936,52931,14550,64.0,11030,0,0
1768228076281484,52931,14550,29.0,0,0,0
1768228076372987,5760,58419,,264,1,0
1768228076374115,52931,14550,47.0,264,0,0
1768228076454303,52931,14550,48.0,163,0,0
1768228076457369,52931,14550,44.0,178,0,0
1768228076458643,52931,14550,48.0,30,0,0
1768228076461081,52931,14550,48.0,33,0,0
1768228076463202,52931,14550,39.0,74,0,0
1768228076466544,52931,14550,51.0,1,0,0
1768228076471987,52931,14550,22.0,125,0,0
1768228076474533,52931,14550,27.0,152,0,0
1768228076475851,52931,14550,45.0,62,0,0
1768228076478456,52931,14550,26.0,42,0,0
1768228076480688,52931,14550,32.0,36,0,0
1768228076482476,52931,14550,62.0,65,0,0
1768228076484009,52931,14550,49.0,27,0,0
1768228076485269,52931,14550,44.0,116,0,0
1768228076486589,52931,14550,42.0,129,0,0
1768228076488307,52931,14550,34.0,29,0,0
1768228076489667,52931,14550,34.0,137,0,0
1768228076491125,52931,14550,60.0,24,0,0
1768228076493282,52931,14550,53.0,124,0,0
1768228076494789,52931,14550,31.0,2,0,0
1768228076496050,52931,14550,64.0,164,0,0
1768228076497390,52931,14550,24.0,168,0,0
1768228076499331,52931,14550,42.0,136,0,0
1768228076500854,52931,14550,42.0,193,0,0
1768228076502677,52931,14550,48.0,32,0,0
1768228076504171,52931,14550,40.0,241,0,0
1768228076505513,52931,14550,70.0,87,0,0
1768228076507016,52931,14550,61.0,147,0,0
1768228076508818,52931,14550,64.0,11030,0,0
1768228076708988,52931,14550,48.0,163,0,0
1768228076711472,52931,14550,44.0,178,0,0
1768228076713134,52931,14550,48.0,30,0,0
1768228076715751,52931,14550,48.0,33,0,0
1768228076719500,52931,14550,39.0,74,0,0
1768228076724440,52931,14550,51.0,1,0,0
1768228076729544,52931,14550,22.0,125,0,0
1768228076732969,52931,14550,27.0,152,0,0
1768228076736508,52931,14550,45.0,62,0,0
1768228076743313,52931,14550,26.0,42,0,0
1768228076746155,52931,14550,32.0,36,0,0
1768228076747935,52931,14550,62.0,65,0,0
1768228076750521,52931,14550,49.0,27,0,0
1768228076755147,52931,14550,44.0,116,0,0
1768228076757221,52931,14550,42.0,129,0,0
1768228076759545,52931,14550,34.0,29,0,0
1768228076761538,52931,14550,34.0,137,0,0
1768228076763716,52931,14550,60.0,24,0,0
1768228076766568,52931,14550,53.0,124,0,0
1768228076768700,52931,14550,31.0,2,0,0
1768228076771433,52931,14550,64.0,164,0,0
1768228076773148,52931,14550,24.0,168,0,0
1768228076776768,52931,14550,42.0,136,0,0
1768228076778474,52931,14550,42.0,193,0,0
1768228076780701,52931,14550,48.0,32,0,0
1768228076783275,52931,14550,40.0,241,0,0
1768228076784524,52931,14550,70.0,87,0,0
1768228076786580,52931,14550,61.0,147,0,0
1768228076788172,52931,14550,64.0,11030,0,0
1768228076873019,5760,58419,,264,1,0
1768228076874043,52931,14550,47.0,264,0,0
1768228076961710,52931,14550,48.0,163,0,0
1768228076965492,52931,14550,44.0,178,0,0
1768228076968223,52931,14550,48.0,30,0,0
1768228076970160,52931,14550,48.0,33,0,0
1768228076973345,52931,14550,39.0,74,0,0
1768228076976713,52931,14550,51.0,1,0,0
1768228076981293,52931,14550,22.0,125,0,0
1768228076983211,52931,14550,27.0,152,0,0
1768228076984628,52931,14550,45.0,62,0,0
1768228076986869,52931,14550,26.0,42,0,0
1768228076989739,52931,14550,32.0,36,0,0
1768228076991419,52931,14550,62.0,65,0,0
1768228076992944,52931,14550,49.0,27,0,0
1768228076994506,52931,14550,44.0,116,0,0
1768228076996759,52931,14550,42.0,129,0,0
1768228076998828,52931,14550,34.0,29,0,0
1768228077000161,52931,14550,34.0,137,0,0
1768228077001678,52931,14550,60.0,24,0,0
1768228077003399,52931,14550,53.0,124,0,0
1768228077005409,52931,14550,31.0,2,0,0
1768228077006701,52931,14550,64.0,164,0,0
1768228077008271,52931,14550,24.0,168,0,0
1768228077009969,52931,14550,42.0,136,0,0
1768228077011209,52931,14550,42.0,193,0,0
1768228077012933,52931,14550,48.0,32,0,0
1768228077014338,52931,14550,40.0,241,0,0
1768228077015948,52931,14550,70.0,87,0,0
1768228077018054,52931,14550,61.0,147,0,0
1768228077019432,52931,14550,64.0,11030,0,0
1768228077077447,58419,5760,,0,1,0
1768228077214491,52931,14550,48.0,163,0,0
1768228077217383,52931,14550,44.0,178,0,0
1768228077219490,52931,14550,48.0,30,0,0
1768228077223735,52931,14550,48.0,33,0,0
1768228077226747,52931,14550,39.0,74,0,0
1768228077230905,52931,14550,51.0,1,0,0
1768228077236303,52931,14550,22.0,125,0,0
1768228077239155,52931,14550,27.0,152,0,0
1768228077240472,52931,14550,45.0,62,0,0
1768228077244897,52931,14550,26.0,42,0,0
1768228077247831,52931,14550,32.0,36,0,0
1768228077250270,52931,14550,62.0,65,0,0
1768228077253348,52931,14550,49.0,27,0,0
1768228077255573,52931,14550,44.0,116,0,0
1768228077257803,52931,14550,42.0,129,0,0
1768228077261679,52931,14550,34.0,29,0,0
1768228077264169,52931,14550,34.0,137,0,0
1768228077265756,52931,14550,60.0,24,0,0
1768228077267678,52931,14550,53.0,124,0,0
1768228077269430,52931,14550,31.0,2,0,0
1768228077270877,52931,14550,64.0,164,0,0
1768228077272279,52931,14550,24.0,168,0,0
1768228077273914,52931,14550,42.0,136,0,0
1768228077275302,52931,14550,42.0,193,0,0
1768228077277274,52931,14550,48.0,32,0,0
1768228077278535,52931,14550,40.0,241,0,0
1768228077279792,52931,14550,70.0,87,0,0
1768228077281312,52931,14550,61.0,147,0,0
1768228077281861,5760,58419,,0,1,0
1768228077282992,52931,14550,64.0,11030,0,0
1768228077285742,52931,14550,29.0,0,0,0
1768228077357511,58419,5760,,66,1,0
1768228077375132,5760,58419,,264,1,0
1768228077376310,52931,14550,47.0,264,0,0
1768228077461707,52931,14550,48.0,163,0,0
1768228077463844,52931,14550,44.0,178,0,0
1768228077465191,52931,14550,48.0,30,0,0
1768228077468432,52931,14550,48.0,33,0,0
1768228077470748,52931,14550,39.0,74,0,0
1768228077474432,52931,14550,51.0,1,0,0
1768228077478379,52931,14550,22.0,125,0,0
1768228077480204,52931,14550,27.0,152,0,0
1768228077481457,52931,14550,45.0,62,0,0
1768228077483884,52931,14550,26.0,42,0,0
1768228077486403,52931,14550,32.0,36,0,0
1768228077487955,52931,14550,62.0,65,0,0
1768228077489413,52931,14550,49.0,27,0,0
1768228077490873,52931,14550,44.0,116,0,0
1768228077492294,52931,14550,42.0,129,0,0
1768228077493625,52931,14550,34.0,29,0,0
1768228077494815,52931,14550,34.0,137,0,0
1768228077496495,52931,14550,60.0,24,0,0
1768228077498837,52931,14550,53.0,124,0,0
1768228077500435,52931,14550,31.0,2,0,0
1768228077501919,52931,14550,64.0,164,0,0
1768228077503377,52931,14550,24.0,168,0,0
1768228077504966,52931,14550,42.0,136,0,0
1768228077506199,52931,14550,42.0,193,0,0
1768228077507856,52931,14550,48.0,32,0,0
1768228077509259,52931,14550,40.0,241,0,0
1768228077510909,52931,14550,70.0,87,0,0
1768228077512432,52931,14550,61.0,147,0,0
1768228077513728,52931,14550,64.0,11030,0,0
1768228077713897,52931,14550,48.0,163,0,0
1768228077715915,52931,14550,44.0,178,0,0
1768228077717682,52931,14550,48.0,30,0,0
1768228077722766,52931,14550,48.0,33,0,0
1768228077725370,52931,14550,39.0,74,0,0
1768228077729649,52931,14550,51.0,1,0,0
1768228077735651,52931,14550,22.0,125,0,0
1768228077738809,52931,14550,27.0,152,0,0
1768228077742274,52931,14550,45.0,62,0,0
1768228077745427,52931,14550,26.0,42,0,0
1768228077749846,52931,14550,32.0,36,0,0
1768228077753248,52931,14550,62.0,65,0,0
1768228077757402,52931,14550,49.0,27,0,0
1768228077759837,52931,14550,44.0,116,0,0
1768228077765540,52931,14550,42.0,129,0,0
1768228077769338,52931,14550,34.0,29,0,0
1768228077772028,52931,14550,34.0,137,0,0
1768228077774679,52931,14550,60.0,24,0,0
1768228077778166,52931,14550,53.0,124,0,0
1768228077782909,52931,14550,31.0,2,0,0
1768228077785838,52931,14550,64.0,164,0,0
1768228077788638,52931,14550,24.0,168,0,0
1768228077791309,52931,14550,42.0,136,0,0
1768228077799256,52931,14550,42.0,193,0,0
1768228077802230,52931,14550,48.0,32,0,0
1768228077806142,52931,14550,40.0,241,0,0
1768228077808485,52931,14550,70.0,87,0,0
1768228077810848,52931,14550,61.0,147,0,0
1768228077814214,52931,14550,64.0,11030,0,0
1768228077881923,5760,58419,,264,1,0
1768228077882933,52931,14550,47.0,264,0,0
1768228077969172,52931,14550,48.0,163,0,0
1768228077972454,52931,14550,44.0,178,0,0
1768228077973849,52931,14550,48.0,30,0,0
1768228077976464,52931,14550,48.0,33,0,0
1768228077978581,52931,14550,39.0,74,0,0
1768228077982525,52931,14550,51.0,1,0,0
1768228077986755,52931,14550,22.0,125,0,0
1768228077988470,52931,14550,27.0,152,0,0
1768228077990084,52931,14550,45.0,62,0,0
1768228077992637,52931,14550,26.0,42,0,0
1768228077994713,52931,14550,32.0,36,0,0
1768228077995943,52931,14550,62.0,65,0,0
1768228077997628,52931,14550,49.0,27,0,0
1768228077999307,52931,14550,44.0,116,0,0
1768228078000580,52931,14550,42.0,129,0,0
1768228078002005,52931,14550,34.0,29,0,0
1768228078003347,52931,14550,34.0,137,0,0
1768228078004899,52931,14550,60.0,24,0,0
1768228078006612,52931,14550,53.0,124,0,0
1768228078008815,52931,14550,31.0,2,0,0
1768228078010261,52931,14550,64.0,164,0,0
1768228078012089,52931,14550,24.0,168,0,0
1768228078013663,52931,14550,42.0,136,0,0
1768228078014999,52931,14550,42.0,193,0,0
1768228078016609,52931,14550,48.0,32,0,0
1768228078017902,52931,14550,40.0,241,0,0
1768228078019440,52931,14550,70.0,87,0,0
1768228078021636,52931,14550,61.0,147,0,0
1768228078022967,52931,14550,64.0,11030,0,0
1768228078082309,58419,5760,,0,1,0
1768228078221011,52931,14550,48.0,163,0,0
1768228078223663,52931,14550,44.0,178,0,0
1768228078224896,52931,14550,48.0,30,0,0
1768228078227716,52931,14550,48.0,33,0,0
1768228078232420,52931,14550,39.0,74,0,0
1768228078236545,52931,14550,51.0,1,0,0
1768228078243221,52931,14550,22.0,125,0,0
1768228078245616,52931,14550,27.0,152,0,0
1768228078246902,52931,14550,45.0,62,0,0
1768228078250172,52931,14550,26.0,42,0,0
1768228078254573,52931,14550,32.0,36,0,0
1768228078255858,52931,14550,62.0,65,0,0
1768228078257994,52931,14550,49.0,27,0,0
1768228078259184,52931,14550,44.0,116,0,0
1768228078261141,52931,14550,42.0,129,0,0
1768228078262478,52931,14550,34.0,29,0,0
1768228078265336,52931,14550,34.0,137,0,0
1768228078267127,52931,14550,60.0,24,0,0
1768228078269604,52931,14550,53.0,124,0,0
1768228078272219,52931,14550,31.0,2,0,0
1768228078274897,52931,14550,64.0,164,0,0
1768228078276679,52931,14550,24.0,168,0,0
1768228078278223,52931,14550,42.0,136,0,0
1768228078280030,52931,14550,42.0,193,0,0
1768228078282583,52931,14550,48.0,32,0,0
1768228078283915,52931,14550,40.0,241,0,0
1768228078287649,52931,14550,70.0,87,0,0
1768228078290136,52931,14550,61.0,147,0,0
1768228078290573,5760,58419,,0,1,0
1768228078291969,52931,14550,64.0,11030,0,0
1768228078294878,52931,14550,29.0,0,0,0
1768228078384045,5760,58419,,264,1,0
1768228078385137,52931,14550,47.0,264,0,0
1768228078471307,52931,14550,48.0,163,0,0
1768228078472947,52931,14550,44.0,178,0,0
1768228078474891,52931,14550,48.0,30,0,0
1768228078477224,52931,14550,48.0,33,0,0
1768228078481848,52931,14550,39.0,74,0,0
1768228078485061,52931,14550,51.0,1,0,0
1768228078487353,52931,14550,22.0,125,0,0
1768228078489223,52931,14550,27.0,152,0,0
1768228078490495,52931,14550,45.0,62,0,0
1768228078493509,52931,14550,26.0,42,0,0
1768228078495710,52931,14550,32.0,36,0,0
1768228078497199,52931,14550,62.0,65,0,0
1768228078498793,52931,14550,49.0,27,0,0
1768228078500083,52931,14550,44.0,116,0,0
1768228078501568,52931,14550,42.0,129,0,0
1768228078503047,52931,14550,34.0,29,0,0
1768228078504655,52931,14550,34.0,137,0,0
1768228078506130,52931,14550,60.0,24,0,0
1768228078507892,52931,14550,53.0,124,0,0
1768228078510205,52931,14550,31.0,2,0,0
1768228078511788,52931,14550,64.0,164,0,0
1768228078513125,52931,14550,24.0,168,0,0
1768228078514493,52931,14550,42.0,136,0,0
1768228078515815,52931,14550,42.0,193,0,0
1768228078517493,52931,14550,48.0,32,0,0
1768228078518895,52931,14550,40.0,241,0,0
1768228078520522,52931,14550,70.0,87,0,0
1768228078522248,52931,14550,61.0,147,0,0
1768228078524062,52931,14550,64.0,11030,0,0
1768228078717802,52931,14550,48.0,163,0,0
1768228078720289,52931,14550,44.0,178,0,0
1768228078722208,52931,14550,48.0,30,0,0
1768228078724065,52931,14550,48.0,33,0,0
1768228078727332,52931,14550,39.0,74,0,0
1768228078733904,52931,14550,51.0,1,0,0
1768228078743039,52931,14550,22.0,125,0,0
1768228078746526,52931,14550,27.0,152,0,0
1768228078749287,52931,14550,45.0,62,0,0
1768228078754274,52931,14550,26.0,42,0,0
1768228078759066,52931,14550,32.0,36,0,0
1768228078761625,52931,14550,62.0,65,0,0
1768228078763561,52931,14550,49.0,27,0,0
1768228078766342,52931,14550,44.0,116,0,0
1768228078767706,52931,14550,42.0,129,0,0
1768228078769643,52931,14550,34.0,29,0,0
1768228078771066,52931,14550,34.0,137,0,0
1768228078774180,52931,14550,60.0,24,0,0
1768228078778113,52931,14550,53.0,124,0,0
1768228078781949,52931,14550,31.0,2,0,0
1768228078783355,52931,14550,64.0,164,0,0
1768228078787685,52931,14550,24.0,168,0,0
1768228078792653,52931,14550,42.0,136,0,0
1768228078795302,52931,14550,42.0,193,0,0
1768228078798408,52931,14550,48.0,32,0,0
1768228078800827,52931,14550,40.0,241,0,0
1768228078803153,52931,14550,70.0,87,0,0
1768228078805193,52931,14550,61.0,147,0,0
1768228078807335,52931,14550,64.0,11030,0,0
1768228078888246,5760,58419,,264,1,0
1768228078889554,52931,14550,47.0,264,0,0
1768228078969369,52931,14550,48.0,163,0,0
1768228078971138,52931,14550,44.0,178,0,0
1768228078973128,52931,14550,48.0,30,0,0
1768228078976435,52931,14550,48.0,33,0,0
1768228078977874,52931,14550,39.0,74,0,0
1768228078985437,52931,14550,51.0,1,0,0
1768228078988909,52931,14550,22.0,125,0,0
1768228078990840,52931,14550,27.0,152,0,0
1768228078992811,52931,14550,45.0,62,0,0
1768228078996065,52931,14550,26.0,42,0,0
1768228078998360,52931,14550,32.0,36,0,0
1768228079000095,52931,14550,62.0,65,0,0
1768228079001779,52931,14550,49.0,27,0,0
1768228079003184,52931,14550,44.0,116,0,0
1768228079005015,52931,14550,42.0,129,0,0
1768228079006285,52931,14550,34.0,29,0,0
1768228079008159,52931,14550,34.0,137,0,0
1768228079009681,52931,14550,60.0,24,0,0
1768228079011428,52931,14550,53.0,124,0,0
1768228079013482,52931,14550,31.0,2,0,0
1768228079014732,52931,14550,64.0,164,0,0
1768228079016700,52931,14550,24.0,168,0,0
1768228079018823,52931,14550,42.0,136,0,0
1768228079020320,52931,14550,42.0,193,0,0
1768228079021695,52931,14550,48.0,32,0,0
1768228079022871,52931,14550,40.0,241,0,0
1768228079024523,52931,14550,70.0,87,0,0
1768228079026098,52931,14550,61.0,147,0,0
1768228079027938,52931,14550,64.0,11030,0,0
1768228079086341,58419,5760,,0,1,0
1768228079225899,52931,14550,48.0,163,0,0
1768228079228060,52931,14550,44.0,178,0,0
1768228079229287,52931,14550,48.0,30,0,0
1768228079231506,52931,14550,48.0,33,0,0
1768228079234021,52931,14550,39.0,74,0,0
1768228079237469,52931,14550,51.0,1,0,0
1768228079243267,52931,14550,22.0,125,0,0
1768228079246272,52931,14550,27.0,152,0,0
1768228079247547,52931,14550,45.0,62,0,0
1768228079251060,52931,14550,26.0,42,0,0
1768228079254534,52931,14550,32.0,36,0,0
1768228079256159,52931,14550,62.0,65,0,0
1768228079257778,52931,14550,49.0,27,0,0
1768228079260654,52931,14550,44.0,116,0,0
1768228079264822,52931,14550,42.0,129,0,0
1768228079266100,52931,14550,34.0,29,0,0
1768228079268119,52931,14550,34.0,137,0,0
1768228079269671,52931,14550,60.0,24,0,0
1768228079275926,52931,14550,53.0,124,0,0
1768228079278696,52931,14550,31.0,2,0,0
1768228079280012,52931,14550,64.0,164,0,0
1768228079281384,52931,14550,24.0,168,0,0
1768228079283637,52931,14550,42.0,136,0,0
1768228079284879,52931,14550,42.0,193,0,0
1768228079287654,52931,14550,48.0,32,0,0
1768228079289722,52931,14550,40.0,241,0,0
1768228079290936,52931,14550,70.0,87,0,0
1768228079294997,52931,14550,61.0,147,0,0
1768228079296265,5760,58419,,0,1,0
1768228079297338,52931,14550,64.0,11030,0,0
1768228079301145,52931,14550,29.0,0,0,0
1768228079388638,5760,58419,,264,1,0
1768228079390362,52931,14550,47.0,264,0,0
1768228079475602,52931,14550,48.0,163,0,0
1768228079477721,52931,14550,44.0,178,0,0
1768228079480034,52931,14550,48.0,30,0,0
1768228079482024,52931,14550,48.0,33,0,0
1768228079484853,52931,14550,39.0,74,0,0
1768228079488542,52931,14550,51.0,1,0,0
1768228079490684,52931,14550,22.0,125,0,0
1768228079492721,52931,14550,27.0,152,0,0
1768228079493957,52931,14550,45.0,62,0,0
1768228079496037,52931,14550,26.0,42,0,0
1768228079498975,52931,14550,32.0,36,0,0
1768228079500986,52931,14550,62.0,65,0,0
1768228079502333,52931,14550,49.0,27,0,0
1768228079503807,52931,14550,44.0,116,0,0
1768228079505162,52931,14550,42.0,129,0,0
1768228079506730,52931,14550,34.0,29,0,0
1768228079508069,52931,14550,34.0,137,0,0
1768228079509442,52931,14550,60.0,24,0,0
1768228079512147,52931,14550,53.0,124,0,0
1768228079514221,52931,14550,31.0,2,0,0
1768228079515785,52931,14550,64.0,164,0,0
1768228079517002,52931,14550,24.0,168,0,0
1768228079518395,52931,14550,42.0,136,0,0
1768228079519703,52931,14550,42.0,193,0,0
1768228079521439,52931,14550,48.0,32,0,0
1768228079523520,52931,14550,40.0,241,0,0
1768228079525575,52931,14550,70.0,87,0,0
1768228079527486,52931,14550,61.0,147,0,0
1768228079529385,52931,14550,64.0,11030,0,0
1768228079725741,52931,14550,48.0,163,0,0
1768228079728339,52931,14550,44.0,178,0,0
1768228079729608,52931,14550,48.0,30,0,0
1768228079732582,52931,14550,48.0,33,0,0
1768228079735377,52931,14550,39.0,74,0,0
1768228079741232,52931,14550,51.0,1,0,0
1768228079746695,52931,14550,22.0,125,0,0
1768228079750408,52931,14550,27.0,152,0,0
1768228079752704,52931,14550,45.0,62,0,0
1768228079759521,52931,14550,26.0,42,0,0
1768228079764078,52931,14550,32.0,36,0,0
1768228079765853,52931,14550,62.0,65,0,0
1768228079767528,52931,14550,49.0,27,0,0
1768228079771470,52931,14550,44.0,116,0,0
1768228079774534,52931,14550,42.0,129,0,0
1768228079776424,52931,14550,34.0,29,0,0
1768228079778449,52931,14550,34.0,137,0,0
1768228079780136,52931,14550,60.0,24,0,0
1768228079783242,52931,14550,53.0,124,0,0
1768228079785592,52931,14550,31.0,2,0,0
1768228079790313,52931,14550,64.0,164,0,0
1768228079793869,52931,14550,24.0,168,0,0
1768228079797562,52931,14550,42.0,136,0,0
1768228079803085,52931,14550,42.0,193,0,0
1768228079806863,52931,14550,48.0,32,0,0
1768228079809878,52931,14550,40.0,241,0,0
1768228079814615,52931,14550,70.0,87,0,0
1768228079816971,52931,14550,61.0,147,0,0
1768228079819373,52931,14550,64.0,11030,0,0
1768228079892455,5760,58419,,264,1,0
1768228079893453,52931,14550,47.0,264,0,0
1768228079980475,52931,14550,48.0,163,0,0
1768228079983354,52931,14550,44.0,178,0,0
1768228079984638,52931,14550,48.0,30,0,0
1768228079986617,52931,14550,48.0,33,0,0
1768228079988286,52931,14550,39.0,74,0,0
1768228079991667,52931,14550,51.0,1,0,0
1768228079996404,52931,14550,22.0,125,0,0
1768228079998243,52931,14550,27.0,152,0,0
1768228079999454,52931,14550,45.0,62,0,0
1768228080001617,52931,14550,26.0,42,0,0
1768228080004921,52931,14550,32.0,36,0,0
1768228080006850,52931,14550,62.0,65,0,0
1768228080008510,52931,14550,49.0,27,0,0
1768228080010026,52931,14550,44.0,116,0,0
1768228080011587,52931,14550,42.0,129,0,0
1768228080013912,52931,14550,34.0,29,0,0
1768228080016141,52931,14550,34.0,137,0,0
1768228080018149,52931,14550,60.0,24,0,0
1768228080021027,52931,14550,53.0,124,0,0
1768228080023514,52931,14550,31.0,2,0,0
1768228080025058,52931,14550,64.0,164,0,0
1768228080026513,52931,14550,24.0,168,0,0
1768228080028008,52931,14550,42.0,136,0,0
1768228080029703,52931,14550,42.0,193,0,0
1768228080032233,52931,14550,48.0,32,0,0
1768228080034085,52931,14550,40.0,241,0,0
1768228080035655,52931,14550,70.0,87,0,0
1768228080037274,52931,14550,61.0,147,0,0
1768228080039440,52931,14550,64.0,11030,0,0
1768228080086931,58419,5760,,0,1,0
1768228080231330,52931,14550,48.0,163,0,0
1768228080233066,52931,14550,44.0,178,0,0
1768228080234942,52931,14550,48.0,30,0,0
1768228080238909,52931,14550,48.0,33,0,0
1768228080240685,52931,14550,39.0,74,0,0
1768228080245077,52931,14550,51.0,1,0,0
1768228080252515,52931,14550,22.0,125,0,0
1768228080254867,52931,14550,27.0,152,0,0
1768228080256848,52931,14550,45.0,62,0,0
1768228080261462,52931,14550,26.0,42,0,0
1768228080265159,52931,14550,32.0,36,0,0
1768228080270287,52931,14550,62.0,65,0,0
1768228080272301,52931,14550,49.0,27,0,0
1768228080273902,52931,14550,44.0,116,0,0
1768228080276990,52931,14550,42.0,129,0,0
1768228080278184,52931,14550,34.0,29,0,0
1768228080280046,52931,14550,34.0,137,0,0
1768228080282105,52931,14550,60.0,24,0,0
1768228080284633,52931,14550,53.0,124,0,0
1768228080287593,52931,14550,31.0,2,0,0
1768228080289384,52931,14550,64.0,164,0,0
1768228080290947,52931,14550,24.0,168,0,0
1768228080292382,52931,14550,42.0,136,0,0
1768228080293562,52931,14550,42.0,193,0,0
1768228080297945,52931,14550,48.0,32,0,0
1768228080299417,5760,58419,,0,1,0
1768228080300450,52931,14550,40.0,241,0,0
1768228080303029,52931,14550,70.0,87,0,0
1768228080305233,52931,14550,61.0,147,0,0
1768228080306541,52931,14550,64.0,11030,0,0
1768228080309404,52931,14550,29.0,0,0,0
1768228080393011,5760,58419,,264,1,0
1768228080394337,52931,14550,47.0,264,0,0
1768228080483508,52931,14550,48.0,163,0,0
1768228080485678,52931,14550,44.0,178,0,0
1768228080488141,52931,14550,48.0,30,0,0
1768228080489920,52931,14550,48.0,33,0,0
1768228080491850,52931,14550,39.0,74,0,0
1768228080495059,52931,14550,51.0,1,0,0
1768228080502324,52931,14550,22.0,125,0,0
1768228080504670,52931,14550,27.0,152,0,0
1768228080507591,52931,14550,45.0,62,0,0
1768228080509540,52931,14550,26.0,42,0,0
1768228080512281,52931,14550,32.0,36,0,0
1768228080513556,52931,14550,62.0,65,0,0
1768228080515104,52931,14550,49.0,27,0,0
1768228080516409,52931,14550,44.0,116,0,0
1768228080517887,52931,14550,42.0,129,0,0
1768228080519406,52931,14550,34.0,29,0,0
1768228080520626,52931,14550,34.0,137,0,0
1768228080522073,52931,14550,60.0,24,0,0
1768228080524630,52931,14550,53.0,124,0,0
1768228080526158,52931,14550,31.0,2,0,0
1768228080528136,52931,14550,64.0,164,0,0
1768228080529606,52931,14550,24.0,168,0,0
1768228080530967,52931,14550,42.0,136,0,0
1768228080532579,52931,14550,42.0,193,0,0
1768228080534276,52931,14550,48.0,32,0,0
1768228080535828,52931,14550,40.0,241,0,0
1768228080537426,52931,14550,70.0,87,0,0
1768228080540038,52931,14550,61.0,147,0,0
1768228080542584,52931,14550,64.0,11030,0,0
1768228080733142,52931,14550,48.0,163,0,0
1768228080735222,52931,14550,44.0,178,0,0
1768228080737089,52931,14550,48.0,30,0,0
1768228080739796,52931,14550,48.0,33,0,0
1768228080742130,52931,14550,39.0,74,0,0
1768228080745698,52931,14550,51.0,1,0,0
1768228080749945,52931,14550,22.0,125,0,0
1768228080754684,52931,14550,27.0,152,0,0
1768228080756674,52931,14550,45.0,62,0,0
1768228080760959,52931,14550,26.0,42,0,0
1768228080763350,52931,14550,32.0,36,0,0
1768228080766728,52931,14550,62.0,65,0,0
1768228080770229,52931,14550,49.0,27,0,0
1768228080774398,52931,14550,44.0,116,0,0
1768228080777964,52931,14550,42.0,129,0,0
1768228080781508,52931,14550,34.0,29,0,0
1768228080784169,52931,14550,34.0,137,0,0
1768228080787804,52931,14550,60.0,24,0,0
1768228080792347,52931,14550,53.0,124,0,0
1768228080796792,52931,14550,31.0,2,0,0
1768228080798695,52931,14550,64.0,164,0,0
1768228080800769,52931,14550,24.0,168,0,0
1768228080805519,52931,14550,42.0,136,0,0
1768228080807253,52931,14550,42.0,193,0,0
1768228080809931,52931,14550,48.0,32,0,0
1768228080811773,52931,14550,40.0,241,0,0
1768228080813486,52931,14550,70.0,87,0,0
1768228080818706,52931,14550,61.0,147,0,0
1768228080820112,52931,14550,64.0,11030,0,0
1768228080899613,5760,58419,,264,1,0
1768228080900696,52931,14550,47.0,264,0,0
1768228080984466,52931,14550,48.0,163,0,0
1768228080986982,52931,14550,44.0,178,0,0
1768228080989352,52931,14550,48.0,30,0,0
1768228080991724,52931,14550,48.0,33,0,0
1768228080993261,52931,14550,39.0,74,0,0
1768228080996221,52931,14550,51.0,1,0,0
1768228080998495,52931,14550,22.0,125,0,0
1768228081000144,52931,14550,27.0,152,0,0
1768228081001618,52931,14550,44.0,62,0,0
1768228081004119,52931,14550,26.0,42,0,0
1768228081006779,52931,14550,32.0,36,0,0
1768228081008026,52931,14550,62.0,65,0,0
1768228081009481,52931,14550,49.0,27,0,0
1768228081010699,52931,14550,44.0,116,0,0
1768228081012310,52931,14550,42.0,129,0,0
1768228081013581,52931,14550,34.0,29,0,0
1768228081014915,52931,14550,34.0,137,0,0
1768228081016250,52931,14550,60.0,24,0,0
1768228081018664,52931,14550,53.0,124,0,0
1768228081020135,52931,14550,31.0,2,0,0
1768228081021560,52931,14550,64.0,164,0,0
1768228081022920,52931,14550,24.0,168,0,0
1768228081025316,52931,14550,42.0,136,0,0
1768228081026828,52931,14550,42.0,193,0,0
1768228081028238,52931,14550,48.0,32,0,0
1768228081029713,52931,14550,40.0,241,0,0
1768228081031301,52931,14550,70.0,87,0,0
1768228081032714,52931,14550,61.0,147,0,0
1768228081034337,52931,14550,64.0,11030,0,0
1768228081084263,52931,14550,21.0,46,0,0
1768228081085960,52931,14550,40.0,253,0,0
1768228081087979,52931,14550,35.0,253,0,0
1768228081089616,58419,5760,,0,1,0
1768228081236934,52931,14550,48.0,163,0,0
1768228081239102,52931,14550,44.0,178,0,0
1768228081241473,52931,14550,48.0,30,0,0
1768228081243685,52931,14550,48.0,33,0,0
1768228081245760,52931,14550,39.0,74,0,0
1768228081250893,52931,14550,51.0,1,0,0
1768228081256124,52931,14550,22.0,125,0,0
1768228081258969,52931,14550,27.0,152,0,0
1768228081260934,52931,14550,45.0,62,0,0
1768228081263385,52931,14550,26.0,42,0,0
1768228081265742,52931,14550,32.0,36,0,0
1768228081267321,52931,14550,62.0,65,0,0
1768228081268867,52931,14550,49.0,27,0,0
1768228081270070,52931,14550,44.0,116,0,0
1768228081271248,52931,14550,42.0,129,0,0
1768228081272778,52931,14550,34.0,29,0,0
1768228081274309,52931,14550,34.0,137,0,0
1768228081275806,52931,14550,60.0,24,0,0
1768228081277994,52931,14550,53.0,124,0,0
1768228081279867,52931,14550,31.0,2,0,0
1768228081281231,52931,14550,64.0,164,0,0
1768228081282617,52931,14550,24.0,168,0,0
1768228081284096,52931,14550,42.0,136,0,0
1768228081285314,52931,14550,42.0,193,0,0
1768228081286976,52931,14550,48.0,32,0,0
1768228081288122,52931,14550,40.0,241,0,0
1768228081289388,52931,14550,70.0,87,0,0
1768228081291659,52931,14550,61.0,147,0,0
1768228081293635,52931,14550,64.0,11030,0,0
1768228081305382,5760,58419,,0,1,0
1768228081306515,52931,14550,29.0,0,0,0
1768228081399646,5760,58419,,264,1,0
1768228081400763,52931,14550,47.0,264,0,0
1768228081487651,52931,14550,48.0,163,0,0
1768228081489809,52931,14550,44.0,178,0,0
1768228081491253,52931,14550,48.0,30,0,0
1768228081493647,52931,14550,48.0,33,0,0
1768228081494991,52931,14550,39.0,74,0,0
1768228081500018,52931,14550,51.0,1,0,0
1768228081505511,52931,14550,22.0,125,0,0
1768228081507185,52931,14550,27.0,152,0,0
1768228081508617,52931,14550,45.0,62,0,0
1768228081511516,52931,14550,26.0,42,0,0
1768228081513733,52931,14550,32.0,36,0,0
1768228081514988,52931,14550,62.0,65,0,0
1768228081516776,52931,14550,49.0,27,0,0
1768228081518130,52931,14550,44.0,116,0,0
1768228081519645,52931,14550,42.0,129,0,0
1768228081520947,52931,14550,34.0,29,0,0
1768228081522464,52931,14550,34.0,137,0,0
1768228081524102,52931,14550,60.0,24,0,0
1768228081525909,52931,14550,53.0,124,0,0
1768228081527404,52931,14550,31.0,2,0,0
1768228081529086,52931,14550,64.0,164,0,0
1768228081531006,52931,14550,24.0,168,0,0
1768228081533003,52931,14550,42.0,136,0,0
1768228081534769,52931,14550,42.0,193,0,0
1768228081536646,52931,14550,48.0,32,0,0
1768228081538263,52931,14550,40.0,241,0,0
1768228081539787,52931,14550,70.0,87,0,0
1768228081541569,52931,14550,61.0,147,0,0
1768228081543149,52931,14550,64.0,11030,0,0
1768228081739554,52931,14550,48.0,163,0,0
1768228081743315,52931,14550,44.0,178,0,0
1768228081747795,52931,14550,48.0,30,0,0
1768228081751603,52931,14550,48.0,33,0,0
1768228081754350,52931,14550,39.0,74,0,0
1768228081758122,52931,14550,51.0,1,0,0
1768228081764542,52931,14550,22.0,125,0,0
1768228081767274,52931,14550,27.0,152,0,0
1768228081769838,52931,14550,45.0,62,0,0
1768228081773877,52931,14550,26.0,42,0,0
1768228081777000,52931,14550,32.0,36,0,0
1768228081778499,52931,14550,62.0,65,0,0
1768228081779757,52931,14550,49.0,27,0,0
1768228081781963,52931,14550,44.0,116,0,0
1768228081783600,52931,14550,42.0,129,0,0
1768228081786324,52931,14550,34.0,29,0,0
1768228081790489,52931,14550,34.0,137,0,0
1768228081793426,52931,14550,60.0,24,0,0
1768228081796082,52931,14550,53.0,124,0,0
1768228081798498,52931,14550,31.0,2,0,0
1768228081801017,52931,14550,64.0,164,0,0
1768228081803635,52931,14550,24.0,168,0,0
1768228081806550,52931,14550,42.0,136,0,0
1768228081809806,52931,14550,42.0,193,0,0
1768228081814207,52931,14550,48.0,32,0,0
1768228081817001,52931,14550,40.0,241,0,0
1768228081820268,52931,14550,70.0,87,0,0
1768228081821910,52931,14550,61.0,147,0,0
1768228081823670,52931,14550,64.0,11030,0,0
1768228081906319,5760,58419,,264,1,0
1768228081907328,52931,14550,47.0,264,0,0
1768228081988776,52931,14550,48.0,163,0,0
1768228081990574,52931,14550,44.0,178,0,0
1768228081991860,52931,14550,48.0,30,0,0
1768228081994791,52931,14550,48.0,33,0,0
1768228081996532,52931,14550,39.0,74,0,0
1768228082001758,52931,14550,51.0,1,0,0
1768228082004292,52931,14550,22.0,125,0,0
1768228082005991,52931,14550,27.0,152,0,0
1768228082007241,52931,14550,45.0,62,0,0
1768228082009643,52931,14550,26.0,42,0,0
1768228082011605,52931,14550,32.0,36,0,0
1768228082013074,52931,14550,62.0,65,0,0
1768228082014625,52931,14550,49.0,27,0,0
1768228082016076,52931,14550,44.0,116,0,0
1768228082017356,52931,14550,42.0,129,0,0
1768228082018744,52931,14550,34.0,29,0,0
1768228082019981,52931,14550,34.0,137,0,0
1768228082021456,52931,14550,60.0,24,0,0
1768228082023420,52931,14550,53.0,124,0,0
1768228082024999,52931,14550,31.0,2,0,0
1768228082026162,52931,14550,64.0,164,0,0
1768228082027915,52931,14550,24.0,168,0,0
1768228082029546,52931,14550,42.0,136,0,0
1768228082030872,52931,14550,42.0,193,0,0
1768228082032452,52931,14550,48.0,32,0,0
1768228082034021,52931,14550,40.0,241,0,0
1768228082035289,52931,14550,70.0,87,0,0
1768228082037030,52931,14550,61.0,147,0,0
1768228082038779,52931,14550,64.0,11030,0,0
1768228082096350,58419,5760,,0,1,0
1768228082241577,52931,14550,48.0,163,0,0
1768228082243034,52931,14550,44.0,178,0,0
1768228082244696,52931,14550,48.0,30,0,0
1768228082245793,52931,14550,48.0,33,0,0
1768228082246669,52931,14550,39.0,74,0,0
1768228082248389,52931,14550,51.0,1,0,0
1768228082251195,52931,14550,22.0,125,0,0
1768228082253144,52931,14550,27.0,152,0,0
1768228082253683,52931,14550,45.0,62,0,0
1768228082254939,52931,14550,26.0,42,0,0
1768228082255981,52931,14550,32.0,36,0,0
1768228082256500,52931,14550,62.0,65,0,0
1768228082257223,52931,14550,49.0,27,0,0
1768228082258710,52931,14550,44.0,116,0,0
1768228082259995,52931,14550,42.0,129,0,0
1768228082260716,52931,14550,34.0,29,0,0
1768228082261359,52931,14550,34.0,137,0,0
1768228082262039,52931,14550,60.0,24,0,0
1768228082263306,52931,14550,53.0,124,0,0
1768228082264300,52931,14550,31.0,2,0,0
1768228082264903,52931,14550,64.0,164,0,0
1768228082265703,52931,14550,24.0,168,0,0
1768228082266283,52931,14550,42.0,136,0,0
1768228082267153,52931,14550,42.0,193,0,0
1768228082268125,52931,14550,48.0,32,0,0
1768228082268634,52931,14550,40.0,241,0,0
1768228082269079,52931,14550,70.0,87,0,0
1768228082269495,52931,14550,61.0,147,0,0
1768228082270048,52931,14550,64.0,11030,0,0
1768228082313993,5760,58419,,0,1,0
1768228082314347,52931,14550,29.0,0,0,0
1768228082406585,5760,58419,,264,1,0
1768228082407086,52931,14550,47.0,264,0,0
1768228082489953,52931,14550,48.0,163,0,0
1768228082490751,52931,14550,44.0,178,0,0
1768228082491658,52931,14550,48.0,30,0,0
1768228082493181,52931,14550,48.0,33,0,0
1768228082493968,52931,14550,39.0,74,0,0
1768228082495621,52931,14550,51.0,1,0,0
1768228082497031,52931,14550,22.0,125,0,0
1768228082497929,52931,14550,27.0,152,0,0
1768228082498654,52931,14550,45.0,62,0,0
1768228082499639,52931,14550,26.0,42,0,0
1768228082500891,52931,14550,32.0,36,0,0
1768228082501854,52931,14550,62.0,65,0,0
1768228082502660,52931,14550,49.0,27,0,0
1768228082503386,52931,14550,44.0,116,0,0
1768228082504106,52931,14550,42.0,129,0,0
1768228082504681,52931,14550,34.0,29,0,0
1768228082505424,52931,14550,34.0,137,0,0
1768228082505989,52931,14550,60.0,24,0,0
1768228082506788,52931,14550,53.0,124,0,0
1768228082507342,52931,14550,31.0,2,0,0
1768228082507871,52931,14550,64.0,164,0,0
1768228082508334,52931,14550,24.0,168,0,0
1768228082508985,52931,14550,42.0,136,0,0
1768228082509436,52931,14550,42.0,193,0,0
1768228082510042,52931,14550,48.0,32,0,0
1768228082510488,52931,14550,40.0,241,0,0
1768228082511087,52931,14550,70.0,87,0,0
1768228082511673,52931,14550,61.0,147,0,0
1768228082512407,52931,14550,64.0,11030,0,0
1768228082743331,52931,14550,48.0,163,0,0
1768228082744241,52931,14550,44.0,178,0,0
1768228082745376,52931,14550,48.0,30,0,0
1768228082746968,52931,14550,48.0,33,0,0
1768228082747908,52931,14550,39.0,74,0,0
1768228082750909,52931,14550,51.0,1,0,0
1768228082752822,52931,14550,22.0,125,0,0
1768228082753514,52931,14550,27.0,152,0,0
1768228082753891,52931,14550,45.0,62,0,0
1768228082754778,52931,14550,26.0,42,0,0
1768228082755856,52931,14550,32.0,36,0,0
1768228082756345,52931,14550,62.0,65,0,0
1768228082756971,52931,14550,49.0,27,0,0
1768228082757404,52931,14550,44.0,116,0,0
1768228082757858,52931,14550,42.0,129,0,0
1768228082758377,52931,14550,34.0,29,0,0
1768228082758761,52931,14550,34.0,137,0,0
1768228082759201,52931,14550,60.0,24,0,0
1768228082759627,52931,14550,53.0,124,0,0
1768228082760192,52931,14550,31.0,2,0,0
1768228082760465,52931,14550,64.0,164,0,0
1768228082760854,52931,14550,24.0,168,0,0
1768228082761205,52931,14550,42.0,136,0,0
1768228082761526,52931,14550,42.0,193,0,0
1768228082761882,52931,14550,48.0,32,0,0
1768228082762307,52931,14550,40.0,241,0,0
1768228082762565,52931,14550,70.0,87,0,0
1768228082762989,52931,14550,61.0,147,0,0
1768228082763426,52931,14550,64.0,11030,0,0
1768228082906427,5760,58419,,264,1,0
1768228082907085,52931,14550,47.0,264,0,0
1768228082992201,52931,14550,48.0,163,0,0
1768228082992736,52931,14550,44.0,178,0,0
1768228082993282,52931,14550,48.0,30,0,0
1768228082994129,52931,14550,48.0,33,0,0
1768228082994762,52931,14550,39.0,74,0,0
1768228082996685,52931,14550,51.0,1,0,0
1768228082997329,52931,14550,22.0,125,0,0
1768228082997858,52931,14550,27.0,152,0,0
1768228082998348,52931,14550,45.0,62,0,0
1768228082999212,52931,14550,26.0,42,0,0
1768228083000073,52931,14550,32.0,36,0,0
1768228083000672,52931,14550,62.0,65,0,0
1768228083001021,52931,14550,49.0,27,0,0
1768228083001354,52931,14550,44.0,116,0,0
1768228083001841,52931,14550,42.0,129,0,0
1768228083002264,52931,14550,34.0,29,0,0
1768228083002668,52931,14550,34.0,137,0,0
1768228083003000,52931,14550,60.0,24,0,0
1768228083003530,52931,14550,53.0,124,0,0
1768228083004187,52931,14550,31.0,2,0,0
1768228083004661,52931,14550,64.0,164,0,0
1768228083005086,52931,14550,24.0,168,0,0
1768228083005508,52931,14550,42.0,136,0,0
1768228083005969,52931,14550,42.0,193,0,0
1768228083006462,52931,14550,48.0,32,0,0
1768228083006963,52931,14550,40.0,241,0,0
1768228083007378,52931,14550,70.0,87,0,0
1768228083007774,52931,14550,61.0,147,0,0
1768228083008103,52931,14550,64.0,11030,0,0
1768228083103575,58419,5760,,0,1,0
1768228083244359,52931,14550,48.0,163,0,0
1768228083245673,52931,14550,44.0,178,0,0
1768228083246540,52931,14550,48.0,30,0,0
1768228083248054,52931,14550,48.0,33,0,0
1768228083249612,52931,14550,39.0,74,0,0
1768228083252993,52931,14550,51.0,1,0,0
1768228083255674,52931,14550,22.0,125,0,0
1768228083257305,52931,14550,27.0,152,0,0
1768228083259354,52931,14550,45.0,62,0,0
1768228083261474,52931,14550,26.0,42,0,0
1768228083263503,52931,14550,32.0,36,0,0
1768228083264377,52931,14550,62.0,65,0,0
1768228083265978,52931,14550,49.0,27,0,0
1768228083266799,52931,14550,44.0,116,0,0
1768228083269028,52931,14550,42.0,129,0,0
1768228083269981,52931,14550,34.0,29,0,0
1768228083271545,52931,14550,34.0,137,0,0
1768228083272300,52931,14550,60.0,24,0,0
1768228083273734,52931,14550,53.0,124,0,0
1768228083275807,52931,14550,31.0,2,0,0
1768228083276665,52931,14550,64.0,164,0,0
1768228083277319,52931,14550,24.0,168,0,0
1768228083278709,52931,14550,42.0,136,0,0
1768228083279698,52931,14550,42.0,193,0,0
1768228083281132,52931,14550,48.0,32,0,0
1768228083282414,52931,14550,40.0,241,0,0
1768228083284640,52931,14550,70.0,87,0,0
1768228083285443,52931,14550,61.0,147,0,0
1768228083286543,52931,14550,64.0,11030,0,0
1768228083316816,5760,58419,,0,1,0
1768228083317549,52931,14550,29.0,0,0,0
1768228083338225,5760,58419,,111,1,0
1768228083338859,52931,14550,33.0,111,0,0
1768228083407356,5760,58419,,264,1,0
1768228083408475,52931,14550,47.0,264,0,0
1768228083493395,52931,14550,48.0,163,0,0
1768228083495444,52931,14550,44.0,178,0,0
1768228083496704,52931,14550,48.0,30,0,0
1768228083499823,52931,14550,48.0,33,0,0
1768228083501231,52931,14550,39.0,74,0,0
1768228083505574,52931,14550,51.0,1,0,0
1768228083512363,52931,14550,22.0,125,0,0
1768228083514266,52931,14550,27.0,152,0,0
1768228083515629,52931,14550,45.0,62,0,0
1768228083519223,52931,14550,26.0,42,0,0
1768228083522832,52931,14550,32.0,36,0,0
1768228083524108,52931,14550,62.0,65,0,0
1768228083525512,52931,14550,49.0,27,0,0
1768228083527258,52931,14550,44.0,116,0,0
1768228083529410,52931,14550,42.0,129,0,0
1768228083531595,52931,14550,34.0,29,0,0
1768228083533786,52931,14550,34.0,137,0,0
1768228083535682,52931,14550,60.0,24,0,0
1768228083538691,52931,14550,53.0,124,0,0
1768228083541528,52931,14550,31.0,2,0,0
1768228083543136,52931,14550,64.0,164,0,0
1768228083545165,52931,14550,24.0,168,0,0
1768228083547708,52931,14550,42.0,136,0,0
1768228083550195,52931,14550,42.0,193,0,0
1768228083553023,52931,14550,48.0,32,0,0
1768228083555087,52931,14550,40.0,241,0,0
1768228083557934,52931,14550,70.0,87,0,0
1768228083559961,52931,14550,61.0,147,0,0
1768228083562844,52931,14550,64.0,11030,0,0
1768228083746294,52931,14550,48.0,163,0,0
1768228083748706,52931,14550,44.0,178,0,0
1768228083750006,52931,14550,48.0,30,0,0
1768228083752168,52931,14550,48.0,33,0,0
1768228083756845,52931,14550,39.0,74,0,0
1768228083761313,52931,14550,51.0,1,0,0
1768228083766572,52931,14550,22.0,125,0,0
1768228083769261,52931,14550,27.0,152,0,0
1768228083773641,52931,14550,45.0,62,0,0
1768228083779802,52931,14550,26.0,42,0,0
1768228083783662,52931,14550,32.0,36,0,0
1768228083788112,52931,14550,62.0,65,0,0
1768228083791081,52931,14550,49.0,27,0,0
1768228083794497,52931,14550,44.0,116,0,0
1768228083798217,52931,14550,42.0,129,0,0
1768228083800185,52931,14550,34.0,29,0,0
1768228083801402,52931,14550,34.0,137,0,0
1768228083803363,52931,14550,60.0,24,0,0
1768228083805906,52931,14550,53.0,124,0,0
1768228083808519,52931,14550,31.0,2,0,0
1768228083810095,52931,14550,64.0,164,0,0
1768228083812583,52931,14550,24.0,168,0,0
1768228083814564,52931,14550,42.0,136,0,0
1768228083816194,52931,14550,42.0,193,0,0
1768228083817610,52931,14550,48.0,32,0,0
1768228083818912,52931,14550,40.0,241,0,0
1768228083820382,52931,14550,70.0,87,0,0
1768228083822292,52931,14550,61.0,147,0,0
1768228083823893,52931,14550,64.0,11030,0,0
1768228083913924,5760,58419,,264,1,0
1768228083914990,52931,14550,47.0,264,0,0
1768228084000337,52931,14550,48.0,163,0,0
1768228084003458,52931,14550,44.0,178,0,0
1768228084005022,52931,14550,48.0,30,0,0
1768228084008516,52931,14550,48.0,33,0,0
1768228084009978,52931,14550,39.0,74,0,0
1768228084014601,52931,14550,51.0,1,0,0
1768228084017188,52931,14550,22.0,125,0,0
1768228084018748,52931,14550,27.0,152,0,0
1768228084020050,52931,14550,45.0,62,0,0
1768228084022050,52931,14550,26.0,42,0,0
1768228084025352,52931,14550,32.0,36,0,0
1768228084027328,52931,14550,62.0,65,0,0
1768228084028735,52931,14550,49.0,27,0,0
1768228084030290,52931,14550,44.0,116,0,0
1768228084031704,52931,14550,42.0,129,0,0
1768228084033228,52931,14550,34.0,29,0,0
1768228084034666,52931,14550,34.0,137,0,0
1768228084036188,52931,14550,60.0,24,0,0
1768228084038685,52931,14550,53.0,124,0,0
1768228084040500,52931,14550,31.0,2,0,0
1768228084041794,52931,14550,64.0,164,0,0
1768228084043049,52931,14550,24.0,168,0,0
1768228084044866,52931,14550,42.0,136,0,0
1768228084046362,52931,14550,42.0,193,0,0
1768228084047748,52931,14550,48.0,32,0,0
1768228084049475,52931,14550,40.0,241,0,0
1768228084050985,52931,14550,70.0,87,0,0
1768228084052493,52931,14550,61.0,147,0,0
1768228084054423,52931,14550,64.0,11030,0,0
1768228084114069,58419,5760,,0,1,0
1768228084252300,52931,14550,48.0,163,0,0
1768228084254612,52931,14550,44.0,178,0,0
1768228084256419,52931,14550,48.0,30,0,0
1768228084259848,52931,14550,48.0,33,0,0
1768228084262764,52931,14550,39.0,74,0,0
1768228084266063,52931,14550,51.0,1,0,0
1768228084274027,52931,14550,22.0,125,0,0
1768228084277249,52931,14550,27.0,152,0,0
1768228084279084,52931,14550,45.0,62,0,0
1768228084282452,52931,14550,26.0,42,0,0
1768228084285259,52931,14550,32.0,36,0,0
1768228084287190,52931,14550,62.0,65,0,0
1768228084289409,52931,14550,49.0,27,0,0
1768228084292253,52931,14550,44.0,116,0,0
1768228084294093,52931,14550,42.0,129,0,0
1768228084296170,52931,14550,34.0,29,0,0
1768228084298712,52931,14550,34.0,137,0,0
1768228084300734,52931,14550,60.0,24,0,0
1768228084305211,52931,14550,53.0,124,0,0
1768228084307496,52931,14550,31.0,2,0,0
1768228084310244,52931,14550,64.0,164,0,0
1768228084313014,52931,14550,24.0,168,0,0
1768228084315389,52931,14550,42.0,136,0,0
1768228084317214,52931,14550,42.0,193,0,0
1768228084319538,52931,14550,48.0,32,0,0
1768228084321509,52931,14550,40.0,241,0,0
1768228084322560,5760,58419,,0,1,0
1768228084323433,52931,14550,70.0,87,0,0
1768228084326773,52931,14550,61.0,147,0,0
1768228084329663,52931,14550,64.0,11030,0,0
1768228084333013,52931,14550,29.0,0,0,0
1768228084412213,5760,58419,,264,1,0
1768228084413255,52931,14550,47.0,264,0,0
1768228084500579,52931,14550,48.0,163,0,0
1768228084503920,52931,14550,44.0,178,0,0
1768228084505952,52931,14550,48.0,30,0,0
1768228084511051,52931,14550,48.0,33,0,0
1768228084514392,52931,14550,39.0,74,0,0
1768228084519155,52931,14550,51.0,1,0,0
1768228084525807,52931,14550,22.0,125,0,0
1768228084527847,52931,14550,27.0,152,0,0
1768228084529680,52931,14550,45.0,62,0,0
1768228084533091,52931,14550,26.0,42,0,0
1768228084535993,52931,14550,32.0,36,0,0
1768228084539225,52931,14550,62.0,65,0,0
1768228084542209,52931,14550,49.0,27,0,0
1768228084545434,52931,14550,44.0,116,0,0
1768228084548219,52931,14550,42.0,129,0,0
1768228084551006,52931,14550,34.0,29,0,0
1768228084553881,52931,14550,34.0,137,0,0
1768228084556282,52931,14550,60.0,24,0,0
1768228084559936,52931,14550,53.0,124,0,0
1768228084565902,52931,14550,31.0,2,0,0
1768228084569463,52931,14550,64.0,164,0,0
1768228084573067,52931,14550,24.0,168,0,0
1768228084576421,52931,14550,42.0,136,0,0
1768228084579638,52931,14550,42.0,193,0,0
1768228084582918,52931,14550,48.0,32,0,0
1768228084585728,52931,14550,40.0,241,0,0
1768228084587597,52931,14550,70.0,87,0,0
1768228084590110,52931,14550,61.0,147,0,0
1768228084592318,52931,14550,64.0,11030,0,0
1768228084749656,52931,14550,48.0,163,0,0
1768228084750667,52931,14550,44.0,178,0,0
1768228084752506,52931,14550,48.0,30,0,0
1768228084754124,52931,14550,48.0,33,0,0
1768228084755324,52931,14550,39.0,74,0,0
1768228084759392,52931,14550,51.0,1,0,0
1768228084761461,52931,14550,22.0,125,0,0
1768228084762954,52931,14550,27.0,152,0,0
1768228084764122,52931,14550,45.0,62,0,0
1768228084766145,52931,14550,26.0,42,0,0
1768228084767826,52931,14550,32.0,36,0,0
1768228084769549,52931,14550,62.0,65,0,0
1768228084770609,52931,14550,49.0,27,0,0
1768228084772332,52931,14550,44.0,116,0,0
1768228084773461,52931,14550,42.0,129,0,0
1768228084775432,52931,14550,34.0,29,0,0
1768228084776872,52931,14550,34.0,137,0,0
1768228084778178,52931,14550,60.0,24,0,0
1768228084779377,52931,14550,53.0,124,0,0
1768228084782090,52931,14550,31.0,2,0,0
1768228084782787,52931,14550,64.0,164,0,0
1768228084784177,52931,14550,24.0,168,0,0
1768228084785732,52931,14550,42.0,136,0,0
1768228084786668,52931,14550,42.0,193,0,0
1768228084788573,52931,14550,48.0,32,0,0
1768228084790696,52931,14550,40.0,241,0,0
1768228084792009,52931,14550,70.0,87,0,0
1768228084793101,52931,14550,61.0,147,0,0
1768228084795013,52931,14550,64.0,11030,0,0
1768228084914632,5760,58419,,264,1,0
1768228084915658,52931,14550,47.0,264,0,0
1768228085001892,52931,14550,48.0,163,0,0
1768228085005572,52931,14550,44.0,178,0,0
1768228085009133,52931,14550,48.0,30,0,0
1768228085011837,52931,14550,48.0,33,0,0
1768228085013400,52931,14550,39.0,74,0,0
1768228085017235,52931,14550,51.0,1,0,0
1768228085019829,52931,14550,22.0,125,0,0
1768228085021431,52931,14550,27.0,152,0,0
1768228085022815,52931,14550,45.0,62,0,0
1768228085025657,52931,14550,26.0,42,0,0
1768228085029108,52931,14550,32.0,36,0,0
1768228085030687,52931,14550,62.0,65,0,0
1768228085032213,52931,14550,49.0,27,0,0
1768228085033473,52931,14550,44.0,116,0,0
1768228085035100,52931,14550,42.0,129,0,0
1768228085036284,52931,14550,34.0,29,0,0
1768228085037721,52931,14550,34.0,137,0,0
1768228085039461,52931,14550,60.0,24,0,0
1768228085041793,52931,14550,53.0,124,0,0
1768228085044052,52931,14550,31.0,2,0,0
1768228085045502,52931,14550,64.0,164,0,0
1768228085046957,52931,14550,24.0,168,0,0
1768228085048676,52931,14550,42.0,136,0,0
1768228085050022,52931,14550,42.0,193,0,0
1768228085052535,52931,14550,48.0,32,0,0
1768228085054006,52931,14550,40.0,241,0,0
1768228085055613,52931,14550,70.0,87,0,0
1768228085057387,52931,14550,61.0,147,0,0
1768228085059198,52931,14550,64.0,11030,0,0
1768228085116777,58419,5760,,0,1,0
1768228085253547,52931,14550,48.0,163,0,0
1768228085255530,52931,14550,44.0,178,0,0
1768228085257583,52931,14550,48.0,30,0,0
1768228085261683,52931,14550,48.0,33,0,0
1768228085266443,52931,14550,39.0,74,0,0
1768228085271135,52931,14550,51.0,1,0,0
1768228085277005,52931,14550,22.0,125,0,0
1768228085278883,52931,14550,27.0,152,0,0
1768228085280268,52931,14550,45.0,62,0,0
1768228085284416,52931,14550,26.0,42,0,0
1768228085289288,52931,14550,32.0,36,0,0
1768228085291466,52931,14550,62.0,65,0,0
1768228085292871,52931,14550,49.0,27,0,0
1768228085294397,52931,14550,44.0,116,0,0
1768228085296156,52931,14550,42.0,129,0,0
1768228085298280,52931,14550,34.0,29,0,0
1768228085299732,52931,14550,34.0,137,0,0
1768228085301291,52931,14550,60.0,24,0,0
1768228085304509,52931,14550,53.0,124,0,0
1768228085307206,52931,14550,31.0,2,0,0
1768228085310488,52931,14550,64.0,164,0,0
1768228085312451,52931,14550,24.0,168,0,0
1768228085314215,52931,14550,42.0,136,0,0
1768228085315849,52931,14550,42.0,193,0,0
1768228085318506,52931,14550,48.0,32,0,0
1768228085321333,52931,14550,40.0,241,0,0
1768228085325086,52931,14550,70.0,87,0,0
1768228085328410,52931,14550,61.0,147,0,0
1768228085328600,5760,58419,,0,1,0
1768228085330624,52931,14550,64.0,11030,0,0
1768228085335111,52931,14550,29.0,0,0,0
1768228085421514,5760,58419,,264,1,0
1768228085422786,52931,14550,47.0,264,0,0
1768228085507950,52931,14550,48.0,163,0,0
1768228085509914,52931,14550,44.0,178,0,0
1768228085512211,52931,14550,48.0,30,0,0
1768228085514693,52931,14550,48.0,33,0,0
1768228085516082,52931,14550,39.0,74,0,0
1768228085521417,52931,14550,51.0,1,0,0
1768228085525613,52931,14550,22.0,125,0,0
1768228085527447,52931,14550,27.0,152,0,0
1768228085529075,52931,14550,45.0,62,0,0
1768228085531144,52931,14550,26.0,42,0,0
1768228085534031,52931,14550,32.0,36,0,0
1768228085535622,52931,14550,62.0,65,0,0
1768228085537386,52931,14550,49.0,27,0,0
1768228085538755,52931,14550,44.0,116,0,0
1768228085540353,52931,14550,42.0,129,0,0
1768228085542217,52931,14550,34.0,29,0,0
1768228085543754,52931,14550,34.0,137,0,0
1768228085545428,52931,14550,60.0,24,0,0
1768228085547776,52931,14550,53.0,124,0,0
1768228085550101,52931,14550,31.0,2,0,0
1768228085551478,52931,14550,64.0,164,0,0
1768228085553254,52931,14550,24.0,168,0,0
1768228085554796,52931,14550,42.0,136,0,0
1768228085556075,52931,14550,42.0,193,0,0
1768228085557759,52931,14550,48.0,32,0,0
1768228085559223,52931,14550,40.0,241,0,0
1768228085561163,52931,14550,70.0,87,0,0
1768228085562729,52931,14550,61.0,147,0,0
1768228085565472,52931,14550,64.0,11030,0,0
1768228085756078,52931,14550,48.0,163,0,0
1768228085758684,52931,14550,44.0,178,0,0
1768228085759985,52931,14550,48.0,30,0,0
1768228085762115,52931,14550,48.0,33,0,0
1768228085763643,52931,14550,39.0,74,0,0
1768228085771846,52931,14550,51.0,1,0,0
1768228085779985,52931,14550,22.0,125,0,0
1768228085788206,52931,14550,27.0,152,0,0
1768228085793570,52931,14550,45.0,62,0,0
1768228085804660,52931,14550,26.0,42,0,0
1768228085814184,52931,14550,32.0,36,0,0
1768228085817231,52931,14550,62.0,65,0,0
1768228085823531,52931,14550,49.0,27,0,0
1768228085826249,52931,14550,44.0,116,0,0
1768228085828966,52931,14550,42.0,129,0,0
1768228085831654,52931,14550,34.0,29,0,0
1768228085834678,52931,14550,34.0,137,0,0
1768228085837272,52931,14550,60.0,24,0,0
1768228085846141,52931,14550,53.0,124,0,0
1768228085850617,52931,14550,31.0,2,0,0
1768228085852933,52931,14550,64.0,164,0,0
1768228085855307,52931,14550,24.0,168,0,0
1768228085859996,52931,14550,42.0,136,0,0
1768228085863788,52931,14550,42.0,193,0,0
1768228085867911,52931,14550,48.0,32,0,0
1768228085870339,52931,14550,40.0,241,0,0
1768228085872584,52931,14550,70.0,87,0,0
1768228085877302,52931,14550,61.0,147,0,0
1768228085880817,52931,14550,64.0,11030,0,0
1768228085925172,5760,58419,,264,1,0
1768228085925852,52931,14550,47.0,264,0,0
1768228086005960,52931,14550,48.0,163,0,0
1768228086006862,52931,14550,44.0,178,0,0
1768228086007491,52931,14550,48.0,30,0,0
1768228086008027,52931,14550,48.0,33,0,0
1768228086008410,52931,14550,39.0,74,0,0
1768228086009228,52931,14550,51.0,1,0,0
1768228086009847,52931,14550,22.0,125,0,0
1768228086010349,52931,14550,27.0,152,0,0
1768228086010657,52931,14550,45.0,62,0,0
1768228086011171,52931,14550,26.0,42,0,0
1768228086011779,52931,14550,32.0,36,0,0
1768228086012169,52931,14550,62.0,65,0,0
1768228086012521,52931,14550,49.0,27,0,0
1768228086012935,52931,14550,44.0,116,0,0
1768228086013323,52931,14550,42.0,129,0,0
1768228086013643,52931,14550,34.0,29,0,0
1768228086014017,52931,14550,34.0,137,0,0
1768228086014372,52931,14550,60.0,24,0,0
1768228086014799,52931,14550,53.0,124,0,0
1768228086015299,52931,14550,31.0,2,0,0
1768228086015658,52931,14550,64.0,164,0,0
1768228086016018,52931,14550,24.0,168,0,0
1768228086016502,52931,14550,42.0,136,0,0
1768228086016852,52931,14550,42.0,193,0,0
1768228086017216,52931,14550,48.0,32,0,0
1768228086017594,52931,14550,40.0,241,0,0
1768228086017909,52931,14550,70.0,87,0,0
1768228086018298,52931,14550,61.0,147,0,0
1768228086018739,52931,14550,64.0,11030,0,0
1768228086119283,58419,5760,,0,1,0
1768228086260915,52931,14550,48.0,163,0,0
1768228086262826,52931,14550,44.0,178,0,0
1768228086265743,52931,14550,48.0,30,0,0
1768228086269105,52931,14550,48.0,33,0,0
1768228086271666,52931,14550,39.0,74,0,0
1768228086276148,52931,14550,51.0,1,0,0
1768228086282791,52931,14550,22.0,125,0,0
1768228086285302,52931,14550,27.0,152,0,0
1768228086286911,52931,14550,45.0,62,0,0
1768228086291982,52931,14550,26.0,42,0,0
1768228086294801,52931,14550,32.0,36,0,0
1768228086298548,52931,14550,62.0,65,0,0
1768228086301258,52931,14550,49.0,27,0,0
1768228086303949,52931,14550,44.0,116,0,0
1768228086305983,52931,14550,42.0,129,0,0
1768228086307351,52931,14550,34.0,29,0,0
1768228086308984,52931,14550,34.0,137,0,0
1768228086310768,52931,14550,60.0,24,0,0
1768228086313728,52931,14550,53.0,124,0,0
1768228086316567,52931,14550,31.0,2,0,0
1768228086320010,52931,14550,64.0,164,0,0
1768228086323414,52931,14550,24.0,168,0,0
1768228086325558,52931,14550,42.0,136,0,0
1768228086327177,52931,14550,42.0,193,0,0
1768228086330547,52931,14550,48.0,32,0,0
1768228086331695,5760,58419,,0,1,0
1768228086331980,52931,14550,40.0,241,0,0
1768228086333309,52931,14550,70.0,87,0,0
1768228086335331,52931,14550,61.0,147,0,0
1768228086337111,52931,14550,64.0,11030,0,0
1768228086339325,52931,14550,29.0,0,0,0
1768228086423080,5760,58419,,264,1,0
1768228086424336,52931,14550,47.0,264,0,0
1768228086514455,52931,14550,48.0,163,0,0
1768228086517064,52931,14550,44.0,178,0,0
1768228086518646,52931,14550,48.0,30,0,0
1768228086520695,52931,14550,48.0,33,0,0
1768228086522030,52931,14550,39.0,74,0,0
1768228086527502,52931,14550,51.0,1,0,0
1768228086530016,52931,14550,22.0,125,0,0
1768228086531703,52931,14550,27.0,152,0,0
1768228086533106,52931,14550,45.0,62,0,0
1768228086535492,52931,14550,26.0,42,0,0
1768228086537463,52931,14550,32.0,36,0,0
1768228086539249,52931,14550,62.0,65,0,0
1768228086540927,52931,14550,49.0,27,0,0
1768228086542523,52931,14550,44.0,116,0,0
1768228086544002,52931,14550,42.0,129,0,0
1768228086545294,52931,14550,34.0,29,0,0
1768228086546660,52931,14550,34.0,137,0,0
1768228086547947,52931,14550,60.0,24,0,0
1768228086549913,52931,14550,53.0,124,0,0
1768228086552297,52931,14550,31.0,2,0,0
1768228086553794,52931,14550,64.0,164,0,0
1768228086555288,52931,14550,24.0,168,0,0
1768228086556674,52931,14550,42.0,136,0,0
1768228086557852,52931,14550,42.0,193,0,0
1768228086559455,52931,14550,48.0,32,0,0
1768228086560988,52931,14550,40.0,241,0,0
1768228086562528,52931,14550,70.0,87,0,0
1768228086563985,52931,14550,61.0,147,0,0
1768228086566772,52931,14550,64.0,11030,0,0
1768228086764640,52931,14550,48.0,163,0,0
1768228086766055,52931,14550,44.0,178,0,0
1768228086766593,52931,14550,48.0,30,0,0
1768228086767738,52931,14550,48.0,33,0,0
1768228086768707,52931,14550,39.0,74,0,0
1768228086770123,52931,14550,51.0,1,0,0
1768228086772225,52931,14550,22.0,125,0,0
1768228086773554,52931,14550,27.0,152,0,0
1768228086774265,52931,14550,45.0,62,0,0
1768228086775695,52931,14550,26.0,42,0,0
1768228086777170,52931,14550,32.0,36,0,0
1768228086777603,52931,14550,62.0,65,0,0
1768228086777971,52931,14550,49.0,27,0,0
1768228086779030,52931,14550,44.0,116,0,0
1768228086779773,52931,14550,42.0,129,0,0
1768228086780951,52931,14550,34.0,29,0,0
1768228086781423,52931,14550,34.0,137,0,0
1768228086781914,52931,14550,60.0,24,0,0
1768228086783371,52931,14550,53.0,124,0,0
1768228086785059,52931,14550,31.0,2,0,0
1768228086786274,52931,14550,64.0,164,0,0
1768228086787316,52931,14550,24.0,168,0,0
1768228086788209,52931,14550,42.0,136,0,0
1768228086789142,52931,14550,42.0,193,0,0
1768228086790181,52931,14550,48.0,32,0,0
1768228086790857,52931,14550,40.0,241,0,0
1768228086791911,52931,14550,70.0,87,0,0
1768228086792569,52931,14550,61.0,147,0,0
1768228086792931,52931,14550,64.0,11030,0,0
1768228086927594,5760,58419,,264,1,0
1768228086928007,52931,14550,47.0,264,0,0
1768228087012851,52931,14550,48.0,163,0,0
1768228087014616,52931,14550,44.0,178,0,0
1768228087016458,52931,14550,48.0,30,0,0
1768228087018736,52931,14550,48.0,33,0,0
1768228087020842,52931,14550,39.0,74,0,0
1768228087024469,52931,14550,51.0,1,0,0
1768228087027755,52931,14550,22.0,125,0,0
1768228087029294,52931,14550,27.0,152,0,0
1768228087030646,52931,14550,45.0,62,0,0
1768228087032783,52931,14550,26.0,42,0,0
1768228087034698,52931,14550,32.0,36,0,0
1768228087035533,52931,14550,62.0,65,0,0
1768228087036438,52931,14550,49.0,27,0,0
1768228087037255,52931,14550,44.0,116,0,0
1768228087038405,52931,14550,42.0,129,0,0
1768228087039561,52931,14550,34.0,29,0,0
1768228087040725,52931,14550,34.0,137,0,0
1768228087041447,52931,14550,60.0,24,0,0
1768228087042723,52931,14550,53.0,124,0,0
1768228087043869,52931,14550,31.0,2,0,0
1768228087044689,52931,14550,64.0,164,0,0
1768228087045389,52931,14550,24.0,168,0,0
1768228087046306,52931,14550,42.0,136,0,0
1768228087046971,52931,14550,42.0,193,0,0
1768228087047916,52931,14550,48.0,32,0,0
1768228087048616,52931,14550,40.0,241,0,0
1768228087049360,52931,14550,70.0,87,0,0
1768228087050477,52931,14550,61.0,147,0,0
1768228087051234,52931,14550,64.0,11030,0,0
1768228087129342,58419,5760,,0,1,0
1768228087262720,52931,14550,48.0,163,0,0
1768228087264940,52931,14550,44.0,178,0,0
1768228087266209,52931,14550,48.0,30,0,0
1768228087269477,52931,14550,48.0,33,0,0
1768228087273238,52931,14550,39.0,74,0,0
1768228087276664,52931,14550,51.0,1,0,0
1768228087284375,52931,14550,22.0,125,0,0
1768228087288637,52931,14550,27.0,152,0,0
1768228087290060,52931,14550,45.0,62,0,0
1768228087295293,52931,14550,26.0,42,0,0
1768228087300089,52931,14550,32.0,36,0,0
1768228087303860,52931,14550,62.0,65,0,0
1768228087306116,52931,14550,49.0,27,0,0
1768228087308149,52931,14550,44.0,116,0,0
1768228087311915,52931,14550,42.0,129,0,0
1768228087313452,52931,14550,34.0,29,0,0
1768228087314895,52931,14550,34.0,137,0,0
1768228087316438,52931,14550,60.0,24,0,0
1768228087318808,52931,14550,53.0,124,0,0
1768228087320277,52931,14550,31.0,2,0,0
1768228087322070,52931,14550,64.0,164,0,0
1768228087323773,52931,14550,24.0,168,0,0
1768228087325278,52931,14550,42.0,136,0,0
1768228087326475,52931,14550,42.0,193,0,0
1768228087328293,52931,14550,48.0,32,0,0
1768228087329797,52931,14550,40.0,241,0,0
1768228087331034,52931,14550,70.0,87,0,0
1768228087332604,52931,14550,61.0,147,0,0
1768228087334393,52931,14550,64.0,11030,0,0
1768228087338697,5760,58419,,0,1,0
1768228087339750,52931,14550,29.0,0,0,0
1768228087427411,5760,58419,,264,1,0
1768228087428469,52931,14550,47.0,264,0,0
1768228087518830,52931,14550,48.0,163,0,0
1768228087521924,52931,14550,44.0,178,0,0
1768228087523719,52931,14550,48.0,30,0,0
1768228087525652,52931,14550,48.0,33,0,0
1768228087527509,52931,14550,39.0,74,0,0
1768228087530671,52931,14550,51.0,1,0,0
1768228087533149,52931,14550,22.0,125,0,0
1768228087535346,52931,14550,27.0,152,0,0
1768228087536589,52931,14550,44.0,62,0,0
1768228087538977,52931,14550,26.0,42,0,0
1768228087541782,52931,14550,32.0,36,0,0
1768228087543311,52931,14550,62.0,65,0,0
1768228087544922,52931,14550,49.0,27,0,0
1768228087546407,52931,14550,44.0,116,0,0
1768228087548554,52931,14550,42.0,129,0,0
1768228087550407,52931,14550,34.0,29,0,0
1768228087552009,52931,14550,34.0,137,0,0
1768228087553580,52931,14550,60.0,24,0,0
1768228087555436,52931,14550,53.0,124,0,0
1768228087557255,52931,14550,31.0,2,0,0
1768228087558471,52931,14550,64.0,164,0,0
1768228087560161,52931,14550,24.0,168,0,0
1768228087561724,52931,14550,42.0,136,0,0
1768228087562937,52931,14550,42.0,193,0,0
1768228087564636,52931,14550,48.0,32,0,0
1768228087565875,52931,14550,40.0,241,0,0
1768228087567092,52931,14550,70.0,87,0,0
1768228087569263,52931,14550,61.0,147,0,0
1768228087570548,52931,14550,64.0,11030,0,0
1768228087573185,52931,14550,21.0,46,0,0
1768228087575012,52931,14550,40.0,253,0,0
1768228087579010,52931,14550,35.0,253,0,0
1768228087769681,52931,14550,48.0,163,0,0
1768228087771143,52931,14550,44.0,178,0,0
1768228087771684,52931,14550,48.0,30,0,0
1768228087772412,52931,14550,48.0,33,0,0
1768228087772925,52931,14550,39.0,74,0,0
1768228087774234,52931,14550,51.0,1,0,0
1768228087775206,52931,14550,22.0,125,0,0
1768228087776093,52931,14550,27.0,152,0,0
1768228087776528,52931,14550,45.0,62,0,0
1768228087777279,52931,14550,26.0,42,0,0
1768228087778345,52931,14550,32.0,36,0,0
1768228087779068,52931,14550,62.0,65,0,0
1768228087779510,52931,14550,49.0,27,0,0
1768228087780074,52931,14550,44.0,116,0,0
1768228087780628,52931,14550,42.0,129,0,0
1768228087781118,52931,14550,34.0,29,0,0
1768228087781551,52931,14550,34.0,137,0,0
1768228087781960,52931,14550,60.0,24,0,0
1768228087782686,52931,14550,53.0,124,0,0
1768228087783132,52931,14550,31.0,2,0,0
1768228087783520,52931,14550,64.0,164,0,0
1768228087783990,52931,14550,24.0,168,0,0
1768228087784419,52931,14550,42.0,136,0,0
1768228087784893,52931,14550,42.0,193,0,0
1768228087785384,52931,14550,48.0,32,0,0
1768228087785770,52931,14550,40.0,241,0,0
1768228087786247,52931,14550,70.0,87,0,0
1768228087786687,52931,14550,61.0,147,0,0
1768228087787421,52931,14550,64.0,11030,0,0
1768228087934712,5760,58419,,264,1,0
1768228087935133,52931,14550,47.0,264,0,0
1768228088015840,52931,14550,48.0,163,0,0
1768228088017476,52931,14550,44.0,178,0,0
1768228088018331,52931,14550,48.0,30,0,0
1768228088019661,52931,14550,48.0,33,0,0
1768228088020913,52931,14550,39.0,74,0,0
1768228088022928,52931,14550,51.0,1,0,0
1768228088024935,52931,14550,22.0,125,0,0
1768228088026212,52931,14550,27.0,152,0,0
1768228088027087,52931,14550,45.0,62,0,0
1768228088028619,52931,14550,26.0,42,0,0
1768228088029851,52931,14550,32.0,36,0,0
1768228088030587,52931,14550,62.0,65,0,0
1768228088031470,52931,14550,49.0,27,0,0
1768228088032195,52931,14550,44.0,116,0,0
1768228088032883,52931,14550,42.0,129,0,0
1768228088033757,52931,14550,34.0,29,0,0
1768228088034568,52931,14550,34.0,137,0,0
1768228088035368,52931,14550,60.0,24,0,0
1768228088036729,52931,14550,53.0,124,0,0
1768228088037778,52931,14550,31.0,2,0,0
1768228088038685,52931,14550,64.0,164,0,0
1768228088039423,52931,14550,24.0,168,0,0
1768228088040549,52931,14550,42.0,136,0,0
1768228088041396,52931,14550,42.0,193,0,0
1768228088042366,52931,14550,48.0,32,0,0
1768228088043082,52931,14550,40.0,241,0,0
1768228088043902,52931,14550,70.0,87,0,0
1768228088045030,52931,14550,61.0,147,0,0
1768228088045732,52931,14550,64.0,11030,0,0
1768228088139118,58419,5760,,0,1,0
1768228088267840,52931,14550,48.0,163,0,0
1768228088269456,52931,14550,44.0,178,0,0
1768228088271569,52931,14550,48.0,30,0,0
1768228088275461,52931,14550,48.0,33,0,0
1768228088278571,52931,14550,39.0,74,0,0
1768228088282257,52931,14550,51.0,1,0,0
1768228088287104,52931,14550,22.0,125,0,0
1768228088289827,52931,14550,27.0,152,0,0
1768228088291074,52931,14550,45.0,62,0,0
1768228088294681,52931,14550,26.0,42,0,0
1768228088299432,52931,14550,32.0,36,0,0
1768228088301156,52931,14550,62.0,65,0,0
1768228088302423,52931,14550,49.0,27,0,0
1768228088305202,52931,14550,44.0,116,0,0
1768228088306993,52931,14550,42.0,129,0,0
1768228088309279,52931,14550,34.0,29,0,0
1768228088311963,52931,14550,34.0,137,0,0
1768228088313561,52931,14550,60.0,24,0,0
1768228088315852,52931,14550,53.0,124,0,0
1768228088319471,52931,14550,31.0,2,0,0
1768228088321400,52931,14550,64.0,164,0,0
1768228088322622,52931,14550,24.0,168,0,0
1768228088326436,52931,14550,42.0,136,0,0
1768228088327624,52931,14550,42.0,193,0,0
1768228088329673,52931,14550,48.0,32,0,0
1768228088332091,52931,14550,40.0,241,0,0
1768228088333414,52931,14550,70.0,87,0,0
1768228088336551,52931,14550,61.0,147,0,0
1768228088337797,52931,14550,64.0,11030,0,0
1768228088343193,5760,58419,,0,1,0
1768228088344507,52931,14550,29.0,0,0,0
1768228088435619,5760,58419,,264,1,0
1768228088436733,52931,14550,47.0,264,0,0
1768228088522397,52931,14550,48.0,163,0,0
1768228088524942,52931,14550,44.0,178,0,0
1768228088527089,52931,14550,48.0,30,0,0
1768228088530136,52931,14550,48.0,33,0,0
1768228088533064,52931,14550,39.0,74,0,0
1768228088536947,52931,14550,51.0,1,0,0
1768228088539649,52931,14550,22.0,125,0,0
1768228088541411,52931,14550,27.0,152,0,0
1768228088542825,52931,14550,45.0,62,0,0
1768228088544788,52931,14550,26.0,42,0,0
1768228088547272,52931,14550,32.0,36,0,0
1768228088549295,52931,14550,62.0,65,0,0
1768228088550587,52931,14550,49.0,27,0,0
1768228088552764,52931,14550,44.0,116,0,0
1768228088554068,52931,14550,42.0,129,0,0
1768228088555288,52931,14550,34.0,29,0,0
1768228088557116,52931,14550,34.0,137,0,0
1768228088558464,52931,14550,60.0,24,0,0
1768228088560407,52931,14550,53.0,124,0,0
1768228088562077,52931,14550,31.0,2,0,0
1768228088563779,52931,14550,64.0,164,0,0
1768228088565690,52931,14550,24.0,168,0,0
1768228088567275,52931,14550,42.0,136,0,0
1768228088568656,52931,14550,42.0,193,0,0
1768228088570108,52931,14550,48.0,32,0,0
1768228088571704,52931,14550,40.0,241,0,0
1768228088573167,52931,14550,70.0,87,0,0
1768228088574926,52931,14550,61.0,147,0,0
1768228088576369,52931,14550,64.0,11030,0,0
1768228088774868,52931,14550,48.0,163,0,0
1768228088775855,52931,14550,44.0,178,0,0
1768228088776268,52931,14550,48.0,30,0,0
1768228088777406,52931,14550,48.0,33,0,0
1768228088777870,52931,14550,39.0,74,0,0
1768228088779609,52931,14550,51.0,1,0,0
1768228088781552,52931,14550,22.0,125,0,0
1768228088782463,52931,14550,27.0,152,0,0
1768228088783205,52931,14550,45.0,62,0,0
1768228088784416,52931,14550,26.0,42,0,0
1768228088785129,52931,14550,32.0,36,0,0
1768228088785604,52931,14550,62.0,65,0,0
1768228088786402,52931,14550,49.0,27,0,0
1768228088787006,52931,14550,44.0,116,0,0
1768228088787398,52931,14550,42.0,129,0,0
1768228088787936,52931,14550,34.0,29,0,0
1768228088788572,52931,14550,34.0,137,0,0
1768228088788985,52931,14550,60.0,24,0,0
1768228088789640,52931,14550,53.0,124,0,0
1768228088790268,52931,14550,31.0,2,0,0
1768228088790619,52931,14550,64.0,164,0,0
1768228088791264,52931,14550,24.0,168,0,0
1768228088791914,52931,14550,42.0,136,0,0
1768228088792273,52931,14550,42.0,193,0,0
1768228088793457,52931,14550,48.0,32,0,0
1768228088794282,52931,14550,40.0,241,0,0
1768228088795096,52931,14550,70.0,87,0,0
1768228088795937,52931,14550,61.0,147,0,0
1768228088797636,52931,14550,64.0,11030,0,0
1768228088938865,5760,58419,,264,1,0
1768228088939295,52931,14550,47.0,264,0,0
1768228089021178,52931,14550,48.0,163,0,0
1768228089022218,52931,14550,44.0,178,0,0
1768228089022733,52931,14550,48.0,30,0,0
1768228089023618,52931,14550,48.0,33,0,0
1768228089024467,52931,14550,39.0,74,0,0
1768228089025444,52931,14550,51.0,1,0,0
1768228089026180,52931,14550,22.0,125,0,0
1768228089026771,52931,14550,27.0,152,0,0
1768228089027289,52931,14550,45.0,62,0,0
1768228089028115,52931,14550,26.0,42,0,0
1768228089028764,52931,14550,32.0,36,0,0
1768228089029288,52931,14550,62.0,65,0,0
1768228089029712,52931,14550,49.0,27,0,0
1768228089030234,52931,14550,44.0,116,0,0
1768228089030777,52931,14550,42.0,129,0,0
1768228089031256,52931,14550,34.0,29,0,0
1768228089031857,52931,14550,34.0,137,0,0
1768228089032254,52931,14550,60.0,24,0,0
1768228089033030,52931,14550,53.0,124,0,0
1768228089033529,52931,14550,31.0,2,0,0
1768228089033984,52931,14550,64.0,164,0,0
1768228089034425,52931,14550,24.0,168,0,0
1768228089034983,52931,14550,42.0,136,0,0
1768228089035413,52931,14550,42.0,193,0,0
1768228089035927,52931,14550,48.0,32,0,0
1768228089036352,52931,14550,40.0,241,0,0
1768228089036812,52931,14550,70.0,87,0,0
1768228089037453,52931,14550,61.0,147,0,0
1768228089037950,52931,14550,64.0,11030,0,0
1768228089147111,58419,5760,,0,1,0
1768228089273617,52931,14550,48.0,163,0,0
1768228089275804,52931,14550,44.0,178,0,0
1768228089277287,52931,14550,48.0,30,0,0
1768228089279396,52931,14550,48.0,33,0,0
1768228089280283,52931,14550,39.0,74,0,0
1768228089285086,52931,14550,51.0,1,0,0
1768228089287300,52931,14550,22.0,125,0,0
1768228089289720,52931,14550,27.0,152,0,0
1768228089290800,52931,14550,45.0,62,0,0
1768228089292281,52931,14550,26.0,42,0,0
1768228089295292,52931,14550,32.0,36,0,0
1768228089296104,52931,14550,62.0,65,0,0
1768228089297560,52931,14550,49.0,27,0,0
1768228089299371,52931,14550,44.0,116,0,0
1768228089301506,52931,14550,42.0,129,0,0
1768228089302530,52931,14550,34.0,29,0,0
1768228089303237,52931,14550,34.0,137,0,0
1768228089304000,52931,14550,60.0,24,0,0
1768228089305093,52931,14550,53.0,124,0,0
1768228089306062,52931,14550,31.0,2,0,0
1768228089307130,52931,14550,64.0,164,0,0
1768228089308119,52931,14550,24.0,168,0,0
1768228089308912,52931,14550,42.0,136,0,0
1768228089309829,52931,14550,42.0,193,0,0
1768228089310874,52931,14550,48.0,32,0,0
1768228089311721,52931,14550,40.0,241,0,0
1768228089312480,52931,14550,70.0,87,0,0
1768228089313533,52931,14550,61.0,147,0,0
1768228089314447,52931,14550,64.0,11030,0,0
1768228089342410,5760,58419,,0,1,0
1768228089343077,52931,14550,29.0,0,0,0
1768228089437499,5760,58419,,264,1,0
1768228089438216,52931,14550,47.0,264,0,0
1768228089524903,52931,14550,48.0,163,0,0
1768228089526007,52931,14550,44.0,178,0,0
1768228089526782,52931,14550,48.0,30,0,0
1768228089528311,52931,14550,48.0,33,0,0
1768228089529080,52931,14550,39.0,74,0,0
1768228089532164,52931,14550,51.0,1,0,0
1768228089534380,52931,14550,22.0,125,0,0
1768228089535913,52931,14550,27.0,152,0,0
1768228089536738,52931,14550,45.0,62,0,0
1768228089537944,52931,14550,26.0,42,0,0
1768228089539214,52931,14550,32.0,36,0,0
1768228089540373,52931,14550,62.0,65,0,0
1768228089541277,52931,14550,49.0,27,0,0
1768228089541947,52931,14550,44.0,116,0,0
1768228089542772,52931,14550,42.0,129,0,0
1768228089543437,52931,14550,34.0,29,0,0
1768228089544303,52931,14550,34.0,137,0,0
1768228089544983,52931,14550,60.0,24,0,0
1768228089546264,52931,14550,53.0,124,0,0
1768228089547120,52931,14550,31.0,2,0,0
1768228089547802,52931,14550,64.0,164,0,0
1768228089548572,52931,14550,24.0,168,0,0
1768228089549399,52931,14550,42.0,136,0,0
1768228089550227,52931,14550,42.0,193,0,0
1768228089551098,52931,14550,48.0,32,0,0
1768228089551826,52931,14550,40.0,241,0,0
1768228089552631,52931,14550,70.0,87,0,0
1768228089553792,52931,14550,61.0,147,0,0
1768228089555026,52931,14550,64.0,11030,0,0
1768228089773455,52931,14550,48.0,163,0,0
1768228089774279,52931,14550,44.0,178,0,0
1768228089774647,52931,14550,48.0,30,0,0
1768228089775579,52931,14550,48.0,33,0,0
1768228089776325,52931,14550,39.0,74,0,0
1768228089777294,52931,14550,51.0,1,0,0
1768228089778872,52931,14550,22.0,125,0,0
1768228089779785,52931,14550,27.0,152,0,0
1768228089780822,52931,14550,45.0,62,0,0
1768228089782442,52931,14550,26.0,42,0,0
1768228089783363,52931,14550,32.0,36,0,0
1768228089783764,52931,14550,62.0,65,0,0
1768228089784142,52931,14550,49.0,27,0,0
1768228089785187,52931,14550,44.0,116,0,0
1768228089785930,52931,14550,42.0,129,0,0
1768228089786292,52931,14550,34.0,29,0,0
1768228089787169,52931,14550,34.0,137,0,0
1768228089787794,52931,14550,60.0,24,0,0
1768228089789035,52931,14550,53.0,124,0,0
1768228089789757,52931,14550,31.0,2,0,0
1768228089790253,52931,14550,64.0,164,0,0
1768228089792794,52931,14550,24.0,168,0,0
1768228089793481,52931,14550,42.0,136,0,0
1768228089794211,52931,14550,42.0,193,0,0
1768228089795035,52931,14550,48.0,32,0,0
1768228089795601,52931,14550,40.0,241,0,0
1768228089796514,52931,14550,70.0,87,0,0
1768228089797069,52931,14550,61.0,147,0,0
1768228089797791,52931,14550,64.0,11030,0,0
1768228089940974,5760,58419,,264,1,0
1768228089941720,52931,14550,47.0,264,0,0
1768228090026435,52931,14550,48.0,163,0,0
1768228090028478,52931,14550,44.0,178,0,0
1768228090029350,52931,14550,48.0,30,0,0
1768228090031337,52931,14550,48.0,33,0,0
1768228090032414,52931,14550,39.0,74,0,0
1768228090035541,52931,14550,51.0,1,0,0
1768228090037355,52931,14550,22.0,125,0,0
1768228090039159,52931,14550,27.0,152,0,0
1768228090040058,52931,14550,45.0,62,0,0
1768228090041893,52931,14550,26.0,42,0,0
1768228090043668,52931,14550,32.0,36,0,0
1768228090044600,52931,14550,62.0,65,0,0
1768228090045493,52931,14550,49.0,27,0,0
1768228090046431,52931,14550,44.0,116,0,0
1768228090047424,52931,14550,42.0,129,0,0
1768228090048482,52931,14550,34.0,29,0,0
1768228090049323,52931,14550,34.0,137,0,0
1768228090050183,52931,14550,60.0,24,0,0
1768228090051761,52931,14550,53.0,124,0,0
1768228090052811,52931,14550,31.0,2,0,0
1768228090054251,52931,14550,64.0,164,0,0
1768228090055436,52931,14550,24.0,168,0,0
1768228090056571,52931,14550,42.0,136,0,0
1768228090057626,52931,14550,42.0,193,0,0
1768228090058890,52931,14550,48.0,32,0,0
1768228090059886,52931,14550,40.0,241,0,0
1768228090061022,52931,14550,70.0,87,0,0
1768228090062081,52931,14550,61.0,147,0,0
1768228090064251,52931,14550,64.0,11030,0,0
1768228090154782,58419,5760,,0,1,0
1768228090275468,52931,14550,48.0,163,0,1
1768228090277152,52931,14550,44.0,178,0,1
1768228090278218,52931,14550,48.0,30,0,1
1768228090280265,52931,14550,48.0,33,0,1
1768228090281852,52931,14550,39.0,74,0,1
1768228090284721,52931,14550,51.0,1,0,1
1768228090290384,52931,14550,22.0,125,0,1
1768228090292487,52931,14550,27.0,152,0,1
1768228090293393,52931,14550,45.0,62,0,1
1768228090297504,52931,14550,26.0,42,0,1
1768228090299536,52931,14550,32.0,36,0,1
1768228090300918,52931,14550,62.0,65,0,1
1768228090301900,52931,14550,49.0,27,0,1
1768228090303133,52931,14550,44.0,116,0,1
1768228090304245,52931,14550,42.0,129,0,1
1768228090306423,52931,14550,34.0,29,0,1
1768228090309880,52931,14550,34.0,137,0,1
1768228090312094,52931,14550,60.0,24,0,1
1768228090314113,52931,14550,53.0,124,0,1
1768228090315403,52931,14550,31.0,2,0,1
1768228090317564,52931,14550,64.0,164,0,1
1768228090318415,52931,14550,24.0,168,0,1
1768228090319786,52931,14550,42.0,136,0,1
1768228090320657,52931,14550,42.0,193,0,1
1768228090322294,52931,14550,48.0,32,0,1
1768228090323832,52931,14550,40.0,241,0,1
1768228090325292,52931,14550,70.0,87,0,1
1768228090326776,52931,14550,61.0,147,0,1
1768228090329188,52931,14550,64.0,11030,0,1
1768228090348813,5760,58419,,0,1,1
1768228090349794,52931,14550,29.0,0,0,1
1768228090440246,5760,58419,,264,1,1
1768228090441125,52931,14550,47.0,264,0,1
1768228090527271,52931,14550,48.0,163,0,1
1768228090529331,52931,14550,44.0,178,0,1
1768228090530237,52931,14550,48.0,30,0,1
1768228090531940,52931,14550,48.0,33,0,1
1768228090533228,52931,14550,39.0,74,0,1
1768228090535744,52931,14550,51.0,1,0,1
1768228090539028,52931,14550,22.0,125,0,1
1768228090541263,52931,14550,27.0,152,0,1
1768228090542220,52931,14550,45.0,62,0,1
1768228090544780,52931,14550,26.0,42,0,1
1768228090546192,52931,14550,32.0,36,0,1
1768228090547331,52931,14550,62.0,65,0,1
1768228090548448,52931,14550,49.0,27,0,1
1768228090549394,52931,14550,44.0,116,0,1
1768228090550355,52931,14550,42.0,129,0,1
1768228090551568,52931,14550,34.0,29,0,1
1768228090552597,52931,14550,34.0,137,0,1
1768228090553416,52931,14550,60.0,24,0,1
1768228090554949,52931,14550,53.0,124,0,1
1768228090555993,52931,14550,31.0,2,0,1
1768228090557072,52931,14550,64.0,164,0,1
1768228090558001,52931,14550,24.0,168,0,1
1768228090559153,52931,14550,42.0,136,0,1
1768228090560003,52931,14550,42.0,193,0,1
1768228090561187,52931,14550,48.0,32,0,1
1768228090562054,52931,14550,40.0,241,0,1
1768228090562897,52931,14550,70.0,87,0,1
1768228090564262,52931,14550,61.0,147,0,1
1768228090565494,52931,14550,64.0,11030,0,1
1768228090658732,5760,58419,,253,1,1
1768228090660450,52931,14550,71.0,253,0,1
1768228090668121,52931,14550,35.0,253,0,1
1768228090669473,52931,14550,60.0,253,0,1
1768228090676440,52931,14550,35.0,253,0,1
1768228090678182,52931,14550,60.0,253,0,1
1768228090680909,52931,14550,35.0,253,0,1
1768228090682159,52931,14550,60.0,253,0,1
1768228090684190,52931,14550,35.0,253,0,1
1768228090685777,52931,14550,60.0,253,0,1
1768228090688797,52931,14550,35.0,253,0,1
1768228090690966,52931,14550,60.0,253,0,1
1768228090694103,52931,14550,35.0,253,0,1
1768228090696473,52931,14550,60.0,253,0,1
1768228090698435,52931,14550,35.0,253,0,1
1768228090699826,52931,14550,60.0,253,0,1
1768228090701744,52931,14550,35.0,253,0,1
1768228090702985,52931,14550,60.0,253,0,1
1768228090705723,52931,14550,35.0,253,0,1
1768228090708233,52931,14550,60.0,253,0,1
1768228090712750,52931,14550,35.0,253,0,1
1768228090714295,52931,14550,60.0,253,0,1
1768228090715652,52931,14550,35.0,253,0,1
1768228090716706,52931,14550,60.0,253,0,1
1768228090719491,52931,14550,35.0,253,0,1
1768228090721129,52931,14550,60.0,253,0,1
1768228090726410,52931,14550,35.0,253,0,1
1768228090727782,52931,14550,60.0,253,0,1
1768228090730101,52931,14550,35.0,253,0,1
1768228090731164,52931,14550,60.0,253,0,1
1768228090733543,52931,14550,35.0,253,0,1
1768228090734281,52931,14550,60.0,253,0,1
1768228090736546,52931,14550,35.0,253,0,1
1768228090737274,52931,14550,60.0,253,0,1
1768228090742060,52931,14550,35.0,253,0,1
1768228090743079,52931,14550,60.0,253,0,1
1768228090748625,52931,14550,35.0,253,0,1
1768228090749216,52931,14550,60.0,253,0,1
1768228090750522,52931,14550,35.0,253,0,1
1768228090751127,52931,14550,60.0,253,0,1
1768228090756588,52931,14550,35.0,253,0,1
1768228090757624,52931,14550,60.0,253,0,1
1768228090762726,52931,14550,35.0,253,0,1
1768228090763735,52931,14550,60.0,253,0,1
1768228090764685,52931,14550,35.0,253,0,1
1768228090765365,52931,14550,60.0,253,0,1
1768228090769416,52931,14550,35.0,253,0,1
1768228090769844,52931,14550,60.0,253,0,1
1768228090770625,52931,14550,35.0,253,0,1
1768228090771279,52931,14550,60.0,253,0,1
1768228090777006,52931,14550,35.0,253,0,0
1768228090777832,52931,14550,60.0,253,0,0
1768228090779164,52931,14550,48.0,163,0,0
1768228090779921,52931,14550,44.0,178,0,0
1768228090781001,52931,14550,48.0,30,0,0
1768228090781950,52931,14550,48.0,33,0,0
1768228090782773,52931,14550,39.0,74,0,0
1768228090784469,52931,14550,51.0,1,0,0
1768228090785221,52931,14550,22.0,125,0,0
1768228090785735,52931,14550,27.0,152,0,0
1768228090786357,52931,14550,45.0,62,0,0
1768228090787454,52931,14550,26.0,42,0,0
1768228090787927,52931,14550,32.0,36,0,0
1768228090788551,52931,14550,62.0,65,0,0
1768228090789171,52931,14550,49.0,27,0,0
1768228090789891,52931,14550,44.0,116,0,0
1768228090790878,52931,14550,42.0,129,0,0
1768228090791768,52931,14550,34.0,29,0,0
1768228090792291,52931,14550,34.0,137,0,0
1768228090792772,52931,14550,60.0,24,0,0
1768228090793704,52931,14550,53.0,124,0,0
1768228090794407,52931,14550,31.0,2,0,0
1768228090794752,52931,14550,64.0,164,0,0
1768228090795163,52931,14550,24.0,168,0,0
1768228090795596,52931,14550,42.0,136,0,0
1768228090795979,52931,14550,42.0,193,0,0
1768228090796528,52931,14550,48.0,32,0,0
1768228090796862,52931,14550,40.0,241,0,0
1768228090797182,52931,14550,70.0,87,0,0
1768228090797908,52931,14550,61.0,147,0,0
1768228090798411,52931,14550,64.0,11030,0,0
1768228090798918,52931,14550,45.0,22,0,0
1768228090800569,52931,14550,35.0,253,0,0
1768228090801178,52931,14550,60.0,253,0,0
1768228090945377,5760,58419,,264,1,0
1768228090946335,52931,14550,47.0,264,0,0
1768228091029427,52931,14550,48.0,163,0,0
1768228091032752,52931,14550,44.0,178,0,0
1768228091034272,52931,14550,48.0,30,0,0
1768228091036660,52931,14550,48.0,33,0,0
1768228091039379,52931,14550,39.0,74,0,0
1768228091045205,52931,14550,51.0,1,0,0
1768228091048450,52931,14550,22.0,125,0,0
1768228091050153,52931,14550,27.0,152,0,0
1768228091051364,52931,14550,45.0,62,0,0
1768228091053574,52931,14550,26.0,42,0,0
1768228091056985,52931,14550,32.0,36,0,0
1768228091058398,52931,14550,62.0,65,0,0
1768228091060241,52931,14550,49.0,27,0,0
1768228091061975,52931,14550,44.0,116,0,0
1768228091063435,52931,14550,42.0,129,0,0
1768228091064949,52931,14550,34.0,29,0,0
1768228091066197,52931,14550,34.0,137,0,0
1768228091067412,52931,14550,60.0,24,0,0
1768228091069712,52931,14550,53.0,124,0,0
1768228091071410,52931,14550,31.0,2,0,0
1768228091072775,52931,14550,64.0,164,0,0
1768228091074312,52931,14550,24.0,168,0,0
1768228091076070,52931,14550,42.0,136,0,0
1768228091077222,52931,14550,42.0,193,0,0
1768228091078895,52931,14550,48.0,32,0,0
1768228091080215,52931,14550,40.0,241,0,0
1768228091081576,52931,14550,70.0,87,0,0
1768228091083121,52931,14550,61.0,147,0,0
1768228091085154,52931,14550,64.0,11030,0,0
1768228091165195,58419,5760,,0,1,0
1768228091279375,52931,14550,48.0,163,0,0
1768228091281062,52931,14550,44.0,178,0,0
1768228091282703,52931,14550,48.0,30,0,0
1768228091286167,52931,14550,48.0,33,0,0
1768228091287892,52931,14550,39.0,74,0,0
1768228091292618,52931,14550,51.0,1,0,0
1768228091299255,52931,14550,22.0,125,0,0
1768228091302002,52931,14550,27.0,152,0,0
1768228091303636,52931,14550,45.0,62,0,0
1768228091307245,52931,14550,26.0,42,0,0
1768228091309691,52931,14550,32.0,36,0,0
1768228091312869,52931,14550,62.0,65,0,0
1768228091315275,52931,14550,49.0,27,0,0
1768228091317578,52931,14550,44.0,116,0,0
1768228091318968,52931,14550,42.0,129,0,0
1768228091320292,52931,14550,34.0,29,0,0
1768228091322156,52931,14550,34.0,137,0,0
1768228091324228,52931,14550,60.0,24,0,0
1768228091328783,52931,14550,53.0,124,0,0
1768228091331042,52931,14550,31.0,2,0,0
1768228091332616,52931,14550,64.0,164,0,0
1768228091334807,52931,14550,24.0,168,0,0
1768228091336366,52931,14550,42.0,136,0,0
1768228091339628,52931,14550,42.0,193,0,0
1768228091341188,52931,14550,48.0,32,0,0
1768228091343354,52931,14550,40.0,241,0,0
1768228091344963,52931,14550,70.0,87,0,0
1768228091346458,52931,14550,61.0,147,0,0
1768228091348355,52931,14550,64.0,11030,0,0
1768228091353349,5760,58419,,0,1,0
1768228091354436,52931,14550,29.0,0,0,0
1768228091443581,5760,58419,,264,1,0
1768228091444646,52931,14550,47.0,264,0,0
1768228091535317,52931,14550,48.0,163,0,0
1768228091538839,52931,14550,44.0,178,0,0
1768228091540105,52931,14550,48.0,30,0,0
1768228091542165,52931,14550,48.0,33,0,0
1768228091543629,52931,14550,39.0,74,0,0
1768228091546662,52931,14550,51.0,1,0,0
1768228091549149,52931,14550,22.0,125,0,0
1768228091551183,52931,14550,27.0,152,0,0
1768228091552402,52931,14550,45.0,62,0,0
1768228091555060,52931,14550,26.0,42,0,0
1768228091557559,52931,14550,32.0,36,0,0
1768228091558974,52931,14550,62.0,65,0,0
1768228091560576,52931,14550,49.0,27,0,0
1768228091562002,52931,14550,44.0,116,0,0
1768228091563290,52931,14550,42.0,129,0,0
1768228091564975,52931,14550,34.0,29,0,0
1768228091566563,52931,14550,34.0,137,0,0
1768228091568015,52931,14550,60.0,24,0,0
1768228091569761,52931,14550,53.0,124,0,0
1768228091571617,52931,14550,31.0,2,0,0
1768228091573444,52931,14550,64.0,164,0,0
1768228091575002,52931,14550,24.0,168,0,0
1768228091576515,52931,14550,42.0,136,0,0
1768228091577965,52931,14550,42.0,193,0,0
1768228091579386,52931,14550,48.0,32,0,0
1768228091580552,52931,14550,40.0,241,0,0
1768228091581884,52931,14550,70.0,87,0,0
1768228091584031,52931,14550,61.0,147,0,0
1768228091585498,52931,14550,64.0,11030,0,0
1768228091785640,52931,14550,48.0,163,0,0
1768228091789341,52931,14550,44.0,178,0,0
1768228091793227,52931,14550,48.0,30,0,0
1768228091795516,52931,14550,48.0,33,0,0
1768228091797289,52931,14550,39.0,74,0,0
1768228091800942,52931,14550,51.0,1,0,0
1768228091807020,52931,14550,22.0,125,0,0
1768228091810570,52931,14550,27.0,152,0,0
1768228091813408,52931,14550,45.0,62,0,0
1768228091817887,52931,14550,26.0,42,0,0
1768228091823151,52931,14550,32.0,36,0,0
1768228091825585,52931,14550,62.0,65,0,0
1768228091827793,52931,14550,49.0,27,0,0
1768228091829708,52931,14550,44.0,116,0,0
1768228091830987,52931,14550,42.0,129,0,0
1768228091832235,52931,14550,34.0,29,0,0
1768228091834295,52931,14550,34.0,137,0,0
1768228091835511,52931,14550,60.0,24,0,0
1768228091839234,52931,14550,53.0,124,0,0
1768228091845662,52931,14550,31.0,2,0,0
1768228091848875,52931,14550,64.0,164,0,0
1768228091850278,52931,14550,24.0,168,0,0
1768228091852270,52931,14550,42.0,136,0,0
1768228091862099,52931,14550,42.0,193,0,0
1768228091864875,52931,14550,48.0,32,0,0
1768228091866740,52931,14550,40.0,241,0,0
1768228091868956,52931,14550,70.0,87,0,0
1768228091873175,52931,14550,61.0,147,0,0
1768228091877258,52931,14550,64.0,11030,0,0
1768228091948448,5760,58419,,264,1,0
1768228091949508,52931,14550,47.0,264,0,0
1768228092033753,52931,14550,48.0,163,0,0
1768228092037836,52931,14550,44.0,178,0,0
1768228092039806,52931,14550,48.0,30,0,0
1768228092041753,52931,14550,48.0,33,0,0
1768228092043617,52931,14550,39.0,74,0,0
1768228092046974,52931,14550,51.0,1,0,0
1768228092049808,52931,14550,22.0,125,0,0
1768228092052241,52931,14550,27.0,152,0,0
1768228092054063,52931,14550,45.0,62,0,0
1768228092056799,52931,14550,26.0,42,0,0
1768228092059690,52931,14550,32.0,36,0,0
1768228092061399,52931,14550,62.0,65,0,0
1768228092062678,52931,14550,49.0,27,0,0
1768228092064998,52931,14550,44.0,116,0,0
1768228092066491,52931,14550,42.0,129,0,0
1768228092067838,52931,14550,34.0,29,0,0
1768228092069020,52931,14550,34.0,137,0,0
1768228092070824,52931,14550,60.0,24,0,0
1768228092072857,52931,14550,53.0,124,0,0
1768228092074780,52931,14550,31.0,2,0,0
1768228092076462,52931,14550,64.0,164,0,0
1768228092077762,52931,14550,24.0,168,0,0
1768228092079222,52931,14550,42.0,136,0,0
1768228092080910,52931,14550,42.0,193,0,0
1768228092082326,52931,14550,48.0,32,0,0
1768228092083500,52931,14550,40.0,241,0,0
1768228092085066,52931,14550,70.0,87,0,0
1768228092086562,52931,14550,61.0,147,0,0
1768228092088367,52931,14550,64.0,11030,0,0
1768228092169552,58419,5760,,0,1,0
1768228092289310,5760,58419,,11030,1,0
1768228092290136,52931,14550,48.0,163,0,0
1768228092291931,52931,14550,44.0,178,0,0
1768228092293863,52931,14550,48.0,30,0,0
1768228092296030,52931,14550,48.0,33,0,0
1768228092298751,52931,14550,39.0,74,0,0
1768228092301319,52931,14550,51.0,1,0,0
1768228092308868,52931,14550,22.0,125,0,0
1768228092312045,52931,14550,27.0,152,0,0
1768228092313961,52931,14550,45.0,62,0,0
1768228092316589,52931,14550,26.0,42,0,0
1768228092318678,52931,14550,32.0,36,0,0
1768228092321243,52931,14550,62.0,65,0,0
1768228092323282,52931,14550,49.0,27,0,0
1768228092324557,52931,14550,44.0,116,0,0
1768228092326117,52931,14550,42.0,129,0,0
1768228092328253,52931,14550,34.0,29,0,0
1768228092333176,52931,14550,34.0,137,0,0
1768228092334510,52931,14550,60.0,24,0,0
1768228092337876,52931,14550,53.0,124,0,0
1768228092339652,52931,14550,31.0,2,0,0
1768228092341806,52931,14550,64.0,164,0,0
1768228092344846,52931,14550,24.0,168,0,0
1768228092346823,52931,14550,42.0,136,0,0
1768228092349286,52931,14550,42.0,193,0,0
1768228092350830,52931,14550,48.0,32,0,0
1768228092352638,52931,14550,40.0,241,0,0
1768228092354366,52931,14550,70.0,87,0,0
1768228092357614,5760,58419,,0,1,0
1768228092359200,52931,14550,61.0,147,0,0
1768228092360446,52931,14550,64.0,11030,0,0
1768228092363916,58419,5760,,66,1,0
1768228092366022,52931,14550,29.0,0,0,0
1768228092449797,5760,58419,,264,1,0
1768228092450913,52931,14550,47.0,264,0,0
1768228092541596,52931,14550,48.0,163,0,0
1768228092543841,52931,14550,44.0,178,0,0
1768228092545688,52931,14550,48.0,30,0,0
1768228092547961,52931,14550,48.0,33,0,0
1768228092549321,52931,14550,39.0,74,0,0
1768228092554892,52931,14550,51.0,1,0,0
1768228092557594,52931,14550,22.0,125,0,0
1768228092559753,52931,14550,27.0,152,0,0
1768228092561280,52931,14550,45.0,62,0,0
1768228092563497,52931,14550,26.0,42,0,0
1768228092566144,52931,14550,32.0,36,0,0
1768228092567546,52931,14550,62.0,65,0,0
1768228092568947,52931,14550,49.0,27,0,0
1768228092570461,52931,14550,44.0,116,0,0
1768228092571982,52931,14550,42.0,129,0,0
1768228092573608,52931,14550,34.0,29,0,0
1768228092575098,52931,14550,34.0,137,0,0
1768228092576477,52931,14550,60.0,24,0,0
1768228092578408,52931,14550,53.0,124,0,0
1768228092580117,52931,14550,31.0,2,0,0
1768228092581612,52931,14550,64.0,164,0,0
1768228092583072,52931,14550,24.0,168,0,0
1768228092584455,52931,14550,42.0,136,0,0
1768228092586287,52931,14550,42.0,193,0,0
1768228092588230,52931,14550,48.0,32,0,0
1768228092589576,52931,14550,40.0,241,0,0
1768228092591126,52931,14550,70.0,87,0,0
1768228092592898,52931,14550,61.0,147,0,0
1768228092594519,52931,14550,64.0,11030,0,0
1768228092792233,52931,14550,48.0,163,0,0
1768228092793392,52931,14550,44.0,178,0,0
1768228092794639,52931,14550,48.0,30,0,0
1768228092797012,52931,14550,48.0,33,0,0
1768228092799077,52931,14550,39.0,74,0,0
1768228092802759,52931,14550,51.0,1,0,0
1768228092806492,52931,14550,22.0,125,0,0
1768228092808310,52931,14550,27.0,152,0,0
1768228092809333,52931,14550,45.0,62,0,0
1768228092812216,52931,14550,26.0,42,0,0
1768228092814942,52931,14550,32.0,36,0,0
1768228092816443,52931,14550,62.0,65,0,0
1768228092817509,52931,14550,49.0,27,0,0
1768228092818380,52931,14550,44.0,116,0,0
1768228092819657,52931,14550,42.0,129,0,0
1768228092821868,52931,14550,34.0,29,0,0
1768228092823143,52931,14550,34.0,137,0,0
1768228092825171,52931,14550,60.0,24,0,0
1768228092826640,52931,14550,53.0,124,0,0
1768228092828861,52931,14550,31.0,2,0,0
1768228092830186,52931,14550,64.0,164,0,0
1768228092831784,52931,14550,24.0,168,0,0
1768228092834358,52931,14550,42.0,136,0,0
1768228092835913,52931,14550,42.0,193,0,0
1768228092838225,52931,14550,48.0,32,0,0
1768228092839251,52931,14550,40.0,241,0,0
1768228092842054,52931,14550,70.0,87,0,0
1768228092844016,52931,14550,61.0,147,0,0
1768228092845348,52931,14550,64.0,11030,0,0
1768228092955071,5760,58419,,264,1,0
1768228092955873,52931,14550,47.0,264,0,0
1768228093043229,52931,14550,48.0,163,0,0
1768228093045044,52931,14550,44.0,178,0,0
1768228093045947,52931,14550,48.0,30,0,0
1768228093047963,52931,14550,48.0,33,0,0
1768228093049517,52931,14550,39.0,74,0,0
1768228093051577,52931,14550,51.0,1,0,0
1768228093053102,52931,14550,22.0,125,0,0
1768228093054514,52931,14550,27.0,152,0,0
1768228093055401,52931,14550,45.0,62,0,0
1768228093057504,52931,14550,26.0,42,0,0
1768228093058929,52931,14550,32.0,36,0,0
1768228093059783,52931,14550,62.0,65,0,0
1768228093061100,52931,14550,49.0,27,0,0
1768228093061967,52931,14550,44.0,116,0,0
1768228093063040,52931,14550,42.0,129,0,0
1768228093063876,52931,14550,34.0,29,0,0
1768228093064835,52931,14550,34.0,137,0,0
1768228093065849,52931,14550,60.0,24,0,0
1768228093067021,52931,14550,53.0,124,0,0
1768228093068348,52931,14550,31.0,2,0,0
1768228093069400,52931,14550,64.0,164,0,0
1768228093070317,52931,14550,24.0,168,0,0
1768228093071374,52931,14550,42.0,136,0,0
1768228093072223,52931,14550,42.0,193,0,0
1768228093074370,52931,14550,48.0,32,0,0
1768228093075463,52931,14550,40.0,241,0,0
1768228093076375,52931,14550,70.0,87,0,0
1768228093077557,52931,14550,61.0,147,0,0
1768228093078935,52931,14550,64.0,11030,0,0
1768228093178973,58419,5760,,0,1,0
1768228093294534,52931,14550,48.0,163,0,0
1768228093296645,52931,14550,44.0,178,0,0
1768228093298373,52931,14550,48.0,30,0,0
1768228093302726,52931,14550,48.0,33,0,0
1768228093304960,52931,14550,39.0,74,0,0
1768228093311492,52931,14550,51.0,1,0,0
1768228093316897,52931,14550,22.0,125,0,0
1768228093320290,52931,14550,27.0,152,0,0
1768228093322757,52931,14550,45.0,62,0,0
1768228093326438,52931,14550,26.0,42,0,0
1768228093329852,52931,14550,32.0,36,0,0
1768228093331231,52931,14550,62.0,65,0,0
1768228093333126,52931,14550,49.0,27,0,0
1768228093335038,52931,14550,44.0,116,0,0
1768228093337176,52931,14550,42.0,129,0,0
1768228093338629,52931,14550,34.0,29,0,0
1768228093340660,52931,14550,34.0,137,0,0
1768228093342614,52931,14550,60.0,24,0,0
1768228093345438,52931,14550,53.0,124,0,0
1768228093346889,52931,14550,31.0,2,0,0
1768228093351207,52931,14550,64.0,164,0,0
1768228093353313,52931,14550,24.0,168,0,0
1768228093357006,52931,14550,42.0,136,0,0
1768228093358689,52931,14550,42.0,193,0,0
1768228093361130,52931,14550,48.0,32,0,0
1768228093362364,52931,14550,40.0,241,0,0
1768228093363132,5760,58419,,0,1,0
1768228093364314,52931,14550,70.0,87,0,0
1768228093366895,52931,14550,61.0,147,0,0
1768228093369242,52931,14550,64.0,11030,0,0
1768228093374885,52931,14550,29.0,0,0,0
1768228093392689,5760,58419,,111,1,0
1768228093394082,52931,14550,33.0,111,0,0
1768228093456510,5760,58419,,264,1,0
1768228093457889,52931,14550,47.0,264,0,0
1768228093542121,52931,14550,48.0,163,0,0
1768228093544668,52931,14550,44.0,178,0,0
1768228093546312,52931,14550,48.0,30,0,0
1768228093548151,52931,14550,48.0,33,0,0
1768228093549614,52931,14550,39.0,74,0,0
1768228093552903,52931,14550,51.0,1,0,0
1768228093555573,52931,14550,22.0,125,0,0
1768228093557428,52931,14550,27.0,152,0,0
1768228093558681,52931,14550,45.0,62,0,0
1768228093560840,52931,14550,26.0,42,0,0
1768228093563394,52931,14550,32.0,36,0,0
1768228093564955,52931,14550,62.0,65,0,0
1768228093567032,52931,14550,49.0,27,0,0
1768228093568400,52931,14550,44.0,116,0,0
1768228093570003,52931,14550,42.0,129,0,0
1768228093571316,52931,14550,34.0,29,0,0
1768228093572729,52931,14550,34.0,137,0,0
1768228093573948,52931,14550,60.0,24,0,0
1768228093576140,52931,14550,53.0,124,0,0
1768228093578404,52931,14550,31.0,2,0,0
1768228093580235,52931,14550,64.0,164,0,0
1768228093581513,52931,14550,24.0,168,0,0
1768228093583224,52931,14550,42.0,136,0,0
1768228093584528,52931,14550,42.0,193,0,0
1768228093585909,52931,14550,48.0,32,0,0
1768228093587059,52931,14550,40.0,241,0,0
1768228093589071,52931,14550,70.0,87,0,0
1768228093592642,52931,14550,61.0,147,0,0
1768228093595136,52931,14550,64.0,11030,0,0
1768228093796681,52931,14550,48.0,163,0,0
1768228093801317,52931,14550,44.0,178,0,0
1768228093804147,52931,14550,48.0,30,0,0
1768228093807892,52931,14550,48.0,33,0,0
1768228093809264,52931,14550,39.0,74,0,0
1768228093816098,52931,14550,51.0,1,0,0
1768228093821252,52931,14550,22.0,125,0,0
1768228093825407,52931,14550,27.0,152,0,0
1768228093827676,52931,14550,45.0,62,0,0
1768228093832273,52931,14550,26.0,42,0,0
1768228093835757,52931,14550,32.0,36,0,0
1768228093839220,52931,14550,62.0,65,0,0
1768228093840748,52931,14550,49.0,27,0,0
1768228093843294,52931,14550,44.0,116,0,0
1768228093846864,52931,14550,42.0,129,0,0
1768228093849137,52931,14550,34.0,29,0,0
1768228093851059,52931,14550,34.0,137,0,0
1768228093852764,52931,14550,60.0,24,0,0
1768228093857772,52931,14550,53.0,124,0,0
1768228093859781,52931,14550,31.0,2,0,0
1768228093863012,52931,14550,64.0,164,0,0
1768228093865081,52931,14550,24.0,168,0,0
1768228093866524,52931,14550,42.0,136,0,0
1768228093867908,52931,14550,42.0,193,0,0
1768228093869627,52931,14550,48.0,32,0,0
1768228093870872,52931,14550,40.0,241,0,0
1768228093872363,52931,14550,70.0,87,0,0
1768228093874612,52931,14550,61.0,147,0,0
1768228093876052,52931,14550,64.0,11030,0,0
1768228093960838,5760,58419,,264,1,0
1768228093961916,52931,14550,47.0,264,0,0
1768228094044917,52931,14550,48.0,163,0,0
1768228094048736,52931,14550,44.0,178,0,0
1768228094050658,52931,14550,48.0,30,0,0
1768228094052808,52931,14550,48.0,33,0,0
1768228094054523,52931,14550,39.0,74,0,0
1768228094057532,52931,14550,51.0,1,0,0
1768228094060808,52931,14550,22.0,125,0,0
1768228094062857,52931,14550,27.0,152,0,0
1768228094064085,52931,14550,45.0,62,0,0
1768228094066374,52931,14550,26.0,42,0,0
1768228094069155,52931,14550,32.0,36,0,0
1768228094070660,52931,14550,62.0,65,0,0
1768228094072217,52931,14550,49.0,27,0,0
1768228094073832,52931,14550,44.0,116,0,0
1768228094075752,52931,14550,42.0,129,0,0
1768228094077119,52931,14550,34.0,29,0,0
1768228094078613,52931,14550,34.0,137,0,0
1768228094079849,52931,14550,60.0,24,0,0
1768228094082009,52931,14550,53.0,124,0,0
1768228094083487,52931,14550,31.0,2,0,0
1768228094084936,52931,14550,64.0,164,0,0
1768228094086163,52931,14550,24.0,168,0,0
1768228094087538,52931,14550,42.0,136,0,0
1768228094088896,52931,14550,42.0,193,0,0
1768228094090557,52931,14550,48.0,32,0,0
1768228094092047,52931,14550,40.0,241,0,0
1768228094093699,52931,14550,70.0,87,0,0
1768228094095182,52931,14550,61.0,147,0,0
1768228094097056,52931,14550,64.0,11030,0,0
1768228094189483,58419,5760,,0,1,0
1768228094300266,52931,14550,48.0,163,0,0
1768228094302481,52931,14550,44.0,178,0,0
1768228094303812,52931,14550,48.0,30,0,0
1768228094305802,52931,14550,48.0,33,0,0
1768228094308071,52931,14550,39.0,74,0,0
1768228094313458,52931,14550,51.0,1,0,0
1768228094319013,52931,14550,22.0,125,0,0
1768228094323130,52931,14550,27.0,152,0,0
1768228094326475,52931,14550,45.0,62,0,0
1768228094329951,52931,14550,26.0,42,0,0
1768228094334503,52931,14550,32.0,36,0,0
1768228094339706,52931,14550,62.0,65,0,0
1768228094341155,52931,14550,49.0,27,0,0
1768228094343070,52931,14550,44.0,116,0,0
1768228094347054,52931,14550,42.0,129,0,0
1768228094349533,52931,14550,34.0,29,0,0
1768228094350894,52931,14550,34.0,137,0,0
1768228094354923,52931,14550,60.0,24,0,0
1768228094357343,52931,14550,53.0,124,0,0
1768228094359244,52931,14550,31.0,2,0,0
1768228094360513,52931,14550,64.0,164,0,0
1768228094363607,52931,14550,24.0,168,0,0
1768228094365676,52931,14550,42.0,136,0,0
1768228094367974,52931,14550,42.0,193,0,0
1768228094368682,5760,58419,,0,1,0
1768228094370478,52931,14550,48.0,32,0,0
1768228094373229,52931,14550,40.0,241,0,0
1768228094375919,52931,14550,70.0,87,0,0
1768228094379773,52931,14550,61.0,147,0,0
1768228094382224,52931,14550,64.0,11030,0,0
1768228094386997,52931,14550,29.0,0,0,0
1768228094462854,5760,58419,,264,1,0
1768228094463877,52931,14550,47.0,264,0,0
1768228094547828,52931,14550,48.0,163,0,0
1768228094549785,52931,14550,44.0,178,0,0
1768228094551078,52931,14550,48.0,30,0,0
1768228094555176,52931,14550,48.0,33,0,0
1768228094557213,52931,14550,39.0,74,0,0
1768228094561598,52931,14550,51.0,1,0,0
1768228094564072,52931,14550,22.0,125,0,0
1768228094567106,52931,14550,27.0,152,0,0
1768228094570063,52931,14550,45.0,62,0,0
1768228094572566,52931,14550,26.0,42,0,0
1768228094575041,52931,14550,32.0,36,0,0
1768228094576559,52931,14550,62.0,65,0,0
1768228094577853,52931,14550,49.0,27,0,0
1768228094579310,52931,14550,44.0,116,0,0
1768228094581789,52931,14550,42.0,129,0,0
1768228094584300,52931,14550,34.0,29,0,0
1768228094585791,52931,14550,34.0,137,0,0
1768228094587012,52931,14550,60.0,24,0,0
1768228094588819,52931,14550,53.0,124,0,0
1768228094590783,52931,14550,31.0,2,0,0
1768228094592394,52931,14550,64.0,164,0,0
1768228094593763,52931,14550,24.0,168,0,0
1768228094595123,52931,14550,42.0,136,0,0
1768228094596522,52931,14550,42.0,193,0,0
1768228094598135,52931,14550,48.0,32,0,0
1768228094599794,52931,14550,40.0,241,0,0
1768228094601602,52931,14550,70.0,87,0,0
1768228094604172,52931,14550,61.0,147,0,0
1768228094605680,52931,14550,64.0,11030,0,0
1768228094799197,52931,14550,48.0,163,0,0
1768228094800154,52931,14550,44.0,178,0,0
1768228094801354,52931,14550,48.0,30,0,0
1768228094802566,52931,14550,48.0,33,0,0
1768228094803466,52931,14550,39.0,74,0,0
1768228094805739,52931,14550,51.0,1,0,0
1768228094809153,52931,14550,22.0,125,0,0
1768228094810718,52931,14550,27.0,152,0,0
1768228094811674,52931,14550,45.0,62,0,0
1768228094813939,52931,14550,26.0,42,0,0
1768228094816274,52931,14550,32.0,36,0,0
1768228094817033,52931,14550,62.0,65,0,0
1768228094818126,52931,14550,49.0,27,0,0
1768228094819253,52931,14550,44.0,116,0,0
1768228094820259,52931,14550,42.0,129,0,0
1768228094821635,52931,14550,34.0,29,0,0
1768228094822476,52931,14550,34.0,137,0,0
1768228094824461,52931,14550,60.0,24,0,0
1768228094826162,52931,14550,53.0,124,0,0
1768228094827606,52931,14550,31.0,2,0,0
1768228094828642,52931,14550,64.0,164,0,0
1768228094829385,52931,14550,24.0,168,0,0
1768228094830402,52931,14550,42.0,136,0,0
1768228094831312,52931,14550,42.0,193,0,0
1768228094833022,52931,14550,48.0,32,0,0
1768228094834061,52931,14550,40.0,241,0,0
1768228094835703,52931,14550,70.0,87,0,0
1768228094836894,52931,14550,61.0,147,0,0
1768228094837622,52931,14550,64.0,11030,0,0
1768228094964593,5760,58419,,264,1,0
1768228094965603,52931,14550,47.0,264,0,0
1768228095049557,52931,14550,48.0,163,0,0
1768228095053362,52931,14550,44.0,178,0,0
1768228095055486,52931,14550,48.0,30,0,0
1768228095058683,52931,14550,48.0,33,0,0
1768228095060651,52931,14550,39.0,74,0,0
1768228095063242,52931,14550,51.0,1,0,0
1768228095065655,52931,14550,22.0,125,0,0
1768228095067601,52931,14550,27.0,152,0,0
1768228095069039,52931,14550,45.0,62,0,0
1768228095071469,52931,14550,26.0,42,0,0
1768228095074337,52931,14550,32.0,36,0,0
1768228095075632,52931,14550,62.0,65,0,0
1768228095077013,52931,14550,49.0,27,0,0
1768228095078472,52931,14550,44.0,116,0,0
1768228095079951,52931,14550,42.0,129,0,0
1768228095081481,52931,14550,34.0,29,0,0
1768228095083135,52931,14550,34.0,137,0,0
1768228095084707,52931,14550,60.0,24,0,0
1768228095086706,52931,14550,53.0,124,0,0
1768228095088153,52931,14550,31.0,2,0,0
1768228095089875,52931,14550,64.0,164,0,0
1768228095091452,52931,14550,24.0,168,0,0
1768228095093212,52931,14550,42.0,136,0,0
1768228095094604,52931,14550,42.0,193,0,0
1768228095096503,52931,14550,48.0,32,0,0
1768228095097808,52931,14550,40.0,241,0,0
1768228095099282,52931,14550,70.0,87,0,0
1768228095100744,52931,14550,61.0,147,0,0
1768228095101968,52931,14550,64.0,11030,0,0
1768228095194968,58419,5760,,0,1,0
1768228095305902,52931,14550,48.0,163,0,0
1768228095308080,52931,14550,44.0,178,0,0
1768228095309846,52931,14550,48.0,30,0,0
1768228095313297,52931,14550,48.0,33,0,0
1768228095314613,52931,14550,39.0,74,0,0
1768228095321189,52931,14550,51.0,1,0,0
1768228095328619,52931,14550,22.0,125,0,0
1768228095331257,52931,14550,27.0,152,0,0
1768228095332477,52931,14550,45.0,62,0,0
1768228095335238,52931,14550,26.0,42,0,0
1768228095338595,52931,14550,32.0,36,0,0
1768228095340997,52931,14550,62.0,65,0,0
1768228095342388,52931,14550,49.0,27,0,0
1768228095344148,52931,14550,44.0,116,0,0
1768228095345983,52931,14550,42.0,129,0,0
1768228095347617,52931,14550,34.0,29,0,0
1768228095349521,52931,14550,34.0,137,0,0
1768228095350896,52931,14550,60.0,24,0,0
1768228095354477,52931,14550,53.0,124,0,0
1768228095357068,52931,14550,31.0,2,0,0
1768228095358972,52931,14550,64.0,164,0,0
1768228095360175,52931,14550,24.0,168,0,0
1768228095362632,52931,14550,42.0,136,0,0
1768228095364349,52931,14550,42.0,193,0,0
1768228095366304,52931,14550,48.0,32,0,0
1768228095368178,52931,14550,40.0,241,0,0
1768228095370289,52931,14550,70.0,87,0,0
1768228095373264,5760,58419,,0,1,0
1768228095374605,52931,14550,61.0,147,0,0
1768228095376857,52931,14550,64.0,11030,0,0
1768228095382505,52931,14550,29.0,0,0,0
1768228095465624,5760,58419,,264,1,0
1768228095466915,52931,14550,47.0,264,0,0
1768228095556933,52931,14550,48.0,163,0,0
1768228095558559,52931,14550,44.0,178,0,0
1768228095560518,52931,14550,48.0,30,0,0
1768228095563423,52931,14550,48.0,33,0,0
1768228095564774,52931,14550,39.0,74,0,0
1768228095569051,52931,14550,51.0,1,0,0
1768228095574752,52931,14550,22.0,125,0,0
1768228095576423,52931,14550,27.0,152,0,0
1768228095577623,52931,14550,45.0,62,0,0
1768228095579945,52931,14550,26.0,42,0,0
1768228095582495,52931,14550,32.0,36,0,0
1768228095583919,52931,14550,62.0,65,0,0
1768228095585281,52931,14550,49.0,27,0,0
1768228095586485,52931,14550,44.0,116,0,0
1768228095587979,52931,14550,42.0,129,0,0
1768228095589587,52931,14550,34.0,29,0,0
1768228095590818,52931,14550,34.0,137,0,0
1768228095592663,52931,14550,60.0,24,0,0
1768228095594561,52931,14550,53.0,124,0,0
1768228095596363,52931,14550,31.0,2,0,0
1768228095597951,52931,14550,64.0,164,0,0
1768228095599297,52931,14550,24.0,168,0,0
1768228095600946,52931,14550,42.0,136,0,0
1768228095602210,52931,14550,42.0,193,0,0
1768228095603842,52931,14550,48.0,32,0,0
1768228095605287,52931,14550,40.0,241,0,0
1768228095607681,52931,14550,70.0,87,0,0
1768228095610290,52931,14550,61.0,147,0,0
1768228095611585,52931,14550,64.0,11030,0,0
1768228095804921,52931,14550,48.0,163,0,0
1768228095807969,52931,14550,44.0,178,0,0
1768228095810218,52931,14550,48.0,30,0,0
1768228095812644,52931,14550,48.0,33,0,0
1768228095815137,52931,14550,39.0,74,0,0
1768228095820515,52931,14550,51.0,1,0,0
1768228095826455,52931,14550,22.0,125,0,0
1768228095829672,52931,14550,27.0,152,0,0
1768228095831752,52931,14550,45.0,62,0,0
1768228095834231,52931,14550,26.0,42,0,0
1768228095836813,52931,14550,32.0,36,0,0
1768228095838717,52931,14550,62.0,65,0,0
1768228095840784,52931,14550,49.0,27,0,0
1768228095843612,52931,14550,44.0,116,0,0
1768228095845605,52931,14550,42.0,129,0,0
1768228095849162,52931,14550,34.0,29,0,0
1768228095851370,52931,14550,34.0,137,0,0
1768228095852582,52931,14550,60.0,24,0,0
1768228095856844,52931,14550,53.0,124,0,0
1768228095859461,52931,14550,31.0,2,0,0
1768228095862475,52931,14550,64.0,164,0,0
1768228095864008,52931,14550,24.0,168,0,0
1768228095867380,52931,14550,42.0,136,0,0
1768228095869737,52931,14550,42.0,193,0,0
1768228095872749,52931,14550,48.0,32,0,0
1768228095874853,52931,14550,40.0,241,0,0
1768228095877680,52931,14550,70.0,87,0,0
1768228095879677,52931,14550,61.0,147,0,0
1768228095881955,52931,14550,64.0,11030,0,0
1768228095971627,5760,58419,,264,1,0
1768228095972720,52931,14550,47.0,264,0,0
1768228096056520,52931,14550,48.0,163,0,0
1768228096059964,52931,14550,44.0,178,0,0
1768228096061290,52931,14550,48.0,30,0,0
1768228096065533,52931,14550,48.0,33,0,0
1768228096067295,52931,14550,39.0,74,0,0
1768228096071094,52931,14550,51.0,1,0,0
1768228096074196,52931,14550,22.0,125,0,0
1768228096075788,52931,14550,27.0,152,0,0
1768228096076961,52931,14550,45.0,62,0,0
1768228096079381,52931,14550,26.0,42,0,0
1768228096081462,52931,14550,32.0,36,0,0
1768228096082713,52931,14550,62.0,65,0,0
1768228096084563,52931,14550,49.0,27,0,0
1768228096086290,52931,14550,44.0,116,0,0
1768228096088482,52931,14550,42.0,129,0,0
1768228096090648,52931,14550,34.0,29,0,0
1768228096092168,52931,14550,34.0,137,0,0
1768228096093339,52931,14550,60.0,24,0,0
1768228096094930,52931,14550,53.0,124,0,0
1768228096096686,52931,14550,31.0,2,0,0
1768228096098529,52931,14550,64.0,164,0,0
1768228096099936,52931,14550,24.0,168,0,0
1768228096101335,52931,14550,42.0,136,0,0
1768228096102751,52931,14550,42.0,193,0,0
1768228096104435,52931,14550,48.0,32,0,0
1768228096105797,52931,14550,40.0,241,0,0
1768228096107192,52931,14550,70.0,87,0,0
1768228096109211,52931,14550,61.0,147,0,0
1768228096112108,52931,14550,64.0,11030,0,0
1768228096206137,58419,5760,,0,1,0
1768228096310682,52931,14550,48.0,163,0,0
1768228096311636,52931,14550,44.0,178,0,0
1768228096312826,52931,14550,48.0,30,0,0
1768228096314966,52931,14550,48.0,33,0,0
1768228096316163,52931,14550,39.0,74,0,0
1768228096317930,52931,14550,51.0,1,0,0
1768228096319478,52931,14550,22.0,125,0,0
1768228096320430,52931,14550,27.0,152,0,0
1768228096321098,52931,14550,45.0,62,0,0
1768228096322493,52931,14550,26.0,42,0,0
1768228096323721,52931,14550,32.0,36,0,0
1768228096324503,52931,14550,62.0,65,0,0
1768228096325223,52931,14550,49.0,27,0,0
1768228096326082,52931,14550,44.0,116,0,0
1768228096326747,52931,14550,42.0,129,0,0
1768228096327598,52931,14550,34.0,29,0,0
1768228096328359,52931,14550,34.0,137,0,0
1768228096329230,52931,14550,60.0,24,0,0
1768228096330252,52931,14550,53.0,124,0,0
1768228096331390,52931,14550,31.0,2,0,0
1768228096332044,52931,14550,64.0,164,0,0
1768228096333088,52931,14550,24.0,168,0,0
1768228096334086,52931,14550,42.0,136,0,0
1768228096335195,52931,14550,42.0,193,0,0
1768228096335993,52931,14550,48.0,32,0,0
1768228096336871,52931,14550,40.0,241,0,0
1768228096337544,52931,14550,70.0,87,0,0
1768228096338347,52931,14550,61.0,147,0,0
1768228096339451,52931,14550,64.0,11030,0,0
1768228096380277,5760,58419,,0,1,0
1768228096381781,52931,14550,29.0,0,0,0
1768228096471852,5760,58419,,264,1,0
1768228096472889,52931,14550,47.0,264,0,0
1768228096563483,52931,14550,48.0,163,0,0
1768228096565850,52931,14550,44.0,178,0,0
1768228096567541,52931,14550,48.0,30,0,0
1768228096569927,52931,14550,48.0,33,0,0
1768228096571319,52931,14550,39.0,74,0,0
1768228096574506,52931,14550,51.0,1,0,0
1768228096579913,52931,14550,22.0,125,0,0
1768228096582677,52931,14550,27.0,152,0,0
1768228096584144,52931,14550,45.0,62,0,0
1768228096586653,52931,14550,26.0,42,0,0
1768228096588918,52931,14550,32.0,36,0,0
1768228096590277,52931,14550,62.0,65,0,0
1768228096591735,52931,14550,49.0,27,0,0
1768228096593268,52931,14550,44.0,116,0,0
1768228096594808,52931,14550,42.0,129,0,0
1768228096596093,52931,14550,34.0,29,0,0
1768228096597300,52931,14550,34.0,137,0,0
1768228096598808,52931,14550,60.0,24,0,0
1768228096600470,52931,14550,53.0,124,0,0
1768228096602480,52931,14550,31.0,2,0,0
1768228096604008,52931,14550,64.0,164,0,0
1768228096605489,52931,14550,24.0,168,0,0
1768228096607219,52931,14550,42.0,136,0,0
1768228096608526,52931,14550,42.0,193,0,0
1768228096609945,52931,14550,48.0,32,0,0
1768228096611473,52931,14550,40.0,241,0,0
1768228096612960,52931,14550,70.0,87,0,0
1768228096614570,52931,14550,61.0,147,0,0
1768228096616356,52931,14550,64.0,11030,0,0
1768228096811900,52931,14550,48.0,163,0,0
1768228096813753,52931,14550,44.0,178,0,0
1768228096816016,52931,14550,48.0,30,0,0
1768228096819634,52931,14550,48.0,33,0,0
1768228096822631,52931,14550,39.0,74,0,0
1768228096825798,52931,14550,51.0,1,0,0
1768228096833998,52931,14550,22.0,125,0,0
1768228096837178,52931,14550,27.0,152,0,0
1768228096838909,52931,14550,45.0,62,0,0
1768228096841847,52931,14550,26.0,42,0,0
1768228096845915,52931,14550,32.0,36,0,0
1768228096848645,52931,14550,62.0,65,0,0
1768228096852080,52931,14550,49.0,27,0,0
1768228096853499,52931,14550,44.0,116,0,0
1768228096854746,52931,14550,42.0,129,0,0
1768228096857861,52931,14550,34.0,29,0,0
1768228096860423,52931,14550,34.0,137,0,0
1768228096862484,52931,14550,60.0,24,0,0
1768228096865164,52931,14550,53.0,124,0,0
1768228096868895,52931,14550,31.0,2,0,0
1768228096871460,52931,14550,64.0,164,0,0
1768228096874572,52931,14550,24.0,168,0,0
1768228096877490,52931,14550,42.0,136,0,0
1768228096879683,52931,14550,42.0,193,0,0
1768228096881565,52931,14550,48.0,32,0,0
1768228096884417,52931,14550,40.0,241,0,0
1768228096889230,52931,14550,70.0,87,0,0
1768228096892939,52931,14550,61.0,147,0,0
1768228096894785,52931,14550,64.0,11030,0,0
1768228096976950,5760,58419,,264,1,0
1768228096978141,52931,14550,47.0,264,0,0
1768228097064049,52931,14550,48.0,163,0,0
1768228097068285,52931,14550,44.0,178,0,0
1768228097070125,52931,14550,48.0,30,0,0
1768228097073486,52931,14550,48.0,33,0,0
1768228097075151,52931,14550,39.0,74,0,0
1768228097078014,52931,14550,51.0,1,0,0
1768228097080324,52931,14550,22.0,125,0,0
1768228097082563,52931,14550,27.0,152,0,0
1768228097084109,52931,14550,45.0,62,0,0
1768228097086051,52931,14550,26.0,42,0,0
1768228097088905,52931,14550,32.0,36,0,0
1768228097090513,52931,14550,62.0,65,0,0
1768228097091739,52931,14550,49.0,27,0,0
1768228097093033,52931,14550,44.0,116,0,0
1768228097095285,52931,14550,42.0,129,0,0
1768228097096789,52931,14550,34.0,29,0,0
1768228097098274,52931,14550,34.0,137,0,0
1768228097099875,52931,14550,60.0,24,0,0
1768228097102222,52931,14550,53.0,124,0,0
1768228097104682,52931,14550,31.0,2,0,0
1768228097106070,52931,14550,64.0,164,0,0
1768228097107313,52931,14550,24.0,168,0,0
1768228097108919,52931,14550,42.0,136,0,0
1768228097111197,52931,14550,42.0,193,0,0
1768228097113342,52931,14550,48.0,32,0,0
1768228097114569,52931,14550,40.0,241,0,0
1768228097116143,52931,14550,70.0,87,0,0
1768228097117996,52931,14550,61.0,147,0,0
1768228097119637,52931,14550,64.0,11030,0,0
1768228097211380,58419,5760,,0,1,0
1768228097317569,52931,14550,48.0,163,0,0
1768228097319230,52931,14550,44.0,178,0,0
1768228097321617,52931,14550,48.0,30,0,0
1768228097323710,52931,14550,47.0,33,0,0
1768228097325900,52931,14550,39.0,74,0,0
1768228097330709,52931,14550,51.0,1,0,0
1768228097337713,52931,14550,22.0,125,0,0
1768228097341883,52931,14550,27.0,152,0,0
1768228097344823,52931,14550,44.0,62,0,0
1768228097350122,52931,14550,26.0,42,0,0
1768228097354149,52931,14550,32.0,36,0,0
1768228097355425,52931,14550,62.0,65,0,0
1768228097356642,52931,14550,49.0,27,0,0
1768228097360548,52931,14550,44.0,116,0,0
1768228097364104,52931,14550,42.0,129,0,0
1768228097366020,52931,14550,34.0,29,0,0
1768228097367665,52931,14550,34.0,137,0,0
1768228097369937,52931,14550,60.0,24,0,0
1768228097374451,52931,14550,53.0,124,0,0
1768228097376091,52931,14550,31.0,2,0,0
1768228097378128,52931,14550,64.0,164,0,0
1768228097380119,52931,14550,24.0,168,0,0
1768228097382227,52931,14550,42.0,136,0,0
1768228097385684,52931,14550,42.0,193,0,0
1768228097385979,5760,58419,,0,1,0
1768228097387371,52931,14550,48.0,32,0,0
1768228097389136,52931,14550,40.0,241,0,0
1768228097390398,52931,14550,70.0,87,0,0
1768228097392765,52931,14550,61.0,147,0,0
1768228097394399,52931,14550,64.0,11030,0,0
1768228097397765,52931,14550,29.0,0,0,0
1768228097482656,5760,58419,,264,1,0
1768228097483704,52931,14550,47.0,264,0,0
1768228097567029,52931,14550,48.0,163,0,0
1768228097568865,52931,14550,44.0,178,0,0
1768228097571898,52931,14550,48.0,30,0,0
1768228097574175,52931,14550,48.0,33,0,0
1768228097576478,52931,14550,39.0,74,0,0
1768228097579819,52931,14550,51.0,1,0,0
1768228097582291,52931,14550,22.0,125,0,0
1768228097584442,52931,14550,27.0,152,0,0
1768228097585676,52931,14550,44.0,62,0,0
1768228097587794,52931,14550,26.0,42,0,0
1768228097590237,52931,14550,32.0,36,0,0
1768228097591514,52931,14550,62.0,65,0,0
1768228097593170,52931,14550,49.0,27,0,0
1768228097594426,52931,14550,44.0,116,0,0
1768228097595792,52931,14550,42.0,129,0,0
1768228097597336,52931,14550,34.0,29,0,0
1768228097598965,52931,14550,34.0,137,0,0
1768228097600168,52931,14550,60.0,24,0,0
1768228097602218,52931,14550,53.0,124,0,0
1768228097604202,52931,14550,31.0,2,0,0
1768228097605648,52931,14550,64.0,164,0,0
1768228097607105,52931,14550,24.0,168,0,0
1768228097608475,52931,14550,42.0,136,0,0
1768228097610374,52931,14550,42.0,193,0,0
1768228097612753,52931,14550,48.0,32,0,0
1768228097614272,52931,14550,40.0,241,0,0
1768228097615596,52931,14550,70.0,87,0,0
1768228097617460,52931,14550,61.0,147,0,0
1768228097619039,52931,14550,64.0,11030,0,0
1768228097621290,52931,14550,21.0,46,0,0
1768228097623077,52931,14550,40.0,253,0,0
1768228097624761,52931,14550,35.0,253,0,0
1768228097815304,52931,14550,48.0,163,0,0
1768228097816264,52931,14550,44.0,178,0,0
1768228097816947,52931,14550,48.0,30,0,0
1768228097819681,52931,14550,48.0,33,0,0
1768228097820832,52931,14550,39.0,74,0,0
1768228097822437,52931,14550,51.0,1,0,0
1768228097824032,52931,14550,22.0,125,0,0
1768228097825306,52931,14550,27.0,152,0,0
1768228097825975,52931,14550,45.0,62,0,0
1768228097827207,52931,14550,26.0,42,0,0
1768228097828838,52931,14550,32.0,36,0,0
1768228097829602,52931,14550,62.0,65,0,0
1768228097830535,52931,14550,49.0,27,0,0
1768228097831488,52931,14550,44.0,116,0,0
1768228097832208,52931,14550,42.0,129,0,0
1768228097833096,52931,14550,34.0,29,0,0
1768228097833792,52931,14550,34.0,137,0,0
1768228097834460,52931,14550,60.0,24,0,0
1768228097835642,52931,14550,53.0,124,0,0
1768228097836679,52931,14550,31.0,2,0,0
1768228097837730,52931,14550,64.0,164,0,0
1768228097838410,52931,14550,24.0,168,0,0
1768228097839348,52931,14550,42.0,136,0,0
1768228097840062,52931,14550,42.0,193,0,0
1768228097840844,52931,14550,48.0,32,0,0
1768228097841695,52931,14550,40.0,241,0,0
1768228097842463,52931,14550,70.0,87,0,0
1768228097843552,52931,14550,61.0,147,0,0
1768228097844969,52931,14550,64.0,11030,0,0
1768228097984644,5760,58419,,264,1,0
1768228097985649,52931,14550,47.0,264,0,0
1768228098070651,52931,14550,48.0,163,0,0
1768228098073928,52931,14550,44.0,178,0,0
1768228098076401,52931,14550,48.0,30,0,0
1768228098080218,52931,14550,48.0,33,0,0
1768228098081834,52931,14550,39.0,74,0,0
1768228098085393,52931,14550,51.0,1,0,0
1768228098087938,52931,14550,22.0,125,0,0
1768228098089473,52931,14550,27.0,152,0,0
1768228098090702,52931,14550,45.0,62,0,0
1768228098092863,52931,14550,26.0,42,0,0
1768228098095074,52931,14550,32.0,36,0,0
1768228098096918,52931,14550,62.0,65,0,0
1768228098098828,52931,14550,49.0,27,0,0
1768228098100117,52931,14550,44.0,116,0,0
1768228098101689,52931,14550,42.0,129,0,0
1768228098103099,52931,14550,34.0,29,0,0
1768228098104631,52931,14550,34.0,137,0,0
1768228098105800,52931,14550,60.0,24,0,0
1768228098108207,52931,14550,53.0,124,0,0
1768228098109829,52931,14550,31.0,2,0,0
1768228098111361,52931,14550,64.0,164,0,0
1768228098113040,52931,14550,24.0,168,0,0
1768228098115098,52931,14550,42.0,136,0,0
1768228098116991,52931,14550,42.0,193,0,0
1768228098118953,52931,14550,48.0,32,0,0
1768228098120414,52931,14550,40.0,241,0,0
1768228098121910,52931,14550,70.0,87,0,0
1768228098123588,52931,14550,61.0,147,0,0
1768228098125267,52931,14550,64.0,11030,0,0
1768228098218186,58419,5760,,0,1,0
1768228098321890,52931,14550,48.0,163,0,0
1768228098324295,52931,14550,44.0,178,0,0
1768228098325533,52931,14550,48.0,30,0,0
1768228098328044,52931,14550,48.0,33,0,0
1768228098330100,52931,14550,39.0,74,0,0
1768228098333829,52931,14550,51.0,1,0,0
1768228098340140,52931,14550,22.0,125,0,0
1768228098344348,52931,14550,27.0,152,0,0
1768228098346222,52931,14550,45.0,62,0,0
1768228098349441,52931,14550,26.0,42,0,0
1768228098352868,52931,14550,32.0,36,0,0
1768228098354363,52931,14550,62.0,65,0,0
1768228098356138,52931,14550,49.0,27,0,0
1768228098357838,52931,14550,44.0,116,0,0
1768228098359718,52931,14550,42.0,129,0,0
1768228098361669,52931,14550,34.0,29,0,0
1768228098363869,52931,14550,34.0,137,0,0
1768228098365061,52931,14550,60.0,24,0,0
1768228098368248,52931,14550,53.0,124,0,0
1768228098370909,52931,14550,31.0,2,0,0
1768228098373278,52931,14550,64.0,164,0,0
1768228098374651,52931,14550,24.0,168,0,0
1768228098376517,52931,14550,42.0,136,0,0
1768228098379171,52931,14550,42.0,193,0,0
1768228098381767,52931,14550,48.0,32,0,0
1768228098383094,52931,14550,40.0,241,0,0
1768228098385080,52931,14550,70.0,87,0,0
1768228098387626,52931,14550,61.0,147,0,0
1768228098390947,5760,58419,,0,1,0
1768228098391609,52931,14550,64.0,11030,0,0
1768228098394412,52931,14550,29.0,0,0,0
1768228098487548,5760,58419,,264,1,0
1768228098488971,52931,14550,47.0,264,0,0
1768228098574737,52931,14550,48.0,163,0,0
1768228098576633,52931,14550,44.0,178,0,0
1768228098577887,52931,14550,48.0,30,0,0
1768228098581362,52931,14550,48.0,33,0,0
1768228098582720,52931,14550,39.0,74,0,0
1768228098586099,52931,14550,51.0,1,0,0
1768228098588770,52931,14550,22.0,125,0,0
1768228098590608,52931,14550,27.0,152,0,0
1768228098592332,52931,14550,45.0,62,0,0
1768228098594477,52931,14550,26.0,42,0,0
1768228098596849,52931,14550,32.0,36,0,0
1768228098598645,52931,14550,62.0,65,0,0
1768228098600124,52931,14550,49.0,27,0,0
1768228098601623,52931,14550,44.0,116,0,0
1768228098602849,52931,14550,42.0,129,0,0
1768228098604193,52931,14550,34.0,29,0,0
1768228098605691,52931,14550,34.0,137,0,0
1768228098606936,52931,14550,60.0,24,0,0
1768228098609068,52931,14550,53.0,124,0,0
1768228098610738,52931,14550,31.0,2,0,0
1768228098612315,52931,14550,64.0,164,0,0
1768228098613680,52931,14550,24.0,168,0,0
1768228098615334,52931,14550,42.0,136,0,0
1768228098616759,52931,14550,42.0,193,0,0
1768228098618345,52931,14550,48.0,32,0,0
1768228098619785,52931,14550,40.0,241,0,0
1768228098621365,52931,14550,70.0,87,0,0
1768228098623667,52931,14550,61.0,147,0,0
1768228098625429,52931,14550,64.0,11030,0,0
1768228098812849,52931,14550,45.0,22,0,0
1768228098814558,52931,14550,45.0,22,0,0
1768228098815971,52931,14550,45.0,22,0,0
1768228098820382,52931,14550,48.0,163,0,0
1768228098821858,52931,14550,44.0,178,0,0
1768228098823743,52931,14550,48.0,30,0,0
1768228098825780,52931,14550,48.0,33,0,0
1768228098828719,52931,14550,39.0,74,0,0
1768228098833280,52931,14550,51.0,1,0,0
1768228098838015,52931,14550,22.0,125,0,0
1768228098841181,52931,14550,27.0,152,0,0
1768228098843132,52931,14550,45.0,62,0,0
1768228098847513,52931,14550,26.0,42,0,0
1768228098850856,52931,14550,32.0,36,0,0
1768228098852729,52931,14550,62.0,65,0,0
1768228098855110,52931,14550,49.0,27,0,0
1768228098857664,52931,14550,44.0,116,0,0
1768228098860101,52931,14550,42.0,129,0,0
1768228098862100,52931,14550,34.0,29,0,0
1768228098863702,52931,14550,34.0,137,0,0
1768228098865283,52931,14550,60.0,24,0,0
1768228098868942,52931,14550,53.0,124,0,0
1768228098871448,52931,14550,31.0,2,0,0
1768228098873885,52931,14550,64.0,164,0,0
1768228098875375,52931,14550,24.0,168,0,0
1768228098878159,52931,14550,42.0,136,0,0
1768228098881250,52931,14550,42.0,193,0,0
1768228098883063,52931,14550,48.0,32,0,0
1768228098884417,52931,14550,40.0,241,0,0
1768228098885836,52931,14550,70.0,87,0,0
1768228098887752,52931,14550,61.0,147,0,0
1768228098888947,52931,14550,64.0,11030,0,0
1768228098986244,5760,58419,,264,1,0
1768228098987344,52931,14550,47.0,264,0,0
1768228099077045,52931,14550,48.0,163,0,0
1768228099080190,52931,14550,44.0,178,0,0
1768228099083003,52931,14550,48.0,30,0,0
1768228099084830,52931,14550,48.0,33,0,0
1768228099087387,52931,14550,39.0,74,0,0
1768228099090339,52931,14550,51.0,1,0,0
1768228099092280,52931,14550,22.0,125,0,0
1768228099093896,52931,14550,27.0,152,0,0
1768228099095345,52931,14550,45.0,62,0,0
1768228099097258,52931,14550,26.0,42,0,0
1768228099099040,52931,14550,32.0,36,0,0
1768228099100322,52931,14550,62.0,65,0,0
1768228099101873,52931,14550,49.0,27,0,0
1768228099103463,52931,14550,44.0,116,0,0
1768228099104955,52931,14550,42.0,129,0,0
1768228099106200,52931,14550,34.0,29,0,0
1768228099107295,52931,14550,34.0,137,0,0
1768228099108539,52931,14550,60.0,24,0,0
1768228099110290,52931,14550,53.0,124,0,0
1768228099112115,52931,14550,31.0,2,0,0
1768228099113646,52931,14550,64.0,164,0,0
1768228099114967,52931,14550,24.0,168,0,0
1768228099116593,52931,14550,42.0,136,0,0
1768228099117792,52931,14550,42.0,193,0,0
1768228099119048,52931,14550,48.0,32,0,0
1768228099120291,52931,14550,40.0,241,0,0
1768228099121678,52931,14550,70.0,87,0,0
1768228099123368,52931,14550,61.0,147,0,0
1768228099125046,52931,14550,64.0,11030,0,0
1768228099226837,58419,5760,,0,1,0
1768228099327675,52931,14550,48.0,163,0,0
1768228099329965,52931,14550,44.0,178,0,0
1768228099331245,52931,14550,48.0,30,0,0
1768228099335876,52931,14550,48.0,33,0,0
1768228099337193,52931,14550,39.0,74,0,0
1768228099341833,52931,14550,51.0,1,0,0
1768228099347674,52931,14550,22.0,125,0,0
1768228099350789,52931,14550,27.0,152,0,0
1768228099352863,52931,14550,45.0,62,0,0
1768228099355444,52931,14550,26.0,42,0,0
1768228099358108,52931,14550,32.0,36,0,0
1768228099360754,52931,14550,62.0,65,0,0
1768228099362668,52931,14550,49.0,27,0,0
1768228099363938,52931,14550,44.0,116,0,0
1768228099366079,52931,14550,42.0,129,0,0
1768228099367797,52931,14550,34.0,29,0,0
1768228099369042,52931,14550,34.0,137,0,0
1768228099374780,52931,14550,60.0,24,0,0
1768228099377036,52931,14550,53.0,124,0,0
1768228099381444,52931,14550,31.0,2,0,0
1768228099383235,52931,14550,64.0,164,0,0
1768228099384469,52931,14550,24.0,168,0,0
1768228099387808,52931,14550,42.0,136,0,0
1768228099389183,52931,14550,42.0,193,0,0
1768228099391402,52931,14550,48.0,32,0,0
1768228099393221,52931,14550,40.0,241,0,0
1768228099394778,52931,14550,70.0,87,0,0
1768228099395566,5760,58419,,0,1,0
1768228099396803,52931,14550,61.0,147,0,0
1768228099399764,52931,14550,64.0,11030,0,0
1768228099402922,52931,14550,29.0,0,0,0
1768228099487759,5760,58419,,264,1,0
1768228099489331,52931,14550,47.0,264,0,0
1768228099579300,52931,14550,48.0,163,0,0
1768228099581043,52931,14550,44.0,178,0,0
1768228099583349,52931,14550,48.0,30,0,0
1768228099585611,52931,14550,48.0,33,0,0
1768228099587258,52931,14550,39.0,74,0,0
1768228099590910,52931,14550,51.0,1,0,0
1768228099596151,52931,14550,22.0,125,0,0
1768228099598449,52931,14550,27.0,152,0,0
1768228099600554,52931,14550,45.0,62,0,0
1768228099602970,52931,14550,26.0,42,0,0
1768228099605750,52931,14550,32.0,36,0,0
1768228099607502,52931,14550,62.0,65,0,0
1768228099609219,52931,14550,49.0,27,0,0
1768228099610946,52931,14550,44.0,116,0,0
1768228099612810,52931,14550,42.0,129,0,0
1768228099614417,52931,14550,34.0,29,0,0
1768228099615660,52931,14550,34.0,137,0,0
1768228099617021,52931,14550,60.0,24,0,0
1768228099618980,52931,14550,53.0,124,0,0
1768228099620502,52931,14550,31.0,2,0,0
1768228099622229,52931,14550,64.0,164,0,0
1768228099624500,52931,14550,24.0,168,0,0
1768228099627486,52931,14550,42.0,136,0,0
1768228099630028,52931,14550,42.0,193,0,0
1768228099632527,52931,14550,48.0,32,0,0
1768228099634063,52931,14550,40.0,241,0,0
1768228099635644,52931,14550,70.0,87,0,0
1768228099637336,52931,14550,61.0,147,0,0
1768228099639245,52931,14550,64.0,11030,0,0
1768228099826873,52931,14550,48.0,163,0,0
1768228099828397,52931,14550,44.0,178,0,0
1768228099829400,52931,14550,48.0,30,0,0
1768228099831367,52931,14550,48.0,33,0,0
1768228099832587,52931,14550,39.0,74,0,0
1768228099835420,52931,14550,51.0,1,0,0
1768228099839010,52931,14550,22.0,125,0,0
1768228099841337,52931,14550,27.0,152,0,0
1768228099842024,52931,14550,45.0,62,0,0
1768228099844312,52931,14550,26.0,42,0,0
1768228099845684,52931,14550,32.0,36,0,0
1768228099846959,52931,14550,62.0,65,0,0
1768228099847845,52931,14550,49.0,27,0,0
1768228099848519,52931,14550,44.0,116,0,0
1768228099850141,52931,14550,42.0,129,0,0
1768228099851158,52931,14550,34.0,29,0,0
1768228099851930,52931,14550,34.0,137,0,0
1768228099853527,52931,14550,60.0,24,0,0
1768228099855189,52931,14550,53.0,124,0,0
1768228099857399,52931,14550,31.0,2,0,0
1768228099858158,52931,14550,64.0,164,0,0
1768228099858971,52931,14550,24.0,168,0,0
1768228099859963,52931,14550,42.0,136,0,0
1768228099860676,52931,14550,42.0,193,0,0
1768228099861698,52931,14550,48.0,32,0,0
1768228099862338,52931,14550,40.0,241,0,0
1768228099862996,52931,14550,70.0,87,0,0
1768228099863967,52931,14550,61.0,147,0,0
1768228099864815,52931,14550,64.0,11030,0,0
1768228099994937,5760,58419,,264,1,0
1768228099995985,52931,14550,47.0,264,0,0
1768228100079714,52931,14550,48.0,163,0,0
1768228100081435,52931,14550,44.0,178,0,0
1768228100082622,52931,14550,48.0,30,0,0
1768228100085886,52931,14550,48.0,33,0,0
1768228100090703,52931,14550,39.0,74,0,0
1768228100096810,52931,14550,51.0,1,0,0
1768228100099306,52931,14550,22.0,125,0,0
1768228100101872,52931,14550,27.0,152,0,0
1768228100103824,52931,14550,45.0,62,0,0
1768228100106776,52931,14550,26.0,42,0,0
1768228100108805,52931,14550,32.0,36,0,0
1768228100110286,52931,14550,62.0,65,0,0
1768228100111717,52931,14550,49.0,27,0,0
1768228100113054,52931,14550,44.0,116,0,0
1768228100114557,52931,14550,42.0,129,0,0
1768228100115743,52931,14550,34.0,29,0,0
1768228100116954,52931,14550,34.0,137,0,0
1768228100118712,52931,14550,60.0,24,0,0
1768228100120715,52931,14550,53.0,124,0,0
1768228100122791,52931,14550,31.0,2,0,0
1768228100124130,52931,14550,64.0,164,0,0
1768228100125307,52931,14550,24.0,168,0,0
1768228100127070,52931,14550,42.0,136,0,0
1768228100128317,52931,14550,42.0,193,0,0
1768228100130210,52931,14550,48.0,32,0,0
1768228100131615,52931,14550,40.0,241,0,0
1768228100132829,52931,14550,70.0,87,0,0
1768228100134593,52931,14550,61.0,147,0,0
1768228100135827,52931,14550,64.0,11030,0,0
1768228100228036,58419,5760,,0,1,0
1768228100332093,52931,14550,48.0,163,0,0
1768228100336092,52931,14550,44.0,178,0,0
1768228100338168,52931,14550,48.0,30,0,0
1768228100340453,52931,14550,48.0,33,0,0
1768228100341759,52931,14550,39.0,74,0,0
1768228100349714,52931,14550,51.0,1,0,0
1768228100356181,52931,14550,22.0,125,0,0
1768228100358855,52931,14550,27.0,152,0,0
1768228100361204,52931,14550,45.0,62,0,0
1768228100366034,52931,14550,26.0,42,0,0
1768228100368818,52931,14550,32.0,36,0,0
1768228100370128,52931,14550,62.0,65,0,0
1768228100371712,52931,14550,49.0,27,0,0
1768228100372901,52931,14550,44.0,116,0,0
1768228100375266,52931,14550,42.0,129,0,0
1768228100377412,52931,14550,34.0,29,0,0
1768228100378883,52931,14550,34.0,137,0,0
1768228100380441,52931,14550,60.0,24,0,0
1768228100382331,52931,14550,53.0,124,0,0
1768228100383803,52931,14550,31.0,2,0,0
1768228100385458,52931,14550,64.0,164,0,0
1768228100387131,52931,14550,24.0,168,0,0
1768228100388753,52931,14550,42.0,136,0,0
1768228100390059,52931,14550,42.0,193,0,0
1768228100391811,52931,14550,48.0,32,0,0
1768228100393286,52931,14550,40.0,241,0,0
1768228100394652,52931,14550,70.0,87,0,0
1768228100396569,52931,14550,61.0,147,0,0
1768228100397791,52931,14550,64.0,11030,0,0
1768228100401358,5760,58419,,0,1,0
1768228100402619,52931,14550,29.0,0,0,0
1768228100499131,5760,58419,,264,1,0
1768228100500284,52931,14550,47.0,264,0,0
1768228100584388,52931,14550,48.0,163,0,0
1768228100586675,52931,14550,44.0,178,0,0
1768228100587932,52931,14550,48.0,30,0,0
1768228100591117,52931,14550,48.0,33,0,0
1768228100595688,52931,14550,39.0,74,0,0
1768228100597762,52931,14550,51.0,1,0,0
1768228100600121,52931,14550,22.0,125,0,0
1768228100601976,52931,14550,27.0,152,0,0
1768228100603584,52931,14550,45.0,62,0,0
1768228100605577,52931,14550,26.0,42,0,0
1768228100608036,52931,14550,32.0,36,0,0
1768228100609698,52931,14550,62.0,65,0,0
1768228100611098,52931,14550,49.0,27,0,0
1768228100612314,52931,14550,44.0,116,0,0
1768228100613776,52931,14550,42.0,129,0,0
1768228100615421,52931,14550,34.0,29,0,0
1768228100616978,52931,14550,34.0,137,0,0
1768228100618276,52931,14550,60.0,24,0,0
1768228100620452,52931,14550,53.0,124,0,0
1768228100622239,52931,14550,31.0,2,0,0
1768228100624132,52931,14550,64.0,164,0,0
1768228100625445,52931,14550,24.0,168,0,0
1768228100626952,52931,14550,42.0,136,0,0
1768228100628722,52931,14550,42.0,193,0,0
1768228100630686,52931,14550,48.0,32,0,0
1768228100632607,52931,14550,40.0,241,0,0
1768228100634159,52931,14550,70.0,87,0,0
1768228100635681,52931,14550,61.0,147,0,0
1768228100637376,52931,14550,64.0,11030,0,0
1768228100832811,52931,14550,48.0,163,0,0
1768228100835628,52931,14550,44.0,178,0,0
1768228100841308,52931,14550,48.0,30,0,0
1768228100843833,52931,14550,48.0,33,0,0
1768228100845191,52931,14550,39.0,74,0,0
1768228100849945,52931,14550,51.0,1,0,0
1768228100855946,52931,14550,22.0,125,0,0
1768228100858574,52931,14550,27.0,152,0,0
1768228100860619,52931,14550,45.0,62,0,0
1768228100867046,52931,14550,26.0,42,0,0
1768228100869218,52931,14550,32.0,36,0,0
1768228100871517,52931,14550,62.0,65,0,0
1768228100875453,52931,14550,49.0,27,0,0
1768228100877486,52931,14550,44.0,116,0,0
1768228100880957,52931,14550,42.0,129,0,0
1768228100882549,52931,14550,34.0,29,0,0
1768228100886494,52931,14550,34.0,137,0,0
1768228100888089,52931,14550,60.0,24,0,0
1768228100889818,52931,14550,53.0,124,0,0
1768228100891704,52931,14550,31.0,2,0,0
1768228100894509,52931,14550,64.0,164,0,0
1768228100895825,52931,14550,24.0,168,0,0
1768228100897497,52931,14550,42.0,136,0,0
1768228100898724,52931,14550,42.0,193,0,0
1768228100900392,52931,14550,48.0,32,0,0
1768228100901748,52931,14550,40.0,241,0,0
1768228100903187,52931,14550,70.0,87,0,0
1768228100905207,52931,14550,61.0,147,0,0
1768228100906494,52931,14550,64.0,11030,0,0
1768228100997048,5760,58419,,264,1,0
1768228100998109,52931,14550,47.0,264,0,0
1768228101083119,52931,14550,48.0,163,0,0
1768228101085762,52931,14550,44.0,178,0,0
1768228101088406,52931,14550,48.0,30,0,0
1768228101090930,52931,14550,48.0,33,0,0
1768228101092430,52931,14550,39.0,74,0,0
1768228101095539,52931,14550,51.0,1,0,0
1768228101097810,52931,14550,22.0,125,0,0
1768228101100113,52931,14550,27.0,152,0,0
1768228101101355,52931,14550,45.0,62,0,0
1768228101104137,52931,14550,26.0,42,0,0
1768228101106106,52931,14550,32.0,36,0,0
1768228101107367,52931,14550,62.0,65,0,0
1768228101108915,52931,14550,49.0,27,0,0
1768228101110434,52931,14550,44.0,116,0,0
1768228101111636,52931,14550,42.0,129,0,0
1768228101113962,52931,14550,34.0,29,0,0
1768228101116387,52931,14550,34.0,137,0,0
1768228101118153,52931,14550,60.0,24,0,0
1768228101120055,52931,14550,53.0,124,0,0
1768228101122363,52931,14550,31.0,2,0,0
1768228101123776,52931,14550,64.0,164,0,0
1768228101125153,52931,14550,24.0,168,0,0
1768228101126899,52931,14550,42.0,136,0,0
1768228101128287,52931,14550,42.0,193,0,0
1768228101129776,52931,14550,48.0,32,0,0
1768228101131034,52931,14550,40.0,241,0,0
1768228101132628,52931,14550,70.0,87,0,0
1768228101134254,52931,14550,61.0,147,0,0
1768228101136070,52931,14550,64.0,11030,0,0
1768228101230635,58419,5760,,0,1,0
1768228101333757,52931,14550,48.0,163,0,0
1768228101335939,52931,14550,44.0,178,0,0
1768228101337715,52931,14550,48.0,30,0,0
1768228101340770,52931,14550,48.0,33,0,0
1768228101342132,52931,14550,39.0,74,0,0
1768228101347100,52931,14550,51.0,1,0,0
1768228101352355,52931,14550,22.0,125,0,0
1768228101354789,52931,14550,27.0,152,0,0
1768228101356383,52931,14550,45.0,62,0,0
1768228101359444,52931,14550,26.0,42,0,0
1768228101362695,52931,14550,32.0,36,0,0
1768228101364406,52931,14550,62.0,65,0,0
1768228101365792,52931,14550,49.0,27,0,0
1768228101367000,52931,14550,44.0,116,0,0
1768228101368480,52931,14550,42.0,129,0,0
1768228101370083,52931,14550,34.0,29,0,0
1768228101371876,52931,14550,34.0,137,0,0
1768228101374279,52931,14550,60.0,24,0,0
1768228101376757,52931,14550,53.0,124,0,0
1768228101378959,52931,14550,31.0,2,0,0
1768228101380799,52931,14550,64.0,164,0,0
1768228101382264,52931,14550,24.0,168,0,0
1768228101386264,52931,14550,42.0,136,0,0
1768228101388016,52931,14550,42.0,193,0,0
1768228101389585,52931,14550,48.0,32,0,0
1768228101391287,52931,14550,40.0,241,0,0
1768228101392495,52931,14550,70.0,87,0,0
1768228101394433,52931,14550,61.0,147,0,0
1768228101395760,52931,14550,64.0,11030,0,0
1768228101410300,5760,58419,,0,1,0
1768228101411959,52931,14550,29.0,0,0,0
1768228101502338,5760,58419,,264,1,0
1768228101503690,52931,14550,47.0,264,0,0
1768228101588369,52931,14550,48.0,163,0,0
1768228101590250,52931,14550,44.0,178,0,0
1768228101592134,52931,14550,48.0,30,0,0
1768228101596061,52931,14550,48.0,33,0,0
1768228101597569,52931,14550,39.0,74,0,0
1768228101601233,52931,14550,51.0,1,0,0
1768228101603687,52931,14550,22.0,125,0,0
1768228101606055,52931,14550,27.0,152,0,0
1768228101607636,52931,14550,45.0,62,0,0
1768228101609850,52931,14550,26.0,42,0,0
1768228101612521,52931,14550,32.0,36,0,0
1768228101613796,52931,14550,62.0,65,0,0
1768228101615325,52931,14550,49.0,27,0,0
1768228101616886,52931,14550,44.0,116,0,0
1768228101619030,52931,14550,42.0,129,0,0
1768228101620637,52931,14550,34.0,29,0,0
1768228101622002,52931,14550,34.0,137,0,0
1768228101623463,52931,14550,60.0,24,0,0
1768228101625217,52931,14550,53.0,124,0,0
1768228101627900,52931,14550,31.0,2,0,0
1768228101629674,52931,14550,64.0,164,0,0
1768228101630965,52931,14550,24.0,168,0,0
1768228101632811,52931,14550,42.0,136,0,0
1768228101634256,52931,14550,42.0,193,0,0
1768228101636302,52931,14550,48.0,32,0,0
1768228101637519,52931,14550,40.0,241,0,0
1768228101639048,52931,14550,70.0,87,0,0
1768228101640691,52931,14550,61.0,147,0,0
1768228101642844,52931,14550,64.0,11030,0,0
1768228101836553,52931,14550,48.0,163,0,0
1768228101837693,52931,14550,44.0,178,0,0
1768228101838630,52931,14550,48.0,30,0,0
1768228101839778,52931,14550,48.0,33,0,0
1768228101840797,52931,14550,39.0,74,0,0
1768228101845308,52931,14550,51.0,1,0,0
1768228101848932,52931,14550,22.0,125,0,0
1768228101852504,52931,14550,27.0,152,0,0
1768228101853760,52931,14550,45.0,62,0,0
1768228101856216,52931,14550,26.0,42,0,0
1768228101858247,52931,14550,32.0,36,0,0
1768228101859948,52931,14550,62.0,65,0,0
1768228101861109,52931,14550,49.0,27,0,0
1768228101864031,52931,14550,44.0,116,0,0
1768228101864918,52931,14550,42.0,129,0,0
1768228101866183,52931,14550,34.0,29,0,0
1768228101868744,52931,14550,34.0,137,0,0
1768228101869643,52931,14550,60.0,24,0,0
1768228101872746,52931,14550,53.0,124,0,0
1768228101874380,52931,14550,31.0,2,0,0
1768228101875237,52931,14550,64.0,164,0,0
1768228101877453,52931,14550,24.0,168,0,0
1768228101880244,52931,14550,42.0,136,0,0
1768228101881123,52931,14550,42.0,193,0,0
1768228101882722,52931,14550,48.0,32,0,0
1768228101883981,52931,14550,40.0,241,0,0
1768228101887451,52931,14550,70.0,87,0,0
1768228101888923,52931,14550,61.0,147,0,0
1768228101890527,52931,14550,64.0,11030,0,0
1768228102004459,5760,58419,,264,1,0
1768228102005775,52931,14550,47.0,264,0,0
1768228102090897,52931,14550,48.0,163,0,0
1768228102094458,52931,14550,44.0,178,0,0
1768228102096485,52931,14550,48.0,30,0,0
1768228102098691,52931,14550,48.0,33,0,0
1768228102099858,52931,14550,39.0,74,0,0
1768228102103322,52931,14550,51.0,1,0,0
1768228102105549,52931,14550,22.0,125,0,0
1768228102106783,52931,14550,27.0,152,0,0
1768228102107750,52931,14550,45.0,62,0,0
1768228102109385,52931,14550,26.0,42,0,0
1768228102110806,52931,14550,32.0,36,0,0
1768228102111751,52931,14550,62.0,65,0,0
1768228102112840,52931,14550,49.0,27,0,0
1768228102114059,52931,14550,44.0,116,0,0
1768228102115370,52931,14550,42.0,129,0,0
1768228102116740,52931,14550,34.0,29,0,0
1768228102117775,52931,14550,34.0,137,0,0
1768228102118834,52931,14550,60.0,24,0,0
1768228102120819,52931,14550,53.0,124,0,0
1768228102122164,52931,14550,31.0,2,0,0
1768228102122998,52931,14550,64.0,164,0,0
1768228102124725,52931,14550,24.0,168,0,0
1768228102125869,52931,14550,42.0,136,0,0
1768228102126945,52931,14550,42.0,193,0,0
1768228102128037,52931,14550,48.0,32,0,0
1768228102129214,52931,14550,40.0,241,0,0
1768228102130238,52931,14550,70.0,87,0,0
1768228102131545,52931,14550,61.0,147,0,0
1768228102132474,52931,14550,64.0,11030,0,0
1768228102233281,58419,5760,,0,1,0
1768228102341900,52931,14550,48.0,163,0,0
1768228102343893,52931,14550,44.0,178,0,0
1768228102344775,52931,14550,48.0,30,0,0
1768228102347452,52931,14550,48.0,33,0,0
1768228102349108,52931,14550,39.0,74,0,0
1768228102352412,52931,14550,51.0,1,0,0
1768228102355049,52931,14550,22.0,125,0,0
1768228102356972,52931,14550,27.0,152,0,0
1768228102357891,52931,14550,45.0,62,0,0
1768228102360574,52931,14550,26.0,42,0,0
1768228102363068,52931,14550,32.0,36,0,0
1768228102364464,52931,14550,62.0,65,0,0
1768228102365587,52931,14550,49.0,27,0,0
1768228102366899,52931,14550,44.0,116,0,0
1768228102367779,52931,14550,42.0,129,0,0
1768228102369243,52931,14550,34.0,29,0,0
1768228102370933,52931,14550,34.0,137,0,0
1768228102372141,52931,14550,60.0,24,0,0
1768228102374290,52931,14550,53.0,124,0,0
1768228102376975,52931,14550,31.0,2,0,0
1768228102378425,52931,14550,64.0,164,0,0
1768228102381241,52931,14550,24.0,168,0,0
1768228102383489,52931,14550,42.0,136,0,0
1768228102385063,52931,14550,42.0,193,0,0
1768228102387312,52931,14550,48.0,32,0,0
1768228102388490,52931,14550,40.0,241,0,0
1768228102389900,52931,14550,70.0,87,0,0
1768228102391870,52931,14550,61.0,147,0,0
1768228102392780,52931,14550,64.0,11030,0,0
1768228102410689,5760,58419,,0,1,0
1768228102411515,52931,14550,29.0,0,0,0
1768228102508267,5760,58419,,264,1,0
1768228102509293,52931,14550,47.0,264,0,0
1768228102595124,52931,14550,48.0,163,0,0
1768228102597003,52931,14550,44.0,178,0,0
1768228102598248,52931,14550,48.0,30,0,0
1768228102601978,52931,14550,48.0,33,0,0
1768228102604837,52931,14550,39.0,74,0,0
1768228102607897,52931,14550,51.0,1,0,0
1768228102610392,52931,14550,22.0,125,0,0
1768228102612472,52931,14550,27.0,152,0,0
1768228102613895,52931,14550,45.0,62,0,0
1768228102616154,52931,14550,26.0,42,0,0
1768228102618671,52931,14550,32.0,36,0,0
1768228102620159,52931,14550,62.0,65,0,0
1768228102621635,52931,14550,49.0,27,0,0
1768228102622861,52931,14550,44.0,116,0,0
1768228102624397,52931,14550,42.0,129,0,0
1768228102625874,52931,14550,34.0,29,0,0
1768228102627045,52931,14550,34.0,137,0,0
1768228102628656,52931,14550,60.0,24,0,0
1768228102631190,52931,14550,53.0,124,0,0
1768228102632978,52931,14550,31.0,2,0,0
1768228102634661,52931,14550,64.0,164,0,0
1768228102635958,52931,14550,24.0,168,0,0
1768228102637702,52931,14550,42.0,136,0,0
1768228102639077,52931,14550,42.0,193,0,0
1768228102641264,52931,14550,48.0,32,0,0
1768228102642886,52931,14550,40.0,241,0,0
1768228102644330,52931,14550,70.0,87,0,0
1768228102646093,52931,14550,61.0,147,0,0
1768228102647815,52931,14550,64.0,11030,0,0
1768228102841801,52931,14550,48.0,163,0,0
1768228102843983,52931,14550,44.0,178,0,0
1768228102845785,52931,14550,48.0,30,0,0
1768228102849649,52931,14550,48.0,33,0,0
1768228102851368,52931,14550,39.0,74,0,0
1768228102855573,52931,14550,51.0,1,0,0
1768228102861667,52931,14550,22.0,125,0,0
1768228102864967,52931,14550,27.0,152,0,0
1768228102867336,52931,14550,45.0,62,0,0
1768228102872019,52931,14550,26.0,42,0,0
1768228102874624,52931,14550,32.0,36,0,0
1768228102876798,52931,14550,62.0,65,0,0
1768228102878410,52931,14550,49.0,27,0,0
1768228102882780,52931,14550,44.0,116,0,0
1768228102884391,52931,14550,42.0,129,0,0
1768228102887097,52931,14550,34.0,29,0,0
1768228102888678,52931,14550,34.0,137,0,0
1768228102891296,52931,14550,60.0,24,0,0
1768228102895627,52931,14550,53.0,124,0,0
1768228102898192,52931,14550,31.0,2,0,0
1768228102900365,52931,14550,64.0,164,0,0
1768228102902046,52931,14550,24.0,168,0,0
1768228102905438,52931,14550,42.0,136,0,0
1768228102908461,52931,14550,42.0,193,0,0
1768228102911763,52931,14550,48.0,32,0,0
1768228102913435,52931,14550,40.0,241,0,0
1768228102916191,52931,14550,70.0,87,0,0
1768228102918054,52931,14550,61.0,147,0,0
1768228102921350,52931,14550,64.0,11030,0,0
1768228103006799,5760,58419,,264,1,0
1768228103007867,52931,14550,47.0,264,0,0
1768228103093972,52931,14550,48.0,163,0,0
1768228103096253,52931,14550,44.0,178,0,0
1768228103099046,52931,14550,48.0,30,0,0
1768228103101576,52931,14550,48.0,33,0,0
1768228103103322,52931,14550,39.0,74,0,0
1768228103106740,52931,14550,51.0,1,0,0
1768228103109473,52931,14550,22.0,125,0,0
1768228103111018,52931,14550,27.0,152,0,0
1768228103112222,52931,14550,45.0,62,0,0
1768228103114261,52931,14550,26.0,42,0,0
1768228103116896,52931,14550,32.0,36,0,0
1768228103118158,52931,14550,62.0,65,0,0
1768228103119835,52931,14550,49.0,27,0,0
1768228103121337,52931,14550,44.0,116,0,0
1768228103123302,52931,14550,42.0,129,0,0
1768228103124775,52931,14550,34.0,29,0,0
1768228103126089,52931,14550,34.0,137,0,0
1768228103127568,52931,14550,60.0,24,0,0
1768228103129178,52931,14550,53.0,124,0,0
1768228103131061,52931,14550,31.0,2,0,0
1768228103132540,52931,14550,64.0,164,0,0
1768228103134029,52931,14550,24.0,168,0,0
1768228103136091,52931,14550,42.0,136,0,0
1768228103137727,52931,14550,42.0,193,0,0
1768228103139449,52931,14550,48.0,32,0,0
1768228103140607,52931,14550,40.0,241,0,0
1768228103142166,52931,14550,70.0,87,0,0
1768228103143757,52931,14550,61.0,147,0,0
1768228103145822,52931,14550,64.0,11030,0,0
1768228103239163,58419,5760,,0,1,0
1768228103346389,52931,14550,48.0,163,0,0
1768228103348543,52931,14550,44.0,178,0,0
1768228103350334,52931,14550,48.0,30,0,0
1768228103354443,52931,14550,48.0,33,0,0
1768228103358315,52931,14550,39.0,74,0,0
1768228103362822,52931,14550,51.0,1,0,0
1768228103367524,52931,14550,22.0,125,0,0
1768228103371797,52931,14550,27.0,152,0,0
1768228103373021,52931,14550,45.0,62,0,0
1768228103377412,52931,14550,26.0,42,0,0
1768228103380099,52931,14550,32.0,36,0,0
1768228103381609,52931,14550,62.0,65,0,0
1768228103384176,52931,14550,49.0,27,0,0
1768228103385837,52931,14550,44.0,116,0,0
1768228103387503,52931,14550,42.0,129,0,0
1768228103389172,52931,14550,34.0,29,0,0
1768228103391103,52931,14550,34.0,137,0,0
1768228103392976,52931,14550,60.0,24,0,0
1768228103396088,52931,14550,53.0,124,0,0
1768228103397935,52931,14550,31.0,2,0,0
1768228103400400,52931,14550,64.0,164,0,0
1768228103402866,52931,14550,24.0,168,0,0
1768228103405114,52931,14550,42.0,136,0,0
1768228103406337,52931,14550,42.0,193,0,0
1768228103408388,52931,14550,48.0,32,0,0
1768228103410623,52931,14550,40.0,241,0,0
1768228103414772,52931,14550,70.0,87,0,0
1768228103416889,52931,14550,61.0,147,0,0
1768228103418171,52931,14550,64.0,11030,0,0
1768228103418696,5760,58419,,0,1,0
1768228103421205,52931,14550,29.0,0,0,0
1768228103450217,5760,58419,,111,1,0
1768228103451270,52931,14550,33.0,111,0,0
1768228103511620,5760,58419,,264,1,0
1768228103512796,52931,14550,47.0,264,0,0
1768228103597750,5760,58419,,11030,1,0
1768228103598560,52931,14550,48.0,163,0,0
1768228103601039,52931,14550,44.0,178,0,0
1768228103602684,52931,14550,48.0,30,0,0
1768228103605250,52931,14550,48.0,33,0,0
1768228103607021,52931,14550,39.0,74,0,0
1768228103610238,52931,14550,51.0,1,0,0
1768228103614459,52931,14550,22.0,125,0,0
1768228103616492,52931,14550,27.0,152,0,0
1768228103617863,52931,14550,45.0,62,0,0
1768228103619818,52931,14550,26.0,42,0,0
1768228103622378,52931,14550,32.0,36,0,0
1768228103623727,52931,14550,62.0,65,0,0
1768228103625281,52931,14550,49.0,27,0,0
1768228103626581,52931,14550,44.0,116,0,0
1768228103628302,52931,14550,42.0,129,0,0
1768228103630072,52931,14550,34.0,29,0,0
1768228103631630,52931,14550,34.0,137,0,0
1768228103633203,52931,14550,60.0,24,0,0
1768228103634880,52931,14550,53.0,124,0,0
1768228103637054,52931,14550,31.0,2,0,0
1768228103638564,52931,14550,64.0,164,0,0
1768228103639790,52931,14550,24.0,168,0,0
1768228103641186,52931,14550,42.0,136,0,0
1768228103642983,52931,14550,42.0,193,0,0
1768228103644666,52931,14550,48.0,32,0,0
1768228103646174,52931,14550,40.0,241,0,0
1768228103647571,52931,14550,70.0,87,0,0
1768228103649455,52931,14550,61.0,147,0,0
1768228103651052,52931,14550,64.0,11030,0,0
1768228103851388,52931,14550,48.0,163,0,0
1768228103854126,52931,14550,44.0,178,0,0
1768228103855442,52931,14550,48.0,30,0,0
1768228103857611,52931,14550,48.0,33,0,0
1768228103859725,52931,14550,39.0,74,0,0
1768228103864641,52931,14550,51.0,1,0,0
1768228103873887,52931,14550,22.0,125,0,0
1768228103876597,52931,14550,27.0,152,0,0
1768228103878688,52931,14550,45.0,62,0,0
1768228103883487,52931,14550,26.0,42,0,0
1768228103886347,52931,14550,32.0,36,0,0
1768228103887647,52931,14550,62.0,65,0,0
1768228103889916,52931,14550,49.0,27,0,0
1768228103891876,52931,14550,44.0,116,0,0
1768228103893196,52931,14550,42.0,129,0,0
1768228103894795,52931,14550,34.0,29,0,0
1768228103897272,52931,14550,34.0,137,0,0
1768228103898768,52931,14550,60.0,24,0,0
1768228103903912,52931,14550,53.0,124,0,0
1768228103906770,52931,14550,31.0,2,0,0
1768228103910672,52931,14550,64.0,164,0,0
1768228103911916,52931,14550,24.0,168,0,0
1768228103913322,52931,14550,42.0,136,0,0
1768228103914734,52931,14550,42.0,193,0,0
1768228103916244,52931,14550,48.0,32,0,0
1768228103917795,52931,14550,40.0,241,0,0
1768228103919176,52931,14550,70.0,87,0,0
1768228103921215,52931,14550,61.0,147,0,0
1768228103923011,52931,14550,64.0,11030,0,0
1768228104011525,5760,58419,,264,1,0
1768228104012654,52931,14550,47.0,264,0,0
1768228104097265,52931,14550,48.0,163,0,0
1768228104099253,52931,14550,44.0,178,0,0
1768228104100514,52931,14550,48.0,30,0,0
1768228104102587,52931,14550,48.0,33,0,0
1768228104104361,52931,14550,39.0,74,0,0
1768228104109503,52931,14550,51.0,1,0,0
1768228104112975,52931,14550,22.0,125,0,0
1768228104114674,52931,14550,27.0,152,0,0
1768228104116124,52931,14550,45.0,62,0,0
1768228104118816,52931,14550,26.0,42,0,0
1768228104121067,52931,14550,32.0,36,0,0
1768228104122904,52931,14550,62.0,65,0,0
1768228104124684,52931,14550,49.0,27,0,0
1768228104125915,52931,14550,44.0,116,0,0
1768228104127338,52931,14550,42.0,129,0,0
1768228104128914,52931,14550,34.0,29,0,0
1768228104130446,52931,14550,34.0,137,0,0
1768228104131753,52931,14550,60.0,24,0,0
1768228104133717,52931,14550,53.0,124,0,0
1768228104136141,52931,14550,31.0,2,0,0
1768228104137786,52931,14550,64.0,164,0,0
1768228104138996,52931,14550,24.0,168,0,0
1768228104140669,52931,14550,42.0,136,0,0
1768228104141907,52931,14550,42.0,193,0,0
1768228104144385,52931,14550,48.0,32,0,0
1768228104145546,52931,14550,40.0,241,0,0
1768228104146801,52931,14550,70.0,87,0,0
1768228104148466,52931,14550,61.0,147,0,0
1768228104150484,52931,14550,64.0,11030,0,0
1768228104243243,58419,5760,,0,1,0
1768228104351950,52931,14550,48.0,163,0,0
1768228104354894,52931,14550,44.0,178,0,0
1768228104357488,52931,14550,48.0,30,0,0
1768228104360726,52931,14550,48.0,33,0,0
1768228104363931,52931,14550,39.0,74,0,0
1768228104370582,52931,14550,51.0,1,0,0
1768228104375210,52931,14550,22.0,125,0,0
1768228104376150,52931,14550,27.0,152,0,0
1768228104376871,52931,14550,45.0,62,0,0
1768228104378124,52931,14550,26.0,42,0,0
1768228104379512,52931,14550,32.0,36,0,0
1768228104380380,52931,14550,62.0,65,0,0
1768228104381104,52931,14550,49.0,27,0,0
1768228104381819,52931,14550,44.0,116,0,0
1768228104382549,52931,14550,42.0,129,0,0
1768228104383266,52931,14550,34.0,29,0,0
1768228104383904,52931,14550,34.0,137,0,0
1768228104384705,52931,14550,60.0,24,0,0
1768228104385607,52931,14550,53.0,124,0,0
1768228104386201,52931,14550,31.0,2,0,0
1768228104386827,52931,14550,64.0,164,0,0
1768228104387340,52931,14550,24.0,168,0,0
1768228104388040,52931,14550,42.0,136,0,0
1768228104388534,52931,14550,42.0,193,0,0
1768228104389274,52931,14550,48.0,32,0,0
1768228104389885,52931,14550,40.0,241,0,0
1768228104390520,52931,14550,70.0,87,0,0
1768228104391258,52931,14550,61.0,147,0,0
1768228104391779,52931,14550,64.0,11030,0,0
1768228104424436,5760,58419,,0,1,0
1768228104424896,52931,14550,29.0,0,0,0
1768228104516106,5760,58419,,264,1,0
1768228104516575,52931,14550,47.0,264,0,0
1768228104600815,52931,14550,48.0,163,0,0
1768228104601618,52931,14550,44.0,178,0,0
1768228104602471,52931,14550,48.0,30,0,0
1768228104602883,52931,14550,48.0,33,0,0
1768228104603429,52931,14550,39.0,74,0,0
1768228104604042,52931,14550,51.0,1,0,0
1768228104604587,52931,14550,22.0,125,0,0
1768228104605019,52931,14550,27.0,152,0,0
1768228104605422,52931,14550,45.0,62,0,0
1768228104605882,52931,14550,26.0,42,0,0
1768228104606562,52931,14550,32.0,36,0,0
1768228104606927,52931,14550,62.0,65,0,0
1768228104607278,52931,14550,49.0,27,0,0
1768228104607659,52931,14550,44.0,116,0,0
1768228104608040,52931,14550,42.0,129,0,0
1768228104608438,52931,14550,34.0,29,0,0
1768228104608816,52931,14550,34.0,137,0,0
1768228104609127,52931,14550,60.0,24,0,0
1768228104609773,52931,14550,53.0,124,0,0
1768228104610280,52931,14550,31.0,2,0,0
1768228104610625,52931,14550,64.0,164,0,0
1768228104611011,52931,14550,24.0,168,0,0
1768228104611387,52931,14550,42.0,136,0,0
1768228104611703,52931,14550,42.0,193,0,0
1768228104612160,52931,14550,48.0,32,0,0
1768228104612963,52931,14550,40.0,241,0,0
1768228104613492,52931,14550,70.0,87,0,0
1768228104614036,52931,14550,61.0,147,0,0
1768228104614384,52931,14550,64.0,11030,0,0
1768228104854057,52931,14550,48.0,163,0,0
1768228104854850,52931,14550,44.0,178,0,0
1768228104855255,52931,14550,48.0,30,0,0
1768228104855832,52931,14550,48.0,33,0,0
1768228104856215,52931,14550,39.0,74,0,0
1768228104857251,52931,14550,51.0,1,0,0
1768228104860136,52931,14550,22.0,125,0,0
1768228104862375,52931,14550,27.0,152,0,0
1768228104863023,52931,14550,45.0,62,0,0
1768228104864704,52931,14550,26.0,42,0,0
1768228104865736,52931,14550,32.0,36,0,0
1768228104866781,52931,14550,62.0,65,0,0
1768228104867364,52931,14550,49.0,27,0,0
1768228104867729,52931,14550,44.0,116,0,0
1768228104868072,52931,14550,42.0,129,0,0
1768228104868391,52931,14550,34.0,29,0,0
1768228104868739,52931,14550,34.0,137,0,0
1768228104869038,52931,14550,60.0,24,0,0
1768228104870124,52931,14550,53.0,124,0,0
1768228104871133,52931,14550,31.0,2,0,0
1768228104871622,52931,14550,64.0,164,0,0
1768228104872125,52931,14550,24.0,168,0,0
1768228104874126,52931,14550,42.0,136,0,0
1768228104874622,52931,14550,42.0,193,0,0
1768228104875841,52931,14550,48.0,32,0,0
1768228104876551,52931,14550,40.0,241,0,0
1768228104877006,52931,14550,70.0,87,0,0
1768228104877488,52931,14550,61.0,147,0,0
1768228104878152,52931,14550,64.0,11030,0,0
1768228105016833,5760,58419,,264,1,0
1768228105017297,52931,14550,47.0,264,0,0
1768228105103478,52931,14550,48.0,163,0,0
1768228105104147,52931,14550,44.0,178,0,0
1768228105104512,52931,14550,48.0,30,0,0
1768228105105189,52931,14550,48.0,33,0,0
1768228105105511,52931,14550,39.0,74,0,0
1768228105106564,52931,14550,51.0,1,0,0
1768228105108385,52931,14550,22.0,125,0,0
1768228105108837,52931,14550,27.0,152,0,0
1768228105109360,52931,14550,45.0,62,0,0
1768228105110422,52931,14550,26.0,42,0,0
1768228105111235,52931,14550,32.0,36,0,0
1768228105112085,52931,14550,62.0,65,0,0
1768228105112792,52931,14550,49.0,27,0,0
1768228105113226,52931,14550,44.0,116,0,0
1768228105113705,52931,14550,42.0,129,0,0
1768228105114190,52931,14550,34.0,29,0,0
1768228105114476,52931,14550,34.0,137,0,0
1768228105114749,52931,14550,60.0,24,0,0
1768228105115242,52931,14550,53.0,124,0,0
1768228105115674,52931,14550,31.0,2,0,0
1768228105116139,52931,14550,64.0,164,0,0
1768228105116622,52931,14550,24.0,168,0,0
1768228105116985,52931,14550,42.0,136,0,0
1768228105117309,52931,14550,42.0,193,0,0
1768228105117666,52931,14550,48.0,32,0,0
1768228105118021,52931,14550,40.0,241,0,0
1768228105118353,52931,14550,70.0,87,0,0
1768228105119101,52931,14550,61.0,147,0,0
1768228105119666,52931,14550,64.0,11030,0,0
1768228105246604,58419,5760,,0,1,0
1768228105351709,52931,14550,48.0,163,0,0
1768228105353100,52931,14550,44.0,178,0,0
1768228105353688,52931,14550,48.0,30,0,0
1768228105354819,52931,14550,48.0,33,0,0
1768228105355537,52931,14550,39.0,74,0,0
1768228105358571,52931,14550,51.0,1,0,0
1768228105361616,52931,14550,22.0,125,0,0
1768228105363127,52931,14550,27.0,152,0,0
1768228105364205,52931,14550,45.0,62,0,0
1768228105366694,52931,14550,26.0,42,0,0
1768228105368950,52931,14550,32.0,36,0,0
1768228105369759,52931,14550,62.0,65,0,0
1768228105370931,52931,14550,49.0,27,0,0
1768228105371874,52931,14550,44.0,116,0,0
1768228105372959,52931,14550,42.0,129,0,0
1768228105373464,52931,14550,34.0,29,0,0
1768228105374323,52931,14550,34.0,137,0,0
1768228105375502,52931,14550,60.0,24,0,0
1768228105377582,52931,14550,53.0,124,0,0
1768228105378276,52931,14550,31.0,2,0,0
1768228105378807,52931,14550,64.0,164,0,0
1768228105379291,52931,14550,24.0,168,0,0
1768228105379858,52931,14550,42.0,136,0,0
1768228105380479,52931,14550,42.0,193,0,0
1768228105381087,52931,14550,48.0,32,0,0
1768228105381678,52931,14550,40.0,241,0,0
1768228105382175,52931,14550,70.0,87,0,0
1768228105383101,52931,14550,61.0,147,0,0
1768228105383848,52931,14550,64.0,11030,0,0
1768228105423178,5760,58419,,0,1,0
1768228105423683,52931,14550,29.0,0,0,0
1768228105514958,5760,58419,,264,1,0
1768228105515689,52931,14550,47.0,264,0,0
1768228105604509,52931,14550,48.0,163,0,0
1768228105606110,52931,14550,44.0,178,0,0
1768228105607018,52931,14550,48.0,30,0,0
1768228105609633,52931,14550,48.0,33,0,0
1768228105610594,52931,14550,39.0,74,0,0
1768228105614095,52931,14550,51.0,1,0,0
1768228105617593,52931,14550,22.0,125,0,0
1768228105620544,52931,14550,27.0,152,0,0
1768228105621863,52931,14550,45.0,62,0,0
1768228105623805,52931,14550,26.0,42,0,0
1768228105626568,52931,14550,32.0,36,0,0
1768228105627641,52931,14550,62.0,65,0,0
1768228105628757,52931,14550,49.0,27,0,0
1768228105629613,52931,14550,44.0,116,0,0
1768228105630521,52931,14550,42.0,129,0,0
1768228105631441,52931,14550,34.0,29,0,0
1768228105632551,52931,14550,34.0,137,0,0
1768228105633544,52931,14550,60.0,24,0,0
1768228105634853,52931,14550,53.0,124,0,0
1768228105636237,52931,14550,31.0,2,0,0
1768228105637251,52931,14550,64.0,164,0,0
1768228105638315,52931,14550,24.0,168,0,0
1768228105639410,52931,14550,42.0,136,0,0
1768228105640458,52931,14550,42.0,193,0,0
1768228105641439,52931,14550,48.0,32,0,0
1768228105642366,52931,14550,40.0,241,0,0
1768228105643402,52931,14550,70.0,87,0,0
1768228105644756,52931,14550,61.0,147,0,0
1768228105645729,52931,14550,64.0,11030,0,0
1768228105854140,52931,14550,48.0,163,0,0
1768228105856372,52931,14550,44.0,178,0,0
1768228105858329,52931,14550,48.0,30,0,0
1768228105861951,52931,14550,48.0,33,0,0
1768228105864849,52931,14550,39.0,74,0,0
1768228105868443,52931,14550,51.0,1,0,0
1768228105874161,52931,14550,22.0,125,0,0
1768228105877568,52931,14550,27.0,152,0,0
1768228105878884,52931,14550,45.0,62,0,0
1768228105882563,52931,14550,26.0,42,0,0
1768228105886533,52931,14550,32.0,36,0,0
1768228105888352,52931,14550,62.0,65,0,0
1768228105890878,52931,14550,49.0,27,0,0
1768228105892619,52931,14550,44.0,116,0,0
1768228105895172,52931,14550,42.0,129,0,0
1768228105897926,52931,14550,34.0,29,0,0
1768228105900563,52931,14550,34.0,137,0,0
1768228105902802,52931,14550,60.0,24,0,0
1768228105906288,52931,14550,53.0,124,0,0
1768228105909264,52931,14550,31.0,2,0,0
1768228105911785,52931,14550,64.0,164,0,0
1768228105913734,52931,14550,24.0,168,0,0
1768228105916720,52931,14550,42.0,136,0,0
1768228105918876,52931,14550,42.0,193,0,0
1768228105921578,52931,14550,48.0,32,0,0
1768228105923848,52931,14550,40.0,241,0,0
1768228105927102,52931,14550,70.0,87,0,0
1768228105932027,52931,14550,61.0,147,0,0
1768228105933509,52931,14550,64.0,11030,0,0
1768228106018622,5760,58419,,264,1,0
1768228106019983,52931,14550,47.0,264,0,0
1768228106106988,52931,14550,48.0,163,0,0
1768228106109030,52931,14550,44.0,178,0,0
1768228106110605,52931,14550,48.0,30,0,0
1768228106113727,52931,14550,48.0,33,0,0
1768228106116834,52931,14550,39.0,74,0,0
1768228106122163,52931,14550,51.0,1,0,0
1768228106125177,52931,14550,22.0,125,0,0
1768228106127444,52931,14550,27.0,152,0,0
1768228106129886,52931,14550,45.0,62,0,0
1768228106133038,52931,14550,26.0,42,0,0
1768228106135441,52931,14550,32.0,36,0,0
1768228106136849,52931,14550,62.0,65,0,0
1768228106138521,52931,14550,49.0,27,0,0
1768228106139796,52931,14550,44.0,116,0,0
1768228106141392,52931,14550,42.0,129,0,0
1768228106143421,52931,14550,34.0,29,0,0
1768228106144982,52931,14550,34.0,137,0,0
1768228106146170,52931,14550,60.0,24,0,0
1768228106147972,52931,14550,53.0,124,0,0
1768228106149433,52931,14550,31.0,2,0,0
1768228106151239,52931,14550,64.0,164,0,0
1768228106152885,52931,14550,24.0,168,0,0
1768228106154387,52931,14550,42.0,136,0,0
1768228106156308,52931,14550,42.0,193,0,0
1768228106158553,52931,14550,48.0,32,0,0
1768228106160179,52931,14550,40.0,241,0,0
1768228106162195,52931,14550,70.0,87,0,0
1768228106164369,52931,14550,61.0,147,0,0
1768228106165715,52931,14550,64.0,11030,0,0
1768228106248288,58419,5760,,0,1,0
1768228106358193,52931,14550,48.0,163,0,0
1768228106359860,52931,14550,44.0,178,0,0
1768228106362811,52931,14550,48.0,30,0,0
1768228106365193,52931,14550,48.0,33,0,0
1768228106368748,52931,14550,39.0,74,0,0
1768228106373405,52931,14550,51.0,1,0,0
1768228106380046,52931,14550,22.0,125,0,0
1768228106384730,52931,14550,27.0,152,0,0
1768228106386288,52931,14550,45.0,62,0,0
1768228106390741,52931,14550,26.0,42,0,0
1768228106395029,52931,14550,32.0,36,0,0
1768228106397143,52931,14550,62.0,65,0,0
1768228106398965,52931,14550,49.0,27,0,0
1768228106401193,52931,14550,44.0,116,0,0
1768228106404636,52931,14550,42.0,129,0,0
1768228106407147,52931,14550,34.0,29,0,0
1768228106409078,52931,14550,34.0,137,0,0
1768228106413141,52931,14550,60.0,24,0,0
1768228106418113,52931,14550,53.0,124,0,0
1768228106421178,52931,14550,31.0,2,0,0
1768228106422708,52931,14550,64.0,164,0,0
1768228106423965,52931,14550,24.0,168,0,0
1768228106427398,52931,14550,42.0,136,0,0
1768228106427702,5760,58419,,0,1,0
1768228106431834,52931,14550,42.0,193,0,0
1768228106433340,52931,14550,48.0,32,0,0
1768228106435701,52931,14550,40.0,241,0,0
1768228106437729,52931,14550,70.0,87,0,0
1768228106439925,52931,14550,61.0,147,0,0
1768228106442546,52931,14550,64.0,11030,0,0
1768228106445517,52931,14550,29.0,0,0,0
1768228106522445,5760,58419,,264,1,0
1768228106523651,52931,14550,47.0,264,0,0
1768228106611237,52931,14550,48.0,163,0,0
1768228106613528,52931,14550,44.0,178,0,0
1768228106615722,52931,14550,48.0,30,0,0
1768228106617932,52931,14550,48.0,33,0,0
1768228106620825,52931,14550,39.0,74,0,0
1768228106624904,52931,14550,51.0,1,0,0
1768228106631483,52931,14550,22.0,125,0,0
1768228106633627,52931,14550,27.0,152,0,0
1768228106635355,52931,14550,45.0,62,0,0
1768228106637674,52931,14550,26.0,42,0,0
1768228106640740,52931,14550,32.0,36,0,0
1768228106642271,52931,14550,62.0,65,0,0
1768228106643729,52931,14550,49.0,27,0,0
1768228106645136,52931,14550,44.0,116,0,0
1768228106647144,52931,14550,42.0,129,0,0
1768228106648547,52931,14550,34.0,29,0,0
1768228106650580,52931,14550,34.0,137,0,0
1768228106652315,52931,14550,60.0,24,0,0
1768228106654717,52931,14550,53.0,124,0,0
1768228106656220,52931,14550,31.0,2,0,0
1768228106658220,52931,14550,64.0,164,0,0
1768228106659482,52931,14550,24.0,168,0,0
1768228106660879,52931,14550,42.0,136,0,0
1768228106662601,52931,14550,42.0,193,0,0
1768228106664930,52931,14550,48.0,32,0,0
1768228106666917,52931,14550,40.0,241,0,0
1768228106668514,52931,14550,70.0,87,0,0
1768228106670924,52931,14550,61.0,147,0,0
1768228106672663,52931,14550,64.0,11030,0,0
1768228106861361,52931,14550,48.0,163,0,0
1768228106863493,52931,14550,44.0,178,0,0
1768228106866645,52931,14550,48.0,30,0,0
1768228106870530,52931,14550,48.0,33,0,0
1768228106874105,52931,14550,39.0,74,0,0
1768228106879895,52931,14550,51.0,1,0,0
1768228106887544,52931,14550,22.0,125,0,0
1768228106891070,52931,14550,27.0,152,0,0
1768228106895176,52931,14550,45.0,62,0,0
1768228106899408,52931,14550,26.0,42,0,0
1768228106903502,52931,14550,32.0,36,0,0
1768228106906464,52931,14550,62.0,65,0,0
1768228106908976,52931,14550,49.0,27,0,0
1768228106911431,52931,14550,44.0,116,0,0
1768228106913152,52931,14550,42.0,129,0,0
1768228106916807,52931,14550,34.0,29,0,0
1768228106918761,52931,14550,34.0,137,0,0
1768228106921867,52931,14550,60.0,24,0,0
1768228106928145,52931,14550,53.0,124,0,0
1768228106930955,52931,14550,31.0,2,0,0
1768228106932742,52931,14550,64.0,164,0,0
1768228106936447,52931,14550,24.0,168,0,0
1768228106939413,52931,14550,42.0,136,0,0
1768228106941308,52931,14550,42.0,193,0,0
1768228106945806,52931,14550,48.0,32,0,0
1768228106948536,52931,14550,40.0,241,0,0
1768228106950812,52931,14550,70.0,87,0,0
1768228106955741,52931,14550,61.0,147,0,0
1768228106958944,52931,14550,64.0,11030,0,0
1768228107029582,5760,58419,,264,1,0
1768228107030906,52931,14550,47.0,264,0,0
1768228107113181,52931,14550,48.0,163,0,0
1768228107116121,52931,14550,44.0,178,0,0
1768228107118331,52931,14550,48.0,30,0,0
1768228107122851,52931,14550,48.0,33,0,0
1768228107125958,52931,14550,39.0,74,0,0
1768228107131353,52931,14550,51.0,1,0,0
1768228107135250,52931,14550,22.0,125,0,0
1768228107137970,52931,14550,27.0,152,0,0
1768228107140229,52931,14550,45.0,62,0,0
1768228107142724,52931,14550,26.0,42,0,0
1768228107145765,52931,14550,32.0,36,0,0
1768228107148031,52931,14550,62.0,65,0,0
1768228107149382,52931,14550,49.0,27,0,0
1768228107150577,52931,14550,44.0,116,0,0
1768228107152817,52931,14550,42.0,129,0,0
1768228107155319,52931,14550,34.0,29,0,0
1768228107157183,52931,14550,34.0,137,0,0
1768228107158939,52931,14550,60.0,24,0,0
1768228107161215,52931,14550,53.0,124,0,0
1768228107164142,52931,14550,31.0,2,0,0
1768228107165955,52931,14550,64.0,164,0,0
1768228107167193,52931,14550,24.0,168,0,0
1768228107169176,52931,14550,42.0,136,0,0
1768228107171768,52931,14550,42.0,193,0,0
1768228107173287,52931,14550,48.0,32,0,0
1768228107175355,52931,14550,40.0,241,0,0
1768228107176777,52931,14550,70.0,87,0,0
1768228107179220,52931,14550,61.0,147,0,0
1768228107180513,52931,14550,64.0,11030,0,0
1768228107249656,58419,5760,,0,1,0
1768228107365736,52931,14550,48.0,163,0,0
1768228107367420,52931,14550,44.0,178,0,0
1768228107370922,52931,14550,48.0,30,0,0
1768228107375081,52931,14550,48.0,33,0,0
1768228107377123,52931,14550,39.0,74,0,0
1768228107380380,52931,14550,51.0,1,0,0
1768228107386879,52931,14550,22.0,125,0,0
1768228107390227,52931,14550,27.0,152,0,0
1768228107391539,52931,14550,45.0,62,0,0
1768228107394283,52931,14550,26.0,42,0,0
1768228107397899,52931,14550,32.0,36,0,0
1768228107399966,52931,14550,62.0,65,0,0
1768228107402730,52931,14550,49.0,27,0,0
1768228107405727,52931,14550,44.0,116,0,0
1768228107407925,52931,14550,42.0,129,0,0
1768228107410383,52931,14550,34.0,29,0,0
1768228107411838,52931,14550,34.0,137,0,0
1768228107413047,52931,14550,60.0,24,0,0
1768228107417578,52931,14550,53.0,124,0,0
1768228107419089,52931,14550,31.0,2,0,0
1768228107420968,52931,14550,64.0,164,0,0
1768228107422785,52931,14550,24.0,168,0,0
1768228107425614,52931,14550,42.0,136,0,0
1768228107428426,52931,14550,42.0,193,0,0
1768228107430995,52931,14550,48.0,32,0,0
1768228107433478,52931,14550,40.0,241,0,0
1768228107435269,5760,58419,,0,1,0
1768228107436325,52931,14550,70.0,87,0,0
1768228107438267,52931,14550,61.0,147,0,0
1768228107440684,52931,14550,64.0,11030,0,0
1768228107442804,58419,5760,,66,1,0
1768228107446182,52931,14550,29.0,0,0,0
1768228107530637,52931,14550,47.0,264,0,0
1768228107619619,52931,14550,48.0,163,0,0
1768228107622354,52931,14550,44.0,178,0,0
1768228107624582,52931,14550,48.0,30,0,0
1768228107629277,52931,14550,48.0,33,0,0
1768228107630881,52931,14550,39.0,74,0,0
1768228107634760,52931,14550,51.0,1,0,0
1768228107637619,52931,14550,22.0,125,0,0
1768228107639824,52931,14550,27.0,152,0,0
1768228107641653,52931,14550,45.0,62,0,0
1768228107643913,52931,14550,26.0,42,0,0
1768228107646996,52931,14550,32.0,36,0,0
1768228107648569,52931,14550,62.0,65,0,0
1768228107650149,52931,14550,49.0,27,0,0
1768228107652764,52931,14550,44.0,116,0,0
1768228107654240,52931,14550,42.0,129,0,0
1768228107655837,52931,14550,34.0,29,0,0
1768228107657517,52931,14550,34.0,137,0,0
1768228107658928,52931,14550,60.0,24,0,0
1768228107660626,52931,14550,53.0,124,0,0
1768228107662455,52931,14550,31.0,2,0,0
1768228107664218,52931,14550,64.0,164,0,0
1768228107665476,52931,14550,24.0,168,0,0
1768228107666874,52931,14550,42.0,136,0,0
1768228107668753,52931,14550,42.0,193,0,0
1768228107670612,52931,14550,48.0,32,0,0
1768228107671848,52931,14550,40.0,241,0,0
1768228107673429,52931,14550,70.0,87,0,0
1768228107675335,52931,14550,61.0,147,0,0
1768228107677398,52931,14550,64.0,11030,0,0
1768228107867719,52931,14550,48.0,163,0,0
1768228107870671,52931,14550,44.0,178,0,0
1768228107872977,52931,14550,48.0,30,0,0
1768228107876353,52931,14550,48.0,33,0,0
1768228107879065,52931,14550,39.0,74,0,0
1768228107883282,52931,14550,51.0,1,0,0
1768228107888356,52931,14550,22.0,125,0,0
1768228107891447,52931,14550,27.0,152,0,0
1768228107893031,52931,14550,45.0,62,0,0
1768228107897184,52931,14550,26.0,42,0,0
1768228107900866,52931,14550,32.0,36,0,0
1768228107902964,52931,14550,62.0,65,0,0
1768228107904318,52931,14550,49.0,27,0,0
1768228107905645,52931,14550,44.0,116,0,0
1768228107908962,52931,14550,42.0,129,0,0
1768228107910732,52931,14550,34.0,29,0,0
1768228107913696,52931,14550,34.0,137,0,0
1768228107916220,52931,14550,60.0,24,0,0
1768228107921741,52931,14550,53.0,124,0,0
1768228107924685,52931,14550,31.0,2,0,0
1768228107926828,52931,14550,64.0,164,0,0
1768228107929259,52931,14550,24.0,168,0,0
1768228107932570,52931,14550,42.0,136,0,0
1768228107934356,52931,14550,42.0,193,0,0
1768228107936329,52931,14550,48.0,32,0,0
1768228107939589,52931,14550,40.0,241,0,0
1768228107944012,52931,14550,70.0,87,0,0
1768228107947080,52931,14550,61.0,147,0,0
1768228107948851,52931,14550,64.0,11030,0,0
1768228108031510,5760,58419,,264,1,0
1768228108032103,52931,14550,47.0,264,0,0
1768228108119324,52931,14550,48.0,163,0,0
1768228108120694,52931,14550,44.0,178,0,0
1768228108121260,52931,14550,48.0,30,0,0
1768228108122369,52931,14550,48.0,33,0,0
1768228108123848,52931,14550,39.0,74,0,0
1768228108125399,52931,14550,51.0,1,0,0
1768228108126531,52931,14550,22.0,125,0,0
1768228108127272,52931,14550,27.0,152,0,0
1768228108127888,52931,14550,45.0,62,0,0
1768228108129300,52931,14550,26.0,42,0,0
1768228108130563,52931,14550,32.0,36,0,0
1768228108131254,52931,14550,62.0,65,0,0
1768228108131985,52931,14550,49.0,27,0,0
1768228108132639,52931,14550,44.0,116,0,0
1768228108133571,52931,14550,42.0,129,0,0
1768228108134232,52931,14550,34.0,29,0,0
1768228108135068,52931,14550,34.0,137,0,0
1768228108135669,52931,14550,60.0,24,0,0
1768228108136673,52931,14550,53.0,124,0,0
1768228108137837,52931,14550,31.0,2,0,0
1768228108138688,52931,14550,64.0,164,0,0
1768228108139374,52931,14550,24.0,168,0,0
1768228108140304,52931,14550,42.0,136,0,0
1768228108141014,52931,14550,42.0,193,0,0
1768228108141798,52931,14550,48.0,32,0,0
1768228108142445,52931,14550,40.0,241,0,0
1768228108143363,52931,14550,70.0,87,0,0
1768228108144282,52931,14550,61.0,147,0,0
1768228108145369,52931,14550,64.0,11030,0,0
1768228108257201,58419,5760,,0,1,0
1768228108371989,52931,14550,48.0,163,0,0
1768228108374200,52931,14550,44.0,178,0,0
1768228108375338,52931,14550,48.0,30,0,0
1768228108377454,52931,14550,48.0,33,0,0
1768228108379227,52931,14550,39.0,74,0,0
1768228108382534,52931,14550,51.0,1,0,0
1768228108387974,52931,14550,22.0,125,0,0
1768228108390022,52931,14550,27.0,152,0,0
1768228108391176,52931,14550,45.0,62,0,0
1768228108393763,52931,14550,26.0,42,0,0
1768228108396639,52931,14550,32.0,36,0,0
1768228108397797,52931,14550,62.0,65,0,0
1768228108399455,52931,14550,49.0,27,0,0
1768228108400878,52931,14550,44.0,116,0,0
1768228108402868,52931,14550,42.0,129,0,0
1768228108404398,52931,14550,34.0,29,0,0
1768228108405497,52931,14550,34.0,137,0,0
1768228108407729,52931,14550,60.0,24,0,0
1768228108411828,52931,14550,53.0,124,0,0
1768228108413493,52931,14550,31.0,2,0,0
1768228108416244,52931,14550,64.0,164,0,0
1768228108418159,52931,14550,24.0,168,0,0
1768228108420863,52931,14550,42.0,136,0,0
1768228108422884,52931,14550,42.0,193,0,0
1768228108424351,52931,14550,48.0,32,0,0
1768228108426288,52931,14550,40.0,241,0,0
1768228108427510,52931,14550,70.0,87,0,0
1768228108430635,52931,14550,61.0,147,0,0
1768228108432436,52931,14550,64.0,11030,0,0
1768228108439581,5760,58419,,0,1,0
1768228108440566,52931,14550,29.0,0,0,0
1768228108533272,5760,58419,,264,1,0
1768228108534695,52931,14550,47.0,264,0,0
1768228108619851,52931,14550,48.0,163,0,0
1768228108621553,52931,14550,44.0,178,0,0
1768228108623402,52931,14550,48.0,30,0,0
1768228108626811,52931,14550,48.0,33,0,0
1768228108629042,52931,14550,39.0,74,0,0
1768228108632628,52931,14550,51.0,1,0,0
1768228108636430,52931,14550,22.0,125,0,0
1768228108638416,52931,14550,27.0,152,0,0
1768228108639600,52931,14550,45.0,62,0,0
1768228108641774,52931,14550,26.0,42,0,0
1768228108644735,52931,14550,32.0,36,0,0
1768228108646654,52931,14550,62.0,65,0,0
1768228108648076,52931,14550,49.0,27,0,0
1768228108649485,52931,14550,44.0,116,0,0
1768228108651012,52931,14550,42.0,129,0,0
1768228108652220,52931,14550,34.0,29,0,0
1768228108653690,52931,14550,34.0,137,0,0
1768228108654892,52931,14550,60.0,24,0,0
1768228108656549,52931,14550,53.0,124,0,0
1768228108658889,52931,14550,31.0,2,0,0
1768228108660110,52931,14550,64.0,164,0,0
1768228108661618,52931,14550,24.0,168,0,0
1768228108662996,52931,14550,42.0,136,0,0
1768228108664206,52931,14550,42.0,193,0,0
1768228108665932,52931,14550,48.0,32,0,0
1768228108667225,52931,14550,40.0,241,0,0
1768228108668706,52931,14550,70.0,87,0,0
1768228108670610,52931,14550,61.0,147,0,0
1768228108671924,52931,14550,64.0,11030,0,0
1768228108872993,52931,14550,48.0,163,0,0
1768228108875155,52931,14550,44.0,178,0,0
1768228108876809,52931,14550,48.0,30,0,0
1768228108880901,52931,14550,48.0,33,0,0
1768228108883855,52931,14550,39.0,74,0,0
1768228108887543,52931,14550,51.0,1,0,0
1768228108893348,52931,14550,22.0,125,0,0
1768228108895380,52931,14550,27.0,152,0,0
1768228108896718,52931,14550,45.0,62,0,0
1768228108899911,52931,14550,26.0,42,0,0
1768228108906448,52931,14550,32.0,36,0,0
1768228108908205,52931,14550,62.0,65,0,0
1768228108910940,52931,14550,49.0,27,0,0
1768228108912519,52931,14550,44.0,116,0,0
1768228108914243,52931,14550,42.0,129,0,0
1768228108916051,52931,14550,34.0,29,0,0
1768228108917482,52931,14550,34.0,137,0,0
1768228108919535,52931,14550,60.0,24,0,0
1768228108924174,52931,14550,53.0,124,0,0
1768228108926842,52931,14550,31.0,2,0,0
1768228108928424,52931,14550,64.0,164,0,0
1768228108929702,52931,14550,24.0,168,0,0
1768228108932127,52931,14550,42.0,136,0,0
1768228108934374,52931,14550,42.0,193,0,0
1768228108935949,52931,14550,48.0,32,0,0
1768228108937945,52931,14550,40.0,241,0,0
1768228108939436,52931,14550,70.0,87,0,0
1768228108942521,52931,14550,61.0,147,0,0
1768228108945377,52931,14550,64.0,11030,0,0
1768228109041217,5760,58419,,264,1,0
1768228109042339,52931,14550,47.0,264,0,0
1768228109127693,52931,14550,48.0,163,0,0
1768228109129998,52931,14550,44.0,178,0,0
1768228109131739,52931,14550,48.0,30,0,0
1768228109135987,52931,14550,48.0,33,0,0
1768228109138745,52931,14550,39.0,74,0,0
1768228109141880,52931,14550,51.0,1,0,0
1768228109144812,52931,14550,22.0,125,0,0
1768228109147406,52931,14550,27.0,152,0,0
1768228109148618,52931,14550,45.0,62,0,0
1768228109150604,52931,14550,26.0,42,0,0
1768228109153136,52931,14550,32.0,36,0,0
1768228109154468,52931,14550,62.0,65,0,0
1768228109155757,52931,14550,49.0,27,0,0
1768228109157245,52931,14550,44.0,116,0,0
1768228109158753,52931,14550,42.0,129,0,0
1768228109160177,52931,14550,34.0,29,0,0
1768228109161700,52931,14550,34.0,137,0,0
1768228109163032,52931,14550,60.0,24,0,0
1768228109164832,52931,14550,53.0,124,0,0
1768228109166616,52931,14550,31.0,2,0,0
1768228109167978,52931,14550,64.0,164,0,0
1768228109169495,52931,14550,24.0,168,0,0
1768228109170951,52931,14550,42.0,136,0,0
1768228109172930,52931,14550,42.0,193,0,0
1768228109174705,52931,14550,48.0,32,0,0
1768228109176217,52931,14550,40.0,241,0,0
1768228109177488,52931,14550,70.0,87,0,0
1768228109179596,52931,14550,61.0,147,0,0
1768228109181106,52931,14550,64.0,11030,0,0
1768228109262223,58419,5760,,0,1,0
1768228109374381,52931,14550,48.0,163,0,0
1768228109376218,52931,14550,44.0,178,0,0
1768228109378036,52931,14550,48.0,30,0,0
1768228109381468,52931,14550,48.0,33,0,0
1768228109383341,52931,14550,39.0,74,0,0
1768228109387818,52931,14550,51.0,1,0,0
1768228109394984,52931,14550,22.0,125,0,0
1768228109397394,52931,14550,27.0,152,0,0
1768228109399313,52931,14550,45.0,62,0,0
1768228109402850,52931,14550,26.0,42,0,0
1768228109406725,52931,14550,32.0,36,0,0
1768228109410356,52931,14550,62.0,65,0,0
1768228109411658,52931,14550,49.0,27,0,0
1768228109414597,52931,14550,44.0,116,0,0
1768228109417158,52931,14550,42.0,129,0,0
1768228109418874,52931,14550,34.0,29,0,0
1768228109421640,52931,14550,34.0,137,0,0
1768228109424561,52931,14550,60.0,24,0,0
1768228109426746,52931,14550,53.0,124,0,0
1768228109428466,52931,14550,31.0,2,0,0
1768228109430329,52931,14550,64.0,164,0,0
1768228109431888,52931,14550,24.0,168,0,0
1768228109433706,52931,14550,42.0,136,0,0
1768228109437780,52931,14550,42.0,193,0,0
1768228109439964,52931,14550,48.0,32,0,0
1768228109442572,52931,14550,40.0,241,0,0
1768228109444110,52931,14550,70.0,87,0,0
1768228109446099,52931,14550,61.0,147,0,0
1768228109447889,52931,14550,64.0,11030,0,0
1768228109448942,5760,58419,,0,1,0
1768228109450801,52931,14550,29.0,0,0,0
1768228109541066,5760,58419,,264,1,0
1768228109542100,52931,14550,47.0,264,0,0
1768228109628704,52931,14550,48.0,163,0,0
1768228109631059,52931,14550,44.0,178,0,0
1768228109633108,52931,14550,48.0,30,0,0
1768228109634821,52931,14550,48.0,33,0,0
1768228109636375,52931,14550,39.0,74,0,0
1768228109641686,52931,14550,51.0,1,0,0
1768228109646462,52931,14550,22.0,125,0,0
1768228109648148,52931,14550,27.0,152,0,0
1768228109649674,52931,14550,45.0,62,0,0
1768228109653499,52931,14550,26.0,42,0,0
1768228109656540,52931,14550,32.0,36,0,0
1768228109658557,52931,14550,62.0,65,0,0
1768228109660305,52931,14550,49.0,27,0,0
1768228109661667,52931,14550,44.0,116,0,0
1768228109663032,52931,14550,42.0,129,0,0
1768228109664632,52931,14550,34.0,29,0,0
1768228109665928,52931,14550,34.0,137,0,0
1768228109667474,52931,14550,60.0,24,0,0
1768228109669717,52931,14550,53.0,124,0,0
1768228109671807,52931,14550,31.0,2,0,0
1768228109673570,52931,14550,64.0,164,0,0
1768228109675382,52931,14550,24.0,168,0,0
1768228109676954,52931,14550,42.0,136,0,0
1768228109678523,52931,14550,42.0,193,0,0
1768228109679927,52931,14550,48.0,32,0,0
1768228109681063,52931,14550,40.0,241,0,0
1768228109682602,52931,14550,70.0,87,0,0
1768228109684769,52931,14550,61.0,147,0,0
1768228109686600,52931,14550,64.0,11030,0,0
1768228109880191,52931,14550,48.0,163,0,0
1768228109882872,52931,14550,44.0,178,0,0
1768228109884259,52931,14550,48.0,30,0,0
1768228109888509,52931,14550,48.0,33,0,0
1768228109891526,52931,14550,39.0,74,0,0
1768228109895530,52931,14550,51.0,1,0,0
1768228109901299,52931,14550,22.0,125,0,0
1768228109905315,52931,14550,27.0,152,0,0
1768228109907361,52931,14550,45.0,62,0,0
1768228109910676,52931,14550,26.0,42,0,0
1768228109912866,52931,14550,32.0,36,0,0
1768228109916922,52931,14550,62.0,65,0,0
1768228109919538,52931,14550,49.0,27,0,0
1768228109922327,52931,14550,44.0,116,0,0
1768228109924432,52931,14550,42.0,129,0,0
1768228109926060,52931,14550,34.0,29,0,0
1768228109929860,52931,14550,34.0,137,0,0
1768228109931140,52931,14550,60.0,24,0,0
1768228109933797,52931,14550,53.0,124,0,0
1768228109935757,52931,14550,31.0,2,0,0
1768228109938158,52931,14550,64.0,164,0,0
1768228109939384,52931,14550,24.0,168,0,0
1768228109941327,52931,14550,42.0,136,0,0
1768228109944327,52931,14550,42.0,193,0,0
1768228109948185,52931,14550,48.0,32,0,0
1768228109949478,52931,14550,40.0,241,0,0
1768228109951355,52931,14550,70.0,87,0,0
1768228109952986,52931,14550,61.0,147,0,0
1768228109956045,52931,14550,64.0,11030,0,0
1768228110042633,5760,58419,,264,1,0
1768228110043951,52931,14550,47.0,264,0,0
1768228110129909,52931,14550,48.0,163,0,0
1768228110132309,52931,14550,44.0,178,0,0
1768228110134690,52931,14550,48.0,30,0,0
1768228110137875,52931,14550,48.0,33,0,0
1768228110139771,52931,14550,39.0,74,0,0
1768228110145258,52931,14550,51.0,1,0,0
1768228110148588,52931,14550,22.0,125,0,0
1768228110150207,52931,14550,27.0,152,0,0
1768228110151737,52931,14550,45.0,62,0,0
1768228110155051,52931,14550,26.0,42,0,0
1768228110158017,52931,14550,32.0,36,0,0
1768228110159517,52931,14550,62.0,65,0,0
1768228110161195,52931,14550,49.0,27,0,0
1768228110162786,52931,14550,44.0,116,0,0
1768228110164071,52931,14550,42.0,129,0,0
1768228110165588,52931,14550,34.0,29,0,0
1768228110167073,52931,14550,34.0,137,0,0
1768228110168436,52931,14550,60.0,24,0,0
1768228110170639,52931,14550,53.0,124,0,0
1768228110172800,52931,14550,31.0,2,0,0
1768228110174498,52931,14550,64.0,164,0,0
1768228110175987,52931,14550,24.0,168,0,0
1768228110177349,52931,14550,42.0,136,0,0
1768228110178828,52931,14550,42.0,193,0,0
1768228110180503,52931,14550,48.0,32,0,0
1768228110182399,52931,14550,40.0,241,0,0
1768228110183711,52931,14550,70.0,87,0,0
1768228110185631,52931,14550,61.0,147,0,0
1768228110186902,52931,14550,64.0,11030,0,0
1768228110232753,52931,14550,21.0,46,0,0
1768228110234632,52931,14550,40.0,253,0,0
1768228110237112,52931,14550,35.0,253,0,0
1768228110273312,58419,5760,,0,1,0
1768228110384530,52931,14550,48.0,163,0,0
1768228110386554,52931,14550,44.0,178,0,0
1768228110388123,52931,14550,48.0,30,0,0
1768228110390416,52931,14550,48.0,33,0,0
1768228110392922,52931,14550,39.0,74,0,0
1768228110396355,52931,14550,51.0,1,0,0
1768228110403704,52931,14550,22.0,125,0,0
1768228110405912,52931,14550,27.0,152,0,0
1768228110407655,52931,14550,45.0,62,0,0
1768228110409707,52931,14550,26.0,42,0,0
1768228110412176,52931,14550,32.0,36,0,0
1768228110414090,52931,14550,62.0,65,0,0
1768228110415414,52931,14550,49.0,27,0,0
1768228110416631,52931,14550,44.0,116,0,0
1768228110418203,52931,14550,42.0,129,0,0
1768228110419438,52931,14550,34.0,29,0,0
1768228110420714,52931,14550,34.0,137,0,0
1768228110421885,52931,14550,60.0,24,0,0
1768228110423901,52931,14550,53.0,124,0,0
1768228110425758,52931,14550,31.0,2,0,0
1768228110427314,52931,14550,64.0,164,0,0
1768228110428804,52931,14550,24.0,168,0,0
1768228110430255,52931,14550,42.0,136,0,0
1768228110431563,52931,14550,42.0,193,0,0
1768228110433048,52931,14550,48.0,32,0,0
1768228110434530,52931,14550,40.0,241,0,0
1768228110435798,52931,14550,70.0,87,0,0
1768228110438019,52931,14550,61.0,147,0,0
1768228110439832,52931,14550,64.0,11030,0,0
1768228110453505,5760,58419,,0,1,0
1768228110454647,52931,14550,29.0,0,0,0
1768228110545219,5760,58419,,264,1,0
1768228110546453,52931,14550,47.0,264,0,0
1768228110631532,52931,14550,48.0,163,0,0
1768228110633488,52931,14550,44.0,178,0,0
1768228110635526,52931,14550,48.0,30,0,0
1768228110637498,52931,14550,48.0,33,0,0
1768228110639196,52931,14550,39.0,74,0,0
1768228110643913,52931,14550,51.0,1,0,0
1768228110649493,52931,14550,22.0,125,0,0
1768228110651240,52931,14550,27.0,152,0,0
1768228110652866,52931,14550,45.0,62,0,0
1768228110655230,52931,14550,26.0,42,0,0
1768228110658241,52931,14550,32.0,36,0,0
1768228110659852,52931,14550,62.0,65,0,0
1768228110661435,52931,14550,49.0,27,0,0
1768228110662660,52931,14550,44.0,116,0,0
1768228110664066,52931,14550,42.0,129,0,0
1768228110665402,52931,14550,34.0,29,0,0
1768228110666750,52931,14550,34.0,137,0,0
1768228110668229,52931,14550,60.0,24,0,0
1768228110670278,52931,14550,53.0,124,0,0
1768228110672230,52931,14550,31.0,2,0,0
1768228110673764,52931,14550,64.0,164,0,0
1768228110674975,52931,14550,24.0,168,0,0
1768228110676491,52931,14550,42.0,136,0,0
1768228110678075,52931,14550,42.0,193,0,0
1768228110679754,52931,14550,48.0,32,0,0
1768228110680966,52931,14550,40.0,241,0,0
1768228110682301,52931,14550,70.0,87,0,0
1768228110684401,52931,14550,61.0,147,0,0
1768228110686110,52931,14550,64.0,11030,0,0
1768228110883790,52931,14550,48.0,163,0,0
1768228110886060,52931,14550,44.0,178,0,0
1768228110888123,52931,14550,48.0,30,0,0
1768228110890534,52931,14550,48.0,33,0,0
1768228110893624,52931,14550,39.0,74,0,0
1768228110901481,52931,14550,51.0,1,0,0
1768228110907114,52931,14550,22.0,125,0,0
1768228110910223,52931,14550,27.0,152,0,0
1768228110911905,52931,14550,45.0,62,0,0
1768228110915392,52931,14550,26.0,42,0,0
1768228110918680,52931,14550,32.0,36,0,0
1768228110920000,52931,14550,62.0,65,0,0
1768228110923672,52931,14550,49.0,27,0,0
1768228110926353,52931,14550,44.0,116,0,0
1768228110928571,52931,14550,42.0,129,0,0
1768228110931043,52931,14550,34.0,29,0,0
1768228110932381,52931,14550,34.0,137,0,0
1768228110934850,52931,14550,60.0,24,0,0
1768228110938953,52931,14550,53.0,124,0,0
1768228110941047,52931,14550,31.0,2,0,0
1768228110942376,52931,14550,64.0,164,0,0
1768228110944572,52931,14550,24.0,168,0,0
1768228110946332,52931,14550,42.0,136,0,0
1768228110947886,52931,14550,42.0,193,0,0
1768228110949536,52931,14550,48.0,32,0,0
1768228110950935,52931,14550,40.0,241,0,0
1768228110953079,52931,14550,70.0,87,0,0
1768228110955162,52931,14550,61.0,147,0,0
1768228110957218,52931,14550,64.0,11030,0,0
1768228111048372,5760,58419,,264,1,0
1768228111049452,52931,14550,47.0,264,0,0
1768228111136228,52931,14550,48.0,163,0,0
1768228111138459,52931,14550,44.0,178,0,0
1768228111141988,52931,14550,48.0,30,0,0
1768228111144075,52931,14550,48.0,33,0,0
1768228111146138,52931,14550,39.0,74,0,0
1768228111149364,52931,14550,51.0,1,0,0
1768228111151998,52931,14550,22.0,125,0,0
1768228111153555,52931,14550,27.0,152,0,0
1768228111154776,52931,14550,45.0,62,0,0
1768228111156939,52931,14550,26.0,42,0,0
1768228111160191,52931,14550,32.0,36,0,0
1768228111161508,52931,14550,62.0,65,0,0
1768228111162864,52931,14550,49.0,27,0,0
1768228111164463,52931,14550,44.0,116,0,0
1768228111165729,52931,14550,42.0,129,0,0
1768228111167247,52931,14550,34.0,29,0,0
1768228111168443,52931,14550,34.0,137,0,0
1768228111169579,52931,14550,60.0,24,0,0
1768228111171853,52931,14550,53.0,124,0,0
1768228111174187,52931,14550,31.0,2,0,0
1768228111175564,52931,14550,64.0,164,0,0
1768228111176739,52931,14550,24.0,168,0,0
1768228111178542,52931,14550,42.0,136,0,0
1768228111180119,52931,14550,42.0,193,0,0
1768228111181857,52931,14550,48.0,32,0,0
1768228111183270,52931,14550,40.0,241,0,0
1768228111184694,52931,14550,70.0,87,0,0
1768228111186348,52931,14550,61.0,147,0,0
1768228111187696,52931,14550,64.0,11030,0,0
1768228111281653,58419,5760,,0,1,0
1768228111391046,52931,14550,48.0,163,0,0
1768228111392703,52931,14550,44.0,178,0,0
1768228111394517,52931,14550,48.0,30,0,0
1768228111396624,52931,14550,48.0,33,0,0
1768228111398267,52931,14550,39.0,74,0,0
1768228111401571,52931,14550,51.0,1,0,0
1768228111409584,52931,14550,22.0,125,0,0
1768228111412298,52931,14550,27.0,152,0,0
1768228111413534,52931,14550,45.0,62,0,0
1768228111416428,52931,14550,26.0,42,0,0
1768228111420538,52931,14550,32.0,36,0,0
1768228111421882,52931,14550,62.0,65,0,0
1768228111423997,52931,14550,49.0,27,0,0
1768228111426646,52931,14550,44.0,116,0,0
1768228111427855,52931,14550,42.0,129,0,0
1768228111429544,52931,14550,34.0,29,0,0
1768228111431335,52931,14550,34.0,137,0,0
1768228111433191,52931,14550,60.0,24,0,0
1768228111434827,52931,14550,53.0,124,0,0
1768228111437961,52931,14550,31.0,2,0,0
1768228111440653,52931,14550,64.0,164,0,0
1768228111442183,52931,14550,24.0,168,0,0
1768228111443623,52931,14550,42.0,136,0,0
1768228111445921,52931,14550,42.0,193,0,0
1768228111448628,52931,14550,48.0,32,0,0
1768228111450817,52931,14550,40.0,241,0,0
1768228111452429,52931,14550,70.0,87,0,0
1768228111454806,52931,14550,61.0,147,0,0
1768228111458237,5760,58419,,0,1,0
1768228111460008,52931,14550,64.0,11030,0,0
1768228111465946,52931,14550,29.0,0,0,0
1768228111551581,5760,58419,,264,1,0
1768228111552620,52931,14550,47.0,264,0,0
1768228111638383,52931,14550,48.0,163,0,0
1768228111640143,52931,14550,44.0,178,0,0
1768228111642081,52931,14550,48.0,30,0,0
1768228111644854,52931,14550,48.0,33,0,0
1768228111646594,52931,14550,39.0,74,0,0
1768228111650598,52931,14550,51.0,1,0,0
1768228111655151,52931,14550,22.0,125,0,0
1768228111657658,52931,14550,27.0,152,0,0
1768228111659045,52931,14550,45.0,62,0,0
1768228111660976,52931,14550,26.0,42,0,0
1768228111663624,52931,14550,32.0,36,0,0
1768228111665074,52931,14550,62.0,65,0,0
1768228111666623,52931,14550,49.0,27,0,0
1768228111668000,52931,14550,44.0,116,0,0
1768228111669350,52931,14550,42.0,129,0,0
1768228111670817,52931,14550,34.0,29,0,0
1768228111672041,52931,14550,34.0,137,0,0
1768228111673416,52931,14550,60.0,24,0,0
1768228111675202,52931,14550,53.0,124,0,0
1768228111677562,52931,14550,31.0,2,0,0
1768228111679393,52931,14550,64.0,164,0,0
1768228111681386,52931,14550,24.0,168,0,0
1768228111682995,52931,14550,42.0,136,0,0
1768228111684384,52931,14550,42.0,193,0,0
1768228111685924,52931,14550,48.0,32,0,0
1768228111687195,52931,14550,40.0,241,0,0
1768228111688699,52931,14550,70.0,87,0,0
1768228111690728,52931,14550,61.0,147,0,0
1768228111692296,52931,14550,64.0,11030,0,0
1768228111894130,52931,14550,48.0,163,0,0
1768228111896967,52931,14550,44.0,178,0,0
1768228111898249,52931,14550,48.0,30,0,0
1768228111901425,52931,14550,48.0,33,0,0
1768228111904201,52931,14550,39.0,74,0,0
1768228111908594,52931,14550,51.0,1,0,0
1768228111916240,52931,14550,22.0,125,0,0
1768228111919362,52931,14550,27.0,152,0,0
1768228111921859,52931,14550,45.0,62,0,0
1768228111929745,52931,14550,26.0,42,0,0
1768228111932910,52931,14550,32.0,36,0,0
1768228111936759,52931,14550,62.0,65,0,0
1768228111940762,52931,14550,49.0,27,0,0
1768228111943247,52931,14550,44.0,116,0,0
1768228111945828,52931,14550,42.0,129,0,0
1768228111948508,52931,14550,34.0,29,0,0
1768228111950631,52931,14550,34.0,137,0,0
1768228111952596,52931,14550,60.0,24,0,0
1768228111956117,52931,14550,53.0,124,0,0
1768228111958166,52931,14550,31.0,2,0,0
1768228111959451,52931,14550,64.0,164,0,0
1768228111960695,52931,14550,24.0,168,0,0
1768228111963127,52931,14550,42.0,136,0,0
1768228111964658,52931,14550,42.0,193,0,0
1768228111966465,52931,14550,48.0,32,0,0
1768228111968734,52931,14550,40.0,241,0,0
1768228111970359,52931,14550,70.0,87,0,0
1768228111973068,52931,14550,61.0,147,0,0
1768228111974791,52931,14550,64.0,11030,0,0
1768228112054036,5760,58419,,264,1,0
1768228112055222,52931,14550,47.0,264,0,0
1768228112145535,52931,14550,48.0,163,0,0
1768228112148424,52931,14550,44.0,178,0,0
1768228112150191,52931,14550,48.0,30,0,0
1768228112153094,52931,14550,48.0,33,0,0
1768228112155128,52931,14550,39.0,74,0,0
1768228112158271,52931,14550,51.0,1,0,0
1768228112160924,52931,14550,22.0,125,0,0
1768228112162654,52931,14550,27.0,152,0,0
1768228112164562,52931,14550,45.0,62,0,0
1768228112167960,52931,14550,26.0,42,0,0
1768228112170939,52931,14550,32.0,36,0,0
1768228112172387,52931,14550,62.0,65,0,0
1768228112174139,52931,14550,49.0,27,0,0
1768228112175616,52931,14550,44.0,116,0,0
1768228112177514,52931,14550,42.0,129,0,0
1768228112179540,52931,14550,34.0,29,0,0
1768228112181117,52931,14550,34.0,137,0,0
1768228112182711,52931,14550,60.0,24,0,0
1768228112185079,52931,14550,53.0,124,0,0
1768228112187410,52931,14550,31.0,2,0,0
1768228112188737,52931,14550,64.0,164,0,0
1768228112190564,52931,14550,24.0,168,0,0
1768228112192700,52931,14550,42.0,136,0,0
1768228112194218,52931,14550,42.0,193,0,0
1768228112196235,52931,14550,48.0,32,0,0
1768228112197588,52931,14550,40.0,241,0,0
1768228112199266,52931,14550,70.0,87,0,0
1768228112200685,52931,14550,61.0,147,0,0
1768228112203502,52931,14550,64.0,11030,0,0
1768228112283612,58419,5760,,0,1,0
1768228112396570,52931,14550,48.0,163,0,0
1768228112399548,52931,14550,44.0,178,0,0
1768228112401630,52931,14550,48.0,30,0,0
1768228112403930,52931,14550,48.0,33,0,0
1768228112406570,52931,14550,39.0,74,0,0
1768228112411101,52931,14550,51.0,1,0,0
1768228112418559,52931,14550,22.0,125,0,0
1768228112423081,52931,14550,27.0,152,0,0
1768228112425001,52931,14550,45.0,62,0,0
1768228112429739,52931,14550,26.0,42,0,0
1768228112433372,52931,14550,32.0,36,0,0
1768228112435531,52931,14550,62.0,65,0,0
1768228112438515,52931,14550,49.0,27,0,0
1768228112440170,52931,14550,44.0,116,0,0
1768228112442341,52931,14550,42.0,129,0,0
1768228112444821,52931,14550,34.0,29,0,0
1768228112447001,52931,14550,34.0,137,0,0
1768228112448895,52931,14550,60.0,24,0,0
1768228112452445,52931,14550,53.0,124,0,0
1768228112454438,52931,14550,31.0,2,0,0
1768228112456723,52931,14550,64.0,164,0,0
1768228112458316,52931,14550,24.0,168,0,0
1768228112460374,52931,14550,42.0,136,0,0
1768228112461570,52931,14550,42.0,193,0,0
1768228112463913,52931,14550,48.0,32,0,0
1768228112465538,5760,58419,,0,1,0
1768228112465667,52931,14550,40.0,241,0,0
1768228112466955,52931,14550,70.0,87,0,0
1768228112468835,52931,14550,61.0,147,0,0
1768228112470238,52931,14550,64.0,11030,0,0
1768228112473705,52931,14550,29.0,0,0,0
1768228112561018,5760,58419,,264,1,0
1768228112562391,52931,14550,47.0,264,0,0
1768228112647506,52931,14550,48.0,163,0,0
1768228112650146,52931,14550,44.0,178,0,0
1768228112652666,52931,14550,48.0,30,0,0
1768228112654431,52931,14550,48.0,33,0,0
1768228112656069,52931,14550,39.0,74,0,0
1768228112659567,52931,14550,51.0,1,0,0
1768228112662278,52931,14550,22.0,125,0,0
1768228112663849,52931,14550,27.0,152,0,0
1768228112665092,52931,14550,45.0,62,0,0
1768228112667503,52931,14550,26.0,42,0,0
1768228112669621,52931,14550,32.0,36,0,0
1768228112671070,52931,14550,62.0,65,0,0
1768228112672520,52931,14550,49.0,27,0,0
1768228112673814,52931,14550,44.0,116,0,0
1768228112675137,52931,14550,42.0,129,0,0
1768228112676465,52931,14550,34.0,29,0,0
1768228112677689,52931,14550,34.0,137,0,0
1768228112679092,52931,14550,60.0,24,0,0
1768228112681010,52931,14550,53.0,124,0,0
1768228112683333,52931,14550,31.0,2,0,0
1768228112684760,52931,14550,64.0,164,0,0
1768228112686230,52931,14550,24.0,168,0,0
1768228112687716,52931,14550,42.0,136,0,0
1768228112688927,52931,14550,42.0,193,0,0
1768228112690576,52931,14550,48.0,32,0,0
1768228112691956,52931,14550,40.0,241,0,0
1768228112693281,52931,14550,70.0,87,0,0
1768228112695708,52931,14550,61.0,147,0,0
1768228112697502,52931,14550,64.0,11030,0,0
1768228112896190,52931,14550,48.0,163,0,0
1768228112898532,52931,14550,44.0,178,0,0
1768228112899897,52931,14550,48.0,30,0,0
1768228112902138,52931,14550,48.0,33,0,0
1768228112905489,52931,14550,39.0,74,0,0
1768228112909193,52931,14550,51.0,1,0,0
1768228112914572,52931,14550,22.0,125,0,0
1768228112917476,52931,14550,27.0,152,0,0
1768228112919346,52931,14550,45.0,62,0,0
1768228112922349,52931,14550,26.0,42,0,0
1768228112925640,52931,14550,32.0,36,0,0
1768228112927350,52931,14550,62.0,65,0,0
1768228112929818,52931,14550,49.0,27,0,0
1768228112931442,52931,14550,44.0,116,0,0
1768228112932863,52931,14550,42.0,129,0,0
1768228112934992,52931,14550,34.0,29,0,0
1768228112936820,52931,14550,34.0,137,0,0
1768228112940466,52931,14550,60.0,24,0,0
1768228112944295,52931,14550,53.0,124,0,0
1768228112948870,52931,14550,31.0,2,0,0
1768228112954068,52931,14550,64.0,164,0,0
1768228112956186,52931,14550,24.0,168,0,0
1768228112958644,52931,14550,42.0,136,0,0
1768228112960499,52931,14550,42.0,193,0,0
1768228112962869,52931,14550,48.0,32,0,0
1768228112965646,52931,14550,40.0,241,0,0
1768228112966937,52931,14550,70.0,87,0,0
1768228112970527,52931,14550,61.0,147,0,0
1768228112972452,52931,14550,64.0,11030,0,0
1768228113062830,5760,58419,,264,1,0
1768228113063919,52931,14550,47.0,264,0,0
1768228113149291,52931,14550,48.0,163,0,0
1768228113151064,52931,14550,44.0,178,0,0
1768228113153646,52931,14550,48.0,30,0,0
1768228113155957,52931,14550,48.0,33,0,0
1768228113157881,52931,14550,39.0,74,0,0
1768228113162103,52931,14550,51.0,1,0,0
1768228113168652,52931,14550,22.0,125,0,0
1768228113173996,52931,14550,27.0,152,0,0
1768228113175496,52931,14550,45.0,62,0,0
1768228113178570,52931,14550,26.0,42,0,0
1768228113180749,52931,14550,32.0,36,0,0
1768228113182115,52931,14550,62.0,65,0,0
1768228113184620,52931,14550,49.0,27,0,0
1768228113186425,52931,14550,44.0,116,0,0
1768228113187966,52931,14550,42.0,129,0,0
1768228113189876,52931,14550,34.0,29,0,0
1768228113191273,52931,14550,34.0,137,0,0
1768228113192595,52931,14550,60.0,24,0,0
1768228113194245,52931,14550,53.0,124,0,0
1768228113196540,52931,14550,31.0,2,0,0
1768228113197886,52931,14550,64.0,164,0,0
1768228113199113,52931,14550,24.0,168,0,0
1768228113200777,52931,14550,42.0,136,0,0
1768228113202204,52931,14550,42.0,193,0,0
1768228113203692,52931,14550,48.0,32,0,0
1768228113205063,52931,14550,40.0,241,0,0
1768228113206301,52931,14550,70.0,87,0,0
1768228113208478,52931,14550,61.0,147,0,0
1768228113210562,52931,14550,64.0,11030,0,0
1768228113293675,58419,5760,,0,1,0
1768228113403089,52931,14550,48.0,163,0,0
1768228113405618,52931,14550,44.0,178,0,0
1768228113407857,52931,14550,48.0,30,0,0
1768228113409711,52931,14550,48.0,33,0,0
1768228113411995,52931,14550,39.0,74,0,0
1768228113415763,52931,14550,51.0,1,0,0
1768228113421727,52931,14550,22.0,125,0,0
1768228113424896,52931,14550,27.0,152,0,0
1768228113426784,52931,14550,45.0,62,0,0
1768228113436609,52931,14550,26.0,42,0,0
1768228113440515,52931,14550,32.0,36,0,0
1768228113442743,52931,14550,62.0,65,0,0
1768228113444049,52931,14550,49.0,27,0,0
1768228113445841,52931,14550,44.0,116,0,0
1768228113448024,52931,14550,42.0,129,0,0
1768228113449900,52931,14550,34.0,29,0,0
1768228113452488,52931,14550,34.0,137,0,0
1768228113454877,52931,14550,60.0,24,0,0
1768228113457055,52931,14550,53.0,124,0,0
1768228113459185,52931,14550,31.0,2,0,0
1768228113461118,52931,14550,64.0,164,0,0
1768228113463030,52931,14550,24.0,168,0,0
1768228113464657,52931,14550,42.0,136,0,0
1768228113467045,52931,14550,42.0,193,0,0
1768228113470785,52931,14550,48.0,32,0,0
1768228113472042,52931,14550,40.0,241,0,0
1768228113473510,5760,58419,,0,1,0
1768228113473825,52931,14550,70.0,87,0,0
1768228113475552,52931,14550,61.0,147,0,0
1768228113477162,52931,14550,64.0,11030,0,0
1768228113480409,52931,14550,29.0,0,0,0
1768228113504167,5760,58419,,111,1,0
1768228113505152,52931,14550,33.0,111,0,0
1768228113564644,5760,58419,,264,1,0
1768228113566245,52931,14550,47.0,264,0,0
1768228113651892,52931,14550,48.0,163,0,0
1768228113653477,52931,14550,44.0,178,0,0
1768228113655238,52931,14550,48.0,30,0,0
1768228113657290,52931,14550,48.0,33,0,0
1768228113658643,52931,14550,39.0,74,0,0
1768228113664058,52931,14550,51.0,1,0,0
1768228113668310,52931,14550,22.0,125,0,0
1768228113670297,52931,14550,27.0,152,0,0
1768228113671951,52931,14550,45.0,62,0,0
1768228113674386,52931,14550,26.0,42,0,0
1768228113677387,52931,14550,32.0,36,0,0
1768228113678660,52931,14550,62.0,65,0,0
1768228113680234,52931,14550,49.0,27,0,0
1768228113681608,52931,14550,44.0,116,0,0
1768228113683104,52931,14550,42.0,129,0,0
1768228113684444,52931,14550,34.0,29,0,0
1768228113685631,52931,14550,34.0,137,0,0
1768228113687374,52931,14550,60.0,24,0,0
1768228113689582,52931,14550,53.0,124,0,0
1768228113691005,52931,14550,31.0,2,0,0
1768228113692308,52931,14550,64.0,164,0,0
1768228113693800,52931,14550,24.0,168,0,0
1768228113695344,52931,14550,42.0,136,0,0
1768228113697052,52931,14550,42.0,193,0,0
1768228113698648,52931,14550,48.0,32,0,0
1768228113699966,52931,14550,40.0,241,0,0
1768228113701449,52931,14550,70.0,87,0,0
1768228113703265,52931,14550,61.0,147,0,0
1768228113705032,52931,14550,64.0,11030,0,0
1768228113903250,52931,14550,48.0,163,0,0
1768228113905365,52931,14550,44.0,178,0,0
1768228113907188,52931,14550,48.0,30,0,0
1768228113911171,52931,14550,48.0,33,0,0
1768228113915941,52931,14550,39.0,74,0,0
1768228113918783,52931,14550,51.0,1,0,0
1768228113927301,52931,14550,22.0,125,0,0
1768228113930971,52931,14550,27.0,152,0,0
1768228113933517,52931,14550,45.0,62,0,0
1768228113937631,52931,14550,26.0,42,0,0
1768228113940026,52931,14550,32.0,36,0,0
1768228113942139,52931,14550,62.0,65,0,0
1768228113943591,52931,14550,49.0,27,0,0
1768228113945308,52931,14550,44.0,116,0,0
1768228113946682,52931,14550,42.0,129,0,0
1768228113948557,52931,14550,34.0,29,0,0
1768228113949885,52931,14550,34.0,137,0,0
1768228113951190,52931,14550,60.0,24,0,0
1768228113953101,52931,14550,53.0,124,0,0
1768228113954936,52931,14550,31.0,2,0,0
1768228113956144,52931,14550,64.0,164,0,0
1768228113957372,52931,14550,24.0,168,0,0
1768228113958975,52931,14550,42.0,136,0,0
1768228113960461,52931,14550,42.0,193,0,0
1768228113962467,52931,14550,48.0,32,0,0
1768228113964027,52931,14550,40.0,241,0,0
1768228113965283,52931,14550,70.0,87,0,0
1768228113967100,52931,14550,61.0,147,0,0
1768228113968362,52931,14550,64.0,11030,0,0
1768228114067320,5760,58419,,264,1,0
1768228114068323,52931,14550,47.0,264,0,0
1768228114153273,52931,14550,48.0,163,0,0
1768228114155347,52931,14550,44.0,178,0,0
1768228114158447,52931,14550,48.0,30,0,0
1768228114160143,52931,14550,48.0,33,0,0
1768228114162763,52931,14550,39.0,74,0,0
1768228114166862,52931,14550,51.0,1,0,0
1768228114169723,52931,14550,22.0,125,0,0
1768228114171512,52931,14550,27.0,152,0,0
1768228114173328,52931,14550,45.0,62,0,0
1768228114176493,52931,14550,26.0,42,0,0
1768228114179190,52931,14550,32.0,36,0,0
1768228114180439,52931,14550,62.0,65,0,0
1768228114181970,52931,14550,49.0,27,0,0
1768228114183276,52931,14550,44.0,116,0,0
1768228114185307,52931,14550,42.0,129,0,0
1768228114186828,52931,14550,34.0,29,0,0
1768228114188186,52931,14550,34.0,137,0,0
1768228114189695,52931,14550,60.0,24,0,0
1768228114191535,52931,14550,53.0,124,0,0
1768228114193511,52931,14550,31.0,2,0,0
1768228114194988,52931,14550,64.0,164,0,0
1768228114196374,52931,14550,24.0,168,0,0
1768228114197749,52931,14550,42.0,136,0,0
1768228114198897,52931,14550,42.0,193,0,0
1768228114201399,52931,14550,48.0,32,0,0
1768228114203258,52931,14550,40.0,241,0,0
1768228114204843,52931,14550,70.0,87,0,0
1768228114206293,52931,14550,61.0,147,0,0
1768228114208072,52931,14550,64.0,11030,0,0
1768228114300370,58419,5760,,0,1,0
1768228114404748,52931,14550,48.0,163,0,0
1768228114406394,52931,14550,44.0,178,0,0
1768228114408243,52931,14550,48.0,30,0,0
1768228114411021,52931,14550,48.0,33,0,0
1768228114415566,52931,14550,39.0,74,0,0
1768228114419412,52931,14550,51.0,1,0,0
1768228114423948,52931,14550,22.0,125,0,0
1768228114426146,52931,14550,27.0,152,0,0
1768228114427643,52931,14550,45.0,62,0,0
1768228114431399,52931,14550,26.0,42,0,0
1768228114435193,52931,14550,32.0,36,0,0
1768228114436508,52931,14550,62.0,65,0,0
1768228114438422,52931,14550,49.0,27,0,0
1768228114441182,52931,14550,44.0,116,0,0
1768228114442892,52931,14550,42.0,129,0,0
1768228114444526,52931,14550,34.0,29,0,0
1768228114446337,52931,14550,34.0,137,0,0
1768228114448077,52931,14550,60.0,24,0,0
1768228114450203,52931,14550,53.0,124,0,0
1768228114451814,52931,14550,31.0,2,0,0
1768228114454922,52931,14550,64.0,164,0,0
1768228114456456,52931,14550,24.0,168,0,0
1768228114459078,52931,14550,42.0,136,0,0
1768228114461020,52931,14550,42.0,193,0,0
1768228114462965,52931,14550,48.0,32,0,0
1768228114465293,52931,14550,40.0,241,0,0
1768228114466530,52931,14550,70.0,87,0,0
1768228114468364,52931,14550,61.0,147,0,0
1768228114470341,52931,14550,64.0,11030,0,0
1768228114480320,5760,58419,,0,1,0
1768228114481477,52931,14550,29.0,0,0,0
1768228114571803,5760,58419,,264,1,0
1768228114572922,52931,14550,47.0,264,0,0
1768228114659039,52931,14550,48.0,163,0,0
1768228114661035,52931,14550,44.0,178,0,0
1768228114662259,52931,14550,48.0,30,0,0
1768228114664532,52931,14550,48.0,33,0,0
1768228114666377,52931,14550,39.0,74,0,0
1768228114670987,52931,14550,51.0,1,0,0
1768228114676701,52931,14550,22.0,125,0,0
1768228114679481,52931,14550,27.0,152,0,0
1768228114681625,52931,14550,45.0,62,0,0
1768228114685538,52931,14550,26.0,42,0,0
1768228114688246,52931,14550,32.0,36,0,0
1768228114689573,52931,14550,62.0,65,0,0
1768228114691155,52931,14550,49.0,27,0,0
1768228114692630,52931,14550,44.0,116,0,0
1768228114694083,52931,14550,42.0,129,0,0
1768228114695423,52931,14550,34.0,29,0,0
1768228114697443,52931,14550,34.0,137,0,0
1768228114699059,52931,14550,60.0,24,0,0
1768228114701397,52931,14550,53.0,124,0,0
1768228114703064,52931,14550,31.0,2,0,0
1768228114704552,52931,14550,64.0,164,0,0
1768228114705936,52931,14550,24.0,168,0,0
1768228114707707,52931,14550,42.0,136,0,0
1768228114709601,52931,14550,42.0,193,0,0
1768228114712311,52931,14550,48.0,32,0,0
1768228114714093,52931,14550,40.0,241,0,0
1768228114716376,52931,14550,70.0,87,0,0
1768228114718247,52931,14550,61.0,147,0,0
1768228114720125,52931,14550,64.0,11030,0,0
1768228114912467,52931,14550,48.0,163,0,0
1768228114914576,52931,14550,44.0,178,0,0
1768228114915871,52931,14550,48.0,30,0,0
1768228114918600,52931,14550,48.0,33,0,0
1768228114920435,52931,14550,39.0,74,0,0
1768228114924832,52931,14550,51.0,1,0,0
1768228114929728,52931,14550,22.0,125,0,0
1768228114934672,52931,14550,27.0,152,0,0
1768228114937537,52931,14550,45.0,62,0,0
1768228114940635,52931,14550,26.0,42,0,0
1768228114943640,52931,14550,32.0,36,0,0
1768228114945201,52931,14550,62.0,65,0,0
1768228114948467,52931,14550,49.0,27,0,0
1768228114951674,52931,14550,44.0,116,0,0
1768228114953694,52931,14550,42.0,129,0,0
1768228114954974,52931,14550,34.0,29,0,0
1768228114956888,52931,14550,34.0,137,0,0
1768228114958635,52931,14550,60.0,24,0,0
1768228114962889,52931,14550,53.0,124,0,0
1768228114965954,52931,14550,31.0,2,0,0
1768228114968464,52931,14550,64.0,164,0,0
1768228114971081,52931,14550,24.0,168,0,0
1768228114975641,52931,14550,42.0,136,0,0
1768228114978320,52931,14550,42.0,193,0,0
1768228114980108,52931,14550,48.0,32,0,0
1768228114981555,52931,14550,40.0,241,0,0
1768228114982808,52931,14550,70.0,87,0,0
1768228114984595,52931,14550,61.0,147,0,0
1768228114986823,52931,14550,64.0,11030,0,0
1768228115076936,5760,58419,,264,1,0
1768228115077967,52931,14550,47.0,264,0,0
1768228115163773,52931,14550,48.0,163,0,0
1768228115167781,52931,14550,44.0,178,0,0
1768228115169462,52931,14550,48.0,30,0,0
1768228115173974,52931,14550,48.0,33,0,0
1768228115176646,52931,14550,39.0,74,0,0
1768228115181366,52931,14550,51.0,1,0,0
1768228115183851,52931,14550,22.0,125,0,0
1768228115185869,52931,14550,27.0,152,0,0
1768228115187542,52931,14550,45.0,62,0,0
1768228115189693,52931,14550,26.0,42,0,0
1768228115191794,52931,14550,32.0,36,0,0
1768228115193493,52931,14550,62.0,65,0,0
1768228115195076,52931,14550,49.0,27,0,0
1768228115196517,52931,14550,44.0,116,0,0
1768228115197807,52931,14550,42.0,129,0,0
1768228115199529,52931,14550,34.0,29,0,0
1768228115200867,52931,14550,34.0,137,0,0
1768228115202232,52931,14550,60.0,24,0,0
1768228115204220,52931,14550,53.0,124,0,0
1768228115206485,52931,14550,31.0,2,0,0
1768228115207779,52931,14550,64.0,164,0,0
1768228115209643,52931,14550,24.0,168,0,0
1768228115211772,52931,14550,42.0,136,0,0
1768228115213247,52931,14550,42.0,193,0,0
1768228115214597,52931,14550,48.0,32,0,0
1768228115216039,52931,14550,40.0,241,0,0
1768228115217254,52931,14550,70.0,87,0,0
1768228115219310,52931,14550,61.0,147,0,0
1768228115220731,52931,14550,64.0,11030,0,0
1768228115301857,58419,5760,,0,1,0
1768228115413017,52931,14550,48.0,163,0,0
1768228115416264,52931,14550,44.0,178,0,0
1768228115417866,52931,14550,48.0,30,0,0
1768228115420820,52931,14550,48.0,33,0,0
1768228115422188,52931,14550,39.0,74,0,0
1768228115427962,52931,14550,51.0,1,0,0
1768228115431748,52931,14550,22.0,125,0,0
1768228115433708,52931,14550,27.0,152,0,0
1768228115434888,52931,14550,45.0,62,0,0
1768228115439698,52931,14550,26.0,42,0,0
1768228115442452,52931,14550,32.0,36,0,0
1768228115444878,52931,14550,62.0,65,0,0
1768228115447492,52931,14550,49.0,27,0,0
1768228115449791,52931,14550,44.0,116,0,0
1768228115452583,52931,14550,42.0,129,0,0
1768228115454434,52931,14550,34.0,29,0,0
1768228115455626,52931,14550,34.0,137,0,0
1768228115458422,52931,14550,60.0,24,0,0
1768228115460912,52931,14550,53.0,124,0,0
1768228115464071,52931,14550,31.0,2,0,0
1768228115466545,52931,14550,64.0,164,0,0
1768228115468012,52931,14550,24.0,168,0,0
1768228115470148,52931,14550,42.0,136,0,0
1768228115471742,52931,14550,42.0,193,0,0
1768228115476771,52931,14550,48.0,32,0,0
1768228115479431,52931,14550,40.0,241,0,0
1768228115481135,52931,14550,70.0,87,0,0
1768228115482930,52931,14550,61.0,147,0,0
1768228115484698,52931,14550,64.0,11030,0,0
1768228115487145,5760,58419,,0,1,0
1768228115488190,52931,14550,29.0,0,0,0
1768228115578620,5760,58419,,264,1,0
1768228115579784,52931,14550,47.0,264,0,0
1768228115665182,52931,14550,48.0,163,0,0
1768228115667247,52931,14550,44.0,178,0,0
1768228115668449,52931,14550,48.0,30,0,0
1768228115671241,52931,14550,48.0,33,0,0
1768228115672984,52931,14550,39.0,74,0,0
1768228115676671,52931,14550,51.0,1,0,0
1768228115682055,52931,14550,22.0,125,0,0
1768228115685995,52931,14550,27.0,152,0,0
1768228115687248,52931,14550,45.0,62,0,0
1768228115689437,52931,14550,26.0,42,0,0
1768228115692058,52931,14550,32.0,36,0,0
1768228115693265,52931,14550,62.0,65,0,0
1768228115694542,52931,14550,49.0,27,0,0
1768228115696005,52931,14550,44.0,116,0,0
1768228115697287,52931,14550,42.0,129,0,0
1768228115699020,52931,14550,34.0,29,0,0
1768228115700976,52931,14550,34.0,137,0,0
1768228115702884,52931,14550,60.0,24,0,0
1768228115705318,52931,14550,53.0,124,0,0
1768228115706914,52931,14550,31.0,2,0,0
1768228115708406,52931,14550,64.0,164,0,0
1768228115709887,52931,14550,24.0,168,0,0
1768228115711977,52931,14550,42.0,136,0,0
1768228115713281,52931,14550,42.0,193,0,0
1768228115714794,52931,14550,48.0,32,0,0
1768228115716384,52931,14550,40.0,241,0,0
1768228115717750,52931,14550,70.0,87,0,0
1768228115719599,52931,14550,61.0,147,0,0
1768228115721218,52931,14550,64.0,11030,0,0
1768228115918124,52931,14550,48.0,163,0,0
1768228115920214,52931,14550,44.0,178,0,0
1768228115922478,52931,14550,48.0,30,0,0
1768228115926522,52931,14550,48.0,33,0,0
1768228115928425,52931,14550,39.0,74,0,0
1768228115932767,52931,14550,51.0,1,0,0
1768228115941002,52931,14550,22.0,125,0,0
1768228115944768,52931,14550,27.0,152,0,0
1768228115946727,52931,14550,45.0,62,0,0
1768228115950066,52931,14550,26.0,42,0,0
1768228115955778,52931,14550,32.0,36,0,0
1768228115957028,52931,14550,62.0,65,0,0
1768228115958417,52931,14550,49.0,27,0,0
1768228115959770,52931,14550,44.0,116,0,0
1768228115961240,52931,14550,42.0,129,0,0
1768228115962780,52931,14550,34.0,29,0,0
1768228115964014,52931,14550,34.0,137,0,0
1768228115965208,52931,14550,60.0,24,0,0
1768228115967529,52931,14550,53.0,124,0,0
1768228115969179,52931,14550,31.0,2,0,0
1768228115971216,52931,14550,64.0,164,0,0
1768228115972703,52931,14550,24.0,168,0,0
1768228115974263,52931,14550,42.0,136,0,0
1768228115975470,52931,14550,42.0,193,0,0
1768228115977017,52931,14550,48.0,32,0,0
1768228115978303,52931,14550,40.0,241,0,0
1768228115980196,52931,14550,70.0,87,0,0
1768228115981805,52931,14550,61.0,147,0,0
1768228115983668,52931,14550,64.0,11030,0,0
1768228116078896,5760,58419,,264,1,0
1768228116079926,52931,14550,47.0,264,0,0
1768228116164716,52931,14550,48.0,163,0,0
1768228116168505,52931,14550,44.0,178,0,0
1768228116170129,52931,14550,48.0,30,0,0
1768228116172483,52931,14550,48.0,33,0,0
1768228116174161,52931,14550,39.0,74,0,0
1768228116177146,52931,14550,51.0,1,0,0
1768228116179924,52931,14550,22.0,125,0,0
1768228116182390,52931,14550,27.0,152,0,0
1768228116183963,52931,14550,45.0,62,0,0
1768228116186156,52931,14550,26.0,42,0,0
1768228116189369,52931,14550,32.0,36,0,0
1768228116191029,52931,14550,62.0,65,0,0
1768228116192411,52931,14550,49.0,27,0,0
1768228116193768,52931,14550,44.0,116,0,0
1768228116195330,52931,14550,42.0,129,0,0
1768228116196945,52931,14550,34.0,29,0,0
1768228116198604,52931,14550,34.0,137,0,0
1768228116199907,52931,14550,60.0,24,0,0
1768228116203144,52931,14550,53.0,124,0,0
1768228116204815,52931,14550,31.0,2,0,0
1768228116206288,52931,14550,64.0,164,0,0
1768228116207607,52931,14550,24.0,168,0,0
1768228116208902,52931,14550,42.0,136,0,0
1768228116210873,52931,14550,42.0,193,0,0
1768228116212976,52931,14550,48.0,32,0,0
1768228116214289,52931,14550,40.0,241,0,0
1768228116215796,52931,14550,70.0,87,0,0
1768228116217539,52931,14550,61.0,147,0,0
1768228116219297,52931,14550,64.0,11030,0,0
1768228116311349,58419,5760,,0,1,0
1768228116416665,52931,14550,48.0,163,0,0
1768228116418920,52931,14550,44.0,178,0,0
1768228116421203,52931,14550,48.0,30,0,0
1768228116423656,52931,14550,48.0,33,0,0
1768228116425684,52931,14550,39.0,74,0,0
1768228116430630,52931,14550,51.0,1,0,0
1768228116437627,52931,14550,22.0,125,0,0
1768228116440587,52931,14550,27.0,152,0,0
1768228116441832,52931,14550,45.0,62,0,0
1768228116445655,52931,14550,26.0,42,0,0
1768228116447920,52931,14550,32.0,36,0,0
1768228116450896,52931,14550,62.0,65,0,0
1768228116453077,52931,14550,49.0,27,0,0
1768228116454292,52931,14550,44.0,116,0,0
1768228116456094,52931,14550,42.0,129,0,0
1768228116457298,52931,14550,34.0,29,0,0
1768228116459054,52931,14550,34.0,137,0,0
1768228116462085,52931,14550,60.0,24,0,0
1768228116469073,52931,14550,53.0,124,0,0
1768228116472237,52931,14550,31.0,2,0,0
1768228116474529,52931,14550,64.0,164,0,0
1768228116475775,52931,14550,24.0,168,0,0
1768228116478139,52931,14550,42.0,136,0,0
1768228116479994,52931,14550,42.0,193,0,0
1768228116484361,52931,14550,48.0,32,0,0
1768228116485642,52931,14550,40.0,241,0,0
1768228116486991,52931,14550,70.0,87,0,0
1768228116488530,52931,14550,61.0,147,0,0
1768228116490493,5760,58419,,0,1,0
1768228116491170,52931,14550,64.0,11030,0,0
1768228116494050,52931,14550,29.0,0,0,0
1768228116585288,5760,58419,,264,1,0
1768228116586427,52931,14550,47.0,264,0,0
1768228116672499,52931,14550,48.0,163,0,0
1768228116674720,52931,14550,44.0,178,0,0
1768228116676574,52931,14550,48.0,30,0,0
1768228116678901,52931,14550,48.0,33,0,0
1768228116680281,52931,14550,39.0,74,0,0
1768228116686459,52931,14550,51.0,1,0,0
1768228116690139,52931,14550,22.0,125,0,0
1768228116692076,52931,14550,27.0,152,0,0
1768228116693493,52931,14550,45.0,62,0,0
1768228116695600,52931,14550,26.0,42,0,0
1768228116697988,52931,14550,32.0,36,0,0
1768228116699515,52931,14550,62.0,65,0,0
1768228116701141,52931,14550,49.0,27,0,0
1768228116702367,52931,14550,44.0,116,0,0
1768228116703939,52931,14550,42.0,129,0,0
1768228116705313,52931,14550,34.0,29,0,0
1768228116706518,52931,14550,34.0,137,0,0
1768228116707945,52931,14550,60.0,24,0,0
1768228116710058,52931,14550,53.0,124,0,0
1768228116711941,52931,14550,31.0,2,0,0
1768228116713691,52931,14550,64.0,164,0,0
1768228116714913,52931,14550,24.0,168,0,0
1768228116716296,52931,14550,42.0,136,0,0
1768228116717809,52931,14550,42.0,193,0,0
1768228116719190,52931,14550,48.0,32,0,0
1768228116720635,52931,14550,40.0,241,0,0
1768228116722135,52931,14550,70.0,87,0,0
1768228116724567,52931,14550,61.0,147,0,0
1768228116726315,52931,14550,64.0,11030,0,0
1768228116923801,52931,14550,48.0,163,0,0
1768228116926667,52931,14550,44.0,178,0,0
1768228116928646,52931,14550,48.0,30,0,0
1768228116932401,52931,14550,48.0,33,0,0
1768228116936314,52931,14550,39.0,74,0,0
1768228116941932,52931,14550,51.0,1,0,0
1768228116948412,52931,14550,22.0,125,0,0
1768228116952506,52931,14550,27.0,152,0,0
1768228116954048,52931,14550,45.0,62,0,0
1768228116959020,52931,14550,26.0,42,0,0
1768228116962875,52931,14550,32.0,36,0,0
1768228116964750,52931,14550,62.0,65,0,0
1768228116967368,52931,14550,49.0,27,0,0
1768228116971331,52931,14550,44.0,116,0,0
1768228116972867,52931,14550,42.0,129,0,0
1768228116974940,52931,14550,34.0,29,0,0
1768228116977306,52931,14550,34.0,137,0,0
1768228116979273,52931,14550,60.0,24,0,0
1768228116983243,52931,14550,53.0,124,0,0
1768228116986564,52931,14550,31.0,2,0,0
1768228116989240,52931,14550,64.0,164,0,0
1768228116992044,52931,14550,24.0,168,0,0
1768228116994729,52931,14550,42.0,136,0,0
1768228116996810,52931,14550,42.0,193,0,0
1768228117000029,52931,14550,48.0,32,0,0
1768228117002530,52931,14550,40.0,241,0,0
1768228117004387,52931,14550,70.0,87,0,0
1768228117006126,52931,14550,61.0,147,0,0
1768228117007792,52931,14550,64.0,11030,0,0
1768228117089308,5760,58419,,264,1,0
1768228117090417,52931,14550,47.0,264,0,0
1768228117174191,52931,14550,48.0,163,0,0
1768228117175960,52931,14550,44.0,178,0,0
1768228117178162,52931,14550,48.0,30,0,0
1768228117181993,52931,14550,48.0,33,0,0
1768228117184149,52931,14550,39.0,74,0,0
1768228117188430,52931,14550,51.0,1,0,0
1768228117194530,52931,14550,22.0,125,0,0
1768228117196475,52931,14550,27.0,152,0,0
1768228117197989,52931,14550,45.0,62,0,0
1768228117200187,52931,14550,26.0,42,0,0
1768228117202814,52931,14550,32.0,36,0,0
1768228117204252,52931,14550,62.0,65,0,0
1768228117206313,52931,14550,49.0,27,0,0
1768228117207542,52931,14550,44.0,116,0,0
1768228117209066,52931,14550,42.0,129,0,0
1768228117210575,52931,14550,34.0,29,0,0
1768228117211805,52931,14550,34.0,137,0,0
1768228117213386,52931,14550,60.0,24,0,0
1768228117216065,52931,14550,53.0,124,0,0
1768228117218341,52931,14550,31.0,2,0,0
1768228117219905,52931,14550,64.0,164,0,0
1768228117221161,52931,14550,24.0,168,0,0
1768228117222807,52931,14550,42.0,136,0,0
1768228117224116,52931,14550,42.0,193,0,0
1768228117225568,52931,14550,48.0,32,0,0
1768228117227118,52931,14550,40.0,241,0,0
1768228117228738,52931,14550,70.0,87,0,0
1768228117230715,52931,14550,61.0,147,0,0
1768228117231937,52931,14550,64.0,11030,0,0
1768228117312092,58419,5760,,0,1,0
1768228117427146,52931,14550,48.0,163,0,0
1768228117429546,52931,14550,44.0,178,0,0
1768228117430821,52931,14550,48.0,30,0,0
1768228117434732,52931,14550,48.0,33,0,0
1768228117439797,52931,14550,39.0,74,0,0
1768228117443478,52931,14550,51.0,1,0,0
1768228117449836,52931,14550,22.0,125,0,0
1768228117452030,52931,14550,27.0,152,0,0
1768228117453228,52931,14550,45.0,62,0,0
1768228117457482,52931,14550,26.0,42,0,0
1768228117460590,52931,14550,32.0,36,0,0
1768228117463431,52931,14550,62.0,65,0,0
1768228117467445,52931,14550,49.0,27,0,0
1768228117468983,52931,14550,44.0,116,0,0
1768228117470318,52931,14550,42.0,129,0,0
1768228117471580,52931,14550,34.0,29,0,0
1768228117473954,52931,14550,34.0,137,0,0
1768228117475194,52931,14550,60.0,24,0,0
1768228117479502,52931,14550,53.0,124,0,0
1768228117482567,52931,14550,31.0,2,0,0
1768228117486917,52931,14550,64.0,164,0,0
1768228117488721,52931,14550,24.0,168,0,0
1768228117490442,52931,14550,42.0,136,0,0
1768228117492397,52931,14550,42.0,193,0,0
1768228117495339,52931,14550,48.0,32,0,0
1768228117496626,5760,58419,,0,1,0
1768228117496688,52931,14550,40.0,241,0,0
1768228117497884,52931,14550,70.0,87,0,0
1768228117501011,52931,14550,61.0,147,0,0
1768228117502969,52931,14550,64.0,11030,0,0
1768228117507198,52931,14550,29.0,0,0,0
1768228117592122,5760,58419,,264,1,0
1768228117593201,52931,14550,47.0,264,0,0
1768228117676373,52931,14550,48.0,163,0,0
1768228117679383,52931,14550,44.0,178,0,0
1768228117680813,52931,14550,48.0,30,0,0
1768228117682861,52931,14550,48.0,33,0,0
1768228117684732,52931,14550,39.0,74,0,0
1768228117688611,52931,14550,51.0,1,0,0
1768228117690991,52931,14550,22.0,125,0,0
1768228117692598,52931,14550,27.0,152,0,0
1768228117694117,52931,14550,45.0,62,0,0
1768228117695933,52931,14550,26.0,42,0,0
1768228117698135,52931,14550,32.0,36,0,0
1768228117699714,52931,14550,62.0,65,0,0
1768228117701027,52931,14550,49.0,27,0,0
1768228117702362,52931,14550,44.0,116,0,0
1768228117704354,52931,14550,42.0,129,0,0
1768228117706025,52931,14550,34.0,29,0,0
1768228117707631,52931,14550,34.0,137,0,0
1768228117708885,52931,14550,60.0,24,0,0
1768228117710754,52931,14550,53.0,124,0,0
1768228117712547,52931,14550,31.0,2,0,0
1768228117713982,52931,14550,64.0,164,0,0
1768228117715277,52931,14550,24.0,168,0,0
1768228117717122,52931,14550,42.0,136,0,0
1768228117719135,52931,14550,42.0,193,0,0
1768228117720944,52931,14550,48.0,32,0,0
1768228117722288,52931,14550,40.0,241,0,0
1768228117723862,52931,14550,70.0,87,0,0
1768228117725448,52931,14550,61.0,147,0,0
1768228117727162,52931,14550,64.0,11030,0,0
1768228117929691,52931,14550,48.0,163,0,0
1768228117931734,52931,14550,44.0,178,0,0
1768228117933508,52931,14550,48.0,30,0,0
1768228117937003,52931,14550,48.0,33,0,0
1768228117940138,52931,14550,39.0,74,0,0
1768228117945257,52931,14550,51.0,1,0,0
1768228117951978,52931,14550,22.0,125,0,0
1768228117954931,52931,14550,27.0,152,0,0
1768228117956142,52931,14550,45.0,62,0,0
1768228117960260,52931,14550,26.0,42,0,0
1768228117963873,52931,14550,32.0,36,0,0
1768228117965243,52931,14550,62.0,65,0,0
1768228117967126,52931,14550,49.0,27,0,0
1768228117971147,52931,14550,44.0,116,0,0
1768228117972444,52931,14550,42.0,129,0,0
1768228117974218,52931,14550,34.0,29,0,0
1768228117978373,52931,14550,34.0,137,0,0
1768228117980146,52931,14550,60.0,24,0,0
1768228117982993,52931,14550,53.0,124,0,0
1768228117985064,52931,14550,31.0,2,0,0
1768228117988543,52931,14550,64.0,164,0,0
1768228117989859,52931,14550,24.0,168,0,0
1768228117991928,52931,14550,42.0,136,0,0
1768228117994457,52931,14550,42.0,193,0,0
1768228117998402,52931,14550,48.0,32,0,0
1768228117999715,52931,14550,40.0,241,0,0
1768228118002563,52931,14550,70.0,87,0,0
1768228118004678,52931,14550,61.0,147,0,0
1768228118009191,52931,14550,64.0,11030,0,0
1768228118092902,5760,58419,,264,1,0
1768228118094024,52931,14550,47.0,264,0,0
1768228118178838,52931,14550,48.0,163,0,0
1768228118181040,52931,14550,44.0,178,0,0
1768228118183784,52931,14550,48.0,30,0,0
1768228118186612,52931,14550,48.0,33,0,0
1768228118188986,52931,14550,39.0,74,0,0
1768228118192753,52931,14550,51.0,1,0,0
1768228118198519,52931,14550,22.0,125,0,0
1768228118200405,52931,14550,27.0,152,0,0
1768228118201650,52931,14550,45.0,62,0,0
1768228118203897,52931,14550,26.0,42,0,0
1768228118206583,52931,14550,32.0,36,0,0
1768228118207832,52931,14550,62.0,65,0,0
1768228118209618,52931,14550,49.0,27,0,0
1768228118210846,52931,14550,44.0,116,0,0
1768228118212423,52931,14550,42.0,129,0,0
1768228118213651,52931,14550,34.0,29,0,0
1768228118215184,52931,14550,34.0,137,0,0
1768228118216711,52931,14550,60.0,24,0,0
1768228118218359,52931,14550,53.0,124,0,0
1768228118220231,52931,14550,31.0,2,0,0
1768228118221871,52931,14550,64.0,164,0,0
1768228118223379,52931,14550,24.0,168,0,0
1768228118224998,52931,14550,42.0,136,0,0
1768228118226560,52931,14550,42.0,193,0,0
1768228118227999,52931,14550,48.0,32,0,0
1768228118229272,52931,14550,40.0,241,0,0
1768228118230865,52931,14550,70.0,87,0,0
1768228118232861,52931,14550,61.0,147,0,0
1768228118234688,52931,14550,64.0,11030,0,0
1768228118317047,58419,5760,,0,1,0
1768228118429813,52931,14550,48.0,163,0,0
1768228118431935,52931,14550,44.0,178,0,0
1768228118433317,52931,14550,48.0,30,0,0
1768228118436925,52931,14550,48.0,33,0,0
1768228118439045,52931,14550,39.0,74,0,0
1768228118445351,52931,14550,51.0,1,0,0
1768228118451355,52931,14550,22.0,125,0,0
1768228118453823,52931,14550,27.0,152,0,0
1768228118456728,52931,14550,45.0,62,0,0
1768228118460394,52931,14550,26.0,42,0,0
1768228118464441,52931,14550,32.0,36,0,0
1768228118466140,52931,14550,62.0,65,0,0
1768228118468739,52931,14550,49.0,27,0,0
1768228118470261,52931,14550,44.0,116,0,0
1768228118471450,52931,14550,42.0,129,0,0
1768228118472628,52931,14550,34.0,29,0,0
1768228118475307,52931,14550,34.0,137,0,0
1768228118477922,52931,14550,60.0,24,0,0
1768228118480406,52931,14550,53.0,124,0,0
1768228118482187,52931,14550,31.0,2,0,0
1768228118485817,52931,14550,64.0,164,0,0
1768228118487675,52931,14550,24.0,168,0,0
1768228118489094,52931,14550,42.0,136,0,0
1768228118490894,52931,14550,42.0,193,0,0
1768228118493597,52931,14550,48.0,32,0,0
1768228118494769,52931,14550,40.0,241,0,0
1768228118496417,52931,14550,70.0,87,0,0
1768228118499203,52931,14550,61.0,147,0,0
1768228118501314,52931,14550,64.0,11030,0,0
1768228118503880,5760,58419,,0,1,0
1768228118506613,52931,14550,29.0,0,0,0
1768228118596889,5760,58419,,264,1,0
1768228118598154,52931,14550,47.0,264,0,0
1768228118682416,52931,14550,48.0,163,0,0
1768228118685804,52931,14550,44.0,178,0,0
1768228118687096,52931,14550,48.0,30,0,0
1768228118688998,52931,14550,48.0,33,0,0
1768228118690553,52931,14550,39.0,74,0,0
1768228118694383,52931,14550,51.0,1,0,0
1768228118696978,52931,14550,22.0,125,0,0
1768228118698719,52931,14550,27.0,152,0,0
1768228118699961,52931,14550,45.0,62,0,0
1768228118702076,52931,14550,26.0,42,0,0
1768228118704824,52931,14550,32.0,36,0,0
1768228118706151,52931,14550,62.0,65,0,0
1768228118707719,52931,14550,49.0,27,0,0
1768228118709214,52931,14550,44.0,116,0,0
1768228118710630,52931,14550,42.0,129,0,0
1768228118711980,52931,14550,34.0,29,0,0
1768228118713563,52931,14550,34.0,137,0,0
1768228118715085,52931,14550,60.0,24,0,0
1768228118716757,52931,14550,53.0,124,0,0
1768228118718725,52931,14550,31.0,2,0,0
1768228118720008,52931,14550,64.0,164,0,0
1768228118721511,52931,14550,24.0,168,0,0
1768228118723053,52931,14550,42.0,136,0,0
1768228118724349,52931,14550,42.0,193,0,0
1768228118725862,52931,14550,48.0,32,0,0
1768228118727401,52931,14550,40.0,241,0,0
1768228118728702,52931,14550,70.0,87,0,0
1768228118730280,52931,14550,61.0,147,0,0
1768228118732405,52931,14550,64.0,11030,0,0
1768228118931113,52931,14550,48.0,163,0,0
1768228118935158,52931,14550,44.0,178,0,0
1768228118937152,52931,14550,48.0,30,0,0
1768228118940656,52931,14550,48.0,33,0,0
1768228118942470,52931,14550,39.0,74,0,0
1768228118947334,52931,14550,51.0,1,0,0
1768228118953639,52931,14550,22.0,125,0,0
1768228118956932,52931,14550,27.0,152,0,0
1768228118959205,52931,14550,45.0,62,0,0
1768228118964755,52931,14550,26.0,42,0,0
1768228118968576,52931,14550,32.0,36,0,0
1768228118971315,52931,14550,62.0,65,0,0
1768228118972977,52931,14550,49.0,27,0,0
1768228118974412,52931,14550,44.0,116,0,0
1768228118975791,52931,14550,42.0,129,0,0
1768228118977834,52931,14550,34.0,29,0,0
1768228118981000,52931,14550,34.0,137,0,0
1768228118984434,52931,14550,60.0,24,0,0
1768228118987488,52931,14550,53.0,124,0,0
1768228118990217,52931,14550,31.0,2,0,0
1768228118992681,52931,14550,64.0,164,0,0
1768228118995819,52931,14550,24.0,168,0,0
1768228118998557,52931,14550,42.0,136,0,0
1768228119000955,52931,14550,42.0,193,0,0
1768228119003692,52931,14550,48.0,32,0,0
1768228119005615,52931,14550,40.0,241,0,0
1768228119008447,52931,14550,70.0,87,0,0
1768228119010252,52931,14550,61.0,147,0,0
1768228119011665,52931,14550,64.0,11030,0,0
1768228119099080,5760,58419,,264,1,0
1768228119100156,52931,14550,47.0,264,0,0
1768228119185629,52931,14550,48.0,163,0,0
1768228119188119,52931,14550,44.0,178,0,0
1768228119191063,52931,14550,48.0,30,0,0
1768228119193947,52931,14550,48.0,33,0,0
1768228119195600,52931,14550,39.0,74,0,0
1768228119199598,52931,14550,51.0,1,0,0
1768228119202552,52931,14550,22.0,125,0,0
1768228119204220,52931,14550,27.0,152,0,0
1768228119205690,52931,14550,45.0,62,0,0
1768228119207788,52931,14550,26.0,42,0,0
1768228119210189,52931,14550,32.0,36,0,0
1768228119211877,52931,14550,62.0,65,0,0
1768228119213147,52931,14550,49.0,27,0,0
1768228119215116,52931,14550,44.0,116,0,0
1768228119216450,52931,14550,42.0,129,0,0
1768228119218261,52931,14550,34.0,29,0,0
1768228119220156,52931,14550,34.0,137,0,0
1768228119221795,52931,14550,60.0,24,0,0
1768228119224110,52931,14550,53.0,124,0,0
1768228119225488,52931,14550,31.0,2,0,0
1768228119226695,52931,14550,64.0,164,0,0
1768228119228183,52931,14550,24.0,168,0,0
1768228119229667,52931,14550,42.0,136,0,0
1768228119230873,52931,14550,42.0,193,0,0
1768228119232554,52931,14550,48.0,32,0,0
1768228119234211,52931,14550,40.0,241,0,0
1768228119235851,52931,14550,70.0,87,0,0
1768228119237550,52931,14550,61.0,147,0,0
1768228119239165,52931,14550,64.0,11030,0,0
1768228119320883,58419,5760,,0,1,0
1768228119436347,52931,14550,48.0,163,0,0
1768228119438954,52931,14550,44.0,178,0,0
1768228119443328,52931,14550,48.0,30,0,0
1768228119445963,52931,14550,48.0,33,0,0
1768228119449215,52931,14550,39.0,74,0,0
1768228119454586,52931,14550,51.0,1,0,0
1768228119461256,52931,14550,22.0,125,0,0
1768228119463653,52931,14550,27.0,152,0,0
1768228119467285,52931,14550,45.0,62,0,0
1768228119471230,52931,14550,26.0,42,0,0
1768228119474113,52931,14550,32.0,36,0,0
1768228119475875,52931,14550,62.0,65,0,0
1768228119480465,52931,14550,49.0,27,0,0
1768228119481679,52931,14550,44.0,116,0,0
1768228119483441,52931,14550,42.0,129,0,0
1768228119484824,52931,14550,34.0,29,0,0
1768228119487326,52931,14550,34.0,137,0,0
1768228119488932,52931,14550,60.0,24,0,0
1768228119492951,52931,14550,53.0,124,0,0
1768228119495037,52931,14550,31.0,2,0,0
1768228119499245,52931,14550,64.0,164,0,0
1768228119501032,52931,14550,24.0,168,0,0
1768228119503379,52931,14550,42.0,136,0,0
1768228119504562,52931,14550,42.0,193,0,0
1768228119505711,5760,58419,,0,1,0
1768228119506585,52931,14550,48.0,32,0,0
1768228119508261,52931,14550,40.0,241,0,0
1768228119510548,52931,14550,70.0,87,0,0
1768228119512962,52931,14550,61.0,147,0,0
1768228119514948,52931,14550,64.0,11030,0,0
1768228119517980,52931,14550,29.0,0,0,0
1768228119603457,5760,58419,,264,1,0
1768228119604547,52931,14550,47.0,264,0,0
1768228119688136,52931,14550,48.0,163,0,0
1768228119690020,52931,14550,44.0,178,0,0
1768228119692731,52931,14550,48.0,30,0,0
1768228119694749,52931,14550,48.0,33,0,0
1768228119696610,52931,14550,39.0,74,0,0
1768228119699740,52931,14550,51.0,1,0,0
1768228119702579,52931,14550,22.0,125,0,0
1768228119704094,52931,14550,27.0,152,0,0
1768228119705667,52931,14550,45.0,62,0,0
1768228119707847,52931,14550,26.0,42,0,0
1768228119710346,52931,14550,32.0,36,0,0
1768228119711736,52931,14550,62.0,65,0,0
1768228119713341,52931,14550,49.0,27,0,0
1768228119714971,52931,14550,44.0,116,0,0
1768228119716201,52931,14550,42.0,129,0,0
1768228119717416,52931,14550,34.0,29,0,0
1768228119718900,52931,14550,34.0,137,0,0
1768228119720138,52931,14550,60.0,24,0,0
1768228119721887,52931,14550,53.0,124,0,0
1768228119724175,52931,14550,31.0,2,0,0
1768228119725626,52931,14550,64.0,164,0,0
1768228119726934,52931,14550,24.0,168,0,0
1768228119728614,52931,14550,42.0,136,0,0
1768228119729919,52931,14550,42.0,193,0,0
1768228119731429,52931,14550,48.0,32,0,0
1768228119732975,52931,14550,40.0,241,0,0
1768228119734223,52931,14550,70.0,87,0,0
1768228119735606,52931,14550,61.0,147,0,0
1768228119737431,52931,14550,64.0,11030,0,0
1768228119939018,52931,14550,48.0,163,0,0
1768228119940776,52931,14550,44.0,178,0,0
1768228119943098,52931,14550,48.0,30,0,0
1768228119947976,52931,14550,48.0,33,0,0
1768228119950070,52931,14550,39.0,74,0,0
1768228119955471,52931,14550,51.0,1,0,0
1768228119960345,52931,14550,22.0,125,0,0
1768228119963364,52931,14550,27.0,152,0,0
1768228119964866,52931,14550,45.0,62,0,0
1768228119968854,52931,14550,26.0,42,0,0
1768228119970845,52931,14550,32.0,36,0,0
1768228119972963,52931,14550,62.0,65,0,0
1768228119974386,52931,14550,49.0,27,0,0
1768228119976819,52931,14550,44.0,116,0,0
1768228119978629,52931,14550,42.0,129,0,0
1768228119980064,52931,14550,34.0,29,0,0
1768228119981459,52931,14550,34.0,137,0,0
1768228119985161,52931,14550,60.0,24,0,0
1768228119988013,52931,14550,53.0,124,0,0
1768228119992304,52931,14550,31.0,2,0,0
1768228119995773,52931,14550,64.0,164,0,0
1768228119997951,52931,14550,24.0,168,0,0
1768228120001247,52931,14550,42.0,136,0,0
1768228120003410,52931,14550,42.0,193,0,0
1768228120006755,52931,14550,48.0,32,0,0
1768228120008580,52931,14550,40.0,241,0,0
1768228120011374,52931,14550,70.0,87,0,0
1768228120015387,52931,14550,61.0,147,0,0
1768228120019246,52931,14550,64.0,11030,0,0
1768228120104217,5760,58419,,264,1,0
1768228120105261,52931,14550,47.0,264,0,0
1768228120188873,52931,14550,48.0,163,0,0
1768228120191355,52931,14550,44.0,178,0,0
1768228120193662,52931,14550,48.0,30,0,0
1768228120197414,52931,14550,48.0,33,0,0
1768228120199698,52931,14550,39.0,74,0,0
1768228120203675,52931,14550,51.0,1,0,0
1768228120206833,52931,14550,22.0,125,0,0
1768228120208831,52931,14550,27.0,152,0,0
1768228120210339,52931,14550,45.0,62,0,0
1768228120212539,52931,14550,26.0,42,0,0
1768228120215207,52931,14550,32.0,36,0,0
1768228120216760,52931,14550,62.0,65,0,0
1768228120218247,52931,14550,49.0,27,0,0
1768228120220261,52931,14550,44.0,116,0,0
1768228120221853,52931,14550,42.0,129,0,0
1768228120223236,52931,14550,34.0,29,0,0
1768228120224626,52931,14550,34.0,137,0,0
1768228120226036,52931,14550,60.0,24,0,0
1768228120228675,52931,14550,53.0,124,0,0
1768228120230306,52931,14550,31.0,2,0,0
1768228120231736,52931,14550,64.0,164,0,0
1768228120233119,52931,14550,24.0,168,0,0
1768228120234934,52931,14550,42.0,136,0,0
1768228120236168,52931,14550,42.0,193,0,0
1768228120237841,52931,14550,48.0,32,0,0
1768228120239649,52931,14550,40.0,241,0,0
1768228120241108,52931,14550,70.0,87,0,0
1768228120242875,52931,14550,61.0,147,0,0
1768228120244640,52931,14550,64.0,11030,0,0
1768228120324394,58419,5760,,0,1,0
1768228120440873,52931,14550,48.0,163,0,0
1768228120443374,52931,14550,44.0,178,0,0
1768228120445500,52931,14550,48.0,30,0,0
1768228120450031,52931,14550,48.0,33,0,0
1768228120453568,52931,14550,39.0,74,0,0
1768228120457959,52931,14550,51.0,1,0,0
1768228120466563,52931,14550,22.0,125,0,0
1768228120469226,52931,14550,27.0,152,0,0
1768228120470784,52931,14550,45.0,62,0,0
1768228120474653,52931,14550,26.0,42,0,0
1768228120476945,52931,14550,32.0,36,0,0
1768228120478928,52931,14550,62.0,65,0,0
1768228120480432,52931,14550,49.0,27,0,0
1768228120481663,52931,14550,44.0,116,0,0
1768228120484104,52931,14550,42.0,129,0,0
1768228120487124,52931,14550,34.0,29,0,0
1768228120490021,52931,14550,34.0,137,0,0
1768228120491782,52931,14550,60.0,24,0,0
1768228120494724,52931,14550,53.0,124,0,0
1768228120497938,52931,14550,31.0,2,0,0
1768228120499454,52931,14550,64.0,164,0,0
1768228120502342,52931,14550,24.0,168,0,0
1768228120504275,52931,14550,42.0,136,0,0
1768228120505496,52931,14550,42.0,193,0,0
1768228120510074,52931,14550,48.0,32,0,0
1768228120511820,52931,14550,40.0,241,0,0
1768228120513165,52931,14550,70.0,87,0,0
1768228120515306,52931,14550,61.0,147,0,0
1768228120515829,5760,58419,,0,1,0
1768228120516546,52931,14550,64.0,11030,0,0
1768228120520592,52931,14550,29.0,0,0,0
1768228120604290,5760,58419,,264,1,0
1768228120605670,52931,14550,47.0,264,0,0
1768228120695637,52931,14550,48.0,163,0,0
1768228120697799,52931,14550,44.0,178,0,0
1768228120699688,52931,14550,48.0,30,0,0
1768228120703251,52931,14550,48.0,33,0,0
1768228120705233,52931,14550,39.0,74,0,0
1768228120709430,52931,14550,51.0,1,0,0
1768228120712979,52931,14550,22.0,125,0,0
1768228120715043,52931,14550,27.0,152,0,0
1768228120716242,52931,14550,45.0,62,0,0
1768228120718773,52931,14550,26.0,42,0,0
1768228120720637,52931,14550,32.0,36,0,0
1768228120722163,52931,14550,62.0,65,0,0
1768228120723582,52931,14550,49.0,27,0,0
1768228120725016,52931,14550,44.0,116,0,0
1768228120726446,52931,14550,42.0,129,0,0
1768228120727924,52931,14550,34.0,29,0,0
1768228120729370,52931,14550,34.0,137,0,0
1768228120730673,52931,14550,60.0,24,0,0
1768228120732635,52931,14550,53.0,124,0,0
1768228120734157,52931,14550,31.0,2,0,0
1768228120735526,52931,14550,64.0,164,0,0
1768228120737226,52931,14550,24.0,168,0,0
1768228120738642,52931,14550,42.0,136,0,0
1768228120739942,52931,14550,42.0,193,0,0
1768228120741616,52931,14550,48.0,32,0,0
1768228120742951,52931,14550,40.0,241,0,0
1768228120744203,52931,14550,70.0,87,0,0
1768228120745920,52931,14550,61.0,147,0,0
1768228120747193,52931,14550,64.0,11030,0,0
1768228120944449,52931,14550,48.0,163,0,0
1768228120945998,52931,14550,44.0,178,0,0
1768228120947772,52931,14550,48.0,30,0,0
1768228120950943,52931,14550,48.0,33,0,0
1768228120952390,52931,14550,39.0,74,0,0
1768228120957666,52931,14550,51.0,1,0,0
1768228120963019,52931,14550,22.0,125,0,0
1768228120966954,52931,14550,27.0,152,0,0
1768228120968404,52931,14550,45.0,62,0,0
1768228120971759,52931,14550,26.0,42,0,0
1768228120975521,52931,14550,32.0,36,0,0
1768228120976774,52931,14550,62.0,65,0,0
1768228120978070,52931,14550,49.0,27,0,0
1768228120980642,52931,14550,44.0,116,0,0
1768228120984216,52931,14550,42.0,129,0,0
1768228120986325,52931,14550,34.0,29,0,0
1768228120988185,52931,14550,34.0,137,0,0
1768228120991932,52931,14550,60.0,24,0,0
1768228120994953,52931,14550,53.0,124,0,0
1768228120996700,52931,14550,31.0,2,0,0
1768228120999690,52931,14550,64.0,164,0,0
1768228121002418,52931,14550,24.0,168,0,0
1768228121004796,52931,14550,42.0,136,0,0
1768228121006979,52931,14550,42.0,193,0,0
1768228121010593,52931,14550,48.0,32,0,0
1768228121013493,52931,14550,40.0,241,0,0
1768228121015589,52931,14550,70.0,87,0,0
1768228121018374,52931,14550,61.0,147,0,0
1768228121020271,52931,14550,64.0,11030,0,0
1768228121107871,5760,58419,,264,1,0
1768228121108943,52931,14550,47.0,264,0,0
1768228121194253,52931,14550,48.0,163,0,0
1768228121196429,52931,14550,44.0,178,0,0
1768228121197851,52931,14550,48.0,30,0,0
1768228121199745,52931,14550,48.0,33,0,0
1768228121201265,52931,14550,39.0,74,0,0
1768228121206584,52931,14550,51.0,1,0,0
1768228121209399,52931,14550,22.0,125,0,0
1768228121211396,52931,14550,27.0,152,0,0
1768228121212816,52931,14550,45.0,62,0,0
1768228121214923,52931,14550,26.0,42,0,0
1768228121218280,52931,14550,32.0,36,0,0
1768228121220375,52931,14550,62.0,65,0,0
1768228121221853,52931,14550,49.0,27,0,0
1768228121223184,52931,14550,44.0,116,0,0
1768228121224567,52931,14550,42.0,129,0,0
1768228121225751,52931,14550,34.0,29,0,0
1768228121227271,52931,14550,34.0,137,0,0
1768228121228894,52931,14550,60.0,24,0,0
1768228121230999,52931,14550,53.0,124,0,0
1768228121233853,52931,14550,31.0,2,0,0
1768228121235396,52931,14550,64.0,164,0,0
1768228121236883,52931,14550,24.0,168,0,0
1768228121238343,52931,14550,42.0,136,0,0
1768228121239499,52931,14550,42.0,193,0,0
1768228121241322,52931,14550,48.0,32,0,0
1768228121243552,52931,14550,40.0,241,0,0
1768228121244898,52931,14550,70.0,87,0,0
1768228121246710,52931,14550,61.0,147,0,0
1768228121247994,52931,14550,64.0,11030,0,0
1768228121328341,58419,5760,,0,1,0
1768228121448163,52931,14550,48.0,163,0,0
1768228121449678,52931,14550,44.0,178,0,0
1768228121451722,52931,14550,48.0,30,0,0
1768228121453674,52931,14550,48.0,33,0,0
1768228121455670,52931,14550,39.0,74,0,0
1768228121459566,52931,14550,51.0,1,0,0
1768228121464066,52931,14550,22.0,125,0,0
1768228121467746,52931,14550,27.0,152,0,0
1768228121469011,52931,14550,45.0,62,0,0
1768228121471846,52931,14550,26.0,42,0,0
1768228121474501,52931,14550,32.0,36,0,0
1768228121476282,52931,14550,62.0,65,0,0
1768228121477462,52931,14550,49.0,27,0,0
1768228121479106,52931,14550,44.0,116,0,0
1768228121482998,52931,14550,42.0,129,0,0
1768228121485237,52931,14550,34.0,29,0,0
1768228121486322,52931,14550,34.0,137,0,0
1768228121490028,52931,14550,60.0,24,0,0
1768228121492489,52931,14550,53.0,124,0,0
1768228121495734,52931,14550,31.0,2,0,0
1768228121497305,52931,14550,64.0,164,0,0
1768228121499092,52931,14550,24.0,168,0,0
1768228121500687,52931,14550,42.0,136,0,0
1768228121502297,52931,14550,42.0,193,0,0
1768228121504830,52931,14550,48.0,32,0,0
1768228121506229,52931,14550,40.0,241,0,0
1768228121507511,52931,14550,70.0,87,0,0
1768228121510282,52931,14550,61.0,147,0,0
1768228121511379,52931,14550,64.0,11030,0,0
1768228121521211,5760,58419,,0,1,0
1768228121522178,52931,14550,29.0,0,0,0
1768228121612347,5760,58419,,264,1,0
1768228121613393,52931,14550,47.0,264,0,0
1768228121697621,52931,14550,48.0,163,0,0
1768228121700232,52931,14550,44.0,178,0,0
1768228121701907,52931,14550,48.0,30,0,0
1768228121705133,52931,14550,48.0,33,0,0
1768228121706679,52931,14550,39.0,74,0,0
1768228121711141,52931,14550,51.0,1,0,0
1768228121714447,52931,14550,22.0,125,0,0
1768228121716140,52931,14550,27.0,152,0,0
1768228121717372,52931,14550,45.0,62,0,0
1768228121719421,52931,14550,26.0,42,0,0
1768228121721871,52931,14550,32.0,36,0,0
1768228121723144,52931,14550,62.0,65,0,0
1768228121725075,52931,14550,49.0,27,0,0
1768228121726513,52931,14550,44.0,116,0,0
1768228121727991,52931,14550,42.0,129,0,0
1768228121729429,52931,14550,34.0,29,0,0
1768228121730949,52931,14550,34.0,137,0,0
1768228121732282,52931,14550,60.0,24,0,0
1768228121734417,52931,14550,53.0,124,0,0
1768228121736207,52931,14550,31.0,2,0,0
1768228121737714,52931,14550,64.0,164,0,0
1768228121738877,52931,14550,24.0,168,0,0
1768228121740257,52931,14550,42.0,136,0,0
1768228121741682,52931,14550,42.0,193,0,0
1768228121743224,52931,14550,48.0,32,0,0
1768228121744618,52931,14550,40.0,241,0,0
1768228121745920,52931,14550,70.0,87,0,0
1768228121747689,52931,14550,61.0,147,0,0
1768228121749668,52931,14550,64.0,11030,0,0
1768228121912136,52931,14550,21.0,46,0,0
1768228121914429,52931,14550,40.0,253,0,0
1768228121918539,52931,14550,35.0,253,0,0
1768228121950538,52931,14550,48.0,163,0,0
1768228121959424,52931,14550,44.0,178,0,0
1768228121960569,52931,14550,48.0,30,0,0
1768228121971016,52931,14550,48.0,33,0,0
1768228121972892,52931,14550,39.0,74,0,0
1768228121976683,52931,14550,51.0,1,0,0
1768228121979164,52931,14550,22.0,125,0,0
1768228121980539,52931,14550,27.0,152,0,0
1768228121981632,52931,14550,45.0,62,0,0
1768228121983569,52931,14550,26.0,42,0,0
1768228121986746,52931,14550,32.0,36,0,0
1768228121987934,52931,14550,62.0,65,0,0
1768228121989682,52931,14550,49.0,27,0,0
1768228121990962,52931,14550,44.0,116,0,0
1768228121992297,52931,14550,42.0,129,0,0
1768228121993469,52931,14550,34.0,29,0,0
1768228121994897,52931,14550,34.0,137,0,0
1768228121996087,52931,14550,60.0,24,0,0
1768228121997995,52931,14550,53.0,124,0,0
1768228121999391,52931,14550,31.0,2,0,0
1768228122000571,52931,14550,64.0,164,0,0
1768228122001947,52931,14550,24.0,168,0,0
1768228122003798,52931,14550,42.0,136,0,0
1768228122005379,52931,14550,42.0,193,0,0
1768228122006963,52931,14550,48.0,32,0,0
1768228122008238,52931,14550,40.0,241,0,0
1768228122009596,52931,14550,70.0,87,0,0
1768228122011066,52931,14550,61.0,147,0,0
1768228122012172,52931,14550,64.0,11030,0,0
1768228122116948,5760,58419,,264,1,0
1768228122117945,52931,14550,47.0,264,0,0
1768228122202205,52931,14550,48.0,163,0,0
1768228122203918,52931,14550,44.0,178,0,0
1768228122207957,52931,14550,48.0,30,0,0
1768228122209721,52931,14550,48.0,33,0,0
1768228122211394,52931,14550,39.0,74,0,0
1768228122215035,52931,14550,51.0,1,0,0
1768228122218306,52931,14550,22.0,125,0,0
1768228122220269,52931,14550,27.0,152,0,0
1768228122221533,52931,14550,45.0,62,0,0
1768228122223776,52931,14550,26.0,42,0,0
1768228122226252,52931,14550,32.0,36,0,0
1768228122227491,52931,14550,62.0,65,0,0
1768228122229583,52931,14550,49.0,27,0,0
1768228122230898,52931,14550,44.0,116,0,0
1768228122232462,52931,14550,42.0,129,0,0
1768228122233860,52931,14550,34.0,29,0,0
1768228122236871,52931,14550,34.0,137,0,0
1768228122238484,52931,14550,60.0,24,0,0
1768228122241390,52931,14550,53.0,124,0,0
1768228122243668,52931,14550,31.0,2,0,0
1768228122245129,52931,14550,64.0,164,0,0
1768228122246672,52931,14550,24.0,168,0,0
1768228122248236,52931,14550,42.0,136,0,0
1768228122249800,52931,14550,42.0,193,0,0
1768228122251516,52931,14550,48.0,32,0,0
1768228122252847,52931,14550,40.0,241,0,0
1768228122254323,52931,14550,70.0,87,0,0
1768228122255803,52931,14550,61.0,147,0,0
1768228122257914,52931,14550,64.0,11030,0,0
1768228122338555,58419,5760,,0,1,0
1768228122450941,58419,5760,,66,1,0
1768228122453085,52931,14550,48.0,163,0,0
1768228122455642,52931,14550,44.0,178,0,0
1768228122456914,52931,14550,48.0,30,0,0
1768228122459862,52931,14550,48.0,33,0,0
1768228122461538,52931,14550,39.0,74,0,0
1768228122465916,52931,14550,51.0,1,0,0
1768228122472015,52931,14550,22.0,125,0,0
1768228122475175,52931,14550,27.0,152,0,0
1768228122477266,52931,14550,45.0,62,0,0
1768228122481358,52931,14550,26.0,42,0,0
1768228122483685,52931,14550,32.0,36,0,0
1768228122485822,52931,14550,62.0,65,0,0
1768228122487664,52931,14550,49.0,27,0,0
1768228122489859,52931,14550,44.0,116,0,0
1768228122492321,52931,14550,42.0,129,0,0
1768228122493615,52931,14550,34.0,29,0,0
1768228122495351,52931,14550,34.0,137,0,0
1768228122496729,52931,14550,60.0,24,0,0
1768228122499191,52931,14550,53.0,124,0,0
1768228122502238,52931,14550,31.0,2,0,0
1768228122503603,52931,14550,64.0,164,0,0
1768228122506302,52931,14550,24.0,168,0,0
1768228122509368,52931,14550,42.0,136,0,0
1768228122512441,52931,14550,42.0,193,0,0
1768228122515016,52931,14550,48.0,32,0,0
1768228122517016,52931,14550,40.0,241,0,0
1768228122519038,52931,14550,70.0,87,0,0
1768228122522859,52931,14550,61.0,147,0,0
1768228122524178,52931,14550,64.0,11030,0,0
1768228122527503,5760,58419,,0,1,0
1768228122531369,52931,14550,29.0,0,0,0
1768228122618994,5760,58419,,264,1,0
1768228122620316,52931,14550,47.0,264,0,0
1768228122705124,52931,14550,48.0,163,0,0
1768228122705852,52931,14550,44.0,178,0,0
1768228122706186,52931,14550,48.0,30,0,0
1768228122706849,52931,14550,48.0,33,0,0
1768228122707519,52931,14550,39.0,74,0,0
1768228122708907,52931,14550,51.0,1,0,0
1768228122709535,52931,14550,22.0,125,0,0
1768228122709999,52931,14550,27.0,152,0,0
1768228122710367,52931,14550,45.0,62,0,0
1768228122711084,52931,14550,26.0,42,0,0
1768228122711649,52931,14550,32.0,36,0,0
1768228122711989,52931,14550,62.0,65,0,0
1768228122712351,52931,14550,49.0,27,0,0
1768228122712687,52931,14550,44.0,116,0,0
1768228122713005,52931,14550,42.0,129,0,0
1768228122713314,52931,14550,34.0,29,0,0
1768228122713712,52931,14550,34.0,137,0,0
1768228122714024,52931,14550,60.0,24,0,0
1768228122714484,52931,14550,53.0,124,0,0
1768228122714990,52931,14550,31.0,2,0,0
1768228122715347,52931,14550,64.0,164,0,0
1768228122715925,52931,14550,24.0,168,0,0
1768228122716361,52931,14550,42.0,136,0,0
1768228122716789,52931,14550,42.0,193,0,0
1768228122717191,52931,14550,48.0,32,0,0
1768228122717557,52931,14550,40.0,241,0,0
1768228122717926,52931,14550,70.0,87,0,0
1768228122718295,52931,14550,61.0,147,0,0
1768228122718722,52931,14550,64.0,11030,0,0
1768228122955006,52931,14550,48.0,163,0,0
1768228122955717,52931,14550,44.0,178,0,0
1768228122956191,52931,14550,48.0,30,0,0
1768228122957121,52931,14550,48.0,33,0,0
1768228122957669,52931,14550,39.0,74,0,0
1768228122958643,52931,14550,51.0,1,0,0
1768228122960074,52931,14550,22.0,125,0,0
1768228122960894,52931,14550,27.0,152,0,0
1768228122961451,52931,14550,45.0,62,0,0
1768228122962964,52931,14550,26.0,42,0,0
1768228122963660,52931,14550,32.0,36,0,0
1768228122964293,52931,14550,62.0,65,0,0
1768228122964984,52931,14550,49.0,27,0,0
1768228122965606,52931,14550,44.0,116,0,0
1768228122966628,52931,14550,42.0,129,0,0
1768228122967267,52931,14550,34.0,29,0,0
1768228122968482,52931,14550,34.0,137,0,0
1768228122969080,52931,14550,60.0,24,0,0
1768228122969925,52931,14550,53.0,124,0,0
1768228122970745,52931,14550,31.0,2,0,0
1768228122971210,52931,14550,64.0,164,0,0
1768228122971578,52931,14550,24.0,168,0,0
1768228122972665,52931,14550,42.0,136,0,0
1768228122973194,52931,14550,42.0,193,0,0
1768228122973559,52931,14550,48.0,32,0,0
1768228122973842,52931,14550,40.0,241,0,0
1768228122974130,52931,14550,70.0,87,0,0
1768228122974601,52931,14550,61.0,147,0,0
1768228122975019,52931,14550,64.0,11030,0,0
1768228123120582,5760,58419,,264,1,0
1768228123121236,52931,14550,47.0,264,0,0
1768228123207264,52931,14550,48.0,163,0,0
1768228123207984,52931,14550,44.0,178,0,0
1768228123208658,52931,14550,48.0,30,0,0
1768228123209306,52931,14550,48.0,33,0,0
1768228123210367,52931,14550,39.0,74,0,0
1768228123211030,52931,14550,51.0,1,0,0
1768228123211780,52931,14550,22.0,125,0,0
1768228123212243,52931,14550,27.0,152,0,0
1768228123212603,52931,14550,45.0,62,0,0
1768228123213120,52931,14550,26.0,42,0,0
1768228123213723,52931,14550,32.0,36,0,0
1768228123214048,52931,14550,62.0,65,0,0
1768228123214374,52931,14550,49.0,27,0,0
1768228123215080,52931,14550,44.0,116,0,0
1768228123215415,52931,14550,42.0,129,0,0
1768228123215733,52931,14550,34.0,29,0,0
1768228123216000,52931,14550,34.0,137,0,0
1768228123216406,52931,14550,60.0,24,0,0
1768228123216849,52931,14550,53.0,124,0,0
1768228123217211,52931,14550,31.0,2,0,0
1768228123217755,52931,14550,64.0,164,0,0
1768228123218133,52931,14550,24.0,168,0,0
1768228123218600,52931,14550,42.0,136,0,0
1768228123219022,52931,14550,42.0,193,0,0
1768228123219514,52931,14550,48.0,32,0,0
1768228123219907,52931,14550,40.0,241,0,0
1768228123220271,52931,14550,70.0,87,0,0
1768228123220636,52931,14550,61.0,147,0,0
1768228123220922,52931,14550,64.0,11030,0,0
1768228123342871,58419,5760,,0,1,0
1768228123457664,52931,14550,48.0,163,0,0
1768228123458847,52931,14550,44.0,178,0,0
1768228123459581,52931,14550,48.0,30,0,0
1768228123460638,52931,14550,48.0,33,0,0
1768228123461265,52931,14550,39.0,74,0,0
1768228123463608,52931,14550,51.0,1,0,0
1768228123465599,52931,14550,22.0,125,0,0
1768228123466548,52931,14550,27.0,152,0,0
1768228123467210,52931,14550,45.0,62,0,0
1768228123468946,52931,14550,26.0,42,0,0
1768228123469792,52931,14550,32.0,36,0,0
1768228123470510,52931,14550,62.0,65,0,0
1768228123470901,52931,14550,49.0,27,0,0
1768228123471306,52931,14550,44.0,116,0,0
1768228123472031,52931,14550,42.0,129,0,0
1768228123472386,52931,14550,34.0,29,0,0
1768228123473068,52931,14550,34.0,137,0,0
1768228123473585,52931,14550,60.0,24,0,0
1768228123474883,52931,14550,53.0,124,0,0
1768228123475532,52931,14550,31.0,2,0,0
1768228123476596,52931,14550,64.0,164,0,0
1768228123477638,52931,14550,24.0,168,0,0
1768228123478427,52931,14550,42.0,136,0,0
1768228123479385,52931,14550,42.0,193,0,0
1768228123480298,52931,14550,48.0,32,0,0
1768228123480850,52931,14550,40.0,241,0,0
1768228123481570,52931,14550,70.0,87,0,0
1768228123482514,52931,14550,61.0,147,0,0
1768228123483183,52931,14550,64.0,11030,0,0
1768228123527276,5760,58419,,0,1,0
1768228123528087,52931,14550,29.0,0,0,0
1768228123561401,5760,58419,,111,1,0
1768228123562213,52931,14550,33.0,111,0,0
1768228123621490,5760,58419,,264,1,0
1768228123622215,52931,14550,47.0,264,0,0
1768228123704269,52931,14550,48.0,163,0,0
1768228123705240,52931,14550,44.0,178,0,0
1768228123706320,52931,14550,48.0,30,0,0
1768228123707605,52931,14550,48.0,33,0,0
1768228123708578,52931,14550,39.0,74,0,0
1768228123711414,52931,14550,51.0,1,0,0
1768228123712837,52931,14550,22.0,125,0,0
1768228123713865,52931,14550,27.0,152,0,0
1768228123714542,52931,14550,45.0,62,0,0
1768228123715934,52931,14550,26.0,42,0,0
1768228123717188,52931,14550,32.0,36,0,0
1768228123718109,52931,14550,62.0,65,0,0
1768228123718847,52931,14550,49.0,27,0,0
1768228123719868,52931,14550,44.0,116,0,0
1768228123720691,52931,14550,42.0,129,0,0
1768228123721377,52931,14550,34.0,29,0,0
1768228123722215,52931,14550,34.0,137,0,0
1768228123722870,52931,14550,60.0,24,0,0
1768228123724068,52931,14550,53.0,124,0,0
1768228123725097,52931,14550,31.0,2,0,0
1768228123725790,52931,14550,64.0,164,0,0
1768228123726670,52931,14550,24.0,168,0,0
1768228123727523,52931,14550,42.0,136,0,0
1768228123728327,52931,14550,42.0,193,0,0
1768228123729096,52931,14550,48.0,32,0,0
1768228123730059,52931,14550,40.0,241,0,0
1768228123730741,52931,14550,70.0,87,0,0
1768228123731743,52931,14550,61.0,147,0,0
1768228123732759,52931,14550,64.0,11030,0,0
1768228123960463,52931,14550,48.0,163,0,0
1768228123962346,52931,14550,44.0,178,0,0
1768228123964237,52931,14550,48.0,30,0,0
1768228123966888,52931,14550,48.0,33,0,0
1768228123968419,52931,14550,39.0,74,0,0
1768228123971654,52931,14550,51.0,1,0,0
1768228123976328,52931,14550,22.0,125,0,0
1768228123981865,52931,14550,27.0,152,0,0
1768228123983272,52931,14550,45.0,62,0,0
1768228123985588,52931,14550,26.0,42,0,0
1768228123988668,52931,14550,32.0,36,0,0
1768228123990592,52931,14550,62.0,65,0,0
1768228123992399,52931,14550,49.0,27,0,0
1768228123993968,52931,14550,44.0,116,0,0
1768228123996413,52931,14550,42.0,129,0,0
1768228123998015,52931,14550,34.0,29,0,0
1768228124002291,52931,14550,34.0,137,0,0
1768228124005178,52931,14550,60.0,24,0,0
1768228124007178,52931,14550,53.0,124,0,0
1768228124011119,52931,14550,31.0,2,0,0
1768228124013307,52931,14550,64.0,164,0,0
1768228124015061,52931,14550,24.0,168,0,0
1768228124017482,52931,14550,42.0,136,0,0
1768228124019725,52931,14550,42.0,193,0,0
1768228124022873,52931,14550,48.0,32,0,0
1768228124024663,52931,14550,40.0,241,0,0
1768228124026041,52931,14550,70.0,87,0,0
1768228124031098,52931,14550,61.0,147,0,0
1768228124032840,52931,14550,64.0,11030,0,0
1768228124124176,5760,58419,,264,1,0
1768228124125202,52931,14550,47.0,264,0,0
1768228124212395,52931,14550,48.0,163,0,0
1768228124215411,52931,14550,44.0,178,0,0
1768228124216773,52931,14550,48.0,30,0,0
1768228124219002,52931,14550,48.0,33,0,0
1768228124220577,52931,14550,39.0,74,0,0
1768228124223813,52931,14550,51.0,1,0,0
1768228124226074,52931,14550,22.0,125,0,0
1768228124228209,52931,14550,27.0,152,0,0
1768228124229749,52931,14550,45.0,62,0,0
1768228124232523,52931,14550,26.0,42,0,0
1768228124234669,52931,14550,32.0,36,0,0
1768228124236086,52931,14550,62.0,65,0,0
1768228124237662,52931,14550,49.0,27,0,0
1768228124239156,52931,14550,44.0,116,0,0
1768228124240426,52931,14550,42.0,129,0,0
1768228124242045,52931,14550,34.0,29,0,0
1768228124243500,52931,14550,34.0,137,0,0
1768228124244860,52931,14550,60.0,24,0,0
1768228124247088,52931,14550,53.0,124,0,0
1768228124248526,52931,14550,31.0,2,0,0
1768228124249974,52931,14550,64.0,164,0,0
1768228124251192,52931,14550,24.0,168,0,0
1768228124252576,52931,14550,42.0,136,0,0
1768228124254036,52931,14550,42.0,193,0,0
1768228124255976,52931,14550,48.0,32,0,0
1768228124257262,52931,14550,40.0,241,0,0
1768228124258824,52931,14550,70.0,87,0,0
1768228124260316,52931,14550,61.0,147,0,0
1768228124262058,52931,14550,64.0,11030,0,0
1768228124343005,58419,5760,,0,1,0
1768228124461144,52931,14550,48.0,163,0,0
1768228124464124,52931,14550,44.0,178,0,0
1768228124465777,52931,14550,48.0,30,0,0
1768228124468979,52931,14550,48.0,33,0,0
1768228124470809,52931,14550,39.0,74,0,0
1768228124475400,52931,14550,51.0,1,0,0
1768228124481902,52931,14550,22.0,125,0,0
1768228124484719,52931,14550,27.0,152,0,0
1768228124486310,52931,14550,45.0,62,0,0
1768228124489816,52931,14550,26.0,42,0,0
1768228124496429,52931,14550,32.0,36,0,0
1768228124498517,52931,14550,62.0,65,0,0
1768228124501222,52931,14550,49.0,27,0,0
1768228124503387,52931,14550,44.0,116,0,0
1768228124507678,52931,14550,42.0,129,0,0
1768228124508933,52931,14550,34.0,29,0,0
1768228124510939,52931,14550,34.0,137,0,0
1768228124512687,52931,14550,60.0,24,0,0
1768228124516158,52931,14550,53.0,124,0,0
1768228124518367,52931,14550,31.0,2,0,0
1768228124520269,52931,14550,64.0,164,0,0
1768228124522569,52931,14550,24.0,168,0,0
1768228124524598,52931,14550,42.0,136,0,0
1768228124526421,52931,14550,42.0,193,0,0
1768228124527886,52931,14550,48.0,32,0,0
1768228124529274,52931,14550,40.0,241,0,0
1768228124531652,5760,58419,,0,1,0
1768228124533079,52931,14550,70.0,87,0,0
1768228124535957,52931,14550,61.0,147,0,0
1768228124538384,52931,14550,64.0,11030,0,0
1768228124542077,52931,14550,29.0,0,0,0
1768228124629230,5760,58419,,264,1,0
1768228124630721,52931,14550,47.0,264,0,0
1768228124711615,52931,14550,48.0,163,0,0
1768228124713543,52931,14550,44.0,178,0,0
1768228124715291,52931,14550,48.0,30,0,0
1768228124719738,52931,14550,48.0,33,0,0
1768228124721693,52931,14550,39.0,74,0,0
1768228124724574,52931,14550,51.0,1,0,0
1768228124727413,52931,14550,22.0,125,0,0
1768228124729742,52931,14550,27.0,152,0,0
1768228124731250,52931,14550,45.0,62,0,0
1768228124733109,52931,14550,26.0,42,0,0
1768228124735709,52931,14550,32.0,36,0,0
1768228124737330,52931,14550,62.0,65,0,0
1768228124738929,52931,14550,49.0,27,0,0
1768228124740400,52931,14550,44.0,116,0,0
1768228124741858,52931,14550,42.0,129,0,0
1768228124743126,52931,14550,34.0,29,0,0
1768228124744367,52931,14550,34.0,137,0,0
1768228124746382,52931,14550,60.0,24,0,0
1768228124748327,52931,14550,53.0,124,0,0
1768228124750308,52931,14550,31.0,2,0,0
1768228124751494,52931,14550,64.0,164,0,0
1768228124752744,52931,14550,24.0,168,0,0
1768228124754396,52931,14550,42.0,136,0,0
1768228124755848,52931,14550,42.0,193,0,0
1768228124757280,52931,14550,48.0,32,0,0
1768228124758632,52931,14550,40.0,241,0,0
1768228124759872,52931,14550,70.0,87,0,0
1768228124762239,52931,14550,61.0,147,0,0
1768228124765357,52931,14550,64.0,11030,0,0
1768228124961950,52931,14550,48.0,163,0,0
1768228124964382,52931,14550,44.0,178,0,0
1768228124968248,52931,14550,48.0,30,0,0
1768228124971679,52931,14550,48.0,33,0,0
1768228124974474,52931,14550,39.0,74,0,0
1768228124982302,52931,14550,51.0,1,0,0
1768228124991504,52931,14550,22.0,125,0,0
1768228124994052,52931,14550,27.0,152,0,0
1768228124995978,52931,14550,45.0,62,0,0
1768228124999431,52931,14550,26.0,42,0,0
1768228125001546,52931,14550,32.0,36,0,0
1768228125003333,52931,14550,62.0,65,0,0
1768228125005166,52931,14550,49.0,27,0,0
1768228125007040,52931,14550,44.0,116,0,0
1768228125008645,52931,14550,42.0,129,0,0
1768228125010158,52931,14550,34.0,29,0,0
1768228125011434,52931,14550,34.0,137,0,0
1768228125013903,52931,14550,60.0,24,0,0
1768228125015559,52931,14550,53.0,124,0,0
1768228125018659,52931,14550,31.0,2,0,0
1768228125020076,52931,14550,64.0,164,0,0
1768228125021316,52931,14550,24.0,168,0,0
1768228125023228,52931,14550,42.0,136,0,0
1768228125024868,52931,14550,42.0,193,0,0
1768228125027906,52931,14550,48.0,32,0,0
1768228125030959,52931,14550,40.0,241,0,0
1768228125033501,52931,14550,70.0,87,0,0
1768228125035466,52931,14550,61.0,147,0,0
1768228125037349,52931,14550,64.0,11030,0,0
1768228125131314,5760,58419,,264,1,0
1768228125132315,52931,14550,47.0,264,0,0
1768228125217295,52931,14550,48.0,163,0,0
1768228125222654,52931,14550,44.0,178,0,0
1768228125224395,52931,14550,48.0,30,0,0
1768228125226852,52931,14550,48.0,33,0,0
1768228125228487,52931,14550,39.0,74,0,0
1768228125232537,52931,14550,51.0,1,0,0
1768228125236523,52931,14550,22.0,125,0,0
1768228125238328,52931,14550,27.0,152,0,0
1768228125239898,52931,14550,45.0,62,0,0
1768228125242641,52931,14550,26.0,42,0,0
1768228125244854,52931,14550,32.0,36,0,0
1768228125246208,52931,14550,62.0,65,0,0
1768228125247880,52931,14550,49.0,27,0,0
1768228125250847,52931,14550,44.0,116,0,0
1768228125252480,52931,14550,42.0,129,0,0
1768228125254148,52931,14550,34.0,29,0,0
1768228125255690,52931,14550,34.0,137,0,0
1768228125257094,52931,14550,60.0,24,0,0
1768228125259266,52931,14550,53.0,124,0,0
1768228125261500,52931,14550,31.0,2,0,0
1768228125263037,52931,14550,64.0,164,0,0
1768228125264670,52931,14550,24.0,168,0,0
1768228125266541,52931,14550,42.0,136,0,0
1768228125267949,52931,14550,42.0,193,0,0
1768228125269539,52931,14550,48.0,32,0,0
1768228125271040,52931,14550,40.0,241,0,0
1768228125272426,52931,14550,70.0,87,0,0
1768228125274570,52931,14550,61.0,147,0,0
1768228125275886,52931,14550,64.0,11030,0,0
1768228125345676,58419,5760,,0,1,0
1768228125470238,52931,14550,48.0,163,0,0
1768228125473214,52931,14550,44.0,178,0,0
1768228125474478,52931,14550,48.0,30,0,0
1768228125477122,52931,14550,48.0,33,0,0
1768228125478759,52931,14550,39.0,74,0,0
1768228125484967,52931,14550,51.0,1,0,0
1768228125490708,52931,14550,22.0,125,0,0
1768228125492977,52931,14550,27.0,152,0,0
1768228125494346,52931,14550,45.0,62,0,0
1768228125498946,52931,14550,26.0,42,0,0
1768228125504014,52931,14550,32.0,36,0,0
1768228125508247,52931,14550,62.0,65,0,0
1768228125511112,52931,14550,49.0,27,0,0
1768228125513574,52931,14550,44.0,116,0,0
1768228125516717,52931,14550,42.0,129,0,0
1768228125517989,52931,14550,34.0,29,0,0
1768228125520028,52931,14550,34.0,137,0,0
1768228125521229,52931,14550,60.0,24,0,0
1768228125523811,52931,14550,53.0,124,0,0
1768228125527461,52931,14550,31.0,2,0,0
1768228125529087,52931,14550,64.0,164,0,0
1768228125530995,52931,14550,24.0,168,0,0
1768228125532462,52931,14550,42.0,136,0,0
1768228125533972,52931,14550,42.0,193,0,0
1768228125535994,52931,14550,48.0,32,0,0
1768228125538649,52931,14550,40.0,241,0,0
1768228125541036,52931,14550,70.0,87,0,0
1768228125541706,5760,58419,,0,1,0
1768228125543572,52931,14550,61.0,147,0,0
1768228125547330,52931,14550,64.0,11030,0,0
1768228125550830,52931,14550,29.0,0,0,0
1768228125631054,5760,58419,,264,1,0
1768228125632265,52931,14550,47.0,264,0,0
1768228125717527,52931,14550,48.0,163,0,0
1768228125719631,52931,14550,44.0,178,0,0
1768228125720809,52931,14550,48.0,30,0,0
1768228125723540,52931,14550,48.0,33,0,0
1768228125724911,52931,14550,39.0,74,0,0
1768228125727759,52931,14550,51.0,1,0,0
1768228125730582,52931,14550,22.0,125,0,0
1768228125732263,52931,14550,27.0,152,0,0
1768228125733545,52931,14550,45.0,62,0,0
1768228125735880,52931,14550,26.0,42,0,0
1768228125738153,52931,14550,32.0,36,0,0
1768228125739411,52931,14550,62.0,65,0,0
1768228125740973,52931,14550,49.0,27,0,0
1768228125742444,52931,14550,44.0,116,0,0
1768228125743677,52931,14550,42.0,129,0,0
1768228125745148,52931,14550,34.0,29,0,0
1768228125746391,52931,14550,34.0,137,0,0
1768228125747989,52931,14550,60.0,24,0,0
1768228125750479,52931,14550,53.0,124,0,0
1768228125752222,52931,14550,31.0,2,0,0
1768228125753699,52931,14550,64.0,164,0,0
1768228125755081,52931,14550,24.0,168,0,0
1768228125756704,52931,14550,42.0,136,0,0
1768228125758139,52931,14550,42.0,193,0,0
1768228125759538,52931,14550,48.0,32,0,0
1768228125760787,52931,14550,40.0,241,0,0
1768228125762247,52931,14550,70.0,87,0,0
1768228125764399,52931,14550,61.0,147,0,0
1768228125765962,52931,14550,64.0,11030,0,0
1768228125969876,52931,14550,48.0,163,0,0
1768228125972102,52931,14550,44.0,178,0,0
1768228125974157,52931,14550,48.0,30,0,0
1768228125976912,52931,14550,48.0,33,0,0
1768228125979573,52931,14550,39.0,74,0,0
1768228125985297,52931,14550,51.0,1,0,0
1768228125995817,52931,14550,22.0,125,0,0
1768228125998524,52931,14550,27.0,152,0,0
1768228126000378,52931,14550,45.0,62,0,0
1768228126003922,52931,14550,26.0,42,0,0
1768228126008860,52931,14550,32.0,36,0,0
1768228126011923,52931,14550,62.0,65,0,0
1768228126013470,52931,14550,49.0,27,0,0
1768228126014861,52931,14550,44.0,116,0,0
1768228126019761,52931,14550,42.0,129,0,0
1768228126023303,52931,14550,34.0,29,0,0
1768228126025211,52931,14550,34.0,137,0,0
1768228126027340,52931,14550,60.0,24,0,0
1768228126030340,52931,14550,53.0,124,0,0
1768228126031998,52931,14550,31.0,2,0,0
1768228126033760,52931,14550,64.0,164,0,0
1768228126035081,52931,14550,24.0,168,0,0
1768228126036483,52931,14550,42.0,136,0,0
1768228126038002,52931,14550,42.0,193,0,0
1768228126039496,52931,14550,48.0,32,0,0
1768228126041192,52931,14550,40.0,241,0,0
1768228126042584,52931,14550,70.0,87,0,0
1768228126044023,52931,14550,61.0,147,0,0
1768228126046424,52931,14550,64.0,11030,0,0
1768228126133490,5760,58419,,264,1,0
1768228126134561,52931,14550,47.0,264,0,0
1768228126219552,52931,14550,48.0,163,0,0
1768228126222108,52931,14550,44.0,178,0,0
1768228126224591,52931,14550,48.0,30,0,0
1768228126226840,52931,14550,48.0,33,0,0
1768228126229907,52931,14550,39.0,74,0,0
1768228126234426,52931,14550,51.0,1,0,0
1768228126236713,52931,14550,22.0,125,0,0
1768228126238655,52931,14550,27.0,152,0,0
1768228126239920,52931,14550,45.0,62,0,0
1768228126242395,52931,14550,26.0,42,0,0
1768228126244893,52931,14550,32.0,36,0,0
1768228126246552,52931,14550,62.0,65,0,0
1768228126247912,52931,14550,49.0,27,0,0
1768228126249554,52931,14550,44.0,116,0,0
1768228126251036,52931,14550,42.0,129,0,0
1768228126252409,52931,14550,34.0,29,0,0
1768228126253629,52931,14550,34.0,137,0,0
1768228126255119,52931,14550,60.0,24,0,0
1768228126257352,52931,14550,53.0,124,0,0
1768228126258768,52931,14550,31.0,2,0,0
1768228126259926,52931,14550,64.0,164,0,0
1768228126262040,52931,14550,24.0,168,0,0
1768228126263744,52931,14550,42.0,136,0,0
1768228126264984,52931,14550,42.0,193,0,0
1768228126266534,52931,14550,48.0,32,0,0
1768228126268009,52931,14550,40.0,241,0,0
1768228126269186,52931,14550,70.0,87,0,0
1768228126270605,52931,14550,61.0,147,0,0
1768228126272405,52931,14550,64.0,11030,0,0
1768228126352370,58419,5760,,0,1,0
1768228126475086,52931,14550,48.0,163,0,0
1768228126477348,52931,14550,44.0,178,0,0
1768228126478551,52931,14550,48.0,30,0,0
1768228126480713,52931,14550,48.0,33,0,0
1768228126482077,52931,14550,39.0,74,0,0
1768228126487307,52931,14550,51.0,1,0,0
1768228126492481,52931,14550,22.0,125,0,0
1768228126497019,52931,14550,27.0,152,0,0
1768228126499268,52931,14550,45.0,62,0,0
1768228126503799,52931,14550,26.0,42,0,0
1768228126506616,52931,14550,32.0,36,0,0
1768228126508443,52931,14550,62.0,65,0,0
1768228126509746,52931,14550,49.0,27,0,0
1768228126511472,52931,14550,44.0,116,0,0
1768228126513228,52931,14550,42.0,129,0,0
1768228126515277,52931,14550,34.0,29,0,0
1768228126517007,52931,14550,34.0,137,0,0
1768228126519544,52931,14550,60.0,24,0,0
1768228126528451,52931,14550,53.0,124,0,0
1768228126530936,52931,14550,31.0,2,0,0
1768228126532761,52931,14550,64.0,164,0,0
1768228126534249,52931,14550,24.0,168,0,0
1768228126536372,52931,14550,42.0,136,0,0
1768228126537664,52931,14550,42.0,193,0,0
1768228126539647,52931,14550,48.0,32,0,0
1768228126540840,52931,14550,40.0,241,0,0
1768228126543318,52931,14550,70.0,87,0,0
1768228126543899,5760,58419,,0,1,0
1768228126546555,52931,14550,61.0,147,0,0
1768228126548048,52931,14550,64.0,11030,0,0
1768228126552086,52931,14550,29.0,0,0,0
1768228126636582,5760,58419,,264,1,0
1768228126637760,52931,14550,47.0,264,0,0
1768228126723274,52931,14550,48.0,163,0,0
1768228126725107,52931,14550,44.0,178,0,0
1768228126727000,52931,14550,48.0,30,0,0
1768228126729776,52931,14550,48.0,33,0,0
1768228126732324,52931,14550,39.0,74,0,0
1768228126735993,52931,14550,51.0,1,0,0
1768228126738484,52931,14550,22.0,125,0,0
1768228126740174,52931,14550,27.0,152,0,0
1768228126742109,52931,14550,45.0,62,0,0
1768228126744373,52931,14550,26.0,42,0,0
1768228126746852,52931,14550,32.0,36,0,0
1768228126748109,52931,14550,62.0,65,0,0
1768228126749402,52931,14550,49.0,27,0,0
1768228126750784,52931,14550,44.0,116,0,0
1768228126752290,52931,14550,42.0,129,0,0
1768228126753894,52931,14550,34.0,29,0,0
1768228126755106,52931,14550,34.0,137,0,0
1768228126756242,52931,14550,60.0,24,0,0
1768228126758143,52931,14550,53.0,124,0,0
1768228126759924,52931,14550,31.0,2,0,0
1768228126761674,52931,14550,64.0,164,0,0
1768228126763026,52931,14550,24.0,168,0,0
1768228126764660,52931,14550,42.0,136,0,0
1768228126766476,52931,14550,42.0,193,0,0
1768228126768121,52931,14550,48.0,32,0,0
1768228126769393,52931,14550,40.0,241,0,0
1768228126771026,52931,14550,70.0,87,0,0
1768228126772643,52931,14550,61.0,147,0,0
1768228126774421,52931,14550,64.0,11030,0,0
1768228126976034,52931,14550,48.0,163,0,0
1768228126978533,52931,14550,44.0,178,0,0
1768228126980781,52931,14550,48.0,30,0,0
1768228126984936,52931,14550,48.0,33,0,0
1768228126986596,52931,14550,39.0,74,0,0
1768228126992081,52931,14550,51.0,1,0,0
1768228126996567,52931,14550,22.0,125,0,0
1768228126999325,52931,14550,27.0,152,0,0
1768228127000722,52931,14550,45.0,62,0,0
1768228127004688,52931,14550,26.0,42,0,0
1768228127009922,52931,14550,32.0,36,0,0
1768228127011927,52931,14550,62.0,65,0,0
1768228127013608,52931,14550,49.0,27,0,0
1768228127022007,52931,14550,44.0,116,0,0
1768228127023936,52931,14550,42.0,129,0,0
1768228127026739,52931,14550,34.0,29,0,0
1768228127028333,52931,14550,34.0,137,0,0
1768228127030139,52931,14550,60.0,24,0,0
1768228127032330,52931,14550,53.0,124,0,0
1768228127034464,52931,14550,31.0,2,0,0
1768228127035762,52931,14550,64.0,164,0,0
1768228127036972,52931,14550,24.0,168,0,0
1768228127038616,52931,14550,42.0,136,0,0
1768228127039920,52931,14550,42.0,193,0,0
1768228127041578,52931,14550,48.0,32,0,0
1768228127043079,52931,14550,40.0,241,0,0
1768228127044438,52931,14550,70.0,87,0,0
1768228127046337,52931,14550,61.0,147,0,0
1768228127048478,52931,14550,64.0,11030,0,0
1768228127139793,5760,58419,,264,1,0
1768228127140977,52931,14550,47.0,264,0,0
1768228127224669,52931,14550,48.0,163,0,0
1768228127228817,52931,14550,44.0,178,0,0
1768228127232509,52931,14550,48.0,30,0,0
1768228127234737,52931,14550,48.0,33,0,0
1768228127236750,52931,14550,39.0,74,0,0
1768228127239810,52931,14550,51.0,1,0,0
1768228127242915,52931,14550,22.0,125,0,0
1768228127244793,52931,14550,27.0,152,0,0
1768228127246341,52931,14550,45.0,62,0,0
1768228127249578,52931,14550,26.0,42,0,0
1768228127252312,52931,14550,32.0,36,0,0
1768228127253984,52931,14550,62.0,65,0,0
1768228127255570,52931,14550,49.0,27,0,0
1768228127256829,52931,14550,44.0,116,0,0
1768228127258397,52931,14550,42.0,129,0,0
1768228127259692,52931,14550,34.0,29,0,0
1768228127261276,52931,14550,34.0,137,0,0
1768228127262573,52931,14550,60.0,24,0,0
1768228127264499,52931,14550,53.0,124,0,0
1768228127266882,52931,14550,31.0,2,0,0
1768228127268330,52931,14550,64.0,164,0,0
1768228127269547,52931,14550,24.0,168,0,0
1768228127271167,52931,14550,42.0,136,0,0
1768228127272599,52931,14550,42.0,193,0,0
1768228127274100,52931,14550,48.0,32,0,0
1768228127275356,52931,14550,40.0,241,0,0
1768228127276824,52931,14550,70.0,87,0,0
1768228127278615,52931,14550,61.0,147,0,0
1768228127280025,52931,14550,64.0,11030,0,0
1768228127363197,58419,5760,,0,1,0
1768228127479422,52931,14550,48.0,163,0,0
1768228127482076,52931,14550,44.0,178,0,0
1768228127483807,52931,14550,48.0,30,0,0
1768228127486120,52931,14550,48.0,33,0,0
1768228127487878,52931,14550,39.0,74,0,0
1768228127492727,52931,14550,51.0,1,0,0
1768228127499026,52931,14550,22.0,125,0,0
1768228127501227,52931,14550,27.0,152,0,0
1768228127502481,52931,14550,45.0,62,0,0
1768228127505307,52931,14550,26.0,42,0,0
1768228127507939,52931,14550,32.0,36,0,0
1768228127509785,52931,14550,62.0,65,0,0
1768228127511089,52931,14550,49.0,27,0,0
1768228127512967,52931,14550,44.0,116,0,0
1768228127514901,52931,14550,42.0,129,0,0
1768228127517305,52931,14550,34.0,29,0,0
1768228127518588,52931,14550,34.0,137,0,0
1768228127520016,52931,14550,60.0,24,0,0
1768228127525266,52931,14550,53.0,124,0,0
1768228127527620,52931,14550,31.0,2,0,0
1768228127529202,52931,14550,64.0,164,0,0
1768228127530427,52931,14550,24.0,168,0,0
1768228127532742,52931,14550,42.0,136,0,0
1768228127535213,52931,14550,42.0,193,0,0
1768228127537392,52931,14550,48.0,32,0,0
1768228127539293,52931,14550,40.0,241,0,0
1768228127541107,52931,14550,70.0,87,0,0
1768228127544257,52931,14550,61.0,147,0,0
1768228127546684,52931,14550,64.0,11030,0,0
1768228127549976,5760,58419,,0,1,0
1768228127551630,52931,14550,29.0,0,0,0
1768228127646115,5760,58419,,264,1,0
1768228127647244,52931,14550,47.0,264,0,0
1768228127728517,52931,14550,48.0,163,0,0
1768228127730451,52931,14550,44.0,178,0,0
1768228127731679,52931,14550,48.0,30,0,0
1768228127734621,52931,14550,48.0,33,0,0
1768228127736211,52931,14550,39.0,74,0,0
1768228127740337,52931,14550,51.0,1,0,0
1768228127746760,52931,14550,22.0,125,0,0
1768228127748937,52931,14550,27.0,152,0,0
1768228127750127,52931,14550,45.0,62,0,0
1768228127752398,52931,14550,26.0,42,0,0
1768228127754913,52931,14550,32.0,36,0,0
1768228127756294,52931,14550,62.0,65,0,0
1768228127757678,52931,14550,49.0,27,0,0
1768228127759277,52931,14550,44.0,116,0,0
1768228127760745,52931,14550,42.0,129,0,0
1768228127761996,52931,14550,34.0,29,0,0
1768228127763655,52931,14550,34.0,137,0,0
1768228127765188,52931,14550,60.0,24,0,0
1768228127767585,52931,14550,53.0,124,0,0
1768228127769094,52931,14550,31.0,2,0,0
1768228127770663,52931,14550,64.0,164,0,0
1768228127771955,52931,14550,24.0,168,0,0
1768228127773549,52931,14550,42.0,136,0,0
1768228127775309,52931,14550,42.0,193,0,0
1768228127776903,52931,14550,48.0,32,0,0
1768228127778314,52931,14550,40.0,241,0,0
1768228127779763,52931,14550,70.0,87,0,0
1768228127781902,52931,14550,61.0,147,0,0
1768228127783434,52931,14550,64.0,11030,0,0
1768228127982634,52931,14550,48.0,163,0,0
1768228127984282,52931,14550,44.0,178,0,0
1768228127986434,52931,14550,48.0,30,0,0
1768228127992852,52931,14550,48.0,33,0,0
1768228127994429,52931,14550,39.0,74,0,0
1768228128000389,52931,14550,51.0,1,0,0
1768228128006681,52931,14550,22.0,125,0,0
1768228128009662,52931,14550,27.0,152,0,0
1768228128010974,52931,14550,45.0,62,0,0
1768228128014571,52931,14550,26.0,42,0,0
1768228128018572,52931,14550,32.0,36,0,0
1768228128020374,52931,14550,62.0,65,0,0
1768228128023934,52931,14550,49.0,27,0,0
1768228128027851,52931,14550,44.0,116,0,0
1768228128030722,52931,14550,42.0,129,0,0
1768228128032982,52931,14550,34.0,29,0,0
1768228128035148,52931,14550,34.0,137,0,0
1768228128037118,52931,14550,60.0,24,0,0
1768228128042042,52931,14550,53.0,124,0,0
1768228128045879,52931,14550,31.0,2,0,0
1768228128048199,52931,14550,64.0,164,0,0
1768228128050835,52931,14550,24.0,168,0,0
1768228128053575,52931,14550,42.0,136,0,0
1768228128055995,52931,14550,42.0,193,0,0
1768228128058360,52931,14550,48.0,32,0,0
1768228128059940,52931,14550,40.0,241,0,0
1768228128061536,52931,14550,70.0,87,0,0
1768228128063768,52931,14550,61.0,147,0,0
1768228128066348,52931,14550,64.0,11030,0,0
1768228128145893,5760,58419,,264,1,0
1768228128147171,52931,14550,47.0,264,0,0
1768228128231351,52931,14550,48.0,163,0,0
1768228128233456,52931,14550,44.0,178,0,0
1768228128234665,52931,14550,48.0,30,0,0
1768228128237219,52931,14550,48.0,33,0,0
1768228128238561,52931,14550,39.0,74,0,0
1768228128244437,52931,14550,51.0,1,0,0
1768228128249292,52931,14550,22.0,125,0,0
1768228128251497,52931,14550,27.0,152,0,0
1768228128252863,52931,14550,45.0,62,0,0
1768228128256481,52931,14550,26.0,42,0,0
1768228128260275,52931,14550,32.0,36,0,0
1768228128262222,52931,14550,62.0,65,0,0
1768228128263745,52931,14550,49.0,27,0,0
1768228128265587,52931,14550,44.0,116,0,0
1768228128267649,52931,14550,42.0,129,0,0
1768228128269950,52931,14550,34.0,29,0,0
1768228128271817,52931,14550,34.0,137,0,0
1768228128273036,52931,14550,60.0,24,0,0
1768228128274711,52931,14550,53.0,124,0,0
1768228128277453,52931,14550,31.0,2,0,0
1768228128281000,52931,14550,64.0,164,0,0
1768228128284045,52931,14550,24.0,168,0,0
1768228128285640,52931,14550,42.0,136,0,0
1768228128287123,52931,14550,42.0,193,0,0
1768228128288749,52931,14550,48.0,32,0,0
1768228128290012,52931,14550,40.0,241,0,0
1768228128291523,52931,14550,70.0,87,0,0
1768228128294065,52931,14550,61.0,147,0,0
1768228128295422,52931,14550,64.0,11030,0,0
1768228128364329,58419,5760,,0,1,0
1768228128485850,52931,14550,48.0,163,0,0
1768228128488180,52931,14550,44.0,178,0,0
1768228128490356,52931,14550,48.0,30,0,0
1768228128493755,52931,14550,48.0,33,0,0
1768228128496537,52931,14550,39.0,74,0,0
1768228128502883,52931,14550,51.0,1,0,0
1768228128505980,52931,14550,22.0,125,0,0
1768228128507622,52931,14550,27.0,152,0,0
1768228128508891,52931,14550,45.0,62,0,0
1768228128511007,52931,14550,26.0,42,0,0
1768228128513055,52931,14550,32.0,36,0,0
1768228128514883,52931,14550,62.0,65,0,0
1768228128516831,52931,14550,49.0,27,0,0
1768228128518024,52931,14550,44.0,116,0,0
1768228128519176,52931,14550,42.0,129,0,0
1768228128520369,52931,14550,34.0,29,0,0
1768228128521835,52931,14550,34.0,137,0,0
1768228128523168,52931,14550,60.0,24,0,0
1768228128525238,52931,14550,53.0,124,0,0
1768228128526647,52931,14550,31.0,2,0,0
1768228128528117,52931,14550,64.0,164,0,0
1768228128529453,52931,14550,24.0,168,0,0
1768228128530857,52931,14550,42.0,136,0,0
1768228128533086,52931,14550,42.0,193,0,0
1768228128534538,52931,14550,48.0,32,0,0
1768228128536083,52931,14550,40.0,241,0,0
1768228128537504,52931,14550,70.0,87,0,0
1768228128538928,52931,14550,61.0,147,0,0
1768228128540526,52931,14550,64.0,11030,0,0
1768228128559592,5760,58419,,0,1,0
1768228128560759,52931,14550,29.0,0,0,0
1768228128650123,5760,58419,,264,1,0
1768228128651222,52931,14550,47.0,264,0,0
1768228128736148,52931,14550,48.0,163,0,0
1768228128738834,52931,14550,44.0,178,0,0
1768228128740044,52931,14550,48.0,30,0,0
1768228128743168,52931,14550,48.0,33,0,0
1768228128745491,52931,14550,39.0,74,0,0
1768228128748821,52931,14550,51.0,1,0,0
1768228128751108,52931,14550,22.0,125,0,0
1768228128752989,52931,14550,27.0,152,0,0
1768228128754243,52931,14550,45.0,62,0,0
1768228128756761,52931,14550,26.0,42,0,0
1768228128759047,52931,14550,32.0,36,0,0
1768228128760305,52931,14550,62.0,65,0,0
1768228128761942,52931,14550,49.0,27,0,0
1768228128763220,52931,14550,44.0,116,0,0
1768228128764617,52931,14550,42.0,129,0,0
1768228128766160,52931,14550,34.0,29,0,0
1768228128767384,52931,14550,34.0,137,0,0
1768228128769081,52931,14550,60.0,24,0,0
1768228128771156,52931,14550,53.0,124,0,0
1768228128773309,52931,14550,31.0,2,0,0
1768228128774765,52931,14550,64.0,164,0,0
1768228128776307,52931,14550,24.0,168,0,0
1768228128778015,52931,14550,42.0,136,0,0
1768228128779342,52931,14550,42.0,193,0,0
1768228128781002,52931,14550,48.0,32,0,0
1768228128782925,52931,14550,40.0,241,0,0
1768228128784757,52931,14550,70.0,87,0,0
1768228128786518,52931,14550,61.0,147,0,0
1768228128788299,52931,14550,64.0,11030,0,0
1768228128990594,52931,14550,48.0,163,0,0
1768228128992954,52931,14550,44.0,178,0,0
1768228128994716,52931,14550,48.0,30,0,0
1768228128996942,52931,14550,48.0,33,0,0
1768228128999218,52931,14550,39.0,74,0,0
1768228129003991,52931,14550,51.0,1,0,0
1768228129013059,52931,14550,22.0,125,0,0
1768228129017056,52931,14550,27.0,152,0,0
1768228129019522,52931,14550,45.0,62,0,0
1768228129023553,52931,14550,26.0,42,0,0
1768228129025919,52931,14550,32.0,36,0,0
1768228129028630,52931,14550,62.0,65,0,0
1768228129031132,52931,14550,49.0,27,0,0
1768228129035069,52931,14550,44.0,116,0,0
1768228129037299,52931,14550,42.0,129,0,0
1768228129038899,52931,14550,34.0,29,0,0
1768228129040446,52931,14550,34.0,137,0,0
1768228129042067,52931,14550,60.0,24,0,0
1768228129044283,52931,14550,53.0,124,0,0
1768228129045790,52931,14550,31.0,2,0,0
1768228129047099,52931,14550,64.0,164,0,0
1768228129048389,52931,14550,24.0,168,0,0
1768228129050774,52931,14550,42.0,136,0,0
1768228129052124,52931,14550,42.0,193,0,0
1768228129053856,52931,14550,48.0,32,0,0
1768228129055136,52931,14550,40.0,241,0,0
1768228129056743,52931,14550,70.0,87,0,0
1768228129058351,52931,14550,61.0,147,0,0
1768228129060118,52931,14550,64.0,11030,0,0
1768228129150921,5760,58419,,264,1,0
1768228129151975,52931,14550,47.0,264,0,0
1768228129237732,52931,14550,48.0,163,0,0
1768228129240997,52931,14550,44.0,178,0,0
1768228129242618,52931,14550,48.0,30,0,0
1768228129245406,52931,14550,48.0,33,0,0
1768228129246805,52931,14550,39.0,74,0,0
1768228129250612,52931,14550,51.0,1,0,0
1768228129257010,52931,14550,22.0,125,0,0
1768228129258913,52931,14550,27.0,152,0,0
1768228129260125,52931,14550,45.0,62,0,0
1768228129262623,52931,14550,26.0,42,0,0
1768228129264519,52931,14550,32.0,36,0,0
1768228129266136,52931,14550,62.0,65,0,0
1768228129267807,52931,14550,49.0,27,0,0
1768228129269063,52931,14550,44.0,116,0,0
1768228129270575,52931,14550,42.0,129,0,0
1768228129271983,52931,14550,34.0,29,0,0
1768228129273454,52931,14550,34.0,137,0,0
1768228129274837,52931,14550,60.0,24,0,0
1768228129276575,52931,14550,53.0,124,0,0
1768228129278666,52931,14550,31.0,2,0,0
1768228129280149,52931,14550,64.0,164,0,0
1768228129281723,52931,14550,24.0,168,0,0
1768228129283138,52931,14550,42.0,136,0,0
1768228129284622,52931,14550,42.0,193,0,0
1768228129286068,52931,14550,48.0,32,0,0
1768228129287558,52931,14550,40.0,241,0,0
1768228129288890,52931,14550,70.0,87,0,0
1768228129290928,52931,14550,61.0,147,0,0
1768228129292309,52931,14550,64.0,11030,0,0
1768228129373551,58419,5760,,0,1,0
1768228129489418,52931,14550,48.0,163,0,0
1768228129491770,52931,14550,44.0,178,0,0
1768228129493711,52931,14550,48.0,30,0,0
1768228129496346,52931,14550,48.0,33,0,0
1768228129499259,52931,14550,39.0,74,0,0
1768228129505581,52931,14550,51.0,1,0,0
1768228129510733,52931,14550,22.0,125,0,0
1768228129513067,52931,14550,27.0,152,0,0
1768228129515420,52931,14550,45.0,62,0,0
1768228129519818,52931,14550,26.0,42,0,0
1768228129526121,52931,14550,32.0,36,0,0
1768228129528943,52931,14550,62.0,65,0,0
1768228129530725,52931,14550,49.0,27,0,0
1768228129532722,52931,14550,44.0,116,0,0
1768228129533973,52931,14550,42.0,129,0,0
1768228129535763,52931,14550,34.0,29,0,0
1768228129537277,52931,14550,34.0,137,0,0
1768228129538959,52931,14550,60.0,24,0,0
1768228129540967,52931,14550,53.0,124,0,0
1768228129542505,52931,14550,31.0,2,0,0
1768228129544627,52931,14550,64.0,164,0,0
1768228129545839,52931,14550,24.0,168,0,0
1768228129547480,52931,14550,42.0,136,0,0
1768228129548794,52931,14550,42.0,193,0,0
1768228129550146,52931,14550,48.0,32,0,0
1768228129552139,52931,14550,40.0,241,0,0
1768228129553655,52931,14550,70.0,87,0,0
1768228129555360,52931,14550,61.0,147,0,0
1768228129557213,52931,14550,64.0,11030,0,0
1768228129564010,5760,58419,,0,1,0
1768228129565066,52931,14550,29.0,0,0,0
1768228129658700,5760,58419,,264,1,0
1768228129659607,52931,14550,47.0,264,0,0
1768228129742347,52931,14550,48.0,163,0,0
1768228129744162,52931,14550,44.0,178,0,0
1768228129744865,52931,14550,48.0,30,0,0
1768228129746702,52931,14550,48.0,33,0,0
1768228129747659,52931,14550,39.0,74,0,0
1768228129750085,52931,14550,51.0,1,0,0
1768228129751346,52931,14550,22.0,125,0,0
1768228129752361,52931,14550,27.0,152,0,0
1768228129753257,52931,14550,45.0,62,0,0
1768228129754286,52931,14550,26.0,42,0,0
1768228129755637,52931,14550,32.0,36,0,0
1768228129756587,52931,14550,62.0,65,0,0
1768228129757488,52931,14550,49.0,27,0,0
1768228129758271,52931,14550,44.0,116,0,0
1768228129759011,52931,14550,42.0,129,0,0
1768228129759864,52931,14550,34.0,29,0,0
1768228129760533,52931,14550,34.0,137,0,0
1768228129761503,52931,14550,60.0,24,0,0
1768228129762527,52931,14550,53.0,124,0,0
1768228129763536,52931,14550,31.0,2,0,0
1768228129764444,52931,14550,64.0,164,0,0
1768228129765152,52931,14550,24.0,168,0,0
1768228129766041,52931,14550,42.0,136,0,0
1768228129766792,52931,14550,42.0,193,0,0
1768228129767753,52931,14550,48.0,32,0,0
1768228129768687,52931,14550,40.0,241,0,0
1768228129769501,52931,14550,70.0,87,0,0
1768228129770661,52931,14550,61.0,147,0,0
1768228129771449,52931,14550,64.0,11030,0,0
1768228129988365,52931,14550,45.0,22,0,0
1768228129991151,52931,14550,45.0,22,0,0
1768228129993827,52931,14550,45.0,22,0,0
1768228129998986,52931,14550,48.0,163,0,0
1768228130002905,52931,14550,44.0,178,0,0
1768228130005397,52931,14550,48.0,30,0,0
1768228130007879,52931,14550,48.0,33,0,0
1768228130010567,52931,14550,39.0,74,0,0
1768228130014416,52931,14550,51.0,1,0,0
1768228130021593,52931,14550,22.0,125,0,0
1768228130023915,52931,14550,27.0,152,0,0
1768228130025180,52931,14550,45.0,62,0,0
1768228130029638,52931,14550,26.0,42,0,0
1768228130032175,52931,14550,32.0,36,0,0
1768228130036219,52931,14550,62.0,65,0,0
1768228130037577,52931,14550,49.0,27,0,0
1768228130039324,52931,14550,44.0,116,0,0
1768228130041672,52931,14550,42.0,129,0,0
1768228130043126,52931,14550,34.0,29,0,0
1768228130044777,52931,14550,34.0,137,0,0
1768228130047555,52931,14550,60.0,24,0,0
1768228130050512,52931,14550,53.0,124,0,0
1768228130053415,52931,14550,31.0,2,0,0
1768228130054646,52931,14550,64.0,164,0,0
1768228130060804,52931,14550,24.0,168,0,0
1768228130063254,52931,14550,42.0,136,0,0
1768228130066972,52931,14550,42.0,193,0,0
1768228130068803,52931,14550,48.0,32,0,0
1768228130070715,52931,14550,40.0,241,0,0
1768228130072691,52931,14550,70.0,87,0,0
1768228130075543,52931,14550,61.0,147,0,0
1768228130077734,52931,14550,64.0,11030,0,0
1768228130156352,5760,58419,,264,1,0
1768228130157425,52931,14550,47.0,264,0,0
1768228130247381,52931,14550,48.0,163,0,0
1768228130250604,52931,14550,44.0,178,0,0
1768228130254687,52931,14550,48.0,30,0,0
1768228130258711,52931,14550,48.0,33,0,0
1768228130262261,52931,14550,39.0,74,0,0
1768228130266496,52931,14550,51.0,1,0,0
1768228130271511,52931,14550,22.0,125,0,0
1768228130274678,52931,14550,27.0,152,0,0
1768228130276172,52931,14550,45.0,62,0,0
1768228130278503,52931,14550,26.0,42,0,0
1768228130281261,52931,14550,32.0,36,0,0
1768228130283216,52931,14550,62.0,65,0,0
1768228130284842,52931,14550,49.0,27,0,0
1768228130286573,52931,14550,44.0,116,0,0
1768228130287924,52931,14550,42.0,129,0,0
1768228130289249,52931,14550,34.0,29,0,0
1768228130290679,52931,14550,34.0,137,0,0
1768228130291990,52931,14550,60.0,24,0,0
1768228130294129,52931,14550,53.0,124,0,0
1768228130295927,52931,14550,31.0,2,0,0
1768228130297358,52931,14550,64.0,164,0,0
1768228130298613,52931,14550,24.0,168,0,0
1768228130300392,52931,14550,42.0,136,0,0
1768228130302048,52931,14550,42.0,193,0,0
1768228130303903,52931,14550,48.0,32,0,0
1768228130305142,52931,14550,40.0,241,0,0
1768228130306607,52931,14550,70.0,87,0,0
1768228130308607,52931,14550,61.0,147,0,0
1768228130310530,52931,14550,64.0,11030,0,0
1768228130380535,58419,5760,,0,1,0
1768228130494788,52931,14550,48.0,163,0,0
1768228130497418,52931,14550,44.0,178,0,0
1768228130500063,52931,14550,48.0,30,0,0
1768228130503588,52931,14550,48.0,33,0,0
1768228130505840,52931,14550,39.0,74,0,0
1768228130511693,52931,14550,51.0,1,0,0
1768228130517776,52931,14550,22.0,125,0,0
1768228130520437,52931,14550,27.0,152,0,0
1768228130523747,52931,14550,45.0,62,0,0
1768228130529041,52931,14550,26.0,42,0,0
1768228130532102,52931,14550,32.0,36,0,0
1768228130534898,52931,14550,62.0,65,0,0
1768228130537931,52931,14550,49.0,27,0,0
1768228130539729,52931,14550,44.0,116,0,0
1768228130542157,52931,14550,42.0,129,0,0
1768228130544507,52931,14550,34.0,29,0,0
1768228130546255,52931,14550,34.0,137,0,0
1768228130547680,52931,14550,60.0,24,0,0
1768228130551679,52931,14550,53.0,124,0,0
1768228130554925,52931,14550,31.0,2,0,0
1768228130557293,52931,14550,64.0,164,0,0
1768228130558796,52931,14550,24.0,168,0,0
1768228130560177,52931,14550,42.0,136,0,0
1768228130561641,52931,14550,42.0,193,0,0
1768228130563055,52931,14550,48.0,32,0,0
1768228130565153,52931,14550,40.0,241,0,0
1768228130566408,5760,58419,,0,1,0
1768228130567375,52931,14550,70.0,87,0,0
1768228130568927,52931,14550,61.0,147,0,0
1768228130570952,52931,14550,64.0,11030,0,0
1768228130573245,52931,14550,29.0,0,0,0
1768228130659810,5760,58419,,264,1,0
1768228130661068,52931,14550,47.0,264,0,0
1768228130745514,52931,14550,48.0,163,0,0
1768228130747531,52931,14550,44.0,178,0,0
1768228130749114,52931,14550,48.0,30,0,0
1768228130751341,52931,14550,48.0,33,0,0
1768228130753875,52931,14550,39.0,74,0,0
1768228130757397,52931,14550,51.0,1,0,0
1768228130760807,52931,14550,22.0,125,0,0
1768228130763429,52931,14550,27.0,152,0,0
1768228130764955,52931,14550,45.0,62,0,0
1768228130767193,52931,14550,26.0,42,0,0
1768228130769610,52931,14550,32.0,36,0,0
1768228130770817,52931,14550,62.0,65,0,0
1768228130772435,52931,14550,49.0,27,0,0
1768228130774014,52931,14550,44.0,116,0,0
1768228130775258,52931,14550,42.0,129,0,0
1768228130776845,52931,14550,34.0,29,0,0
1768228130778082,52931,14550,34.0,137,0,0
1768228130779865,52931,14550,60.0,24,0,0
1768228130781712,52931,14550,53.0,124,0,0
1768228130783830,52931,14550,31.0,2,0,0
1768228130785511,52931,14550,64.0,164,0,0
1768228130786725,52931,14550,24.0,168,0,0
1768228130788305,52931,14550,42.0,136,0,0
1768228130789766,52931,14550,42.0,193,0,0
1768228130791468,52931,14550,48.0,32,0,0
1768228130792682,52931,14550,40.0,241,0,0
1768228130794162,52931,14550,70.0,87,0,0
1768228130795725,52931,14550,61.0,147,0,0
1768228130796963,52931,14550,64.0,11030,0,0
1768228130996000,52931,14550,48.0,163,0,0
1768228130998743,52931,14550,44.0,178,0,0
1768228131003142,52931,14550,48.0,30,0,0
1768228131005479,52931,14550,48.0,33,0,0
1768228131006836,52931,14550,39.0,74,0,0
1768228131011839,52931,14550,51.0,1,0,0
1768228131016315,52931,14550,22.0,125,0,0
1768228131018513,52931,14550,27.0,152,0,0
1768228131019763,52931,14550,45.0,62,0,0
1768228131025027,52931,14550,26.0,42,0,0
1768228131029587,52931,14550,32.0,36,0,0
1768228131031219,52931,14550,62.0,65,0,0
1768228131032758,52931,14550,49.0,27,0,0
1768228131035063,52931,14550,44.0,116,0,0
1768228131036923,52931,14550,42.0,129,0,0
1768228131038116,52931,14550,34.0,29,0,0
1768228131040527,52931,14550,34.0,137,0,0
1768228131046424,52931,14550,60.0,24,0,0
1768228131049788,52931,14550,53.0,124,0,0
1768228131052889,52931,14550,31.0,2,0,0
1768228131054519,52931,14550,64.0,164,0,0
1768228131056375,52931,14550,24.0,168,0,0
1768228131058354,52931,14550,42.0,136,0,0
1768228131059873,52931,14550,42.0,193,0,0
1768228131061492,52931,14550,48.0,32,0,0
1768228131064077,52931,14550,40.0,241,0,0
1768228131065822,52931,14550,70.0,87,0,0
1768228131068730,52931,14550,61.0,147,0,0
1768228131071275,52931,14550,64.0,11030,0,0
1768228131161877,5760,58419,,264,1,0
1768228131163077,52931,14550,47.0,264,0,0
1768228131248662,52931,14550,48.0,163,0,0
1768228131252089,52931,14550,44.0,178,0,0
1768228131255022,52931,14550,48.0,30,0,0
1768228131257176,52931,14550,48.0,33,0,0
1768228131258892,52931,14550,39.0,74,0,0
1768228131263047,52931,14550,51.0,1,0,0
1768228131265647,52931,14550,22.0,125,0,0
1768228131267276,52931,14550,27.0,152,0,0
1768228131268486,52931,14550,45.0,62,0,0
1768228131270675,52931,14550,26.0,42,0,0
1768228131273727,52931,14550,32.0,36,0,0
1768228131275136,52931,14550,62.0,65,0,0
1768228131276664,52931,14550,49.0,27,0,0
1768228131277888,52931,14550,44.0,116,0,0
1768228131279085,52931,14550,42.0,129,0,0
1768228131280552,52931,14550,34.0,29,0,0
1768228131282057,52931,14550,34.0,137,0,0
1768228131283638,52931,14550,60.0,24,0,0
1768228131285528,52931,14550,53.0,124,0,0
1768228131287414,52931,14550,31.0,2,0,0
1768228131289211,52931,14550,64.0,164,0,0
1768228131290934,52931,14550,24.0,168,0,0
1768228131292313,52931,14550,42.0,136,0,0
1768228131293810,52931,14550,42.0,193,0,0
1768228131295230,52931,14550,48.0,32,0,0
1768228131296804,52931,14550,40.0,241,0,0
1768228131298502,52931,14550,70.0,87,0,0
1768228131299981,52931,14550,61.0,147,0,0
1768228131301299,52931,14550,64.0,11030,0,0
1768228131382773,58419,5760,,0,1,0
1768228131503938,52931,14550,48.0,163,0,0
1768228131509065,52931,14550,44.0,178,0,0
1768228131510321,52931,14550,48.0,30,0,0
1768228131512470,52931,14550,48.0,33,0,0
1768228131513792,52931,14550,39.0,74,0,0
1768228131519615,52931,14550,51.0,1,0,0
1768228131526420,52931,14550,22.0,125,0,0
1768228131528594,52931,14550,27.0,152,0,0
1768228131531875,52931,14550,45.0,62,0,0
1768228131535093,52931,14550,26.0,42,0,0
1768228131539767,52931,14550,32.0,36,0,0
1768228131541438,52931,14550,62.0,65,0,0
1768228131543495,52931,14550,49.0,27,0,0
1768228131545424,52931,14550,44.0,116,0,0
1768228131547906,52931,14550,42.0,129,0,0
1768228131549781,52931,14550,34.0,29,0,0
1768228131551166,52931,14550,34.0,137,0,0
1768228131552890,52931,14550,60.0,24,0,0
1768228131555241,52931,14550,53.0,124,0,0
1768228131558343,52931,14550,31.0,2,0,0
1768228131561235,52931,14550,64.0,164,0,0
1768228131563115,52931,14550,24.0,168,0,0
1768228131564661,52931,14550,42.0,136,0,0
1768228131566404,52931,14550,42.0,193,0,0
1768228131569131,52931,14550,48.0,32,0,0
1768228131571601,5760,58419,,0,1,0
1768228131572326,52931,14550,40.0,241,0,0
1768228131576097,52931,14550,70.0,87,0,0
1768228131577668,52931,14550,61.0,147,0,0
1768228131580271,52931,14550,64.0,11030,0,0
1768228131582507,52931,14550,29.0,0,0,0
1768228131664661,5760,58419,,264,1,0
1768228131666063,52931,14550,47.0,264,0,0
1768228131752315,52931,14550,48.0,163,0,0
1768228131754084,52931,14550,44.0,178,0,0
1768228131755958,52931,14550,48.0,30,0,0
1768228131758129,52931,14550,48.0,33,0,0
1768228131761206,52931,14550,39.0,74,0,0
1768228131766939,52931,14550,51.0,1,0,0
1768228131769831,52931,14550,22.0,125,0,0
1768228131771656,52931,14550,27.0,152,0,0
1768228131772961,52931,14550,45.0,62,0,0
1768228131775738,52931,14550,26.0,42,0,0
1768228131778233,52931,14550,32.0,36,0,0
1768228131779823,52931,14550,62.0,65,0,0
1768228131781165,52931,14550,49.0,27,0,0
1768228131782347,52931,14550,44.0,116,0,0
1768228131783834,52931,14550,42.0,129,0,0
1768228131785041,52931,14550,34.0,29,0,0
1768228131786204,52931,14550,34.0,137,0,0
1768228131787774,52931,14550,60.0,24,0,0
1768228131789668,52931,14550,53.0,124,0,0
1768228131791231,52931,14550,31.0,2,0,0
1768228131793308,52931,14550,64.0,164,0,0
1768228131794748,52931,14550,24.0,168,0,0
1768228131796136,52931,14550,42.0,136,0,0
1768228131797600,52931,14550,42.0,193,0,0
1768228131799051,52931,14550,48.0,32,0,0
1768228131800639,52931,14550,40.0,241,0,0
1768228131802449,52931,14550,70.0,87,0,0
1768228131804646,52931,14550,61.0,147,0,0
1768228131806049,52931,14550,64.0,11030,0,0
1768228132003412,52931,14550,48.0,163,0,0
1768228132007029,52931,14550,44.0,178,0,0
1768228132008272,52931,14550,48.0,30,0,0
1768228132010431,52931,14550,48.0,33,0,0
1768228132011819,52931,14550,39.0,74,0,0
1768228132016512,52931,14550,51.0,1,0,0
1768228132021444,52931,14550,22.0,125,0,0
1768228132026567,52931,14550,27.0,152,0,0
1768228132028645,52931,14550,45.0,62,0,0
1768228132032986,52931,14550,26.0,42,0,0
1768228132036945,52931,14550,32.0,36,0,0
1768228132038604,52931,14550,62.0,65,0,0
1768228132039967,52931,14550,49.0,27,0,0
1768228132042408,52931,14550,44.0,116,0,0
1768228132045238,52931,14550,42.0,129,0,0
1768228132047007,52931,14550,34.0,29,0,0
1768228132051442,52931,14550,34.0,137,0,0
1768228132054215,52931,14550,60.0,24,0,0
1768228132058143,52931,14550,53.0,124,0,0
1768228132061309,52931,14550,31.0,2,0,0
1768228132063699,52931,14550,64.0,164,0,0
1768228132066484,52931,14550,24.0,168,0,0
1768228132069647,52931,14550,42.0,136,0,0
1768228132071046,52931,14550,42.0,193,0,0
1768228132074201,52931,14550,48.0,32,0,0
1768228132078027,52931,14550,40.0,241,0,0
1768228132081295,52931,14550,70.0,87,0,0
1768228132083203,52931,14550,61.0,147,0,0
1768228132085342,52931,14550,64.0,11030,0,0
1768228132170390,5760,58419,,264,1,0
1768228132171395,52931,14550,47.0,264,0,0
1768228132257200,52931,14550,48.0,163,0,0
1768228132259863,52931,14550,44.0,178,0,0
1768228132261873,52931,14550,48.0,30,0,0
1768228132264216,52931,14550,48.0,33,0,0
1768228132265660,52931,14550,39.0,74,0,0
1768228132271383,52931,14550,51.0,1,0,0
1768228132275883,52931,14550,22.0,125,0,0
1768228132277690,52931,14550,27.0,152,0,0
1768228132278884,52931,14550,43.0,62,0,0
1768228132281349,52931,14550,26.0,42,0,0
1768228132284071,52931,14550,32.0,36,0,0
1768228132285474,52931,14550,62.0,65,0,0
1768228132287049,52931,14550,49.0,27,0,0
1768228132288487,52931,14550,44.0,116,0,0
1768228132289988,52931,14550,42.0,129,0,0
1768228132291287,52931,14550,34.0,29,0,0
1768228132292546,52931,14550,34.0,137,0,0
1768228132293931,52931,14550,60.0,24,0,0
1768228132296009,52931,14550,53.0,124,0,0
1768228132297777,52931,14550,31.0,2,0,0
1768228132299655,52931,14550,64.0,164,0,0
1768228132301148,52931,14550,24.0,168,0,0
1768228132302521,52931,14550,42.0,136,0,0
1768228132303859,52931,14550,42.0,193,0,0
1768228132305584,52931,14550,48.0,32,0,0
1768228132306783,52931,14550,40.0,241,0,0
1768228132308331,52931,14550,70.0,87,0,0
1768228132310528,52931,14550,61.0,147,0,0
1768228132311817,52931,14550,64.0,11030,0,0
1768228132314207,52931,14550,21.0,46,0,0
1768228132315916,52931,14550,40.0,253,0,0
1768228132317426,52931,14550,35.0,253,0,0
1768228132386896,58419,5760,,0,1,0
1768228132510333,52931,14550,48.0,163,0,0
1768228132512133,52931,14550,44.0,178,0,0
1768228132515407,52931,14550,48.0,30,0,0
1768228132517809,52931,14550,48.0,33,0,0
1768228132519580,52931,14550,39.0,74,0,0
1768228132524822,52931,14550,51.0,1,0,0
1768228132527321,52931,14550,22.0,125,0,0
1768228132529374,52931,14550,27.0,152,0,0
1768228132530661,52931,14550,45.0,62,0,0
1768228132532792,52931,14550,26.0,42,0,0
1768228132535666,52931,14550,32.0,36,0,0
1768228132537102,52931,14550,62.0,65,0,0
1768228132538506,52931,14550,49.0,27,0,0
1768228132539912,52931,14550,44.0,116,0,0
1768228132541479,52931,14550,42.0,129,0,0
1768228132542820,52931,14550,34.0,29,0,0
1768228132544145,52931,14550,34.0,137,0,0
1768228132545680,52931,14550,60.0,24,0,0
1768228132547921,52931,14550,53.0,124,0,0
1768228132549890,52931,14550,31.0,2,0,0
1768228132551231,52931,14550,64.0,164,0,0
1768228132552730,52931,14550,24.0,168,0,0
1768228132554467,52931,14550,42.0,136,0,0
1768228132555621,52931,14550,42.0,193,0,0
1768228132557101,52931,14550,48.0,32,0,0
1768228132558310,52931,14550,40.0,241,0,0
1768228132559514,52931,14550,70.0,87,0,0
1768228132561643,52931,14550,61.0,147,0,0
1768228132563344,52931,14550,64.0,11030,0,0
1768228132577897,5760,58419,,0,1,0
1768228132578989,52931,14550,29.0,0,0,0
1768228132675273,5760,58419,,264,1,0
1768228132676305,52931,14550,47.0,264,0,0
1768228132761880,52931,14550,48.0,163,0,0
1768228132763824,52931,14550,44.0,178,0,0
1768228132765514,52931,14550,48.0,30,0,0
1768228132768860,52931,14550,48.0,33,0,0
1768228132770576,52931,14550,39.0,74,0,0
1768228132774883,52931,14550,51.0,1,0,0
1768228132779126,52931,14550,22.0,125,0,0
1768228132782162,52931,14550,27.0,152,0,0
1768228132784071,52931,14550,45.0,62,0,0
1768228132788297,52931,14550,26.0,42,0,0
1768228132790115,52931,14550,32.0,36,0,0
1768228132791506,52931,14550,62.0,65,0,0
1768228132793056,52931,14550,49.0,27,0,0
1768228132794706,52931,14550,44.0,116,0,0
1768228132796337,52931,14550,42.0,129,0,0
1768228132797707,52931,14550,34.0,29,0,0
1768228132799356,52931,14550,34.0,137,0,0
1768228132800856,52931,14550,60.0,24,0,0
1768228132802810,52931,14550,53.0,124,0,0
1768228132804286,52931,14550,31.0,2,0,0
1768228132805737,52931,14550,64.0,164,0,0
1768228132807294,52931,14550,24.0,168,0,0
1768228132808642,52931,14550,42.0,136,0,0
1768228132810178,52931,14550,42.0,193,0,0
1768228132811636,52931,14550,48.0,32,0,0
1768228132812963,52931,14550,40.0,241,0,0
1768228132814471,52931,14550,70.0,87,0,0
1768228132816256,52931,14550,61.0,147,0,0
1768228132818110,52931,14550,64.0,11030,0,0
1768228133010049,52931,14550,48.0,163,0,0
1768228133012455,52931,14550,44.0,178,0,0
1768228133014468,52931,14550,48.0,30,0,0
1768228133017212,52931,14550,48.0,33,0,0
1768228133018862,52931,14550,39.0,74,0,0
1768228133024211,52931,14550,51.0,1,0,0
1768228133031623,52931,14550,22.0,125,0,0
1768228133036504,52931,14550,27.0,152,0,0
1768228133037866,52931,14550,45.0,62,0,0
1768228133041507,52931,14550,26.0,42,0,0
1768228133044746,52931,14550,32.0,36,0,0
1768228133047201,52931,14550,62.0,65,0,0
1768228133049904,52931,14550,49.0,27,0,0
1768228133053990,52931,14550,44.0,116,0,0
1768228133057575,52931,14550,42.0,129,0,0
1768228133059417,52931,14550,34.0,29,0,0
1768228133063248,52931,14550,34.0,137,0,0
1768228133065225,52931,14550,60.0,24,0,0
1768228133068299,52931,14550,53.0,124,0,0
1768228133070875,52931,14550,31.0,2,0,0
1768228133072409,52931,14550,64.0,164,0,0
1768228133074460,52931,14550,24.0,168,0,0
1768228133076357,52931,14550,42.0,136,0,0
1768228133077613,52931,14550,42.0,193,0,0
1768228133079426,52931,14550,48.0,32,0,0
1768228133081466,52931,14550,40.0,241,0,0
1768228133083426,52931,14550,70.0,87,0,0
1768228133085596,52931,14550,61.0,147,0,0
1768228133087101,52931,14550,64.0,11030,0,0
1768228133175927,5760,58419,,264,1,0
1768228133176985,52931,14550,47.0,264,0,0
1768228133260335,52931,14550,48.0,163,0,0
1768228133262051,52931,14550,44.0,178,0,0
1768228133264389,52931,14550,48.0,30,0,0
1768228133269723,52931,14550,48.0,33,0,0
1768228133271367,52931,14550,39.0,74,0,0
1768228133275621,52931,14550,51.0,1,0,0
1768228133278536,52931,14550,22.0,125,0,0
1768228133280741,52931,14550,27.0,152,0,0
1768228133283157,52931,14550,45.0,62,0,0
1768228133285381,52931,14550,26.0,42,0,0
1768228133287830,52931,14550,32.0,36,0,0
1768228133289071,52931,14550,62.0,65,0,0
1768228133290347,52931,14550,49.0,27,0,0
1768228133291796,52931,14550,44.0,116,0,0
1768228133293126,52931,14550,42.0,129,0,0
1768228133294969,52931,14550,34.0,29,0,0
1768228133297359,52931,14550,34.0,137,0,0
1768228133298742,52931,14550,60.0,24,0,0
1768228133300721,52931,14550,53.0,124,0,0
1768228133302342,52931,14550,31.0,2,0,0
1768228133304163,52931,14550,64.0,164,0,0
1768228133305540,52931,14550,24.0,168,0,0
1768228133306902,52931,14550,42.0,136,0,0
1768228133308553,52931,14550,42.0,193,0,0
1768228133310398,52931,14550,48.0,32,0,0
1768228133311837,52931,14550,40.0,241,0,0
1768228133313492,52931,14550,70.0,87,0,0
1768228133315372,52931,14550,61.0,147,0,0
1768228133316940,52931,14550,64.0,11030,0,0
1768228133387283,58419,5760,,0,1,0
1768228133515661,52931,14550,48.0,163,0,0
1768228133518298,52931,14550,44.0,178,0,0
1768228133521817,52931,14550,48.0,30,0,0
1768228133524546,52931,14550,48.0,33,0,0
1768228133526868,52931,14550,39.0,74,0,0
1768228133531668,52931,14550,51.0,1,0,0
1768228133537203,52931,14550,22.0,125,0,0
1768228133539733,52931,14550,27.0,152,0,0
1768228133542429,52931,14550,45.0,62,0,0
1768228133546326,52931,14550,26.0,42,0,0
1768228133549381,52931,14550,32.0,36,0,0
1768228133552435,52931,14550,62.0,65,0,0
1768228133554173,52931,14550,49.0,27,0,0
1768228133556714,52931,14550,44.0,116,0,0
1768228133558719,52931,14550,42.0,129,0,0
1768228133560343,52931,14550,34.0,29,0,0
1768228133561871,52931,14550,34.0,137,0,0
1768228133564933,52931,14550,60.0,24,0,0
1768228133571329,52931,14550,53.0,124,0,0
1768228133574161,52931,14550,31.0,2,0,0
1768228133575377,52931,14550,64.0,164,0,0
1768228133579330,52931,14550,24.0,168,0,0
1768228133580933,52931,14550,42.0,136,0,0
1768228133582592,52931,14550,42.0,193,0,0
1768228133584338,52931,14550,48.0,32,0,0
1768228133585580,5760,58419,,0,1,0
1768228133586004,52931,14550,40.0,241,0,0
1768228133587529,52931,14550,70.0,87,0,0
1768228133589617,52931,14550,61.0,147,0,0
1768228133590904,52931,14550,64.0,11030,0,0
1768228133593412,52931,14550,29.0,0,0,0
1768228133623063,5760,58419,,111,1,0
1768228133624121,52931,14550,33.0,111,0,0
1768228133680306,5760,58419,,264,1,0
1768228133682390,52931,14550,47.0,264,0,0
1768228133768553,52931,14550,48.0,163,0,0
1768228133770603,52931,14550,44.0,178,0,0
1768228133772459,52931,14550,48.0,30,0,0
1768228133775045,52931,14550,48.0,33,0,0
1768228133776628,52931,14550,39.0,74,0,0
1768228133781148,52931,14550,51.0,1,0,0
1768228133788085,52931,14550,22.0,125,0,0
1768228133790416,52931,14550,27.0,152,0,0
1768228133791934,52931,14550,45.0,62,0,0
1768228133794271,52931,14550,26.0,42,0,0
1768228133798374,52931,14550,32.0,36,0,0
1768228133800787,52931,14550,62.0,65,0,0
1768228133803238,52931,14550,49.0,27,0,0
1768228133804762,52931,14550,44.0,116,0,0
1768228133806120,52931,14550,42.0,129,0,0
1768228133807447,52931,14550,34.0,29,0,0
1768228133808821,52931,14550,34.0,137,0,0
1768228133810145,52931,14550,60.0,24,0,0
1768228133812067,52931,14550,53.0,124,0,0
1768228133813959,52931,14550,31.0,2,0,0
1768228133815646,52931,14550,64.0,164,0,0
1768228133816988,52931,14550,24.0,168,0,0
1768228133818716,52931,14550,42.0,136,0,0
1768228133820095,52931,14550,42.0,193,0,0
1768228133821550,52931,14550,48.0,32,0,0
1768228133823030,52931,14550,40.0,241,0,0
1768228133824337,52931,14550,70.0,87,0,0
1768228133826151,52931,14550,61.0,147,0,0
1768228133828007,52931,14550,64.0,11030,0,0
1768228134018871,52931,14550,48.0,163,0,0
1768228134021092,52931,14550,44.0,178,0,0
1768228134023212,52931,14550,48.0,30,0,0
1768228134030874,52931,14550,48.0,33,0,0
1768228134033198,52931,14550,39.0,74,0,0
1768228134041261,52931,14550,51.0,1,0,0
1768228134046901,52931,14550,22.0,125,0,0
1768228134049844,52931,14550,27.0,152,0,0
1768228134051750,52931,14550,45.0,62,0,0
1768228134054075,52931,14550,26.0,42,0,0
1768228134056838,52931,14550,32.0,36,0,0
1768228134058686,52931,14550,62.0,65,0,0
1768228134060978,52931,14550,49.0,27,0,0
1768228134062316,52931,14550,44.0,116,0,0
1768228134063901,52931,14550,42.0,129,0,0
1768228134065673,52931,14550,34.0,29,0,0
1768228134067201,52931,14550,34.0,137,0,0
1768228134069979,52931,14550,60.0,24,0,0
1768228134072271,52931,14550,53.0,124,0,0
1768228134074617,52931,14550,31.0,2,0,0
1768228134076440,52931,14550,64.0,164,0,0
1768228134078160,52931,14550,24.0,168,0,0
1768228134080324,52931,14550,42.0,136,0,0
1768228134082266,52931,14550,42.0,193,0,0
1768228134084243,52931,14550,48.0,32,0,0
1768228134086227,52931,14550,40.0,241,0,0
1768228134087711,52931,14550,70.0,87,0,0
1768228134089467,52931,14550,61.0,147,0,0
1768228134090767,52931,14550,64.0,11030,0,0
1768228134184354,5760,58419,,264,1,0
1768228134185687,52931,14550,47.0,264,0,0
1768228134269834,52931,14550,48.0,163,0,0
1768228134271484,52931,14550,44.0,178,0,0
1768228134274054,52931,14550,48.0,30,0,0
1768228134276536,52931,14550,48.0,33,0,0
1768228134281138,52931,14550,39.0,74,0,0
1768228134285708,52931,14550,51.0,1,0,0
1768228134288342,52931,14550,22.0,125,0,0
1768228134290089,52931,14550,27.0,152,0,0
1768228134291340,52931,14550,45.0,62,0,0
1768228134293933,52931,14550,26.0,42,0,0
1768228134297573,52931,14550,32.0,36,0,0
1768228134299393,52931,14550,62.0,65,0,0
1768228134301220,52931,14550,49.0,27,0,0
1768228134302854,52931,14550,44.0,116,0,0
1768228134304337,52931,14550,42.0,129,0,0
1768228134305682,52931,14550,34.0,29,0,0
1768228134306912,52931,14550,34.0,137,0,0
1768228134308491,52931,14550,60.0,24,0,0
1768228134310428,52931,14550,53.0,124,0,0
1768228134312609,52931,14550,31.0,2,0,0
1768228134313857,52931,14550,64.0,164,0,0
1768228134315366,52931,14550,24.0,168,0,0
1768228134316987,52931,14550,42.0,136,0,0
1768228134318431,52931,14550,42.0,193,0,0
1768228134320125,52931,14550,48.0,32,0,0
1768228134322013,52931,14550,40.0,241,0,0
1768228134323431,52931,14550,70.0,87,0,0
1768228134325015,52931,14550,61.0,147,0,0
1768228134326244,52931,14550,64.0,11030,0,0
1768228134396975,58419,5760,,0,1,0
1768228134520634,52931,14550,48.0,163,0,0
1768228134523163,52931,14550,44.0,178,0,0
1768228134524424,52931,14550,48.0,30,0,0
1768228134526966,52931,14550,48.0,33,0,0
1768228134528955,52931,14550,39.0,74,0,0
1768228134534425,52931,14550,51.0,1,0,0
1768228134539930,52931,14550,22.0,125,0,0
1768228134542204,52931,14550,27.0,152,0,0
1768228134545256,52931,14550,45.0,62,0,0
1768228134549573,52931,14550,26.0,42,0,0
1768228134553184,52931,14550,32.0,36,0,0
1768228134554411,52931,14550,62.0,65,0,0
1768228134556254,52931,14550,49.0,27,0,0
1768228134558660,52931,14550,44.0,116,0,0
1768228134560042,52931,14550,42.0,129,0,0
1768228134561888,52931,14550,34.0,29,0,0
1768228134563669,52931,14550,34.0,137,0,0
1768228134565286,52931,14550,60.0,24,0,0
1768228134567118,52931,14550,53.0,124,0,0
1768228134569858,52931,14550,31.0,2,0,0
1768228134571995,52931,14550,64.0,164,0,0
1768228134573210,52931,14550,24.0,168,0,0
1768228134579197,52931,14550,42.0,136,0,0
1768228134580426,52931,14550,42.0,193,0,0
1768228134582608,52931,14550,48.0,32,0,0
1768228134584949,52931,14550,40.0,241,0,0
1768228134586463,52931,14550,70.0,87,0,0
1768228134588766,52931,14550,61.0,147,0,0
1768228134590155,52931,14550,64.0,11030,0,0
1768228134591373,5760,58419,,0,1,0
1768228134594869,52931,14550,29.0,0,0,0
1768228134685477,5760,58419,,264,1,0
1768228134686854,52931,14550,47.0,264,0,0
1768228134771092,52931,14550,48.0,163,0,0
1768228134773435,52931,14550,44.0,178,0,0
1768228134775116,52931,14550,48.0,30,0,0
1768228134779051,52931,14550,48.0,33,0,0
1768228134780797,52931,14550,39.0,74,0,0
1768228134783951,52931,14550,51.0,1,0,0
1768228134786520,52931,14550,22.0,125,0,0
1768228134788335,52931,14550,27.0,152,0,0
1768228134789598,52931,14550,45.0,62,0,0
1768228134791748,52931,14550,26.0,42,0,0
1768228134794091,52931,14550,32.0,36,0,0
1768228134795653,52931,14550,62.0,65,0,0
1768228134797339,52931,14550,49.0,27,0,0
1768228134799010,52931,14550,44.0,116,0,0
1768228134800273,52931,14550,42.0,129,0,0
1768228134801960,52931,14550,34.0,29,0,0
1768228134803190,52931,14550,34.0,137,0,0
1768228134804528,52931,14550,60.0,24,0,0
1768228134806582,52931,14550,53.0,124,0,0
1768228134808317,52931,14550,31.0,2,0,0
1768228134809780,52931,14550,64.0,164,0,0
1768228134811145,52931,14550,24.0,168,0,0
1768228134812653,52931,14550,42.0,136,0,0
1768228134814117,52931,14550,42.0,193,0,0
1768228134815482,52931,14550,48.0,32,0,0
1768228134816984,52931,14550,40.0,241,0,0
1768228134818519,52931,14550,70.0,87,0,0
1768228134820409,52931,14550,61.0,147,0,0
1768228134822033,52931,14550,64.0,11030,0,0
1768228135024845,52931,14550,48.0,163,0,0
1768228135028166,52931,14550,44.0,178,0,0
1768228135029415,52931,14550,48.0,30,0,0
1768228135031860,52931,14550,48.0,33,0,0
1768228135034382,52931,14550,39.0,74,0,0
1768228135038579,52931,14550,51.0,1,0,0
1768228135044032,52931,14550,22.0,125,0,0
1768228135048758,52931,14550,27.0,152,0,0
1768228135051257,52931,14550,45.0,62,0,0
1768228135053453,52931,14550,26.0,42,0,0
1768228135058653,52931,14550,32.0,36,0,0
1768228135062317,52931,14550,62.0,65,0,0
1768228135063739,52931,14550,49.0,27,0,0
1768228135066654,52931,14550,44.0,116,0,0
1768228135069613,52931,14550,42.0,129,0,0
1768228135072602,52931,14550,34.0,29,0,0
1768228135075185,52931,14550,34.0,137,0,0
1768228135077406,52931,14550,60.0,24,0,0
1768228135081083,52931,14550,53.0,124,0,0
1768228135083406,52931,14550,31.0,2,0,0
1768228135085353,52931,14550,64.0,164,0,0
1768228135087531,52931,14550,24.0,168,0,0
1768228135090011,52931,14550,42.0,136,0,0
1768228135091387,52931,14550,42.0,193,0,0
1768228135094458,52931,14550,48.0,32,0,0
1768228135097191,52931,14550,40.0,241,0,0
1768228135101024,52931,14550,70.0,87,0,0
1768228135104854,52931,14550,61.0,147,0,0
1768228135107709,52931,14550,64.0,11030,0,0
1768228135189376,5760,58419,,264,1,0
1768228135190795,52931,14550,47.0,264,0,0
1768228135276491,52931,14550,48.0,163,0,0
1768228135280007,52931,14550,44.0,178,0,0
1768228135283034,52931,14550,48.0,30,0,0
1768228135285703,52931,14550,48.0,33,0,0
1768228135287077,52931,14550,39.0,74,0,0
1768228135290258,52931,14550,51.0,1,0,0
1768228135292495,52931,14550,22.0,125,0,0
1768228135294999,52931,14550,27.0,152,0,0
1768228135296355,52931,14550,45.0,62,0,0
1768228135298531,52931,14550,26.0,42,0,0
1768228135301396,52931,14550,32.0,36,0,0
1768228135302997,52931,14550,62.0,65,0,0
1768228135304266,52931,14550,49.0,27,0,0
1768228135305803,52931,14550,44.0,116,0,0
1768228135307142,52931,14550,42.0,129,0,0
1768228135308696,52931,14550,34.0,29,0,0
1768228135310220,52931,14550,34.0,137,0,0
1768228135311522,52931,14550,60.0,24,0,0
1768228135313265,52931,14550,53.0,124,0,0
1768228135315091,52931,14550,31.0,2,0,0
1768228135316876,52931,14550,64.0,164,0,0
1768228135318423,52931,14550,24.0,168,0,0
1768228135320940,52931,14550,42.0,136,0,0
1768228135322284,52931,14550,42.0,193,0,0
1768228135323611,52931,14550,48.0,32,0,0
1768228135324771,52931,14550,40.0,241,0,0
1768228135326371,52931,14550,70.0,87,0,0
1768228135328244,52931,14550,61.0,147,0,0
1768228135329640,52931,14550,64.0,11030,0,0
1768228135399300,58419,5760,,0,1,0
1768228135525146,52931,14550,48.0,163,0,0
1768228135526746,52931,14550,44.0,178,0,0
1768228135529552,52931,14550,48.0,30,0,0
1768228135532474,52931,14550,48.0,33,0,0
1768228135534591,52931,14550,39.0,74,0,0
1768228135540734,52931,14550,51.0,1,0,0
1768228135546080,52931,14550,22.0,125,0,0
1768228135548418,52931,14550,27.0,152,0,0
1768228135550904,52931,14550,45.0,62,0,0
1768228135553857,52931,14550,26.0,42,0,0
1768228135558557,52931,14550,32.0,36,0,0
1768228135562307,52931,14550,62.0,65,0,0
1768228135563714,52931,14550,49.0,27,0,0
1768228135565988,52931,14550,44.0,116,0,0
1768228135569394,52931,14550,42.0,129,0,0
1768228135572503,52931,14550,34.0,29,0,0
1768228135575067,52931,14550,34.0,137,0,0
1768228135576823,52931,14550,60.0,24,0,0
1768228135579126,52931,14550,53.0,124,0,0
1768228135581424,52931,14550,31.0,2,0,0
1768228135584058,52931,14550,64.0,164,0,0
1768228135586407,52931,14550,24.0,168,0,0
1768228135588574,52931,14550,42.0,136,0,0
1768228135590072,52931,14550,42.0,193,0,0
1768228135592898,52931,14550,48.0,32,0,0
1768228135595793,52931,14550,40.0,241,0,0
1768228135597192,52931,14550,70.0,87,0,0
1768228135599222,52931,14550,61.0,147,0,0
1768228135599998,5760,58419,,0,1,0
1768228135601996,52931,14550,64.0,11030,0,0
1768228135607498,52931,14550,29.0,0,0,0
1768228135693272,5760,58419,,264,1,0
1768228135694838,52931,14550,47.0,264,0,0
1768228135778589,52931,14550,48.0,163,0,0
1768228135781103,52931,14550,44.0,178,0,0
1768228135782793,52931,14550,48.0,30,0,0
1768228135785962,52931,14550,48.0,33,0,0
1768228135789193,52931,14550,39.0,74,0,0
1768228135795459,52931,14550,51.0,1,0,0
1768228135797904,52931,14550,22.0,125,0,0
1768228135799452,52931,14550,27.0,152,0,0
1768228135801006,52931,14550,45.0,62,0,0
1768228135803564,52931,14550,26.0,42,0,0
1768228135805488,52931,14550,32.0,36,0,0
1768228135807134,52931,14550,62.0,65,0,0
1768228135808481,52931,14550,49.0,27,0,0
1768228135810038,52931,14550,44.0,116,0,0
1768228135811514,52931,14550,42.0,129,0,0
1768228135812771,52931,14550,34.0,29,0,0
1768228135814263,52931,14550,34.0,137,0,0
1768228135815767,52931,14550,60.0,24,0,0
1768228135817660,52931,14550,53.0,124,0,0
1768228135819805,52931,14550,31.0,2,0,0
1768228135821257,52931,14550,64.0,164,0,0
1768228135822727,52931,14550,24.0,168,0,0
1768228135824255,52931,14550,42.0,136,0,0
1768228135825801,52931,14550,42.0,193,0,0
1768228135827505,52931,14550,48.0,32,0,0
1768228135828914,52931,14550,40.0,241,0,0
1768228135830428,52931,14550,70.0,87,0,0
1768228135831882,52931,14550,61.0,147,0,0
1768228135833537,52931,14550,64.0,11030,0,0
1768228136031274,52931,14550,48.0,163,0,0
1768228136033029,52931,14550,44.0,178,0,0
1768228136034823,52931,14550,48.0,30,0,0
1768228136038461,52931,14550,48.0,33,0,0
1768228136040336,52931,14550,39.0,74,0,0
1768228136043394,52931,14550,51.0,1,0,0
1768228136048411,52931,14550,22.0,125,0,0
1768228136051634,52931,14550,27.0,152,0,0
1768228136054580,52931,14550,45.0,62,0,0
1768228136058517,52931,14550,26.0,42,0,0
1768228136060643,52931,14550,32.0,36,0,0
1768228136062084,52931,14550,62.0,65,0,0
1768228136064825,52931,14550,49.0,27,0,0
1768228136066662,52931,14550,44.0,116,0,0
1768228136068974,52931,14550,42.0,129,0,0
1768228136071647,52931,14550,34.0,29,0,0
1768228136073457,52931,14550,34.0,137,0,0
1768228136074729,52931,14550,60.0,24,0,0
1768228136079049,52931,14550,53.0,124,0,0
1768228136081734,52931,14550,31.0,2,0,0
1768228136085627,52931,14550,64.0,164,0,0
1768228136087897,52931,14550,24.0,168,0,0
1768228136090254,52931,14550,42.0,136,0,0
1768228136092249,52931,14550,42.0,193,0,0
1768228136094562,52931,14550,48.0,32,0,0
1768228136097217,52931,14550,40.0,241,0,0
1768228136102439,52931,14550,70.0,87,0,0
1768228136103967,52931,14550,61.0,147,0,0
1768228136105157,52931,14550,64.0,11030,0,0
1768228136194593,5760,58419,,264,1,0
1768228136195639,52931,14550,47.0,264,0,0
1768228136282829,52931,14550,48.0,163,0,0
1768228136284919,52931,14550,44.0,178,0,0
1768228136287249,52931,14550,48.0,30,0,0
1768228136291930,52931,14550,48.0,33,0,0
1768228136293705,52931,14550,39.0,74,0,0
1768228136296456,52931,14550,51.0,1,0,0
1768228136298891,52931,14550,22.0,125,0,0
1768228136300791,52931,14550,27.0,152,0,0
1768228136302332,52931,14550,45.0,62,0,0
1768228136304799,52931,14550,26.0,42,0,0
1768228136306606,52931,14550,32.0,36,0,0
1768228136307850,52931,14550,62.0,65,0,0
1768228136309841,52931,14550,49.0,27,0,0
1768228136311919,52931,14550,44.0,116,0,0
1768228136313270,52931,14550,42.0,129,0,0
1768228136315073,52931,14550,34.0,29,0,0
1768228136316532,52931,14550,34.0,137,0,0
1768228136317773,52931,14550,60.0,24,0,0
1768228136319704,52931,14550,53.0,124,0,0
1768228136322120,52931,14550,31.0,2,0,0
1768228136323337,52931,14550,64.0,164,0,0
1768228136324904,52931,14550,24.0,168,0,0
1768228136326239,52931,14550,42.0,136,0,0
1768228136327435,52931,14550,42.0,193,0,0
1768228136329095,52931,14550,48.0,32,0,0
1768228136330842,52931,14550,40.0,241,0,0
1768228136332301,52931,14550,70.0,87,0,0
1768228136334305,52931,14550,61.0,147,0,0
1768228136335752,52931,14550,64.0,11030,0,0
1768228136404908,58419,5760,,0,1,0
1768228136532191,52931,14550,48.0,163,0,0
1768228136533859,52931,14550,44.0,178,0,0
1768228136536307,52931,14550,48.0,30,0,0
1768228136538815,52931,14550,48.0,33,0,0
1768228136540900,52931,14550,39.0,74,0,0
1768228136545559,52931,14550,51.0,1,0,0
1768228136554207,52931,14550,22.0,125,0,0
1768228136557507,52931,14550,27.0,152,0,0
1768228136559130,52931,14550,45.0,62,0,0
1768228136564513,52931,14550,26.0,42,0,0
1768228136568288,52931,14550,32.0,36,0,0
1768228136569519,52931,14550,62.0,65,0,0
1768228136571837,52931,14550,49.0,27,0,0
1768228136573612,52931,14550,44.0,116,0,0
1768228136575849,52931,14550,42.0,129,0,0
1768228136577141,52931,14550,34.0,29,0,0
1768228136578843,52931,14550,34.0,137,0,0
1768228136581164,52931,14550,60.0,24,0,0
1768228136585207,52931,14550,53.0,124,0,0
1768228136587806,52931,14550,31.0,2,0,0
1768228136589597,52931,14550,64.0,164,0,0
1768228136590872,52931,14550,24.0,168,0,0
1768228136592742,52931,14550,42.0,136,0,0
1768228136595132,52931,14550,42.0,193,0,0
1768228136598163,52931,14550,48.0,32,0,0
1768228136600075,52931,14550,40.0,241,0,0
1768228136601312,52931,14550,70.0,87,0,0
1768228136601341,5760,58419,,0,1,0
1768228136603374,52931,14550,61.0,147,0,0
1768228136604644,52931,14550,64.0,11030,0,0
1768228136610597,52931,14550,29.0,0,0,0
1768228136694270,5760,58419,,264,1,0
1768228136695582,52931,14550,47.0,264,0,0
1768228136781269,52931,14550,48.0,163,0,0
1768228136783827,52931,14550,44.0,178,0,0
1768228136785305,52931,14550,48.0,30,0,0
1768228136788621,52931,14550,48.0,33,0,0
1768228136790240,52931,14550,39.0,74,0,0
1768228136793686,52931,14550,51.0,1,0,0
1768228136797430,52931,14550,22.0,125,0,0
1768228136799253,52931,14550,27.0,152,0,0
1768228136800581,52931,14550,45.0,62,0,0
1768228136802641,52931,14550,26.0,42,0,0
1768228136804718,52931,14550,32.0,36,0,0
1768228136806787,52931,14550,62.0,65,0,0
1768228136808450,52931,14550,49.0,27,0,0
1768228136809963,52931,14550,44.0,116,0,0
1768228136811480,52931,14550,42.0,129,0,0
1768228136812960,52931,14550,34.0,29,0,0
1768228136814314,52931,14550,34.0,137,0,0
1768228136815819,52931,14550,60.0,24,0,0
1768228136817855,52931,14550,53.0,124,0,0
1768228136820172,52931,14550,31.0,2,0,0
1768228136821352,52931,14550,64.0,164,0,0
1768228136822804,52931,14550,24.0,168,0,0
1768228136824219,52931,14550,42.0,136,0,0
1768228136825728,52931,14550,42.0,193,0,0
1768228136827241,52931,14550,48.0,32,0,0
1768228136828556,52931,14550,40.0,241,0,0
1768228136829805,52931,14550,70.0,87,0,0
1768228136831540,52931,14550,61.0,147,0,0
1768228136833384,52931,14550,64.0,11030,0,0
1768228137037344,52931,14550,48.0,163,0,0
1768228137039864,52931,14550,44.0,178,0,0
1768228137041655,52931,14550,48.0,30,0,0
1768228137045181,52931,14550,48.0,33,0,0
1768228137047578,52931,14550,39.0,74,0,0
1768228137052529,52931,14550,51.0,1,0,0
1768228137060012,52931,14550,22.0,125,0,0
1768228137063666,52931,14550,27.0,152,0,0
1768228137065851,52931,14550,45.0,62,0,0
1768228137068451,52931,14550,26.0,42,0,0
1768228137070746,52931,14550,32.0,36,0,0
1768228137073074,52931,14550,62.0,65,0,0
1768228137074515,52931,14550,49.0,27,0,0
1768228137078487,52931,14550,44.0,116,0,0
1768228137083085,52931,14550,42.0,129,0,0
1768228137086700,52931,14550,34.0,29,0,0
1768228137088218,52931,14550,34.0,137,0,0
1768228137093260,52931,14550,60.0,24,0,0
1768228137097475,52931,14550,53.0,124,0,0
1768228137099406,52931,14550,31.0,2,0,0
1768228137100733,52931,14550,64.0,164,0,0
1768228137102654,52931,14550,24.0,168,0,0
1768228137104079,52931,14550,42.0,136,0,0
1768228137106350,52931,14550,42.0,193,0,0
1768228137110126,52931,14550,48.0,32,0,0
1768228137112162,52931,14550,40.0,241,0,0
1768228137115105,52931,14550,70.0,87,0,0
1768228137116946,52931,14550,61.0,147,0,0
1768228137118626,52931,14550,64.0,11030,0,0
1768228137200846,5760,58419,,264,1,0
1768228137201909,52931,14550,47.0,264,0,0
1768228137286584,52931,14550,48.0,163,0,0
1768228137288302,52931,14550,44.0,178,0,0
1768228137289966,52931,14550,48.0,30,0,0
1768228137292281,52931,14550,48.0,33,0,0
1768228137294868,52931,14550,39.0,74,0,0
1768228137301163,52931,14550,51.0,1,0,0
1768228137307043,52931,14550,22.0,125,0,0
1768228137309704,52931,14550,27.0,152,0,0
1768228137311248,52931,14550,45.0,62,0,0
1768228137313773,52931,14550,26.0,42,0,0
1768228137315574,52931,14550,32.0,36,0,0
1768228137316926,52931,14550,62.0,65,0,0
1768228137318369,52931,14550,49.0,27,0,0
1768228137319778,52931,14550,44.0,116,0,0
1768228137321301,52931,14550,42.0,129,0,0
1768228137322605,52931,14550,34.0,29,0,0
1768228137324177,52931,14550,34.0,137,0,0
1768228137325665,52931,14550,60.0,24,0,0
1768228137327374,52931,14550,53.0,124,0,0
1768228137329245,52931,14550,31.0,2,0,0
1768228137330457,52931,14550,64.0,164,0,0
1768228137331751,52931,14550,24.0,168,0,0
1768228137333404,52931,14550,42.0,136,0,0
1768228137334629,52931,14550,42.0,193,0,0
1768228137336294,52931,14550,48.0,32,0,0
1768228137337499,52931,14550,40.0,241,0,0
1768228137338747,52931,14550,70.0,87,0,0
1768228137340534,52931,14550,61.0,147,0,0
1768228137342401,52931,14550,64.0,11030,0,0
1768228137412537,58419,5760,,0,1,0
1768228137459230,58419,5760,,66,1,0
1768228137539011,52931,14550,48.0,163,0,0
1768228137540695,52931,14550,44.0,178,0,0
1768228137542501,52931,14550,48.0,30,0,0
1768228137545119,52931,14550,48.0,33,0,0
1768228137548159,52931,14550,39.0,74,0,0
1768228137551782,52931,14550,51.0,1,0,0
1768228137559451,52931,14550,22.0,125,0,0
1768228137561497,52931,14550,27.0,152,0,0
1768228137564139,52931,14550,45.0,62,0,0
1768228137570275,52931,14550,26.0,42,0,0
1768228137574440,52931,14550,32.0,36,0,0
1768228137575720,52931,14550,62.0,65,0,0
1768228137578922,52931,14550,49.0,27,0,0
1768228137580153,52931,14550,44.0,116,0,0
1768228137582003,52931,14550,42.0,129,0,0
1768228137584316,52931,14550,34.0,29,0,0
1768228137585968,52931,14550,34.0,137,0,0
1768228137588653,52931,14550,60.0,24,0,0
1768228137591293,52931,14550,53.0,124,0,0
1768228137593461,52931,14550,31.0,2,0,0
1768228137594729,52931,14550,64.0,164,0,0
1768228137596123,52931,14550,24.0,168,0,0
1768228137598101,52931,14550,42.0,136,0,0
1768228137599297,52931,14550,42.0,193,0,0
1768228137600678,52931,14550,48.0,32,0,0
1768228137602219,52931,14550,40.0,241,0,0
1768228137603515,52931,14550,70.0,87,0,0
1768228137604980,52931,14550,61.0,147,0,0
1768228137606520,52931,14550,64.0,11030,0,0
1768228137607466,5760,58419,,0,1,0
1768228137609230,52931,14550,29.0,0,0,0
1768228137702589,5760,58419,,264,1,0
1768228137703467,52931,14550,47.0,264,0,0
1768228137790400,52931,14550,48.0,163,0,0
1768228137791703,52931,14550,44.0,178,0,0
1768228137792385,52931,14550,48.0,30,0,0
1768228137793718,52931,14550,48.0,33,0,0
1768228137795023,52931,14550,39.0,74,0,0
1768228137796723,52931,14550,51.0,1,0,0
1768228137800311,52931,14550,22.0,125,0,0
1768228137801750,52931,14550,27.0,152,0,0
1768228137802507,52931,14550,45.0,62,0,0
1768228137804769,52931,14550,26.0,42,0,0
1768228137805816,52931,14550,32.0,36,0,0
1768228137806588,52931,14550,62.0,65,0,0
1768228137807487,52931,14550,49.0,27,0,0
1768228137808217,52931,14550,44.0,116,0,0
1768228137808974,52931,14550,42.0,129,0,0
1768228137810024,52931,14550,34.0,29,0,0
1768228137811081,52931,14550,34.0,137,0,0
1768228137812327,52931,14550,60.0,24,0,0
1768228137814232,52931,14550,53.0,124,0,0
1768228137815717,52931,14550,31.0,2,0,0
1768228137816787,52931,14550,64.0,164,0,0
1768228137817830,52931,14550,24.0,168,0,0
1768228137818862,52931,14550,42.0,136,0,0
1768228137819767,52931,14550,42.0,193,0,0
1768228137820937,52931,14550,48.0,32,0,0
1768228137821791,52931,14550,40.0,241,0,0
1768228137822843,52931,14550,70.0,87,0,0
1768228137824075,52931,14550,61.0,147,0,0
1768228137825341,52931,14550,64.0,11030,0,0
1768228138038202,52931,14550,48.0,163,0,0
1768228138039929,52931,14550,44.0,178,0,0
1768228138041611,52931,14550,48.0,30,0,0
1768228138043760,52931,14550,48.0,33,0,0
1768228138047749,52931,14550,39.0,74,0,0
1768228138052945,52931,14550,51.0,1,0,0
1768228138061056,52931,14550,22.0,125,0,0
1768228138065429,52931,14550,27.0,152,0,0
1768228138067978,52931,14550,45.0,62,0,0
1768228138072512,52931,14550,26.0,42,0,0
1768228138076526,52931,14550,32.0,36,0,0
1768228138078234,52931,14550,62.0,65,0,0
1768228138080251,52931,14550,49.0,27,0,0
1768228138082337,52931,14550,44.0,116,0,0
1768228138085311,52931,14550,42.0,129,0,0
1768228138087101,52931,14550,34.0,29,0,0
1768228138088339,52931,14550,34.0,137,0,0
1768228138089901,52931,14550,60.0,24,0,0
1768228138092836,52931,14550,53.0,124,0,0
1768228138095126,52931,14550,31.0,2,0,0
1768228138097645,52931,14550,64.0,164,0,0
1768228138099285,52931,14550,24.0,168,0,0
1768228138102330,52931,14550,42.0,136,0,0
1768228138103444,52931,14550,42.0,193,0,0
1768228138105346,52931,14550,48.0,32,0,0
1768228138107262,52931,14550,40.0,241,0,0
1768228138109461,52931,14550,70.0,87,0,0
1768228138112239,52931,14550,61.0,147,0,0
1768228138115302,52931,14550,64.0,11030,0,0
1768228138204830,5760,58419,,264,1,0
1768228138206044,52931,14550,47.0,264,0,0
1768228138290973,52931,14550,48.0,163,0,0
1768228138293735,52931,14550,44.0,178,0,0
1768228138296356,52931,14550,48.0,30,0,0
1768228138300585,52931,14550,48.0,33,0,0
1768228138304379,52931,14550,39.0,74,0,0
1768228138306807,52931,14550,51.0,1,0,0
1768228138309632,52931,14550,22.0,125,0,0
1768228138312181,52931,14550,27.0,152,0,0
1768228138313819,52931,14550,45.0,62,0,0
1768228138315981,52931,14550,26.0,42,0,0
1768228138318139,52931,14550,32.0,36,0,0
1768228138319897,52931,14550,62.0,65,0,0
1768228138321877,52931,14550,49.0,27,0,0
1768228138323478,52931,14550,44.0,116,0,0
1768228138324650,52931,14550,42.0,129,0,0
1768228138326276,52931,14550,34.0,29,0,0
1768228138328064,52931,14550,34.0,137,0,0
1768228138330294,52931,14550,60.0,24,0,0
1768228138332484,52931,14550,53.0,124,0,0
1768228138334933,52931,14550,31.0,2,0,0
1768228138336147,52931,14550,64.0,164,0,0
1768228138337283,52931,14550,24.0,168,0,0
1768228138338901,52931,14550,42.0,136,0,0
1768228138341093,52931,14550,42.0,193,0,0
1768228138342916,52931,14550,48.0,32,0,0
1768228138344584,52931,14550,40.0,241,0,0
1768228138346016,52931,14550,70.0,87,0,0
1768228138348240,52931,14550,61.0,147,0,0
1768228138350550,52931,14550,64.0,11030,0,0
1768228138419982,58419,5760,,0,1,0
1768228138545349,52931,14550,48.0,163,0,0
1768228138547416,52931,14550,44.0,178,0,0
1768228138550066,52931,14550,48.0,30,0,0
1768228138553623,52931,14550,48.0,33,0,0
1768228138555610,52931,14550,39.0,74,0,0
1768228138558830,52931,14550,51.0,1,0,0
1768228138568423,52931,14550,22.0,125,0,0
1768228138570847,52931,14550,27.0,152,0,0
1768228138573051,52931,14550,45.0,62,0,0
1768228138578782,52931,14550,26.0,42,0,0
1768228138581659,52931,14550,32.0,36,0,0
1768228138585921,52931,14550,62.0,65,0,0
1768228138587222,52931,14550,49.0,27,0,0
1768228138589337,52931,14550,44.0,116,0,0
1768228138592856,52931,14550,42.0,129,0,0
1768228138594701,52931,14550,34.0,29,0,0
1768228138597823,52931,14550,34.0,137,0,0
1768228138599379,52931,14550,60.0,24,0,0
1768228138601588,52931,14550,53.0,124,0,0
1768228138603513,52931,14550,31.0,2,0,0
1768228138605293,52931,14550,64.0,164,0,0
1768228138606594,52931,14550,24.0,168,0,0
1768228138608531,52931,14550,42.0,136,0,0
1768228138610430,52931,14550,42.0,193,0,0
1768228138612151,52931,14550,48.0,32,0,0
1768228138613604,5760,58419,,0,1,0
1768228138614328,52931,14550,40.0,241,0,0
1768228138615857,52931,14550,70.0,87,0,0
1768228138617954,52931,14550,61.0,147,0,0
1768228138619169,52931,14550,64.0,11030,0,0
1768228138621810,52931,14550,29.0,0,0,0
1768228138707199,5760,58419,,264,1,0
1768228138708277,52931,14550,47.0,264,0,0
1768228138794271,52931,14550,48.0,163,0,0
1768228138796736,52931,14550,44.0,178,0,0
1768228138798263,52931,14550,48.0,30,0,0
1768228138800365,52931,14550,48.0,33,0,0
1768228138802207,52931,14550,39.0,74,0,0
1768228138807575,52931,14550,51.0,1,0,0
1768228138810611,52931,14550,22.0,125,0,0
1768228138812153,52931,14550,27.0,152,0,0
1768228138813864,52931,14550,45.0,62,0,0
1768228138815698,52931,14550,26.0,42,0,0
1768228138818287,52931,14550,32.0,36,0,0
1768228138819676,52931,14550,62.0,65,0,0
1768228138821083,52931,14550,49.0,27,0,0
1768228138822427,52931,14550,44.0,116,0,0
1768228138823996,52931,14550,42.0,129,0,0
1768228138825380,52931,14550,34.0,29,0,0
1768228138826700,52931,14550,34.0,137,0,0
1768228138828182,52931,14550,60.0,24,0,0
1768228138830564,52931,14550,53.0,124,0,0
1768228138832997,52931,14550,31.0,2,0,0
1768228138834502,52931,14550,64.0,164,0,0
1768228138835830,52931,14550,24.0,168,0,0
1768228138837183,52931,14550,42.0,136,0,0
1768228138838411,52931,14550,42.0,193,0,0
1768228138840052,52931,14550,48.0,32,0,0
1768228138841580,52931,14550,40.0,241,0,0
1768228138842928,52931,14550,70.0,87,0,0
1768228138845478,52931,14550,61.0,147,0,0
1768228138846936,52931,14550,64.0,11030,0,0
1768228139047174,52931,14550,48.0,163,0,0
1768228139049984,52931,14550,44.0,178,0,0
1768228139052075,52931,14550,48.0,30,0,0
1768228139054143,52931,14550,48.0,33,0,0
1768228139057076,52931,14550,39.0,74,0,0
1768228139062945,52931,14550,51.0,1,0,0
1768228139068574,52931,14550,22.0,125,0,0
1768228139074096,52931,14550,27.0,152,0,0
1768228139075752,52931,14550,45.0,62,0,0
1768228139079257,52931,14550,26.0,42,0,0
1768228139082694,52931,14550,32.0,36,0,0
1768228139085784,52931,14550,62.0,65,0,0
1768228139087669,52931,14550,49.0,27,0,0
1768228139091112,52931,14550,44.0,116,0,0
1768228139092415,52931,14550,42.0,129,0,0
1768228139093779,52931,14550,34.0,29,0,0
1768228139095915,52931,14550,34.0,137,0,0
1768228139098088,52931,14550,60.0,24,0,0
1768228139101347,52931,14550,53.0,124,0,0
1768228139104103,52931,14550,31.0,2,0,0
1768228139106878,52931,14550,64.0,164,0,0
1768228139110156,52931,14550,24.0,168,0,0
1768228139112476,52931,14550,42.0,136,0,0
1768228139116227,52931,14550,42.0,193,0,0
1768228139119808,52931,14550,48.0,32,0,0
1768228139121398,52931,14550,40.0,241,0,0
1768228139123823,52931,14550,70.0,87,0,0
1768228139126885,52931,14550,61.0,147,0,0
1768228139128406,52931,14550,64.0,11030,0,0
1768228139209208,5760,58419,,264,1,0
1768228139210372,52931,14550,47.0,264,0,0
1768228139295085,52931,14550,48.0,163,0,0
1768228139296861,52931,14550,44.0,178,0,0
1768228139299201,52931,14550,48.0,30,0,0
1768228139305373,52931,14550,48.0,33,0,0
1768228139308909,52931,14550,39.0,74,0,0
1768228139312634,52931,14550,51.0,1,0,0
1768228139315105,52931,14550,22.0,125,0,0
1768228139317279,52931,14550,27.0,152,0,0
1768228139318810,52931,14550,45.0,62,0,0
1768228139320632,52931,14550,26.0,42,0,0
1768228139322946,52931,14550,32.0,36,0,0
1768228139324545,52931,14550,62.0,65,0,0
1768228139326590,52931,14550,49.0,27,0,0
1768228139328782,52931,14550,44.0,116,0,0
1768228139331098,52931,14550,42.0,129,0,0
1768228139332667,52931,14550,34.0,29,0,0
1768228139334752,52931,14550,34.0,137,0,0
1768228139336298,52931,14550,60.0,24,0,0
1768228139338476,52931,14550,53.0,124,0,0
1768228139340363,52931,14550,31.0,2,0,0
1768228139341640,52931,14550,64.0,164,0,0
1768228139342942,52931,14550,24.0,168,0,0
1768228139344343,52931,14550,42.0,136,0,0
1768228139345910,52931,14550,42.0,193,0,0
1768228139347604,52931,14550,48.0,32,0,0
1768228139348990,52931,14550,40.0,241,0,0
1768228139350651,52931,14550,70.0,87,0,0
1768228139352117,52931,14550,61.0,147,0,0
1768228139354009,52931,14550,64.0,11030,0,0
1768228139423704,58419,5760,,0,1,0
1768228139550252,52931,14550,48.0,163,0,0
1768228139551422,52931,14550,44.0,178,0,0
1768228139552731,52931,14550,48.0,30,0,0
1768228139554927,52931,14550,48.0,33,0,0
1768228139556663,52931,14550,39.0,74,0,0
1768228139561378,52931,14550,51.0,1,0,0
1768228139564755,52931,14550,22.0,125,0,0
1768228139566364,52931,14550,27.0,152,0,0
1768228139569267,52931,14550,45.0,62,0,0
1768228139573058,52931,14550,26.0,42,0,0
1768228139575070,52931,14550,32.0,36,0,0
1768228139576066,52931,14550,62.0,65,0,0
1768228139577003,52931,14550,49.0,27,0,0
1768228139577884,52931,14550,44.0,116,0,0
1768228139579247,52931,14550,42.0,129,0,0
1768228139580493,52931,14550,34.0,29,0,0
1768228139581649,52931,14550,34.0,137,0,0
1768228139584027,52931,14550,60.0,24,0,0
1768228139586692,52931,14550,53.0,124,0,0
1768228139588135,52931,14550,31.0,2,0,0
1768228139589270,52931,14550,64.0,164,0,0
1768228139590432,52931,14550,24.0,168,0,0
1768228139592253,52931,14550,42.0,136,0,0
1768228139594314,52931,14550,42.0,193,0,0
1768228139595874,52931,14550,48.0,32,0,0
1768228139596808,52931,14550,40.0,241,0,0
1768228139598024,52931,14550,70.0,87,0,0
1768228139600271,52931,14550,61.0,147,0,0
1768228139601644,52931,14550,64.0,11030,0,0
1768228139618728,5760,58419,,0,1,0
1768228139619586,52931,14550,29.0,0,0,0
1768228139714105,5760,58419,,264,1,0
1768228139714936,52931,14550,47.0,264,0,0
1768228139800116,52931,14550,48.0,163,0,0
1768228139801489,52931,14550,44.0,178,0,0
1768228139802726,52931,14550,48.0,30,0,0
1768228139805024,52931,14550,48.0,33,0,0
1768228139806748,52931,14550,39.0,74,0,0
1768228139809810,52931,14550,51.0,1,0,0
1768228139811974,52931,14550,22.0,125,0,0
1768228139813359,52931,14550,27.0,152,0,0
1768228139814606,52931,14550,45.0,62,0,0
1768228139816137,52931,14550,26.0,42,0,0
1768228139817637,52931,14550,32.0,36,0,0
1768228139819092,52931,14550,62.0,65,0,0
1768228139819995,52931,14550,49.0,27,0,0
1768228139821072,52931,14550,44.0,116,0,0
1768228139821922,52931,14550,42.0,129,0,0
1768228139822876,52931,14550,34.0,29,0,0
1768228139823930,52931,14550,34.0,137,0,0
1768228139824778,52931,14550,60.0,24,0,0
1768228139826380,52931,14550,53.0,124,0,0
1768228139827605,52931,14550,31.0,2,0,0
1768228139828816,52931,14550,64.0,164,0,0
1768228139829686,52931,14550,24.0,168,0,0
1768228139830723,52931,14550,42.0,136,0,0
1768228139831659,52931,14550,42.0,193,0,0
1768228139832706,52931,14550,48.0,32,0,0
1768228139833541,52931,14550,40.0,241,0,0
1768228139834377,52931,14550,70.0,87,0,0
1768228139835631,52931,14550,61.0,147,0,0
1768228139836794,52931,14550,64.0,11030,0,0
1768228140050101,52931,14550,48.0,163,0,0
1768228140052726,52931,14550,44.0,178,0,0
1768228140054648,52931,14550,48.0,30,0,0
1768228140057804,52931,14550,48.0,33,0,0
1768228140060758,52931,14550,39.0,74,0,0
1768228140064016,52931,14550,51.0,1,0,0
1768228140070832,52931,14550,22.0,125,0,0
1768228140074626,52931,14550,27.0,152,0,0
1768228140076190,52931,14550,45.0,62,0,0
1768228140082492,52931,14550,26.0,42,0,0
1768228140086783,52931,14550,32.0,36,0,0
1768228140088228,52931,14550,62.0,65,0,0
1768228140091833,52931,14550,49.0,27,0,0
1768228140094150,52931,14550,44.0,116,0,0
1768228140095267,52931,14550,42.0,129,0,0
1768228140096740,52931,14550,34.0,29,0,0
1768228140097949,52931,14550,34.0,137,0,0
1768228140099146,52931,14550,60.0,24,0,0
1768228140100925,52931,14550,53.0,124,0,0
1768228140102809,52931,14550,31.0,2,0,0
1768228140103916,52931,14550,64.0,164,0,0
1768228140106218,52931,14550,24.0,168,0,0
1768228140108508,52931,14550,42.0,136,0,0
1768228140110445,52931,14550,42.0,193,0,0
1768228140112573,52931,14550,48.0,32,0,0
1768228140114106,52931,14550,40.0,241,0,0
1768228140115303,52931,14550,70.0,87,0,0
1768228140117992,52931,14550,61.0,147,0,0
1768228140119653,52931,14550,64.0,11030,0,0
1768228140214717,5760,58419,,264,1,0
1768228140215706,52931,14550,47.0,264,0,0
1768228140300479,52931,14550,48.0,163,0,0
1768228140304067,52931,14550,44.0,178,0,0
1768228140305353,52931,14550,48.0,30,0,0
1768228140307598,52931,14550,48.0,33,0,0
1768228140309847,52931,14550,39.0,74,0,0
1768228140313866,52931,14550,51.0,1,0,0
1768228140316732,52931,14550,22.0,125,0,0
1768228140318823,52931,14550,27.0,152,0,0
1768228140319994,52931,14550,45.0,62,0,0
1768228140322183,52931,14550,26.0,42,0,0
1768228140324894,52931,14550,32.0,36,0,0
1768228140327496,52931,14550,62.0,65,0,0
1768228140329676,52931,14550,49.0,27,0,0
1768228140331228,52931,14550,44.0,116,0,0
1768228140332546,52931,14550,42.0,129,0,0
1768228140333857,52931,14550,34.0,29,0,0
1768228140335067,52931,14550,34.0,137,0,0
1768228140336674,52931,14550,60.0,24,0,0
1768228140338752,52931,14550,53.0,124,0,0
1768228140340906,52931,14550,31.0,2,0,0
1768228140342058,52931,14550,64.0,164,0,0
1768228140343539,52931,14550,24.0,168,0,0
1768228140345024,52931,14550,42.0,136,0,0
1768228140346230,52931,14550,42.0,193,0,0
1768228140347943,52931,14550,48.0,32,0,0
1768228140349219,52931,14550,40.0,241,0,0
1768228140350693,52931,14550,70.0,87,0,0
1768228140352399,52931,14550,61.0,147,0,0
1768228140354102,52931,14550,64.0,11030,0,0
1768228140423879,58419,5760,,0,1,0
1768228140553221,52931,14550,48.0,163,0,0
1768228140555184,52931,14550,44.0,178,0,0
1768228140557041,52931,14550,48.0,30,0,0
1768228140559972,52931,14550,48.0,33,0,0
1768228140563193,52931,14550,39.0,74,0,0
1768228140567821,52931,14550,51.0,1,0,0
1768228140574620,52931,14550,22.0,125,0,0
1768228140576538,52931,14550,27.0,152,0,0
1768228140577763,52931,14550,45.0,62,0,0
1768228140579988,52931,14550,26.0,42,0,0
1768228140582377,52931,14550,32.0,36,0,0
1768228140584421,52931,14550,62.0,65,0,0
1768228140586691,52931,14550,49.0,27,0,0
1768228140589868,52931,14550,44.0,116,0,0
1768228140593638,52931,14550,42.0,129,0,0
1768228140594894,52931,14550,34.0,29,0,0
1768228140596826,52931,14550,34.0,137,0,0
1768228140598534,52931,14550,60.0,24,0,0
1768228140601353,52931,14550,53.0,124,0,0
1768228140603625,52931,14550,31.0,2,0,0
1768228140605402,52931,14550,64.0,164,0,0
1768228140606836,52931,14550,24.0,168,0,0
1768228140608993,52931,14550,42.0,136,0,0
1768228140610412,52931,14550,42.0,193,0,0
1768228140612544,52931,14550,48.0,32,0,0
1768228140614410,52931,14550,40.0,241,0,0
1768228140616788,52931,14550,70.0,87,0,0
1768228140621005,52931,14550,61.0,147,0,0
1768228140623139,52931,14550,64.0,11030,0,0
1768228140628632,5760,58419,,0,1,0
1768228140629903,52931,14550,29.0,0,0,0
1768228140719156,5760,58419,,264,1,0
1768228140720612,52931,14550,47.0,264,0,0
1768228140807489,52931,14550,48.0,163,0,0
1768228140809376,52931,14550,44.0,178,0,0
1768228140812615,52931,14550,48.0,30,0,0
1768228140816196,52931,14550,48.0,33,0,0
1768228140817913,52931,14550,39.0,74,0,0
1768228140821326,52931,14550,51.0,1,0,0
1768228140824029,52931,14550,22.0,125,0,0
1768228140825651,52931,14550,27.0,152,0,0
1768228140826873,52931,14550,45.0,62,0,0
1768228140829094,52931,14550,26.0,42,0,0
1768228140831703,52931,14550,32.0,36,0,0
1768228140833040,52931,14550,62.0,65,0,0
1768228140835080,52931,14550,49.0,27,0,0
1768228140836453,52931,14550,44.0,116,0,0
1768228140837992,52931,14550,42.0,129,0,0
1768228140839381,52931,14550,34.0,29,0,0
1768228140840654,52931,14550,34.0,137,0,0
1768228140842441,52931,14550,60.0,24,0,0
1768228140844411,52931,14550,53.0,124,0,0
1768228140846883,52931,14550,31.0,2,0,0
1768228140849052,52931,14550,64.0,164,0,0
1768228140850531,52931,14550,24.0,168,0,0
1768228140852069,52931,14550,42.0,136,0,0
1768228140853738,52931,14550,42.0,193,0,0
1768228140855343,52931,14550,48.0,32,0,0
1768228140856779,52931,14550,40.0,241,0,0
1768228140858322,52931,14550,70.0,87,0,0
1768228140860762,52931,14550,61.0,147,0,0
1768228140863074,52931,14550,64.0,11030,0,0
1768228141057376,52931,14550,48.0,163,0,0
1768228141062501,52931,14550,44.0,178,0,0
1768228141064695,52931,14550,48.0,30,0,0
1768228141069981,52931,14550,48.0,33,0,0
1768228141072243,52931,14550,39.0,74,0,0
1768228141079589,52931,14550,51.0,1,0,0
1768228141086626,52931,14550,22.0,125,0,0
1768228141090760,52931,14550,27.0,152,0,0
1768228141095257,52931,14550,45.0,62,0,0
1768228141098167,52931,14550,26.0,42,0,0
1768228141101976,52931,14550,32.0,36,0,0
1768228141104813,52931,14550,62.0,65,0,0
1768228141106652,52931,14550,49.0,27,0,0
1768228141108047,52931,14550,44.0,116,0,0
1768228141109535,52931,14550,42.0,129,0,0
1768228141110733,52931,14550,34.0,29,0,0
1768228141112216,52931,14550,34.0,137,0,0
1768228141113885,52931,14550,60.0,24,0,0
1768228141115937,52931,14550,53.0,124,0,0
1768228141118107,52931,14550,31.0,2,0,0
1768228141119685,52931,14550,64.0,164,0,0
1768228141121143,52931,14550,24.0,168,0,0
1768228141122664,52931,14550,42.0,136,0,0
1768228141123885,52931,14550,42.0,193,0,0
1768228141125614,52931,14550,48.0,32,0,0
1768228141127648,52931,14550,40.0,241,0,0
1768228141128989,52931,14550,70.0,87,0,0
1768228141130805,52931,14550,61.0,147,0,0
1768228141132556,52931,14550,64.0,11030,0,0
1768228141219563,5760,58419,,264,1,0
1768228141220988,52931,14550,47.0,264,0,0
1768228141311250,52931,14550,48.0,163,0,0
1768228141314154,52931,14550,44.0,178,0,0
1768228141315494,52931,14550,48.0,30,0,0
1768228141318389,52931,14550,48.0,33,0,0
1768228141319923,52931,14550,39.0,74,0,0
1768228141323107,52931,14550,51.0,1,0,0
1768228141326007,52931,14550,22.0,125,0,0
1768228141328201,52931,14550,27.0,152,0,0
1768228141329579,52931,14550,45.0,62,0,0
1768228141331627,52931,14550,26.0,42,0,0
1768228141333922,52931,14550,32.0,36,0,0
1768228141335157,52931,14550,62.0,65,0,0
1768228141336452,52931,14550,49.0,27,0,0
1768228141338465,52931,14550,44.0,116,0,0
1768228141339983,52931,14550,42.0,129,0,0
1768228141341305,52931,14550,34.0,29,0,0
1768228141342984,52931,14550,34.0,137,0,0
1768228141344289,52931,14550,60.0,24,0,0
1768228141346277,52931,14550,53.0,124,0,0
1768228141347705,52931,14550,31.0,2,0,0
1768228141349677,52931,14550,64.0,164,0,0
1768228141351277,52931,14550,24.0,168,0,0
1768228141352864,52931,14550,42.0,136,0,0
1768228141354058,52931,14550,42.0,193,0,0
1768228141355469,52931,14550,48.0,32,0,0
1768228141356942,52931,14550,40.0,241,0,0
1768228141358228,52931,14550,70.0,87,0,0
1768228141359755,52931,14550,61.0,147,0,0
1768228141362250,52931,14550,64.0,11030,0,0
1768228141432727,58419,5760,,0,1,0
1768228141503330,52931,14550,21.0,46,0,0
1768228141505585,52931,14550,40.0,253,0,0
1768228141507870,52931,14550,35.0,253,0,0
1768228141558807,52931,14550,48.0,163,0,0
1768228141560989,52931,14550,44.0,178,0,0
1768228141562733,52931,14550,48.0,30,0,0
1768228141565287,52931,14550,48.0,33,0,0
1768228141566913,52931,14550,39.0,74,0,0
1768228141570935,52931,14550,51.0,1,0,0
1768228141576285,52931,14550,22.0,125,0,0
1768228141577938,52931,14550,27.0,152,0,0
1768228141579242,52931,14550,45.0,62,0,0
1768228141581666,52931,14550,26.0,42,0,0
1768228141584110,52931,14550,32.0,36,0,0
1768228141585937,52931,14550,62.0,65,0,0
1768228141587163,52931,14550,49.0,27,0,0
1768228141588379,52931,14550,44.0,116,0,0
1768228141589892,52931,14550,42.0,129,0,0
1768228141591298,52931,14550,34.0,29,0,0
1768228141592759,52931,14550,34.0,137,0,0
1768228141594062,52931,14550,60.0,24,0,0
1768228141595976,52931,14550,53.0,124,0,0
1768228141597839,52931,14550,31.0,2,0,0
1768228141599490,52931,14550,64.0,164,0,0
1768228141601006,52931,14550,24.0,168,0,0
1768228141602481,52931,14550,42.0,136,0,0
1768228141603952,52931,14550,42.0,193,0,0
1768228141605401,52931,14550,48.0,32,0,0
1768228141606851,52931,14550,40.0,241,0,0
1768228141608547,52931,14550,70.0,87,0,0
1768228141609951,52931,14550,61.0,147,0,0
1768228141611787,52931,14550,64.0,11030,0,0
1768228141634067,5760,58419,,0,1,0
1768228141635096,52931,14550,29.0,0,0,0
1768228141725283,5760,58419,,264,1,0
1768228141725949,52931,14550,47.0,264,0,0
1768228141807800,52931,14550,48.0,163,0,0
1768228141809421,52931,14550,44.0,178,0,0
1768228141810428,52931,14550,48.0,30,0,0
1768228141811839,52931,14550,48.0,33,0,0
1768228141812900,52931,14550,39.0,74,0,0
1768228141815725,52931,14550,51.0,1,0,0
1768228141818400,52931,14550,22.0,125,0,0
1768228141819721,52931,14550,27.0,152,0,0
1768228141820401,52931,14550,45.0,62,0,0
1768228141821775,52931,14550,26.0,42,0,0
1768228141823163,52931,14550,32.0,36,0,0
1768228141824126,52931,14550,62.0,65,0,0
1768228141824881,52931,14550,49.0,27,0,0
1768228141825655,52931,14550,44.0,116,0,0
1768228141826334,52931,14550,42.0,129,0,0
1768228141827194,52931,14550,34.0,29,0,0
1768228141827954,52931,14550,34.0,137,0,0
1768228141828640,52931,14550,60.0,24,0,0
1768228141829758,52931,14550,53.0,124,0,0
1768228141830914,52931,14550,31.0,2,0,0
1768228141831821,52931,14550,64.0,164,0,0
1768228141832526,52931,14550,24.0,168,0,0
1768228141833660,52931,14550,42.0,136,0,0
1768228141834340,52931,14550,42.0,193,0,0
1768228141835592,52931,14550,48.0,32,0,0
1768228141836517,52931,14550,40.0,241,0,0
1768228141837338,52931,14550,70.0,87,0,0
1768228141838378,52931,14550,61.0,147,0,0
1768228141839073,52931,14550,64.0,11030,0,0
1768228142063003,52931,14550,48.0,163,0,0
1768228142064743,52931,14550,44.0,178,0,0
1768228142066560,52931,14550,48.0,30,0,0
1768228142069159,52931,14550,48.0,33,0,0
1768228142071141,52931,14550,39.0,74,0,0
1768228142075062,52931,14550,51.0,1,0,0
1768228142081781,52931,14550,22.0,125,0,0
1768228142084328,52931,14550,27.0,152,0,0
1768228142086801,52931,14550,45.0,62,0,0
1768228142090900,52931,14550,26.0,42,0,0
1768228142095481,52931,14550,32.0,36,0,0
1768228142098420,52931,14550,62.0,65,0,0
1768228142101181,52931,14550,49.0,27,0,0
1768228142103061,52931,14550,44.0,116,0,0
1768228142106272,52931,14550,42.0,129,0,0
1768228142108450,52931,14550,34.0,29,0,0
1768228142109792,52931,14550,34.0,137,0,0
1768228142112578,52931,14550,60.0,24,0,0
1768228142114622,52931,14550,53.0,124,0,0
1768228142116878,52931,14550,31.0,2,0,0
1768228142118079,52931,14550,64.0,164,0,0
1768228142120192,52931,14550,24.0,168,0,0
1768228142123645,52931,14550,42.0,136,0,0
1768228142126160,52931,14550,42.0,193,0,0
1768228142128889,52931,14550,48.0,32,0,0
1768228142131609,52931,14550,40.0,241,0,0
1768228142133606,52931,14550,70.0,87,0,0
1768228142142798,52931,14550,61.0,147,0,0
1768228142147482,52931,14550,64.0,11030,0,0
1768228142226323,5760,58419,,264,1,0
1768228142227707,52931,14550,47.0,264,0,0
1768228142317652,52931,14550,48.0,163,0,0
1768228142321304,52931,14550,44.0,178,0,0
1768228142323246,52931,14550,48.0,30,0,0
1768228142327788,52931,14550,48.0,33,0,0
1768228142331094,52931,14550,39.0,74,0,0
1768228142335564,52931,14550,51.0,1,0,0
1768228142338046,52931,14550,22.0,125,0,0
1768228142339902,52931,14550,27.0,152,0,0
1768228142341129,52931,14550,45.0,62,0,0
1768228142343906,52931,14550,26.0,42,0,0
1768228142346473,52931,14550,32.0,36,0,0
1768228142347793,52931,14550,62.0,65,0,0
1768228142349224,52931,14550,49.0,27,0,0
1768228142350787,52931,14550,44.0,116,0,0
1768228142352002,52931,14550,42.0,129,0,0
1768228142353525,52931,14550,34.0,29,0,0
1768228142354747,52931,14550,34.0,137,0,0
1768228142356667,52931,14550,60.0,24,0,0
1768228142358527,52931,14550,53.0,124,0,0
1768228142360075,52931,14550,31.0,2,0,0
1768228142362218,52931,14550,64.0,164,0,0
1768228142363437,52931,14550,24.0,168,0,0
1768228142365158,52931,14550,42.0,136,0,0
1768228142366534,52931,14550,42.0,193,0,0
1768228142368537,52931,14550,48.0,32,0,0
1768228142370059,52931,14550,40.0,241,0,0
1768228142371291,52931,14550,70.0,87,0,0
1768228142372733,52931,14550,61.0,147,0,0
1768228142374646,52931,14550,64.0,11030,0,0
1768228142442862,58419,5760,,0,1,0
1768228142567325,52931,14550,48.0,163,0,0
1768228142569539,52931,14550,44.0,178,0,0
1768228142570990,52931,14550,48.0,30,0,0
1768228142573328,52931,14550,48.0,33,0,0
1768228142575330,52931,14550,39.0,74,0,0
1768228142580173,52931,14550,51.0,1,0,0
1768228142586507,52931,14550,22.0,125,0,0
1768228142588706,52931,14550,27.0,152,0,0
1768228142590662,52931,14550,45.0,62,0,0
1768228142593110,52931,14550,26.0,42,0,0
1768228142596596,52931,14550,32.0,36,0,0
1768228142598022,52931,14550,62.0,65,0,0
1768228142601601,52931,14550,49.0,27,0,0
1768228142605467,52931,14550,44.0,116,0,0
1768228142607314,52931,14550,42.0,129,0,0
1768228142609140,52931,14550,34.0,29,0,0
1768228142610865,52931,14550,34.0,137,0,0
1768228142612444,52931,14550,60.0,24,0,0
1768228142614942,52931,14550,53.0,124,0,0
1768228142617774,52931,14550,31.0,2,0,0
1768228142619625,52931,14550,64.0,164,0,0
1768228142625726,52931,14550,24.0,168,0,0
1768228142627808,52931,14550,42.0,136,0,0
1768228142630233,52931,14550,42.0,193,0,0
1768228142631925,52931,14550,48.0,32,0,0
1768228142633522,52931,14550,40.0,241,0,0
1768228142636245,52931,14550,70.0,87,0,0
1768228142638716,5760,58419,,0,1,0
1768228142639187,52931,14550,61.0,147,0,0
1768228142640878,52931,14550,64.0,11030,0,0
1768228142645919,52931,14550,29.0,0,0,0
1768228142730979,5760,58419,,264,1,0
1768228142732121,52931,14550,47.0,264,0,0
1768228142819600,52931,14550,48.0,163,0,0
1768228142822059,52931,14550,44.0,178,0,0
1768228142824371,52931,14550,48.0,30,0,0
1768228142825962,52931,14550,48.0,33,0,0
1768228142827264,52931,14550,39.0,74,0,0
1768228142829261,52931,14550,51.0,1,0,0
1768228142830928,52931,14550,22.0,125,0,0
1768228142832661,52931,14550,27.0,152,0,0
1768228142834010,52931,14550,45.0,62,0,0
1768228142835813,52931,14550,26.0,42,0,0
1768228142837666,52931,14550,32.0,36,0,0
1768228142838715,52931,14550,62.0,65,0,0
1768228142839864,52931,14550,49.0,27,0,0
1768228142841333,52931,14550,44.0,116,0,0
1768228142842401,52931,14550,42.0,129,0,0
1768228142843412,52931,14550,34.0,29,0,0
1768228142844754,52931,14550,34.0,137,0,0
1768228142846026,52931,14550,60.0,24,0,0
1768228142847239,52931,14550,53.0,124,0,0
1768228142848715,52931,14550,31.0,2,0,0
1768228142849657,52931,14550,64.0,164,0,0
1768228142850738,52931,14550,24.0,168,0,0
1768228142851753,52931,14550,42.0,136,0,0
1768228142852680,52931,14550,42.0,193,0,0
1768228142853839,52931,14550,48.0,32,0,0
1768228142854660,52931,14550,40.0,241,0,0
1768228142855531,52931,14550,70.0,87,0,0
1768228142856996,52931,14550,61.0,147,0,0
1768228142857996,52931,14550,64.0,11030,0,0
1768228143068516,52931,14550,48.0,163,0,0
1768228143070750,52931,14550,44.0,178,0,0
1768228143072226,52931,14550,48.0,30,0,0
1768228143074753,52931,14550,48.0,33,0,0
1768228143076577,52931,14550,39.0,74,0,0
1768228143079682,52931,14550,51.0,1,0,0
1768228143083608,52931,14550,22.0,125,0,0
1768228143086102,52931,14550,27.0,152,0,0
1768228143088325,52931,14550,45.0,62,0,0
1768228143091069,52931,14550,26.0,42,0,0
1768228143094128,52931,14550,32.0,36,0,0
1768228143096054,52931,14550,62.0,65,0,0
1768228143098025,52931,14550,49.0,27,0,0
1768228143100791,52931,14550,44.0,116,0,0
1768228143102482,52931,14550,42.0,129,0,0
1768228143104735,52931,14550,34.0,29,0,0
1768228143107044,52931,14550,34.0,137,0,0
1768228143108455,52931,14550,60.0,24,0,0
1768228143110843,52931,14550,53.0,124,0,0
1768228143114562,52931,14550,31.0,2,0,0
1768228143117024,52931,14550,64.0,164,0,0
1768228143118956,52931,14550,24.0,168,0,0
1768228143120404,52931,14550,42.0,136,0,0
1768228143122970,52931,14550,42.0,193,0,0
1768228143126121,52931,14550,48.0,32,0,0
1768228143128293,52931,14550,40.0,241,0,0
1768228143130185,52931,14550,70.0,87,0,0
1768228143132247,52931,14550,61.0,147,0,0
1768228143134658,52931,14550,64.0,11030,0,0
1768228143234807,5760,58419,,264,1,0
1768228143235509,52931,14550,47.0,264,0,0
1768228143320844,52931,14550,48.0,163,0,0
1768228143321968,52931,14550,44.0,178,0,0
1768228143322665,52931,14550,48.0,30,0,0
1768228143323408,52931,14550,48.0,33,0,0
1768228143324359,52931,14550,39.0,74,0,0
1768228143325347,52931,14550,51.0,1,0,0
1768228143326723,52931,14550,22.0,125,0,0
1768228143327952,52931,14550,27.0,152,0,0
1768228143328507,52931,14550,45.0,62,0,0
1768228143329370,52931,14550,26.0,42,0,0
1768228143329976,52931,14550,32.0,36,0,0
1768228143330371,52931,14550,62.0,65,0,0
1768228143330791,52931,14550,49.0,27,0,0
1768228143331107,52931,14550,44.0,116,0,0
1768228143331440,52931,14550,42.0,129,0,0
1768228143331751,52931,14550,34.0,29,0,0
1768228143332084,52931,14550,34.0,137,0,0
1768228143332392,52931,14550,60.0,24,0,0
1768228143333010,52931,14550,53.0,124,0,0
1768228143333744,52931,14550,31.0,2,0,0
1768228143334125,52931,14550,64.0,164,0,0
1768228143334678,52931,14550,24.0,168,0,0
1768228143335069,52931,14550,42.0,136,0,0
1768228143335425,52931,14550,42.0,193,0,0
1768228143335861,52931,14550,48.0,32,0,0
1768228143336255,52931,14550,40.0,241,0,0
1768228143336678,52931,14550,70.0,87,0,0
1768228143337065,52931,14550,61.0,147,0,0
1768228143337583,52931,14550,64.0,11030,0,0
1768228143447832,58419,5760,,0,1,0
1768228143569890,52931,14550,48.0,163,0,0
1768228143571545,52931,14550,44.0,178,0,0
1768228143573745,52931,14550,48.0,30,0,0
1768228143575630,52931,14550,48.0,33,0,0
1768228143578545,52931,14550,39.0,74,0,0
1768228143583684,52931,14550,51.0,1,0,0
1768228143589058,52931,14550,22.0,125,0,0
1768228143590981,52931,14550,27.0,152,0,0
1768228143593126,52931,14550,45.0,62,0,0
1768228143595832,52931,14550,26.0,42,0,0
1768228143597987,52931,14550,32.0,36,0,0
1768228143600217,52931,14550,62.0,65,0,0
1768228143602268,52931,14550,49.0,27,0,0
1768228143604003,52931,14550,44.0,116,0,0
1768228143605698,52931,14550,42.0,129,0,0
1768228143607303,52931,14550,34.0,29,0,0
1768228143609120,52931,14550,34.0,137,0,0
1768228143611399,52931,14550,60.0,24,0,0
1768228143614215,52931,14550,53.0,124,0,0
1768228143617304,52931,14550,31.0,2,0,0
1768228143619547,52931,14550,64.0,164,0,0
1768228143621088,52931,14550,24.0,168,0,0
1768228143625813,52931,14550,42.0,136,0,0
1768228143627411,52931,14550,42.0,193,0,0
1768228143628907,52931,14550,48.0,32,0,0
1768228143630727,52931,14550,40.0,241,0,0
1768228143634143,52931,14550,70.0,87,0,0
1768228143638411,52931,14550,61.0,147,0,0
1768228143639288,5760,58419,,0,1,0
1768228143640365,52931,14550,64.0,11030,0,0
1768228143644458,52931,14550,29.0,0,0,0
1768228143679457,5760,58419,,111,1,0
1768228143680649,52931,14550,33.0,111,0,0
1768228143733490,5760,58419,,264,1,0
1768228143734969,52931,14550,47.0,264,0,0
1768228143819546,52931,14550,48.0,163,0,0
1768228143822005,52931,14550,44.0,178,0,0
1768228143824878,52931,14550,48.0,30,0,0
1768228143829812,52931,14550,48.0,33,0,0
1768228143833057,52931,14550,39.0,74,0,0
1768228143839384,52931,14550,51.0,1,0,0
1768228143845387,52931,14550,22.0,125,0,0
1768228143848162,52931,14550,27.0,152,0,0
1768228143851403,52931,14550,45.0,62,0,0
1768228143855211,52931,14550,26.0,42,0,0
1768228143857704,52931,14550,32.0,36,0,0
1768228143858934,52931,14550,62.0,65,0,0
1768228143860167,52931,14550,49.0,27,0,0
1768228143861780,52931,14550,44.0,116,0,0
1768228143864042,52931,14550,42.0,129,0,0
1768228143865603,52931,14550,34.0,29,0,0
1768228143866945,52931,14550,34.0,137,0,0
1768228143868276,52931,14550,60.0,24,0,0
1768228143869736,52931,14550,53.0,124,0,0
1768228143871561,52931,14550,31.0,2,0,0
1768228143872587,52931,14550,64.0,164,0,0
1768228143873455,52931,14550,24.0,168,0,0
1768228143875132,52931,14550,42.0,136,0,0
1768228143876345,52931,14550,42.0,193,0,0
1768228143877700,52931,14550,48.0,32,0,0
1768228143878901,52931,14550,40.0,241,0,0
1768228143879965,52931,14550,70.0,87,0,0
1768228143881328,52931,14550,61.0,147,0,0
1768228143882725,52931,14550,64.0,11030,0,0
1768228144073571,52931,14550,48.0,163,0,0
1768228144075014,52931,14550,44.0,178,0,0
1768228144076143,52931,14550,48.0,30,0,0
1768228144078381,52931,14550,48.0,33,0,0
1768228144079625,52931,14550,39.0,74,0,0
1768228144082809,52931,14550,51.0,1,0,0
1768228144086575,52931,14550,22.0,125,0,0
1768228144088663,52931,14550,27.0,152,0,0
1768228144089439,52931,14550,45.0,62,0,0
1768228144092853,52931,14550,26.0,42,0,0
1768228144095268,52931,14550,32.0,36,0,0
1768228144097630,52931,14550,62.0,65,0,0
1768228144099642,52931,14550,49.0,27,0,0
1768228144101293,52931,14550,44.0,116,0,0
1768228144102412,52931,14550,42.0,129,0,0
1768228144104296,52931,14550,34.0,29,0,0
1768228144105404,52931,14550,34.0,137,0,0
1768228144107065,52931,14550,60.0,24,0,0
1768228144109822,52931,14550,53.0,124,0,0
1768228144112146,52931,14550,31.0,2,0,0
1768228144113579,52931,14550,64.0,164,0,0
1768228144116490,52931,14550,24.0,168,0,0
1768228144118723,52931,14550,42.0,136,0,0
1768228144120377,52931,14550,42.0,193,0,0
1768228144122855,52931,14550,48.0,32,0,0
1768228144124345,52931,14550,40.0,241,0,0
1768228144125845,52931,14550,70.0,87,0,0
1768228144126978,52931,14550,61.0,147,0,0
1768228144128350,52931,14550,64.0,11030,0,0
1768228144239519,5760,58419,,264,1,0
1768228144240310,52931,14550,47.0,264,0,0
1768228144324639,52931,14550,48.0,163,0,0
1768228144326909,52931,14550,44.0,178,0,0
1768228144328894,52931,14550,48.0,30,0,0
1768228144329943,52931,14550,48.0,33,0,0
1768228144331091,52931,14550,39.0,74,0,0
1768228144332548,52931,14550,51.0,1,0,0
1768228144333561,52931,14550,22.0,125,0,0
1768228144334379,52931,14550,27.0,152,0,0
1768228144335727,52931,14550,45.0,62,0,0
1768228144337211,52931,14550,26.0,42,0,0
1768228144338214,52931,14550,32.0,36,0,0
1768228144339044,52931,14550,62.0,65,0,0
1768228144339603,52931,14550,49.0,27,0,0
1768228144340208,52931,14550,44.0,116,0,0
1768228144340798,52931,14550,42.0,129,0,0
1768228144341468,52931,14550,34.0,29,0,0
1768228144342156,52931,14550,34.0,137,0,0
1768228144342951,52931,14550,60.0,24,0,0
1768228144344138,52931,14550,53.0,124,0,0
1768228144345013,52931,14550,31.0,2,0,0
1768228144345754,52931,14550,64.0,164,0,0
1768228144346488,52931,14550,24.0,168,0,0
1768228144347406,52931,14550,42.0,136,0,0
1768228144347939,52931,14550,42.0,193,0,0
1768228144348623,52931,14550,48.0,32,0,0
1768228144349261,52931,14550,40.0,241,0,0
1768228144349989,52931,14550,70.0,87,0,0
1768228144350861,52931,14550,61.0,147,0,0
1768228144351463,52931,14550,64.0,11030,0,0
1768228144451077,58419,5760,,0,1,0
1768228144573791,52931,14550,48.0,163,0,0
1768228144575628,52931,14550,44.0,178,0,0
1768228144576368,52931,14550,48.0,30,0,0
1768228144577635,52931,14550,48.0,33,0,0
1768228144579112,52931,14550,39.0,74,0,0
1768228144580178,52931,14550,51.0,1,0,0
1768228144582746,52931,14550,22.0,125,0,0
1768228144583709,52931,14550,27.0,152,0,0
1768228144584905,52931,14550,45.0,62,0,0
1768228144587102,52931,14550,26.0,42,0,0
1768228144588244,52931,14550,32.0,36,0,0
1768228144589342,52931,14550,62.0,65,0,0
1768228144590764,52931,14550,49.0,27,0,0
1768228144591406,52931,14550,44.0,116,0,0
1768228144592321,52931,14550,42.0,129,0,0
1768228144593585,52931,14550,34.0,29,0,0
1768228144594715,52931,14550,34.0,137,0,0
1768228144595591,52931,14550,60.0,24,0,0
1768228144596484,52931,14550,53.0,124,0,0
1768228144597130,52931,14550,31.0,2,0,0
1768228144598229,52931,14550,64.0,164,0,0
1768228144598849,52931,14550,24.0,168,0,0
1768228144599698,52931,14550,42.0,136,0,0
1768228144600246,52931,14550,42.0,193,0,0
1768228144601050,52931,14550,48.0,32,0,0
1768228144602240,52931,14550,40.0,241,0,0
1768228144603549,52931,14550,70.0,87,0,0
1768228144604251,52931,14550,61.0,147,0,0
1768228144604896,52931,14550,64.0,11030,0,0
1768228144648155,5760,58419,,0,1,0
1768228144648806,52931,14550,29.0,0,0,0
1768228144739297,5760,58419,,264,1,0
1768228144739693,52931,14550,47.0,264,0,0
1768228144825744,52931,14550,48.0,163,0,0
1768228144827649,52931,14550,44.0,178,0,0
1768228144828381,52931,14550,48.0,30,0,0
1768228144829457,52931,14550,48.0,33,0,0
1768228144830197,52931,14550,39.0,74,0,0
1768228144832082,52931,14550,51.0,1,0,0
1768228144833780,52931,14550,22.0,125,0,0
1768228144834850,52931,14550,27.0,152,0,0
1768228144835732,52931,14550,45.0,62,0,0
1768228144836864,52931,14550,26.0,42,0,0
1768228144838151,52931,14550,32.0,36,0,0
1768228144838872,52931,14550,62.0,65,0,0
1768228144840055,52931,14550,49.0,27,0,0
1768228144840909,52931,14550,44.0,116,0,0
1768228144841704,52931,14550,42.0,129,0,0
1768228144842416,52931,14550,34.0,29,0,0
1768228144843060,52931,14550,34.0,137,0,0
1768228144843915,52931,14550,60.0,24,0,0
1768228144845609,52931,14550,53.0,124,0,0
1768228144846515,52931,14550,31.0,2,0,0
1768228144847275,52931,14550,64.0,164,0,0
1768228144848176,52931,14550,24.0,168,0,0
1768228144849019,52931,14550,42.0,136,0,0
1768228144849698,52931,14550,42.0,193,0,0
1768228144850476,52931,14550,48.0,32,0,0
1768228144851267,52931,14550,40.0,241,0,0
1768228144851972,52931,14550,70.0,87,0,0
1768228144852768,52931,14550,61.0,147,0,0
1768228144853965,52931,14550,64.0,11030,0,0
1768228145078314,52931,14550,48.0,163,0,0
1768228145081202,52931,14550,44.0,178,0,0
1768228145084100,52931,14550,48.0,30,0,0
1768228145087647,52931,14550,48.0,33,0,0
1768228145089471,52931,14550,39.0,74,0,0
1768228145094485,52931,14550,51.0,1,0,0
1768228145101984,52931,14550,22.0,125,0,0
1768228145106028,52931,14550,27.0,152,0,0
1768228145108107,52931,14550,45.0,62,0,0
1768228145113132,52931,14550,26.0,42,0,0
1768228145116554,52931,14550,32.0,36,0,0
1768228145119240,52931,14550,62.0,65,0,0
1768228145123271,52931,14550,49.0,27,0,0
1768228145126073,52931,14550,44.0,116,0,0
1768228145128881,52931,14550,42.0,129,0,0
1768228145131270,52931,14550,34.0,29,0,0
1768228145132585,52931,14550,34.0,137,0,0
1768228145137842,52931,14550,60.0,24,0,0
1768228145143085,52931,14550,53.0,124,0,0
1768228145145250,52931,14550,31.0,2,0,0
1768228145148303,52931,14550,64.0,164,0,0
1768228145149960,52931,14550,24.0,168,0,0
1768228145152477,52931,14550,42.0,136,0,0
1768228145153967,52931,14550,42.0,193,0,0
1768228145155412,52931,14550,48.0,32,0,0
1768228145156984,52931,14550,40.0,241,0,0
1768228145158543,52931,14550,70.0,87,0,0
1768228145160758,52931,14550,61.0,147,0,0
1768228145162574,52931,14550,64.0,11030,0,0
1768228145238833,5760,58419,,264,1,0
1768228145240092,52931,14550,47.0,264,0,0
1768228145328796,52931,14550,48.0,163,0,0
1768228145331136,52931,14550,44.0,178,0,0
1768228145332985,52931,14550,48.0,30,0,0
1768228145335962,52931,14550,48.0,33,0,0
1768228145338443,52931,14550,39.0,74,0,0
1768228145342796,52931,14550,51.0,1,0,0
1768228145347250,52931,14550,22.0,125,0,0
1768228145349380,52931,14550,27.0,152,0,0
1768228145351539,52931,14550,45.0,62,0,0
1768228145354684,52931,14550,26.0,42,0,0
1768228145357323,52931,14550,32.0,36,0,0
1768228145358886,52931,14550,62.0,65,0,0
1768228145360530,52931,14550,49.0,27,0,0
1768228145363204,52931,14550,44.0,116,0,0
1768228145364699,52931,14550,42.0,129,0,0
1768228145366417,52931,14550,34.0,29,0,0
1768228145367850,52931,14550,34.0,137,0,0
1768228145369509,52931,14550,60.0,24,0,0
1768228145371305,52931,14550,53.0,124,0,0
1768228145373264,52931,14550,31.0,2,0,0
1768228145374734,52931,14550,64.0,164,0,0
1768228145375914,52931,14550,24.0,168,0,0
1768228145377564,52931,14550,42.0,136,0,0
1768228145378779,52931,14550,42.0,193,0,0
1768228145380895,52931,14550,48.0,32,0,0
1768228145382524,52931,14550,40.0,241,0,0
1768228145384384,52931,14550,70.0,87,0,0
1768228145386126,52931,14550,61.0,147,0,0
1768228145387874,52931,14550,64.0,11030,0,0
1768228145457347,58419,5760,,0,1,0
1768228145578748,52931,14550,48.0,163,0,0
1768228145581004,52931,14550,44.0,178,0,0
1768228145583666,52931,14550,48.0,30,0,0
1768228145586997,52931,14550,48.0,33,0,0
1768228145589065,52931,14550,39.0,74,0,0
1768228145593683,52931,14550,51.0,1,0,0
1768228145599993,52931,14550,22.0,125,0,0
1768228145604677,52931,14550,27.0,152,0,0
1768228145606322,52931,14550,45.0,62,0,0
1768228145609501,52931,14550,26.0,42,0,0
1768228145615066,52931,14550,32.0,36,0,0
1768228145617312,52931,14550,62.0,65,0,0
1768228145619003,52931,14550,49.0,27,0,0
1768228145621612,52931,14550,44.0,116,0,0
1768228145627151,52931,14550,42.0,129,0,0
1768228145629808,52931,14550,34.0,29,0,0
1768228145632420,52931,14550,34.0,137,0,0
1768228145635470,52931,14550,60.0,24,0,0
1768228145639230,52931,14550,53.0,124,0,0
1768228145642441,52931,14550,31.0,2,0,0
1768228145644835,52931,14550,64.0,164,0,0
1768228145647183,52931,14550,24.0,168,0,0
1768228145648841,5760,58419,,0,1,0
1768228145650189,52931,14550,42.0,136,0,0
1768228145652079,52931,14550,42.0,193,0,0
1768228145655984,52931,14550,48.0,32,0,0
1768228145659880,52931,14550,40.0,241,0,0
1768228145663138,52931,14550,70.0,87,0,0
1768228145664814,52931,14550,61.0,147,0,0
1768228145665891,52931,14550,64.0,11030,0,0
1768228145669583,52931,14550,29.0,0,0,0
1768228145742739,5760,58419,,264,1,0
1768228145743742,52931,14550,47.0,264,0,0
1768228145830997,52931,14550,48.0,163,0,0
1768228145831844,52931,14550,44.0,178,0,0
1768228145832214,52931,14550,48.0,30,0,0
1768228145833084,52931,14550,48.0,33,0,0
1768228145833982,52931,14550,39.0,74,0,0
1768228145835039,52931,14550,51.0,1,0,0
1768228145835720,52931,14550,22.0,125,0,0
1768228145836366,52931,14550,27.0,152,0,0
1768228145836843,52931,14550,45.0,62,0,0
1768228145837704,52931,14550,26.0,42,0,0
1768228145838340,52931,14550,32.0,36,0,0
1768228145838725,52931,14550,62.0,65,0,0
1768228145839265,52931,14550,49.0,27,0,0
1768228145839603,52931,14550,44.0,116,0,0
1768228145840203,52931,14550,42.0,129,0,0
1768228145840640,52931,14550,34.0,29,0,0
1768228145841071,52931,14550,34.0,137,0,0
1768228145841517,52931,14550,60.0,24,0,0
1768228145842062,52931,14550,53.0,124,0,0
1768228145842738,52931,14550,31.0,2,0,0
1768228145843101,52931,14550,64.0,164,0,0
1768228145843482,52931,14550,24.0,168,0,0
1768228145843950,52931,14550,42.0,136,0,0
1768228145844436,52931,14550,42.0,193,0,0
1768228145844975,52931,14550,48.0,32,0,0
1768228145845541,52931,14550,40.0,241,0,0
1768228145845995,52931,14550,70.0,87,0,0
1768228145846560,52931,14550,61.0,147,0,0
1768228145846977,52931,14550,64.0,11030,0,0
1768228146079797,52931,14550,48.0,163,0,0
1768228146081445,52931,14550,44.0,178,0,0
1768228146082709,52931,14550,48.0,30,0,0
1768228146083757,52931,14550,48.0,33,0,0
1768228146084268,52931,14550,39.0,74,0,0
1768228146085867,52931,14550,51.0,1,0,0
1768228146088128,52931,14550,22.0,125,0,0
1768228146089756,52931,14550,27.0,152,0,0
1768228146090811,52931,14550,45.0,62,0,0
1768228146093347,52931,14550,26.0,42,0,0
1768228146094106,52931,14550,32.0,36,0,0
1768228146095343,52931,14550,62.0,65,0,0
1768228146096323,52931,14550,49.0,27,0,0
1768228146096690,52931,14550,44.0,116,0,0
1768228146097133,52931,14550,42.0,129,0,0
1768228146097578,52931,14550,34.0,29,0,0
1768228146097975,52931,14550,34.0,137,0,0
1768228146098346,52931,14550,60.0,24,0,0
1768228146098911,52931,14550,53.0,124,0,0
1768228146099652,52931,14550,31.0,2,0,0
1768228146100001,52931,14550,64.0,164,0,0
1768228146100448,52931,14550,24.0,168,0,0
1768228146101090,52931,14550,42.0,136,0,0
1768228146101574,52931,14550,42.0,193,0,0
1768228146102056,52931,14550,48.0,32,0,0
1768228146102406,52931,14550,40.0,241,0,0
1768228146102759,52931,14550,70.0,87,0,0
1768228146103301,52931,14550,61.0,147,0,0
1768228146103812,52931,14550,64.0,11030,0,0
1768228146246935,5760,58419,,264,1,0
1768228146247679,52931,14550,47.0,264,0,0
1768228146333547,52931,14550,48.0,163,0,0
1768228146334758,52931,14550,44.0,178,0,0
1768228146335821,52931,14550,48.0,30,0,0
1768228146337625,52931,14550,48.0,33,0,0
1768228146338569,52931,14550,39.0,74,0,0
1768228146340519,52931,14550,51.0,1,0,0
1768228146341841,52931,14550,22.0,125,0,0
1768228146343005,52931,14550,27.0,152,0,0
1768228146343690,52931,14550,45.0,62,0,0
1768228146345054,52931,14550,26.0,42,0,0
1768228146346227,52931,14550,32.0,36,0,0
1768228146347235,52931,14550,62.0,65,0,0
1768228146348183,52931,14550,49.0,27,0,0
1768228146349060,52931,14550,44.0,116,0,0
1768228146349713,52931,14550,42.0,129,0,0
1768228146350370,52931,14550,34.0,29,0,0
1768228146351318,52931,14550,34.0,137,0,0
1768228146352020,52931,14550,60.0,24,0,0
1768228146353273,52931,14550,53.0,124,0,0
1768228146354194,52931,14550,31.0,2,0,0
1768228146355029,52931,14550,64.0,164,0,0
1768228146355706,52931,14550,24.0,168,0,0
1768228146356643,52931,14550,42.0,136,0,0
1768228146357357,52931,14550,42.0,193,0,0
1768228146358335,52931,14550,48.0,32,0,0
1768228146359018,52931,14550,40.0,241,0,0
1768228146360230,52931,14550,70.0,87,0,0
1768228146361014,52931,14550,61.0,147,0,0
1768228146362022,52931,14550,64.0,11030,0,0
1768228146461558,58419,5760,,0,1,0
1768228146580510,52931,14550,48.0,163,0,0
1768228146581465,52931,14550,44.0,178,0,0
1768228146582821,52931,14550,48.0,30,0,0
1768228146584150,52931,14550,48.0,33,0,0
1768228146585445,52931,14550,39.0,74,0,0
1768228146588115,52931,14550,51.0,1,0,0
1768228146593203,52931,14550,22.0,125,0,0
1768228146595593,52931,14550,27.0,152,0,0
1768228146600350,52931,14550,45.0,62,0,0
1768228146603610,52931,14550,26.0,42,0,0
1768228146606187,52931,14550,32.0,36,0,0
1768228146608165,52931,14550,62.0,65,0,0
1768228146611185,52931,14550,49.0,27,0,0
1768228146613320,52931,14550,44.0,116,0,0
1768228146615925,52931,14550,42.0,129,0,0
1768228146617374,52931,14550,34.0,29,0,0
1768228146619449,52931,14550,34.0,137,0,0
1768228146621953,52931,14550,60.0,24,0,0
1768228146624919,52931,14550,53.0,124,0,0
1768228146627001,52931,14550,31.0,2,0,0
1768228146630958,52931,14550,64.0,164,0,0
1768228146633016,52931,14550,24.0,168,0,0
1768228146635171,52931,14550,42.0,136,0,0
1768228146636270,52931,14550,42.0,193,0,0
1768228146637744,52931,14550,48.0,32,0,0
1768228146639001,52931,14550,40.0,241,0,0
1768228146639996,52931,14550,70.0,87,0,0
1768228146642666,52931,14550,61.0,147,0,0
1768228146643893,52931,14550,64.0,11030,0,0
1768228146653997,5760,58419,,0,1,0
1768228146655155,52931,14550,29.0,0,0,0
1768228146744312,5760,58419,,264,1,0
1768228146745176,52931,14550,47.0,264,0,0
1768228146830334,52931,14550,48.0,163,0,0
1768228146831423,52931,14550,44.0,178,0,0
1768228146832021,52931,14550,48.0,30,0,0
1768228146832492,52931,14550,48.0,33,0,0
1768228146832872,52931,14550,39.0,74,0,0
1768228146833885,52931,14550,51.0,1,0,0
1768228146834355,52931,14550,22.0,125,0,0
1768228146834912,52931,14550,27.0,152,0,0
1768228146835431,52931,14550,45.0,62,0,0
1768228146836022,52931,14550,26.0,42,0,0
1768228146836925,52931,14550,32.0,36,0,0
1768228146837462,52931,14550,62.0,65,0,0
1768228146837946,52931,14550,49.0,27,0,0
1768228146838418,52931,14550,44.0,116,0,0
1768228146838840,52931,14550,42.0,129,0,0
1768228146839235,52931,14550,34.0,29,0,0
1768228146839692,52931,14550,34.0,137,0,0
1768228146839994,52931,14550,60.0,24,0,0
1768228146840545,52931,14550,53.0,124,0,0
1768228146841288,52931,14550,31.0,2,0,0
1768228146841650,52931,14550,64.0,164,0,0
1768228146842062,52931,14550,24.0,168,0,0
1768228146842674,52931,14550,42.0,136,0,0
1768228146843059,52931,14550,42.0,193,0,0
1768228146843431,52931,14550,48.0,32,0,0
1768228146844149,52931,14550,40.0,241,0,0
1768228146844643,52931,14550,70.0,87,0,0
1768228146845222,52931,14550,61.0,147,0,0
1768228146845857,52931,14550,64.0,11030,0,0
1768228147081744,52931,14550,48.0,163,0,0
1768228147084084,52931,14550,44.0,178,0,0
1768228147085349,52931,14550,48.0,30,0,0
1768228147088959,52931,14550,48.0,33,0,0
1768228147093256,52931,14550,39.0,74,0,0
1768228147097783,52931,14550,51.0,1,0,0
1768228147104889,52931,14550,22.0,125,0,0
1768228147109165,52931,14550,27.0,152,0,0
1768228147111184,52931,14550,45.0,62,0,0
1768228147117985,52931,14550,26.0,42,0,0
1768228147121707,52931,14550,32.0,36,0,0
1768228147123425,52931,14550,62.0,65,0,0
1768228147126177,52931,14550,49.0,27,0,0
1768228147128711,52931,14550,44.0,116,0,0
1768228147130998,52931,14550,42.0,129,0,0
1768228147132634,52931,14550,34.0,29,0,0
1768228147135408,52931,14550,34.0,137,0,0
1768228147136816,52931,14550,60.0,24,0,0
1768228147139176,52931,14550,53.0,124,0,0
1768228147141933,52931,14550,31.0,2,0,0
1768228147144850,52931,14550,64.0,164,0,0
1768228147146897,52931,14550,24.0,168,0,0
1768228147148720,52931,14550,42.0,136,0,0
1768228147150574,52931,14550,42.0,193,0,0
1768228147152929,52931,14550,48.0,32,0,0
1768228147157883,52931,14550,40.0,241,0,0
1768228147160448,52931,14550,70.0,87,0,0
1768228147164156,52931,14550,61.0,147,0,0
1768228147171087,52931,14550,64.0,11030,0,0
1768228147248642,5760,58419,,264,1,0
1768228147250018,52931,14550,47.0,264,0,0
1768228147335382,52931,14550,48.0,163,0,0
1768228147339388,52931,14550,44.0,178,0,0
1768228147341102,52931,14550,48.0,30,0,0
1768228147343880,52931,14550,48.0,33,0,0
1768228147346951,52931,14550,39.0,74,0,0
1768228147351052,52931,14550,51.0,1,0,0
1768228147354501,52931,14550,22.0,125,0,0
1768228147357808,52931,14550,27.0,152,0,0
1768228147359352,52931,14550,45.0,62,0,0
1768228147362145,52931,14550,26.0,42,0,0
1768228147365074,52931,14550,32.0,36,0,0
1768228147366380,52931,14550,62.0,65,0,0
1768228147368170,52931,14550,49.0,27,0,0
1768228147370158,52931,14550,44.0,116,0,0
1768228147372210,52931,14550,42.0,129,0,0
1768228147373596,52931,14550,34.0,29,0,0
1768228147374779,52931,14550,34.0,137,0,0
1768228147376794,52931,14550,60.0,24,0,0
1768228147378804,52931,14550,53.0,124,0,0
1768228147380895,52931,14550,31.0,2,0,0
1768228147382440,52931,14550,64.0,164,0,0
1768228147384666,52931,14550,24.0,168,0,0
1768228147386060,52931,14550,42.0,136,0,0
1768228147387210,52931,14550,42.0,193,0,0
1768228147389028,52931,14550,48.0,32,0,0
1768228147390563,52931,14550,40.0,241,0,0
1768228147391960,52931,14550,70.0,87,0,0
1768228147393907,52931,14550,61.0,147,0,0
1768228147395629,52931,14550,64.0,11030,0,0
1768228147466848,58419,5760,,0,1,0
1768228147587319,52931,14550,48.0,163,0,0
1768228147589776,52931,14550,44.0,178,0,0
1768228147591516,52931,14550,48.0,30,0,0
1768228147594329,52931,14550,48.0,33,0,0
1768228147597058,52931,14550,39.0,74,0,0
1768228147601523,52931,14550,51.0,1,0,0
1768228147610043,52931,14550,22.0,125,0,0
1768228147613790,52931,14550,27.0,152,0,0
1768228147615086,52931,14550,45.0,62,0,0
1768228147617656,52931,14550,26.0,42,0,0
1768228147622339,52931,14550,32.0,36,0,0
1768228147626232,52931,14550,62.0,65,0,0
1768228147628933,52931,14550,49.0,27,0,0
1768228147631641,52931,14550,44.0,116,0,0
1768228147635851,52931,14550,42.0,129,0,0
1768228147637960,52931,14550,34.0,29,0,0
1768228147640141,52931,14550,34.0,137,0,0
1768228147642892,52931,14550,60.0,24,0,0
1768228147646888,52931,14550,53.0,124,0,0
1768228147649619,52931,14550,31.0,2,0,0
1768228147651235,52931,14550,64.0,164,0,0
1768228147652851,52931,14550,24.0,168,0,0
1768228147656957,52931,14550,42.0,136,0,0
1768228147658437,5760,58419,,0,1,0
1768228147659316,52931,14550,42.0,193,0,0
1768228147662389,52931,14550,48.0,32,0,0
1768228147664406,52931,14550,40.0,241,0,0
1768228147666494,52931,14550,70.0,87,0,0
1768228147669187,52931,14550,61.0,147,0,0
1768228147671206,52931,14550,64.0,11030,0,0
1768228147676535,52931,14550,29.0,0,0,0
1768228147754148,5760,58419,,264,1,0
1768228147755470,52931,14550,47.0,264,0,0
1768228147838105,52931,14550,48.0,163,0,0
1768228147839260,52931,14550,44.0,178,0,0
1768228147840019,52931,14550,48.0,30,0,0
1768228147840916,52931,14550,48.0,33,0,0
1768228147842287,52931,14550,39.0,74,0,0
1768228147844557,52931,14550,51.0,1,0,0
1768228147845655,52931,14550,22.0,125,0,0
1768228147846466,52931,14550,27.0,152,0,0
1768228147847571,52931,14550,45.0,62,0,0
1768228147848676,52931,14550,26.0,42,0,0
1768228147850030,52931,14550,32.0,36,0,0
1768228147850608,52931,14550,62.0,65,0,0
1768228147851338,52931,14550,49.0,27,0,0
1768228147851839,52931,14550,44.0,116,0,0
1768228147852652,52931,14550,42.0,129,0,0
1768228147853158,52931,14550,34.0,29,0,0
1768228147853673,52931,14550,34.0,137,0,0
1768228147854474,52931,14550,60.0,24,0,0
1768228147855485,52931,14550,53.0,124,0,0
1768228147856071,52931,14550,31.0,2,0,0
1768228147856849,52931,14550,64.0,164,0,0
1768228147857551,52931,14550,24.0,168,0,0
1768228147858221,52931,14550,42.0,136,0,0
1768228147858791,52931,14550,42.0,193,0,0
1768228147859662,52931,14550,48.0,32,0,0
1768228147860484,52931,14550,40.0,241,0,0
1768228147861097,52931,14550,70.0,87,0,0
1768228147862282,52931,14550,61.0,147,0,0
1768228147863017,52931,14550,64.0,11030,0,0
1768228148089875,52931,14550,48.0,163,0,0
1768228148093032,52931,14550,44.0,178,0,0
1768228148095963,52931,14550,48.0,30,0,0
1768228148100904,52931,14550,48.0,33,0,0
1768228148104917,52931,14550,39.0,74,0,0
1768228148109711,52931,14550,51.0,1,0,0
1768228148120081,52931,14550,22.0,125,0,0
1768228148122757,52931,14550,27.0,152,0,0
1768228148126926,52931,14550,45.0,62,0,0
1768228148131402,52931,14550,26.0,42,0,0
1768228148134262,52931,14550,32.0,36,0,0
1768228148138323,52931,14550,62.0,65,0,0
1768228148142830,52931,14550,49.0,27,0,0
1768228148145914,52931,14550,44.0,116,0,0
1768228148148858,52931,14550,42.0,129,0,0
1768228148152160,52931,14550,34.0,29,0,0
1768228148154696,52931,14550,34.0,137,0,0
1768228148157197,52931,14550,60.0,24,0,0
1768228148163812,52931,14550,53.0,124,0,0
1768228148166793,52931,14550,31.0,2,0,0
1768228148168178,52931,14550,64.0,164,0,0
1768228148169854,52931,14550,24.0,168,0,0
1768228148171228,52931,14550,42.0,136,0,0
1768228148172204,52931,14550,42.0,193,0,0
1768228148173440,52931,14550,48.0,32,0,0
1768228148174554,52931,14550,40.0,241,0,0
1768228148176249,52931,14550,70.0,87,0,0
1768228148177856,52931,14550,61.0,147,0,0
1768228148179149,52931,14550,64.0,11030,0,0
1768228148253466,5760,58419,,264,1,0
1768228148254420,52931,14550,47.0,264,0,0
1768228148343027,52931,14550,48.0,163,0,0
1768228148344908,52931,14550,44.0,178,0,0
1768228148345978,52931,14550,48.0,30,0,0
1768228148349676,52931,14550,48.0,33,0,0
1768228148352053,52931,14550,39.0,74,0,0
1768228148355701,52931,14550,51.0,1,0,0
1768228148357330,52931,14550,22.0,125,0,0
1768228148359057,52931,14550,27.0,152,0,0
1768228148360317,52931,14550,45.0,62,0,0
1768228148361995,52931,14550,26.0,42,0,0
1768228148364200,52931,14550,32.0,36,0,0
1768228148365192,52931,14550,62.0,65,0,0
1768228148366682,52931,14550,49.0,27,0,0
1768228148367955,52931,14550,44.0,116,0,0
1768228148368936,52931,14550,42.0,129,0,0
1768228148369863,52931,14550,34.0,29,0,0
1768228148371118,52931,14550,34.0,137,0,0
1768228148372176,52931,14550,60.0,24,0,0
1768228148373973,52931,14550,53.0,124,0,0
1768228148375036,52931,14550,31.0,2,0,0
1768228148376173,52931,14550,64.0,164,0,0
1768228148377068,52931,14550,24.0,168,0,0
1768228148378579,52931,14550,42.0,136,0,0
1768228148379938,52931,14550,42.0,193,0,0
1768228148381055,52931,14550,48.0,32,0,0
1768228148381901,52931,14550,40.0,241,0,0
1768228148383407,52931,14550,70.0,87,0,0
1768228148384692,52931,14550,61.0,147,0,0
1768228148385993,52931,14550,64.0,11030,0,0
1768228148467075,58419,5760,,0,1,0
1768228148595039,52931,14550,48.0,163,0,0
1768228148597289,52931,14550,44.0,178,0,0
1768228148599698,52931,14550,48.0,30,0,0
1768228148603669,52931,14550,48.0,33,0,0
1768228148605854,52931,14550,39.0,74,0,0
1768228148613591,52931,14550,51.0,1,0,0
1768228148619340,52931,14550,22.0,125,0,0
1768228148622022,52931,14550,27.0,152,0,0
1768228148626497,52931,14550,45.0,62,0,0
1768228148630215,52931,14550,26.0,42,0,0
1768228148633339,52931,14550,32.0,36,0,0
1768228148634742,52931,14550,62.0,65,0,0
1768228148637662,52931,14550,49.0,27,0,0
1768228148639509,52931,14550,44.0,116,0,0
1768228148641532,52931,14550,42.0,129,0,0
1768228148644740,52931,14550,34.0,29,0,0
1768228148646981,52931,14550,34.0,137,0,0
1768228148648952,52931,14550,60.0,24,0,0
1768228148651642,52931,14550,53.0,124,0,0
1768228148654708,52931,14550,31.0,2,0,0
1768228148658720,52931,14550,64.0,164,0,0
1768228148660413,52931,14550,24.0,168,0,0
1768228148661351,5760,58419,,0,1,0
1768228148662345,52931,14550,42.0,136,0,0
1768228148664019,52931,14550,42.0,193,0,0
1768228148665448,52931,14550,48.0,32,0,0
1768228148667048,52931,14550,40.0,241,0,0
1768228148669905,52931,14550,70.0,87,0,0
1768228148671722,52931,14550,61.0,147,0,0
1768228148674526,52931,14550,64.0,11030,0,0
1768228148678617,52931,14550,29.0,0,0,0
1768228148755271,5760,58419,,264,1,0
1768228148756402,52931,14550,47.0,264,0,0
1768228148844375,52931,14550,48.0,163,0,0
1768228148846854,52931,14550,44.0,178,0,0
1768228148848969,52931,14550,48.0,30,0,0
1768228148852373,52931,14550,48.0,33,0,0
1768228148854129,52931,14550,39.0,74,0,0
1768228148857455,52931,14550,51.0,1,0,0
1768228148861696,52931,14550,22.0,125,0,0
1768228148863221,52931,14550,27.0,152,0,0
1768228148864369,52931,14550,45.0,62,0,0
1768228148866693,52931,14550,26.0,42,0,0
1768228148869292,52931,14550,32.0,36,0,0
1768228148870845,52931,14550,62.0,65,0,0
1768228148872729,52931,14550,49.0,27,0,0
1768228148874194,52931,14550,44.0,116,0,0
1768228148875675,52931,14550,42.0,129,0,0
1768228148877855,52931,14550,34.0,29,0,0
1768228148879942,52931,14550,34.0,137,0,0
1768228148881439,52931,14550,60.0,24,0,0
1768228148884101,52931,14550,53.0,124,0,0
1768228148886291,52931,14550,31.0,2,0,0
1768228148887999,52931,14550,64.0,164,0,0
1768228148889514,52931,14550,24.0,168,0,0
1768228148891323,52931,14550,42.0,136,0,0
1768228148893643,52931,14550,42.0,193,0,0
1768228148896398,52931,14550,48.0,32,0,0
1768228148898098,52931,14550,40.0,241,0,0
1768228148899604,52931,14550,70.0,87,0,0
1768228148901083,52931,14550,61.0,147,0,0
1768228148903618,52931,14550,64.0,11030,0,0
1768228149095497,52931,14550,48.0,163,0,0
1768228149098923,52931,14550,44.0,178,0,0
1768228149101458,52931,14550,48.0,30,0,0
1768228149105607,52931,14550,48.0,33,0,0
1768228149108605,52931,14550,39.0,74,0,0
1768228149114386,52931,14550,51.0,1,0,0
1768228149120859,52931,14550,22.0,125,0,0
1768228149126243,52931,14550,27.0,152,0,0
1768228149129491,52931,14550,45.0,62,0,0
1768228149136723,52931,14550,26.0,42,0,0
1768228149143797,52931,14550,32.0,36,0,0
1768228149146349,52931,14550,62.0,65,0,0
1768228149148998,52931,14550,49.0,27,0,0
1768228149151112,52931,14550,44.0,116,0,0
1768228149153248,52931,14550,42.0,129,0,0
1768228149156159,52931,14550,34.0,29,0,0
1768228149157744,52931,14550,34.0,137,0,0
1768228149160067,52931,14550,60.0,24,0,0
1768228149163667,52931,14550,53.0,124,0,0
1768228149165649,52931,14550,31.0,2,0,0
1768228149167289,52931,14550,64.0,164,0,0
1768228149168884,52931,14550,24.0,168,0,0
1768228149171539,52931,14550,42.0,136,0,0
1768228149174704,52931,14550,42.0,193,0,0
1768228149177029,52931,14550,48.0,32,0,0
1768228149178428,52931,14550,40.0,241,0,0
1768228149180151,52931,14550,70.0,87,0,0
1768228149182060,52931,14550,61.0,147,0,0
1768228149184317,52931,14550,64.0,11030,0,0
1768228149260271,5760,58419,,264,1,0
1768228149261364,52931,14550,47.0,264,0,0
1768228149346191,52931,14550,48.0,163,0,0
1768228149348452,52931,14550,44.0,178,0,0
1768228149351973,52931,14550,48.0,30,0,0
1768228149354055,52931,14550,48.0,33,0,0
1768228149355494,52931,14550,39.0,74,0,0
1768228149359666,52931,14550,51.0,1,0,0
1768228149363325,52931,14550,22.0,125,0,0
1768228149366095,52931,14550,27.0,152,0,0
1768228149368676,52931,14550,45.0,62,0,0
1768228149373058,52931,14550,26.0,42,0,0
1768228149377949,52931,14550,32.0,36,0,0
1768228149380376,52931,14550,62.0,65,0,0
1768228149382177,52931,14550,49.0,27,0,0
1768228149384442,52931,14550,44.0,116,0,0
1768228149385764,52931,14550,42.0,129,0,0
1768228149387313,52931,14550,34.0,29,0,0
1768228149388846,52931,14550,34.0,137,0,0
1768228149390569,52931,14550,60.0,24,0,0
1768228149393092,52931,14550,53.0,124,0,0
1768228149395949,52931,14550,31.0,2,0,0
1768228149397804,52931,14550,64.0,164,0,0
1768228149399528,52931,14550,24.0,168,0,0
1768228149401348,52931,14550,42.0,136,0,0
1768228149402732,52931,14550,42.0,193,0,0
1768228149404696,52931,14550,48.0,32,0,0
1768228149406772,52931,14550,40.0,241,0,0
1768228149408873,52931,14550,70.0,87,0,0
1768228149412266,52931,14550,61.0,147,0,0
1768228149414566,52931,14550,64.0,11030,0,0
1768228149473226,58419,5760,,0,1,0
1768228149600981,52931,14550,48.0,163,0,0
1768228149603512,52931,14550,44.0,178,0,0
1768228149605726,52931,14550,48.0,30,0,0
1768228149608257,52931,14550,48.0,33,0,0
1768228149610464,52931,14550,39.0,74,0,0
1768228149614915,52931,14550,51.0,1,0,0
1768228149621291,52931,14550,22.0,125,0,0
1768228149624986,52931,14550,27.0,152,0,0
1768228149627184,52931,14550,45.0,62,0,0
1768228149630060,52931,14550,26.0,42,0,0
1768228149632769,52931,14550,32.0,36,0,0
1768228149634722,52931,14550,62.0,65,0,0
1768228149635436,52931,14550,49.0,27,0,0
1768228149636042,52931,14550,44.0,116,0,0
1768228149637044,52931,14550,42.0,129,0,0
1768228149637757,52931,14550,34.0,29,0,0
1768228149639129,52931,14550,34.0,137,0,0
1768228149640268,52931,14550,60.0,24,0,0
1768228149641526,52931,14550,53.0,124,0,0
1768228149642930,52931,14550,31.0,2,0,0
1768228149643711,52931,14550,64.0,164,0,0
1768228149644229,52931,14550,24.0,168,0,0
1768228149645590,52931,14550,42.0,136,0,0
1768228149646592,52931,14550,42.0,193,0,0
1768228149647562,52931,14550,48.0,32,0,0
1768228149649320,52931,14550,40.0,241,0,0
1768228149650072,52931,14550,70.0,87,0,0
1768228149650892,52931,14550,61.0,147,0,0
1768228149651882,52931,14550,64.0,11030,0,0
1768228149672606,5760,58419,,0,1,0
1768228149673181,52931,14550,29.0,0,0,0
1768228149761249,5760,58419,,264,1,0
1768228149761904,52931,14550,47.0,264,0,0
1768228149851371,52931,14550,48.0,163,0,0
1768228149853468,52931,14550,44.0,178,0,0
1768228149855741,52931,14550,48.0,30,0,0
1768228149858308,52931,14550,48.0,33,0,0
1768228149860180,52931,14550,39.0,74,0,0
1768228149862801,52931,14550,51.0,1,0,0
1768228149865019,52931,14550,22.0,125,0,0
1768228149866864,52931,14550,27.0,152,0,0
1768228149868238,52931,14550,45.0,62,0,0
1768228149870789,52931,14550,26.0,42,0,0
1768228149872644,52931,14550,32.0,36,0,0
1768228149874138,52931,14550,62.0,65,0,0
1768228149875360,52931,14550,49.0,27,0,0
1768228149876874,52931,14550,44.0,116,0,0
1768228149878108,52931,14550,42.0,129,0,0
1768228149879478,52931,14550,34.0,29,0,0
1768228149880809,52931,14550,34.0,137,0,0
1768228149882370,52931,14550,60.0,24,0,0
1768228149884033,52931,14550,53.0,124,0,0
1768228149886719,52931,14550,31.0,2,0,0
1768228149887973,52931,14550,64.0,164,0,0
1768228149889431,52931,14550,24.0,168,0,0
1768228149890875,52931,14550,42.0,136,0,0
1768228149892193,52931,14550,42.0,193,0,0
1768228149893607,52931,14550,48.0,32,0,0
1768228149895067,52931,14550,40.0,241,0,0
1768228149896502,52931,14550,70.0,87,0,0
1768228149898275,52931,14550,61.0,147,0,0
1768228149899967,52931,14550,64.0,11030,0,0
1768228150103423,52931,14550,48.0,163,0,0
1768228150106164,52931,14550,44.0,178,0,0
1768228150107756,52931,14550,48.0,30,0,0
1768228150111500,52931,14550,48.0,33,0,0
1768228150113592,52931,14550,39.0,74,0,0
1768228150119736,52931,14550,51.0,1,0,0
1768228150126314,52931,14550,22.0,125,0,0
1768228150130033,52931,14550,27.0,152,0,0
1768228150133678,52931,14550,45.0,62,0,0
1768228150137098,52931,14550,26.0,42,0,0
1768228150139414,52931,14550,32.0,36,0,0
1768228150140716,52931,14550,62.0,65,0,0
1768228150144718,52931,14550,49.0,27,0,0
1768228150147767,52931,14550,44.0,116,0,0
1768228150149321,52931,14550,42.0,129,0,0
1768228150150651,52931,14550,34.0,29,0,0
1768228150152874,52931,14550,34.0,137,0,0
1768228150159509,52931,14550,60.0,24,0,0
1768228150163381,52931,14550,53.0,124,0,0
1768228150165810,52931,14550,31.0,2,0,0
1768228150168682,52931,14550,64.0,164,0,0
1768228150170691,52931,14550,24.0,168,0,0
1768228150174056,52931,14550,42.0,136,0,0
1768228150175766,52931,14550,42.0,193,0,0
1768228150178241,52931,14550,48.0,32,0,0
1768228150179479,52931,14550,40.0,241,0,0
1768228150182015,52931,14550,70.0,87,0,0
1768228150183625,52931,14550,61.0,147,0,0
1768228150185491,52931,14550,64.0,11030,0,0
1768228150265381,5760,58419,,264,1,0
1768228150266415,52931,14550,47.0,264,0,0
1768228150351658,52931,14550,48.0,163,0,0
1768228150354892,52931,14550,44.0,178,0,0
1768228150356232,52931,14550,48.0,30,0,0
1768228150358850,52931,14550,48.0,33,0,0
1768228150363283,52931,14550,39.0,74,0,0
1768228150366632,52931,14550,51.0,1,0,0
1768228150368814,52931,14550,22.0,125,0,0
1768228150370656,52931,14550,27.0,152,0,0
1768228150371870,52931,14550,45.0,62,0,0
1768228150374036,52931,14550,26.0,42,0,0
1768228150377285,52931,14550,32.0,36,0,0
1768228150379223,52931,14550,62.0,65,0,0
1768228150381089,52931,14550,49.0,27,0,0
1768228150382984,52931,14550,44.0,116,0,0
1768228150384214,52931,14550,42.0,129,0,0
1768228150385703,52931,14550,34.0,29,0,0
1768228150386920,52931,14550,34.0,137,0,0
1768228150388102,52931,14550,60.0,24,0,0
1768228150390352,52931,14550,53.0,124,0,0
1768228150392276,52931,14550,31.0,2,0,0
1768228150393756,52931,14550,64.0,164,0,0
1768228150395316,52931,14550,24.0,168,0,0
1768228150396667,52931,14550,42.0,136,0,0
1768228150397803,52931,14550,42.0,193,0,0
1768228150399324,52931,14550,48.0,32,0,0
1768228150400882,52931,14550,40.0,241,0,0
1768228150402347,52931,14550,70.0,87,0,0
1768228150404953,52931,14550,61.0,147,0,0
1768228150406801,52931,14550,64.0,11030,0,0
1768228150475969,58419,5760,,0,1,0
1768228150604817,52931,14550,48.0,163,0,0
1768228150606915,52931,14550,44.0,178,0,0
1768228150610999,52931,14550,48.0,30,0,0
1768228150616357,52931,14550,48.0,33,0,0
1768228150617781,52931,14550,39.0,74,0,0
1768228150622454,52931,14550,51.0,1,0,0
1768228150628399,52931,14550,22.0,125,0,0
1768228150631410,52931,14550,27.0,152,0,0
1768228150634253,52931,14550,45.0,62,0,0
1768228150637216,52931,14550,26.0,42,0,0
1768228150642820,52931,14550,32.0,36,0,0
1768228150646419,52931,14550,62.0,65,0,0
1768228150649268,52931,14550,49.0,27,0,0
1768228150651059,52931,14550,44.0,116,0,0
1768228150654124,52931,14550,42.0,129,0,0
1768228150658336,52931,14550,34.0,29,0,0
1768228150662734,52931,14550,34.0,137,0,0
1768228150665065,52931,14550,60.0,24,0,0
1768228150674037,5760,58419,,0,1,0
1768228150674241,52931,14550,53.0,124,0,0
1768228150676047,52931,14550,31.0,2,0,0
1768228150677671,52931,14550,64.0,164,0,0
1768228150680783,52931,14550,24.0,168,0,0
1768228150682976,52931,14550,42.0,136,0,0
1768228150685917,52931,14550,42.0,193,0,0
1768228150687343,52931,14550,48.0,32,0,0
1768228150688854,52931,14550,40.0,241,0,0
1768228150690120,52931,14550,70.0,87,0,0
1768228150692712,52931,14550,61.0,147,0,0
1768228150694704,52931,14550,64.0,11030,0,0
1768228150697719,52931,14550,29.0,0,0,0
1768228150766472,5760,58419,,264,1,0
1768228150768018,52931,14550,47.0,264,0,0
1768228150854211,52931,14550,48.0,163,0,0
1768228150856432,52931,14550,44.0,178,0,0
1768228150858636,52931,14550,48.0,30,0,0
1768228150864124,52931,14550,48.0,33,0,0
1768228150866627,52931,14550,39.0,74,0,0
1768228150869767,52931,14550,51.0,1,0,0
1768228150872438,52931,14550,22.0,125,0,0
1768228150874913,52931,14550,27.0,152,0,0
1768228150876251,52931,14550,45.0,62,0,0
1768228150878747,52931,14550,26.0,42,0,0
1768228150881821,52931,14550,32.0,36,0,0
1768228150883029,52931,14550,62.0,65,0,0
1768228150884669,52931,14550,49.0,27,0,0
1768228150885856,52931,14550,44.0,116,0,0
1768228150887086,52931,14550,42.0,129,0,0
1768228150888474,52931,14550,34.0,29,0,0
1768228150890416,52931,14550,34.0,137,0,0
1768228150892953,52931,14550,60.0,24,0,0
1768228150895386,52931,14550,53.0,124,0,0
1768228150897770,52931,14550,31.0,2,0,0
1768228150899592,52931,14550,64.0,164,0,0
1768228150900980,52931,14550,24.0,168,0,0
1768228150902947,52931,14550,42.0,136,0,0
1768228150904424,52931,14550,42.0,193,0,0
1768228150906173,52931,14550,48.0,32,0,0
1768228150907707,52931,14550,40.0,241,0,0
1768228150908944,52931,14550,70.0,87,0,0
1768228150911011,52931,14550,61.0,147,0,0
1768228150912540,52931,14550,64.0,11030,0,0
1768228151107778,52931,14550,48.0,163,0,0
1768228151110676,52931,14550,44.0,178,0,0
1768228151111933,52931,14550,48.0,30,0,0
1768228151116910,52931,14550,48.0,33,0,0
1768228151122468,52931,14550,39.0,74,0,0
1768228151125904,52931,14550,51.0,1,0,0
1768228151133750,52931,14550,22.0,125,0,0
1768228151137020,52931,14550,27.0,152,0,0
1768228151139014,52931,14550,45.0,62,0,0
1768228151144413,52931,14550,26.0,42,0,0
1768228151147149,52931,14550,32.0,36,0,0
1768228151148956,52931,14550,62.0,65,0,0
1768228151150242,52931,14550,49.0,27,0,0
1768228151151537,52931,14550,44.0,116,0,0
1768228151153039,52931,14550,42.0,129,0,0
1768228151154653,52931,14550,34.0,29,0,0
1768228151156160,52931,14550,34.0,137,0,0
1768228151157567,52931,14550,60.0,24,0,0
1768228151159749,52931,14550,53.0,124,0,0
1768228151162629,52931,14550,31.0,2,0,0
1768228151164060,52931,14550,64.0,164,0,0
1768228151165683,52931,14550,24.0,168,0,0
1768228151167076,52931,14550,42.0,136,0,0
1768228151168796,52931,14550,42.0,193,0,0
1768228151170737,52931,14550,48.0,32,0,0
1768228151172793,52931,14550,40.0,241,0,0
1768228151174311,52931,14550,70.0,87,0,0
1768228151176156,52931,14550,61.0,147,0,0
1768228151177852,52931,14550,64.0,11030,0,0
1768228151275058,5760,58419,,264,1,0
1768228151276072,52931,14550,47.0,264,0,0
1768228151357744,52931,14550,48.0,163,0,0
1768228151361673,52931,14550,44.0,178,0,0
1768228151364222,52931,14550,48.0,30,0,0
1768228151367732,52931,14550,48.0,33,0,0
1768228151370242,52931,14550,39.0,74,0,0
1768228151374307,52931,14550,51.0,1,0,0
1768228151379654,52931,14550,22.0,125,0,0
1768228151382472,52931,14550,27.0,152,0,0
1768228151384591,52931,14550,45.0,62,0,0
1768228151388425,52931,14550,26.0,42,0,0
1768228151392327,52931,14550,32.0,36,0,0
1768228151395080,52931,14550,62.0,65,0,0
1768228151397365,52931,14550,49.0,27,0,0
1768228151400044,52931,14550,44.0,116,0,0
1768228151402519,52931,14550,42.0,129,0,0
1768228151404149,52931,14550,34.0,29,0,0
1768228151405744,52931,14550,34.0,137,0,0
1768228151408109,52931,14550,60.0,24,0,0
1768228151410917,52931,14550,53.0,124,0,0
1768228151414196,52931,14550,31.0,2,0,0
1768228151417335,52931,14550,64.0,164,0,0
1768228151419458,52931,14550,24.0,168,0,0
1768228151421850,52931,14550,42.0,136,0,0
1768228151424152,52931,14550,42.0,193,0,0
1768228151426565,52931,14550,48.0,32,0,0
1768228151428684,52931,14550,40.0,241,0,0
1768228151430667,52931,14550,70.0,87,0,0
1768228151433250,52931,14550,61.0,147,0,0
1768228151435207,52931,14550,64.0,11030,0,0
1768228151485149,58419,5760,,0,1,0
1768228151612745,52931,14550,48.0,163,0,0
1768228151615033,52931,14550,44.0,178,0,0
1768228151616875,52931,14550,48.0,30,0,0
1768228151621058,52931,14550,48.0,33,0,0
1768228151623569,52931,14550,39.0,74,0,0
1768228151630857,52931,14550,51.0,1,0,0
1768228151637838,52931,14550,22.0,125,0,0
1768228151641742,52931,14550,27.0,152,0,0
1768228151643823,52931,14550,45.0,62,0,0
1768228151648343,52931,14550,26.0,42,0,0
1768228151651321,52931,14550,32.0,36,0,0
1768228151653248,52931,14550,62.0,65,0,0
1768228151655783,52931,14550,49.0,27,0,0
1768228151659015,52931,14550,44.0,116,0,0
1768228151662963,52931,14550,42.0,129,0,0
1768228151667203,52931,14550,34.0,29,0,0
1768228151670640,52931,14550,34.0,137,0,0
1768228151673396,52931,14550,60.0,24,0,0
1768228151677998,52931,14550,53.0,124,0,0
1768228151681742,52931,14550,31.0,2,0,0
1768228151683193,5760,58419,,0,1,0
1768228151685285,52931,14550,64.0,164,0,0
1768228151687567,52931,14550,24.0,168,0,0
1768228151690154,52931,14550,42.0,136,0,0
1768228151693643,52931,14550,42.0,193,0,0
1768228151697301,52931,14550,48.0,32,0,0
1768228151699844,52931,14550,40.0,241,0,0
1768228151703903,52931,14550,70.0,87,0,0
1768228151706850,52931,14550,61.0,147,0,0
1768228151711607,52931,14550,64.0,11030,0,0
1768228151717355,52931,14550,29.0,0,0,0
1768228151776965,5760,58419,,264,1,0
1768228151778224,52931,14550,47.0,264,0,0
1768228151864994,52931,14550,48.0,163,0,0
1768228151867897,52931,14550,44.0,178,0,0
1768228151871052,52931,14550,48.0,30,0,0
1768228151874636,52931,14550,48.0,33,0,0
1768228151876934,52931,14550,39.0,74,0,0
1768228151882296,52931,14550,51.0,1,0,0
1768228151885545,52931,14550,22.0,125,0,0
1768228151887992,52931,14550,27.0,152,0,0
1768228151890174,52931,14550,45.0,62,0,0
1768228151893660,52931,14550,26.0,42,0,0
1768228151896315,52931,14550,32.0,36,0,0
1768228151897906,52931,14550,62.0,65,0,0
1768228151899431,52931,14550,49.0,27,0,0
1768228151901145,52931,14550,44.0,116,0,0
1768228151903237,52931,14550,42.0,129,0,0
1768228151905378,52931,14550,34.0,29,0,0
1768228151907490,52931,14550,34.0,137,0,0
1768228151909126,52931,14550,60.0,24,0,0
1768228151911725,52931,14550,53.0,124,0,0
1768228151913601,52931,14550,31.0,2,0,0
1768228151915715,52931,14550,64.0,164,0,0
1768228151917175,52931,14550,24.0,168,0,0
1768228151919374,52931,14550,42.0,136,0,0
1768228151920797,52931,14550,42.0,193,0,0
1768228151922605,52931,14550,48.0,32,0,0
1768228151924293,52931,14550,40.0,241,0,0
1768228151926331,52931,14550,70.0,87,0,0
1768228151928099,52931,14550,61.0,147,0,0
1768228151930967,52931,14550,64.0,11030,0,0
1768228152111407,52931,14550,48.0,163,0,0
1768228152114455,52931,14550,44.0,178,0,0
1768228152118565,52931,14550,48.0,30,0,0
1768228152121183,52931,14550,48.0,33,0,0
1768228152123632,52931,14550,39.0,74,0,0
1768228152128169,52931,14550,51.0,1,0,0
1768228152133004,52931,14550,22.0,125,0,0
1768228152135399,52931,14550,27.0,152,0,0
1768228152137977,52931,14550,45.0,62,0,0
1768228152142081,52931,14550,26.0,42,0,0
1768228152144835,52931,14550,32.0,36,0,0
1768228152146784,52931,14550,62.0,65,0,0
1768228152149160,52931,14550,49.0,27,0,0
1768228152152444,52931,14550,44.0,116,0,0
1768228152153807,52931,14550,42.0,129,0,0
1768228152157520,52931,14550,34.0,29,0,0
1768228152162188,52931,14550,34.0,137,0,0
1768228152163734,52931,14550,60.0,24,0,0
1768228152165921,52931,14550,53.0,124,0,0
1768228152169505,52931,14550,31.0,2,0,0
1768228152171416,52931,14550,64.0,164,0,0
1768228152175527,52931,14550,24.0,168,0,0
1768228152177688,52931,14550,42.0,136,0,0
1768228152179661,52931,14550,42.0,193,0,0
1768228152182611,52931,14550,48.0,32,0,0
1768228152186154,52931,14550,40.0,241,0,0
1768228152187767,52931,14550,70.0,87,0,0
1768228152192805,52931,14550,61.0,147,0,0
1768228152195928,52931,14550,64.0,11030,0,0
1768228152276984,5760,58419,,264,1,0
1768228152278260,52931,14550,47.0,264,0,0
1768228152367325,52931,14550,48.0,163,0,0
1768228152370431,52931,14550,44.0,178,0,0
1768228152372387,52931,14550,48.0,30,0,0
1768228152375275,52931,14550,48.0,33,0,0
1768228152378719,52931,14550,39.0,74,0,0
1768228152385027,52931,14550,51.0,1,0,0
1768228152389173,52931,14550,22.0,125,0,0
1768228152390975,52931,14550,27.0,152,0,0
1768228152393475,52931,14550,45.0,62,0,0
1768228152396520,52931,14550,26.0,42,0,0
1768228152400137,52931,14550,32.0,36,0,0
1768228152401924,52931,14550,62.0,65,0,0
1768228152404263,52931,14550,49.0,27,0,0
1768228152407128,52931,14550,44.0,116,0,0
1768228152409612,52931,14550,42.0,129,0,0
1768228152412095,52931,14550,34.0,29,0,0
1768228152414119,52931,14550,34.0,137,0,0
1768228152416136,52931,14550,60.0,24,0,0
1768228152419145,52931,14550,53.0,124,0,0
1768228152422895,52931,14550,31.0,2,0,0
1768228152425647,52931,14550,64.0,164,0,0
1768228152427938,52931,14550,24.0,168,0,0
1768228152430114,52931,14550,42.0,136,0,0
1768228152432247,52931,14550,42.0,193,0,0
1768228152434378,52931,14550,48.0,32,0,0
1768228152436441,52931,14550,40.0,241,0,0
1768228152438607,52931,14550,70.0,87,0,0
1768228152441234,52931,14550,61.0,147,0,0
1768228152443414,52931,14550,64.0,11030,0,0
1768228152468375,58419,5760,,66,1,0
1768228152491849,58419,5760,,0,1,0
1768228152620868,52931,14550,48.0,163,0,0
1768228152623151,52931,14550,44.0,178,0,0
1768228152625240,52931,14550,48.0,30,0,0
1768228152628916,52931,14550,48.0,33,0,0
1768228152632601,52931,14550,39.0,74,0,0
1768228152637361,52931,14550,51.0,1,0,0
1768228152644740,52931,14550,22.0,125,0,0
1768228152648362,52931,14550,27.0,152,0,0
1768228152650153,52931,14550,45.0,62,0,0
1768228152655923,52931,14550,26.0,42,0,0
1768228152661523,52931,14550,32.0,36,0,0
1768228152665070,52931,14550,62.0,65,0,0
1768228152667318,52931,14550,49.0,27,0,0
1768228152670162,52931,14550,44.0,116,0,0
1768228152674250,52931,14550,42.0,129,0,0
1768228152677008,52931,14550,34.0,29,0,0
1768228152679775,52931,14550,34.0,137,0,0
1768228152684462,52931,14550,60.0,24,0,0
1768228152687896,52931,14550,53.0,124,0,0
1768228152690454,52931,14550,31.0,2,0,0
1768228152690631,5760,58419,,0,1,0
1768228152694083,52931,14550,64.0,164,0,0
1768228152695678,52931,14550,24.0,168,0,0
1768228152699045,52931,14550,42.0,136,0,0
1768228152701205,52931,14550,42.0,193,0,0
1768228152703000,52931,14550,48.0,32,0,0
1768228152705839,52931,14550,40.0,241,0,0
1768228152708259,52931,14550,70.0,87,0,0
1768228152711143,52931,14550,61.0,147,0,0
1768228152715418,52931,14550,64.0,11030,0,0
1768228152719515,52931,14550,29.0,0,0,0
1768228152784321,5760,58419,,264,1,0
1768228152785627,52931,14550,47.0,264,0,0
1768228152867695,52931,14550,48.0,163,0,0
1768228152871754,52931,14550,44.0,178,0,0
1768228152875246,52931,14550,48.0,30,0,0
1768228152878280,52931,14550,48.0,33,0,0
1768228152881522,52931,14550,39.0,74,0,0
1768228152884685,52931,14550,51.0,1,0,0
1768228152888624,52931,14550,22.0,125,0,0
1768228152891097,52931,14550,27.0,152,0,0
1768228152892890,52931,14550,45.0,62,0,0
1768228152895964,52931,14550,26.0,42,0,0
1768228152899708,52931,14550,32.0,36,0,0
1768228152901964,52931,14550,62.0,65,0,0
1768228152904212,52931,14550,49.0,27,0,0
1768228152907174,52931,14550,44.0,116,0,0
1768228152909850,52931,14550,42.0,129,0,0
1768228152913244,52931,14550,34.0,29,0,0
1768228152915698,52931,14550,34.0,137,0,0
1768228152917575,52931,14550,60.0,24,0,0
1768228152921123,52931,14550,53.0,124,0,0
1768228152924315,52931,14550,31.0,2,0,0
1768228152926793,52931,14550,64.0,164,0,0
1768228152928761,52931,14550,24.0,168,0,0
1768228152930917,52931,14550,42.0,136,0,0
1768228152936603,52931,14550,42.0,193,0,0
1768228152939419,52931,14550,48.0,32,0,0
1768228152942510,52931,14550,40.0,241,0,0
1768228152945233,52931,14550,70.0,87,0,0
1768228152948205,52931,14550,61.0,147,0,0
1768228152950124,52931,14550,64.0,11030,0,0
1768228153119047,52931,14550,48.0,163,0,0
1768228153123705,52931,14550,44.0,178,0,0
1768228153125965,52931,14550,48.0,30,0,0
1768228153129398,52931,14550,48.0,33,0,0
1768228153132159,52931,14550,39.0,74,0,0
1768228153136961,52931,14550,51.0,1,0,0
1768228153141468,52931,14550,22.0,125,0,0
1768228153144116,52931,14550,27.0,152,0,0
1768228153146605,52931,14550,45.0,62,0,0
1768228153151017,52931,14550,26.0,42,0,0
1768228153154669,52931,14550,32.0,36,0,0
1768228153156880,52931,14550,62.0,65,0,0
1768228153159244,52931,14550,49.0,27,0,0
1768228153161674,52931,14550,44.0,116,0,0
1768228153163868,52931,14550,42.0,129,0,0
1768228153166528,52931,14550,34.0,29,0,0
1768228153168580,52931,14550,34.0,137,0,0
1768228153170556,52931,14550,60.0,24,0,0
1768228153172873,52931,14550,53.0,124,0,0
1768228153175663,52931,14550,31.0,2,0,0
1768228153178280,52931,14550,64.0,164,0,0
1768228153180486,52931,14550,24.0,168,0,0
1768228153183197,52931,14550,42.0,136,0,0
1768228153185894,52931,14550,42.0,193,0,0
1768228153188656,52931,14550,48.0,32,0,0
1768228153191860,52931,14550,40.0,241,0,0
1768228153195470,52931,14550,70.0,87,0,0
1768228153198271,52931,14550,61.0,147,0,0
1768228153200869,52931,14550,64.0,11030,0,0
1768228153284932,5760,58419,,264,1,0
1768228153286662,52931,14550,47.0,264,0,0
1768228153372573,52931,14550,48.0,163,0,0
1768228153376984,52931,14550,44.0,178,0,0
1768228153379026,52931,14550,48.0,30,0,0
1768228153383757,52931,14550,48.0,33,0,0
1768228153386405,52931,14550,39.0,74,0,0
1768228153390682,52931,14550,51.0,1,0,0
1768228153395707,52931,14550,22.0,125,0,0
1768228153398945,52931,14550,27.0,152,0,0
1768228153401220,52931,14550,45.0,62,0,0
1768228153405310,52931,14550,26.0,42,0,0
1768228153409674,52931,14550,32.0,36,0,0
1768228153412378,52931,14550,62.0,65,0,0
1768228153414837,52931,14550,49.0,27,0,0
1768228153418400,52931,14550,44.0,116,0,0
1768228153420612,52931,14550,42.0,129,0,0
1768228153423028,52931,14550,34.0,29,0,0
1768228153425346,52931,14550,34.0,137,0,0
1768228153427599,52931,14550,60.0,24,0,0
1768228153430338,52931,14550,53.0,124,0,0
1768228153435173,52931,14550,31.0,2,0,0
1768228153438191,52931,14550,64.0,164,0,0
1768228153440774,52931,14550,24.0,168,0,0
1768228153443222,52931,14550,42.0,136,0,0
1768228153445109,52931,14550,42.0,193,0,0
1768228153447786,52931,14550,48.0,32,0,0
1768228153449869,52931,14550,40.0,241,0,0
1768228153451863,52931,14550,70.0,87,0,0
1768228153454052,52931,14550,61.0,147,0,0
1768228153456570,52931,14550,64.0,11030,0,0
1768228153494424,58419,5760,,0,1,0
1768228153625979,52931,14550,48.0,163,0,0
1768228153628939,52931,14550,44.0,178,0,0
1768228153635693,52931,14550,48.0,30,0,0
1768228153640243,52931,14550,48.0,33,0,0
1768228153645615,52931,14550,39.0,74,0,0
1768228153649802,52931,14550,51.0,1,0,0
1768228153657706,52931,14550,22.0,125,0,0
1768228153661132,52931,14550,27.0,152,0,0
1768228153663373,52931,14550,45.0,62,0,0
1768228153666297,52931,14550,26.0,42,0,0
1768228153672425,52931,14550,32.0,36,0,0
1768228153674136,52931,14550,62.0,65,0,0
1768228153676036,52931,14550,49.0,27,0,0
1768228153677541,52931,14550,44.0,116,0,0
1768228153681462,52931,14550,42.0,129,0,0
1768228153683399,52931,14550,34.0,29,0,0
1768228153685788,52931,14550,34.0,137,0,0
1768228153687908,52931,14550,60.0,24,0,0
1768228153690784,52931,14550,53.0,124,0,0
1768228153694064,52931,14550,31.0,2,0,0
1768228153695841,52931,14550,64.0,164,0,0
1768228153697304,5760,58419,,0,1,0
1768228153698924,52931,14550,24.0,168,0,0
1768228153702795,52931,14550,42.0,136,0,0
1768228153704067,52931,14550,42.0,193,0,0
1768228153705766,52931,14550,48.0,32,0,0
1768228153708401,52931,14550,40.0,241,0,0
1768228153710015,52931,14550,70.0,87,0,0
1768228153711777,52931,14550,61.0,147,0,0
1768228153713812,52931,14550,64.0,11030,0,0
1768228153716578,52931,14550,29.0,0,0,0
1768228153736433,5760,58419,,111,1,0
1768228153737315,52931,14550,33.0,111,0,0
1768228153790764,5760,58419,,264,1,0
1768228153792088,52931,14550,47.0,264,0,0
1768228153874681,52931,14550,48.0,163,0,0
1768228153878056,52931,14550,44.0,178,0,0
1768228153881459,52931,14550,48.0,30,0,0
1768228153883724,52931,14550,48.0,33,0,0
1768228153885866,52931,14550,39.0,74,0,0
1768228153890828,52931,14550,51.0,1,0,0
1768228153893792,52931,14550,22.0,125,0,0
1768228153896012,52931,14550,27.0,152,0,0
1768228153898382,52931,14550,45.0,62,0,0
1768228153902223,52931,14550,26.0,42,0,0
1768228153906370,52931,14550,32.0,36,0,0
1768228153908329,52931,14550,62.0,65,0,0
1768228153909839,52931,14550,49.0,27,0,0
1768228153912392,52931,14550,44.0,116,0,0
1768228153914500,52931,14550,42.0,129,0,0
1768228153916940,52931,14550,34.0,29,0,0
1768228153918656,52931,14550,34.0,137,0,0
1768228153920118,52931,14550,60.0,24,0,0
1768228153922413,52931,14550,53.0,124,0,0
1768228153924367,52931,14550,31.0,2,0,0
1768228153926157,52931,14550,64.0,164,0,0
1768228153928957,52931,14550,24.0,168,0,0
1768228153931123,52931,14550,42.0,136,0,0
1768228153932787,52931,14550,42.0,193,0,0
1768228153934935,52931,14550,48.0,32,0,0
1768228153936439,52931,14550,40.0,241,0,0
1768228153938660,52931,14550,70.0,87,0,0
1768228153941446,52931,14550,61.0,147,0,0
1768228153944284,52931,14550,64.0,11030,0,0
1768228154127087,52931,14550,48.0,163,0,0
1768228154129778,52931,14550,44.0,178,0,0
1768228154131888,52931,14550,48.0,30,0,0
1768228154136565,52931,14550,48.0,33,0,0
1768228154142615,52931,14550,39.0,74,0,0
1768228154147520,52931,14550,51.0,1,0,0
1768228154159332,52931,14550,22.0,125,0,0
1768228154162542,52931,14550,27.0,152,0,0
1768228154165086,52931,14550,45.0,62,0,0
1768228154168932,52931,14550,26.0,42,0,0
1768228154174090,52931,14550,32.0,36,0,0
1768228154176510,52931,14550,62.0,65,0,0
1768228154181036,52931,14550,49.0,27,0,0
1768228154183297,52931,14550,44.0,116,0,0
1768228154186755,52931,14550,42.0,129,0,0
1768228154189159,52931,14550,34.0,29,0,0
1768228154191452,52931,14550,34.0,137,0,0
1768228154193556,52931,14550,60.0,24,0,0
1768228154196129,52931,14550,53.0,124,0,0
1768228154199023,52931,14550,31.0,2,0,0
1768228154200746,52931,14550,64.0,164,0,0
1768228154202159,52931,14550,24.0,168,0,0
1768228154204402,52931,14550,42.0,136,0,0
1768228154206657,52931,14550,42.0,193,0,0
1768228154208992,52931,14550,48.0,32,0,0
1768228154211921,52931,14550,40.0,241,0,0
1768228154214813,52931,14550,70.0,87,0,0
1768228154218404,52931,14550,61.0,147,0,0
1768228154221362,52931,14550,64.0,11030,0,0
1768228154275352,52931,14550,21.0,46,0,0
1768228154278136,52931,14550,40.0,253,0,0
1768228154282708,52931,14550,35.0,253,0,0
1768228154292567,5760,58419,,264,1,0
1768228154293911,52931,14550,47.0,264,0,0
1768228154377477,52931,14550,48.0,163,0,0
1768228154381821,52931,14550,44.0,178,0,0
1768228154384552,52931,14550,48.0,30,0,0
1768228154386431,52931,14550,48.0,33,0,0
1768228154388114,52931,14550,39.0,74,0,0
1768228154392489,52931,14550,51.0,1,0,0
1768228154396264,52931,14550,22.0,125,0,0
1768228154398178,52931,14550,27.0,152,0,0
1768228154399876,52931,14550,45.0,62,0,0
1768228154402963,52931,14550,26.0,42,0,0
1768228154406694,52931,14550,32.0,36,0,0
1768228154408834,52931,14550,62.0,65,0,0
1768228154411015,52931,14550,49.0,27,0,0
1768228154412840,52931,14550,44.0,116,0,0
1768228154415099,52931,14550,42.0,129,0,0
1768228154417656,52931,14550,34.0,29,0,0
1768228154420075,52931,14550,34.0,137,0,0
1768228154421780,52931,14550,60.0,24,0,0
1768228154424244,52931,14550,53.0,124,0,0
1768228154427370,52931,14550,31.0,2,0,0
1768228154429246,52931,14550,64.0,164,0,0
1768228154430661,52931,14550,24.0,168,0,0
1768228154435406,52931,14550,42.0,136,0,0
1768228154437733,52931,14550,42.0,193,0,0
1768228154440079,52931,14550,48.0,32,0,0
1768228154442019,52931,14550,40.0,241,0,0
1768228154443557,52931,14550,70.0,87,0,0
1768228154446641,52931,14550,61.0,147,0,0
1768228154449987,52931,14550,64.0,11030,0,0
1768228154498885,58419,5760,,0,1,0
1768228154631510,52931,14550,48.0,163,0,0
1768228154637027,52931,14550,44.0,178,0,0
1768228154641466,52931,14550,48.0,30,0,0
1768228154644811,52931,14550,48.0,33,0,0
1768228154649362,52931,14550,39.0,74,0,0
1768228154653403,52931,14550,51.0,1,0,0
1768228154657476,52931,14550,22.0,125,0,0
1768228154660852,52931,14550,27.0,152,0,0
1768228154662732,52931,14550,45.0,62,0,0
1768228154667046,52931,14550,26.0,42,0,0
1768228154669970,52931,14550,32.0,36,0,0
1768228154671885,52931,14550,62.0,65,0,0
1768228154673687,52931,14550,49.0,27,0,0
1768228154675857,52931,14550,44.0,116,0,0
1768228154677669,52931,14550,42.0,129,0,0
1768228154680150,52931,14550,34.0,29,0,0
1768228154681786,52931,14550,34.0,137,0,0
1768228154683832,52931,14550,60.0,24,0,0
1768228154691052,52931,14550,53.0,124,0,0
1768228154693421,52931,14550,31.0,2,0,0
1768228154695121,52931,14550,64.0,164,0,0
1768228154698610,52931,14550,24.0,168,0,0
1768228154701488,52931,14550,42.0,136,0,0
1768228154703076,52931,14550,42.0,193,0,0
1768228154705115,52931,14550,48.0,32,0,0
1768228154706462,5760,58419,,0,1,0
1768228154709419,52931,14550,40.0,241,0,0
1768228154711874,52931,14550,70.0,87,0,0
1768228154713555,52931,14550,61.0,147,0,0
1768228154716124,52931,14550,64.0,11030,0,0
1768228154721493,52931,14550,29.0,0,0,0
1768228154795720,5760,58419,,264,1,0
1768228154797158,52931,14550,47.0,264,0,0
1768228154887028,52931,14550,48.0,163,0,0
1768228154889715,52931,14550,44.0,178,0,0
1768228154891390,52931,14550,48.0,30,0,0
1768228154893678,52931,14550,48.0,33,0,0
1768228154899116,52931,14550,39.0,74,0,0
1768228154903304,52931,14550,51.0,1,0,0
1768228154908450,52931,14550,22.0,125,0,0
1768228154911373,52931,14550,27.0,152,0,0
1768228154913593,52931,14550,45.0,62,0,0
1768228154916820,52931,14550,26.0,42,0,0
1768228154920046,52931,14550,32.0,36,0,0
1768228154921668,52931,14550,62.0,65,0,0
1768228154923522,52931,14550,49.0,27,0,0
1768228154925489,52931,14550,44.0,116,0,0
1768228154927460,52931,14550,42.0,129,0,0
1768228154929589,52931,14550,34.0,29,0,0
1768228154931772,52931,14550,34.0,137,0,0
1768228154933844,52931,14550,60.0,24,0,0
1768228154936895,52931,14550,53.0,124,0,0
1768228154938752,52931,14550,31.0,2,0,0
1768228154940664,52931,14550,64.0,164,0,0
1768228154942298,52931,14550,24.0,168,0,0
1768228154944130,52931,14550,42.0,136,0,0
1768228154945621,52931,14550,42.0,193,0,0
1768228154947523,52931,14550,48.0,32,0,0
1768228154949441,52931,14550,40.0,241,0,0
1768228154951415,52931,14550,70.0,87,0,0
1768228154953584,52931,14550,61.0,147,0,0
1768228154955503,52931,14550,64.0,11030,0,0
1768228155137372,52931,14550,48.0,163,0,0
1768228155140921,52931,14550,44.0,178,0,0
1768228155143963,52931,14550,48.0,30,0,0
1768228155147456,52931,14550,48.0,33,0,0
1768228155150852,52931,14550,39.0,74,0,0
1768228155154940,52931,14550,51.0,1,0,0
1768228155163317,52931,14550,22.0,125,0,0
1768228155165890,52931,14550,27.0,152,0,0
1768228155167864,52931,14550,45.0,62,0,0
1768228155170606,52931,14550,26.0,42,0,0
1768228155173227,52931,14550,32.0,36,0,0
1768228155175511,52931,14550,62.0,65,0,0
1768228155178525,52931,14550,49.0,27,0,0
1768228155180942,52931,14550,44.0,116,0,0
1768228155183591,52931,14550,42.0,129,0,0
1768228155187647,52931,14550,34.0,29,0,0
1768228155189933,52931,14550,34.0,137,0,0
1768228155192103,52931,14550,60.0,24,0,0
1768228155196079,52931,14550,53.0,124,0,0
1768228155199049,52931,14550,31.0,2,0,0
1768228155202647,52931,14550,64.0,164,0,0
1768228155205528,52931,14550,24.0,168,0,0
1768228155208801,52931,14550,42.0,136,0,0
1768228155211234,52931,14550,42.0,193,0,0
1768228155213538,52931,14550,48.0,32,0,0
1768228155215039,52931,14550,40.0,241,0,0
1768228155217505,52931,14550,70.0,87,0,0
1768228155219473,52931,14550,61.0,147,0,0
1768228155223375,52931,14550,64.0,11030,0,0
1768228155302844,5760,58419,,264,1,0
1768228155304093,52931,14550,47.0,264,0,0
1768228155388228,52931,14550,48.0,163,0,0
1768228155390282,52931,14550,44.0,178,0,0
1768228155392240,52931,14550,48.0,30,0,0
1768228155394962,52931,14550,48.0,33,0,0
1768228155396589,52931,14550,39.0,74,0,0
1768228155400869,52931,14550,51.0,1,0,0
1768228155405039,52931,14550,22.0,125,0,0
1768228155407802,52931,14550,27.0,152,0,0
1768228155409730,52931,14550,45.0,62,0,0
1768228155413117,52931,14550,26.0,42,0,0
1768228155416308,52931,14550,32.0,36,0,0
1768228155418406,52931,14550,62.0,65,0,0
1768228155420413,52931,14550,49.0,27,0,0
1768228155422144,52931,14550,44.0,116,0,0
1768228155425328,52931,14550,42.0,129,0,0
1768228155427421,52931,14550,34.0,29,0,0
1768228155429726,52931,14550,34.0,137,0,0
1768228155432080,52931,14550,60.0,24,0,0
1768228155434341,52931,14550,53.0,124,0,0
1768228155436490,52931,14550,31.0,2,0,0
1768228155438437,52931,14550,64.0,164,0,0
1768228155440058,52931,14550,24.0,168,0,0
1768228155442749,52931,14550,42.0,136,0,0
1768228155444350,52931,14550,42.0,193,0,0
1768228155447399,52931,14550,48.0,32,0,0
1768228155449150,52931,14550,40.0,241,0,0
1768228155450847,52931,14550,70.0,87,0,0
1768228155452636,52931,14550,61.0,147,0,0
1768228155454992,52931,14550,64.0,11030,0,0
1768228155503786,58419,5760,,0,1,0
1768228155641397,52931,14550,48.0,163,0,0
1768228155644993,52931,14550,44.0,178,0,0
1768228155646858,52931,14550,48.0,30,0,0
1768228155649231,52931,14550,48.0,33,0,0
1768228155652522,52931,14550,39.0,74,0,0
1768228155655847,52931,14550,51.0,1,0,0
1768228155664400,52931,14550,22.0,125,0,0
1768228155669087,52931,14550,27.0,152,0,0
1768228155672674,52931,14550,45.0,62,0,0
1768228155677371,52931,14550,26.0,42,0,0
1768228155682422,52931,14550,32.0,36,0,0
1768228155684019,52931,14550,62.0,65,0,0
1768228155687599,52931,14550,49.0,27,0,0
1768228155689780,52931,14550,44.0,116,0,0
1768228155691377,52931,14550,42.0,129,0,0
1768228155695133,52931,14550,34.0,29,0,0
1768228155699138,52931,14550,34.0,137,0,0
1768228155702841,52931,14550,60.0,24,0,0
1768228155707835,52931,14550,53.0,124,0,0
1768228155710967,52931,14550,31.0,2,0,0
1768228155713042,5760,58419,,0,1,0
1768228155713722,52931,14550,64.0,164,0,0
1768228155715548,52931,14550,24.0,168,0,0
1768228155720353,52931,14550,42.0,136,0,0
1768228155722586,52931,14550,42.0,193,0,0
1768228155724472,52931,14550,48.0,32,0,0
1768228155725961,52931,14550,40.0,241,0,0
1768228155727476,52931,14550,70.0,87,0,0
1768228155730412,52931,14550,61.0,147,0,0
1768228155731938,52931,14550,64.0,11030,0,0
1768228155734724,52931,14550,29.0,0,0,0
1768228155801624,5760,58419,,264,1,0
1768228155803070,52931,14550,47.0,264,0,0
1768228155891032,52931,14550,48.0,163,0,0
1768228155893978,52931,14550,44.0,178,0,0
1768228155896041,52931,14550,48.0,30,0,0
1768228155900835,52931,14550,48.0,33,0,0
1768228155905883,52931,14550,39.0,74,0,0
1768228155909169,52931,14550,51.0,1,0,0
1768228155913184,52931,14550,22.0,125,0,0
1768228155916019,52931,14550,27.0,152,0,0
1768228155918354,52931,14550,45.0,62,0,0
1768228155922472,52931,14550,26.0,42,0,0
1768228155925572,52931,14550,32.0,36,0,0
1768228155927995,52931,14550,62.0,65,0,0
1768228155929732,52931,14550,49.0,27,0,0
1768228155932017,52931,14550,44.0,116,0,0
1768228155934216,52931,14550,42.0,129,0,0
1768228155936650,52931,14550,34.0,29,0,0
1768228155938607,52931,14550,34.0,137,0,0
1768228155941166,52931,14550,60.0,24,0,0
1768228155944383,52931,14550,53.0,124,0,0
1768228155947136,52931,14550,31.0,2,0,0
1768228155949076,52931,14550,64.0,164,0,0
1768228155951289,52931,14550,24.0,168,0,0
1768228155953308,52931,14550,42.0,136,0,0
1768228155955297,52931,14550,42.0,193,0,0
1768228155957680,52931,14550,48.0,32,0,0
1768228155958947,52931,14550,40.0,241,0,0
1768228155960168,52931,14550,70.0,87,0,0
1768228155961904,52931,14550,61.0,147,0,0
1768228155963208,52931,14550,64.0,11030,0,0
1768228156138895,52931,14550,48.0,163,0,0
1768228156140847,52931,14550,44.0,178,0,0
1768228156142049,52931,14550,48.0,30,0,0
1768228156143644,52931,14550,48.0,33,0,0
1768228156145205,52931,14550,39.0,74,0,0
1768228156150479,52931,14550,51.0,1,0,0
1768228156154303,52931,14550,22.0,125,0,0
1768228156155874,52931,14550,27.0,152,0,0
1768228156157787,52931,14550,45.0,62,0,0
1768228156160794,52931,14550,26.0,42,0,0
1768228156162802,52931,14550,32.0,36,0,0
1768228156163642,52931,14550,62.0,65,0,0
1768228156164719,52931,14550,49.0,27,0,0
1768228156166124,52931,14550,44.0,116,0,0
1768228156167104,52931,14550,42.0,129,0,0
1768228156168352,52931,14550,34.0,29,0,0
1768228156169597,52931,14550,34.0,137,0,0
1768228156171240,52931,14550,60.0,24,0,0
1768228156173297,52931,14550,53.0,124,0,0
1768228156174658,52931,14550,31.0,2,0,0
1768228156176147,52931,14550,64.0,164,0,0
1768228156177060,52931,14550,24.0,168,0,0
1768228156178632,52931,14550,42.0,136,0,0
1768228156179506,52931,14550,42.0,193,0,0
1768228156180958,52931,14550,48.0,32,0,0
1768228156182354,52931,14550,40.0,241,0,0
1768228156183546,52931,14550,70.0,87,0,0
1768228156185187,52931,14550,61.0,147,0,0
1768228156186171,52931,14550,64.0,11030,0,0
1768228156303731,5760,58419,,264,1,0
1768228156305120,52931,14550,47.0,264,0,0
1768228156391011,52931,14550,48.0,163,0,0
1768228156393772,52931,14550,44.0,178,0,0
1768228156396227,52931,14550,48.0,30,0,0
1768228156400058,52931,14550,48.0,33,0,0
1768228156402594,52931,14550,39.0,74,0,0
1768228156407149,52931,14550,51.0,1,0,0
1768228156414957,52931,14550,22.0,125,0,0
1768228156417469,52931,14550,27.0,152,0,0
1768228156419317,52931,14550,45.0,62,0,0
1768228156422194,52931,14550,26.0,42,0,0
1768228156424900,52931,14550,32.0,36,0,0
1768228156426964,52931,14550,62.0,65,0,0
1768228156428769,52931,14550,49.0,27,0,0
1768228156430588,52931,14550,44.0,116,0,0
1768228156432385,52931,14550,42.0,129,0,0
1768228156434489,52931,14550,34.0,29,0,0
1768228156437073,52931,14550,34.0,137,0,0
1768228156439410,52931,14550,60.0,24,0,0
1768228156442409,52931,14550,53.0,124,0,0
1768228156444168,52931,14550,31.0,2,0,0
1768228156445867,52931,14550,64.0,164,0,0
1768228156447724,52931,14550,24.0,168,0,0
1768228156450753,52931,14550,42.0,136,0,0
1768228156452449,52931,14550,42.0,193,0,0
1768228156454345,52931,14550,48.0,32,0,0
1768228156456839,52931,14550,40.0,241,0,0
1768228156458662,52931,14550,70.0,87,0,0
1768228156461013,52931,14550,61.0,147,0,0
1768228156463193,52931,14550,64.0,11030,0,0
1768228156510416,58419,5760,,0,1,0
1768228156645142,52931,14550,48.0,163,0,0
1768228156647664,52931,14550,44.0,178,0,0
1768228156650383,52931,14550,48.0,30,0,0
1768228156652724,52931,14550,48.0,33,0,0
1768228156656281,52931,14550,39.0,74,0,0
1768228156659718,52931,14550,51.0,1,0,0
1768228156664514,52931,14550,22.0,125,0,0
1768228156668111,52931,14550,27.0,152,0,0
1768228156669797,52931,14550,45.0,62,0,0
1768228156675856,52931,14550,26.0,42,0,0
1768228156680285,52931,14550,32.0,36,0,0
1768228156682171,52931,14550,62.0,65,0,0
1768228156684125,52931,14550,49.0,27,0,0
1768228156687351,52931,14550,44.0,116,0,0
1768228156691181,52931,14550,42.0,129,0,0
1768228156695148,52931,14550,34.0,29,0,0
1768228156697608,52931,14550,34.0,137,0,0
1768228156700073,52931,14550,60.0,24,0,0
1768228156702644,52931,14550,53.0,124,0,0
1768228156705543,52931,14550,31.0,2,0,0
1768228156708941,52931,14550,64.0,164,0,0
1768228156710949,52931,14550,24.0,168,0,0
1768228156713720,52931,14550,42.0,136,0,0
1768228156714258,5760,58419,,0,1,0
1768228156715889,52931,14550,42.0,193,0,0
1768228156718120,52931,14550,48.0,32,0,0
1768228156719974,52931,14550,40.0,241,0,0
1768228156723333,52931,14550,70.0,87,0,0
1768228156726719,52931,14550,61.0,147,0,0
1768228156728239,52931,14550,64.0,11030,0,0
1768228156736370,52931,14550,29.0,0,0,0
1768228156808865,5760,58419,,264,1,0
1768228156810059,52931,14550,47.0,264,0,0
1768228156895614,52931,14550,48.0,163,0,0
1768228156899248,52931,14550,44.0,178,0,0
1768228156900761,52931,14550,48.0,30,0,0
1768228156904005,52931,14550,48.0,33,0,0
1768228156907147,52931,14550,39.0,74,0,0
1768228156910288,52931,14550,51.0,1,0,0
1768228156914324,52931,14550,22.0,125,0,0
1768228156917067,52931,14550,27.0,152,0,0
1768228156918907,52931,14550,45.0,62,0,0
1768228156922050,52931,14550,26.0,42,0,0
1768228156924842,52931,14550,32.0,36,0,0
1768228156927464,52931,14550,62.0,65,0,0
1768228156929580,52931,14550,49.0,27,0,0
1768228156931064,52931,14550,44.0,116,0,0
1768228156932776,52931,14550,42.0,129,0,0
1768228156934351,52931,14550,34.0,29,0,0
1768228156935942,52931,14550,34.0,137,0,0
1768228156938181,52931,14550,60.0,24,0,0
1768228156940987,52931,14550,53.0,124,0,0
1768228156943301,52931,14550,31.0,2,0,0
1768228156944749,52931,14550,64.0,164,0,0
1768228156946307,52931,14550,24.0,168,0,0
1768228156948089,52931,14550,42.0,136,0,0
1768228156949828,52931,14550,42.0,193,0,0
1768228156952066,52931,14550,48.0,32,0,0
1768228156953416,52931,14550,40.0,241,0,0
1768228156955490,52931,14550,70.0,87,0,0
1768228156957652,52931,14550,61.0,147,0,0
1768228156959320,52931,14550,64.0,11030,0,0
1768228157144999,52931,14550,48.0,163,0,0
1768228157147640,52931,14550,44.0,178,0,0
1768228157149471,52931,14550,48.0,30,0,0
1768228157152099,52931,14550,48.0,33,0,0
1768228157154867,52931,14550,39.0,74,0,0
1768228157158926,52931,14550,51.0,1,0,0
1768228157170316,52931,14550,22.0,125,0,0
1768228157174789,52931,14550,27.0,152,0,0
1768228157179004,52931,14550,45.0,62,0,0
1768228157184681,52931,14550,26.0,42,0,0
1768228157195669,52931,14550,32.0,36,0,0
1768228157200000,52931,14550,62.0,65,0,0
1768228157202626,52931,14550,49.0,27,0,0
1768228157206569,52931,14550,44.0,116,0,0
1768228157208651,52931,14550,42.0,129,0,0
1768228157210733,52931,14550,34.0,29,0,0
1768228157212975,52931,14550,34.0,137,0,0
1768228157214388,52931,14550,60.0,24,0,0
1768228157217081,52931,14550,53.0,124,0,0
1768228157219725,52931,14550,31.0,2,0,0
1768228157221665,52931,14550,64.0,164,0,0
1768228157223828,52931,14550,24.0,168,0,0
1768228157225969,52931,14550,42.0,136,0,0
1768228157228016,52931,14550,42.0,193,0,0
1768228157230507,52931,14550,48.0,32,0,0
1768228157232879,52931,14550,40.0,241,0,0
1768228157235572,52931,14550,70.0,87,0,0
1768228157238518,52931,14550,61.0,147,0,0
1768228157240755,52931,14550,64.0,11030,0,0
1768228157313257,5760,58419,,264,1,0
1768228157314491,52931,14550,47.0,264,0,0
1768228157400232,52931,14550,48.0,163,0,0
1768228157402731,52931,14550,44.0,178,0,0
1768228157405747,52931,14550,48.0,30,0,0
1768228157409637,52931,14550,48.0,33,0,0
1768228157413292,52931,14550,39.0,74,0,0
1768228157419123,52931,14550,51.0,1,0,0
1768228157422561,52931,14550,22.0,125,0,0
1768228157424806,52931,14550,27.0,152,0,0
1768228157426405,52931,14550,45.0,62,0,0
1768228157429372,52931,14550,26.0,42,0,0
1768228157432343,52931,14550,32.0,36,0,0
1768228157434287,52931,14550,62.0,65,0,0
1768228157436413,52931,14550,49.0,27,0,0
1768228157438337,52931,14550,44.0,116,0,0
1768228157440503,52931,14550,42.0,129,0,0
1768228157442886,52931,14550,34.0,29,0,0
1768228157444515,52931,14550,34.0,137,0,0
1768228157446037,52931,14550,60.0,24,0,0
1768228157449338,52931,14550,53.0,124,0,0
1768228157452321,52931,14550,31.0,2,0,0
1768228157453924,52931,14550,64.0,164,0,0
1768228157455510,52931,14550,24.0,168,0,0
1768228157457917,52931,14550,42.0,136,0,0
1768228157460096,52931,14550,42.0,193,0,0
1768228157463532,52931,14550,48.0,32,0,0
1768228157467247,52931,14550,40.0,241,0,0
1768228157469487,52931,14550,70.0,87,0,0
1768228157471703,52931,14550,61.0,147,0,0
1768228157474430,52931,14550,64.0,11030,0,0
1768228157512087,58419,5760,,0,1,0
1768228157653304,52931,14550,48.0,163,0,0
1768228157656468,52931,14550,44.0,178,0,0
1768228157661600,52931,14550,48.0,30,0,0
1768228157666607,52931,14550,48.0,33,0,0
1768228157668501,52931,14550,39.0,74,0,0
1768228157673266,52931,14550,51.0,1,0,0
1768228157683802,52931,14550,22.0,125,0,0
1768228157686585,52931,14550,27.0,152,0,0
1768228157690052,52931,14550,45.0,62,0,0
1768228157693884,52931,14550,26.0,42,0,0
1768228157697733,52931,14550,32.0,36,0,0
1768228157700354,52931,14550,62.0,65,0,0
1768228157703145,52931,14550,49.0,27,0,0
1768228157706055,52931,14550,44.0,116,0,0
1768228157708054,52931,14550,42.0,129,0,0
1768228157710752,52931,14550,34.0,29,0,0
1768228157713105,52931,14550,34.0,137,0,0
1768228157717268,52931,14550,60.0,24,0,0
1768228157721841,52931,14550,53.0,124,0,0
1768228157723009,5760,58419,,0,1,0
1768228157726799,52931,14550,31.0,2,0,0
1768228157728093,52931,14550,64.0,164,0,0
1768228157730394,52931,14550,24.0,168,0,0
1768228157731972,52931,14550,42.0,136,0,0
1768228157733461,52931,14550,42.0,193,0,0
1768228157735389,52931,14550,48.0,32,0,0
1768228157737131,52931,14550,40.0,241,0,0
1768228157738985,52931,14550,70.0,87,0,0
1768228157741722,52931,14550,61.0,147,0,0
1768228157743670,52931,14550,64.0,11030,0,0
1768228157746538,52931,14550,29.0,0,0,0
1768228157817925,5760,58419,,264,1,0
1768228157819176,52931,14550,47.0,264,0,0
1768228157903556,52931,14550,48.0,163,0,0
1768228157906449,52931,14550,44.0,178,0,0
1768228157907875,52931,14550,48.0,30,0,0
1768228157910280,52931,14550,48.0,33,0,0
1768228157911501,52931,14550,39.0,74,0,0
1768228157914154,52931,14550,51.0,1,0,0
1768228157916054,52931,14550,22.0,125,0,0
1768228157917351,52931,14550,27.0,152,0,0
1768228157918449,52931,14550,45.0,62,0,0
1768228157920240,52931,14550,26.0,42,0,0
1768228157922300,52931,14550,32.0,36,0,0
1768228157923394,52931,14550,62.0,65,0,0
1768228157924555,52931,14550,49.0,27,0,0
1768228157926228,52931,14550,44.0,116,0,0
1768228157927566,52931,14550,42.0,129,0,0
1768228157928927,52931,14550,34.0,29,0,0
1768228157930291,52931,14550,34.0,137,0,0
1768228157931590,52931,14550,60.0,24,0,0
1768228157933340,52931,14550,53.0,124,0,0
1768228157934815,52931,14550,31.0,2,0,0
1768228157936118,52931,14550,64.0,164,0,0
1768228157937373,52931,14550,24.0,168,0,0
1768228157938552,52931,14550,42.0,136,0,0
1768228157939965,52931,14550,42.0,193,0,0
1768228157941476,52931,14550,48.0,32,0,0
1768228157942663,52931,14550,40.0,241,0,0
1768228157943774,52931,14550,70.0,87,0,0
1768228157944927,52931,14550,61.0,147,0,0
1768228157946749,52931,14550,64.0,11030,0,0
1768228158153498,52931,14550,48.0,163,0,0
1768228158156118,52931,14550,44.0,178,0,0
1768228158157888,52931,14550,48.0,30,0,0
1768228158161887,52931,14550,48.0,33,0,0
1768228158165822,52931,14550,39.0,74,0,0
1768228158171884,52931,14550,51.0,1,0,0
1768228158178540,52931,14550,22.0,125,0,0
1768228158183417,52931,14550,27.0,152,0,0
1768228158187412,52931,14550,45.0,62,0,0
1768228158191297,52931,14550,26.0,42,0,0
1768228158195198,52931,14550,32.0,36,0,0
1768228158199304,52931,14550,62.0,65,0,0
1768228158201709,52931,14550,49.0,27,0,0
1768228158203767,52931,14550,44.0,116,0,0
1768228158205443,52931,14550,42.0,129,0,0
1768228158207779,52931,14550,34.0,29,0,0
1768228158209173,52931,14550,34.0,137,0,0
1768228158211019,52931,14550,60.0,24,0,0
1768228158214990,52931,14550,53.0,124,0,0
1768228158217160,52931,14550,31.0,2,0,0
1768228158219883,52931,14550,64.0,164,0,0
1768228158221981,52931,14550,24.0,168,0,0
1768228158225111,52931,14550,42.0,136,0,0
1768228158227636,52931,14550,42.0,193,0,0
1768228158231748,52931,14550,48.0,32,0,0
1768228158233769,52931,14550,40.0,241,0,0
1768228158235836,52931,14550,70.0,87,0,0
1768228158239444,52931,14550,61.0,147,0,0
1768228158241458,52931,14550,64.0,11030,0,0
1768228158316679,5760,58419,,264,1,0
1768228158318094,52931,14550,47.0,264,0,0
1768228158402109,52931,14550,48.0,163,0,0
1768228158403550,52931,14550,44.0,178,0,0
1768228158404801,52931,14550,48.0,30,0,0
1768228158406469,52931,14550,48.0,33,0,0
1768228158408164,52931,14550,39.0,74,0,0
1768228158410455,52931,14550,51.0,1,0,0
1768228158413872,52931,14550,22.0,125,0,0
1768228158415349,52931,14550,27.0,152,0,0
1768228158416535,52931,14550,45.0,62,0,0
1768228158418332,52931,14550,26.0,42,0,0
1768228158420146,52931,14550,32.0,36,0,0
1768228158421272,52931,14550,62.0,65,0,0
1768228158422336,52931,14550,49.0,27,0,0
1768228158423265,52931,14550,44.0,116,0,0
1768228158424236,52931,14550,42.0,129,0,0
1768228158425161,52931,14550,34.0,29,0,0
1768228158426207,52931,14550,34.0,137,0,0
1768228158427217,52931,14550,60.0,24,0,0
1768228158428595,52931,14550,53.0,124,0,0
1768228158429940,52931,14550,31.0,2,0,0
1768228158431219,52931,14550,64.0,164,0,0
1768228158432440,52931,14550,24.0,168,0,0
1768228158433990,52931,14550,42.0,136,0,0
1768228158435101,52931,14550,42.0,193,0,0
1768228158436424,52931,14550,48.0,32,0,0
1768228158437573,52931,14550,40.0,241,0,0
1768228158439144,52931,14550,70.0,87,0,0
1768228158440763,52931,14550,61.0,147,0,0
1768228158442359,52931,14550,64.0,11030,0,0
1768228158520645,58419,5760,,0,1,0
1768228158655177,52931,14550,48.0,163,0,0
1768228158657548,52931,14550,44.0,178,0,0
1768228158660741,52931,14550,48.0,30,0,0
1768228158663026,52931,14550,48.0,33,0,0
1768228158667754,52931,14550,39.0,74,0,0
1768228158675215,52931,14550,51.0,1,0,0
1768228158684644,52931,14550,22.0,125,0,0
1768228158689436,52931,14550,27.0,152,0,0
1768228158691542,52931,14550,45.0,62,0,0
1768228158694644,52931,14550,26.0,42,0,0
1768228158698271,52931,14550,32.0,36,0,0
1768228158701572,52931,14550,62.0,65,0,0
1768228158704291,52931,14550,49.0,27,0,0
1768228158706398,52931,14550,44.0,116,0,0
1768228158708358,52931,14550,42.0,129,0,0
1768228158711334,52931,14550,34.0,29,0,0
1768228158713870,52931,14550,34.0,137,0,0
1768228158716110,52931,14550,60.0,24,0,0
1768228158719533,52931,14550,53.0,124,0,0
1768228158723764,52931,14550,31.0,2,0,0
1768228158725980,52931,14550,64.0,164,0,0
1768228158727651,52931,14550,24.0,168,0,0
1768228158730273,52931,14550,42.0,136,0,0
1768228158730422,5760,58419,,0,1,0
1768228158733335,52931,14550,42.0,193,0,0
1768228158736473,52931,14550,48.0,32,0,0
1768228158739001,52931,14550,40.0,241,0,0
1768228158745492,52931,14550,70.0,87,0,0
1768228158747483,52931,14550,61.0,147,0,0
1768228158749086,52931,14550,64.0,11030,0,0
1768228158752847,52931,14550,29.0,0,0,0
1768228158820711,5760,58419,,264,1,0
1768228158822053,52931,14550,47.0,264,0,0
1768228158908535,52931,14550,48.0,163,0,0
1768228158910722,52931,14550,44.0,178,0,0
1768228158913517,52931,14550,48.0,30,0,0
1768228158916310,52931,14550,48.0,33,0,0
1768228158918026,52931,14550,39.0,74,0,0
1768228158921963,52931,14550,51.0,1,0,0
1768228158925861,52931,14550,22.0,125,0,0
1768228158928287,52931,14550,27.0,152,0,0
1768228158930000,52931,14550,45.0,62,0,0
1768228158932410,52931,14550,26.0,42,0,0
1768228158934897,52931,14550,32.0,36,0,0
1768228158936307,52931,14550,62.0,65,0,0
1768228158937626,52931,14550,49.0,27,0,0
1768228158939070,52931,14550,44.0,116,0,0
1768228158940972,52931,14550,42.0,129,0,0
1768228158942516,52931,14550,34.0,29,0,0
1768228158944029,52931,14550,34.0,137,0,0
1768228158945337,52931,14550,60.0,24,0,0
1768228158947458,52931,14550,53.0,124,0,0
1768228158949772,52931,14550,31.0,2,0,0
1768228158951442,52931,14550,64.0,164,0,0
1768228158953309,52931,14550,24.0,168,0,0
1768228158955036,52931,14550,42.0,136,0,0
1768228158956606,52931,14550,42.0,193,0,0
1768228158958963,52931,14550,48.0,32,0,0
1768228158961026,52931,14550,40.0,241,0,0
1768228158962549,52931,14550,70.0,87,0,0
1768228158964543,52931,14550,61.0,147,0,0
1768228158966519,52931,14550,64.0,11030,0,0
1768228159161590,52931,14550,48.0,163,0,0
1768228159163407,52931,14550,44.0,178,0,0
1768228159164604,52931,14550,48.0,30,0,0
1768228159166451,52931,14550,48.0,33,0,0
1768228159167619,52931,14550,39.0,74,0,0
1768228159170376,52931,14550,51.0,1,0,0
1768228159177524,52931,14550,22.0,125,0,0
1768228159180508,52931,14550,27.0,152,0,0
1768228159182825,52931,14550,45.0,62,0,0
1768228159185421,52931,14550,26.0,42,0,0
1768228159187267,52931,14550,32.0,36,0,0
1768228159190343,52931,14550,62.0,65,0,0
1768228159193158,52931,14550,49.0,27,0,0
1768228159195071,52931,14550,44.0,116,0,0
1768228159196798,52931,14550,42.0,129,0,0
1768228159199092,52931,14550,34.0,29,0,0
1768228159200723,52931,14550,34.0,137,0,0
1768228159206130,52931,14550,60.0,24,0,0
1768228159209597,52931,14550,53.0,124,0,0
1768228159211270,52931,14550,31.0,2,0,0
1768228159213360,52931,14550,64.0,164,0,0
1768228159214694,52931,14550,24.0,168,0,0
1768228159217569,52931,14550,42.0,136,0,0
1768228159220582,52931,14550,42.0,193,0,0
1768228159222260,52931,14550,48.0,32,0,0
1768228159223573,52931,14550,40.0,241,0,0
1768228159224815,52931,14550,70.0,87,0,0
1768228159226648,52931,14550,61.0,147,0,0
1768228159228129,52931,14550,64.0,11030,0,0
1768228159327391,5760,58419,,264,1,0
1768228159328242,52931,14550,47.0,264,0,0
1768228159410723,52931,14550,48.0,163,0,0
1768228159412419,52931,14550,44.0,178,0,0
1768228159413788,52931,14550,48.0,30,0,0
1768228159415321,52931,14550,48.0,33,0,0
1768228159416368,52931,14550,39.0,74,0,0
1768228159418812,52931,14550,51.0,1,0,0
1768228159421708,52931,14550,22.0,125,0,0
1768228159423166,52931,14550,27.0,152,0,0
1768228159424370,52931,14550,45.0,62,0,0
1768228159425707,52931,14550,26.0,42,0,0
1768228159427284,52931,14550,32.0,36,0,0
1768228159428240,52931,14550,62.0,65,0,0
1768228159429280,52931,14550,49.0,27,0,0
1768228159430078,52931,14550,44.0,116,0,0
1768228159430990,52931,14550,42.0,129,0,0
1768228159432486,52931,14550,34.0,29,0,0
1768228159433424,52931,14550,34.0,137,0,0
1768228159434478,52931,14550,60.0,24,0,0
1768228159435774,52931,14550,53.0,124,0,0
1768228159437205,52931,14550,31.0,2,0,0
1768228159438800,52931,14550,64.0,164,0,0
1768228159439965,52931,14550,24.0,168,0,0
1768228159441332,52931,14550,42.0,136,0,0
1768228159442307,52931,14550,42.0,193,0,0
1768228159443388,52931,14550,48.0,32,0,0
1768228159444219,52931,14550,40.0,241,0,0
1768228159445437,52931,14550,70.0,87,0,0
1768228159446592,52931,14550,61.0,147,0,0
1768228159447626,52931,14550,64.0,11030,0,0
1768228159525842,58419,5760,,0,1,0
1768228159658747,52931,14550,48.0,163,0,0
1768228159662908,52931,14550,44.0,178,0,0
1768228159664262,52931,14550,48.0,30,0,0
1768228159665841,52931,14550,48.0,33,0,0
1768228159667563,52931,14550,39.0,74,0,0
1768228159669739,52931,14550,51.0,1,0,0
1768228159674102,52931,14550,22.0,125,0,0
1768228159676454,52931,14550,27.0,152,0,0
1768228159677689,52931,14550,45.0,62,0,0
1768228159680325,52931,14550,26.0,42,0,0
1768228159684135,52931,14550,32.0,36,0,0
1768228159685778,52931,14550,62.0,65,0,0
1768228159687142,52931,14550,49.0,27,0,0
1768228159688019,52931,14550,44.0,116,0,0
1768228159690690,52931,14550,42.0,129,0,0
1768228159691808,52931,14550,34.0,29,0,0
1768228159693198,52931,14550,34.0,137,0,0
1768228159694079,52931,14550,60.0,24,0,0
1768228159695421,52931,14550,53.0,124,0,0
1768228159697563,52931,14550,31.0,2,0,0
1768228159698565,52931,14550,64.0,164,0,0
1768228159700036,52931,14550,24.0,168,0,0
1768228159701172,52931,14550,42.0,136,0,0
1768228159702029,52931,14550,42.0,193,0,0
1768228159703544,52931,14550,48.0,32,0,0
1768228159704696,52931,14550,40.0,241,0,0
1768228159705937,52931,14550,70.0,87,0,0
1768228159707564,52931,14550,61.0,147,0,0
1768228159709167,52931,14550,64.0,11030,0,0
1768228159733945,5760,58419,,0,1,0
1768228159734849,52931,14550,29.0,0,0,0
1768228159824426,5760,58419,,264,1,0
1768228159825654,52931,14550,47.0,264,0,0
1768228159913334,52931,14550,48.0,163,0,0
1768228159914652,52931,14550,44.0,178,0,0
1768228159915487,52931,14550,48.0,30,0,0
1768228159917700,52931,14550,48.0,33,0,0
1768228159918839,52931,14550,39.0,74,0,0
1768228159921808,52931,14550,51.0,1,0,0
1768228159925944,52931,14550,22.0,125,0,0
1768228159927628,52931,14550,27.0,152,0,0
1768228159928699,52931,14550,45.0,62,0,0
1768228159930203,52931,14550,26.0,42,0,0
1768228159931685,52931,14550,32.0,36,0,0
1768228159932560,52931,14550,62.0,65,0,0
1768228159933407,52931,14550,49.0,27,0,0
1768228159934390,52931,14550,44.0,116,0,0
1768228159935283,52931,14550,42.0,129,0,0
1768228159936127,52931,14550,34.0,29,0,0
1768228159936942,52931,14550,34.0,137,0,0
1768228159937775,52931,14550,60.0,24,0,0
1768228159939013,52931,14550,53.0,124,0,0
1768228159940178,52931,14550,31.0,2,0,0
1768228159941488,52931,14550,64.0,164,0,0
1768228159942553,52931,14550,24.0,168,0,0
1768228159943819,52931,14550,42.0,136,0,0
1768228159944658,52931,14550,42.0,193,0,0
1768228159945896,52931,14550,48.0,32,0,0
1768228159947156,52931,14550,40.0,241,0,0
1768228159948469,52931,14550,70.0,87,0,0
1768228159950094,52931,14550,61.0,147,0,0
1768228159951600,52931,14550,64.0,11030,0,0
1768228160165024,52931,14550,48.0,163,0,0
1768228160167495,52931,14550,44.0,178,0,0
1768228160169078,52931,14550,48.0,30,0,0
1768228160172009,52931,14550,48.0,33,0,0
1768228160175071,52931,14550,39.0,74,0,0
1768228160181488,52931,14550,51.0,1,0,0
1768228160190110,52931,14550,22.0,125,0,0
1768228160193711,52931,14550,27.0,152,0,0
1768228160196132,52931,14550,45.0,62,0,0
1768228160200839,52931,14550,26.0,42,0,0
1768228160203893,52931,14550,32.0,36,0,0
1768228160207170,52931,14550,62.0,65,0,0
1768228160209416,52931,14550,49.0,27,0,0
1768228160211561,52931,14550,44.0,116,0,0
1768228160215188,52931,14550,42.0,129,0,0
1768228160217942,52931,14550,34.0,29,0,0
1768228160221869,52931,14550,34.0,137,0,0
1768228160224256,52931,14550,60.0,24,0,0
1768228160227983,52931,14550,53.0,124,0,0
1768228160229805,52931,14550,31.0,2,0,0
1768228160231706,52931,14550,64.0,164,0,0
1768228160234883,52931,14550,24.0,168,0,0
1768228160238899,52931,14550,42.0,136,0,0
1768228160241987,52931,14550,42.0,193,0,0
1768228160245131,52931,14550,48.0,32,0,0
1768228160250115,52931,14550,40.0,241,0,0
1768228160252128,52931,14550,70.0,87,0,0
1768228160255858,52931,14550,61.0,147,0,0
1768228160258169,52931,14550,64.0,11030,0,0
1768228160330773,5760,58419,,264,1,0
1768228160331930,52931,14550,47.0,264,0,0
1768228160414333,52931,14550,48.0,163,0,0
1768228160415815,52931,14550,44.0,178,0,0
1768228160417081,52931,14550,48.0,30,0,0
1768228160419936,52931,14550,48.0,33,0,0
1768228160422354,52931,14550,39.0,74,0,0
1768228160426404,52931,14550,51.0,1,0,0
1768228160429771,52931,14550,22.0,125,0,0
1768228160431205,52931,14550,27.0,152,0,0
1768228160432312,52931,14550,45.0,62,0,0
1768228160434476,52931,14550,26.0,42,0,0
1768228160436432,52931,14550,32.0,36,0,0
1768228160437752,52931,14550,62.0,65,0,0
1768228160439268,52931,14550,49.0,27,0,0
1768228160440514,52931,14550,44.0,116,0,0
1768228160442738,52931,14550,42.0,129,0,0
1768228160444568,52931,14550,34.0,29,0,0
1768228160446290,52931,14550,34.0,137,0,0
1768228160447447,52931,14550,60.0,24,0,0
1768228160449235,52931,14550,53.0,124,0,0
1768228160451183,52931,14550,31.0,2,0,0
1768228160452635,52931,14550,64.0,164,0,0
1768228160454353,52931,14550,24.0,168,0,0
1768228160455841,52931,14550,42.0,136,0,0
1768228160457250,52931,14550,42.0,193,0,0
1768228160458491,52931,14550,48.0,32,0,0
1768228160459515,52931,14550,40.0,241,0,0
1768228160460509,52931,14550,70.0,87,0,0
1768228160461895,52931,14550,61.0,147,0,0
1768228160463226,52931,14550,64.0,11030,0,0
1768228160532686,58419,5760,,0,1,0
1768228160668538,52931,14550,48.0,163,0,0
1768228160674966,52931,14550,44.0,178,0,0
1768228160677219,52931,14550,48.0,30,0,0
1768228160680816,52931,14550,48.0,33,0,0
1768228160685152,52931,14550,39.0,74,0,0
1768228160692665,52931,14550,51.0,1,0,0
1768228160699396,52931,14550,22.0,125,0,0
1768228160704939,52931,14550,27.0,152,0,0
1768228160707469,52931,14550,45.0,62,0,0
1768228160711562,52931,14550,26.0,42,0,0
1768228160717128,52931,14550,32.0,36,0,0
1768228160723676,52931,14550,62.0,65,0,0
1768228160725770,52931,14550,49.0,27,0,0
1768228160730203,52931,14550,44.0,116,0,0
1768228160733499,52931,14550,42.0,129,0,0
1768228160735961,52931,14550,34.0,29,0,0
1768228160738275,52931,14550,34.0,137,0,0
1768228160738277,5760,58419,,0,1,0
1768228160740381,52931,14550,60.0,24,0,0
1768228160742867,52931,14550,53.0,124,0,0
1768228160746107,52931,14550,31.0,2,0,0
1768228160748505,52931,14550,64.0,164,0,0
1768228160750918,52931,14550,24.0,168,0,0
1768228160753445,52931,14550,42.0,136,0,0
1768228160755512,52931,14550,42.0,193,0,0
1768228160757918,52931,14550,48.0,32,0,0
1768228160759824,52931,14550,40.0,241,0,0
1768228160762599,52931,14550,70.0,87,0,0
1768228160765754,52931,14550,61.0,147,0,0
1768228160768270,52931,14550,64.0,11030,0,0
1768228160772703,52931,14550,29.0,0,0,0
1768228160832785,5760,58419,,264,1,0
1768228160834151,52931,14550,47.0,264,0,0
1768228160919612,52931,14550,48.0,163,0,0
1768228160923210,52931,14550,44.0,178,0,0
1768228160927203,52931,14550,48.0,30,0,0
1768228160931331,52931,14550,48.0,33,0,0
1768228160934555,52931,14550,39.0,74,0,0
1768228160939290,52931,14550,51.0,1,0,0
1768228160945350,52931,14550,22.0,125,0,0
1768228160950054,52931,14550,27.0,152,0,0
1768228160952171,52931,14550,45.0,62,0,0
1768228160957117,52931,14550,26.0,42,0,0
1768228160960743,52931,14550,32.0,36,0,0
1768228160962794,52931,14550,62.0,65,0,0
1768228160964908,52931,14550,49.0,27,0,0
1768228160966837,52931,14550,44.0,116,0,0
1768228160969176,52931,14550,42.0,129,0,0
1768228160971788,52931,14550,34.0,29,0,0
1768228160974292,52931,14550,34.0,137,0,0
1768228160976706,52931,14550,60.0,24,0,0
1768228160979846,52931,14550,53.0,124,0,0
1768228160982565,52931,14550,31.0,2,0,0
1768228160984501,52931,14550,64.0,164,0,0
1768228160986295,52931,14550,24.0,168,0,0
1768228160988135,52931,14550,42.0,136,0,0
1768228160990505,52931,14550,42.0,193,0,0
1768228160992648,52931,14550,48.0,32,0,0
1768228160994870,52931,14550,40.0,241,0,0
1768228160996961,52931,14550,70.0,87,0,0
1768228160999360,52931,14550,61.0,147,0,0
1768228161001781,52931,14550,64.0,11030,0,0
1768228161166299,52931,14550,45.0,22,0,0
1768228161171084,52931,14550,45.0,22,0,0
1768228161173346,52931,14550,45.0,22,0,0
1768228161181597,52931,14550,48.0,163,0,0
1768228161183449,52931,14550,44.0,178,0,0
1768228161189988,52931,14550,48.0,30,0,0
1768228161195178,52931,14550,48.0,33,0,0
1768228161198158,52931,14550,39.0,74,0,0
1768228161203617,52931,14550,51.0,1,0,0
1768228161208461,52931,14550,22.0,125,0,0
1768228161211057,52931,14550,27.0,152,0,0
1768228161214875,52931,14550,45.0,62,0,0
1768228161218152,52931,14550,26.0,42,0,0
1768228161221530,52931,14550,32.0,36,0,0
1768228161224283,52931,14550,62.0,65,0,0
1768228161227813,52931,14550,49.0,27,0,0
1768228161230415,52931,14550,44.0,116,0,0
1768228161233815,52931,14550,42.0,129,0,0
1768228161235973,52931,14550,34.0,29,0,0
1768228161238072,52931,14550,34.0,137,0,0
1768228161243762,52931,14550,60.0,24,0,0
1768228161247380,52931,14550,53.0,124,0,0
1768228161252133,52931,14550,31.0,2,0,0
1768228161254254,52931,14550,64.0,164,0,0
1768228161256325,52931,14550,24.0,168,0,0
1768228161258655,52931,14550,42.0,136,0,0
1768228161261884,52931,14550,42.0,193,0,0
1768228161264041,52931,14550,48.0,32,0,0
1768228161267340,52931,14550,40.0,241,0,0
1768228161270373,52931,14550,70.0,87,0,0
1768228161272845,52931,14550,61.0,147,0,0
1768228161275510,52931,14550,64.0,11030,0,0
1768228161335577,5760,58419,,264,1,0
1768228161337043,52931,14550,47.0,264,0,0
1768228161420252,52931,14550,48.0,163,0,0
1768228161423349,52931,14550,44.0,178,0,0
1768228161427159,52931,14550,48.0,30,0,0
1768228161430831,52931,14550,48.0,33,0,0
1768228161432817,52931,14550,39.0,74,0,0
1768228161436730,52931,14550,51.0,1,0,0
1768228161442074,52931,14550,22.0,125,0,0
1768228161444617,52931,14550,27.0,152,0,0
1768228161446412,52931,14550,45.0,62,0,0
1768228161448925,52931,14550,26.0,42,0,0
1768228161451440,52931,14550,32.0,36,0,0
1768228161453563,52931,14550,62.0,65,0,0
1768228161456140,52931,14550,49.0,27,0,0
1768228161458245,52931,14550,44.0,116,0,0
1768228161460284,52931,14550,42.0,129,0,0
1768228161462146,52931,14550,34.0,29,0,0
1768228161463909,52931,14550,34.0,137,0,0
1768228161465342,52931,14550,60.0,24,0,0
1768228161468304,52931,14550,53.0,124,0,0
1768228161470672,52931,14550,31.0,2,0,0
1768228161472496,52931,14550,64.0,164,0,0
1768228161473964,52931,14550,24.0,168,0,0
1768228161475821,52931,14550,42.0,136,0,0
1768228161477526,52931,14550,42.0,193,0,0
1768228161480200,52931,14550,48.0,32,0,0
1768228161482553,52931,14550,40.0,241,0,0
1768228161484813,52931,14550,70.0,87,0,0
1768228161486789,52931,14550,61.0,147,0,0
1768228161489665,52931,14550,64.0,11030,0,0
1768228161536977,58419,5760,,0,1,0
1768228161677860,52931,14550,48.0,163,0,0
1768228161680240,52931,14550,44.0,178,0,0
1768228161682567,52931,14550,48.0,30,0,0
1768228161689743,52931,14550,48.0,33,0,0
1768228161693221,52931,14550,39.0,74,0,0
1768228161699855,52931,14550,51.0,1,0,0
1768228161706407,52931,14550,22.0,125,0,0
1768228161710533,52931,14550,27.0,152,0,0
1768228161713251,52931,14550,45.0,62,0,0
1768228161716942,52931,14550,26.0,42,0,0
1768228161720469,52931,14550,32.0,36,0,0
1768228161722658,52931,14550,62.0,65,0,0
1768228161725790,52931,14550,49.0,27,0,0
1768228161728659,52931,14550,44.0,116,0,0
1768228161730137,52931,14550,42.0,129,0,0
1768228161734520,52931,14550,34.0,29,0,0
1768228161736998,52931,14550,34.0,137,0,0
1768228161738842,52931,14550,60.0,24,0,0
1768228161743372,52931,14550,53.0,124,0,0
1768228161745373,52931,14550,31.0,2,0,0
1768228161748332,52931,14550,64.0,164,0,0
1768228161748753,5760,58419,,0,1,0
1768228161751140,52931,14550,24.0,168,0,0
1768228161757199,52931,14550,42.0,136,0,0
1768228161762094,52931,14550,42.0,193,0,0
1768228161767928,52931,14550,48.0,32,0,0
1768228161773610,52931,14550,40.0,241,0,0
1768228161778388,52931,14550,70.0,87,0,0
1768228161781126,52931,14550,61.0,147,0,0
1768228161783365,52931,14550,64.0,11030,0,0
1768228161790165,52931,14550,29.0,0,0,0
1768228161837350,5760,58419,,264,1,0
1768228161838692,52931,14550,47.0,264,0,0
1768228161927574,52931,14550,48.0,163,0,0
1768228161932238,52931,14550,44.0,178,0,0
1768228161934181,52931,14550,48.0,30,0,0
1768228161936369,52931,14550,48.0,33,0,0
1768228161938328,52931,14550,39.0,74,0,0
1768228161943191,52931,14550,51.0,1,0,0
1768228161947872,52931,14550,22.0,125,0,0
1768228161950166,52931,14550,27.0,152,0,0
1768228161952613,52931,14550,45.0,62,0,0
1768228161955942,52931,14550,26.0,42,0,0
1768228161959674,52931,14550,32.0,36,0,0
1768228161962383,52931,14550,62.0,65,0,0
1768228161964337,52931,14550,49.0,27,0,0
1768228161966045,52931,14550,44.0,116,0,0
1768228161968002,52931,14550,42.0,129,0,0
1768228161969715,52931,14550,34.0,29,0,0
1768228161972164,52931,14550,34.0,137,0,0
1768228161974245,52931,14550,60.0,24,0,0
1768228161977459,52931,14550,53.0,124,0,0
1768228161979617,52931,14550,31.0,2,0,0
1768228161982880,52931,14550,64.0,164,0,0
1768228161985071,52931,14550,24.0,168,0,0
1768228161987336,52931,14550,42.0,136,0,0
1768228161989947,52931,14550,42.0,193,0,0
1768228161992207,52931,14550,48.0,32,0,0
1768228161994115,52931,14550,40.0,241,0,0
1768228161996363,52931,14550,70.0,87,0,0
1768228161999141,52931,14550,61.0,147,0,0
1768228162001603,52931,14550,64.0,11030,0,0
1768228162181461,52931,14550,48.0,163,0,0
1768228162184393,52931,14550,44.0,178,0,0
1768228162190250,52931,14550,48.0,30,0,0
1768228162193626,52931,14550,48.0,33,0,0
1768228162196472,52931,14550,39.0,74,0,0
1768228162208451,52931,14550,51.0,1,0,0
1768228162214742,52931,14550,22.0,125,0,0
1768228162220367,52931,14550,27.0,152,0,0
1768228162222359,52931,14550,45.0,62,0,0
1768228162229325,52931,14550,26.0,42,0,0
1768228162232082,52931,14550,32.0,36,0,0
1768228162234590,52931,14550,62.0,65,0,0
1768228162237579,52931,14550,49.0,27,0,0
1768228162240415,52931,14550,44.0,116,0,0
1768228162244274,52931,14550,42.0,129,0,0
1768228162248181,52931,14550,34.0,29,0,0
1768228162251888,52931,14550,34.0,137,0,0
1768228162255541,52931,14550,60.0,24,0,0
1768228162259708,52931,14550,53.0,124,0,0
1768228162261444,52931,14550,31.0,2,0,0
1768228162262989,52931,14550,64.0,164,0,0
1768228162264873,52931,14550,24.0,168,0,0
1768228162267132,52931,14550,42.0,136,0,0
1768228162268682,52931,14550,42.0,193,0,0
1768228162271618,52931,14550,48.0,32,0,0
1768228162274288,52931,14550,40.0,241,0,0
1768228162276238,52931,14550,70.0,87,0,0
1768228162278445,52931,14550,61.0,147,0,0
1768228162281519,52931,14550,64.0,11030,0,0
1768228162344452,5760,58419,,264,1,0
1768228162345759,52931,14550,47.0,264,0,0
1768228162429006,52931,14550,48.0,163,0,0
1768228162432235,52931,14550,44.0,178,0,0
1768228162435846,52931,14550,48.0,30,0,0
1768228162438799,52931,14550,48.0,33,0,0
1768228162441701,52931,14550,39.0,74,0,0
1768228162445817,52931,14550,51.0,1,0,0
1768228162449060,52931,14550,22.0,125,0,0
1768228162451163,52931,14550,27.0,152,0,0
1768228162452988,52931,14550,45.0,62,0,0
1768228162455643,52931,14550,26.0,42,0,0
1768228162459607,52931,14550,32.0,36,0,0
1768228162462461,52931,14550,62.0,65,0,0
1768228162464562,52931,14550,49.0,27,0,0
1768228162466052,52931,14550,44.0,116,0,0
1768228162467710,52931,14550,42.0,129,0,0
1768228162469072,52931,14550,34.0,29,0,0
1768228162471044,52931,14550,34.0,137,0,0
1768228162472587,52931,14550,60.0,24,0,0
1768228162475531,52931,14550,53.0,124,0,0
1768228162478970,52931,14550,31.0,2,0,0
1768228162481533,52931,14550,64.0,164,0,0
1768228162484186,52931,14550,24.0,168,0,0
1768228162486493,52931,14550,42.0,136,0,0
1768228162489304,52931,14550,42.0,193,0,0
1768228162492474,52931,14550,48.0,32,0,0
1768228162494106,52931,14550,40.0,241,0,0
1768228162496177,52931,14550,70.0,87,0,0
1768228162498774,52931,14550,61.0,147,0,0
1768228162500821,52931,14550,64.0,11030,0,0
1768228162537465,58419,5760,,0,1,0
1768228162683150,52931,14550,48.0,163,0,0
1768228162685956,52931,14550,44.0,178,0,0
1768228162688096,52931,14550,48.0,30,0,0
1768228162691216,52931,14550,48.0,33,0,0
1768228162696176,52931,14550,39.0,74,0,0
1768228162703312,52931,14550,51.0,1,0,0
1768228162709196,52931,14550,22.0,125,0,0
1768228162716463,52931,14550,27.0,152,0,0
1768228162719541,52931,14550,45.0,62,0,0
1768228162726445,52931,14550,26.0,42,0,0
1768228162730196,52931,14550,32.0,36,0,0
1768228162733361,52931,14550,62.0,65,0,0
1768228162736593,52931,14550,49.0,27,0,0
1768228162738832,52931,14550,44.0,116,0,0
1768228162742112,52931,14550,42.0,129,0,0
1768228162744021,52931,14550,34.0,29,0,0
1768228162746291,52931,14550,34.0,137,0,0
1768228162749880,52931,14550,60.0,24,0,0
1768228162753784,5760,58419,,0,1,0
1768228162754502,52931,14550,53.0,124,0,0
1768228162757070,52931,14550,31.0,2,0,0
1768228162759142,52931,14550,64.0,164,0,0
1768228162762795,52931,14550,24.0,168,0,0
1768228162768118,52931,14550,42.0,136,0,0
1768228162771081,52931,14550,42.0,193,0,0
1768228162774247,52931,14550,48.0,32,0,0
1768228162777104,52931,14550,40.0,241,0,0
1768228162781332,52931,14550,70.0,87,0,0
1768228162784530,52931,14550,61.0,147,0,0
1768228162787317,52931,14550,64.0,11030,0,0
1768228162794025,52931,14550,29.0,0,0,0
1768228162848097,5760,58419,,264,1,0
1768228162849480,52931,14550,47.0,264,0,0
1768228162935535,52931,14550,48.0,163,0,0
1768228162938700,52931,14550,44.0,178,0,0
1768228162942879,52931,14550,48.0,30,0,0
1768228162946202,52931,14550,48.0,33,0,0
1768228162948079,52931,14550,39.0,74,0,0
1768228162951639,52931,14550,51.0,1,0,0
1768228162954183,52931,14550,22.0,125,0,0
1768228162957158,52931,14550,27.0,152,0,0
1768228162959306,52931,14550,45.0,62,0,0
1768228162961868,52931,14550,26.0,42,0,0
1768228162965163,52931,14550,32.0,36,0,0
1768228162967236,52931,14550,62.0,65,0,0
1768228162968976,52931,14550,49.0,27,0,0
1768228162971070,52931,14550,44.0,116,0,0
1768228162972940,52931,14550,42.0,129,0,0
1768228162974582,52931,14550,34.0,29,0,0
1768228162976070,52931,14550,34.0,137,0,0
1768228162978568,52931,14550,60.0,24,0,0
1768228162981760,52931,14550,53.0,124,0,0
1768228162984205,52931,14550,31.0,2,0,0
1768228162986219,52931,14550,64.0,164,0,0
1768228162988496,52931,14550,24.0,168,0,0
1768228162991251,52931,14550,42.0,136,0,0
1768228162993393,52931,14550,42.0,193,0,0
1768228162997023,52931,14550,48.0,32,0,0
1768228162999331,52931,14550,40.0,241,0,0
1768228163001946,52931,14550,70.0,87,0,0
1768228163004028,52931,14550,61.0,147,0,0
1768228163005900,52931,14550,64.0,11030,0,0
1768228163187234,52931,14550,48.0,163,0,0
1768228163190539,52931,14550,44.0,178,0,0
1768228163192910,52931,14550,48.0,30,0,0
1768228163196556,52931,14550,48.0,33,0,0
1768228163198874,52931,14550,39.0,74,0,0
1768228163204739,52931,14550,51.0,1,0,0
1768228163212574,52931,14550,22.0,125,0,0
1768228163215408,52931,14550,27.0,152,0,0
1768228163217149,52931,14550,45.0,62,0,0
1768228163225603,52931,14550,26.0,42,0,0
1768228163228171,52931,14550,32.0,36,0,0
1768228163229931,52931,14550,62.0,65,0,0
1768228163233096,52931,14550,49.0,27,0,0
1768228163237823,52931,14550,44.0,116,0,0
1768228163240624,52931,14550,42.0,129,0,0
1768228163242776,52931,14550,34.0,29,0,0
1768228163246688,52931,14550,34.0,137,0,0
1768228163248744,52931,14550,60.0,24,0,0
1768228163251165,52931,14550,53.0,124,0,0
1768228163255881,52931,14550,31.0,2,0,0
1768228163258715,52931,14550,64.0,164,0,0
1768228163261514,52931,14550,24.0,168,0,0
1768228163265096,52931,14550,42.0,136,0,0
1768228163267225,52931,14550,42.0,193,0,0
1768228163270007,52931,14550,48.0,32,0,0
1768228163272079,52931,14550,40.0,241,0,0
1768228163275300,52931,14550,70.0,87,0,0
1768228163277592,52931,14550,61.0,147,0,0
1768228163280272,52931,14550,64.0,11030,0,0
1768228163352355,5760,58419,,264,1,0
1768228163353711,52931,14550,47.0,264,0,0
1768228163439154,52931,14550,48.0,163,0,0
1768228163442011,52931,14550,44.0,178,0,0
1768228163444783,52931,14550,48.0,30,0,0
1768228163448923,52931,14550,48.0,33,0,0
1768228163451244,52931,14550,39.0,74,0,0
1768228163456502,52931,14550,51.0,1,0,0
1768228163460762,52931,14550,22.0,125,0,0
1768228163463277,52931,14550,27.0,152,0,0
1768228163465537,52931,14550,45.0,62,0,0
1768228163469012,52931,14550,26.0,42,0,0
1768228163472275,52931,14550,32.0,36,0,0
1768228163474578,52931,14550,62.0,65,0,0
1768228163476703,52931,14550,49.0,27,0,0
1768228163478373,52931,14550,44.0,116,0,0
1768228163480517,52931,14550,42.0,129,0,0
1768228163483074,52931,14550,34.0,29,0,0
1768228163485808,52931,14550,34.0,137,0,0
1768228163488214,52931,14550,60.0,24,0,0
1768228163491084,52931,14550,53.0,124,0,0
1768228163494449,52931,14550,31.0,2,0,0
1768228163496736,52931,14550,64.0,164,0,0
1768228163498739,52931,14550,24.0,168,0,0
1768228163501063,52931,14550,42.0,136,0,0
1768228163502968,52931,14550,42.0,193,0,0
1768228163505342,52931,14550,48.0,32,0,0
1768228163507892,52931,14550,40.0,241,0,0
1768228163510561,52931,14550,70.0,87,0,0
1768228163512946,52931,14550,61.0,147,0,0
1768228163515577,52931,14550,64.0,11030,0,0
1768228163541127,58419,5760,,0,1,0
1768228163689358,52931,14550,48.0,163,0,0
1768228163694076,52931,14550,44.0,178,0,0
1768228163696726,52931,14550,48.0,30,0,0
1768228163700615,52931,14550,48.0,33,0,0
1768228163703888,52931,14550,39.0,74,0,0
1768228163710999,52931,14550,51.0,1,0,0
1768228163719444,52931,14550,22.0,125,0,0
1768228163723032,52931,14550,27.0,152,0,0
1768228163726609,52931,14550,45.0,62,0,0
1768228163732231,52931,14550,26.0,42,0,0
1768228163737001,52931,14550,32.0,36,0,0
1768228163739744,52931,14550,62.0,65,0,0
1768228163742503,52931,14550,49.0,27,0,0
1768228163746868,52931,14550,44.0,116,0,0
1768228163751511,52931,14550,42.0,129,0,0
1768228163753277,52931,14550,34.0,29,0,0
1768228163755706,52931,14550,34.0,137,0,0
1768228163758295,52931,14550,60.0,24,0,0
1768228163759290,5760,58419,,0,1,0
1768228163761555,52931,14550,53.0,124,0,0
1768228163763729,52931,14550,31.0,2,0,0
1768228163765745,52931,14550,64.0,164,0,0
1768228163769778,52931,14550,24.0,168,0,0
1768228163774203,52931,14550,42.0,136,0,0
1768228163778303,52931,14550,42.0,193,0,0
1768228163781508,52931,14550,48.0,32,0,0
1768228163784039,52931,14550,40.0,241,0,0
1768228163788585,52931,14550,70.0,87,0,0
1768228163791121,52931,14550,61.0,147,0,0
1768228163794660,52931,14550,64.0,11030,0,0
1768228163800761,52931,14550,29.0,0,0,0
1768228163802215,5760,58419,,111,1,0
1768228163806955,52931,14550,33.0,111,0,0
1768228163853876,5760,58419,,264,1,0
1768228163855054,52931,14550,47.0,264,0,0
1768228163937855,52931,14550,48.0,163,0,0
1768228163941053,52931,14550,44.0,178,0,0
1768228163943181,52931,14550,48.0,30,0,0
1768228163946036,52931,14550,48.0,33,0,0
1768228163948908,52931,14550,39.0,74,0,0
1768228163954523,52931,14550,51.0,1,0,0
1768228163961229,52931,14550,22.0,125,0,0
1768228163963284,52931,14550,27.0,152,0,0
1768228163964663,52931,14550,45.0,62,0,0
1768228163966977,52931,14550,26.0,42,0,0
1768228163970077,52931,14550,32.0,36,0,0
1768228163972209,52931,14550,62.0,65,0,0
1768228163974845,52931,14550,49.0,27,0,0
1768228163976512,52931,14550,44.0,116,0,0
1768228163978206,52931,14550,42.0,129,0,0
1768228163980253,52931,14550,34.0,29,0,0
1768228163982317,52931,14550,34.0,137,0,0
1768228163984544,52931,14550,60.0,24,0,0
1768228163987299,52931,14550,53.0,124,0,0
1768228163990177,52931,14550,31.0,2,0,0
1768228163992188,52931,14550,64.0,164,0,0
1768228163994440,52931,14550,24.0,168,0,0
1768228163996830,52931,14550,42.0,136,0,0
1768228163998678,52931,14550,42.0,193,0,0
1768228164000426,52931,14550,48.0,32,0,0
1768228164002234,52931,14550,40.0,241,0,0
1768228164004085,52931,14550,70.0,87,0,0
1768228164007007,52931,14550,61.0,147,0,0
1768228164009843,52931,14550,64.0,11030,0,0
1768228164193222,52931,14550,48.0,163,0,0
1768228164194837,52931,14550,44.0,178,0,0
1768228164196758,52931,14550,48.0,30,0,0
1768228164199203,52931,14550,48.0,33,0,0
1768228164200392,52931,14550,39.0,74,0,0
1768228164203152,52931,14550,51.0,1,0,0
1768228164206672,52931,14550,22.0,125,0,0
1768228164208311,52931,14550,27.0,152,0,0
1768228164210047,52931,14550,45.0,62,0,0
1768228164212880,52931,14550,26.0,42,0,0
1768228164214550,52931,14550,32.0,36,0,0
1768228164215454,52931,14550,62.0,65,0,0
1768228164217541,52931,14550,49.0,27,0,0
1768228164219732,52931,14550,44.0,116,0,0
1768228164222099,52931,14550,42.0,129,0,0
1768228164223947,52931,14550,34.0,29,0,0
1768228164225188,52931,14550,34.0,137,0,0
1768228164226367,52931,14550,60.0,24,0,0
1768228164228577,52931,14550,53.0,124,0,0
1768228164229587,52931,14550,31.0,2,0,0
1768228164231017,52931,14550,64.0,164,0,0
1768228164232097,52931,14550,24.0,168,0,0
1768228164233542,52931,14550,42.0,136,0,0
1768228164234510,52931,14550,42.0,193,0,0
1768228164236299,52931,14550,48.0,32,0,0
1768228164237231,52931,14550,40.0,241,0,0
1768228164238158,52931,14550,70.0,87,0,0
1768228164239663,52931,14550,61.0,147,0,0
1768228164240700,52931,14550,64.0,11030,0,0
1768228164353818,5760,58419,,264,1,0
1768228164355224,52931,14550,47.0,264,0,0
1768228164444349,52931,14550,48.0,163,0,0
1768228164446273,52931,14550,44.0,178,0,0
1768228164448515,52931,14550,48.0,30,0,0
1768228164453232,52931,14550,48.0,33,0,0
1768228164455269,52931,14550,39.0,74,0,0
1768228164458356,52931,14550,51.0,1,0,0
1768228164462739,52931,14550,22.0,125,0,0
1768228164464807,52931,14550,27.0,152,0,0
1768228164466716,52931,14550,45.0,62,0,0
1768228164469101,52931,14550,26.0,42,0,0
1768228164472273,52931,14550,32.0,36,0,0
1768228164474614,52931,14550,62.0,65,0,0
1768228164478046,52931,14550,49.0,27,0,0
1768228164480433,52931,14550,44.0,116,0,0
1768228164483078,52931,14550,42.0,129,0,0
1768228164485744,52931,14550,34.0,29,0,0
1768228164488276,52931,14550,34.0,137,0,0
1768228164490938,52931,14550,60.0,24,0,0
1768228164494629,52931,14550,53.0,124,0,0
1768228164497652,52931,14550,31.0,2,0,0
1768228164499625,52931,14550,64.0,164,0,0
1768228164501715,52931,14550,24.0,168,0,0
1768228164504451,52931,14550,42.0,136,0,0
1768228164506521,52931,14550,42.0,193,0,0
1768228164509559,52931,14550,48.0,32,0,0
1768228164511617,52931,14550,40.0,241,0,0
1768228164513844,52931,14550,70.0,87,0,0
1768228164517009,52931,14550,61.0,147,0,0
1768228164518823,52931,14550,64.0,11030,0,0
1768228164544079,58419,5760,,0,1,0
1768228164695629,52931,14550,48.0,163,0,0
1768228164697079,52931,14550,44.0,178,0,0
1768228164697946,52931,14550,48.0,30,0,0
1768228164699315,52931,14550,48.0,33,0,0
1768228164700434,52931,14550,39.0,74,0,0
1768228164702474,52931,14550,51.0,1,0,0
1768228164705441,52931,14550,22.0,125,0,0
1768228164706763,52931,14550,27.0,152,0,0
1768228164708654,52931,14550,45.0,62,0,0
1768228164710411,52931,14550,26.0,42,0,0
1768228164713470,52931,14550,32.0,36,0,0
1768228164714374,52931,14550,62.0,65,0,0
1768228164715243,52931,14550,49.0,27,0,0
1768228164716218,52931,14550,44.0,116,0,0
1768228164717319,52931,14550,42.0,129,0,0
1768228164718682,52931,14550,34.0,29,0,0
1768228164720541,52931,14550,34.0,137,0,0
1768228164722335,52931,14550,60.0,24,0,0
1768228164723926,52931,14550,53.0,124,0,0
1768228164725458,52931,14550,31.0,2,0,0
1768228164726976,52931,14550,64.0,164,0,0
1768228164727671,52931,14550,24.0,168,0,0
1768228164728540,52931,14550,42.0,136,0,0
1768228164729374,52931,14550,42.0,193,0,0
1768228164731263,52931,14550,48.0,32,0,0
1768228164732501,52931,14550,40.0,241,0,0
1768228164734016,52931,14550,70.0,87,0,0
1768228164735833,52931,14550,61.0,147,0,0
1768228164736945,52931,14550,64.0,11030,0,0
1768228164767763,5760,58419,,0,1,0
1768228164769068,52931,14550,29.0,0,0,0
1768228164857885,5760,58419,,264,1,0
1768228164859100,52931,14550,47.0,264,0,0
1768228164948641,52931,14550,48.0,163,0,0
1768228164951771,52931,14550,44.0,178,0,0
1768228164954263,52931,14550,48.0,30,0,0
1768228164956576,52931,14550,48.0,33,0,0
1768228164958564,52931,14550,39.0,74,0,0
1768228164963196,52931,14550,51.0,1,0,0
1768228164967303,52931,14550,22.0,125,0,0
1768228164970617,52931,14550,27.0,152,0,0
1768228164972242,52931,14550,45.0,62,0,0
1768228164974564,52931,14550,26.0,42,0,0
1768228164977065,52931,14550,32.0,36,0,0
1768228164978622,52931,14550,62.0,65,0,0
1768228164980506,52931,14550,49.0,27,0,0
1768228164982880,52931,14550,44.0,116,0,0
1768228164985120,52931,14550,42.0,129,0,0
1768228164987099,52931,14550,34.0,29,0,0
1768228164988897,52931,14550,34.0,137,0,0
1768228164991327,52931,14550,60.0,24,0,0
1768228164993650,52931,14550,53.0,124,0,0
1768228164996036,52931,14550,31.0,2,0,0
1768228164997954,52931,14550,64.0,164,0,0
1768228164999364,52931,14550,24.0,168,0,0
1768228165000998,52931,14550,42.0,136,0,0
1768228165002507,52931,14550,42.0,193,0,0
1768228165004934,52931,14550,48.0,32,0,0
1768228165007165,52931,14550,40.0,241,0,0
1768228165008756,52931,14550,70.0,87,0,0
1768228165010544,52931,14550,61.0,147,0,0
1768228165012658,52931,14550,64.0,11030,0,0
1768228165199832,52931,14550,48.0,163,0,0
1768228165202039,52931,14550,44.0,178,0,0
1768228165206917,52931,14550,48.0,30,0,0
1768228165210351,52931,14550,48.0,33,0,0
1768228165212170,52931,14550,39.0,74,0,0
1768228165216139,52931,14550,51.0,1,0,0
1768228165222519,52931,14550,22.0,125,0,0
1768228165227016,52931,14550,27.0,152,0,0
1768228165228796,52931,14550,45.0,62,0,0
1768228165233367,52931,14550,26.0,42,0,0
1768228165235929,52931,14550,32.0,36,0,0
1768228165237681,52931,14550,62.0,65,0,0
1768228165239191,52931,14550,49.0,27,0,0
1768228165240675,52931,14550,44.0,116,0,0
1768228165243568,52931,14550,42.0,129,0,0
1768228165246365,52931,14550,34.0,29,0,0
1768228165249135,52931,14550,34.0,137,0,0
1768228165252167,52931,14550,60.0,24,0,0
1768228165255816,52931,14550,53.0,124,0,0
1768228165257960,52931,14550,31.0,2,0,0
1768228165259624,52931,14550,64.0,164,0,0
1768228165262771,52931,14550,24.0,168,0,0
1768228165265748,52931,14550,42.0,136,0,0
1768228165267791,52931,14550,42.0,193,0,0
1768228165271250,52931,14550,48.0,32,0,0
1768228165273950,52931,14550,40.0,241,0,0
1768228165275358,52931,14550,70.0,87,0,0
1768228165279429,52931,14550,61.0,147,0,0
1768228165283284,52931,14550,64.0,11030,0,0
1768228165359908,5760,58419,,264,1,0
1768228165360513,52931,14550,47.0,264,0,0
1768228165446090,52931,14550,48.0,163,0,0
1768228165448090,52931,14550,44.0,178,0,0
1768228165449627,52931,14550,48.0,30,0,0
1768228165451494,52931,14550,48.0,33,0,0
1768228165453532,52931,14550,39.0,74,0,0
1768228165456673,52931,14550,51.0,1,0,0
1768228165459348,52931,14550,22.0,125,0,0
1768228165460592,52931,14550,27.0,152,0,0
1768228165461711,52931,14550,45.0,62,0,0
1768228165463915,52931,14550,26.0,42,0,0
1768228165465099,52931,14550,32.0,36,0,0
1768228165466102,52931,14550,62.0,65,0,0
1768228165466954,52931,14550,49.0,27,0,0
1768228165467774,52931,14550,44.0,116,0,0
1768228165468567,52931,14550,42.0,129,0,0
1768228165469744,52931,14550,34.0,29,0,0
1768228165470804,52931,14550,34.0,137,0,0
1768228165471875,52931,14550,60.0,24,0,0
1768228165473459,52931,14550,53.0,124,0,0
1768228165474611,52931,14550,31.0,2,0,0
1768228165475773,52931,14550,64.0,164,0,0
1768228165476798,52931,14550,24.0,168,0,0
1768228165478036,52931,14550,42.0,136,0,0
1768228165479036,52931,14550,42.0,193,0,0
1768228165480498,52931,14550,48.0,32,0,0
1768228165481611,52931,14550,40.0,241,0,0
1768228165482699,52931,14550,70.0,87,0,0
1768228165483919,52931,14550,61.0,147,0,0
1768228165484853,52931,14550,64.0,11030,0,0
1768228165554141,58419,5760,,0,1,0
1768228165701148,52931,14550,48.0,163,0,0
1768228165704803,52931,14550,44.0,178,0,0
1768228165708631,52931,14550,48.0,30,0,0
1768228165711267,52931,14550,48.0,33,0,0
1768228165713247,52931,14550,39.0,74,0,0
1768228165718764,52931,14550,51.0,1,0,0
1768228165725095,52931,14550,22.0,125,0,0
1768228165728477,52931,14550,27.0,152,0,0
1768228165731913,52931,14550,45.0,62,0,0
1768228165735221,52931,14550,26.0,42,0,0
1768228165739062,52931,14550,32.0,36,0,0
1768228165742882,52931,14550,62.0,65,0,0
1768228165747647,52931,14550,49.0,27,0,0
1768228165749887,52931,14550,44.0,116,0,0
1768228165752649,52931,14550,42.0,129,0,0
1768228165755582,52931,14550,34.0,29,0,0
1768228165757049,52931,14550,34.0,137,0,0
1768228165758854,52931,14550,60.0,24,0,0
1768228165761894,52931,14550,53.0,124,0,0
1768228165765071,52931,14550,31.0,2,0,0
1768228165766213,52931,14550,64.0,164,0,0
1768228165767386,52931,14550,24.0,168,0,0
1768228165769428,52931,14550,42.0,136,0,0
1768228165771459,52931,14550,42.0,193,0,0
1768228165773260,5760,58419,,0,1,0
1768228165773719,52931,14550,48.0,32,0,0
1768228165775334,52931,14550,40.0,241,0,0
1768228165776033,52931,14550,70.0,87,0,0
1768228165778286,52931,14550,61.0,147,0,0
1768228165779559,52931,14550,64.0,11030,0,0
1768228165781807,52931,14550,29.0,0,0,0
1768228165863012,5760,58419,,264,1,0
1768228165863774,52931,14550,47.0,264,0,0
1768228165953718,52931,14550,48.0,163,0,0
1768228165956013,52931,14550,44.0,178,0,0
1768228165957269,52931,14550,48.0,30,0,0
1768228165958723,52931,14550,48.0,33,0,0
1768228165959963,52931,14550,39.0,74,0,0
1768228165962544,52931,14550,51.0,1,0,0
1768228165964749,52931,14550,22.0,125,0,0
1768228165966084,52931,14550,27.0,152,0,0
1768228165967109,52931,14550,45.0,62,0,0
1768228165968690,52931,14550,26.0,42,0,0
1768228165970784,52931,14550,32.0,36,0,0
1768228165972018,52931,14550,62.0,65,0,0
1768228165973109,52931,14550,49.0,27,0,0
1768228165974239,52931,14550,44.0,116,0,0
1768228165975507,52931,14550,42.0,129,0,0
1768228165976569,52931,14550,34.0,29,0,0
1768228165977553,52931,14550,34.0,137,0,0
1768228165978684,52931,14550,60.0,24,0,0
1768228165980140,52931,14550,53.0,124,0,0
1768228165981333,52931,14550,31.0,2,0,0
1768228165982635,52931,14550,64.0,164,0,0
1768228165983982,52931,14550,24.0,168,0,0
1768228165985300,52931,14550,42.0,136,0,0
1768228165986551,52931,14550,42.0,193,0,0
1768228165987975,52931,14550,48.0,32,0,0
1768228165989155,52931,14550,40.0,241,0,0
1768228165990375,52931,14550,70.0,87,0,0
1768228165991705,52931,14550,61.0,147,0,0
1768228165993161,52931,14550,64.0,11030,0,0
1768228166204172,52931,14550,48.0,163,0,0
1768228166206862,52931,14550,44.0,178,0,0
1768228166212453,52931,14550,48.0,30,0,0
1768228166215027,52931,14550,48.0,33,0,0
1768228166220518,52931,14550,39.0,74,0,0
1768228166223932,52931,14550,51.0,1,0,0
1768228166231440,52931,14550,22.0,125,0,0
1768228166236060,52931,14550,27.0,152,0,0
1768228166238913,52931,14550,45.0,62,0,0
1768228166242297,52931,14550,26.0,42,0,0
1768228166245113,52931,14550,32.0,36,0,0
1768228166248356,52931,14550,62.0,65,0,0
1768228166251203,52931,14550,49.0,27,0,0
1768228166254337,52931,14550,44.0,116,0,0
1768228166256685,52931,14550,42.0,129,0,0
1768228166258690,52931,14550,34.0,29,0,0
1768228166262664,52931,14550,34.0,137,0,0
1768228166265813,52931,14550,60.0,24,0,0
1768228166272354,52931,14550,53.0,124,0,0
1768228166274238,52931,14550,31.0,2,0,0
1768228166277808,52931,14550,64.0,164,0,0
1768228166280328,52931,14550,24.0,168,0,0
1768228166282262,52931,14550,42.0,136,0,0
1768228166287709,52931,14550,42.0,193,0,0
1768228166290793,52931,14550,48.0,32,0,0
1768228166292659,52931,14550,40.0,241,0,0
1768228166294214,52931,14550,70.0,87,0,0
1768228166296533,52931,14550,61.0,147,0,0
1768228166299273,52931,14550,64.0,11030,0,0
1768228166370192,5760,58419,,264,1,0
1768228166371190,52931,14550,47.0,264,0,0
1768228166454448,52931,14550,48.0,163,0,0
1768228166456501,52931,14550,44.0,178,0,0
1768228166458781,52931,14550,48.0,30,0,0
1768228166460131,52931,14550,48.0,33,0,0
1768228166461467,52931,14550,39.0,74,0,0
1768228166463559,52931,14550,51.0,1,0,0
1768228166465406,52931,14550,22.0,125,0,0
1768228166467253,52931,14550,27.0,152,0,0
1768228166468602,52931,14550,43.0,62,0,0
1768228166471045,52931,14550,26.0,42,0,0
1768228166473499,52931,14550,32.0,36,0,0
1768228166474610,52931,14550,62.0,65,0,0
1768228166475762,52931,14550,49.0,27,0,0
1768228166476991,52931,14550,44.0,116,0,0
1768228166478086,52931,14550,42.0,129,0,0
1768228166479175,52931,14550,34.0,29,0,0
1768228166481087,52931,14550,34.0,137,0,0
1768228166482875,52931,14550,60.0,24,0,0
1768228166484919,52931,14550,53.0,124,0,0
1768228166486303,52931,14550,31.0,2,0,0
1768228166487844,52931,14550,64.0,164,0,0
1768228166489388,52931,14550,24.0,168,0,0
1768228166490801,52931,14550,42.0,136,0,0
1768228166492665,52931,14550,42.0,193,0,0
1768228166494017,52931,14550,48.0,32,0,0
1768228166495106,52931,14550,40.0,241,0,0
1768228166496539,52931,14550,70.0,87,0,0
1768228166498071,52931,14550,61.0,147,0,0
1768228166499398,52931,14550,64.0,11030,0,0
1768228166501299,52931,14550,21.0,46,0,0
1768228166502939,52931,14550,40.0,253,0,0
1768228166504734,52931,14550,35.0,253,0,0
1768228166562969,58419,5760,,0,1,0
1768228166703131,52931,14550,48.0,163,0,0
1768228166706755,52931,14550,44.0,178,0,0
1768228166707934,52931,14550,48.0,30,0,0
1768228166709545,52931,14550,48.0,33,0,0
1768228166710713,52931,14550,39.0,74,0,0
1768228166713699,52931,14550,51.0,1,0,0
1768228166715466,52931,14550,22.0,125,0,0
1768228166717312,52931,14550,27.0,152,0,0
1768228166718632,52931,14550,45.0,62,0,0
1768228166720771,52931,14550,26.0,42,0,0
1768228166723569,52931,14550,32.0,36,0,0
1768228166725005,52931,14550,62.0,65,0,0
1768228166726488,52931,14550,49.0,27,0,0
1768228166727379,52931,14550,44.0,116,0,0
1768228166728917,52931,14550,42.0,129,0,0
1768228166730248,52931,14550,34.0,29,0,0
1768228166731793,52931,14550,34.0,137,0,0
1768228166733075,52931,14550,60.0,24,0,0
1768228166734580,52931,14550,53.0,124,0,0
1768228166736317,52931,14550,31.0,2,0,0
1768228166737639,52931,14550,64.0,164,0,0
1768228166739370,52931,14550,24.0,168,0,0
1768228166740845,52931,14550,42.0,136,0,0
1768228166742487,52931,14550,42.0,193,0,0
1768228166743746,52931,14550,48.0,32,0,0
1768228166744805,52931,14550,40.0,241,0,0
1768228166745848,52931,14550,70.0,87,0,0
1768228166747497,52931,14550,61.0,147,0,0
1768228166749021,52931,14550,64.0,11030,0,0
1768228166774405,5760,58419,,0,1,0
1768228166775203,52931,14550,29.0,0,0,0
1768228166868385,5760,58419,,264,1,0
1768228166869296,52931,14550,47.0,264,0,0
1768228166952768,52931,14550,48.0,163,0,0
1768228166954114,52931,14550,44.0,178,0,0
1768228166955271,52931,14550,48.0,30,0,0
1768228166957052,52931,14550,48.0,33,0,0
1768228166958789,52931,14550,39.0,74,0,0
1768228166961398,52931,14550,51.0,1,0,0
1768228166964531,52931,14550,22.0,125,0,0
1768228166965860,52931,14550,27.0,152,0,0
1768228166966871,52931,14550,45.0,62,0,0
1768228166968511,52931,14550,26.0,42,0,0
1768228166970235,52931,14550,32.0,36,0,0
1768228166971513,52931,14550,62.0,65,0,0
1768228166972312,52931,14550,49.0,27,0,0
1768228166973240,52931,14550,44.0,116,0,0
1768228166974461,52931,14550,42.0,129,0,0
1768228166975575,52931,14550,34.0,29,0,0
1768228166976769,52931,14550,34.0,137,0,0
1768228166977817,52931,14550,60.0,24,0,0
1768228166979244,52931,14550,53.0,124,0,0
1768228166980926,52931,14550,31.0,2,0,0
1768228166981716,52931,14550,64.0,164,0,0
1768228166982490,52931,14550,24.0,168,0,0
1768228166983755,52931,14550,42.0,136,0,0
1768228166985071,52931,14550,42.0,193,0,0
1768228166986263,52931,14550,48.0,32,0,0
1768228166987366,52931,14550,40.0,241,0,0
1768228166988593,52931,14550,70.0,87,0,0
1768228166989926,52931,14550,61.0,147,0,0
1768228166991148,52931,14550,64.0,11030,0,0
1768228167208751,52931,14550,48.0,163,0,0
1768228167210529,52931,14550,44.0,178,0,0
1768228167212292,52931,14550,48.0,30,0,0
1768228167214162,52931,14550,48.0,33,0,0
1768228167215959,52931,14550,39.0,74,0,0
1768228167220587,52931,14550,51.0,1,0,0
1768228167225288,52931,14550,22.0,125,0,0
1768228167227081,52931,14550,27.0,152,0,0
1768228167228651,52931,14550,45.0,62,0,0
1768228167231292,52931,14550,26.0,42,0,0
1768228167232966,52931,14550,32.0,36,0,0
1768228167234506,52931,14550,62.0,65,0,0
1768228167235772,52931,14550,49.0,27,0,0
1768228167237012,52931,14550,44.0,116,0,0
1768228167238430,52931,14550,42.0,129,0,0
1768228167240719,52931,14550,34.0,29,0,0
1768228167241791,52931,14550,34.0,137,0,0
1768228167243237,52931,14550,60.0,24,0,0
1768228167245102,52931,14550,53.0,124,0,0
1768228167246940,52931,14550,31.0,2,0,0
1768228167248253,52931,14550,64.0,164,0,0
1768228167249910,52931,14550,24.0,168,0,0
1768228167252359,52931,14550,42.0,136,0,0
1768228167253661,52931,14550,42.0,193,0,0
1768228167255011,52931,14550,48.0,32,0,0
1768228167256329,52931,14550,40.0,241,0,0
1768228167257532,52931,14550,70.0,87,0,0
1768228167258918,52931,14550,61.0,147,0,0
1768228167260151,52931,14550,64.0,11030,0,0
1768228167372645,5760,58419,,264,1,0
1768228167373427,52931,14550,47.0,264,0,0
1768228167455881,52931,14550,48.0,163,0,0
1768228167457355,52931,14550,44.0,178,0,0
1768228167459122,52931,14550,48.0,30,0,0
1768228167460575,52931,14550,48.0,33,0,0
1768228167461926,52931,14550,39.0,74,0,0
1768228167464222,52931,14550,51.0,1,0,0
1768228167466411,52931,14550,22.0,125,0,0
1768228167468202,52931,14550,27.0,152,0,0
1768228167469520,52931,14550,45.0,62,0,0
1768228167471656,52931,14550,26.0,42,0,0
1768228167473327,52931,14550,32.0,36,0,0
1768228167474228,52931,14550,62.0,65,0,0
1768228167475934,52931,14550,49.0,27,0,0
1768228167477094,52931,14550,44.0,116,0,0
1768228167478279,52931,14550,42.0,129,0,0
1768228167479306,52931,14550,34.0,29,0,0
1768228167480433,52931,14550,34.0,137,0,0
1768228167481545,52931,14550,60.0,24,0,0
1768228167483010,52931,14550,53.0,124,0,0
1768228167484648,52931,14550,31.0,2,0,0
1768228167486178,52931,14550,64.0,164,0,0
1768228167487258,52931,14550,24.0,168,0,0
1768228167488988,52931,14550,42.0,136,0,0
1768228167490111,52931,14550,42.0,193,0,0
1768228167491112,52931,14550,48.0,32,0,0
1768228167492113,52931,14550,40.0,241,0,0
1768228167493261,52931,14550,70.0,87,0,0
1768228167494473,52931,14550,61.0,147,0,0
1768228167495822,52931,14550,64.0,11030,0,0
1768228167497075,58419,5760,,66,1,0
1768228167563962,58419,5760,,0,1,0
1768228167707838,52931,14550,48.0,163,0,0
1768228167710449,52931,14550,44.0,178,0,0
1768228167712227,52931,14550,48.0,30,0,0
1768228167714669,52931,14550,48.0,33,0,0
1768228167715768,52931,14550,39.0,74,0,0
1768228167719088,52931,14550,51.0,1,0,0
1768228167722766,52931,14550,22.0,125,0,0
1768228167724426,52931,14550,27.0,152,0,0
1768228167725660,52931,14550,45.0,62,0,0
1768228167728671,52931,14550,26.0,42,0,0
1768228167730619,52931,14550,32.0,36,0,0
1768228167732628,52931,14550,62.0,65,0,0
1768228167734034,52931,14550,49.0,27,0,0
1768228167735449,52931,14550,44.0,116,0,0
1768228167736536,52931,14550,42.0,129,0,0
1768228167738695,52931,14550,34.0,29,0,0
1768228167740189,52931,14550,34.0,137,0,0
1768228167741326,52931,14550,60.0,24,0,0
1768228167743782,52931,14550,53.0,124,0,0
1768228167744879,52931,14550,31.0,2,0,0
1768228167746194,52931,14550,64.0,164,0,0
1768228167747259,52931,14550,24.0,168,0,0
1768228167748329,52931,14550,42.0,136,0,0
1768228167749722,52931,14550,42.0,193,0,0
1768228167751334,52931,14550,48.0,32,0,0
1768228167752728,52931,14550,40.0,241,0,0
1768228167754049,52931,14550,70.0,87,0,0
1768228167755092,52931,14550,61.0,147,0,0
1768228167756852,52931,14550,64.0,11030,0,0
1768228167777977,5760,58419,,0,1,0
1768228167778720,52931,14550,29.0,0,0,0
1768228167871287,5760,58419,,264,1,0
1768228167872106,52931,14550,47.0,264,0,0
1768228167961375,52931,14550,48.0,163,0,0
1768228167963919,52931,14550,44.0,178,0,0
1768228167965058,52931,14550,48.0,30,0,0
1768228167966588,52931,14550,48.0,33,0,0
1768228167967854,52931,14550,39.0,74,0,0
1768228167970089,52931,14550,51.0,1,0,0
1768228167972531,52931,14550,22.0,125,0,0
1768228167974378,52931,14550,27.0,152,0,0
1768228167975443,52931,14550,45.0,62,0,0
1768228167977070,52931,14550,26.0,42,0,0
1768228167978729,52931,14550,32.0,36,0,0
1768228167979631,52931,14550,62.0,65,0,0
1768228167980704,52931,14550,49.0,27,0,0
1768228167981990,52931,14550,44.0,116,0,0
1768228167983592,52931,14550,42.0,129,0,0
1768228167985169,52931,14550,34.0,29,0,0
1768228167986606,52931,14550,34.0,137,0,0
1768228167988241,52931,14550,60.0,24,0,0
1768228167990089,52931,14550,53.0,124,0,0
1768228167991615,52931,14550,31.0,2,0,0
1768228167992933,52931,14550,64.0,164,0,0
1768228167994229,52931,14550,24.0,168,0,0
1768228167995689,52931,14550,42.0,136,0,0
1768228167997993,52931,14550,42.0,193,0,0
1768228167999821,52931,14550,48.0,32,0,0
1768228168001227,52931,14550,40.0,241,0,0
1768228168002045,52931,14550,70.0,87,0,0
1768228168004778,52931,14550,61.0,147,0,0
1768228168005921,52931,14550,64.0,11030,0,0
1768228168209281,52931,14550,48.0,163,0,0
1768228168212066,52931,14550,44.0,178,0,0
1768228168213199,52931,14550,48.0,30,0,0
1768228168216000,52931,14550,48.0,33,0,0
1768228168217994,52931,14550,39.0,74,0,0
1768228168220834,52931,14550,51.0,1,0,0
1768228168223773,52931,14550,22.0,125,0,0
1768228168225493,52931,14550,27.0,152,0,0
1768228168226911,52931,14550,45.0,62,0,0
1768228168229228,52931,14550,26.0,42,0,0
1768228168231326,52931,14550,32.0,36,0,0
1768228168232991,52931,14550,62.0,65,0,0
1768228168234426,52931,14550,49.0,27,0,0
1768228168235893,52931,14550,44.0,116,0,0
1768228168237266,52931,14550,42.0,129,0,0
1768228168239115,52931,14550,34.0,29,0,0
1768228168240654,52931,14550,34.0,137,0,0
1768228168242066,52931,14550,60.0,24,0,0
1768228168243740,52931,14550,53.0,124,0,0
1768228168245113,52931,14550,31.0,2,0,0
1768228168246772,52931,14550,64.0,164,0,0
1768228168248477,52931,14550,24.0,168,0,0
1768228168250065,52931,14550,42.0,136,0,0
1768228168251372,52931,14550,42.0,193,0,0
1768228168253521,52931,14550,48.0,32,0,0
1768228168254675,52931,14550,40.0,241,0,0
1768228168256367,52931,14550,70.0,87,0,0
1768228168257744,52931,14550,61.0,147,0,0
1768228168259067,52931,14550,64.0,11030,0,0
1768228168373142,5760,58419,,264,1,0
1768228168374190,52931,14550,47.0,264,0,0
1768228168459790,52931,14550,48.0,163,0,0
1768228168462526,52931,14550,44.0,178,0,0
1768228168465258,52931,14550,48.0,30,0,0
1768228168468933,52931,14550,48.0,33,0,0
1768228168470418,52931,14550,39.0,74,0,0
1768228168473550,52931,14550,51.0,1,0,0
1768228168477184,52931,14550,22.0,125,0,0
1768228168479150,52931,14550,27.0,152,0,0
1768228168480909,52931,14550,45.0,62,0,0
1768228168483114,52931,14550,26.0,42,0,0
1768228168485537,52931,14550,32.0,36,0,0
1768228168487234,52931,14550,62.0,65,0,0
1768228168488993,52931,14550,49.0,27,0,0
1768228168490734,52931,14550,44.0,116,0,0
1768228168492147,52931,14550,42.0,129,0,0
1768228168493848,52931,14550,34.0,29,0,0
1768228168495378,52931,14550,34.0,137,0,0
1768228168496512,52931,14550,60.0,24,0,0
1768228168498762,52931,14550,53.0,124,0,0
1768228168501028,52931,14550,31.0,2,0,0
1768228168502524,52931,14550,64.0,164,0,0
1768228168503974,52931,14550,24.0,168,0,0
1768228168505650,52931,14550,42.0,136,0,0
1768228168507242,52931,14550,42.0,193,0,0
1768228168509092,52931,14550,48.0,32,0,0
1768228168511135,52931,14550,40.0,241,0,0
1768228168513185,52931,14550,70.0,87,0,0
1768228168515175,52931,14550,61.0,147,0,0
1768228168517560,52931,14550,64.0,11030,0,0
1768228168575412,58419,5760,,0,1,0
1768228168710855,52931,14550,48.0,163,0,0
1768228168712825,52931,14550,44.0,178,0,0
1768228168714252,52931,14550,48.0,30,0,0
1768228168720249,52931,14550,48.0,33,0,0
1768228168721998,52931,14550,39.0,74,0,0
1768228168726192,52931,14550,51.0,1,0,0
1768228168731246,52931,14550,22.0,125,0,0
1768228168734773,52931,14550,27.0,152,0,0
1768228168736689,52931,14550,45.0,62,0,0
1768228168740373,52931,14550,26.0,42,0,0
1768228168744287,52931,14550,32.0,36,0,0
1768228168746340,52931,14550,62.0,65,0,0
1768228168748068,52931,14550,49.0,27,0,0
1768228168749849,52931,14550,44.0,116,0,0
1768228168751420,52931,14550,42.0,129,0,0
1768228168753449,52931,14550,34.0,29,0,0
1768228168755012,52931,14550,34.0,137,0,0
1768228168756720,52931,14550,60.0,24,0,0
1768228168759673,52931,14550,53.0,124,0,0
1768228168761927,52931,14550,31.0,2,0,0
1768228168763768,52931,14550,64.0,164,0,0
1768228168765346,52931,14550,24.0,168,0,0
1768228168767184,52931,14550,42.0,136,0,0
1768228168769132,52931,14550,42.0,193,0,0
1768228168772149,52931,14550,48.0,32,0,0
1768228168774109,52931,14550,40.0,241,0,0
1768228168776013,52931,14550,70.0,87,0,0
1768228168777712,52931,14550,61.0,147,0,0
1768228168779098,52931,14550,64.0,11030,0,0
1768228168784751,5760,58419,,0,1,0
1768228168786007,52931,14550,29.0,0,0,0
1768228168875722,5760,58419,,264,1,0
1768228168876649,52931,14550,47.0,264,0,0
1768228168965797,52931,14550,48.0,163,0,0
1768228168967541,52931,14550,44.0,178,0,0
1768228168969872,52931,14550,48.0,30,0,0
1768228168971272,52931,14550,48.0,33,0,0
1768228168972883,52931,14550,39.0,74,0,0
1768228168975950,52931,14550,51.0,1,0,0
1768228168977921,52931,14550,22.0,125,0,0
1768228168979813,52931,14550,27.0,152,0,0
1768228168981465,52931,14550,45.0,62,0,0
1768228168984137,52931,14550,26.0,42,0,0
1768228168986942,52931,14550,32.0,36,0,0
1768228168989134,52931,14550,62.0,65,0,0
1768228168990969,52931,14550,49.0,27,0,0
1768228168992881,52931,14550,44.0,116,0,0
1768228168994810,52931,14550,42.0,129,0,0
1768228168996574,52931,14550,34.0,29,0,0
1768228168999042,52931,14550,34.0,137,0,0
1768228169001008,52931,14550,60.0,24,0,0
1768228169003919,52931,14550,53.0,124,0,0
1768228169006512,52931,14550,31.0,2,0,0
1768228169008788,52931,14550,64.0,164,0,0
1768228169011015,52931,14550,24.0,168,0,0
1768228169013265,52931,14550,42.0,136,0,0
1768228169015095,52931,14550,42.0,193,0,0
1768228169017381,52931,14550,48.0,32,0,0
1768228169019407,52931,14550,40.0,241,0,0
1768228169021875,52931,14550,70.0,87,0,0
1768228169024970,52931,14550,61.0,147,0,0
1768228169026704,52931,14550,64.0,11030,0,0
1768228169215377,52931,14550,48.0,163,0,0
1768228169217907,52931,14550,44.0,178,0,0
1768228169220098,52931,14550,48.0,30,0,0
1768228169223927,52931,14550,48.0,33,0,0
1768228169229037,52931,14550,39.0,74,0,0
1768228169235058,52931,14550,51.0,1,0,0
1768228169243984,52931,14550,22.0,125,0,0
1768228169248005,52931,14550,27.0,152,0,0
1768228169251348,52931,14550,45.0,62,0,0
1768228169256965,52931,14550,26.0,42,0,0
1768228169259924,52931,14550,32.0,36,0,0
1768228169262065,52931,14550,62.0,65,0,0
1768228169264908,52931,14550,49.0,27,0,0
1768228169267747,52931,14550,44.0,116,0,0
1768228169270338,52931,14550,42.0,129,0,0
1768228169273148,52931,14550,34.0,29,0,0
1768228169275418,52931,14550,34.0,137,0,0
1768228169278074,52931,14550,60.0,24,0,0
1768228169283073,52931,14550,53.0,124,0,0
1768228169285102,52931,14550,31.0,2,0,0
1768228169288473,52931,14550,64.0,164,0,0
1768228169291345,52931,14550,24.0,168,0,0
1768228169293464,52931,14550,42.0,136,0,0
1768228169295147,52931,14550,42.0,193,0,0
1768228169297152,52931,14550,48.0,32,0,0
1768228169299057,52931,14550,40.0,241,0,0
1768228169301238,52931,14550,70.0,87,0,0
1768228169303979,52931,14550,61.0,147,0,0
1768228169306465,52931,14550,64.0,11030,0,0
1768228169382594,5760,58419,,264,1,0
1768228169383819,52931,14550,47.0,264,0,0
1768228169468551,52931,14550,48.0,163,0,0
1768228169471912,52931,14550,44.0,178,0,0
1768228169473640,52931,14550,48.0,30,0,0
1768228169478047,52931,14550,48.0,33,0,0
1768228169480897,52931,14550,39.0,74,0,0
1768228169484102,52931,14550,51.0,1,0,0
1768228169487812,52931,14550,22.0,125,0,0
1768228169489845,52931,14550,27.0,152,0,0
1768228169491231,52931,14550,45.0,62,0,0
1768228169494188,52931,14550,26.0,42,0,0
1768228169497980,52931,14550,32.0,36,0,0
1768228169499836,52931,14550,62.0,65,0,0
1768228169502051,52931,14550,49.0,27,0,0
1768228169504007,52931,14550,44.0,116,0,0
1768228169505588,52931,14550,42.0,129,0,0
1768228169507035,52931,14550,34.0,29,0,0
1768228169508244,52931,14550,34.0,137,0,0
1768228169510240,52931,14550,60.0,24,0,0
1768228169512815,52931,14550,53.0,124,0,0
1768228169515118,52931,14550,31.0,2,0,0
1768228169517052,52931,14550,64.0,164,0,0
1768228169518913,52931,14550,24.0,168,0,0
1768228169521854,52931,14550,42.0,136,0,0
1768228169524871,52931,14550,42.0,193,0,0
1768228169527704,52931,14550,48.0,32,0,0
1768228169530166,52931,14550,40.0,241,0,0
1768228169532984,52931,14550,70.0,87,0,0
1768228169535281,52931,14550,61.0,147,0,0
1768228169537704,52931,14550,64.0,11030,0,0
1768228169584789,58419,5760,,0,1,0
1768228169717494,52931,14550,48.0,163,0,0
1768228169720367,52931,14550,44.0,178,0,0
1768228169723657,52931,14550,48.0,30,0,0
1768228169730328,52931,14550,48.0,33,0,0
1768228169734306,52931,14550,39.0,74,0,0
1768228169740859,52931,14550,51.0,1,0,0
1768228169751142,52931,14550,22.0,125,0,0
1768228169754322,52931,14550,27.0,152,0,0
1768228169756916,52931,14550,45.0,62,0,0
1768228169760843,52931,14550,26.0,42,0,0
1768228169764974,52931,14550,32.0,36,0,0
1768228169766906,52931,14550,62.0,65,0,0
1768228169772376,52931,14550,49.0,27,0,0
1768228169774478,52931,14550,44.0,116,0,0
1768228169776584,52931,14550,42.0,129,0,0
1768228169779799,52931,14550,34.0,29,0,0
1768228169785309,52931,14550,34.0,137,0,0
1768228169787146,52931,14550,60.0,24,0,0
1768228169789815,52931,14550,53.0,124,0,0
1768228169791822,5760,58419,,0,1,0
1768228169792534,52931,14550,31.0,2,0,0
1768228169795147,52931,14550,64.0,164,0,0
1768228169797123,52931,14550,24.0,168,0,0
1768228169799696,52931,14550,42.0,136,0,0
1768228169801655,52931,14550,42.0,193,0,0
1768228169804153,52931,14550,48.0,32,0,0
1768228169806063,52931,14550,40.0,241,0,0
1768228169808143,52931,14550,70.0,87,0,0
1768228169810344,52931,14550,61.0,147,0,0
1768228169812195,52931,14550,64.0,11030,0,0
1768228169816277,52931,14550,29.0,0,0,0
1768228169886452,5760,58419,,264,1,0
1768228169887697,52931,14550,47.0,264,0,0
1768228169973635,52931,14550,48.0,163,0,0
1768228169977256,52931,14550,44.0,178,0,0
1768228169979440,52931,14550,48.0,30,0,0
1768228169982130,52931,14550,48.0,33,0,0
1768228169985765,52931,14550,39.0,74,0,0
1768228169990047,52931,14550,51.0,1,0,0
1768228169996197,52931,14550,22.0,125,0,0
1768228169998930,52931,14550,27.0,152,0,0
1768228170000942,52931,14550,45.0,62,0,0
1768228170004707,52931,14550,26.0,42,0,0
1768228170007447,52931,14550,32.0,36,0,0
1768228170009391,52931,14550,62.0,65,0,0
1768228170011817,52931,14550,49.0,27,0,0
1768228170014552,52931,14550,44.0,116,0,0
1768228170016748,52931,14550,42.0,129,0,0
1768228170018641,52931,14550,34.0,29,0,0
1768228170020231,52931,14550,34.0,137,0,0
1768228170022413,52931,14550,60.0,24,0,0
1768228170024521,52931,14550,53.0,124,0,0
1768228170027709,52931,14550,31.0,2,0,0
1768228170029702,52931,14550,64.0,164,0,0
1768228170031412,52931,14550,24.0,168,0,0
1768228170033505,52931,14550,42.0,136,0,0
1768228170035427,52931,14550,42.0,193,0,0
1768228170037692,52931,14550,48.0,32,0,0
1768228170039961,52931,14550,40.0,241,0,0
1768228170042322,52931,14550,70.0,87,0,0
1768228170044806,52931,14550,61.0,147,0,0
1768228170046772,52931,14550,64.0,11030,0,0
1768228170223648,52931,14550,48.0,163,0,0
1768228170228541,52931,14550,44.0,178,0,0
1768228170232640,52931,14550,48.0,30,0,0
1768228170236473,52931,14550,48.0,33,0,0
1768228170239162,52931,14550,39.0,74,0,0
1768228170246229,52931,14550,51.0,1,0,0
1768228170252852,52931,14550,22.0,125,0,0
1768228170255310,52931,14550,27.0,152,0,0
1768228170258354,52931,14550,45.0,62,0,0
1768228170262764,52931,14550,26.0,42,0,0
1768228170267184,52931,14550,32.0,36,0,0
1768228170271084,52931,14550,62.0,65,0,0
1768228170272728,52931,14550,49.0,27,0,0
1768228170276511,52931,14550,44.0,116,0,0
1768228170278740,52931,14550,42.0,129,0,0
1768228170281334,52931,14550,34.0,29,0,0
1768228170283564,52931,14550,34.0,137,0,0
1768228170286142,52931,14550,60.0,24,0,0
1768228170289459,52931,14550,53.0,124,0,0
1768228170292792,52931,14550,31.0,2,0,0
1768228170295331,52931,14550,64.0,164,0,0
1768228170297834,52931,14550,24.0,168,0,0
1768228170300439,52931,14550,42.0,136,0,0
1768228170302272,52931,14550,42.0,193,0,0
1768228170305373,52931,14550,48.0,32,0,0
1768228170307213,52931,14550,40.0,241,0,0
1768228170308810,52931,14550,70.0,87,0,0
1768228170311403,52931,14550,61.0,147,0,0
1768228170312975,52931,14550,64.0,11030,0,0
1768228170388870,5760,58419,,264,1,0
1768228170389337,52931,14550,47.0,264,0,0
1768228170474807,52931,14550,48.0,163,0,0
1768228170476894,52931,14550,44.0,178,0,0
1768228170478155,52931,14550,48.0,30,0,0
1768228170482441,52931,14550,48.0,33,0,0
1768228170486674,52931,14550,39.0,74,0,0
1768228170491091,52931,14550,51.0,1,0,0
1768228170493658,52931,14550,22.0,125,0,0
1768228170495941,52931,14550,27.0,152,0,0
1768228170497892,52931,14550,45.0,62,0,0
1768228170501185,52931,14550,26.0,42,0,0
1768228170504039,52931,14550,32.0,36,0,0
1768228170506453,52931,14550,62.0,65,0,0
1768228170508448,52931,14550,49.0,27,0,0
1768228170510870,52931,14550,44.0,116,0,0
1768228170513363,52931,14550,42.0,129,0,0
1768228170515563,52931,14550,34.0,29,0,0
1768228170517439,52931,14550,34.0,137,0,0
1768228170519134,52931,14550,60.0,24,0,0
1768228170520823,52931,14550,53.0,124,0,0
1768228170524463,52931,14550,31.0,2,0,0
1768228170525843,52931,14550,64.0,164,0,0
1768228170527448,52931,14550,24.0,168,0,0
1768228170529218,52931,14550,42.0,136,0,0
1768228170530479,52931,14550,42.0,193,0,0
1768228170532350,52931,14550,48.0,32,0,0
1768228170533771,52931,14550,40.0,241,0,0
1768228170535696,52931,14550,70.0,87,0,0
1768228170537473,52931,14550,61.0,147,0,0
1768228170539069,52931,14550,64.0,11030,0,0
1768228170586868,58419,5760,,0,1,0
1768228170723476,52931,14550,48.0,163,0,0
1768228170727530,52931,14550,44.0,178,0,0
1768228170728869,52931,14550,48.0,30,0,0
1768228170733974,52931,14550,48.0,33,0,0
1768228170740065,52931,14550,39.0,74,0,0
1768228170744428,52931,14550,51.0,1,0,0
1768228170752005,52931,14550,22.0,125,0,0
1768228170756828,52931,14550,27.0,152,0,0
1768228170758999,52931,14550,45.0,62,0,0
1768228170762737,52931,14550,26.0,42,0,0
1768228170766505,52931,14550,32.0,36,0,0
1768228170767746,52931,14550,62.0,65,0,0
1768228170769583,52931,14550,49.0,27,0,0
1768228170774250,52931,14550,44.0,116,0,0
1768228170776633,52931,14550,42.0,129,0,0
1768228170778123,52931,14550,34.0,29,0,0
1768228170780523,52931,14550,34.0,137,0,0
1768228170782467,52931,14550,60.0,24,0,0
1768228170788376,52931,14550,53.0,124,0,0
1768228170790865,52931,14550,31.0,2,0,0
1768228170793295,52931,14550,64.0,164,0,0
1768228170793891,5760,58419,,0,1,0
1768228170796112,52931,14550,24.0,168,0,0
1768228170799585,52931,14550,42.0,136,0,0
1768228170803506,52931,14550,42.0,193,0,0
1768228170807864,52931,14550,48.0,32,0,0
1768228170813873,52931,14550,40.0,241,0,0
1768228170818441,52931,14550,70.0,87,0,0
1768228170821801,52931,14550,61.0,147,0,0
1768228170825217,52931,14550,64.0,11030,0,0
1768228170829364,52931,14550,29.0,0,0,0
1768228170889281,5760,58419,,264,1,0
1768228170890472,52931,14550,47.0,264,0,0
1768228170974082,52931,14550,48.0,163,0,0
1768228170975814,52931,14550,44.0,178,0,0
1768228170977827,52931,14550,48.0,30,0,0
1768228170979528,52931,14550,48.0,33,0,0
1768228170980805,52931,14550,39.0,74,0,0
1768228170983599,52931,14550,51.0,1,0,0
1768228170985814,52931,14550,22.0,125,0,0
1768228170987155,52931,14550,27.0,152,0,0
1768228170988265,52931,14550,45.0,62,0,0
1768228170989869,52931,14550,26.0,42,0,0
1768228170991193,52931,14550,32.0,36,0,0
1768228170992555,52931,14550,62.0,65,0,0
1768228170994175,52931,14550,49.0,27,0,0
1768228170995159,52931,14550,44.0,116,0,0
1768228170996337,52931,14550,42.0,129,0,0
1768228170997498,52931,14550,34.0,29,0,0
1768228170998408,52931,14550,34.0,137,0,0
1768228170999558,52931,14550,60.0,24,0,0
1768228171000824,52931,14550,53.0,124,0,0
1768228171002607,52931,14550,31.0,2,0,0
1768228171003492,52931,14550,64.0,164,0,0
1768228171004686,52931,14550,24.0,168,0,0
1768228171005868,52931,14550,42.0,136,0,0
1768228171006930,52931,14550,42.0,193,0,0
1768228171008150,52931,14550,48.0,32,0,0
1768228171009448,52931,14550,40.0,241,0,0
1768228171010539,52931,14550,70.0,87,0,0
1768228171011569,52931,14550,61.0,147,0,0
1768228171013076,52931,14550,64.0,11030,0,0
1768228171225977,52931,14550,48.0,163,0,0
1768228171229342,52931,14550,44.0,178,0,0
1768228171231526,52931,14550,48.0,30,0,0
1768228171234008,52931,14550,48.0,33,0,0
1768228171239352,52931,14550,39.0,74,0,0
1768228171243172,52931,14550,51.0,1,0,0
1768228171249144,52931,14550,22.0,125,0,0
1768228171254829,52931,14550,27.0,152,0,0
1768228171257272,52931,14550,45.0,62,0,0
1768228171260720,52931,14550,26.0,42,0,0
1768228171263643,52931,14550,32.0,36,0,0
1768228171266810,52931,14550,62.0,65,0,0
1768228171268652,52931,14550,49.0,27,0,0
1768228171271160,52931,14550,44.0,116,0,0
1768228171276141,52931,14550,42.0,129,0,0
1768228171278114,52931,14550,34.0,29,0,0
1768228171281651,52931,14550,34.0,137,0,0
1768228171283751,52931,14550,60.0,24,0,0
1768228171287930,52931,14550,53.0,124,0,0
1768228171292408,52931,14550,31.0,2,0,0
1768228171296074,52931,14550,64.0,164,0,0
1768228171298618,52931,14550,24.0,168,0,0
1768228171300477,52931,14550,42.0,136,0,0
1768228171302753,52931,14550,42.0,193,0,0
1768228171307000,52931,14550,48.0,32,0,0
1768228171310557,52931,14550,40.0,241,0,0
1768228171314048,52931,14550,70.0,87,0,0
1768228171317983,52931,14550,61.0,147,0,0
1768228171321538,52931,14550,64.0,11030,0,0
1768228171390888,5760,58419,,264,1,0
1768228171391883,52931,14550,47.0,264,0,0
1768228171476879,52931,14550,48.0,163,0,0
1768228171478832,52931,14550,44.0,178,0,0
1768228171480995,52931,14550,48.0,30,0,0
1768228171484125,52931,14550,48.0,33,0,0
1768228171486436,52931,14550,39.0,74,0,0
1768228171492067,52931,14550,51.0,1,0,0
1768228171495211,52931,14550,22.0,125,0,0
1768228171496958,52931,14550,27.0,152,0,0
1768228171498468,52931,14550,45.0,62,0,0
1768228171500918,52931,14550,26.0,42,0,0
1768228171504169,52931,14550,32.0,36,0,0
1768228171508019,52931,14550,62.0,65,0,0
1768228171510219,52931,14550,49.0,27,0,0
1768228171511631,52931,14550,44.0,116,0,0
1768228171513161,52931,14550,42.0,129,0,0
1768228171514376,52931,14550,34.0,29,0,0
1768228171515976,52931,14550,34.0,137,0,0
1768228171517173,52931,14550,60.0,24,0,0
1768228171518791,52931,14550,53.0,124,0,0
1768228171522444,52931,14550,31.0,2,0,0
1768228171523974,52931,14550,64.0,164,0,0
1768228171525677,52931,14550,24.0,168,0,0
1768228171527954,52931,14550,42.0,136,0,0
1768228171529245,52931,14550,42.0,193,0,0
1768228171531337,52931,14550,48.0,32,0,0
1768228171533880,52931,14550,40.0,241,0,0
1768228171535280,52931,14550,70.0,87,0,0
1768228171537162,52931,14550,61.0,147,0,0
1768228171539573,52931,14550,64.0,11030,0,0
1768228171587470,58419,5760,,0,1,0
1768228171730185,52931,14550,48.0,163,0,0
1768228171735291,52931,14550,44.0,178,0,0
1768228171737836,52931,14550,48.0,30,0,0
1768228171740399,52931,14550,48.0,33,0,0
1768228171742416,52931,14550,39.0,74,0,0
1768228171748831,52931,14550,51.0,1,0,0
1768228171755895,52931,14550,22.0,125,0,0
1768228171758114,52931,14550,27.0,152,0,0
1768228171760581,52931,14550,45.0,62,0,0
1768228171764098,52931,14550,26.0,42,0,0
1768228171766840,52931,14550,32.0,36,0,0
1768228171769486,52931,14550,62.0,65,0,0
1768228171771509,52931,14550,49.0,27,0,0
1768228171773614,52931,14550,44.0,116,0,0
1768228171776677,52931,14550,42.0,129,0,0
1768228171778132,52931,14550,34.0,29,0,0
1768228171779475,52931,14550,34.0,137,0,0
1768228171781556,52931,14550,60.0,24,0,0
1768228171784302,52931,14550,53.0,124,0,0
1768228171788954,52931,14550,31.0,2,0,0
1768228171794080,52931,14550,64.0,164,0,0
1768228171796818,52931,14550,24.0,168,0,0
1768228171802450,52931,14550,42.0,136,0,0
1768228171804002,5760,58419,,0,1,0
1768228171806171,52931,14550,42.0,193,0,0
1768228171808789,52931,14550,48.0,32,0,0
1768228171812186,52931,14550,40.0,241,0,0
1768228171814433,52931,14550,70.0,87,0,0
1768228171816239,52931,14550,61.0,147,0,0
1768228171818589,52931,14550,64.0,11030,0,0
1768228171824401,52931,14550,29.0,0,0,0
1768228171898166,5760,58419,,264,1,0
1768228171899388,52931,14550,47.0,264,0,0
1768228171983090,52931,14550,48.0,163,0,0
1768228171986414,52931,14550,44.0,178,0,0
1768228171987665,52931,14550,48.0,30,0,0
1768228171990138,52931,14550,48.0,33,0,0
1768228171991504,52931,14550,39.0,74,0,0
1768228171994241,52931,14550,51.0,1,0,0
1768228171996727,52931,14550,22.0,125,0,0
1768228171998390,52931,14550,27.0,152,0,0
1768228171999608,52931,14550,45.0,62,0,0
1768228172001937,52931,14550,26.0,42,0,0
1768228172004570,52931,14550,32.0,36,0,0
1768228172006115,52931,14550,62.0,65,0,0
1768228172007588,52931,14550,49.0,27,0,0
1768228172008805,52931,14550,44.0,116,0,0
1768228172010342,52931,14550,42.0,129,0,0
1768228172011568,52931,14550,34.0,29,0,0
1768228172012756,52931,14550,34.0,137,0,0
1768228172014475,52931,14550,60.0,24,0,0
1768228172017763,52931,14550,53.0,124,0,0
1768228172020029,52931,14550,31.0,2,0,0
1768228172021347,52931,14550,64.0,164,0,0
1768228172022934,52931,14550,24.0,168,0,0
1768228172024299,52931,14550,42.0,136,0,0
1768228172025735,52931,14550,42.0,193,0,0
1768228172027206,52931,14550,48.0,32,0,0
1768228172028965,52931,14550,40.0,241,0,0
1768228172030369,52931,14550,70.0,87,0,0
1768228172032664,52931,14550,61.0,147,0,0
1768228172033948,52931,14550,64.0,11030,0,0
1768228172231344,52931,14550,48.0,163,0,0
1768228172233443,52931,14550,44.0,178,0,0
1768228172236220,52931,14550,48.0,30,0,0
1768228172240785,52931,14550,48.0,33,0,0
1768228172242188,52931,14550,39.0,74,0,0
1768228172249777,52931,14550,51.0,1,0,0
1768228172255441,52931,14550,22.0,125,0,0
1768228172259351,52931,14550,27.0,152,0,0
1768228172261474,52931,14550,45.0,62,0,0
1768228172265621,52931,14550,26.0,42,0,0
1768228172267586,52931,14550,32.0,36,0,0
1768228172269509,52931,14550,62.0,65,0,0
1768228172271485,52931,14550,49.0,27,0,0
1768228172273505,52931,14550,44.0,116,0,0
1768228172275053,52931,14550,42.0,129,0,0
1768228172276528,52931,14550,34.0,29,0,0
1768228172278240,52931,14550,34.0,137,0,0
1768228172279876,52931,14550,60.0,24,0,0
1768228172285096,52931,14550,53.0,124,0,0
1768228172288347,52931,14550,31.0,2,0,0
1768228172289686,52931,14550,64.0,164,0,0
1768228172291322,52931,14550,24.0,168,0,0
1768228172293990,52931,14550,42.0,136,0,0
1768228172295574,52931,14550,42.0,193,0,0
1768228172298409,52931,14550,48.0,32,0,0
1768228172299987,52931,14550,40.0,241,0,0
1768228172301814,52931,14550,70.0,87,0,0
1768228172305188,52931,14550,61.0,147,0,0
1768228172308156,52931,14550,64.0,11030,0,0
1768228172396876,5760,58419,,264,1,0
1768228172397848,52931,14550,47.0,264,0,0
1768228172488011,52931,14550,48.0,163,0,0
1768228172490260,52931,14550,44.0,178,0,0
1768228172492424,52931,14550,48.0,30,0,0
1768228172494734,52931,14550,48.0,33,0,0
1768228172496123,52931,14550,39.0,74,0,0
1768228172501393,52931,14550,51.0,1,0,0
1768228172505898,52931,14550,22.0,125,0,0
1768228172508882,52931,14550,27.0,152,0,0
1768228172510637,52931,14550,45.0,62,0,0
1768228172512912,52931,14550,26.0,42,0,0
1768228172515503,52931,14550,32.0,36,0,0
1768228172516738,52931,14550,62.0,65,0,0
1768228172519494,52931,14550,49.0,27,0,0
1768228172521081,52931,14550,44.0,116,0,0
1768228172522938,52931,14550,42.0,129,0,0
1768228172524335,52931,14550,34.0,29,0,0
1768228172525793,52931,14550,34.0,137,0,0
1768228172527050,52931,14550,60.0,24,0,0
1768228172529249,52931,14550,53.0,124,0,0
1768228172531923,52931,14550,31.0,2,0,0
1768228172533581,52931,14550,64.0,164,0,0
1768228172535540,52931,14550,24.0,168,0,0
1768228172537333,52931,14550,42.0,136,0,0
1768228172539200,52931,14550,42.0,193,0,0
1768228172540971,52931,14550,48.0,32,0,0
1768228172542684,52931,14550,40.0,241,0,0
1768228172544251,52931,14550,70.0,87,0,0
1768228172545862,52931,14550,61.0,147,0,0
1768228172547260,52931,14550,64.0,11030,0,0
1768228172594692,58419,5760,,0,1,0
1768228172737916,52931,14550,48.0,163,0,0
1768228172741698,52931,14550,44.0,178,0,0
1768228172743838,52931,14550,48.0,30,0,0
1768228172746504,52931,14550,48.0,33,0,0
1768228172748894,52931,14550,39.0,74,0,0
1768228172753833,52931,14550,51.0,1,0,0
1768228172760635,52931,14550,22.0,125,0,0
1768228172764186,52931,14550,27.0,152,0,0
1768228172767121,52931,14550,45.0,62,0,0
1768228172771344,52931,14550,26.0,42,0,0
1768228172774984,52931,14550,32.0,36,0,0
1768228172777566,52931,14550,62.0,65,0,0
1768228172780104,52931,14550,49.0,27,0,0
1768228172783501,52931,14550,44.0,116,0,0
1768228172787424,52931,14550,42.0,129,0,0
1768228172789878,52931,14550,34.0,29,0,0
1768228172793235,52931,14550,34.0,137,0,0
1768228172795239,52931,14550,60.0,24,0,0
1768228172800796,52931,14550,53.0,124,0,0
1768228172803418,52931,14550,31.0,2,0,0
1768228172806798,5760,58419,,0,1,0
1768228172807269,52931,14550,64.0,164,0,0
1768228172810147,52931,14550,24.0,168,0,0
1768228172812554,52931,14550,42.0,136,0,0
1768228172814357,52931,14550,42.0,193,0,0
1768228172817697,52931,14550,48.0,32,0,0
1768228172819494,52931,14550,40.0,241,0,0
1768228172820938,52931,14550,70.0,87,0,0
1768228172824791,52931,14550,61.0,147,0,0
1768228172826469,52931,14550,64.0,11030,0,0
1768228172830226,52931,14550,29.0,0,0,0
1768228172904122,5760,58419,,264,1,0
1768228172905477,52931,14550,47.0,264,0,0
1768228172986972,52931,14550,48.0,163,0,0
1768228172990082,52931,14550,44.0,178,0,0
1768228172992310,52931,14550,48.0,30,0,0
1768228172994378,52931,14550,48.0,33,0,0
1768228172996132,52931,14550,39.0,74,0,0
1768228172999194,52931,14550,51.0,1,0,0
1768228173002566,52931,14550,22.0,125,0,0
1768228173004544,52931,14550,27.0,152,0,0
1768228173005764,52931,14550,45.0,62,0,0
1768228173007973,52931,14550,26.0,42,0,0
1768228173011255,52931,14550,32.0,36,0,0
1768228173012779,52931,14550,62.0,65,0,0
1768228173014326,52931,14550,49.0,27,0,0
1768228173015708,52931,14550,44.0,116,0,0
1768228173017226,52931,14550,42.0,129,0,0
1768228173018455,52931,14550,34.0,29,0,0
1768228173019635,52931,14550,34.0,137,0,0
1768228173021282,52931,14550,60.0,24,0,0
1768228173023559,52931,14550,53.0,124,0,0
1768228173025038,52931,14550,31.0,2,0,0
1768228173026480,52931,14550,64.0,164,0,0
1768228173027763,52931,14550,24.0,168,0,0
1768228173029149,52931,14550,42.0,136,0,0
1768228173030625,52931,14550,42.0,193,0,0
1768228173032036,52931,14550,48.0,32,0,0
1768228173033529,52931,14550,40.0,241,0,0
1768228173035165,52931,14550,70.0,87,0,0
1768228173036743,52931,14550,61.0,147,0,0
1768228173038003,52931,14550,64.0,11030,0,0
1768228173237770,52931,14550,48.0,163,0,0
1768228173241300,52931,14550,44.0,178,0,0
1768228173242966,52931,14550,48.0,30,0,0
1768228173248880,52931,14550,48.0,33,0,0
1768228173252416,52931,14550,39.0,74,0,0
1768228173258305,52931,14550,51.0,1,0,0
1768228173264071,52931,14550,22.0,125,0,0
1768228173266598,52931,14550,27.0,152,0,0
1768228173268271,52931,14550,45.0,62,0,0
1768228173273014,52931,14550,26.0,42,0,0
1768228173275410,52931,14550,32.0,36,0,0
1768228173278848,52931,14550,62.0,65,0,0
1768228173281865,52931,14550,49.0,27,0,0
1768228173283256,52931,14550,44.0,116,0,0
1768228173287628,52931,14550,42.0,129,0,0
1768228173289988,52931,14550,34.0,29,0,0
1768228173293410,52931,14550,34.0,137,0,0
1768228173295413,52931,14550,60.0,24,0,0
1768228173298385,52931,14550,53.0,124,0,0
1768228173300102,52931,14550,31.0,2,0,0
1768228173302067,52931,14550,64.0,164,0,0
1768228173303595,52931,14550,24.0,168,0,0
1768228173305512,52931,14550,42.0,136,0,0
1768228173307073,52931,14550,42.0,193,0,0
1768228173309010,52931,14550,48.0,32,0,0
1768228173310239,52931,14550,40.0,241,0,0
1768228173311998,52931,14550,70.0,87,0,0
1768228173313807,52931,14550,61.0,147,0,0
1768228173315826,52931,14550,64.0,11030,0,0
1768228173407068,5760,58419,,264,1,0
1768228173408341,52931,14550,47.0,264,0,0
1768228173490201,52931,14550,48.0,163,0,0
1768228173492590,52931,14550,44.0,178,0,0
1768228173494153,52931,14550,48.0,30,0,0
1768228173498932,52931,14550,48.0,33,0,0
1768228173501373,52931,14550,39.0,74,0,0
1768228173506186,52931,14550,51.0,1,0,0
1768228173509156,52931,14550,22.0,125,0,0
1768228173512823,52931,14550,27.0,152,0,0
1768228173515001,52931,14550,45.0,62,0,0
1768228173518302,52931,14550,26.0,42,0,0
1768228173520334,52931,14550,32.0,36,0,0
1768228173521906,52931,14550,62.0,65,0,0
1768228173523318,52931,14550,49.0,27,0,0
1768228173525524,52931,14550,44.0,116,0,0
1768228173527104,52931,14550,42.0,129,0,0
1768228173528549,52931,14550,34.0,29,0,0
1768228173530094,52931,14550,34.0,137,0,0
1768228173531811,52931,14550,60.0,24,0,0
1768228173535286,52931,14550,53.0,124,0,0
1768228173537983,52931,14550,31.0,2,0,0
1768228173540708,52931,14550,64.0,164,0,0
1768228173542912,52931,14550,24.0,168,0,0
1768228173544709,52931,14550,42.0,136,0,0
1768228173547065,52931,14550,42.0,193,0,0
1768228173549144,52931,14550,48.0,32,0,0
1768228173550972,52931,14550,40.0,241,0,0
1768228173552995,52931,14550,70.0,87,0,0
1768228173555517,52931,14550,61.0,147,0,0
1768228173557272,52931,14550,64.0,11030,0,0
1768228173605711,58419,5760,,0,1,0
1768228173743139,52931,14550,48.0,163,0,0
1768228173746766,52931,14550,44.0,178,0,0
1768228173752034,52931,14550,48.0,30,0,0
1768228173755766,52931,14550,48.0,33,0,0
1768228173758920,52931,14550,39.0,74,0,0
1768228173762700,52931,14550,51.0,1,0,0
1768228173771363,52931,14550,22.0,125,0,0
1768228173775998,52931,14550,27.0,152,0,0
1768228173779317,52931,14550,45.0,62,0,0
1768228173785251,52931,14550,26.0,42,0,0
1768228173789160,52931,14550,32.0,36,0,0
1768228173791717,52931,14550,62.0,65,0,0
1768228173795184,52931,14550,49.0,27,0,0
1768228173798739,52931,14550,44.0,116,0,0
1768228173803640,52931,14550,42.0,129,0,0
1768228173807206,52931,14550,34.0,29,0,0
1768228173809572,52931,14550,34.0,137,0,0
1768228173811662,52931,14550,60.0,24,0,0
1768228173814892,5760,58419,,0,1,0
1768228173816230,52931,14550,53.0,124,0,0
1768228173820317,52931,14550,31.0,2,0,0
1768228173822890,52931,14550,64.0,164,0,0
1768228173824889,52931,14550,24.0,168,0,0
1768228173828877,52931,14550,42.0,136,0,0
1768228173832755,52931,14550,42.0,193,0,0
1768228173837687,52931,14550,48.0,32,0,0
1768228173839261,52931,14550,40.0,241,0,0
1768228173841664,52931,14550,70.0,87,0,0
1768228173843116,52931,14550,61.0,147,0,0
1768228173844338,52931,14550,64.0,11030,0,0
1768228173849856,52931,14550,29.0,0,0,0
1768228173857399,5760,58419,,111,1,0
1768228173858236,52931,14550,33.0,111,0,0
1768228173909803,5760,58419,,264,1,0
1768228173910762,52931,14550,47.0,264,0,0
1768228173994531,52931,14550,48.0,163,0,0
1768228173996778,52931,14550,44.0,178,0,0
1768228173998979,52931,14550,48.0,30,0,0
1768228174002611,52931,14550,48.0,33,0,0
1768228174005140,52931,14550,39.0,74,0,0
1768228174008668,52931,14550,51.0,1,0,0
1768228174011074,52931,14550,22.0,125,0,0
1768228174013093,52931,14550,27.0,152,0,0
1768228174014447,52931,14550,45.0,62,0,0
1768228174016610,52931,14550,26.0,42,0,0
1768228174018787,52931,14550,32.0,36,0,0
1768228174020024,52931,14550,62.0,65,0,0
1768228174021918,52931,14550,49.0,27,0,0
1768228174023178,52931,14550,44.0,116,0,0
1768228174024946,52931,14550,42.0,129,0,0
1768228174026415,52931,14550,34.0,29,0,0
1768228174027603,52931,14550,34.0,137,0,0
1768228174029162,52931,14550,60.0,24,0,0
1768228174030945,52931,14550,53.0,124,0,0
1768228174032790,52931,14550,31.0,2,0,0
1768228174034458,52931,14550,64.0,164,0,0
1768228174035697,52931,14550,24.0,168,0,0
1768228174037400,52931,14550,42.0,136,0,0
1768228174039102,52931,14550,42.0,193,0,0
1768228174041134,52931,14550,48.0,32,0,0
1768228174042883,52931,14550,40.0,241,0,0
1768228174044139,52931,14550,70.0,87,0,0
1768228174045946,52931,14550,61.0,147,0,0
1768228174048060,52931,14550,64.0,11030,0,0
1768228174247589,52931,14550,48.0,163,0,0
1768228174249741,52931,14550,44.0,178,0,0
1768228174252760,52931,14550,48.0,30,0,0
1768228174255541,52931,14550,48.0,33,0,0
1768228174258314,52931,14550,39.0,74,0,0
1768228174262644,52931,14550,51.0,1,0,0
1768228174268307,52931,14550,22.0,125,0,0
1768228174272225,52931,14550,27.0,152,0,0
1768228174274108,52931,14550,45.0,62,0,0
1768228174277538,52931,14550,26.0,42,0,0
1768228174282488,52931,14550,32.0,36,0,0
1768228174284981,52931,14550,62.0,65,0,0
1768228174287072,52931,14550,49.0,27,0,0
1768228174288700,52931,14550,44.0,116,0,0
1768228174289892,52931,14550,42.0,129,0,0
1768228174291813,52931,14550,34.0,29,0,0
1768228174294169,52931,14550,34.0,137,0,0
1768228174295621,52931,14550,60.0,24,0,0
1768228174298964,52931,14550,53.0,124,0,0
1768228174302324,52931,14550,31.0,2,0,0
1768228174305007,52931,14550,64.0,164,0,0
1768228174307009,52931,14550,24.0,168,0,0
1768228174311731,52931,14550,42.0,136,0,0
1768228174313604,52931,14550,42.0,193,0,0
1768228174317836,52931,14550,48.0,32,0,0
1768228174321305,52931,14550,40.0,241,0,0
1768228174323034,52931,14550,70.0,87,0,0
1768228174324968,52931,14550,61.0,147,0,0
1768228174327514,52931,14550,64.0,11030,0,0
1768228174409947,5760,58419,,264,1,0
1768228174411403,52931,14550,47.0,264,0,0
1768228174500202,52931,14550,48.0,163,0,0
1768228174503092,52931,14550,44.0,178,0,0
1768228174504590,52931,14550,48.0,30,0,0
1768228174507141,52931,14550,48.0,33,0,0
1768228174509041,52931,14550,39.0,74,0,0
1768228174513424,52931,14550,51.0,1,0,0
1768228174519892,52931,14550,22.0,125,0,0
1768228174521541,52931,14550,27.0,152,0,0
1768228174523860,52931,14550,45.0,62,0,0
1768228174526521,52931,14550,26.0,42,0,0
1768228174529558,52931,14550,32.0,36,0,0
1768228174531635,52931,14550,62.0,65,0,0
1768228174533409,52931,14550,49.0,27,0,0
1768228174534743,52931,14550,44.0,116,0,0
1768228174536276,52931,14550,42.0,129,0,0
1768228174537776,52931,14550,34.0,29,0,0
1768228174539523,52931,14550,34.0,137,0,0
1768228174541306,52931,14550,60.0,24,0,0
1768228174544050,52931,14550,53.0,124,0,0
1768228174546258,52931,14550,31.0,2,0,0
1768228174547593,52931,14550,64.0,164,0,0
1768228174549211,52931,14550,24.0,168,0,0
1768228174550798,52931,14550,42.0,136,0,0
1768228174552847,52931,14550,42.0,193,0,0
1768228174554699,52931,14550,48.0,32,0,0
1768228174556843,52931,14550,40.0,241,0,0
1768228174558064,52931,14550,70.0,87,0,0
1768228174559836,52931,14550,61.0,147,0,0
1768228174561641,52931,14550,64.0,11030,0,0
1768228174608361,58419,5760,,0,1,0
1768228174747734,52931,14550,48.0,163,0,0
1768228174749850,52931,14550,44.0,178,0,0
1768228174753649,52931,14550,48.0,30,0,0
1768228174757731,52931,14550,48.0,33,0,0
1768228174759609,52931,14550,39.0,74,0,0
1768228174764434,52931,14550,51.0,1,0,0
1768228174772464,52931,14550,22.0,125,0,0
1768228174778672,52931,14550,27.0,152,0,0
1768228174781873,52931,14550,45.0,62,0,0
1768228174783959,52931,14550,26.0,42,0,0
1768228174786586,52931,14550,32.0,36,0,0
1768228174788537,52931,14550,62.0,65,0,0
1768228174790159,52931,14550,49.0,27,0,0
1768228174791407,52931,14550,44.0,116,0,0
1768228174792896,52931,14550,42.0,129,0,0
1768228174794419,52931,14550,34.0,29,0,0
1768228174795641,52931,14550,34.0,137,0,0
1768228174796892,52931,14550,60.0,24,0,0
1768228174799307,52931,14550,53.0,124,0,0
1768228174801947,52931,14550,31.0,2,0,0
1768228174803168,52931,14550,64.0,164,0,0
1768228174804296,52931,14550,24.0,168,0,0
1768228174805627,52931,14550,42.0,136,0,0
1768228174807101,52931,14550,42.0,193,0,0
1768228174808709,52931,14550,48.0,32,0,0
1768228174810008,52931,14550,40.0,241,0,0
1768228174811497,52931,14550,70.0,87,0,0
1768228174813302,52931,14550,61.0,147,0,0
1768228174814904,52931,14550,64.0,11030,0,0
1768228174823066,5760,58419,,0,1,0
1768228174824035,52931,14550,29.0,0,0,0
1768228174913854,5760,58419,,264,1,0
1768228174914893,52931,14550,47.0,264,0,0
1768228174998398,52931,14550,48.0,163,0,0
1768228174999999,52931,14550,44.0,178,0,0
1768228175003303,52931,14550,48.0,30,0,0
1768228175005304,52931,14550,48.0,33,0,0
1768228175007002,52931,14550,39.0,74,0,0
1768228175009829,52931,14550,51.0,1,0,0
1768228175012452,52931,14550,22.0,125,0,0
1768228175014078,52931,14550,27.0,152,0,0
1768228175015313,52931,14550,45.0,62,0,0
1768228175017453,52931,14550,26.0,42,0,0
1768228175020074,52931,14550,32.0,36,0,0
1768228175021487,52931,14550,62.0,65,0,0
1768228175022974,52931,14550,49.0,27,0,0
1768228175024288,52931,14550,44.0,116,0,0
1768228175025581,52931,14550,42.0,129,0,0
1768228175026794,52931,14550,34.0,29,0,0
1768228175028446,52931,14550,34.0,137,0,0
1768228175029749,52931,14550,60.0,24,0,0
1768228175031634,52931,14550,53.0,124,0,0
1768228175033420,52931,14550,31.0,2,0,0
1768228175034937,52931,14550,64.0,164,0,0
1768228175037207,52931,14550,24.0,168,0,0
1768228175039245,52931,14550,42.0,136,0,0
1768228175040999,52931,14550,42.0,193,0,0
1768228175042845,52931,14550,48.0,32,0,0
1768228175044257,52931,14550,40.0,241,0,0
1768228175045920,52931,14550,70.0,87,0,0
1768228175047975,52931,14550,61.0,147,0,0
1768228175049316,52931,14550,64.0,11030,0,0
1768228175248956,52931,14550,48.0,163,0,0
1768228175250295,52931,14550,44.0,178,0,0
1768228175250969,52931,14550,48.0,30,0,0
1768228175254632,52931,14550,48.0,33,0,0
1768228175255872,52931,14550,39.0,74,0,0
1768228175259095,52931,14550,51.0,1,0,0
1768228175262609,52931,14550,22.0,125,0,0
1768228175264482,52931,14550,27.0,152,0,0
1768228175265166,52931,14550,45.0,62,0,0
1768228175266921,52931,14550,26.0,42,0,0
1768228175268551,52931,14550,32.0,36,0,0
1768228175269252,52931,14550,62.0,65,0,0
1768228175270383,52931,14550,49.0,27,0,0
1768228175271062,52931,14550,44.0,116,0,0
1768228175272082,52931,14550,42.0,129,0,0
1768228175272882,52931,14550,34.0,29,0,0
1768228175273945,52931,14550,34.0,137,0,0
1768228175274871,52931,14550,60.0,24,0,0
1768228175276239,52931,14550,53.0,124,0,0
1768228175279595,52931,14550,31.0,2,0,0
1768228175280433,52931,14550,64.0,164,0,0
1768228175281644,52931,14550,24.0,168,0,0
1768228175283081,52931,14550,42.0,136,0,0
1768228175285625,52931,14550,42.0,193,0,0
1768228175286840,52931,14550,48.0,32,0,0
1768228175289140,52931,14550,40.0,241,0,0
1768228175290233,52931,14550,70.0,87,0,0
1768228175292799,52931,14550,61.0,147,0,0
1768228175293947,52931,14550,64.0,11030,0,0
1768228175415603,5760,58419,,264,1,0
1768228175416657,52931,14550,47.0,264,0,0
1768228175500411,52931,14550,48.0,163,0,0
1768228175503177,52931,14550,44.0,178,0,0
1768228175504937,52931,14550,48.0,30,0,0
1768228175507325,52931,14550,48.0,33,0,0
1768228175508753,52931,14550,39.0,74,0,0
1768228175511563,52931,14550,51.0,1,0,0
1768228175514702,52931,14550,22.0,125,0,0
1768228175516493,52931,14550,27.0,152,0,0
1768228175518019,52931,14550,45.0,62,0,0
1768228175519872,52931,14550,26.0,42,0,0
1768228175522556,52931,14550,32.0,36,0,0
1768228175524223,52931,14550,62.0,65,0,0
1768228175525725,52931,14550,49.0,27,0,0
1768228175526918,52931,14550,44.0,116,0,0
1768228175528168,52931,14550,42.0,129,0,0
1768228175529388,52931,14550,34.0,29,0,0
1768228175530547,52931,14550,34.0,137,0,0
1768228175531744,52931,14550,60.0,24,0,0
1768228175535006,52931,14550,53.0,124,0,0
1768228175537077,52931,14550,31.0,2,0,0
1768228175539213,52931,14550,64.0,164,0,0
1768228175541349,52931,14550,24.0,168,0,0
1768228175543704,52931,14550,42.0,136,0,0
1768228175545016,52931,14550,42.0,193,0,0
1768228175546725,52931,14550,48.0,32,0,0
1768228175549219,52931,14550,40.0,241,0,0
1768228175550904,52931,14550,70.0,87,0,0
1768228175553640,52931,14550,61.0,147,0,0
1768228175555602,52931,14550,64.0,11030,0,0
1768228175614686,58419,5760,,0,1,0
1768228175756923,52931,14550,48.0,163,0,0
1768228175758015,52931,14550,44.0,178,0,0
1768228175759308,52931,14550,48.0,30,0,0
1768228175760966,52931,14550,48.0,33,0,0
1768228175762266,52931,14550,39.0,74,0,0
1768228175765220,52931,14550,51.0,1,0,0
1768228175770166,52931,14550,22.0,125,0,0
1768228175771307,52931,14550,27.0,152,0,0
1768228175772176,52931,14550,45.0,62,0,0
1768228175773930,52931,14550,26.0,42,0,0
1768228175775231,52931,14550,32.0,36,0,0
1768228175776131,52931,14550,62.0,65,0,0
1768228175776929,52931,14550,49.0,27,0,0
1768228175777925,52931,14550,44.0,116,0,0
1768228175778752,52931,14550,42.0,129,0,0
1768228175779752,52931,14550,34.0,29,0,0
1768228175780524,52931,14550,34.0,137,0,0
1768228175781290,52931,14550,60.0,24,0,0
1768228175782625,52931,14550,53.0,124,0,0
1768228175783804,52931,14550,31.0,2,0,0
1768228175784615,52931,14550,64.0,164,0,0
1768228175785761,52931,14550,24.0,168,0,0
1768228175786841,52931,14550,42.0,136,0,0
1768228175787640,52931,14550,42.0,193,0,0
1768228175788719,52931,14550,48.0,32,0,0
1768228175789549,52931,14550,40.0,241,0,0
1768228175790355,52931,14550,70.0,87,0,0
1768228175791255,52931,14550,61.0,147,0,0
1768228175792395,52931,14550,64.0,11030,0,0
1768228175824191,5760,58419,,0,1,0
1768228175824971,52931,14550,29.0,0,0,0
1768228175918889,5760,58419,,264,1,0
1768228175919644,52931,14550,47.0,264,0,0
1768228176006413,52931,14550,48.0,163,0,0
1768228176008269,52931,14550,44.0,178,0,0
1768228176010127,52931,14550,48.0,30,0,0
1768228176011228,52931,14550,48.0,33,0,0
1768228176012571,52931,14550,39.0,74,0,0
1768228176014411,52931,14550,51.0,1,0,0
1768228176015916,52931,14550,22.0,125,0,0
1768228176017096,52931,14550,27.0,152,0,0
1768228176017998,52931,14550,45.0,62,0,0
1768228176019607,52931,14550,26.0,42,0,0
1768228176020773,52931,14550,32.0,36,0,0
1768228176021731,52931,14550,62.0,65,0,0
1768228176022670,52931,14550,49.0,27,0,0
1768228176023531,52931,14550,44.0,116,0,0
1768228176024520,52931,14550,42.0,129,0,0
1768228176025329,52931,14550,34.0,29,0,0
1768228176026190,52931,14550,34.0,137,0,0
1768228176027169,52931,14550,60.0,24,0,0
1768228176028522,52931,14550,53.0,124,0,0
1768228176029772,52931,14550,31.0,2,0,0
1768228176030641,52931,14550,64.0,164,0,0
1768228176031415,52931,14550,24.0,168,0,0
1768228176032493,52931,14550,42.0,136,0,0
1768228176033268,52931,14550,42.0,193,0,0
1768228176034458,52931,14550,48.0,32,0,0
1768228176035324,52931,14550,40.0,241,0,0
1768228176036112,52931,14550,70.0,87,0,0
1768228176037294,52931,14550,61.0,147,0,0
1768228176038374,52931,14550,64.0,11030,0,0
1768228176255138,52931,14550,48.0,163,0,0
1768228176255818,52931,14550,44.0,178,0,0
1768228176256606,52931,14550,48.0,30,0,0
1768228176257336,52931,14550,48.0,33,0,0
1768228176258308,52931,14550,39.0,74,0,0
1768228176260281,52931,14550,51.0,1,0,0
1768228176262225,52931,14550,22.0,125,0,0
1768228176263500,52931,14550,27.0,152,0,0
1768228176264255,52931,14550,45.0,62,0,0
1768228176265416,52931,14550,26.0,42,0,0
1768228176266696,52931,14550,32.0,36,0,0
1768228176267554,52931,14550,62.0,65,0,0
1768228176268288,52931,14550,49.0,27,0,0
1768228176268746,52931,14550,44.0,116,0,0
1768228176269349,52931,14550,42.0,129,0,0
1768228176270239,52931,14550,34.0,29,0,0
1768228176271187,52931,14550,34.0,137,0,0
1768228176271856,52931,14550,60.0,24,0,0
1768228176273141,52931,14550,53.0,124,0,0
1768228176273877,52931,14550,31.0,2,0,0
1768228176274307,52931,14550,64.0,164,0,0
1768228176274959,52931,14550,24.0,168,0,0
1768228176276066,52931,14550,42.0,136,0,0
1768228176277071,52931,14550,42.0,193,0,0
1768228176278488,52931,14550,48.0,32,0,0
1768228176279037,52931,14550,40.0,241,0,0
1768228176279482,52931,14550,70.0,87,0,0
1768228176280309,52931,14550,61.0,147,0,0
1768228176281096,52931,14550,64.0,11030,0,0
1768228176422743,5760,58419,,264,1,0
1768228176423405,52931,14550,47.0,264,0,0
1768228176505430,52931,14550,48.0,163,0,0
1768228176506723,52931,14550,44.0,178,0,0
1768228176507396,52931,14550,48.0,30,0,0
1768228176508790,52931,14550,48.0,33,0,0
1768228176509952,52931,14550,39.0,74,0,0
1768228176511921,52931,14550,51.0,1,0,0
1768228176513495,52931,14550,22.0,125,0,0
1768228176514539,52931,14550,27.0,152,0,0
1768228176515567,52931,14550,45.0,62,0,0
1768228176518063,52931,14550,26.0,42,0,0
1768228176520552,52931,14550,32.0,36,0,0
1768228176521969,52931,14550,62.0,65,0,0
1768228176523364,52931,14550,49.0,27,0,0
1768228176524295,52931,14550,44.0,116,0,0
1768228176525002,52931,14550,42.0,129,0,0
1768228176525673,52931,14550,34.0,29,0,0
1768228176526573,52931,14550,34.0,137,0,0
1768228176527307,52931,14550,60.0,24,0,0
1768228176528352,52931,14550,53.0,124,0,0
1768228176530190,52931,14550,31.0,2,0,0
1768228176531328,52931,14550,64.0,164,0,0
1768228176532144,52931,14550,24.0,168,0,0
1768228176533061,52931,14550,42.0,136,0,0
1768228176533888,52931,14550,42.0,193,0,0
1768228176535048,52931,14550,48.0,32,0,0
1768228176536099,52931,14550,40.0,241,0,0
1768228176536992,52931,14550,70.0,87,0,0
1768228176538118,52931,14550,61.0,147,0,0
1768228176538921,52931,14550,64.0,11030,0,0
1768228176617548,58419,5760,,0,1,0
1768228176754995,52931,14550,48.0,163,0,0
1768228176756840,52931,14550,44.0,178,0,0
1768228176758510,52931,14550,48.0,30,0,0
1768228176760999,52931,14550,48.0,33,0,0
1768228176762838,52931,14550,39.0,74,0,0
1768228176766665,52931,14550,51.0,1,0,0
1768228176769678,52931,14550,22.0,125,0,0
1768228176771466,52931,14550,27.0,152,0,0
1768228176772808,52931,14550,45.0,62,0,0
1768228176774507,52931,14550,26.0,42,0,0
1768228176775673,52931,14550,32.0,36,0,0
1768228176777718,52931,14550,62.0,65,0,0
1768228176778434,52931,14550,49.0,27,0,0
1768228176779577,52931,14550,44.0,116,0,0
1768228176780254,52931,14550,42.0,129,0,0
1768228176781212,52931,14550,34.0,29,0,0
1768228176781872,52931,14550,34.0,137,0,0
1768228176782808,52931,14550,60.0,24,0,0
1768228176786231,52931,14550,53.0,124,0,0
1768228176787924,52931,14550,31.0,2,0,0
1768228176789697,52931,14550,64.0,164,0,0
1768228176791059,52931,14550,24.0,168,0,0
1768228176793464,52931,14550,42.0,136,0,0
1768228176794361,52931,14550,42.0,193,0,0
1768228176795191,52931,14550,48.0,32,0,0
1768228176796251,52931,14550,40.0,241,0,0
1768228176796937,52931,14550,70.0,87,0,0
1768228176798299,52931,14550,61.0,147,0,0
1768228176799901,52931,14550,64.0,11030,0,0
1768228176829404,5760,58419,,0,1,0
1768228176830048,52931,14550,29.0,0,0,0
1768228176921871,5760,58419,,264,1,0
1768228176922824,52931,14550,47.0,264,0,0
1768228177009554,52931,14550,48.0,163,0,0
1768228177010963,52931,14550,44.0,178,0,0
1768228177011754,52931,14550,48.0,30,0,0
1768228177013459,52931,14550,48.0,33,0,0
1768228177015181,52931,14550,39.0,74,0,0
1768228177016885,52931,14550,51.0,1,0,0
1768228177018607,52931,14550,22.0,125,0,0
1768228177019802,52931,14550,27.0,152,0,0
1768228177020622,52931,14550,45.0,62,0,0
1768228177021854,52931,14550,26.0,42,0,0
1768228177022863,52931,14550,32.0,36,0,0
1768228177023751,52931,14550,62.0,65,0,0
1768228177024444,52931,14550,49.0,27,0,0
1768228177025318,52931,14550,44.0,116,0,0
1768228177026014,52931,14550,42.0,129,0,0
1768228177026732,52931,14550,34.0,29,0,0
1768228177027579,52931,14550,34.0,137,0,0
1768228177028301,52931,14550,60.0,24,0,0
1768228177029751,52931,14550,53.0,124,0,0
1768228177030560,52931,14550,31.0,2,0,0
1768228177031236,52931,14550,64.0,164,0,0
1768228177032032,52931,14550,24.0,168,0,0
1768228177032837,52931,14550,42.0,136,0,0
1768228177033679,52931,14550,42.0,193,0,0
1768228177034503,52931,14550,48.0,32,0,0
1768228177035433,52931,14550,40.0,241,0,0
1768228177036380,52931,14550,70.0,87,0,0
1768228177037504,52931,14550,61.0,147,0,0
1768228177038190,52931,14550,64.0,11030,0,0
1768228177256196,52931,14550,48.0,163,0,0
1768228177256622,52931,14550,44.0,178,0,0
1768228177256904,52931,14550,48.0,30,0,0
1768228177257524,52931,14550,48.0,33,0,0
1768228177258339,52931,14550,39.0,74,0,0
1768228177260271,52931,14550,51.0,1,0,0
1768228177261438,52931,14550,22.0,125,0,0
1768228177262593,52931,14550,27.0,152,0,0
1768228177263129,52931,14550,45.0,62,0,0
1768228177264220,52931,14550,26.0,42,0,0
1768228177264934,52931,14550,32.0,36,0,0
1768228177265596,52931,14550,62.0,65,0,0
1768228177265932,52931,14550,49.0,27,0,0
1768228177266444,52931,14550,44.0,116,0,0
1768228177266931,52931,14550,42.0,129,0,0
1768228177267402,52931,14550,34.0,29,0,0
1768228177268236,52931,14550,34.0,137,0,0
1768228177268704,52931,14550,60.0,24,0,0
1768228177269771,52931,14550,53.0,124,0,0
1768228177270634,52931,14550,31.0,2,0,0
1768228177271670,52931,14550,64.0,164,0,0
1768228177272271,52931,14550,24.0,168,0,0
1768228177272886,52931,14550,42.0,136,0,0
1768228177273263,52931,14550,42.0,193,0,0
1768228177274130,52931,14550,48.0,32,0,0
1768228177275384,52931,14550,40.0,241,0,0
1768228177275844,52931,14550,70.0,87,0,0
1768228177276640,52931,14550,61.0,147,0,0
1768228177277132,52931,14550,64.0,11030,0,0
1768228177420837,5760,58419,,264,1,1
1768228177421501,52931,14550,47.0,264,0,1
1768228177506856,52931,14550,48.0,163,0,1
1768228177508631,52931,14550,44.0,178,0,1
1768228177510370,52931,14550,48.0,30,0,1
1768228177512639,52931,14550,48.0,33,0,1
1768228177514049,52931,14550,39.0,74,0,1
1768228177517016,52931,14550,51.0,1,0,1
1768228177522086,52931,14550,22.0,125,0,1
1768228177524548,52931,14550,27.0,152,0,1
1768228177525873,52931,14550,45.0,62,0,1
1768228177527705,52931,14550,26.0,42,0,1
1768228177529548,52931,14550,32.0,36,0,1
1768228177530521,52931,14550,62.0,65,0,1
1768228177531578,52931,14550,49.0,27,0,1
1768228177532750,52931,14550,44.0,116,0,1
1768228177533753,52931,14550,42.0,129,0,1
1768228177536529,52931,14550,34.0,29,0,1
1768228177538436,52931,14550,34.0,137,0,1
1768228177539877,52931,14550,60.0,24,0,1
1768228177542169,52931,14550,53.0,124,0,1
1768228177543366,52931,14550,31.0,2,0,1
1768228177544280,52931,14550,64.0,164,0,1
1768228177545444,52931,14550,24.0,168,0,1
1768228177546613,52931,14550,42.0,136,0,1
1768228177547619,52931,14550,42.0,193,0,1
1768228177549104,52931,14550,48.0,32,0,1
1768228177551255,52931,14550,40.0,241,0,1
1768228177552865,52931,14550,70.0,87,0,1
1768228177554288,52931,14550,61.0,147,0,1
1768228177555324,52931,14550,64.0,11030,0,1
1768228177623181,58419,5760,,0,1,1
1768228177762569,52931,14550,48.0,163,0,1
1768228177764747,52931,14550,44.0,178,0,1
1768228177767091,52931,14550,48.0,30,0,1
1768228177769321,52931,14550,48.0,33,0,1
1768228177771123,52931,14550,39.0,74,0,1
1768228177776113,52931,14550,51.0,1,0,1
1768228177781351,52931,14550,22.0,125,0,1
1768228177784839,52931,14550,27.0,152,0,1
1768228177788010,5760,58419,,253,1,1
1768228177788080,52931,14550,45.0,62,0,1
1768228177792093,52931,14550,26.0,42,0,1
1768228177794195,52931,14550,32.0,36,0,1
1768228177796283,52931,14550,62.0,65,0,1
1768228177797909,52931,14550,49.0,27,0,1
1768228177799557,52931,14550,44.0,116,0,1
1768228177801211,52931,14550,42.0,129,0,1
1768228177803408,52931,14550,34.0,29,0,1
1768228177808461,52931,14550,34.0,137,0,1
1768228177810672,52931,14550,60.0,24,0,1
1768228177813981,52931,14550,53.0,124,0,1
1768228177816601,52931,14550,31.0,2,0,1
1768228177819203,52931,14550,64.0,164,0,1
1768228177822451,52931,14550,24.0,168,0,1
1768228177824805,52931,14550,42.0,136,0,1
1768228177828344,52931,14550,42.0,193,0,1
1768228177830229,52931,14550,48.0,32,0,1
1768228177832502,52931,14550,40.0,241,0,1
1768228177833878,52931,14550,70.0,87,0,1
1768228177836079,52931,14550,61.0,147,0,1
1768228177838590,52931,14550,64.0,11030,0,1
1768228177845211,52931,14550,71.0,253,0,1
1768228177847942,52931,14550,35.0,253,0,1
1768228177849418,52931,14550,60.0,253,0,1
1768228177853161,52931,14550,35.0,253,0,1
1768228177857320,52931,14550,60.0,253,0,1
1768228177859423,52931,14550,35.0,253,0,1
1768228177861815,52931,14550,60.0,253,0,1
1768228177864155,52931,14550,35.0,253,0,1
1768228177866937,52931,14550,60.0,253,0,1
1768228177870431,52931,14550,35.0,253,0,1
1768228177873650,52931,14550,60.0,253,0,1
1768228177875367,52931,14550,35.0,253,0,1
1768228177877033,52931,14550,60.0,253,0,1
1768228177880227,52931,14550,35.0,253,0,1
1768228177881953,52931,14550,60.0,253,0,1
1768228177883562,52931,14550,35.0,253,0,1
1768228177885826,52931,14550,60.0,253,0,1
1768228177890350,52931,14550,29.0,0,0,1
1768228177893727,52931,14550,35.0,253,0,1
1768228177895518,52931,14550,60.0,253,0,1
1768228177897841,52931,14550,35.0,253,0,1
1768228177901167,52931,14550,60.0,253,0,1
1768228177904847,52931,14550,35.0,253,0,1
1768228177908458,52931,14550,60.0,253,0,1
1768228177911880,52931,14550,35.0,253,0,1
1768228177914348,52931,14550,60.0,253,0,0
1768228177919978,52931,14550,35.0,253,0,0
1768228177923743,52931,14550,60.0,253,0,0
1768228177923969,5760,58419,,264,1,0
1768228177929405,52931,14550,35.0,253,0,0
1768228177932483,52931,14550,60.0,253,0,0
1768228177934420,52931,14550,35.0,253,0,0
1768228177936806,52931,14550,60.0,253,0,0
1768228177939640,52931,14550,35.0,253,0,0
1768228177941682,52931,14550,60.0,253,0,0
1768228177943557,52931,14550,35.0,253,0,0
1768228177945449,52931,14550,60.0,253,0,0
1768228177948894,52931,14550,35.0,253,0,0
1768228177951569,52931,14550,60.0,253,0,0
1768228177953651,52931,14550,35.0,253,0,0
1768228177956109,52931,14550,60.0,253,0,0
1768228177958134,52931,14550,35.0,253,0,0
1768228177962591,52931,14550,60.0,253,0,0
1768228177964697,52931,14550,35.0,253,0,0
1768228177967954,52931,14550,60.0,253,0,0
1768228177969685,52931,14550,35.0,253,0,0
1768228177973229,52931,14550,60.0,253,0,0
1768228177975735,52931,14550,35.0,253,0,0
1768228177977480,52931,14550,60.0,253,0,0
1768228177979262,52931,14550,35.0,253,0,0
1768228177981171,52931,14550,60.0,253,0,0
1768228177982842,52931,14550,35.0,253,0,0
1768228177985152,52931,14550,60.0,253,0,0
1768228177989621,52931,14550,35.0,253,0,0
1768228177991655,52931,14550,60.0,253,0,0
1768228177992989,52931,14550,45.0,22,0,0
1768228177995139,52931,14550,35.0,253,0,0
1768228177999240,52931,14550,60.0,253,0,0
1768228178001883,52931,14550,47.0,264,0,0
1768228178012876,52931,14550,48.0,163,0,0
1768228178014287,52931,14550,44.0,178,0,0
1768228178015439,52931,14550,48.0,30,0,0
1768228178017842,52931,14550,48.0,33,0,0
1768228178018837,52931,14550,39.0,74,0,0
1768228178020844,52931,14550,51.0,1,0,0
1768228178022146,52931,14550,22.0,125,0,0
1768228178023104,52931,14550,27.0,152,0,0
1768228178023848,52931,14550,45.0,62,0,0
1768228178025456,52931,14550,26.0,42,0,0
1768228178026547,52931,14550,32.0,36,0,0
1768228178027437,52931,14550,62.0,65,0,0
1768228178028019,52931,14550,49.0,27,0,0
1768228178028520,52931,14550,44.0,116,0,0
1768228178029177,52931,14550,42.0,129,0,0
1768228178029695,52931,14550,34.0,29,0,0
1768228178030357,52931,14550,34.0,137,0,0
1768228178030932,52931,14550,60.0,24,0,0
1768228178031978,52931,14550,53.0,124,0,0
1768228178032555,52931,14550,31.0,2,0,0
1768228178033054,52931,14550,64.0,164,0,0
1768228178033544,52931,14550,24.0,168,0,0
1768228178034345,52931,14550,42.0,136,0,0
1768228178034857,52931,14550,42.0,193,0,0
1768228178035498,52931,14550,48.0,32,0,0
1768228178035966,52931,14550,40.0,241,0,0
1768228178036429,52931,14550,70.0,87,0,0
1768228178036984,52931,14550,61.0,147,0,0
1768228178037904,52931,14550,64.0,11030,0,0
1768228178265207,52931,14550,48.0,163,0,0
1768228178266984,52931,14550,44.0,178,0,0
1768228178269208,52931,14550,48.0,30,0,0
1768228178272568,52931,14550,48.0,33,0,0
1768228178274627,52931,14550,39.0,74,0,0
1768228178278537,52931,14550,51.0,1,0,0
1768228178282807,52931,14550,22.0,125,0,0
1768228178285410,52931,14550,27.0,152,0,0
1768228178286885,52931,14550,45.0,62,0,0
1768228178290602,52931,14550,26.0,42,0,0
1768228178293150,52931,14550,32.0,36,0,0
1768228178294908,52931,14550,62.0,65,0,0
1768228178297682,52931,14550,49.0,27,0,0
1768228178302263,52931,14550,44.0,116,0,0
1768228178303857,52931,14550,42.0,129,0,0
1768228178305753,52931,14550,34.0,29,0,0
1768228178307374,52931,14550,34.0,137,0,0
1768228178310466,52931,14550,60.0,24,0,0
1768228178313458,52931,14550,53.0,124,0,0
1768228178316062,52931,14550,31.0,2,0,0
1768228178317981,52931,14550,64.0,164,0,0
1768228178319933,52931,14550,24.0,168,0,0
1768228178325140,52931,14550,42.0,136,0,0
1768228178326412,52931,14550,42.0,193,0,0
1768228178329024,52931,14550,48.0,32,0,0
1768228178332786,52931,14550,40.0,241,0,0
1768228178334613,52931,14550,70.0,87,0,0
1768228178337255,52931,14550,61.0,147,0,0
1768228178338665,52931,14550,64.0,11030,0,0
1768228178427597,5760,58419,,264,1,0
1768228178428634,52931,14550,47.0,264,0,0
1768228178512903,52931,14550,48.0,163,0,0
1768228178516732,52931,14550,44.0,178,0,0
1768228178519656,52931,14550,48.0,30,0,0
1768228178523218,52931,14550,48.0,33,0,0
1768228178525852,52931,14550,39.0,74,0,0
1768228178531041,52931,14550,51.0,1,0,0
1768228178533601,52931,14550,22.0,125,0,0
1768228178535684,52931,14550,27.0,152,0,0
1768228178537719,52931,14550,45.0,62,0,0
1768228178540825,52931,14550,26.0,42,0,0
1768228178543028,52931,14550,32.0,36,0,0
1768228178546564,52931,14550,62.0,65,0,0
1768228178548545,52931,14550,49.0,27,0,0
1768228178550420,52931,14550,44.0,116,0,0
1768228178552196,52931,14550,42.0,129,0,0
1768228178553716,52931,14550,34.0,29,0,0
1768228178555421,52931,14550,34.0,137,0,0
1768228178557049,52931,14550,60.0,24,0,0
1768228178560030,52931,14550,53.0,124,0,0
1768228178561559,52931,14550,31.0,2,0,0
1768228178563045,52931,14550,64.0,164,0,0
1768228178564582,52931,14550,24.0,168,0,0
1768228178566408,52931,14550,42.0,136,0,0
1768228178567607,52931,14550,42.0,193,0,0
1768228178569174,52931,14550,48.0,32,0,0
1768228178571448,52931,14550,40.0,241,0,0
1768228178572788,52931,14550,70.0,87,0,0
1768228178575051,52931,14550,61.0,147,0,0
1768228178576433,52931,14550,64.0,11030,0,0
1768228178625294,58419,5760,,0,1,0
1768228178764684,52931,14550,48.0,163,0,0
1768228178767169,52931,14550,44.0,178,0,0
1768228178769885,52931,14550,48.0,30,0,0
1768228178775052,52931,14550,48.0,33,0,0
1768228178776632,52931,14550,39.0,74,0,0
1768228178781616,52931,14550,51.0,1,0,0
1768228178789500,52931,14550,22.0,125,0,0
1768228178792956,52931,14550,27.0,152,0,0
1768228178797134,52931,14550,43.0,62,0,0
1768228178801937,52931,14550,26.0,42,0,0
1768228178805382,52931,14550,32.0,36,0,0
1768228178808016,52931,14550,62.0,65,0,0
1768228178811279,52931,14550,49.0,27,0,0
1768228178814189,52931,14550,44.0,116,0,0
1768228178816473,52931,14550,42.0,129,0,0
1768228178818964,52931,14550,34.0,29,0,0
1768228178820244,52931,14550,34.0,137,0,0
1768228178823166,52931,14550,60.0,24,0,0
1768228178826930,52931,14550,53.0,124,0,0
1768228178829899,52931,14550,31.0,2,0,0
1768228178831195,52931,14550,64.0,164,0,0
1768228178832934,52931,14550,24.0,168,0,0
1768228178834312,52931,14550,42.0,136,0,0
1768228178835777,52931,14550,42.0,193,0,0
1768228178837374,52931,14550,48.0,32,0,0
1768228178838661,52931,14550,40.0,241,0,0
1768228178839921,52931,14550,70.0,87,0,0
1768228178840606,5760,58419,,0,1,0
1768228178841697,52931,14550,61.0,147,0,0
1768228178843259,52931,14550,64.0,11030,0,0
1768228178845896,52931,14550,29.0,0,0,0
1768228178930587,5760,58419,,264,1,0
1768228178931765,52931,14550,47.0,264,0,0
1768228179017424,52931,14550,48.0,163,0,0
1768228179019640,52931,14550,44.0,178,0,0
1768228179023088,52931,14550,48.0,30,0,0
1768228179024780,52931,14550,48.0,33,0,0
1768228179026394,52931,14550,39.0,74,0,0
1768228179029812,52931,14550,51.0,1,0,0
1768228179032131,52931,14550,22.0,125,0,0
1768228179033856,52931,14550,27.0,152,0,0
1768228179035554,52931,14550,44.0,62,0,0
1768228179037890,52931,14550,26.0,42,0,0
1768228179040182,52931,14550,32.0,36,0,0
1768228179041697,52931,14550,62.0,65,0,0
1768228179042961,52931,14550,49.0,27,0,0
1768228179044137,52931,14550,44.0,116,0,0
1768228179045644,52931,14550,42.0,129,0,0
1768228179047016,52931,14550,34.0,29,0,0
1768228179048596,52931,14550,34.0,137,0,0
1768228179049893,52931,14550,60.0,24,0,0
1768228179051823,52931,14550,53.0,124,0,0
1768228179053909,52931,14550,31.0,2,0,0
1768228179055282,52931,14550,64.0,164,0,0
1768228179056686,52931,14550,24.0,168,0,0
1768228179058067,52931,14550,42.0,136,0,0
1768228179059545,52931,14550,42.0,193,0,0
1768228179060963,52931,14550,48.0,32,0,0
1768228179062431,52931,14550,40.0,241,0,0
1768228179063799,52931,14550,70.0,87,0,0
1768228179065639,52931,14550,61.0,147,0,0
1768228179066882,52931,14550,64.0,11030,0,0
1768228179270503,52931,14550,48.0,163,0,0
1768228179272634,52931,14550,44.0,178,0,0
1768228179273921,52931,14550,48.0,30,0,0
1768228179275998,52931,14550,48.0,33,0,0
1768228179277747,52931,14550,39.0,74,0,0
1768228179284439,52931,14550,51.0,1,0,0
1768228179289825,52931,14550,22.0,125,0,0
1768228179292000,52931,14550,27.0,152,0,0
1768228179293284,52931,14550,45.0,62,0,0
1768228179296470,52931,14550,26.0,42,0,0
1768228179299140,52931,14550,32.0,36,0,0
1768228179300797,52931,14550,62.0,65,0,0
1768228179305069,52931,14550,49.0,27,0,0
1768228179306937,52931,14550,44.0,116,0,0
1768228179309327,52931,14550,42.0,129,0,0
1768228179311082,52931,14550,34.0,29,0,0
1768228179313238,52931,14550,34.0,137,0,0
1768228179315109,52931,14550,60.0,24,0,0
1768228179319664,52931,14550,53.0,124,0,0
1768228179321979,52931,14550,31.0,2,0,0
1768228179324434,52931,14550,64.0,164,0,0
1768228179326291,52931,14550,24.0,168,0,0
1768228179328384,52931,14550,42.0,136,0,0
1768228179330426,52931,14550,42.0,193,0,0
1768228179333207,52931,14550,48.0,32,0,0
1768228179335446,52931,14550,40.0,241,0,0
1768228179337810,52931,14550,70.0,87,0,0
1768228179340826,52931,14550,61.0,147,0,0
1768228179342686,52931,14550,64.0,11030,0,0
1768228179436417,5760,58419,,264,1,0
1768228179437435,52931,14550,47.0,264,0,0
1768228179519722,52931,14550,48.0,163,0,0
1768228179521393,52931,14550,44.0,178,0,0
1768228179523599,52931,14550,48.0,30,0,0
1768228179525828,52931,14550,48.0,33,0,0
1768228179528430,52931,14550,39.0,74,0,0
1768228179534756,52931,14550,51.0,1,0,0
1768228179537030,52931,14550,22.0,125,0,0
1768228179538988,52931,14550,27.0,152,0,0
1768228179540323,52931,14550,45.0,62,0,0
1768228179543096,52931,14550,26.0,42,0,0
1768228179545388,52931,14550,32.0,36,0,0
1768228179546777,52931,14550,62.0,65,0,0
1768228179548418,52931,14550,49.0,27,0,0
1768228179549756,52931,14550,44.0,116,0,0
1768228179551266,52931,14550,42.0,129,0,0
1768228179552622,52931,14550,34.0,29,0,0
1768228179554921,52931,14550,34.0,137,0,0
1768228179556817,52931,14550,60.0,24,0,0
1768228179559849,52931,14550,53.0,124,0,0
1768228179562191,52931,14550,31.0,2,0,0
1768228179563439,52931,14550,64.0,164,0,0
1768228179565063,52931,14550,24.0,168,0,0
1768228179567630,52931,14550,42.0,136,0,0
1768228179569180,52931,14550,42.0,193,0,0
1768228179570972,52931,14550,48.0,32,0,0
1768228179572353,52931,14550,40.0,241,0,0
1768228179573836,52931,14550,70.0,87,0,0
1768228179575258,52931,14550,61.0,147,0,0
1768228179577031,52931,14550,64.0,11030,0,0
1768228179635430,58419,5760,,0,1,0
1768228179775252,52931,14550,48.0,163,0,0
1768228179777387,52931,14550,44.0,178,0,0
1768228179779735,52931,14550,48.0,30,0,0
1768228179782479,52931,14550,48.0,33,0,0
1768228179786009,52931,14550,39.0,74,0,0
1768228179793409,52931,14550,51.0,1,0,0
1768228179797860,52931,14550,22.0,125,0,0
1768228179801276,52931,14550,27.0,152,0,0
1768228179802879,52931,14550,45.0,62,0,0
1768228179805870,52931,14550,26.0,42,0,0
1768228179811202,52931,14550,32.0,36,0,0
1768228179813321,52931,14550,62.0,65,0,0
1768228179816637,52931,14550,49.0,27,0,0
1768228179818987,52931,14550,44.0,116,0,0
1768228179820231,52931,14550,42.0,129,0,0
1768228179821898,52931,14550,34.0,29,0,0
1768228179823518,52931,14550,34.0,137,0,0
1768228179825375,52931,14550,60.0,24,0,0
1768228179827209,52931,14550,53.0,124,0,0
1768228179829109,52931,14550,31.0,2,0,0
1768228179830591,52931,14550,64.0,164,0,0
1768228179831906,52931,14550,24.0,168,0,0
1768228179833394,52931,14550,42.0,136,0,0
1768228179834964,52931,14550,42.0,193,0,0
1768228179836488,52931,14550,48.0,32,0,0
1768228179837754,52931,14550,40.0,241,0,0
1768228179839381,52931,14550,70.0,87,0,0
1768228179841468,52931,14550,61.0,147,0,0
1768228179842064,5760,58419,,0,1,0
1768228179843280,52931,14550,64.0,11030,0,0
1768228179845612,52931,14550,29.0,0,0,0
1768228179938369,5760,58419,,264,1,0
1768228179939499,52931,14550,47.0,264,0,0
1768228180024094,52931,14550,48.0,163,0,0
1768228180026661,52931,14550,44.0,178,0,0
1768228180027982,52931,14550,48.0,30,0,0
1768228180030794,52931,14550,48.0,33,0,0
1768228180032443,52931,14550,39.0,74,0,0
1768228180036825,52931,14550,51.0,1,0,0
1768228180042671,52931,14550,22.0,125,0,0
1768228180044626,52931,14550,27.0,152,0,0
1768228180046136,52931,14550,45.0,62,0,0
1768228180048241,52931,14550,26.0,42,0,0
1768228180050287,52931,14550,32.0,36,0,0
1768228180052175,52931,14550,62.0,65,0,0
1768228180053599,52931,14550,49.0,27,0,0
1768228180055251,52931,14550,44.0,116,0,0
1768228180056600,52931,14550,42.0,129,0,0
1768228180058078,52931,14550,34.0,29,0,0
1768228180059515,52931,14550,34.0,137,0,0
1768228180061072,52931,14550,60.0,24,0,0
1768228180062756,52931,14550,53.0,124,0,0
1768228180064822,52931,14550,31.0,2,0,0
1768228180066444,52931,14550,64.0,164,0,0
1768228180068065,52931,14550,24.0,168,0,0
1768228180069682,52931,14550,42.0,136,0,0
1768228180071146,52931,14550,42.0,193,0,0
1768228180073125,52931,14550,48.0,32,0,0
1768228180074413,52931,14550,40.0,241,0,0
1768228180076033,52931,14550,70.0,87,0,0
1768228180077564,52931,14550,61.0,147,0,0
1768228180078811,52931,14550,64.0,11030,0,0
1768228180274251,52931,14550,48.0,163,0,0
1768228180276413,52931,14550,44.0,178,0,0
1768228180277690,52931,14550,48.0,30,0,0
1768228180279857,52931,14550,48.0,33,0,0
1768228180282250,52931,14550,39.0,74,0,0
1768228180288296,52931,14550,51.0,1,0,0
1768228180292134,52931,14550,22.0,125,0,0
1768228180295150,52931,14550,27.0,152,0,0
1768228180299011,52931,14550,45.0,62,0,0
1768228180303375,52931,14550,26.0,42,0,0
1768228180308505,52931,14550,32.0,36,0,0
1768228180310173,52931,14550,62.0,65,0,0
1768228180311522,52931,14550,49.0,27,0,0
1768228180313592,52931,14550,44.0,116,0,0
1768228180315497,52931,14550,42.0,129,0,0
1768228180317661,52931,14550,34.0,29,0,0
1768228180319306,52931,14550,34.0,137,0,0
1768228180322135,52931,14550,60.0,24,0,0
1768228180324517,52931,14550,53.0,124,0,0
1768228180326396,52931,14550,31.0,2,0,0
1768228180330989,52931,14550,64.0,164,0,0
1768228180333115,52931,14550,24.0,168,0,0
1768228180334517,52931,14550,42.0,136,0,0
1768228180335984,52931,14550,42.0,193,0,0
1768228180337681,52931,14550,48.0,32,0,0
1768228180338915,52931,14550,40.0,241,0,0
1768228180340112,52931,14550,70.0,87,0,0
1768228180342219,52931,14550,61.0,147,0,0
1768228180343900,52931,14550,64.0,11030,0,0
1768228180441033,5760,58419,,264,1,0
1768228180442254,52931,14550,47.0,264,0,0
1768228180526667,52931,14550,48.0,163,0,0
1768228180528875,52931,14550,44.0,178,0,0
1768228180532045,52931,14550,48.0,30,0,0
1768228180534121,52931,14550,48.0,33,0,0
1768228180535921,52931,14550,39.0,74,0,0
1768228180539285,52931,14550,51.0,1,0,0
1768228180542024,52931,14550,22.0,125,0,0
1768228180544047,52931,14550,27.0,152,0,0
1768228180545617,52931,14550,45.0,62,0,0
1768228180547503,52931,14550,26.0,42,0,0
1768228180550258,52931,14550,32.0,36,0,0
1768228180552080,52931,14550,62.0,65,0,0
1768228180553540,52931,14550,49.0,27,0,0
1768228180555089,52931,14550,44.0,116,0,0
1768228180556510,52931,14550,42.0,129,0,0
1768228180557983,52931,14550,34.0,29,0,0
1768228180559331,52931,14550,34.0,137,0,0
1768228180560789,52931,14550,60.0,24,0,0
1768228180562422,52931,14550,53.0,124,0,0
1768228180564935,52931,14550,31.0,2,0,0
1768228180566584,52931,14550,64.0,164,0,0
1768228180567815,52931,14550,24.0,168,0,0
1768228180569148,52931,14550,42.0,136,0,0
1768228180570703,52931,14550,42.0,193,0,0
1768228180572220,52931,14550,48.0,32,0,0
1768228180573451,52931,14550,40.0,241,0,0
1768228180574803,52931,14550,70.0,87,0,0
1768228180577219,52931,14550,61.0,147,0,0
1768228180579199,52931,14550,64.0,11030,0,0
1768228180637759,58419,5760,,0,1,0
1768228180776702,52931,14550,48.0,163,0,0
1768228180779521,52931,14550,44.0,178,0,0
1768228180782109,52931,14550,48.0,30,0,0
1768228180785228,52931,14550,48.0,33,0,0
1768228180788263,52931,14550,39.0,74,0,0
1768228180793025,52931,14550,51.0,1,0,0
1768228180799153,52931,14550,22.0,125,0,0
1768228180801381,52931,14550,27.0,152,0,0
1768228180802733,52931,14550,45.0,62,0,0
1768228180807139,52931,14550,26.0,42,0,0
1768228180809943,52931,14550,32.0,36,0,0
1768228180812286,52931,14550,62.0,65,0,0
1768228180817208,52931,14550,49.0,27,0,0
1768228180819377,52931,14550,44.0,116,0,0
1768228180821039,52931,14550,42.0,129,0,0
1768228180822297,52931,14550,34.0,29,0,0
1768228180824939,52931,14550,34.0,137,0,0
1768228180827891,52931,14550,60.0,24,0,0
1768228180830763,52931,14550,53.0,124,0,0
1768228180833718,52931,14550,31.0,2,0,0
1768228180835313,52931,14550,64.0,164,0,0
1768228180836943,52931,14550,24.0,168,0,0
1768228180839822,52931,14550,42.0,136,0,0
1768228180841326,52931,14550,42.0,193,0,0
1768228180843930,52931,14550,48.0,32,0,0
1768228180845427,52931,14550,40.0,241,0,0
1768228180846902,52931,14550,70.0,87,0,0
1768228180848352,52931,14550,61.0,147,0,0
1768228180850143,52931,14550,64.0,11030,0,0
1768228180852701,5760,58419,,0,1,0
1768228180853940,52931,14550,29.0,0,0,0
1768228180942697,5760,58419,,264,1,0
1768228180943733,52931,14550,47.0,264,0,0
1768228181031454,52931,14550,48.0,163,0,0
1768228181033872,52931,14550,44.0,178,0,0
1768228181035336,52931,14550,48.0,30,0,0
1768228181038002,52931,14550,48.0,33,0,0
1768228181040414,52931,14550,39.0,74,0,0
1768228181044859,52931,14550,51.0,1,0,0
1768228181047410,52931,14550,22.0,125,0,0
1768228181049323,52931,14550,27.0,152,0,0
1768228181050989,52931,14550,45.0,62,0,0
1768228181053559,52931,14550,26.0,42,0,0
1768228181056117,52931,14550,32.0,36,0,0
1768228181057844,52931,14550,62.0,65,0,0
1768228181059298,52931,14550,49.0,27,0,0
1768228181060866,52931,14550,44.0,116,0,0
1768228181062193,52931,14550,42.0,129,0,0
1768228181063736,52931,14550,34.0,29,0,0
1768228181065218,52931,14550,34.0,137,0,0
1768228181066433,52931,14550,60.0,24,0,0
1768228181068780,52931,14550,53.0,124,0,0
1768228181070761,52931,14550,31.0,2,0,0
1768228181072249,52931,14550,64.0,164,0,0
1768228181073674,52931,14550,24.0,168,0,0
1768228181075121,52931,14550,42.0,136,0,0
1768228181076575,52931,14550,42.0,193,0,0
1768228181078025,52931,14550,48.0,32,0,0
1768228181079210,52931,14550,40.0,241,0,0
1768228181080732,52931,14550,70.0,87,0,0
1768228181082511,52931,14550,61.0,147,0,0
1768228181084602,52931,14550,64.0,11030,0,0
1768228181283503,52931,14550,48.0,163,0,0
1768228181286259,52931,14550,44.0,178,0,0
1768228181288446,52931,14550,48.0,30,0,0
1768228181290835,52931,14550,48.0,33,0,0
1768228181293864,52931,14550,39.0,74,0,0
1768228181299690,52931,14550,51.0,1,0,0
1768228181307551,52931,14550,22.0,125,0,0
1768228181309678,52931,14550,27.0,152,0,0
1768228181310977,52931,14550,45.0,62,0,0
1768228181314860,52931,14550,26.0,42,0,0
1768228181317547,52931,14550,32.0,36,0,0
1768228181320129,52931,14550,62.0,65,0,0
1768228181321542,52931,14550,49.0,27,0,0
1768228181323735,52931,14550,44.0,116,0,0
1768228181326230,52931,14550,42.0,129,0,0
1768228181328297,52931,14550,34.0,29,0,0
1768228181333057,52931,14550,34.0,137,0,0
1768228181334647,52931,14550,60.0,24,0,0
1768228181338327,52931,14550,53.0,124,0,0
1768228181342398,52931,14550,31.0,2,0,0
1768228181343669,52931,14550,64.0,164,0,0
1768228181347164,52931,14550,24.0,168,0,0
1768228181349815,52931,14550,42.0,136,0,0
1768228181351468,52931,14550,42.0,193,0,0
1768228181352912,52931,14550,48.0,32,0,0
1768228181354409,52931,14550,40.0,241,0,0
1768228181356461,52931,14550,70.0,87,0,0
1768228181357910,52931,14550,61.0,147,0,0
1768228181359136,52931,14550,64.0,11030,0,0
1768228181444049,5760,58419,,264,1,0
1768228181445160,52931,14550,47.0,264,0,0
1768228181535309,52931,14550,48.0,163,0,0
1768228181539819,52931,14550,44.0,178,0,0
1768228181541733,52931,14550,48.0,30,0,0
1768228181547083,52931,14550,48.0,33,0,0
1768228181549242,52931,14550,39.0,74,0,0
1768228181553175,52931,14550,51.0,1,0,0
1768228181556728,52931,14550,22.0,125,0,0
1768228181558443,52931,14550,27.0,152,0,0
1768228181559672,52931,14550,44.0,62,0,0
1768228181562145,52931,14550,26.0,42,0,0
1768228181564032,52931,14550,32.0,36,0,0
1768228181565279,52931,14550,62.0,65,0,0
1768228181566761,52931,14550,49.0,27,0,0
1768228181568660,52931,14550,44.0,116,0,0
1768228181569978,52931,14550,42.0,129,0,0
1768228181571543,52931,14550,34.0,29,0,0
1768228181573107,52931,14550,34.0,137,0,0
1768228181574460,52931,14550,60.0,24,0,0
1768228181576248,52931,14550,53.0,124,0,0
1768228181578309,52931,14550,31.0,2,0,0
1768228181579466,52931,14550,64.0,164,0,0
1768228181580872,52931,14550,24.0,168,0,0
1768228181586015,52931,14550,42.0,136,0,0
1768228181587322,52931,14550,42.0,193,0,0
1768228181589472,52931,14550,48.0,32,0,0
1768228181591086,52931,14550,40.0,241,0,0
1768228181593794,52931,14550,70.0,87,0,0
1768228181595976,52931,14550,61.0,147,0,0
1768228181597233,52931,14550,64.0,11030,0,0
1768228181643914,58419,5760,,0,1,0
1768228181783295,52931,14550,48.0,163,0,0
1768228181785438,52931,14550,44.0,178,0,0
1768228181790192,52931,14550,48.0,30,0,0
1768228181793696,52931,14550,48.0,33,0,0
1768228181795651,52931,14550,39.0,74,0,0
1768228181801572,52931,14550,51.0,1,0,0
1768228181808190,52931,14550,22.0,125,0,0
1768228181810542,52931,14550,27.0,152,0,0
1768228181812244,52931,14550,44.0,62,0,0
1768228181821502,52931,14550,26.0,42,0,0
1768228181837125,52931,14550,32.0,36,0,0
1768228181840453,52931,14550,62.0,65,0,0
1768228181842773,52931,14550,49.0,27,0,0
1768228181844025,52931,14550,44.0,116,0,0
1768228181845920,52931,14550,42.0,129,0,0
1768228181848124,52931,14550,34.0,29,0,0
1768228181850609,52931,14550,34.0,137,0,0
1768228181852376,52931,14550,60.0,24,0,0
1768228181854478,52931,14550,53.0,124,0,0
1768228181856493,52931,14550,31.0,2,0,0
1768228181857028,5760,58419,,0,1,0
1768228181858672,52931,14550,64.0,164,0,0
1768228181860324,52931,14550,24.0,168,0,0
1768228181862333,52931,14550,42.0,136,0,0
1768228181863670,52931,14550,42.0,193,0,0
1768228181865928,52931,14550,48.0,32,0,0
1768228181869699,52931,14550,40.0,241,0,0
1768228181872306,52931,14550,70.0,87,0,0
1768228181874990,52931,14550,61.0,147,0,0
1768228181877961,52931,14550,64.0,11030,0,0
1768228181882352,52931,14550,29.0,0,0,0
1768228181951373,5760,58419,,264,1,0
1768228181952204,52931,14550,47.0,264,0,0
1768228182033491,52931,14550,48.0,163,0,0
1768228182033998,52931,14550,44.0,178,0,0
1768228182034602,52931,14550,48.0,30,0,0
1768228182035085,52931,14550,48.0,33,0,0
1768228182035462,52931,14550,39.0,74,0,0
1768228182036652,52931,14550,51.0,1,0,0
1768228182038017,52931,14550,22.0,125,0,0
1768228182038819,52931,14550,27.0,152,0,0
1768228182039397,52931,14550,44.0,62,0,0
1768228182040564,52931,14550,26.0,42,0,0
1768228182041369,52931,14550,32.0,36,0,0
1768228182041822,52931,14550,62.0,65,0,0
1768228182042312,52931,14550,49.0,27,0,0
1768228182042694,52931,14550,44.0,116,0,0
1768228182043161,52931,14550,42.0,129,0,0
1768228182043654,52931,14550,34.0,29,0,0
1768228182044049,52931,14550,34.0,137,0,0
1768228182044419,52931,14550,60.0,24,0,0
1768228182045157,52931,14550,53.0,124,0,0
1768228182045708,52931,14550,31.0,2,0,0
1768228182046218,52931,14550,64.0,164,0,0
1768228182046649,52931,14550,24.0,168,0,0
1768228182047211,52931,14550,42.0,136,0,0
1768228182047695,52931,14550,42.0,193,0,0
1768228182048327,52931,14550,48.0,32,0,0
1768228182048781,52931,14550,40.0,241,0,0
1768228182049402,52931,14550,70.0,87,0,0
1768228182050131,52931,14550,61.0,147,0,0
1768228182050747,52931,14550,64.0,11030,0,0
1768228182285157,52931,14550,48.0,163,0,0
1768228182287917,52931,14550,44.0,178,0,0
1768228182289730,52931,14550,48.0,30,0,0
1768228182292914,52931,14550,48.0,33,0,0
1768228182294773,52931,14550,39.0,74,0,0
1768228182299373,52931,14550,51.0,1,0,0
1768228182302006,52931,14550,22.0,125,0,0
1768228182304119,52931,14550,27.0,152,0,0
1768228182305577,52931,14550,44.0,62,0,0
1768228182307864,52931,14550,26.0,42,0,0
1768228182309961,52931,14550,32.0,36,0,0
1768228182311712,52931,14550,62.0,65,0,0
1768228182314511,52931,14550,49.0,27,0,0
1768228182316200,52931,14550,44.0,116,0,0
1768228182317898,52931,14550,42.0,129,0,0
1768228182320045,52931,14550,34.0,29,0,0
1768228182322597,52931,14550,34.0,137,0,0
1768228182323968,52931,14550,60.0,24,0,0
1768228182325824,52931,14550,53.0,124,0,0
1768228182327924,52931,14550,31.0,2,0,0
1768228182329719,52931,14550,64.0,164,0,0
1768228182331181,52931,14550,24.0,168,0,0
1768228182332849,52931,14550,42.0,136,0,0
1768228182334984,52931,14550,42.0,193,0,0
1768228182336398,52931,14550,48.0,32,0,0
1768228182339583,52931,14550,40.0,241,0,0
1768228182340933,52931,14550,70.0,87,0,0
1768228182343622,52931,14550,61.0,147,0,0
1768228182346040,52931,14550,64.0,11030,0,0
1768228182450681,5760,58419,,264,1,0
1768228182452130,52931,14550,47.0,264,0,0
1768228182498437,58419,5760,,66,1,0
1768228182539530,52931,14550,48.0,163,0,0
1768228182541301,52931,14550,44.0,178,0,0
1768228182542640,52931,14550,48.0,30,0,0
1768228182544468,52931,14550,48.0,33,0,0
1768228182545744,52931,14550,39.0,74,0,0
1768228182547638,52931,14550,51.0,1,0,0
1768228182548953,52931,14550,22.0,125,0,0
1768228182550023,52931,14550,27.0,152,0,0
1768228182550736,52931,14550,44.0,62,0,0
1768228182552062,52931,14550,26.0,42,0,0
1768228182553423,52931,14550,32.0,36,0,0
1768228182554331,52931,14550,62.0,65,0,0
1768228182555627,52931,14550,49.0,27,0,0
1768228182556377,52931,14550,44.0,116,0,0
1768228182557198,52931,14550,42.0,129,0,0
1768228182558051,52931,14550,34.0,29,0,0
1768228182558734,52931,14550,34.0,137,0,0
1768228182559613,52931,14550,60.0,24,0,0
1768228182560757,52931,14550,53.0,124,0,0
1768228182561594,52931,14550,31.0,2,0,0
1768228182562466,52931,14550,64.0,164,0,0
1768228182563367,52931,14550,24.0,168,0,0
1768228182564668,52931,14550,42.0,136,0,0
1768228182565644,52931,14550,42.0,193,0,0
1768228182567000,52931,14550,48.0,32,0,0
1768228182568178,52931,14550,40.0,241,0,0
1768228182569990,52931,14550,70.0,87,0,0
1768228182572358,52931,14550,61.0,147,0,0
1768228182573347,52931,14550,64.0,11030,0,0
1768228182652732,58419,5760,,0,1,0
1768228182787471,52931,14550,48.0,163,0,0
1768228182789173,52931,14550,44.0,178,0,0
1768228182793674,52931,14550,48.0,30,0,0
1768228182796853,52931,14550,48.0,33,0,0
1768228182799304,52931,14550,39.0,74,0,0
1768228182802600,52931,14550,51.0,1,0,0
1768228182805215,52931,14550,22.0,125,0,0
1768228182807090,52931,14550,27.0,152,0,0
1768228182808732,52931,14550,44.0,62,0,0
1768228182810640,52931,14550,26.0,42,0,0
1768228182813165,52931,14550,32.0,36,0,0
1768228182814473,52931,14550,62.0,65,0,0
1768228182816038,52931,14550,49.0,27,0,0
1768228182817278,52931,14550,44.0,116,0,0
1768228182819142,52931,14550,42.0,129,0,0
1768228182820593,52931,14550,34.0,29,0,0
1768228182821942,52931,14550,34.0,137,0,0
1768228182823139,52931,14550,60.0,24,0,0
1768228182825045,52931,14550,53.0,124,0,0
1768228182826683,52931,14550,31.0,2,0,0
1768228182828404,52931,14550,64.0,164,0,0
1768228182829616,52931,14550,24.0,168,0,0
1768228182831233,52931,14550,42.0,136,0,0
1768228182832787,52931,14550,42.0,193,0,0
1768228182834683,52931,14550,48.0,32,0,0
1768228182836216,52931,14550,40.0,241,0,0
1768228182837558,52931,14550,70.0,87,0,0
1768228182839296,52931,14550,61.0,147,0,0
1768228182840981,52931,14550,64.0,11030,0,0
1768228182861537,5760,58419,,0,1,0
1768228182862694,52931,14550,29.0,0,0,0
1768228182952186,5760,58419,,264,1,0
1768228182953369,52931,14550,47.0,264,0,0
1768228183043582,52931,14550,48.0,163,0,0
1768228183046536,52931,14550,44.0,178,0,0
1768228183047910,52931,14550,48.0,30,0,0
1768228183050724,52931,14550,48.0,33,0,0
1768228183052734,52931,14550,39.0,74,0,0
1768228183055080,52931,14550,51.0,1,0,0
1768228183057563,52931,14550,22.0,125,0,0
1768228183059228,52931,14550,27.0,152,0,0
1768228183060706,52931,14550,44.0,62,0,0
1768228183062622,52931,14550,26.0,42,0,0
1768228183064974,52931,14550,32.0,36,0,0
1768228183066762,52931,14550,62.0,65,0,0
1768228183068572,52931,14550,49.0,27,0,0
1768228183069966,52931,14550,44.0,116,0,0
1768228183071467,52931,14550,42.0,129,0,0
1768228183072755,52931,14550,34.0,29,0,0
1768228183074247,52931,14550,34.0,137,0,0
1768228183075502,52931,14550,60.0,24,0,0
1768228183077399,52931,14550,53.0,124,0,0
1768228183079417,52931,14550,31.0,2,0,0
1768228183081320,52931,14550,64.0,164,0,0
1768228183082655,52931,14550,24.0,168,0,0
1768228183084185,52931,14550,42.0,136,0,0
1768228183085657,52931,14550,42.0,193,0,0
1768228183087162,52931,14550,48.0,32,0,0
1768228183088511,52931,14550,40.0,241,0,0
1768228183090005,52931,14550,70.0,87,0,0
1768228183092593,52931,14550,61.0,147,0,0
1768228183094508,52931,14550,64.0,11030,0,0
1768228183289595,52931,14550,48.0,163,0,0
1768228183291331,52931,14550,44.0,178,0,0
1768228183292566,52931,14550,48.0,30,0,0
1768228183294790,52931,14550,48.0,33,0,0
1768228183296555,52931,14550,39.0,74,0,0
1768228183301825,52931,14550,51.0,1,0,0
1768228183307001,52931,14550,22.0,125,0,0
1768228183310436,52931,14550,27.0,152,0,0
1768228183312544,52931,14550,44.0,62,0,0
1768228183315363,52931,14550,26.0,42,0,0
1768228183318389,52931,14550,32.0,36,0,0
1768228183320366,52931,14550,62.0,65,0,0
1768228183322741,52931,14550,49.0,27,0,0
1768228183324640,52931,14550,44.0,116,0,0
1768228183325857,52931,14550,42.0,129,0,0
1768228183327544,52931,14550,34.0,29,0,0
1768228183329410,52931,14550,34.0,137,0,0
1768228183331847,52931,14550,60.0,24,0,0
1768228183334641,52931,14550,53.0,124,0,0
1768228183337866,52931,14550,31.0,2,0,0
1768228183339650,52931,14550,64.0,164,0,0
1768228183340882,52931,14550,24.0,168,0,0
1768228183342364,52931,14550,42.0,136,0,0
1768228183344060,52931,14550,42.0,193,0,0
1768228183346004,52931,14550,48.0,32,0,0
1768228183348683,52931,14550,40.0,241,0,0
1768228183350581,52931,14550,70.0,87,0,0
1768228183353361,52931,14550,61.0,147,0,0
1768228183354618,52931,14550,64.0,11030,0,0
1768228183358088,52931,14550,21.0,46,0,0
1768228183362434,52931,14550,40.0,253,0,0
1768228183364798,52931,14550,35.0,253,0,0
1768228183457529,5760,58419,,264,1,0
1768228183458964,52931,14550,47.0,264,0,0
1768228183542656,52931,14550,48.0,163,0,0
1768228183545189,52931,14550,44.0,178,0,0
1768228183547330,52931,14550,48.0,30,0,0
1768228183549353,52931,14550,48.0,33,0,0
1768228183552634,52931,14550,39.0,74,0,0
1768228183555016,52931,14550,51.0,1,0,0
1768228183557734,52931,14550,22.0,125,0,0
1768228183559695,52931,14550,27.0,152,0,0
1768228183561065,52931,14550,45.0,62,0,0
1768228183563179,52931,14550,26.0,42,0,0
1768228183566436,52931,14550,32.0,36,0,0
1768228183568023,52931,14550,62.0,65,0,0
1768228183569370,52931,14550,49.0,27,0,0
1768228183570822,52931,14550,44.0,116,0,0
1768228183572202,52931,14550,42.0,129,0,0
1768228183573859,52931,14550,34.0,29,0,0
1768228183575414,52931,14550,34.0,137,0,0
1768228183576872,52931,14550,60.0,24,0,0
1768228183578963,52931,14550,53.0,124,0,0
1768228183581058,52931,14550,31.0,2,0,0
1768228183582839,52931,14550,64.0,164,0,0
1768228183584320,52931,14550,24.0,168,0,0
1768228183586046,52931,14550,42.0,136,0,0
1768228183587729,52931,14550,42.0,193,0,0
1768228183589707,52931,14550,48.0,32,0,0
1768228183591290,52931,14550,40.0,241,0,0
1768228183594249,52931,14550,70.0,87,0,0
1768228183596134,52931,14550,61.0,147,0,0
1768228183598034,52931,14550,64.0,11030,0,0
1768228183656342,58419,5760,,0,1,0
1768228183797501,52931,14550,48.0,163,0,0
1768228183800408,52931,14550,44.0,178,0,0
1768228183803202,52931,14550,48.0,30,0,0
1768228183807689,52931,14550,48.0,33,0,0
1768228183810482,52931,14550,39.0,74,0,0
1768228183815855,52931,14550,51.0,1,0,0
1768228183822432,52931,14550,22.0,125,0,0
1768228183824581,52931,14550,27.0,152,0,0
1768228183826448,52931,14550,45.0,62,0,0
1768228183830308,52931,14550,26.0,42,0,0
1768228183833308,52931,14550,32.0,36,0,0
1768228183837043,52931,14550,62.0,65,0,0
1768228183839392,52931,14550,49.0,27,0,0
1768228183842309,52931,14550,44.0,116,0,0
1768228183844355,52931,14550,42.0,129,0,0
1768228183846724,52931,14550,34.0,29,0,0
1768228183851003,52931,14550,34.0,137,0,0
1768228183852773,52931,14550,60.0,24,0,0
1768228183857615,52931,14550,53.0,124,0,0
1768228183860376,52931,14550,31.0,2,0,0
1768228183862821,52931,14550,64.0,164,0,0
1768228183865746,5760,58419,,0,1,0
1768228183866545,52931,14550,24.0,168,0,0
1768228183868839,52931,14550,42.0,136,0,0
1768228183870783,52931,14550,42.0,193,0,0
1768228183874715,52931,14550,48.0,32,0,0
1768228183875911,52931,14550,40.0,241,0,0
1768228183877236,52931,14550,70.0,87,0,0
1768228183880006,52931,14550,61.0,147,0,0
1768228183883529,52931,14550,64.0,11030,0,0
1768228183887939,52931,14550,29.0,0,0,0
1768228183912710,5760,58419,,111,1,0
1768228183913764,52931,14550,33.0,111,0,0
1768228183960473,5760,58419,,264,1,0
1768228183961573,52931,14550,47.0,264,0,0
1768228184047806,52931,14550,48.0,163,0,0
1768228184051018,52931,14550,44.0,178,0,0
1768228184052376,52931,14550,48.0,30,0,0
1768228184054476,52931,14550,48.0,33,0,0
1768228184057265,52931,14550,39.0,74,0,0
1768228184060700,52931,14550,51.0,1,0,0
1768228184065336,52931,14550,22.0,125,0,0
1768228184068190,52931,14550,27.0,152,0,0
1768228184069416,52931,14550,45.0,62,0,0
1768228184072283,52931,14550,26.0,42,0,0
1768228184077296,52931,14550,32.0,36,0,0
1768228184078629,52931,14550,62.0,65,0,0
1768228184080002,52931,14550,49.0,27,0,0
1768228184081422,52931,14550,44.0,116,0,0
1768228184082830,52931,14550,42.0,129,0,0
1768228184084160,52931,14550,34.0,29,0,0
1768228184085718,52931,14550,34.0,137,0,0
1768228184087016,52931,14550,60.0,24,0,0
1768228184089206,52931,14550,53.0,124,0,0
1768228184091015,52931,14550,31.0,2,0,0
1768228184093088,52931,14550,64.0,164,0,0
1768228184094384,52931,14550,24.0,168,0,0
1768228184095790,52931,14550,42.0,136,0,0
1768228184097330,52931,14550,42.0,193,0,0
1768228184099245,52931,14550,48.0,32,0,0
1768228184100801,52931,14550,40.0,241,0,0
1768228184102231,52931,14550,70.0,87,0,0
1768228184104515,52931,14550,61.0,147,0,0
1768228184106267,52931,14550,64.0,11030,0,0
1768228184300304,52931,14550,48.0,163,0,0
1768228184303855,52931,14550,44.0,178,0,0
1768228184305525,52931,14550,48.0,30,0,0
1768228184309193,52931,14550,48.0,33,0,0
1768228184310936,52931,14550,39.0,74,0,0
1768228184314521,52931,14550,51.0,1,0,0
1768228184318779,52931,14550,22.0,125,0,0
1768228184322260,52931,14550,27.0,152,0,0
1768228184324231,52931,14550,45.0,62,0,0
1768228184327477,52931,14550,26.0,42,0,0
1768228184330566,52931,14550,32.0,36,0,0
1768228184332082,52931,14550,62.0,65,0,0
1768228184333819,52931,14550,49.0,27,0,0
1768228184335427,52931,14550,44.0,116,0,0
1768228184337472,52931,14550,42.0,129,0,0
1768228184340112,52931,14550,34.0,29,0,0
1768228184341351,52931,14550,34.0,137,0,0
1768228184343105,52931,14550,60.0,24,0,0
1768228184346362,52931,14550,53.0,124,0,0
1768228184349607,52931,14550,31.0,2,0,0
1768228184351546,52931,14550,64.0,164,0,0
1768228184354389,52931,14550,24.0,168,0,0
1768228184355801,52931,14550,42.0,136,0,0
1768228184357988,52931,14550,42.0,193,0,0
1768228184359382,52931,14550,48.0,32,0,0
1768228184360793,52931,14550,40.0,241,0,0
1768228184365266,52931,14550,70.0,87,0,0
1768228184367484,52931,14550,61.0,147,0,0
1768228184370121,52931,14550,64.0,11030,0,0
1768228184461126,5760,58419,,264,1,0
1768228184462159,52931,14550,47.0,264,0,0
1768228184548020,52931,14550,48.0,163,0,0
1768228184549937,52931,14550,44.0,178,0,0
1768228184551705,52931,14550,48.0,30,0,0
1768228184553786,52931,14550,48.0,33,0,0
1768228184556091,52931,14550,39.0,74,0,0
1768228184560290,52931,14550,51.0,1,0,0
1768228184565783,52931,14550,22.0,125,0,0
1768228184567464,52931,14550,27.0,152,0,0
1768228184569020,52931,14550,45.0,62,0,0
1768228184571235,52931,14550,26.0,42,0,0
1768228184573977,52931,14550,32.0,36,0,0
1768228184575232,52931,14550,62.0,65,0,0
1768228184576636,52931,14550,49.0,27,0,0
1768228184577902,52931,14550,44.0,116,0,0
1768228184579297,52931,14550,42.0,129,0,0
1768228184580578,52931,14550,34.0,29,0,0
1768228184582020,52931,14550,34.0,137,0,0
1768228184583430,52931,14550,60.0,24,0,0
1768228184585681,52931,14550,53.0,124,0,0
1768228184587792,52931,14550,31.0,2,0,0
1768228184589575,52931,14550,64.0,164,0,0
1768228184590985,52931,14550,24.0,168,0,0
1768228184592657,52931,14550,42.0,136,0,0
1768228184593897,52931,14550,42.0,193,0,0
1768228184595596,52931,14550,48.0,32,0,0
1768228184597008,52931,14550,40.0,241,0,0
1768228184599024,52931,14550,70.0,87,0,0
1768228184601649,52931,14550,61.0,147,0,0
1768228184603188,52931,14550,64.0,11030,0,0
1768228184661087,58419,5760,,0,1,0
1768228184803213,52931,14550,48.0,163,0,0
1768228184808257,52931,14550,44.0,178,0,0
1768228184809967,52931,14550,48.0,30,0,0
1768228184812163,52931,14550,48.0,33,0,0
1768228184814104,52931,14550,39.0,74,0,0
1768228184818814,52931,14550,51.0,1,0,0
1768228184823215,52931,14550,22.0,125,0,0
1768228184825864,52931,14550,27.0,152,0,0
1768228184827455,52931,14550,45.0,62,0,0
1768228184830026,52931,14550,26.0,42,0,0
1768228184833381,52931,14550,32.0,36,0,0
1768228184835011,52931,14550,62.0,65,0,0
1768228184836722,52931,14550,49.0,27,0,0
1768228184837927,52931,14550,44.0,116,0,0
1768228184839717,52931,14550,42.0,129,0,0
1768228184843388,52931,14550,34.0,29,0,0
1768228184846257,52931,14550,34.0,137,0,0
1768228184848564,52931,14550,60.0,24,0,0
1768228184850942,52931,14550,53.0,124,0,0
1768228184855377,52931,14550,31.0,2,0,0
1768228184856580,52931,14550,64.0,164,0,0
1768228184857786,52931,14550,24.0,168,0,0
1768228184860295,52931,14550,42.0,136,0,0
1768228184861688,52931,14550,42.0,193,0,0
1768228184863875,52931,14550,48.0,32,0,0
1768228184866555,52931,14550,40.0,241,0,0
1768228184868829,52931,14550,70.0,87,0,0
1768228184871166,52931,14550,61.0,147,0,0
1768228184871878,5760,58419,,0,1,0
1768228184873016,52931,14550,64.0,11030,0,0
1768228184876380,52931,14550,29.0,0,0,0
1768228184964424,5760,58419,,264,1,0
1768228184965426,52931,14550,47.0,264,0,0
1768228185055130,52931,14550,48.0,163,0,0
1768228185058722,52931,14550,44.0,178,0,0
1768228185060054,52931,14550,48.0,30,0,0
1768228185061953,52931,14550,48.0,33,0,0
1768228185063578,52931,14550,39.0,74,0,0
1768228185066761,52931,14550,51.0,1,0,0
1768228185069058,52931,14550,22.0,125,0,0
1768228185070686,52931,14550,27.0,152,0,0
1768228185072070,52931,14550,45.0,62,0,0
1768228185074111,52931,14550,26.0,42,0,0
1768228185076510,52931,14550,32.0,36,0,0
1768228185077769,52931,14550,62.0,65,0,0
1768228185079174,52931,14550,49.0,27,0,0
1768228185080651,52931,14550,44.0,116,0,0
1768228185082066,52931,14550,42.0,129,0,0
1768228185083435,52931,14550,34.0,29,0,0
1768228185084940,52931,14550,34.0,137,0,0
1768228185086492,52931,14550,60.0,24,0,0
1768228185088557,52931,14550,53.0,124,0,0
1768228185090570,52931,14550,31.0,2,0,0
1768228185092092,52931,14550,64.0,164,0,0
1768228185093359,52931,14550,24.0,168,0,0
1768228185094806,52931,14550,42.0,136,0,0
1768228185096290,52931,14550,42.0,193,0,0
1768228185098013,52931,14550,48.0,32,0,0
1768228185099228,52931,14550,40.0,241,0,0
1768228185100728,52931,14550,70.0,87,0,0
1768228185102790,52931,14550,61.0,147,0,0
1768228185104031,52931,14550,64.0,11030,0,0
1768228185302672,52931,14550,48.0,163,0,0
1768228185304307,52931,14550,44.0,178,0,0
1768228185306284,52931,14550,48.0,30,0,0
1768228185309086,52931,14550,48.0,33,0,0
1768228185311378,52931,14550,39.0,74,0,0
1768228185315561,52931,14550,51.0,1,0,0
1768228185320988,52931,14550,22.0,125,0,0
1768228185324016,52931,14550,27.0,152,0,0
1768228185327165,52931,14550,45.0,62,0,0
1768228185332014,52931,14550,26.0,42,0,0
1768228185334001,52931,14550,32.0,36,0,0
1768228185336032,52931,14550,62.0,65,0,0
1768228185337311,52931,14550,49.0,27,0,0
1768228185339175,52931,14550,44.0,116,0,0
1768228185340435,52931,14550,42.0,129,0,0
1768228185342422,52931,14550,34.0,29,0,0
1768228185344814,52931,14550,34.0,137,0,0
1768228185346733,52931,14550,60.0,24,0,0
1768228185353211,52931,14550,53.0,124,0,0
1768228185355345,52931,14550,31.0,2,0,0
1768228185357750,52931,14550,64.0,164,0,0
1768228185358995,52931,14550,24.0,168,0,0
1768228185361934,52931,14550,42.0,136,0,0
1768228185366560,52931,14550,42.0,193,0,0
1768228185369800,52931,14550,48.0,32,0,0
1768228185372394,52931,14550,40.0,241,0,0
1768228185374306,52931,14550,70.0,87,0,0
1768228185375949,52931,14550,61.0,147,0,0
1768228185377912,52931,14550,64.0,11030,0,0
1768228185469486,5760,58419,,264,1,0
1768228185470674,52931,14550,47.0,264,0,0
1768228185554662,52931,14550,48.0,163,0,0
1768228185557828,52931,14550,44.0,178,0,0
1768228185559497,52931,14550,48.0,30,0,0
1768228185561486,52931,14550,48.0,33,0,0
1768228185564563,52931,14550,39.0,74,0,0
1768228185567793,52931,14550,51.0,1,0,0
1768228185570340,52931,14550,22.0,125,0,0
1768228185572685,52931,14550,27.0,152,0,0
1768228185573982,52931,14550,45.0,62,0,0
1768228185576365,52931,14550,26.0,42,0,0
1768228185579503,52931,14550,32.0,36,0,0
1768228185581565,52931,14550,62.0,65,0,0
1768228185583124,52931,14550,49.0,27,0,0
1768228185584535,52931,14550,44.0,116,0,0
1768228185585863,52931,14550,42.0,129,0,0
1768228185587061,52931,14550,34.0,29,0,0
1768228185588536,52931,14550,34.0,137,0,0
1768228185590099,52931,14550,60.0,24,0,0
1768228185592830,52931,14550,53.0,124,0,0
1768228185595648,52931,14550,31.0,2,0,0
1768228185597615,52931,14550,64.0,164,0,0
1768228185598967,52931,14550,24.0,168,0,0
1768228185600694,52931,14550,42.0,136,0,0
1768228185602117,52931,14550,42.0,193,0,0
1768228185603674,52931,14550,48.0,32,0,0
1768228185605235,52931,14550,40.0,241,0,0
1768228185606611,52931,14550,70.0,87,0,0
1768228185608765,52931,14550,61.0,147,0,0
1768228185610118,52931,14550,64.0,11030,0,0
1768228185668546,58419,5760,,0,1,0
1768228185808145,52931,14550,48.0,163,0,0
1768228185810367,52931,14550,44.0,178,0,0
1768228185811644,52931,14550,48.0,30,0,0
1768228185815887,52931,14550,48.0,33,0,0
1768228185817750,52931,14550,39.0,74,0,0
1768228185824165,52931,14550,51.0,1,0,0
1768228185829034,52931,14550,22.0,125,0,0
1768228185831388,52931,14550,27.0,152,0,0
1768228185835246,52931,14550,45.0,62,0,0
1768228185838893,52931,14550,26.0,42,0,0
1768228185840994,52931,14550,32.0,36,0,0
1768228185843287,52931,14550,62.0,65,0,0
1768228185845517,52931,14550,49.0,27,0,0
1768228185847148,52931,14550,44.0,116,0,0
1768228185850811,52931,14550,42.0,129,0,0
1768228185853087,52931,14550,34.0,29,0,0
1768228185855144,52931,14550,34.0,137,0,0
1768228185856980,52931,14550,60.0,24,0,0
1768228185858751,52931,14550,53.0,124,0,0
1768228185861280,52931,14550,31.0,2,0,0
1768228185863359,52931,14550,64.0,164,0,0
1768228185864795,52931,14550,24.0,168,0,0
1768228185867528,52931,14550,42.0,136,0,0
1768228185871305,52931,14550,42.0,193,0,0
1768228185873169,52931,14550,48.0,32,0,0
1768228185874705,52931,14550,40.0,241,0,0
1768228185876350,52931,14550,70.0,87,0,0
1768228185877631,5760,58419,,0,1,0
1768228185878603,52931,14550,61.0,147,0,0
1768228185880743,52931,14550,64.0,11030,0,0
1768228185886118,52931,14550,29.0,0,0,0
1768228185974357,5760,58419,,264,1,0
1768228185975388,52931,14550,47.0,264,0,0
1768228186059967,52931,14550,48.0,163,0,0
1768228186062235,52931,14550,44.0,178,0,0
1768228186063920,52931,14550,48.0,30,0,0
1768228186066758,52931,14550,48.0,33,0,0
1768228186068829,52931,14550,39.0,74,0,0
1768228186072442,52931,14550,51.0,1,0,0
1768228186074824,52931,14550,22.0,125,0,0
1768228186076744,52931,14550,27.0,152,0,0
1768228186078134,52931,14550,45.0,62,0,0
1768228186080221,52931,14550,26.0,42,0,0
1768228186082405,52931,14550,32.0,36,0,0
1768228186083725,52931,14550,62.0,65,0,0
1768228186085845,52931,14550,49.0,27,0,0
1768228186087372,52931,14550,44.0,116,0,0
1768228186088604,52931,14550,42.0,129,0,0
1768228186089803,52931,14550,34.0,29,0,0
1768228186090958,52931,14550,34.0,137,0,0
1768228186092425,52931,14550,60.0,24,0,0
1768228186094018,52931,14550,53.0,124,0,0
1768228186095712,52931,14550,31.0,2,0,0
1768228186097467,52931,14550,64.0,164,0,0
1768228186099103,52931,14550,24.0,168,0,0
1768228186100936,52931,14550,42.0,136,0,0
1768228186102350,52931,14550,42.0,193,0,0
1768228186103940,52931,14550,48.0,32,0,0
1768228186105158,52931,14550,40.0,241,0,0
1768228186106745,52931,14550,70.0,87,0,0
1768228186108296,52931,14550,61.0,147,0,0
1768228186109902,52931,14550,64.0,11030,0,0
1768228186314308,52931,14550,48.0,163,0,0
1768228186316284,52931,14550,44.0,178,0,0
1768228186317699,52931,14550,48.0,30,0,0
1768228186320975,52931,14550,48.0,33,0,0
1768228186323150,52931,14550,39.0,74,0,0
1768228186326398,52931,14550,51.0,1,0,0
1768228186333483,52931,14550,22.0,125,0,0
1768228186336467,52931,14550,27.0,152,0,0
1768228186340261,52931,14550,45.0,62,0,0
1768228186344816,52931,14550,26.0,42,0,0
1768228186347354,52931,14550,32.0,36,0,0
1768228186350638,52931,14550,62.0,65,0,0
1768228186353427,52931,14550,49.0,27,0,0
1768228186355664,52931,14550,44.0,116,0,0
1768228186357095,52931,14550,42.0,129,0,0
1768228186358339,52931,14550,34.0,29,0,0
1768228186360622,52931,14550,34.0,137,0,0
1768228186363662,52931,14550,60.0,24,0,0
1768228186368079,52931,14550,53.0,124,0,0
1768228186371090,52931,14550,31.0,2,0,0
1768228186372519,52931,14550,64.0,164,0,0
1768228186375014,52931,14550,24.0,168,0,0
1768228186379690,52931,14550,42.0,136,0,0
1768228186383835,52931,14550,42.0,193,0,0
1768228186387878,52931,14550,48.0,32,0,0
1768228186389536,52931,14550,40.0,241,0,0
1768228186391040,52931,14550,70.0,87,0,0
1768228186393353,52931,14550,61.0,147,0,0
1768228186395455,52931,14550,64.0,11030,0,0
1768228186473064,5760,58419,,264,1,0
1768228186474514,52931,14550,47.0,264,0,0
1768228186564358,52931,14550,48.0,163,0,0
1768228186566107,52931,14550,44.0,178,0,0
1768228186569749,52931,14550,48.0,30,0,0
1768228186573574,52931,14550,48.0,33,0,0
1768228186576582,52931,14550,39.0,74,0,0
1768228186580000,52931,14550,51.0,1,0,0
1768228186585004,52931,14550,22.0,125,0,0
1768228186586742,52931,14550,27.0,152,0,0
1768228186588030,52931,14550,45.0,62,0,0
1768228186590215,52931,14550,26.0,42,0,0
1768228186592832,52931,14550,32.0,36,0,0
1768228186594352,52931,14550,62.0,65,0,0
1768228186595577,52931,14550,49.0,27,0,0
1768228186597233,52931,14550,44.0,116,0,0
1768228186598525,52931,14550,42.0,129,0,0
1768228186599889,52931,14550,34.0,29,0,0
1768228186601314,52931,14550,34.0,137,0,0
1768228186602876,52931,14550,60.0,24,0,0
1768228186604840,52931,14550,53.0,124,0,0
1768228186606675,52931,14550,31.0,2,0,0
1768228186609179,52931,14550,64.0,164,0,0
1768228186611002,52931,14550,24.0,168,0,0
1768228186612790,52931,14550,42.0,136,0,0
1768228186614043,52931,14550,42.0,193,0,0
1768228186615838,52931,14550,48.0,32,0,0
1768228186617517,52931,14550,40.0,241,0,0
1768228186619387,52931,14550,70.0,87,0,0
1768228186621227,52931,14550,61.0,147,0,0
1768228186622726,52931,14550,64.0,11030,0,0
1768228186669572,58419,5760,,0,1,0
1768228186815679,52931,14550,48.0,163,0,0
1768228186818482,52931,14550,44.0,178,0,0
1768228186819825,52931,14550,48.0,30,0,0
1768228186821952,52931,14550,48.0,33,0,0
1768228186824317,52931,14550,39.0,74,0,0
1768228186830194,52931,14550,51.0,1,0,0
1768228186836718,52931,14550,22.0,125,0,0
1768228186839231,52931,14550,27.0,152,0,0
1768228186842821,52931,14550,45.0,62,0,0
1768228186847783,52931,14550,26.0,42,0,0
1768228186855007,52931,14550,32.0,36,0,0
1768228186856624,52931,14550,62.0,65,0,0
1768228186858284,52931,14550,49.0,27,0,0
1768228186859499,52931,14550,44.0,116,0,0
1768228186860904,52931,14550,42.0,129,0,0
1768228186862226,52931,14550,34.0,29,0,0
1768228186863412,52931,14550,34.0,137,0,0
1768228186865169,52931,14550,60.0,24,0,0
1768228186867316,52931,14550,53.0,124,0,0
1768228186868800,52931,14550,31.0,2,0,0
1768228186870496,52931,14550,64.0,164,0,0
1768228186872010,52931,14550,24.0,168,0,0
1768228186873974,52931,14550,42.0,136,0,0
1768228186875127,52931,14550,42.0,193,0,0
1768228186876843,52931,14550,48.0,32,0,0
1768228186878124,52931,14550,40.0,241,0,0
1768228186879463,52931,14550,70.0,87,0,0
1768228186881090,52931,14550,61.0,147,0,0
1768228186883016,52931,14550,64.0,11030,0,0
1768228186883663,5760,58419,,0,1,0
1768228186885585,52931,14550,29.0,0,0,0
1768228186976968,5760,58419,,264,1,0
1768228186978006,52931,14550,47.0,264,0,0
1768228187066827,52931,14550,48.0,163,0,0
1768228187069739,52931,14550,44.0,178,0,0
1768228187072273,52931,14550,48.0,30,0,0
1768228187074257,52931,14550,48.0,33,0,0
1768228187076381,52931,14550,39.0,74,0,0
1768228187079115,52931,14550,51.0,1,0,0
1768228187081363,52931,14550,22.0,125,0,0
1768228187083524,52931,14550,27.0,152,0,0
1768228187085048,52931,14550,45.0,62,0,0
1768228187087230,52931,14550,26.0,42,0,0
1768228187089478,52931,14550,32.0,36,0,0
1768228187091104,52931,14550,62.0,65,0,0
1768228187092455,52931,14550,49.0,27,0,0
1768228187093832,52931,14550,44.0,116,0,0
1768228187095119,52931,14550,42.0,129,0,0
1768228187096713,52931,14550,34.0,29,0,0
1768228187098093,52931,14550,34.0,137,0,0
1768228187099382,52931,14550,60.0,24,0,0
1768228187101244,52931,14550,53.0,124,0,0
1768228187102953,52931,14550,31.0,2,0,0
1768228187104665,52931,14550,64.0,164,0,0
1768228187106821,52931,14550,24.0,168,0,0
1768228187108259,52931,14550,42.0,136,0,0
1768228187109894,52931,14550,42.0,193,0,0
1768228187111778,52931,14550,48.0,32,0,0
1768228187113035,52931,14550,40.0,241,0,0
1768228187114529,52931,14550,70.0,87,0,0
1768228187116622,52931,14550,61.0,147,0,0
1768228187118077,52931,14550,64.0,11030,0,0
1768228187315513,52931,14550,48.0,163,0,0
1768228187317868,52931,14550,44.0,178,0,0
1768228187319766,52931,14550,48.0,30,0,0
1768228187322486,52931,14550,48.0,33,0,0
1768228187324614,52931,14550,39.0,74,0,0
1768228187328590,52931,14550,51.0,1,0,0
1768228187335536,52931,14550,22.0,125,0,0
1768228187337755,52931,14550,27.0,152,0,0
1768228187339434,52931,14550,45.0,62,0,0
1768228187343905,52931,14550,26.0,42,0,0
1768228187347344,52931,14550,32.0,36,0,0
1768228187348909,52931,14550,62.0,65,0,0
1768228187351032,52931,14550,49.0,27,0,0
1768228187353011,52931,14550,44.0,116,0,0
1768228187354834,52931,14550,42.0,129,0,0
1768228187358022,52931,14550,34.0,29,0,0
1768228187360248,52931,14550,34.0,137,0,0
1768228187361756,52931,14550,60.0,24,0,0
1768228187366840,52931,14550,53.0,124,0,0
1768228187369980,52931,14550,31.0,2,0,0
1768228187372104,52931,14550,64.0,164,0,0
1768228187373392,52931,14550,24.0,168,0,0
1768228187375355,52931,14550,42.0,136,0,0
1768228187376716,52931,14550,42.0,193,0,0
1768228187378837,52931,14550,48.0,32,0,0
1768228187382808,52931,14550,40.0,241,0,0
1768228187386003,52931,14550,70.0,87,0,0
1768228187389121,52931,14550,61.0,147,0,0
1768228187390902,52931,14550,64.0,11030,0,0
1768228187483810,5760,58419,,264,1,0
1768228187484996,52931,14550,47.0,264,0,0
1768228187570378,52931,14550,48.0,163,0,0
1768228187572530,52931,14550,44.0,178,0,0
1768228187574253,52931,14550,48.0,30,0,0
1768228187576779,52931,14550,48.0,33,0,0
1768228187580731,52931,14550,39.0,74,0,0
1768228187584838,52931,14550,51.0,1,0,0
1768228187587279,52931,14550,22.0,125,0,0
1768228187589086,52931,14550,27.0,152,0,0
1768228187590700,52931,14550,45.0,62,0,0
1768228187593182,52931,14550,26.0,42,0,0
1768228187595539,52931,14550,32.0,36,0,0
1768228187597068,52931,14550,62.0,65,0,0
1768228187598896,52931,14550,49.0,27,0,0
1768228187600565,52931,14550,44.0,116,0,0
1768228187602220,52931,14550,42.0,129,0,0
1768228187603737,52931,14550,34.0,29,0,0
1768228187605605,52931,14550,34.0,137,0,0
1768228187607329,52931,14550,60.0,24,0,0
1768228187609820,52931,14550,53.0,124,0,0
1768228187611339,52931,14550,31.0,2,0,0
1768228187612975,52931,14550,64.0,164,0,0
1768228187614337,52931,14550,24.0,168,0,0
1768228187615675,52931,14550,42.0,136,0,0
1768228187617513,52931,14550,42.0,193,0,0
1768228187619223,52931,14550,48.0,32,0,0
1768228187620483,52931,14550,40.0,241,0,0
1768228187622009,52931,14550,70.0,87,0,0
1768228187624149,52931,14550,61.0,147,0,0
1768228187627520,52931,14550,64.0,11030,0,0
1768228187673822,58419,5760,,0,1,0
1768228187820097,52931,14550,48.0,163,0,0
1768228187821790,52931,14550,44.0,178,0,0
1768228187823576,52931,14550,48.0,30,0,0
1768228187825801,52931,14550,48.0,33,0,0
1768228187827901,52931,14550,39.0,74,0,0
1768228187833264,52931,14550,51.0,1,0,0
1768228187840723,52931,14550,22.0,125,0,0
1768228187844884,52931,14550,27.0,152,0,0
1768228187846395,52931,14550,45.0,62,0,0
1768228187850360,52931,14550,26.0,42,0,0
1768228187853591,52931,14550,32.0,36,0,0
1768228187855164,52931,14550,62.0,65,0,0
1768228187856954,52931,14550,49.0,27,0,0
1768228187858213,52931,14550,44.0,116,0,0
1768228187860036,52931,14550,42.0,129,0,0
1768228187861303,52931,14550,34.0,29,0,0
1768228187863243,52931,14550,34.0,137,0,0
1768228187865724,52931,14550,60.0,24,0,0
1768228187867893,52931,14550,53.0,124,0,0
1768228187870500,52931,14550,31.0,2,0,0
1768228187872364,52931,14550,64.0,164,0,0
1768228187873886,52931,14550,24.0,168,0,0
1768228187875745,52931,14550,42.0,136,0,0
1768228187877961,52931,14550,42.0,193,0,0
1768228187880886,52931,14550,48.0,32,0,0
1768228187882589,52931,14550,40.0,241,0,0
1768228187884288,52931,14550,70.0,87,0,0
1768228187886095,52931,14550,61.0,147,0,0
1768228187887327,52931,14550,64.0,11030,0,0
1768228187888577,5760,58419,,0,1,0
1768228187890551,52931,14550,29.0,0,0,0
1768228187981779,5760,58419,,264,1,0
1768228187982825,52931,14550,47.0,264,0,0
1768228188073591,52931,14550,48.0,163,0,0
1768228188075254,52931,14550,44.0,178,0,0
1768228188077293,52931,14550,48.0,30,0,0
1768228188080252,52931,14550,48.0,33,0,0
1768228188083413,52931,14550,39.0,74,0,0
1768228188087617,52931,14550,51.0,1,0,0
1768228188091588,52931,14550,22.0,125,0,0
1768228188093283,52931,14550,27.0,152,0,0
1768228188094485,52931,14550,45.0,62,0,0
1768228188096784,52931,14550,26.0,42,0,0
1768228188099763,52931,14550,32.0,36,0,0
1768228188101216,52931,14550,62.0,65,0,0
1768228188102903,52931,14550,49.0,27,0,0
1768228188104371,52931,14550,44.0,116,0,0
1768228188105717,52931,14550,42.0,129,0,0
1768228188107052,52931,14550,34.0,29,0,0
1768228188108379,52931,14550,34.0,137,0,0
1768228188109726,52931,14550,60.0,24,0,0
1768228188111631,52931,14550,53.0,124,0,0
1768228188114155,52931,14550,31.0,2,0,0
1768228188115441,52931,14550,64.0,164,0,0
1768228188117054,52931,14550,24.0,168,0,0
1768228188118674,52931,14550,42.0,136,0,0
1768228188120127,52931,14550,42.0,193,0,0
1768228188121528,52931,14550,48.0,32,0,0
1768228188123034,52931,14550,40.0,241,0,0
1768228188124292,52931,14550,70.0,87,0,0
1768228188126244,52931,14550,61.0,147,0,0
1768228188127717,52931,14550,64.0,11030,0,0
1768228188320537,52931,14550,48.0,163,0,0
1768228188322696,52931,14550,44.0,178,0,0
1768228188323617,52931,14550,48.0,30,0,0
1768228188325619,52931,14550,48.0,33,0,0
1768228188328457,52931,14550,39.0,74,0,0
1768228188332136,52931,14550,51.0,1,0,0
1768228188337309,52931,14550,22.0,125,0,0
1768228188338730,52931,14550,27.0,152,0,0
1768228188340082,52931,14550,45.0,62,0,0
1768228188342041,52931,14550,26.0,42,0,0
1768228188344670,52931,14550,32.0,36,0,0
1768228188345538,52931,14550,62.0,65,0,0
1768228188347090,52931,14550,49.0,27,0,0
1768228188349199,52931,14550,44.0,116,0,0
1768228188350562,52931,14550,42.0,129,0,0
1768228188351420,52931,14550,34.0,29,0,0
1768228188353436,52931,14550,34.0,137,0,0
1768228188354592,52931,14550,60.0,24,0,0
1768228188356186,52931,14550,53.0,124,0,0
1768228188357509,52931,14550,31.0,2,0,0
1768228188360284,52931,14550,64.0,164,0,0
1768228188362210,52931,14550,24.0,168,0,0
1768228188363262,52931,14550,42.0,136,0,0
1768228188364682,52931,14550,42.0,193,0,0
1768228188366338,52931,14550,48.0,32,0,0
1768228188367324,52931,14550,40.0,241,0,0
1768228188369788,52931,14550,70.0,87,0,0
1768228188371322,52931,14550,61.0,147,0,0
1768228188372245,52931,14550,64.0,11030,0,0
1768228188489221,5760,58419,,264,1,0
1768228188490239,52931,14550,47.0,264,0,0
1768228188575380,52931,14550,48.0,163,0,0
1768228188577575,52931,14550,44.0,178,0,0
1768228188579039,52931,14550,48.0,30,0,0
1768228188581330,52931,14550,48.0,33,0,0
1768228188582646,52931,14550,39.0,74,0,0
1768228188588325,52931,14550,51.0,1,0,0
1768228188590536,52931,14550,22.0,125,0,0
1768228188592293,52931,14550,27.0,152,0,0
1768228188593542,52931,14550,45.0,62,0,0
1768228188596058,52931,14550,26.0,42,0,0
1768228188598973,52931,14550,32.0,36,0,0
1768228188600762,52931,14550,62.0,65,0,0
1768228188602985,52931,14550,49.0,27,0,0
1768228188604927,52931,14550,44.0,116,0,0
1768228188606654,52931,14550,42.0,129,0,0
1768228188608123,52931,14550,34.0,29,0,0
1768228188609639,52931,14550,34.0,137,0,0
1768228188611166,52931,14550,60.0,24,0,0
1768228188613508,52931,14550,53.0,124,0,0
1768228188616066,52931,14550,31.0,2,0,0
1768228188617802,52931,14550,64.0,164,0,0
1768228188619205,52931,14550,24.0,168,0,0
1768228188620705,52931,14550,42.0,136,0,0
1768228188622161,52931,14550,42.0,193,0,0
1768228188623868,52931,14550,48.0,32,0,0
1768228188625520,52931,14550,40.0,241,0,0
1768228188627654,52931,14550,70.0,87,0,0
1768228188629208,52931,14550,61.0,147,0,0
1768228188631194,52931,14550,64.0,11030,0,0
1768228188678744,58419,5760,,0,1,0
1768228188823091,52931,14550,48.0,163,0,0
1768228188825925,52931,14550,44.0,178,0,0
1768228188827566,52931,14550,48.0,30,0,0
1768228188829718,52931,14550,48.0,33,0,0
1768228188833516,52931,14550,39.0,74,0,0
1768228188839283,52931,14550,51.0,1,0,0
1768228188845993,52931,14550,22.0,125,0,0
1768228188851759,52931,14550,27.0,152,0,0
1768228188853339,52931,14550,45.0,62,0,0
1768228188858063,52931,14550,26.0,42,0,0
1768228188860837,52931,14550,32.0,36,0,0
1768228188862201,52931,14550,62.0,65,0,0
1768228188863755,52931,14550,49.0,27,0,0
1768228188865262,52931,14550,44.0,116,0,0
1768228188866590,52931,14550,42.0,129,0,0
1768228188867799,52931,14550,34.0,29,0,0
1768228188869291,52931,14550,34.0,137,0,0
1768228188870607,52931,14550,60.0,24,0,0
1768228188872338,52931,14550,53.0,124,0,0
1768228188874809,52931,14550,31.0,2,0,0
1768228188876038,52931,14550,64.0,164,0,0
1768228188877540,52931,14550,24.0,168,0,0
1768228188879018,52931,14550,42.0,136,0,0
1768228188880275,52931,14550,42.0,193,0,0
1768228188881691,52931,14550,48.0,32,0,0
1768228188883155,52931,14550,40.0,241,0,0
1768228188884390,52931,14550,70.0,87,0,0
1768228188886867,52931,14550,61.0,147,0,0
1768228188888175,52931,14550,64.0,11030,0,0
1768228188898902,5760,58419,,0,1,0
1768228188899978,52931,14550,29.0,0,0,0
1768228188992374,5760,58419,,264,1,0
1768228188993351,52931,14550,47.0,264,0,0
1768228189076018,52931,14550,48.0,163,0,0
1768228189078944,52931,14550,44.0,178,0,0
1768228189080702,52931,14550,48.0,30,0,0
1768228189082953,52931,14550,48.0,33,0,0
1768228189084749,52931,14550,39.0,74,0,0
1768228189088990,52931,14550,51.0,1,0,0
1768228189095453,52931,14550,22.0,125,0,0
1768228189097982,52931,14550,27.0,152,0,0
1768228189099501,52931,14550,45.0,62,0,0
1768228189101634,52931,14550,26.0,42,0,0
1768228189103698,52931,14550,32.0,36,0,0
1768228189105382,52931,14550,62.0,65,0,0
1768228189107206,52931,14550,49.0,27,0,0
1768228189109113,52931,14550,44.0,116,0,0
1768228189110359,52931,14550,42.0,129,0,0
1768228189112020,52931,14550,34.0,29,0,0
1768228189113775,52931,14550,34.0,137,0,0
1768228189115460,52931,14550,60.0,24,0,0
1768228189117279,52931,14550,53.0,124,0,0
1768228189119922,52931,14550,31.0,2,0,0
1768228189121449,52931,14550,64.0,164,0,0
1768228189122649,52931,14550,24.0,168,0,0
1768228189125839,52931,14550,42.0,136,0,0
1768228189127334,52931,14550,42.0,193,0,0
1768228189129606,52931,14550,48.0,32,0,0
1768228189131341,52931,14550,40.0,241,0,0
1768228189132588,52931,14550,70.0,87,0,0
1768228189134299,52931,14550,61.0,147,0,0
1768228189136184,52931,14550,64.0,11030,0,0
1768228189328918,52931,14550,48.0,163,0,0
1768228189331702,52931,14550,44.0,178,0,0
1768228189332905,52931,14550,48.0,30,0,0
1768228189336221,52931,14550,48.0,33,0,0
1768228189338727,52931,14550,39.0,74,0,0
1768228189343114,52931,14550,51.0,1,0,0
1768228189348844,52931,14550,22.0,125,0,0
1768228189351106,52931,14550,27.0,152,0,0
1768228189352718,52931,14550,45.0,62,0,0
1768228189356837,52931,14550,26.0,42,0,0
1768228189362003,52931,14550,32.0,36,0,0
1768228189363669,52931,14550,62.0,65,0,0
1768228189365656,52931,14550,49.0,27,0,0
1768228189368786,52931,14550,44.0,116,0,0
1768228189373616,52931,14550,42.0,129,0,0
1768228189375337,52931,14550,34.0,29,0,0
1768228189378059,52931,14550,34.0,137,0,0
1768228189380710,52931,14550,60.0,24,0,0
1768228189383758,52931,14550,53.0,124,0,0
1768228189387439,52931,14550,31.0,2,0,0
1768228189389089,52931,14550,64.0,164,0,0
1768228189390537,52931,14550,24.0,168,0,0
1768228189393755,52931,14550,42.0,136,0,0
1768228189395211,52931,14550,42.0,193,0,0
1768228189396634,52931,14550,48.0,32,0,0
1768228189398208,52931,14550,40.0,241,0,0
1768228189399592,52931,14550,70.0,87,0,0
1768228189401369,52931,14550,61.0,147,0,0
1768228189402732,52931,14550,64.0,11030,0,0
1768228189494351,5760,58419,,264,1,0
1768228189495245,52931,14550,47.0,264,0,0
1768228189579352,52931,14550,48.0,163,0,0
1768228189581790,52931,14550,44.0,178,0,0
1768228189583322,52931,14550,48.0,30,0,0
1768228189585388,52931,14550,48.0,33,0,0
1768228189587027,52931,14550,39.0,74,0,0
1768228189591016,52931,14550,51.0,1,0,0
1768228189594519,52931,14550,22.0,125,0,0
1768228189597225,52931,14550,27.0,152,0,0
1768228189598399,52931,14550,45.0,62,0,0
1768228189600793,52931,14550,26.0,42,0,0
1768228189603019,52931,14550,32.0,36,0,0
1768228189604333,52931,14550,62.0,65,0,0
1768228189605795,52931,14550,49.0,27,0,0
1768228189606917,52931,14550,44.0,116,0,0
1768228189608259,52931,14550,42.0,129,0,0
1768228189609540,52931,14550,34.0,29,0,0
1768228189610634,52931,14550,34.0,137,0,0
1768228189612066,52931,14550,60.0,24,0,0
1768228189613801,52931,14550,53.0,124,0,0
1768228189615789,52931,14550,31.0,2,0,0
1768228189617853,52931,14550,64.0,164,0,0
1768228189619262,52931,14550,24.0,168,0,0
1768228189620655,52931,14550,42.0,136,0,0
1768228189621978,52931,14550,42.0,193,0,0
1768228189623386,52931,14550,48.0,32,0,0
1768228189624523,52931,14550,40.0,241,0,0
1768228189626418,52931,14550,70.0,87,0,0
1768228189628249,52931,14550,61.0,147,0,0
1768228189630708,52931,14550,64.0,11030,0,0
1768228189688915,58419,5760,,0,1,0
1768228189832894,52931,14550,48.0,163,0,0
1768228189838042,52931,14550,44.0,178,0,0
1768228189839940,52931,14550,48.0,30,0,0
1768228189842535,52931,14550,48.0,33,0,0
1768228189844357,52931,14550,39.0,74,0,0
1768228189850033,52931,14550,51.0,1,0,0
1768228189857791,52931,14550,22.0,125,0,0
1768228189859924,52931,14550,27.0,152,0,0
1768228189862444,52931,14550,45.0,62,0,0
1768228189867719,52931,14550,26.0,42,0,0
1768228189869912,52931,14550,32.0,36,0,0
1768228189871191,52931,14550,62.0,65,0,0
1768228189873124,52931,14550,49.0,27,0,0
1768228189875002,52931,14550,44.0,116,0,0
1768228189876554,52931,14550,42.0,129,0,0
1768228189878105,52931,14550,34.0,29,0,0
1768228189879463,52931,14550,34.0,137,0,0
1768228189881355,52931,14550,60.0,24,0,0
1768228189883423,52931,14550,53.0,124,0,0
1768228189884864,52931,14550,31.0,2,0,0
1768228189886579,52931,14550,64.0,164,0,0
1768228189887797,52931,14550,24.0,168,0,0
1768228189889308,52931,14550,42.0,136,0,0
1768228189890599,52931,14550,42.0,193,0,0
1768228189892362,52931,14550,48.0,32,0,0
1768228189894326,52931,14550,40.0,241,0,0
1768228189895611,52931,14550,70.0,87,0,0
1768228189897839,52931,14550,61.0,147,0,0
1768228189899265,52931,14550,64.0,11030,0,0
1768228189901819,5760,58419,,0,1,0
1768228189902806,52931,14550,29.0,0,0,0
1768228189993425,5760,58419,,264,1,0
1768228189994447,52931,14550,47.0,264,0,0
1768228190084952,52931,14550,48.0,163,0,0
1768228190088433,52931,14550,44.0,178,0,0
1768228190089644,52931,14550,48.0,30,0,0
1768228190091813,52931,14550,48.0,33,0,0
1768228190093434,52931,14550,39.0,74,0,0
1768228190097052,52931,14550,51.0,1,0,0
1768228190099369,52931,14550,22.0,125,0,0
1768228190101020,52931,14550,27.0,152,0,0
1768228190102252,52931,14550,45.0,62,0,0
1768228190104339,52931,14550,26.0,42,0,0
1768228190106113,52931,14550,32.0,36,0,0
1768228190108066,52931,14550,62.0,65,0,0
1768228190109670,52931,14550,49.0,27,0,0
1768228190111162,52931,14550,44.0,116,0,0
1768228190112602,52931,14550,42.0,129,0,0
1768228190113886,52931,14550,34.0,29,0,0
1768228190115569,52931,14550,34.0,137,0,0
1768228190116937,52931,14550,60.0,24,0,0
1768228190119113,52931,14550,53.0,124,0,0
1768228190120531,52931,14550,31.0,2,0,0
1768228190121853,52931,14550,64.0,164,0,0
1768228190123534,52931,14550,24.0,168,0,0
1768228190125011,52931,14550,42.0,136,0,0
1768228190126339,52931,14550,42.0,193,0,0
1768228190127971,52931,14550,48.0,32,0,0
1768228190129346,52931,14550,40.0,241,0,0
1768228190130618,52931,14550,70.0,87,0,0
1768228190132226,52931,14550,61.0,147,0,0
1768228190133464,52931,14550,64.0,11030,0,0
1768228190334636,52931,14550,48.0,163,0,0
1768228190336648,52931,14550,44.0,178,0,0
1768228190338015,52931,14550,48.0,30,0,0
1768228190340306,52931,14550,48.0,33,0,0
1768228190342275,52931,14550,39.0,74,0,0
1768228190346880,52931,14550,51.0,1,0,0
1768228190351288,52931,14550,22.0,125,0,0
1768228190353360,52931,14550,27.0,152,0,0
1768228190354703,52931,14550,45.0,62,0,0
1768228190359564,52931,14550,26.0,42,0,0
1768228190361755,52931,14550,32.0,36,0,0
1768228190363944,52931,14550,62.0,65,0,0
1768228190366363,52931,14550,49.0,27,0,0
1768228190369538,52931,14550,44.0,116,0,0
1768228190372039,52931,14550,42.0,129,0,0
1768228190374026,52931,14550,34.0,29,0,0
1768228190375854,52931,14550,34.0,137,0,0
1768228190377491,52931,14550,60.0,24,0,0
1768228190380030,52931,14550,53.0,124,0,0
1768228190382291,52931,14550,31.0,2,0,0
1768228190384639,52931,14550,64.0,164,0,0
1768228190386364,52931,14550,24.0,168,0,0
1768228190389042,52931,14550,42.0,136,0,0
1768228190391631,52931,14550,42.0,193,0,0
1768228190393771,52931,14550,48.0,32,0,0
1768228190397111,52931,14550,40.0,241,0,0
1768228190398865,52931,14550,70.0,87,0,0
1768228190400676,52931,14550,61.0,147,0,0
1768228190404240,52931,14550,64.0,11030,0,0
1768228190500186,5760,58419,,264,1,0
1768228190501258,52931,14550,47.0,264,0,0
1768228190585846,52931,14550,48.0,163,0,0
1768228190588179,52931,14550,44.0,178,0,0
1768228190590069,52931,14550,48.0,30,0,0
1768228190592221,52931,14550,48.0,33,0,0
1768228190594494,52931,14550,39.0,74,0,0
1768228190598077,52931,14550,51.0,1,0,0
1768228190602644,52931,14550,22.0,125,0,0
1768228190606498,52931,14550,27.0,152,0,0
1768228190607822,52931,14550,45.0,62,0,0
1768228190612488,52931,14550,26.0,42,0,0
1768228190616233,52931,14550,32.0,36,0,0
1768228190618138,52931,14550,62.0,65,0,0
1768228190620826,52931,14550,49.0,27,0,0
1768228190622820,52931,14550,44.0,116,0,0
1768228190624740,52931,14550,42.0,129,0,0
1768228190626923,52931,14550,34.0,29,0,0
1768228190628269,52931,14550,34.0,137,0,0
1768228190630573,52931,14550,60.0,24,0,0
1768228190635518,52931,14550,53.0,124,0,0
1768228190637127,52931,14550,31.0,2,0,0
1768228190638794,52931,14550,64.0,164,0,0
1768228190640037,52931,14550,24.0,168,0,0
1768228190642148,52931,14550,42.0,136,0,0
1768228190643572,52931,14550,42.0,193,0,0
1768228190645096,52931,14550,48.0,32,0,0
1768228190646453,52931,14550,40.0,241,0,0
1768228190647761,52931,14550,70.0,87,0,0
1768228190649708,52931,14550,61.0,147,0,0
1768228190651682,52931,14550,64.0,11030,0,0
1768228190698477,58419,5760,,0,1,0
1768228190836617,52931,14550,48.0,163,0,0
1768228190839164,52931,14550,44.0,178,0,0
1768228190841336,52931,14550,48.0,30,0,0
1768228190844349,52931,14550,48.0,33,0,0
1768228190845718,52931,14550,39.0,74,0,0
1768228190850987,52931,14550,51.0,1,0,0
1768228190855660,52931,14550,22.0,125,0,0
1768228190858976,52931,14550,27.0,152,0,0
1768228190860870,52931,14550,45.0,62,0,0
1768228190863792,52931,14550,26.0,42,0,0
1768228190868213,52931,14550,32.0,36,0,0
1768228190871408,52931,14550,62.0,65,0,0
1768228190873447,52931,14550,49.0,27,0,0
1768228190875396,52931,14550,44.0,116,0,0
1768228190876764,52931,14550,42.0,129,0,0
1768228190878713,52931,14550,34.0,29,0,0
1768228190882672,52931,14550,34.0,137,0,0
1768228190884827,52931,14550,60.0,24,0,0
1768228190886875,52931,14550,53.0,124,0,0
1768228190889264,52931,14550,31.0,2,0,0
1768228190891070,52931,14550,64.0,164,0,0
1768228190894002,52931,14550,24.0,168,0,0
1768228190895856,52931,14550,42.0,136,0,0
1768228190897414,52931,14550,42.0,193,0,0
1768228190899584,52931,14550,48.0,32,0,0
1768228190900780,52931,14550,40.0,241,0,0
1768228190902657,52931,14550,70.0,87,0,0
1768228190904065,52931,14550,61.0,147,0,0
1768228190907149,52931,14550,64.0,11030,0,0
1768228190910754,5760,58419,,0,1,0
1768228190911790,52931,14550,29.0,0,0,0
1768228191002152,5760,58419,,264,1,0
1768228191003459,52931,14550,47.0,264,0,0
1768228191088469,52931,14550,48.0,163,0,0
1768228191091495,52931,14550,44.0,178,0,0
1768228191093140,52931,14550,48.0,30,0,0
1768228191095017,52931,14550,48.0,33,0,0
1768228191096380,52931,14550,39.0,74,0,0
1768228191099146,52931,14550,51.0,1,0,0
1768228191101726,52931,14550,22.0,125,0,0
1768228191103537,52931,14550,27.0,152,0,0
1768228191104778,52931,14550,45.0,62,0,0
1768228191107513,52931,14550,26.0,42,0,0
1768228191109916,52931,14550,32.0,36,0,0
1768228191111361,52931,14550,62.0,65,0,0
1768228191113033,52931,14550,49.0,27,0,0
1768228191114644,52931,14550,44.0,116,0,0
1768228191116206,52931,14550,42.0,129,0,0
1768228191117993,52931,14550,34.0,29,0,0
1768228191119243,52931,14550,34.0,137,0,0
1768228191120666,52931,14550,60.0,24,0,0
1768228191123441,52931,14550,53.0,124,0,0
1768228191124957,52931,14550,31.0,2,0,0
1768228191126411,52931,14550,64.0,164,0,0
1768228191127724,52931,14550,24.0,168,0,0
1768228191129067,52931,14550,42.0,136,0,0
1768228191130528,52931,14550,42.0,193,0,0
1768228191132042,52931,14550,48.0,32,0,0
1768228191133354,52931,14550,40.0,241,0,0
1768228191134874,52931,14550,70.0,87,0,0
1768228191136304,52931,14550,61.0,147,0,0
1768228191138131,52931,14550,64.0,11030,0,0
1768228191342017,52931,14550,48.0,163,0,0
1768228191344600,52931,14550,44.0,178,0,0
1768228191346223,52931,14550,48.0,30,0,0
1768228191349168,52931,14550,48.0,33,0,0
1768228191351953,52931,14550,39.0,74,0,0
1768228191355442,52931,14550,51.0,1,0,0
1768228191362752,52931,14550,22.0,125,0,0
1768228191365043,52931,14550,27.0,152,0,0
1768228191366505,52931,14550,45.0,62,0,0
1768228191369782,52931,14550,26.0,42,0,0
1768228191372099,52931,14550,32.0,36,0,0
1768228191376480,52931,14550,62.0,65,0,0
1768228191378643,52931,14550,49.0,27,0,0
1768228191380667,52931,14550,44.0,116,0,0
1768228191381943,52931,14550,42.0,129,0,0
1768228191384321,52931,14550,34.0,29,0,0
1768228191385790,52931,14550,34.0,137,0,0
1768228191387934,52931,14550,60.0,24,0,0
1768228191393024,52931,14550,53.0,124,0,0
1768228191394486,52931,14550,31.0,2,0,0
1768228191396873,52931,14550,64.0,164,0,0
1768228191398158,52931,14550,24.0,168,0,0
1768228191401221,52931,14550,42.0,136,0,0
1768228191404420,52931,14550,42.0,193,0,0
1768228191406273,52931,14550,48.0,32,0,0
1768228191407488,52931,14550,40.0,241,0,0
1768228191409256,52931,14550,70.0,87,0,0
1768228191411937,52931,14550,61.0,147,0,0
1768228191416662,52931,14550,64.0,11030,0,0
1768228191504570,5760,58419,,264,1,0
1768228191505663,52931,14550,47.0,264,0,0
1768228191588990,52931,14550,48.0,163,0,0
1768228191590606,52931,14550,44.0,178,0,0
1768228191592435,52931,14550,48.0,30,0,0
1768228191596575,52931,14550,48.0,33,0,0
1768228191599190,52931,14550,39.0,74,0,0
1768228191602933,52931,14550,51.0,1,0,0
1768228191607773,52931,14550,22.0,125,0,0
1768228191609979,52931,14550,27.0,152,0,0
1768228191611612,52931,14550,45.0,62,0,0
1768228191615478,52931,14550,26.0,42,0,0
1768228191618050,52931,14550,32.0,36,0,0
1768228191620524,52931,14550,62.0,65,0,0
1768228191622170,52931,14550,49.0,27,0,0
1768228191623346,52931,14550,44.0,116,0,0
1768228191624988,52931,14550,42.0,129,0,0
1768228191628496,52931,14550,34.0,29,0,0
1768228191630487,52931,14550,34.0,137,0,0
1768228191631962,52931,14550,60.0,24,0,0
1768228191634030,52931,14550,53.0,124,0,0
1768228191636554,52931,14550,31.0,2,0,0
1768228191638880,52931,14550,64.0,164,0,0
1768228191641334,52931,14550,24.0,168,0,0
1768228191643401,52931,14550,42.0,136,0,0
1768228191644758,52931,14550,42.0,193,0,0
1768228191646266,52931,14550,48.0,32,0,0
1768228191647925,52931,14550,40.0,241,0,0
1768228191649663,52931,14550,70.0,87,0,0
1768228191651603,52931,14550,61.0,147,0,0
1768228191654267,52931,14550,64.0,11030,0,0
1768228191700948,58419,5760,,0,1,0
1768228191843619,52931,14550,48.0,163,0,0
1768228191845296,52931,14550,44.0,178,0,0
1768228191847168,52931,14550,48.0,30,0,0
1768228191849380,52931,14550,48.0,33,0,0
1768228191852006,52931,14550,39.0,74,0,0
1768228191855859,52931,14550,51.0,1,0,0
1768228191862697,52931,14550,22.0,125,0,0
1768228191865764,52931,14550,27.0,152,0,0
1768228191869451,52931,14550,45.0,62,0,0
1768228191873178,52931,14550,26.0,42,0,0
1768228191876679,52931,14550,32.0,36,0,0
1768228191878425,52931,14550,62.0,65,0,0
1768228191882504,52931,14550,49.0,27,0,0
1768228191884517,52931,14550,44.0,116,0,0
1768228191887461,52931,14550,42.0,129,0,0
1768228191889118,52931,14550,34.0,29,0,0
1768228191891068,52931,14550,34.0,137,0,0
1768228191892467,52931,14550,60.0,24,0,0
1768228191894505,52931,14550,53.0,124,0,0
1768228191896622,52931,14550,31.0,2,0,0
1768228191898352,52931,14550,64.0,164,0,0
1768228191899756,52931,14550,24.0,168,0,0
1768228191902070,52931,14550,42.0,136,0,0
1768228191903683,52931,14550,42.0,193,0,0
1768228191905990,52931,14550,48.0,32,0,0
1768228191907260,52931,14550,40.0,241,0,0
1768228191909660,52931,14550,70.0,87,0,0
1768228191911093,52931,14550,61.0,147,0,0
1768228191912240,5760,58419,,0,1,0
1768228191912922,52931,14550,64.0,11030,0,0
1768228191917074,52931,14550,29.0,0,0,0
1768228192009852,5760,58419,,264,1,0
1768228192010942,52931,14550,47.0,264,0,0
1768228192095611,52931,14550,48.0,163,0,0
1768228192097870,52931,14550,44.0,178,0,0
1768228192099496,52931,14550,48.0,30,0,0
1768228192101260,52931,14550,48.0,33,0,0
1768228192103044,52931,14550,39.0,74,0,0
1768228192107414,52931,14550,51.0,1,0,0
1768228192112789,52931,14550,22.0,125,0,0
1768228192114818,52931,14550,27.0,152,0,0
1768228192116323,52931,14550,45.0,62,0,0
1768228192118693,52931,14550,26.0,42,0,0
1768228192121142,52931,14550,32.0,36,0,0
1768228192122589,52931,14550,62.0,65,0,0
1768228192124123,52931,14550,49.0,27,0,0
1768228192125522,52931,14550,44.0,116,0,0
1768228192126993,52931,14550,42.0,129,0,0
1768228192128392,52931,14550,34.0,29,0,0
1768228192129885,52931,14550,34.0,137,0,0
1768228192131825,52931,14550,60.0,24,0,0
1768228192134108,52931,14550,53.0,124,0,0
1768228192135544,52931,14550,31.0,2,0,0
1768228192136858,52931,14550,64.0,164,0,0
1768228192138086,52931,14550,24.0,168,0,0
1768228192140393,52931,14550,42.0,136,0,0
1768228192141570,52931,14550,42.0,193,0,0
1768228192143094,52931,14550,48.0,32,0,0
1768228192144311,52931,14550,40.0,241,0,0
1768228192145564,52931,14550,70.0,87,0,0
1768228192147074,52931,14550,61.0,147,0,0
1768228192148859,52931,14550,64.0,11030,0,0
1768228192340308,52931,14550,45.0,22,0,0
1768228192344734,52931,14550,45.0,22,0,0
1768228192346880,52931,14550,45.0,22,0,0
1768228192351183,52931,14550,48.0,163,0,0
1768228192352432,52931,14550,44.0,178,0,0
1768228192354617,52931,14550,48.0,30,0,0
1768228192357734,52931,14550,48.0,33,0,0
1768228192360224,52931,14550,39.0,74,0,0
1768228192364972,52931,14550,51.0,1,0,0
1768228192371514,52931,14550,22.0,125,0,0
1768228192375464,52931,14550,27.0,152,0,0
1768228192377241,52931,14550,45.0,62,0,0
1768228192380177,52931,14550,26.0,42,0,0
1768228192383143,52931,14550,32.0,36,0,0
1768228192386877,52931,14550,62.0,65,0,0
1768228192388888,52931,14550,49.0,27,0,0
1768228192390513,52931,14550,44.0,116,0,0
1768228192391729,52931,14550,42.0,129,0,0
1768228192393595,52931,14550,34.0,29,0,0
1768228192395440,52931,14550,34.0,137,0,0
1768228192397396,52931,14550,60.0,24,0,0
1768228192399271,52931,14550,53.0,124,0,0
1768228192401763,52931,14550,31.0,2,0,0
1768228192403278,52931,14550,64.0,164,0,0
1768228192404482,52931,14550,24.0,168,0,0
1768228192405835,52931,14550,42.0,136,0,0
1768228192407264,52931,14550,42.0,193,0,0
1768228192408741,52931,14550,48.0,32,0,0
1768228192410168,52931,14550,40.0,241,0,0
1768228192411760,52931,14550,70.0,87,0,0
1768228192413544,52931,14550,61.0,147,0,0
1768228192415385,52931,14550,64.0,11030,0,0
1768228192513298,5760,58419,,264,1,0
1768228192514511,52931,14550,47.0,264,0,0
1768228192598709,52931,14550,48.0,163,0,0
1768228192602635,52931,14550,44.0,178,0,0
1768228192603895,52931,14550,48.0,30,0,0
1768228192605853,52931,14550,48.0,33,0,0
1768228192607977,52931,14550,39.0,74,0,0
1768228192611065,52931,14550,51.0,1,0,0
1768228192613901,52931,14550,22.0,125,0,0
1768228192616035,52931,14550,27.0,152,0,0
1768228192617476,52931,14550,45.0,62,0,0
1768228192620273,52931,14550,26.0,42,0,0
1768228192622276,52931,14550,32.0,36,0,0
1768228192623874,52931,14550,62.0,65,0,0
1768228192625348,52931,14550,49.0,27,0,0
1768228192627290,52931,14550,44.0,116,0,0
1768228192628728,52931,14550,42.0,129,0,0
1768228192630493,52931,14550,34.0,29,0,0
1768228192632074,52931,14550,34.0,137,0,0
1768228192633628,52931,14550,60.0,24,0,0
1768228192635858,52931,14550,53.0,124,0,0
1768228192638002,52931,14550,31.0,2,0,0
1768228192639690,52931,14550,64.0,164,0,0
1768228192641609,52931,14550,24.0,168,0,0
1768228192643149,52931,14550,42.0,136,0,0
1768228192644484,52931,14550,42.0,193,0,0
1768228192646445,52931,14550,48.0,32,0,0
1768228192648006,52931,14550,40.0,241,0,0
1768228192649544,52931,14550,70.0,87,0,0
1768228192651339,52931,14550,61.0,147,0,0
1768228192653243,52931,14550,64.0,11030,0,0
1768228192711180,58419,5760,,0,1,0
1768228192851405,52931,14550,48.0,163,0,0
1768228192853499,52931,14550,44.0,178,0,0
1768228192854931,52931,14550,48.0,30,0,0
1768228192857508,52931,14550,48.0,33,0,0
1768228192860899,52931,14550,39.0,74,0,0
1768228192865843,52931,14550,51.0,1,0,0
1768228192872920,52931,14550,22.0,125,0,0
1768228192875580,52931,14550,27.0,152,0,0
1768228192877675,52931,14550,45.0,62,0,0
1768228192881153,52931,14550,26.0,42,0,0
1768228192883448,52931,14550,32.0,36,0,0
1768228192884670,52931,14550,62.0,65,0,0
1768228192886536,52931,14550,49.0,27,0,0
1768228192888251,52931,14550,44.0,116,0,0
1768228192889487,52931,14550,42.0,129,0,0
1768228192891192,52931,14550,34.0,29,0,0
1768228192893124,52931,14550,34.0,137,0,0
1768228192895614,52931,14550,60.0,24,0,0
1768228192897982,52931,14550,53.0,124,0,0
1768228192899851,52931,14550,31.0,2,0,0
1768228192902115,52931,14550,64.0,164,0,0
1768228192903635,52931,14550,24.0,168,0,0
1768228192905035,52931,14550,42.0,136,0,0
1768228192907010,52931,14550,42.0,193,0,0
1768228192909449,52931,14550,48.0,32,0,0
1768228192911102,52931,14550,40.0,241,0,0
1768228192914020,52931,14550,70.0,87,0,0
1768228192916258,52931,14550,61.0,147,0,0
1768228192919017,5760,58419,,0,1,0
1768228192920805,52931,14550,64.0,11030,0,0
1768228192925495,52931,14550,29.0,0,0,0
1768228193011224,5760,58419,,264,1,0
1768228193012204,52931,14550,47.0,264,0,0
1768228193097061,52931,14550,48.0,163,0,0
1768228193099844,52931,14550,44.0,178,0,0
1768228193101125,52931,14550,48.0,30,0,0
1768228193102919,52931,14550,48.0,33,0,0
1768228193104554,52931,14550,39.0,74,0,0
1768228193108014,52931,14550,51.0,1,0,0
1768228193110496,52931,14550,22.0,125,0,0
1768228193112376,52931,14550,27.0,152,0,0
1768228193113888,52931,14550,45.0,62,0,0
1768228193116107,52931,14550,26.0,42,0,0
1768228193118538,52931,14550,32.0,36,0,0
1768228193119878,52931,14550,62.0,65,0,0
1768228193121268,52931,14550,49.0,27,0,0
1768228193122495,52931,14550,44.0,116,0,0
1768228193124003,52931,14550,42.0,129,0,0
1768228193125227,52931,14550,34.0,29,0,0
1768228193126406,52931,14550,34.0,137,0,0
1768228193127909,52931,14550,60.0,24,0,0
1768228193129881,52931,14550,53.0,124,0,0
1768228193131728,52931,14550,31.0,2,0,0
1768228193133548,52931,14550,64.0,164,0,0
1768228193135407,52931,14550,24.0,168,0,0
1768228193137071,52931,14550,42.0,136,0,0
1768228193138459,52931,14550,42.0,193,0,0
1768228193139983,52931,14550,48.0,32,0,0
1768228193141302,52931,14550,40.0,241,0,0
1768228193142775,52931,14550,70.0,87,0,0
1768228193144372,52931,14550,61.0,147,0,0
1768228193145615,52931,14550,64.0,11030,0,0
1768228193348426,52931,14550,48.0,163,0,0
1768228193350649,52931,14550,44.0,178,0,0
1768228193352002,52931,14550,48.0,30,0,0
1768228193354587,52931,14550,48.0,33,0,0
1768228193357611,52931,14550,39.0,74,0,0
1768228193360310,52931,14550,51.0,1,0,0
1768228193367873,52931,14550,22.0,125,0,0
1768228193374487,52931,14550,27.0,152,0,0
1768228193375717,52931,14550,45.0,62,0,0
1768228193378532,52931,14550,26.0,42,0,0
1768228193382653,52931,14550,32.0,36,0,0
1768228193383934,52931,14550,62.0,65,0,0
1768228193385197,52931,14550,49.0,27,0,0
1768228193386861,52931,14550,44.0,116,0,0
1768228193388707,52931,14550,42.0,129,0,0
1768228193389920,52931,14550,34.0,29,0,0
1768228193392915,52931,14550,34.0,137,0,0
1768228193395187,52931,14550,60.0,24,0,0
1768228193399143,52931,14550,53.0,124,0,0
1768228193401278,52931,14550,31.0,2,0,0
1768228193403265,52931,14550,64.0,164,0,0
1768228193405585,52931,14550,24.0,168,0,0
1768228193407532,52931,14550,42.0,136,0,0
1768228193409958,52931,14550,42.0,193,0,0
1768228193413321,52931,14550,48.0,32,0,0
1768228193414857,52931,14550,40.0,241,0,0
1768228193416718,52931,14550,70.0,87,0,0
1768228193419534,52931,14550,61.0,147,0,0
1768228193422196,52931,14550,64.0,11030,0,0
1768228193518122,5760,58419,,264,1,0
1768228193518771,52931,14550,47.0,264,0,0
1768228193599809,52931,14550,48.0,163,0,0
1768228193601243,52931,14550,44.0,178,0,0
1768228193602048,52931,14550,48.0,30,0,0
1768228193603474,52931,14550,48.0,33,0,0
1768228193604486,52931,14550,39.0,74,0,0
1768228193607638,52931,14550,51.0,1,0,0
1768228193608985,52931,14550,22.0,125,0,0
1768228193610066,52931,14550,27.0,152,0,0
1768228193611015,52931,14550,45.0,62,0,0
1768228193612524,52931,14550,26.0,42,0,0
1768228193613528,52931,14550,32.0,36,0,0
1768228193614220,52931,14550,62.0,65,0,0
1768228193615149,52931,14550,49.0,27,0,0
1768228193615910,52931,14550,44.0,116,0,0
1768228193616595,52931,14550,42.0,129,0,0
1768228193617378,52931,14550,34.0,29,0,0
1768228193618091,52931,14550,34.0,137,0,0
1768228193618779,52931,14550,60.0,24,0,0
1768228193619872,52931,14550,53.0,124,0,0
1768228193620930,52931,14550,31.0,2,0,0
1768228193622096,52931,14550,64.0,164,0,0
1768228193623039,52931,14550,24.0,168,0,0
1768228193623868,52931,14550,42.0,136,0,0
1768228193624896,52931,14550,42.0,193,0,0
1768228193625806,52931,14550,48.0,32,0,0
1768228193626673,52931,14550,40.0,241,0,0
1768228193627490,52931,14550,70.0,87,0,0
1768228193628284,52931,14550,61.0,147,0,0
1768228193629297,52931,14550,64.0,11030,0,0
1768228193719418,58419,5760,,0,1,0
1768228193756165,52931,14550,21.0,46,0,0
1768228193758360,52931,14550,40.0,253,0,0
1768228193759884,52931,14550,35.0,253,0,0
1768228193852300,52931,14550,48.0,163,0,0
1768228193854368,52931,14550,44.0,178,0,0
1768228193856428,52931,14550,48.0,30,0,0
1768228193858561,52931,14550,48.0,33,0,0
1768228193861680,52931,14550,39.0,74,0,0
1768228193864914,52931,14550,51.0,1,0,0
1768228193867623,52931,14550,22.0,125,0,0
1768228193869790,52931,14550,27.0,152,0,0
1768228193871687,52931,14550,45.0,62,0,0
1768228193873833,52931,14550,26.0,42,0,0
1768228193876037,52931,14550,32.0,36,0,0
1768228193877836,52931,14550,62.0,65,0,0
1768228193879110,52931,14550,49.0,27,0,0
1768228193880812,52931,14550,44.0,116,0,0
1768228193882262,52931,14550,42.0,129,0,0
1768228193884027,52931,14550,34.0,29,0,0
1768228193885832,52931,14550,34.0,137,0,0
1768228193888211,52931,14550,60.0,24,0,0
1768228193890991,52931,14550,53.0,124,0,0
1768228193893264,52931,14550,31.0,2,0,0
1768228193894756,52931,14550,64.0,164,0,0
1768228193896230,52931,14550,24.0,168,0,0
1768228193898777,52931,14550,42.0,136,0,0
1768228193900541,52931,14550,42.0,193,0,0
1768228193902286,52931,14550,48.0,32,0,0
1768228193903655,52931,14550,40.0,241,0,0
1768228193904985,52931,14550,70.0,87,0,0
1768228193907581,52931,14550,61.0,147,0,0
1768228193909508,52931,14550,64.0,11030,0,0
1768228193923666,5760,58419,,0,1,0
1768228193924929,52931,14550,29.0,0,0,0
1768228193970281,5760,58419,,111,1,0
1768228193971368,52931,14550,33.0,111,0,0
1768228194018074,5760,58419,,264,1,0
1768228194019756,52931,14550,47.0,264,0,0
1768228194106100,52931,14550,48.0,163,0,0
1768228194108354,52931,14550,44.0,178,0,0
1768228194109622,52931,14550,48.0,30,0,0
1768228194114032,52931,14550,48.0,33,0,0
1768228194116313,52931,14550,39.0,74,0,0
1768228194119967,52931,14550,51.0,1,0,0
1768228194122663,52931,14550,22.0,125,0,0
1768228194124618,52931,14550,27.0,152,0,0
1768228194125841,52931,14550,45.0,62,0,0
1768228194128008,52931,14550,26.0,42,0,0
1768228194130677,52931,14550,32.0,36,0,0
1768228194132202,52931,14550,62.0,65,0,0
1768228194133972,52931,14550,49.0,27,0,0
1768228194136100,52931,14550,44.0,116,0,0
1768228194137663,52931,14550,42.0,129,0,0
1768228194139184,52931,14550,34.0,29,0,0
1768228194140431,52931,14550,34.0,137,0,0
1768228194141918,52931,14550,60.0,24,0,0
1768228194143673,52931,14550,53.0,124,0,0
1768228194145466,52931,14550,31.0,2,0,0
1768228194146952,52931,14550,64.0,164,0,0
1768228194148673,52931,14550,24.0,168,0,0
1768228194150212,52931,14550,42.0,136,0,0
1768228194151420,52931,14550,42.0,193,0,0
1768228194153109,52931,14550,48.0,32,0,0
1768228194154336,52931,14550,40.0,241,0,0
1768228194155730,52931,14550,70.0,87,0,0
1768228194157292,52931,14550,61.0,147,0,0
1768228194159266,52931,14550,64.0,11030,0,0
1768228194357801,52931,14550,48.0,163,0,0
1768228194360275,52931,14550,44.0,178,0,0
1768228194361680,52931,14550,48.0,30,0,0
1768228194364075,52931,14550,48.0,33,0,0
1768228194365407,52931,14550,39.0,74,0,0
1768228194370788,52931,14550,51.0,1,0,0
1768228194377115,52931,14550,22.0,125,0,0
1768228194381326,52931,14550,27.0,152,0,0
1768228194382738,52931,14550,45.0,62,0,0
1768228194385878,52931,14550,26.0,42,0,0
1768228194387636,52931,14550,32.0,36,0,0
1768228194389278,52931,14550,62.0,65,0,0
1768228194391912,52931,14550,49.0,27,0,0
1768228194393132,52931,14550,44.0,116,0,0
1768228194395307,52931,14550,42.0,129,0,0
1768228194396889,52931,14550,34.0,29,0,0
1768228194398127,52931,14550,34.0,137,0,0
1768228194400091,52931,14550,60.0,24,0,0
1768228194402536,52931,14550,53.0,124,0,0
1768228194404367,52931,14550,31.0,2,0,0
1768228194406577,52931,14550,64.0,164,0,0
1768228194409319,52931,14550,24.0,168,0,0
1768228194410982,52931,14550,42.0,136,0,0
1768228194412865,52931,14550,42.0,193,0,0
1768228194415370,52931,14550,48.0,32,0,0
1768228194416702,52931,14550,40.0,241,0,0
1768228194420112,52931,14550,70.0,87,0,0
1768228194422479,52931,14550,61.0,147,0,0
1768228194424289,52931,14550,64.0,11030,0,0
1768228194521471,5760,58419,,264,1,0
1768228194522471,52931,14550,47.0,264,0,0
1768228194606875,52931,14550,48.0,163,0,0
1768228194610273,52931,14550,44.0,178,0,0
1768228194612813,52931,14550,48.0,30,0,0
1768228194614705,52931,14550,48.0,33,0,0
1768228194617183,52931,14550,39.0,74,0,0
1768228194620488,52931,14550,51.0,1,0,0
1768228194622765,52931,14550,22.0,125,0,0
1768228194624871,52931,14550,27.0,152,0,0
1768228194627156,52931,14550,45.0,62,0,0
1768228194630254,52931,14550,26.0,42,0,0
1768228194632812,52931,14550,32.0,36,0,0
1768228194634586,52931,14550,62.0,65,0,0
1768228194636736,52931,14550,49.0,27,0,0
1768228194639360,52931,14550,44.0,116,0,0
1768228194640962,52931,14550,42.0,129,0,0
1768228194642597,52931,14550,34.0,29,0,0
1768228194644129,52931,14550,34.0,137,0,0
1768228194645495,52931,14550,60.0,24,0,0
1768228194647827,52931,14550,53.0,124,0,0
1768228194649737,52931,14550,31.0,2,0,0
1768228194652266,52931,14550,64.0,164,0,0
1768228194654062,52931,14550,24.0,168,0,0
1768228194655511,52931,14550,42.0,136,0,0
1768228194657158,52931,14550,42.0,193,0,0
1768228194658875,52931,14550,48.0,32,0,0
1768228194660651,52931,14550,40.0,241,0,0
1768228194662647,52931,14550,70.0,87,0,0
1768228194665474,52931,14550,61.0,147,0,0
1768228194667500,52931,14550,64.0,11030,0,0
1768228194725904,58419,5760,,0,1,0
1768228194862422,52931,14550,48.0,163,0,0
1768228194864660,52931,14550,44.0,178,0,0
1768228194867422,52931,14550,48.0,30,0,0
1768228194871508,52931,14550,48.0,33,0,0
1768228194873201,52931,14550,39.0,74,0,0
1768228194879279,52931,14550,51.0,1,0,0
1768228194888479,52931,14550,22.0,125,0,0
1768228194892722,52931,14550,27.0,152,0,0
1768228194895880,52931,14550,45.0,62,0,0
1768228194901029,52931,14550,26.0,42,0,0
1768228194904886,52931,14550,32.0,36,0,0
1768228194908309,52931,14550,62.0,65,0,0
1768228194910436,52931,14550,49.0,27,0,0
1768228194911759,52931,14550,44.0,116,0,0
1768228194913101,52931,14550,42.0,129,0,0
1768228194914889,52931,14550,34.0,29,0,0
1768228194916287,52931,14550,34.0,137,0,0
1768228194917573,52931,14550,60.0,24,0,0
1768228194920002,52931,14550,53.0,124,0,0
1768228194921714,52931,14550,31.0,2,0,0
1768228194923070,52931,14550,64.0,164,0,0
1768228194924717,52931,14550,24.0,168,0,0
1768228194926481,52931,14550,42.0,136,0,0
1768228194928125,52931,14550,42.0,193,0,0
1768228194930089,52931,14550,48.0,32,0,0
1768228194931218,5760,58419,,0,1,0
1768228194931700,52931,14550,40.0,241,0,0
1768228194933218,52931,14550,70.0,87,0,0
1768228194934962,52931,14550,61.0,147,0,0
1768228194936753,52931,14550,64.0,11030,0,0
1768228194938988,52931,14550,29.0,0,0,0
1768228195027153,5760,58419,,264,1,0
1768228195028165,52931,14550,47.0,264,0,0
1768228195109694,52931,14550,48.0,163,0,0
1768228195112065,52931,14550,44.0,178,0,0
1768228195113603,52931,14550,48.0,30,0,0
1768228195116021,52931,14550,48.0,33,0,0
1768228195117400,52931,14550,39.0,74,0,0
1768228195120883,52931,14550,51.0,1,0,0
1768228195126843,52931,14550,22.0,125,0,0
1768228195128404,52931,14550,27.0,152,0,0
1768228195129900,52931,14550,45.0,62,0,0
1768228195132360,52931,14550,26.0,42,0,0
1768228195134926,52931,14550,32.0,36,0,0
1768228195136477,52931,14550,62.0,65,0,0
1768228195137964,52931,14550,49.0,27,0,0
1768228195139347,52931,14550,44.0,116,0,0
1768228195140803,52931,14550,42.0,129,0,0
1768228195142274,52931,14550,34.0,29,0,0
1768228195143552,52931,14550,34.0,137,0,0
1768228195144947,52931,14550,60.0,24,0,0
1768228195146833,52931,14550,53.0,124,0,0
1768228195148509,52931,14550,31.0,2,0,0
1768228195150344,52931,14550,64.0,164,0,0
1768228195151662,52931,14550,24.0,168,0,0
1768228195153297,52931,14550,42.0,136,0,0
1768228195154528,52931,14550,42.0,193,0,0
1768228195155924,52931,14550,48.0,32,0,0
1768228195157398,52931,14550,40.0,241,0,0
1768228195159035,52931,14550,70.0,87,0,0
1768228195160749,52931,14550,61.0,147,0,0
1768228195162533,52931,14550,64.0,11030,0,0
1768228195363434,52931,14550,48.0,163,0,0
1768228195365478,52931,14550,44.0,178,0,0
1768228195366823,52931,14550,48.0,30,0,0
1768228195369865,52931,14550,48.0,33,0,0
1768228195372612,52931,14550,39.0,74,0,0
1768228195376211,52931,14550,51.0,1,0,0
1768228195381138,52931,14550,22.0,125,0,0
1768228195383643,52931,14550,27.0,152,0,0
1768228195385973,52931,14550,45.0,62,0,0
1768228195388466,52931,14550,26.0,42,0,0
1768228195393598,52931,14550,32.0,36,0,0
1768228195396430,52931,14550,62.0,65,0,0
1768228195398279,52931,14550,49.0,27,0,0
1768228195399476,52931,14550,44.0,116,0,0
1768228195401610,52931,14550,42.0,129,0,0
1768228195403052,52931,14550,34.0,29,0,0
1768228195405929,52931,14550,34.0,137,0,0
1768228195407773,52931,14550,60.0,24,0,0
1768228195410091,52931,14550,53.0,124,0,0
1768228195412580,52931,14550,31.0,2,0,0
1768228195415173,52931,14550,64.0,164,0,0
1768228195417941,52931,14550,24.0,168,0,0
1768228195420703,52931,14550,42.0,136,0,0
1768228195422884,52931,14550,42.0,193,0,0
1768228195424987,52931,14550,48.0,32,0,0
1768228195428652,52931,14550,40.0,241,0,0
1768228195430806,52931,14550,70.0,87,0,0
1768228195432878,52931,14550,61.0,147,0,0
1768228195434769,52931,14550,64.0,11030,0,0
1768228195526201,5760,58419,,264,1,0
1768228195527252,52931,14550,47.0,264,0,0
1768228195612910,52931,14550,48.0,163,0,0
1768228195614970,52931,14550,44.0,178,0,0
1768228195616613,52931,14550,48.0,30,0,0
1768228195619305,52931,14550,48.0,33,0,0
1768228195622762,52931,14550,39.0,74,0,0
1768228195626535,52931,14550,51.0,1,0,0
1768228195633146,52931,14550,22.0,125,0,0
1768228195635406,52931,14550,27.0,152,0,0
1768228195637346,52931,14550,45.0,62,0,0
1768228195640224,52931,14550,26.0,42,0,0
1768228195643465,52931,14550,32.0,36,0,0
1768228195645480,52931,14550,62.0,65,0,0
1768228195647276,52931,14550,49.0,27,0,0
1768228195649166,52931,14550,44.0,116,0,0
1768228195650953,52931,14550,42.0,129,0,0
1768228195652532,52931,14550,34.0,29,0,0
1768228195654114,52931,14550,34.0,137,0,0
1768228195656790,52931,14550,60.0,24,0,0
1768228195660170,52931,14550,53.0,124,0,0
1768228195662517,52931,14550,31.0,2,0,0
1768228195664744,52931,14550,64.0,164,0,0
1768228195666822,52931,14550,24.0,168,0,0
1768228195668908,52931,14550,42.0,136,0,0
1768228195670816,52931,14550,42.0,193,0,0
1768228195673128,52931,14550,48.0,32,0,0
1768228195675241,52931,14550,40.0,241,0,0
1768228195676886,52931,14550,70.0,87,0,0
1768228195678390,52931,14550,61.0,147,0,0
1768228195680276,52931,14550,64.0,11030,0,0
1768228195727681,58419,5760,,0,1,0
1768228195867003,52931,14550,48.0,163,0,0
1768228195869525,52931,14550,44.0,178,0,0
1768228195871038,52931,14550,48.0,30,0,0
1768228195873583,52931,14550,48.0,33,0,0
1768228195876975,52931,14550,39.0,74,0,0
1768228195881867,52931,14550,51.0,1,0,0
1768228195887980,52931,14550,22.0,125,0,0
1768228195890908,52931,14550,27.0,152,0,0
1768228195892239,52931,14550,45.0,62,0,0
1768228195896850,52931,14550,26.0,42,0,0
1768228195900182,52931,14550,32.0,36,0,0
1768228195903533,52931,14550,62.0,65,0,0
1768228195907691,52931,14550,49.0,27,0,0
1768228195910998,52931,14550,44.0,116,0,0
1768228195912675,52931,14550,42.0,129,0,0
1768228195915070,52931,14550,34.0,29,0,0
1768228195917017,52931,14550,34.0,137,0,0
1768228195919212,52931,14550,60.0,24,0,0
1768228195921074,52931,14550,53.0,124,0,0
1768228195924177,52931,14550,31.0,2,0,0
1768228195926487,52931,14550,64.0,164,0,0
1768228195928047,52931,14550,24.0,168,0,0
1768228195929844,52931,14550,42.0,136,0,0
1768228195931611,52931,14550,42.0,193,0,0
1768228195933279,52931,14550,48.0,32,0,0
1768228195936315,52931,14550,40.0,241,0,0
1768228195937899,52931,14550,70.0,87,0,0
1768228195939312,5760,58419,,0,1,0
1768228195939703,52931,14550,61.0,147,0,0
1768228195943215,52931,14550,64.0,11030,0,0
1768228195947538,52931,14550,29.0,0,0,0
1768228196030559,5760,58419,,264,1,0
1768228196031587,52931,14550,47.0,264,0,0
1768228196118870,52931,14550,48.0,163,0,0
1768228196121072,52931,14550,44.0,178,0,0
1768228196122608,52931,14550,48.0,30,0,0
1768228196126325,52931,14550,48.0,33,0,0
1768228196128101,52931,14550,39.0,74,0,0
1768228196131827,52931,14550,51.0,1,0,0
1768228196135206,52931,14550,22.0,125,0,0
1768228196137062,52931,14550,27.0,152,0,0
1768228196138283,52931,14550,45.0,62,0,0
1768228196140258,52931,14550,26.0,42,0,0
1768228196142797,52931,14550,32.0,36,0,0
1768228196144047,52931,14550,62.0,65,0,0
1768228196145434,52931,14550,49.0,27,0,0
1768228196146956,52931,14550,44.0,116,0,0
1768228196148586,52931,14550,42.0,129,0,0
1768228196150067,52931,14550,34.0,29,0,0
1768228196151662,52931,14550,34.0,137,0,0
1768228196153058,52931,14550,60.0,24,0,0
1768228196154948,52931,14550,53.0,124,0,0
1768228196156425,52931,14550,31.0,2,0,0
1768228196158309,52931,14550,64.0,164,0,0
1768228196159547,52931,14550,24.0,168,0,0
1768228196160905,52931,14550,42.0,136,0,0
1768228196162865,52931,14550,42.0,193,0,0
1768228196164632,52931,14550,48.0,32,0,0
