Timestamp,SrcPort,DstPort,Length,MsgID,Protocol,Label
1768227861940780,52931,14550,48.0,163,0,0
1768227861945075,52931,14550,32.0,178,0,0
1768227861947112,52931,14550,48.0,30,0,0
1768227861949908,52931,14550,48.0,33,0,0
1768227861951676,52931,14550,38.0,74,0,0
1768227861955321,52931,14550,51.0,1,0,0
1768227861958385,52931,14550,22.0,125,0,0
1768227861960895,52931,14550,27.0,152,0,0
1768227861962995,52931,14550,42.0,62,0,0
1768227861966184,52931,14550,25.0,42,0,0
1768227861968685,52931,14550,32.0,36,0,0
1768227861971106,52931,14550,62.0,65,0,0
1768227861973529,52931,14550,49.0,27,0,0
1768227861975066,52931,14550,44.0,116,0,0
1768227861976821,52931,14550,42.0,129,0,0
1768227861978485,52931,14550,34.0,29,0,0
1768227861979978,52931,14550,34.0,137,0,0
1768227861982724,52931,14550,53.0,24,0,0
1768227861990919,52931,14550,53.0,124,0,0
1768227861994763,5760,58419,,111,1,0
1768227861994848,52931,14550,30.0,2,0,0
1768227861996889,52931,14550,64.0,164,0,0
1768227861999284,52931,14550,41.0,136,0,0
1768227862001213,52931,14550,41.0,193,0,0
1768227862003117,52931,14550,40.0,241,0,0
1768227862005611,52931,14550,61.0,147,0,0
1768227862007373,52931,14550,64.0,11030,0,0
1768227862010460,52931,14550,33.0,111,0,0
1768227862014360,5760,58419,,0,1,0
1768227862016164,52931,14550,29.0,0,0,0
1768227862109900,5760,58419,,264,1,0
1768227862111195,52931,14550,46.0,264,0,0
1768227862192664,52931,14550,48.0,163,0,0
1768227862195729,52931,14550,44.0,178,0,0
1768227862200056,52931,14550,48.0,30,0,0
1768227862202741,52931,14550,48.0,33,0,0
1768227862207422,52931,14550,38.0,74,0,0
1768227862211581,52931,14550,51.0,1,0,0
1768227862214661,52931,14550,22.0,125,0,0
1768227862218049,52931,14550,27.0,152,0,0
1768227862219679,52931,14550,42.0,62,0,0
1768227862223122,52931,14550,25.0,42,0,0
1768227862225255,52931,14550,32.0,36,0,0
1768227862226783,52931,14550,62.0,65,0,0
1768227862228587,52931,14550,49.0,27,0,0
1768227862230556,52931,14550,44.0,116,0,0
1768227862232935,52931,14550,42.0,129,0,0
1768227862235212,52931,14550,34.0,29,0,0
1768227862237337,52931,14550,34.0,137,0,0
1768227862239342,52931,14550,60.0,24,0,0
1768227862241859,52931,14550,53.0,124,0,0
1768227862244268,52931,14550,30.0,2,0,0
1768227862246963,52931,14550,64.0,164,0,0
1768227862249248,52931,14550,41.0,136,0,0
1768227862250798,52931,14550,41.0,193,0,0
1768227862252640,52931,14550,40.0,241,0,0
1768227862254213,52931,14550,61.0,147,0,0
1768227862255708,52931,14550,64.0,11030,0,0
1768227862443554,52931,14550,48.0,163,0,0
1768227862445086,52931,14550,44.0,178,0,0
1768227862447806,52931,14550,48.0,30,0,0
1768227862449353,52931,14550,48.0,33,0,0
1768227862450549,52931,14550,38.0,74,0,0
1768227862453592,52931,14550,51.0,1,0,0
1768227862456831,52931,14550,22.0,125,0,0
1768227862459552,52931,14550,27.0,152,0,0
1768227862460450,52931,14550,42.0,62,0,0
1768227862464033,52931,14550,25.0,42,0,0
1768227862467650,52931,14550,32.0,36,0,0
1768227862468517,52931,14550,62.0,65,0,0
1768227862470688,52931,14550,49.0,27,0,0
1768227862471717,52931,14550,44.0,116,0,0
1768227862472534,52931,14550,42.0,129,0,0
1768227862473682,52931,14550,34.0,29,0,0
1768227862474703,52931,14550,34.0,137,0,0
1768227862475625,52931,14550,60.0,24,0,0
1768227862477895,52931,14550,53.0,124,0,0
1768227862478977,52931,14550,30.0,2,0,0
1768227862479863,52931,14550,64.0,164,0,0
1768227862480714,52931,14550,41.0,136,0,0
1768227862481561,52931,14550,41.0,193,0,0
1768227862482644,52931,14550,40.0,241,0,0
1768227862483761,52931,14550,61.0,147,0,0
1768227862484648,52931,14550,64.0,11030,0,0
1768227862612176,5760,58419,,264,1,0
1768227862612987,52931,14550,46.0,264,0,0
1768227862659966,58419,5760,,0,1,0
1768227862660444,58419,5760,,76,1,0
1768227862665668,5760,58419,,77,1,0
1768227862666360,52931,14550,30.0,77,0,0
1768227862694458,52931,14550,48.0,163,0,0
1768227862695516,52931,14550,44.0,178,0,0
1768227862697003,52931,14550,48.0,30,0,0
1768227862698996,52931,14550,48.0,33,0,0
1768227862701149,52931,14550,38.0,74,0,0
1768227862703049,52931,14550,51.0,1,0,0
1768227862705634,52931,14550,22.0,125,0,0
1768227862707027,52931,14550,27.0,152,0,0
1768227862708045,52931,14550,42.0,62,0,0
1768227862709450,52931,14550,25.0,42,0,0
1768227862710642,52931,14550,32.0,36,0,0
1768227862711693,52931,14550,62.0,65,0,0
1768227862712946,52931,14550,49.0,27,0,0
1768227862714401,52931,14550,44.0,116,0,0
1768227862715601,52931,14550,42.0,129,0,0
1768227862716623,52931,14550,34.0,29,0,0
1768227862717766,52931,14550,34.0,137,0,0
1768227862718855,52931,14550,60.0,24,0,0
1768227862720662,52931,14550,53.0,124,0,0
1768227862722310,52931,14550,30.0,2,0,0
1768227862723645,52931,14550,64.0,164,0,0
1768227862724750,52931,14550,42.0,136,0,0
1768227862725833,52931,14550,41.0,193,0,0
1768227862727028,52931,14550,40.0,241,0,0
1768227862728282,52931,14550,61.0,147,0,0
1768227862729358,52931,14550,64.0,11030,0,0
1768227862950940,52931,14550,48.0,163,0,0
1768227862953388,52931,14550,44.0,178,0,0
1768227862958028,52931,14550,48.0,30,0,0
1768227862963682,52931,14550,48.0,33,0,0
1768227862965834,52931,14550,38.0,74,0,0
1768227862969570,52931,14550,51.0,1,0,0
1768227862976801,52931,14550,22.0,125,0,0
1768227862980766,52931,14550,27.0,152,0,0
1768227862983909,52931,14550,42.0,62,0,0
1768227862988158,52931,14550,25.0,42,0,0
1768227862991624,52931,14550,32.0,36,0,0
1768227862993534,52931,14550,62.0,65,0,0
1768227862996532,52931,14550,49.0,27,0,0
1768227862998444,52931,14550,44.0,116,0,0
1768227863000459,52931,14550,42.0,129,0,0
1768227863002333,52931,14550,34.0,29,0,0
1768227863005737,52931,14550,34.0,137,0,0
1768227863008305,52931,14550,60.0,24,0,0
1768227863012977,52931,14550,53.0,124,0,0
1768227863016368,52931,14550,30.0,2,0,0
1768227863018035,52931,14550,64.0,164,0,0
1768227863021053,52931,14550,42.0,136,0,0
1768227863022346,5760,58419,,0,1,0
1768227863023309,52931,14550,41.0,193,0,0
1768227863026503,52931,14550,40.0,241,0,0
1768227863028374,52931,14550,61.0,147,0,0
1768227863031818,52931,14550,64.0,11030,0,0
1768227863035979,52931,14550,29.0,0,0,0
1768227863111567,5760,58419,,264,1,0
1768227863112700,52931,14550,46.0,264,0,0
1768227863202726,52931,14550,48.0,163,0,0
1768227863204662,52931,14550,44.0,178,0,0
1768227863207747,52931,14550,48.0,30,0,0
1768227863210423,52931,14550,48.0,33,0,0
1768227863212427,52931,14550,38.0,74,0,0
1768227863215642,52931,14550,51.0,1,0,0
1768227863219234,52931,14550,22.0,125,0,0
1768227863221526,52931,14550,27.0,152,0,0
1768227863223175,52931,14550,42.0,62,0,0
1768227863225807,52931,14550,25.0,42,0,0
1768227863228221,52931,14550,32.0,36,0,0
1768227863230161,52931,14550,62.0,65,0,0
1768227863232073,52931,14550,49.0,27,0,0
1768227863233863,52931,14550,44.0,116,0,0
1768227863235789,52931,14550,42.0,129,0,0
1768227863237692,52931,14550,34.0,29,0,0
1768227863239493,52931,14550,34.0,137,0,0
1768227863241260,52931,14550,60.0,24,0,0
1768227863243908,52931,14550,53.0,124,0,0
1768227863246085,52931,14550,30.0,2,0,0
1768227863247650,52931,14550,64.0,164,0,0
1768227863249097,52931,14550,42.0,136,0,0
1768227863250557,52931,14550,41.0,193,0,0
1768227863252402,52931,14550,40.0,241,0,0
1768227863254684,52931,14550,61.0,147,0,0
1768227863256810,52931,14550,64.0,11030,0,0
1768227863450304,52931,14550,48.0,163,0,0
1768227863453102,52931,14550,44.0,178,0,0
1768227863456521,52931,14550,48.0,30,0,0
1768227863460645,52931,14550,48.0,33,0,0
1768227863463070,52931,14550,38.0,74,0,0
1768227863466908,52931,14550,51.0,1,0,0
1768227863476142,52931,14550,22.0,125,0,0
1768227863481218,52931,14550,27.0,152,0,0
1768227863484779,52931,14550,42.0,62,0,0
1768227863487886,52931,14550,25.0,42,0,0
1768227863490763,52931,14550,32.0,36,0,0
1768227863493122,52931,14550,62.0,65,0,0
1768227863495876,52931,14550,49.0,27,0,0
1768227863498186,52931,14550,44.0,116,0,0
1768227863503106,52931,14550,42.0,129,0,0
1768227863506591,52931,14550,34.0,29,0,0
1768227863508786,52931,14550,34.0,137,0,0
1768227863512639,52931,14550,60.0,24,0,0
1768227863517784,52931,14550,53.0,124,0,0
1768227863520223,52931,14550,30.0,2,0,0
1768227863522749,52931,14550,64.0,164,0,0
1768227863525702,52931,14550,42.0,136,0,0
1768227863530134,52931,14550,41.0,193,0,0
1768227863533060,52931,14550,40.0,241,0,0
1768227863536427,52931,14550,61.0,147,0,0
1768227863539738,52931,14550,64.0,11030,0,0
1768227863617686,5760,58419,,264,1,0
1768227863618985,52931,14550,46.0,264,0,0
1768227863668591,58419,5760,,0,1,0
1768227863702126,52931,14550,48.0,163,0,0
1768227863704621,52931,14550,44.0,178,0,0
1768227863707796,52931,14550,48.0,30,0,0
1768227863710603,52931,14550,48.0,33,0,0
1768227863713063,52931,14550,38.0,74,0,0
1768227863717224,52931,14550,51.0,1,0,0
1768227863721458,52931,14550,22.0,125,0,0
1768227863723549,52931,14550,27.0,152,0,0
1768227863725236,52931,14550,42.0,62,0,0
1768227863727839,52931,14550,25.0,42,0,0
1768227863730801,52931,14550,32.0,36,0,0
1768227863732825,52931,14550,62.0,65,0,0
1768227863735033,52931,14550,49.0,27,0,0
1768227863737268,52931,14550,44.0,116,0,0
1768227863739322,52931,14550,42.0,129,0,0
1768227863741478,52931,14550,34.0,29,0,0
1768227863743626,52931,14550,34.0,137,0,0
1768227863745848,52931,14550,60.0,24,0,0
1768227863748239,52931,14550,53.0,124,0,0
1768227863750842,52931,14550,30.0,2,0,0
1768227863753217,52931,14550,64.0,164,0,0
1768227863754801,52931,14550,42.0,136,0,0
1768227863757095,52931,14550,41.0,193,0,0
1768227863759503,52931,14550,40.0,241,0,0
1768227863762402,52931,14550,61.0,147,0,0
1768227863765159,52931,14550,64.0,11030,0,0
1768227863953457,52931,14550,48.0,163,0,0
1768227863954477,52931,14550,44.0,178,0,0
1768227863955135,52931,14550,48.0,30,0,0
1768227863956266,52931,14550,48.0,33,0,0
1768227863957034,52931,14550,38.0,74,0,0
1768227863958845,52931,14550,51.0,1,0,0
1768227863962545,52931,14550,22.0,125,0,0
1768227863966604,52931,14550,27.0,152,0,0
1768227863968103,52931,14550,42.0,62,0,0
1768227863972838,52931,14550,25.0,42,0,0
1768227863974726,52931,14550,32.0,36,0,0
1768227863977218,52931,14550,62.0,65,0,0
1768227863978789,52931,14550,49.0,27,0,0
1768227863981321,52931,14550,44.0,116,0,0
1768227863983043,52931,14550,42.0,129,0,0
1768227863985725,52931,14550,34.0,29,0,0
1768227863988120,52931,14550,34.0,137,0,0
1768227863989709,52931,14550,60.0,24,0,0
1768227863992356,52931,14550,53.0,124,0,0
1768227863993724,52931,14550,30.0,2,0,0
1768227863996060,52931,14550,64.0,164,0,0
1768227863997332,52931,14550,42.0,136,0,0
1768227863998952,52931,14550,41.0,193,0,0
1768227864001058,52931,14550,40.0,241,0,0
1768227864004350,52931,14550,61.0,147,0,0
1768227864006005,52931,14550,64.0,11030,0,0
1768227864025653,5760,58419,,0,1,0
1768227864026704,52931,14550,29.0,0,0,0
1768227864123683,5760,58419,,264,1,0
1768227864124503,52931,14550,46.0,264,0,0
1768227864207446,52931,14550,48.0,163,0,0
1768227864209267,52931,14550,44.0,178,0,0
1768227864210714,52931,14550,48.0,30,0,0
1768227864213045,52931,14550,48.0,33,0,0
1768227864214918,52931,14550,38.0,74,0,0
1768227864216967,52931,14550,51.0,1,0,0
1768227864219454,52931,14550,22.0,125,0,0
1768227864220881,52931,14550,27.0,152,0,0
1768227864221994,52931,14550,42.0,62,0,0
1768227864223609,52931,14550,25.0,42,0,0
1768227864225106,52931,14550,32.0,36,0,0
1768227864226255,52931,14550,62.0,65,0,0
1768227864227476,52931,14550,49.0,27,0,0
1768227864228604,52931,14550,44.0,116,0,0
1768227864229723,52931,14550,42.0,129,0,0
1768227864230887,52931,14550,34.0,29,0,0
1768227864232074,52931,14550,34.0,137,0,0
1768227864233162,52931,14550,60.0,24,0,0
1768227864234438,52931,14550,53.0,124,0,0
1768227864235552,52931,14550,30.0,2,0,0
1768227864236598,52931,14550,64.0,164,0,0
1768227864237931,52931,14550,42.0,136,0,0
1768227864239129,52931,14550,41.0,193,0,0
1768227864240314,52931,14550,40.0,241,0,0
1768227864241477,52931,14550,61.0,147,0,0
1768227864242576,52931,14550,64.0,11030,0,0
1768227864453217,52931,14550,48.0,163,0,0
1768227864454687,52931,14550,44.0,178,0,0
1768227864455841,52931,14550,48.0,30,0,0
1768227864457967,52931,14550,48.0,33,0,0
1768227864458995,52931,14550,38.0,74,0,0
1768227864462763,52931,14550,51.0,1,0,0
1768227864466564,52931,14550,22.0,125,0,0
1768227864468763,52931,14550,27.0,152,0,0
1768227864469708,52931,14550,42.0,62,0,0
1768227864472344,52931,14550,25.0,42,0,0
1768227864474326,52931,14550,32.0,36,0,0
1768227864475905,52931,14550,62.0,65,0,0
1768227864478435,52931,14550,49.0,27,0,0
1768227864479646,52931,14550,44.0,116,0,0
1768227864483040,52931,14550,42.0,129,0,0
1768227864484253,52931,14550,34.0,29,0,0
1768227864485889,52931,14550,34.0,137,0,0
1768227864487811,52931,14550,60.0,24,0,0
1768227864489261,52931,14550,53.0,124,0,0
1768227864490851,52931,14550,30.0,2,0,0
1768227864492395,52931,14550,64.0,164,0,0
1768227864494188,52931,14550,42.0,136,0,0
1768227864495441,52931,14550,41.0,193,0,0
1768227864498183,52931,14550,40.0,241,0,0
1768227864499422,52931,14550,61.0,147,0,0
1768227864500771,52931,14550,64.0,11030,0,0
1768227864625142,5760,58419,,264,1,0
1768227864626111,52931,14550,46.0,264,0,0
1768227864661682,58419,5760,,76,1,0
1768227864662345,5760,58419,,77,1,0
1768227864663256,52931,14550,30.0,77,0,0
1768227864677885,58419,5760,,0,1,0
1768227864707124,52931,14550,48.0,163,0,0
1768227864709727,52931,14550,44.0,178,0,0
1768227864711128,52931,14550,48.0,30,0,0
1768227864713977,52931,14550,48.0,33,0,0
1768227864715570,52931,14550,38.0,74,0,0
1768227864717785,52931,14550,51.0,1,0,0
1768227864720496,52931,14550,22.0,125,0,0
1768227864722738,52931,14550,27.0,152,0,0
1768227864724119,52931,14550,42.0,62,0,0
1768227864725785,52931,14550,25.0,42,0,0
1768227864727626,52931,14550,32.0,36,0,0
1768227864728759,52931,14550,62.0,65,0,0
1768227864730536,52931,14550,49.0,27,0,0
1768227864732063,52931,14550,44.0,116,0,0
1768227864733678,52931,14550,42.0,129,0,0
1768227864735187,52931,14550,34.0,29,0,0
1768227864736876,52931,14550,34.0,137,0,0
1768227864738267,52931,14550,60.0,24,0,0
1768227864740097,52931,14550,53.0,124,0,0
1768227864742758,52931,14550,30.0,2,0,0
1768227864744098,52931,14550,64.0,164,0,0
1768227864745568,52931,14550,42.0,136,0,0
1768227864747663,52931,14550,41.0,193,0,0
1768227864750933,52931,14550,40.0,241,0,0
1768227864753512,52931,14550,61.0,147,0,0
1768227864755056,52931,14550,64.0,11030,0,0
1768227864958270,52931,14550,48.0,163,0,0
1768227864960813,52931,14550,44.0,178,0,0
1768227864962781,52931,14550,48.0,30,0,0
1768227864964191,52931,14550,48.0,33,0,0
1768227864965987,52931,14550,38.0,74,0,0
1768227864968383,52931,14550,51.0,1,0,0
1768227864971483,52931,14550,22.0,125,0,0
1768227864973746,52931,14550,27.0,152,0,0
1768227864974980,52931,14550,42.0,62,0,0
1768227864976741,52931,14550,25.0,42,0,0
1768227864978593,52931,14550,32.0,36,0,0
1768227864980249,52931,14550,62.0,65,0,0
1768227864981776,52931,14550,49.0,27,0,0
1768227864983203,52931,14550,44.0,116,0,0
1768227864984515,52931,14550,42.0,129,0,0
1768227864985867,52931,14550,34.0,29,0,0
1768227864987185,52931,14550,34.0,137,0,0
1768227864988525,52931,14550,60.0,24,0,0
1768227864990147,52931,14550,53.0,124,0,0
1768227864992053,52931,14550,30.0,2,0,0
1768227864993418,52931,14550,64.0,164,0,0
1768227864994841,52931,14550,42.0,136,0,0
1768227864996236,52931,14550,41.0,193,0,0
1768227864997773,52931,14550,40.0,241,0,0
1768227864999303,52931,14550,61.0,147,0,0
1768227865000685,52931,14550,64.0,11030,0,0
1768227865033019,5760,58419,,0,1,0
1768227865034132,52931,14550,29.0,0,0,0
1768227865125751,5760,58419,,264,1,0
1768227865126919,52931,14550,46.0,264,0,0
1768227865209085,52931,14550,48.0,163,0,0
1768227865211740,52931,14550,44.0,178,0,0
1768227865214983,52931,14550,48.0,30,0,0
1768227865217680,52931,14550,48.0,33,0,0
1768227865219899,52931,14550,38.0,74,0,0
1768227865224132,52931,14550,51.0,1,0,0
1768227865228136,52931,14550,22.0,125,0,0
1768227865230869,52931,14550,27.0,152,0,0
1768227865232762,52931,14550,42.0,62,0,0
1768227865236056,52931,14550,25.0,42,0,0
1768227865238268,52931,14550,32.0,36,0,0
1768227865240510,52931,14550,62.0,65,0,0
1768227865243233,52931,14550,49.0,27,0,0
1768227865245338,52931,14550,44.0,116,0,0
1768227865247030,52931,14550,42.0,129,0,0
1768227865249833,52931,14550,34.0,29,0,0
1768227865251764,52931,14550,34.0,137,0,0
1768227865253289,52931,14550,60.0,24,0,0
1768227865255495,52931,14550,53.0,124,0,0
1768227865258627,52931,14550,30.0,2,0,0
1768227865261034,52931,14550,64.0,164,0,0
1768227865263097,52931,14550,42.0,136,0,0
1768227865265075,52931,14550,41.0,193,0,0
1768227865267562,52931,14550,40.0,241,0,0
1768227865269370,52931,14550,61.0,147,0,0
1768227865271316,52931,14550,64.0,11030,0,0
1768227865461516,52931,14550,48.0,163,0,0
1768227865465984,52931,14550,44.0,178,0,0
1768227865468697,52931,14550,48.0,30,0,0
1768227865473051,52931,14550,48.0,33,0,0
1768227865480217,52931,14550,38.0,74,0,0
1768227865485394,52931,14550,51.0,1,0,0
1768227865490829,52931,14550,22.0,125,0,0
1768227865495852,52931,14550,27.0,152,0,0
1768227865499062,52931,14550,42.0,62,0,0
1768227865503497,52931,14550,25.0,42,0,0
1768227865507251,52931,14550,32.0,36,0,0
1768227865509901,52931,14550,62.0,65,0,0
1768227865513317,52931,14550,49.0,27,0,0
1768227865515435,52931,14550,44.0,116,0,0
1768227865517755,52931,14550,42.0,129,0,0
1768227865519713,52931,14550,34.0,29,0,0
1768227865523508,52931,14550,34.0,137,0,0
1768227865526732,52931,14550,60.0,24,0,0
1768227865531363,52931,14550,53.0,124,0,0
1768227865535362,52931,14550,30.0,2,0,0
1768227865536837,52931,14550,64.0,164,0,0
1768227865541388,52931,14550,42.0,136,0,0
1768227865546102,52931,14550,41.0,193,0,0
1768227865550442,52931,14550,40.0,241,0,0
1768227865552923,52931,14550,61.0,147,0,0
1768227865555247,52931,14550,64.0,11030,0,0
1768227865625391,5760,58419,,264,1,0
1768227865626814,52931,14550,46.0,264,0,0
1768227865678248,58419,5760,,0,1,0
1768227865717050,52931,14550,48.0,163,0,0
1768227865720820,52931,14550,44.0,178,0,0
1768227865724027,52931,14550,48.0,30,0,0
1768227865727272,52931,14550,48.0,33,0,0
1768227865729503,52931,14550,38.0,74,0,0
1768227865733999,52931,14550,51.0,1,0,0
1768227865738578,52931,14550,22.0,125,0,0
1768227865741370,52931,14550,27.0,152,0,0
1768227865743374,52931,14550,42.0,62,0,0
1768227865747077,52931,14550,25.0,42,0,0
1768227865751341,52931,14550,32.0,36,0,0
1768227865754086,52931,14550,62.0,65,0,0
1768227865756992,52931,14550,49.0,27,0,0
1768227865759771,52931,14550,44.0,116,0,0
1768227865762594,52931,14550,42.0,129,0,0
1768227865764880,52931,14550,34.0,29,0,0
1768227865767341,52931,14550,34.0,137,0,0
1768227865769483,52931,14550,60.0,24,0,0
1768227865772060,52931,14550,53.0,124,0,0
1768227865774775,52931,14550,30.0,2,0,0
1768227865777138,52931,14550,64.0,164,0,0
1768227865780706,52931,14550,42.0,136,0,0
1768227865783099,52931,14550,41.0,193,0,0
1768227865785598,52931,14550,40.0,241,0,0
1768227865787858,52931,14550,61.0,147,0,0
1768227865789891,52931,14550,64.0,11030,0,0
1768227865965784,52931,14550,48.0,163,0,0
1768227865970593,52931,14550,44.0,178,0,0
1768227865973730,52931,14550,48.0,30,0,0
1768227865977030,52931,14550,48.0,33,0,0
1768227865981325,52931,14550,38.0,74,0,0
1768227865987958,52931,14550,51.0,1,0,0
1768227865996413,52931,14550,22.0,125,0,0
1768227866001427,52931,14550,27.0,152,0,0
1768227866003925,52931,14550,42.0,62,0,0
1768227866009929,52931,14550,25.0,42,0,0
1768227866013061,52931,14550,32.0,36,0,0
1768227866016783,52931,14550,62.0,65,0,0
1768227866021441,52931,14550,49.0,27,0,0
1768227866023646,52931,14550,44.0,116,0,0
1768227866025741,52931,14550,42.0,129,0,0
1768227866030293,52931,14550,34.0,29,0,0
1768227866033346,52931,14550,34.0,137,0,0
1768227866034744,5760,58419,,0,1,0
1768227866036609,52931,14550,60.0,24,0,0
1768227866039740,52931,14550,53.0,124,0,0
1768227866045037,52931,14550,30.0,2,0,0
1768227866048318,52931,14550,64.0,164,0,0
1768227866051843,52931,14550,42.0,136,0,0
1768227866054557,52931,14550,41.0,193,0,0
1768227866056477,52931,14550,40.0,241,0,0
1768227866060284,52931,14550,61.0,147,0,0
1768227866062399,52931,14550,64.0,11030,0,0
1768227866066171,52931,14550,29.0,0,0,0
1768227866134149,5760,58419,,264,1,0
1768227866135361,52931,14550,46.0,264,0,0
1768227866217067,52931,14550,48.0,163,0,0
1768227866220160,52931,14550,44.0,178,0,0
1768227866223544,52931,14550,48.0,30,0,0
1768227866228128,52931,14550,48.0,33,0,0
1768227866230498,52931,14550,38.0,74,0,0
1768227866236051,52931,14550,51.0,1,0,0
1768227866239973,52931,14550,22.0,125,0,0
1768227866242822,52931,14550,27.0,152,0,0
1768227866245344,52931,14550,42.0,62,0,0
1768227866249088,52931,14550,25.0,42,0,0
1768227866259476,52931,14550,32.0,36,0,0
1768227866261583,52931,14550,62.0,65,0,0
1768227866263992,52931,14550,49.0,27,0,0
1768227866266529,52931,14550,44.0,116,0,0
1768227866268744,52931,14550,42.0,129,0,0
1768227866270742,52931,14550,34.0,29,0,0
1768227866272034,52931,14550,34.0,137,0,0
1768227866272779,52931,14550,60.0,24,0,0
1768227866273924,52931,14550,53.0,124,0,0
1768227866274525,52931,14550,30.0,2,0,0
1768227866275039,52931,14550,64.0,164,0,0
1768227866275655,52931,14550,42.0,136,0,0
1768227866276239,52931,14550,41.0,193,0,0
1768227866277118,52931,14550,40.0,241,0,0
1768227866277952,52931,14550,61.0,147,0,0
1768227866278586,52931,14550,64.0,11030,0,0
1768227866466387,52931,14550,48.0,163,0,0
1768227866469615,52931,14550,44.0,178,0,0
1768227866473665,52931,14550,48.0,30,0,0
1768227866476194,52931,14550,48.0,33,0,0
1768227866481226,52931,14550,38.0,74,0,0
1768227866485075,52931,14550,51.0,1,0,0
1768227866491109,52931,14550,22.0,125,0,0
1768227866493772,52931,14550,27.0,152,0,0
1768227866498452,52931,14550,42.0,62,0,0
1768227866504902,52931,14550,25.0,42,0,0
1768227866507552,52931,14550,32.0,36,0,0
1768227866510062,52931,14550,62.0,65,0,0
1768227866514553,52931,14550,49.0,27,0,0
1768227866517452,52931,14550,44.0,116,0,0
1768227866520264,52931,14550,42.0,129,0,0
1768227866522735,52931,14550,34.0,29,0,0
1768227866524817,52931,14550,34.0,137,0,0
1768227866526760,52931,14550,60.0,24,0,0
1768227866531899,52931,14550,53.0,124,0,0
1768227866535716,52931,14550,30.0,2,0,0
1768227866538717,52931,14550,64.0,164,0,0
1768227866541719,52931,14550,42.0,136,0,0
1768227866544037,52931,14550,41.0,193,0,0
1768227866548292,52931,14550,40.0,241,0,0
1768227866551193,52931,14550,61.0,147,0,0
1768227866553892,52931,14550,64.0,11030,0,0
1768227866635515,5760,58419,,264,1,0
1768227866637055,52931,14550,46.0,264,0,0
1768227866638705,58419,5760,,76,1,0
1768227866643534,5760,58419,,77,1,0
1768227866645168,52931,14550,30.0,77,0,0
1768227866671552,58419,5760,,76,1,0
1768227866676810,5760,58419,,77,1,0
1768227866678360,52931,14550,30.0,77,0,0
1768227866681862,58419,5760,,0,1,0
1768227866720741,52931,14550,48.0,163,0,0
1768227866724105,52931,14550,44.0,178,0,0
1768227866726091,52931,14550,48.0,30,0,0
1768227866728717,52931,14550,48.0,33,0,0
1768227866730696,52931,14550,38.0,74,0,0
1768227866734390,52931,14550,51.0,1,0,0
1768227866738109,52931,14550,22.0,125,0,0
1768227866740912,52931,14550,27.0,152,0,0
1768227866743133,52931,14550,42.0,62,0,0
1768227866745886,52931,14550,25.0,42,0,0
1768227866748747,52931,14550,32.0,36,0,0
1768227866751153,52931,14550,62.0,65,0,0
1768227866753522,52931,14550,49.0,27,0,0
1768227866755881,52931,14550,44.0,116,0,0
1768227866757739,52931,14550,42.0,129,0,0
1768227866759456,52931,14550,34.0,29,0,0
1768227866761714,52931,14550,34.0,137,0,0
1768227866763223,52931,14550,60.0,24,0,0
1768227866766458,52931,14550,53.0,124,0,0
1768227866769597,52931,14550,30.0,2,0,0
1768227866772884,52931,14550,64.0,164,0,0
1768227866775372,52931,14550,42.0,136,0,0
1768227866777787,52931,14550,41.0,193,0,0
1768227866780076,52931,14550,40.0,241,0,0
1768227866782967,52931,14550,61.0,147,0,0
1768227866785356,52931,14550,64.0,11030,0,0
1768227866973000,52931,14550,48.0,163,0,0
1768227866975943,52931,14550,44.0,178,0,0
1768227866978878,52931,14550,48.0,30,0,0
1768227866981804,52931,14550,48.0,33,0,0
1768227866983950,52931,14550,38.0,74,0,0
1768227866987995,52931,14550,51.0,1,0,0
1768227866996587,52931,14550,22.0,125,0,0
1768227866999709,52931,14550,27.0,152,0,0
1768227867005787,52931,14550,42.0,62,0,0
1768227867011870,52931,14550,25.0,42,0,0
1768227867016578,52931,14550,32.0,36,0,0
1768227867019016,52931,14550,62.0,65,0,0
1768227867021215,52931,14550,49.0,27,0,0
1768227867027458,52931,14550,44.0,116,0,0
1768227867030999,52931,14550,42.0,129,0,0
1768227867034307,52931,14550,34.0,29,0,0
1768227867037680,52931,14550,34.0,137,0,0
1768227867041178,52931,14550,60.0,24,0,0
1768227867042942,5760,58419,,0,1,0
1768227867045408,52931,14550,53.0,124,0,0
1768227867048165,52931,14550,30.0,2,0,0
1768227867051827,52931,14550,64.0,164,0,0
1768227867053872,52931,14550,42.0,136,0,0
1768227867057720,52931,14550,41.0,193,0,0
1768227867060786,52931,14550,40.0,241,0,0
1768227867063102,52931,14550,61.0,147,0,0
1768227867066049,52931,14550,64.0,11030,0,0
1768227867067961,58419,5760,,66,1,0
1768227867070368,52931,14550,29.0,0,0,0
1768227867138401,5760,58419,,264,1,0
1768227867139713,52931,14550,46.0,264,0,0
1768227867222567,52931,14550,48.0,163,0,0
1768227867226319,52931,14550,44.0,178,0,0
1768227867229446,52931,14550,48.0,30,0,0
1768227867233300,52931,14550,48.0,33,0,0
1768227867237395,52931,14550,38.0,74,0,0
1768227867240056,52931,14550,51.0,1,0,0
1768227867244060,52931,14550,22.0,125,0,0
1768227867247147,52931,14550,27.0,152,0,0
1768227867249083,52931,14550,42.0,62,0,0
1768227867251584,52931,14550,25.0,42,0,0
1768227867254158,52931,14550,32.0,36,0,0
1768227867256372,52931,14550,62.0,65,0,0
1768227867258421,52931,14550,49.0,27,0,0
1768227867260814,52931,14550,44.0,116,0,0
1768227867263875,52931,14550,42.0,129,0,0
1768227867266102,52931,14550,34.0,29,0,0
1768227867267742,52931,14550,34.0,137,0,0
1768227867270369,52931,14550,60.0,24,0,0
1768227867273110,52931,14550,53.0,124,0,0
1768227867275573,52931,14550,30.0,2,0,0
1768227867277726,52931,14550,64.0,164,0,0
1768227867280067,52931,14550,42.0,136,0,0
1768227867281962,52931,14550,41.0,193,0,0
1768227867283722,52931,14550,40.0,241,0,0
1768227867286324,52931,14550,61.0,147,0,0
1768227867288424,52931,14550,64.0,11030,0,0
1768227867478041,52931,14550,48.0,163,0,0
1768227867480396,52931,14550,44.0,178,0,0
1768227867482512,52931,14550,48.0,30,0,0
1768227867486277,52931,14550,48.0,33,0,0
1768227867489038,52931,14550,38.0,74,0,0
1768227867496142,52931,14550,51.0,1,0,0
1768227867502020,52931,14550,22.0,125,0,0
1768227867508256,52931,14550,27.0,152,0,0
1768227867510809,52931,14550,42.0,62,0,0
1768227867513909,52931,14550,25.0,42,0,0
1768227867517033,52931,14550,32.0,36,0,0
1768227867519806,52931,14550,62.0,65,0,0
1768227867522729,52931,14550,49.0,27,0,0
1768227867526010,52931,14550,44.0,116,0,0
1768227867528122,52931,14550,42.0,129,0,0
1768227867530328,52931,14550,34.0,29,0,0
1768227867532389,52931,14550,34.0,137,0,0
1768227867535985,52931,14550,60.0,24,0,0
1768227867539965,52931,14550,53.0,124,0,0
1768227867544191,52931,14550,30.0,2,0,0
1768227867549425,52931,14550,64.0,164,0,0
1768227867551941,52931,14550,42.0,136,0,0
1768227867553773,52931,14550,41.0,193,0,0
1768227867555965,52931,14550,40.0,241,0,0
1768227867559754,52931,14550,61.0,147,0,0
1768227867561947,52931,14550,64.0,11030,0,0
1768227867641137,5760,58419,,264,1,0
1768227867642426,52931,14550,46.0,264,0,0
1768227867692819,58419,5760,,0,1,0
1768227867726417,52931,14550,48.0,163,0,0
1768227867731173,52931,14550,44.0,178,0,0
1768227867733305,52931,14550,48.0,30,0,0
1768227867735732,52931,14550,48.0,33,0,0
1768227867737697,52931,14550,38.0,74,0,0
1768227867741376,52931,14550,51.0,1,0,0
1768227867746855,52931,14550,22.0,125,0,0
1768227867749165,52931,14550,27.0,152,0,0
1768227867750967,52931,14550,42.0,62,0,0
1768227867753775,52931,14550,25.0,42,0,0
1768227867756536,52931,14550,32.0,36,0,0
1768227867758489,52931,14550,62.0,65,0,0
1768227867760329,52931,14550,49.0,27,0,0
1768227867761802,52931,14550,44.0,116,0,0
1768227867763567,52931,14550,42.0,129,0,0
1768227867765562,52931,14550,34.0,29,0,0
1768227867767289,52931,14550,34.0,137,0,0
1768227867768765,52931,14550,60.0,24,0,0
1768227867770746,52931,14550,53.0,124,0,0
1768227867773365,52931,14550,30.0,2,0,0
1768227867775766,52931,14550,64.0,164,0,0
1768227867777944,52931,14550,42.0,136,0,0
1768227867780178,52931,14550,41.0,193,0,0
1768227867782355,52931,14550,40.0,241,0,0
1768227867784508,52931,14550,61.0,147,0,0
1768227867786582,52931,14550,64.0,11030,0,0
1768227867978519,52931,14550,48.0,163,0,0
1768227867980768,52931,14550,44.0,178,0,0
1768227867983556,52931,14550,48.0,30,0,0
1768227867988421,52931,14550,48.0,33,0,0
1768227867992344,52931,14550,38.0,74,0,0
1768227867998473,52931,14550,51.0,1,0,0
1768227868007439,52931,14550,22.0,125,0,0
1768227868012143,52931,14550,27.0,152,0,0
1768227868015537,52931,14550,42.0,62,0,0
1768227868020164,52931,14550,25.0,42,0,0
1768227868023298,52931,14550,32.0,36,0,0
1768227868025220,52931,14550,62.0,65,0,0
1768227868029730,52931,14550,49.0,27,0,0
1768227868032527,52931,14550,44.0,116,0,0
1768227868036011,52931,14550,42.0,129,0,0
1768227868038095,52931,14550,34.0,29,0,0
1768227868041735,52931,14550,34.0,137,0,0
1768227868045213,52931,14550,60.0,24,0,0
1768227868048974,52931,14550,53.0,124,0,0
1768227868049702,52931,14550,30.0,2,0,0
1768227868050598,52931,14550,64.0,164,0,0
1768227868051710,5760,58419,,0,1,0
1768227868051921,52931,14550,42.0,136,0,0
1768227868052700,52931,14550,41.0,193,0,0
1768227868054953,52931,14550,40.0,241,0,0
1768227868055891,52931,14550,61.0,147,0,0
1768227868056529,52931,14550,64.0,11030,0,0
1768227868057599,52931,14550,29.0,0,0,0
1768227868146574,5760,58419,,264,1,0
1768227868147395,52931,14550,46.0,264,0,0
1768227868231472,52931,14550,48.0,163,0,0
1768227868233390,52931,14550,44.0,178,0,0
1768227868234942,52931,14550,48.0,30,0,0
1768227868238156,52931,14550,48.0,33,0,0
1768227868240051,52931,14550,38.0,74,0,0
1768227868243745,52931,14550,51.0,1,0,0
1768227868247383,52931,14550,22.0,125,0,0
1768227868249246,52931,14550,27.0,152,0,0
1768227868250626,52931,14550,42.0,62,0,0
1768227868252550,52931,14550,25.0,42,0,0
1768227868254729,52931,14550,32.0,36,0,0
1768227868256051,52931,14550,62.0,65,0,0
1768227868257612,52931,14550,49.0,27,0,0
1768227868258910,52931,14550,44.0,116,0,0
1768227868260386,52931,14550,42.0,129,0,0
1768227868261895,52931,14550,34.0,29,0,0
1768227868263843,52931,14550,34.0,137,0,0
1768227868265381,52931,14550,60.0,24,0,0
1768227868267415,52931,14550,53.0,124,0,0
1768227868269333,52931,14550,30.0,2,0,0
1768227868270713,52931,14550,64.0,164,0,0
1768227868272069,52931,14550,42.0,136,0,0
1768227868273697,52931,14550,41.0,193,0,0
1768227868275347,52931,14550,40.0,241,0,0
1768227868276942,52931,14550,61.0,147,0,0
1768227868278641,52931,14550,64.0,11030,0,0
1768227868480142,52931,14550,48.0,163,0,0
1768227868484213,52931,14550,44.0,178,0,0
1768227868486354,52931,14550,48.0,30,0,0
1768227868491171,52931,14550,48.0,33,0,0
1768227868493343,52931,14550,38.0,74,0,0
1768227868497248,52931,14550,51.0,1,0,0
1768227868502659,52931,14550,22.0,125,0,0
1768227868505556,52931,14550,27.0,152,0,0
1768227868507935,52931,14550,42.0,62,0,0
1768227868510921,52931,14550,25.0,42,0,0
1768227868514728,52931,14550,32.0,36,0,0
1768227868517767,52931,14550,62.0,65,0,0
1768227868519801,52931,14550,49.0,27,0,0
1768227868524729,52931,14550,44.0,116,0,0
1768227868527443,52931,14550,42.0,129,0,0
1768227868532101,52931,14550,34.0,29,0,0
1768227868534187,52931,14550,34.0,137,0,0
1768227868536118,52931,14550,60.0,24,0,0
1768227868540762,52931,14550,53.0,124,0,0
1768227868543880,52931,14550,30.0,2,0,0
1768227868549084,52931,14550,64.0,164,0,0
1768227868552049,52931,14550,42.0,136,0,0
1768227868554809,52931,14550,41.0,193,0,0
1768227868557241,52931,14550,40.0,241,0,0
1768227868559341,52931,14550,61.0,147,0,0
1768227868563152,52931,14550,64.0,11030,0,0
1768227868651633,5760,58419,,264,1,0
1768227868652923,52931,14550,46.0,264,0,0
1768227868678635,58419,5760,,76,1,0
1768227868685584,5760,58419,,77,1,0
1768227868686871,52931,14550,30.0,77,0,0
1768227868702071,58419,5760,,0,1,0
1768227868730701,52931,14550,48.0,163,0,0
1768227868733091,52931,14550,44.0,178,0,0
1768227868737170,52931,14550,48.0,30,0,0
1768227868741593,52931,14550,48.0,33,0,0
1768227868744804,52931,14550,38.0,74,0,0
1768227868747997,52931,14550,51.0,1,0,0
1768227868751574,52931,14550,22.0,125,0,0
1768227868754817,52931,14550,27.0,152,0,0
1768227868757421,52931,14550,42.0,62,0,0
1768227868760363,52931,14550,25.0,42,0,0
1768227868763199,52931,14550,32.0,36,0,0
1768227868765434,52931,14550,62.0,65,0,0
1768227868768548,52931,14550,49.0,27,0,0
1768227868771133,52931,14550,44.0,116,0,0
1768227868773759,52931,14550,42.0,129,0,0
1768227868776432,52931,14550,34.0,29,0,0
1768227868778914,52931,14550,34.0,137,0,0
1768227868782233,52931,14550,60.0,24,0,0
1768227868786812,52931,14550,53.0,124,0,0
1768227868790655,52931,14550,30.0,2,0,0
1768227868793809,52931,14550,64.0,164,0,0
1768227868795805,52931,14550,42.0,136,0,0
1768227868797921,52931,14550,41.0,193,0,0
1768227868800728,52931,14550,40.0,241,0,0
1768227868802781,52931,14550,61.0,147,0,0
1768227868805065,52931,14550,64.0,11030,0,0
1768227868987541,52931,14550,48.0,163,0,0
1768227868991728,52931,14550,44.0,178,0,0
1768227868993459,52931,14550,48.0,30,0,0
1768227868998247,52931,14550,48.0,33,0,0
1768227869000057,52931,14550,38.0,74,0,0
1768227869005078,52931,14550,51.0,1,0,0
1768227869013347,52931,14550,22.0,125,0,0
1768227869018041,52931,14550,27.0,152,0,0
1768227869020961,52931,14550,42.0,62,0,0
1768227869025061,52931,14550,25.0,42,0,0
1768227869028269,52931,14550,32.0,36,0,0
1768227869034129,52931,14550,62.0,65,0,0
1768227869037246,52931,14550,49.0,27,0,0
1768227869039362,52931,14550,44.0,116,0,0
1768227869042087,52931,14550,42.0,129,0,0
1768227869045547,52931,14550,34.0,29,0,0
1768227869051245,52931,14550,34.0,137,0,0
1768227869053210,52931,14550,60.0,24,0,0
1768227869056603,52931,14550,53.0,124,0,0
1768227869057099,5760,58419,,0,1,0
1768227869059266,52931,14550,30.0,2,0,0
1768227869062230,52931,14550,64.0,164,0,0
1768227869066101,52931,14550,42.0,136,0,0
1768227869068932,52931,14550,41.0,193,0,0
1768227869073031,52931,14550,40.0,241,0,0
1768227869075218,52931,14550,61.0,147,0,0
1768227869077684,52931,14550,64.0,11030,0,0
1768227869084306,52931,14550,29.0,0,0,0
1768227869149587,5760,58419,,264,1,0
1768227869150914,52931,14550,46.0,264,0,0
1768227869240222,52931,14550,48.0,163,0,0
1768227869244181,52931,14550,44.0,178,0,0
1768227869247209,52931,14550,48.0,30,0,0
1768227869250300,52931,14550,48.0,33,0,0
1768227869252534,52931,14550,38.0,74,0,0
1768227869256381,52931,14550,51.0,1,0,0
1768227869259705,52931,14550,22.0,125,0,0
1768227869262597,52931,14550,27.0,152,0,0
1768227869264148,52931,14550,42.0,62,0,0
1768227869267354,52931,14550,25.0,42,0,0
1768227869270217,52931,14550,32.0,36,0,0
1768227869272207,52931,14550,62.0,65,0,0
1768227869274308,52931,14550,49.0,27,0,0
1768227869276459,52931,14550,44.0,116,0,0
1768227869278615,52931,14550,42.0,129,0,0
1768227869280668,52931,14550,34.0,29,0,0
1768227869282966,52931,14550,34.0,137,0,0
1768227869284854,52931,14550,60.0,24,0,0
1768227869287525,52931,14550,53.0,124,0,0
1768227869289495,52931,14550,30.0,2,0,0
1768227869291506,52931,14550,64.0,164,0,0
1768227869294540,52931,14550,42.0,136,0,0
1768227869296601,52931,14550,41.0,193,0,0
1768227869299132,52931,14550,40.0,241,0,0
1768227869301238,52931,14550,61.0,147,0,0
1768227869303409,52931,14550,64.0,11030,0,0
1768227869489945,52931,14550,48.0,163,0,0
1768227869492449,52931,14550,44.0,178,0,0
1768227869495243,52931,14550,48.0,30,0,0
1768227869499320,52931,14550,48.0,33,0,0
1768227869501326,52931,14550,38.0,74,0,0
1768227869507669,52931,14550,51.0,1,0,0
1768227869515256,52931,14550,22.0,125,0,0
1768227869517836,52931,14550,27.0,152,0,0
1768227869522129,52931,14550,42.0,62,0,0
1768227869526747,52931,14550,25.0,42,0,0
1768227869531368,52931,14550,32.0,36,0,0
1768227869534518,52931,14550,62.0,65,0,0
1768227869538949,52931,14550,49.0,27,0,0
1768227869543010,52931,14550,44.0,116,0,0
1768227869545301,52931,14550,42.0,129,0,0
1768227869548854,52931,14550,34.0,29,0,0
1768227869551996,52931,14550,34.0,137,0,0
1768227869555047,52931,14550,60.0,24,0,0
1768227869559731,52931,14550,53.0,124,0,0
1768227869564623,52931,14550,30.0,2,0,0
1768227869569184,52931,14550,64.0,164,0,0
1768227869571640,52931,14550,42.0,136,0,0
1768227869573995,52931,14550,41.0,193,0,0
1768227869576292,52931,14550,40.0,241,0,0
1768227869580110,52931,14550,61.0,147,0,0
1768227869583002,52931,14550,64.0,11030,0,0
1768227869652782,5760,58419,,264,1,0
1768227869654059,52931,14550,46.0,264,0,0
1768227869713664,58419,5760,,0,1,0
1768227869741135,52931,14550,48.0,163,0,0
1768227869743497,52931,14550,44.0,178,0,0
1768227869746194,52931,14550,48.0,30,0,0
1768227869749566,52931,14550,48.0,33,0,0
1768227869751680,52931,14550,38.0,74,0,0
1768227869755458,52931,14550,51.0,1,0,0
1768227869758671,52931,14550,22.0,125,0,0
1768227869761471,52931,14550,27.0,152,0,0
1768227869763403,52931,14550,42.0,62,0,0
1768227869766301,52931,14550,25.0,42,0,0
1768227869768934,52931,14550,32.0,36,0,0
1768227869770927,52931,14550,62.0,65,0,0
1768227869773266,52931,14550,49.0,27,0,0
1768227869775894,52931,14550,44.0,116,0,0
1768227869777949,52931,14550,42.0,129,0,0
1768227869779801,52931,14550,34.0,29,0,0
1768227869781586,52931,14550,34.0,137,0,0
1768227869783925,52931,14550,60.0,24,0,0
1768227869786289,52931,14550,53.0,124,0,0
1768227869789620,52931,14550,30.0,2,0,0
1768227869792329,52931,14550,64.0,164,0,0
1768227869794419,52931,14550,42.0,136,0,0
1768227869796145,52931,14550,41.0,193,0,0
1768227869798863,52931,14550,40.0,241,0,0
1768227869801783,52931,14550,61.0,147,0,0
1768227869804205,52931,14550,64.0,11030,0,0
1768227869991093,52931,14550,48.0,163,0,0
1768227869994322,52931,14550,44.0,178,0,0
1768227869997749,52931,14550,48.0,30,0,0
1768227870001156,52931,14550,48.0,33,0,0
1768227870003729,52931,14550,38.0,74,0,0
1768227870006895,52931,14550,51.0,1,0,0
1768227870015578,52931,14550,22.0,125,0,0
1768227870022397,52931,14550,27.0,152,0,0
1768227870024486,52931,14550,42.0,62,0,0
1768227870027848,52931,14550,25.0,42,0,0
1768227870031603,52931,14550,32.0,36,0,0
1768227870034728,52931,14550,62.0,65,0,0
1768227870036732,52931,14550,49.0,27,0,0
1768227870039454,52931,14550,44.0,116,0,0
1768227870041274,52931,14550,42.0,129,0,0
1768227870045547,52931,14550,34.0,29,0,0
1768227870048164,52931,14550,34.0,137,0,0
1768227870050702,52931,14550,60.0,24,0,0
1768227870055402,52931,14550,53.0,124,0,0
1768227870058895,52931,14550,30.0,2,0,0
1768227870061182,52931,14550,64.0,164,0,0
1768227870063389,52931,14550,42.0,136,0,0
1768227870065284,5760,58419,,0,1,0
1768227870066879,52931,14550,41.0,193,0,0
1768227870072760,52931,14550,40.0,241,0,0
1768227870075749,52931,14550,61.0,147,0,0
1768227870077955,52931,14550,64.0,11030,0,0
1768227870084565,52931,14550,29.0,0,0,0
1768227870162828,5760,58419,,264,1,0
1768227870164202,52931,14550,46.0,264,0,0
1768227870246386,52931,14550,48.0,163,0,0
1768227870249985,52931,14550,44.0,178,0,0
1768227870252392,52931,14550,48.0,30,0,0
1768227870256673,52931,14550,48.0,33,0,0
1768227870261008,52931,14550,38.0,74,0,0
1768227870267194,52931,14550,51.0,1,0,0
1768227870272452,52931,14550,22.0,125,0,0
1768227870275491,52931,14550,27.0,152,0,0
1768227870278565,52931,14550,42.0,62,0,0
1768227870282096,52931,14550,25.0,42,0,0
1768227870284831,52931,14550,32.0,36,0,0
1768227870287272,52931,14550,62.0,65,0,0
1768227870289407,52931,14550,49.0,27,0,0
1768227870291619,52931,14550,44.0,116,0,0
1768227870294331,52931,14550,42.0,129,0,0
1768227870296911,52931,14550,34.0,29,0,0
1768227870298858,52931,14550,34.0,137,0,0
1768227870301135,52931,14550,60.0,24,0,0
1768227870303732,52931,14550,53.0,124,0,0
1768227870306582,52931,14550,30.0,2,0,0
1768227870308215,52931,14550,64.0,164,0,0
1768227870310816,52931,14550,42.0,136,0,0
1768227870312991,52931,14550,41.0,193,0,0
1768227870315431,52931,14550,40.0,241,0,0
1768227870317250,52931,14550,61.0,147,0,0
1768227870319399,52931,14550,64.0,11030,0,0
1768227870496703,52931,14550,48.0,163,0,0
1768227870500318,52931,14550,44.0,178,0,0
1768227870503522,52931,14550,48.0,30,0,0
1768227870507489,52931,14550,48.0,33,0,0
1768227870511142,52931,14550,38.0,74,0,0
1768227870516125,52931,14550,51.0,1,0,0
1768227870523369,52931,14550,22.0,125,0,0
1768227870528939,52931,14550,27.0,152,0,0
1768227870531702,52931,14550,42.0,62,0,0
1768227870534760,52931,14550,25.0,42,0,0
1768227870538498,52931,14550,32.0,36,0,0
1768227870540481,52931,14550,62.0,65,0,0
1768227870544977,52931,14550,49.0,27,0,0
1768227870549561,52931,14550,44.0,116,0,0
1768227870551786,52931,14550,42.0,129,0,0
1768227870554374,52931,14550,34.0,29,0,0
1768227870556576,52931,14550,34.0,137,0,0
1768227870559853,52931,14550,60.0,24,0,0
1768227870562582,52931,14550,53.0,124,0,0
1768227870566341,52931,14550,30.0,2,0,0
1768227870568232,52931,14550,64.0,164,0,0
1768227870570111,52931,14550,42.0,136,0,0
1768227870572086,52931,14550,41.0,193,0,0
1768227870575027,52931,14550,40.0,241,0,0
1768227870578575,52931,14550,61.0,147,0,0
1768227870581823,52931,14550,64.0,11030,0,0
1768227870661592,5760,58419,,264,1,0
1768227870662922,52931,14550,46.0,264,0,0
1768227870687945,58419,5760,,76,1,0
1768227870693366,5760,58419,,77,1,0
1768227870694517,52931,14550,30.0,77,0,0
1768227870719939,58419,5760,,0,1,0
1768227870750801,52931,14550,48.0,163,0,0
1768227870755328,52931,14550,44.0,178,0,0
1768227870757447,52931,14550,48.0,30,0,0
1768227870762289,52931,14550,48.0,33,0,0
1768227870765412,52931,14550,38.0,74,0,0
1768227870770535,52931,14550,51.0,1,0,0
1768227870775020,52931,14550,22.0,125,0,0
1768227870778104,52931,14550,27.0,152,0,0
1768227870781233,52931,14550,42.0,62,0,0
1768227870784949,52931,14550,25.0,42,0,0
1768227870788091,52931,14550,32.0,36,0,0
1768227870790206,52931,14550,62.0,65,0,0
1768227870792010,52931,14550,49.0,27,0,0
1768227870793738,52931,14550,44.0,116,0,0
1768227870795812,52931,14550,42.0,129,0,0
1768227870798344,52931,14550,34.0,29,0,0
1768227870800085,52931,14550,34.0,137,0,0
1768227870801996,52931,14550,60.0,24,0,0
1768227870804715,52931,14550,53.0,124,0,0
1768227870807190,52931,14550,30.0,2,0,0
1768227870809356,52931,14550,64.0,164,0,0
1768227870811135,52931,14550,42.0,136,0,0
1768227870813272,52931,14550,41.0,193,0,0
1768227870815647,52931,14550,40.0,241,0,0
1768227870817237,52931,14550,61.0,147,0,0
1768227870819429,52931,14550,64.0,11030,0,0
1768227871002223,52931,14550,48.0,163,0,0
1768227871005942,52931,14550,44.0,178,0,0
1768227871008196,52931,14550,48.0,30,0,0
1768227871013385,52931,14550,48.0,33,0,0
1768227871017111,52931,14550,38.0,74,0,0
1768227871024007,52931,14550,51.0,1,0,0
1768227871029232,52931,14550,22.0,125,0,0
1768227871032994,52931,14550,27.0,152,0,0
1768227871037290,52931,14550,42.0,62,0,0
1768227871041707,52931,14550,25.0,42,0,0
1768227871045068,52931,14550,32.0,36,0,0
1768227871046870,52931,14550,62.0,65,0,0
1768227871050220,52931,14550,49.0,27,0,0
1768227871053482,52931,14550,44.0,116,0,0
1768227871055341,52931,14550,42.0,129,0,0
1768227871059211,52931,14550,34.0,29,0,0
1768227871062693,52931,14550,34.0,137,0,0
1768227871065714,52931,14550,60.0,24,0,0
1768227871070256,52931,14550,53.0,124,0,0
1768227871070377,5760,58419,,0,1,0
1768227871072604,52931,14550,30.0,2,0,0
1768227871077375,52931,14550,64.0,164,0,0
1768227871080332,52931,14550,42.0,136,0,0
1768227871082615,52931,14550,41.0,193,0,0
1768227871085952,52931,14550,40.0,241,0,0
1768227871088013,52931,14550,61.0,147,0,0
1768227871092337,52931,14550,64.0,11030,0,0
1768227871096335,52931,14550,29.0,0,0,0
1768227871167984,5760,58419,,264,1,0
1768227871169248,52931,14550,46.0,264,0,0
1768227871251091,52931,14550,48.0,163,0,0
1768227871254443,52931,14550,44.0,178,0,0
1768227871256847,52931,14550,48.0,30,0,0
1768227871260972,52931,14550,48.0,33,0,0
1768227871264989,52931,14550,38.0,74,0,0
1768227871269955,52931,14550,51.0,1,0,0
1768227871274244,52931,14550,22.0,125,0,0
1768227871277271,52931,14550,27.0,152,0,0
1768227871279660,52931,14550,42.0,62,0,0
1768227871282571,52931,14550,25.0,42,0,0
1768227871285749,52931,14550,32.0,36,0,0
1768227871288198,52931,14550,62.0,65,0,0
1768227871291524,52931,14550,49.0,27,0,0
1768227871293778,52931,14550,44.0,116,0,0
1768227871295841,52931,14550,42.0,129,0,0
1768227871297882,52931,14550,34.0,29,0,0
1768227871300459,52931,14550,34.0,137,0,0
1768227871302284,52931,14550,60.0,24,0,0
1768227871304922,52931,14550,53.0,124,0,0
1768227871308210,52931,14550,30.0,2,0,0
1768227871309919,52931,14550,64.0,164,0,0
1768227871312294,52931,14550,42.0,136,0,0
1768227871314852,52931,14550,41.0,193,0,0
1768227871317272,52931,14550,40.0,241,0,0
1768227871319679,52931,14550,61.0,147,0,0
1768227871321913,52931,14550,64.0,11030,0,0
1768227871504028,52931,14550,48.0,163,0,0
1768227871507766,52931,14550,44.0,178,0,0
1768227871511427,52931,14550,48.0,30,0,0
1768227871515070,52931,14550,48.0,33,0,0
1768227871518272,52931,14550,38.0,74,0,0
1768227871522659,52931,14550,51.0,1,0,0
1768227871527541,52931,14550,22.0,125,0,0
1768227871530456,52931,14550,27.0,152,0,0
1768227871535054,52931,14550,42.0,62,0,0
1768227871538734,52931,14550,25.0,42,0,0
1768227871542991,52931,14550,32.0,36,0,0
1768227871546185,52931,14550,62.0,65,0,0
1768227871548753,52931,14550,49.0,27,0,0
1768227871552280,52931,14550,44.0,116,0,0
1768227871556783,52931,14550,42.0,129,0,0
1768227871560215,52931,14550,34.0,29,0,0
1768227871563261,52931,14550,34.0,137,0,0
1768227871567732,52931,14550,60.0,24,0,0
1768227871575012,52931,14550,53.0,124,0,0
1768227871577834,52931,14550,30.0,2,0,0
1768227871581488,52931,14550,64.0,164,0,0
1768227871585114,52931,14550,42.0,136,0,0
1768227871587929,52931,14550,41.0,193,0,0
1768227871592662,52931,14550,40.0,241,0,0
1768227871597730,52931,14550,61.0,147,0,0
1768227871600640,52931,14550,64.0,11030,0,0
1768227871671471,5760,58419,,264,1,0
1768227871672798,52931,14550,46.0,264,0,0
1768227871722618,58419,5760,,0,1,0
1768227871756332,52931,14550,48.0,163,0,0
1768227871760933,52931,14550,44.0,178,0,0
1768227871762813,52931,14550,48.0,30,0,0
1768227871764582,52931,14550,48.0,33,0,0
1768227871766734,52931,14550,38.0,74,0,0
1768227871771038,52931,14550,51.0,1,0,0
1768227871774771,52931,14550,22.0,125,0,0
1768227871776974,52931,14550,27.0,152,0,0
1768227871778603,52931,14550,42.0,62,0,0
1768227871781014,52931,14550,25.0,42,0,0
1768227871783192,52931,14550,32.0,36,0,0
1768227871784823,52931,14550,62.0,65,0,0
1768227871787389,52931,14550,49.0,27,0,0
1768227871789351,52931,14550,44.0,116,0,0
1768227871791413,52931,14550,42.0,129,0,0
1768227871793068,52931,14550,34.0,29,0,0
1768227871794979,52931,14550,34.0,137,0,0
1768227871796829,52931,14550,60.0,24,0,0
1768227871799194,52931,14550,53.0,124,0,0
1768227871802258,52931,14550,30.0,2,0,0
1768227871804912,52931,14550,64.0,164,0,0
1768227871807307,52931,14550,42.0,136,0,0
1768227871810511,52931,14550,41.0,193,0,0
1768227871813495,52931,14550,40.0,241,0,0
1768227871815883,52931,14550,61.0,147,0,0
1768227871818229,52931,14550,64.0,11030,0,0
1768227872010370,52931,14550,48.0,163,0,0
1768227872014046,52931,14550,44.0,178,0,0
1768227872015722,52931,14550,48.0,30,0,0
1768227872018472,52931,14550,48.0,33,0,0
1768227872020599,52931,14550,38.0,74,0,0
1768227872024381,52931,14550,51.0,1,0,0
1768227872029171,52931,14550,22.0,125,0,0
1768227872032140,52931,14550,27.0,152,0,0
1768227872035044,52931,14550,42.0,62,0,0
1768227872039156,52931,14550,25.0,42,0,0
1768227872043344,52931,14550,32.0,36,0,0
1768227872048294,52931,14550,62.0,65,0,0
1768227872050226,52931,14550,49.0,27,0,0
1768227872054197,52931,14550,44.0,116,0,0
1768227872058211,52931,14550,42.0,129,0,0
1768227872060068,52931,14550,34.0,29,0,0
1768227872060090,5760,58419,,111,1,0
1768227872062354,52931,14550,34.0,137,0,0
1768227872064487,52931,14550,60.0,24,0,0
1768227872066885,52931,14550,53.0,124,0,0
1768227872072972,52931,14550,30.0,2,0,0
1768227872077310,52931,14550,64.0,164,0,0
1768227872077793,5760,58419,,0,1,0
1768227872080808,52931,14550,42.0,136,0,0
1768227872084361,52931,14550,41.0,193,0,0
1768227872089118,52931,14550,40.0,241,0,0
1768227872095105,52931,14550,61.0,147,0,0
1768227872098461,52931,14550,64.0,11030,0,0
1768227872103206,52931,14550,33.0,111,0,0
1768227872106574,52931,14550,36.0,49,0,0
1768227872109437,52931,14550,76.0,242,0,0
1768227872115694,52931,14550,41.0,253,0,0
1768227872118870,52931,14550,29.0,0,0,0
1768227872121218,52931,14550,45.0,22,0,0
1768227872123367,52931,14550,45.0,22,0,0
1768227872126449,52931,14550,46.0,253,0,0
1768227872176302,5760,58419,,264,1,0
1768227872177562,52931,14550,46.0,264,0,0
1768227872257537,52931,14550,48.0,163,0,0
1768227872260766,52931,14550,44.0,178,0,0
1768227872262752,52931,14550,48.0,30,0,0
1768227872266013,52931,14550,48.0,33,0,0
1768227872268101,52931,14550,38.0,74,0,0
1768227872397008,52931,14550,51.0,1,0,0
1768227872398434,52931,14550,22.0,125,0,0
1768227872399790,52931,14550,27.0,152,0,0
1768227872400903,52931,14550,42.0,62,0,0
1768227872402505,52931,14550,25.0,42,0,0
1768227872403797,52931,14550,32.0,36,0,0
1768227872404670,52931,14550,62.0,65,0,0
1768227872405645,52931,14550,49.0,27,0,0
1768227872406574,52931,14550,44.0,116,0,0
1768227872407498,52931,14550,42.0,129,0,0
1768227872408636,52931,14550,34.0,29,0,0
1768227872409708,52931,14550,34.0,137,0,0
1768227872410694,52931,14550,60.0,24,0,0
1768227872411911,52931,14550,53.0,124,0,0
1768227872413250,52931,14550,30.0,2,0,0
1768227872414486,52931,14550,64.0,164,0,0
1768227872415720,52931,14550,42.0,136,0,0
1768227872417094,52931,14550,41.0,193,0,0
1768227872418396,52931,14550,40.0,241,0,0
1768227872419638,52931,14550,61.0,147,0,0
1768227872420795,52931,14550,64.0,11030,0,0
1768227872422232,52931,14550,41.0,253,0,0
1768227872512844,52931,14550,48.0,163,0,0
1768227872514323,52931,14550,44.0,178,0,0
1768227872516549,52931,14550,48.0,30,0,0
1768227872519980,52931,14550,48.0,33,0,0
1768227872520967,52931,14550,38.0,74,0,0
1768227872523170,52931,14550,51.0,1,0,0
1768227872527063,52931,14550,22.0,125,0,0
1768227872530413,52931,14550,27.0,152,0,0
1768227872532061,52931,14550,42.0,62,0,0
1768227872535628,52931,14550,25.0,42,0,0
1768227872538478,52931,14550,32.0,36,0,0
1768227872541345,52931,14550,62.0,65,0,0
1768227872543576,52931,14550,49.0,27,0,0
1768227872544919,52931,14550,44.0,116,0,0
1768227872547922,52931,14550,42.0,129,0,0
1768227872549159,52931,14550,34.0,29,0,0
1768227872550625,52931,14550,34.0,137,0,0
1768227872552793,52931,14550,60.0,24,0,0
1768227872554824,52931,14550,53.0,124,0,0
1768227872556332,52931,14550,30.0,2,0,0
1768227872558335,52931,14550,64.0,164,0,0
1768227872559613,52931,14550,42.0,136,0,0
1768227872560851,52931,14550,41.0,193,0,0
1768227872563872,52931,14550,40.0,241,0,0
1768227872565499,52931,14550,61.0,147,0,0
1768227872566888,52931,14550,64.0,11030,0,0
1768227872677472,5760,58419,,264,1,0
1768227872678410,52931,14550,46.0,264,0,0
1768227872725448,58419,5760,,0,1,0
1768227872760292,52931,14550,48.0,163,0,0
1768227872764104,52931,14550,44.0,178,0,0
1768227872766597,52931,14550,48.0,30,0,0
1768227872769546,52931,14550,48.0,33,0,0
1768227872775325,52931,14550,38.0,74,0,0
1768227872778149,52931,14550,51.0,1,0,0
1768227872783172,52931,14550,22.0,125,0,0
1768227872785913,52931,14550,27.0,152,0,0
1768227872787681,52931,14550,42.0,62,0,0
1768227872790302,52931,14550,25.0,42,0,0
1768227872792211,52931,14550,32.0,36,0,0
1768227872793763,52931,14550,62.0,65,0,0
1768227872795397,52931,14550,49.0,27,0,0
1768227872797430,52931,14550,44.0,116,0,0
1768227872799317,52931,14550,42.0,129,0,0
1768227872801678,52931,14550,34.0,29,0,0
1768227872803667,52931,14550,34.0,137,0,0
1768227872805431,52931,14550,60.0,24,0,0
1768227872807518,52931,14550,53.0,124,0,0
1768227872809439,52931,14550,30.0,2,0,0
1768227872811026,52931,14550,64.0,164,0,0
1768227872813314,52931,14550,42.0,136,0,0
1768227872815978,52931,14550,41.0,193,0,0
1768227872817859,52931,14550,40.0,241,0,0
1768227872819497,52931,14550,61.0,147,0,0
1768227872821029,52931,14550,64.0,11030,0,0
1768227873013161,52931,14550,48.0,163,0,0
1768227873016023,52931,14550,44.0,178,0,0
1768227873018472,52931,14550,48.0,30,0,0
1768227873022640,52931,14550,48.0,33,0,0
1768227873025159,52931,14550,38.0,74,0,0
1768227873030411,52931,14550,51.0,1,0,0
1768227873036962,52931,14550,22.0,125,0,0
1768227873040895,52931,14550,27.0,152,0,0
1768227873043291,52931,14550,42.0,62,0,0
1768227873047548,52931,14550,25.0,42,0,0
1768227873050243,52931,14550,32.0,36,0,0
1768227873052035,52931,14550,62.0,65,0,0
1768227873055919,52931,14550,49.0,27,0,0
1768227873057776,52931,14550,44.0,116,0,0
1768227873060857,52931,14550,42.0,129,0,0
1768227873063005,52931,14550,34.0,29,0,0
1768227873064632,52931,14550,34.0,137,0,0
1768227873066325,52931,14550,60.0,24,0,0
1768227873068728,52931,14550,53.0,124,0,0
1768227873070472,52931,14550,30.0,2,0,0
1768227873077481,52931,14550,64.0,164,0,0
1768227873080908,52931,14550,42.0,136,0,0
1768227873083758,52931,14550,41.0,193,0,0
1768227873085901,52931,14550,40.0,241,0,0
1768227873086569,5760,58419,,0,1,0
1768227873088987,52931,14550,61.0,147,0,0
1768227873090716,52931,14550,64.0,11030,0,0
1768227873095261,52931,14550,29.0,0,0,0
1768227873177661,5760,58419,,264,1,0
1768227873179062,52931,14550,46.0,264,0,0
1768227873265954,52931,14550,48.0,163,0,0
1768227873270604,52931,14550,44.0,178,0,0
1768227873272289,52931,14550,48.0,30,0,0
1768227873277541,52931,14550,48.0,33,0,0
1768227873280119,52931,14550,38.0,74,0,0
1768227873285984,52931,14550,51.0,1,0,0
1768227873289661,52931,14550,22.0,125,0,0
1768227873291721,52931,14550,27.0,152,0,0
1768227873292999,52931,14550,42.0,62,0,0
1768227873295441,52931,14550,25.0,42,0,0
1768227873297954,52931,14550,32.0,36,0,0
1768227873301476,52931,14550,62.0,65,0,0
1768227873303907,52931,14550,49.0,27,0,0
1768227873305363,52931,14550,44.0,116,0,0
1768227873308199,52931,14550,42.0,129,0,0
1768227873311115,52931,14550,34.0,29,0,0
1768227873314149,52931,14550,34.0,137,0,0
1768227873320713,52931,14550,60.0,24,0,0
1768227873324078,52931,14550,53.0,124,0,0
1768227873325937,52931,14550,30.0,2,0,0
1768227873327474,52931,14550,64.0,164,0,0
1768227873330157,52931,14550,42.0,136,0,0
1768227873332719,52931,14550,41.0,193,0,0
1768227873334717,52931,14550,40.0,241,0,0
1768227873338208,52931,14550,61.0,147,0,0
1768227873341406,52931,14550,64.0,11030,0,0
1768227873517624,52931,14550,48.0,163,0,0
1768227873521228,52931,14550,44.0,178,0,0
1768227873524675,52931,14550,48.0,30,0,0
1768227873528169,52931,14550,48.0,33,0,0
1768227873530341,52931,14550,38.0,74,0,0
1768227873534145,52931,14550,51.0,1,0,0
1768227873538426,52931,14550,22.0,125,0,0
1768227873540747,52931,14550,27.0,152,0,0
1768227873542938,52931,14550,42.0,62,0,0
1768227873546132,52931,14550,25.0,42,0,0
1768227873548109,52931,14550,32.0,36,0,0
1768227873549567,52931,14550,62.0,65,0,0
1768227873552124,52931,14550,49.0,27,0,0
1768227873553886,52931,14550,44.0,116,0,0
1768227873555612,52931,14550,42.0,129,0,0
1768227873557443,52931,14550,34.0,29,0,0
1768227873559534,52931,14550,34.0,137,0,0
1768227873561216,52931,14550,60.0,24,0,0
1768227873563693,52931,14550,53.0,124,0,0
1768227873565943,52931,14550,30.0,2,0,0
1768227873567497,52931,14550,64.0,164,0,0
1768227873568046,52931,14550,42.0,136,0,0
1768227873568716,52931,14550,41.0,193,0,0
1768227873569410,52931,14550,40.0,241,0,0
1768227873570071,52931,14550,61.0,147,0,0
1768227873570852,52931,14550,64.0,11030,0,0
1768227873681069,5760,58419,,264,1,0
1768227873682458,52931,14550,46.0,264,0,0
1768227873731435,58419,5760,,0,1,0
1768227873768987,52931,14550,48.0,163,0,0
1768227873772376,52931,14550,44.0,178,0,0
1768227873774432,52931,14550,48.0,30,0,0
1768227873778041,52931,14550,48.0,33,0,0
1768227873780085,52931,14550,38.0,74,0,0
1768227873783098,52931,14550,51.0,1,0,0
1768227873786468,52931,14550,22.0,125,0,0
1768227873789177,52931,14550,27.0,152,0,0
1768227873791228,52931,14550,42.0,62,0,0
1768227873794059,52931,14550,25.0,42,0,0
1768227873796615,52931,14550,32.0,36,0,0
1768227873798704,52931,14550,62.0,65,0,0
1768227873800167,52931,14550,49.0,27,0,0
1768227873802011,52931,14550,44.0,116,0,0
1768227873803687,52931,14550,42.0,129,0,0
1768227873805984,52931,14550,34.0,29,0,0
1768227873807920,52931,14550,34.0,137,0,0
1768227873809512,52931,14550,60.0,24,0,0
1768227873812222,52931,14550,53.0,124,0,0
1768227873814832,52931,14550,30.0,2,0,0
1768227873817057,52931,14550,64.0,164,0,0
1768227873819300,52931,14550,42.0,136,0,0
1768227873821792,52931,14550,41.0,193,0,0
1768227873824029,52931,14550,40.0,241,0,0
1768227873826123,52931,14550,61.0,147,0,0
1768227873828134,52931,14550,64.0,11030,0,0
1768227874019636,52931,14550,48.0,163,0,0
1768227874022029,52931,14550,44.0,178,0,0
1768227874023587,52931,14550,48.0,30,0,0
1768227874027771,52931,14550,48.0,33,0,0
1768227874032261,52931,14550,38.0,74,0,0
1768227874040014,52931,14550,51.0,1,0,0
1768227874047267,52931,14550,22.0,125,0,0
1768227874050575,52931,14550,27.0,152,0,0
1768227874054576,52931,14550,42.0,62,0,0
1768227874058188,52931,14550,25.0,42,0,0
1768227874063165,52931,14550,32.0,36,0,0
1768227874065782,52931,14550,62.0,65,0,0
1768227874067940,52931,14550,49.0,27,0,0
1768227874072403,52931,14550,44.0,116,0,0
1768227874076672,52931,14550,42.0,129,0,0
1768227874078396,52931,14550,34.0,29,0,0
1768227874084196,52931,14550,34.0,137,0,0
1768227874087113,52931,14550,60.0,24,0,0
1768227874090496,52931,14550,53.0,124,0,0
1768227874093508,52931,14550,30.0,2,0,0
1768227874093828,5760,58419,,0,1,0
1768227874095907,52931,14550,64.0,164,0,0
1768227874097850,52931,14550,42.0,136,0,0
1768227874100281,52931,14550,41.0,193,0,0
1768227874105761,52931,14550,40.0,241,0,0
1768227874108836,52931,14550,61.0,147,0,0
1768227874111413,52931,14550,64.0,11030,0,0
1768227874116610,52931,14550,29.0,0,0,0
1768227874187233,5760,58419,,264,1,0
1768227874188582,52931,14550,46.0,264,0,0
1768227874270746,52931,14550,48.0,163,0,0
1768227874275279,52931,14550,44.0,178,0,0
1768227874276995,52931,14550,48.0,30,0,0
1768227874280724,52931,14550,48.0,33,0,0
1768227874283650,52931,14550,38.0,74,0,0
1768227874288486,52931,14550,51.0,1,0,0
1768227874293266,52931,14550,22.0,125,0,0
1768227874295973,52931,14550,27.0,152,0,0
1768227874297852,52931,14550,42.0,62,0,0
1768227874300801,52931,14550,25.0,42,0,0
1768227874303262,52931,14550,32.0,36,0,0
1768227874304945,52931,14550,62.0,65,0,0
1768227874306765,52931,14550,49.0,27,0,0
1768227874308298,52931,14550,44.0,116,0,0
1768227874309830,52931,14550,42.0,129,0,0
1768227874311583,52931,14550,34.0,29,0,0
1768227874313522,52931,14550,34.0,137,0,0
1768227874315104,52931,14550,60.0,24,0,0
1768227874317838,52931,14550,53.0,124,0,0
1768227874320329,52931,14550,30.0,2,0,0
1768227874322137,52931,14550,64.0,164,0,0
1768227874323584,52931,14550,42.0,136,0,0
1768227874325227,52931,14550,41.0,193,0,0
1768227874327413,52931,14550,40.0,241,0,0
1768227874329730,52931,14550,61.0,147,0,0
1768227874331782,52931,14550,64.0,11030,0,0
1768227874523074,52931,14550,48.0,163,0,0
1768227874528778,52931,14550,44.0,178,0,0
1768227874531176,52931,14550,48.0,30,0,0
1768227874536115,52931,14550,48.0,33,0,0
1768227874539607,52931,14550,38.0,74,0,0
1768227874547341,52931,14550,51.0,1,0,0
1768227874556099,52931,14550,22.0,125,0,0
1768227874558715,52931,14550,27.0,152,0,0
1768227874560930,52931,14550,42.0,62,0,0
1768227874565762,52931,14550,25.0,42,0,0
1768227874572537,52931,14550,32.0,36,0,0
1768227874574688,52931,14550,62.0,65,0,0
1768227874577148,52931,14550,49.0,27,0,0
1768227874579108,52931,14550,44.0,116,0,0
1768227874580563,52931,14550,42.0,129,0,0
1768227874582175,52931,14550,34.0,29,0,0
1768227874584399,52931,14550,34.0,137,0,0
1768227874586052,52931,14550,60.0,24,0,0
1768227874588381,52931,14550,53.0,124,0,0
1768227874590420,52931,14550,30.0,2,0,0
1768227874592142,52931,14550,64.0,164,0,0
1768227874593980,52931,14550,42.0,136,0,0
1768227874595695,52931,14550,41.0,193,0,0
1768227874597968,52931,14550,40.0,241,0,0
1768227874600074,52931,14550,61.0,147,0,0
1768227874601772,52931,14550,64.0,11030,0,0
1768227874690317,5760,58419,,264,1,0
1768227874691606,52931,14550,46.0,264,0,0
1768227874741627,58419,5760,,0,1,0
1768227874774218,52931,14550,48.0,163,0,0
1768227874777823,52931,14550,44.0,178,0,0
1768227874781692,52931,14550,48.0,30,0,0
1768227874785471,52931,14550,48.0,33,0,0
1768227874787837,52931,14550,38.0,74,0,0
1768227874791934,52931,14550,51.0,1,0,0
1768227874796596,52931,14550,22.0,125,0,0
1768227874799731,52931,14550,27.0,152,0,0
1768227874801483,52931,14550,42.0,62,0,0
1768227874803970,52931,14550,25.0,42,0,0
1768227874806776,52931,14550,32.0,36,0,0
1768227874808903,52931,14550,62.0,65,0,0
1768227874810700,52931,14550,49.0,27,0,0
1768227874813506,52931,14550,44.0,116,0,0
1768227874815987,52931,14550,42.0,129,0,0
1768227874818237,52931,14550,34.0,29,0,0
1768227874820203,52931,14550,34.0,137,0,0
1768227874822297,52931,14550,60.0,24,0,0
1768227874824816,52931,14550,53.0,124,0,0
1768227874827627,52931,14550,30.0,2,0,0
1768227874829518,52931,14550,64.0,164,0,0
1768227874831905,52931,14550,42.0,136,0,0
1768227874834264,52931,14550,41.0,193,0,0
1768227874836674,52931,14550,40.0,241,0,0
1768227874839092,52931,14550,61.0,147,0,0
1768227874841223,52931,14550,64.0,11030,0,0
1768227875026191,52931,14550,48.0,163,0,0
1768227875028252,52931,14550,44.0,178,0,0
1768227875030330,52931,14550,48.0,30,0,0
1768227875035342,52931,14550,48.0,33,0,0
1768227875039172,52931,14550,38.0,74,0,0
1768227875043969,52931,14550,51.0,1,0,0
1768227875051691,52931,14550,22.0,125,0,0
1768227875056457,52931,14550,27.0,152,0,0
1768227875058337,52931,14550,42.0,62,0,0
1768227875062955,52931,14550,25.0,42,0,0
1768227875066274,52931,14550,32.0,36,0,0
1768227875069074,52931,14550,62.0,65,0,0
1768227875072424,52931,14550,49.0,27,0,0
1768227875077035,52931,14550,44.0,116,0,0
1768227875082275,52931,14550,42.0,129,0,0
1768227875084996,52931,14550,34.0,29,0,0
1768227875086605,52931,14550,34.0,137,0,0
1768227875088552,52931,14550,60.0,24,0,0
1768227875092945,52931,14550,53.0,124,0,0
1768227875096162,52931,14550,30.0,2,0,0
1768227875099337,5760,58419,,0,1,0
1768227875101784,52931,14550,64.0,164,0,0
1768227875104382,52931,14550,42.0,136,0,0
1768227875106140,52931,14550,41.0,193,0,0
1768227875108820,52931,14550,40.0,241,0,0
1768227875110673,52931,14550,61.0,147,0,0
1768227875113548,52931,14550,64.0,11030,0,0
1768227875117444,52931,14550,29.0,0,0,0
1768227875195185,5760,58419,,264,1,0
1768227875196455,52931,14550,46.0,264,0,0
1768227875279124,52931,14550,48.0,163,0,0
1768227875282574,52931,14550,44.0,178,0,0
1768227875285243,52931,14550,48.0,30,0,0
1768227875288580,52931,14550,48.0,33,0,0
1768227875291323,52931,14550,38.0,74,0,0
1768227875295237,52931,14550,51.0,1,0,0
1768227875300163,52931,14550,22.0,125,0,0
1768227875302752,52931,14550,27.0,152,0,0
1768227875305038,52931,14550,42.0,62,0,0
1768227875307820,52931,14550,25.0,42,0,0
1768227875309989,52931,14550,32.0,36,0,0
1768227875311742,52931,14550,62.0,65,0,0
1768227875314048,52931,14550,49.0,27,0,0
1768227875316075,52931,14550,44.0,116,0,0
1768227875318366,52931,14550,42.0,129,0,0
1768227875320962,52931,14550,34.0,29,0,0
1768227875322630,52931,14550,34.0,137,0,0
1768227875324694,52931,14550,60.0,24,0,0
1768227875327494,52931,14550,53.0,124,0,0
1768227875330366,52931,14550,30.0,2,0,0
1768227875332738,52931,14550,64.0,164,0,0
1768227875335015,52931,14550,42.0,136,0,0
1768227875337128,52931,14550,41.0,193,0,0
1768227875339399,52931,14550,40.0,241,0,0
1768227875341581,52931,14550,61.0,147,0,0
1768227875343006,52931,14550,64.0,11030,0,0
1768227875532992,52931,14550,48.0,163,0,0
1768227875536874,52931,14550,44.0,178,0,0
1768227875538980,52931,14550,48.0,30,0,0
1768227875542465,52931,14550,48.0,33,0,0
1768227875545190,52931,14550,38.0,74,0,0
1768227875550879,52931,14550,51.0,1,0,0
1768227875558020,52931,14550,22.0,125,0,0
1768227875562427,52931,14550,27.0,152,0,0
1768227875566735,52931,14550,42.0,62,0,0
1768227875570115,52931,14550,25.0,42,0,0
1768227875576130,52931,14550,32.0,36,0,0
1768227875578667,52931,14550,62.0,65,0,0
1768227875581652,52931,14550,49.0,27,0,0
1768227875584037,52931,14550,44.0,116,0,0
1768227875586533,52931,14550,42.0,129,0,0
1768227875590874,52931,14550,34.0,29,0,0
1768227875595529,52931,14550,34.0,137,0,0
1768227875598181,52931,14550,60.0,24,0,0
1768227875601482,52931,14550,53.0,124,0,0
1768227875603962,52931,14550,30.0,2,0,0
1768227875607331,52931,14550,64.0,164,0,0
1768227875609727,52931,14550,42.0,136,0,0
1768227875611532,52931,14550,41.0,193,0,0
1768227875613944,52931,14550,40.0,241,0,0
1768227875617835,52931,14550,61.0,147,0,0
1768227875619486,52931,14550,64.0,11030,0,0
1768227875696765,5760,58419,,264,1,0
1768227875697957,52931,14550,46.0,264,0,0
1768227875747914,58419,5760,,0,1,0
1768227875784916,52931,14550,48.0,163,0,0
1768227875787717,52931,14550,44.0,178,0,0
1768227875792219,52931,14550,48.0,30,0,0
1768227875795107,52931,14550,48.0,33,0,0
1768227875797438,52931,14550,38.0,74,0,0
1768227875801193,52931,14550,51.0,1,0,0
1768227875803833,52931,14550,22.0,125,0,0
1768227875806684,52931,14550,27.0,152,0,0
1768227875808445,52931,14550,42.0,62,0,0
1768227875811638,52931,14550,25.0,42,0,0
1768227875814798,52931,14550,32.0,36,0,0
1768227875816652,52931,14550,62.0,65,0,0
1768227875818325,52931,14550,49.0,27,0,0
1768227875820577,52931,14550,44.0,116,0,0
1768227875822347,52931,14550,42.0,129,0,0
1768227875824020,52931,14550,34.0,29,0,0
1768227875825691,52931,14550,34.0,137,0,0
1768227875827620,52931,14550,60.0,24,0,0
1768227875831064,52931,14550,53.0,124,0,0
1768227875833246,52931,14550,30.0,2,0,0
1768227875835847,52931,14550,64.0,164,0,0
1768227875837955,52931,14550,42.0,136,0,0
1768227875839366,52931,14550,41.0,193,0,0
1768227875841549,52931,14550,40.0,241,0,0
1768227875843992,52931,14550,61.0,147,0,0
1768227875846137,52931,14550,64.0,11030,0,0
1768227876032031,52931,14550,48.0,163,0,0
1768227876034772,52931,14550,44.0,178,0,0
1768227876037293,52931,14550,48.0,30,0,0
1768227876040275,52931,14550,48.0,33,0,0
1768227876043874,52931,14550,38.0,74,0,0
1768227876050492,52931,14550,51.0,1,0,0
1768227876060540,52931,14550,22.0,125,0,0
1768227876063223,52931,14550,27.0,152,0,0
1768227876064822,52931,14550,42.0,62,0,0
1768227876069338,52931,14550,25.0,42,0,0
1768227876072041,52931,14550,32.0,36,0,0
1768227876074048,52931,14550,62.0,65,0,0
1768227876077488,52931,14550,49.0,27,0,0
1768227876080634,52931,14550,44.0,116,0,0
1768227876085120,52931,14550,42.0,129,0,0
1768227876087042,52931,14550,34.0,29,0,0
1768227876088457,52931,14550,34.0,137,0,0
1768227876090372,52931,14550,60.0,24,0,0
1768227876094639,52931,14550,53.0,124,0,0
1768227876098050,52931,14550,30.0,2,0,0
1768227876100783,52931,14550,64.0,164,0,0
1768227876102759,52931,14550,42.0,136,0,0
1768227876104726,52931,14550,41.0,193,0,0
1768227876106812,52931,14550,40.0,241,0,0
1768227876108105,5760,58419,,0,1,0
1768227876109439,52931,14550,61.0,147,0,0
1768227876112822,52931,14550,64.0,11030,0,0
1768227876117894,52931,14550,29.0,0,0,0
1768227876197900,5760,58419,,264,1,0
1768227876199390,52931,14550,46.0,264,0,0
1768227876287363,52931,14550,48.0,163,0,0
1768227876290739,52931,14550,44.0,178,0,0
1768227876293860,52931,14550,48.0,30,0,0
1768227876296786,52931,14550,48.0,33,0,0
1768227876299795,52931,14550,38.0,74,0,0
1768227876303124,52931,14550,51.0,1,0,0
1768227876306784,52931,14550,22.0,125,0,0
1768227876309905,52931,14550,27.0,152,0,0
1768227876311761,52931,14550,42.0,62,0,0
1768227876314484,52931,14550,25.0,42,0,0
1768227876317446,52931,14550,32.0,36,0,0
1768227876319478,52931,14550,62.0,65,0,0
1768227876322196,52931,14550,49.0,27,0,0
1768227876324142,52931,14550,44.0,116,0,0
1768227876326094,52931,14550,42.0,129,0,0
1768227876327961,52931,14550,34.0,29,0,0
1768227876330114,52931,14550,34.0,137,0,0
1768227876332659,52931,14550,60.0,24,0,0
1768227876335140,52931,14550,53.0,124,0,0
1768227876338051,52931,14550,30.0,2,0,0
1768227876340195,52931,14550,64.0,164,0,0
1768227876342990,52931,14550,42.0,136,0,0
1768227876345274,52931,14550,41.0,193,0,0
1768227876347764,52931,14550,40.0,241,0,0
1768227876350055,52931,14550,61.0,147,0,0
1768227876351774,52931,14550,64.0,11030,0,0
1768227876536152,52931,14550,48.0,163,0,0
1768227876539170,52931,14550,44.0,178,0,0
1768227876542146,52931,14550,48.0,30,0,0
1768227876545770,52931,14550,48.0,33,0,0
1768227876549550,52931,14550,38.0,74,0,0
1768227876554070,52931,14550,51.0,1,0,0
1768227876563850,52931,14550,22.0,125,0,0
1768227876567170,52931,14550,27.0,152,0,0
1768227876570816,52931,14550,42.0,62,0,0
1768227876575979,52931,14550,25.0,42,0,0
1768227876580376,52931,14550,32.0,36,0,0
1768227876582906,52931,14550,62.0,65,0,0
1768227876586391,52931,14550,49.0,27,0,0
1768227876589970,52931,14550,44.0,116,0,0
1768227876593406,52931,14550,42.0,129,0,0
1768227876599262,52931,14550,34.0,29,0,0
1768227876602114,52931,14550,34.0,137,0,0
1768227876605954,52931,14550,60.0,24,0,0
1768227876609412,52931,14550,53.0,124,0,0
1768227876611701,52931,14550,30.0,2,0,0
1768227876615053,52931,14550,64.0,164,0,0
1768227876618327,52931,14550,42.0,136,0,0
1768227876620931,52931,14550,41.0,193,0,0
1768227876623682,52931,14550,40.0,241,0,0
1768227876625783,52931,14550,61.0,147,0,0
1768227876628504,52931,14550,64.0,11030,0,0
1768227876705184,5760,58419,,264,1,0
1768227876706534,52931,14550,46.0,264,0,0
1768227876755840,58419,5760,,0,1,0
1768227876791231,52931,14550,48.0,163,0,0
1768227876794151,52931,14550,44.0,178,0,0
1768227876798293,52931,14550,48.0,30,0,0
1768227876801506,52931,14550,48.0,33,0,0
1768227876803884,52931,14550,38.0,74,0,0
1768227876807580,52931,14550,51.0,1,0,0
1768227876815304,52931,14550,22.0,125,0,0
1768227876818178,52931,14550,27.0,152,0,0
1768227876820165,52931,14550,42.0,62,0,0
1768227876823495,52931,14550,25.0,42,0,0
1768227876826104,52931,14550,32.0,36,0,0
1768227876827657,52931,14550,62.0,65,0,0
1768227876829787,52931,14550,49.0,27,0,0
1768227876831882,52931,14550,44.0,116,0,0
1768227876833957,52931,14550,42.0,129,0,0
1768227876835913,52931,14550,34.0,29,0,0
1768227876837905,52931,14550,34.0,137,0,0
1768227876839933,52931,14550,60.0,24,0,0
1768227876843435,52931,14550,53.0,124,0,0
1768227876846988,52931,14550,30.0,2,0,0
1768227876849151,52931,14550,64.0,164,0,0
1768227876851269,52931,14550,42.0,136,0,0
1768227876853531,52931,14550,41.0,193,0,0
1768227876856787,52931,14550,40.0,241,0,0
1768227876859195,52931,14550,61.0,147,0,0
1768227876861425,52931,14550,64.0,11030,0,0
1768227877039747,52931,14550,48.0,163,0,0
1768227877042429,52931,14550,44.0,178,0,0
1768227877044574,52931,14550,48.0,30,0,0
1768227877047577,52931,14550,48.0,33,0,0
1768227877051250,52931,14550,38.0,74,0,0
1768227877055864,52931,14550,51.0,1,0,0
1768227877062813,52931,14550,22.0,125,0,0
1768227877068399,52931,14550,27.0,152,0,0
1768227877071017,52931,14550,42.0,62,0,0
1768227877076734,52931,14550,25.0,42,0,0
1768227877080245,52931,14550,32.0,36,0,0
1768227877083849,52931,14550,62.0,65,0,0
1768227877086850,52931,14550,49.0,27,0,0
1768227877091399,52931,14550,44.0,116,0,0
1768227877092775,52931,14550,42.0,129,0,0
1768227877096125,52931,14550,34.0,29,0,0
1768227877098698,52931,14550,34.0,137,0,0
1768227877100860,52931,14550,60.0,24,0,0
1768227877111327,52931,14550,53.0,124,0,0
1768227877112782,5760,58419,,0,1,0
1768227877115467,52931,14550,30.0,2,0,0
1768227877119568,52931,14550,64.0,164,0,0
1768227877121310,52931,14550,42.0,136,0,0
1768227877123158,52931,14550,41.0,193,0,0
1768227877125549,52931,14550,40.0,241,0,0
1768227877128075,52931,14550,61.0,147,0,0
1768227877129974,52931,14550,64.0,11030,0,0
1768227877133188,52931,14550,29.0,0,0,0
1768227877210435,5760,58419,,264,1,0
1768227877211702,52931,14550,46.0,264,0,0
1768227877292412,52931,14550,48.0,163,0,0
1768227877296626,52931,14550,44.0,178,0,0
1768227877299965,52931,14550,48.0,30,0,0
1768227877302879,52931,14550,48.0,33,0,0
1768227877305471,52931,14550,38.0,74,0,0
1768227877308017,52931,14550,51.0,1,0,0
1768227877313091,52931,14550,22.0,125,0,0
1768227877315184,52931,14550,27.0,152,0,0
1768227877317042,52931,14550,42.0,62,0,0
1768227877320043,52931,14550,25.0,42,0,0
1768227877322719,52931,14550,32.0,36,0,0
1768227877324342,52931,14550,62.0,65,0,0
1768227877326009,52931,14550,49.0,27,0,0
1768227877327994,52931,14550,44.0,116,0,0
1768227877329865,52931,14550,42.0,129,0,0
1768227877331544,52931,14550,34.0,29,0,0
1768227877333327,52931,14550,34.0,137,0,0
1768227877334982,52931,14550,60.0,24,0,0
1768227877337333,52931,14550,53.0,124,0,0
1768227877339316,52931,14550,30.0,2,0,0
1768227877341389,52931,14550,64.0,164,0,0
1768227877344056,52931,14550,42.0,136,0,0
1768227877344534,52931,14550,41.0,193,0,0
1768227877345368,52931,14550,40.0,241,0,0
1768227877345856,52931,14550,61.0,147,0,0
1768227877346411,52931,14550,64.0,11030,0,0
1768227877544591,52931,14550,48.0,163,0,0
1768227877546125,52931,14550,44.0,178,0,0
1768227877548914,52931,14550,48.0,30,0,0
1768227877550609,52931,14550,48.0,33,0,0
1768227877552140,52931,14550,38.0,74,0,0
1768227877555448,52931,14550,51.0,1,0,0
1768227877559406,52931,14550,22.0,125,0,0
1768227877561583,52931,14550,27.0,152,0,0
1768227877563432,52931,14550,42.0,62,0,0
1768227877565796,52931,14550,25.0,42,0,0
1768227877567729,52931,14550,32.0,36,0,0
1768227877568623,52931,14550,62.0,65,0,0
1768227877573099,52931,14550,49.0,27,0,0
1768227877573958,52931,14550,44.0,116,0,0
1768227877574819,52931,14550,42.0,129,0,0
1768227877576265,52931,14550,34.0,29,0,0
1768227877577434,52931,14550,34.0,137,0,0
1768227877578336,52931,14550,60.0,24,0,0
1768227877579568,52931,14550,53.0,124,0,0
1768227877582762,52931,14550,30.0,2,0,0
1768227877585262,52931,14550,64.0,164,0,0
1768227877586122,52931,14550,42.0,136,0,0
1768227877588104,52931,14550,41.0,193,0,0
1768227877589850,52931,14550,40.0,241,0,0
1768227877591636,52931,14550,61.0,147,0,0
1768227877592822,52931,14550,64.0,11030,0,0
1768227877706477,5760,58419,,264,1,0
1768227877707150,52931,14550,46.0,264,0,0
1768227877766202,58419,5760,,0,1,0
1768227877797333,52931,14550,48.0,163,0,0
1768227877799395,52931,14550,44.0,178,0,0
1768227877801851,52931,14550,48.0,30,0,0
1768227877803551,52931,14550,48.0,33,0,0
1768227877805950,52931,14550,38.0,74,0,0
1768227877808775,52931,14550,51.0,1,0,0
1768227877811627,52931,14550,22.0,125,0,0
1768227877813822,52931,14550,27.0,152,0,0
1768227877815102,52931,14550,42.0,62,0,0
1768227877817070,52931,14550,25.0,42,0,0
1768227877818595,52931,14550,32.0,36,0,0
1768227877819658,52931,14550,62.0,65,0,0
1768227877820573,52931,14550,49.0,27,0,0
1768227877821244,52931,14550,44.0,116,0,0
1768227877822478,52931,14550,42.0,129,0,0
1768227877823763,52931,14550,34.0,29,0,0
1768227877825163,52931,14550,34.0,137,0,0
1768227877826645,52931,14550,60.0,24,0,0
1768227877828289,52931,14550,53.0,124,0,0
1768227877829756,52931,14550,30.0,2,0,0
1768227877830778,52931,14550,64.0,164,0,0
1768227877831617,52931,14550,42.0,136,0,0
1768227877832677,52931,14550,41.0,193,0,0
1768227877834568,52931,14550,40.0,241,0,0
1768227877835520,52931,14550,61.0,147,0,0
1768227877837063,52931,14550,64.0,11030,0,0
1768227878044064,52931,14550,48.0,163,0,0
1768227878046117,52931,14550,44.0,178,0,0
1768227878047256,52931,14550,48.0,30,0,0
1768227878049481,52931,14550,48.0,33,0,0
1768227878050944,52931,14550,38.0,74,0,0
1768227878054125,52931,14550,51.0,1,0,0
1768227878058214,52931,14550,22.0,125,0,0
1768227878062098,52931,14550,27.0,152,0,0
1768227878064405,52931,14550,42.0,62,0,0
1768227878070561,52931,14550,25.0,42,0,0
1768227878072365,52931,14550,32.0,36,0,0
1768227878073815,52931,14550,62.0,65,0,0
1768227878074828,52931,14550,49.0,27,0,0
1768227878075893,52931,14550,44.0,116,0,0
1768227878077220,52931,14550,42.0,129,0,0
1768227878078472,52931,14550,34.0,29,0,0
1768227878080009,52931,14550,34.0,137,0,0
1768227878081487,52931,14550,60.0,24,0,0
1768227878084008,52931,14550,53.0,124,0,0
1768227878086874,52931,14550,30.0,2,0,0
1768227878088707,52931,14550,64.0,164,0,0
1768227878090212,52931,14550,42.0,136,0,0
1768227878091721,52931,14550,41.0,193,0,0
1768227878094220,52931,14550,40.0,241,0,0
1768227878096287,52931,14550,61.0,147,0,0
1768227878098082,52931,14550,64.0,11030,0,0
1768227878116782,5760,58419,,0,1,0
1768227878117784,52931,14550,29.0,0,0,0
1768227878212045,5760,58419,,264,1,0
1768227878212490,52931,14550,46.0,264,0,0
1768227878293658,52931,14550,48.0,163,0,0
1768227878296088,52931,14550,44.0,178,0,0
1768227878297158,52931,14550,48.0,30,0,0
1768227878298558,52931,14550,48.0,33,0,0
1768227878299659,52931,14550,38.0,74,0,0
1768227878301646,52931,14550,51.0,1,0,0
1768227878303795,52931,14550,22.0,125,0,0
1768227878304981,52931,14550,27.0,152,0,0
1768227878305940,52931,14550,42.0,62,0,0
1768227878307642,52931,14550,25.0,42,0,0
1768227878309081,52931,14550,32.0,36,0,0
1768227878310006,52931,14550,62.0,65,0,0
1768227878311140,52931,14550,49.0,27,0,0
1768227878312002,52931,14550,44.0,116,0,0
1768227878312841,52931,14550,42.0,129,0,0
1768227878313674,52931,14550,34.0,29,0,0
1768227878314588,52931,14550,34.0,137,0,0
1768227878315519,52931,14550,60.0,24,0,0
1768227878316822,52931,14550,53.0,124,0,0
1768227878317999,52931,14550,30.0,2,0,0
1768227878319114,52931,14550,64.0,164,0,0
1768227878320165,52931,14550,42.0,136,0,0
1768227878320995,52931,14550,41.0,193,0,0
1768227878322160,52931,14550,40.0,241,0,0
1768227878323146,52931,14550,61.0,147,0,0
1768227878324032,52931,14550,64.0,11030,0,0
1768227878544497,52931,14550,48.0,163,0,0
1768227878546127,52931,14550,44.0,178,0,0
1768227878548415,52931,14550,48.0,30,0,0
1768227878550965,52931,14550,48.0,33,0,0
1768227878552578,52931,14550,38.0,74,0,0
1768227878554905,52931,14550,51.0,1,0,0
1768227878561022,52931,14550,22.0,125,0,0
1768227878562401,52931,14550,27.0,152,0,0
1768227878563485,52931,14550,42.0,62,0,0
1768227878566330,52931,14550,25.0,42,0,0
1768227878567740,52931,14550,32.0,36,0,0
1768227878568957,52931,14550,62.0,65,0,0
1768227878571824,52931,14550,49.0,27,0,0
1768227878572677,52931,14550,44.0,116,0,0
1768227878574561,52931,14550,42.0,129,0,0
1768227878575572,52931,14550,34.0,29,0,0
1768227878578133,52931,14550,34.0,137,0,0
1768227878579003,52931,14550,60.0,24,0,0
1768227878580461,52931,14550,53.0,124,0,0
1768227878582629,52931,14550,30.0,2,0,0
1768227878583521,52931,14550,64.0,164,0,0
1768227878584359,52931,14550,42.0,136,0,0
1768227878585343,52931,14550,41.0,193,0,0
1768227878586898,52931,14550,40.0,241,0,0
1768227878587825,52931,14550,61.0,147,0,0
1768227878588834,52931,14550,64.0,11030,0,0
1768227878716930,5760,58419,,264,1,0
1768227878717867,52931,14550,46.0,264,0,0
1768227878775623,58419,5760,,0,1,0
1768227878795159,52931,14550,48.0,163,0,0
1768227878797392,52931,14550,44.0,178,0,0
1768227878798603,52931,14550,48.0,30,0,0
1768227878800101,52931,14550,48.0,33,0,0
1768227878801542,52931,14550,38.0,74,0,0
1768227878803916,52931,14550,51.0,1,0,0
1768227878805347,52931,14550,22.0,125,0,0
1768227878806409,52931,14550,27.0,152,0,0
1768227878807433,52931,14550,42.0,62,0,0
1768227878808607,52931,14550,25.0,42,0,0
1768227878810017,52931,14550,32.0,36,0,0
1768227878810867,52931,14550,62.0,65,0,0
1768227878811723,52931,14550,49.0,27,0,0
1768227878812555,52931,14550,44.0,116,0,0
1768227878813401,52931,14550,42.0,129,0,0
1768227878814361,52931,14550,34.0,29,0,0
1768227878815427,52931,14550,34.0,137,0,0
1768227878816503,52931,14550,60.0,24,0,0
1768227878818082,52931,14550,53.0,124,0,0
1768227878819522,52931,14550,30.0,2,0,0
1768227878820269,52931,14550,64.0,164,0,0
1768227878821182,52931,14550,42.0,136,0,0
1768227878821895,52931,14550,41.0,193,0,0
1768227878822810,52931,14550,40.0,241,0,0
1768227878823576,52931,14550,61.0,147,0,0
1768227878824530,52931,14550,64.0,11030,0,0
1768227879049502,52931,14550,48.0,163,0,0
1768227879053434,52931,14550,44.0,178,0,0
1768227879056338,52931,14550,48.0,30,0,0
1768227879059952,52931,14550,48.0,33,0,0
1768227879063074,52931,14550,38.0,74,0,0
1768227879070361,52931,14550,51.0,1,0,0
1768227879081108,52931,14550,22.0,125,0,0
1768227879084215,52931,14550,27.0,152,0,0
1768227879087781,52931,14550,42.0,62,0,0
1768227879092065,52931,14550,25.0,42,0,0
1768227879095941,52931,14550,32.0,36,0,0
1768227879098196,52931,14550,62.0,65,0,0
1768227879101644,52931,14550,49.0,27,0,0
1768227879103812,52931,14550,44.0,116,0,0
1768227879106165,52931,14550,42.0,129,0,0
1768227879107932,52931,14550,34.0,29,0,0
1768227879109991,52931,14550,34.0,137,0,0
1768227879114994,52931,14550,60.0,24,0,0
1768227879120273,52931,14550,53.0,124,0,0
1768227879123237,52931,14550,30.0,2,0,0
1768227879123318,5760,58419,,0,1,0
1768227879126893,52931,14550,64.0,164,0,0
1768227879128794,52931,14550,42.0,136,0,0
1768227879131141,52931,14550,41.0,193,0,0
1768227879134986,52931,14550,40.0,241,0,0
1768227879138460,52931,14550,61.0,147,0,0
1768227879140882,52931,14550,64.0,11030,0,0
1768227879145549,52931,14550,29.0,0,0,0
1768227879218585,5760,58419,,264,1,0
1768227879219948,52931,14550,46.0,264,0,0
1768227879298443,52931,14550,48.0,163,0,0
1768227879301626,52931,14550,44.0,178,0,0
1768227879305859,52931,14550,48.0,30,0,0
1768227879308390,52931,14550,48.0,33,0,0
1768227879311201,52931,14550,38.0,74,0,0
1768227879316503,52931,14550,51.0,1,0,0
1768227879320627,52931,14550,22.0,125,0,0
1768227879323820,52931,14550,27.0,152,0,0
1768227879325641,52931,14550,42.0,62,0,0
1768227879329212,52931,14550,25.0,42,0,0
1768227879332018,52931,14550,32.0,36,0,0
1768227879334324,52931,14550,62.0,65,0,0
1768227879336907,52931,14550,49.0,27,0,0
1768227879339174,52931,14550,44.0,116,0,0
1768227879341770,52931,14550,42.0,129,0,0
1768227879344297,52931,14550,34.0,29,0,0
1768227879346481,52931,14550,34.0,137,0,0
1768227879347987,52931,14550,60.0,24,0,0
1768227879351423,52931,14550,53.0,124,0,0
1768227879354154,52931,14550,30.0,2,0,0
1768227879355627,52931,14550,64.0,164,0,0
1768227879357254,52931,14550,42.0,136,0,0
1768227879359498,52931,14550,41.0,193,0,0
1768227879362784,52931,14550,40.0,241,0,0
1768227879367080,52931,14550,61.0,147,0,0
1768227879370996,52931,14550,64.0,11030,0,0
1768227879554996,52931,14550,48.0,163,0,0
1768227879557439,52931,14550,44.0,178,0,0
1768227879559642,52931,14550,48.0,30,0,0
1768227879562612,52931,14550,48.0,33,0,0
1768227879564664,52931,14550,38.0,74,0,0
1768227879574487,52931,14550,51.0,1,0,0
1768227879584362,52931,14550,22.0,125,0,0
1768227879587222,52931,14550,27.0,152,0,0
1768227879590206,52931,14550,42.0,62,0,0
1768227879595303,52931,14550,25.0,42,0,0
1768227879598245,52931,14550,32.0,36,0,0
1768227879600631,52931,14550,62.0,65,0,0
1768227879604116,52931,14550,49.0,27,0,0
1768227879607302,52931,14550,44.0,116,0,0
1768227879613602,52931,14550,42.0,129,0,0
1768227879615767,52931,14550,34.0,29,0,0
1768227879618166,52931,14550,34.0,137,0,0
1768227879620089,52931,14550,60.0,24,0,0
1768227879623566,52931,14550,53.0,124,0,0
1768227879626810,52931,14550,30.0,2,0,0
1768227879630478,52931,14550,64.0,164,0,0
1768227879632795,52931,14550,42.0,136,0,0
1768227879634673,52931,14550,41.0,193,0,0
1768227879636647,52931,14550,40.0,241,0,0
1768227879639256,52931,14550,61.0,147,0,0
1768227879642598,52931,14550,64.0,11030,0,0
1768227879717544,5760,58419,,264,1,0
1768227879718690,52931,14550,46.0,264,0,0
1768227879779661,58419,5760,,0,1,0
1768227879808829,52931,14550,48.0,163,0,0
1768227879811263,52931,14550,44.0,178,0,0
1768227879812882,52931,14550,48.0,30,0,0
1768227879818095,52931,14550,48.0,33,0,0
1768227879821718,52931,14550,38.0,74,0,0
1768227879826310,52931,14550,51.0,1,0,0
1768227879830395,52931,14550,22.0,125,0,0
1768227879833523,52931,14550,27.0,152,0,0
1768227879836126,52931,14550,42.0,62,0,0
1768227879839395,52931,14550,25.0,42,0,0
1768227879841925,52931,14550,32.0,36,0,0
1768227879844178,52931,14550,62.0,65,0,0
1768227879845844,52931,14550,49.0,27,0,0
1768227879848840,52931,14550,44.0,116,0,0
1768227879850707,52931,14550,42.0,129,0,0
1768227879852487,52931,14550,34.0,29,0,0
1768227879854456,52931,14550,34.0,137,0,0
1768227879856324,52931,14550,60.0,24,0,0
1768227879859850,52931,14550,53.0,124,0,0
1768227879861743,52931,14550,30.0,2,0,0
1768227879863756,52931,14550,64.0,164,0,0
1768227879866029,52931,14550,42.0,136,0,0
1768227879868355,52931,14550,41.0,193,0,0
1768227879870700,52931,14550,40.0,241,0,0
1768227879872719,52931,14550,61.0,147,0,0
1768227879874487,52931,14550,64.0,11030,0,0
1768227880058537,52931,14550,48.0,163,0,0
1768227880062706,52931,14550,44.0,178,0,0
1768227880064913,52931,14550,48.0,30,0,0
1768227880068458,52931,14550,48.0,33,0,0
1768227880070650,52931,14550,38.0,74,0,0
1768227880077565,52931,14550,51.0,1,0,0
1768227880083612,52931,14550,22.0,125,0,0
1768227880087824,52931,14550,27.0,152,0,0
1768227880089687,52931,14550,42.0,62,0,0
1768227880094450,52931,14550,25.0,42,0,0
1768227880096605,52931,14550,32.0,36,0,0
1768227880100527,52931,14550,62.0,65,0,0
1768227880102693,52931,14550,49.0,27,0,0
1768227880104518,52931,14550,44.0,116,0,0
1768227880107898,52931,14550,42.0,129,0,0
1768227880109953,52931,14550,34.0,29,0,0
1768227880112806,52931,14550,34.0,137,0,0
1768227880114684,52931,14550,60.0,24,0,0
1768227880119684,52931,14550,53.0,124,0,0
1768227880122204,52931,14550,30.0,2,0,0
1768227880123796,52931,14550,64.0,164,0,0
1768227880126848,52931,14550,42.0,136,0,0
1768227880128716,52931,14550,41.0,193,0,0
1768227880131370,52931,14550,40.0,241,0,0
1768227880131565,5760,58419,,0,1,0
1768227880136250,52931,14550,61.0,147,0,0
1768227880138196,52931,14550,64.0,11030,0,0
1768227880144428,52931,14550,29.0,0,0,0
1768227880224723,5760,58419,,264,1,0
1768227880225972,52931,14550,46.0,264,0,0
1768227880310318,52931,14550,48.0,163,0,0
1768227880312576,52931,14550,44.0,178,0,0
1768227880314122,52931,14550,48.0,30,0,0
1768227880317660,52931,14550,48.0,33,0,0
1768227880320004,52931,14550,38.0,74,0,0
1768227880324945,52931,14550,51.0,1,0,0
1768227880333543,52931,14550,22.0,125,0,0
1768227880336271,52931,14550,27.0,152,0,0
1768227880337922,52931,14550,42.0,62,0,0
1768227880340970,52931,14550,25.0,42,0,0
1768227880344035,52931,14550,32.0,36,0,0
1768227880346478,52931,14550,62.0,65,0,0
1768227880348727,52931,14550,49.0,27,0,0
1768227880350954,52931,14550,44.0,116,0,0
1768227880352639,52931,14550,42.0,129,0,0
1768227880355270,52931,14550,34.0,29,0,0
1768227880357604,52931,14550,34.0,137,0,0
1768227880361244,52931,14550,60.0,24,0,0
1768227880363899,52931,14550,53.0,124,0,0
1768227880366547,52931,14550,30.0,2,0,0
1768227880368416,52931,14550,64.0,164,0,0
1768227880370331,52931,14550,42.0,136,0,0
1768227880372698,52931,14550,41.0,193,0,0
1768227880374677,52931,14550,40.0,241,0,0
1768227880377925,52931,14550,61.0,147,0,0
1768227880380082,52931,14550,64.0,11030,0,0
1768227880560901,52931,14550,48.0,163,0,0
1768227880563398,52931,14550,44.0,178,0,0
1768227880567582,52931,14550,48.0,30,0,0
1768227880573213,52931,14550,48.0,33,0,0
1768227880576214,52931,14550,38.0,74,0,0
1768227880580258,52931,14550,51.0,1,0,0
1768227880587275,52931,14550,22.0,125,0,0
1768227880594382,52931,14550,27.0,152,0,0
1768227880597712,52931,14550,42.0,62,0,0
1768227880602579,52931,14550,25.0,42,0,0
1768227880606834,52931,14550,32.0,36,0,0
1768227880610628,52931,14550,62.0,65,0,0
1768227880614395,52931,14550,49.0,27,0,0
1768227880616273,52931,14550,44.0,116,0,0
1768227880620029,52931,14550,42.0,129,0,0
1768227880624764,52931,14550,34.0,29,0,0
1768227880627695,52931,14550,34.0,137,0,0
1768227880630354,52931,14550,60.0,24,0,0
1768227880635147,52931,14550,53.0,124,0,0
1768227880637669,52931,14550,30.0,2,0,0
1768227880639896,52931,14550,64.0,164,0,0
1768227880644874,52931,14550,42.0,136,0,0
1768227880648510,52931,14550,41.0,193,0,0
1768227880650723,52931,14550,40.0,241,0,0
1768227880652739,52931,14550,61.0,147,0,0
1768227880654995,52931,14550,64.0,11030,0,0
1768227880727862,5760,58419,,264,1,0
1768227880729563,52931,14550,46.0,264,0,0
1768227880790445,58419,5760,,0,1,0
1768227880811029,52931,14550,48.0,163,0,0
1768227880815277,52931,14550,44.0,178,0,0
1768227880818975,52931,14550,48.0,30,0,0
1768227880822253,52931,14550,48.0,33,0,0
1768227880825237,52931,14550,38.0,74,0,0
1768227880832690,52931,14550,51.0,1,0,0
1768227880837453,52931,14550,22.0,125,0,0
1768227880839672,52931,14550,27.0,152,0,0
1768227880842265,52931,14550,42.0,62,0,0
1768227880848026,52931,14550,25.0,42,0,0
1768227880851742,52931,14550,32.0,36,0,0
1768227880854379,52931,14550,62.0,65,0,0
1768227880857354,52931,14550,49.0,27,0,0
1768227880859784,52931,14550,44.0,116,0,0
1768227880862902,52931,14550,42.0,129,0,0
1768227880865623,52931,14550,34.0,29,0,0
1768227880868362,52931,14550,34.0,137,0,0
1768227880871025,52931,14550,60.0,24,0,0
1768227880875159,52931,14550,53.0,124,0,0
1768227880878657,52931,14550,30.0,2,0,0
1768227880881295,52931,14550,64.0,164,0,0
1768227880884012,52931,14550,42.0,136,0,0
1768227880886419,52931,14550,41.0,193,0,0
1768227880889396,52931,14550,40.0,241,0,0
1768227880891868,52931,14550,61.0,147,0,0
1768227880894925,52931,14550,64.0,11030,0,0
1768227881066396,52931,14550,48.0,163,0,0
1768227881070423,52931,14550,44.0,178,0,0
1768227881074022,52931,14550,48.0,30,0,0
1768227881077627,52931,14550,48.0,33,0,0
1768227881080980,52931,14550,38.0,74,0,0
1768227881086352,52931,14550,51.0,1,0,0
1768227881095982,52931,14550,22.0,125,0,0
1768227881099039,52931,14550,27.0,152,0,0
1768227881101992,52931,14550,42.0,62,0,0
1768227881106807,52931,14550,25.0,42,0,0
1768227881109222,52931,14550,32.0,36,0,0
1768227881111562,52931,14550,62.0,65,0,0
1768227881115029,52931,14550,49.0,27,0,0
1768227881117332,52931,14550,44.0,116,0,0
1768227881118921,52931,14550,42.0,129,0,0
1768227881121178,52931,14550,34.0,29,0,0
1768227881126993,52931,14550,34.0,137,0,0
1768227881129381,52931,14550,60.0,24,0,0
1768227881132526,52931,14550,53.0,124,0,0
1768227881133493,5760,58419,,0,1,0
1768227881135218,52931,14550,30.0,2,0,0
1768227881136874,52931,14550,64.0,164,0,0
1768227881138567,52931,14550,42.0,136,0,0
1768227881140077,52931,14550,41.0,193,0,0
1768227881142022,52931,14550,40.0,241,0,0
1768227881143818,52931,14550,61.0,147,0,0
1768227881145816,52931,14550,64.0,11030,0,0
1768227881149557,52931,14550,29.0,0,0,0
1768227881229582,5760,58419,,264,1,0
1768227881230744,52931,14550,46.0,264,0,0
1768227881317206,52931,14550,48.0,163,0,0
1768227881321955,52931,14550,44.0,178,0,0
1768227881323927,52931,14550,48.0,30,0,0
1768227881327795,52931,14550,48.0,33,0,0
1768227881331047,52931,14550,38.0,74,0,0
1768227881335816,52931,14550,51.0,1,0,0
1768227881340656,52931,14550,22.0,125,0,0
1768227881342715,52931,14550,27.0,152,0,0
1768227881343985,52931,14550,42.0,62,0,0
1768227881345977,52931,14550,25.0,42,0,0
1768227881347956,52931,14550,32.0,36,0,0
1768227881349587,52931,14550,62.0,65,0,0
1768227881351542,52931,14550,49.0,27,0,0
1768227881353325,52931,14550,44.0,116,0,0
1768227881355275,52931,14550,42.0,129,0,0
1768227881357237,52931,14550,34.0,29,0,0
1768227881358587,52931,14550,34.0,137,0,0
1768227881359998,52931,14550,60.0,24,0,0
1768227881362513,52931,14550,53.0,124,0,0
1768227881364872,52931,14550,30.0,2,0,0
1768227881367513,52931,14550,64.0,164,0,0
1768227881369684,52931,14550,42.0,136,0,0
1768227881371384,52931,14550,41.0,193,0,0
1768227881373647,52931,14550,40.0,241,0,0
1768227881375698,52931,14550,61.0,147,0,0
1768227881377845,52931,14550,64.0,11030,0,0
1768227881568680,52931,14550,48.0,163,0,0
1768227881572511,52931,14550,44.0,178,0,0
1768227881576674,52931,14550,48.0,30,0,0
1768227881581509,52931,14550,48.0,33,0,0
1768227881583428,52931,14550,38.0,74,0,0
1768227881589652,52931,14550,51.0,1,0,0
1768227881596543,52931,14550,22.0,125,0,0
1768227881602901,52931,14550,27.0,152,0,0
1768227881607327,52931,14550,42.0,62,0,0
1768227881611642,52931,14550,25.0,42,0,0
1768227881614573,52931,14550,32.0,36,0,0
1768227881616661,52931,14550,62.0,65,0,0
1768227881618402,52931,14550,49.0,27,0,0
1768227881620755,52931,14550,44.0,116,0,0
1768227881622874,52931,14550,42.0,129,0,0
1768227881624726,52931,14550,34.0,29,0,0
1768227881626823,52931,14550,34.0,137,0,0
1768227881628690,52931,14550,60.0,24,0,0
1768227881631124,52931,14550,53.0,124,0,0
1768227881633758,52931,14550,30.0,2,0,0
1768227881635842,52931,14550,64.0,164,0,0
1768227881637653,52931,14550,42.0,136,0,0
1768227881639743,52931,14550,41.0,193,0,0
1768227881641575,52931,14550,40.0,241,0,0
1768227881643581,52931,14550,61.0,147,0,0
1768227881645725,52931,14550,64.0,11030,0,0
1768227881733997,5760,58419,,264,1,0
1768227881734826,52931,14550,46.0,264,0,0
1768227881791664,58419,5760,,0,1,0
1768227881820889,52931,14550,48.0,163,0,0
1768227881822349,52931,14550,44.0,178,0,0
1768227881823529,52931,14550,48.0,30,0,0
1768227881826340,52931,14550,48.0,33,0,0
1768227881828395,52931,14550,38.0,74,0,0
1768227881830784,52931,14550,51.0,1,0,0
1768227881833011,52931,14550,22.0,125,0,0
1768227881834413,52931,14550,27.0,152,0,0
1768227881835594,52931,14550,42.0,62,0,0
1768227881837236,52931,14550,25.0,42,0,0
1768227881838694,52931,14550,32.0,36,0,0
1768227881839907,52931,14550,62.0,65,0,0
1768227881841232,52931,14550,49.0,27,0,0
1768227881843110,52931,14550,44.0,116,0,0
1768227881844195,52931,14550,42.0,129,0,0
1768227881846314,52931,14550,34.0,29,0,0
1768227881847522,52931,14550,34.0,137,0,0
1768227881848961,52931,14550,60.0,24,0,0
1768227881852254,52931,14550,53.0,124,0,0
1768227881853785,52931,14550,30.0,2,0,0
1768227881855226,52931,14550,64.0,164,0,0
1768227881858110,52931,14550,42.0,136,0,0
1768227881859697,52931,14550,41.0,193,0,0
1768227881861990,52931,14550,40.0,241,0,0
1768227881863081,52931,14550,61.0,147,0,0
1768227881864318,52931,14550,64.0,11030,0,0
1768227882071398,52931,14550,48.0,163,0,0
1768227882073214,52931,14550,44.0,178,0,0
1768227882074787,52931,14550,48.0,30,0,0
1768227882076098,52931,14550,48.0,33,0,0
1768227882078081,52931,14550,38.0,74,0,0
1768227882081245,52931,14550,51.0,1,0,0
1768227882083054,52931,14550,22.0,125,0,0
1768227882084094,52931,14550,27.0,152,0,0
1768227882085055,52931,14550,42.0,62,0,0
1768227882086414,52931,14550,25.0,42,0,0
1768227882087561,52931,14550,32.0,36,0,0
1768227882088480,52931,14550,62.0,65,0,0
1768227882089359,52931,14550,49.0,27,0,0
1768227882090302,52931,14550,44.0,116,0,0
1768227882091281,52931,14550,42.0,129,0,0
1768227882092466,52931,14550,34.0,29,0,0
1768227882093577,52931,14550,34.0,137,0,0
1768227882094796,52931,14550,60.0,24,0,0
1768227882096031,52931,14550,53.0,124,0,0
1768227882097538,52931,14550,30.0,2,0,0
1768227882098455,52931,14550,64.0,164,0,0
1768227882099297,52931,14550,42.0,136,0,0
1768227882100137,52931,14550,41.0,193,0,0
1768227882101177,52931,14550,40.0,241,0,0
1768227882102239,52931,14550,61.0,147,0,0
1768227882103142,52931,14550,64.0,11030,0,0
1768227882104107,58419,5760,,66,1,0
1768227882125378,5760,58419,,111,1,0
1768227882126194,52931,14550,33.0,111,0,0
1768227882139297,5760,58419,,0,1,0
1768227882140211,52931,14550,29.0,0,0,0
1768227882232239,5760,58419,,264,1,0
1768227882233866,52931,14550,46.0,264,0,0
1768227882320900,52931,14550,48.0,163,0,0
1768227882324686,52931,14550,44.0,178,0,0
1768227882327420,52931,14550,48.0,30,0,0
1768227882329705,52931,14550,48.0,33,0,0
1768227882331621,52931,14550,38.0,74,0,0
1768227882335709,52931,14550,51.0,1,0,0
1768227882339118,52931,14550,22.0,125,0,0
1768227882342207,52931,14550,27.0,152,0,0
1768227882344253,52931,14550,42.0,62,0,0
1768227882346398,52931,14550,25.0,42,0,0
1768227882348602,52931,14550,32.0,36,0,0
1768227882350784,52931,14550,62.0,65,0,0
1768227882353065,52931,14550,49.0,27,0,0
1768227882354940,52931,14550,44.0,116,0,0
1768227882356619,52931,14550,42.0,129,0,0
1768227882358726,52931,14550,34.0,29,0,0
1768227882360387,52931,14550,34.0,137,0,0
1768227882362214,52931,14550,60.0,24,0,0
1768227882364707,52931,14550,53.0,124,0,0
1768227882367418,52931,14550,30.0,2,0,0
1768227882369479,52931,14550,64.0,164,0,0
1768227882371071,52931,14550,42.0,136,0,0
1768227882373211,52931,14550,41.0,193,0,0
1768227882375560,52931,14550,40.0,241,0,0
1768227882377689,52931,14550,61.0,147,0,0
1768227882379749,52931,14550,64.0,11030,0,0
1768227882557105,5760,58419,,22,1,0
1768227882558267,52931,14550,45.0,22,0,0
1768227882573830,52931,14550,48.0,163,0,0
1768227882576843,52931,14550,44.0,178,0,0
1768227882579743,52931,14550,48.0,30,0,0
1768227882582745,52931,14550,48.0,33,0,0
1768227882586153,52931,14550,38.0,74,0,0
1768227882589020,52931,14550,51.0,1,0,0
1768227882592549,52931,14550,22.0,125,0,0
1768227882594541,52931,14550,27.0,152,0,0
1768227882596052,52931,14550,42.0,62,0,0
1768227882598433,52931,14550,25.0,42,0,0
1768227882600884,52931,14550,32.0,36,0,0
1768227882603528,52931,14550,62.0,65,0,0
1768227882605758,52931,14550,49.0,27,0,0
1768227882608084,52931,14550,44.0,116,0,0
1768227882609591,52931,14550,42.0,129,0,0
1768227882611248,52931,14550,34.0,29,0,0
1768227882612904,52931,14550,34.0,137,0,0
1768227882615312,52931,14550,60.0,24,0,0
1768227882618105,52931,14550,53.0,124,0,0
1768227882620355,52931,14550,30.0,2,0,0
1768227882622535,52931,14550,64.0,164,0,0
1768227882624921,52931,14550,42.0,136,0,0
1768227882626886,52931,14550,41.0,193,0,0
1768227882628773,52931,14550,40.0,241,0,0
1768227882630472,52931,14550,61.0,147,0,0
1768227882633128,52931,14550,64.0,11030,0,0
1768227882737911,5760,58419,,264,1,0
1768227882739121,52931,14550,46.0,264,0,0
1768227882802452,58419,5760,,0,1,0
1768227882827352,52931,14550,48.0,163,0,0
1768227882831541,52931,14550,44.0,178,0,0
1768227882833507,52931,14550,48.0,30,0,0
1768227882836262,52931,14550,48.0,33,0,0
1768227882838419,52931,14550,38.0,74,0,0
1768227882842243,52931,14550,51.0,1,0,0
1768227882846093,52931,14550,22.0,125,0,0
1768227882847989,52931,14550,27.0,152,0,0
1768227882849818,52931,14550,42.0,62,0,0
1768227882853024,52931,14550,25.0,42,0,0
1768227882855873,52931,14550,32.0,36,0,0
1768227882857919,52931,14550,62.0,65,0,0
1768227882859809,52931,14550,49.0,27,0,0
1768227882862331,52931,14550,44.0,116,0,0
1768227882863852,52931,14550,42.0,129,0,0
1768227882866092,52931,14550,34.0,29,0,0
1768227882868789,52931,14550,34.0,137,0,0
1768227882870687,52931,14550,60.0,24,0,0
1768227882873925,52931,14550,53.0,124,0,0
1768227882876615,52931,14550,30.0,2,0,0
1768227882878550,52931,14550,64.0,164,0,0
1768227882880389,52931,14550,42.0,136,0,0
1768227882881865,52931,14550,41.0,193,0,0
1768227882884132,52931,14550,40.0,241,0,0
1768227882886404,52931,14550,61.0,147,0,0
1768227882887937,52931,14550,64.0,11030,0,0
1768227883078332,52931,14550,48.0,163,0,0
1768227883081073,52931,14550,44.0,178,0,0
1768227883084549,52931,14550,48.0,30,0,0
1768227883087579,52931,14550,48.0,33,0,0
1768227883089816,52931,14550,38.0,74,0,0
1768227883096753,52931,14550,51.0,1,0,0
1768227883105210,52931,14550,22.0,125,0,0
1768227883109425,52931,14550,27.0,152,0,0
1768227883111198,52931,14550,42.0,62,0,0
1768227883114344,52931,14550,25.0,42,0,0
1768227883119213,52931,14550,32.0,36,0,0
1768227883122428,52931,14550,62.0,65,0,0
1768227883125046,52931,14550,49.0,27,0,0
1768227883127758,52931,14550,44.0,116,0,0
1768227883131288,52931,14550,42.0,129,0,0
1768227883133988,52931,14550,34.0,29,0,0
1768227883139329,52931,14550,34.0,137,0,0
1768227883142043,52931,14550,60.0,24,0,0
1768227883147866,52931,14550,53.0,124,0,0
1768227883150068,5760,58419,,0,1,0
1768227883151293,52931,14550,30.0,2,0,0
1768227883155711,52931,14550,64.0,164,0,0
1768227883157627,52931,14550,42.0,136,0,0
1768227883159501,52931,14550,41.0,193,0,0
1768227883162212,52931,14550,40.0,241,0,0
1768227883164832,52931,14550,61.0,147,0,0
1768227883166848,52931,14550,64.0,11030,0,0
1768227883170462,52931,14550,29.0,0,0,0
1768227883246086,5760,58419,,264,1,0
1768227883247415,52931,14550,46.0,264,0,0
1768227883329691,52931,14550,48.0,163,0,0
1768227883333338,52931,14550,44.0,178,0,0
1768227883335707,52931,14550,48.0,30,0,0
1768227883338285,52931,14550,48.0,33,0,0
1768227883341708,52931,14550,38.0,74,0,0
1768227883346219,52931,14550,51.0,1,0,0
1768227883353829,52931,14550,22.0,125,0,0
1768227883357255,52931,14550,27.0,152,0,0
1768227883359251,52931,14550,42.0,62,0,0
1768227883361259,52931,14550,25.0,42,0,0
1768227883363677,52931,14550,32.0,36,0,0
1768227883365177,52931,14550,62.0,65,0,0
1768227883367819,52931,14550,49.0,27,0,0
1768227883370342,52931,14550,44.0,116,0,0
1768227883371941,52931,14550,42.0,129,0,0
1768227883373492,52931,14550,34.0,29,0,0
1768227883375666,52931,14550,34.0,137,0,0
1768227883377208,52931,14550,60.0,24,0,0
1768227883380151,52931,14550,53.0,124,0,0
1768227883382963,52931,14550,30.0,2,0,0
1768227883385895,52931,14550,64.0,164,0,0
1768227883388022,52931,14550,42.0,136,0,0
1768227883389715,52931,14550,41.0,193,0,0
1768227883391768,52931,14550,40.0,241,0,0
1768227883393942,52931,14550,61.0,147,0,0
1768227883395703,52931,14550,64.0,11030,0,0
1768227883577710,52931,14550,48.0,163,0,0
1768227883581575,52931,14550,44.0,178,0,0
1768227883584632,52931,14550,48.0,30,0,0
1768227883587213,52931,14550,48.0,33,0,0
1768227883590306,52931,14550,38.0,74,0,0
1768227883597734,52931,14550,51.0,1,0,0
1768227883606055,52931,14550,22.0,125,0,0
1768227883609024,52931,14550,27.0,152,0,0
1768227883612090,52931,14550,42.0,62,0,0
1768227883615914,52931,14550,25.0,42,0,0
1768227883618684,52931,14550,32.0,36,0,0
1768227883621406,52931,14550,62.0,65,0,0
1768227883625491,52931,14550,49.0,27,0,0
1768227883627412,52931,14550,44.0,116,0,0
1768227883629284,52931,14550,42.0,129,0,0
1768227883632493,52931,14550,34.0,29,0,0
1768227883634414,52931,14550,34.0,137,0,0
1768227883636213,52931,14550,60.0,24,0,0
1768227883640869,52931,14550,53.0,124,0,0
1768227883642991,52931,14550,30.0,2,0,0
1768227883645093,52931,14550,64.0,164,0,0
1768227883648203,52931,14550,42.0,136,0,0
1768227883651139,52931,14550,41.0,193,0,0
1768227883654094,52931,14550,40.0,241,0,0
1768227883657314,52931,14550,61.0,147,0,0
1768227883659974,52931,14550,64.0,11030,0,0
1768227883744993,5760,58419,,264,1,0
1768227883746606,52931,14550,46.0,264,0,0
1768227883808922,58419,5760,,0,1,0
1768227883831581,52931,14550,48.0,163,0,0
1768227883834674,52931,14550,44.0,178,0,0
1768227883837133,52931,14550,48.0,30,0,0
1768227883841052,52931,14550,48.0,33,0,0
1768227883842932,52931,14550,38.0,74,0,0
1768227883848989,52931,14550,51.0,1,0,0
1768227883855965,52931,14550,22.0,125,0,0
1768227883858938,52931,14550,27.0,152,0,0
1768227883861178,52931,14550,42.0,62,0,0
1768227883863959,52931,14550,25.0,42,0,0
1768227883867029,52931,14550,32.0,36,0,0
1768227883869354,52931,14550,62.0,65,0,0
1768227883871557,52931,14550,49.0,27,0,0
1768227883873700,52931,14550,44.0,116,0,0
1768227883876222,52931,14550,42.0,129,0,0
1768227883878145,52931,14550,34.0,29,0,0
1768227883880215,52931,14550,34.0,137,0,0
1768227883881876,52931,14550,60.0,24,0,0
1768227883884208,52931,14550,53.0,124,0,0
1768227883886808,52931,14550,30.0,2,0,0
1768227883889475,52931,14550,64.0,164,0,0
1768227883892594,52931,14550,42.0,136,0,0
1768227883894813,52931,14550,41.0,193,0,0
1768227883896654,52931,14550,40.0,241,0,0
1768227883899375,52931,14550,61.0,147,0,0
1768227883901137,52931,14550,64.0,11030,0,0
1768227884086593,52931,14550,48.0,163,0,0
1768227884089240,52931,14550,44.0,178,0,0
1768227884091670,52931,14550,48.0,30,0,0
1768227884096056,52931,14550,48.0,33,0,0
1768227884100010,52931,14550,38.0,74,0,0
1768227884105654,52931,14550,51.0,1,0,0
1768227884115744,52931,14550,22.0,125,0,0
1768227884122219,52931,14550,27.0,152,0,0
1768227884125086,52931,14550,42.0,62,0,0
1768227884129921,52931,14550,25.0,42,0,0
1768227884134012,52931,14550,32.0,36,0,0
1768227884136463,52931,14550,62.0,65,0,0
1768227884140186,52931,14550,49.0,27,0,0
1768227884144566,52931,14550,44.0,116,0,0
1768227884147340,52931,14550,42.0,129,0,0
1768227884150157,52931,14550,34.0,29,0,0
1768227884153527,5760,58419,,0,1,0
1768227884154385,52931,14550,34.0,137,0,0
1768227884156353,52931,14550,60.0,24,0,0
1768227884160431,52931,14550,53.0,124,0,0
1768227884162717,52931,14550,30.0,2,0,0
1768227884165278,52931,14550,64.0,164,0,0
1768227884166887,52931,14550,42.0,136,0,0
1768227884170017,52931,14550,41.0,193,0,0
1768227884174274,52931,14550,40.0,241,0,0
1768227884175584,52931,14550,61.0,147,0,0
1768227884177958,52931,14550,64.0,11030,0,0
1768227884181131,52931,14550,29.0,0,0,0
1768227884246795,5760,58419,,264,1,0
1768227884247588,52931,14550,46.0,264,0,0
1768227884333126,52931,14550,48.0,163,0,0
1768227884335574,52931,14550,44.0,178,0,0
1768227884336617,52931,14550,48.0,30,0,0
1768227884338030,52931,14550,48.0,33,0,0
1768227884339630,52931,14550,38.0,74,0,0
1768227884341960,52931,14550,51.0,1,0,0
1768227884343699,52931,14550,22.0,125,0,0
1768227884344770,52931,14550,27.0,152,0,0
1768227884346001,52931,14550,42.0,62,0,0
1768227884347821,52931,14550,25.0,42,0,0
1768227884349344,52931,14550,32.0,36,0,0
1768227884350276,52931,14550,62.0,65,0,0
1768227884351178,52931,14550,49.0,27,0,0
1768227884352125,52931,14550,44.0,116,0,0
1768227884353108,52931,14550,42.0,129,0,0
1768227884354352,52931,14550,34.0,29,0,0
1768227884355545,52931,14550,34.0,137,0,0
1768227884356601,52931,14550,60.0,24,0,0
1768227884358633,52931,14550,53.0,124,0,0
1768227884360509,52931,14550,30.0,2,0,0
1768227884362380,52931,14550,64.0,164,0,0
1768227884363609,52931,14550,42.0,136,0,0
1768227884364920,52931,14550,41.0,193,0,0
1768227884366592,52931,14550,40.0,241,0,0
1768227884369126,52931,14550,61.0,147,0,0
1768227884371385,52931,14550,64.0,11030,0,0
1768227884585693,52931,14550,48.0,163,0,0
1768227884588439,52931,14550,44.0,178,0,0
1768227884590612,52931,14550,48.0,30,0,0
1768227884597355,52931,14550,48.0,33,0,0
1768227884599481,52931,14550,38.0,74,0,0
1768227884603707,52931,14550,51.0,1,0,0
1768227884614016,52931,14550,22.0,125,0,0
1768227884617205,52931,14550,27.0,152,0,0
1768227884619191,52931,14550,42.0,62,0,0
1768227884622849,52931,14550,25.0,42,0,0
1768227884625720,52931,14550,32.0,36,0,0
1768227884631763,52931,14550,62.0,65,0,0
1768227884634936,52931,14550,49.0,27,0,0
1768227884637571,52931,14550,44.0,116,0,0
1768227884644262,52931,14550,42.0,129,0,0
1768227884646230,52931,14550,34.0,29,0,0
1768227884648358,52931,14550,34.0,137,0,0
1768227884650214,52931,14550,60.0,24,0,0
1768227884652524,52931,14550,53.0,124,0,0
1768227884654812,52931,14550,30.0,2,0,0
1768227884657477,52931,14550,64.0,164,0,0
1768227884660256,52931,14550,42.0,136,0,0
1768227884662479,52931,14550,41.0,193,0,0
1768227884664436,52931,14550,40.0,241,0,0
1768227884666138,52931,14550,61.0,147,0,0
1768227884668284,52931,14550,64.0,11030,0,0
1768227884752840,5760,58419,,264,1,0
1768227884754066,52931,14550,46.0,264,0,0
1768227884815453,58419,5760,,0,1,0
1768227884840596,52931,14550,48.0,163,0,0
1768227884843122,52931,14550,44.0,178,0,0
1768227884844681,52931,14550,48.0,30,0,0
1768227884848700,52931,14550,48.0,33,0,0
1768227884851735,52931,14550,38.0,74,0,0
1768227884857106,52931,14550,51.0,1,0,0
1768227884862855,52931,14550,22.0,125,0,0
1768227884865937,52931,14550,27.0,152,0,0
1768227884868395,52931,14550,42.0,62,0,0
1768227884870868,52931,14550,25.0,42,0,0
1768227884873959,52931,14550,32.0,36,0,0
1768227884876018,52931,14550,62.0,65,0,0
1768227884878173,52931,14550,49.0,27,0,0
1768227884880092,52931,14550,44.0,116,0,0
1768227884882407,52931,14550,42.0,129,0,0
1768227884884463,52931,14550,34.0,29,0,0
1768227884886481,52931,14550,34.0,137,0,0
1768227884888602,52931,14550,60.0,24,0,0
1768227884891352,52931,14550,53.0,124,0,0
1768227884893666,52931,14550,30.0,2,0,0
1768227884895741,52931,14550,64.0,164,0,0
1768227884897746,52931,14550,42.0,136,0,0
1768227884900347,52931,14550,41.0,193,0,0
1768227884902605,52931,14550,40.0,241,0,0
1768227884904271,52931,14550,61.0,147,0,0
1768227884906039,52931,14550,64.0,11030,0,0
1768227885092505,52931,14550,48.0,163,0,0
1768227885096378,52931,14550,44.0,178,0,0
1768227885098316,52931,14550,48.0,30,0,0
1768227885102643,52931,14550,48.0,33,0,0
1768227885108167,52931,14550,38.0,74,0,0
1768227885113719,52931,14550,51.0,1,0,0
1768227885120279,52931,14550,22.0,125,0,0
1768227885123500,52931,14550,27.0,152,0,0
1768227885126555,52931,14550,42.0,62,0,0
1768227885133488,52931,14550,25.0,42,0,0
1768227885136688,52931,14550,32.0,36,0,0
1768227885138722,52931,14550,62.0,65,0,0
1768227885141549,52931,14550,49.0,27,0,0
1768227885143093,52931,14550,44.0,116,0,0
1768227885145261,52931,14550,42.0,129,0,0
1768227885147565,52931,14550,34.0,29,0,0
1768227885150029,52931,14550,34.0,137,0,0
1768227885152702,52931,14550,60.0,24,0,0
1768227885156203,52931,14550,53.0,124,0,0
1768227885159394,52931,14550,30.0,2,0,0
1768227885162486,52931,14550,64.0,164,0,0
1768227885162660,5760,58419,,0,1,0
1768227885165178,52931,14550,42.0,136,0,0
1768227885168146,52931,14550,41.0,193,0,0
1768227885170693,52931,14550,40.0,241,0,0
1768227885173051,52931,14550,61.0,147,0,0
1768227885175365,52931,14550,64.0,11030,0,0
1768227885179429,52931,14550,29.0,0,0,0
1768227885255661,5760,58419,,264,1,0
1768227885256851,52931,14550,46.0,264,0,0
1768227885341085,52931,14550,48.0,163,0,0
1768227885343772,52931,14550,44.0,178,0,0
1768227885345697,52931,14550,48.0,30,0,0
1768227885348216,52931,14550,48.0,33,0,0
1768227885350090,52931,14550,38.0,74,0,0
1768227885353413,52931,14550,51.0,1,0,0
1768227885358860,52931,14550,22.0,125,0,0
1768227885361197,52931,14550,27.0,152,0,0
1768227885362583,52931,14550,42.0,62,0,0
1768227885364837,52931,14550,25.0,42,0,0
1768227885368146,52931,14550,32.0,36,0,0
1768227885369686,52931,14550,62.0,65,0,0
1768227885371224,52931,14550,49.0,27,0,0
1768227885373094,52931,14550,44.0,116,0,0
1768227885375256,52931,14550,42.0,129,0,0
1768227885376903,52931,14550,34.0,29,0,0
1768227885378371,52931,14550,34.0,137,0,0
1768227885379893,52931,14550,60.0,24,0,0
1768227885381785,52931,14550,53.0,124,0,0
1768227885383334,52931,14550,30.0,2,0,0
1768227885384695,52931,14550,64.0,164,0,0
1768227885386073,52931,14550,42.0,136,0,0
1768227885387369,52931,14550,41.0,193,0,0
1768227885389224,52931,14550,40.0,241,0,0
1768227885390891,52931,14550,61.0,147,0,0
1768227885392341,52931,14550,64.0,11030,0,0
1768227885595890,52931,14550,48.0,163,0,0
1768227885600159,52931,14550,44.0,178,0,0
1768227885602190,52931,14550,48.0,30,0,0
1768227885605466,52931,14550,48.0,33,0,0
1768227885607713,52931,14550,38.0,74,0,0
1768227885612106,52931,14550,51.0,1,0,0
1768227885621762,52931,14550,22.0,125,0,0
1768227885624403,52931,14550,27.0,152,0,0
1768227885626411,52931,14550,42.0,62,0,0
1768227885629376,52931,14550,25.0,42,0,0
1768227885631898,52931,14550,32.0,36,0,0
1768227885634518,52931,14550,62.0,65,0,0
1768227885636631,52931,14550,49.0,27,0,0
1768227885639565,52931,14550,44.0,116,0,0
1768227885641618,52931,14550,42.0,129,0,0
1768227885644238,52931,14550,34.0,29,0,0
1768227885647073,52931,14550,34.0,137,0,0
1768227885649956,52931,14550,60.0,24,0,0
1768227885653052,52931,14550,53.0,124,0,0
1768227885656274,52931,14550,30.0,2,0,0
1768227885659551,52931,14550,64.0,164,0,0
1768227885661511,52931,14550,42.0,136,0,0
1768227885665179,52931,14550,41.0,193,0,0
1768227885667667,52931,14550,40.0,241,0,0
1768227885670396,52931,14550,61.0,147,0,0
1768227885672643,52931,14550,64.0,11030,0,0
1768227885762546,5760,58419,,264,1,0
1768227885763815,52931,14550,46.0,264,0,0
1768227885826189,58419,5760,,0,1,0
1768227885842830,52931,14550,48.0,163,0,0
1768227885847082,52931,14550,44.0,178,0,0
1768227885849497,52931,14550,48.0,30,0,0
1768227885851702,52931,14550,48.0,33,0,0
1768227885853507,52931,14550,38.0,74,0,0
1768227885856751,52931,14550,51.0,1,0,0
1768227885859881,52931,14550,22.0,125,0,0
1768227885862593,52931,14550,27.0,152,0,0
1768227885865204,52931,14550,42.0,62,0,0
1768227885868600,52931,14550,25.0,42,0,0
1768227885870947,52931,14550,32.0,36,0,0
1768227885873025,52931,14550,62.0,65,0,0
1768227885874725,52931,14550,49.0,27,0,0
1768227885876579,52931,14550,44.0,116,0,0
1768227885878537,52931,14550,42.0,129,0,0
1768227885880376,52931,14550,34.0,29,0,0
1768227885882023,52931,14550,34.0,137,0,0
1768227885884229,52931,14550,60.0,24,0,0
1768227885886410,52931,14550,53.0,124,0,0
1768227885888608,52931,14550,30.0,2,0,0
1768227885891123,52931,14550,64.0,164,0,0
1768227885894232,52931,14550,42.0,136,0,0
1768227885896326,52931,14550,41.0,193,0,0
1768227885898440,52931,14550,40.0,241,0,0
1768227885900281,52931,14550,61.0,147,0,0
1768227885902100,52931,14550,64.0,11030,0,0
1768227886099280,52931,14550,48.0,163,0,0
1768227886103300,52931,14550,44.0,178,0,0
1768227886106807,52931,14550,48.0,30,0,0
1768227886111190,52931,14550,48.0,33,0,0
1768227886114899,52931,14550,38.0,74,0,0
1768227886122143,52931,14550,51.0,1,0,0
1768227886132345,52931,14550,22.0,125,0,0
1768227886135784,52931,14550,27.0,152,0,0
1768227886138962,52931,14550,42.0,62,0,0
1768227886145065,52931,14550,25.0,42,0,0
1768227886149469,52931,14550,32.0,36,0,0
1768227886151549,52931,14550,62.0,65,0,0
1768227886153687,52931,14550,49.0,27,0,0
1768227886155373,52931,14550,44.0,116,0,0
1768227886157879,52931,14550,42.0,129,0,0
1768227886159719,52931,14550,34.0,29,0,0
1768227886161894,52931,14550,34.0,137,0,0
1768227886163781,52931,14550,60.0,24,0,0
1768227886165935,52931,14550,53.0,124,0,0
1768227886166071,5760,58419,,0,1,0
1768227886168989,52931,14550,30.0,2,0,0
1768227886170600,52931,14550,64.0,164,0,0
1768227886172601,52931,14550,42.0,136,0,0
1768227886174224,52931,14550,41.0,193,0,0
1768227886176703,52931,14550,40.0,241,0,0
1768227886178625,52931,14550,61.0,147,0,0
1768227886181079,52931,14550,64.0,11030,0,0
1768227886185137,52931,14550,29.0,0,0,0
1768227886260735,5760,58419,,264,1,0
1768227886262086,52931,14550,46.0,264,0,0
1768227886350427,52931,14550,48.0,163,0,0
1768227886353733,52931,14550,44.0,178,0,0
1768227886355484,52931,14550,48.0,30,0,0
1768227886357729,52931,14550,48.0,33,0,0
1768227886362465,52931,14550,38.0,74,0,0
1768227886365607,52931,14550,51.0,1,0,0
1768227886369287,52931,14550,22.0,125,0,0
1768227886372236,52931,14550,27.0,152,0,0
1768227886373731,52931,14550,42.0,62,0,0
1768227886376414,52931,14550,25.0,42,0,0
1768227886379107,52931,14550,32.0,36,0,0
1768227886380966,52931,14550,62.0,65,0,0
1768227886382695,52931,14550,49.0,27,0,0
1768227886384905,52931,14550,44.0,116,0,0
1768227886386585,52931,14550,42.0,129,0,0
1768227886388801,52931,14550,34.0,29,0,0
1768227886390632,52931,14550,34.0,137,0,0
1768227886392265,52931,14550,60.0,24,0,0
1768227886395068,52931,14550,53.0,124,0,0
1768227886397198,52931,14550,30.0,2,0,0
1768227886399913,52931,14550,64.0,164,0,0
1768227886401743,52931,14550,42.0,136,0,0
1768227886404052,52931,14550,41.0,193,0,0
1768227886406858,52931,14550,40.0,241,0,0
1768227886408606,52931,14550,61.0,147,0,0
1768227886410075,52931,14550,64.0,11030,0,0
1768227886599848,52931,14550,48.0,163,0,0
1768227886602093,52931,14550,44.0,178,0,0
1768227886604286,52931,14550,48.0,30,0,0
1768227886608646,52931,14550,48.0,33,0,0
1768227886612011,52931,14550,38.0,74,0,0
1768227886616145,52931,14550,51.0,1,0,0
1768227886623386,52931,14550,22.0,125,0,0
1768227886626612,52931,14550,27.0,152,0,0
1768227886628778,52931,14550,42.0,62,0,0
1768227886635426,52931,14550,25.0,42,0,0
1768227886638737,52931,14550,32.0,36,0,0
1768227886640979,52931,14550,62.0,65,0,0
1768227886644634,52931,14550,49.0,27,0,0
1768227886646540,52931,14550,44.0,116,0,0
1768227886649349,52931,14550,42.0,129,0,0
1768227886651808,52931,14550,34.0,29,0,0
1768227886655159,52931,14550,34.0,137,0,0
1768227886658673,52931,14550,60.0,24,0,0
1768227886661752,52931,14550,53.0,124,0,0
1768227886665178,52931,14550,30.0,2,0,0
1768227886667364,52931,14550,64.0,164,0,0
1768227886670745,52931,14550,42.0,136,0,0
1768227886672841,52931,14550,41.0,193,0,0
1768227886676095,52931,14550,40.0,241,0,0
1768227886678724,52931,14550,61.0,147,0,0
1768227886681818,52931,14550,64.0,11030,0,0
1768227886765123,5760,58419,,264,1,0
1768227886766766,52931,14550,46.0,264,0,0
1768227886829226,58419,5760,,0,1,0
1768227886854878,52931,14550,48.0,163,0,0
1768227886857830,52931,14550,44.0,178,0,0
1768227886861806,52931,14550,48.0,30,0,0
1768227886864966,52931,14550,48.0,33,0,0
1768227886866395,52931,14550,38.0,74,0,0
1768227886871046,52931,14550,51.0,1,0,0
1768227886875543,52931,14550,22.0,125,0,0
1768227886878327,52931,14550,27.0,152,0,0
1768227886880519,52931,14550,42.0,62,0,0
1768227886883306,52931,14550,25.0,42,0,0
1768227886885893,52931,14550,32.0,36,0,0
1768227886888066,52931,14550,62.0,65,0,0
1768227886890252,52931,14550,49.0,27,0,0
1768227886891870,52931,14550,44.0,116,0,0
1768227886893453,52931,14550,42.0,129,0,0
1768227886895168,52931,14550,34.0,29,0,0
1768227886895861,52931,14550,34.0,137,0,0
1768227886896566,52931,14550,60.0,24,0,0
1768227886897899,52931,14550,53.0,124,0,0
1768227886898748,52931,14550,30.0,2,0,0
1768227886899417,52931,14550,64.0,164,0,0
1768227886900120,52931,14550,42.0,136,0,0
1768227886900711,52931,14550,41.0,193,0,0
1768227886901473,52931,14550,40.0,241,0,0
1768227886902548,52931,14550,61.0,147,0,0
1768227886903569,52931,14550,64.0,11030,0,0
1768227887100238,52931,14550,48.0,163,0,0
1768227887102657,52931,14550,44.0,178,0,0
1768227887103930,52931,14550,48.0,30,0,0
1768227887106041,52931,14550,48.0,33,0,0
1768227887112241,52931,14550,38.0,74,0,0
1768227887115564,52931,14550,51.0,1,0,0
1768227887119513,52931,14550,22.0,125,0,0
1768227887121266,52931,14550,27.0,152,0,0
1768227887122692,52931,14550,42.0,62,0,0
1768227887124651,52931,14550,25.0,42,0,0
1768227887127276,52931,14550,32.0,36,0,0
1768227887129978,52931,14550,62.0,65,0,0
1768227887131779,52931,14550,49.0,27,0,0
1768227887133173,52931,14550,44.0,116,0,0
1768227887134558,52931,14550,42.0,129,0,0
1768227887135726,52931,14550,34.0,29,0,0
1768227887138622,52931,14550,34.0,137,0,0
1768227887139530,52931,14550,60.0,24,0,0
1768227887141226,52931,14550,53.0,124,0,0
1768227887142594,52931,14550,30.0,2,0,0
1768227887144303,52931,14550,64.0,164,0,0
1768227887145764,52931,14550,42.0,136,0,0
1768227887147528,52931,14550,41.0,193,0,0
1768227887150444,52931,14550,40.0,241,0,0
1768227887153081,52931,14550,61.0,147,0,0
1768227887154572,52931,14550,64.0,11030,0,0
1768227887160262,58419,5760,,44,1,0
1768227887165320,52931,14550,24.0,40,0,0
1768227887165856,58419,5760,,73,1,0
1768227887167713,52931,14550,45.0,22,0,0
1768227887171343,5760,58419,,40,1,0
1768227887172049,52931,14550,24.0,40,0,0
1768227887172293,5760,58419,,0,1,0
1768227887172503,58419,5760,,73,1,0
1768227887174620,52931,14550,29.0,0,0,0
1768227887179052,5760,58419,,40,1,0
1768227887179794,52931,14550,24.0,40,0,0
1768227887180209,58419,5760,,73,1,0
1768227887186655,5760,58419,,40,1,0
1768227887187347,52931,14550,24.0,40,0,0
1768227887187794,58419,5760,,73,1,0
1768227887194049,5760,58419,,40,1,0
1768227887194790,52931,14550,24.0,40,0,0
1768227887195406,58419,5760,,73,1,0
1768227887201829,5760,58419,,40,1,0
1768227887202607,52931,14550,24.0,40,0,0
1768227887203305,58419,5760,,73,1,0
1768227887209220,5760,58419,,40,1,0
1768227887209953,52931,14550,24.0,40,0,0
1768227887210342,58419,5760,,73,1,0
1768227887216863,5760,58419,,40,1,0
1768227887217590,52931,14550,24.0,40,0,0
1768227887218100,58419,5760,,73,1,0
1768227887224239,5760,58419,,40,1,0
1768227887224978,52931,14550,24.0,40,0,0
1768227887225395,58419,5760,,73,1,0
1768227887231980,5760,58419,,40,1,0
1768227887232725,52931,14550,24.0,40,0,0
1768227887233379,58419,5760,,73,1,0
1768227887239062,5760,58419,,40,1,0
1768227887239841,52931,14550,24.0,40,0,0
1768227887240301,58419,5760,,73,1,0
1768227887246899,5760,58419,,40,1,0
1768227887247576,52931,14550,24.0,40,0,0
1768227887248759,58419,5760,,73,1,0
1768227887254479,5760,58419,,40,1,0
1768227887255207,52931,14550,24.0,40,0,0
1768227887255588,58419,5760,,73,1,0
1768227887261931,5760,58419,,40,1,0
1768227887262716,52931,14550,24.0,40,0,0
1768227887263133,58419,5760,,73,1,0
1768227887269418,5760,58419,,40,1,0
1768227887270149,52931,14550,24.0,40,0,0
1768227887270539,58419,5760,,73,1,0
1768227887276962,5760,58419,,40,1,0
1768227887277673,52931,14550,24.0,40,0,0
1768227887278599,58419,5760,,73,1,0
1768227887284873,5760,58419,,40,1,0
1768227887285543,52931,14550,24.0,40,0,0
1768227887286214,58419,5760,,73,1,0
1768227887291970,5760,58419,,40,1,0
1768227887292847,52931,14550,24.0,40,0,0
1768227887293955,58419,5760,,73,1,0
1768227887299340,5760,58419,,40,1,0
1768227887300024,52931,14550,24.0,40,0,0
1768227887301096,58419,5760,,73,1,0
1768227887306902,5760,58419,,40,1,0
1768227887307536,52931,14550,24.0,40,0,0
1768227887308284,58419,5760,,73,1,0
1768227887313900,5760,58419,,40,1,0
1768227887314717,52931,14550,24.0,40,0,0
1768227887315378,58419,5760,,73,1,0
1768227887321692,5760,58419,,40,1,0
1768227887322617,52931,14550,24.0,40,0,0
1768227887324928,58419,5760,,73,1,0
1768227887330019,5760,58419,,40,1,0
1768227887330867,52931,14550,24.0,40,0,0
1768227887331479,58419,5760,,73,1,0
1768227887337694,5760,58419,,40,1,0
1768227887338681,52931,14550,24.0,40,0,0
1768227887339841,58419,5760,,73,1,0
1768227887347360,52931,14550,22.0,47,0,0
1768227887348786,52931,14550,46.0,264,0,0
1768227887350666,52931,14550,41.0,253,0,0
1768227887355024,52931,14550,48.0,163,0,0
1768227887357568,52931,14550,44.0,178,0,0
1768227887360295,52931,14550,48.0,30,0,0
1768227887363381,52931,14550,48.0,33,0,0
1768227887365151,52931,14550,38.0,74,0,0
1768227887368091,52931,14550,51.0,1,0,0
1768227887370189,52931,14550,22.0,125,0,0
1768227887372300,52931,14550,27.0,152,0,0
1768227887374303,52931,14550,42.0,62,0,0
1768227887376347,52931,14550,25.0,42,0,0
1768227887379928,52931,14550,32.0,36,0,0
1768227887381515,52931,14550,62.0,65,0,0
1768227887382635,52931,14550,49.0,27,0,0
1768227887383707,52931,14550,44.0,116,0,0
1768227887384737,52931,14550,42.0,129,0,0
1768227887385829,52931,14550,34.0,29,0,0
1768227887386916,52931,14550,34.0,137,0,0
1768227887387955,52931,14550,60.0,24,0,0
1768227887389941,52931,14550,53.0,124,0,0
1768227887391661,52931,14550,30.0,2,0,0
1768227887393496,52931,14550,64.0,164,0,0
1768227887394917,52931,14550,42.0,136,0,0
1768227887396235,52931,14550,41.0,193,0,0
1768227887397856,52931,14550,40.0,241,0,0
1768227887399336,52931,14550,61.0,147,0,0
1768227887400825,52931,14550,64.0,11030,0,0
1768227887602658,52931,14550,48.0,163,0,0
1768227887605410,52931,14550,44.0,178,0,0
1768227887607915,52931,14550,48.0,30,0,0
1768227887612343,52931,14550,48.0,33,0,0
1768227887615195,52931,14550,38.0,74,0,0
1768227887619170,52931,14550,51.0,1,0,0
1768227887624896,52931,14550,22.0,125,0,0
1768227887627899,52931,14550,27.0,152,0,0
1768227887633560,52931,14550,42.0,62,0,0
1768227887635725,52931,14550,25.0,42,0,0
1768227887637643,52931,14550,32.0,36,0,0
1768227887639243,52931,14550,62.0,65,0,0
1768227887641102,52931,14550,49.0,27,0,0
1768227887642182,52931,14550,44.0,116,0,0
1768227887643294,52931,14550,42.0,129,0,0
1768227887644371,52931,14550,34.0,29,0,0
1768227887645494,52931,14550,34.0,137,0,0
1768227887646624,52931,14550,60.0,24,0,0
1768227887648279,52931,14550,53.0,124,0,0
1768227887649636,52931,14550,30.0,2,0,0
1768227887650727,52931,14550,64.0,164,0,0
1768227887652290,52931,14550,42.0,136,0,0
1768227887653887,52931,14550,41.0,193,0,0
1768227887655793,52931,14550,40.0,241,0,0
1768227887657530,52931,14550,61.0,147,0,0
1768227887658983,52931,14550,64.0,11030,0,0
1768227887770018,5760,58419,,264,1,0
1768227887771370,52931,14550,46.0,264,0,0
1768227887832404,58419,5760,,0,1,0
1768227887858668,52931,14550,48.0,163,0,0
1768227887862823,52931,14550,44.0,178,0,0
1768227887865584,52931,14550,48.0,30,0,0
1768227887867887,52931,14550,48.0,33,0,0
1768227887870677,52931,14550,38.0,74,0,0
1768227887874298,52931,14550,51.0,1,0,0
1768227887878729,52931,14550,22.0,125,0,0
1768227887881032,52931,14550,27.0,152,0,0
1768227887882531,52931,14550,42.0,62,0,0
1768227887884523,52931,14550,25.0,42,0,0
1768227887887072,52931,14550,32.0,36,0,0
1768227887888568,52931,14550,62.0,65,0,0
1768227887890118,52931,14550,49.0,27,0,0
1768227887892397,52931,14550,44.0,116,0,0
1768227887894560,52931,14550,42.0,129,0,0
1768227887896690,52931,14550,34.0,29,0,0
1768227887898738,52931,14550,34.0,137,0,0
1768227887900675,52931,14550,60.0,24,0,0
1768227887903545,52931,14550,53.0,124,0,0
1768227887905998,52931,14550,30.0,2,0,0
1768227887907849,52931,14550,64.0,164,0,0
1768227887910283,52931,14550,42.0,136,0,0
1768227887911992,52931,14550,41.0,193,0,0
1768227887914095,52931,14550,40.0,241,0,0
1768227887915769,52931,14550,61.0,147,0,0
1768227887917437,52931,14550,64.0,11030,0,0
1768227888105923,52931,14550,48.0,163,0,0
1768227888109128,52931,14550,44.0,178,0,0
1768227888110774,52931,14550,48.0,30,0,0
1768227888113142,52931,14550,48.0,33,0,0
1768227888114903,52931,14550,38.0,74,0,0
1768227888119314,52931,14550,51.0,1,0,0
1768227888126172,52931,14550,22.0,125,0,0
1768227888130636,52931,14550,27.0,152,0,0
1768227888132895,52931,14550,42.0,62,0,0
1768227888137496,52931,14550,25.0,42,0,0
1768227888141591,52931,14550,32.0,36,0,0
1768227888143579,52931,14550,62.0,65,0,0
1768227888145372,52931,14550,49.0,27,0,0
1768227888147008,52931,14550,44.0,116,0,0
1768227888148780,52931,14550,42.0,129,0,0
1768227888150526,52931,14550,34.0,29,0,0
1768227888152097,52931,14550,34.0,137,0,0
1768227888156362,52931,14550,60.0,24,0,0
1768227888175371,52931,14550,53.0,124,0,0
1768227888177355,52931,14550,30.0,2,0,0
1768227888180172,52931,14550,64.0,164,0,0
1768227888181757,52931,14550,42.0,136,0,0
1768227888183180,5760,58419,,0,1,0
1768227888184757,52931,14550,41.0,193,0,0
1768227888187223,52931,14550,40.0,241,0,0
1768227888190657,52931,14550,61.0,147,0,0
1768227888192381,52931,14550,64.0,11030,0,0
1768227888198197,52931,14550,29.0,0,0,0
1768227888274765,5760,58419,,264,1,0
1768227888275988,52931,14550,46.0,264,0,0
1768227888361241,52931,14550,48.0,163,0,0
1768227888364000,52931,14550,44.0,178,0,0
1768227888366710,52931,14550,48.0,30,0,0
1768227888371551,52931,14550,48.0,33,0,0
1768227888374278,52931,14550,38.0,74,0,0
1768227888378053,52931,14550,51.0,1,0,0
1768227888382816,52931,14550,22.0,125,0,0
1768227888385386,52931,14550,27.0,152,0,0
1768227888387082,52931,14550,42.0,62,0,0
1768227888390446,52931,14550,25.0,42,0,0
1768227888394482,52931,14550,32.0,36,0,0
1768227888397482,52931,14550,62.0,65,0,0
1768227888399726,52931,14550,49.0,27,0,0
1768227888401869,52931,14550,44.0,116,0,0
1768227888404630,52931,14550,42.0,129,0,0
1768227888406549,52931,14550,34.0,29,0,0
1768227888408387,52931,14550,34.0,137,0,0
1768227888410444,52931,14550,60.0,24,0,0
1768227888413125,52931,14550,53.0,124,0,0
1768227888415914,52931,14550,30.0,2,0,0
1768227888417962,52931,14550,64.0,164,0,0
1768227888420048,52931,14550,42.0,136,0,0
1768227888421872,52931,14550,41.0,193,0,0
1768227888423971,52931,14550,40.0,241,0,0
1768227888426092,52931,14550,61.0,147,0,0
1768227888428068,52931,14550,64.0,11030,0,0
1768227888610350,52931,14550,48.0,163,0,0
1768227888612430,52931,14550,44.0,178,0,0
1768227888614147,52931,14550,48.0,30,0,0
1768227888614820,52931,14550,48.0,33,0,0
1768227888615342,52931,14550,38.0,74,0,0
1768227888616718,52931,14550,51.0,1,0,0
1768227888618005,52931,14550,22.0,125,0,0
1768227888618578,52931,14550,27.0,152,0,0
1768227888619071,52931,14550,42.0,62,0,0
1768227888620147,52931,14550,25.0,42,0,0
1768227888620779,52931,14550,32.0,36,0,0
1768227888621306,52931,14550,62.0,65,0,0
1768227888622649,52931,14550,49.0,27,0,0
1768227888623927,52931,14550,44.0,116,0,0
1768227888624371,52931,14550,42.0,129,0,0
1768227888624802,52931,14550,34.0,29,0,0
1768227888625534,52931,14550,34.0,137,0,0
1768227888625931,52931,14550,60.0,24,0,0
1768227888626934,52931,14550,53.0,124,0,0
1768227888627647,52931,14550,30.0,2,0,0
1768227888628158,52931,14550,64.0,164,0,0
1768227888628672,52931,14550,42.0,136,0,0
1768227888629256,52931,14550,41.0,193,0,0
1768227888629847,52931,14550,40.0,241,0,0
1768227888630543,52931,14550,61.0,147,0,0
1768227888630926,52931,14550,64.0,11030,0,0
1768227888776506,5760,58419,,264,1,0
1768227888776939,52931,14550,46.0,264,0,0
1768227888841560,58419,5760,,0,1,0
1768227888860808,52931,14550,48.0,163,0,0
1768227888861523,52931,14550,44.0,178,0,0
1768227888862354,52931,14550,48.0,30,0,0
1768227888863094,52931,14550,48.0,33,0,0
1768227888864013,52931,14550,38.0,74,0,0
1768227888864649,52931,14550,51.0,1,0,0
1768227888865389,52931,14550,22.0,125,0,0
1768227888865938,52931,14550,27.0,152,0,0
1768227888866280,52931,14550,42.0,62,0,0
1768227888866972,52931,14550,25.0,42,0,0
1768227888867698,52931,14550,32.0,36,0,0
1768227888868072,52931,14550,62.0,65,0,0
1768227888868458,52931,14550,49.0,27,0,0
1768227888868798,52931,14550,44.0,116,0,0
1768227888869136,52931,14550,42.0,129,0,0
1768227888869507,52931,14550,34.0,29,0,0
1768227888869845,52931,14550,34.0,137,0,0
1768227888870230,52931,14550,60.0,24,0,0
1768227888870748,52931,14550,53.0,124,0,0
1768227888871206,52931,14550,30.0,2,0,0
1768227888871560,52931,14550,64.0,164,0,0
1768227888871899,52931,14550,42.0,136,0,0
1768227888872285,52931,14550,41.0,193,0,0
1768227888872804,52931,14550,40.0,241,0,0
1768227888873398,52931,14550,61.0,147,0,0
1768227888873772,52931,14550,64.0,11030,0,0
1768227889110648,52931,14550,48.0,163,0,0
1768227889112919,52931,14550,44.0,178,0,0
1768227889115540,52931,14550,48.0,30,0,0
1768227889118913,52931,14550,48.0,33,0,0
1768227889122242,52931,14550,38.0,74,0,0
1768227889127687,52931,14550,51.0,1,0,0
1768227889137393,52931,14550,22.0,125,0,0
1768227889141144,52931,14550,27.0,152,0,0
1768227889143072,52931,14550,42.0,62,0,0
1768227889147769,52931,14550,25.0,42,0,0
1768227889153323,52931,14550,32.0,36,0,0
1768227889155240,52931,14550,62.0,65,0,0
1768227889158409,52931,14550,49.0,27,0,0
1768227889160737,52931,14550,44.0,116,0,0
1768227889163098,52931,14550,42.0,129,0,0
1768227889167893,52931,14550,34.0,29,0,0
1768227889171446,52931,14550,34.0,137,0,0
1768227889174116,52931,14550,60.0,24,0,0
1768227889177001,52931,14550,53.0,124,0,0
1768227889180454,52931,14550,30.0,2,0,0
1768227889180919,5760,58419,,0,1,0
1768227889186334,52931,14550,64.0,164,0,0
1768227889190114,52931,14550,42.0,136,0,0
1768227889192966,52931,14550,41.0,193,0,0
1768227889197283,52931,14550,40.0,241,0,0
1768227889199903,52931,14550,61.0,147,0,0
1768227889203001,52931,14550,64.0,11030,0,0
1768227889209945,52931,14550,29.0,0,0,0
1768227889278760,5760,58419,,264,1,0
1768227889280214,52931,14550,46.0,264,0,0
1768227889365290,52931,14550,48.0,163,0,0
1768227889367086,52931,14550,44.0,178,0,0
1768227889369171,52931,14550,48.0,30,0,0
1768227889371255,52931,14550,48.0,33,0,0
1768227889372614,52931,14550,38.0,74,0,0
1768227889374781,52931,14550,51.0,1,0,0
1768227889377425,52931,14550,22.0,125,0,0
1768227889379321,52931,14550,27.0,152,0,0
1768227889380267,52931,14550,42.0,62,0,0
1768227889382397,52931,14550,25.0,42,0,0
1768227889385004,52931,14550,32.0,36,0,0
1768227889386162,52931,14550,62.0,65,0,0
1768227889387389,52931,14550,49.0,27,0,0
1768227889388696,52931,14550,44.0,116,0,0
1768227889389738,52931,14550,42.0,129,0,0
1768227889390801,52931,14550,34.0,29,0,0
1768227889392262,52931,14550,34.0,137,0,0
1768227889393337,52931,14550,60.0,24,0,0
1768227889394895,52931,14550,53.0,124,0,0
1768227889396586,52931,14550,30.0,2,0,0
1768227889397668,52931,14550,64.0,164,0,0
1768227889399148,52931,14550,42.0,136,0,0
1768227889400124,52931,14550,41.0,193,0,0
1768227889401460,52931,14550,40.0,241,0,0
1768227889402924,52931,14550,61.0,147,0,0
1768227889404344,52931,14550,64.0,11030,0,0
1768227889617003,52931,14550,48.0,163,0,0
1768227889621225,52931,14550,44.0,178,0,0
1768227889623125,52931,14550,48.0,30,0,0
1768227889629764,52931,14550,48.0,33,0,0
1768227889632038,52931,14550,38.0,74,0,0
1768227889635959,52931,14550,51.0,1,0,0
1768227889642418,52931,14550,22.0,125,0,0
1768227889646994,52931,14550,27.0,152,0,0
1768227889648658,52931,14550,42.0,62,0,0
1768227889654042,52931,14550,25.0,42,0,0
1768227889657489,52931,14550,32.0,36,0,0
1768227889659251,52931,14550,62.0,65,0,0
1768227889661517,52931,14550,49.0,27,0,0
1768227889663940,52931,14550,44.0,116,0,0
1768227889667364,52931,14550,42.0,129,0,0
1768227889671184,52931,14550,34.0,29,0,0
1768227889673564,52931,14550,34.0,137,0,0
1768227889679028,52931,14550,60.0,24,0,0
1768227889681739,52931,14550,53.0,124,0,0
1768227889684467,52931,14550,30.0,2,0,0
1768227889686482,52931,14550,64.0,164,0,0
1768227889688358,52931,14550,42.0,136,0,0
1768227889690293,52931,14550,41.0,193,0,0
1768227889692110,52931,14550,40.0,241,0,0
1768227889694345,52931,14550,61.0,147,0,0
1768227889695816,52931,14550,64.0,11030,0,0
1768227889783813,5760,58419,,264,1,0
1768227889785038,52931,14550,46.0,264,0,0
1768227889845746,58419,5760,,0,1,0
1768227889866205,52931,14550,48.0,163,0,0
1768227889869908,52931,14550,44.0,178,0,0
1768227889873286,52931,14550,48.0,30,0,0
1768227889875764,52931,14550,48.0,33,0,0
1768227889877694,52931,14550,38.0,74,0,0
1768227889881461,52931,14550,51.0,1,0,0
1768227889884254,52931,14550,22.0,125,0,0
1768227889887620,52931,14550,27.0,152,0,0
1768227889889612,52931,14550,42.0,62,0,0
1768227889892051,52931,14550,25.0,42,0,0
1768227889895912,52931,14550,32.0,36,0,0
1768227889897832,52931,14550,62.0,65,0,0
1768227889899511,52931,14550,49.0,27,0,0
1768227889900918,52931,14550,44.0,116,0,0
1768227889903589,52931,14550,42.0,129,0,0
1768227889905841,52931,14550,34.0,29,0,0
1768227889907893,52931,14550,34.0,137,0,0
1768227889909525,52931,14550,60.0,24,0,0
1768227889912371,52931,14550,53.0,124,0,0
1768227889914599,52931,14550,30.0,2,0,0
1768227889916865,52931,14550,64.0,164,0,0
1768227889918952,52931,14550,42.0,136,0,0
1768227889920800,52931,14550,41.0,193,0,0
1768227889922905,52931,14550,40.0,241,0,0
1768227889925202,52931,14550,61.0,147,0,0
1768227889927531,52931,14550,64.0,11030,0,0
1768227890118287,52931,14550,48.0,163,0,0
1768227890120707,52931,14550,44.0,178,0,0
1768227890126317,52931,14550,48.0,30,0,0
1768227890128887,52931,14550,48.0,33,0,0
1768227890131132,52931,14550,38.0,74,0,0
1768227890139295,52931,14550,51.0,1,0,0
1768227890145328,52931,14550,22.0,125,0,0
1768227890147527,52931,14550,27.0,152,0,0
1768227890151292,52931,14550,42.0,62,0,0
1768227890154746,52931,14550,25.0,42,0,0
1768227890158412,52931,14550,32.0,36,0,0
1768227890160271,52931,14550,62.0,65,0,0
1768227890164206,52931,14550,49.0,27,0,0
1768227890167208,52931,14550,44.0,116,0,0
1768227890170296,52931,14550,42.0,129,0,0
1768227890172136,52931,14550,34.0,29,0,0
1768227890175054,52931,14550,34.0,137,0,0
1768227890177443,52931,14550,60.0,24,0,0
1768227890180555,52931,14550,53.0,124,0,0
1768227890186031,52931,14550,30.0,2,0,0
1768227890187703,5760,58419,,0,1,0
1768227890189510,52931,14550,64.0,164,0,0
1768227890191494,52931,14550,42.0,136,0,0
1768227890193218,52931,14550,41.0,193,0,0
1768227890196360,52931,14550,40.0,241,0,0
1768227890199746,52931,14550,61.0,147,0,0
1768227890203664,52931,14550,64.0,11030,0,0
1768227890207340,52931,14550,29.0,0,0,0
1768227890285036,52931,14550,46.0,264,0,0
1768227890371728,52931,14550,48.0,163,0,0
1768227890374085,52931,14550,44.0,178,0,0
1768227890376293,52931,14550,48.0,30,0,0
1768227890378966,52931,14550,48.0,33,0,0
1768227890381826,52931,14550,38.0,74,0,0
1768227890388507,52931,14550,51.0,1,0,0
1768227890392349,52931,14550,22.0,125,0,0
1768227890394904,52931,14550,27.0,152,0,0
1768227890396675,52931,14550,42.0,62,0,0
1768227890398657,52931,14550,25.0,42,0,0
1768227890402475,52931,14550,32.0,36,0,0
1768227890404766,52931,14550,62.0,65,0,0
1768227890406546,52931,14550,49.0,27,0,0
1768227890408699,52931,14550,44.0,116,0,0
1768227890410676,52931,14550,42.0,129,0,0
1768227890412787,52931,14550,34.0,29,0,0
1768227890414946,52931,14550,34.0,137,0,0
1768227890416542,52931,14550,60.0,24,0,0
1768227890419398,52931,14550,53.0,124,0,0
1768227890422342,52931,14550,30.0,2,0,0
1768227890424219,52931,14550,64.0,164,0,0
1768227890426531,52931,14550,42.0,136,0,0
1768227890428284,52931,14550,41.0,193,0,0
1768227890430328,52931,14550,40.0,241,0,0
1768227890432337,52931,14550,61.0,147,0,0
1768227890434194,52931,14550,64.0,11030,0,0
1768227890620393,52931,14550,48.0,163,0,0
1768227890623807,52931,14550,44.0,178,0,0
1768227890626008,52931,14550,48.0,30,0,0
1768227890630314,52931,14550,48.0,33,0,0
1768227890638338,52931,14550,38.0,74,0,0
1768227890642492,52931,14550,51.0,1,0,0
1768227890647226,52931,14550,22.0,125,0,0
1768227890650587,52931,14550,27.0,152,0,0
1768227890651953,52931,14550,42.0,62,0,0
1768227890655579,52931,14550,25.0,42,0,0
1768227890659613,52931,14550,32.0,36,0,0
1768227890662198,52931,14550,62.0,65,0,0
1768227890665556,52931,14550,49.0,27,0,0
1768227890669388,52931,14550,44.0,116,0,0
1768227890671360,52931,14550,42.0,129,0,0
1768227890675398,52931,14550,34.0,29,0,0
1768227890678165,52931,14550,34.0,137,0,0
1768227890680866,52931,14550,60.0,24,0,0
1768227890684334,52931,14550,53.0,124,0,0
1768227890686691,52931,14550,30.0,2,0,0
1768227890689010,52931,14550,64.0,164,0,0
1768227890692236,52931,14550,42.0,136,0,0
1768227890694285,52931,14550,41.0,193,0,0
1768227890696781,52931,14550,40.0,241,0,0
1768227890700722,52931,14550,61.0,147,0,0
1768227890702424,52931,14550,64.0,11030,0,0
1768227890784092,5760,58419,,264,1,0
1768227890785324,52931,14550,46.0,264,0,0
1768227890855969,58419,5760,,0,1,0
1768227890874947,52931,14550,48.0,163,0,0
1768227890878157,52931,14550,44.0,178,0,0
1768227890881462,52931,14550,48.0,30,0,0
1768227890883833,52931,14550,48.0,33,0,0
1768227890885582,52931,14550,38.0,74,0,0
1768227890889180,52931,14550,51.0,1,0,0
1768227890894913,52931,14550,22.0,125,0,0
1768227890899032,52931,14550,27.0,152,0,0
1768227890902124,52931,14550,42.0,62,0,0
1768227890905881,52931,14550,25.0,42,0,0
1768227890909536,52931,14550,32.0,36,0,0
1768227890912045,52931,14550,62.0,65,0,0
1768227890914405,52931,14550,49.0,27,0,0
1768227890915974,52931,14550,44.0,116,0,0
1768227890918135,52931,14550,42.0,129,0,0
1768227890919977,52931,14550,34.0,29,0,0
1768227890921892,52931,14550,34.0,137,0,0
1768227890923342,52931,14550,60.0,24,0,0
1768227890925889,52931,14550,53.0,124,0,0
1768227890928009,52931,14550,30.0,2,0,0
1768227890930317,52931,14550,64.0,164,0,0
1768227890932019,52931,14550,42.0,136,0,0
1768227890933429,52931,14550,41.0,193,0,0
1768227890935073,52931,14550,40.0,241,0,0
1768227890937009,52931,14550,61.0,147,0,0
1768227890938779,52931,14550,64.0,11030,0,0
1768227891125562,52931,14550,48.0,163,0,0
1768227891128022,52931,14550,44.0,178,0,0
1768227891130221,52931,14550,48.0,30,0,0
1768227891133652,52931,14550,48.0,33,0,0
1768227891136163,52931,14550,38.0,74,0,0
1768227891140420,52931,14550,51.0,1,0,0
1768227891147640,52931,14550,22.0,125,0,0
1768227891150232,52931,14550,27.0,152,0,0
1768227891152253,52931,14550,42.0,62,0,0
1768227891155249,52931,14550,25.0,42,0,0
1768227891157970,52931,14550,32.0,36,0,0
1768227891162143,52931,14550,62.0,65,0,0
1768227891163894,52931,14550,49.0,27,0,0
1768227891165745,52931,14550,44.0,116,0,0
1768227891169281,52931,14550,42.0,129,0,0
1768227891172133,52931,14550,34.0,29,0,0
1768227891175250,52931,14550,34.0,137,0,0
1768227891178180,52931,14550,60.0,24,0,0
1768227891183210,52931,14550,53.0,124,0,0
1768227891186739,52931,14550,30.0,2,0,0
1768227891189543,52931,14550,64.0,164,0,0
1768227891191716,52931,14550,42.0,136,0,0
1768227891194048,52931,14550,41.0,193,0,0
1768227891196153,5760,58419,,0,1,0
1768227891196570,52931,14550,40.0,241,0,0
1768227891199225,52931,14550,61.0,147,0,0
1768227891201119,52931,14550,64.0,11030,0,0
1768227891207148,52931,14550,29.0,0,0,0
1768227891289931,5760,58419,,264,1,0
1768227891290918,52931,14550,46.0,264,0,0
1768227891371815,52931,14550,48.0,163,0,0
1768227891372689,52931,14550,44.0,178,0,0
1768227891373554,52931,14550,48.0,30,0,0
1768227891374539,52931,14550,48.0,33,0,0
1768227891375304,52931,14550,38.0,74,0,0
1768227891376693,52931,14550,51.0,1,0,0
1768227891377662,52931,14550,22.0,125,0,0
1768227891378472,52931,14550,27.0,152,0,0
1768227891379136,52931,14550,42.0,62,0,0
1768227891379900,52931,14550,25.0,42,0,0
1768227891380829,52931,14550,32.0,36,0,0
1768227891381554,52931,14550,62.0,65,0,0
1768227891382100,52931,14550,49.0,27,0,0
1768227891382742,52931,14550,44.0,116,0,0
1768227891383361,52931,14550,42.0,129,0,0
1768227891383968,52931,14550,34.0,29,0,0
1768227891384441,52931,14550,34.0,137,0,0
1768227891385135,52931,14550,60.0,24,0,0
1768227891386248,52931,14550,53.0,124,0,0
1768227891386984,52931,14550,30.0,2,0,0
1768227891387546,52931,14550,64.0,164,0,0
1768227891388099,52931,14550,42.0,136,0,0
1768227891388814,52931,14550,41.0,193,0,0
1768227891389593,52931,14550,40.0,241,0,0
1768227891390373,52931,14550,61.0,147,0,0
1768227891391001,52931,14550,64.0,11030,0,0
1768227891625135,52931,14550,48.0,163,0,0
1768227891628405,52931,14550,44.0,178,0,0
1768227891631278,52931,14550,48.0,30,0,0
1768227891636132,52931,14550,48.0,33,0,0
1768227891638695,52931,14550,38.0,74,0,0
1768227891643936,52931,14550,51.0,1,0,0
1768227891653376,52931,14550,22.0,125,0,0
1768227891656590,52931,14550,27.0,152,0,0
1768227891658049,52931,14550,42.0,62,0,0
1768227891661097,52931,14550,25.0,42,0,0
1768227891666262,52931,14550,32.0,36,0,0
1768227891667911,52931,14550,62.0,65,0,0
1768227891670175,52931,14550,49.0,27,0,0
1768227891673022,52931,14550,44.0,116,0,0
1768227891675698,52931,14550,42.0,129,0,0
1768227891677834,52931,14550,34.0,29,0,0
1768227891679203,52931,14550,34.0,137,0,0
1768227891683145,52931,14550,60.0,24,0,0
1768227891687054,52931,14550,53.0,124,0,0
1768227891688665,52931,14550,30.0,2,0,0
1768227891692024,52931,14550,64.0,164,0,0
1768227891693670,52931,14550,42.0,136,0,0
1768227891695617,52931,14550,41.0,193,0,0
1768227891699483,52931,14550,40.0,241,0,0
1768227891701753,52931,14550,61.0,147,0,0
1768227891705669,52931,14550,64.0,11030,0,0
1768227891795683,5760,58419,,264,1,0
1768227891796566,52931,14550,46.0,264,0,0
1768227891864724,58419,5760,,0,1,0
1768227891878204,52931,14550,48.0,163,0,0
1768227891879404,52931,14550,44.0,178,0,0
1768227891880730,52931,14550,48.0,30,0,0
1768227891882660,52931,14550,48.0,33,0,0
1768227891883717,52931,14550,38.0,74,0,0
1768227891886806,52931,14550,51.0,1,0,0
1768227891888216,52931,14550,22.0,125,0,0
1768227891889267,52931,14550,27.0,152,0,0
1768227891889950,52931,14550,42.0,62,0,0
1768227891891244,52931,14550,25.0,42,0,0
1768227891892863,52931,14550,32.0,36,0,0
1768227891893786,52931,14550,62.0,65,0,0
1768227891894475,52931,14550,49.0,27,0,0
1768227891895153,52931,14550,44.0,116,0,0
1768227891896098,52931,14550,42.0,129,0,0
1768227891897071,52931,14550,34.0,29,0,0
1768227891897940,52931,14550,34.0,137,0,0
1768227891898842,52931,14550,60.0,24,0,0
1768227891900402,52931,14550,53.0,124,0,0
1768227891901256,52931,14550,30.0,2,0,0
1768227891902369,52931,14550,64.0,164,0,0
1768227891903015,52931,14550,42.0,136,0,0
1768227891903723,52931,14550,41.0,193,0,0
1768227891904620,52931,14550,40.0,241,0,0
1768227891905465,52931,14550,61.0,147,0,0
1768227891906167,52931,14550,64.0,11030,0,0
1768227892129418,52931,14550,48.0,163,0,0
1768227892131223,52931,14550,44.0,178,0,0
1768227892133029,52931,14550,48.0,30,0,0
1768227892137655,52931,14550,48.0,33,0,0
1768227892139728,52931,14550,38.0,74,0,0
1768227892144056,52931,14550,51.0,1,0,0
1768227892148622,52931,14550,22.0,125,0,0
1768227892152138,52931,14550,27.0,152,0,0
1768227892153329,52931,14550,42.0,62,0,0
1768227892157641,52931,14550,25.0,42,0,0
1768227892160020,52931,14550,32.0,36,0,0
1768227892161669,52931,14550,62.0,65,0,0
1768227892163768,52931,14550,49.0,27,0,0
1768227892165637,52931,14550,44.0,116,0,0
1768227892168042,52931,14550,42.0,129,0,0
1768227892170067,52931,14550,34.0,29,0,0
1768227892171401,52931,14550,34.0,137,0,0
1768227892173888,52931,14550,60.0,24,0,0
1768227892176869,52931,14550,53.0,124,0,0
1768227892178946,52931,14550,30.0,2,0,0
1768227892180889,52931,14550,64.0,164,0,0
1768227892183136,5760,58419,,111,1,0
1768227892183546,52931,14550,42.0,136,0,0
1768227892184955,52931,14550,41.0,193,0,0
1768227892186892,52931,14550,40.0,241,0,0
1768227892188784,52931,14550,61.0,147,0,0
1768227892191234,52931,14550,64.0,11030,0,0
1768227892195389,52931,14550,33.0,111,0,0
1768227892203357,5760,58419,,0,1,0
1768227892204368,52931,14550,29.0,0,0,0
1768227892294256,5760,58419,,264,1,0
1768227892295272,52931,14550,46.0,264,0,0
1768227892382213,52931,14550,48.0,163,0,0
1768227892384267,52931,14550,44.0,178,0,0
1768227892385080,52931,14550,48.0,30,0,0
1768227892386085,52931,14550,48.0,33,0,0
1768227892387012,52931,14550,38.0,74,0,0
1768227892388629,52931,14550,51.0,1,0,0
1768227892391179,52931,14550,22.0,125,0,0
1768227892392100,52931,14550,27.0,152,0,0
1768227892392801,52931,14550,42.0,62,0,0
1768227892393961,52931,14550,25.0,42,0,0
1768227892395389,52931,14550,32.0,36,0,0
1768227892396152,52931,14550,62.0,65,0,0
1768227892396827,52931,14550,49.0,27,0,0
1768227892397333,52931,14550,44.0,116,0,0
1768227892397951,52931,14550,42.0,129,0,0
1768227892398570,52931,14550,34.0,29,0,0
1768227892399064,52931,14550,34.0,137,0,0
1768227892399715,52931,14550,60.0,24,0,0
1768227892400640,52931,14550,53.0,124,0,0
1768227892401408,52931,14550,30.0,2,0,0
1768227892402053,52931,14550,64.0,164,0,0
1768227892402799,52931,14550,42.0,136,0,0
1768227892403472,52931,14550,41.0,193,0,0
1768227892404145,52931,14550,40.0,241,0,0
1768227892405007,52931,14550,61.0,147,0,0
1768227892405638,52931,14550,64.0,11030,0,0
1768227892634331,52931,14550,48.0,163,0,0
1768227892640500,52931,14550,44.0,178,0,0
1768227892643684,52931,14550,48.0,30,0,0
1768227892647430,52931,14550,48.0,33,0,0
1768227892649357,52931,14550,38.0,74,0,0
1768227892656735,52931,14550,51.0,1,0,0
1768227892664371,52931,14550,22.0,125,0,0
1768227892668700,52931,14550,27.0,152,0,0
1768227892671044,52931,14550,42.0,62,0,0
1768227892673672,52931,14550,25.0,42,0,0
1768227892676697,52931,14550,32.0,36,0,0
1768227892680516,52931,14550,62.0,65,0,0
1768227892683135,52931,14550,49.0,27,0,0
1768227892685138,52931,14550,44.0,116,0,0
1768227892687529,52931,14550,42.0,129,0,0
1768227892689638,52931,14550,34.0,29,0,0
1768227892692657,52931,14550,34.0,137,0,0
1768227892693950,52931,14550,60.0,24,0,0
1768227892696628,52931,14550,53.0,124,0,0
1768227892698525,52931,14550,30.0,2,0,0
1768227892699746,52931,14550,64.0,164,0,0
1768227892700896,52931,14550,42.0,136,0,0
1768227892706753,52931,14550,41.0,193,0,0
1768227892709622,52931,14550,40.0,241,0,0
1768227892711165,52931,14550,61.0,147,0,0
1768227892712476,52931,14550,64.0,11030,0,0
1768227892793869,5760,58419,,264,1,0
1768227892794856,52931,14550,46.0,264,0,0
1768227892873849,58419,5760,,0,1,0
1768227892881049,52931,14550,48.0,163,0,0
1768227892883118,52931,14550,44.0,178,0,0
1768227892884489,52931,14550,48.0,30,0,0
1768227892886414,52931,14550,48.0,33,0,0
1768227892889412,52931,14550,38.0,74,0,0
1768227892893246,52931,14550,51.0,1,0,0
1768227892895308,52931,14550,22.0,125,0,0
1768227892896619,52931,14550,27.0,152,0,0
1768227892897708,52931,14550,42.0,62,0,0
1768227892898919,52931,14550,25.0,42,0,0
1768227892900661,52931,14550,32.0,36,0,0
1768227892901647,52931,14550,62.0,65,0,0
1768227892902754,52931,14550,49.0,27,0,0
1768227892903680,52931,14550,44.0,116,0,0
1768227892904664,52931,14550,42.0,129,0,0
1768227892906104,52931,14550,34.0,29,0,0
1768227892907330,52931,14550,34.0,137,0,0
1768227892908433,52931,14550,60.0,24,0,0
1768227892910108,52931,14550,53.0,124,0,0
1768227892911817,52931,14550,30.0,2,0,0
1768227892912919,52931,14550,64.0,164,0,0
1768227892913804,52931,14550,42.0,136,0,0
1768227892914917,52931,14550,41.0,193,0,0
1768227892916102,52931,14550,40.0,241,0,0
1768227892917090,52931,14550,61.0,147,0,0
1768227892918226,52931,14550,64.0,11030,0,0
1768227893131455,52931,14550,48.0,163,0,0
1768227893135009,52931,14550,44.0,178,0,0
1768227893136502,52931,14550,48.0,30,0,0
1768227893140901,52931,14550,48.0,33,0,0
1768227893144225,52931,14550,38.0,74,0,0
1768227893149937,52931,14550,51.0,1,0,0
1768227893156256,52931,14550,22.0,125,0,0
1768227893159820,52931,14550,27.0,152,0,0
1768227893161492,52931,14550,42.0,62,0,0
1768227893165160,52931,14550,25.0,42,0,0
1768227893170640,52931,14550,32.0,36,0,0
1768227893172896,52931,14550,62.0,65,0,0
1768227893174992,52931,14550,49.0,27,0,0
1768227893176877,52931,14550,44.0,116,0,0
1768227893178503,52931,14550,42.0,129,0,0
1768227893179730,52931,14550,34.0,29,0,0
1768227893181108,52931,14550,34.0,137,0,0
1768227893182669,52931,14550,60.0,24,0,0
1768227893184670,52931,14550,53.0,124,0,0
1768227893186139,52931,14550,30.0,2,0,0
1768227893188123,52931,14550,64.0,164,0,0
1768227893189588,52931,14550,42.0,136,0,0
1768227893191009,52931,14550,41.0,193,0,0
1768227893192525,52931,14550,40.0,241,0,0
1768227893193867,52931,14550,61.0,147,0,0
1768227893195360,52931,14550,64.0,11030,0,0
1768227893206074,5760,58419,,0,1,0
1768227893207427,52931,14550,29.0,0,0,0
1768227893303812,5760,58419,,264,1,0
1768227893304903,52931,14550,46.0,264,0,0
1768227893388005,52931,14550,48.0,163,0,0
1768227893389804,52931,14550,44.0,178,0,0
1768227893392753,52931,14550,48.0,30,0,0
1768227893395781,52931,14550,48.0,33,0,0
1768227893397401,52931,14550,38.0,74,0,0
1768227893400404,52931,14550,51.0,1,0,0
1768227893402690,52931,14550,22.0,125,0,0
1768227893404773,52931,14550,27.0,152,0,0
1768227893406023,52931,14550,42.0,62,0,0
1768227893408167,52931,14550,25.0,42,0,0
1768227893410705,52931,14550,32.0,36,0,0
1768227893412258,52931,14550,62.0,65,0,0
1768227893413543,52931,14550,49.0,27,0,0
1768227893415115,52931,14550,44.0,116,0,0
1768227893416755,52931,14550,42.0,129,0,0
1768227893417988,52931,14550,34.0,29,0,0
1768227893419373,52931,14550,34.0,137,0,0
1768227893420619,52931,14550,60.0,24,0,0
1768227893422559,52931,14550,53.0,124,0,0
1768227893424368,52931,14550,30.0,2,0,0
1768227893425857,52931,14550,64.0,164,0,0
1768227893427357,52931,14550,42.0,136,0,0
1768227893429135,52931,14550,41.0,193,0,0
1768227893430953,52931,14550,40.0,241,0,0
1768227893432314,52931,14550,61.0,147,0,0
1768227893433929,52931,14550,64.0,11030,0,0
1768227893636134,52931,14550,48.0,163,0,0
1768227893640095,52931,14550,44.0,178,0,0
1768227893642662,52931,14550,48.0,30,0,0
1768227893646729,52931,14550,48.0,33,0,0
1768227893650789,52931,14550,38.0,74,0,0
1768227893656384,52931,14550,51.0,1,0,0
1768227893663798,52931,14550,22.0,125,0,0
1768227893667046,52931,14550,27.0,152,0,0
1768227893669298,52931,14550,42.0,62,0,0
1768227893675721,52931,14550,25.0,42,0,0
1768227893679813,52931,14550,32.0,36,0,0
1768227893682684,52931,14550,62.0,65,0,0
1768227893685454,52931,14550,49.0,27,0,0
1768227893687844,52931,14550,44.0,116,0,0
1768227893690592,52931,14550,42.0,129,0,0
1768227893696830,52931,14550,34.0,29,0,0
1768227893698300,52931,14550,34.0,137,0,0
1768227893700701,52931,14550,60.0,24,0,0
1768227893703158,52931,14550,53.0,124,0,0
1768227893706334,52931,14550,30.0,2,0,0
1768227893708079,52931,14550,64.0,164,0,0
1768227893709335,52931,14550,42.0,136,0,0
1768227893710613,52931,14550,41.0,193,0,0
1768227893712453,52931,14550,40.0,241,0,0
1768227893713609,52931,14550,61.0,147,0,0
1768227893714903,52931,14550,64.0,11030,0,0
1768227893790488,52931,14550,43.0,253,0,0
1768227893791822,52931,14550,43.0,253,0,0
1768227893803495,5760,58419,,264,1,0
1768227893804392,52931,14550,46.0,264,0,0
1768227893886306,52931,14550,48.0,163,0,0
1768227893889334,52931,14550,44.0,178,0,0
1768227893892219,52931,14550,48.0,30,0,0
1768227893894562,52931,14550,48.0,33,0,0
1768227893897015,52931,14550,38.0,74,0,0
1768227893900906,52931,14550,51.0,1,0,0
1768227893903532,52931,14550,22.0,125,0,0
1768227893905903,52931,14550,27.0,152,0,0
1768227893908348,52931,14550,42.0,62,0,0
1768227893912014,52931,14550,25.0,42,0,0
1768227893916156,52931,14550,32.0,36,0,0
1768227893917794,52931,14550,62.0,65,0,0
1768227893919417,52931,14550,49.0,27,0,0
1768227893920711,52931,14550,44.0,116,0,0
1768227893922409,52931,14550,42.0,129,0,0
1768227893924195,52931,14550,34.0,29,0,0
1768227893925842,52931,14550,34.0,137,0,0
1768227893927366,52931,14550,60.0,24,0,0
1768227893929355,52931,14550,53.0,124,0,0
1768227893931137,52931,14550,30.0,2,0,0
1768227893932387,52931,14550,64.0,164,0,0
1768227893934260,52931,14550,24.0,168,0,0
1768227893935938,52931,14550,42.0,136,0,0
1768227893937450,52931,14550,42.0,193,0,0
1768227893939984,52931,14550,48.0,32,0,0
1768227893942174,52931,14550,40.0,241,0,0
1768227893944916,52931,14550,61.0,147,0,0
1768227893946746,52931,14550,64.0,11030,0,0
1768227893948135,58419,5760,,0,1,0
1768227894138352,52931,14550,48.0,163,0,0
1768227894142083,52931,14550,44.0,178,0,0
1768227894144314,52931,14550,48.0,30,0,0
1768227894146839,52931,14550,48.0,33,0,0
1768227894149276,52931,14550,38.0,74,0,0
1768227894155113,52931,14550,51.0,1,0,0
1768227894163524,52931,14550,22.0,125,0,0
1768227894168865,52931,14550,27.0,152,0,0
1768227894171041,52931,14550,42.0,62,0,0
1768227894174595,52931,14550,25.0,42,0,0
1768227894178269,52931,14550,32.0,36,0,0
1768227894180496,52931,14550,62.0,65,0,0
1768227894182646,52931,14550,49.0,27,0,0
1768227894185209,52931,14550,44.0,116,0,0
1768227894188070,52931,14550,42.0,129,0,0
1768227894191127,52931,14550,34.0,29,0,0
1768227894195444,52931,14550,34.0,137,0,0
1768227894196778,52931,14550,60.0,24,0,0
1768227894200425,52931,14550,53.0,124,0,0
1768227894203476,52931,14550,30.0,2,0,0
1768227894206935,52931,14550,64.0,164,0,0
1768227894208682,52931,14550,24.0,168,0,0
1768227894210897,5760,58419,,0,1,0
1768227894211101,52931,14550,42.0,136,0,0
1768227894213732,52931,14550,42.0,193,0,0
1768227894217368,52931,14550,48.0,32,0,0
1768227894218909,52931,14550,40.0,241,0,0
1768227894221390,52931,14550,61.0,147,0,0
1768227894222960,52931,14550,64.0,11030,0,0
1768227894230070,52931,14550,29.0,0,0,0
1768227894303684,5760,58419,,264,1,0
1768227894305881,52931,14550,46.0,264,0,0
1768227894390658,52931,14550,48.0,163,0,0
1768227894392934,52931,14550,44.0,178,0,0
1768227894394389,52931,14550,48.0,30,0,0
1768227894397097,52931,14550,48.0,33,0,0
1768227894400972,52931,14550,38.0,74,0,0
1768227894405840,52931,14550,51.0,1,0,0
1768227894408125,52931,14550,22.0,125,0,0
1768227894410115,52931,14550,27.0,152,0,0
1768227894411487,52931,14550,42.0,62,0,0
1768227894413674,52931,14550,25.0,42,0,0
1768227894416768,52931,14550,32.0,36,0,0
1768227894418278,52931,14550,62.0,65,0,0
1768227894419882,52931,14550,49.0,27,0,0
1768227894422569,52931,14550,44.0,116,0,0
1768227894424318,52931,14550,42.0,129,0,0
1768227894425845,52931,14550,34.0,29,0,0
1768227894427046,52931,14550,34.0,137,0,0
1768227894428760,52931,14550,60.0,24,0,0
1768227894431245,52931,14550,53.0,124,0,0
1768227894433123,52931,14550,30.0,2,0,0
1768227894434652,52931,14550,64.0,164,0,0
1768227894435855,52931,14550,24.0,168,0,0
1768227894437776,52931,14550,42.0,136,0,0
1768227894440281,52931,14550,42.0,193,0,0
1768227894442084,52931,14550,48.0,32,0,0
1768227894444587,52931,14550,40.0,241,0,0
1768227894447717,52931,14550,61.0,147,0,0
1768227894450500,52931,14550,64.0,11030,0,0
1768227894642654,52931,14550,48.0,163,0,0
1768227894644326,52931,14550,44.0,178,0,0
1768227894646486,52931,14550,48.0,30,0,0
1768227894648206,52931,14550,48.0,33,0,0
1768227894650471,52931,14550,38.0,74,0,0
1768227894655712,52931,14550,51.0,1,0,0
1768227894658406,52931,14550,22.0,125,0,0
1768227894660325,52931,14550,27.0,152,0,0
1768227894662085,52931,14550,42.0,62,0,0
1768227894664069,52931,14550,25.0,42,0,0
1768227894666266,52931,14550,32.0,36,0,0
1768227894667793,52931,14550,62.0,65,0,0
1768227894669096,52931,14550,49.0,27,0,0
1768227894670463,52931,14550,44.0,116,0,0
1768227894672648,52931,14550,42.0,129,0,0
1768227894674083,52931,14550,34.0,29,0,0
1768227894675984,52931,14550,34.0,137,0,0
1768227894677566,52931,14550,60.0,24,0,0
1768227894679800,52931,14550,53.0,124,0,0
1768227894681985,52931,14550,30.0,2,0,0
1768227894683313,52931,14550,64.0,164,0,0
1768227894684697,52931,14550,24.0,168,0,0
1768227894686417,52931,14550,42.0,136,0,0
1768227894687955,52931,14550,42.0,193,0,0
1768227894690188,52931,14550,48.0,32,0,0
1768227894691968,52931,14550,40.0,241,0,0
1768227894694221,52931,14550,61.0,147,0,0
1768227894696527,52931,14550,64.0,11030,0,0
1768227894806565,5760,58419,,264,1,0
1768227894807655,52931,14550,46.0,264,0,0
1768227894892446,52931,14550,48.0,163,0,0
1768227894895206,52931,14550,44.0,178,0,0
1768227894897381,52931,14550,48.0,30,0,0
1768227894899743,52931,14550,48.0,33,0,0
1768227894901562,52931,14550,38.0,74,0,0
1768227894905785,52931,14550,51.0,1,0,0
1768227894912287,52931,14550,22.0,125,0,0
1768227894914419,52931,14550,27.0,152,0,0
1768227894915699,52931,14550,42.0,62,0,0
1768227894917969,52931,14550,25.0,42,0,0
1768227894920744,52931,14550,32.0,36,0,0
1768227894922250,52931,14550,62.0,65,0,0
1768227894923943,52931,14550,49.0,27,0,0
1768227894925591,52931,14550,44.0,116,0,0
1768227894926942,52931,14550,42.0,129,0,0
1768227894928270,52931,14550,34.0,29,0,0
1768227894929632,52931,14550,34.0,137,0,0
1768227894931193,52931,14550,60.0,24,0,0
1768227894934100,52931,14550,53.0,124,0,0
1768227894936030,52931,14550,30.0,2,0,0
1768227894937663,52931,14550,64.0,164,0,0
1768227894938935,52931,14550,24.0,168,0,0
1768227894940501,52931,14550,42.0,136,0,0
1768227894941833,52931,14550,42.0,193,0,0
1768227894943382,52931,14550,48.0,32,0,0
1768227894944862,52931,14550,40.0,241,0,0
1768227894946299,52931,14550,61.0,147,0,0
1768227894947714,52931,14550,64.0,11030,0,0
1768227894949336,58419,5760,,0,1,0
1768227895144996,52931,14550,48.0,163,0,0
1768227895146625,52931,14550,44.0,178,0,0
1768227895148444,52931,14550,48.0,30,0,0
1768227895150587,52931,14550,48.0,33,0,0
1768227895151931,52931,14550,38.0,74,0,0
1768227895157672,52931,14550,51.0,1,0,0
1768227895163017,52931,14550,22.0,125,0,0
1768227895165271,52931,14550,27.0,152,0,0
1768227895168590,52931,14550,42.0,62,0,0
1768227895172919,52931,14550,25.0,42,0,0
1768227895176025,52931,14550,32.0,36,0,0
1768227895177765,52931,14550,62.0,65,0,0
1768227895179350,52931,14550,49.0,27,0,0
1768227895180997,52931,14550,44.0,116,0,0
1768227895183051,52931,14550,42.0,129,0,0
1768227895184882,52931,14550,34.0,29,0,0
1768227895187120,52931,14550,34.0,137,0,0
1768227895189864,52931,14550,60.0,24,0,0
1768227895192106,52931,14550,53.0,124,0,0
1768227895193907,52931,14550,30.0,2,0,0
1768227895196095,52931,14550,64.0,164,0,0
1768227895197301,52931,14550,24.0,168,0,0
1768227895200337,52931,14550,42.0,136,0,0
1768227895203565,52931,14550,42.0,193,0,0
1768227895205018,52931,14550,48.0,32,0,0
1768227895206771,52931,14550,40.0,241,0,0
1768227895210211,52931,14550,61.0,147,0,0
1768227895212584,52931,14550,64.0,11030,0,0
1768227895219866,5760,58419,,0,1,0
1768227895220980,52931,14550,29.0,0,0,0
1768227895311655,5760,58419,,264,1,0
1768227895313719,52931,14550,46.0,264,0,0
1768227895397011,52931,14550,48.0,163,0,0
1768227895400673,52931,14550,44.0,178,0,0
1768227895402085,52931,14550,48.0,30,0,0
1768227895405617,52931,14550,48.0,33,0,0
1768227895407472,52931,14550,38.0,74,0,0
1768227895410680,52931,14550,51.0,1,0,0
1768227895413542,52931,14550,22.0,125,0,0
1768227895415393,52931,14550,27.0,152,0,0
1768227895416938,52931,14550,42.0,62,0,0
1768227895419149,52931,14550,25.0,42,0,0
1768227895421805,52931,14550,32.0,36,0,0
1768227895423101,52931,14550,62.0,65,0,0
1768227895424521,52931,14550,49.0,27,0,0
1768227895425766,52931,14550,44.0,116,0,0
1768227895427317,52931,14550,42.0,129,0,0
1768227895428574,52931,14550,34.0,29,0,0
1768227895430090,52931,14550,34.0,137,0,0
1768227895431269,52931,14550,60.0,24,0,0
1768227895433464,52931,14550,53.0,124,0,0
1768227895435249,52931,14550,30.0,2,0,0
1768227895436878,52931,14550,64.0,164,0,0
1768227895438087,52931,14550,24.0,168,0,0
1768227895439947,52931,14550,42.0,136,0,0
1768227895441156,52931,14550,42.0,193,0,0
1768227895442690,52931,14550,48.0,32,0,0
1768227895444318,52931,14550,40.0,241,0,0
1768227895445915,52931,14550,61.0,147,0,0
1768227895447428,52931,14550,64.0,11030,0,0
1768227895651626,52931,14550,48.0,163,0,0
1768227895653824,52931,14550,44.0,178,0,0
1768227895655600,52931,14550,48.0,30,0,0
1768227895657460,52931,14550,48.0,33,0,0
1768227895660114,52931,14550,38.0,74,0,0
1768227895663618,52931,14550,51.0,1,0,0
1768227895669429,52931,14550,22.0,125,0,0
1768227895671780,52931,14550,27.0,152,0,0
1768227895673482,52931,14550,42.0,62,0,0
1768227895676639,52931,14550,25.0,42,0,0
1768227895679817,52931,14550,32.0,36,0,0
1768227895682807,52931,14550,62.0,65,0,0
1768227895684559,52931,14550,49.0,27,0,0
1768227895686287,52931,14550,44.0,116,0,0
1768227895687536,52931,14550,42.0,129,0,0
1768227895689653,52931,14550,34.0,29,0,0
1768227895692787,52931,14550,34.0,137,0,0
1768227895694516,52931,14550,60.0,24,0,0
1768227895699004,52931,14550,53.0,124,0,0
1768227895701032,52931,14550,30.0,2,0,0
1768227895704166,52931,14550,64.0,164,0,0
1768227895706100,52931,14550,24.0,168,0,0
1768227895708634,52931,14550,42.0,136,0,0
1768227895710989,52931,14550,42.0,193,0,0
1768227895712459,52931,14550,48.0,32,0,0
1768227895715050,52931,14550,40.0,241,0,0
1768227895716845,52931,14550,61.0,147,0,0
1768227895719348,52931,14550,64.0,11030,0,0
1768227895818760,5760,58419,,264,1,0
1768227895819898,52931,14550,46.0,264,0,0
1768227895902994,52931,14550,48.0,163,0,0
1768227895905217,52931,14550,44.0,178,0,0
1768227895908047,52931,14550,48.0,30,0,0
1768227895910276,52931,14550,48.0,33,0,0
1768227895915251,52931,14550,38.0,74,0,0
1768227895917784,52931,14550,51.0,1,0,0
1768227895920549,52931,14550,22.0,125,0,0
1768227895922539,52931,14550,27.0,152,0,0
1768227895923799,52931,14550,42.0,62,0,0
1768227895925881,52931,14550,25.0,42,0,0
1768227895928801,52931,14550,32.0,36,0,0
1768227895930633,52931,14550,62.0,65,0,0
1768227895932384,52931,14550,49.0,27,0,0
1768227895934521,52931,14550,44.0,116,0,0
1768227895936465,52931,14550,42.0,129,0,0
1768227895938397,52931,14550,34.0,29,0,0
1768227895939982,52931,14550,34.0,137,0,0
1768227895941385,52931,14550,60.0,24,0,0
1768227895943496,52931,14550,53.0,124,0,0
1768227895945365,52931,14550,30.0,2,0,0
1768227895946614,52931,14550,64.0,164,0,0
1768227895948091,52931,14550,24.0,168,0,0
1768227895950266,52931,14550,42.0,136,0,0
1768227895951757,52931,14550,42.0,193,0,0
1768227895953526,52931,14550,48.0,32,0,0
1768227895954853,52931,14550,40.0,241,0,0
1768227895956450,52931,14550,61.0,147,0,0
1768227895958045,52931,14550,64.0,11030,0,0
1768227895959456,58419,5760,,0,1,0
1768227896154446,52931,14550,48.0,163,0,0
1768227896156676,52931,14550,44.0,178,0,0
1768227896157948,52931,14550,48.0,30,0,0
1768227896161739,52931,14550,48.0,33,0,0
1768227896163070,52931,14550,38.0,74,0,0
1768227896169342,52931,14550,51.0,1,0,0
1768227896176426,52931,14550,22.0,125,0,0
1768227896178779,52931,14550,27.0,152,0,0
1768227896180368,52931,14550,42.0,62,0,0
1768227896183320,52931,14550,25.0,42,0,0
1768227896187637,52931,14550,32.0,36,0,0
1768227896188958,52931,14550,62.0,65,0,0
1768227896190231,52931,14550,49.0,27,0,0
1768227896191620,52931,14550,44.0,116,0,0
1768227896194240,52931,14550,42.0,129,0,0
1768227896196489,52931,14550,34.0,29,0,0
1768227896197737,52931,14550,34.0,137,0,0
1768227896201588,52931,14550,60.0,24,0,0
1768227896204431,52931,14550,53.0,124,0,0
1768227896206615,52931,14550,30.0,2,0,0
1768227896208761,52931,14550,64.0,164,0,0
1768227896210051,52931,14550,24.0,168,0,0
1768227896212770,52931,14550,42.0,136,0,0
1768227896213983,52931,14550,42.0,193,0,0
1768227896217492,52931,14550,48.0,32,0,0
1768227896219430,52931,14550,40.0,241,0,0
1768227896221873,52931,14550,61.0,147,0,0
1768227896223497,5760,58419,,0,1,0
1768227896226604,52931,14550,64.0,11030,0,0
1768227896230482,52931,14550,29.0,0,0,0
1768227896318803,5760,58419,,264,1,0
1768227896320092,52931,14550,46.0,264,0,0
1768227896405749,52931,14550,48.0,163,0,0
1768227896407673,52931,14550,44.0,178,0,0
1768227896408970,52931,14550,48.0,30,0,0
1768227896412095,52931,14550,48.0,33,0,0
1768227896414750,52931,14550,38.0,74,0,0
1768227896419052,52931,14550,51.0,1,0,0
1768227896423607,52931,14550,22.0,125,0,0
1768227896425579,52931,14550,27.0,152,0,0
1768227896427015,52931,14550,42.0,62,0,0
1768227896429616,52931,14550,25.0,42,0,0
1768227896431920,52931,14550,32.0,36,0,0
1768227896433134,52931,14550,62.0,65,0,0
1768227896434667,52931,14550,49.0,27,0,0
1768227896436037,52931,14550,44.0,116,0,0
1768227896437603,52931,14550,42.0,129,0,0
1768227896439495,52931,14550,34.0,29,0,0
1768227896441009,52931,14550,34.0,137,0,0
1768227896442245,52931,14550,60.0,24,0,0
1768227896444265,52931,14550,53.0,124,0,0
1768227896446260,52931,14550,30.0,2,0,0
1768227896447644,52931,14550,64.0,164,0,0
1768227896448866,52931,14550,24.0,168,0,0
1768227896450197,52931,14550,42.0,136,0,0
1768227896451705,52931,14550,42.0,193,0,0
1768227896453764,52931,14550,48.0,32,0,0
1768227896455069,52931,14550,40.0,241,0,0
1768227896456654,52931,14550,61.0,147,0,0
1768227896458017,52931,14550,64.0,11030,0,0
1768227896654647,52931,14550,48.0,163,0,0
1768227896658448,52931,14550,44.0,178,0,0
1768227896660728,52931,14550,48.0,30,0,0
1768227896664087,52931,14550,48.0,33,0,0
1768227896665520,52931,14550,38.0,74,0,0
1768227896671171,52931,14550,51.0,1,0,0
1768227896679142,52931,14550,22.0,125,0,0
1768227896682557,52931,14550,27.0,152,0,0
1768227896685451,52931,14550,42.0,62,0,0
1768227896689947,52931,14550,25.0,42,0,0
1768227896695796,52931,14550,32.0,36,0,0
1768227896697874,52931,14550,62.0,65,0,0
1768227896699863,52931,14550,49.0,27,0,0
1768227896702729,52931,14550,44.0,116,0,0
1768227896706470,52931,14550,42.0,129,0,0
1768227896708100,52931,14550,34.0,29,0,0
1768227896711152,52931,14550,34.0,137,0,0
1768227896714360,52931,14550,60.0,24,0,0
1768227896718401,52931,14550,53.0,124,0,0
1768227896723533,52931,14550,30.0,2,0,0
1768227896725269,52931,14550,64.0,164,0,0
1768227896727043,52931,14550,24.0,168,0,0
1768227896728476,52931,14550,42.0,136,0,0
1768227896730275,52931,14550,42.0,193,0,0
1768227896732387,52931,14550,48.0,32,0,0
1768227896733798,52931,14550,40.0,241,0,0
1768227896735702,52931,14550,61.0,147,0,0
1768227896737382,52931,14550,64.0,11030,0,0
1768227896817831,5760,58419,,264,1,0
1768227896818901,52931,14550,46.0,264,0,0
1768227896904853,52931,14550,48.0,163,0,0
1768227896907044,52931,14550,44.0,178,0,0
1768227896911016,52931,14550,48.0,30,0,0
1768227896914516,52931,14550,48.0,33,0,0
1768227896916260,52931,14550,38.0,74,0,0
1768227896920155,52931,14550,51.0,1,0,0
1768227896925463,52931,14550,22.0,125,0,0
1768227896927399,52931,14550,27.0,152,0,0
1768227896929597,52931,14550,42.0,62,0,0
1768227896931709,52931,14550,25.0,42,0,0
1768227896934590,52931,14550,32.0,36,0,0
1768227896935861,52931,14550,62.0,65,0,0
1768227896939235,52931,14550,49.0,27,0,0
1768227896941985,52931,14550,44.0,116,0,0
1768227896944075,52931,14550,42.0,129,0,0
1768227896946889,52931,14550,34.0,29,0,0
1768227896948521,52931,14550,34.0,137,0,0
1768227896951218,52931,14550,60.0,24,0,0
1768227896953237,52931,14550,53.0,124,0,0
1768227896955255,52931,14550,30.0,2,0,0
1768227896957131,52931,14550,64.0,164,0,0
1768227896959193,52931,14550,24.0,168,0,0
1768227896962145,52931,14550,42.0,136,0,0
1768227896964752,52931,14550,42.0,193,0,0
1768227896969421,52931,14550,48.0,32,0,0
1768227896972030,52931,14550,40.0,241,0,0
1768227896974323,52931,14550,61.0,147,0,0
1768227896976085,52931,14550,64.0,11030,0,0
1768227896978940,58419,5760,,0,1,0
1768227897107543,58419,5760,,66,1,0
1768227897156944,52931,14550,48.0,163,0,0
1768227897158834,52931,14550,44.0,178,0,0
1768227897160577,52931,14550,48.0,30,0,0
1768227897162747,52931,14550,48.0,33,0,0
1768227897166358,52931,14550,38.0,74,0,0
1768227897171206,52931,14550,51.0,1,0,0
1768227897176606,52931,14550,22.0,125,0,0
1768227897179609,52931,14550,27.0,152,0,0
1768227897181426,52931,14550,42.0,62,0,0
1768227897189178,52931,14550,25.0,42,0,0
1768227897192339,52931,14550,32.0,36,0,0
1768227897195294,52931,14550,62.0,65,0,0
1768227897197861,52931,14550,49.0,27,0,0
1768227897199616,52931,14550,44.0,116,0,0
1768227897201212,52931,14550,42.0,129,0,0
1768227897202765,52931,14550,34.0,29,0,0
1768227897204336,52931,14550,34.0,137,0,0
1768227897207370,52931,14550,60.0,24,0,0
1768227897209546,52931,14550,53.0,124,0,0
1768227897211918,52931,14550,30.0,2,0,0
1768227897213581,52931,14550,64.0,164,0,0
1768227897215930,52931,14550,24.0,168,0,0
1768227897217363,52931,14550,42.0,136,0,0
1768227897218978,52931,14550,42.0,193,0,0
1768227897221128,52931,14550,48.0,32,0,0
1768227897223659,52931,14550,40.0,241,0,0
1768227897226592,52931,14550,61.0,147,0,0
1768227897228411,5760,58419,,0,1,0
1768227897228681,52931,14550,64.0,11030,0,0
1768227897232017,52931,14550,29.0,0,0,0
1768227897328011,5760,58419,,264,1,0
1768227897329122,52931,14550,46.0,264,0,0
1768227897409134,52931,14550,48.0,163,0,0
1768227897412050,52931,14550,44.0,178,0,0
1768227897413905,52931,14550,48.0,30,0,0
1768227897416906,52931,14550,48.0,33,0,0
1768227897418730,52931,14550,38.0,74,0,0
1768227897424593,52931,14550,51.0,1,0,0
1768227897428029,52931,14550,22.0,125,0,0
1768227897430155,52931,14550,27.0,152,0,0
1768227897431435,52931,14550,42.0,62,0,0
1768227897433537,52931,14550,25.0,42,0,0
1768227897436632,52931,14550,32.0,36,0,0
1768227897439221,52931,14550,62.0,65,0,0
1768227897441075,52931,14550,49.0,27,0,0
1768227897442590,52931,14550,44.0,116,0,0
1768227897444499,52931,14550,42.0,129,0,0
1768227897446346,52931,14550,34.0,29,0,0
1768227897447530,52931,14550,34.0,137,0,0
1768227897449175,52931,14550,60.0,24,0,0
1768227897451266,52931,14550,53.0,124,0,0
1768227897454027,52931,14550,30.0,2,0,0
1768227897455820,52931,14550,64.0,164,0,0
1768227897457270,52931,14550,24.0,168,0,0
1768227897459027,52931,14550,42.0,136,0,0
1768227897460556,52931,14550,42.0,193,0,0
1768227897462042,52931,14550,48.0,32,0,0
1768227897463721,52931,14550,40.0,241,0,0
1768227897465720,52931,14550,61.0,147,0,0
1768227897467761,52931,14550,64.0,11030,0,0
1768227897663540,52931,14550,48.0,163,0,0
1768227897665409,52931,14550,44.0,178,0,0
1768227897667706,52931,14550,48.0,30,0,0
1768227897670693,52931,14550,48.0,33,0,0
1768227897673501,52931,14550,38.0,74,0,0
1768227897678341,52931,14550,51.0,1,0,0
1768227897684309,52931,14550,22.0,125,0,0
1768227897687288,52931,14550,27.0,152,0,0
1768227897689097,52931,14550,42.0,62,0,0
1768227897691646,52931,14550,25.0,42,0,0
1768227897694755,52931,14550,32.0,36,0,0
1768227897696963,52931,14550,62.0,65,0,0
1768227897698581,52931,14550,49.0,27,0,0
1768227897699770,52931,14550,44.0,116,0,0
1768227897702266,52931,14550,42.0,129,0,0
1768227897704775,52931,14550,34.0,29,0,0
1768227897708143,52931,14550,34.0,137,0,0
1768227897710723,52931,14550,60.0,24,0,0
1768227897714443,52931,14550,53.0,124,0,0
1768227897717126,52931,14550,30.0,2,0,0
1768227897718879,52931,14550,64.0,164,0,0
1768227897720809,52931,14550,24.0,168,0,0
1768227897722192,52931,14550,42.0,136,0,0
1768227897723150,52931,14550,42.0,193,0,0
1768227897724594,52931,14550,48.0,32,0,0
1768227897725095,52931,14550,40.0,241,0,0
1768227897726046,52931,14550,61.0,147,0,0
1768227897726956,52931,14550,64.0,11030,0,0
1768227897828393,5760,58419,,264,1,0
1768227897829431,52931,14550,46.0,264,0,0
1768227897912661,52931,14550,48.0,163,0,0
1768227897914706,52931,14550,44.0,178,0,0
1768227897916446,52931,14550,48.0,30,0,0
1768227897919014,52931,14550,48.0,33,0,0
1768227897920795,52931,14550,38.0,74,0,0
1768227897930114,52931,14550,51.0,1,0,0
1768227897932771,52931,14550,22.0,125,0,0
1768227897935022,52931,14550,27.0,152,0,0
1768227897936892,52931,14550,42.0,62,0,0
1768227897939613,52931,14550,25.0,42,0,0
1768227897942188,52931,14550,32.0,36,0,0
1768227897943649,52931,14550,62.0,65,0,0
1768227897944969,52931,14550,49.0,27,0,0
1768227897946461,52931,14550,44.0,116,0,0
1768227897947640,52931,14550,42.0,129,0,0
1768227897949152,52931,14550,34.0,29,0,0
1768227897950898,52931,14550,34.0,137,0,0
1768227897952255,52931,14550,60.0,24,0,0
1768227897954524,52931,14550,53.0,124,0,0
1768227897956404,52931,14550,30.0,2,0,0
1768227897958287,52931,14550,64.0,164,0,0
1768227897959539,52931,14550,24.0,168,0,0
1768227897961140,52931,14550,42.0,136,0,0
1768227897962809,52931,14550,42.0,193,0,0
1768227897964416,52931,14550,48.0,32,0,0
1768227897965653,52931,14550,40.0,241,0,0
1768227897967363,52931,14550,61.0,147,0,0
1768227897968794,52931,14550,64.0,11030,0,0
1768227897981467,58419,5760,,0,1,0
1768227898164103,52931,14550,48.0,163,0,0
1768227898166326,52931,14550,44.0,178,0,0
1768227898167983,52931,14550,48.0,30,0,0
1768227898170746,52931,14550,48.0,33,0,0
1768227898172931,52931,14550,38.0,74,0,0
1768227898178278,52931,14550,51.0,1,0,0
1768227898184902,52931,14550,22.0,125,0,0
1768227898189221,52931,14550,27.0,152,0,0
1768227898191800,52931,14550,42.0,62,0,0
1768227898195003,52931,14550,25.0,42,0,0
1768227898198658,52931,14550,32.0,36,0,0
1768227898200395,52931,14550,62.0,65,0,0
1768227898201875,52931,14550,49.0,27,0,0
1768227898204322,52931,14550,44.0,116,0,0
1768227898206321,52931,14550,42.0,129,0,0
1768227898209586,52931,14550,34.0,29,0,0
1768227898211966,52931,14550,34.0,137,0,0
1768227898213642,52931,14550,60.0,24,0,0
1768227898215654,52931,14550,53.0,124,0,0
1768227898217975,52931,14550,30.0,2,0,0
1768227898221029,52931,14550,64.0,164,0,0
1768227898224182,52931,14550,24.0,168,0,0
1768227898226820,52931,14550,42.0,136,0,0
1768227898228630,52931,14550,42.0,193,0,0
1768227898231007,52931,14550,48.0,32,0,0
1768227898232980,5760,58419,,0,1,0
1768227898238108,52931,14550,40.0,241,0,0
1768227898240110,52931,14550,61.0,147,0,0
1768227898241721,52931,14550,64.0,11030,0,0
1768227898244432,52931,14550,29.0,0,0,0
1768227898330579,5760,58419,,264,1,0
1768227898331758,52931,14550,46.0,264,0,0
1768227898417301,52931,14550,48.0,163,0,0
1768227898419080,52931,14550,44.0,178,0,0
1768227898420868,52931,14550,48.0,30,0,0
1768227898423325,52931,14550,48.0,33,0,0
1768227898424687,52931,14550,38.0,74,0,0
1768227898429674,52931,14550,51.0,1,0,0
1768227898435256,52931,14550,22.0,125,0,0
1768227898437808,52931,14550,27.0,152,0,0
1768227898439516,52931,14550,42.0,62,0,0
1768227898442943,52931,14550,25.0,42,0,0
1768227898445632,52931,14550,32.0,36,0,0
1768227898447211,52931,14550,62.0,65,0,0
1768227898448560,52931,14550,49.0,27,0,0
1768227898450078,52931,14550,44.0,116,0,0
1768227898451481,52931,14550,42.0,129,0,0
1768227898453351,52931,14550,34.0,29,0,0
1768227898454889,52931,14550,34.0,137,0,0
1768227898456421,52931,14550,60.0,24,0,0
1768227898458512,52931,14550,53.0,124,0,0
1768227898460156,52931,14550,30.0,2,0,0
1768227898461976,52931,14550,64.0,164,0,0
1768227898463496,52931,14550,24.0,168,0,0
1768227898465127,52931,14550,42.0,136,0,0
1768227898466608,52931,14550,42.0,193,0,0
1768227898468028,52931,14550,48.0,32,0,0
1768227898469531,52931,14550,40.0,241,0,0
1768227898471095,52931,14550,61.0,147,0,0
1768227898472426,52931,14550,64.0,11030,0,0
1768227898667791,52931,14550,48.0,163,0,0
1768227898669744,52931,14550,44.0,178,0,0
1768227898672494,52931,14550,48.0,30,0,0
1768227898677393,52931,14550,48.0,33,0,0
1768227898679983,52931,14550,38.0,74,0,0
1768227898684669,52931,14550,51.0,1,0,0
1768227898693579,52931,14550,22.0,125,0,0
1768227898696176,52931,14550,27.0,152,0,0
1768227898698836,52931,14550,42.0,62,0,0
1768227898700853,52931,14550,25.0,42,0,0
1768227898705199,52931,14550,32.0,36,0,0
1768227898707247,52931,14550,62.0,65,0,0
1768227898709744,52931,14550,49.0,27,0,0
1768227898711575,52931,14550,44.0,116,0,0
1768227898713542,52931,14550,42.0,129,0,0
1768227898716028,52931,14550,34.0,29,0,0
1768227898719636,52931,14550,34.0,137,0,0
1768227898722304,52931,14550,60.0,24,0,0
1768227898725495,52931,14550,53.0,124,0,0
1768227898728855,52931,14550,30.0,2,0,0
1768227898731644,52931,14550,64.0,164,0,0
1768227898733888,52931,14550,24.0,168,0,0
1768227898735477,52931,14550,42.0,136,0,0
1768227898737553,52931,14550,42.0,193,0,0
1768227898739082,52931,14550,48.0,32,0,0
1768227898740898,52931,14550,40.0,241,0,0
1768227898743576,52931,14550,61.0,147,0,0
1768227898745254,52931,14550,64.0,11030,0,0
1768227898830435,5760,58419,,264,1,0
1768227898831471,52931,14550,46.0,264,0,0
1768227898917173,52931,14550,48.0,163,0,0
1768227898921167,52931,14550,44.0,178,0,0
1768227898922891,52931,14550,48.0,30,0,0
1768227898926642,52931,14550,48.0,33,0,0
1768227898929365,52931,14550,38.0,74,0,0
1768227898933713,52931,14550,51.0,1,0,0
1768227898937812,52931,14550,22.0,125,0,0
1768227898940017,52931,14550,27.0,152,0,0
1768227898942042,52931,14550,42.0,62,0,0
1768227898945431,52931,14550,25.0,42,0,0
1768227898950052,52931,14550,32.0,36,0,0
1768227898952263,52931,14550,62.0,65,0,0
1768227898954865,52931,14550,49.0,27,0,0
1768227898957509,52931,14550,44.0,116,0,0
1768227898959419,52931,14550,42.0,129,0,0
1768227898961044,52931,14550,34.0,29,0,0
1768227898962745,52931,14550,34.0,137,0,0
1768227898964326,52931,14550,60.0,24,0,0
1768227898966971,52931,14550,53.0,124,0,0
1768227898970413,52931,14550,30.0,2,0,0
1768227898972814,52931,14550,64.0,164,0,0
1768227898974991,52931,14550,24.0,168,0,0
1768227898977408,52931,14550,42.0,136,0,0
1768227898979490,52931,14550,42.0,193,0,0
1768227898982038,52931,14550,48.0,32,0,0
1768227898983793,52931,14550,40.0,241,0,0
1768227898985963,52931,14550,61.0,147,0,0
1768227898988182,52931,14550,64.0,11030,0,0
1768227898989358,58419,5760,,0,1,0
1768227899170151,52931,14550,48.0,163,0,0
1768227899176476,52931,14550,44.0,178,0,0
1768227899178775,52931,14550,48.0,30,0,0
1768227899182772,52931,14550,48.0,33,0,0
1768227899186199,52931,14550,38.0,74,0,0
1768227899191665,52931,14550,51.0,1,0,0
1768227899203335,52931,14550,22.0,125,0,0
1768227899210554,52931,14550,27.0,152,0,0
1768227899213603,52931,14550,42.0,62,0,0
1768227899219135,52931,14550,25.0,42,0,0
1768227899224206,52931,14550,32.0,36,0,0
1768227899226490,52931,14550,62.0,65,0,0
1768227899231560,52931,14550,49.0,27,0,0
1768227899233787,52931,14550,44.0,116,0,0
1768227899235776,52931,14550,42.0,129,0,0
1768227899237854,52931,14550,34.0,29,0,0
1768227899240848,52931,14550,34.0,137,0,0
1768227899241587,5760,58419,,0,1,0
1768227899242767,52931,14550,60.0,24,0,0
1768227899245813,52931,14550,53.0,124,0,0
1768227899248244,52931,14550,30.0,2,0,0
1768227899249750,52931,14550,64.0,164,0,0
1768227899251566,52931,14550,24.0,168,0,0
1768227899253762,52931,14550,42.0,136,0,0
1768227899256022,52931,14550,42.0,193,0,0
1768227899258670,52931,14550,48.0,32,0,0
1768227899260536,52931,14550,40.0,241,0,0
1768227899262491,52931,14550,61.0,147,0,0
1768227899264503,52931,14550,64.0,11030,0,0
1768227899268190,52931,14550,29.0,0,0,0
1768227899338933,5760,58419,,264,1,0
1768227899340345,52931,14550,46.0,264,0,0
1768227899419497,52931,14550,48.0,163,0,0
1768227899422123,52931,14550,44.0,178,0,0
1768227899424953,52931,14550,48.0,30,0,0
1768227899429040,52931,14550,48.0,33,0,0
1768227899432081,52931,14550,38.0,74,0,0
1768227899438898,52931,14550,51.0,1,0,0
1768227899445941,52931,14550,22.0,125,0,0
1768227899448577,52931,14550,27.0,152,0,0
1768227899450643,52931,14550,42.0,62,0,0
1768227899453683,52931,14550,25.0,42,0,0
1768227899458763,52931,14550,32.0,36,0,0
1768227899460772,52931,14550,62.0,65,0,0
1768227899463204,52931,14550,49.0,27,0,0
1768227899465327,52931,14550,44.0,116,0,0
1768227899467883,52931,14550,42.0,129,0,0
1768227899469917,52931,14550,34.0,29,0,0
1768227899471947,52931,14550,34.0,137,0,0
1768227899474182,52931,14550,60.0,24,0,0
1768227899476870,52931,14550,53.0,124,0,0
1768227899479809,52931,14550,30.0,2,0,0
1768227899481231,52931,14550,64.0,164,0,0
1768227899483088,52931,14550,24.0,168,0,0
1768227899485097,52931,14550,42.0,136,0,0
1768227899487168,52931,14550,42.0,193,0,0
1768227899489417,52931,14550,48.0,32,0,0
1768227899491690,52931,14550,40.0,241,0,0
1768227899493897,52931,14550,61.0,147,0,0
1768227899496147,52931,14550,64.0,11030,0,0
1768227899675825,52931,14550,48.0,163,0,0
1768227899678846,52931,14550,44.0,178,0,0
1768227899681064,52931,14550,48.0,30,0,0
1768227899686907,52931,14550,48.0,33,0,0
1768227899693621,52931,14550,38.0,74,0,0
1768227899700003,52931,14550,51.0,1,0,0
1768227899708447,52931,14550,22.0,125,0,0
1768227899712487,52931,14550,27.0,152,0,0
1768227899716194,52931,14550,42.0,62,0,0
1768227899722273,52931,14550,25.0,42,0,0
1768227899728350,52931,14550,32.0,36,0,0
1768227899730459,52931,14550,62.0,65,0,0
1768227899734585,52931,14550,49.0,27,0,0
1768227899738658,52931,14550,44.0,116,0,0
1768227899742905,52931,14550,42.0,129,0,0
1768227899746124,52931,14550,34.0,29,0,0
1768227899750192,52931,14550,34.0,137,0,0
1768227899755194,52931,14550,60.0,24,0,0
1768227899759916,52931,14550,53.0,124,0,0
1768227899764114,52931,14550,30.0,2,0,0
1768227899766308,52931,14550,64.0,164,0,0
1768227899767667,52931,14550,24.0,168,0,0
1768227899769187,52931,14550,42.0,136,0,0
1768227899770654,52931,14550,42.0,193,0,0
1768227899772137,52931,14550,48.0,32,0,0
1768227899773627,52931,14550,40.0,241,0,0
1768227899775161,52931,14550,61.0,147,0,0
1768227899776366,52931,14550,64.0,11030,0,0
1768227899839891,5760,58419,,264,1,0
1768227899840670,52931,14550,46.0,264,0,0
1768227899923491,52931,14550,48.0,163,0,0
1768227899928311,52931,14550,44.0,178,0,0
1768227899930629,52931,14550,48.0,30,0,0
1768227899933859,52931,14550,48.0,33,0,0
1768227899937366,52931,14550,38.0,74,0,0
1768227899942443,52931,14550,51.0,1,0,0
1768227899946411,52931,14550,22.0,125,0,0
1768227899948869,52931,14550,27.0,152,0,0
1768227899950607,52931,14550,42.0,62,0,0
1768227899953655,52931,14550,25.0,42,0,0
1768227899960191,52931,14550,32.0,36,0,0
1768227899962819,52931,14550,62.0,65,0,0
1768227899964927,52931,14550,49.0,27,0,0
1768227899967799,52931,14550,44.0,116,0,0
1768227899970608,52931,14550,42.0,129,0,0
1768227899973596,52931,14550,34.0,29,0,0
1768227899976052,52931,14550,34.0,137,0,0
1768227899978493,52931,14550,60.0,24,0,0
1768227899981261,52931,14550,53.0,124,0,0
1768227899983621,52931,14550,30.0,2,0,0
1768227899986294,52931,14550,64.0,164,0,0
1768227899987830,52931,14550,24.0,168,0,0
1768227899989890,52931,14550,42.0,136,0,0
1768227899992439,52931,14550,42.0,193,0,0
1768227899995215,52931,14550,48.0,32,0,0
1768227899997471,52931,14550,40.0,241,0,0
1768227899999450,52931,14550,61.0,147,0,0
1768227900001837,52931,14550,64.0,11030,0,0
1768227900005442,58419,5760,,0,1,0
1768227900179095,52931,14550,48.0,163,0,0
1768227900183585,52931,14550,44.0,178,0,0
1768227900185660,52931,14550,48.0,30,0,0
1768227900189150,52931,14550,48.0,33,0,0
1768227900191762,52931,14550,38.0,74,0,0
1768227900196606,52931,14550,51.0,1,0,0
1768227900203729,52931,14550,22.0,125,0,0
1768227900207121,52931,14550,27.0,152,0,0
1768227900209378,52931,14550,42.0,62,0,0
1768227900216018,52931,14550,25.0,42,0,0
1768227900222924,52931,14550,32.0,36,0,0
1768227900226518,52931,14550,62.0,65,0,0
1768227900231091,52931,14550,49.0,27,0,0
1768227900234432,52931,14550,44.0,116,0,0
1768227900236690,52931,14550,42.0,129,0,0
1768227900239905,52931,14550,34.0,29,0,0
1768227900244158,52931,14550,34.0,137,0,0
1768227900246092,52931,14550,60.0,24,0,0
1768227900246946,5760,58419,,0,1,0
1768227900249504,52931,14550,53.0,124,0,0
1768227900254614,52931,14550,30.0,2,0,0
1768227900256968,52931,14550,64.0,164,0,0
1768227900259172,52931,14550,24.0,168,0,0
1768227900261122,52931,14550,42.0,136,0,0
1768227900266875,52931,14550,42.0,193,0,0
1768227900271447,52931,14550,48.0,32,0,0
1768227900273310,52931,14550,40.0,241,0,0
1768227900276957,52931,14550,61.0,147,0,0
1768227900279702,52931,14550,64.0,11030,0,0
1768227900286075,52931,14550,29.0,0,0,0
1768227900341893,5760,58419,,264,1,0
1768227900342377,52931,14550,46.0,264,0,0
1768227900431064,52931,14550,48.0,163,0,0
1768227900433379,52931,14550,44.0,178,0,0
1768227900436264,52931,14550,48.0,30,0,0
1768227900439228,52931,14550,48.0,33,0,0
1768227900441871,52931,14550,38.0,74,0,0
1768227900446778,52931,14550,51.0,1,0,0
1768227900450284,52931,14550,22.0,125,0,0
1768227900452978,52931,14550,27.0,152,0,0
1768227900454715,52931,14550,42.0,62,0,0
1768227900457061,52931,14550,25.0,42,0,0
1768227900461351,52931,14550,32.0,36,0,0
1768227900463003,52931,14550,62.0,65,0,0
1768227900464664,52931,14550,49.0,27,0,0
1768227900466204,52931,14550,44.0,116,0,0
1768227900468245,52931,14550,42.0,129,0,0
1768227900470832,52931,14550,34.0,29,0,0
1768227900473290,52931,14550,34.0,137,0,0
1768227900475081,52931,14550,60.0,24,0,0
1768227900477352,52931,14550,53.0,124,0,0
1768227900479607,52931,14550,30.0,2,0,0
1768227900482288,52931,14550,64.0,164,0,0
1768227900483985,52931,14550,24.0,168,0,0
1768227900486469,52931,14550,42.0,136,0,0
1768227900488473,52931,14550,42.0,193,0,0
1768227900490910,52931,14550,48.0,32,0,0
1768227900493013,52931,14550,40.0,241,0,0
1768227900495768,52931,14550,61.0,147,0,0
1768227900497142,52931,14550,64.0,11030,0,0
1768227900681401,52931,14550,48.0,163,0,0
1768227900685755,52931,14550,44.0,178,0,0
1768227900688606,52931,14550,48.0,30,0,0
1768227900693419,52931,14550,48.0,33,0,0
1768227900697759,52931,14550,38.0,74,0,0
1768227900705619,52931,14550,51.0,1,0,0
1768227900713143,52931,14550,22.0,125,0,0
1768227900716736,52931,14550,27.0,152,0,0
1768227900720341,52931,14550,42.0,62,0,0
1768227900725630,52931,14550,25.0,42,0,0
1768227900730834,52931,14550,32.0,36,0,0
1768227900736046,52931,14550,62.0,65,0,0
1768227900738775,52931,14550,49.0,27,0,0
1768227900741165,52931,14550,44.0,116,0,0
1768227900743835,52931,14550,42.0,129,0,0
1768227900747013,52931,14550,34.0,29,0,0
1768227900750559,52931,14550,34.0,137,0,0
1768227900753387,52931,14550,60.0,24,0,0
1768227900758670,52931,14550,53.0,124,0,0
1768227900760997,52931,14550,30.0,2,0,0
1768227900763055,52931,14550,64.0,164,0,0
1768227900765568,52931,14550,24.0,168,0,0
1768227900769308,52931,14550,42.0,136,0,0
1768227900771715,52931,14550,42.0,193,0,0
1768227900775196,52931,14550,48.0,32,0,0
1768227900777557,52931,14550,40.0,241,0,0
1768227900779485,52931,14550,61.0,147,0,0
1768227900781775,52931,14550,64.0,11030,0,0
1768227900846481,5760,58419,,264,1,0
1768227900847851,52931,14550,46.0,264,0,0
1768227900934522,52931,14550,48.0,163,0,0
1768227900936534,52931,14550,44.0,178,0,0
1768227900939522,52931,14550,48.0,30,0,0
1768227900942145,52931,14550,48.0,33,0,0
1768227900944295,52931,14550,38.0,74,0,0
1768227900948443,52931,14550,51.0,1,0,0
1768227900952467,52931,14550,22.0,125,0,0
1768227900954357,52931,14550,27.0,152,0,0
1768227900955875,52931,14550,42.0,62,0,0
1768227900958628,52931,14550,25.0,42,0,0
1768227900962576,52931,14550,32.0,36,0,0
1768227900964772,52931,14550,62.0,65,0,0
1768227900966586,52931,14550,49.0,27,0,0
1768227900968712,52931,14550,44.0,116,0,0
1768227900970646,52931,14550,42.0,129,0,0
1768227900972395,52931,14550,34.0,29,0,0
1768227900974579,52931,14550,34.0,137,0,0
1768227900976543,52931,14550,60.0,24,0,0
1768227900979372,52931,14550,53.0,124,0,0
1768227900981658,52931,14550,30.0,2,0,0
1768227900983870,52931,14550,64.0,164,0,0
1768227900986483,52931,14550,24.0,168,0,0
1768227900989044,52931,14550,42.0,136,0,0
1768227900991085,52931,14550,42.0,193,0,0
1768227900993210,52931,14550,48.0,32,0,0
1768227900995357,52931,14550,40.0,241,0,0
1768227900997596,52931,14550,61.0,147,0,0
1768227900999882,52931,14550,64.0,11030,0,0
1768227901013302,58419,5760,,0,1,0
1768227901184264,52931,14550,48.0,163,0,0
1768227901186239,52931,14550,44.0,178,0,0
1768227901188339,52931,14550,48.0,30,0,0
1768227901192873,52931,14550,48.0,33,0,0
1768227901194994,52931,14550,38.0,74,0,0
1768227901198737,52931,14550,51.0,1,0,0
1768227901208036,52931,14550,22.0,125,0,0
1768227901212479,52931,14550,27.0,152,0,0
1768227901214744,52931,14550,42.0,62,0,0
1768227901221169,52931,14550,25.0,42,0,0
1768227901228835,52931,14550,32.0,36,0,0
1768227901231574,52931,14550,62.0,65,0,0
1768227901233374,52931,14550,49.0,27,0,0
1768227901236808,52931,14550,44.0,116,0,0
1768227901239103,52931,14550,42.0,129,0,0
1768227901241703,52931,14550,34.0,29,0,0
1768227901244902,52931,14550,34.0,137,0,0
1768227901246757,52931,14550,60.0,24,0,0
1768227901254575,52931,14550,53.0,124,0,0
1768227901255303,5760,58419,,0,1,0
1768227901258401,52931,14550,30.0,2,0,0
1768227901261108,52931,14550,64.0,164,0,0
1768227901264306,52931,14550,24.0,168,0,0
1768227901270954,52931,14550,42.0,136,0,0
1768227901273625,52931,14550,42.0,193,0,0
1768227901275881,52931,14550,48.0,32,0,0
1768227901278026,52931,14550,40.0,241,0,0
1768227901281386,52931,14550,61.0,147,0,0
1768227901283961,52931,14550,64.0,11030,0,0
1768227901287537,52931,14550,29.0,0,0,0
1768227901348365,5760,58419,,264,1,0
1768227901349708,52931,14550,46.0,264,0,0
1768227901437661,52931,14550,48.0,163,0,0
1768227901441844,52931,14550,44.0,178,0,0
1768227901447649,52931,14550,48.0,30,0,0
1768227901452209,52931,14550,48.0,33,0,0
1768227901458843,52931,14550,38.0,74,0,0
1768227901471236,52931,14550,51.0,1,0,0
1768227901477847,52931,14550,22.0,125,0,0
1768227901481579,52931,14550,27.0,152,0,0
1768227901484358,52931,14550,42.0,62,0,0
1768227901488412,52931,14550,25.0,42,0,0
1768227901494065,52931,14550,32.0,36,0,0
1768227901496204,52931,14550,62.0,65,0,0
1768227901498924,52931,14550,49.0,27,0,0
1768227901502570,52931,14550,44.0,116,0,0
1768227901505464,52931,14550,42.0,129,0,0
1768227901508342,52931,14550,34.0,29,0,0
1768227901510753,52931,14550,34.0,137,0,0
1768227901513067,52931,14550,60.0,24,0,0
1768227901515225,52931,14550,53.0,124,0,0
1768227901516447,52931,14550,30.0,2,0,0
1768227901517294,52931,14550,64.0,164,0,0
1768227901518087,52931,14550,24.0,168,0,0
1768227901518884,52931,14550,42.0,136,0,0
1768227901519431,52931,14550,42.0,193,0,0
1768227901520172,52931,14550,48.0,32,0,0
1768227901520803,52931,14550,40.0,241,0,0
1768227901521630,52931,14550,61.0,147,0,0
1768227901522550,52931,14550,64.0,11030,0,0
1768227901688121,52931,14550,48.0,163,0,0
1768227901691578,52931,14550,44.0,178,0,0
1768227901696636,52931,14550,48.0,30,0,0
1768227901699735,52931,14550,48.0,33,0,0
1768227901703729,52931,14550,38.0,74,0,0
1768227901710560,52931,14550,51.0,1,0,0
1768227901716494,52931,14550,22.0,125,0,0
1768227901720410,52931,14550,27.0,152,0,0
1768227901723204,52931,14550,42.0,62,0,0
1768227901726522,52931,14550,25.0,42,0,0
1768227901731719,52931,14550,32.0,36,0,0
1768227901735076,52931,14550,62.0,65,0,0
1768227901737191,52931,14550,49.0,27,0,0
1768227901739491,52931,14550,44.0,116,0,0
1768227901741279,52931,14550,42.0,129,0,0
1768227901742920,52931,14550,34.0,29,0,0
1768227901745424,52931,14550,34.0,137,0,0
1768227901750544,52931,14550,60.0,24,0,0
1768227901753973,52931,14550,53.0,124,0,0
1768227901757546,52931,14550,30.0,2,0,0
1768227901761720,52931,14550,64.0,164,0,0
1768227901763654,52931,14550,24.0,168,0,0
1768227901768213,52931,14550,42.0,136,0,0
1768227901769816,52931,14550,42.0,193,0,0
1768227901773312,52931,14550,48.0,32,0,0
1768227901775068,52931,14550,40.0,241,0,0
1768227901777561,52931,14550,61.0,147,0,0
1768227901779695,52931,14550,64.0,11030,0,0
1768227901852884,5760,58419,,264,1,0
1768227901854211,52931,14550,46.0,264,0,0
1768227901941211,52931,14550,48.0,163,0,0
1768227901944289,52931,14550,44.0,178,0,0
1768227901947459,52931,14550,48.0,30,0,0
1768227901950614,52931,14550,48.0,33,0,0
1768227901952920,52931,14550,38.0,74,0,0
1768227901956879,52931,14550,51.0,1,0,0
1768227901962684,52931,14550,22.0,125,0,0
1768227901965451,52931,14550,27.0,152,0,0
1768227901967655,52931,14550,42.0,62,0,0
1768227901970940,52931,14550,25.0,42,0,0
1768227901975177,52931,14550,32.0,36,0,0
1768227901978459,52931,14550,62.0,65,0,0
1768227901980689,52931,14550,49.0,27,0,0
1768227901982612,52931,14550,44.0,116,0,0
1768227901984990,52931,14550,42.0,129,0,0
1768227901986916,52931,14550,34.0,29,0,0
1768227901988898,52931,14550,34.0,137,0,0
1768227901991239,52931,14550,60.0,24,0,0
1768227901994455,52931,14550,53.0,124,0,0
1768227901996782,52931,14550,30.0,2,0,0
1768227901999121,52931,14550,64.0,164,0,0
1768227902001827,52931,14550,24.0,168,0,0
1768227902004526,52931,14550,42.0,136,0,0
1768227902006374,52931,14550,42.0,193,0,0
1768227902008939,52931,14550,48.0,32,0,0
1768227902010613,52931,14550,40.0,241,0,0
1768227902012659,52931,14550,61.0,147,0,0
1768227902015443,52931,14550,64.0,11030,0,0
1768227902018160,58419,5760,,0,1,0
1768227902190483,52931,14550,48.0,163,0,0
1768227902192947,52931,14550,44.0,178,0,0
1768227902194834,52931,14550,48.0,30,0,0
1768227902200632,52931,14550,48.0,33,0,0
1768227902205841,52931,14550,38.0,74,0,0
1768227902212977,52931,14550,51.0,1,0,0
1768227902219139,52931,14550,22.0,125,0,0
1768227902222817,52931,14550,27.0,152,0,0
1768227902224808,52931,14550,42.0,62,0,0
1768227902228859,52931,14550,25.0,42,0,0
1768227902233792,52931,14550,32.0,36,0,0
1768227902237807,52931,14550,62.0,65,0,0
1768227902240783,52931,14550,49.0,27,0,0
1768227902243898,52931,14550,44.0,116,0,0
1768227902246720,52931,14550,42.0,129,0,0
1768227902249904,52931,14550,34.0,29,0,0
1768227902250486,5760,58419,,111,1,0
1768227902252511,52931,14550,34.0,137,0,0
1768227902254101,52931,14550,60.0,24,0,0
1768227902259233,52931,14550,53.0,124,0,0
1768227902260440,5760,58419,,0,1,0
1768227902266092,52931,14550,30.0,2,0,0
1768227902269074,52931,14550,64.0,164,0,0
1768227902272612,52931,14550,24.0,168,0,0
1768227902275761,52931,14550,42.0,136,0,0
1768227902277961,52931,14550,42.0,193,0,0
1768227902281958,52931,14550,48.0,32,0,0
1768227902285213,52931,14550,40.0,241,0,0
1768227902287717,52931,14550,61.0,147,0,0
1768227902291068,52931,14550,64.0,11030,0,0
1768227902296789,52931,14550,33.0,111,0,0
1768227902298756,52931,14550,29.0,0,0,0
1768227902357112,5760,58419,,264,1,0
1768227902358402,52931,14550,46.0,264,0,0
1768227902444260,52931,14550,48.0,163,0,0
1768227902448369,52931,14550,44.0,178,0,0
1768227902453063,52931,14550,48.0,30,0,0
1768227902457246,52931,14550,48.0,33,0,0
1768227902460144,52931,14550,38.0,74,0,0
1768227902463736,52931,14550,51.0,1,0,0
1768227902467964,52931,14550,22.0,125,0,0
1768227902470888,52931,14550,27.0,152,0,0
1768227902473756,52931,14550,42.0,62,0,0
1768227902477572,52931,14550,25.0,42,0,0
1768227902481777,52931,14550,32.0,36,0,0
1768227902483756,52931,14550,62.0,65,0,0
1768227902486410,52931,14550,49.0,27,0,0
1768227902489675,52931,14550,44.0,116,0,0
1768227902492099,52931,14550,42.0,129,0,0
1768227902494016,52931,14550,34.0,29,0,0
1768227902496034,52931,14550,34.0,137,0,0
1768227902497808,52931,14550,60.0,24,0,0
1768227902499741,52931,14550,53.0,124,0,0
1768227902502135,52931,14550,30.0,2,0,0
1768227902504612,52931,14550,64.0,164,0,0
1768227902506400,52931,14550,24.0,168,0,0
1768227902508113,52931,14550,42.0,136,0,0
1768227902509666,52931,14550,42.0,193,0,0
1768227902511714,52931,14550,48.0,32,0,0
1768227902514003,52931,14550,40.0,241,0,0
1768227902516366,52931,14550,61.0,147,0,0
1768227902517946,52931,14550,64.0,11030,0,0
1768227902697205,52931,14550,48.0,163,0,0
1768227902701023,52931,14550,44.0,178,0,0
1768227902706008,52931,14550,48.0,30,0,0
1768227902708937,52931,14550,48.0,33,0,0
1768227902712862,52931,14550,38.0,74,0,0
1768227902718691,52931,14550,51.0,1,0,0
1768227902727844,52931,14550,22.0,125,0,0
1768227902731378,52931,14550,27.0,152,0,0
1768227902735462,52931,14550,42.0,62,0,0
1768227902740320,52931,14550,25.0,42,0,0
1768227902747275,52931,14550,32.0,36,0,0
1768227902750071,52931,14550,62.0,65,0,0
1768227902752341,52931,14550,49.0,27,0,0
1768227902754535,52931,14550,44.0,116,0,0
1768227902757835,52931,14550,42.0,129,0,0
1768227902760359,52931,14550,34.0,29,0,0
1768227902761969,52931,14550,34.0,137,0,0
1768227902763548,52931,14550,60.0,24,0,0
1768227902766467,52931,14550,53.0,124,0,0
1768227902769627,52931,14550,30.0,2,0,0
1768227902772356,52931,14550,64.0,164,0,0
1768227902774953,52931,14550,24.0,168,0,0
1768227902777788,52931,14550,42.0,136,0,0
1768227902780077,52931,14550,42.0,193,0,0
1768227902783847,52931,14550,48.0,32,0,0
1768227902786045,52931,14550,40.0,241,0,0
1768227902787890,52931,14550,61.0,147,0,0
1768227902790177,52931,14550,64.0,11030,0,0
1768227902860737,5760,58419,,264,1,0
1768227902862866,52931,14550,46.0,264,0,0
1768227902944878,52931,14550,48.0,163,0,0
1768227902947502,52931,14550,44.0,178,0,0
1768227902949506,52931,14550,48.0,30,0,0
1768227902951581,52931,14550,48.0,33,0,0
1768227902953035,52931,14550,38.0,74,0,0
1768227902956412,52931,14550,51.0,1,0,0
1768227902959285,52931,14550,22.0,125,0,0
1768227902960909,52931,14550,27.0,152,0,0
1768227902962108,52931,14550,42.0,62,0,0
1768227902964206,52931,14550,25.0,42,0,0
1768227902966891,52931,14550,32.0,36,0,0
1768227902968115,52931,14550,62.0,65,0,0
1768227902969675,52931,14550,49.0,27,0,0
1768227902970928,52931,14550,44.0,116,0,0
1768227902972430,52931,14550,42.0,129,0,0
1768227902973701,52931,14550,34.0,29,0,0
1768227902975434,52931,14550,34.0,137,0,0
1768227902976994,52931,14550,60.0,24,0,0
1768227902980380,52931,14550,53.0,124,0,0
1768227902983234,52931,14550,30.0,2,0,0
1768227902984681,52931,14550,64.0,164,0,0
1768227902985509,52931,14550,24.0,168,0,0
1768227902987844,52931,14550,42.0,136,0,0
1768227902990088,52931,14550,42.0,193,0,0
1768227902991146,52931,14550,48.0,32,0,0
1768227902991999,52931,14550,40.0,241,0,0
1768227902992835,52931,14550,61.0,147,0,0
1768227902993610,52931,14550,64.0,11030,0,0
1768227903027228,58419,5760,,0,1,0
1768227903197443,52931,14550,48.0,163,0,0
1768227903199269,52931,14550,44.0,178,0,0
1768227903200901,52931,14550,48.0,30,0,0
1768227903205114,52931,14550,48.0,33,0,0
1768227903210238,52931,14550,38.0,74,0,0
1768227903214314,52931,14550,51.0,1,0,0
1768227903221950,52931,14550,22.0,125,0,0
1768227903224995,52931,14550,27.0,152,0,0
1768227903226964,52931,14550,42.0,62,0,0
1768227903231890,52931,14550,25.0,42,0,0
1768227903235625,52931,14550,32.0,36,0,0
1768227903238519,52931,14550,62.0,65,0,0
1768227903241855,52931,14550,49.0,27,0,0
1768227903245189,52931,14550,44.0,116,0,0
1768227903247179,52931,14550,42.0,129,0,0
1768227903249784,52931,14550,34.0,29,0,0
1768227903251360,52931,14550,34.0,137,0,0
1768227903253758,52931,14550,60.0,24,0,0
1768227903260638,52931,14550,53.0,124,0,0
1768227903264015,52931,14550,30.0,2,0,0
1768227903265457,52931,14550,64.0,164,0,0
1768227903268052,52931,14550,24.0,168,0,0
1768227903271656,52931,14550,42.0,136,0,0
1768227903272437,5760,58419,,0,1,0
1768227903273393,52931,14550,42.0,193,0,0
1768227903275289,52931,14550,48.0,32,0,0
1768227903277262,52931,14550,40.0,241,0,0
1768227903279082,52931,14550,61.0,147,0,0
1768227903280458,52931,14550,64.0,11030,0,0
1768227903283754,52931,14550,29.0,0,0,0
1768227903363011,5760,58419,,264,1,0
1768227903364313,52931,14550,46.0,264,0,0
1768227903448499,52931,14550,48.0,163,0,0
1768227903452416,52931,14550,44.0,178,0,0
1768227903454421,52931,14550,48.0,30,0,0
1768227903457387,52931,14550,48.0,33,0,0
1768227903459324,52931,14550,38.0,74,0,0
1768227903464189,52931,14550,51.0,1,0,0
1768227903467208,52931,14550,22.0,125,0,0
1768227903469658,52931,14550,27.0,152,0,0
1768227903471496,52931,14550,42.0,62,0,0
1768227903473308,52931,14550,25.0,42,0,0
1768227903476220,52931,14550,32.0,36,0,0
1768227903478004,52931,14550,62.0,65,0,0
1768227903479299,52931,14550,49.0,27,0,0
1768227903480825,52931,14550,44.0,116,0,0
1768227903482027,52931,14550,42.0,129,0,0
1768227903483742,52931,14550,34.0,29,0,0
1768227903485506,52931,14550,34.0,137,0,0
1768227903488072,52931,14550,60.0,24,0,0
1768227903490493,52931,14550,53.0,124,0,0
1768227903492524,52931,14550,30.0,2,0,0
1768227903493775,52931,14550,64.0,164,0,0
1768227903495314,52931,14550,24.0,168,0,0
1768227903496906,52931,14550,42.0,136,0,0
1768227903498305,52931,14550,42.0,193,0,0
1768227903499727,52931,14550,48.0,32,0,0
1768227903501071,52931,14550,40.0,241,0,0
1768227903503093,52931,14550,61.0,147,0,0
1768227903504630,52931,14550,64.0,11030,0,0
1768227903700122,52931,14550,48.0,163,0,0
1768227903703428,52931,14550,44.0,178,0,0
1768227903705924,52931,14550,48.0,30,0,0
1768227903710277,52931,14550,48.0,33,0,0
1768227903712053,52931,14550,38.0,74,0,0
1768227903715719,52931,14550,51.0,1,0,0
1768227903722157,52931,14550,22.0,125,0,0
1768227903725803,52931,14550,27.0,152,0,0
1768227903729862,52931,14550,42.0,62,0,0
1768227903732719,52931,14550,25.0,42,0,0
1768227903735983,52931,14550,32.0,36,0,0
1768227903739301,52931,14550,62.0,65,0,0
1768227903741966,52931,14550,49.0,27,0,0
1768227903744875,52931,14550,44.0,116,0,0
1768227903746892,52931,14550,42.0,129,0,0
1768227903751993,52931,14550,34.0,29,0,0
1768227903754723,52931,14550,34.0,137,0,0
1768227903757242,52931,14550,60.0,24,0,0
1768227903760296,52931,14550,53.0,124,0,0
1768227903762135,52931,14550,30.0,2,0,0
1768227903764433,52931,14550,64.0,164,0,0
1768227903765665,52931,14550,24.0,168,0,0
1768227903767820,52931,14550,42.0,136,0,0
1768227903770997,52931,14550,42.0,193,0,0
1768227903774244,52931,14550,48.0,32,0,0
1768227903776672,52931,14550,40.0,241,0,0
1768227903779683,52931,14550,61.0,147,0,0
1768227903782630,52931,14550,64.0,11030,0,0
1768227903869091,5760,58419,,264,1,0
1768227903870356,52931,14550,46.0,264,0,0
1768227903953748,52931,14550,48.0,163,0,0
1768227903955363,52931,14550,44.0,178,0,0
1768227903957646,52931,14550,48.0,30,0,0
1768227903960256,52931,14550,48.0,33,0,0
1768227903962052,52931,14550,38.0,74,0,0
1768227903966322,52931,14550,51.0,1,0,0
1768227903971460,52931,14550,22.0,125,0,0
1768227903973494,52931,14550,27.0,152,0,0
1768227903974994,52931,14550,42.0,62,0,0
1768227903976857,52931,14550,25.0,42,0,0
1768227903979482,52931,14550,32.0,36,0,0
1768227903980948,52931,14550,62.0,65,0,0
1768227903982576,52931,14550,49.0,27,0,0
1768227903984173,52931,14550,44.0,116,0,0
1768227903985626,52931,14550,42.0,129,0,0
1768227903986951,52931,14550,34.0,29,0,0
1768227903988898,52931,14550,34.0,137,0,0
1768227903990342,52931,14550,60.0,24,0,0
1768227903992607,52931,14550,53.0,124,0,0
1768227903994344,52931,14550,30.0,2,0,0
1768227903995882,52931,14550,64.0,164,0,0
1768227903997230,52931,14550,24.0,168,0,0
1768227903998692,52931,14550,42.0,136,0,0
1768227903999873,52931,14550,42.0,193,0,0
1768227904001540,52931,14550,48.0,32,0,0
1768227904003033,52931,14550,40.0,241,0,0
1768227904004487,52931,14550,61.0,147,0,0
1768227904005837,52931,14550,64.0,11030,0,0
1768227904030194,58419,5760,,0,1,0
1768227904200918,52931,14550,48.0,163,0,0
1768227904203474,52931,14550,44.0,178,0,0
1768227904206198,52931,14550,48.0,30,0,0
1768227904210436,52931,14550,48.0,33,0,0
1768227904212023,52931,14550,38.0,74,0,0
1768227904216365,52931,14550,51.0,1,0,0
1768227904224136,52931,14550,22.0,125,0,0
1768227904226464,52931,14550,27.0,152,0,0
1768227904227869,52931,14550,42.0,62,0,0
1768227904233365,52931,14550,25.0,42,0,0
1768227904238079,52931,14550,32.0,36,0,0
1768227904239371,52931,14550,62.0,65,0,0
1768227904242052,52931,14550,49.0,27,0,0
1768227904244384,52931,14550,44.0,116,0,0
1768227904246624,52931,14550,42.0,129,0,0
1768227904248544,52931,14550,34.0,29,0,0
1768227904250405,52931,14550,34.0,137,0,0
1768227904252069,52931,14550,60.0,24,0,0
1768227904254564,52931,14550,53.0,124,0,0
1768227904257111,52931,14550,30.0,2,0,0
1768227904258695,52931,14550,64.0,164,0,0
1768227904260812,52931,14550,24.0,168,0,0
1768227904264169,52931,14550,42.0,136,0,0
1768227904265804,52931,14550,42.0,193,0,0
1768227904267582,52931,14550,48.0,32,0,0
1768227904271380,52931,14550,40.0,241,0,0
1768227904274276,52931,14550,61.0,147,0,0
1768227904277439,5760,58419,,0,1,0
1768227904278875,52931,14550,64.0,11030,0,0
1768227904282486,52931,14550,29.0,0,0,0
1768227904368278,5760,58419,,264,1,0
1768227904369587,52931,14550,46.0,264,0,0
1768227904452767,52931,14550,48.0,163,0,0
1768227904454565,52931,14550,44.0,178,0,0
1768227904457167,52931,14550,48.0,30,0,0
1768227904460538,52931,14550,48.0,33,0,0
1768227904463164,52931,14550,38.0,74,0,0
1768227904466037,52931,14550,51.0,1,0,0
1768227904470581,52931,14550,22.0,125,0,0
1768227904473447,52931,14550,27.0,152,0,0
1768227904475000,52931,14550,42.0,62,0,0
1768227904477539,52931,14550,25.0,42,0,0
1768227904480948,52931,14550,32.0,36,0,0
1768227904482572,52931,14550,62.0,65,0,0
1768227904484317,52931,14550,49.0,27,0,0
1768227904486344,52931,14550,44.0,116,0,0
1768227904487873,52931,14550,42.0,129,0,0
1768227904489880,52931,14550,34.0,29,0,0
1768227904492071,52931,14550,34.0,137,0,0
1768227904493739,52931,14550,60.0,24,0,0
1768227904495449,52931,14550,53.0,124,0,0
1768227904497478,52931,14550,30.0,2,0,0
1768227904499099,52931,14550,64.0,164,0,0
1768227904500298,52931,14550,24.0,168,0,0
1768227904502736,52931,14550,42.0,136,0,0
1768227904504808,52931,14550,42.0,193,0,0
1768227904506871,52931,14550,48.0,32,0,0
1768227904508610,52931,14550,40.0,241,0,0
1768227904509947,52931,14550,61.0,147,0,0
1768227904511470,52931,14550,64.0,11030,0,0
1768227904708916,52931,14550,48.0,163,0,0
1768227904711224,52931,14550,44.0,178,0,0
1768227904714754,52931,14550,48.0,30,0,0
1768227904718266,52931,14550,48.0,33,0,0
1768227904719785,52931,14550,38.0,74,0,0
1768227904724919,52931,14550,51.0,1,0,0
1768227904730825,52931,14550,22.0,125,0,0
1768227904733853,52931,14550,27.0,152,0,0
1768227904738855,52931,14550,42.0,62,0,0
1768227904743169,52931,14550,25.0,42,0,0
1768227904746066,52931,14550,32.0,36,0,0
1768227904748006,52931,14550,62.0,65,0,0
1768227904749296,52931,14550,49.0,27,0,0
1768227904750953,52931,14550,44.0,116,0,0
1768227904752822,52931,14550,42.0,129,0,0
1768227904757978,52931,14550,34.0,29,0,0
1768227904760117,52931,14550,34.0,137,0,0
1768227904761302,52931,14550,60.0,24,0,0
1768227904763920,52931,14550,53.0,124,0,0
1768227904766341,52931,14550,30.0,2,0,0
1768227904769063,52931,14550,64.0,164,0,0
1768227904770563,52931,14550,24.0,168,0,0
1768227904772870,52931,14550,42.0,136,0,0
1768227904774642,52931,14550,42.0,193,0,0
1768227904779053,52931,14550,48.0,32,0,0
1768227904781978,52931,14550,40.0,241,0,0
1768227904785199,52931,14550,61.0,147,0,0
1768227904787657,52931,14550,64.0,11030,0,0
1768227904869793,5760,58419,,264,1,0
1768227904870720,52931,14550,46.0,264,0,0
1768227904960462,52931,14550,48.0,163,0,0
1768227904964061,52931,14550,44.0,178,0,0
1768227904965330,52931,14550,48.0,30,0,0
1768227904967247,52931,14550,48.0,33,0,0
1768227904969764,52931,14550,38.0,74,0,0
1768227904973096,52931,14550,51.0,1,0,0
1768227904976036,52931,14550,22.0,125,0,0
1768227904978123,52931,14550,27.0,152,0,0
1768227904979831,52931,14550,42.0,62,0,0
1768227904981910,52931,14550,25.0,42,0,0
1768227904984356,52931,14550,32.0,36,0,0
1768227904985953,52931,14550,62.0,65,0,0
1768227904987360,52931,14550,49.0,27,0,0
1768227904989019,52931,14550,44.0,116,0,0
1768227904990415,52931,14550,42.0,129,0,0
1768227904992230,52931,14550,34.0,29,0,0
1768227904993863,52931,14550,34.0,137,0,0
1768227904995223,52931,14550,60.0,24,0,0
1768227904997336,52931,14550,53.0,124,0,0
1768227904999939,52931,14550,30.0,2,0,0
1768227905001681,52931,14550,64.0,164,0,0
1768227905003345,52931,14550,24.0,168,0,0
1768227905005224,52931,14550,42.0,136,0,0
1768227905006797,52931,14550,42.0,193,0,0
1768227905008838,52931,14550,48.0,32,0,0
1768227905010305,52931,14550,40.0,241,0,0
1768227905012805,52931,14550,61.0,147,0,0
1768227905014506,52931,14550,64.0,11030,0,0
1768227905039042,58419,5760,,0,1,0
1768227905209560,52931,14550,48.0,163,0,0
1768227905212278,52931,14550,44.0,178,0,0
1768227905214279,52931,14550,48.0,30,0,0
1768227905217678,52931,14550,48.0,33,0,0
1768227905220749,52931,14550,38.0,74,0,0
1768227905225144,52931,14550,51.0,1,0,0
1768227905233324,52931,14550,22.0,125,0,0
1768227905235771,52931,14550,27.0,152,0,0
1768227905237701,52931,14550,42.0,62,0,0
1768227905241001,52931,14550,25.0,42,0,0
1768227905246340,52931,14550,32.0,36,0,0
1768227905249018,52931,14550,62.0,65,0,0
1768227905250990,52931,14550,49.0,27,0,0
1768227905253302,52931,14550,44.0,116,0,0
1768227905255094,52931,14550,42.0,129,0,0
1768227905256448,52931,14550,34.0,29,0,0
1768227905258431,52931,14550,34.0,137,0,0
1768227905260486,52931,14550,60.0,24,0,0
1768227905263208,52931,14550,53.0,124,0,0
1768227905265271,52931,14550,30.0,2,0,0
1768227905267750,52931,14550,64.0,164,0,0
1768227905270371,52931,14550,24.0,168,0,0
1768227905272993,52931,14550,42.0,136,0,0
1768227905275498,52931,14550,42.0,193,0,0
1768227905278288,52931,14550,48.0,32,0,0
1768227905280060,52931,14550,40.0,241,0,0
1768227905282127,52931,14550,61.0,147,0,0
1768227905284027,5760,58419,,0,1,0
1768227905284894,52931,14550,64.0,11030,0,0
1768227905289819,52931,14550,29.0,0,0,0
1768227905374478,5760,58419,,264,1,0
1768227905375490,52931,14550,46.0,264,0,0
1768227905458652,52931,14550,48.0,163,0,0
1768227905461552,52931,14550,44.0,178,0,0
1768227905464057,52931,14550,48.0,30,0,0
1768227905466124,52931,14550,48.0,33,0,0
1768227905467766,52931,14550,38.0,74,0,0
1768227905470767,52931,14550,51.0,1,0,0
1768227905473012,52931,14550,22.0,125,0,0
1768227905474690,52931,14550,27.0,152,0,0
1768227905476255,52931,14550,42.0,62,0,0
1768227905479120,52931,14550,25.0,42,0,0
1768227905481578,52931,14550,32.0,36,0,0
1768227905482944,52931,14550,62.0,65,0,0
1768227905484657,52931,14550,49.0,27,0,0
1768227905486389,52931,14550,44.0,116,0,0
1768227905488446,52931,14550,42.0,129,0,0
1768227905489993,52931,14550,34.0,29,0,0
1768227905491550,52931,14550,34.0,137,0,0
1768227905492923,52931,14550,60.0,24,0,0
1768227905495883,52931,14550,53.0,124,0,0
1768227905497787,52931,14550,30.0,2,0,0
1768227905499369,52931,14550,64.0,164,0,0
1768227905500775,52931,14550,24.0,168,0,0
1768227905502229,52931,14550,42.0,136,0,0
1768227905503614,52931,14550,42.0,193,0,0
1768227905505191,52931,14550,48.0,32,0,0
1768227905507214,52931,14550,40.0,241,0,0
1768227905508837,52931,14550,61.0,147,0,0
1768227905511815,52931,14550,64.0,11030,0,0
1768227905714555,52931,14550,48.0,163,0,0
1768227905716341,52931,14550,44.0,178,0,0
1768227905717637,52931,14550,48.0,30,0,0
1768227905719827,52931,14550,48.0,33,0,0
1768227905721673,52931,14550,38.0,74,0,0
1768227905726285,52931,14550,51.0,1,0,0
1768227905730952,52931,14550,22.0,125,0,0
1768227905733197,52931,14550,27.0,152,0,0
1768227905735856,52931,14550,42.0,62,0,0
1768227905738512,52931,14550,25.0,42,0,0
1768227905741646,52931,14550,32.0,36,0,0
1768227905745328,52931,14550,62.0,65,0,0
1768227905749141,52931,14550,49.0,27,0,0
1768227905750851,52931,14550,44.0,116,0,0
1768227905752218,52931,14550,42.0,129,0,0
1768227905753913,52931,14550,34.0,29,0,0
1768227905755332,52931,14550,34.0,137,0,0
1768227905758929,52931,14550,60.0,24,0,0
1768227905762613,52931,14550,53.0,124,0,0
1768227905765150,52931,14550,30.0,2,0,0
1768227905768988,52931,14550,64.0,164,0,0
1768227905772849,52931,14550,24.0,168,0,0
1768227905776223,52931,14550,42.0,136,0,0
1768227905779631,52931,14550,42.0,193,0,0
1768227905783708,52931,14550,48.0,32,0,0
1768227905787649,52931,14550,40.0,241,0,0
1768227905790824,52931,14550,61.0,147,0,0
1768227905794028,52931,14550,64.0,11030,0,0
1768227905897690,5760,58419,,264,1,0
1768227905898942,52931,14550,46.0,264,0,0
1768227905966656,52931,14550,48.0,163,0,0
1768227905968342,52931,14550,44.0,178,0,0
1768227905969971,52931,14550,48.0,30,0,0
1768227905971438,52931,14550,48.0,33,0,0
1768227905972827,52931,14550,38.0,74,0,0
1768227905974861,52931,14550,51.0,1,0,0
1768227905976010,52931,14550,22.0,125,0,0
1768227905977444,52931,14550,27.0,152,0,0
1768227905979934,52931,14550,42.0,62,0,0
1768227905982045,52931,14550,25.0,42,0,0
1768227905984081,52931,14550,32.0,36,0,0
1768227905985489,52931,14550,62.0,65,0,0
1768227905986482,52931,14550,49.0,27,0,0
1768227905987310,52931,14550,44.0,116,0,0
1768227905988380,52931,14550,42.0,129,0,0
1768227905989528,52931,14550,34.0,29,0,0
1768227905990481,52931,14550,34.0,137,0,0
1768227905991188,52931,14550,60.0,24,0,0
1768227905992504,52931,14550,53.0,124,0,0
1768227905993200,52931,14550,30.0,2,0,0
1768227905994139,52931,14550,64.0,164,0,0
1768227905995047,52931,14550,24.0,168,0,0
1768227905996201,52931,14550,42.0,136,0,0
1768227905996950,52931,14550,42.0,193,0,0
1768227905997970,52931,14550,48.0,32,0,0
1768227905998757,52931,14550,40.0,241,0,0
1768227905999674,52931,14550,61.0,147,0,0
1768227906000873,52931,14550,64.0,11030,0,0
1768227906047519,58419,5760,,0,1,0
1768227906215420,52931,14550,48.0,163,0,0
1768227906220808,52931,14550,44.0,178,0,0
1768227906225910,52931,14550,48.0,30,0,0
1768227906229911,52931,14550,48.0,33,0,0
1768227906236286,52931,14550,38.0,74,0,0
1768227906244343,52931,14550,51.0,1,0,0
1768227906246497,52931,14550,22.0,125,0,0
1768227906248657,52931,14550,27.0,152,0,0
1768227906249803,52931,14550,42.0,62,0,0
1768227906252341,52931,14550,25.0,42,0,0
1768227906254225,52931,14550,32.0,36,0,0
1768227906255111,52931,14550,62.0,65,0,0
1768227906256165,52931,14550,49.0,27,0,0
1768227906257031,52931,14550,44.0,116,0,0
1768227906257878,52931,14550,42.0,129,0,0
1768227906259342,52931,14550,34.0,29,0,0
1768227906259811,52931,14550,34.0,137,0,0
1768227906260513,52931,14550,60.0,24,0,0
1768227906261351,52931,14550,53.0,124,0,0
1768227906262688,52931,14550,30.0,2,0,0
1768227906263337,52931,14550,64.0,164,0,0
1768227906264317,52931,14550,24.0,168,0,0
1768227906265512,52931,14550,42.0,136,0,0
1768227906266615,52931,14550,42.0,193,0,0
1768227906267641,52931,14550,48.0,32,0,0
1768227906268314,52931,14550,40.0,241,0,0
1768227906269017,52931,14550,61.0,147,0,0
1768227906269825,52931,14550,64.0,11030,0,0
1768227906288479,5760,58419,,0,1,0
1768227906288996,52931,14550,29.0,0,0,0
1768227906384245,5760,58419,,264,1,0
1768227906385551,52931,14550,46.0,264,0,0
1768227906469273,52931,14550,48.0,163,0,0
1768227906471773,52931,14550,44.0,178,0,0
1768227906474632,52931,14550,48.0,30,0,0
1768227906477872,52931,14550,48.0,33,0,0
1768227906480802,52931,14550,38.0,74,0,0
1768227906486923,52931,14550,51.0,1,0,0
1768227906491475,52931,14550,22.0,125,0,0
1768227906494395,52931,14550,27.0,152,0,0
1768227906496521,52931,14550,42.0,62,0,0
1768227906499295,52931,14550,25.0,42,0,0
1768227906503904,52931,14550,32.0,36,0,0
1768227906506364,52931,14550,62.0,65,0,0
1768227906509650,52931,14550,49.0,27,0,0
1768227906512372,52931,14550,44.0,116,0,0
1768227906514487,52931,14550,42.0,129,0,0
1768227906517142,52931,14550,34.0,29,0,0
1768227906519737,52931,14550,34.0,137,0,0
1768227906521977,52931,14550,60.0,24,0,0
1768227906524912,52931,14550,53.0,124,0,0
1768227906528025,52931,14550,30.0,2,0,0
1768227906530160,52931,14550,64.0,164,0,0
1768227906532338,52931,14550,24.0,168,0,0
1768227906535329,52931,14550,42.0,136,0,0
1768227906538571,52931,14550,42.0,193,0,0
1768227906541773,52931,14550,48.0,32,0,0
1768227906544316,52931,14550,40.0,241,0,0
1768227906546975,52931,14550,61.0,147,0,0
1768227906549499,52931,14550,64.0,11030,0,0
1768227906719489,52931,14550,48.0,163,0,0
1768227906725026,52931,14550,44.0,178,0,0
1768227906727343,52931,14550,48.0,30,0,0
1768227906731748,52931,14550,48.0,33,0,0
1768227906733922,52931,14550,38.0,74,0,0
1768227906740975,52931,14550,51.0,1,0,0
1768227906745088,52931,14550,22.0,125,0,0
1768227906746513,52931,14550,27.0,152,0,0
1768227906748837,52931,14550,42.0,62,0,0
1768227906750819,52931,14550,25.0,42,0,0
1768227906754044,52931,14550,32.0,36,0,0
1768227906755856,52931,14550,62.0,65,0,0
1768227906757037,52931,14550,49.0,27,0,0
1768227906758059,52931,14550,44.0,116,0,0
1768227906759618,52931,14550,42.0,129,0,0
1768227906761299,52931,14550,34.0,29,0,0
1768227906762544,52931,14550,34.0,137,0,0
1768227906765992,52931,14550,60.0,24,0,0
1768227906769590,52931,14550,53.0,124,0,0
1768227906771457,52931,14550,30.0,2,0,0
1768227906772479,52931,14550,64.0,164,0,0
1768227906773821,52931,14550,24.0,168,0,0
1768227906774931,52931,14550,42.0,136,0,0
1768227906776019,52931,14550,42.0,193,0,0
1768227906777540,52931,14550,48.0,32,0,0
1768227906778680,52931,14550,40.0,241,0,0
1768227906779891,52931,14550,61.0,147,0,0
1768227906781179,52931,14550,64.0,11030,0,0
1768227906881711,5760,58419,,264,1,0
1768227906882439,52931,14550,46.0,264,0,0
1768227906968285,52931,14550,48.0,163,0,0
1768227906969244,52931,14550,44.0,178,0,0
1768227906970570,52931,14550,48.0,30,0,0
1768227906971606,52931,14550,48.0,33,0,0
1768227906972414,52931,14550,38.0,74,0,0
1768227906973730,52931,14550,51.0,1,0,0
1768227906974738,52931,14550,22.0,125,0,0
1768227906975298,52931,14550,27.0,152,0,0
1768227906975607,52931,14550,42.0,62,0,0
1768227906976103,52931,14550,25.0,42,0,0
1768227906976752,52931,14550,32.0,36,0,0
1768227906977173,52931,14550,62.0,65,0,0
1768227906977567,52931,14550,49.0,27,0,0
1768227906978201,52931,14550,44.0,116,0,0
1768227906978740,52931,14550,42.0,129,0,0
1768227906979323,52931,14550,34.0,29,0,0
1768227906979909,52931,14550,34.0,137,0,0
1768227906980461,52931,14550,60.0,24,0,0
1768227906980990,52931,14550,53.0,124,0,0
1768227906981564,52931,14550,30.0,2,0,0
1768227906981914,52931,14550,64.0,164,0,0
1768227906982275,52931,14550,24.0,168,0,0
1768227906982800,52931,14550,42.0,136,0,0
1768227906983196,52931,14550,42.0,193,0,0
1768227906983649,52931,14550,48.0,32,0,0
1768227906984097,52931,14550,40.0,241,0,0
1768227906984690,52931,14550,61.0,147,0,0
1768227906985281,52931,14550,64.0,11030,0,0
1768227907049862,58419,5760,,0,1,0
1768227907221547,52931,14550,48.0,163,0,0
1768227907222299,52931,14550,44.0,178,0,0
1768227907222688,52931,14550,48.0,30,0,0
1768227907223839,52931,14550,48.0,33,0,0
1768227907225318,52931,14550,38.0,74,0,0
1768227907226543,52931,14550,51.0,1,0,0
1768227907229175,52931,14550,22.0,125,0,0
1768227907230085,52931,14550,27.0,152,0,0
1768227907230760,52931,14550,42.0,62,0,0
1768227907231757,52931,14550,25.0,42,0,0
1768227907233565,52931,14550,32.0,36,0,0
1768227907234174,52931,14550,62.0,65,0,0
1768227907234697,52931,14550,49.0,27,0,0
1768227907235653,52931,14550,44.0,116,0,0
1768227907236392,52931,14550,42.0,129,0,0
1768227907237709,52931,14550,34.0,29,0,0
1768227907238219,52931,14550,34.0,137,0,0
1768227907238916,52931,14550,60.0,24,0,0
1768227907240233,52931,14550,53.0,124,0,0
1768227907241139,52931,14550,30.0,2,0,0
1768227907241614,52931,14550,64.0,164,0,0
1768227907242158,52931,14550,24.0,168,0,0
1768227907242681,52931,14550,42.0,136,0,0
1768227907243242,52931,14550,42.0,193,0,0
1768227907243838,52931,14550,48.0,32,0,0
1768227907244243,52931,14550,40.0,241,0,0
1768227907244785,52931,14550,61.0,147,0,0
1768227907245380,52931,14550,64.0,11030,0,0
1768227907293813,5760,58419,,0,1,0
1768227907294516,52931,14550,29.0,0,0,0
1768227907384193,5760,58419,,264,1,0
1768227907384665,52931,14550,46.0,264,0,0
1768227907472328,52931,14550,48.0,163,0,0
1768227907473935,52931,14550,44.0,178,0,0
1768227907475249,52931,14550,48.0,30,0,0
1768227907477385,52931,14550,48.0,33,0,0
1768227907479329,52931,14550,38.0,74,0,0
1768227907482220,52931,14550,51.0,1,0,0
1768227907483907,52931,14550,22.0,125,0,0
1768227907485382,52931,14550,27.0,152,0,0
1768227907486710,52931,14550,42.0,62,0,0
1768227907488063,52931,14550,25.0,42,0,0
1768227907489941,52931,14550,32.0,36,0,0
1768227907491139,52931,14550,62.0,65,0,0
1768227907492376,52931,14550,49.0,27,0,0
1768227907493714,52931,14550,44.0,116,0,0
1768227907494988,52931,14550,42.0,129,0,0
1768227907496078,52931,14550,34.0,29,0,0
1768227907497134,52931,14550,34.0,137,0,0
1768227907498216,52931,14550,60.0,24,0,0
1768227907499800,52931,14550,53.0,124,0,0
1768227907501253,52931,14550,30.0,2,0,0
1768227907502653,52931,14550,64.0,164,0,0
1768227907503962,52931,14550,24.0,168,0,0
1768227907505600,52931,14550,42.0,136,0,0
1768227907506635,52931,14550,42.0,193,0,0
1768227907507815,52931,14550,48.0,32,0,0
1768227907508705,52931,14550,40.0,241,0,0
1768227907509675,52931,14550,61.0,147,0,0
1768227907510523,52931,14550,64.0,11030,0,0
1768227907720726,52931,14550,48.0,163,0,0
1768227907722681,52931,14550,44.0,178,0,0
1768227907725026,52931,14550,48.0,30,0,0
1768227907726681,52931,14550,48.0,33,0,0
1768227907727747,52931,14550,38.0,74,0,0
1768227907729567,52931,14550,51.0,1,0,0
1768227907731948,52931,14550,22.0,125,0,0
1768227907733909,52931,14550,27.0,152,0,0
1768227907735279,52931,14550,42.0,62,0,0
1768227907736581,52931,14550,25.0,42,0,0
1768227907737948,52931,14550,32.0,36,0,0
1768227907739009,52931,14550,62.0,65,0,0
1768227907739874,52931,14550,49.0,27,0,0
1768227907740596,52931,14550,44.0,116,0,0
1768227907742488,52931,14550,42.0,129,0,0
1768227907743233,52931,14550,34.0,29,0,0
1768227907744090,52931,14550,34.0,137,0,0
1768227907744792,52931,14550,60.0,24,0,0
1768227907746200,52931,14550,53.0,124,0,0
1768227907747525,52931,14550,30.0,2,0,0
1768227907748350,52931,14550,64.0,164,0,0
1768227907748782,52931,14550,24.0,168,0,0
1768227907749716,52931,14550,42.0,136,0,0
1768227907750304,52931,14550,42.0,193,0,0
1768227907751038,52931,14550,48.0,32,0,0
1768227907751697,52931,14550,40.0,241,0,0
1768227907752354,52931,14550,61.0,147,0,0
1768227907752950,52931,14550,64.0,11030,0,0
1768227907888493,5760,58419,,264,1,0
1768227907889227,52931,14550,46.0,264,0,0
1768227907969507,52931,14550,48.0,163,0,0
1768227907971623,52931,14550,44.0,178,0,0
1768227907973047,52931,14550,48.0,30,0,0
1768227907974400,52931,14550,48.0,33,0,0
1768227907976213,52931,14550,38.0,74,0,0
1768227907979086,52931,14550,51.0,1,0,0
1768227907981346,52931,14550,22.0,125,0,0
1768227907982892,52931,14550,27.0,152,0,0
1768227907983825,52931,14550,42.0,62,0,0
1768227907985476,52931,14550,25.0,42,0,0
1768227907987411,52931,14550,32.0,36,0,0
1768227907988259,52931,14550,62.0,65,0,0
1768227907989364,52931,14550,49.0,27,0,0
1768227907990705,52931,14550,44.0,116,0,0
1768227907991578,52931,14550,42.0,129,0,0
1768227907992604,52931,14550,34.0,29,0,0
1768227907993792,52931,14550,34.0,137,0,0
1768227907994962,52931,14550,60.0,24,0,0
1768227907996189,52931,14550,53.0,124,0,0
1768227907997379,52931,14550,30.0,2,0,0
1768227907998277,52931,14550,64.0,164,0,0
1768227907999105,52931,14550,24.0,168,0,0
1768227908000171,52931,14550,42.0,136,0,0
1768227908001015,52931,14550,42.0,193,0,0
1768227908002052,52931,14550,48.0,32,0,0
1768227908003104,52931,14550,40.0,241,0,0
1768227908004183,52931,14550,61.0,147,0,0
1768227908005032,52931,14550,64.0,11030,0,0
1768227908050295,58419,5760,,0,1,0
1768227908220071,52931,14550,48.0,163,0,0
1768227908221411,52931,14550,44.0,178,0,0
1768227908222505,52931,14550,48.0,30,0,0
1768227908225087,52931,14550,48.0,33,0,0
1768227908226181,52931,14550,38.0,74,0,0
1768227908228561,52931,14550,51.0,1,0,0
1768227908231593,52931,14550,22.0,125,0,0
1768227908233997,52931,14550,27.0,152,0,0
1768227908235711,52931,14550,42.0,62,0,0
1768227908237680,52931,14550,25.0,42,0,0
1768227908239314,52931,14550,32.0,36,0,0
1768227908240569,52931,14550,62.0,65,0,0
1768227908243374,52931,14550,49.0,27,0,0
1768227908244602,52931,14550,44.0,116,0,0
1768227908245665,52931,14550,42.0,129,0,0
1768227908246527,52931,14550,34.0,29,0,0
1768227908247348,52931,14550,34.0,137,0,0
1768227908248308,52931,14550,60.0,24,0,0
1768227908251012,52931,14550,53.0,124,0,0
1768227908252930,52931,14550,30.0,2,0,0
1768227908254873,52931,14550,64.0,164,0,0
1768227908256517,52931,14550,24.0,168,0,0
1768227908258051,52931,14550,42.0,136,0,0
1768227908258904,52931,14550,42.0,193,0,0
1768227908260533,52931,14550,48.0,32,0,0
1768227908261414,52931,14550,40.0,241,0,0
1768227908262524,52931,14550,61.0,147,0,0
1768227908264235,52931,14550,64.0,11030,0,0
1768227908291698,5760,58419,,0,1,0
1768227908292469,52931,14550,29.0,0,0,0
1768227908386966,5760,58419,,264,1,0
1768227908387858,52931,14550,46.0,264,0,0
1768227908471198,52931,14550,48.0,163,0,0
1768227908473921,52931,14550,44.0,178,0,0
1768227908475351,52931,14550,48.0,30,0,0
1768227908477330,52931,14550,48.0,33,0,0
1768227908478835,52931,14550,38.0,74,0,0
1768227908481154,52931,14550,51.0,1,0,0
1768227908486668,52931,14550,22.0,125,0,0
1768227908489068,52931,14550,27.0,152,0,0
1768227908490759,52931,14550,42.0,62,0,0
1768227908493116,52931,14550,25.0,42,0,0
1768227908496113,52931,14550,32.0,36,0,0
1768227908497640,52931,14550,62.0,65,0,0
1768227908499112,52931,14550,49.0,27,0,0
1768227908500470,52931,14550,44.0,116,0,0
1768227908501769,52931,14550,42.0,129,0,0
1768227908503300,52931,14550,34.0,29,0,0
1768227908504693,52931,14550,34.0,137,0,0
1768227908506486,52931,14550,60.0,24,0,0
1768227908508387,52931,14550,53.0,124,0,0
1768227908510460,52931,14550,30.0,2,0,0
1768227908511907,52931,14550,64.0,164,0,0
1768227908513264,52931,14550,24.0,168,0,0
1768227908514785,52931,14550,42.0,136,0,0
1768227908516094,52931,14550,42.0,193,0,0
1768227908517750,52931,14550,48.0,32,0,0
1768227908519152,52931,14550,40.0,241,0,0
1768227908520771,52931,14550,61.0,147,0,0
1768227908522469,52931,14550,64.0,11030,0,0
1768227908723761,52931,14550,48.0,163,0,0
1768227908728416,52931,14550,44.0,178,0,0
1768227908730327,52931,14550,48.0,30,0,0
1768227908733824,52931,14550,48.0,33,0,0
1768227908736507,52931,14550,38.0,74,0,0
1768227908742967,52931,14550,51.0,1,0,0
1768227908752873,52931,14550,22.0,125,0,0
1768227908756199,52931,14550,27.0,152,0,0
1768227908758538,52931,14550,42.0,62,0,0
1768227908762895,52931,14550,25.0,42,0,0
1768227908770826,52931,14550,32.0,36,0,0
1768227908774018,52931,14550,62.0,65,0,0
1768227908776361,52931,14550,49.0,27,0,0
1768227908778907,52931,14550,44.0,116,0,0
1768227908781175,52931,14550,42.0,129,0,0
1768227908784791,52931,14550,34.0,29,0,0
1768227908787067,52931,14550,34.0,137,0,0
1768227908788901,52931,14550,60.0,24,0,0
1768227908791656,52931,14550,53.0,124,0,0
1768227908794084,52931,14550,30.0,2,0,0
1768227908796671,52931,14550,64.0,164,0,0
1768227908799081,52931,14550,24.0,168,0,0
1768227908801095,52931,14550,42.0,136,0,0
1768227908802638,52931,14550,42.0,193,0,0
1768227908804584,52931,14550,48.0,32,0,0
1768227908807444,52931,14550,40.0,241,0,0
1768227908809374,52931,14550,61.0,147,0,0
1768227908811431,52931,14550,64.0,11030,0,0
1768227908888495,5760,58419,,264,1,0
1768227908889845,52931,14550,46.0,264,0,0
1768227908978360,52931,14550,48.0,163,0,0
1768227908980601,52931,14550,44.0,178,0,0
1768227908983105,52931,14550,48.0,30,0,0
1768227908985613,52931,14550,48.0,33,0,0
1768227908988033,52931,14550,38.0,74,0,0
1768227908992696,52931,14550,51.0,1,0,0
1768227908995534,52931,14550,22.0,125,0,0
1768227908998771,52931,14550,27.0,152,0,0
1768227909000525,52931,14550,42.0,62,0,0
1768227909003435,52931,14550,25.0,42,0,0
1768227909007150,52931,14550,32.0,36,0,0
1768227909009653,52931,14550,62.0,65,0,0
1768227909011609,52931,14550,49.0,27,0,0
1768227909013348,52931,14550,44.0,116,0,0
1768227909014903,52931,14550,42.0,129,0,0
1768227909016488,52931,14550,34.0,29,0,0
1768227909018541,52931,14550,34.0,137,0,0
1768227909020621,52931,14550,60.0,24,0,0
1768227909024711,52931,14550,53.0,124,0,0
1768227909026560,52931,14550,30.0,2,0,0
1768227909028012,52931,14550,64.0,164,0,0
1768227909029585,52931,14550,24.0,168,0,0
1768227909031551,52931,14550,42.0,136,0,0
1768227909033842,52931,14550,42.0,193,0,0
1768227909036166,52931,14550,48.0,32,0,0
1768227909037855,52931,14550,40.0,241,0,0
1768227909039622,52931,14550,61.0,147,0,0
1768227909041341,52931,14550,64.0,11030,0,0
1768227909054528,58419,5760,,0,1,0
1768227909226985,52931,14550,48.0,163,0,0
1768227909233310,52931,14550,44.0,178,0,0
1768227909236896,52931,14550,48.0,30,0,0
1768227909241173,52931,14550,48.0,33,0,0
1768227909243978,52931,14550,38.0,74,0,0
1768227909248206,52931,14550,51.0,1,0,0
1768227909258243,52931,14550,22.0,125,0,0
1768227909261739,52931,14550,27.0,152,0,0
1768227909263737,52931,14550,42.0,62,0,0
1768227909271888,52931,14550,25.0,42,0,0
1768227909274902,52931,14550,32.0,36,0,0
1768227909276378,52931,14550,62.0,65,0,0
1768227909278294,52931,14550,49.0,27,0,0
1768227909285032,52931,14550,44.0,116,0,0
1768227909288405,52931,14550,42.0,129,0,0
1768227909290465,52931,14550,34.0,29,0,0
1768227909294116,52931,14550,34.0,137,0,0
1768227909296698,52931,14550,60.0,24,0,0
1768227909299022,52931,14550,53.0,124,0,0
1768227909300042,5760,58419,,0,1,0
1768227909302083,52931,14550,30.0,2,0,0
1768227909304596,52931,14550,64.0,164,0,0
1768227909306755,52931,14550,24.0,168,0,0
1768227909309459,52931,14550,42.0,136,0,0
1768227909311118,52931,14550,42.0,193,0,0
1768227909312881,52931,14550,48.0,32,0,0
1768227909314611,52931,14550,40.0,241,0,0
1768227909317250,52931,14550,61.0,147,0,0
1768227909319297,52931,14550,64.0,11030,0,0
1768227909323700,52931,14550,29.0,0,0,0
1768227909393266,5760,58419,,264,1,0
1768227909394600,52931,14550,46.0,264,0,0
1768227909483376,52931,14550,48.0,163,0,0
1768227909485923,52931,14550,44.0,178,0,0
1768227909487534,52931,14550,48.0,30,0,0
1768227909491251,52931,14550,48.0,33,0,0
1768227909495131,52931,14550,38.0,74,0,0
1768227909498974,52931,14550,51.0,1,0,0
1768227909505027,52931,14550,22.0,125,0,0
1768227909508101,52931,14550,27.0,152,0,0
1768227909510121,52931,14550,42.0,62,0,0
1768227909512737,52931,14550,25.0,42,0,0
1768227909516770,52931,14550,32.0,36,0,0
1768227909519207,52931,14550,62.0,65,0,0
1768227909521421,52931,14550,49.0,27,0,0
1768227909523344,52931,14550,44.0,116,0,0
1768227909525654,52931,14550,42.0,129,0,0
1768227909527834,52931,14550,34.0,29,0,0
1768227909529811,52931,14550,34.0,137,0,0
1768227909531794,52931,14550,60.0,24,0,0
1768227909534898,52931,14550,53.0,124,0,0
1768227909537878,52931,14550,30.0,2,0,0
1768227909539879,52931,14550,64.0,164,0,0
1768227909541912,52931,14550,24.0,168,0,0
1768227909544269,52931,14550,42.0,136,0,0
1768227909546322,52931,14550,42.0,193,0,0
1768227909548798,52931,14550,48.0,32,0,0
1768227909550716,52931,14550,40.0,241,0,0
1768227909553292,52931,14550,61.0,147,0,0
1768227909555682,52931,14550,64.0,11030,0,0
1768227909728805,52931,14550,48.0,163,0,0
1768227909730166,52931,14550,44.0,178,0,0
1768227909730976,52931,14550,48.0,30,0,0
1768227909732535,52931,14550,48.0,33,0,0
1768227909735786,52931,14550,38.0,74,0,0
1768227909738838,52931,14550,51.0,1,0,0
1768227909742676,52931,14550,22.0,125,0,0
1768227909744567,52931,14550,27.0,152,0,0
1768227909745479,52931,14550,42.0,62,0,0
1768227909747630,52931,14550,25.0,42,0,0
1768227909749457,52931,14550,32.0,36,0,0
1768227909750454,52931,14550,62.0,65,0,0
1768227909751969,52931,14550,49.0,27,0,0
1768227909753787,52931,14550,44.0,116,0,0
1768227909755434,52931,14550,42.0,129,0,0
1768227909757792,52931,14550,34.0,29,0,0
1768227909760051,52931,14550,34.0,137,0,0
1768227909760893,52931,14550,60.0,24,0,0
1768227909762687,52931,14550,53.0,124,0,0
1768227909764540,52931,14550,30.0,2,0,0
1768227909765981,52931,14550,64.0,164,0,0
1768227909767544,52931,14550,24.0,168,0,0
1768227909769856,52931,14550,42.0,136,0,0
1768227909771201,52931,14550,42.0,193,0,0
1768227909772749,52931,14550,48.0,32,0,0
1768227909774928,52931,14550,40.0,241,0,0
1768227909776437,52931,14550,61.0,147,0,0
1768227909777934,52931,14550,64.0,11030,0,0
1768227909897370,5760,58419,,264,1,0
1768227909898199,52931,14550,46.0,264,0,0
1768227909981823,52931,14550,48.0,163,0,0
1768227909983747,52931,14550,44.0,178,0,0
1768227909985469,52931,14550,48.0,30,0,0
1768227909987136,52931,14550,48.0,33,0,0
1768227909988316,52931,14550,38.0,74,0,0
1768227909990720,52931,14550,51.0,1,0,0
1768227909992154,52931,14550,22.0,125,0,0
1768227909993511,52931,14550,27.0,152,0,0
1768227909994325,52931,14550,42.0,62,0,0
1768227909995703,52931,14550,25.0,42,0,0
1768227909997405,52931,14550,32.0,36,0,0
1768227909998349,52931,14550,62.0,65,0,0
1768227909999269,52931,14550,49.0,27,0,0
1768227909999938,52931,14550,44.0,116,0,0
1768227910000839,52931,14550,42.0,129,0,0
1768227910001959,52931,14550,34.0,29,0,0
1768227910002995,52931,14550,34.0,137,0,0
1768227910003950,52931,14550,60.0,24,0,0
1768227910005279,52931,14550,53.0,124,0,0
1768227910006444,52931,14550,30.0,2,0,0
1768227910007290,52931,14550,64.0,164,0,0
1768227910008235,52931,14550,24.0,168,0,0
1768227910009095,52931,14550,42.0,136,0,0
1768227910009605,52931,14550,42.0,193,0,0
1768227910010790,52931,14550,48.0,32,0,0
1768227910012043,52931,14550,40.0,241,0,0
1768227910012963,52931,14550,61.0,147,0,0
1768227910013860,52931,14550,64.0,11030,0,0
1768227910059188,58419,5760,,0,1,0
1768227910235572,52931,14550,48.0,163,0,0
1768227910237920,52931,14550,44.0,178,0,0
1768227910240355,52931,14550,48.0,30,0,0
1768227910243035,52931,14550,48.0,33,0,0
1768227910245796,52931,14550,38.0,74,0,0
1768227910249794,52931,14550,51.0,1,0,0
1768227910259601,52931,14550,22.0,125,0,0
1768227910264399,52931,14550,27.0,152,0,0
1768227910269139,52931,14550,42.0,62,0,0
1768227910273404,52931,14550,25.0,42,0,0
1768227910279436,52931,14550,32.0,36,0,0
1768227910282731,52931,14550,62.0,65,0,0
1768227910287013,52931,14550,49.0,27,0,0
1768227910288772,52931,14550,44.0,116,0,0
1768227910292326,52931,14550,42.0,129,0,0
1768227910295285,52931,14550,34.0,29,0,0
1768227910297198,52931,14550,34.0,137,0,0
1768227910298814,52931,14550,60.0,24,0,0
1768227910303381,5760,58419,,0,1,0
1768227910303557,52931,14550,53.0,124,0,0
1768227910305883,52931,14550,30.0,2,0,0
1768227910307561,52931,14550,64.0,164,0,0
1768227910313502,52931,14550,24.0,168,0,0
1768227910315873,52931,14550,42.0,136,0,0
1768227910318728,52931,14550,42.0,193,0,0
1768227910321930,52931,14550,48.0,32,0,0
1768227910324050,52931,14550,40.0,241,0,0
1768227910325957,52931,14550,61.0,147,0,0
1768227910327871,52931,14550,64.0,11030,0,0
1768227910332208,52931,14550,29.0,0,0,0
1768227910399881,5760,58419,,264,1,0
1768227910400379,52931,14550,46.0,264,0,0
1768227910482895,52931,14550,48.0,163,0,0
1768227910484165,52931,14550,44.0,178,0,0
1768227910484764,52931,14550,48.0,30,0,0
1768227910485270,52931,14550,48.0,33,0,0
1768227910485829,52931,14550,38.0,74,0,0
1768227910486757,52931,14550,51.0,1,0,0
1768227910487570,52931,14550,22.0,125,0,0
1768227910488019,52931,14550,27.0,152,0,0
1768227910488310,52931,14550,42.0,62,0,0
1768227910489915,52931,14550,25.0,42,0,0
1768227910491120,52931,14550,32.0,36,0,0
1768227910491470,52931,14550,62.0,65,0,0
1768227910491803,52931,14550,49.0,27,0,0
1768227910492538,52931,14550,44.0,116,0,0
1768227910493548,52931,14550,42.0,129,0,0
1768227910494642,52931,14550,34.0,29,0,0
1768227910495935,52931,14550,34.0,137,0,0
1768227910497229,52931,14550,60.0,24,0,0
1768227910499504,52931,14550,53.0,124,0,0
1768227910501167,52931,14550,30.0,2,0,0
1768227910502795,52931,14550,64.0,164,0,0
1768227910504521,52931,14550,24.0,168,0,0
1768227910506300,52931,14550,42.0,136,0,0
1768227910508095,52931,14550,42.0,193,0,0
1768227910510319,52931,14550,48.0,32,0,0
1768227910512014,52931,14550,40.0,241,0,0
1768227910513699,52931,14550,61.0,147,0,0
1768227910515666,52931,14550,64.0,11030,0,0
1768227910732904,52931,14550,48.0,163,0,0
1768227910735844,52931,14550,44.0,178,0,0
1768227910739227,52931,14550,48.0,30,0,0
1768227910745431,52931,14550,48.0,33,0,0
1768227910752538,52931,14550,38.0,74,0,0
1768227910758827,52931,14550,51.0,1,0,0
1768227910765300,52931,14550,22.0,125,0,0
1768227910770187,52931,14550,27.0,152,0,0
1768227910773966,52931,14550,42.0,62,0,0
1768227910778168,52931,14550,25.0,42,0,0
1768227910784242,52931,14550,32.0,36,0,0
1768227910787016,52931,14550,62.0,65,0,0
1768227910790739,52931,14550,49.0,27,0,0
1768227910795586,52931,14550,44.0,116,0,0
1768227910797833,52931,14550,42.0,129,0,0
1768227910801622,52931,14550,34.0,29,0,0
1768227910804550,52931,14550,34.0,137,0,0
1768227910808387,52931,14550,60.0,24,0,0
1768227910810863,52931,14550,53.0,124,0,0
1768227910818005,52931,14550,30.0,2,0,0
1768227910820179,52931,14550,64.0,164,0,0
1768227910821883,52931,14550,24.0,168,0,0
1768227910827453,52931,14550,42.0,136,0,0
1768227910829968,52931,14550,42.0,193,0,0
1768227910834528,52931,14550,48.0,32,0,0
1768227910837227,52931,14550,40.0,241,0,0
1768227910839398,52931,14550,61.0,147,0,0
1768227910843145,52931,14550,64.0,11030,0,0
1768227910902177,5760,58419,,264,1,0
1768227910903437,52931,14550,46.0,264,0,0
1768227910986544,52931,14550,48.0,163,0,0
1768227910989454,52931,14550,44.0,178,0,0
1768227910992146,52931,14550,48.0,30,0,0
1768227910996751,52931,14550,48.0,33,0,0
1768227910999139,52931,14550,38.0,74,0,0
1768227911003357,52931,14550,51.0,1,0,0
1768227911006324,52931,14550,22.0,125,0,0
1768227911009306,52931,14550,27.0,152,0,0
1768227911011184,52931,14550,42.0,62,0,0
1768227911013486,52931,14550,25.0,42,0,0
1768227911016887,52931,14550,32.0,36,0,0
1768227911019017,52931,14550,62.0,65,0,0
1768227911021528,52931,14550,49.0,27,0,0
1768227911023933,52931,14550,44.0,116,0,0
1768227911025980,52931,14550,42.0,129,0,0
1768227911028064,52931,14550,34.0,29,0,0
1768227911030130,52931,14550,34.0,137,0,0
1768227911032152,52931,14550,60.0,24,0,0
1768227911034809,52931,14550,53.0,124,0,0
1768227911037465,52931,14550,30.0,2,0,0
1768227911039779,52931,14550,64.0,164,0,0
1768227911042231,52931,14550,24.0,168,0,0
1768227911044421,52931,14550,42.0,136,0,0
1768227911046671,52931,14550,42.0,193,0,0
1768227911049109,52931,14550,48.0,32,0,0
1768227911051268,52931,14550,40.0,241,0,0
1768227911053403,52931,14550,61.0,147,0,0
1768227911055261,52931,14550,64.0,11030,0,0
1768227911068899,58419,5760,,0,1,0
1768227911240999,52931,14550,48.0,163,0,0
1768227911245688,52931,14550,44.0,178,0,0
1768227911248127,52931,14550,48.0,30,0,0
1768227911252227,52931,14550,48.0,33,0,0
1768227911258958,52931,14550,38.0,74,0,0
1768227911265084,52931,14550,51.0,1,0,0
1768227911274998,52931,14550,22.0,125,0,0
1768227911278262,52931,14550,27.0,152,0,0
1768227911281118,52931,14550,42.0,62,0,0
1768227911285633,52931,14550,25.0,42,0,0
1768227911293012,52931,14550,32.0,36,0,0
1768227911294906,52931,14550,62.0,65,0,0
1768227911296634,52931,14550,49.0,27,0,0
1768227911299156,52931,14550,44.0,116,0,0
1768227911300633,52931,14550,42.0,129,0,0
1768227911302709,52931,14550,34.0,29,0,0
1768227911304700,52931,14550,34.0,137,0,0
1768227911306959,52931,14550,60.0,24,0,0
1768227911308810,5760,58419,,0,1,0
1768227911308920,52931,14550,53.0,124,0,0
1768227911311306,52931,14550,30.0,2,0,0
1768227911313683,52931,14550,64.0,164,0,0
1768227911315930,52931,14550,24.0,168,0,0
1768227911318157,52931,14550,42.0,136,0,0
1768227911319948,52931,14550,42.0,193,0,0
1768227911322385,52931,14550,48.0,32,0,0
1768227911324456,52931,14550,40.0,241,0,0
1768227911326435,52931,14550,61.0,147,0,0
1768227911329255,52931,14550,64.0,11030,0,0
1768227911332793,52931,14550,29.0,0,0,0
1768227911402404,5760,58419,,264,1,0
1768227911403852,52931,14550,46.0,264,0,0
1768227911490705,52931,14550,48.0,163,0,0
1768227911494448,52931,14550,44.0,178,0,0
1768227911496414,52931,14550,48.0,30,0,0
1768227911499007,52931,14550,48.0,33,0,0
1768227911501136,52931,14550,38.0,74,0,0
1768227911505273,52931,14550,51.0,1,0,0
1768227911508766,52931,14550,22.0,125,0,0
1768227911511728,52931,14550,27.0,152,0,0
1768227911513703,52931,14550,42.0,62,0,0
1768227911516977,52931,14550,25.0,42,0,0
1768227911520329,52931,14550,32.0,36,0,0
1768227911522771,52931,14550,62.0,65,0,0
1768227911525017,52931,14550,49.0,27,0,0
1768227911526657,52931,14550,44.0,116,0,0
1768227911528045,52931,14550,42.0,129,0,0
1768227911530019,52931,14550,34.0,29,0,0
1768227911531801,52931,14550,34.0,137,0,0
1768227911533371,52931,14550,60.0,24,0,0
1768227911536620,52931,14550,53.0,124,0,0
1768227911538215,52931,14550,30.0,2,0,0
1768227911539609,52931,14550,64.0,164,0,0
1768227911541321,52931,14550,24.0,168,0,0
1768227911542961,52931,14550,42.0,136,0,0
1768227911544434,52931,14550,42.0,193,0,0
1768227911546117,52931,14550,48.0,32,0,0
1768227911547936,52931,14550,40.0,241,0,0
1768227911549992,52931,14550,61.0,147,0,0
1768227911551632,52931,14550,64.0,11030,0,0
1768227911745380,52931,14550,48.0,163,0,0
1768227911749692,52931,14550,44.0,178,0,0
1768227911751516,52931,14550,48.0,30,0,0
1768227911754551,52931,14550,48.0,33,0,0
1768227911760481,52931,14550,38.0,74,0,0
1768227911765820,52931,14550,51.0,1,0,0
1768227911773383,52931,14550,22.0,125,0,0
1768227911776506,52931,14550,27.0,152,0,0
1768227911778344,52931,14550,42.0,62,0,0
1768227911782495,52931,14550,25.0,42,0,0
1768227911787516,52931,14550,32.0,36,0,0
1768227911789917,52931,14550,62.0,65,0,0
1768227911792277,52931,14550,49.0,27,0,0
1768227911794234,52931,14550,44.0,116,0,0
1768227911796359,52931,14550,42.0,129,0,0
1768227911798235,52931,14550,34.0,29,0,0
1768227911801218,52931,14550,34.0,137,0,0
1768227911802745,52931,14550,60.0,24,0,0
1768227911806122,52931,14550,53.0,124,0,0
1768227911808557,52931,14550,30.0,2,0,0
1768227911810675,52931,14550,64.0,164,0,0
1768227911812505,52931,14550,24.0,168,0,0
1768227911814176,52931,14550,42.0,136,0,0
1768227911817074,52931,14550,42.0,193,0,0
1768227911820208,52931,14550,48.0,32,0,0
1768227911822485,52931,14550,40.0,241,0,0
1768227911824894,52931,14550,61.0,147,0,0
1768227911826683,52931,14550,64.0,11030,0,0
1768227911910602,5760,58419,,264,1,0
1768227911911913,52931,14550,46.0,264,0,0
1768227911995739,52931,14550,48.0,163,0,0
1768227911997388,52931,14550,44.0,178,0,0
1768227911999214,52931,14550,48.0,30,0,0
1768227912003379,52931,14550,48.0,33,0,0
1768227912005109,52931,14550,38.0,74,0,0
1768227912007979,52931,14550,51.0,1,0,0
1768227912010641,52931,14550,22.0,125,0,0
1768227912012472,52931,14550,27.0,152,0,0
1768227912014085,52931,14550,42.0,62,0,0
1768227912017236,52931,14550,25.0,42,0,0
1768227912021903,52931,14550,32.0,36,0,0
1768227912023471,52931,14550,62.0,65,0,0
1768227912025252,52931,14550,49.0,27,0,0
1768227912026849,52931,14550,44.0,116,0,0
1768227912028100,52931,14550,42.0,129,0,0
1768227912029456,52931,14550,34.0,29,0,0
1768227912031519,52931,14550,34.0,137,0,0
1768227912033320,52931,14550,60.0,24,0,0
1768227912036496,52931,14550,53.0,124,0,0
1768227912038726,52931,14550,30.0,2,0,0
1768227912040142,52931,14550,64.0,164,0,0
1768227912041452,52931,14550,24.0,168,0,0
1768227912043182,52931,14550,42.0,136,0,0
1768227912044615,52931,14550,42.0,193,0,0
1768227912046742,52931,14550,48.0,32,0,0
1768227912048241,52931,14550,40.0,241,0,0
1768227912049633,52931,14550,61.0,147,0,0
1768227912051041,52931,14550,64.0,11030,0,0
1768227912075114,58419,5760,,0,1,0
1768227912109506,58419,5760,,66,1,0
1768227912243175,52931,14550,48.0,163,0,0
1768227912246172,52931,14550,44.0,178,0,0
1768227912249422,52931,14550,48.0,30,0,0
1768227912251935,52931,14550,48.0,33,0,0
1768227912253367,52931,14550,38.0,74,0,0
1768227912260091,52931,14550,51.0,1,0,0
1768227912268553,52931,14550,22.0,125,0,0
1768227912271454,52931,14550,27.0,152,0,0
1768227912274174,52931,14550,42.0,62,0,0
1768227912277244,52931,14550,25.0,42,0,0
1768227912281871,52931,14550,32.0,36,0,0
1768227912284665,52931,14550,62.0,65,0,0
1768227912286413,52931,14550,49.0,27,0,0
1768227912288027,52931,14550,44.0,116,0,0
1768227912289720,52931,14550,42.0,129,0,0
1768227912292028,52931,14550,34.0,29,0,0
1768227912294152,52931,14550,34.0,137,0,0
1768227912295922,52931,14550,60.0,24,0,0
1768227912301476,52931,14550,53.0,124,0,0
1768227912304360,52931,14550,30.0,2,0,0
1768227912306372,52931,14550,64.0,164,0,0
1768227912308935,52931,14550,24.0,168,0,0
1768227912308968,5760,58419,,111,1,0
1768227912311940,52931,14550,42.0,136,0,0
1768227912313288,52931,14550,42.0,193,0,0
1768227912314732,52931,14550,48.0,32,0,0
1768227912316339,52931,14550,40.0,241,0,0
1768227912317239,5760,58419,,0,1,0
1768227912318078,52931,14550,61.0,147,0,0
1768227912320271,52931,14550,64.0,11030,0,0
1768227912322778,52931,14550,33.0,111,0,0
1768227912324289,52931,14550,29.0,0,0,0
1768227912416281,5760,58419,,264,1,0
1768227912417434,52931,14550,46.0,264,0,0
1768227912495824,52931,14550,48.0,163,0,0
1768227912497800,52931,14550,44.0,178,0,0
1768227912499520,52931,14550,48.0,30,0,0
1768227912503320,52931,14550,48.0,33,0,0
1768227912504848,52931,14550,38.0,74,0,0
1768227912508074,52931,14550,51.0,1,0,0
1768227912510293,52931,14550,22.0,125,0,0
1768227912511958,52931,14550,27.0,152,0,0
1768227912513143,52931,14550,42.0,62,0,0
1768227912515035,52931,14550,25.0,42,0,0
1768227912517438,52931,14550,32.0,36,0,0
1768227912518815,52931,14550,62.0,65,0,0
1768227912520383,52931,14550,49.0,27,0,0
1768227912522952,52931,14550,44.0,116,0,0
1768227912524243,52931,14550,42.0,129,0,0
1768227912526355,52931,14550,34.0,29,0,0
1768227912528113,52931,14550,34.0,137,0,0
1768227912529321,52931,14550,60.0,24,0,0
1768227912531495,52931,14550,53.0,124,0,0
1768227912533889,52931,14550,30.0,2,0,0
1768227912536836,52931,14550,64.0,164,0,0
1768227912538522,52931,14550,24.0,168,0,0
1768227912540315,52931,14550,42.0,136,0,0
1768227912542071,52931,14550,42.0,193,0,0
1768227912543556,52931,14550,48.0,32,0,0
1768227912544805,52931,14550,40.0,241,0,0
1768227912546428,52931,14550,61.0,147,0,0
1768227912548027,52931,14550,64.0,11030,0,0
1768227912746719,52931,14550,48.0,163,0,0
1768227912748840,52931,14550,44.0,178,0,0
1768227912753032,52931,14550,48.0,30,0,0
1768227912755721,52931,14550,48.0,33,0,0
1768227912757981,52931,14550,38.0,74,0,0
1768227912762773,52931,14550,51.0,1,0,0
1768227912768673,52931,14550,22.0,125,0,0
1768227912771313,52931,14550,27.0,152,0,0
1768227912773033,52931,14550,42.0,62,0,0
1768227912777292,52931,14550,25.0,42,0,0
1768227912780083,52931,14550,32.0,36,0,0
1768227912782482,52931,14550,62.0,65,0,0
1768227912784214,52931,14550,49.0,27,0,0
1768227912786914,52931,14550,44.0,116,0,0
1768227912791210,52931,14550,42.0,129,0,0
1768227912792781,52931,14550,34.0,29,0,0
1768227912794308,52931,14550,34.0,137,0,0
1768227912797264,52931,14550,60.0,24,0,0
1768227912799086,52931,14550,53.0,124,0,0
1768227912800917,52931,14550,30.0,2,0,0
1768227912804486,52931,14550,64.0,164,0,0
1768227912807124,52931,14550,24.0,168,0,0
1768227912809951,52931,14550,42.0,136,0,0
1768227912811396,52931,14550,42.0,193,0,0
1768227912815114,52931,14550,48.0,32,0,0
1768227912816395,52931,14550,40.0,241,0,0
1768227912818204,52931,14550,61.0,147,0,0
1768227912820545,52931,14550,64.0,11030,0,0
1768227912914349,5760,58419,,264,1,0
1768227912915439,52931,14550,46.0,264,0,0
1768227913000320,52931,14550,48.0,163,0,0
1768227913001928,52931,14550,44.0,178,0,0
1768227913003862,52931,14550,48.0,30,0,0
1768227913006566,52931,14550,48.0,33,0,0
1768227913008511,52931,14550,38.0,74,0,0
1768227913013689,52931,14550,51.0,1,0,0
1768227913017916,52931,14550,22.0,125,0,0
1768227913020422,52931,14550,27.0,152,0,0
1768227913021765,52931,14550,42.0,62,0,0
1768227913023613,52931,14550,25.0,42,0,0
1768227913025973,52931,14550,32.0,36,0,0
1768227913027571,52931,14550,62.0,65,0,0
1768227913028926,52931,14550,49.0,27,0,0
1768227913030374,52931,14550,44.0,116,0,0
1768227913031882,52931,14550,42.0,129,0,0
1768227913033342,52931,14550,34.0,29,0,0
1768227913034846,52931,14550,34.0,137,0,0
1768227913036334,52931,14550,60.0,24,0,0
1768227913038153,52931,14550,53.0,124,0,0
1768227913040268,52931,14550,30.0,2,0,0
1768227913041773,52931,14550,64.0,164,0,0
1768227913043278,52931,14550,24.0,168,0,0
1768227913044713,52931,14550,42.0,136,0,0
1768227913046730,52931,14550,42.0,193,0,0
1768227913048571,52931,14550,48.0,32,0,0
1768227913050186,52931,14550,40.0,241,0,0
1768227913051578,52931,14550,61.0,147,0,0
1768227913053127,52931,14550,64.0,11030,0,0
1768227913077528,58419,5760,,0,1,0
1768227913254138,52931,14550,48.0,163,0,0
1768227913256838,52931,14550,44.0,178,0,0
1768227913258972,52931,14550,48.0,30,0,0
1768227913262341,52931,14550,48.0,33,0,0
1768227913265467,52931,14550,38.0,74,0,0
1768227913269079,52931,14550,51.0,1,0,0
1768227913273571,52931,14550,22.0,125,0,0
1768227913276392,52931,14550,27.0,152,0,0
1768227913278481,52931,14550,42.0,62,0,0
1768227913282596,52931,14550,25.0,42,0,0
1768227913286150,52931,14550,32.0,36,0,0
1768227913287711,52931,14550,62.0,65,0,0
1768227913289775,52931,14550,49.0,27,0,0
1768227913293546,52931,14550,44.0,116,0,0
1768227913295047,52931,14550,42.0,129,0,0
1768227913297358,52931,14550,34.0,29,0,0
1768227913299145,52931,14550,34.0,137,0,0
1768227913300435,52931,14550,60.0,24,0,0
1768227913305220,52931,14550,53.0,124,0,0
1768227913307855,52931,14550,30.0,2,0,0
1768227913309674,52931,14550,64.0,164,0,0
1768227913312126,52931,14550,24.0,168,0,0
1768227913313823,52931,14550,42.0,136,0,0
1768227913316209,52931,14550,42.0,193,0,0
1768227913320217,52931,14550,48.0,32,0,0
1768227913322139,52931,14550,40.0,241,0,0
1768227913323429,52931,14550,61.0,147,0,0
1768227913325703,52931,14550,64.0,11030,0,0
1768227913326498,5760,58419,,0,1,0
1768227913328786,52931,14550,29.0,0,0,0
1768227913415448,5760,58419,,264,1,0
1768227913416472,52931,14550,46.0,264,0,0
1768227913506099,52931,14550,48.0,163,0,0
1768227913509070,52931,14550,44.0,178,0,0
1768227913510300,52931,14550,48.0,30,0,0
1768227913512625,52931,14550,48.0,33,0,0
1768227913515490,52931,14550,38.0,74,0,0
1768227913518464,52931,14550,51.0,1,0,0
1768227913520844,52931,14550,22.0,125,0,0
1768227913522567,52931,14550,27.0,152,0,0
1768227913523800,52931,14550,42.0,62,0,0
1768227913525739,52931,14550,25.0,42,0,0
1768227913528062,52931,14550,32.0,36,0,0
1768227913529791,52931,14550,62.0,65,0,0
1768227913531205,52931,14550,49.0,27,0,0
1768227913533414,52931,14550,44.0,116,0,0
1768227913535049,52931,14550,42.0,129,0,0
1768227913536299,52931,14550,34.0,29,0,0
1768227913537750,52931,14550,34.0,137,0,0
1768227913539233,52931,14550,60.0,24,0,0
1768227913541710,52931,14550,53.0,124,0,0
1768227913543152,52931,14550,30.0,2,0,0
1768227913544480,52931,14550,64.0,164,0,0
1768227913545683,52931,14550,24.0,168,0,0
1768227913548013,52931,14550,42.0,136,0,0
1768227913549477,52931,14550,42.0,193,0,0
1768227913551164,52931,14550,48.0,32,0,0
1768227913552763,52931,14550,40.0,241,0,0
1768227913554128,52931,14550,61.0,147,0,0
1768227913555519,52931,14550,64.0,11030,0,0
1768227913740029,5760,58419,,22,1,0
1768227913740955,52931,14550,45.0,22,0,0
1768227913755912,52931,14550,48.0,163,0,0
1768227913757603,52931,14550,44.0,178,0,0
1768227913759235,52931,14550,48.0,30,0,0
1768227913761473,52931,14550,48.0,33,0,0
1768227913763471,52931,14550,38.0,74,0,0
1768227913766638,52931,14550,51.0,1,0,0
1768227913768961,52931,14550,22.0,125,0,0
1768227913770883,52931,14550,27.0,152,0,0
1768227913772615,52931,14550,42.0,62,0,0
1768227913775015,52931,14550,25.0,42,0,0
1768227913777760,52931,14550,32.0,36,0,0
1768227913779311,52931,14550,62.0,65,0,0
1768227913780734,52931,14550,49.0,27,0,0
1768227913782333,52931,14550,44.0,116,0,0
1768227913783973,52931,14550,42.0,129,0,0
1768227913785400,52931,14550,34.0,29,0,0
1768227913787029,52931,14550,34.0,137,0,0
1768227913788406,52931,14550,60.0,24,0,0
1768227913790657,52931,14550,53.0,124,0,0
1768227913792250,52931,14550,30.0,2,0,0
1768227913793515,52931,14550,64.0,164,0,0
1768227913795006,52931,14550,24.0,168,0,0
1768227913796417,52931,14550,42.0,136,0,0
1768227913797992,52931,14550,42.0,193,0,0
1768227913799487,52931,14550,48.0,32,0,0
1768227913800952,52931,14550,40.0,241,0,0
1768227913802351,52931,14550,61.0,147,0,0
1768227913804159,52931,14550,64.0,11030,0,0
1768227913920358,5760,58419,,264,1,0
1768227913921322,52931,14550,46.0,264,0,0
1768227914004868,52931,14550,48.0,163,0,0
1768227914007145,52931,14550,44.0,178,0,0
1768227914008865,52931,14550,48.0,30,0,0
1768227914011104,52931,14550,48.0,33,0,0
1768227914013212,52931,14550,38.0,74,0,0
1768227914018679,52931,14550,51.0,1,0,0
1768227914022029,52931,14550,22.0,125,0,0
1768227914023721,52931,14550,27.0,152,0,0
1768227914025333,52931,14550,42.0,62,0,0
1768227914027427,52931,14550,25.0,42,0,0
1768227914030399,52931,14550,32.0,36,0,0
1768227914031968,52931,14550,62.0,65,0,0
1768227914033491,52931,14550,49.0,27,0,0
1768227914035023,52931,14550,44.0,116,0,0
1768227914036383,52931,14550,42.0,129,0,0
1768227914037711,52931,14550,34.0,29,0,0
1768227914039319,52931,14550,34.0,137,0,0
1768227914040801,52931,14550,60.0,24,0,0
1768227914042605,52931,14550,53.0,124,0,0
1768227914044049,52931,14550,30.0,2,0,0
1768227914045924,52931,14550,64.0,164,0,0
1768227914047285,52931,14550,24.0,168,0,0
1768227914048759,52931,14550,42.0,136,0,0
1768227914050227,52931,14550,42.0,193,0,0
1768227914051635,52931,14550,48.0,32,0,0
1768227914053895,52931,14550,40.0,241,0,0
1768227914055415,52931,14550,61.0,147,0,0
1768227914056897,52931,14550,64.0,11030,0,0
1768227914080931,58419,5760,,0,1,0
1768227914258140,52931,14550,48.0,163,0,0
1768227914259923,52931,14550,44.0,178,0,0
1768227914261679,52931,14550,48.0,30,0,0
1768227914264669,52931,14550,48.0,33,0,0
1768227914266189,52931,14550,38.0,74,0,0
1768227914269553,52931,14550,51.0,1,0,0
1768227914276570,52931,14550,22.0,125,0,0
1768227914279418,52931,14550,27.0,152,0,0
1768227914281698,52931,14550,42.0,62,0,0
1768227914284562,52931,14550,25.0,42,0,0
1768227914287301,52931,14550,32.0,36,0,0
1768227914289825,52931,14550,62.0,65,0,0
1768227914291577,52931,14550,49.0,27,0,0
1768227914292797,52931,14550,44.0,116,0,0
1768227914294601,52931,14550,42.0,129,0,0
1768227914295808,52931,14550,34.0,29,0,0
1768227914297013,52931,14550,34.0,137,0,0
1768227914299327,52931,14550,60.0,24,0,0
1768227914302728,52931,14550,53.0,124,0,0
1768227914305745,52931,14550,30.0,2,0,0
1768227914307505,52931,14550,64.0,164,0,0
1768227914308741,52931,14550,24.0,168,0,0
1768227914310624,52931,14550,42.0,136,0,0
1768227914311838,52931,14550,42.0,193,0,0
1768227914314144,52931,14550,48.0,32,0,0
1768227914315939,52931,14550,40.0,241,0,0
1768227914318741,52931,14550,61.0,147,0,0
1768227914321059,52931,14550,64.0,11030,0,0
1768227914332108,5760,58419,,0,1,0
1768227914333302,52931,14550,29.0,0,0,0
1768227914423318,5760,58419,,264,1,0
1768227914424399,52931,14550,46.0,264,0,0
1768227914507550,52931,14550,48.0,163,0,0
1768227914509810,52931,14550,44.0,178,0,0
1768227914511036,52931,14550,48.0,30,0,0
1768227914514384,52931,14550,48.0,33,0,0
1768227914516151,52931,14550,38.0,74,0,0
1768227914520253,52931,14550,51.0,1,0,0
1768227914523683,52931,14550,22.0,125,0,0
1768227914525919,52931,14550,27.0,152,0,0
1768227914527142,52931,14550,42.0,62,0,0
1768227914529103,52931,14550,25.0,42,0,0
1768227914531406,52931,14550,32.0,36,0,0
1768227914532936,52931,14550,62.0,65,0,0
1768227914534760,52931,14550,49.0,27,0,0
1768227914536705,52931,14550,44.0,116,0,0
1768227914538715,52931,14550,42.0,129,0,0
1768227914540310,52931,14550,34.0,29,0,0
1768227914542050,52931,14550,34.0,137,0,0
1768227914543605,52931,14550,60.0,24,0,0
1768227914545672,52931,14550,53.0,124,0,0
1768227914547740,52931,14550,30.0,2,0,0
1768227914548982,52931,14550,64.0,164,0,0
1768227914550664,52931,14550,24.0,168,0,0
1768227914553117,52931,14550,42.0,136,0,0
1768227914554563,52931,14550,42.0,193,0,0
1768227914556506,52931,14550,48.0,32,0,0
1768227914558250,52931,14550,40.0,241,0,0
1768227914559730,52931,14550,61.0,147,0,0
1768227914561335,52931,14550,64.0,11030,0,0
1768227914760811,52931,14550,48.0,163,0,0
1768227914764524,52931,14550,44.0,178,0,0
1768227914767395,52931,14550,48.0,30,0,0
1768227914772151,52931,14550,48.0,33,0,0
1768227914775065,52931,14550,38.0,74,0,0
1768227914779592,52931,14550,51.0,1,0,0
1768227914787036,52931,14550,22.0,125,0,0
1768227914790003,52931,14550,27.0,152,0,0
1768227914792766,52931,14550,42.0,62,0,0
1768227914796955,52931,14550,25.0,42,0,0
1768227914800963,52931,14550,32.0,36,0,0
1768227914803274,52931,14550,62.0,65,0,0
1768227914805879,52931,14550,49.0,27,0,0
1768227914807563,52931,14550,44.0,116,0,0
1768227914809336,52931,14550,42.0,129,0,0
1768227914811365,52931,14550,34.0,29,0,0
1768227914812933,52931,14550,34.0,137,0,0
1768227914814986,52931,14550,60.0,24,0,0
1768227914821125,52931,14550,53.0,124,0,0
1768227914824915,52931,14550,30.0,2,0,0
1768227914826561,52931,14550,64.0,164,0,0
1768227914828068,52931,14550,24.0,168,0,0
1768227914829716,52931,14550,42.0,136,0,0
1768227914832655,52931,14550,42.0,193,0,0
1768227914835024,52931,14550,48.0,32,0,0
1768227914837526,52931,14550,40.0,241,0,0
1768227914839202,52931,14550,61.0,147,0,0
1768227914841578,52931,14550,64.0,11030,0,0
1768227914926361,5760,58419,,264,1,0
1768227914927390,52931,14550,46.0,264,0,0
1768227915011493,52931,14550,48.0,163,0,0
1768227915014036,52931,14550,44.0,178,0,0
1768227915015437,52931,14550,48.0,30,0,0
1768227915019404,52931,14550,48.0,33,0,0
1768227915021062,52931,14550,38.0,74,0,0
1768227915024116,52931,14550,51.0,1,0,0
1768227915026811,52931,14550,22.0,125,0,0
1768227915028970,52931,14550,27.0,152,0,0
1768227915030275,52931,14550,42.0,62,0,0
1768227915033233,52931,14550,25.0,42,0,0
1768227915036617,52931,14550,32.0,36,0,0
1768227915038061,52931,14550,62.0,65,0,0
1768227915039358,52931,14550,49.0,27,0,0
1768227915040954,52931,14550,44.0,116,0,0
1768227915042463,52931,14550,42.0,129,0,0
1768227915044233,52931,14550,34.0,29,0,0
1768227915045730,52931,14550,34.0,137,0,0
1768227915046906,52931,14550,60.0,24,0,0
1768227915048622,52931,14550,53.0,124,0,0
1768227915050630,52931,14550,30.0,2,0,0
1768227915052320,52931,14550,64.0,164,0,0
1768227915053563,52931,14550,24.0,168,0,0
1768227915055457,52931,14550,42.0,136,0,0
1768227915056711,52931,14550,42.0,193,0,0
1768227915058725,52931,14550,48.0,32,0,0
1768227915060460,52931,14550,40.0,241,0,0
1768227915062192,52931,14550,61.0,147,0,0
1768227915063448,52931,14550,64.0,11030,0,0
1768227915087769,58419,5760,,0,1,0
1768227915263182,52931,14550,48.0,163,0,0
1768227915265572,52931,14550,44.0,178,0,0
1768227915269482,52931,14550,48.0,30,0,0
1768227915274142,52931,14550,48.0,33,0,0
1768227915275849,52931,14550,38.0,74,0,0
1768227915282225,52931,14550,51.0,1,0,0
1768227915285988,52931,14550,22.0,125,0,0
1768227915289020,52931,14550,27.0,152,0,0
1768227915290921,52931,14550,42.0,62,0,0
1768227915293987,52931,14550,25.0,42,0,0
1768227915297054,52931,14550,32.0,36,0,0
1768227915298930,52931,14550,62.0,65,0,0
1768227915300887,52931,14550,49.0,27,0,0
1768227915302117,52931,14550,44.0,116,0,0
1768227915303937,52931,14550,42.0,129,0,0
1768227915306225,52931,14550,34.0,29,0,0
1768227915307885,52931,14550,34.0,137,0,0
1768227915309143,52931,14550,60.0,24,0,0
1768227915311969,52931,14550,53.0,124,0,0
1768227915313670,52931,14550,30.0,2,0,0
1768227915316655,52931,14550,64.0,164,0,0
1768227915317903,52931,14550,24.0,168,0,0
1768227915320639,52931,14550,42.0,136,0,0
1768227915322130,52931,14550,42.0,193,0,0
1768227915325302,52931,14550,48.0,32,0,0
1768227915327111,52931,14550,40.0,241,0,0
1768227915328950,52931,14550,61.0,147,0,0
1768227915330792,52931,14550,64.0,11030,0,0
1768227915336448,5760,58419,,0,1,0
1768227915337878,52931,14550,29.0,0,0,0
1768227915429326,5760,58419,,264,1,0
1768227915430428,52931,14550,46.0,264,0,0
1768227915514520,52931,14550,48.0,163,0,0
1768227915517595,52931,14550,44.0,178,0,0
1768227915519581,52931,14550,48.0,30,0,0
1768227915521573,52931,14550,48.0,33,0,0
1768227915523042,52931,14550,38.0,74,0,0
1768227915525971,52931,14550,51.0,1,0,0
1768227915528472,52931,14550,22.0,125,0,0
1768227915530937,52931,14550,27.0,152,0,0
1768227915532120,52931,14550,42.0,62,0,0
1768227915534211,52931,14550,25.0,42,0,0
1768227915536717,52931,14550,32.0,36,0,0
1768227915538235,52931,14550,62.0,65,0,0
1768227915540362,52931,14550,49.0,27,0,0
1768227915542070,52931,14550,44.0,116,0,0
1768227915544208,52931,14550,42.0,129,0,0
1768227915545641,52931,14550,34.0,29,0,0
1768227915547057,52931,14550,34.0,137,0,0
1768227915548692,52931,14550,60.0,24,0,0
1768227915551177,52931,14550,53.0,124,0,0
1768227915552949,52931,14550,30.0,2,0,0
1768227915554371,52931,14550,64.0,164,0,0
1768227915555930,52931,14550,24.0,168,0,0
1768227915557719,52931,14550,42.0,136,0,0
1768227915559070,52931,14550,42.0,193,0,0
1768227915560803,52931,14550,48.0,32,0,0
1768227915562080,52931,14550,40.0,241,0,0
1768227915563540,52931,14550,61.0,147,0,0
1768227915565071,52931,14550,64.0,11030,0,0
1768227915766347,52931,14550,48.0,163,0,0
1768227915768838,52931,14550,44.0,178,0,0
1768227915771232,52931,14550,48.0,30,0,0
1768227915774201,52931,14550,48.0,33,0,0
1768227915776775,52931,14550,38.0,74,0,0
1768227915784632,52931,14550,51.0,1,0,0
1768227915791843,52931,14550,22.0,125,0,0
1768227915794673,52931,14550,27.0,152,0,0
1768227915796051,52931,14550,42.0,62,0,0
1768227915803336,52931,14550,25.0,42,0,0
1768227915808549,52931,14550,32.0,36,0,0
1768227915810363,52931,14550,62.0,65,0,0
1768227915812896,52931,14550,49.0,27,0,0
1768227915814977,52931,14550,44.0,116,0,0
1768227915816667,52931,14550,42.0,129,0,0
1768227915819410,52931,14550,34.0,29,0,0
1768227915820994,52931,14550,34.0,137,0,0
1768227915823081,52931,14550,60.0,24,0,0
1768227915825410,52931,14550,53.0,124,0,0
1768227915827213,52931,14550,30.0,2,0,0
1768227915828437,52931,14550,64.0,164,0,0
1768227915829657,52931,14550,24.0,168,0,0
1768227915831141,52931,14550,42.0,136,0,0
1768227915832691,52931,14550,42.0,193,0,0
1768227915834281,52931,14550,48.0,32,0,0
1768227915835585,52931,14550,40.0,241,0,0
1768227915837177,52931,14550,61.0,147,0,0
1768227915838367,52931,14550,64.0,11030,0,0
1768227915932603,5760,58419,,264,1,0
1768227915933704,52931,14550,46.0,264,0,0
1768227916016873,52931,14550,48.0,163,0,0
1768227916020301,52931,14550,44.0,178,0,0
1768227916022015,52931,14550,48.0,30,0,0
1768227916024109,52931,14550,48.0,33,0,0
1768227916027751,52931,14550,38.0,74,0,0
1768227916031219,52931,14550,51.0,1,0,0
1768227916033765,52931,14550,22.0,125,0,0
1768227916035424,52931,14550,27.0,152,0,0
1768227916036928,52931,14550,42.0,62,0,0
1768227916039032,52931,14550,25.0,42,0,0
1768227916041461,52931,14550,32.0,36,0,0
1768227916042953,52931,14550,62.0,65,0,0
1768227916044513,52931,14550,49.0,27,0,0
1768227916045785,52931,14550,44.0,116,0,0
1768227916046965,52931,14550,42.0,129,0,0
1768227916048480,52931,14550,34.0,29,0,0
1768227916049787,52931,14550,34.0,137,0,0
1768227916051302,52931,14550,60.0,24,0,0
1768227916053099,52931,14550,53.0,124,0,0
1768227916055142,52931,14550,30.0,2,0,0
1768227916056421,52931,14550,64.0,164,0,0
1768227916058261,52931,14550,24.0,168,0,0
1768227916059752,52931,14550,42.0,136,0,0
1768227916061523,52931,14550,42.0,193,0,0
1768227916063731,52931,14550,48.0,32,0,0
1768227916064952,52931,14550,40.0,241,0,0
1768227916066485,52931,14550,61.0,147,0,0
1768227916067965,52931,14550,64.0,11030,0,0
1768227916092151,58419,5760,,0,1,0
1768227916269922,52931,14550,48.0,163,0,0
1768227916273408,52931,14550,44.0,178,0,0
1768227916274671,52931,14550,48.0,30,0,0
1768227916278648,52931,14550,48.0,33,0,0
1768227916280371,52931,14550,38.0,74,0,0
1768227916284279,52931,14550,51.0,1,0,0
1768227916289633,52931,14550,22.0,125,0,0
1768227916291850,52931,14550,27.0,152,0,0
1768227916293055,52931,14550,42.0,62,0,0
1768227916299554,52931,14550,25.0,42,0,0
1768227916303421,52931,14550,32.0,36,0,0
1768227916305682,52931,14550,62.0,65,0,0
1768227916308690,52931,14550,49.0,27,0,0
1768227916310571,52931,14550,44.0,116,0,0
1768227916312665,52931,14550,42.0,129,0,0
1768227916315563,52931,14550,34.0,29,0,0
1768227916316894,52931,14550,34.0,137,0,0
1768227916318589,52931,14550,60.0,24,0,0
1768227916321650,52931,14550,53.0,124,0,0
1768227916323265,52931,14550,30.0,2,0,0
1768227916327800,52931,14550,64.0,164,0,0
1768227916329640,52931,14550,24.0,168,0,0
1768227916331648,52931,14550,42.0,136,0,0
1768227916335508,52931,14550,42.0,193,0,0
1768227916337126,52931,14550,48.0,32,0,0
1768227916338953,52931,14550,40.0,241,0,0
1768227916340273,52931,14550,61.0,147,0,0
1768227916341916,5760,58419,,0,1,0
1768227916342106,52931,14550,64.0,11030,0,0
1768227916344706,52931,14550,29.0,0,0,0
1768227916439440,5760,58419,,264,1,0
1768227916440349,52931,14550,46.0,264,0,0
1768227916523739,52931,14550,48.0,163,0,0
1768227916525384,52931,14550,44.0,178,0,0
1768227916528714,52931,14550,48.0,30,0,0
1768227916530447,52931,14550,48.0,33,0,0
1768227916532600,52931,14550,38.0,74,0,0
1768227916534918,52931,14550,51.0,1,0,0
1768227916537266,52931,14550,22.0,125,0,0
1768227916539328,52931,14550,27.0,152,0,0
1768227916541216,52931,14550,42.0,62,0,0
1768227916543046,52931,14550,25.0,42,0,0
1768227916545802,52931,14550,32.0,36,0,0
1768227916547170,52931,14550,62.0,65,0,0
1768227916548669,52931,14550,49.0,27,0,0
1768227916550310,52931,14550,44.0,116,0,0
1768227916551728,52931,14550,42.0,129,0,0
1768227916553628,52931,14550,34.0,29,0,0
1768227916554846,52931,14550,34.0,137,0,0
1768227916556179,52931,14550,60.0,24,0,0
1768227916557949,52931,14550,53.0,124,0,0
1768227916559966,52931,14550,30.0,2,0,0
1768227916561180,52931,14550,64.0,164,0,0
1768227916562586,52931,14550,24.0,168,0,0
1768227916564013,52931,14550,42.0,136,0,0
1768227916565210,52931,14550,42.0,193,0,0
1768227916567107,52931,14550,48.0,32,0,0
1768227916570349,52931,14550,40.0,241,0,0
1768227916571870,52931,14550,61.0,147,0,0
1768227916573250,52931,14550,64.0,11030,0,0
1768227916772788,52931,14550,48.0,163,0,0
1768227916774991,52931,14550,44.0,178,0,0
1768227916778460,52931,14550,48.0,30,0,0
1768227916780929,52931,14550,48.0,33,0,0
1768227916786088,52931,14550,38.0,74,0,0
1768227916790000,52931,14550,51.0,1,0,0
1768227916797469,52931,14550,22.0,125,0,0
1768227916800366,52931,14550,27.0,152,0,0
1768227916801748,52931,14550,42.0,62,0,0
1768227916805880,52931,14550,25.0,42,0,0
1768227916810429,52931,14550,32.0,36,0,0
1768227916812828,52931,14550,62.0,65,0,0
1768227916815084,52931,14550,49.0,27,0,0
1768227916816717,52931,14550,44.0,116,0,0
1768227916818695,52931,14550,42.0,129,0,0
1768227916821352,52931,14550,34.0,29,0,0
1768227916823831,52931,14550,34.0,137,0,0
1768227916825368,52931,14550,60.0,24,0,0
1768227916827708,52931,14550,53.0,124,0,0
1768227916829339,52931,14550,30.0,2,0,0
1768227916830613,52931,14550,64.0,164,0,0
1768227916832122,52931,14550,24.0,168,0,0
1768227916833776,52931,14550,42.0,136,0,0
1768227916835291,52931,14550,42.0,193,0,0
1768227916836744,52931,14550,48.0,32,0,0
1768227916838205,52931,14550,40.0,241,0,0
1768227916839900,52931,14550,61.0,147,0,0
1768227916841714,52931,14550,64.0,11030,0,0
1768227916939261,5760,58419,,264,1,0
1768227916940322,52931,14550,46.0,264,0,0
1768227917025254,52931,14550,48.0,163,0,0
1768227917027247,52931,14550,44.0,178,0,0
1768227917028458,52931,14550,48.0,30,0,0
1768227917032441,52931,14550,48.0,33,0,0
1768227917034176,52931,14550,38.0,74,0,0
1768227917038049,52931,14550,51.0,1,0,0
1768227917041502,52931,14550,22.0,125,0,0
1768227917043478,52931,14550,27.0,152,0,0
1768227917044896,52931,14550,42.0,62,0,0
1768227917047058,52931,14550,25.0,42,0,0
1768227917049531,52931,14550,32.0,36,0,0
1768227917050761,52931,14550,62.0,65,0,0
1768227917052004,52931,14550,49.0,27,0,0
1768227917053481,52931,14550,44.0,116,0,0
1768227917054828,52931,14550,42.0,129,0,0
1768227917056047,52931,14550,34.0,29,0,0
1768227917057569,52931,14550,34.0,137,0,0
1768227917059500,52931,14550,60.0,24,0,0
1768227917061258,52931,14550,53.0,124,0,0
1768227917063189,52931,14550,30.0,2,0,0
1768227917064607,52931,14550,64.0,164,0,0
1768227917066086,52931,14550,24.0,168,0,0
1768227917067587,52931,14550,42.0,136,0,0
1768227917069117,52931,14550,42.0,193,0,0
1768227917070567,52931,14550,48.0,32,0,0
1768227917071989,52931,14550,40.0,241,0,0
1768227917073488,52931,14550,61.0,147,0,0
1768227917075324,52931,14550,64.0,11030,0,0
1768227917100113,58419,5760,,0,1,0
1768227917277853,52931,14550,48.0,163,0,0
1768227917281519,52931,14550,44.0,178,0,0
1768227917282914,52931,14550,48.0,30,0,0
1768227917286000,52931,14550,48.0,33,0,0
1768227917287400,52931,14550,38.0,74,0,0
1768227917294237,52931,14550,51.0,1,0,0
1768227917300493,52931,14550,22.0,125,0,0
1768227917304470,52931,14550,27.0,152,0,0
1768227917306281,52931,14550,42.0,62,0,0
1768227917310302,52931,14550,25.0,42,0,0
1768227917314632,52931,14550,32.0,36,0,0
1768227917316498,52931,14550,62.0,65,0,0
1768227917318006,52931,14550,49.0,27,0,0
1768227917320841,52931,14550,44.0,116,0,0
1768227917323803,52931,14550,42.0,129,0,0
1768227917327092,52931,14550,34.0,29,0,0
1768227917330168,52931,14550,34.0,137,0,0
1768227917331637,52931,14550,60.0,24,0,0
1768227917335777,52931,14550,53.0,124,0,0
1768227917341525,52931,14550,30.0,2,0,0
1768227917343699,52931,14550,64.0,164,0,0
1768227917345694,52931,14550,24.0,168,0,0
1768227917349408,5760,58419,,0,1,0
1768227917349971,52931,14550,42.0,136,0,0
1768227917351487,52931,14550,42.0,193,0,0
1768227917353180,52931,14550,48.0,32,0,0
1768227917355821,52931,14550,40.0,241,0,0
1768227917358112,52931,14550,61.0,147,0,0
1768227917359797,52931,14550,64.0,11030,0,0
1768227917362395,52931,14550,29.0,0,0,0
1768227917442167,5760,58419,,264,1,0
1768227917443167,52931,14550,46.0,264,0,0
1768227917525583,52931,14550,48.0,163,0,0
1768227917527227,52931,14550,44.0,178,0,0
1768227917529171,52931,14550,48.0,30,0,0
1768227917532411,52931,14550,48.0,33,0,0
1768227917534154,52931,14550,38.0,74,0,0
1768227917539106,52931,14550,51.0,1,0,0
1768227917544930,52931,14550,22.0,125,0,0
1768227917546987,52931,14550,27.0,152,0,0
1768227917548547,52931,14550,42.0,62,0,0
1768227917551540,52931,14550,25.0,42,0,0
1768227917554050,52931,14550,32.0,36,0,0
1768227917555277,52931,14550,62.0,65,0,0
1768227917556816,52931,14550,49.0,27,0,0
1768227917558780,52931,14550,44.0,116,0,0
1768227917560106,52931,14550,42.0,129,0,0
1768227917561413,52931,14550,34.0,29,0,0
1768227917563028,52931,14550,34.0,137,0,0
1768227917564335,52931,14550,60.0,24,0,0
1768227917566685,52931,14550,53.0,124,0,0
1768227917568389,52931,14550,30.0,2,0,0
1768227917569803,52931,14550,64.0,164,0,0
1768227917571183,52931,14550,24.0,168,0,0
1768227917572880,52931,14550,42.0,136,0,0
1768227917574197,52931,14550,42.0,193,0,0
1768227917575616,52931,14550,48.0,32,0,0
1768227917577315,52931,14550,40.0,241,0,0
1768227917578956,52931,14550,61.0,147,0,0
1768227917580527,52931,14550,64.0,11030,0,0
1768227917779297,52931,14550,48.0,163,0,0
1768227917785096,52931,14550,44.0,178,0,0
1768227917787433,52931,14550,48.0,30,0,0
1768227917789691,52931,14550,48.0,33,0,0
1768227917791460,52931,14550,38.0,74,0,0
1768227917797038,52931,14550,51.0,1,0,0
1768227917804097,52931,14550,22.0,125,0,0
1768227917807836,52931,14550,27.0,152,0,0
1768227917811172,52931,14550,42.0,62,0,0
1768227917814761,52931,14550,25.0,42,0,0
1768227917818209,52931,14550,32.0,36,0,0
1768227917819703,52931,14550,62.0,65,0,0
1768227917821213,52931,14550,49.0,27,0,0
1768227917822641,52931,14550,44.0,116,0,0
1768227917824078,52931,14550,42.0,129,0,0
1768227917825750,52931,14550,34.0,29,0,0
1768227917827024,52931,14550,34.0,137,0,0
1768227917828506,52931,14550,60.0,24,0,0
1768227917830133,52931,14550,53.0,124,0,0
1768227917832021,52931,14550,30.0,2,0,0
1768227917833576,52931,14550,64.0,164,0,0
1768227917834902,52931,14550,24.0,168,0,0
1768227917836518,52931,14550,42.0,136,0,0
1768227917837940,52931,14550,42.0,193,0,0
1768227917839693,52931,14550,48.0,32,0,0
1768227917840982,52931,14550,40.0,241,0,0
1768227917842495,52931,14550,61.0,147,0,0
1768227917843718,52931,14550,64.0,11030,0,0
1768227917925744,58419,5760,,76,1,0
1768227917938096,5760,58419,,77,1,0
1768227917938714,52931,14550,30.0,77,0,0
1768227917941367,52931,14550,36.0,49,0,0
1768227917941572,5760,58419,,264,1,0
1768227917942303,52931,14550,76.0,242,0,0
1768227917944061,52931,14550,34.0,253,0,0
1768227917944976,52931,14550,47.0,264,0,0
1768227918030949,52931,14550,48.0,163,0,0
1768227918033992,52931,14550,44.0,178,0,0
1768227918036585,52931,14550,48.0,30,0,0
1768227918038579,52931,14550,48.0,33,0,0
1768227918040119,52931,14550,38.0,74,0,0
1768227918043935,52931,14550,51.0,1,0,0
1768227918046572,52931,14550,22.0,125,0,0
1768227918048252,52931,14550,27.0,152,0,0
1768227918049537,52931,14550,42.0,62,0,0
1768227918052235,52931,14550,25.0,42,0,0
1768227918054923,52931,14550,32.0,36,0,0
1768227918056382,52931,14550,62.0,65,0,0
1768227918057716,52931,14550,49.0,27,0,0
1768227918059197,52931,14550,44.0,116,0,0
1768227918060560,52931,14550,42.0,129,0,0
1768227918061779,52931,14550,34.0,29,0,0
1768227918063155,52931,14550,34.0,137,0,0
1768227918064503,52931,14550,60.0,24,0,0
1768227918066431,52931,14550,53.0,124,0,0
1768227918068315,52931,14550,31.0,2,0,0
1768227918069543,52931,14550,64.0,164,0,0
1768227918071212,52931,14550,24.0,168,0,0
1768227918072720,52931,14550,42.0,136,0,0
1768227918074031,52931,14550,42.0,193,0,0
1768227918075448,52931,14550,48.0,32,0,0
1768227918076915,52931,14550,40.0,241,0,0
1768227918078249,52931,14550,61.0,147,0,0
1768227918079735,52931,14550,64.0,11030,0,0
1768227918103892,58419,5760,,0,1,0
1768227918284008,52931,14550,48.0,163,0,0
1768227918285662,52931,14550,44.0,178,0,0
1768227918287877,52931,14550,48.0,30,0,0
1768227918291505,52931,14550,48.0,33,0,0
1768227918293171,52931,14550,38.0,74,0,0
1768227918297653,52931,14550,51.0,1,0,0
1768227918302975,52931,14550,22.0,125,0,0
1768227918305264,52931,14550,27.0,152,0,0
1768227918306603,52931,14550,42.0,62,0,0
1768227918308912,52931,14550,25.0,42,0,0
1768227918314708,52931,14550,32.0,36,0,0
1768227918316499,52931,14550,62.0,65,0,0
1768227918317966,52931,14550,49.0,27,0,0
1768227918320139,52931,14550,44.0,116,0,0
1768227918321789,52931,14550,42.0,129,0,0
1768227918323546,52931,14550,34.0,29,0,0
1768227918326138,52931,14550,34.0,137,0,0
1768227918328450,52931,14550,60.0,24,0,0
1768227918330630,52931,14550,53.0,124,0,0
1768227918332774,52931,14550,31.0,2,0,0
1768227918335171,52931,14550,64.0,164,0,0
1768227918337554,52931,14550,24.0,168,0,0
1768227918339227,52931,14550,42.0,136,0,0
1768227918340457,52931,14550,42.0,193,0,0
1768227918342504,52931,14550,48.0,32,0,0
1768227918344388,52931,14550,40.0,241,0,0
1768227918345823,52931,14550,61.0,147,0,0
1768227918348455,52931,14550,64.0,11030,0,0
1768227918351875,5760,58419,,0,1,0
1768227918356828,52931,14550,29.0,0,0,0
1768227918450244,5760,58419,,264,1,0
1768227918451498,52931,14550,47.0,264,0,0
1768227918535319,52931,14550,48.0,163,0,0
1768227918537251,52931,14550,44.0,178,0,0
1768227918540255,52931,14550,48.0,30,0,0
1768227918542228,52931,14550,48.0,33,0,0
1768227918544169,52931,14550,38.0,74,0,0
1768227918547861,52931,14550,51.0,1,0,0
1768227918550685,52931,14550,22.0,125,0,0
1768227918553010,52931,14550,27.0,152,0,0
1768227918554264,52931,14550,42.0,62,0,0
1768227918557055,52931,14550,25.0,42,0,0
1768227918559481,52931,14550,32.0,36,0,0
1768227918561079,52931,14550,62.0,65,0,0
1768227918562503,52931,14550,49.0,27,0,0
1768227918564240,52931,14550,44.0,116,0,0
1768227918565820,52931,14550,42.0,129,0,0
1768227918567294,52931,14550,34.0,29,0,0
1768227918568748,52931,14550,34.0,137,0,0
1768227918569937,52931,14550,60.0,24,0,0
1768227918571894,52931,14550,53.0,124,0,0
1768227918573686,52931,14550,31.0,2,0,0
1768227918575657,52931,14550,64.0,164,0,0
1768227918576907,52931,14550,24.0,168,0,0
1768227918578312,52931,14550,42.0,136,0,0
1768227918579812,52931,14550,42.0,193,0,0
1768227918581244,52931,14550,48.0,32,0,0
1768227918582687,52931,14550,40.0,241,0,0
1768227918584038,52931,14550,61.0,147,0,0
1768227918585799,52931,14550,64.0,11030,0,0
1768227918786722,52931,14550,48.0,163,0,0
1768227918789861,52931,14550,44.0,178,0,0
1768227918792742,52931,14550,48.0,30,0,0
1768227918796209,52931,14550,48.0,33,0,0
1768227918797630,52931,14550,38.0,74,0,0
1768227918804050,52931,14550,51.0,1,0,0
1768227918809112,52931,14550,22.0,125,0,0
1768227918811267,52931,14550,27.0,152,0,0
1768227918814009,52931,14550,42.0,62,0,0
1768227918819783,52931,14550,25.0,42,0,0
1768227918822662,52931,14550,32.0,36,0,0
1768227918824043,52931,14550,62.0,65,0,0
1768227918826467,52931,14550,49.0,27,0,0
1768227918828846,52931,14550,44.0,116,0,0
1768227918830955,52931,14550,42.0,129,0,0
1768227918836137,52931,14550,34.0,29,0,0
1768227918839240,52931,14550,34.0,137,0,0
1768227918841598,52931,14550,60.0,24,0,0
1768227918844099,52931,14550,53.0,124,0,0
1768227918846580,52931,14550,31.0,2,0,0
1768227918849320,52931,14550,64.0,164,0,0
1768227918850648,52931,14550,24.0,168,0,0
1768227918852541,52931,14550,42.0,136,0,0
1768227918853786,52931,14550,42.0,193,0,0
1768227918857550,52931,14550,48.0,32,0,0
1768227918858873,52931,14550,40.0,241,0,0
1768227918860690,52931,14550,61.0,147,0,0
1768227918862022,52931,14550,64.0,11030,0,0
1768227918952718,5760,58419,,264,1,0
1768227918953890,52931,14550,47.0,264,0,0
1768227919039153,52931,14550,48.0,163,0,0
1768227919041415,52931,14550,44.0,178,0,0
1768227919043015,52931,14550,48.0,30,0,0
1768227919045419,52931,14550,48.0,33,0,0
1768227919047361,52931,14550,38.0,74,0,0
1768227919052126,52931,14550,51.0,1,0,0
1768227919057051,52931,14550,22.0,125,0,0
1768227919058676,52931,14550,27.0,152,0,0
1768227919059997,52931,14550,42.0,62,0,0
1768227919062134,52931,14550,25.0,42,0,0
1768227919064671,52931,14550,32.0,36,0,0
1768227919066469,52931,14550,62.0,65,0,0
1768227919068080,52931,14550,49.0,27,0,0
1768227919069638,52931,14550,44.0,116,0,0
1768227919070898,52931,14550,42.0,129,0,0
1768227919072468,52931,14550,34.0,29,0,0
1768227919073941,52931,14550,34.0,137,0,0
1768227919075454,52931,14550,60.0,24,0,0
1768227919077539,52931,14550,53.0,124,0,0
1768227919079478,52931,14550,31.0,2,0,0
1768227919081149,52931,14550,64.0,164,0,0
1768227919082694,52931,14550,24.0,168,0,0
1768227919084364,52931,14550,42.0,136,0,0
1768227919085658,52931,14550,42.0,193,0,0
1768227919087201,52931,14550,48.0,32,0,0
1768227919088740,52931,14550,40.0,241,0,0
1768227919090041,52931,14550,61.0,147,0,0
1768227919091426,52931,14550,64.0,11030,0,0
1768227919103973,58419,5760,,0,1,0
1768227919289910,52931,14550,48.0,163,0,0
1768227919295235,52931,14550,44.0,178,0,0
1768227919296514,52931,14550,48.0,30,0,0
1768227919299591,52931,14550,48.0,33,0,0
1768227919302498,52931,14550,38.0,74,0,0
1768227919307022,52931,14550,51.0,1,0,0
1768227919311349,52931,14550,22.0,125,0,0
1768227919313854,52931,14550,27.0,152,0,0
1768227919315414,52931,14550,42.0,62,0,0
1768227919317649,52931,14550,25.0,42,0,0
1768227919320473,52931,14550,32.0,36,0,0
1768227919323971,52931,14550,62.0,65,0,0
1768227919325689,52931,14550,49.0,27,0,0
1768227919326918,52931,14550,44.0,116,0,0
1768227919328958,52931,14550,42.0,129,0,0
1768227919332101,52931,14550,34.0,29,0,0
1768227919334012,52931,14550,34.0,137,0,0
1768227919337893,52931,14550,60.0,24,0,0
1768227919339604,52931,14550,53.0,124,0,0
1768227919342371,52931,14550,31.0,2,0,0
1768227919344293,52931,14550,64.0,164,0,0
1768227919347255,52931,14550,24.0,168,0,0
1768227919350181,52931,14550,42.0,136,0,0
1768227919352162,52931,14550,42.0,193,0,0
1768227919355348,52931,14550,48.0,32,0,0
1768227919356935,52931,14550,40.0,241,0,0
1768227919357906,5760,58419,,0,1,0
1768227919358299,52931,14550,61.0,147,0,0
1768227919361177,52931,14550,64.0,11030,0,0
1768227919365596,52931,14550,29.0,0,0,0
1768227919455680,5760,58419,,264,1,0
1768227919456803,52931,14550,47.0,264,0,0
1768227919541860,52931,14550,48.0,163,0,0
1768227919544055,52931,14550,44.0,178,0,0
1768227919545932,52931,14550,48.0,30,0,0
1768227919548615,52931,14550,48.0,33,0,0
1768227919550748,52931,14550,38.0,74,0,0
1768227919555569,52931,14550,51.0,1,0,0
1768227919558424,52931,14550,22.0,125,0,0
1768227919560448,52931,14550,27.0,152,0,0
1768227919562475,52931,14550,42.0,62,0,0
1768227919564845,52931,14550,25.0,42,0,0
1768227919567686,52931,14550,32.0,36,0,0
1768227919569261,52931,14550,62.0,65,0,0
1768227919570884,52931,14550,49.0,27,0,0
1768227919572133,52931,14550,44.0,116,0,0
1768227919573568,52931,14550,42.0,129,0,0
1768227919574827,52931,14550,34.0,29,0,0
1768227919576732,52931,14550,34.0,137,0,0
1768227919578255,52931,14550,60.0,24,0,0
1768227919580398,52931,14550,53.0,124,0,0
1768227919582511,52931,14550,31.0,2,0,0
1768227919584237,52931,14550,64.0,164,0,0
1768227919585479,52931,14550,24.0,168,0,0
1768227919587121,52931,14550,42.0,136,0,0
1768227919588747,52931,14550,42.0,193,0,0
1768227919590350,52931,14550,48.0,32,0,0
1768227919591963,52931,14550,40.0,241,0,0
1768227919593420,52931,14550,61.0,147,0,0
1768227919594742,52931,14550,64.0,11030,0,0
1768227919788507,52931,14550,48.0,163,0,0
1768227919790540,52931,14550,44.0,178,0,0
1768227919792861,52931,14550,48.0,30,0,0
1768227919795704,52931,14550,48.0,33,0,0
1768227919803387,52931,14550,38.0,74,0,0
1768227919807891,52931,14550,51.0,1,0,0
1768227919814823,52931,14550,22.0,125,0,0
1768227919818247,52931,14550,27.0,152,0,0
1768227919819957,52931,14550,42.0,62,0,0
1768227919823435,52931,14550,25.0,42,0,0
1768227919829578,52931,14550,32.0,36,0,0
1768227919832018,52931,14550,62.0,65,0,0
1768227919836472,52931,14550,49.0,27,0,0
1768227919838174,52931,14550,44.0,116,0,0
1768227919839529,52931,14550,42.0,129,0,0
1768227919841351,52931,14550,34.0,29,0,0
1768227919843205,52931,14550,34.0,137,0,0
1768227919845985,52931,14550,60.0,24,0,0
1768227919847749,52931,14550,53.0,124,0,0
1768227919851498,52931,14550,31.0,2,0,0
1768227919853845,52931,14550,64.0,164,0,0
1768227919856095,52931,14550,24.0,168,0,0
1768227919858159,52931,14550,42.0,136,0,0
1768227919860673,52931,14550,42.0,193,0,0
1768227919864021,52931,14550,48.0,32,0,0
1768227919867357,52931,14550,40.0,241,0,0
1768227919870159,52931,14550,61.0,147,0,0
1768227919871398,52931,14550,64.0,11030,0,0
1768227919955044,5760,58419,,264,1,0
1768227919956323,52931,14550,47.0,264,0,0
1768227920045334,52931,14550,48.0,163,0,0
1768227920049278,52931,14550,44.0,178,0,0
1768227920052247,52931,14550,48.0,30,0,0
1768227920054392,52931,14550,48.0,33,0,0
1768227920055775,52931,14550,38.0,74,0,0
1768227920059076,52931,14550,51.0,1,0,0
1768227920061305,52931,14550,22.0,125,0,0
1768227920063383,52931,14550,27.0,152,0,0
1768227920064871,52931,14550,42.0,62,0,0
1768227920067086,52931,14550,25.0,42,0,0
1768227920070231,52931,14550,32.0,36,0,0
1768227920071562,52931,14550,62.0,65,0,0
1768227920072793,52931,14550,49.0,27,0,0
1768227920074140,52931,14550,44.0,116,0,0
1768227920075727,52931,14550,42.0,129,0,0
1768227920077030,52931,14550,34.0,29,0,0
1768227920078779,52931,14550,34.0,137,0,0
1768227920080038,52931,14550,60.0,24,0,0
1768227920082399,52931,14550,53.0,124,0,0
1768227920083885,52931,14550,31.0,2,0,0
1768227920085766,52931,14550,64.0,164,0,0
1768227920086987,52931,14550,24.0,168,0,0
1768227920088843,52931,14550,42.0,136,0,0
1768227920090088,52931,14550,42.0,193,0,0
1768227920091786,52931,14550,48.0,32,0,0
1768227920093549,52931,14550,40.0,241,0,0
1768227920094916,52931,14550,61.0,147,0,0
1768227920096418,52931,14550,64.0,11030,0,0
1768227920109293,58419,5760,,0,1,0
1768227920291985,52931,14550,48.0,163,0,0
1768227920293795,52931,14550,44.0,178,0,0
1768227920295469,52931,14550,48.0,30,0,0
1768227920297271,52931,14550,48.0,33,0,0
1768227920299242,52931,14550,38.0,74,0,0
1768227920303805,52931,14550,51.0,1,0,0
1768227920311700,52931,14550,22.0,125,0,0
1768227920313733,52931,14550,27.0,152,0,0
1768227920315705,52931,14550,42.0,62,0,0
1768227920318668,52931,14550,25.0,42,0,0
1768227920323315,52931,14550,32.0,36,0,0
1768227920324970,52931,14550,62.0,65,0,0
1768227920326595,52931,14550,49.0,27,0,0
1768227920328309,52931,14550,44.0,116,0,0
1768227920329997,52931,14550,42.0,129,0,0
1768227920331853,52931,14550,34.0,29,0,0
1768227920333152,52931,14550,34.0,137,0,0
1768227920334979,52931,14550,60.0,24,0,0
1768227920337598,52931,14550,53.0,124,0,0
1768227920339334,52931,14550,31.0,2,0,0
1768227920340632,52931,14550,64.0,164,0,0
1768227920343895,52931,14550,24.0,168,0,0
1768227920347608,52931,14550,42.0,136,0,0
1768227920350384,52931,14550,42.0,193,0,0
1768227920353140,52931,14550,48.0,32,0,0
1768227920355304,52931,14550,40.0,241,0,0
1768227920357061,52931,14550,61.0,147,0,0
1768227920359058,52931,14550,64.0,11030,0,0
1768227920366438,5760,58419,,0,1,0
1768227920367427,52931,14550,29.0,0,0,0
1768227920458961,5760,58419,,264,1,0
1768227920460093,52931,14550,47.0,264,0,0
1768227920545578,52931,14550,48.0,163,0,0
1768227920547275,52931,14550,44.0,178,0,0
1768227920549254,52931,14550,48.0,30,0,0
1768227920553033,52931,14550,48.0,33,0,0
1768227920554787,52931,14550,38.0,74,0,0
1768227920560101,52931,14550,51.0,1,0,0
1768227920563064,52931,14550,22.0,125,0,0
1768227920565202,52931,14550,27.0,152,0,0
1768227920567545,52931,14550,42.0,62,0,0
1768227920569930,52931,14550,25.0,42,0,0
1768227920572420,52931,14550,32.0,36,0,0
1768227920573767,52931,14550,62.0,65,0,0
1768227920575222,52931,14550,49.0,27,0,0
1768227920576477,52931,14550,44.0,116,0,0
1768227920578006,52931,14550,42.0,129,0,0
1768227920579394,52931,14550,34.0,29,0,0
1768227920580733,52931,14550,34.0,137,0,0
1768227920582063,52931,14550,60.0,24,0,0
1768227920584063,52931,14550,53.0,124,0,0
1768227920585917,52931,14550,31.0,2,0,0
1768227920587552,52931,14550,64.0,164,0,0
1768227920589046,52931,14550,24.0,168,0,0
1768227920590549,52931,14550,42.0,136,0,0
1768227920592006,52931,14550,42.0,193,0,0
1768227920593794,52931,14550,48.0,32,0,0
1768227920595064,52931,14550,40.0,241,0,0
1768227920596646,52931,14550,61.0,147,0,0
1768227920598619,52931,14550,64.0,11030,0,0
1768227920795728,52931,14550,48.0,163,0,0
1768227920798708,52931,14550,44.0,178,0,0
1768227920800380,52931,14550,48.0,30,0,0
1768227920804383,52931,14550,48.0,33,0,0
1768227920806237,52931,14550,38.0,74,0,0
1768227920813163,52931,14550,51.0,1,0,0
1768227920818801,52931,14550,22.0,125,0,0
1768227920822160,52931,14550,27.0,152,0,0
1768227920823628,52931,14550,42.0,62,0,0
1768227920827668,52931,14550,25.0,42,0,0
1768227920832895,52931,14550,32.0,36,0,0
1768227920834789,52931,14550,62.0,65,0,0
1768227920837994,52931,14550,49.0,27,0,0
1768227920840901,52931,14550,44.0,116,0,0
1768227920842678,52931,14550,42.0,129,0,0
1768227920844022,52931,14550,34.0,29,0,0
1768227920845219,52931,14550,34.0,137,0,0
1768227920846731,52931,14550,60.0,24,0,0
1768227920849073,52931,14550,53.0,124,0,0
1768227920850675,52931,14550,31.0,2,0,0
1768227920851883,52931,14550,64.0,164,0,0
1768227920853349,52931,14550,24.0,168,0,0
1768227920855202,52931,14550,42.0,136,0,0
1768227920856517,52931,14550,42.0,193,0,0
1768227920858230,52931,14550,48.0,32,0,0
1768227920859525,52931,14550,40.0,241,0,0
1768227920861131,52931,14550,61.0,147,0,0
1768227920862493,52931,14550,64.0,11030,0,0
1768227920963926,5760,58419,,264,1,0
1768227920964966,52931,14550,47.0,264,0,0
1768227921047939,52931,14550,48.0,163,0,0
1768227921051020,52931,14550,44.0,178,0,0
1768227921052331,52931,14550,48.0,30,0,0
1768227921054470,52931,14550,48.0,33,0,0
1768227921056232,52931,14550,38.0,74,0,0
1768227921059649,52931,14550,51.0,1,0,0
1768227921063175,52931,14550,22.0,125,0,0
1768227921064757,52931,14550,27.0,152,0,0
1768227921066256,52931,14550,42.0,62,0,0
1768227921068353,52931,14550,25.0,42,0,0
1768227921072426,52931,14550,32.0,36,0,0
1768227921073849,52931,14550,62.0,65,0,0
1768227921075394,52931,14550,49.0,27,0,0
1768227921076659,52931,14550,44.0,116,0,0
1768227921078280,52931,14550,42.0,129,0,0
1768227921079567,52931,14550,34.0,29,0,0
1768227921081082,52931,14550,34.0,137,0,0
1768227921082574,52931,14550,60.0,24,0,0
1768227921085982,52931,14550,53.0,124,0,0
1768227921087813,52931,14550,31.0,2,0,0
1768227921089373,52931,14550,64.0,164,0,0
1768227921090903,52931,14550,24.0,168,0,0
1768227921092299,52931,14550,42.0,136,0,0
1768227921093600,52931,14550,42.0,193,0,0
1768227921095091,52931,14550,48.0,32,0,0
1768227921096885,52931,14550,40.0,241,0,0
1768227921098629,52931,14550,61.0,147,0,0
1768227921100125,52931,14550,64.0,11030,0,0
1768227921112843,58419,5760,,0,1,0
1768227921301846,52931,14550,48.0,163,0,0
1768227921304557,52931,14550,44.0,178,0,0
1768227921306153,52931,14550,48.0,30,0,0
1768227921308330,52931,14550,48.0,33,0,0
1768227921311042,52931,14550,38.0,74,0,0
1768227921314263,52931,14550,51.0,1,0,0
1768227921322804,52931,14550,22.0,125,0,0
1768227921325985,52931,14550,27.0,152,0,0
1768227921327913,52931,14550,42.0,62,0,0
1768227921332873,52931,14550,25.0,42,0,0
1768227921337974,52931,14550,32.0,36,0,0
1768227921339566,52931,14550,62.0,65,0,0
1768227921342583,52931,14550,49.0,27,0,0
1768227921344291,52931,14550,44.0,116,0,0
1768227921346960,52931,14550,42.0,129,0,0
1768227921348746,52931,14550,34.0,29,0,0
1768227921351186,52931,14550,34.0,137,0,0
1768227921353518,52931,14550,60.0,24,0,0
1768227921355970,52931,14550,53.0,124,0,0
1768227921358743,52931,14550,31.0,2,0,0
1768227921361894,52931,14550,64.0,164,0,0
1768227921363515,52931,14550,24.0,168,0,0
1768227921368750,52931,14550,42.0,136,0,0
1768227921370110,52931,14550,42.0,193,0,0
1768227921371637,5760,58419,,0,1,0
1768227921372337,52931,14550,48.0,32,0,0
1768227921375137,52931,14550,40.0,241,0,0
1768227921378079,52931,14550,61.0,147,0,0
1768227921380611,52931,14550,64.0,11030,0,0
1768227921386194,52931,14550,29.0,0,0,0
1768227921463145,5760,58419,,264,1,0
1768227921464436,52931,14550,47.0,264,0,0
1768227921553496,52931,14550,48.0,163,0,0
1768227921555964,52931,14550,44.0,178,0,0
1768227921557475,52931,14550,48.0,30,0,0
1768227921559817,52931,14550,48.0,33,0,0
1768227921562433,52931,14550,38.0,74,0,0
1768227921565235,52931,14550,51.0,1,0,0
1768227921567422,52931,14550,22.0,125,0,0
1768227921569230,52931,14550,27.0,152,0,0
1768227921570630,52931,14550,42.0,62,0,0
1768227921573334,52931,14550,25.0,42,0,0
1768227921575948,52931,14550,32.0,36,0,0
1768227921577862,52931,14550,62.0,65,0,0
1768227921579209,52931,14550,49.0,27,0,0
1768227921580741,52931,14550,44.0,116,0,0
1768227921582369,52931,14550,42.0,129,0,0
1768227921583919,52931,14550,34.0,29,0,0
1768227921585643,52931,14550,34.0,137,0,0
1768227921587251,52931,14550,60.0,24,0,0
1768227921589176,52931,14550,53.0,124,0,0
1768227921591085,52931,14550,31.0,2,0,0
1768227921592784,52931,14550,64.0,164,0,0
1768227921594131,52931,14550,24.0,168,0,0
1768227921595521,52931,14550,42.0,136,0,0
1768227921596981,52931,14550,42.0,193,0,0
1768227921598392,52931,14550,48.0,32,0,0
1768227921599912,52931,14550,40.0,241,0,0
1768227921601302,52931,14550,61.0,147,0,0
1768227921602924,52931,14550,64.0,11030,0,0
1768227921672365,58419,5760,,76,1,0
1768227921679187,52931,14550,30.0,77,0,0
1768227921680105,52931,14550,29.0,0,0,0
1768227921804812,52931,14550,48.0,163,0,0
1768227921807242,52931,14550,44.0,178,0,0
1768227921808496,52931,14550,48.0,30,0,0
1768227921811470,52931,14550,48.0,33,0,0
1768227921814434,52931,14550,38.0,74,0,0
1768227921817878,52931,14550,51.0,1,0,0
1768227921820078,52931,14550,22.0,125,0,0
1768227921822052,52931,14550,27.0,152,0,0
1768227921823405,52931,14550,42.0,62,0,0
1768227921825603,52931,14550,25.0,42,0,0
1768227921828497,52931,14550,32.0,36,0,0
1768227921830282,52931,14550,62.0,65,0,0
1768227921832032,52931,14550,49.0,27,0,0
1768227921833331,52931,14550,44.0,116,0,0
1768227921834767,52931,14550,42.0,129,0,0
1768227921836279,52931,14550,34.0,29,0,0
1768227921837486,52931,14550,34.0,137,0,0
1768227921838724,52931,14550,60.0,24,0,0
1768227921840688,52931,14550,53.0,124,0,0
1768227921842610,52931,14550,31.0,2,0,0
1768227921844545,52931,14550,64.0,164,0,0
1768227921845997,52931,14550,24.0,168,0,0
1768227921847344,52931,14550,42.0,136,0,0
1768227921848494,52931,14550,42.0,193,0,0
1768227921850327,52931,14550,48.0,32,0,0
1768227921851513,52931,14550,40.0,241,0,0
1768227921853192,52931,14550,61.0,147,0,0
1768227921854636,52931,14550,64.0,11030,0,0
1768227921967209,5760,58419,,264,1,0
1768227921968311,52931,14550,47.0,264,0,0
1768227922051891,52931,14550,48.0,163,0,0
1768227922053577,52931,14550,44.0,178,0,0
1768227922055880,52931,14550,48.0,30,0,0
1768227922057722,52931,14550,48.0,33,0,0
1768227922059351,52931,14550,38.0,74,0,0
1768227922062631,52931,14550,51.0,1,0,0
1768227922065954,52931,14550,22.0,125,0,0
1768227922067894,52931,14550,27.0,152,0,0
1768227922069124,52931,14550,42.0,62,0,0
1768227922071219,52931,14550,25.0,42,0,0
1768227922074297,52931,14550,32.0,36,0,0
1768227922075741,52931,14550,62.0,65,0,0
1768227922077216,52931,14550,49.0,27,0,0
1768227922079044,52931,14550,44.0,116,0,0
1768227922081008,52931,14550,42.0,129,0,0
1768227922082563,52931,14550,34.0,29,0,0
1768227922084122,52931,14550,34.0,137,0,0
1768227922085359,52931,14550,60.0,24,0,0
1768227922087182,52931,14550,53.0,124,0,0
1768227922089182,52931,14550,31.0,2,0,0
1768227922091171,52931,14550,64.0,164,0,0
1768227922092657,52931,14550,24.0,168,0,0
1768227922094266,52931,14550,42.0,136,0,0
1768227922095778,52931,14550,42.0,193,0,0
1768227922097880,52931,14550,48.0,32,0,0
1768227922099892,52931,14550,40.0,241,0,0
1768227922102068,52931,14550,61.0,147,0,0
1768227922103722,52931,14550,64.0,11030,0,0
1768227922116500,58419,5760,,0,1,0
1768227922308094,52931,14550,48.0,163,0,0
1768227922310446,52931,14550,44.0,178,0,0
1768227922312952,52931,14550,48.0,30,0,0
1768227922317204,52931,14550,48.0,33,0,0
1768227922319951,52931,14550,38.0,74,0,0
1768227922323609,52931,14550,51.0,1,0,0
1768227922329540,52931,14550,22.0,125,0,0
1768227922331879,52931,14550,27.0,152,0,0
1768227922334626,52931,14550,42.0,62,0,0
1768227922338732,52931,14550,25.0,42,0,0
1768227922341542,52931,14550,32.0,36,0,0
1768227922343573,52931,14550,62.0,65,0,0
1768227922345232,52931,14550,49.0,27,0,0
1768227922347591,52931,14550,44.0,116,0,0
1768227922350474,52931,14550,42.0,129,0,0
1768227922352788,52931,14550,34.0,29,0,0
1768227922355992,52931,14550,34.0,137,0,0
1768227922358690,52931,14550,60.0,24,0,0
1768227922360776,52931,14550,53.0,124,0,0
1768227922363417,52931,14550,31.0,2,0,0
1768227922365402,52931,14550,64.0,164,0,0
1768227922367680,52931,14550,24.0,168,0,0
1768227922368096,5760,58419,,111,1,0
1768227922370511,52931,14550,42.0,136,0,0
1768227922373365,52931,14550,42.0,193,0,0
1768227922377116,52931,14550,48.0,32,0,0
1768227922377417,5760,58419,,0,1,0
1768227922378990,52931,14550,40.0,241,0,0
1768227922380450,52931,14550,61.0,147,0,0
1768227922382371,52931,14550,64.0,11030,0,0
1768227922388197,52931,14550,33.0,111,0,0
1768227922390193,52931,14550,29.0,0,0,0
1768227922472799,5760,58419,,264,1,0
1768227922473857,52931,14550,47.0,264,0,0
1768227922556801,52931,14550,48.0,163,0,0
1768227922558612,52931,14550,44.0,178,0,0
1768227922560571,52931,14550,48.0,30,0,0
1768227922563244,52931,14550,48.0,33,0,0
1768227922565573,52931,14550,38.0,74,0,0
1768227922572881,52931,14550,51.0,1,0,0
1768227922577664,52931,14550,22.0,125,0,0
1768227922579637,52931,14550,27.0,152,0,0
1768227922581850,52931,14550,42.0,62,0,0
1768227922584942,52931,14550,25.0,42,0,0
1768227922588656,52931,14550,32.0,36,0,0
1768227922590007,52931,14550,62.0,65,0,0
1768227922591724,52931,14550,49.0,27,0,0
1768227922592997,52931,14550,44.0,116,0,0
1768227922594321,52931,14550,42.0,129,0,0
1768227922595991,52931,14550,34.0,29,0,0
1768227922598550,52931,14550,34.0,137,0,0
1768227922600733,52931,14550,60.0,24,0,0
1768227922603602,52931,14550,53.0,124,0,0
1768227922605270,52931,14550,31.0,2,0,0
1768227922606633,52931,14550,64.0,164,0,0
1768227922608283,52931,14550,24.0,168,0,0
1768227922610627,52931,14550,42.0,136,0,0
1768227922612116,52931,14550,42.0,193,0,0
1768227922613771,52931,14550,48.0,32,0,0
1768227922615556,52931,14550,40.0,241,0,0
1768227922616905,52931,14550,61.0,147,0,0
1768227922618242,52931,14550,64.0,11030,0,0
1768227922808922,52931,14550,48.0,163,0,0
1768227922811096,52931,14550,44.0,178,0,0
1768227922815779,52931,14550,48.0,30,0,0
1768227922820142,52931,14550,48.0,33,0,0
1768227922821838,52931,14550,38.0,74,0,0
1768227922829681,52931,14550,51.0,1,0,0
1768227922836409,52931,14550,22.0,125,0,0
1768227922841222,52931,14550,27.0,152,0,0
1768227922842829,52931,14550,42.0,62,0,0
1768227922849022,52931,14550,25.0,42,0,0
1768227922855147,52931,14550,32.0,36,0,0
1768227922857040,52931,14550,62.0,65,0,0
1768227922858356,52931,14550,49.0,27,0,0
1768227922861070,52931,14550,44.0,116,0,0
1768227922865521,52931,14550,42.0,129,0,0
1768227922867300,52931,14550,34.0,29,0,0
1768227922869394,52931,14550,34.0,137,0,0
1768227922870881,52931,14550,60.0,24,0,0
1768227922872677,52931,14550,53.0,124,0,0
1768227922874125,52931,14550,31.0,2,0,0
1768227922876153,52931,14550,64.0,164,0,0
1768227922877471,52931,14550,24.0,168,0,0
1768227922879347,52931,14550,42.0,136,0,0
1768227922880992,52931,14550,42.0,193,0,0
1768227922882803,52931,14550,48.0,32,0,0
1768227922884394,52931,14550,40.0,241,0,0
1768227922885775,52931,14550,61.0,147,0,0
1768227922887447,52931,14550,64.0,11030,0,0
1768227922972048,5760,58419,,264,1,0
1768227922973296,52931,14550,47.0,264,0,0
1768227923058695,52931,14550,48.0,163,0,0
1768227923061304,52931,14550,44.0,178,0,0
1768227923063504,52931,14550,48.0,30,0,0
1768227923066314,52931,14550,48.0,33,0,0
1768227923067761,52931,14550,38.0,74,0,0
1768227923072370,52931,14550,51.0,1,0,0
1768227923076149,52931,14550,22.0,125,0,0
1768227923077696,52931,14550,27.0,152,0,0
1768227923079180,52931,14550,42.0,62,0,0
1768227923081173,52931,14550,25.0,42,0,0
1768227923084957,52931,14550,32.0,36,0,0
1768227923086495,52931,14550,62.0,65,0,0
1768227923088053,52931,14550,49.0,27,0,0
1768227923089416,52931,14550,44.0,116,0,0
1768227923090613,52931,14550,42.0,129,0,0
1768227923092152,52931,14550,34.0,29,0,0
1768227923093672,52931,14550,34.0,137,0,0
1768227923094877,52931,14550,60.0,24,0,0
1768227923096644,52931,14550,53.0,124,0,0
1768227923098645,52931,14550,31.0,2,0,0
1768227923100441,52931,14550,64.0,164,0,0
1768227923102043,52931,14550,24.0,168,0,0
1768227923103621,52931,14550,42.0,136,0,0
1768227923104859,52931,14550,42.0,193,0,0
1768227923106231,52931,14550,48.0,32,0,0
1768227923107743,52931,14550,40.0,241,0,0
1768227923109634,52931,14550,61.0,147,0,0
1768227923111460,52931,14550,64.0,11030,0,0
1768227923124388,58419,5760,,0,1,0
1768227923313607,52931,14550,48.0,163,0,0
1768227923315856,52931,14550,44.0,178,0,0
1768227923318109,52931,14550,48.0,30,0,0
1768227923321459,52931,14550,48.0,33,0,0
1768227923323800,52931,14550,38.0,74,0,0
1768227923328441,52931,14550,51.0,1,0,0
1768227923333748,52931,14550,22.0,125,0,0
1768227923335630,52931,14550,27.0,152,0,0
1768227923337567,52931,14550,42.0,62,0,0
1768227923340327,52931,14550,25.0,42,0,0
1768227923343136,52931,14550,32.0,36,0,0
1768227923345514,52931,14550,62.0,65,0,0
1768227923347323,52931,14550,49.0,27,0,0
1768227923349331,52931,14550,44.0,116,0,0
1768227923351241,52931,14550,42.0,129,0,0
1768227923352519,52931,14550,34.0,29,0,0
1768227923353865,52931,14550,34.0,137,0,0
1768227923355770,52931,14550,60.0,24,0,0
1768227923360904,52931,14550,53.0,124,0,0
1768227923363182,52931,14550,31.0,2,0,0
1768227923364861,52931,14550,64.0,164,0,0
1768227923367065,52931,14550,24.0,168,0,0
1768227923369180,52931,14550,42.0,136,0,0
1768227923372395,52931,14550,42.0,193,0,0
1768227923375774,52931,14550,48.0,32,0,0
1768227923378324,52931,14550,40.0,241,0,0
1768227923381448,52931,14550,61.0,147,0,0
1768227923381832,5760,58419,,0,1,0
1768227923383432,52931,14550,64.0,11030,0,0
1768227923387241,52931,14550,29.0,0,0,0
1768227923479685,5760,58419,,264,1,0
1768227923481031,52931,14550,47.0,264,0,0
1768227923564969,52931,14550,48.0,163,0,0
1768227923566706,52931,14550,44.0,178,0,0
1768227923568513,52931,14550,48.0,30,0,0
1768227923571298,52931,14550,48.0,33,0,0
1768227923573298,52931,14550,38.0,74,0,0
1768227923576783,52931,14550,51.0,1,0,0
1768227923584547,52931,14550,22.0,125,0,0
1768227923586872,52931,14550,27.0,152,0,0
1768227923588182,52931,14550,42.0,62,0,0
1768227923590199,52931,14550,25.0,42,0,0
1768227923592961,52931,14550,32.0,36,0,0
1768227923594469,52931,14550,62.0,65,0,0
1768227923596087,52931,14550,49.0,27,0,0
1768227923597682,52931,14550,44.0,116,0,0
1768227923599330,52931,14550,42.0,129,0,0
1768227923600672,52931,14550,34.0,29,0,0
1768227923602178,52931,14550,34.0,137,0,0
1768227923603694,52931,14550,60.0,24,0,0
1768227923605388,52931,14550,53.0,124,0,0
1768227923607156,52931,14550,31.0,2,0,0
1768227923608410,52931,14550,64.0,164,0,0
1768227923609978,52931,14550,24.0,168,0,0
1768227923611399,52931,14550,42.0,136,0,0
1768227923612974,52931,14550,42.0,193,0,0
1768227923614855,52931,14550,48.0,32,0,0
1768227923618724,52931,14550,40.0,241,0,0
1768227923620101,52931,14550,61.0,147,0,0
1768227923621382,52931,14550,64.0,11030,0,0
1768227923812187,52931,14550,48.0,163,0,0
1768227923814977,52931,14550,44.0,178,0,0
1768227923816461,52931,14550,48.0,30,0,0
1768227923821400,52931,14550,48.0,33,0,0
1768227923826021,52931,14550,38.0,74,0,0
1768227923830218,52931,14550,51.0,1,0,0
1768227923838790,52931,14550,22.0,125,0,0
1768227923843096,52931,14550,27.0,152,0,0
1768227923845923,52931,14550,42.0,62,0,0
1768227923851347,52931,14550,25.0,42,0,0
1768227923854552,52931,14550,32.0,36,0,0
1768227923855953,52931,14550,62.0,65,0,0
1768227923857484,52931,14550,49.0,27,0,0
1768227923858640,52931,14550,44.0,116,0,0
1768227923860118,52931,14550,42.0,129,0,0
1768227923862004,52931,14550,34.0,29,0,0
1768227923863218,52931,14550,34.0,137,0,0
1768227923864897,52931,14550,60.0,24,0,0
1768227923867081,52931,14550,53.0,124,0,0
1768227923868735,52931,14550,31.0,2,0,0
1768227923870680,52931,14550,64.0,164,0,0
1768227923872075,52931,14550,24.0,168,0,0
1768227923873510,52931,14550,42.0,136,0,0
1768227923875335,52931,14550,42.0,193,0,0
1768227923877114,52931,14550,48.0,32,0,0
1768227923878639,52931,14550,40.0,241,0,0
1768227923880053,52931,14550,61.0,147,0,0
1768227923881699,52931,14550,64.0,11030,0,0
1768227923981708,5760,58419,,264,1,0
1768227923982770,52931,14550,47.0,264,0,0
1768227924066626,52931,14550,48.0,163,0,0
1768227924069594,52931,14550,44.0,178,0,0
1768227924070942,52931,14550,48.0,30,0,0
1768227924073500,52931,14550,48.0,33,0,0
1768227924074954,52931,14550,38.0,74,0,0
1768227924078317,52931,14550,51.0,1,0,0
1768227924080903,52931,14550,22.0,125,0,0
1768227924082992,52931,14550,27.0,152,0,0
1768227924084264,52931,14550,42.0,62,0,0
1768227924086720,52931,14550,25.0,42,0,0
1768227924089317,52931,14550,32.0,36,0,0
1768227924090602,52931,14550,62.0,65,0,0
1768227924091953,52931,14550,49.0,27,0,0
1768227924093786,52931,14550,44.0,116,0,0
1768227924095290,52931,14550,42.0,129,0,0
1768227924096792,52931,14550,34.0,29,0,0
1768227924098126,52931,14550,34.0,137,0,0
1768227924099588,52931,14550,60.0,24,0,0
1768227924101550,52931,14550,53.0,124,0,0
1768227924103500,52931,14550,31.0,2,0,0
1768227924105471,52931,14550,64.0,164,0,0
1768227924106829,52931,14550,24.0,168,0,0
1768227924108350,52931,14550,42.0,136,0,0
1768227924110078,52931,14550,42.0,193,0,0
1768227924111663,52931,14550,48.0,32,0,0
1768227924112981,52931,14550,40.0,241,0,0
1768227924114563,52931,14550,61.0,147,0,0
1768227924115828,52931,14550,64.0,11030,0,0
1768227924128562,58419,5760,,0,1,0
1768227924317409,52931,14550,48.0,163,0,0
1768227924319293,52931,14550,44.0,178,0,0
1768227924321020,52931,14550,48.0,30,0,0
1768227924325094,52931,14550,48.0,33,0,0
1768227924326998,52931,14550,38.0,74,0,0
1768227924332880,52931,14550,51.0,1,0,0
1768227924337807,52931,14550,22.0,125,0,0
1768227924341066,52931,14550,27.0,152,0,0
1768227924342995,52931,14550,42.0,62,0,0
1768227924346011,52931,14550,25.0,42,0,0
1768227924349048,52931,14550,32.0,36,0,0
1768227924350928,52931,14550,62.0,65,0,0
1768227924352832,52931,14550,49.0,27,0,0
1768227924354071,52931,14550,44.0,116,0,0
1768227924357100,52931,14550,42.0,129,0,0
1768227924358761,52931,14550,34.0,29,0,0
1768227924360436,52931,14550,34.0,137,0,0
1768227924362215,52931,14550,60.0,24,0,0
1768227924365011,52931,14550,53.0,124,0,0
1768227924367445,52931,14550,31.0,2,0,0
1768227924369794,52931,14550,64.0,164,0,0
1768227924371926,52931,14550,24.0,168,0,0
1768227924374778,52931,14550,42.0,136,0,0
1768227924376021,52931,14550,42.0,193,0,0
1768227924378829,52931,14550,48.0,32,0,0
1768227924381401,52931,14550,40.0,241,0,0
1768227924383018,52931,14550,61.0,147,0,0
1768227924385144,52931,14550,64.0,11030,0,0
1768227924389587,5760,58419,,0,1,0
1768227924391133,52931,14550,29.0,0,0,0
1768227924480869,5760,58419,,264,1,0
1768227924481982,52931,14550,47.0,264,0,0
1768227924567390,52931,14550,48.0,163,0,0
1768227924569847,52931,14550,44.0,178,0,0
1768227924571407,52931,14550,48.0,30,0,0
1768227924574847,52931,14550,48.0,33,0,0
1768227924576495,52931,14550,38.0,74,0,0
1768227924579557,52931,14550,51.0,1,0,0
1768227924583580,52931,14550,22.0,125,0,0
1768227924585326,52931,14550,27.0,152,0,0
1768227924586570,52931,14550,42.0,62,0,0
1768227924589032,52931,14550,25.0,42,0,0
1768227924591950,52931,14550,32.0,36,0,0
1768227924593889,52931,14550,62.0,65,0,0
1768227924595500,52931,14550,49.0,27,0,0
1768227924596811,52931,14550,44.0,116,0,0
1768227924598106,52931,14550,42.0,129,0,0
1768227924599535,52931,14550,34.0,29,0,0
1768227924601002,52931,14550,34.0,137,0,0
1768227924602271,52931,14550,60.0,24,0,0
1768227924604567,52931,14550,53.0,124,0,0
1768227924606487,52931,14550,31.0,2,0,0
1768227924607999,52931,14550,64.0,164,0,0
1768227924609555,52931,14550,24.0,168,0,0
1768227924610946,52931,14550,42.0,136,0,0
1768227924612161,52931,14550,42.0,193,0,0
1768227924613672,52931,14550,48.0,32,0,0
1768227924614944,52931,14550,40.0,241,0,0
1768227924616552,52931,14550,61.0,147,0,0
1768227924618226,52931,14550,64.0,11030,0,0
1768227924820668,52931,14550,48.0,163,0,0
1768227924824585,52931,14550,44.0,178,0,0
1768227924826612,52931,14550,48.0,30,0,0
1768227924830110,52931,14550,48.0,33,0,0
1768227924832725,52931,14550,38.0,74,0,0
1768227924837443,52931,14550,51.0,1,0,0
1768227924844122,52931,14550,22.0,125,0,0
1768227924846881,52931,14550,27.0,152,0,0
1768227924849059,52931,14550,42.0,62,0,0
1768227924851911,52931,14550,25.0,42,0,0
1768227924858377,52931,14550,32.0,36,0,0
1768227924860058,52931,14550,62.0,65,0,0
1768227924862255,52931,14550,49.0,27,0,0
1768227924864070,52931,14550,44.0,116,0,0
1768227924866817,52931,14550,42.0,129,0,0
1768227924869635,52931,14550,34.0,29,0,0
1768227924871172,52931,14550,34.0,137,0,0
1768227924873906,52931,14550,60.0,24,0,0
1768227924877524,52931,14550,53.0,124,0,0
1768227924879163,52931,14550,31.0,2,0,0
1768227924881412,52931,14550,64.0,164,0,0
1768227924883735,52931,14550,24.0,168,0,0
1768227924888973,52931,14550,42.0,136,0,0
1768227924890347,52931,14550,42.0,193,0,0
1768227924891865,52931,14550,48.0,32,0,0
1768227924894262,52931,14550,40.0,241,0,0
1768227924897239,52931,14550,61.0,147,0,0
1768227924898856,52931,14550,64.0,11030,0,0
1768227924983539,5760,58419,,264,1,0
1768227924984534,52931,14550,47.0,264,0,0
1768227925071254,52931,14550,48.0,163,0,0
1768227925072995,52931,14550,44.0,178,0,0
1768227925074896,52931,14550,48.0,30,0,0
1768227925078111,52931,14550,48.0,33,0,0
1768227925079716,52931,14550,38.0,74,0,0
1768227925083542,52931,14550,51.0,1,0,0
1768227925085817,52931,14550,22.0,125,0,0
1768227925087489,52931,14550,27.0,152,0,0
1768227925088944,52931,14550,42.0,62,0,0
1768227925091298,52931,14550,25.0,42,0,0
1768227925094783,52931,14550,32.0,36,0,0
1768227925096497,52931,14550,62.0,65,0,0
1768227925098073,52931,14550,49.0,27,0,0
1768227925099688,52931,14550,44.0,116,0,0
1768227925101389,52931,14550,42.0,129,0,0
1768227925102864,52931,14550,34.0,29,0,0
1768227925104356,52931,14550,34.0,137,0,0
1768227925105706,52931,14550,60.0,24,0,0
1768227925108517,52931,14550,53.0,124,0,0
1768227925110226,52931,14550,31.0,2,0,0
1768227925112269,52931,14550,64.0,164,0,0
1768227925113693,52931,14550,24.0,168,0,0
1768227925115069,52931,14550,42.0,136,0,0
1768227925116587,52931,14550,42.0,193,0,0
1768227925118013,52931,14550,48.0,32,0,0
1768227925119934,52931,14550,40.0,241,0,0
1768227925121500,52931,14550,61.0,147,0,0
1768227925122732,52931,14550,64.0,11030,0,0
1768227925135997,58419,5760,,0,1,0
1768227925322340,52931,14550,48.0,163,0,0
1768227925324105,52931,14550,44.0,178,0,0
1768227925325907,52931,14550,48.0,30,0,0
1768227925328367,52931,14550,48.0,33,0,0
1768227925329715,52931,14550,38.0,74,0,0
1768227925336547,52931,14550,51.0,1,0,0
1768227925342543,52931,14550,22.0,125,0,0
1768227925344522,52931,14550,27.0,152,0,0
1768227925348224,52931,14550,42.0,62,0,0
1768227925350788,52931,14550,25.0,42,0,0
1768227925353874,52931,14550,32.0,36,0,0
1768227925355304,52931,14550,62.0,65,0,0
1768227925357256,52931,14550,49.0,27,0,0
1768227925358468,52931,14550,44.0,116,0,0
1768227925360027,52931,14550,42.0,129,0,0
1768227925362176,52931,14550,34.0,29,0,0
1768227925363746,52931,14550,34.0,137,0,0
1768227925364922,52931,14550,60.0,24,0,0
1768227925368484,52931,14550,53.0,124,0,0
1768227925370682,52931,14550,31.0,2,0,0
1768227925372391,52931,14550,64.0,164,0,0
1768227925378661,52931,14550,24.0,168,0,0
1768227925382307,52931,14550,42.0,136,0,0
1768227925384193,52931,14550,42.0,193,0,0
1768227925386141,52931,14550,48.0,32,0,0
1768227925387911,52931,14550,40.0,241,0,0
1768227925389971,52931,14550,61.0,147,0,0
1768227925394489,52931,14550,64.0,11030,0,0
1768227925395603,5760,58419,,0,1,0
1768227925398225,52931,14550,29.0,0,0,0
1768227925435479,58419,5760,,76,1,0
1768227925436133,5760,58419,,77,1,0
1768227925436551,52931,14550,30.0,77,0,0
1768227925485511,5760,58419,,264,1,0
1768227925486589,52931,14550,47.0,264,0,0
1768227925571940,52931,14550,48.0,163,0,0
1768227925574282,52931,14550,44.0,178,0,0
1768227925576610,52931,14550,48.0,30,0,0
1768227925578793,52931,14550,48.0,33,0,0
1768227925581499,52931,14550,38.0,74,0,0
1768227925584761,52931,14550,51.0,1,0,0
1768227925587255,52931,14550,22.0,125,0,0
1768227925589433,52931,14550,27.0,152,0,0
1768227925590920,52931,14550,42.0,62,0,0
1768227925593318,52931,14550,25.0,42,0,0
1768227925596262,52931,14550,32.0,36,0,0
1768227925597499,52931,14550,62.0,65,0,0
1768227925599050,52931,14550,49.0,27,0,0
1768227925600280,52931,14550,44.0,116,0,0
1768227925602069,52931,14550,42.0,129,0,0
1768227925603294,52931,14550,34.0,29,0,0
1768227925604795,52931,14550,34.0,137,0,0
1768227925606360,52931,14550,60.0,24,0,0
1768227925608034,52931,14550,53.0,124,0,0
1768227925609885,52931,14550,31.0,2,0,0
1768227925611694,52931,14550,64.0,164,0,0
1768227925614114,52931,14550,24.0,168,0,0
1768227925615564,52931,14550,42.0,136,0,0
1768227925617387,52931,14550,42.0,193,0,0
1768227925619054,52931,14550,48.0,32,0,0
1768227925620402,52931,14550,40.0,241,0,0
1768227925622095,52931,14550,61.0,147,0,0
1768227925623427,52931,14550,64.0,11030,0,0
1768227925825137,52931,14550,48.0,163,0,0
1768227925828138,52931,14550,44.0,178,0,0
1768227925831751,52931,14550,48.0,30,0,0
1768227925834792,52931,14550,48.0,33,0,0
1768227925836320,52931,14550,39.0,74,0,0
1768227925840703,52931,14550,51.0,1,0,0
1768227925844884,52931,14550,22.0,125,0,0
1768227925851555,52931,14550,27.0,152,0,0
1768227925853247,52931,14550,42.0,62,0,0
1768227925857129,52931,14550,25.0,42,0,0
1768227925863315,52931,14550,32.0,36,0,0
1768227925865060,52931,14550,62.0,65,0,0
1768227925867002,52931,14550,49.0,27,0,0
1768227925868283,52931,14550,44.0,116,0,0
1768227925870029,52931,14550,42.0,129,0,0
1768227925871281,52931,14550,34.0,29,0,0
1768227925872844,52931,14550,34.0,137,0,0
1768227925874454,52931,14550,60.0,24,0,0
1768227925878080,52931,14550,53.0,124,0,0
1768227925880382,52931,14550,31.0,2,0,0
1768227925882689,52931,14550,64.0,164,0,0
1768227925885988,52931,14550,24.0,168,0,0
1768227925887734,52931,14550,42.0,136,0,0
1768227925891303,52931,14550,42.0,193,0,0
1768227925893165,52931,14550,48.0,32,0,0
1768227925895772,52931,14550,40.0,241,0,0
1768227925898105,52931,14550,61.0,147,0,0
1768227925899669,52931,14550,64.0,11030,0,0
1768227925990945,5760,58419,,264,1,0
1768227925992042,52931,14550,47.0,264,0,0
1768227926075827,52931,14550,48.0,163,0,0
1768227926079291,52931,14550,44.0,178,0,0
1768227926080550,52931,14550,48.0,30,0,0
1768227926083011,52931,14550,48.0,33,0,0
1768227926084591,52931,14550,39.0,74,0,0
1768227926087760,52931,14550,51.0,1,0,0
1768227926090841,52931,14550,22.0,125,0,0
1768227926092481,52931,14550,27.0,152,0,0
1768227926093618,52931,14550,42.0,62,0,0
1768227926095887,52931,14550,25.0,42,0,0
1768227926099157,52931,14550,32.0,36,0,0
1768227926100532,52931,14550,62.0,65,0,0
1768227926101973,52931,14550,49.0,27,0,0
1768227926103248,52931,14550,44.0,116,0,0
1768227926104501,52931,14550,42.0,129,0,0
1768227926106046,52931,14550,34.0,29,0,0
1768227926107739,52931,14550,34.0,137,0,0
1768227926108898,52931,14550,60.0,24,0,0
1768227926111109,52931,14550,53.0,124,0,0
1768227926112659,52931,14550,31.0,2,0,0
1768227926114508,52931,14550,64.0,164,0,0
1768227926115706,52931,14550,24.0,168,0,0
1768227926117309,52931,14550,42.0,136,0,0
1768227926118641,52931,14550,42.0,193,0,0
1768227926120400,52931,14550,48.0,32,0,0
1768227926121682,52931,14550,40.0,241,0,0
1768227926123427,52931,14550,61.0,147,0,0
1768227926124962,52931,14550,64.0,11030,0,0
1768227926138572,58419,5760,,0,1,0
1768227926329719,52931,14550,48.0,163,0,0
1768227926331857,52931,14550,44.0,178,0,0
1768227926333950,52931,14550,48.0,30,0,0
1768227926337252,52931,14550,48.0,33,0,0
1768227926338588,52931,14550,39.0,74,0,0
1768227926342329,52931,14550,51.0,1,0,0
1768227926349280,52931,14550,22.0,125,0,0
1768227926352576,52931,14550,27.0,152,0,0
1768227926354534,52931,14550,42.0,62,0,0
1768227926358302,52931,14550,25.0,42,0,0
1768227926362080,52931,14550,32.0,36,0,0
1768227926363713,52931,14550,62.0,65,0,0
1768227926366404,52931,14550,49.0,27,0,0
1768227926368560,52931,14550,44.0,116,0,0
1768227926373997,52931,14550,42.0,129,0,0
1768227926376158,52931,14550,34.0,29,0,0
1768227926377856,52931,14550,34.0,137,0,0
1768227926379797,52931,14550,60.0,24,0,0
1768227926382767,52931,14550,53.0,124,0,0
1768227926388590,52931,14550,31.0,2,0,0
1768227926389879,52931,14550,64.0,164,0,0
1768227926391706,52931,14550,24.0,168,0,0
1768227926393465,52931,14550,42.0,136,0,0
1768227926394716,52931,14550,42.0,193,0,0
1768227926397574,52931,14550,48.0,32,0,0
1768227926398673,5760,58419,,0,1,0
1768227926399103,52931,14550,40.0,241,0,0
1768227926401163,52931,14550,61.0,147,0,0
1768227926403549,52931,14550,64.0,11030,0,0
1768227926407454,52931,14550,29.0,0,0,0
1768227926491521,5760,58419,,264,1,0
1768227926492558,52931,14550,47.0,264,0,0
1768227926583781,52931,14550,48.0,163,0,0
1768227926585476,52931,14550,44.0,178,0,0
1768227926587254,52931,14550,48.0,30,0,0
1768227926589489,52931,14550,48.0,33,0,0
1768227926591943,52931,14550,39.0,74,0,0
1768227926595425,52931,14550,51.0,1,0,0
1768227926601193,52931,14550,22.0,125,0,0
1768227926603564,52931,14550,27.0,152,0,0
1768227926604955,52931,14550,42.0,62,0,0
1768227926608815,52931,14550,25.0,42,0,0
1768227926612413,52931,14550,32.0,36,0,0
1768227926614759,52931,14550,62.0,65,0,0
1768227926617631,52931,14550,49.0,27,0,0
1768227926619400,52931,14550,44.0,116,0,0
1768227926620949,52931,14550,42.0,129,0,0
1768227926622400,52931,14550,34.0,29,0,0
1768227926623695,52931,14550,34.0,137,0,0
1768227926625224,52931,14550,60.0,24,0,0
1768227926626979,52931,14550,53.0,124,0,0
1768227926628711,52931,14550,31.0,2,0,0
1768227926630389,52931,14550,64.0,164,0,0
1768227926632768,52931,14550,24.0,168,0,0
1768227926634865,52931,14550,42.0,136,0,0
1768227926636199,52931,14550,42.0,193,0,0
1768227926638671,52931,14550,48.0,32,0,0
1768227926640690,52931,14550,40.0,241,0,0
1768227926642471,52931,14550,61.0,147,0,0
1768227926643832,52931,14550,64.0,11030,0,0
1768227926830710,52931,14550,48.0,163,0,0
1768227926832420,52931,14550,44.0,178,0,0
1768227926834384,52931,14550,48.0,30,0,0
1768227926836951,52931,14550,48.0,33,0,0
1768227926838327,52931,14550,39.0,74,0,0
1768227926844627,52931,14550,51.0,1,0,0
1768227926851545,52931,14550,22.0,125,0,0
1768227926854091,52931,14550,27.0,152,0,0
1768227926857037,52931,14550,42.0,62,0,0
1768227926861630,52931,14550,25.0,42,0,0
1768227926865202,52931,14550,32.0,36,0,0
1768227926866799,52931,14550,62.0,65,0,0
1768227926868490,52931,14550,49.0,27,0,0
1768227926869786,52931,14550,44.0,116,0,0
1768227926871356,52931,14550,42.0,129,0,0
1768227926872691,52931,14550,34.0,29,0,0
1768227926874139,52931,14550,34.0,137,0,0
1768227926875608,52931,14550,60.0,24,0,0
1768227926877812,52931,14550,53.0,124,0,0
1768227926879765,52931,14550,31.0,2,0,0
1768227926881260,52931,14550,64.0,164,0,0
1768227926882894,52931,14550,24.0,168,0,0
1768227926884257,52931,14550,42.0,136,0,0
1768227926885437,52931,14550,42.0,193,0,0
1768227926887176,52931,14550,48.0,32,0,0
1768227926889137,52931,14550,40.0,241,0,0
1768227926890497,52931,14550,61.0,147,0,0
1768227926891730,52931,14550,64.0,11030,0,0
1768227926994972,5760,58419,,264,1,0
1768227926996033,52931,14550,47.0,264,0,0
1768227927080773,52931,14550,48.0,163,0,0
1768227927083340,52931,14550,44.0,178,0,0
1768227927085212,52931,14550,48.0,30,0,0
1768227927088065,52931,14550,48.0,33,0,0
1768227927089450,52931,14550,39.0,74,0,0
1768227927092489,52931,14550,51.0,1,0,0
1768227927098471,52931,14550,22.0,125,0,0
1768227927100319,52931,14550,27.0,152,0,0
1768227927101489,52931,14550,42.0,62,0,0
1768227927103679,52931,14550,25.0,42,0,0
1768227927106322,52931,14550,32.0,36,0,0
1768227927107819,52931,14550,62.0,65,0,0
1768227927109041,52931,14550,49.0,27,0,0
1768227927110256,52931,14550,44.0,116,0,0
1768227927112036,52931,14550,42.0,129,0,0
1768227927113954,52931,14550,34.0,29,0,0
1768227927115181,52931,14550,34.0,137,0,0
1768227927116357,52931,14550,60.0,24,0,0
1768227927118457,52931,14550,53.0,124,0,0
1768227927120178,52931,14550,31.0,2,0,0
1768227927121812,52931,14550,64.0,164,0,0
1768227927123305,52931,14550,24.0,168,0,0
1768227927124911,52931,14550,42.0,136,0,0
1768227927126131,52931,14550,42.0,193,0,0
1768227927127789,52931,14550,48.0,32,0,0
1768227927129233,52931,14550,40.0,241,0,0
1768227927130696,52931,14550,61.0,147,0,0
1768227927132257,52931,14550,64.0,11030,0,0
1768227927133824,58419,5760,,66,1,0
1768227927145790,58419,5760,,0,1,0
1768227927335887,52931,14550,48.0,163,0,0
1768227927338020,52931,14550,44.0,178,0,0
1768227927340289,52931,14550,48.0,30,0,0
1768227927342967,52931,14550,48.0,33,0,0
1768227927345871,52931,14550,39.0,74,0,0
1768227927352329,52931,14550,51.0,1,0,0
1768227927356312,52931,14550,22.0,125,0,0
1768227927358686,52931,14550,27.0,152,0,0
1768227927359980,52931,14550,42.0,62,0,0
1768227927362921,52931,14550,25.0,42,0,0
1768227927367151,52931,14550,32.0,36,0,0
1768227927368730,52931,14550,62.0,65,0,0
1768227927370757,52931,14550,49.0,27,0,0
1768227927373305,52931,14550,44.0,116,0,0
1768227927375327,52931,14550,42.0,129,0,0
1768227927377102,52931,14550,34.0,29,0,0
1768227927378439,52931,14550,34.0,137,0,0
1768227927380133,52931,14550,60.0,24,0,0
1768227927384328,52931,14550,53.0,124,0,0
1768227927387915,52931,14550,31.0,2,0,0
1768227927389284,52931,14550,64.0,164,0,0
1768227927390849,52931,14550,24.0,168,0,0
1768227927392575,52931,14550,42.0,136,0,0
1768227927393906,52931,14550,42.0,193,0,0
1768227927397138,52931,14550,48.0,32,0,0
1768227927398661,52931,14550,40.0,241,0,0
1768227927400638,52931,14550,61.0,147,0,0
1768227927402880,52931,14550,64.0,11030,0,0
1768227927405103,5760,58419,,0,1,0
1768227927407094,52931,14550,29.0,0,0,0
1768227927502174,5760,58419,,264,1,0
1768227927503312,52931,14550,47.0,264,0,0
1768227927586604,52931,14550,48.0,163,0,0
1768227927590523,52931,14550,44.0,178,0,0
1768227927592237,52931,14550,48.0,30,0,0
1768227927594384,52931,14550,48.0,33,0,0
1768227927595772,52931,14550,39.0,74,0,0
1768227927598858,52931,14550,51.0,1,0,0
1768227927602136,52931,14550,22.0,125,0,0
1768227927604538,52931,14550,27.0,152,0,0
1768227927606096,52931,14550,42.0,62,0,0
1768227927608458,52931,14550,25.0,42,0,0
1768227927610878,52931,14550,32.0,36,0,0
1768227927612538,52931,14550,62.0,65,0,0
1768227927614046,52931,14550,49.0,27,0,0
1768227927615425,52931,14550,44.0,116,0,0
1768227927617195,52931,14550,42.0,129,0,0
1768227927618791,52931,14550,34.0,29,0,0
1768227927620561,52931,14550,34.0,137,0,0
1768227927622336,52931,14550,60.0,24,0,0
1768227927624093,52931,14550,53.0,124,0,0
1768227927626819,52931,14550,31.0,2,0,0
1768227927628070,52931,14550,64.0,164,0,0
1768227927629789,52931,14550,24.0,168,0,0
1768227927631687,52931,14550,42.0,136,0,0
1768227927633018,52931,14550,42.0,193,0,0
1768227927634749,52931,14550,48.0,32,0,0
1768227927636448,52931,14550,40.0,241,0,0
1768227927638857,52931,14550,61.0,147,0,0
1768227927641025,52931,14550,64.0,11030,0,0
1768227927835273,52931,14550,48.0,163,0,0
1768227927839918,52931,14550,44.0,178,0,0
1768227927842055,52931,14550,48.0,30,0,0
1768227927844420,52931,14550,48.0,33,0,0
1768227927848291,52931,14550,39.0,74,0,0
1768227927852336,52931,14550,51.0,1,0,0
1768227927859300,52931,14550,22.0,125,0,0
1768227927861332,52931,14550,27.0,152,0,0
1768227927864595,52931,14550,42.0,62,0,0
1768227927869950,52931,14550,25.0,42,0,0
1768227927874888,52931,14550,32.0,36,0,0
1768227927877218,52931,14550,62.0,65,0,0
1768227927878879,52931,14550,49.0,27,0,0
1768227927880152,52931,14550,44.0,116,0,0
1768227927882909,52931,14550,42.0,129,0,0
1768227927884809,52931,14550,34.0,29,0,0
1768227927887175,52931,14550,34.0,137,0,0
1768227927889132,52931,14550,60.0,24,0,0
1768227927894195,52931,14550,53.0,124,0,0
1768227927898300,52931,14550,31.0,2,0,0
1768227927899633,52931,14550,64.0,164,0,0
1768227927900848,52931,14550,24.0,168,0,0
1768227927903160,52931,14550,42.0,136,0,0
1768227927905329,52931,14550,42.0,193,0,0
1768227927908107,52931,14550,48.0,32,0,0
1768227927909982,52931,14550,40.0,241,0,0
1768227927913651,52931,14550,61.0,147,0,0
1768227927915033,52931,14550,64.0,11030,0,0
1768227928005138,5760,58419,,264,1,0
1768227928006234,52931,14550,47.0,264,0,0
1768227928090857,52931,14550,48.0,163,0,0
1768227928094350,52931,14550,44.0,178,0,0
1768227928095933,52931,14550,48.0,30,0,0
1768227928098063,52931,14550,48.0,33,0,0
1768227928099744,52931,14550,39.0,74,0,0
1768227928102466,52931,14550,51.0,1,0,0
1768227928104750,52931,14550,22.0,125,0,0
1768227928106773,52931,14550,27.0,152,0,0
1768227928108066,52931,14550,42.0,62,0,0
1768227928110765,52931,14550,25.0,42,0,0
1768227928113791,52931,14550,32.0,36,0,0
1768227928115277,52931,14550,62.0,65,0,0
1768227928116686,52931,14550,49.0,27,0,0
1768227928118809,52931,14550,44.0,116,0,0
1768227928120021,52931,14550,42.0,129,0,0
1768227928121817,52931,14550,34.0,29,0,0
1768227928123307,52931,14550,34.0,137,0,0
1768227928124788,52931,14550,60.0,24,0,0
1768227928126468,52931,14550,53.0,124,0,0
1768227928128090,52931,14550,31.0,2,0,0
1768227928129794,52931,14550,64.0,164,0,0
1768227928131561,52931,14550,24.0,168,0,0
1768227928133035,52931,14550,42.0,136,0,0
1768227928134487,52931,14550,42.0,193,0,0
1768227928136300,52931,14550,48.0,32,0,0
1768227928137580,52931,14550,40.0,241,0,0
1768227928138880,52931,14550,61.0,147,0,0
1768227928140381,52931,14550,64.0,11030,0,0
1768227928153250,58419,5760,,0,1,0
1768227928340743,52931,14550,48.0,163,0,0
1768227928343097,52931,14550,44.0,178,0,0
1768227928344318,52931,14550,48.0,30,0,0
1768227928348756,52931,14550,48.0,33,0,0
1768227928351026,52931,14550,39.0,74,0,0
1768227928354990,52931,14550,51.0,1,0,0
1768227928361213,52931,14550,22.0,125,0,0
1768227928364215,52931,14550,27.0,152,0,0
1768227928365768,52931,14550,42.0,62,0,0
1768227928368077,52931,14550,25.0,42,0,0
1768227928372845,52931,14550,32.0,36,0,0
1768227928374093,52931,14550,62.0,65,0,0
1768227928376155,52931,14550,49.0,27,0,0
1768227928377371,52931,14550,44.0,116,0,0
1768227928380761,52931,14550,42.0,129,0,0
1768227928382928,52931,14550,34.0,29,0,0
1768227928385116,52931,14550,34.0,137,0,0
1768227928386847,52931,14550,60.0,24,0,0
1768227928392873,52931,14550,53.0,124,0,0
1768227928395917,52931,14550,31.0,2,0,0
1768227928398071,52931,14550,64.0,164,0,0
1768227928400219,52931,14550,24.0,168,0,0
1768227928401900,52931,14550,42.0,136,0,0
1768227928403186,52931,14550,42.0,193,0,0
1768227928405174,52931,14550,48.0,32,0,0
1768227928407447,52931,14550,40.0,241,0,0
1768227928408822,52931,14550,61.0,147,0,0
1768227928410415,52931,14550,64.0,11030,0,0
1768227928414631,5760,58419,,0,1,0
1768227928416272,52931,14550,29.0,0,0,0
1768227928508205,5760,58419,,264,1,0
1768227928509328,52931,14550,47.0,264,0,0
1768227928593225,52931,14550,48.0,163,0,0
1768227928595289,52931,14550,44.0,178,0,0
1768227928597160,52931,14550,48.0,30,0,0
1768227928600432,52931,14550,48.0,33,0,0
1768227928602221,52931,14550,39.0,74,0,0
1768227928605183,52931,14550,51.0,1,0,0
1768227928607918,52931,14550,22.0,125,0,0
1768227928610538,52931,14550,27.0,152,0,0
1768227928611738,52931,14550,42.0,62,0,0
1768227928613948,52931,14550,25.0,42,0,0
1768227928616959,52931,14550,32.0,36,0,0
1768227928618677,52931,14550,62.0,65,0,0
1768227928620091,52931,14550,49.0,27,0,0
1768227928621954,52931,14550,44.0,116,0,0
1768227928623295,52931,14550,42.0,129,0,0
1768227928625523,52931,14550,34.0,29,0,0
1768227928627365,52931,14550,34.0,137,0,0
1768227928629096,52931,14550,60.0,24,0,0
1768227928630845,52931,14550,53.0,124,0,0
1768227928632832,52931,14550,31.0,2,0,0
1768227928634079,52931,14550,64.0,164,0,0
1768227928635571,52931,14550,24.0,168,0,0
1768227928637083,52931,14550,42.0,136,0,0
1768227928638490,52931,14550,42.0,193,0,0
1768227928640488,52931,14550,48.0,32,0,0
1768227928641989,52931,14550,40.0,241,0,0
1768227928643720,52931,14550,61.0,147,0,0
1768227928645147,52931,14550,64.0,11030,0,0
1768227928786907,52931,14550,68.0,253,0,0
1768227928789150,52931,14550,68.0,253,0,0
1768227928846307,52931,14550,48.0,163,0,0
1768227928850256,52931,14550,44.0,178,0,0
1768227928852489,52931,14550,48.0,30,0,0
1768227928855244,52931,14550,48.0,33,0,0
1768227928856886,52931,14550,39.0,74,0,0
1768227928860528,52931,14550,51.0,1,0,0
1768227928863334,52931,14550,22.0,125,0,0
1768227928865483,52931,14550,27.0,152,0,0
1768227928866692,52931,14550,42.0,62,0,0
1768227928868710,52931,14550,25.0,42,0,0
1768227928871565,52931,14550,32.0,36,0,0
1768227928872896,52931,14550,62.0,65,0,0
1768227928874407,52931,14550,49.0,27,0,0
1768227928875960,52931,14550,44.0,116,0,0
1768227928877342,52931,14550,42.0,129,0,0
1768227928879145,52931,14550,34.0,29,0,0
1768227928880536,52931,14550,34.0,137,0,0
1768227928881877,52931,14550,60.0,24,0,0
1768227928884019,52931,14550,53.0,124,0,0
1768227928885781,52931,14550,31.0,2,0,0
1768227928886973,52931,14550,64.0,164,0,0
1768227928888511,52931,14550,24.0,168,0,0
1768227928890309,52931,14550,42.0,136,0,0
1768227928891807,52931,14550,42.0,193,0,0
1768227928893393,52931,14550,48.0,32,0,0
1768227928894981,52931,14550,40.0,241,0,0
1768227928896723,52931,14550,61.0,147,0,0
1768227928898240,52931,14550,64.0,11030,0,0
1768227929007674,5760,58419,,264,1,0
1768227929008729,52931,14550,47.0,264,0,0
1768227929097997,52931,14550,48.0,163,0,0
1768227929100600,52931,14550,44.0,178,0,0
1768227929102149,52931,14550,48.0,30,0,0
1768227929105072,52931,14550,48.0,33,0,0
1768227929106606,52931,14550,39.0,74,0,0
1768227929109892,52931,14550,51.0,1,0,0
1768227929112354,52931,14550,22.0,125,0,0
1768227929114275,52931,14550,27.0,152,0,0
1768227929115574,52931,14550,42.0,62,0,0
1768227929118558,52931,14550,25.0,42,0,0
1768227929121985,52931,14550,32.0,36,0,0
1768227929123987,52931,14550,62.0,65,0,0
1768227929125420,52931,14550,49.0,27,0,0
1768227929126947,52931,14550,44.0,116,0,0
1768227929128571,52931,14550,42.0,129,0,0
1768227929130160,52931,14550,34.0,29,0,0
1768227929131449,52931,14550,34.0,137,0,0
1768227929132744,52931,14550,60.0,24,0,0
1768227929134951,52931,14550,53.0,124,0,0
1768227929136548,52931,14550,31.0,2,0,0
1768227929137813,52931,14550,64.0,164,0,0
1768227929139033,52931,14550,24.0,168,0,0
1768227929140618,52931,14550,42.0,136,0,0
1768227929142448,52931,14550,42.0,193,0,0
1768227929144577,52931,14550,48.0,32,0,0
1768227929146158,52931,14550,40.0,241,0,0
1768227929147615,52931,14550,61.0,147,0,0
1768227929149122,52931,14550,64.0,11030,0,0
1768227929161963,58419,5760,,0,1,0
1768227929349173,52931,14550,48.0,163,0,0
1768227929351994,52931,14550,44.0,178,0,0
1768227929354770,52931,14550,48.0,30,0,0
1768227929357275,52931,14550,48.0,33,0,0
1768227929359023,52931,14550,39.0,74,0,0
1768227929365564,52931,14550,51.0,1,0,0
1768227929372167,52931,14550,22.0,125,0,0
1768227929374329,52931,14550,27.0,152,0,0
1768227929376814,52931,14550,42.0,62,0,0
1768227929381404,52931,14550,25.0,42,0,0
1768227929384837,52931,14550,32.0,36,0,0
1768227929386593,52931,14550,62.0,65,0,0
1768227929389306,52931,14550,49.0,27,0,0
1768227929390569,52931,14550,44.0,116,0,0
1768227929392704,52931,14550,42.0,129,0,0
1768227929394660,52931,14550,34.0,29,0,0
1768227929398280,52931,14550,34.0,137,0,0
1768227929400059,52931,14550,60.0,24,0,0
1768227929403916,52931,14550,53.0,124,0,0
1768227929406515,52931,14550,31.0,2,0,0
1768227929409081,52931,14550,64.0,164,0,0
1768227929410508,52931,14550,24.0,168,0,0
1768227929413849,52931,14550,42.0,136,0,0
1768227929416530,52931,14550,42.0,193,0,0
1768227929417499,5760,58419,,0,1,0
1768227929418977,52931,14550,48.0,32,0,0
1768227929420994,52931,14550,40.0,241,0,0
1768227929422852,52931,14550,61.0,147,0,0
1768227929425462,52931,14550,64.0,11030,0,0
1768227929429823,52931,14550,29.0,0,0,0
1768227929512283,5760,58419,,264,1,0
1768227929513432,52931,14550,47.0,264,0,0
1768227929604521,52931,14550,48.0,163,0,0
1768227929607462,52931,14550,44.0,178,0,0
1768227929609209,52931,14550,48.0,30,0,0
1768227929611350,52931,14550,48.0,33,0,0
1768227929613212,52931,14550,39.0,74,0,0
1768227929617511,52931,14550,51.0,1,0,0
1768227929619773,52931,14550,22.0,125,0,0
1768227929621691,52931,14550,27.0,152,0,0
1768227929623023,52931,14550,42.0,62,0,0
1768227929625630,52931,14550,25.0,42,0,0
1768227929629676,52931,14550,32.0,36,0,0
1768227929632311,52931,14550,62.0,65,0,0
1768227929634412,52931,14550,49.0,27,0,0
1768227929636690,52931,14550,44.0,116,0,0
1768227929638858,52931,14550,42.0,129,0,0
1768227929640245,52931,14550,34.0,29,0,0
1768227929641674,52931,14550,34.0,137,0,0
1768227929643468,52931,14550,60.0,24,0,0
1768227929645605,52931,14550,53.0,124,0,0
1768227929647885,52931,14550,31.0,2,0,0
1768227929649473,52931,14550,64.0,164,0,0
1768227929650826,52931,14550,24.0,168,0,0
1768227929652317,52931,14550,42.0,136,0,0
1768227929653541,52931,14550,42.0,193,0,0
1768227929655260,52931,14550,48.0,32,0,0
1768227929657739,52931,14550,40.0,241,0,0
1768227929660326,52931,14550,61.0,147,0,0
1768227929661912,52931,14550,64.0,11030,0,0
1768227929850214,52931,14550,48.0,163,0,0
1768227929854164,52931,14550,44.0,178,0,0
1768227929857852,52931,14550,48.0,30,0,0
1768227929860574,52931,14550,48.0,33,0,0
1768227929862992,52931,14550,39.0,74,0,0
1768227929867849,52931,14550,51.0,1,0,0
1768227929875893,52931,14550,22.0,125,0,0
1768227929879978,52931,14550,27.0,152,0,0
1768227929881622,52931,14550,42.0,62,0,0
1768227929885773,52931,14550,25.0,42,0,0
1768227929890067,52931,14550,32.0,36,0,0
1768227929892059,52931,14550,62.0,65,0,0
1768227929895257,52931,14550,49.0,27,0,0
1768227929896506,52931,14550,44.0,116,0,0
1768227929898029,52931,14550,42.0,129,0,0
1768227929899465,52931,14550,34.0,29,0,0
1768227929900895,52931,14550,34.0,137,0,0
1768227929902381,52931,14550,60.0,24,0,0
1768227929904187,52931,14550,53.0,124,0,0
1768227929906254,52931,14550,31.0,2,0,0
1768227929907647,52931,14550,64.0,164,0,0
1768227929909391,52931,14550,24.0,168,0,0
1768227929910824,52931,14550,42.0,136,0,0
1768227929912550,52931,14550,42.0,193,0,0
1768227929914038,52931,14550,48.0,32,0,0
1768227929915774,52931,14550,40.0,241,0,0
1768227929917452,52931,14550,61.0,147,0,0
1768227929918812,52931,14550,64.0,11030,0,0
1768227930016125,5760,58419,,264,1,0
1768227930017172,52931,14550,47.0,264,0,0
1768227930102537,52931,14550,48.0,163,0,0
1768227930104171,52931,14550,44.0,178,0,0
1768227930105862,52931,14550,48.0,30,0,0
1768227930107969,52931,14550,48.0,33,0,0
1768227930110266,52931,14550,39.0,74,0,0
1768227930116877,52931,14550,51.0,1,0,0
1768227930120374,52931,14550,22.0,125,0,0
1768227930122046,52931,14550,27.0,152,0,0
1768227930123517,52931,14550,42.0,62,0,0
1768227930125720,52931,14550,25.0,42,0,0
1768227930128568,52931,14550,32.0,36,0,0
1768227930129863,52931,14550,62.0,65,0,0
1768227930131444,52931,14550,49.0,27,0,0
1768227930132641,52931,14550,44.0,116,0,0
1768227930134210,52931,14550,42.0,129,0,0
1768227930135486,52931,14550,34.0,29,0,0
1768227930136736,52931,14550,34.0,137,0,0
1768227930138085,52931,14550,60.0,24,0,0
1768227930140269,52931,14550,53.0,124,0,0
1768227930141884,52931,14550,31.0,2,0,0
1768227930143649,52931,14550,64.0,164,0,0
1768227930144862,52931,14550,24.0,168,0,0
1768227930146425,52931,14550,42.0,136,0,0
1768227930147672,52931,14550,42.0,193,0,0
1768227930149424,52931,14550,48.0,32,0,0
1768227930150871,52931,14550,40.0,241,0,0
1768227930152657,52931,14550,61.0,147,0,0
1768227930153903,52931,14550,64.0,11030,0,0
1768227930166772,58419,5760,,0,1,0
1768227930352764,52931,14550,48.0,163,0,0
1768227930355852,52931,14550,44.0,178,0,0
1768227930357528,52931,14550,48.0,30,0,0
1768227930360156,52931,14550,48.0,33,0,0
1768227930362342,52931,14550,39.0,74,0,0
1768227930366971,52931,14550,51.0,1,0,0
1768227930380531,52931,14550,22.0,125,0,0
1768227930382676,52931,14550,27.0,152,0,0
1768227930383884,52931,14550,42.0,62,0,0
1768227930386099,52931,14550,25.0,42,0,0
1768227930389295,52931,14550,32.0,36,0,0
1768227930390656,52931,14550,62.0,65,0,0
1768227930391951,52931,14550,49.0,27,0,0
1768227930393526,52931,14550,44.0,116,0,0
1768227930394818,52931,14550,42.0,129,0,0
1768227930396407,52931,14550,34.0,29,0,0
1768227930397928,52931,14550,34.0,137,0,0
1768227930399386,52931,14550,60.0,24,0,0
1768227930401120,52931,14550,53.0,124,0,0
1768227930402851,52931,14550,31.0,2,0,0
1768227930405505,52931,14550,64.0,164,0,0
1768227930407435,52931,14550,24.0,168,0,0
1768227930409486,52931,14550,42.0,136,0,0
1768227930411076,52931,14550,42.0,193,0,0
1768227930412606,52931,14550,48.0,32,0,0
1768227930413937,52931,14550,40.0,241,0,0
1768227930415200,52931,14550,61.0,147,0,0
1768227930416677,52931,14550,64.0,11030,0,0
1768227930422490,5760,58419,,0,1,0
1768227930423678,52931,14550,29.0,0,0,0
1768227930520457,5760,58419,,264,1,0
1768227930521542,52931,14550,47.0,264,0,0
1768227930606495,52931,14550,48.0,163,0,0
1768227930608656,52931,14550,44.0,178,0,0
1768227930610580,52931,14550,48.0,30,0,0
1768227930614982,52931,14550,48.0,33,0,0
1768227930617419,52931,14550,39.0,74,0,0
1768227930620401,52931,14550,51.0,1,0,0
1768227930623073,52931,14550,22.0,125,0,0
1768227930625590,52931,14550,27.0,152,0,0
1768227930627286,52931,14550,42.0,62,0,0
1768227930629578,52931,14550,25.0,42,0,0
1768227930632333,52931,14550,32.0,36,0,0
1768227930634304,52931,14550,62.0,65,0,0
1768227930635717,52931,14550,49.0,27,0,0
1768227930637994,52931,14550,44.0,116,0,0
1768227930639596,52931,14550,42.0,129,0,0
1768227930641903,52931,14550,34.0,29,0,0
1768227930643096,52931,14550,34.0,137,0,0
1768227930644408,52931,14550,60.0,24,0,0
1768227930646046,52931,14550,53.0,124,0,0
1768227930648472,52931,14550,31.0,2,0,0
1768227930649715,52931,14550,64.0,164,0,0
1768227930651263,52931,14550,24.0,168,0,0
1768227930653577,52931,14550,42.0,136,0,0
1768227930654943,52931,14550,42.0,193,0,0
1768227930656672,52931,14550,48.0,32,0,0
1768227930658309,52931,14550,40.0,241,0,0
1768227930660026,52931,14550,61.0,147,0,0
1768227930662200,52931,14550,64.0,11030,0,0
1768227930855775,52931,14550,48.0,163,0,0
1768227930858268,52931,14550,44.0,178,0,0
1768227930864784,52931,14550,48.0,30,0,0
1768227930869407,52931,14550,48.0,33,0,0
1768227930871105,52931,14550,39.0,74,0,0
1768227930876076,52931,14550,51.0,1,0,0
1768227930881121,52931,14550,22.0,125,0,0
1768227930885136,52931,14550,27.0,152,0,0
1768227930886369,52931,14550,42.0,62,0,0
1768227930889493,52931,14550,25.0,42,0,0
1768227930892415,52931,14550,32.0,36,0,0
1768227930896254,52931,14550,62.0,65,0,0
1768227930897616,52931,14550,49.0,27,0,0
1768227930899941,52931,14550,44.0,116,0,0
1768227930901794,52931,14550,42.0,129,0,0
1768227930903879,52931,14550,34.0,29,0,0
1768227930905596,52931,14550,34.0,137,0,0
1768227930907043,52931,14550,60.0,24,0,0
1768227930909793,52931,14550,53.0,124,0,0
1768227930911494,52931,14550,31.0,2,0,0
1768227930914158,52931,14550,64.0,164,0,0
1768227930915556,52931,14550,24.0,168,0,0
1768227930918645,52931,14550,42.0,136,0,0
1768227930921162,52931,14550,42.0,193,0,0
1768227930922741,52931,14550,48.0,32,0,0
1768227930924501,52931,14550,40.0,241,0,0
1768227930925936,52931,14550,61.0,147,0,0
1768227930927684,52931,14550,64.0,11030,0,0
1768227931022675,5760,58419,,264,1,0
1768227931023798,52931,14550,47.0,264,0,0
1768227931108444,52931,14550,48.0,163,0,0
1768227931111329,52931,14550,44.0,178,0,0
1768227931112555,52931,14550,48.0,30,0,0
1768227931114505,52931,14550,48.0,33,0,0
1768227931116585,52931,14550,39.0,74,0,0
1768227931118981,52931,14550,51.0,1,0,0
1768227931122016,52931,14550,22.0,125,0,0
1768227931123824,52931,14550,27.0,152,0,0
1768227931125332,52931,14550,42.0,62,0,0
1768227931127744,52931,14550,25.0,42,0,0
1768227931130303,52931,14550,32.0,36,0,0
1768227931131768,52931,14550,62.0,65,0,0
1768227931133205,52931,14550,49.0,27,0,0
1768227931134651,52931,14550,44.0,116,0,0
1768227931136230,52931,14550,42.0,129,0,0
1768227931137795,52931,14550,34.0,29,0,0
1768227931139262,52931,14550,34.0,137,0,0
1768227931140602,52931,14550,60.0,24,0,0
1768227931142352,52931,14550,53.0,124,0,0
1768227931144297,52931,14550,31.0,2,0,0
1768227931145490,52931,14550,64.0,164,0,0
1768227931146975,52931,14550,24.0,168,0,0
1768227931148456,52931,14550,42.0,136,0,0
1768227931149982,52931,14550,42.0,193,0,0
1768227931151551,52931,14550,48.0,32,0,0
1768227931152915,52931,14550,40.0,241,0,0
1768227931154245,52931,14550,61.0,147,0,0
1768227931155762,52931,14550,64.0,11030,0,0
1768227931168202,58419,5760,,0,1,0
1768227931357217,52931,14550,48.0,163,0,0
1768227931360748,52931,14550,44.0,178,0,0
1768227931362788,52931,14550,48.0,30,0,0
1768227931366541,52931,14550,48.0,33,0,0
1768227931368854,52931,14550,39.0,74,0,0
1768227931372246,52931,14550,51.0,1,0,0
1768227931379153,52931,14550,22.0,125,0,0
1768227931381425,52931,14550,27.0,152,0,0
1768227931383052,52931,14550,42.0,62,0,0
1768227931386942,52931,14550,25.0,42,0,0
1768227931389808,52931,14550,32.0,36,0,0
1768227931392140,52931,14550,62.0,65,0,0
1768227931393885,52931,14550,49.0,27,0,0
1768227931395383,52931,14550,44.0,116,0,0
1768227931397364,52931,14550,42.0,129,0,0
1768227931399752,52931,14550,34.0,29,0,0
1768227931400951,52931,14550,34.0,137,0,0
1768227931402943,52931,14550,60.0,24,0,0
1768227931407005,52931,14550,53.0,124,0,0
1768227931411145,52931,14550,31.0,2,0,0
1768227931413034,52931,14550,64.0,164,0,0
1768227931414359,52931,14550,24.0,168,0,0
1768227931417286,52931,14550,42.0,136,0,0
1768227931420524,52931,14550,42.0,193,0,0
1768227931422561,52931,14550,48.0,32,0,0
1768227931427955,5760,58419,,0,1,0
1768227931429455,52931,14550,40.0,241,0,0
1768227931433036,52931,14550,61.0,147,0,0
1768227931435695,52931,14550,64.0,11030,0,0
1768227931440292,52931,14550,29.0,0,0,0
1768227931525990,5760,58419,,264,1,0
1768227931527141,52931,14550,47.0,264,0,0
1768227931610780,52931,14550,48.0,163,0,0
1768227931614253,52931,14550,44.0,178,0,0
1768227931615523,52931,14550,48.0,30,0,0
1768227931617318,52931,14550,48.0,33,0,0
1768227931619013,52931,14550,39.0,74,0,0
1768227931621878,52931,14550,51.0,1,0,0
1768227931624279,52931,14550,22.0,125,0,0
1768227931628034,52931,14550,27.0,152,0,0
1768227931629952,52931,14550,42.0,62,0,0
1768227931632258,52931,14550,25.0,42,0,0
1768227931635221,52931,14550,32.0,36,0,0
1768227931636491,52931,14550,62.0,65,0,0
1768227931638068,52931,14550,49.0,27,0,0
1768227931639834,52931,14550,44.0,116,0,0
1768227931641468,52931,14550,42.0,129,0,0
1768227931642887,52931,14550,34.0,29,0,0
1768227931644285,52931,14550,34.0,137,0,0
1768227931645808,52931,14550,60.0,24,0,0
1768227931647523,52931,14550,53.0,124,0,0
1768227931649523,52931,14550,31.0,2,0,0
1768227931650782,52931,14550,64.0,164,0,0
1768227931652303,52931,14550,24.0,168,0,0
1768227931653783,52931,14550,42.0,136,0,0
1768227931655032,52931,14550,42.0,193,0,0
1768227931657544,52931,14550,48.0,32,0,0
1768227931660058,52931,14550,40.0,241,0,0
1768227931662411,52931,14550,61.0,147,0,0
1768227931664037,52931,14550,64.0,11030,0,0
1768227931864328,52931,14550,48.0,163,0,0
1768227931868233,52931,14550,44.0,178,0,0
1768227931870257,52931,14550,48.0,30,0,0
1768227931872776,52931,14550,48.0,33,0,0
1768227931878714,52931,14550,39.0,74,0,0
1768227931886695,52931,14550,51.0,1,0,0
1768227931891496,52931,14550,22.0,125,0,0
1768227931894548,52931,14550,27.0,152,0,0
1768227931896071,52931,14550,42.0,62,0,0
1768227931899191,52931,14550,25.0,42,0,0
1768227931903684,52931,14550,32.0,36,0,0
1768227931904958,52931,14550,62.0,65,0,0
1768227931906683,52931,14550,49.0,27,0,0
1768227931908263,52931,14550,44.0,116,0,0
1768227931910084,52931,14550,42.0,129,0,0
1768227931912006,52931,14550,34.0,29,0,0
1768227931913671,52931,14550,34.0,137,0,0
1768227931917248,52931,14550,60.0,24,0,0
1768227931919226,52931,14550,53.0,124,0,0
1768227931922975,52931,14550,31.0,2,0,0
1768227931925856,52931,14550,64.0,164,0,0
1768227931927093,52931,14550,24.0,168,0,0
1768227931929032,52931,14550,42.0,136,0,0
1768227931931888,52931,14550,42.0,193,0,0
1768227931933892,52931,14550,48.0,32,0,0
1768227931935527,52931,14550,40.0,241,0,0
1768227931937334,52931,14550,61.0,147,0,0
1768227931939442,52931,14550,64.0,11030,0,0
1768227932027182,5760,58419,,264,1,0
1768227932028203,52931,14550,47.0,264,0,0
1768227932114329,52931,14550,48.0,163,0,0
1768227932117502,52931,14550,44.0,178,0,0
1768227932119083,52931,14550,48.0,30,0,0
1768227932121205,52931,14550,48.0,33,0,0
1768227932123026,52931,14550,39.0,74,0,0
1768227932126185,52931,14550,51.0,1,0,0
1768227932129660,52931,14550,22.0,125,0,0
1768227932131818,52931,14550,27.0,152,0,0
1768227932133213,52931,14550,42.0,62,0,0
1768227932135817,52931,14550,25.0,42,0,0
1768227932138790,52931,14550,32.0,36,0,0
1768227932140396,52931,14550,62.0,65,0,0
1768227932141643,52931,14550,49.0,27,0,0
1768227932142878,52931,14550,44.0,116,0,0
1768227932144596,52931,14550,42.0,129,0,0
1768227932146801,52931,14550,34.0,29,0,0
1768227932148380,52931,14550,34.0,137,0,0
1768227932149840,52931,14550,60.0,24,0,0
1768227932151560,52931,14550,53.0,124,0,0
1768227932153462,52931,14550,31.0,2,0,0
1768227932155289,52931,14550,64.0,164,0,0
1768227932156499,52931,14550,24.0,168,0,0
1768227932158200,52931,14550,42.0,136,0,0
1768227932159499,52931,14550,42.0,193,0,0
1768227932161638,52931,14550,48.0,32,0,0
1768227932163248,52931,14550,40.0,241,0,0
1768227932164837,52931,14550,61.0,147,0,0
1768227932166335,52931,14550,64.0,11030,0,0
1768227932178863,58419,5760,,0,1,0
1768227932366910,52931,14550,48.0,163,0,0
1768227932369072,52931,14550,44.0,178,0,0
1768227932371277,52931,14550,48.0,30,0,0
1768227932373865,52931,14550,48.0,33,0,0
1768227932375339,52931,14550,39.0,74,0,0
1768227932379888,52931,14550,51.0,1,0,0
1768227932386587,52931,14550,22.0,125,0,0
1768227932389060,52931,14550,27.0,152,0,0
1768227932390331,52931,14550,42.0,62,0,0
1768227932393642,52931,14550,25.0,42,0,0
1768227932398776,52931,14550,32.0,36,0,0
1768227932400973,52931,14550,62.0,65,0,0
1768227932402936,52931,14550,49.0,27,0,0
1768227932404190,52931,14550,44.0,116,0,0
1768227932406159,52931,14550,42.0,129,0,0
1768227932407459,52931,14550,34.0,29,0,0
1768227932409713,52931,14550,34.0,137,0,0
1768227932411613,52931,14550,60.0,24,0,0
1768227932414894,52931,14550,53.0,124,0,0
1768227932418199,52931,14550,31.0,2,0,0
1768227932420549,52931,14550,64.0,164,0,0
1768227932422737,52931,14550,24.0,168,0,0
1768227932427482,52931,14550,42.0,136,0,0
1768227932429069,52931,14550,42.0,193,0,0
1768227932430930,5760,58419,,111,1,0
1768227932431935,52931,14550,48.0,32,0,0
1768227932433910,52931,14550,40.0,241,0,0
1768227932436586,52931,14550,61.0,147,0,0
1768227932438392,52931,14550,64.0,11030,0,0
1768227932438904,5760,58419,,0,1,0
1768227932442478,52931,14550,33.0,111,0,0
1768227932444120,52931,14550,29.0,0,0,0
1768227932530192,5760,58419,,264,1,0
1768227932531326,52931,14550,47.0,264,0,0
1768227932614704,52931,14550,48.0,163,0,0
1768227932616352,52931,14550,44.0,178,0,0
1768227932618068,52931,14550,48.0,30,0,0
1768227932620436,52931,14550,48.0,33,0,0
1768227932622789,52931,14550,39.0,74,0,0
1768227932628674,52931,14550,51.0,1,0,0
1768227932631281,52931,14550,22.0,125,0,0
1768227932633538,52931,14550,27.0,152,0,0
1768227932634791,52931,14550,42.0,62,0,0
1768227932637177,52931,14550,25.0,42,0,0
1768227932639849,52931,14550,32.0,36,0,0
1768227932641417,52931,14550,62.0,65,0,0
1768227932642706,52931,14550,49.0,27,0,0
1768227932644200,52931,14550,44.0,116,0,0
1768227932645531,52931,14550,42.0,129,0,0
1768227932646984,52931,14550,34.0,29,0,0
1768227932648382,52931,14550,34.0,137,0,0
1768227932650594,52931,14550,60.0,24,0,0
1768227932652600,52931,14550,53.0,124,0,0
1768227932654621,52931,14550,31.0,2,0,0
1768227932655966,52931,14550,64.0,164,0,0
1768227932657242,52931,14550,24.0,168,0,0
1768227932659215,52931,14550,42.0,136,0,0
1768227932660545,52931,14550,42.0,193,0,0
1768227932662862,52931,14550,48.0,32,0,0
1768227932665109,52931,14550,40.0,241,0,0
1768227932666717,52931,14550,61.0,147,0,0
1768227932668481,52931,14550,64.0,11030,0,0
1768227932868526,52931,14550,48.0,163,0,0
1768227932871333,52931,14550,44.0,178,0,0
1768227932874899,52931,14550,48.0,30,0,0
1768227932877514,52931,14550,48.0,33,0,0
1768227932881342,52931,14550,39.0,74,0,0
1768227932887033,52931,14550,51.0,1,0,0
1768227932896026,52931,14550,22.0,125,0,0
1768227932901001,52931,14550,27.0,152,0,0
1768227932902663,52931,14550,42.0,62,0,0
1768227932905339,52931,14550,25.0,42,0,0
1768227932912007,52931,14550,32.0,36,0,0
1768227932914765,52931,14550,62.0,65,0,0
1768227932916045,52931,14550,49.0,27,0,0
1768227932917546,52931,14550,44.0,116,0,0
1768227932918970,52931,14550,42.0,129,0,0
1768227932920289,52931,14550,34.0,29,0,0
1768227932921921,52931,14550,34.0,137,0,0
1768227932923610,52931,14550,60.0,24,0,0
1768227932925276,52931,14550,53.0,124,0,0
1768227932927411,52931,14550,31.0,2,0,0
1768227932928831,52931,14550,64.0,164,0,0
1768227932930057,52931,14550,24.0,168,0,0
1768227932931617,52931,14550,42.0,136,0,0
1768227932932929,52931,14550,42.0,193,0,0
1768227932934346,52931,14550,48.0,32,0,0
1768227932935836,52931,14550,40.0,241,0,0
1768227932937374,52931,14550,61.0,147,0,0
1768227932938802,52931,14550,64.0,11030,0,0
1768227933035435,5760,58419,,264,1,0
1768227933036699,52931,14550,47.0,264,0,0
1768227933120322,52931,14550,48.0,163,0,0
1768227933122506,52931,14550,44.0,178,0,0
1768227933124681,52931,14550,48.0,30,0,0
1768227933128677,52931,14550,48.0,33,0,0
1768227933130288,52931,14550,39.0,74,0,0
1768227933133367,52931,14550,51.0,1,0,0
1768227933135748,52931,14550,22.0,125,0,0
1768227933137669,52931,14550,27.0,152,0,0
1768227933138954,52931,14550,42.0,62,0,0
1768227933141647,52931,14550,25.0,42,0,0
1768227933144661,52931,14550,32.0,36,0,0
1768227933146072,52931,14550,62.0,65,0,0
1768227933147417,52931,14550,49.0,27,0,0
1768227933148722,52931,14550,44.0,116,0,0
1768227933149939,52931,14550,42.0,129,0,0
1768227933151653,52931,14550,34.0,29,0,0
1768227933153138,52931,14550,34.0,137,0,0
1768227933155298,52931,14550,60.0,24,0,0
1768227933157324,52931,14550,53.0,124,0,0
1768227933159049,52931,14550,31.0,2,0,0
1768227933160886,52931,14550,64.0,164,0,0
1768227933162405,52931,14550,24.0,168,0,0
1768227933163763,52931,14550,42.0,136,0,0
1768227933164961,52931,14550,42.0,193,0,0
1768227933166317,52931,14550,48.0,32,0,0
1768227933168574,52931,14550,40.0,241,0,0
1768227933169948,52931,14550,61.0,147,0,0
1768227933171437,52931,14550,64.0,11030,0,0
1768227933184631,58419,5760,,0,1,0
1768227933371888,52931,14550,48.0,163,0,0
1768227933373602,52931,14550,44.0,178,0,0
1768227933375417,52931,14550,48.0,30,0,0
1768227933378033,52931,14550,48.0,33,0,0
1768227933380546,52931,14550,39.0,74,0,0
1768227933387776,52931,14550,51.0,1,0,0
1768227933395374,52931,14550,22.0,125,0,0
1768227933397544,52931,14550,27.0,152,0,0
1768227933399078,52931,14550,42.0,62,0,0
1768227933404148,52931,14550,25.0,42,0,0
1768227933407951,52931,14550,32.0,36,0,0
1768227933409738,52931,14550,62.0,65,0,0
1768227933411484,52931,14550,49.0,27,0,0
1768227933414371,52931,14550,44.0,116,0,0
1768227933415890,52931,14550,42.0,129,0,0
1768227933421221,52931,14550,34.0,29,0,0
1768227933422562,52931,14550,34.0,137,0,0
1768227933425526,52931,14550,60.0,24,0,0
1768227933431018,52931,14550,53.0,124,0,0
1768227933433401,52931,14550,31.0,2,0,0
1768227933434687,52931,14550,64.0,164,0,0
1768227933436246,52931,14550,24.0,168,0,0
1768227933439921,52931,14550,42.0,136,0,0
1768227933441152,5760,58419,,0,1,0
1768227933441464,52931,14550,42.0,193,0,0
1768227933443390,52931,14550,48.0,32,0,0
1768227933444916,52931,14550,40.0,241,0,0
1768227933446326,52931,14550,61.0,147,0,0
1768227933447818,52931,14550,64.0,11030,0,0
1768227933450063,52931,14550,29.0,0,0,0
1768227933538055,5760,58419,,264,1,0
1768227933538977,52931,14550,47.0,264,0,0
1768227933623255,52931,14550,48.0,163,0,0
1768227933625814,52931,14550,44.0,178,0,0
1768227933627311,52931,14550,48.0,30,0,0
1768227933630885,52931,14550,48.0,33,0,0
1768227933632312,52931,14550,39.0,74,0,0
1768227933635332,52931,14550,51.0,1,0,0
1768227933637653,52931,14550,22.0,125,0,0
1768227933640001,52931,14550,27.0,152,0,0
1768227933641505,52931,14550,42.0,62,0,0
1768227933643679,52931,14550,25.0,42,0,0
1768227933647411,52931,14550,32.0,36,0,0
1768227933649707,52931,14550,62.0,65,0,0
1768227933651259,52931,14550,49.0,27,0,0
1768227933652548,52931,14550,44.0,116,0,0
1768227933653789,52931,14550,42.0,129,0,0
1768227933655142,52931,14550,34.0,29,0,0
1768227933657280,52931,14550,34.0,137,0,0
1768227933658962,52931,14550,60.0,24,0,0
1768227933661415,52931,14550,53.0,124,0,0
1768227933663278,52931,14550,31.0,2,0,0
1768227933664488,52931,14550,64.0,164,0,0
1768227933665703,52931,14550,24.0,168,0,0
1768227933667285,52931,14550,42.0,136,0,0
1768227933669778,52931,14550,42.0,193,0,0
1768227933671448,52931,14550,48.0,32,0,0
1768227933673397,52931,14550,40.0,241,0,0
1768227933675032,52931,14550,61.0,147,0,0
1768227933676287,52931,14550,64.0,11030,0,0
1768227933876506,52931,14550,48.0,163,0,0
1768227933879548,52931,14550,44.0,178,0,0
1768227933880790,52931,14550,48.0,30,0,0
1768227933884513,52931,14550,48.0,33,0,0
1768227933886648,52931,14550,39.0,74,0,0
1768227933889578,52931,14550,51.0,1,0,0
1768227933894962,52931,14550,22.0,125,0,0
1768227933897933,52931,14550,27.0,152,0,0
1768227933901652,52931,14550,42.0,62,0,0
1768227933905355,52931,14550,25.0,42,0,0
1768227933908531,52931,14550,32.0,36,0,0
1768227933910504,52931,14550,62.0,65,0,0
1768227933912406,52931,14550,49.0,27,0,0
1768227933914147,52931,14550,44.0,116,0,0
1768227933916152,52931,14550,42.0,129,0,0
1768227933918648,52931,14550,34.0,29,0,0
1768227933920907,52931,14550,34.0,137,0,0
1768227933922451,52931,14550,60.0,24,0,0
1768227933925459,52931,14550,53.0,124,0,0
1768227933929224,52931,14550,31.0,2,0,0
1768227933930447,52931,14550,64.0,164,0,0
1768227933932261,52931,14550,24.0,168,0,0
1768227933934163,52931,14550,42.0,136,0,0
1768227933936016,52931,14550,42.0,193,0,0
1768227933937769,52931,14550,48.0,32,0,0
1768227933939393,52931,14550,40.0,241,0,0
1768227933941480,52931,14550,61.0,147,0,0
1768227933942801,52931,14550,64.0,11030,0,0
1768227934041301,5760,58419,,264,1,0
1768227934042380,52931,14550,47.0,264,0,0
1768227934127946,52931,14550,48.0,163,0,0
1768227934129634,52931,14550,44.0,178,0,0
1768227934131941,52931,14550,48.0,30,0,0
1768227934134634,52931,14550,48.0,33,0,0
1768227934136500,52931,14550,39.0,74,0,0
1768227934142478,52931,14550,51.0,1,0,0
1768227934144900,52931,14550,22.0,125,0,0
1768227934146818,52931,14550,27.0,152,0,0
1768227934148159,52931,14550,42.0,62,0,0
1768227934150701,52931,14550,25.0,42,0,0
1768227934153027,52931,14550,32.0,36,0,0
1768227934154256,52931,14550,62.0,65,0,0
1768227934155809,52931,14550,49.0,27,0,0
1768227934157404,52931,14550,44.0,116,0,0
1768227934158900,52931,14550,42.0,129,0,0
1768227934160446,52931,14550,34.0,29,0,0
1768227934161641,52931,14550,34.0,137,0,0
1768227934163200,52931,14550,60.0,24,0,0
1768227934164872,52931,14550,53.0,124,0,0
1768227934166793,52931,14550,31.0,2,0,0
1768227934168203,52931,14550,64.0,164,0,0
1768227934169867,52931,14550,24.0,168,0,0
1768227934171177,52931,14550,42.0,136,0,0
1768227934172669,52931,14550,42.0,193,0,0
1768227934174202,52931,14550,48.0,32,0,0
1768227934175764,52931,14550,40.0,241,0,0
1768227934177224,52931,14550,61.0,147,0,0
1768227934178782,52931,14550,64.0,11030,0,0
1768227934191489,58419,5760,,0,1,0
1768227934374636,52931,14550,48.0,163,0,0
1768227934379989,52931,14550,44.0,178,0,0
1768227934381638,52931,14550,48.0,30,0,0
1768227934384727,52931,14550,48.0,33,0,0
1768227934386045,52931,14550,39.0,74,0,0
1768227934390535,52931,14550,51.0,1,0,0
1768227934397161,52931,14550,22.0,125,0,0
1768227934400180,52931,14550,27.0,152,0,0
1768227934401549,52931,14550,42.0,62,0,0
1768227934405575,52931,14550,25.0,42,0,0
1768227934408777,52931,14550,32.0,36,0,0
1768227934411250,52931,14550,62.0,65,0,0
1768227934412911,52931,14550,49.0,27,0,0
1768227934415744,52931,14550,44.0,116,0,0
1768227934417210,52931,14550,42.0,129,0,0
1768227934419759,52931,14550,34.0,29,0,0
1768227934422655,52931,14550,34.0,137,0,0
1768227934424244,52931,14550,60.0,24,0,0
1768227934428261,52931,14550,53.0,124,0,0
1768227934430165,52931,14550,31.0,2,0,0
1768227934432817,52931,14550,64.0,164,0,0
1768227934434438,52931,14550,24.0,168,0,0
1768227934435923,52931,14550,42.0,136,0,0
1768227934437122,52931,14550,42.0,193,0,0
1768227934438867,52931,14550,48.0,32,0,0
1768227934440131,52931,14550,40.0,241,0,0
1768227934441930,52931,14550,61.0,147,0,0
1768227934443257,52931,14550,64.0,11030,0,0
1768227934448854,5760,58419,,0,1,0
1768227934449861,52931,14550,29.0,0,0,0
1768227934540638,5760,58419,,264,1,0
1768227934542018,52931,14550,47.0,264,0,0
1768227934626683,52931,14550,48.0,163,0,0
1768227934629631,52931,14550,44.0,178,0,0
1768227934631071,52931,14550,48.0,30,0,0
1768227934634501,52931,14550,48.0,33,0,0
1768227934636400,52931,14550,39.0,74,0,0
1768227934640949,52931,14550,51.0,1,0,0
1768227934646377,52931,14550,22.0,125,0,0
1768227934649867,52931,14550,27.0,152,0,0
1768227934651124,52931,14550,42.0,62,0,0
1768227934653723,52931,14550,25.0,42,0,0
1768227934656360,52931,14550,32.0,36,0,0
1768227934657656,52931,14550,62.0,65,0,0
1768227934659274,52931,14550,49.0,27,0,0
1768227934660708,52931,14550,44.0,116,0,0
1768227934662460,52931,14550,42.0,129,0,0
1768227934664595,52931,14550,34.0,29,0,0
1768227934667264,52931,14550,34.0,137,0,0
1768227934668785,52931,14550,60.0,24,0,0
1768227934670490,52931,14550,53.0,124,0,0
1768227934673406,52931,14550,31.0,2,0,0
1768227934674847,52931,14550,64.0,164,0,0
1768227934676291,52931,14550,24.0,168,0,0
1768227934677751,52931,14550,42.0,136,0,0
1768227934679225,52931,14550,42.0,193,0,0
1768227934684261,52931,14550,48.0,32,0,0
1768227934685653,52931,14550,40.0,241,0,0
1768227934687080,52931,14550,61.0,147,0,0
1768227934689042,52931,14550,64.0,11030,0,0
1768227934878246,52931,14550,48.0,163,0,0
1768227934880474,52931,14550,44.0,178,0,0
1768227934884410,52931,14550,48.0,30,0,0
1768227934887360,52931,14550,48.0,33,0,0
1768227934889401,52931,14550,39.0,74,0,0
1768227934895220,52931,14550,51.0,1,0,0
1768227934901616,52931,14550,22.0,125,0,0
1768227934904177,52931,14550,27.0,152,0,0
1768227934905433,52931,14550,42.0,62,0,0
1768227934909545,52931,14550,25.0,42,0,0
1768227934912131,52931,14550,32.0,36,0,0
1768227934914330,52931,14550,62.0,65,0,0
1768227934915912,52931,14550,49.0,27,0,0
1768227934917391,52931,14550,44.0,116,0,0
1768227934918943,52931,14550,42.0,129,0,0
1768227934920272,52931,14550,34.0,29,0,0
1768227934923401,52931,14550,34.0,137,0,0
1768227934925554,52931,14550,60.0,24,0,0
1768227934927961,52931,14550,53.0,124,0,0
1768227934931501,52931,14550,31.0,2,0,0
1768227934935608,52931,14550,64.0,164,0,0
1768227934937500,52931,14550,24.0,168,0,0
1768227934939808,52931,14550,42.0,136,0,0
1768227934941878,52931,14550,42.0,193,0,0
1768227934944554,52931,14550,48.0,32,0,0
1768227934946061,52931,14550,40.0,241,0,0
1768227934949308,52931,14550,61.0,147,0,0
1768227934952734,52931,14550,64.0,11030,0,0
1768227935045069,5760,58419,,264,1,0
1768227935046087,52931,14550,47.0,264,0,0
1768227935130069,52931,14550,48.0,163,0,0
1768227935131703,52931,14550,44.0,178,0,0
1768227935133591,52931,14550,48.0,30,0,0
1768227935135778,52931,14550,48.0,33,0,0
1768227935137738,52931,14550,39.0,74,0,0
1768227935141001,52931,14550,51.0,1,0,0
1768227935148231,52931,14550,22.0,125,0,0
1768227935149964,52931,14550,27.0,152,0,0
1768227935151303,52931,14550,42.0,62,0,0
1768227935154017,52931,14550,25.0,42,0,0
1768227935156731,52931,14550,32.0,36,0,0
1768227935158049,52931,14550,62.0,65,0,0
1768227935159438,52931,14550,49.0,27,0,0
1768227935160825,52931,14550,44.0,116,0,0
1768227935162338,52931,14550,42.0,129,0,0
1768227935164209,52931,14550,34.0,29,0,0
1768227935165770,52931,14550,34.0,137,0,0
1768227935167101,52931,14550,60.0,24,0,0
1768227935168869,52931,14550,53.0,124,0,0
1768227935170394,52931,14550,31.0,2,0,0
1768227935172152,52931,14550,64.0,164,0,0
1768227935174203,52931,14550,24.0,168,0,0
1768227935175586,52931,14550,42.0,136,0,0
1768227935177149,52931,14550,42.0,193,0,0
1768227935178780,52931,14550,48.0,32,0,0
1768227935179931,52931,14550,40.0,241,0,0
1768227935181234,52931,14550,61.0,147,0,0
1768227935182890,52931,14550,64.0,11030,0,0
1768227935195592,58419,5760,,0,1,0
1768227935384950,52931,14550,48.0,163,0,0
1768227935387094,52931,14550,44.0,178,0,0
1768227935388540,52931,14550,48.0,30,0,0
1768227935390899,52931,14550,48.0,33,0,0
1768227935393533,52931,14550,39.0,74,0,0
1768227935398114,52931,14550,51.0,1,0,0
1768227935404856,52931,14550,22.0,125,0,0
1768227935407695,52931,14550,27.0,152,0,0
1768227935409507,52931,14550,42.0,62,0,0
1768227935413111,52931,14550,25.0,42,0,0
1768227935416098,52931,14550,32.0,36,0,0
1768227935417375,52931,14550,62.0,65,0,0
1768227935420506,52931,14550,49.0,27,0,0
1768227935422560,52931,14550,44.0,116,0,0
1768227935425286,52931,14550,42.0,129,0,0
1768227935427307,52931,14550,34.0,29,0,0
1768227935432649,52931,14550,34.0,137,0,0
1768227935434265,52931,14550,60.0,24,0,0
1768227935439497,52931,14550,53.0,124,0,0
1768227935441233,52931,14550,31.0,2,0,0
1768227935443758,52931,14550,64.0,164,0,0
1768227935445495,52931,14550,24.0,168,0,0
1768227935448277,52931,14550,42.0,136,0,0
1768227935450343,52931,14550,42.0,193,0,0
1768227935451985,52931,14550,48.0,32,0,0
1768227935452909,5760,58419,,0,1,0
1768227935453711,52931,14550,40.0,241,0,0
1768227935455522,52931,14550,61.0,147,0,0
1768227935460190,52931,14550,64.0,11030,0,0
1768227935464299,52931,14550,29.0,0,0,0
1768227935549261,5760,58419,,264,1,0
1768227935550242,52931,14550,47.0,264,0,0
1768227935634246,52931,14550,48.0,163,0,0
1768227935637548,52931,14550,44.0,178,0,0
1768227935639598,52931,14550,48.0,30,0,0
1768227935642716,52931,14550,48.0,33,0,0
1768227935644935,52931,14550,39.0,74,0,0
1768227935651091,52931,14550,51.0,1,0,0
1768227935655944,52931,14550,22.0,125,0,0
1768227935658240,52931,14550,27.0,152,0,0
1768227935659946,52931,14550,42.0,62,0,0
1768227935662172,52931,14550,25.0,42,0,0
1768227935665057,52931,14550,32.0,36,0,0
1768227935667294,52931,14550,62.0,65,0,0
1768227935669304,52931,14550,49.0,27,0,0
1768227935670845,52931,14550,44.0,116,0,0
1768227935672954,52931,14550,42.0,129,0,0
1768227935675621,52931,14550,34.0,29,0,0
1768227935678035,52931,14550,34.0,137,0,0
1768227935680443,52931,14550,60.0,24,0,0
1768227935684053,52931,14550,53.0,124,0,0
1768227935686506,52931,14550,31.0,2,0,0
1768227935688257,52931,14550,64.0,164,0,0
1768227935689850,52931,14550,24.0,168,0,0
1768227935692306,52931,14550,42.0,136,0,0
1768227935694048,52931,14550,42.0,193,0,0
1768227935695968,52931,14550,48.0,32,0,0
1768227935697833,52931,14550,40.0,241,0,0
1768227935700297,52931,14550,61.0,147,0,0
1768227935702299,52931,14550,64.0,11030,0,0
1768227935884853,52931,14550,48.0,163,0,0
1768227935886979,52931,14550,44.0,178,0,0
1768227935889605,52931,14550,48.0,30,0,0
1768227935893870,52931,14550,48.0,33,0,0
1768227935897935,52931,14550,39.0,74,0,0
1768227935903366,52931,14550,51.0,1,0,0
1768227935910587,52931,14550,22.0,125,0,0
1768227935915142,52931,14550,27.0,152,0,0
1768227935916599,52931,14550,42.0,62,0,0
1768227935918585,52931,14550,25.0,42,0,0
1768227935921234,52931,14550,32.0,36,0,0
1768227935923275,52931,14550,62.0,65,0,0
1768227935924726,52931,14550,49.0,27,0,0
1768227935926234,52931,14550,44.0,116,0,0
1768227935927489,52931,14550,42.0,129,0,0
1768227935929191,52931,14550,34.0,29,0,0
1768227935931050,52931,14550,34.0,137,0,0
1768227935932533,52931,14550,60.0,24,0,0
1768227935934338,52931,14550,53.0,124,0,0
1768227935936293,52931,14550,31.0,2,0,0
1768227935937531,52931,14550,64.0,164,0,0
1768227935939052,52931,14550,24.0,168,0,0
1768227935940554,52931,14550,42.0,136,0,0
1768227935942270,52931,14550,42.0,193,0,0
1768227935943912,52931,14550,48.0,32,0,0
1768227935945392,52931,14550,40.0,241,0,0
1768227935947033,52931,14550,61.0,147,0,0
1768227935948390,52931,14550,64.0,11030,0,0
1768227936052544,5760,58419,,264,1,0
1768227936053634,52931,14550,47.0,264,0,0
1768227936137271,52931,14550,48.0,163,0,0
1768227936139495,52931,14550,44.0,178,0,0
1768227936141387,52931,14550,48.0,30,0,0
1768227936143312,52931,14550,48.0,33,0,0
1768227936146230,52931,14550,39.0,74,0,0
1768227936150281,52931,14550,51.0,1,0,0
1768227936155181,52931,14550,22.0,125,0,0
1768227936157014,52931,14550,27.0,152,0,0
1768227936158791,52931,14550,42.0,62,0,0
1768227936161555,52931,14550,25.0,42,0,0
1768227936164552,52931,14550,32.0,36,0,0
1768227936165984,52931,14550,62.0,65,0,0
1768227936167228,52931,14550,49.0,27,0,0
1768227936168455,52931,14550,44.0,116,0,0
1768227936169991,52931,14550,42.0,129,0,0
1768227936171186,52931,14550,34.0,29,0,0
1768227936172353,52931,14550,34.0,137,0,0
1768227936173953,52931,14550,60.0,24,0,0
1768227936175881,52931,14550,53.0,124,0,0
1768227936177639,52931,14550,31.0,2,0,0
1768227936178899,52931,14550,64.0,164,0,0
1768227936180393,52931,14550,24.0,168,0,0
1768227936181782,52931,14550,42.0,136,0,0
1768227936182990,52931,14550,42.0,193,0,0
1768227936184665,52931,14550,48.0,32,0,0
1768227936185873,52931,14550,40.0,241,0,0
1768227936187138,52931,14550,61.0,147,0,0
1768227936188743,52931,14550,64.0,11030,0,0
1768227936201652,58419,5760,,0,1,0
1768227936391130,52931,14550,48.0,163,0,0
1768227936394189,52931,14550,44.0,178,0,0
1768227936395968,52931,14550,48.0,30,0,0
1768227936399091,52931,14550,48.0,33,0,0
1768227936400969,52931,14550,39.0,74,0,0
1768227936404813,52931,14550,51.0,1,0,0
1768227936410688,52931,14550,22.0,125,0,0
1768227936412577,52931,14550,27.0,152,0,0
1768227936414322,52931,14550,42.0,62,0,0
1768227936416480,52931,14550,25.0,42,0,0
1768227936422976,52931,14550,32.0,36,0,0
1768227936424244,52931,14550,62.0,65,0,0
1768227936426363,52931,14550,49.0,27,0,0
1768227936428356,52931,14550,44.0,116,0,0
1768227936430078,52931,14550,42.0,129,0,0
1768227936433230,52931,14550,34.0,29,0,0
1768227936435187,52931,14550,34.0,137,0,0
1768227936438824,52931,14550,60.0,24,0,0
1768227936441853,52931,14550,53.0,124,0,0
1768227936444002,52931,14550,31.0,2,0,0
1768227936445796,52931,14550,64.0,164,0,0
1768227936447681,52931,14550,24.0,168,0,0
1768227936449866,52931,14550,42.0,136,0,0
1768227936451098,52931,14550,42.0,193,0,0
1768227936453225,52931,14550,48.0,32,0,0
1768227936454701,52931,14550,40.0,241,0,0
1768227936456551,52931,14550,61.0,147,0,0
1768227936458162,52931,14550,64.0,11030,0,0
1768227936458188,5760,58419,,0,1,0
1768227936462373,52931,14550,29.0,0,0,0
1768227936554387,5760,58419,,264,1,0
1768227936555479,52931,14550,47.0,264,0,0
1768227936641178,52931,14550,48.0,163,0,0
1768227936643474,52931,14550,44.0,178,0,0
1768227936646210,52931,14550,48.0,30,0,0
1768227936648428,52931,14550,48.0,33,0,0
1768227936650093,52931,14550,39.0,74,0,0
1768227936653093,52931,14550,51.0,1,0,0
1768227936655767,52931,14550,22.0,125,0,0
1768227936658052,52931,14550,27.0,152,0,0
1768227936659494,52931,14550,42.0,62,0,0
1768227936661562,52931,14550,25.0,42,0,0
1768227936664409,52931,14550,32.0,36,0,0
1768227936665968,52931,14550,62.0,65,0,0
1768227936667362,52931,14550,49.0,27,0,0
1768227936668686,52931,14550,44.0,116,0,0
1768227936670313,52931,14550,42.0,129,0,0
1768227936672667,52931,14550,34.0,29,0,0
1768227936674203,52931,14550,34.0,137,0,0
1768227936675633,52931,14550,60.0,24,0,0
1768227936677699,52931,14550,53.0,124,0,0
1768227936679732,52931,14550,31.0,2,0,0
1768227936681250,52931,14550,64.0,164,0,0
1768227936682461,52931,14550,24.0,168,0,0
1768227936684740,52931,14550,42.0,136,0,0
1768227936686055,52931,14550,42.0,193,0,0
1768227936687545,52931,14550,48.0,32,0,0
1768227936689006,52931,14550,40.0,241,0,0
1768227936690576,52931,14550,61.0,147,0,0
1768227936691861,52931,14550,64.0,11030,0,0
1768227936892958,52931,14550,48.0,163,0,0
1768227936896281,52931,14550,44.0,178,0,0
1768227936898105,52931,14550,48.0,30,0,0
1768227936900751,52931,14550,48.0,33,0,0
1768227936905760,52931,14550,39.0,74,0,0
1768227936911474,52931,14550,51.0,1,0,0
1768227936917347,52931,14550,22.0,125,0,0
1768227936919762,52931,14550,27.0,152,0,0
1768227936923343,52931,14550,42.0,62,0,0
1768227936927467,52931,14550,25.0,42,0,0
1768227936930368,52931,14550,32.0,36,0,0
1768227936931909,52931,14550,62.0,65,0,0
1768227936933203,52931,14550,49.0,27,0,0
1768227936935980,52931,14550,44.0,116,0,0
1768227936937851,52931,14550,42.0,129,0,0
1768227936940927,52931,14550,34.0,29,0,0
1768227936942698,52931,14550,34.0,137,0,0
1768227936944265,52931,14550,60.0,24,0,0
1768227936949312,52931,14550,53.0,124,0,0
1768227936951724,52931,14550,31.0,2,0,0
1768227936953616,52931,14550,64.0,164,0,0
1768227936954858,52931,14550,24.0,168,0,0
1768227936957031,52931,14550,42.0,136,0,0
1768227936961454,52931,14550,42.0,193,0,0
1768227936962939,52931,14550,48.0,32,0,0
1768227936965083,52931,14550,40.0,241,0,0
1768227936966792,52931,14550,61.0,147,0,0
1768227936969474,52931,14550,64.0,11030,0,0
1768227937054743,5760,58419,,264,1,0
1768227937056064,52931,14550,47.0,264,0,0
1768227937145536,52931,14550,48.0,163,0,0
1768227937148212,52931,14550,44.0,178,0,0
1768227937150130,52931,14550,48.0,30,0,0
1768227937152232,52931,14550,48.0,33,0,0
1768227937153673,52931,14550,39.0,74,0,0
1768227937157704,52931,14550,51.0,1,0,0
1768227937163910,52931,14550,22.0,125,0,0
1768227937165577,52931,14550,27.0,152,0,0
1768227937166869,52931,14550,42.0,62,0,0
1768227937169185,52931,14550,25.0,42,0,0
1768227937172005,52931,14550,32.0,36,0,0
1768227937173314,52931,14550,62.0,65,0,0
1768227937174609,52931,14550,49.0,27,0,0
1768227937176346,52931,14550,44.0,116,0,0
1768227937177957,52931,14550,42.0,129,0,0
1768227937179587,52931,14550,34.0,29,0,0
1768227937181293,52931,14550,34.0,137,0,0
1768227937182804,52931,14550,60.0,24,0,0
1768227937184638,52931,14550,53.0,124,0,0
1768227937186465,52931,14550,31.0,2,0,0
1768227937187749,52931,14550,64.0,164,0,0
1768227937189291,52931,14550,24.0,168,0,0
1768227937191154,52931,14550,42.0,136,0,0
1768227937192721,52931,14550,42.0,193,0,0
1768227937194434,52931,14550,48.0,32,0,0
1768227937195592,52931,14550,40.0,241,0,0
1768227937197155,52931,14550,61.0,147,0,0
1768227937198683,52931,14550,64.0,11030,0,0
1768227937211272,58419,5760,,0,1,0
1768227937393910,52931,14550,48.0,163,0,0
1768227937396915,52931,14550,44.0,178,0,0
1768227937399543,52931,14550,48.0,30,0,0
1768227937402247,52931,14550,48.0,33,0,0
1768227937405630,52931,14550,39.0,74,0,0
1768227937409729,52931,14550,51.0,1,0,0
1768227937419109,52931,14550,22.0,125,0,0
1768227937422228,52931,14550,27.0,152,0,0
1768227937423629,52931,14550,42.0,62,0,0
1768227937428914,52931,14550,25.0,42,0,0
1768227937432477,52931,14550,32.0,36,0,0
1768227937434087,52931,14550,62.0,65,0,0
1768227937435647,52931,14550,49.0,27,0,0
1768227937436982,52931,14550,44.0,116,0,0
1768227937438158,52931,14550,42.0,129,0,0
1768227937439844,52931,14550,34.0,29,0,0
1768227937441149,52931,14550,34.0,137,0,0
1768227937442569,52931,14550,60.0,24,0,0
1768227937444862,52931,14550,53.0,124,0,0
1768227937446467,52931,14550,31.0,2,0,0
1768227937448242,52931,14550,64.0,164,0,0
1768227937449488,52931,14550,24.0,168,0,0
1768227937451142,52931,14550,42.0,136,0,0
1768227937452527,52931,14550,42.0,193,0,0
1768227937454274,52931,14550,48.0,32,0,0
1768227937455751,52931,14550,40.0,241,0,0
1768227937457117,52931,14550,61.0,147,0,0
1768227937458659,52931,14550,64.0,11030,0,0
1768227937468003,5760,58419,,0,1,0
1768227937469045,52931,14550,29.0,0,0,0
1768227937558098,5760,58419,,264,1,0
1768227937559029,52931,14550,47.0,264,0,0
1768227937645237,52931,14550,48.0,163,0,0
1768227937648147,52931,14550,44.0,178,0,0
1768227937649935,52931,14550,48.0,30,0,0
1768227937653797,52931,14550,48.0,33,0,0
1768227937655440,52931,14550,39.0,74,0,0
1768227937658869,52931,14550,51.0,1,0,0
1768227937662498,52931,14550,22.0,125,0,0
1768227937664952,52931,14550,27.0,152,0,0
1768227937666858,52931,14550,42.0,62,0,0
1768227937669749,52931,14550,25.0,42,0,0
1768227937673911,52931,14550,32.0,36,0,0
1768227937675554,52931,14550,62.0,65,0,0
1768227937677272,52931,14550,49.0,27,0,0
1768227937678910,52931,14550,44.0,116,0,0
1768227937680621,52931,14550,42.0,129,0,0
1768227937681907,52931,14550,34.0,29,0,0
1768227937683430,52931,14550,34.0,137,0,0
1768227937684947,52931,14550,60.0,24,0,0
1768227937687676,52931,14550,53.0,124,0,0
1768227937690156,52931,14550,31.0,2,0,0
1768227937692112,52931,14550,64.0,164,0,0
1768227937694534,52931,14550,24.0,168,0,0
1768227937696336,52931,14550,42.0,136,0,0
1768227937698151,52931,14550,42.0,193,0,0
1768227937699594,52931,14550,48.0,32,0,0
1768227937701110,52931,14550,40.0,241,0,0
1768227937702593,52931,14550,61.0,147,0,0
1768227937704117,52931,14550,64.0,11030,0,0
1768227937896838,52931,14550,48.0,163,0,0
1768227937899927,52931,14550,44.0,178,0,0
1768227937902014,52931,14550,48.0,30,0,0
1768227937903911,52931,14550,48.0,33,0,0
1768227937905722,52931,14550,39.0,74,0,0
1768227937910558,52931,14550,51.0,1,0,0
1768227937916934,52931,14550,22.0,125,0,0
1768227937920155,52931,14550,27.0,152,0,0
1768227937921371,52931,14550,42.0,62,0,0
1768227937924863,52931,14550,25.0,42,0,0
1768227937930035,52931,14550,32.0,36,0,0
1768227937934775,52931,14550,62.0,65,0,0
1768227937936437,52931,14550,49.0,27,0,0
1768227937937637,52931,14550,44.0,116,0,0
1768227937939747,52931,14550,42.0,129,0,0
1768227937941405,52931,14550,34.0,29,0,0
1768227937942708,52931,14550,34.0,137,0,0
1768227937945862,52931,14550,60.0,24,0,0
1768227937948853,52931,14550,53.0,124,0,0
1768227937952150,52931,14550,31.0,2,0,0
1768227937955297,52931,14550,64.0,164,0,0
1768227937956539,52931,14550,24.0,168,0,0
1768227937959726,52931,14550,42.0,136,0,0
1768227937961070,52931,14550,42.0,193,0,0
1768227937962710,52931,14550,48.0,32,0,0
1768227937964175,52931,14550,40.0,241,0,0
1768227937965832,52931,14550,61.0,147,0,0
1768227937967309,52931,14550,64.0,11030,0,0
1768227938063292,5760,58419,,264,1,0
1768227938064390,52931,14550,47.0,264,0,0
1768227938146627,52931,14550,48.0,163,0,0
1768227938148595,52931,14550,44.0,178,0,0
1768227938150789,52931,14550,48.0,30,0,0
1768227938153164,52931,14550,48.0,33,0,0
1768227938155039,52931,14550,39.0,74,0,0
1768227938160097,52931,14550,51.0,1,0,0
1768227938163627,52931,14550,22.0,125,0,0
1768227938165317,52931,14550,27.0,152,0,0
1768227938166543,52931,14550,42.0,62,0,0
1768227938168784,52931,14550,25.0,42,0,0
1768227938171816,52931,14550,32.0,36,0,0
1768227938173234,52931,14550,62.0,65,0,0
1768227938175384,52931,14550,49.0,27,0,0
1768227938176990,52931,14550,44.0,116,0,0
1768227938178472,52931,14550,42.0,129,0,0
1768227938179773,52931,14550,34.0,29,0,0
1768227938181237,52931,14550,34.0,137,0,0
1768227938182570,52931,14550,60.0,24,0,0
1768227938184523,52931,14550,53.0,124,0,0
1768227938186646,52931,14550,31.0,2,0,0
1768227938188328,52931,14550,64.0,164,0,0
1768227938189913,52931,14550,24.0,168,0,0
1768227938191697,52931,14550,42.0,136,0,0
1768227938192951,52931,14550,42.0,193,0,0
1768227938194674,52931,14550,48.0,32,0,0
1768227938196017,52931,14550,40.0,241,0,0
1768227938197599,52931,14550,61.0,147,0,0
1768227938199008,52931,14550,64.0,11030,0,0
1768227938211494,58419,5760,,0,1,0
1768227938402710,52931,14550,48.0,163,0,0
1768227938404406,52931,14550,44.0,178,0,0
1768227938406332,52931,14550,48.0,30,0,0
1768227938410071,52931,14550,48.0,33,0,0
1768227938412254,52931,14550,39.0,74,0,0
1768227938417967,52931,14550,51.0,1,0,0
1768227938422694,52931,14550,22.0,125,0,0
1768227938427256,52931,14550,27.0,152,0,0
1768227938429320,52931,14550,42.0,62,0,0
1768227938434201,52931,14550,25.0,42,0,0
1768227938437344,52931,14550,32.0,36,0,0
1768227938440185,52931,14550,62.0,65,0,0
1768227938441671,52931,14550,49.0,27,0,0
1768227938443456,52931,14550,44.0,116,0,0
1768227938445714,52931,14550,42.0,129,0,0
1768227938448172,52931,14550,34.0,29,0,0
1768227938451695,52931,14550,34.0,137,0,0
1768227938453771,52931,14550,60.0,24,0,0
1768227938456246,52931,14550,53.0,124,0,0
1768227938458447,52931,14550,31.0,2,0,0
1768227938460850,52931,14550,64.0,164,0,0
1768227938462749,52931,14550,24.0,168,0,0
1768227938465150,52931,14550,42.0,136,0,0
1768227938467873,52931,14550,42.0,193,0,0
1768227938468955,5760,58419,,0,1,0
1768227938470591,52931,14550,48.0,32,0,0
1768227938473952,52931,14550,40.0,241,0,0
1768227938475465,52931,14550,61.0,147,0,0
1768227938479063,52931,14550,64.0,11030,0,0
1768227938482993,52931,14550,29.0,0,0,0
1768227938564267,5760,58419,,264,1,0
1768227938565385,52931,14550,47.0,264,0,0
1768227938651911,52931,14550,48.0,163,0,0
1768227938654515,52931,14550,44.0,178,0,0
1768227938655763,52931,14550,48.0,30,0,0
1768227938658298,52931,14550,48.0,33,0,0
1768227938662232,52931,14550,39.0,74,0,0
1768227938666372,52931,14550,51.0,1,0,0
1768227938669106,52931,14550,22.0,125,0,0
1768227938670644,52931,14550,27.0,152,0,0
1768227938671802,52931,14550,42.0,62,0,0
1768227938673952,52931,14550,25.0,42,0,0
1768227938676776,52931,14550,32.0,36,0,0
1768227938679074,52931,14550,62.0,65,0,0
1768227938680719,52931,14550,49.0,27,0,0
1768227938682102,52931,14550,44.0,116,0,0
1768227938683398,52931,14550,42.0,129,0,0
1768227938684633,52931,14550,34.0,29,0,0
1768227938686110,52931,14550,34.0,137,0,0
1768227938687353,52931,14550,60.0,24,0,0
1768227938689034,52931,14550,53.0,124,0,0
1768227938691210,52931,14550,31.0,2,0,0
1768227938693658,52931,14550,64.0,164,0,0
1768227938695404,52931,14550,24.0,168,0,0
1768227938697484,52931,14550,42.0,136,0,0
1768227938698726,52931,14550,42.0,193,0,0
1768227938700514,52931,14550,48.0,32,0,0
1768227938702144,52931,14550,40.0,241,0,0
1768227938703651,52931,14550,61.0,147,0,0
1768227938706171,52931,14550,64.0,11030,0,0
1768227938906976,52931,14550,48.0,163,0,0
1768227938909616,52931,14550,44.0,178,0,0
1768227938912291,52931,14550,48.0,30,0,0
1768227938915436,52931,14550,48.0,33,0,0
1768227938919681,52931,14550,39.0,74,0,0
1768227938924946,52931,14550,51.0,1,0,0
1768227938929177,52931,14550,22.0,125,0,0
1768227938933071,52931,14550,27.0,152,0,0
1768227938934312,52931,14550,42.0,62,0,0
1768227938937254,52931,14550,25.0,42,0,0
1768227938939841,52931,14550,32.0,36,0,0
1768227938941942,52931,14550,62.0,65,0,0
1768227938943420,52931,14550,49.0,27,0,0
1768227938945662,52931,14550,44.0,116,0,0
1768227938949428,52931,14550,42.0,129,0,0
1768227938951098,52931,14550,34.0,29,0,0
1768227938952873,52931,14550,34.0,137,0,0
1768227938954189,52931,14550,60.0,24,0,0
1768227938957237,52931,14550,53.0,124,0,0
1768227938959579,52931,14550,31.0,2,0,0
1768227938961265,52931,14550,64.0,164,0,0
1768227938962627,52931,14550,24.0,168,0,0
1768227938964543,52931,14550,42.0,136,0,0
1768227938966751,52931,14550,42.0,193,0,0
1768227938968346,52931,14550,48.0,32,0,0
1768227938969796,52931,14550,40.0,241,0,0
1768227938972417,52931,14550,61.0,147,0,0
1768227938974152,52931,14550,64.0,11030,0,0
1768227939068535,5760,58419,,264,1,0
1768227939069428,52931,14550,47.0,264,0,0
1768227939153409,52931,14550,48.0,163,0,0
1768227939156961,52931,14550,44.0,178,0,0
1768227939158196,52931,14550,48.0,30,0,0
1768227939160819,52931,14550,48.0,33,0,0
1768227939162472,52931,14550,39.0,74,0,0
1768227939165373,52931,14550,51.0,1,0,0
1768227939168717,52931,14550,22.0,125,0,0
1768227939171425,52931,14550,27.0,152,0,0
1768227939173394,52931,14550,42.0,62,0,0
1768227939175522,52931,14550,25.0,42,0,0
1768227939178702,52931,14550,32.0,36,0,0
1768227939179985,52931,14550,62.0,65,0,0
1768227939181558,52931,14550,49.0,27,0,0
1768227939182800,52931,14550,44.0,116,0,0
1768227939184388,52931,14550,42.0,129,0,0
1768227939185883,52931,14550,34.0,29,0,0
1768227939188000,52931,14550,34.0,137,0,0
1768227939189384,52931,14550,60.0,24,0,0
1768227939191483,52931,14550,53.0,124,0,0
1768227939193274,52931,14550,31.0,2,0,0
1768227939195184,52931,14550,64.0,164,0,0
1768227939196372,52931,14550,24.0,168,0,0
1768227939197899,52931,14550,42.0,136,0,0
1768227939199234,52931,14550,42.0,193,0,0
1768227939200889,52931,14550,48.0,32,0,0
1768227939202644,52931,14550,40.0,241,0,0
1768227939204248,52931,14550,61.0,147,0,0
1768227939205578,52931,14550,64.0,11030,0,0
1768227939218059,58419,5760,,0,1,0
1768227939404371,52931,14550,48.0,163,0,0
1768227939407170,52931,14550,44.0,178,0,0
1768227939408655,52931,14550,48.0,30,0,0
1768227939412102,52931,14550,48.0,33,0,0
1768227939413603,52931,14550,39.0,74,0,0
1768227939416534,52931,14550,51.0,1,0,0
1768227939422962,52931,14550,22.0,125,0,0
1768227939424973,52931,14550,27.0,152,0,0
1768227939426411,52931,14550,42.0,62,0,0
1768227939429864,52931,14550,25.0,42,0,0
1768227939433409,52931,14550,32.0,36,0,0
1768227939434685,52931,14550,62.0,65,0,0
1768227939436599,52931,14550,49.0,27,0,0
1768227939438665,52931,14550,44.0,116,0,0
1768227939442290,52931,14550,42.0,129,0,0
1768227939444110,52931,14550,34.0,29,0,0
1768227939445592,52931,14550,34.0,137,0,0
1768227939446838,52931,14550,60.0,24,0,0
1768227939449079,52931,14550,53.0,124,0,0
1768227939450758,52931,14550,31.0,2,0,0
1768227939453166,52931,14550,64.0,164,0,0
1768227939455484,52931,14550,24.0,168,0,0
1768227939457264,52931,14550,42.0,136,0,0
1768227939458448,52931,14550,42.0,193,0,0
1768227939461405,52931,14550,48.0,32,0,0
1768227939463971,52931,14550,40.0,241,0,0
1768227939466082,52931,14550,61.0,147,0,0
1768227939468065,52931,14550,64.0,11030,0,0
1768227939477678,5760,58419,,0,1,0
1768227939478716,52931,14550,29.0,0,0,0
1768227939570292,5760,58419,,264,1,0
1768227939571465,52931,14550,47.0,264,0,0
1768227939655029,52931,14550,48.0,163,0,0
1768227939656694,52931,14550,44.0,178,0,0
1768227939658639,52931,14550,48.0,30,0,0
1768227939661308,52931,14550,48.0,33,0,0
1768227939662882,52931,14550,39.0,74,0,0
1768227939667200,52931,14550,51.0,1,0,0
1768227939673542,52931,14550,22.0,125,0,0
1768227939675088,52931,14550,27.0,152,0,0
1768227939676228,52931,14550,42.0,62,0,0
1768227939677149,52931,14550,25.0,42,0,0
1768227939678066,52931,14550,32.0,36,0,0
1768227939678486,52931,14550,62.0,65,0,0
1768227939679016,52931,14550,49.0,27,0,0
1768227939679412,52931,14550,44.0,116,0,0
1768227939679930,52931,14550,42.0,129,0,0
1768227939680364,52931,14550,34.0,29,0,0
1768227939680875,52931,14550,34.0,137,0,0
1768227939681272,52931,14550,60.0,24,0,0
1768227939681998,52931,14550,53.0,124,0,0
1768227939682602,52931,14550,31.0,2,0,0
1768227939684127,52931,14550,64.0,164,0,0
1768227939684927,52931,14550,24.0,168,0,0
1768227939685540,52931,14550,42.0,136,0,0
1768227939686040,52931,14550,42.0,193,0,0
1768227939686489,52931,14550,48.0,32,0,0
1768227939686986,52931,14550,40.0,241,0,0
1768227939687401,52931,14550,61.0,147,0,0
1768227939687976,52931,14550,64.0,11030,0,0
1768227939688544,58419,5760,,76,1,0
1768227939689205,5760,58419,,253,1,0
1768227939689378,52931,14550,30.0,77,0,0
1768227939690386,52931,14550,29.0,0,0,0
1768227939691475,52931,14550,34.0,253,0,0
1768227939909447,52931,14550,48.0,163,0,0
1768227939914905,52931,14550,44.0,178,0,0
1768227939916475,52931,14550,48.0,30,0,0
1768227939919323,52931,14550,48.0,33,0,0
1768227939921343,52931,14550,39.0,74,0,0
1768227939924543,52931,14550,51.0,1,0,0
1768227939928892,52931,14550,22.0,125,0,0
1768227939931055,52931,14550,27.0,152,0,0
1768227939932355,52931,14550,45.0,62,0,0
1768227939934427,52931,14550,26.0,42,0,0
1768227939937657,52931,14550,32.0,36,0,0
1768227939939293,52931,14550,62.0,65,0,0
1768227939940646,52931,14550,49.0,27,0,0
1768227939942129,52931,14550,44.0,116,0,0
1768227939943565,52931,14550,42.0,129,0,0
1768227939944847,52931,14550,34.0,29,0,0
1768227939946412,52931,14550,34.0,137,0,0
1768227939947709,52931,14550,60.0,24,0,0
1768227939949558,52931,14550,53.0,124,0,0
1768227939951267,52931,14550,31.0,2,0,0
1768227939952748,52931,14550,64.0,164,0,0
1768227939954437,52931,14550,24.0,168,0,0
1768227939956016,52931,14550,42.0,136,0,0
1768227939957381,52931,14550,42.0,193,0,0
1768227939959016,52931,14550,48.0,32,0,0
1768227939960348,52931,14550,40.0,241,0,0
1768227939962105,52931,14550,70.0,87,0,0
1768227939964289,52931,14550,61.0,147,0,0
1768227939965581,52931,14550,64.0,11030,0,0
1768227940074289,5760,58419,,264,1,0
1768227940075557,52931,14550,47.0,264,0,0
1768227940158084,52931,14550,48.0,163,0,0
1768227940161554,52931,14550,44.0,178,0,0
1768227940162961,52931,14550,48.0,30,0,0
1768227940164889,52931,14550,48.0,33,0,0
1768227940166760,52931,14550,39.0,74,0,0
1768227940170307,52931,14550,51.0,1,0,0
1768227940173186,52931,14550,22.0,125,0,0
1768227940175212,52931,14550,27.0,152,0,0
1768227940176540,52931,14550,45.0,62,0,0
1768227940180011,52931,14550,26.0,42,0,0
1768227940182844,52931,14550,32.0,36,0,0
1768227940184197,52931,14550,62.0,65,0,0
1768227940185721,52931,14550,49.0,27,0,0
1768227940186946,52931,14550,44.0,116,0,0
1768227940188491,52931,14550,42.0,129,0,0
1768227940189930,52931,14550,34.0,29,0,0
1768227940191752,52931,14550,34.0,137,0,0
1768227940193018,52931,14550,60.0,24,0,0
1768227940194888,52931,14550,53.0,124,0,0
1768227940196889,52931,14550,31.0,2,0,0
1768227940198328,52931,14550,64.0,164,0,0
1768227940199554,52931,14550,24.0,168,0,0
1768227940200936,52931,14550,42.0,136,0,0
1768227940202349,52931,14550,42.0,193,0,0
1768227940204181,52931,14550,48.0,32,0,0
1768227940205788,52931,14550,40.0,241,0,0
1768227940207273,52931,14550,70.0,87,0,0
1768227940208731,52931,14550,61.0,147,0,0
1768227940210742,52931,14550,64.0,11030,0,0
1768227940224062,58419,5760,,0,1,0
1768227940412320,52931,14550,48.0,163,0,0
1768227940414187,52931,14550,44.0,178,0,0
1768227940415464,52931,14550,48.0,30,0,0
1768227940417961,52931,14550,48.0,33,0,0
1768227940419405,52931,14550,39.0,74,0,0
1768227940428271,52931,14550,51.0,1,0,0
1768227940433398,52931,14550,22.0,125,0,0
1768227940435374,52931,14550,27.0,152,0,0
1768227940437637,52931,14550,45.0,62,0,0
1768227940440729,52931,14550,26.0,42,0,0
1768227940445122,52931,14550,32.0,36,0,0
1768227940447619,52931,14550,62.0,65,0,0
1768227940452855,52931,14550,49.0,27,0,0
1768227940454472,52931,14550,44.0,116,0,0
1768227940456721,52931,14550,42.0,129,0,0
1768227940461356,52931,14550,34.0,29,0,0
1768227940463502,52931,14550,34.0,137,0,0
1768227940465031,52931,14550,60.0,24,0,0
1768227940468335,52931,14550,53.0,124,0,0
1768227940470203,52931,14550,31.0,2,0,0
1768227940474085,52931,14550,64.0,164,0,0
1768227940476368,52931,14550,24.0,168,0,0
1768227940479771,52931,14550,42.0,136,0,0
1768227940480890,5760,58419,,0,1,0
1768227940481332,52931,14550,42.0,193,0,0
1768227940483037,52931,14550,48.0,32,0,0
1768227940484855,52931,14550,40.0,241,0,0
1768227940486132,52931,14550,70.0,87,0,0
1768227940488157,52931,14550,61.0,147,0,0
1768227940490362,52931,14550,64.0,11030,0,0
1768227940496858,52931,14550,29.0,0,0,0
1768227940578375,5760,58419,,264,1,0
1768227940579792,52931,14550,47.0,264,0,0
1768227940665560,52931,14550,48.0,163,0,0
1768227940667306,52931,14550,44.0,178,0,0
1768227940669747,52931,14550,48.0,30,0,0
1768227940671635,52931,14550,48.0,33,0,0
1768227940673171,52931,14550,39.0,74,0,0
1768227940677667,52931,14550,51.0,1,0,0
1768227940680626,52931,14550,22.0,125,0,0
1768227940682307,52931,14550,27.0,152,0,0
1768227940683648,52931,14550,45.0,62,0,0
1768227940685765,52931,14550,26.0,42,0,0
1768227940688158,52931,14550,32.0,36,0,0
1768227940690301,52931,14550,62.0,65,0,0
1768227940692463,52931,14550,49.0,27,0,0
1768227940693794,52931,14550,44.0,116,0,0
1768227940695339,52931,14550,42.0,129,0,0
1768227940696905,52931,14550,34.0,29,0,0
1768227940698131,52931,14550,34.0,137,0,0
1768227940699366,52931,14550,60.0,24,0,0
1768227940701286,52931,14550,53.0,124,0,0
1768227940703367,52931,14550,31.0,2,0,0
1768227940704813,52931,14550,64.0,164,0,0
1768227940707191,52931,14550,24.0,168,0,0
1768227940708937,52931,14550,42.0,136,0,0
1768227940710664,52931,14550,42.0,193,0,0
1768227940712749,52931,14550,48.0,32,0,0
1768227940714038,52931,14550,40.0,241,0,0
1768227940715913,52931,14550,70.0,87,0,0
1768227940717482,52931,14550,61.0,147,0,0
1768227940720337,52931,14550,64.0,11030,0,0
1768227940914107,52931,14550,48.0,163,0,0
1768227940915969,52931,14550,44.0,178,0,0
1768227940921262,52931,14550,48.0,30,0,0
1768227940923435,52931,14550,48.0,33,0,0
1768227940925599,52931,14550,39.0,74,0,0
1768227940930476,52931,14550,51.0,1,0,0
1768227940939367,52931,14550,22.0,125,0,0
1768227940943012,52931,14550,27.0,152,0,0
1768227940947907,52931,14550,45.0,62,0,0
1768227940953075,52931,14550,26.0,42,0,0
1768227940958417,52931,14550,32.0,36,0,0
1768227940959724,52931,14550,62.0,65,0,0
1768227940961366,52931,14550,49.0,27,0,0
1768227940962774,52931,14550,44.0,116,0,0
1768227940964333,52931,14550,42.0,129,0,0
1768227940965529,52931,14550,34.0,29,0,0
1768227940967153,52931,14550,34.0,137,0,0
1768227940968532,52931,14550,60.0,24,0,0
1768227940970717,52931,14550,53.0,124,0,0
1768227940972797,52931,14550,31.0,2,0,0
1768227940974028,52931,14550,64.0,164,0,0
1768227940975570,52931,14550,24.0,168,0,0
1768227940977255,52931,14550,42.0,136,0,0
1768227940978440,52931,14550,42.0,193,0,0
1768227940980092,52931,14550,48.0,32,0,0
1768227940981422,52931,14550,40.0,241,0,0
1768227940982666,52931,14550,70.0,87,0,0
1768227940984492,52931,14550,61.0,147,0,0
1768227940986131,52931,14550,64.0,11030,0,0
1768227941077927,5760,58419,,264,1,0
1768227941079927,52931,14550,47.0,264,0,0
1768227941164731,52931,14550,48.0,163,0,0
1768227941167732,52931,14550,44.0,178,0,0
1768227941168981,52931,14550,48.0,30,0,0
1768227941171216,52931,14550,48.0,33,0,0
1768227941174561,52931,14550,39.0,74,0,0
1768227941177372,52931,14550,51.0,1,0,0
1768227941180883,52931,14550,22.0,125,0,0
1768227941183528,52931,14550,27.0,152,0,0
1768227941185071,52931,14550,45.0,62,0,0
1768227941186916,52931,14550,26.0,42,0,0
1768227941189672,52931,14550,32.0,36,0,0
1768227941190997,52931,14550,62.0,65,0,0
1768227941192839,52931,14550,49.0,27,0,0
1768227941195243,52931,14550,44.0,116,0,0
1768227941196967,52931,14550,42.0,129,0,0
1768227941198513,52931,14550,34.0,29,0,0
1768227941200086,52931,14550,34.0,137,0,0
1768227941201269,52931,14550,60.0,24,0,0
1768227941203828,52931,14550,53.0,124,0,0
1768227941205565,52931,14550,31.0,2,0,0
1768227941206832,52931,14550,64.0,164,0,0
1768227941208400,52931,14550,24.0,168,0,0
1768227941209790,52931,14550,42.0,136,0,0
1768227941211601,52931,14550,42.0,193,0,0
1768227941213095,52931,14550,48.0,32,0,0
1768227941214527,52931,14550,40.0,241,0,0
1768227941215935,52931,14550,70.0,87,0,0
1768227941217794,52931,14550,61.0,147,0,0
1768227941219649,52931,14550,64.0,11030,0,0
1768227941232212,58419,5760,,0,1,0
1768227941420197,52931,14550,48.0,163,0,0
1768227941422866,52931,14550,44.0,178,0,0
1768227941424525,52931,14550,48.0,30,0,0
1768227941426550,52931,14550,48.0,33,0,0
1768227941428417,52931,14550,39.0,74,0,0
1768227941433582,52931,14550,51.0,1,0,0
1768227941439178,52931,14550,22.0,125,0,0
1768227941441996,52931,14550,27.0,152,0,0
1768227941444369,52931,14550,45.0,62,0,0
1768227941449354,52931,14550,26.0,42,0,0
1768227941454409,52931,14550,32.0,36,0,0
1768227941456760,52931,14550,62.0,65,0,0
1768227941458123,52931,14550,49.0,27,0,0
1768227941460413,52931,14550,44.0,116,0,0
1768227941462199,52931,14550,42.0,129,0,0
1768227941464196,52931,14550,34.0,29,0,0
1768227941465973,52931,14550,34.0,137,0,0
1768227941469715,52931,14550,60.0,24,0,0
1768227941472197,52931,14550,53.0,124,0,0
1768227941474406,52931,14550,31.0,2,0,0
1768227941476442,52931,14550,64.0,164,0,0
1768227941478683,52931,14550,24.0,168,0,0
1768227941481401,52931,14550,42.0,136,0,0
1768227941483354,52931,14550,42.0,193,0,0
1768227941486515,52931,14550,48.0,32,0,0
1768227941488098,52931,14550,40.0,241,0,0
1768227941488520,5760,58419,,0,1,0
1768227941498646,52931,14550,70.0,87,0,0
1768227941500215,52931,14550,61.0,147,0,0
1768227941502184,52931,14550,64.0,11030,0,0
1768227941507048,52931,14550,29.0,0,0,0
1768227941582199,5760,58419,,264,1,0
1768227941583206,52931,14550,47.0,264,0,0
1768227941671524,52931,14550,48.0,163,0,0
1768227941673788,52931,14550,44.0,178,0,0
1768227941675616,52931,14550,48.0,30,0,0
1768227941680137,52931,14550,48.0,33,0,0
1768227941681883,52931,14550,39.0,74,0,0
1768227941685304,52931,14550,51.0,1,0,0
1768227941687871,52931,14550,22.0,125,0,0
1768227941689966,52931,14550,27.0,152,0,0
1768227941691686,52931,14550,45.0,62,0,0
1768227941694236,52931,14550,26.0,42,0,0
1768227941696560,52931,14550,32.0,36,0,0
1768227941697954,52931,14550,62.0,65,0,0
1768227941699526,52931,14550,49.0,27,0,0
1768227941700874,52931,14550,44.0,116,0,0
1768227941702551,52931,14550,42.0,129,0,0
1768227941703790,52931,14550,34.0,29,0,0
1768227941705365,52931,14550,34.0,137,0,0
1768227941706596,52931,14550,60.0,24,0,0
1768227941708276,52931,14550,53.0,124,0,0
1768227941710302,52931,14550,31.0,2,0,0
1768227941711470,52931,14550,64.0,164,0,0
1768227941712919,52931,14550,24.0,168,0,0
1768227941714726,52931,14550,42.0,136,0,0
1768227941715944,52931,14550,42.0,193,0,0
1768227941717740,52931,14550,48.0,32,0,0
1768227941719074,52931,14550,40.0,241,0,0
1768227941720674,52931,14550,70.0,87,0,0
1768227941722277,52931,14550,61.0,147,0,0
1768227941724160,52931,14550,64.0,11030,0,0
1768227941922283,52931,14550,48.0,163,0,0
1768227941925179,52931,14550,44.0,178,0,0
1768227941926579,52931,14550,48.0,30,0,0
1768227941928053,52931,14550,48.0,33,0,0
1768227941929488,52931,14550,39.0,74,0,0
1768227941932521,52931,14550,51.0,1,0,0
1768227941935264,52931,14550,22.0,125,0,0
1768227941938123,52931,14550,27.0,152,0,0
1768227941941324,52931,14550,45.0,62,0,0
1768227941943290,52931,14550,26.0,42,0,0
1768227941945360,52931,14550,32.0,36,0,0
1768227941946282,52931,14550,62.0,65,0,0
1768227941947217,52931,14550,49.0,27,0,0
1768227941948184,52931,14550,44.0,116,0,0
1768227941948662,52931,14550,42.0,129,0,0
1768227941949163,52931,14550,34.0,29,0,0
1768227941949711,52931,14550,34.0,137,0,0
1768227941950293,52931,14550,60.0,24,0,0
1768227941951282,52931,14550,53.0,124,0,0
1768227941951892,52931,14550,31.0,2,0,0
1768227941952533,52931,14550,64.0,164,0,0
1768227941952950,52931,14550,24.0,168,0,0
1768227941954035,52931,14550,42.0,136,0,0
1768227941955202,52931,14550,42.0,193,0,0
1768227941956126,52931,14550,48.0,32,0,0
1768227941956742,52931,14550,40.0,241,0,0
1768227941957477,52931,14550,70.0,87,0,0
1768227941958192,52931,14550,61.0,147,0,0
1768227941958984,52931,14550,64.0,11030,0,0
1768227942084162,5760,58419,,264,1,0
1768227942085173,52931,14550,47.0,264,0,0
1768227942145695,58419,5760,,66,1,0
1768227942171214,52931,14550,48.0,163,0,0
1768227942174441,52931,14550,44.0,178,0,0
1768227942176078,52931,14550,48.0,30,0,0
1768227942178159,52931,14550,48.0,33,0,0
1768227942180248,52931,14550,39.0,74,0,0
1768227942185800,52931,14550,51.0,1,0,0
1768227942189854,52931,14550,22.0,125,0,0
1768227942191791,52931,14550,27.0,152,0,0
1768227942193393,52931,14550,45.0,62,0,0
1768227942195256,52931,14550,26.0,42,0,0
1768227942198426,52931,14550,32.0,36,0,0
1768227942200251,52931,14550,62.0,65,0,0
1768227942201548,52931,14550,49.0,27,0,0
1768227942203233,52931,14550,44.0,116,0,0
1768227942204611,52931,14550,42.0,129,0,0
1768227942205867,52931,14550,34.0,29,0,0
1768227942207367,52931,14550,34.0,137,0,0
1768227942208620,52931,14550,60.0,24,0,0
1768227942210954,52931,14550,53.0,124,0,0
1768227942213057,52931,14550,31.0,2,0,0
1768227942214534,52931,14550,64.0,164,0,0
1768227942215711,52931,14550,24.0,168,0,0
1768227942217703,52931,14550,42.0,136,0,0
1768227942219035,52931,14550,42.0,193,0,0
1768227942220907,52931,14550,48.0,32,0,0
1768227942222064,52931,14550,40.0,241,0,0
1768227942223926,52931,14550,70.0,87,0,0
1768227942226234,52931,14550,61.0,147,0,0
1768227942228194,52931,14550,64.0,11030,0,0
1768227942241072,58419,5760,,0,1,0
1768227942425855,52931,14550,48.0,163,0,0
1768227942429694,52931,14550,44.0,178,0,0
1768227942432056,52931,14550,48.0,30,0,0
1768227942434926,52931,14550,48.0,33,0,0
1768227942436445,52931,14550,39.0,74,0,0
1768227942443041,52931,14550,51.0,1,0,0
1768227942449066,52931,14550,22.0,125,0,0
1768227942452980,52931,14550,27.0,152,0,0
1768227942454645,52931,14550,45.0,62,0,0
1768227942460534,52931,14550,26.0,42,0,0
1768227942464399,52931,14550,32.0,36,0,0
1768227942467032,52931,14550,62.0,65,0,0
1768227942470027,52931,14550,49.0,27,0,0
1768227942472461,52931,14550,44.0,116,0,0
1768227942474837,52931,14550,42.0,129,0,0
1768227942476321,52931,14550,34.0,29,0,0
1768227942478127,52931,14550,34.0,137,0,0
1768227942479697,52931,14550,60.0,24,0,0
1768227942481549,52931,14550,53.0,124,0,0
1768227942484463,52931,14550,31.0,2,0,0
1768227942488490,52931,14550,64.0,164,0,0
1768227942489091,5760,58419,,111,1,0
1768227942490983,52931,14550,24.0,168,0,0
1768227942493452,52931,14550,42.0,136,0,0
1768227942495137,52931,14550,42.0,193,0,0
1768227942496510,5760,58419,,0,1,0
1768227942497217,52931,14550,48.0,32,0,0
1768227942499645,52931,14550,40.0,241,0,0
1768227942502355,52931,14550,70.0,87,0,0
1768227942504476,52931,14550,61.0,147,0,0
1768227942506935,52931,14550,64.0,11030,0,0
1768227942512130,52931,14550,33.0,111,0,0
1768227942514592,52931,14550,29.0,0,0,0
1768227942590049,5760,58419,,264,1,0
1768227942591130,52931,14550,47.0,264,0,0
1768227942675983,52931,14550,48.0,163,0,0
1768227942677422,52931,14550,44.0,178,0,0
1768227942678397,52931,14550,48.0,30,0,0
1768227942680000,52931,14550,48.0,33,0,0
1768227942681033,52931,14550,39.0,74,0,0
1768227942682914,52931,14550,51.0,1,0,0
1768227942684256,52931,14550,22.0,125,0,0
1768227942685335,52931,14550,27.0,152,0,0
1768227942686064,52931,14550,45.0,62,0,0
1768227942687934,52931,14550,26.0,42,0,0
1768227942689316,52931,14550,32.0,36,0,0
1768227942690777,52931,14550,62.0,65,0,0
1768227942691575,52931,14550,49.0,27,0,0
1768227942692625,52931,14550,44.0,116,0,0
1768227942693337,52931,14550,42.0,129,0,0
1768227942694406,52931,14550,34.0,29,0,0
1768227942695961,52931,14550,34.0,137,0,0
1768227942697359,52931,14550,60.0,24,0,0
1768227942699533,52931,14550,53.0,124,0,0
1768227942701223,52931,14550,31.0,2,0,0
1768227942702249,52931,14550,64.0,164,0,0
1768227942702983,52931,14550,24.0,168,0,0
1768227942704127,52931,14550,42.0,136,0,0
1768227942705068,52931,14550,42.0,193,0,0
1768227942706223,52931,14550,48.0,32,0,0
1768227942707560,52931,14550,40.0,241,0,0
1768227942709264,52931,14550,70.0,87,0,0
1768227942710993,52931,14550,61.0,147,0,0
1768227942712650,52931,14550,64.0,11030,0,0
1768227942924640,52931,14550,48.0,163,0,0
1768227942925564,52931,14550,44.0,178,0,0
1768227942926135,52931,14550,48.0,30,0,0
1768227942927318,52931,14550,48.0,33,0,0
1768227942927946,52931,14550,39.0,74,0,0
1768227942928819,52931,14550,51.0,1,0,0
1768227942929358,52931,14550,22.0,125,0,0
1768227942929766,52931,14550,27.0,152,0,0
1768227942930064,52931,14550,45.0,62,0,0
1768227942930651,52931,14550,26.0,42,0,0
1768227942931722,52931,14550,32.0,36,0,0
1768227942932285,52931,14550,62.0,65,0,0
1768227942932960,52931,14550,49.0,27,0,0
1768227942933291,52931,14550,44.0,116,0,0
1768227942933763,52931,14550,42.0,129,0,0
1768227942934181,52931,14550,34.0,29,0,0
1768227942934642,52931,14550,34.0,137,0,0
1768227942935160,52931,14550,60.0,24,0,0
1768227942936008,52931,14550,53.0,124,0,0
1768227942936866,52931,14550,31.0,2,0,0
1768227942937205,52931,14550,64.0,164,0,0
1768227942937600,52931,14550,24.0,168,0,0
1768227942938384,52931,14550,42.0,136,0,0
1768227942938762,52931,14550,42.0,193,0,0
1768227942939177,52931,14550,48.0,32,0,0
1768227942939500,52931,14550,40.0,241,0,0
1768227942939937,52931,14550,70.0,87,0,0
1768227942940778,52931,14550,61.0,147,0,0
1768227942941188,52931,14550,64.0,11030,0,0
1768227943088339,5760,58419,,264,1,0
1768227943088792,52931,14550,47.0,264,0,0
1768227943174753,52931,14550,48.0,163,0,0
1768227943175397,52931,14550,44.0,178,0,0
1768227943176262,52931,14550,48.0,30,0,0
1768227943176805,52931,14550,48.0,33,0,0
1768227943178000,52931,14550,39.0,74,0,0
1768227943179097,52931,14550,51.0,1,0,0
1768227943179743,52931,14550,22.0,125,0,0
1768227943180239,52931,14550,27.0,152,0,0
1768227943180588,52931,14550,45.0,62,0,0
1768227943181081,52931,14550,26.0,42,0,0
1768227943181719,52931,14550,32.0,36,0,0
1768227943182264,52931,14550,62.0,65,0,0
1768227943182655,52931,14550,49.0,27,0,0
1768227943182992,52931,14550,44.0,116,0,0
1768227943183377,52931,14550,42.0,129,0,0
1768227943183751,52931,14550,34.0,29,0,0
1768227943184091,52931,14550,34.0,137,0,0
1768227943184496,52931,14550,60.0,24,0,0
1768227943184994,52931,14550,53.0,124,0,0
1768227943185360,52931,14550,31.0,2,0,0
1768227943185859,52931,14550,64.0,164,0,0
1768227943186170,52931,14550,24.0,168,0,0
1768227943186476,52931,14550,42.0,136,0,0
1768227943186840,52931,14550,42.0,193,0,0
1768227943187235,52931,14550,48.0,32,0,0
1768227943187534,52931,14550,40.0,241,0,0
1768227943187893,52931,14550,70.0,87,0,0
1768227943188241,52931,14550,61.0,147,0,0
1768227943188574,52931,14550,64.0,11030,0,0
1768227943242118,58419,5760,,0,1,0
1768227943425983,52931,14550,48.0,163,0,0
1768227943427937,52931,14550,44.0,178,0,0
1768227943429508,52931,14550,48.0,30,0,0
1768227943431247,52931,14550,48.0,33,0,0
1768227943432942,52931,14550,39.0,74,0,0
1768227943437113,52931,14550,51.0,1,0,0
1768227943442976,52931,14550,22.0,125,0,0
1768227943445915,52931,14550,27.0,152,0,0
1768227943447190,52931,14550,45.0,62,0,0
1768227943450087,52931,14550,26.0,42,0,0
1768227943456426,52931,14550,32.0,36,0,0
1768227943460165,52931,14550,62.0,65,0,0
1768227943461484,52931,14550,49.0,27,0,0
1768227943463081,52931,14550,44.0,116,0,0
1768227943466639,52931,14550,42.0,129,0,0
1768227943469415,52931,14550,34.0,29,0,0
1768227943471816,52931,14550,34.0,137,0,0
1768227943475280,52931,14550,60.0,24,0,0
1768227943483075,52931,14550,53.0,124,0,0
1768227943485964,52931,14550,31.0,2,0,0
1768227943488704,52931,14550,64.0,164,0,0
1768227943490451,52931,14550,24.0,168,0,0
1768227943492389,52931,14550,42.0,136,0,0
1768227943495199,52931,14550,42.0,193,0,0
1768227943496640,5760,58419,,0,1,0
1768227943496711,52931,14550,48.0,32,0,0
1768227943498367,52931,14550,40.0,241,0,0
1768227943499811,52931,14550,70.0,87,0,0
1768227943503728,52931,14550,61.0,147,0,0
1768227943505962,52931,14550,64.0,11030,0,0
1768227943509445,52931,14550,29.0,0,0,0
1768227943593357,5760,58419,,264,1,0
1768227943594164,52931,14550,47.0,264,0,0
1768227943677016,52931,14550,48.0,163,0,0
1768227943677752,52931,14550,44.0,178,0,0
1768227943678090,52931,14550,48.0,30,0,0
1768227943678760,52931,14550,48.0,33,0,0
1768227943679282,52931,14550,39.0,74,0,0
1768227943680654,52931,14550,51.0,1,0,0
1768227943682364,52931,14550,22.0,125,0,0
1768227943682850,52931,14550,27.0,152,0,0
1768227943683262,52931,14550,45.0,62,0,0
1768227943684047,52931,14550,26.0,42,0,0
1768227943684692,52931,14550,32.0,36,0,0
1768227943685140,52931,14550,62.0,65,0,0
1768227943685653,52931,14550,49.0,27,0,0
1768227943686104,52931,14550,44.0,116,0,0
1768227943686458,52931,14550,42.0,129,0,0
1768227943686754,52931,14550,34.0,29,0,0
1768227943687057,52931,14550,34.0,137,0,0
1768227943687553,52931,14550,60.0,24,0,0
1768227943688050,52931,14550,53.0,124,0,0
1768227943688645,52931,14550,31.0,2,0,0
1768227943689104,52931,14550,64.0,164,0,0
1768227943689524,52931,14550,24.0,168,0,0
1768227943690078,52931,14550,42.0,136,0,0
1768227943690552,52931,14550,42.0,193,0,0
1768227943691026,52931,14550,48.0,32,0,0
1768227943691535,52931,14550,40.0,241,0,0
1768227943691984,52931,14550,70.0,87,0,0
1768227943692450,52931,14550,61.0,147,0,0
1768227943692991,52931,14550,64.0,11030,0,0
1768227943921786,52931,14550,45.0,22,0,0
1768227943925793,52931,14550,45.0,22,0,0
1768227943930387,52931,14550,45.0,22,0,0
1768227943936778,52931,14550,45.0,22,0,0
1768227943942364,52931,14550,48.0,163,0,0
1768227943943666,52931,14550,44.0,178,0,0
1768227943947755,52931,14550,48.0,30,0,0
1768227943949545,52931,14550,48.0,33,0,0
1768227943954330,52931,14550,39.0,74,0,0
1768227943959605,52931,14550,51.0,1,0,0
1768227943962365,52931,14550,22.0,125,0,0
1768227943964364,52931,14550,27.0,152,0,0
1768227943965615,52931,14550,45.0,62,0,0
1768227943968165,52931,14550,26.0,42,0,0
1768227943971397,52931,14550,32.0,36,0,0
1768227943972685,52931,14550,62.0,65,0,0
1768227943974344,52931,14550,49.0,27,0,0
1768227943975809,52931,14550,44.0,116,0,0
1768227943977361,52931,14550,42.0,129,0,0
1768227943979157,52931,14550,34.0,29,0,0
1768227943980811,52931,14550,34.0,137,0,0
1768227943982545,52931,14550,60.0,24,0,0
1768227943984788,52931,14550,53.0,124,0,0
1768227943986754,52931,14550,31.0,2,0,0
1768227943988242,52931,14550,64.0,164,0,0
1768227943989642,52931,14550,24.0,168,0,0
1768227943991454,52931,14550,42.0,136,0,0
1768227943992657,52931,14550,42.0,193,0,0
1768227943994329,52931,14550,48.0,32,0,0
1768227943995651,52931,14550,40.0,241,0,0
1768227943997424,52931,14550,70.0,87,0,0
1768227943999239,52931,14550,61.0,147,0,0
1768227944000946,52931,14550,64.0,11030,0,0
1768227944092765,5760,58419,,264,1,0
1768227944094349,52931,14550,47.0,264,0,0
1768227944178925,52931,14550,48.0,163,0,0
1768227944181151,52931,14550,44.0,178,0,0
1768227944182475,52931,14550,48.0,30,0,0
1768227944185370,52931,14550,48.0,33,0,0
1768227944187123,52931,14550,39.0,74,0,0
1768227944191819,52931,14550,51.0,1,0,0
1768227944194078,52931,14550,22.0,125,0,0
1768227944195971,52931,14550,27.0,152,0,0
1768227944197316,52931,14550,45.0,62,0,0
1768227944200098,52931,14550,26.0,42,0,0
1768227944203110,52931,14550,32.0,36,0,0
1768227944204642,52931,14550,62.0,65,0,0
1768227944206015,52931,14550,49.0,27,0,0
1768227944207450,52931,14550,44.0,116,0,0
1768227944209076,52931,14550,42.0,129,0,0
1768227944210319,52931,14550,34.0,29,0,0
1768227944211823,52931,14550,34.0,137,0,0
1768227944213064,52931,14550,60.0,24,0,0
1768227944215567,52931,14550,53.0,124,0,0
1768227944217207,52931,14550,31.0,2,0,0
1768227944218404,52931,14550,64.0,164,0,0
1768227944219889,52931,14550,24.0,168,0,0
1768227944221276,52931,14550,42.0,136,0,0
1768227944222737,52931,14550,42.0,193,0,0
1768227944224212,52931,14550,48.0,32,0,0
1768227944225754,52931,14550,40.0,241,0,0
1768227944228062,52931,14550,70.0,87,0,0
1768227944229989,52931,14550,61.0,147,0,0
1768227944231262,52931,14550,64.0,11030,0,0
1768227944243935,58419,5760,,0,1,0
1768227944434428,52931,14550,48.0,163,0,0
1768227944437614,52931,14550,44.0,178,0,0
1768227944440587,52931,14550,48.0,30,0,0
1768227944443115,52931,14550,48.0,33,0,0
1768227944445250,52931,14550,39.0,74,0,0
1768227944450457,52931,14550,51.0,1,0,0
1768227944455422,52931,14550,22.0,125,0,0
1768227944458569,52931,14550,27.0,152,0,0
1768227944459877,52931,14550,45.0,62,0,0
1768227944464891,52931,14550,26.0,42,0,0
1768227944468057,52931,14550,32.0,36,0,0
1768227944471236,52931,14550,62.0,65,0,0
1768227944473738,52931,14550,49.0,27,0,0
1768227944477159,52931,14550,44.0,116,0,0
1768227944478995,52931,14550,42.0,129,0,0
1768227944480432,52931,14550,34.0,29,0,0
1768227944483528,52931,14550,34.0,137,0,0
1768227944487925,52931,14550,60.0,24,0,0
1768227944490725,52931,14550,53.0,124,0,0
1768227944492953,52931,14550,31.0,2,0,0
1768227944495225,52931,14550,64.0,164,0,0
1768227944498784,52931,14550,24.0,168,0,0
1768227944502566,52931,14550,42.0,136,0,0
1768227944503818,52931,14550,42.0,193,0,0
1768227944506312,5760,58419,,0,1,0
1768227944507161,52931,14550,48.0,32,0,0
1768227944508865,52931,14550,40.0,241,0,0
1768227944510541,52931,14550,70.0,87,0,0
1768227944512456,52931,14550,61.0,147,0,0
1768227944514463,52931,14550,64.0,11030,0,0
1768227944517145,52931,14550,29.0,0,0,0
1768227944599641,5760,58419,,264,1,0
1768227944600483,52931,14550,47.0,264,0,0
1768227944684856,52931,14550,48.0,163,0,0
1768227944688327,52931,14550,44.0,178,0,0
1768227944690294,52931,14550,48.0,30,0,0
1768227944692573,52931,14550,48.0,33,0,0
1768227944694331,52931,14550,39.0,74,0,0
1768227944697273,52931,14550,51.0,1,0,0
1768227944700253,52931,14550,22.0,125,0,0
1768227944701850,52931,14550,27.0,152,0,0
1768227944703367,52931,14550,45.0,62,0,0
1768227944705229,52931,14550,26.0,42,0,0
1768227944708112,52931,14550,32.0,36,0,0
1768227944709387,52931,14550,62.0,65,0,0
1768227944710631,52931,14550,49.0,27,0,0
1768227944712346,52931,14550,44.0,116,0,0
1768227944713815,52931,14550,42.0,129,0,0
1768227944715074,52931,14550,34.0,29,0,0
1768227944716431,52931,14550,34.0,137,0,0
1768227944717681,52931,14550,60.0,24,0,0
1768227944719382,52931,14550,53.0,124,0,0
1768227944721473,52931,14550,31.0,2,0,0
1768227944722779,52931,14550,64.0,164,0,0
1768227944724976,52931,14550,24.0,168,0,0
1768227944726605,52931,14550,42.0,136,0,0
1768227944727902,52931,14550,42.0,193,0,0
1768227944729375,52931,14550,48.0,32,0,0
1768227944731262,52931,14550,40.0,241,0,0
1768227944732813,52931,14550,70.0,87,0,0
1768227944734623,52931,14550,61.0,147,0,0
1768227944736476,52931,14550,64.0,11030,0,0
1768227944932373,52931,14550,48.0,163,0,0
1768227944936049,52931,14550,44.0,178,0,0
1768227944938322,52931,14550,48.0,30,0,0
1768227944940232,52931,14550,48.0,33,0,0
1768227944942583,52931,14550,39.0,74,0,0
1768227944948140,52931,14550,51.0,1,0,0
1768227944955899,52931,14550,22.0,125,0,0
1768227944958883,52931,14550,27.0,152,0,0
1768227944962892,52931,14550,45.0,62,0,0
1768227944967985,52931,14550,26.0,42,0,0
1768227944970701,52931,14550,32.0,36,0,0
1768227944972538,52931,14550,62.0,65,0,0
1768227944973764,52931,14550,49.0,27,0,0
1768227944975009,52931,14550,44.0,116,0,0
1768227944976610,52931,14550,42.0,129,0,0
1768227944978152,52931,14550,34.0,29,0,0
1768227944979330,52931,14550,34.0,137,0,0
1768227944980503,52931,14550,60.0,24,0,0
1768227944982429,52931,14550,53.0,124,0,0
1768227944984035,52931,14550,31.0,2,0,0
1768227944986066,52931,14550,64.0,164,0,0
1768227944987236,52931,14550,24.0,168,0,0
1768227944988843,52931,14550,42.0,136,0,0
1768227944990055,52931,14550,42.0,193,0,0
1768227944991493,52931,14550,48.0,32,0,0
1768227944993000,52931,14550,40.0,241,0,0
1768227944994465,52931,14550,70.0,87,0,0
1768227944996006,52931,14550,61.0,147,0,0
1768227944998899,52931,14550,64.0,11030,0,0
1768227945100376,5760,58419,,264,1,0
1768227945101428,52931,14550,47.0,264,0,0
1768227945186777,52931,14550,48.0,163,0,0
1768227945189232,52931,14550,44.0,178,0,0
1768227945192280,52931,14550,48.0,30,0,0
1768227945194615,52931,14550,48.0,33,0,0
1768227945196244,52931,14550,39.0,74,0,0
1768227945199510,52931,14550,51.0,1,0,0
1768227945202172,52931,14550,22.0,125,0,0
1768227945203622,52931,14550,27.0,152,0,0
1768227945204947,52931,14550,45.0,62,0,0
1768227945207080,52931,14550,26.0,42,0,0
1768227945210453,52931,14550,32.0,36,0,0
1768227945212040,52931,14550,62.0,65,0,0
1768227945213305,52931,14550,49.0,27,0,0
1768227945214832,52931,14550,44.0,116,0,0
1768227945216425,52931,14550,42.0,129,0,0
1768227945217759,52931,14550,34.0,29,0,0
1768227945219373,52931,14550,34.0,137,0,0
1768227945220839,52931,14550,60.0,24,0,0
1768227945222456,52931,14550,53.0,124,0,0
1768227945224421,52931,14550,31.0,2,0,0
1768227945225696,52931,14550,64.0,164,0,0
1768227945227573,52931,14550,24.0,168,0,0
1768227945229123,52931,14550,42.0,136,0,0
1768227945230530,52931,14550,42.0,193,0,0
1768227945232321,52931,14550,48.0,32,0,0
1768227945233719,52931,14550,40.0,241,0,0
1768227945235366,52931,14550,70.0,87,0,0
1768227945237480,52931,14550,61.0,147,0,0
1768227945238762,52931,14550,64.0,11030,0,0
1768227945251273,58419,5760,,0,1,0
1768227945438186,52931,14550,48.0,163,0,0
1768227945441661,52931,14550,44.0,178,0,0
1768227945443267,52931,14550,48.0,30,0,0
1768227945446797,52931,14550,48.0,33,0,0
1768227945449852,52931,14550,39.0,74,0,0
1768227945454573,52931,14550,51.0,1,0,0
1768227945459961,52931,14550,22.0,125,0,0
1768227945462281,52931,14550,27.0,152,0,0
1768227945464174,52931,14550,45.0,62,0,0
1768227945468183,52931,14550,26.0,42,0,0
1768227945471666,52931,14550,32.0,36,0,0
1768227945476292,52931,14550,62.0,65,0,0
1768227945477679,52931,14550,49.0,27,0,0
1768227945479463,52931,14550,44.0,116,0,0
1768227945481292,52931,14550,42.0,129,0,0
1768227945482718,52931,14550,34.0,29,0,0
1768227945484553,52931,14550,34.0,137,0,0
1768227945486196,52931,14550,60.0,24,0,0
1768227945489810,52931,14550,53.0,124,0,0
1768227945492607,52931,14550,31.0,2,0,0
1768227945493801,52931,14550,64.0,164,0,0
1768227945494982,52931,14550,24.0,168,0,0
1768227945499601,52931,14550,42.0,136,0,0
1768227945501342,52931,14550,42.0,193,0,0
1768227945504274,52931,14550,48.0,32,0,0
1768227945506684,52931,14550,40.0,241,0,0
1768227945508914,52931,14550,70.0,87,0,0
1768227945510999,52931,14550,61.0,147,0,0
1768227945512634,5760,58419,,0,1,0
1768227945513057,52931,14550,64.0,11030,0,0
1768227945516703,52931,14550,29.0,0,0,0
1768227945605657,5760,58419,,264,1,0
1768227945606821,52931,14550,47.0,264,0,0
1768227945689030,52931,14550,48.0,163,0,0
1768227945690837,52931,14550,44.0,178,0,0
1768227945692510,52931,14550,48.0,30,0,0
1768227945697392,52931,14550,48.0,33,0,0
1768227945698903,52931,14550,39.0,74,0,0
1768227945702776,52931,14550,51.0,1,0,0
1768227945705638,52931,14550,22.0,125,0,0
1768227945709009,52931,14550,27.0,152,0,0
1768227945710942,52931,14550,45.0,62,0,0
1768227945714262,52931,14550,26.0,42,0,0
1768227945717190,52931,14550,32.0,36,0,0
1768227945718598,52931,14550,62.0,65,0,0
1768227945720802,52931,14550,49.0,27,0,0
1768227945723558,52931,14550,44.0,116,0,0
1768227945725428,52931,14550,42.0,129,0,0
1768227945727249,52931,14550,34.0,29,0,0
1768227945728758,52931,14550,34.0,137,0,0
1768227945730118,52931,14550,60.0,24,0,0
1768227945732041,52931,14550,53.0,124,0,0
1768227945734772,52931,14550,31.0,2,0,0
1768227945737152,52931,14550,64.0,164,0,0
1768227945738700,52931,14550,24.0,168,0,0
1768227945740221,52931,14550,42.0,136,0,0
1768227945742192,52931,14550,42.0,193,0,0
1768227945744309,52931,14550,48.0,32,0,0
1768227945746232,52931,14550,40.0,241,0,0
1768227945747452,52931,14550,70.0,87,0,0
1768227945748927,52931,14550,61.0,147,0,0
1768227945751283,52931,14550,64.0,11030,0,0
1768227945939835,52931,14550,48.0,163,0,0
1768227945942409,52931,14550,44.0,178,0,0
1768227945944968,52931,14550,48.0,30,0,0
1768227945948182,52931,14550,48.0,33,0,0
1768227945949681,52931,14550,39.0,74,0,0
1768227945960491,52931,14550,51.0,1,0,0
1768227945966799,52931,14550,22.0,125,0,0
1768227945969479,52931,14550,27.0,152,0,0
1768227945974227,52931,14550,45.0,62,0,0
1768227945978136,52931,14550,26.0,42,0,0
1768227945982593,52931,14550,32.0,36,0,0
1768227945984992,52931,14550,62.0,65,0,0
1768227945986807,52931,14550,49.0,27,0,0
1768227945988048,52931,14550,44.0,116,0,0
1768227945989449,52931,14550,42.0,129,0,0
1768227945991320,52931,14550,34.0,29,0,0
1768227945992724,52931,14550,34.0,137,0,0
1768227945994558,52931,14550,60.0,24,0,0
1768227945996369,52931,14550,53.0,124,0,0
1768227945998484,52931,14550,31.0,2,0,0
1768227946000433,52931,14550,64.0,164,0,0
1768227946001985,52931,14550,24.0,168,0,0
1768227946003667,52931,14550,42.0,136,0,0
1768227946005183,52931,14550,42.0,193,0,0
1768227946006605,52931,14550,48.0,32,0,0
1768227946007903,52931,14550,40.0,241,0,0
1768227946009301,52931,14550,70.0,87,0,0
1768227946011320,52931,14550,61.0,147,0,0
1768227946013422,52931,14550,64.0,11030,0,0
1768227946108156,5760,58419,,264,1,0
1768227946109129,52931,14550,47.0,264,0,0
1768227946193380,52931,14550,48.0,163,0,0
1768227946195830,52931,14550,44.0,178,0,0
1768227946197948,52931,14550,48.0,30,0,0
1768227946200501,52931,14550,48.0,33,0,0
1768227946202961,52931,14550,39.0,74,0,0
1768227946205939,52931,14550,51.0,1,0,0
1768227946208882,52931,14550,22.0,125,0,0
1768227946210536,52931,14550,27.0,152,0,0
1768227946212699,52931,14550,45.0,62,0,0
1768227946215097,52931,14550,26.0,42,0,0
1768227946217379,52931,14550,32.0,36,0,0
1768227946218648,52931,14550,62.0,65,0,0
1768227946220314,52931,14550,49.0,27,0,0
1768227946221751,52931,14550,44.0,116,0,0
1768227946223191,52931,14550,42.0,129,0,0
1768227946224811,52931,14550,34.0,29,0,0
1768227946226289,52931,14550,34.0,137,0,0
1768227946227479,52931,14550,60.0,24,0,0
1768227946229091,52931,14550,53.0,124,0,0
1768227946231276,52931,14550,31.0,2,0,0
1768227946232500,52931,14550,64.0,164,0,0
1768227946234105,52931,14550,24.0,168,0,0
1768227946235652,52931,14550,42.0,136,0,0
1768227946237406,52931,14550,42.0,193,0,0
1768227946239230,52931,14550,48.0,32,0,0
1768227946241069,52931,14550,40.0,241,0,0
1768227946242243,52931,14550,70.0,87,0,0
1768227946243952,52931,14550,61.0,147,0,0
1768227946245362,52931,14550,64.0,11030,0,0
1768227946258668,58419,5760,,0,1,0
1768227946444726,52931,14550,48.0,163,0,0
1768227946446739,52931,14550,44.0,178,0,0
1768227946448720,52931,14550,48.0,30,0,0
1768227946455484,52931,14550,48.0,33,0,0
1768227946458332,52931,14550,39.0,74,0,0
1768227946463204,52931,14550,51.0,1,0,0
1768227946470251,52931,14550,22.0,125,0,0
1768227946473621,52931,14550,27.0,152,0,0
1768227946474969,52931,14550,45.0,62,0,0
1768227946478167,52931,14550,26.0,42,0,0
1768227946481012,52931,14550,32.0,36,0,0
1768227946489024,52931,14550,62.0,65,0,0
1768227946491856,52931,14550,49.0,27,0,0
1768227946493635,52931,14550,44.0,116,0,0
1768227946495716,52931,14550,42.0,129,0,0
1768227946497075,52931,14550,34.0,29,0,0
1768227946498858,52931,14550,34.0,137,0,0
1768227946501052,52931,14550,60.0,24,0,0
1768227946513487,52931,14550,53.0,124,0,0
1768227946515653,52931,14550,31.0,2,0,0
1768227946516888,5760,58419,,0,1,0
1768227946519056,52931,14550,64.0,164,0,0
1768227946521155,52931,14550,24.0,168,0,0
1768227946523528,52931,14550,42.0,136,0,0
1768227946526968,52931,14550,42.0,193,0,0
1768227946531143,52931,14550,48.0,32,0,0
1768227946538338,52931,14550,40.0,241,0,0
1768227946540304,52931,14550,70.0,87,0,0
1768227946543199,52931,14550,61.0,147,0,0
1768227946544881,52931,14550,64.0,11030,0,0
1768227946547313,52931,14550,29.0,0,0,0
1768227946611589,5760,58419,,264,1,0
1768227946612618,52931,14550,47.0,264,0,0
1768227946696009,52931,14550,48.0,163,0,0
1768227946697999,52931,14550,44.0,178,0,0
1768227946699891,52931,14550,48.0,30,0,0
1768227946702080,52931,14550,48.0,33,0,0
1768227946706132,52931,14550,39.0,74,0,0
1768227946708981,52931,14550,51.0,1,0,0
1768227946711284,52931,14550,22.0,125,0,0
1768227946712835,52931,14550,27.0,152,0,0
1768227946714069,52931,14550,45.0,62,0,0
1768227946716304,52931,14550,26.0,42,0,0
1768227946722253,52931,14550,32.0,36,0,0
1768227946724341,52931,14550,62.0,65,0,0
1768227946725460,52931,14550,49.0,27,0,0
1768227946726348,52931,14550,44.0,116,0,0
1768227946727393,52931,14550,42.0,129,0,0
1768227946728227,52931,14550,34.0,29,0,0
1768227946729173,52931,14550,34.0,137,0,0
1768227946730080,52931,14550,60.0,24,0,0
1768227946731705,52931,14550,53.0,124,0,0
1768227946733045,52931,14550,31.0,2,0,0
1768227946733791,52931,14550,64.0,164,0,0
1768227946734645,52931,14550,24.0,168,0,0
1768227946735394,52931,14550,42.0,136,0,0
1768227946736195,52931,14550,42.0,193,0,0
1768227946737014,52931,14550,48.0,32,0,0
1768227946737863,52931,14550,40.0,241,0,0
1768227946738572,52931,14550,70.0,87,0,0
1768227946739754,52931,14550,61.0,147,0,0
1768227946740688,52931,14550,64.0,11030,0,0
1768227946945032,52931,14550,48.0,163,0,0
1768227946948619,52931,14550,44.0,178,0,0
1768227946950541,52931,14550,48.0,30,0,0
1768227946953765,52931,14550,48.0,33,0,0
1768227946956968,52931,14550,39.0,74,0,0
1768227946962515,52931,14550,51.0,1,0,0
1768227946967289,52931,14550,22.0,125,0,0
1768227946969904,52931,14550,27.0,152,0,0
1768227946971344,52931,14550,45.0,62,0,0
1768227946976590,52931,14550,26.0,42,0,0
1768227946980457,52931,14550,32.0,36,0,0
1768227946982177,52931,14550,62.0,65,0,0
1768227946986636,52931,14550,49.0,27,0,0
1768227946988064,52931,14550,44.0,116,0,0
1768227946989656,52931,14550,42.0,129,0,0
1768227946991466,52931,14550,34.0,29,0,0
1768227946992670,52931,14550,34.0,137,0,0
1768227946994233,52931,14550,60.0,24,0,0
1768227946995893,52931,14550,53.0,124,0,0
1768227946997704,52931,14550,31.0,2,0,0
1768227946999374,52931,14550,64.0,164,0,0
1768227947000734,52931,14550,24.0,168,0,0
1768227947002422,52931,14550,42.0,136,0,0
1768227947004125,52931,14550,42.0,193,0,0
1768227947005633,52931,14550,48.0,32,0,0
1768227947006847,52931,14550,40.0,241,0,0
1768227947008529,52931,14550,70.0,87,0,0
1768227947010637,52931,14550,61.0,147,0,0
1768227947011923,52931,14550,64.0,11030,0,0
1768227947109680,5760,58419,,264,1,0
1768227947110799,52931,14550,47.0,264,0,0
1768227947201036,52931,14550,48.0,163,0,0
1768227947203127,52931,14550,44.0,178,0,0
1768227947204415,52931,14550,48.0,30,0,0
1768227947207569,52931,14550,48.0,33,0,0
1768227947209500,52931,14550,39.0,74,0,0
1768227947212932,52931,14550,51.0,1,0,0
1768227947215277,52931,14550,22.0,125,0,0
1768227947216840,52931,14550,27.0,152,0,0
1768227947218130,52931,14550,45.0,62,0,0
1768227947220922,52931,14550,26.0,42,0,0
1768227947223318,52931,14550,32.0,36,0,0
1768227947224863,52931,14550,62.0,65,0,0
1768227947226103,52931,14550,49.0,27,0,0
1768227947227240,52931,14550,44.0,116,0,0
1768227947228772,52931,14550,42.0,129,0,0
1768227947230009,52931,14550,34.0,29,0,0
1768227947231401,52931,14550,34.0,137,0,0
1768227947232882,52931,14550,60.0,24,0,0
1768227947234621,52931,14550,53.0,124,0,0
1768227947236281,52931,14550,31.0,2,0,0
1768227947237837,52931,14550,64.0,164,0,0
1768227947239327,52931,14550,24.0,168,0,0
1768227947240867,52931,14550,42.0,136,0,0
1768227947242498,52931,14550,42.0,193,0,0
1768227947244302,52931,14550,48.0,32,0,0
1768227947245665,52931,14550,40.0,241,0,0
1768227947247187,52931,14550,70.0,87,0,0
1768227947249499,52931,14550,61.0,147,0,0
1768227947251004,52931,14550,64.0,11030,0,0
1768227947264267,58419,5760,,0,1,0
1768227947452944,52931,14550,48.0,163,0,0
1768227947455099,52931,14550,44.0,178,0,0
1768227947457214,52931,14550,48.0,30,0,0
1768227947460676,52931,14550,48.0,33,0,0
1768227947463954,52931,14550,39.0,74,0,0
1768227947474004,52931,14550,51.0,1,0,0
1768227947483003,52931,14550,22.0,125,0,0
1768227947485809,52931,14550,27.0,152,0,0
1768227947487353,52931,14550,45.0,62,0,0
1768227947489473,52931,14550,26.0,42,0,0
1768227947492712,52931,14550,32.0,36,0,0
1768227947494280,52931,14550,62.0,65,0,0
1768227947495787,52931,14550,49.0,27,0,0
1768227947497306,52931,14550,44.0,116,0,0
1768227947499000,52931,14550,42.0,129,0,0
1768227947500431,52931,14550,34.0,29,0,0
1768227947501657,52931,14550,34.0,137,0,0
1768227947502814,52931,14550,60.0,24,0,0
1768227947504742,52931,14550,53.0,124,0,0
1768227947506215,52931,14550,31.0,2,0,0
1768227947508561,52931,14550,64.0,164,0,0
1768227947510238,52931,14550,24.0,168,0,0
1768227947511789,52931,14550,42.0,136,0,0
1768227947513267,52931,14550,42.0,193,0,0
1768227947514786,52931,14550,48.0,32,0,0
1768227947516128,52931,14550,40.0,241,0,0
1768227947517661,52931,14550,70.0,87,0,0
1768227947520127,52931,14550,61.0,147,0,0
1768227947521219,5760,58419,,0,1,0
1768227947521736,52931,14550,64.0,11030,0,0
1768227947524424,52931,14550,29.0,0,0,0
1768227947613046,5760,58419,,264,1,0
1768227947614023,52931,14550,47.0,264,0,0
1768227947702713,52931,14550,48.0,163,0,0
1768227947703960,52931,14550,44.0,178,0,0
1768227947706363,52931,14550,48.0,30,0,0
1768227947708342,52931,14550,48.0,33,0,0
1768227947710306,52931,14550,39.0,74,0,0
1768227947713887,52931,14550,51.0,1,0,0
1768227947716630,52931,14550,22.0,125,0,0
1768227947717776,52931,14550,27.0,152,0,0
1768227947718826,52931,14550,45.0,62,0,0
1768227947720693,52931,14550,26.0,42,0,0
1768227947722567,52931,14550,32.0,36,0,0
1768227947723581,52931,14550,62.0,65,0,0
1768227947724711,52931,14550,49.0,27,0,0
1768227947725609,52931,14550,44.0,116,0,0
1768227947726671,52931,14550,42.0,129,0,0
1768227947727761,52931,14550,34.0,29,0,0
1768227947728961,52931,14550,34.0,137,0,0
1768227947729992,52931,14550,60.0,24,0,0
1768227947731399,52931,14550,53.0,124,0,0
1768227947732622,52931,14550,31.0,2,0,0
1768227947733745,52931,14550,64.0,164,0,0
1768227947734824,52931,14550,24.0,168,0,0
1768227947735911,52931,14550,42.0,136,0,0
1768227947736945,52931,14550,42.0,193,0,0
1768227947738087,52931,14550,48.0,32,0,0
1768227947738912,52931,14550,40.0,241,0,0
1768227947740006,52931,14550,70.0,87,0,0
1768227947741509,52931,14550,61.0,147,0,0
1768227947742387,52931,14550,64.0,11030,0,0
1768227947869110,52931,14550,21.0,46,0,0
1768227947870800,52931,14550,39.0,253,0,0
1768227947873024,52931,14550,34.0,253,0,0
1768227947953016,52931,14550,48.0,163,0,0
1768227947955105,52931,14550,44.0,178,0,0
1768227947957685,52931,14550,48.0,30,0,0
1768227947960004,52931,14550,48.0,33,0,0
1768227947962888,52931,14550,39.0,74,0,0
1768227947966570,52931,14550,51.0,1,0,0
1768227947969897,52931,14550,22.0,125,0,0
1768227947971920,52931,14550,27.0,152,0,0
1768227947973180,52931,14550,45.0,62,0,0
1768227947976665,52931,14550,26.0,42,0,0
1768227947979859,52931,14550,32.0,36,0,0
1768227947981142,52931,14550,62.0,65,0,0
1768227947982531,52931,14550,49.0,27,0,0
1768227947984075,52931,14550,44.0,116,0,0
1768227947985313,52931,14550,42.0,129,0,0
1768227947986501,52931,14550,34.0,29,0,0
1768227947988190,52931,14550,34.0,137,0,0
1768227947989436,52931,14550,60.0,24,0,0
1768227947991357,52931,14550,53.0,124,0,0
1768227947993025,52931,14550,31.0,2,0,0
1768227947994265,52931,14550,64.0,164,0,0
1768227947995431,52931,14550,24.0,168,0,0
1768227947997167,52931,14550,42.0,136,0,0
1768227947998519,52931,14550,42.0,193,0,0
1768227948000274,52931,14550,48.0,32,0,0
1768227948001851,52931,14550,40.0,241,0,0
1768227948003177,52931,14550,70.0,87,0,0
1768227948005193,52931,14550,61.0,147,0,0
1768227948006691,52931,14550,64.0,11030,0,0
1768227948116004,5760,58419,,264,1,0
1768227948117075,52931,14550,47.0,264,0,0
1768227948206901,52931,14550,48.0,163,0,0
1768227948209683,52931,14550,44.0,178,0,0
1768227948212024,52931,14550,48.0,30,0,0
1768227948215007,52931,14550,48.0,33,0,0
1768227948216346,52931,14550,39.0,74,0,0
1768227948220250,52931,14550,51.0,1,0,0
1768227948225143,52931,14550,22.0,125,0,0
1768227948227545,52931,14550,27.0,152,0,0
1768227948229110,52931,14550,45.0,62,0,0
1768227948231042,52931,14550,26.0,42,0,0
1768227948233674,52931,14550,32.0,36,0,0
1768227948235425,52931,14550,62.0,65,0,0
1768227948237170,52931,14550,49.0,27,0,0
1768227948238792,52931,14550,44.0,116,0,0
1768227948240047,52931,14550,42.0,129,0,0
1768227948242463,52931,14550,34.0,29,0,0
1768227948244048,52931,14550,34.0,137,0,0
1768227948245292,52931,14550,60.0,24,0,0
1768227948247646,52931,14550,53.0,124,0,0
1768227948249910,52931,14550,31.0,2,0,0
1768227948251099,52931,14550,64.0,164,0,0
1768227948252766,52931,14550,24.0,168,0,0
1768227948254550,52931,14550,42.0,136,0,0
1768227948256227,52931,14550,42.0,193,0,0
1768227948258206,52931,14550,48.0,32,0,0
1768227948259908,52931,14550,40.0,241,0,0
1768227948261687,52931,14550,70.0,87,0,0
1768227948263308,52931,14550,61.0,147,0,0
1768227948265032,52931,14550,64.0,11030,0,0
1768227948266433,58419,5760,,0,1,0
1768227948453010,52931,14550,48.0,163,0,0
1768227948455589,52931,14550,44.0,178,0,0
1768227948457565,52931,14550,48.0,30,0,0
1768227948462020,52931,14550,48.0,33,0,0
1768227948464029,52931,14550,39.0,74,0,0
1768227948470142,52931,14550,51.0,1,0,0
1768227948478577,52931,14550,22.0,125,0,0
1768227948483203,52931,14550,27.0,152,0,0
1768227948484995,52931,14550,45.0,62,0,0
1768227948488524,52931,14550,26.0,42,0,0
1768227948493948,52931,14550,32.0,36,0,0
1768227948495592,52931,14550,62.0,65,0,0
1768227948497414,52931,14550,49.0,27,0,0
1768227948499199,52931,14550,44.0,116,0,0
1768227948500968,52931,14550,42.0,129,0,0
1768227948502769,52931,14550,34.0,29,0,0
1768227948504404,52931,14550,34.0,137,0,0
1768227948505945,52931,14550,60.0,24,0,0
1768227948508422,52931,14550,53.0,124,0,0
1768227948510169,52931,14550,31.0,2,0,0
1768227948511771,52931,14550,64.0,164,0,0
1768227948513208,52931,14550,24.0,168,0,0
1768227948514662,52931,14550,42.0,136,0,0
1768227948516278,52931,14550,42.0,193,0,0
1768227948517781,52931,14550,48.0,32,0,0
1768227948519145,52931,14550,40.0,241,0,0
1768227948520697,52931,14550,70.0,87,0,0
1768227948522750,52931,14550,61.0,147,0,0
1768227948525741,5760,58419,,0,1,0
1768227948526355,52931,14550,64.0,11030,0,0
1768227948530356,52931,14550,29.0,0,0,0
1768227948620543,5760,58419,,264,1,0
1768227948621767,52931,14550,47.0,264,0,0
1768227948707700,52931,14550,48.0,163,0,0
1768227948709894,52931,14550,44.0,178,0,0
1768227948712118,52931,14550,48.0,30,0,0
1768227948716514,52931,14550,48.0,33,0,0
1768227948718496,52931,14550,39.0,74,0,0
1768227948721383,52931,14550,51.0,1,0,0
1768227948724946,52931,14550,22.0,125,0,0
1768227948729000,52931,14550,27.0,152,0,0
1768227948730338,52931,14550,45.0,62,0,0
1768227948732518,52931,14550,26.0,42,0,0
1768227948735272,52931,14550,32.0,36,0,0
1768227948736648,52931,14550,62.0,65,0,0
1768227948738550,52931,14550,49.0,27,0,0
1768227948740265,52931,14550,44.0,116,0,0
1768227948741668,52931,14550,42.0,129,0,0
1768227948744355,52931,14550,34.0,29,0,0
1768227948746540,52931,14550,34.0,137,0,0
1768227948748129,52931,14550,60.0,24,0,0
1768227948751100,52931,14550,53.0,124,0,0
1768227948753420,52931,14550,31.0,2,0,0
1768227948755265,52931,14550,64.0,164,0,0
1768227948756570,52931,14550,24.0,168,0,0
1768227948759335,52931,14550,42.0,136,0,0
1768227948761628,52931,14550,42.0,193,0,0
1768227948763782,52931,14550,48.0,32,0,0
1768227948765322,52931,14550,40.0,241,0,0
1768227948766639,52931,14550,70.0,87,0,0
1768227948768416,52931,14550,61.0,147,0,0
1768227948770223,52931,14550,64.0,11030,0,0
1768227948955464,52931,14550,48.0,163,0,0
1768227948958513,52931,14550,44.0,178,0,0
1768227948959946,52931,14550,48.0,30,0,0
1768227948963670,52931,14550,48.0,33,0,0
1768227948966020,52931,14550,39.0,74,0,0
1768227948972799,52931,14550,51.0,1,0,0
1768227948978573,52931,14550,22.0,125,0,0
1768227948980902,52931,14550,27.0,152,0,0
1768227948984483,52931,14550,45.0,62,0,0
1768227948990480,52931,14550,26.0,42,0,0
1768227948994155,52931,14550,32.0,36,0,0
1768227948997595,52931,14550,62.0,65,0,0
1768227948999269,52931,14550,49.0,27,0,0
1768227949000769,52931,14550,44.0,116,0,0
1768227949002304,52931,14550,42.0,129,0,0
1768227949003687,52931,14550,34.0,29,0,0
1768227949005155,52931,14550,34.0,137,0,0
1768227949006458,52931,14550,60.0,24,0,0
1768227949008540,52931,14550,53.0,124,0,0
1768227949010736,52931,14550,31.0,2,0,0
1768227949012895,52931,14550,64.0,164,0,0
1768227949014414,52931,14550,24.0,168,0,0
1768227949016076,52931,14550,42.0,136,0,0
1768227949017317,52931,14550,42.0,193,0,0
1768227949018995,52931,14550,48.0,32,0,0
1768227949020487,52931,14550,40.0,241,0,0
1768227949021756,52931,14550,70.0,87,0,0
1768227949023124,52931,14550,61.0,147,0,0
1768227949025332,52931,14550,64.0,11030,0,0
1768227949125735,5760,58419,,264,1,0
1768227949127042,52931,14550,47.0,264,0,0
1768227949212431,52931,14550,48.0,163,0,0
1768227949214749,52931,14550,44.0,178,0,0
1768227949216652,52931,14550,48.0,30,0,0
1768227949219559,52931,14550,48.0,33,0,0
1768227949220915,52931,14550,39.0,74,0,0
1768227949226282,52931,14550,51.0,1,0,0
1768227949229260,52931,14550,22.0,125,0,0
1768227949231093,52931,14550,27.0,152,0,0
1768227949232435,52931,14550,45.0,62,0,0
1768227949234642,52931,14550,26.0,42,0,0
1768227949237980,52931,14550,32.0,36,0,0
1768227949239561,52931,14550,62.0,65,0,0
1768227949241195,52931,14550,49.0,27,0,0
1768227949242835,52931,14550,44.0,116,0,0
1768227949244428,52931,14550,42.0,129,0,0
1768227949245861,52931,14550,34.0,29,0,0
1768227949247066,52931,14550,34.0,137,0,0
1768227949248211,52931,14550,60.0,24,0,0
1768227949250790,52931,14550,53.0,124,0,0
1768227949252360,52931,14550,31.0,2,0,0
1768227949253634,52931,14550,64.0,164,0,0
1768227949254863,52931,14550,24.0,168,0,0
1768227949256521,52931,14550,42.0,136,0,0
1768227949257919,52931,14550,42.0,193,0,0
1768227949259454,52931,14550,48.0,32,0,0
1768227949260904,52931,14550,40.0,241,0,0
1768227949262521,52931,14550,70.0,87,0,0
1768227949264235,52931,14550,61.0,147,0,0
1768227949265659,52931,14550,64.0,11030,0,0
1768227949267036,58419,5760,,0,1,0
1768227949464729,52931,14550,48.0,163,0,0
1768227949466531,52931,14550,44.0,178,0,0
1768227949468664,52931,14550,48.0,30,0,0
1768227949470341,52931,14550,48.0,33,0,0
1768227949473100,52931,14550,39.0,74,0,0
1768227949478102,52931,14550,51.0,1,0,0
1768227949485047,52931,14550,22.0,125,0,0
1768227949488743,52931,14550,27.0,152,0,0
1768227949492128,52931,14550,45.0,62,0,0
1768227949496766,52931,14550,26.0,42,0,0
1768227949501746,52931,14550,32.0,36,0,0
1768227949502993,52931,14550,62.0,65,0,0
1768227949505589,52931,14550,49.0,27,0,0
1768227949507837,52931,14550,44.0,116,0,0
1768227949510497,52931,14550,42.0,129,0,0
1768227949512411,52931,14550,34.0,29,0,0
1768227949514275,52931,14550,34.0,137,0,0
1768227949516878,52931,14550,60.0,24,0,0
1768227949518808,52931,14550,53.0,124,0,0
1768227949521363,52931,14550,31.0,2,0,0
1768227949523528,52931,14550,64.0,164,0,0
1768227949527711,52931,14550,24.0,168,0,0
1768227949529136,52931,14550,42.0,136,0,0
1768227949530663,52931,14550,42.0,193,0,0
1768227949532215,52931,14550,48.0,32,0,0
1768227949534339,52931,14550,40.0,241,0,0
1768227949534720,5760,58419,,0,1,0
1768227949537646,52931,14550,70.0,87,0,0
1768227949540041,52931,14550,61.0,147,0,0
1768227949541902,52931,14550,64.0,11030,0,0
1768227949545086,52931,14550,29.0,0,0,0
1768227949627204,5760,58419,,264,1,0
1768227949628390,52931,14550,47.0,264,0,0
1768227949712888,52931,14550,48.0,163,0,0
1768227949715205,52931,14550,44.0,178,0,0
1768227949717349,52931,14550,48.0,30,0,0
1768227949719762,52931,14550,48.0,33,0,0
1768227949721927,52931,14550,39.0,74,0,0
1768227949726339,52931,14550,51.0,1,0,0
1768227949732510,52931,14550,22.0,125,0,0
1768227949734789,52931,14550,27.0,152,0,0
1768227949736070,52931,14550,45.0,62,0,0
1768227949739393,52931,14550,26.0,42,0,0
1768227949743135,52931,14550,32.0,36,0,0
1768227949745284,52931,14550,62.0,65,0,0
1768227949746767,52931,14550,49.0,27,0,0
1768227949748031,52931,14550,44.0,116,0,0
1768227949749461,52931,14550,42.0,129,0,0
1768227949750913,52931,14550,34.0,29,0,0
1768227949752447,52931,14550,34.0,137,0,0
1768227949753688,52931,14550,60.0,24,0,0
1768227949755686,52931,14550,53.0,124,0,0
1768227949757572,52931,14550,31.0,2,0,0
1768227949759321,52931,14550,64.0,164,0,0
1768227949760893,52931,14550,24.0,168,0,0
1768227949762705,52931,14550,42.0,136,0,0
1768227949765078,52931,14550,42.0,193,0,0
1768227949766934,52931,14550,48.0,32,0,0
1768227949769006,52931,14550,40.0,241,0,0
1768227949770273,52931,14550,70.0,87,0,0
1768227949772365,52931,14550,61.0,147,0,0
1768227949773808,52931,14550,64.0,11030,0,0
1768227949965023,52931,14550,48.0,163,0,0
1768227949967258,52931,14550,44.0,178,0,0
1768227949970395,52931,14550,48.0,30,0,0
1768227949974492,52931,14550,48.0,33,0,0
1768227949977397,52931,14550,39.0,74,0,0
1768227949981909,52931,14550,51.0,1,0,0
1768227949990603,52931,14550,22.0,125,0,0
1768227949992612,52931,14550,27.0,152,0,0
1768227949995070,52931,14550,45.0,62,0,0
1768227949997630,52931,14550,26.0,42,0,0
1768227950000332,52931,14550,32.0,36,0,0
1768227950001654,52931,14550,62.0,65,0,0
1768227950003286,52931,14550,49.0,27,0,0
1768227950004483,52931,14550,44.0,116,0,0
1768227950006025,52931,14550,42.0,129,0,0
1768227950007198,52931,14550,34.0,29,0,0
1768227950008412,52931,14550,34.0,137,0,0
1768227950009905,52931,14550,60.0,24,0,0
1768227950011711,52931,14550,53.0,124,0,0
1768227950013603,52931,14550,31.0,2,0,0
1768227950015004,52931,14550,64.0,164,0,0
1768227950016410,52931,14550,24.0,168,0,0
1768227950018029,52931,14550,42.0,136,0,0
1768227950019268,52931,14550,42.0,193,0,0
1768227950020930,52931,14550,48.0,32,0,0
1768227950022449,52931,14550,40.0,241,0,0
1768227950024380,52931,14550,70.0,87,0,0
1768227950025871,52931,14550,61.0,147,0,0
1768227950027665,52931,14550,64.0,11030,0,0
1768227950132742,5760,58419,,264,1,0
1768227950133814,52931,14550,47.0,264,0,0
1768227950217984,52931,14550,48.0,163,0,0
1768227950219836,52931,14550,44.0,178,0,0
1768227950221641,52931,14550,48.0,30,0,0
1768227950225151,52931,14550,48.0,33,0,0
1768227950228701,52931,14550,39.0,74,0,0
1768227950231786,52931,14550,51.0,1,0,0
1768227950234340,52931,14550,22.0,125,0,0
1768227950236871,52931,14550,27.0,152,0,0
1768227950238437,52931,14550,45.0,62,0,0
1768227950240734,52931,14550,26.0,42,0,0
1768227950243275,52931,14550,32.0,36,0,0
1768227950245000,52931,14550,62.0,65,0,0
1768227950246588,52931,14550,49.0,27,0,0
1768227950248469,52931,14550,44.0,116,0,0
1768227950249899,52931,14550,42.0,129,0,0
1768227950251537,52931,14550,34.0,29,0,0
1768227950253126,52931,14550,34.0,137,0,0
1768227950254540,52931,14550,60.0,24,0,0
1768227950256497,52931,14550,53.0,124,0,0
1768227950258459,52931,14550,31.0,2,0,0
1768227950260504,52931,14550,64.0,164,0,0
1768227950262444,52931,14550,24.0,168,0,0
1768227950263910,52931,14550,42.0,136,0,0
1768227950265355,52931,14550,42.0,193,0,0
1768227950266843,52931,14550,48.0,32,0,0
1768227950268304,52931,14550,40.0,241,0,0
1768227950269668,52931,14550,70.0,87,0,0
1768227950271114,52931,14550,61.0,147,0,0
1768227950272864,52931,14550,64.0,11030,0,0
1768227950275076,58419,5760,,0,1,0
1768227950465387,52931,14550,48.0,163,0,0
1768227950467725,52931,14550,44.0,178,0,0
1768227950469109,52931,14550,48.0,30,0,0
1768227950471570,52931,14550,48.0,33,0,0
1768227950473206,52931,14550,39.0,74,0,0
1768227950477868,52931,14550,51.0,1,0,0
1768227950484662,52931,14550,22.0,125,0,0
1768227950487647,52931,14550,27.0,152,0,0
1768227950489581,52931,14550,45.0,62,0,0
1768227950492962,52931,14550,26.0,42,0,0
1768227950495586,52931,14550,32.0,36,0,0
1768227950497273,52931,14550,62.0,65,0,0
1768227950499294,52931,14550,49.0,27,0,0
1768227950501495,52931,14550,44.0,116,0,0
1768227950503500,52931,14550,42.0,129,0,0
1768227950504985,52931,14550,34.0,29,0,0
1768227950506711,52931,14550,34.0,137,0,0
1768227950507988,52931,14550,60.0,24,0,0
1768227950510947,52931,14550,53.0,124,0,0
1768227950513780,52931,14550,31.0,2,0,0
1768227950515985,52931,14550,64.0,164,0,0
1768227950518340,52931,14550,24.0,168,0,0
1768227950519937,52931,14550,42.0,136,0,0
1768227950521593,52931,14550,42.0,193,0,0
1768227950523505,52931,14550,48.0,32,0,0
1768227950525073,52931,14550,40.0,241,0,0
1768227950526263,52931,14550,70.0,87,0,0
1768227950529584,52931,14550,61.0,147,0,0
1768227950532136,52931,14550,64.0,11030,0,0
1768227950540273,5760,58419,,0,1,0
1768227950541297,52931,14550,29.0,0,0,0
1768227950633209,5760,58419,,264,1,0
1768227950634197,52931,14550,47.0,264,0,0
1768227950721040,52931,14550,48.0,163,0,0
1768227950723349,52931,14550,44.0,178,0,0
1768227950724410,52931,14550,48.0,30,0,0
1768227950726296,52931,14550,48.0,33,0,0
1768227950727272,52931,14550,39.0,74,0,0
1768227950728711,52931,14550,51.0,1,0,0
1768227950730042,52931,14550,22.0,125,0,0
1768227950731151,52931,14550,27.0,152,0,0
1768227950731857,52931,14550,45.0,62,0,0
1768227950733310,52931,14550,26.0,42,0,0
1768227950734666,52931,14550,32.0,36,0,0
1768227950735570,52931,14550,62.0,65,0,0
1768227950736431,52931,14550,49.0,27,0,0
1768227950737531,52931,14550,44.0,116,0,0
1768227950739217,52931,14550,42.0,129,0,0
1768227950740330,52931,14550,34.0,29,0,0
1768227950741178,52931,14550,34.0,137,0,0
1768227950742350,52931,14550,60.0,24,0,0
1768227950743541,52931,14550,53.0,124,0,0
1768227950744615,52931,14550,31.0,2,0,0
1768227950745675,52931,14550,64.0,164,0,0
1768227950746363,52931,14550,24.0,168,0,0
1768227950747319,52931,14550,42.0,136,0,0
1768227950748038,52931,14550,42.0,193,0,0
1768227950748843,52931,14550,48.0,32,0,0
1768227950749709,52931,14550,40.0,241,0,0
1768227950750437,52931,14550,70.0,87,0,0
1768227950751752,52931,14550,61.0,147,0,0
1768227950752470,52931,14550,64.0,11030,0,0
1768227950969527,52931,14550,48.0,163,0,0
1768227950970804,52931,14550,44.0,178,0,0
1768227950972077,52931,14550,48.0,30,0,0
1768227950973220,52931,14550,48.0,33,0,0
1768227950975087,52931,14550,39.0,74,0,0
1768227950979022,52931,14550,51.0,1,0,0
1768227950982186,52931,14550,22.0,125,0,0
1768227950983496,52931,14550,27.0,152,0,0
1768227950985321,52931,14550,45.0,62,0,0
1768227950986798,52931,14550,26.0,42,0,0
1768227950989203,52931,14550,32.0,36,0,0
1768227950989949,52931,14550,62.0,65,0,0
1768227950993192,52931,14550,49.0,27,0,0
1768227950994001,52931,14550,44.0,116,0,0
1768227950995163,52931,14550,42.0,129,0,0
1768227950995926,52931,14550,34.0,29,0,0
1768227950997407,52931,14550,34.0,137,0,0
1768227950998087,52931,14550,60.0,24,0,0
1768227951000007,52931,14550,53.0,124,0,0
1768227951001074,52931,14550,31.0,2,0,0
1768227951002238,52931,14550,64.0,164,0,0
1768227951003171,52931,14550,24.0,168,0,0
1768227951004146,52931,14550,42.0,136,0,0
1768227951005071,52931,14550,42.0,193,0,0
1768227951005896,52931,14550,48.0,32,0,0
1768227951007427,52931,14550,40.0,241,0,0
1768227951008751,52931,14550,70.0,87,0,0
1768227951009980,52931,14550,61.0,147,0,0
1768227951011435,52931,14550,64.0,11030,0,0
1768227951137170,5760,58419,,264,1,0
1768227951138019,52931,14550,47.0,264,0,0
1768227951222577,52931,14550,48.0,163,0,0
1768227951223796,52931,14550,44.0,178,0,0
1768227951225599,52931,14550,48.0,30,0,0
1768227951227813,52931,14550,48.0,33,0,0
1768227951229117,52931,14550,39.0,74,0,0
1768227951231208,52931,14550,51.0,1,0,0
1768227951235263,52931,14550,22.0,125,0,0
1768227951236636,52931,14550,27.0,152,0,0
1768227951237479,52931,14550,45.0,62,0,0
1768227951239941,52931,14550,26.0,42,0,0
1768227951242285,52931,14550,32.0,36,0,0
1768227951243210,52931,14550,62.0,65,0,0
1768227951244312,52931,14550,49.0,27,0,0
1768227951245275,52931,14550,44.0,116,0,0
1768227951246179,52931,14550,42.0,129,0,0
1768227951247049,52931,14550,34.0,29,0,0
1768227951248159,52931,14550,34.0,137,0,0
1768227951249081,52931,14550,60.0,24,0,0
1768227951250685,52931,14550,53.0,124,0,0
1768227951252037,52931,14550,31.0,2,0,0
1768227951252993,52931,14550,64.0,164,0,0
1768227951254260,52931,14550,24.0,168,0,0
1768227951255280,52931,14550,42.0,136,0,0
1768227951256149,52931,14550,42.0,193,0,0
1768227951257253,52931,14550,48.0,32,0,0
1768227951258210,52931,14550,40.0,241,0,0
1768227951259080,52931,14550,70.0,87,0,0
1768227951260219,52931,14550,61.0,147,0,0
1768227951261574,52931,14550,64.0,11030,0,0
1768227951285352,58419,5760,,0,1,0
1768227951474342,52931,14550,48.0,163,0,0
1768227951476882,52931,14550,44.0,178,0,0
1768227951478114,52931,14550,48.0,30,0,0
1768227951480879,52931,14550,48.0,33,0,0
1768227951483142,52931,14550,39.0,74,0,0
1768227951488447,52931,14550,51.0,1,0,0
1768227951495544,52931,14550,22.0,125,0,0
1768227951498267,52931,14550,27.0,152,0,0
1768227951499529,52931,14550,45.0,62,0,0
1768227951502632,52931,14550,26.0,42,0,0
1768227951505145,52931,14550,32.0,36,0,0
1768227951507515,52931,14550,62.0,65,0,0
1768227951509314,52931,14550,49.0,27,0,0
1768227951511151,52931,14550,44.0,116,0,0
1768227951513025,52931,14550,42.0,129,0,0
1768227951515365,52931,14550,34.0,29,0,0
1768227951516735,52931,14550,34.0,137,0,0
1768227951518280,52931,14550,60.0,24,0,0
1768227951521371,52931,14550,53.0,124,0,0
1768227951523770,52931,14550,31.0,2,0,0
1768227951526719,52931,14550,64.0,164,0,0
1768227951529302,52931,14550,24.0,168,0,0
1768227951532435,52931,14550,42.0,136,0,0
1768227951534599,52931,14550,42.0,193,0,0
1768227951538608,52931,14550,48.0,32,0,0
1768227951540758,52931,14550,40.0,241,0,0
1768227951544804,52931,14550,70.0,87,0,0
1768227951546281,5760,58419,,0,1,0
1768227951546764,52931,14550,61.0,147,0,0
1768227951552310,52931,14550,64.0,11030,0,0
1768227951557965,52931,14550,29.0,0,0,0
1768227951638027,5760,58419,,264,1,0
1768227951639401,52931,14550,47.0,264,0,0
1768227951723535,52931,14550,48.0,163,0,0
1768227951725231,52931,14550,44.0,178,0,0
1768227951728109,52931,14550,48.0,30,0,0
1768227951730705,52931,14550,48.0,33,0,0
1768227951733904,52931,14550,39.0,74,0,0
1768227951737135,52931,14550,51.0,1,0,0
1768227951743347,52931,14550,22.0,125,0,0
1768227951746201,52931,14550,27.0,152,0,0
1768227951747491,52931,14550,45.0,62,0,0
1768227951750936,52931,14550,26.0,42,0,0
1768227951756228,52931,14550,32.0,36,0,0
1768227951759203,52931,14550,62.0,65,0,0
1768227951761313,52931,14550,49.0,27,0,0
1768227951762737,52931,14550,44.0,116,0,0
1768227951764554,52931,14550,42.0,129,0,0
1768227951767267,52931,14550,34.0,29,0,0
1768227951769862,52931,14550,34.0,137,0,0
1768227951771560,52931,14550,60.0,24,0,0
1768227951775167,52931,14550,53.0,124,0,0
1768227951782800,52931,14550,31.0,2,0,0
1768227951784690,52931,14550,64.0,164,0,0
1768227951786550,52931,14550,24.0,168,0,0
1768227951788397,52931,14550,42.0,136,0,0
1768227951790234,52931,14550,42.0,193,0,0
1768227951793278,52931,14550,48.0,32,0,0
1768227951794862,52931,14550,40.0,241,0,0
1768227951796208,52931,14550,70.0,87,0,0
1768227951798202,52931,14550,61.0,147,0,0
1768227951799670,52931,14550,64.0,11030,0,0
1768227951977085,52931,14550,48.0,163,0,0
1768227951979458,52931,14550,44.0,178,0,0
1768227951982377,52931,14550,48.0,30,0,0
1768227951989382,52931,14550,48.0,33,0,0
1768227951992253,52931,14550,39.0,74,0,0
1768227951998350,52931,14550,51.0,1,0,0
1768227952005072,52931,14550,22.0,125,0,0
1768227952008807,52931,14550,27.0,152,0,0
1768227952010594,52931,14550,45.0,62,0,0
1768227952014882,52931,14550,26.0,42,0,0
1768227952020407,52931,14550,32.0,36,0,0
1768227952023431,52931,14550,62.0,65,0,0
1768227952024758,52931,14550,49.0,27,0,0
1768227952025902,52931,14550,44.0,116,0,0
1768227952027737,52931,14550,42.0,129,0,0
1768227952028596,52931,14550,34.0,29,0,0
1768227952029457,52931,14550,34.0,137,0,0
1768227952031024,52931,14550,60.0,24,0,0
1768227952032775,52931,14550,53.0,124,0,0
1768227952033625,52931,14550,31.0,2,0,0
1768227952034229,52931,14550,64.0,164,0,0
1768227952034847,52931,14550,24.0,168,0,0
1768227952035808,52931,14550,42.0,136,0,0
1768227952036595,52931,14550,42.0,193,0,0
1768227952037485,52931,14550,48.0,32,0,0
1768227952038202,52931,14550,40.0,241,0,0
1768227952039048,52931,14550,70.0,87,0,0
1768227952040090,52931,14550,61.0,147,0,0
1768227952040865,52931,14550,64.0,11030,0,0
1768227952140029,5760,58419,,264,1,0
1768227952140506,52931,14550,47.0,264,0,0
1768227952229582,52931,14550,48.0,163,0,0
1768227952232895,52931,14550,44.0,178,0,0
1768227952234308,52931,14550,48.0,30,0,0
1768227952236625,52931,14550,48.0,33,0,0
1768227952238252,52931,14550,39.0,74,0,0
1768227952241660,52931,14550,51.0,1,0,0
1768227952244199,52931,14550,22.0,125,0,0
1768227952246124,52931,14550,27.0,152,0,0
1768227952247371,52931,14550,45.0,62,0,0
1768227952249805,52931,14550,26.0,42,0,0
1768227952253290,52931,14550,32.0,36,0,0
1768227952255159,52931,14550,62.0,65,0,0
1768227952257074,52931,14550,49.0,27,0,0
1768227952258805,52931,14550,44.0,116,0,0
1768227952260696,52931,14550,42.0,129,0,0
1768227952262772,52931,14550,34.0,29,0,0
1768227952264208,52931,14550,34.0,137,0,0
1768227952265913,52931,14550,60.0,24,0,0
1768227952268233,52931,14550,53.0,124,0,0
1768227952270708,52931,14550,31.0,2,0,0
1768227952272439,52931,14550,64.0,164,0,0
1768227952274696,52931,14550,24.0,168,0,0
1768227952277291,52931,14550,42.0,136,0,0
1768227952278812,52931,14550,42.0,193,0,0
1768227952280677,52931,14550,48.0,32,0,0
1768227952282383,52931,14550,40.0,241,0,0
1768227952284221,52931,14550,70.0,87,0,0
1768227952286394,52931,14550,61.0,147,0,0
1768227952288500,52931,14550,64.0,11030,0,0
1768227952290283,58419,5760,,0,1,0
1768227952479916,52931,14550,48.0,163,0,0
1768227952483707,52931,14550,44.0,178,0,0
1768227952485710,52931,14550,48.0,30,0,0
1768227952489786,52931,14550,48.0,33,0,0
1768227952491995,52931,14550,39.0,74,0,0
1768227952499190,52931,14550,51.0,1,0,0
1768227952505298,52931,14550,22.0,125,0,0
1768227952508935,52931,14550,27.0,152,0,0
1768227952510979,52931,14550,45.0,62,0,0
1768227952513900,52931,14550,26.0,42,0,0
1768227952517894,52931,14550,32.0,36,0,0
1768227952520437,52931,14550,62.0,65,0,0
1768227952522873,52931,14550,49.0,27,0,0
1768227952526550,52931,14550,44.0,116,0,0
1768227952528548,52931,14550,42.0,129,0,0
1768227952531877,52931,14550,34.0,29,0,0
1768227952533298,52931,14550,34.0,137,0,0
1768227952535265,52931,14550,60.0,24,0,0
1768227952538512,52931,14550,53.0,124,0,0
1768227952540859,52931,14550,31.0,2,0,0
1768227952543010,52931,14550,64.0,164,0,0
1768227952546063,5760,58419,,111,1,0
1768227952546287,52931,14550,24.0,168,0,0
1768227952549761,52931,14550,42.0,136,0,0
1768227952552758,5760,58419,,0,1,0
1768227952553449,52931,14550,42.0,193,0,0
1768227952556555,52931,14550,48.0,32,0,0
1768227952560669,52931,14550,40.0,241,0,0
1768227952562872,52931,14550,70.0,87,0,0
1768227952566014,52931,14550,61.0,147,0,0
1768227952568594,52931,14550,64.0,11030,0,0
1768227952574332,52931,14550,33.0,111,0,0
1768227952578204,52931,14550,29.0,0,0,0
1768227952645843,5760,58419,,264,1,0
1768227952647302,52931,14550,47.0,264,0,0
1768227952727434,52931,14550,48.0,163,0,0
1768227952730419,52931,14550,44.0,178,0,0
1768227952733341,52931,14550,48.0,30,0,0
1768227952737544,52931,14550,48.0,33,0,0
1768227952741720,52931,14550,39.0,74,0,0
1768227952745721,52931,14550,51.0,1,0,0
1768227952749431,52931,14550,22.0,125,0,0
1768227952751276,52931,14550,27.0,152,0,0
1768227952753078,52931,14550,45.0,62,0,0
1768227952755795,52931,14550,26.0,42,0,0
1768227952759080,52931,14550,32.0,36,0,0
1768227952760700,52931,14550,62.0,65,0,0
1768227952762398,52931,14550,49.0,27,0,0
1768227952763591,52931,14550,44.0,116,0,0
1768227952765137,52931,14550,42.0,129,0,0
1768227952766466,52931,14550,34.0,29,0,0
1768227952768818,52931,14550,34.0,137,0,0
1768227952771418,52931,14550,60.0,24,0,0
1768227952774432,52931,14550,53.0,124,0,0
1768227952777329,52931,14550,31.0,2,0,0
1768227952778573,52931,14550,64.0,164,0,0
1768227952780132,52931,14550,24.0,168,0,0
1768227952781781,52931,14550,42.0,136,0,0
1768227952783024,52931,14550,42.0,193,0,0
1768227952784440,52931,14550,48.0,32,0,0
1768227952791941,52931,14550,40.0,241,0,0
1768227952794186,52931,14550,70.0,87,0,0
1768227952796220,52931,14550,61.0,147,0,0
1768227952798024,52931,14550,64.0,11030,0,0
1768227952980072,52931,14550,48.0,163,0,0
1768227952981420,52931,14550,44.0,178,0,0
1768227952983464,52931,14550,48.0,30,0,0
1768227952985929,52931,14550,48.0,33,0,0
1768227952987708,52931,14550,39.0,74,0,0
1768227952990977,52931,14550,51.0,1,0,0
1768227952995673,52931,14550,22.0,125,0,0
1768227952998138,52931,14550,27.0,152,0,0
1768227952999055,52931,14550,45.0,62,0,0
1768227953001274,52931,14550,26.0,42,0,0
1768227953004247,52931,14550,32.0,36,0,0
1768227953005429,52931,14550,62.0,65,0,0
1768227953006622,52931,14550,49.0,27,0,0
1768227953008730,52931,14550,44.0,116,0,0
1768227953010476,52931,14550,42.0,129,0,0
1768227953012393,52931,14550,34.0,29,0,0
1768227953013460,52931,14550,34.0,137,0,0
1768227953016335,52931,14550,60.0,24,0,0
1768227953018344,52931,14550,53.0,124,0,0
1768227953020560,52931,14550,31.0,2,0,0
1768227953022318,52931,14550,64.0,164,0,0
1768227953024190,52931,14550,24.0,168,0,0
1768227953026859,52931,14550,42.0,136,0,0
1768227953027851,52931,14550,42.0,193,0,0
1768227953029192,52931,14550,48.0,32,0,0
1768227953030749,52931,14550,40.0,241,0,0
1768227953032740,52931,14550,70.0,87,0,0
1768227953033839,52931,14550,61.0,147,0,0
1768227953035187,52931,14550,64.0,11030,0,0
1768227953144485,5760,58419,,264,1,0
1768227953144975,52931,14550,47.0,264,0,0
1768227953229622,52931,14550,48.0,163,0,0
1768227953231687,52931,14550,44.0,178,0,0
1768227953233587,52931,14550,48.0,30,0,0
1768227953235573,52931,14550,48.0,33,0,0
1768227953238892,52931,14550,39.0,74,0,0
1768227953244122,52931,14550,51.0,1,0,0
1768227953249441,52931,14550,22.0,125,0,0
1768227953251669,52931,14550,27.0,152,0,0
1768227953253750,52931,14550,45.0,62,0,0
1768227953255886,52931,14550,26.0,42,0,0
1768227953258962,52931,14550,32.0,36,0,0
1768227953260389,52931,14550,62.0,65,0,0
1768227953262010,52931,14550,49.0,27,0,0
1768227953263480,52931,14550,44.0,116,0,0
1768227953265137,52931,14550,42.0,129,0,0
1768227953266706,52931,14550,34.0,29,0,0
1768227953268491,52931,14550,34.0,137,0,0
1768227953270984,52931,14550,60.0,24,0,0
1768227953273073,52931,14550,53.0,124,0,0
1768227953275121,52931,14550,31.0,2,0,0
1768227953276759,52931,14550,64.0,164,0,0
1768227953278144,52931,14550,24.0,168,0,0
1768227953279645,52931,14550,42.0,136,0,0
1768227953281069,52931,14550,42.0,193,0,0
1768227953282798,52931,14550,48.0,32,0,0
1768227953284033,52931,14550,40.0,241,0,0
1768227953285587,52931,14550,70.0,87,0,0
1768227953287193,52931,14550,61.0,147,0,0
1768227953289210,52931,14550,64.0,11030,0,0
1768227953290914,58419,5760,,0,1,0
1768227953486026,52931,14550,48.0,163,0,0
1768227953488270,52931,14550,44.0,178,0,0
1768227953490699,52931,14550,48.0,30,0,0
1768227953496005,52931,14550,48.0,33,0,0
1768227953499137,52931,14550,39.0,74,0,0
1768227953502647,52931,14550,51.0,1,0,0
1768227953510827,52931,14550,22.0,125,0,0
1768227953516268,52931,14550,27.0,152,0,0
1768227953519092,52931,14550,45.0,62,0,0
1768227953523283,52931,14550,26.0,42,0,0
1768227953528976,52931,14550,32.0,36,0,0
1768227953532447,52931,14550,62.0,65,0,0
1768227953536852,52931,14550,49.0,27,0,0
1768227953539736,52931,14550,44.0,116,0,0
1768227953542912,52931,14550,42.0,129,0,0
1768227953546628,52931,14550,34.0,29,0,0
1768227953550172,52931,14550,34.0,137,0,0
1768227953553136,52931,14550,60.0,24,0,0
1768227953558839,5760,58419,,0,1,0
1768227953559828,52931,14550,53.0,124,0,0
1768227953563178,52931,14550,31.0,2,0,0
1768227953567018,52931,14550,64.0,164,0,0
1768227953569749,52931,14550,24.0,168,0,0
1768227953573769,52931,14550,42.0,136,0,0
1768227953578792,52931,14550,42.0,193,0,0
1768227953582511,52931,14550,48.0,32,0,0
1768227953585382,52931,14550,40.0,241,0,0
1768227953586941,52931,14550,70.0,87,0,0
1768227953589753,52931,14550,61.0,147,0,0
1768227953592234,52931,14550,64.0,11030,0,0
1768227953595013,52931,14550,29.0,0,0,0
1768227953648980,5760,58419,,264,1,0
1768227953649456,52931,14550,47.0,264,0,0
1768227953734128,52931,14550,48.0,163,0,0
1768227953735571,52931,14550,44.0,178,0,0
1768227953736473,52931,14550,48.0,30,0,0
1768227953737908,52931,14550,48.0,33,0,0
1768227953739553,52931,14550,39.0,74,0,0
1768227953741957,52931,14550,51.0,1,0,0
1768227953745176,52931,14550,22.0,125,0,0
1768227953746659,52931,14550,27.0,152,0,0
1768227953747353,52931,14550,45.0,62,0,0
1768227953748632,52931,14550,26.0,42,0,0
1768227953750556,52931,14550,32.0,36,0,0
1768227953751712,52931,14550,62.0,65,0,0
1768227953753512,52931,14550,49.0,27,0,0
1768227953755860,52931,14550,44.0,116,0,0
1768227953757230,52931,14550,42.0,129,0,0
1768227953758181,52931,14550,34.0,29,0,0
1768227953759060,52931,14550,34.0,137,0,0
1768227953760038,52931,14550,60.0,24,0,0
1768227953761537,52931,14550,53.0,124,0,0
1768227953763265,52931,14550,31.0,2,0,0
1768227953765159,52931,14550,64.0,164,0,0
1768227953766919,52931,14550,24.0,168,0,0
1768227953768651,52931,14550,42.0,136,0,0
1768227953770170,52931,14550,42.0,193,0,0
1768227953771719,52931,14550,48.0,32,0,0
1768227953773145,52931,14550,40.0,241,0,0
1768227953774573,52931,14550,70.0,87,0,0
1768227953776942,52931,14550,61.0,147,0,0
1768227953778266,52931,14550,64.0,11030,0,0
1768227953987145,52931,14550,48.0,163,0,0
1768227953991901,52931,14550,44.0,178,0,0
1768227953996555,52931,14550,48.0,30,0,0
1768227954001271,52931,14550,48.0,33,0,0
1768227954002932,52931,14550,39.0,74,0,0
1768227954008737,52931,14550,51.0,1,0,0
1768227954015531,52931,14550,22.0,125,0,0
1768227954018826,52931,14550,27.0,152,0,0
1768227954020901,52931,14550,45.0,62,0,0
1768227954025290,52931,14550,26.0,42,0,0
1768227954030912,52931,14550,32.0,36,0,0
1768227954033052,52931,14550,62.0,65,0,0
1768227954037148,52931,14550,49.0,27,0,0
1768227954041763,52931,14550,44.0,116,0,0
1768227954045150,52931,14550,42.0,129,0,0
1768227954047896,52931,14550,34.0,29,0,0
1768227954049838,52931,14550,34.0,137,0,0
1768227954051344,52931,14550,60.0,24,0,0
1768227954055877,52931,14550,53.0,124,0,0
1768227954058635,52931,14550,31.0,2,0,0
1768227954061570,52931,14550,64.0,164,0,0
1768227954063909,52931,14550,24.0,168,0,0
1768227954065800,52931,14550,42.0,136,0,0
1768227954068021,52931,14550,42.0,193,0,0
1768227954072640,52931,14550,48.0,32,0,0
1768227954076361,52931,14550,40.0,241,0,0
1768227954077980,52931,14550,70.0,87,0,0
1768227954079535,52931,14550,61.0,147,0,0
1768227954081998,52931,14550,64.0,11030,0,0
1768227954151536,5760,58419,,264,1,0
1768227954152945,52931,14550,47.0,264,0,0
1768227954240732,52931,14550,48.0,163,0,0
1768227954243987,52931,14550,44.0,178,0,0
1768227954245693,52931,14550,48.0,30,0,0
1768227954249421,52931,14550,48.0,33,0,0
1768227954251166,52931,14550,39.0,74,0,0
1768227954254987,52931,14550,51.0,1,0,0
1768227954257689,52931,14550,22.0,125,0,0
1768227954259535,52931,14550,27.0,152,0,0
1768227954261840,52931,14550,45.0,62,0,0
1768227954264260,52931,14550,26.0,42,0,0
1768227954267481,52931,14550,32.0,36,0,0
1768227954269171,52931,14550,62.0,65,0,0
1768227954270603,52931,14550,49.0,27,0,0
1768227954271923,52931,14550,44.0,116,0,0
1768227954273306,52931,14550,42.0,129,0,0
1768227954274751,52931,14550,34.0,29,0,0
1768227954276298,52931,14550,34.0,137,0,0
1768227954278121,52931,14550,60.0,24,0,0
1768227954280588,52931,14550,53.0,124,0,0
1768227954282579,52931,14550,31.0,2,0,0
1768227954283769,52931,14550,64.0,164,0,0
1768227954285370,52931,14550,24.0,168,0,0
1768227954287611,52931,14550,42.0,136,0,0
1768227954289437,52931,14550,42.0,193,0,0
1768227954290975,52931,14550,48.0,32,0,0
1768227954293186,52931,14550,40.0,241,0,0
1768227954295996,52931,14550,70.0,87,0,0
1768227954298097,52931,14550,61.0,147,0,0
1768227954299466,52931,14550,64.0,11030,0,0
1768227954301484,58419,5760,,0,1,0
1768227954491574,52931,14550,48.0,163,0,0
1768227954496172,52931,14550,44.0,178,0,0
1768227954499171,52931,14550,48.0,30,0,0
1768227954502485,52931,14550,48.0,33,0,0
1768227954504075,52931,14550,39.0,74,0,0
1768227954510053,52931,14550,51.0,1,0,0
1768227954514999,52931,14550,22.0,125,0,0
1768227954517324,52931,14550,27.0,152,0,0
1768227954518861,52931,14550,45.0,62,0,0
1768227954523624,52931,14550,26.0,42,0,0
1768227954527577,52931,14550,32.0,36,0,0
1768227954529118,52931,14550,62.0,65,0,0
1768227954532230,52931,14550,49.0,27,0,0
1768227954534914,52931,14550,44.0,116,0,0
1768227954537000,52931,14550,42.0,129,0,0
1768227954538243,52931,14550,34.0,29,0,0
1768227954541693,52931,14550,34.0,137,0,0
1768227954543749,52931,14550,60.0,24,0,0
1768227954546140,52931,14550,53.0,124,0,0
1768227954549972,52931,14550,31.0,2,0,0
1768227954551840,52931,14550,64.0,164,0,0
1768227954553339,52931,14550,24.0,168,0,0
1768227954555697,52931,14550,42.0,136,0,0
1768227954559194,52931,14550,42.0,193,0,0
1768227954562446,52931,14550,48.0,32,0,0
1768227954564117,5760,58419,,0,1,0
1768227954565213,52931,14550,40.0,241,0,0
1768227954566624,52931,14550,70.0,87,0,0
1768227954568571,52931,14550,61.0,147,0,0
1768227954570496,52931,14550,64.0,11030,0,0
1768227954577899,52931,14550,29.0,0,0,0
1768227954656060,5760,58419,,264,1,0
1768227954657279,52931,14550,47.0,264,0,0
1768227954742101,52931,14550,48.0,163,0,0
1768227954744509,52931,14550,44.0,178,0,0
1768227954745968,52931,14550,48.0,30,0,0
1768227954748698,52931,14550,48.0,33,0,0
1768227954751125,52931,14550,39.0,74,0,0
1768227954756199,52931,14550,51.0,1,0,0
1768227954761509,52931,14550,22.0,125,0,0
1768227954763278,52931,14550,27.0,152,0,0
1768227954765203,52931,14550,45.0,62,0,0
1768227954768184,52931,14550,26.0,42,0,0
1768227954772301,52931,14550,32.0,36,0,0
1768227954773784,52931,14550,62.0,65,0,0
1768227954776037,52931,14550,49.0,27,0,0
1768227954777955,52931,14550,44.0,116,0,0
1768227954779458,52931,14550,42.0,129,0,0
1768227954781512,52931,14550,34.0,29,0,0
1768227954782904,52931,14550,34.0,137,0,0
1768227954784964,52931,14550,60.0,24,0,0
1768227954788936,52931,14550,53.0,124,0,0
1768227954792616,52931,14550,31.0,2,0,0
1768227954795743,52931,14550,64.0,164,0,0
1768227954798841,52931,14550,24.0,168,0,0
1768227954800570,52931,14550,42.0,136,0,0
1768227954802357,52931,14550,42.0,193,0,0
1768227954804253,52931,14550,48.0,32,0,0
1768227954805738,52931,14550,40.0,241,0,0
1768227954807296,52931,14550,70.0,87,0,0
1768227954809015,52931,14550,61.0,147,0,0
1768227954810676,52931,14550,64.0,11030,0,0
1768227954994582,52931,14550,48.0,163,0,0
1768227954998942,52931,14550,44.0,178,0,0
1768227955000504,52931,14550,48.0,30,0,0
1768227955003177,52931,14550,48.0,33,0,0
1768227955005149,52931,14550,39.0,74,0,0
1768227955011752,52931,14550,51.0,1,0,0
1768227955020343,52931,14550,22.0,125,0,0
1768227955023224,52931,14550,27.0,152,0,0
1768227955024835,52931,14550,45.0,62,0,0
1768227955029127,52931,14550,26.0,42,0,0
1768227955035983,52931,14550,32.0,36,0,0
1768227955038200,52931,14550,62.0,65,0,0
1768227955039853,52931,14550,49.0,27,0,0
1768227955041483,52931,14550,44.0,116,0,0
1768227955043765,52931,14550,42.0,129,0,0
1768227955046141,52931,14550,34.0,29,0,0
1768227955048813,52931,14550,34.0,137,0,0
1768227955052145,52931,14550,60.0,24,0,0
1768227955055288,52931,14550,53.0,124,0,0
1768227955057562,52931,14550,31.0,2,0,0
1768227955058924,52931,14550,64.0,164,0,0
1768227955060716,52931,14550,24.0,168,0,0
1768227955062626,52931,14550,42.0,136,0,0
1768227955064152,52931,14550,42.0,193,0,0
1768227955066094,52931,14550,48.0,32,0,0
1768227955067560,52931,14550,40.0,241,0,0
1768227955069066,52931,14550,70.0,87,0,0
1768227955071516,52931,14550,61.0,147,0,0
1768227955074065,52931,14550,64.0,11030,0,0
1768227955157423,5760,58419,,264,1,0
1768227955158516,52931,14550,47.0,264,0,0
1768227955243729,52931,14550,48.0,163,0,0
1768227955245835,52931,14550,44.0,178,0,0
1768227955248291,52931,14550,48.0,30,0,0
1768227955250881,52931,14550,48.0,33,0,0
1768227955253220,52931,14550,39.0,74,0,0
1768227955256645,52931,14550,51.0,1,0,0
1768227955259055,52931,14550,22.0,125,0,0
1768227955261653,52931,14550,27.0,152,0,0
1768227955263345,52931,14550,45.0,62,0,0
1768227955265650,52931,14550,26.0,42,0,0
1768227955269202,52931,14550,32.0,36,0,0
1768227955270497,52931,14550,62.0,65,0,0
1768227955272076,52931,14550,49.0,27,0,0
1768227955273522,52931,14550,44.0,116,0,0
1768227955274896,52931,14550,42.0,129,0,0
1768227955276554,52931,14550,34.0,29,0,0
1768227955277904,52931,14550,34.0,137,0,0
1768227955279222,52931,14550,60.0,24,0,0
1768227955281593,52931,14550,53.0,124,0,0
1768227955283099,52931,14550,31.0,2,0,0
1768227955284353,52931,14550,64.0,164,0,0
1768227955286000,52931,14550,24.0,168,0,0
1768227955287635,52931,14550,42.0,136,0,0
1768227955288881,52931,14550,42.0,193,0,0
1768227955290589,52931,14550,48.0,32,0,0
1768227955292086,52931,14550,40.0,241,0,0
1768227955293591,52931,14550,70.0,87,0,0
1768227955295060,52931,14550,61.0,147,0,0
1768227955297160,52931,14550,64.0,11030,0,0
1768227955310345,58419,5760,,0,1,0
1768227955494840,52931,14550,48.0,163,0,0
1768227955497190,52931,14550,44.0,178,0,0
1768227955498747,52931,14550,48.0,30,0,0
1768227955500740,52931,14550,48.0,33,0,0
1768227955502526,52931,14550,39.0,74,0,0
1768227955506964,52931,14550,51.0,1,0,0
1768227955514416,52931,14550,22.0,125,0,0
1768227955519028,52931,14550,27.0,152,0,0
1768227955520879,52931,14550,45.0,62,0,0
1768227955524390,52931,14550,26.0,42,0,0
1768227955527747,52931,14550,32.0,36,0,0
1768227955530824,52931,14550,62.0,65,0,0
1768227955532935,52931,14550,49.0,27,0,0
1768227955534720,52931,14550,44.0,116,0,0
1768227955538376,52931,14550,42.0,129,0,0
1768227955542384,52931,14550,34.0,29,0,0
1768227955545729,52931,14550,34.0,137,0,0
1768227955550871,52931,14550,60.0,24,0,0
1768227955553845,52931,14550,53.0,124,0,0
1768227955556832,52931,14550,31.0,2,0,0
1768227955559357,52931,14550,64.0,164,0,0
1768227955561770,52931,14550,24.0,168,0,0
1768227955564355,52931,14550,42.0,136,0,0
1768227955566787,52931,14550,42.0,193,0,0
1768227955567953,5760,58419,,0,1,0
1768227955569639,52931,14550,48.0,32,0,0
1768227955572219,52931,14550,40.0,241,0,0
1768227955575748,52931,14550,70.0,87,0,0
1768227955577660,52931,14550,61.0,147,0,0
1768227955579150,52931,14550,64.0,11030,0,0
1768227955583027,52931,14550,29.0,0,0,0
1768227955661532,5760,58419,,264,1,0
1768227955662838,52931,14550,47.0,264,0,0
1768227955748168,52931,14550,48.0,163,0,0
1768227955750370,52931,14550,44.0,178,0,0
1768227955752283,52931,14550,48.0,30,0,0
1768227955756074,52931,14550,48.0,33,0,0
1768227955758981,52931,14550,39.0,74,0,0
1768227955762815,52931,14550,51.0,1,0,0
1768227955765147,52931,14550,22.0,125,0,0
1768227955766961,52931,14550,27.0,152,0,0
1768227955768493,52931,14550,45.0,62,0,0
1768227955770727,52931,14550,26.0,42,0,0
1768227955773217,52931,14550,32.0,36,0,0
1768227955774594,52931,14550,62.0,65,0,0
1768227955778217,52931,14550,49.0,27,0,0
1768227955782268,52931,14550,44.0,116,0,0
1768227955784998,52931,14550,42.0,129,0,0
1768227955787614,52931,14550,34.0,29,0,0
1768227955790258,52931,14550,34.0,137,0,0
1768227955792295,52931,14550,60.0,24,0,0
1768227955795360,52931,14550,53.0,124,0,0
1768227955798976,52931,14550,31.0,2,0,0
1768227955801780,52931,14550,64.0,164,0,0
1768227955803773,52931,14550,24.0,168,0,0
1768227955805595,52931,14550,42.0,136,0,0
1768227955807508,52931,14550,42.0,193,0,0
1768227955811193,52931,14550,48.0,32,0,0
1768227955812992,52931,14550,40.0,241,0,0
1768227955815886,52931,14550,70.0,87,0,0
1768227955818449,52931,14550,61.0,147,0,0
1768227955820293,52931,14550,64.0,11030,0,0
1768227956001590,52931,14550,48.0,163,0,0
1768227956005859,52931,14550,44.0,178,0,0
1768227956009442,52931,14550,48.0,30,0,0
1768227956014932,52931,14550,48.0,33,0,0
1768227956019236,52931,14550,39.0,74,0,0
1768227956023530,52931,14550,51.0,1,0,0
1768227956030303,52931,14550,22.0,125,0,0
1768227956035212,52931,14550,27.0,152,0,0
1768227956036811,52931,14550,45.0,62,0,0
1768227956043019,52931,14550,26.0,42,0,0
1768227956047742,52931,14550,32.0,36,0,0
1768227956050253,52931,14550,62.0,65,0,0
1768227956052730,52931,14550,49.0,27,0,0
1768227956054965,52931,14550,44.0,116,0,0
1768227956058897,52931,14550,42.0,129,0,0
1768227956061256,52931,14550,34.0,29,0,0
1768227956064511,52931,14550,34.0,137,0,0
1768227956067118,52931,14550,60.0,24,0,0
1768227956073569,52931,14550,53.0,124,0,0
1768227956076629,52931,14550,31.0,2,0,0
1768227956079614,52931,14550,64.0,164,0,0
1768227956082129,52931,14550,24.0,168,0,0
1768227956084804,52931,14550,42.0,136,0,0
1768227956086966,52931,14550,42.0,193,0,0
1768227956090474,52931,14550,48.0,32,0,0
1768227956092039,52931,14550,40.0,241,0,0
1768227956093433,52931,14550,70.0,87,0,0
1768227956095169,52931,14550,61.0,147,0,0
1768227956096776,52931,14550,64.0,11030,0,0
1768227956162871,5760,58419,,264,1,0
1768227956163706,52931,14550,47.0,264,0,0
1768227956251604,52931,14550,48.0,163,0,0
1768227956252988,52931,14550,44.0,178,0,0
1768227956253677,52931,14550,48.0,30,0,0
1768227956254961,52931,14550,48.0,33,0,0
1768227956255719,52931,14550,39.0,74,0,0
1768227956258470,52931,14550,51.0,1,0,0
1768227956261910,52931,14550,22.0,125,0,0
1768227956262891,52931,14550,27.0,152,0,0
1768227956263576,52931,14550,45.0,62,0,0
1768227956265340,52931,14550,26.0,42,0,0
1768227956266847,52931,14550,32.0,36,0,0
1768227956267791,52931,14550,62.0,65,0,0
1768227956268673,52931,14550,49.0,27,0,0
1768227956269397,52931,14550,44.0,116,0,0
1768227956270054,52931,14550,42.0,129,0,0
1768227956270920,52931,14550,34.0,29,0,0
1768227956271661,52931,14550,34.0,137,0,0
1768227956272458,52931,14550,60.0,24,0,0
1768227956273592,52931,14550,53.0,124,0,0
1768227956274794,52931,14550,31.0,2,0,0
1768227956276521,52931,14550,64.0,164,0,0
1768227956277433,52931,14550,24.0,168,0,0
1768227956278676,52931,14550,42.0,136,0,0
1768227956279367,52931,14550,42.0,193,0,0
1768227956280454,52931,14550,48.0,32,0,0
1768227956281218,52931,14550,40.0,241,0,0
1768227956282074,52931,14550,70.0,87,0,0
1768227956282897,52931,14550,61.0,147,0,0
1768227956283707,52931,14550,64.0,11030,0,0
1768227956317826,58419,5760,,0,1,0
1768227956500164,52931,14550,48.0,163,0,0
1768227956501912,52931,14550,44.0,178,0,0
1768227956503898,52931,14550,48.0,30,0,0
1768227956506239,52931,14550,48.0,33,0,0
1768227956507730,52931,14550,39.0,74,0,0
1768227956514112,52931,14550,51.0,1,0,0
1768227956520120,52931,14550,22.0,125,0,0
1768227956523518,52931,14550,27.0,152,0,0
1768227956525318,52931,14550,45.0,62,0,0
1768227956530984,52931,14550,26.0,42,0,0
1768227956534293,52931,14550,32.0,36,0,0
1768227956536457,52931,14550,62.0,65,0,0
1768227956539400,52931,14550,49.0,27,0,0
1768227956541221,52931,14550,44.0,116,0,0
1768227956543478,52931,14550,42.0,129,0,0
1768227956544707,52931,14550,34.0,29,0,0
1768227956546814,52931,14550,34.0,137,0,0
1768227956550225,52931,14550,60.0,24,0,0
1768227956552792,52931,14550,53.0,124,0,0
1768227956555661,52931,14550,31.0,2,0,0
1768227956557518,52931,14550,64.0,164,0,0
1768227956560042,52931,14550,24.0,168,0,0
1768227956563113,52931,14550,42.0,136,0,0
1768227956565371,52931,14550,42.0,193,0,0
1768227956567699,52931,14550,48.0,32,0,0
1768227956569697,52931,14550,40.0,241,0,0
1768227956570280,5760,58419,,0,1,0
1768227956572682,52931,14550,70.0,87,0,0
1768227956578163,52931,14550,61.0,147,0,0
1768227956579859,52931,14550,64.0,11030,0,0
1768227956584247,52931,14550,29.0,0,0,0
1768227956666028,5760,58419,,264,1,0
1768227956667024,52931,14550,47.0,264,0,0
1768227956751042,52931,14550,48.0,163,0,0
1768227956753794,52931,14550,44.0,178,0,0
1768227956755712,52931,14550,48.0,30,0,0
1768227956757957,52931,14550,48.0,33,0,0
1768227956760084,52931,14550,39.0,74,0,0
1768227956765392,52931,14550,51.0,1,0,0
1768227956770547,52931,14550,22.0,125,0,0
1768227956772339,52931,14550,27.0,152,0,0
1768227956773793,52931,14550,45.0,62,0,0
1768227956775871,52931,14550,26.0,42,0,0
1768227956778915,52931,14550,32.0,36,0,0
1768227956781564,52931,14550,62.0,65,0,0
1768227956783396,52931,14550,49.0,27,0,0
1768227956786358,52931,14550,44.0,116,0,0
1768227956788940,52931,14550,42.0,129,0,0
1768227956791499,52931,14550,34.0,29,0,0
1768227956794024,52931,14550,34.0,137,0,0
1768227956800782,52931,14550,60.0,24,0,0
1768227956804858,52931,14550,53.0,124,0,0
1768227956808577,52931,14550,31.0,2,0,0
1768227956810969,52931,14550,64.0,164,0,0
1768227956813792,52931,14550,24.0,168,0,0
1768227956816218,52931,14550,42.0,136,0,0
1768227956818524,52931,14550,42.0,193,0,0
1768227956821254,52931,14550,48.0,32,0,0
1768227956823256,52931,14550,40.0,241,0,0
1768227956824992,52931,14550,70.0,87,0,0
1768227956827857,52931,14550,61.0,147,0,0
1768227956829987,52931,14550,64.0,11030,0,0
1768227957002315,52931,14550,48.0,163,0,0
1768227957005741,52931,14550,44.0,178,0,0
1768227957007815,52931,14550,48.0,30,0,0
1768227957010304,52931,14550,48.0,33,0,0
1768227957012481,52931,14550,39.0,74,0,0
1768227957017609,52931,14550,51.0,1,0,0
1768227957026272,52931,14550,22.0,125,0,0
1768227957030626,52931,14550,27.0,152,0,0
1768227957033095,52931,14550,45.0,62,0,0
1768227957038446,52931,14550,26.0,42,0,0
1768227957041892,52931,14550,32.0,36,0,0
1768227957043254,52931,14550,62.0,65,0,0
1768227957045161,52931,14550,49.0,27,0,0
1768227957047608,52931,14550,44.0,116,0,0
1768227957049136,52931,14550,42.0,129,0,0
1768227957050736,52931,14550,34.0,29,0,0
1768227957052510,52931,14550,34.0,137,0,0
1768227957053976,52931,14550,60.0,24,0,0
1768227957056064,52931,14550,53.0,124,0,0
1768227957057735,52931,14550,31.0,2,0,0
1768227957059553,52931,14550,64.0,164,0,0
1768227957060892,52931,14550,24.0,168,0,0
1768227957062839,52931,14550,42.0,136,0,0
1768227957064040,52931,14550,42.0,193,0,0
1768227957065716,52931,14550,48.0,32,0,0
1768227957067181,52931,14550,40.0,241,0,0
1768227957068447,52931,14550,70.0,87,0,0
1768227957070191,52931,14550,61.0,147,0,0
1768227957071569,52931,14550,64.0,11030,0,0
1768227957152964,58419,5760,,66,1,0
1768227957169253,5760,58419,,264,1,0
1768227957170306,52931,14550,47.0,264,0,0
1768227957257120,52931,14550,48.0,163,0,0
1768227957259709,52931,14550,44.0,178,0,0
1768227957261450,52931,14550,48.0,30,0,0
1768227957263237,52931,14550,48.0,33,0,0
1768227957267155,52931,14550,39.0,74,0,0
1768227957270875,52931,14550,51.0,1,0,0
1768227957274282,52931,14550,22.0,125,0,0
1768227957276036,52931,14550,27.0,152,0,0
1768227957277556,52931,14550,45.0,62,0,0
1768227957279938,52931,14550,26.0,42,0,0
1768227957282620,52931,14550,32.0,36,0,0
1768227957283891,52931,14550,62.0,65,0,0
1768227957285424,52931,14550,49.0,27,0,0
1768227957286848,52931,14550,44.0,116,0,0
1768227957288445,52931,14550,42.0,129,0,0
1768227957289842,52931,14550,34.0,29,0,0
1768227957291153,52931,14550,34.0,137,0,0
1768227957292712,52931,14550,60.0,24,0,0
1768227957294816,52931,14550,53.0,124,0,0
1768227957298198,52931,14550,31.0,2,0,0
1768227957300657,52931,14550,64.0,164,0,0
1768227957302051,52931,14550,24.0,168,0,0
1768227957303471,52931,14550,42.0,136,0,0
1768227957304722,52931,14550,42.0,193,0,0
1768227957306553,52931,14550,48.0,32,0,0
1768227957308183,52931,14550,40.0,241,0,0
1768227957309551,52931,14550,70.0,87,0,0
1768227957311659,52931,14550,61.0,147,0,0
1768227957313123,52931,14550,64.0,11030,0,0
1768227957325984,58419,5760,,0,1,0
1768227957508058,52931,14550,48.0,163,0,0
1768227957509717,52931,14550,44.0,178,0,0
1768227957511524,52931,14550,48.0,30,0,0
1768227957513930,52931,14550,48.0,33,0,0
1768227957518345,52931,14550,39.0,74,0,0
1768227957521817,52931,14550,51.0,1,0,0
1768227957526177,52931,14550,22.0,125,0,0
1768227957528437,52931,14550,27.0,152,0,0
1768227957531007,52931,14550,45.0,62,0,0
1768227957534453,52931,14550,26.0,42,0,0
1768227957539105,52931,14550,32.0,36,0,0
1768227957540518,52931,14550,62.0,65,0,0
1768227957543904,52931,14550,49.0,27,0,0
1768227957546267,52931,14550,44.0,116,0,0
1768227957551278,52931,14550,42.0,129,0,0
1768227957553858,52931,14550,34.0,29,0,0
1768227957555449,52931,14550,34.0,137,0,0
1768227957558628,52931,14550,60.0,24,0,0
1768227957561986,52931,14550,53.0,124,0,0
1768227957563716,52931,14550,31.0,2,0,0
1768227957564997,52931,14550,64.0,164,0,0
1768227957567235,52931,14550,24.0,168,0,0
1768227957570987,52931,14550,42.0,136,0,0
1768227957572490,52931,14550,42.0,193,0,0
1768227957577402,5760,58419,,0,1,0
1768227957578473,52931,14550,48.0,32,0,0
1768227957580239,52931,14550,40.0,241,0,0
1768227957582354,52931,14550,70.0,87,0,0
1768227957584187,52931,14550,61.0,147,0,0
1768227957586203,52931,14550,64.0,11030,0,0
1768227957588666,52931,14550,29.0,0,0,0
1768227957670427,5760,58419,,264,1,0
1768227957671603,52931,14550,47.0,264,0,0
1768227957757255,52931,14550,48.0,163,0,0
1768227957759325,52931,14550,44.0,178,0,0
1768227957762041,52931,14550,48.0,30,0,0
1768227957765860,52931,14550,48.0,33,0,0
1768227957767629,52931,14550,39.0,74,0,0
1768227957771817,52931,14550,51.0,1,0,0
1768227957775432,52931,14550,22.0,125,0,0
1768227957777311,52931,14550,27.0,152,0,0
1768227957779367,52931,14550,45.0,62,0,0
1768227957782448,52931,14550,26.0,42,0,0
1768227957785079,52931,14550,32.0,36,0,0
1768227957786445,52931,14550,62.0,65,0,0
1768227957788238,52931,14550,49.0,27,0,0
1768227957790028,52931,14550,44.0,116,0,0
1768227957792424,52931,14550,42.0,129,0,0
1768227957793732,52931,14550,34.0,29,0,0
1768227957796630,52931,14550,34.0,137,0,0
1768227957799789,52931,14550,60.0,24,0,0
1768227957804402,52931,14550,53.0,124,0,0
1768227957805933,52931,14550,31.0,2,0,0
1768227957807825,52931,14550,64.0,164,0,0
1768227957809184,52931,14550,24.0,168,0,0
1768227957812101,52931,14550,42.0,136,0,0
1768227957814057,52931,14550,42.0,193,0,0
1768227957815520,52931,14550,48.0,32,0,0
1768227957817271,52931,14550,40.0,241,0,0
1768227957819585,52931,14550,70.0,87,0,0
1768227957822139,52931,14550,61.0,147,0,0
1768227957823640,52931,14550,64.0,11030,0,0
1768227958010274,52931,14550,48.0,163,0,0
1768227958012812,52931,14550,44.0,178,0,0
1768227958015190,52931,14550,48.0,30,0,0
1768227958019721,52931,14550,48.0,33,0,0
1768227958023264,52931,14550,39.0,74,0,0
1768227958029139,52931,14550,51.0,1,0,0
1768227958032230,52931,14550,22.0,125,0,0
1768227958033803,52931,14550,27.0,152,0,0
1768227958035039,52931,14550,45.0,62,0,0
1768227958037147,52931,14550,26.0,42,0,0
1768227958040421,52931,14550,32.0,36,0,0
1768227958041752,52931,14550,62.0,65,0,0
1768227958043325,52931,14550,49.0,27,0,0
1768227958045246,52931,14550,44.0,116,0,0
1768227958046592,52931,14550,42.0,129,0,0
1768227958048122,52931,14550,34.0,29,0,0
1768227958049468,52931,14550,34.0,137,0,0
1768227958050654,52931,14550,60.0,24,0,0
1768227958052383,52931,14550,53.0,124,0,0
1768227958054260,52931,14550,31.0,2,0,0
1768227958055767,52931,14550,64.0,164,0,0
1768227958056977,52931,14550,24.0,168,0,0
1768227958058387,52931,14550,42.0,136,0,0
1768227958059946,52931,14550,42.0,193,0,0
1768227958061736,52931,14550,48.0,32,0,0
1768227958063178,52931,14550,40.0,241,0,0
1768227958064696,52931,14550,70.0,87,0,0
1768227958066162,52931,14550,61.0,147,0,0
1768227958067861,52931,14550,64.0,11030,0,0
1768227958173084,5760,58419,,264,1,0
1768227958174061,52931,14550,47.0,264,0,0
1768227958260078,52931,14550,48.0,163,0,0
1768227958262853,52931,14550,44.0,178,0,0
1768227958265316,52931,14550,48.0,30,0,0
1768227958269499,52931,14550,48.0,33,0,0
1768227958271161,52931,14550,39.0,74,0,0
1768227958274230,52931,14550,51.0,1,0,0
1768227958276539,52931,14550,22.0,125,0,0
1768227958278449,52931,14550,27.0,152,0,0
1768227958280028,52931,14550,45.0,62,0,0
1768227958283129,52931,14550,26.0,42,0,0
1768227958285709,52931,14550,32.0,36,0,0
1768227958287071,52931,14550,62.0,65,0,0
1768227958288654,52931,14550,49.0,27,0,0
1768227958290345,52931,14550,44.0,116,0,0
1768227958291636,52931,14550,42.0,129,0,0
1768227958293133,52931,14550,34.0,29,0,0
1768227958294711,52931,14550,34.0,137,0,0
1768227958296699,52931,14550,60.0,24,0,0
1768227958299017,52931,14550,53.0,124,0,0
1768227958301107,52931,14550,31.0,2,0,0
1768227958302397,52931,14550,64.0,164,0,0
1768227958304076,52931,14550,24.0,168,0,0
1768227958305835,52931,14550,42.0,136,0,0
1768227958307196,52931,14550,42.0,193,0,0
1768227958309702,52931,14550,48.0,32,0,0
1768227958311780,52931,14550,40.0,241,0,0
1768227958313334,52931,14550,70.0,87,0,0
1768227958315173,52931,14550,61.0,147,0,0
1768227958316458,52931,14550,64.0,11030,0,0
1768227958328888,58419,5760,,0,1,0
1768227958510762,52931,14550,48.0,163,0,0
1768227958513583,52931,14550,44.0,178,0,0
1768227958514619,52931,14550,48.0,30,0,0
1768227958516285,52931,14550,48.0,33,0,0
1768227958517533,52931,14550,39.0,74,0,0
1768227958522346,52931,14550,51.0,1,0,0
1768227958525956,52931,14550,22.0,125,0,0
1768227958526755,52931,14550,27.0,152,0,0
1768227958527472,52931,14550,45.0,62,0,0
1768227958528619,52931,14550,26.0,42,0,0
1768227958529974,52931,14550,32.0,36,0,0
1768227958530709,52931,14550,62.0,65,0,0
1768227958531384,52931,14550,49.0,27,0,0
1768227958532138,52931,14550,44.0,116,0,0
1768227958532798,52931,14550,42.0,129,0,0
1768227958533473,52931,14550,34.0,29,0,0
1768227958534055,52931,14550,34.0,137,0,0
1768227958534800,52931,14550,60.0,24,0,0
1768227958535764,52931,14550,53.0,124,0,0
1768227958536642,52931,14550,31.0,2,0,0
1768227958537263,52931,14550,64.0,164,0,0
1768227958537895,52931,14550,24.0,168,0,0
1768227958538721,52931,14550,42.0,136,0,0
1768227958539309,52931,14550,42.0,193,0,0
1768227958540158,52931,14550,48.0,32,0,0
1768227958540812,52931,14550,40.0,241,0,0
1768227958541410,52931,14550,70.0,87,0,0
1768227958542290,52931,14550,61.0,147,0,0
1768227958542905,52931,14550,64.0,11030,0,0
1768227958585619,5760,58419,,0,1,0
1768227958586065,52931,14550,29.0,0,0,0
1768227958674373,5760,58419,,264,1,0
1768227958674867,52931,14550,47.0,264,0,0
1768227958765906,52931,14550,48.0,163,0,0
1768227958768530,52931,14550,44.0,178,0,0
1768227958769511,52931,14550,48.0,30,0,0
1768227958770627,52931,14550,48.0,33,0,0
1768227958771505,52931,14550,39.0,74,0,0
1768227958773291,52931,14550,51.0,1,0,0
1768227958774557,52931,14550,22.0,125,0,0
1768227958776050,52931,14550,27.0,152,0,0
1768227958776840,52931,14550,45.0,62,0,0
1768227958778174,52931,14550,26.0,42,0,0
1768227958779550,52931,14550,32.0,36,0,0
1768227958780636,52931,14550,62.0,65,0,0
1768227958781654,52931,14550,49.0,27,0,0
1768227958782549,52931,14550,44.0,116,0,0
1768227958783514,52931,14550,42.0,129,0,0
1768227958784219,52931,14550,34.0,29,0,0
1768227958784878,52931,14550,34.0,137,0,0
1768227958785745,52931,14550,60.0,24,0,0
1768227958786909,52931,14550,53.0,124,0,0
1768227958787739,52931,14550,31.0,2,0,0
1768227958788501,52931,14550,64.0,164,0,0
1768227958789172,52931,14550,24.0,168,0,0
1768227958790119,52931,14550,42.0,136,0,0
1768227958790845,52931,14550,42.0,193,0,0
1768227958792048,52931,14550,48.0,32,0,0
1768227958792706,52931,14550,40.0,241,0,0
1768227958793378,52931,14550,70.0,87,0,0
1768227958794370,52931,14550,61.0,147,0,0
1768227958795392,52931,14550,64.0,11030,0,0
1768227959012833,52931,14550,48.0,163,0,0
1768227959013396,52931,14550,44.0,178,0,0
1768227959013814,52931,14550,48.0,30,0,0
1768227959015149,52931,14550,48.0,33,0,0
1768227959015994,52931,14550,39.0,74,0,0
1768227959017771,52931,14550,51.0,1,0,0
1768227959019363,52931,14550,22.0,125,0,0
1768227959020104,52931,14550,27.0,152,0,0
1768227959020747,52931,14550,45.0,62,0,0
1768227959023485,52931,14550,26.0,42,0,0
1768227959026158,52931,14550,32.0,36,0,0
1768227959026734,52931,14550,62.0,65,0,0
1768227959027357,52931,14550,49.0,27,0,0
1768227959027714,52931,14550,44.0,116,0,0
1768227959028063,52931,14550,42.0,129,0,0
1768227959028553,52931,14550,34.0,29,0,0
1768227959029032,52931,14550,34.0,137,0,0
1768227959029775,52931,14550,60.0,24,0,0
1768227959031323,52931,14550,53.0,124,0,0
1768227959032400,52931,14550,31.0,2,0,0
1768227959032937,52931,14550,64.0,164,0,0
1768227959033318,52931,14550,24.0,168,0,0
1768227959033796,52931,14550,42.0,136,0,0
1768227959034177,52931,14550,42.0,193,0,0
1768227959034668,52931,14550,48.0,32,0,0
1768227959035033,52931,14550,40.0,241,0,0
1768227959035491,52931,14550,70.0,87,0,0
1768227959035926,52931,14550,61.0,147,0,0
1768227959036278,52931,14550,64.0,11030,0,0
1768227959176015,5760,58419,,264,1,1
1768227959176395,52931,14550,47.0,264,0,1
1768227959260865,52931,14550,48.0,163,0,1
1768227959261415,52931,14550,44.0,178,0,1
1768227959262149,52931,14550,48.0,30,0,1
1768227959262831,52931,14550,48.0,33,0,1
1768227959263307,52931,14550,39.0,74,0,1
1768227959264177,52931,14550,51.0,1,0,1
1768227959264747,52931,14550,22.0,125,0,1
1768227959265183,52931,14550,27.0,152,0,1
1768227959265568,52931,14550,45.0,62,0,1
1768227959266107,52931,14550,26.0,42,0,1
1768227959266731,52931,14550,32.0,36,0,1
1768227959267194,52931,14550,62.0,65,0,1
1768227959267562,52931,14550,49.0,27,0,1
1768227959267940,52931,14550,44.0,116,0,1
1768227959268265,52931,14550,42.0,129,0,1
1768227959268663,52931,14550,34.0,29,0,1
1768227959268998,52931,14550,34.0,137,0,1
1768227959269424,52931,14550,60.0,24,0,1
1768227959269964,52931,14550,53.0,124,0,1
1768227959270435,52931,14550,31.0,2,0,1
1768227959270850,52931,14550,64.0,164,0,1
1768227959271172,52931,14550,24.0,168,0,1
1768227959271517,52931,14550,42.0,136,0,1
1768227959271952,52931,14550,42.0,193,0,1
1768227959272487,52931,14550,48.0,32,0,1
1768227959272984,52931,14550,40.0,241,0,1
1768227959273283,52931,14550,70.0,87,0,1
1768227959273850,52931,14550,61.0,147,0,1
1768227959274160,52931,14550,64.0,11030,0,1
1768227959338363,58419,5760,,0,1,1
1768227959513428,52931,14550,48.0,163,0,1
1768227959514625,52931,14550,44.0,178,0,1
1768227959515325,52931,14550,48.0,30,0,1
1768227959516268,52931,14550,48.0,33,0,1
1768227959517631,52931,14550,39.0,74,0,1
1768227959518848,52931,14550,51.0,1,0,1
1768227959519767,52931,14550,22.0,125,0,1
1768227959520720,52931,14550,27.0,152,0,1
1768227959521460,52931,14550,45.0,62,0,1
1768227959523688,52931,14550,26.0,42,0,1
1768227959525073,52931,14550,32.0,36,0,1
1768227959525388,52931,14550,62.0,65,0,1
1768227959525683,52931,14550,49.0,27,0,1
1768227959526176,52931,14550,44.0,116,0,1
1768227959526689,52931,14550,42.0,129,0,1
1768227959527328,52931,14550,34.0,29,0,1
1768227959527727,52931,14550,34.0,137,0,1
1768227959528076,52931,14550,60.0,24,0,1
1768227959528644,52931,14550,53.0,124,0,1
1768227959529088,52931,14550,31.0,2,0,1
1768227959529586,52931,14550,64.0,164,0,1
1768227959530038,52931,14550,24.0,168,0,1
1768227959530413,52931,14550,42.0,136,0,1
1768227959530798,52931,14550,42.0,193,0,1
1768227959531224,52931,14550,48.0,32,0,1
1768227959531558,52931,14550,40.0,241,0,1
1768227959532068,52931,14550,70.0,87,0,1
1768227959532473,52931,14550,61.0,147,0,1
1768227959532779,52931,14550,64.0,11030,0,1
1768227959588097,5760,58419,,0,1,1
1768227959588835,52931,14550,29.0,0,0,1
1768227959675985,5760,58419,,264,1,1
1768227959676652,52931,14550,47.0,264,0,1
1768227959719974,5760,58419,,253,1,1
1768227959720827,52931,14550,71.0,253,0,1
1768227959728005,52931,14550,34.0,253,0,1
1768227959728819,52931,14550,60.0,253,0,1
1768227959735126,52931,14550,34.0,253,0,1
1768227959735771,52931,14550,60.0,253,0,1
1768227959741356,52931,14550,34.0,253,0,1
1768227959743194,52931,14550,60.0,253,0,1
1768227959748442,52931,14550,34.0,253,0,1
1768227959749371,52931,14550,60.0,253,0,1
1768227959751916,52931,14550,34.0,253,0,1
1768227959752949,52931,14550,60.0,253,0,1
1768227959755670,52931,14550,34.0,253,0,1
1768227959758468,52931,14550,60.0,253,0,1
1768227959761284,52931,14550,34.0,253,0,1
1768227959765570,52931,14550,60.0,253,0,1
1768227959767985,52931,14550,34.0,253,0,1
1768227959769020,52931,14550,60.0,253,0,1
1768227959770097,52931,14550,48.0,163,0,1
1768227959770978,52931,14550,44.0,178,0,1
1768227959772083,52931,14550,48.0,30,0,1
1768227959774374,52931,14550,48.0,33,0,1
1768227959776332,52931,14550,39.0,74,0,1
1768227959781263,52931,14550,51.0,1,0,1
1768227959785460,52931,14550,22.0,125,0,1
1768227959786577,52931,14550,27.0,152,0,1
1768227959787318,52931,14550,45.0,62,0,1
1768227959788702,52931,14550,26.0,42,0,1
1768227959790538,52931,14550,32.0,36,0,1
1768227959791993,52931,14550,62.0,65,0,1
1768227959793898,52931,14550,49.0,27,0,1
1768227959796405,52931,14550,44.0,116,0,1
1768227959797484,52931,14550,42.0,129,0,1
1768227959798384,52931,14550,34.0,29,0,1
1768227959799063,52931,14550,34.0,137,0,1
1768227959800007,52931,14550,60.0,24,0,1
1768227959801129,52931,14550,53.0,124,0,1
1768227959802487,52931,14550,31.0,2,0,1
1768227959803251,52931,14550,64.0,164,0,1
1768227959804236,52931,14550,24.0,168,0,1
1768227959805070,52931,14550,42.0,136,0,1
1768227959805969,52931,14550,42.0,193,0,1
1768227959806934,52931,14550,48.0,32,0,1
1768227959807849,52931,14550,40.0,241,0,1
1768227959808728,52931,14550,70.0,87,0,1
1768227959810896,52931,14550,61.0,147,0,1
1768227959812414,52931,14550,64.0,11030,0,1
1768227959813943,52931,14550,34.0,253,0,1
1768227959814922,52931,14550,60.0,253,0,1
1768227959815924,52931,14550,34.0,253,0,1
1768227959816854,52931,14550,60.0,253,0,1
1768227959818578,52931,14550,34.0,253,0,1
1768227959819693,52931,14550,60.0,253,0,1
1768227959820975,52931,14550,34.0,253,0,1
1768227959822596,52931,14550,60.0,253,0,1
1768227959824178,52931,14550,34.0,253,0,1
1768227959825657,52931,14550,60.0,253,0,1
1768227959828664,5760,58419,,22,1,0
1768227959829131,52931,14550,34.0,253,0,0
1768227959831073,52931,14550,60.0,253,0,0
1768227959831993,52931,14550,34.0,253,0,0
1768227959834212,52931,14550,60.0,253,0,0
1768227959835864,52931,14550,34.0,253,0,0
1768227959837505,52931,14550,60.0,253,0,0
1768227959838680,52931,14550,34.0,253,0,0
1768227959842336,52931,14550,60.0,253,0,0
1768227959845536,52931,14550,34.0,253,0,0
1768227959846995,52931,14550,60.0,253,0,0
1768227959848598,52931,14550,34.0,253,0,0
1768227959850111,52931,14550,60.0,253,0,0
1768227959851097,52931,14550,34.0,253,0,0
1768227959852412,52931,14550,60.0,253,0,0
1768227959857125,52931,14550,34.0,253,0,0
1768227959860485,52931,14550,60.0,253,0,0
1768227959861666,52931,14550,34.0,253,0,0
1768227959863279,52931,14550,60.0,253,0,0
1768227959864242,52931,14550,34.0,253,0,0
1768227959865181,52931,14550,60.0,253,0,0
1768227959865868,52931,14550,45.0,22,0,0
1768227959867832,52931,14550,34.0,253,0,0
1768227959868714,52931,14550,60.0,253,0,0
1768227960016032,52931,14550,48.0,163,0,0
1768227960018305,52931,14550,44.0,178,0,0
1768227960022386,52931,14550,48.0,30,0,0
1768227960024508,52931,14550,48.0,33,0,0
1768227960026070,52931,14550,39.0,74,0,0
1768227960028752,52931,14550,51.0,1,0,0
1768227960031820,52931,14550,22.0,125,0,0
1768227960033374,52931,14550,27.0,152,0,0
1768227960034636,52931,14550,45.0,62,0,0
1768227960037103,52931,14550,26.0,42,0,0
1768227960040403,52931,14550,32.0,36,0,0
1768227960041728,52931,14550,62.0,65,0,0
1768227960043132,52931,14550,49.0,27,0,0
1768227960044365,52931,14550,44.0,116,0,0
1768227960046197,52931,14550,42.0,129,0,0
1768227960048348,52931,14550,34.0,29,0,0
1768227960049823,52931,14550,34.0,137,0,0
1768227960051794,52931,14550,60.0,24,0,0
1768227960054473,52931,14550,53.0,124,0,0
1768227960057417,52931,14550,31.0,2,0,0
1768227960060163,52931,14550,64.0,164,0,0
1768227960062226,52931,14550,24.0,168,0,0
1768227960064289,52931,14550,42.0,136,0,0
1768227960066735,52931,14550,42.0,193,0,0
1768227960069036,52931,14550,48.0,32,0,0
1768227960071339,52931,14550,40.0,241,0,0
1768227960073168,52931,14550,70.0,87,0,0
1768227960074955,52931,14550,61.0,147,0,0
1768227960077664,52931,14550,64.0,11030,0,0
1768227960181510,5760,58419,,264,1,0
1768227960182642,52931,14550,47.0,264,0,0
1768227960267700,52931,14550,48.0,163,0,0
1768227960269377,52931,14550,44.0,178,0,0
1768227960271389,52931,14550,48.0,30,0,0
1768227960274135,52931,14550,48.0,33,0,0
1768227960276230,52931,14550,39.0,74,0,0
1768227960279990,52931,14550,51.0,1,0,0
1768227960282810,52931,14550,22.0,125,0,0
1768227960284592,52931,14550,27.0,152,0,0
1768227960285912,52931,14550,45.0,62,0,0
1768227960288013,52931,14550,26.0,42,0,0
1768227960290471,52931,14550,32.0,36,0,0
1768227960292038,52931,14550,62.0,65,0,0
1768227960293865,52931,14550,49.0,27,0,0
1768227960295057,52931,14550,44.0,116,0,0
1768227960296882,52931,14550,42.0,129,0,0
1768227960298081,52931,14550,34.0,29,0,0
1768227960299791,52931,14550,34.0,137,0,0
1768227960301322,52931,14550,60.0,24,0,0
1768227960303346,52931,14550,53.0,124,0,0
1768227960305273,52931,14550,31.0,2,0,0
1768227960306544,52931,14550,64.0,164,0,0
1768227960308059,52931,14550,24.0,168,0,0
1768227960310065,52931,14550,42.0,136,0,0
1768227960311249,52931,14550,42.0,193,0,0
1768227960312874,52931,14550,48.0,32,0,0
1768227960314590,52931,14550,40.0,241,0,0
1768227960316202,52931,14550,70.0,87,0,0
1768227960317980,52931,14550,61.0,147,0,0
1768227960320368,52931,14550,64.0,11030,0,0
1768227960344824,58419,5760,,0,1,0
1768227960521402,52931,14550,48.0,163,0,0
1768227960524984,52931,14550,44.0,178,0,0
1768227960527887,52931,14550,48.0,30,0,0
1768227960532050,52931,14550,48.0,33,0,0
1768227960534030,52931,14550,39.0,74,0,0
1768227960538902,52931,14550,51.0,1,0,0
1768227960547934,52931,14550,22.0,125,0,0
1768227960550489,52931,14550,27.0,152,0,0
1768227960554871,52931,14550,45.0,62,0,0
1768227960558891,52931,14550,26.0,42,0,0
1768227960564325,52931,14550,32.0,36,0,0
1768227960566882,52931,14550,62.0,65,0,0
1768227960570025,52931,14550,49.0,27,0,0
1768227960573137,52931,14550,44.0,116,0,0
1768227960575403,52931,14550,42.0,129,0,0
1768227960577653,52931,14550,34.0,29,0,0
1768227960579532,52931,14550,34.0,137,0,0
1768227960583062,52931,14550,60.0,24,0,0
1768227960587849,52931,14550,53.0,124,0,0
1768227960589349,5760,58419,,0,1,0
1768227960591050,52931,14550,31.0,2,0,0
1768227960594334,52931,14550,64.0,164,0,0
1768227960599051,52931,14550,24.0,168,0,0
1768227960602908,52931,14550,42.0,136,0,0
1768227960605399,52931,14550,42.0,193,0,0
1768227960609141,52931,14550,48.0,32,0,0
1768227960612931,52931,14550,40.0,241,0,0
1768227960615074,52931,14550,70.0,87,0,0
1768227960616986,52931,14550,61.0,147,0,0
1768227960621223,52931,14550,64.0,11030,0,0
1768227960628790,52931,14550,29.0,0,0,0
1768227960686618,5760,58419,,264,1,0
1768227960687865,52931,14550,47.0,264,0,0
1768227960771939,52931,14550,48.0,163,0,0
1768227960774250,52931,14550,44.0,178,0,0
1768227960776345,52931,14550,48.0,30,0,0
1768227960778245,52931,14550,48.0,33,0,0
1768227960781277,52931,14550,39.0,74,0,0
1768227960785040,52931,14550,51.0,1,0,0
1768227960788074,52931,14550,22.0,125,0,0
1768227960789937,52931,14550,27.0,152,0,0
1768227960791453,52931,14550,45.0,62,0,0
1768227960793072,52931,14550,26.0,42,0,0
1768227960796390,52931,14550,32.0,36,0,0
1768227960797844,52931,14550,62.0,65,0,0
1768227960799160,52931,14550,49.0,27,0,0
1768227960800626,52931,14550,44.0,116,0,0
1768227960802567,52931,14550,42.0,129,0,0
1768227960804159,52931,14550,34.0,29,0,0
1768227960805671,52931,14550,34.0,137,0,0
1768227960808029,52931,14550,60.0,24,0,0
1768227960810696,52931,14550,53.0,124,0,0
1768227960812509,52931,14550,31.0,2,0,0
1768227960813520,52931,14550,64.0,164,0,0
1768227960814466,52931,14550,24.0,168,0,0
1768227960815704,52931,14550,42.0,136,0,0
1768227960817288,52931,14550,42.0,193,0,0
1768227960819617,52931,14550,48.0,32,0,0
1768227960821575,52931,14550,40.0,241,0,0
1768227960822874,52931,14550,70.0,87,0,0
1768227960825011,52931,14550,61.0,147,0,0
1768227960826623,52931,14550,64.0,11030,0,0
1768227961023756,52931,14550,48.0,163,0,0
1768227961028202,52931,14550,44.0,178,0,0
1768227961029223,52931,14550,48.0,30,0,0
1768227961031660,52931,14550,48.0,33,0,0
1768227961032980,52931,14550,39.0,74,0,0
1768227961036714,52931,14550,51.0,1,0,0
1768227961040774,52931,14550,22.0,125,0,0
1768227961043496,52931,14550,27.0,152,0,0
1768227961044988,52931,14550,45.0,62,0,0
1768227961047833,52931,14550,26.0,42,0,0
1768227961050104,52931,14550,32.0,36,0,0
1768227961051452,52931,14550,62.0,65,0,0
1768227961053505,52931,14550,49.0,27,0,0
1768227961055301,52931,14550,44.0,116,0,0
1768227961057711,52931,14550,42.0,129,0,0
1768227961059384,52931,14550,34.0,29,0,0
1768227961060602,52931,14550,34.0,137,0,0
1768227961062323,52931,14550,60.0,24,0,0
1768227961064270,52931,14550,53.0,124,0,0
1768227961066404,52931,14550,31.0,2,0,0
1768227961067965,52931,14550,64.0,164,0,0
1768227961068846,52931,14550,24.0,168,0,0
1768227961070740,52931,14550,42.0,136,0,0
1768227961071854,52931,14550,42.0,193,0,0
1768227961073042,52931,14550,48.0,32,0,0
1768227961075262,52931,14550,40.0,241,0,0
1768227961076854,52931,14550,70.0,87,0,0
1768227961077865,52931,14550,61.0,147,0,0
1768227961081097,52931,14550,64.0,11030,0,0
1768227961183671,5760,58419,,264,1,0
1768227961184642,52931,14550,47.0,264,0,0
1768227961275394,52931,14550,48.0,163,0,0
1768227961278097,52931,14550,44.0,178,0,0
1768227961280252,52931,14550,48.0,30,0,0
1768227961282204,52931,14550,48.0,33,0,0
1768227961283721,52931,14550,39.0,74,0,0
1768227961286559,52931,14550,51.0,1,0,0
1768227961289108,52931,14550,22.0,125,0,0
1768227961291837,52931,14550,27.0,152,0,0
1768227961293219,52931,14550,45.0,62,0,0
1768227961295858,52931,14550,26.0,42,0,0
1768227961298848,52931,14550,32.0,36,0,0
1768227961300092,52931,14550,62.0,65,0,0
1768227961301335,52931,14550,49.0,27,0,0
1768227961303199,52931,14550,44.0,116,0,0
1768227961304668,52931,14550,42.0,129,0,0
1768227961306050,52931,14550,34.0,29,0,0
1768227961307531,52931,14550,34.0,137,0,0
1768227961308756,52931,14550,60.0,24,0,0
1768227961310704,52931,14550,53.0,124,0,0
1768227961312573,52931,14550,31.0,2,0,0
1768227961314281,52931,14550,64.0,164,0,0
1768227961316265,52931,14550,24.0,168,0,0
1768227961317751,52931,14550,42.0,136,0,0
1768227961319208,52931,14550,42.0,193,0,0
1768227961320628,52931,14550,48.0,32,0,0
1768227961322201,52931,14550,40.0,241,0,0
1768227961323552,52931,14550,70.0,87,0,0
1768227961325562,52931,14550,61.0,147,0,0
1768227961326980,52931,14550,64.0,11030,0,0
1768227961351402,58419,5760,,0,1,0
1768227961524099,52931,14550,48.0,163,0,0
1768227961526053,52931,14550,44.0,178,0,0
1768227961527815,52931,14550,48.0,30,0,0
1768227961529833,52931,14550,48.0,33,0,0
1768227961531644,52931,14550,39.0,74,0,0
1768227961534883,52931,14550,51.0,1,0,0
1768227961540795,52931,14550,22.0,125,0,0
1768227961543638,52931,14550,27.0,152,0,0
1768227961545346,52931,14550,45.0,62,0,0
1768227961548210,52931,14550,26.0,42,0,0
1768227961556505,52931,14550,32.0,36,0,0
1768227961559489,52931,14550,62.0,65,0,0
1768227961563025,52931,14550,49.0,27,0,0
1768227961564680,52931,14550,44.0,116,0,0
1768227961566344,52931,14550,42.0,129,0,0
1768227961569327,52931,14550,34.0,29,0,0
1768227961571203,52931,14550,34.0,137,0,0
1768227961581271,52931,14550,60.0,24,0,0
1768227961585458,52931,14550,53.0,124,0,0
1768227961590307,52931,14550,31.0,2,0,0
1768227961592902,52931,14550,64.0,164,0,0
1768227961594681,52931,14550,24.0,168,0,0
1768227961597215,52931,14550,42.0,136,0,0
1768227961598558,5760,58419,,0,1,0
1768227961602798,52931,14550,42.0,193,0,0
1768227961605255,52931,14550,48.0,32,0,0
1768227961606668,52931,14550,40.0,241,0,0
1768227961608406,52931,14550,70.0,87,0,0
1768227961610036,52931,14550,61.0,147,0,0
1768227961611873,52931,14550,64.0,11030,0,0
1768227961614188,52931,14550,29.0,0,0,0
1768227961687856,5760,58419,,264,1,0
1768227961688975,52931,14550,47.0,264,0,0
1768227961772915,52931,14550,48.0,163,0,0
1768227961774966,52931,14550,44.0,178,0,0
1768227961776321,52931,14550,48.0,30,0,0
1768227961778930,52931,14550,48.0,33,0,0
1768227961782094,52931,14550,39.0,74,0,0
1768227961787124,52931,14550,51.0,1,0,0
1768227961789766,52931,14550,22.0,125,0,0
1768227961791791,52931,14550,27.0,152,0,0
1768227961793776,52931,14550,45.0,62,0,0
1768227961795958,52931,14550,26.0,42,0,0
1768227961798977,52931,14550,32.0,36,0,0
1768227961800264,52931,14550,62.0,65,0,0
1768227961801552,52931,14550,49.0,27,0,0
1768227961803044,52931,14550,44.0,116,0,0
1768227961804716,52931,14550,42.0,129,0,0
1768227961806178,52931,14550,34.0,29,0,0
1768227961807726,52931,14550,34.0,137,0,0
1768227961809126,52931,14550,60.0,24,0,0
1768227961811197,52931,14550,53.0,124,0,0
1768227961812969,52931,14550,31.0,2,0,0
1768227961814690,52931,14550,64.0,164,0,0
1768227961816478,52931,14550,24.0,168,0,0
1768227961818119,52931,14550,42.0,136,0,0
1768227961819629,52931,14550,42.0,193,0,0
1768227961821223,52931,14550,48.0,32,0,0
1768227961822795,52931,14550,40.0,241,0,0
1768227961824301,52931,14550,70.0,87,0,0
1768227961826253,52931,14550,61.0,147,0,0
1768227961828112,52931,14550,64.0,11030,0,0
1768227962030008,52931,14550,48.0,163,0,0
1768227962034776,52931,14550,44.0,178,0,0
1768227962036668,52931,14550,48.0,30,0,0
1768227962039894,52931,14550,48.0,33,0,0
1768227962041877,52931,14550,39.0,74,0,0
1768227962048384,52931,14550,51.0,1,0,0
1768227962055744,52931,14550,22.0,125,0,0
1768227962057823,52931,14550,27.0,152,0,0
1768227962059338,52931,14550,45.0,62,0,0
1768227962062474,52931,14550,26.0,42,0,0
1768227962066252,52931,14550,32.0,36,0,0
1768227962067802,52931,14550,62.0,65,0,0
1768227962069972,52931,14550,49.0,27,0,0
1768227962072400,52931,14550,44.0,116,0,0
1768227962073796,52931,14550,42.0,129,0,0
1768227962077839,52931,14550,34.0,29,0,0
1768227962079645,52931,14550,34.0,137,0,0
1768227962083018,52931,14550,60.0,24,0,0
1768227962086604,52931,14550,53.0,124,0,0
1768227962088335,52931,14550,31.0,2,0,0
1768227962090263,52931,14550,64.0,164,0,0
1768227962091923,52931,14550,24.0,168,0,0
1768227962093509,52931,14550,42.0,136,0,0
1768227962096049,52931,14550,42.0,193,0,0
1768227962100060,52931,14550,48.0,32,0,0
1768227962101897,52931,14550,40.0,241,0,0
1768227962103847,52931,14550,70.0,87,0,0
1768227962106764,52931,14550,61.0,147,0,0
1768227962108279,52931,14550,64.0,11030,0,0
1768227962193976,5760,58419,,264,1,0
1768227962194955,52931,14550,47.0,264,0,0
1768227962281962,52931,14550,48.0,163,0,0
1768227962284189,52931,14550,44.0,178,0,0
1768227962286402,52931,14550,48.0,30,0,0
1768227962288661,52931,14550,48.0,33,0,0
1768227962290092,52931,14550,39.0,74,0,0
1768227962293956,52931,14550,51.0,1,0,0
1768227962299723,52931,14550,22.0,125,0,0
1768227962301845,52931,14550,27.0,152,0,0
1768227962305381,52931,14550,45.0,62,0,0
1768227962309668,52931,14550,26.0,42,0,0
1768227962312909,52931,14550,32.0,36,0,0
1768227962314278,52931,14550,62.0,65,0,0
1768227962315927,52931,14550,49.0,27,0,0
1768227962317184,52931,14550,44.0,116,0,0
1768227962318701,52931,14550,42.0,129,0,0
1768227962320082,52931,14550,34.0,29,0,0
1768227962321396,52931,14550,34.0,137,0,0
1768227962323110,52931,14550,60.0,24,0,0
1768227962324787,52931,14550,53.0,124,0,0
1768227962326669,52931,14550,31.0,2,0,0
1768227962327992,52931,14550,64.0,164,0,0
1768227962329183,52931,14550,24.0,168,0,0
1768227962330591,52931,14550,42.0,136,0,0
1768227962332123,52931,14550,42.0,193,0,0
1768227962333577,52931,14550,48.0,32,0,0
1768227962335042,52931,14550,40.0,241,0,0
1768227962336707,52931,14550,70.0,87,0,0
1768227962338319,52931,14550,61.0,147,0,0
1768227962339585,52931,14550,64.0,11030,0,0
1768227962352483,58419,5760,,0,1,0
1768227962532151,52931,14550,48.0,163,0,0
1768227962534503,52931,14550,44.0,178,0,0
1768227962536674,52931,14550,48.0,30,0,0
1768227962539230,52931,14550,48.0,33,0,0
1768227962541148,52931,14550,39.0,74,0,0
1768227962543886,52931,14550,51.0,1,0,0
1768227962552560,52931,14550,22.0,125,0,0
1768227962557102,52931,14550,27.0,152,0,0
1768227962559935,52931,14550,45.0,62,0,0
1768227962570235,52931,14550,26.0,42,0,0
1768227962574543,52931,14550,32.0,36,0,0
1768227962577364,52931,14550,62.0,65,0,0
1768227962579221,52931,14550,49.0,27,0,0
1768227962580851,52931,14550,44.0,116,0,0
1768227962582572,52931,14550,42.0,129,0,0
1768227962584714,52931,14550,34.0,29,0,0
1768227962586613,52931,14550,34.0,137,0,0
1768227962589588,52931,14550,60.0,24,0,0
1768227962592003,52931,14550,53.0,124,0,0
1768227962597176,52931,14550,31.0,2,0,0
1768227962598451,52931,14550,64.0,164,0,0
1768227962599651,52931,14550,24.0,168,0,0
1768227962601239,52931,14550,42.0,136,0,0
1768227962602718,52931,14550,42.0,193,0,0
1768227962604349,52931,14550,48.0,32,0,0
1768227962605831,52931,14550,40.0,241,0,0
1768227962607110,52931,14550,70.0,87,0,0
1768227962609373,52931,14550,61.0,147,0,0
1768227962610783,52931,14550,64.0,11030,0,0
1768227962613250,52931,14550,33.0,111,0,0
1768227962615384,52931,14550,29.0,0,0,0
1768227962697521,5760,58419,,264,1,0
1768227962699431,52931,14550,47.0,264,0,0
1768227962782378,52931,14550,48.0,163,0,0
1768227962785250,52931,14550,44.0,178,0,0
1768227962786649,52931,14550,48.0,30,0,0
1768227962788387,52931,14550,48.0,33,0,0
1768227962791456,52931,14550,39.0,74,0,0
1768227962794250,52931,14550,51.0,1,0,0
1768227962796901,52931,14550,22.0,125,0,0
1768227962798812,52931,14550,27.0,152,0,0
1768227962800364,52931,14550,45.0,62,0,0
1768227962802924,52931,14550,26.0,42,0,0
1768227962805956,52931,14550,32.0,36,0,0
1768227962807381,52931,14550,62.0,65,0,0
1768227962809150,52931,14550,49.0,27,0,0
1768227962810673,52931,14550,44.0,116,0,0
1768227962811927,52931,14550,42.0,129,0,0
1768227962814850,52931,14550,34.0,29,0,0
1768227962816665,52931,14550,34.0,137,0,0
1768227962818669,52931,14550,60.0,24,0,0
1768227962821230,52931,14550,53.0,124,0,0
1768227962823925,52931,14550,31.0,2,0,0
1768227962825946,52931,14550,64.0,164,0,0
1768227962827620,52931,14550,24.0,168,0,0
1768227962829919,52931,14550,42.0,136,0,0
1768227962831596,52931,14550,42.0,193,0,0
1768227962833194,52931,14550,48.0,32,0,0
1768227962834727,52931,14550,40.0,241,0,0
1768227962836059,52931,14550,70.0,87,0,0
1768227962838211,52931,14550,61.0,147,0,0
1768227962840082,52931,14550,64.0,11030,0,0
1768227963032110,52931,14550,48.0,163,0,0
1768227963035837,52931,14550,44.0,178,0,0
1768227963038367,52931,14550,48.0,30,0,0
1768227963040754,52931,14550,48.0,33,0,0
1768227963043729,52931,14550,39.0,74,0,0
1768227963050424,52931,14550,51.0,1,0,0
1768227963060853,52931,14550,22.0,125,0,0
1768227963064086,52931,14550,27.0,152,0,0
1768227963069060,52931,14550,45.0,62,0,0
1768227963072073,52931,14550,26.0,42,0,0
1768227963079469,52931,14550,32.0,36,0,0
1768227963081739,52931,14550,62.0,65,0,0
1768227963083558,52931,14550,49.0,27,0,0
1768227963087104,52931,14550,44.0,116,0,0
1768227963090119,52931,14550,42.0,129,0,0
1768227963092243,52931,14550,34.0,29,0,0
1768227963094643,52931,14550,34.0,137,0,0
1768227963098713,52931,14550,60.0,24,0,0
1768227963101536,52931,14550,53.0,124,0,0
1768227963105467,52931,14550,31.0,2,0,0
1768227963107728,52931,14550,64.0,164,0,0
1768227963111479,52931,14550,24.0,168,0,0
1768227963113983,52931,14550,42.0,136,0,0
1768227963115355,52931,14550,42.0,193,0,0
1768227963117248,52931,14550,48.0,32,0,0
1768227963118778,52931,14550,40.0,241,0,0
1768227963120176,52931,14550,70.0,87,0,0
1768227963123287,52931,14550,61.0,147,0,0
1768227963125189,52931,14550,64.0,11030,0,0
1768227963200383,5760,58419,,264,1,0
1768227963201766,52931,14550,47.0,264,0,0
1768227963284139,52931,14550,48.0,163,0,0
1768227963286466,52931,14550,44.0,178,0,0
1768227963288824,52931,14550,48.0,30,0,0
1768227963291643,52931,14550,48.0,33,0,0
1768227963295540,52931,14550,39.0,74,0,0
1768227963298609,52931,14550,51.0,1,0,0
1768227963302799,52931,14550,22.0,125,0,0
1768227963304486,52931,14550,27.0,152,0,0
1768227963306112,52931,14550,45.0,62,0,0
1768227963308124,52931,14550,26.0,42,0,0
1768227963311473,52931,14550,32.0,36,0,0
1768227963314243,52931,14550,62.0,65,0,0
1768227963316039,52931,14550,49.0,27,0,0
1768227963317777,52931,14550,44.0,116,0,0
1768227963319244,52931,14550,42.0,129,0,0
1768227963321116,52931,14550,34.0,29,0,0
1768227963322792,52931,14550,34.0,137,0,0
1768227963324754,52931,14550,60.0,24,0,0
1768227963326899,52931,14550,53.0,124,0,0
1768227963329241,52931,14550,31.0,2,0,0
1768227963330797,52931,14550,64.0,164,0,0
1768227963332361,52931,14550,24.0,168,0,0
1768227963333905,52931,14550,42.0,136,0,0
1768227963335377,52931,14550,42.0,193,0,0
1768227963337014,52931,14550,48.0,32,0,0
1768227963339313,52931,14550,40.0,241,0,0
1768227963341260,52931,14550,70.0,87,0,0
1768227963343657,52931,14550,61.0,147,0,0
1768227963345011,52931,14550,64.0,11030,0,0
1768227963358316,58419,5760,,0,1,0
1768227963535088,52931,14550,48.0,163,0,0
1768227963538739,52931,14550,44.0,178,0,0
1768227963541377,52931,14550,48.0,30,0,0
1768227963546834,52931,14550,48.0,33,0,0
1768227963550545,52931,14550,39.0,74,0,0
1768227963555215,52931,14550,51.0,1,0,0
1768227963561563,52931,14550,22.0,125,0,0
1768227963564275,52931,14550,27.0,152,0,0
1768227963566357,52931,14550,45.0,62,0,0
1768227963568747,52931,14550,26.0,42,0,0
1768227963571447,52931,14550,32.0,36,0,0
1768227963574159,52931,14550,62.0,65,0,0
1768227963575756,52931,14550,49.0,27,0,0
1768227963577382,52931,14550,44.0,116,0,0
1768227963579820,52931,14550,42.0,129,0,0
1768227963582954,52931,14550,34.0,29,0,0
1768227963584199,52931,14550,34.0,137,0,0
1768227963586185,52931,14550,60.0,24,0,0
1768227963588364,52931,14550,53.0,124,0,0
1768227963590537,52931,14550,31.0,2,0,0
1768227963592314,52931,14550,64.0,164,0,0
1768227963595718,52931,14550,24.0,168,0,0
1768227963598167,52931,14550,42.0,136,0,0
1768227963599727,52931,14550,42.0,193,0,0
1768227963601644,52931,14550,48.0,32,0,0
1768227963604287,52931,14550,40.0,241,0,0
1768227963606363,52931,14550,70.0,87,0,0
1768227963609713,52931,14550,61.0,147,0,0
1768227963611038,5760,58419,,0,1,0
1768227963611136,52931,14550,64.0,11030,0,0
1768227963614551,52931,14550,29.0,0,0,0
1768227963699668,5760,58419,,264,1,0
1768227963700280,52931,14550,47.0,264,0,0
1768227963790270,52931,14550,48.0,163,0,0
1768227963793188,52931,14550,44.0,178,0,0
1768227963795597,52931,14550,48.0,30,0,0
1768227963797441,52931,14550,48.0,33,0,0
1768227963798841,52931,14550,39.0,74,0,0
1768227963801667,52931,14550,51.0,1,0,0
1768227963805192,52931,14550,22.0,125,0,0
1768227963806753,52931,14550,27.0,152,0,0
1768227963807922,52931,14550,45.0,62,0,0
1768227963810062,52931,14550,26.0,42,0,0
1768227963812733,52931,14550,32.0,36,0,0
1768227963814451,52931,14550,62.0,65,0,0
1768227963816159,52931,14550,49.0,27,0,0
1768227963818339,52931,14550,44.0,116,0,0
1768227963820347,52931,14550,42.0,129,0,0
1768227963821825,52931,14550,34.0,29,0,0
1768227963823107,52931,14550,34.0,137,0,0
1768227963824692,52931,14550,60.0,24,0,0
1768227963826850,52931,14550,53.0,124,0,0
1768227963828999,52931,14550,31.0,2,0,0
1768227963830509,52931,14550,64.0,164,0,0
1768227963832861,52931,14550,24.0,168,0,0
1768227963834481,52931,14550,42.0,136,0,0
1768227963836166,52931,14550,42.0,193,0,0
1768227963837920,52931,14550,48.0,32,0,0
1768227963839749,52931,14550,40.0,241,0,0
1768227963841928,52931,14550,70.0,87,0,0
1768227963844263,52931,14550,61.0,147,0,0
1768227963845568,52931,14550,64.0,11030,0,0
1768227964042646,52931,14550,48.0,163,0,0
1768227964044620,52931,14550,44.0,178,0,0
1768227964047022,52931,14550,48.0,30,0,0
1768227964049894,52931,14550,48.0,33,0,0
1768227964052797,52931,14550,39.0,74,0,0
1768227964059476,52931,14550,51.0,1,0,0
1768227964063779,52931,14550,22.0,125,0,0
1768227964067200,52931,14550,27.0,152,0,0
1768227964069123,52931,14550,45.0,62,0,0
1768227964073134,52931,14550,26.0,42,0,0
1768227964077117,52931,14550,32.0,36,0,0
1768227964079260,52931,14550,62.0,65,0,0
1768227964081202,52931,14550,49.0,27,0,0
1768227964082940,52931,14550,44.0,116,0,0
1768227964084571,52931,14550,42.0,129,0,0
1768227964086870,52931,14550,34.0,29,0,0
1768227964091512,52931,14550,34.0,137,0,0
1768227964093984,52931,14550,60.0,24,0,0
1768227964096760,52931,14550,53.0,124,0,0
1768227964100533,52931,14550,31.0,2,0,0
1768227964101864,52931,14550,64.0,164,0,0
1768227964106548,52931,14550,24.0,168,0,0
1768227964110400,52931,14550,42.0,136,0,0
1768227964112807,52931,14550,42.0,193,0,0
1768227964114611,52931,14550,48.0,32,0,0
1768227964116158,52931,14550,40.0,241,0,0
1768227964117373,52931,14550,70.0,87,0,0
1768227964119590,52931,14550,61.0,147,0,0
1768227964121785,52931,14550,64.0,11030,0,0
1768227964208014,5760,58419,,264,1,0
1768227964208999,52931,14550,47.0,264,0,0
1768227964294605,52931,14550,48.0,163,0,0
1768227964296645,52931,14550,44.0,178,0,0
1768227964299355,52931,14550,48.0,30,0,0
1768227964302539,52931,14550,48.0,33,0,0
1768227964305543,52931,14550,39.0,74,0,0
1768227964309697,52931,14550,51.0,1,0,0
1768227964312777,52931,14550,22.0,125,0,0
1768227964314617,52931,14550,27.0,152,0,0
1768227964316394,52931,14550,45.0,62,0,0
1768227964318267,52931,14550,26.0,42,0,0
1768227964321101,52931,14550,32.0,36,0,0
1768227964322372,52931,14550,62.0,65,0,0
1768227964325028,52931,14550,49.0,27,0,0
1768227964327153,52931,14550,44.0,116,0,0
1768227964328665,52931,14550,42.0,129,0,0
1768227964329833,52931,14550,34.0,29,0,0
1768227964331517,52931,14550,34.0,137,0,0
1768227964332905,52931,14550,60.0,24,0,0
1768227964335104,52931,14550,53.0,124,0,0
1768227964336667,52931,14550,31.0,2,0,0
1768227964338277,52931,14550,64.0,164,0,0
1768227964339721,52931,14550,24.0,168,0,0
1768227964341241,52931,14550,42.0,136,0,0
1768227964342966,52931,14550,42.0,193,0,0
1768227964344652,52931,14550,48.0,32,0,0
1768227964346149,52931,14550,40.0,241,0,0
1768227964347483,52931,14550,70.0,87,0,0
1768227964349032,52931,14550,61.0,147,0,0
1768227964350823,52931,14550,64.0,11030,0,0
1768227964363367,58419,5760,,0,1,0
1768227964545259,52931,14550,48.0,163,0,0
1768227964547398,52931,14550,44.0,178,0,0
1768227964549250,52931,14550,48.0,30,0,0
1768227964552791,52931,14550,48.0,33,0,0
1768227964554253,52931,14550,39.0,74,0,0
1768227964559550,52931,14550,51.0,1,0,0
1768227964567217,52931,14550,22.0,125,0,0
1768227964569501,52931,14550,27.0,152,0,0
1768227964571637,52931,14550,45.0,62,0,0
1768227964576514,52931,14550,26.0,42,0,0
1768227964581300,52931,14550,32.0,36,0,0
1768227964585304,52931,14550,62.0,65,0,0
1768227964588228,52931,14550,49.0,27,0,0
1768227964590346,52931,14550,44.0,116,0,0
1768227964592197,52931,14550,42.0,129,0,0
1768227964593782,52931,14550,34.0,29,0,0
1768227964595977,52931,14550,34.0,137,0,0
1768227964597881,52931,14550,60.0,24,0,0
1768227964600483,52931,14550,53.0,124,0,0
1768227964603772,52931,14550,31.0,2,0,0
1768227964605674,52931,14550,64.0,164,0,0
1768227964611930,52931,14550,24.0,168,0,0
1768227964614448,52931,14550,42.0,136,0,0
1768227964615115,5760,58419,,0,1,0
1768227964616030,52931,14550,42.0,193,0,0
1768227964617614,52931,14550,48.0,32,0,0
1768227964619250,52931,14550,40.0,241,0,0
1768227964620902,52931,14550,70.0,87,0,0
1768227964622706,52931,14550,61.0,147,0,0
1768227964624879,52931,14550,64.0,11030,0,0
1768227964627628,52931,14550,29.0,0,0,0
1768227964707855,5760,58419,,264,1,0
1768227964709280,52931,14550,47.0,264,0,0
1768227964793420,52931,14550,48.0,163,0,0
1768227964795049,52931,14550,44.0,178,0,0
1768227964796735,52931,14550,48.0,30,0,0
1768227964800816,52931,14550,48.0,33,0,0
1768227964802440,52931,14550,39.0,74,0,0
1768227964806124,52931,14550,51.0,1,0,0
1768227964808587,52931,14550,22.0,125,0,0
1768227964810272,52931,14550,27.0,152,0,0
1768227964811475,52931,14550,45.0,62,0,0
1768227964813798,52931,14550,26.0,42,0,0
1768227964817077,52931,14550,32.0,36,0,0
1768227964818711,52931,14550,62.0,65,0,0
1768227964820122,52931,14550,49.0,27,0,0
1768227964821724,52931,14550,44.0,116,0,0
1768227964822967,52931,14550,42.0,129,0,0
1768227964825179,52931,14550,34.0,29,0,0
1768227964826466,52931,14550,34.0,137,0,0
1768227964827956,52931,14550,60.0,24,0,0
1768227964829816,52931,14550,53.0,124,0,0
1768227964831660,52931,14550,31.0,2,0,0
1768227964833287,52931,14550,64.0,164,0,0
1768227964834649,52931,14550,24.0,168,0,0
1768227964836300,52931,14550,42.0,136,0,0
1768227964837495,52931,14550,42.0,193,0,0
1768227964839626,52931,14550,48.0,32,0,0
1768227964841886,52931,14550,40.0,241,0,0
1768227964843458,52931,14550,70.0,87,0,0
1768227964845462,52931,14550,61.0,147,0,0
1768227964847210,52931,14550,64.0,11030,0,0
1768227965045726,52931,14550,48.0,163,0,0
1768227965048206,52931,14550,44.0,178,0,0
1768227965051640,52931,14550,48.0,30,0,0
1768227965054818,52931,14550,48.0,33,0,0
1768227965056670,52931,14550,39.0,74,0,0
1768227965066285,52931,14550,51.0,1,0,0
1768227965075039,52931,14550,22.0,125,0,0
1768227965077086,52931,14550,27.0,152,0,0
1768227965078411,52931,14550,45.0,62,0,0
1768227965081081,52931,14550,26.0,42,0,0
1768227965084191,52931,14550,32.0,36,0,0
1768227965085568,52931,14550,62.0,65,0,0
1768227965087713,52931,14550,49.0,27,0,0
1768227965088990,52931,14550,44.0,116,0,0
1768227965090853,52931,14550,42.0,129,0,0
1768227965092528,52931,14550,34.0,29,0,0
1768227965093813,52931,14550,34.0,137,0,0
1768227965095333,52931,14550,60.0,24,0,0
1768227965097109,52931,14550,53.0,124,0,0
1768227965098748,52931,14550,31.0,2,0,0
1768227965101203,52931,14550,64.0,164,0,0
1768227965102674,52931,14550,24.0,168,0,0
1768227965104649,52931,14550,42.0,136,0,0
1768227965106554,52931,14550,42.0,193,0,0
1768227965108352,52931,14550,48.0,32,0,0
1768227965110318,52931,14550,40.0,241,0,0
1768227965111699,52931,14550,70.0,87,0,0
1768227965114365,52931,14550,61.0,147,0,0
1768227965116058,52931,14550,64.0,11030,0,0
1768227965213417,5760,58419,,264,1,0
1768227965214540,52931,14550,47.0,264,0,0
1768227965295082,52931,14550,48.0,163,0,0
1768227965297613,52931,14550,44.0,178,0,0
1768227965300707,52931,14550,48.0,30,0,0
1768227965304288,52931,14550,48.0,33,0,0
1768227965309529,52931,14550,39.0,74,0,0
1768227965313564,52931,14550,51.0,1,0,0
1768227965318172,52931,14550,22.0,125,0,0
1768227965321695,52931,14550,27.0,152,0,0
1768227965324297,52931,14550,45.0,62,0,0
1768227965328088,52931,14550,26.0,42,0,0
1768227965333038,52931,14550,32.0,36,0,0
1768227965335200,52931,14550,62.0,65,0,0
1768227965337507,52931,14550,49.0,27,0,0
1768227965339761,52931,14550,44.0,116,0,0
1768227965341747,52931,14550,42.0,129,0,0
1768227965343781,52931,14550,34.0,29,0,0
1768227965345838,52931,14550,34.0,137,0,0
1768227965347496,52931,14550,60.0,24,0,0
1768227965350797,52931,14550,53.0,124,0,0
1768227965353363,52931,14550,31.0,2,0,0
1768227965355199,52931,14550,64.0,164,0,0
1768227965357411,52931,14550,24.0,168,0,0
1768227965360279,52931,14550,42.0,136,0,0
1768227965363243,52931,14550,42.0,193,0,0
1768227965365665,52931,14550,48.0,32,0,0
1768227965367141,52931,14550,40.0,241,0,0
1768227965368870,52931,14550,70.0,87,0,0
1768227965371579,52931,14550,61.0,147,0,0
1768227965374456,52931,14550,64.0,11030,0,0
1768227965376804,58419,5760,,0,1,0
1768227965550090,52931,14550,48.0,163,0,0
1768227965553321,52931,14550,44.0,178,0,0
1768227965557326,52931,14550,48.0,30,0,0
1768227965562233,52931,14550,48.0,33,0,0
1768227965566496,52931,14550,39.0,74,0,0
1768227965572016,52931,14550,51.0,1,0,0
1768227965578051,52931,14550,22.0,125,0,0
1768227965582026,52931,14550,27.0,152,0,0
1768227965585069,52931,14550,45.0,62,0,0
1768227965592917,52931,14550,26.0,42,0,0
1768227965596971,52931,14550,32.0,36,0,0
1768227965598977,52931,14550,62.0,65,0,0
1768227965602223,52931,14550,49.0,27,0,0
1768227965607622,52931,14550,44.0,116,0,0
1768227965612046,52931,14550,42.0,129,0,0
1768227965615098,52931,14550,34.0,29,0,0
1768227965619015,52931,14550,34.0,137,0,0
1768227965621040,5760,58419,,0,1,0
1768227965622240,52931,14550,60.0,24,0,0
1768227965626165,52931,14550,53.0,124,0,0
1768227965628710,52931,14550,31.0,2,0,0
1768227965632420,52931,14550,64.0,164,0,0
1768227965634919,52931,14550,24.0,168,0,0
1768227965638433,52931,14550,42.0,136,0,0
1768227965641068,52931,14550,42.0,193,0,0
1768227965644308,52931,14550,48.0,32,0,0
1768227965646716,52931,14550,40.0,241,0,0
1768227965649084,52931,14550,70.0,87,0,0
1768227965651628,52931,14550,61.0,147,0,0
1768227965657421,52931,14550,64.0,11030,0,0
1768227965666599,52931,14550,29.0,0,0,0
1768227965717250,5760,58419,,264,1,0
1768227965718935,52931,14550,47.0,264,0,0
1768227965805753,52931,14550,48.0,163,0,0
1768227965809656,52931,14550,44.0,178,0,0
1768227965813674,52931,14550,48.0,30,0,0
1768227965820076,52931,14550,47.0,33,0,0
1768227965824093,52931,14550,39.0,74,0,0
1768227965832834,52931,14550,51.0,1,0,0
1768227965837375,52931,14550,22.0,125,0,0
1768227965841230,52931,14550,27.0,152,0,0
1768227965844653,52931,14550,45.0,62,0,0
1768227965853771,52931,14550,26.0,42,0,0
1768227965857428,52931,14550,32.0,36,0,0
1768227965859090,52931,14550,62.0,65,0,0
1768227965861300,52931,14550,49.0,27,0,0
1768227965862795,52931,14550,44.0,116,0,0
1768227965864032,52931,14550,42.0,129,0,0
1768227965865593,52931,14550,34.0,29,0,0
1768227965866911,52931,14550,34.0,137,0,0
1768227965868417,52931,14550,60.0,24,0,0
1768227965871549,52931,14550,53.0,124,0,0
1768227965873212,52931,14550,31.0,2,0,0
1768227965874427,52931,14550,64.0,164,0,0
1768227965876074,52931,14550,24.0,168,0,0
1768227965878350,52931,14550,42.0,136,0,0
1768227965880290,52931,14550,42.0,193,0,0
1768227965882530,52931,14550,48.0,32,0,0
1768227965884103,52931,14550,40.0,241,0,0
1768227965885305,52931,14550,70.0,87,0,0
1768227965887655,52931,14550,61.0,147,0,0
1768227965889871,52931,14550,64.0,11030,0,0
1768227966054368,52931,14550,48.0,163,0,0
1768227966056647,52931,14550,44.0,178,0,0
1768227966058758,52931,14550,48.0,30,0,0
1768227966062855,52931,14550,48.0,33,0,0
1768227966064725,52931,14550,39.0,74,0,0
1768227966068569,52931,14550,51.0,1,0,0
1768227966072942,52931,14550,22.0,125,0,0
1768227966075895,52931,14550,27.0,152,0,0
1768227966077679,52931,14550,45.0,62,0,0
1768227966080275,52931,14550,26.0,42,0,0
1768227966083562,52931,14550,32.0,36,0,0
1768227966085867,52931,14550,62.0,65,0,0
1768227966088296,52931,14550,49.0,27,0,0
1768227966089853,52931,14550,44.0,116,0,0
1768227966090808,52931,14550,42.0,129,0,0
1768227966092854,52931,14550,34.0,29,0,0
1768227966094990,52931,14550,34.0,137,0,0
1768227966097524,52931,14550,60.0,24,0,0
1768227966100007,52931,14550,53.0,124,0,0
1768227966101582,52931,14550,31.0,2,0,0
1768227966103081,52931,14550,64.0,164,0,0
1768227966104414,52931,14550,24.0,168,0,0
1768227966105928,52931,14550,42.0,136,0,0
1768227966107089,52931,14550,42.0,193,0,0
1768227966108460,52931,14550,48.0,32,0,0
1768227966109608,52931,14550,40.0,241,0,0
1768227966111159,52931,14550,70.0,87,0,0
1768227966113010,52931,14550,61.0,147,0,0
1768227966114100,52931,14550,64.0,11030,0,0
1768227966216856,5760,58419,,264,1,0
1768227966217689,52931,14550,47.0,264,0,0
1768227966301588,52931,14550,48.0,163,0,0
1768227966304901,52931,14550,44.0,178,0,0
1768227966306289,52931,14550,48.0,30,0,0
1768227966308298,52931,14550,48.0,33,0,0
1768227966309766,52931,14550,39.0,74,0,0
1768227966312442,52931,14550,51.0,1,0,0
1768227966314265,52931,14550,22.0,125,0,0
1768227966315813,52931,14550,27.0,152,0,0
1768227966316958,52931,14550,45.0,62,0,0
1768227966318625,52931,14550,26.0,42,0,0
1768227966321087,52931,14550,32.0,36,0,0
1768227966322516,52931,14550,62.0,65,0,0
1768227966324244,52931,14550,49.0,27,0,0
1768227966325798,52931,14550,44.0,116,0,0
1768227966327122,52931,14550,42.0,129,0,0
1768227966328293,52931,14550,34.0,29,0,0
1768227966329518,52931,14550,34.0,137,0,0
1768227966330572,52931,14550,60.0,24,0,0
1768227966332016,52931,14550,53.0,124,0,0
1768227966333786,52931,14550,31.0,2,0,0
1768227966334991,52931,14550,64.0,164,0,0
1768227966336300,52931,14550,24.0,168,0,0
1768227966337672,52931,14550,42.0,136,0,0
1768227966339095,52931,14550,42.0,193,0,0
1768227966341230,52931,14550,48.0,32,0,0
1768227966342334,52931,14550,40.0,241,0,0
1768227966343816,52931,14550,70.0,87,0,0
1768227966345000,52931,14550,61.0,147,0,0
1768227966346372,52931,14550,64.0,11030,0,0
1768227966381306,58419,5760,,0,1,0
1768227966556663,52931,14550,48.0,163,0,0
1768227966558873,52931,14550,44.0,178,0,0
1768227966559966,52931,14550,48.0,30,0,0
1768227966561505,52931,14550,48.0,33,0,0
1768227966562731,52931,14550,39.0,74,0,0
1768227966566302,52931,14550,51.0,1,0,0
1768227966569942,52931,14550,22.0,125,0,0
1768227966572902,52931,14550,27.0,152,0,0
1768227966574230,52931,14550,44.0,62,0,0
1768227966576693,52931,14550,26.0,42,0,0
1768227966579678,52931,14550,32.0,36,0,0
1768227966580577,52931,14550,62.0,65,0,0
1768227966581630,52931,14550,49.0,27,0,0
1768227966583886,52931,14550,44.0,116,0,0
1768227966584921,52931,14550,42.0,129,0,0
1768227966586346,52931,14550,34.0,29,0,0
1768227966587257,52931,14550,34.0,137,0,0
1768227966588782,52931,14550,60.0,24,0,0
1768227966590608,52931,14550,53.0,124,0,0
1768227966592099,52931,14550,31.0,2,0,0
1768227966594358,52931,14550,64.0,164,0,0
1768227966595502,52931,14550,24.0,168,0,0
1768227966597536,52931,14550,42.0,136,0,0
1768227966599664,52931,14550,42.0,193,0,0
1768227966600779,52931,14550,48.0,32,0,0
1768227966602431,52931,14550,40.0,241,0,0
1768227966603775,52931,14550,70.0,87,0,0
1768227966606677,52931,14550,61.0,147,0,0
1768227966609097,52931,14550,64.0,11030,0,0
1768227966626815,5760,58419,,0,1,0
1768227966627729,52931,14550,29.0,0,0,0
1768227966719546,5760,58419,,264,1,0
1768227966720454,52931,14550,47.0,264,0,0
1768227966808208,52931,14550,48.0,163,0,0
1768227966809997,52931,14550,44.0,178,0,0
1768227966811532,52931,14550,48.0,30,0,0
1768227966814074,52931,14550,48.0,33,0,0
1768227966815220,52931,14550,39.0,74,0,0
1768227966817233,52931,14550,51.0,1,0,0
1768227966818944,52931,14550,22.0,125,0,0
1768227966819976,52931,14550,27.0,152,0,0
1768227966821480,52931,14550,44.0,62,0,0
1768227966823561,52931,14550,26.0,42,0,0
1768227966826018,52931,14550,32.0,36,0,0
1768227966827485,52931,14550,62.0,65,0,0
1768227966828809,52931,14550,49.0,27,0,0
1768227966830197,52931,14550,44.0,116,0,0
1768227966831582,52931,14550,42.0,129,0,0
1768227966832993,52931,14550,34.0,29,0,0
1768227966834054,52931,14550,34.0,137,0,0
1768227966835226,52931,14550,60.0,24,0,0
1768227966837133,52931,14550,53.0,124,0,0
1768227966838335,52931,14550,31.0,2,0,0
1768227966839805,52931,14550,64.0,164,0,0
1768227966840679,52931,14550,24.0,168,0,0
1768227966841862,52931,14550,42.0,136,0,0
1768227966843124,52931,14550,42.0,193,0,0
1768227966844621,52931,14550,48.0,32,0,0
1768227966845932,52931,14550,40.0,241,0,0
1768227966847122,52931,14550,70.0,87,0,0
1768227966848407,52931,14550,61.0,147,0,0
1768227966849678,52931,14550,64.0,11030,0,0
1768227966873452,52931,14550,21.0,46,0,0
1768227966875753,52931,14550,39.0,253,0,0
1768227966877592,52931,14550,34.0,253,0,0
1768227967055291,52931,14550,48.0,163,0,0
1768227967057265,52931,14550,44.0,178,0,0
1768227967058805,52931,14550,48.0,30,0,0
1768227967061313,52931,14550,48.0,33,0,0
1768227967062913,52931,14550,39.0,74,0,0
1768227967069466,52931,14550,51.0,1,0,0
1768227967072701,52931,14550,22.0,125,0,0
1768227967074460,52931,14550,27.0,152,0,0
1768227967075824,52931,14550,45.0,62,0,0
1768227967078199,52931,14550,26.0,42,0,0
1768227967081417,52931,14550,32.0,36,0,0
1768227967083009,52931,14550,62.0,65,0,0
1768227967084492,52931,14550,49.0,27,0,0
1768227967086642,52931,14550,44.0,116,0,0
1768227967087965,52931,14550,42.0,129,0,0
1768227967089581,52931,14550,34.0,29,0,0
1768227967091315,52931,14550,34.0,137,0,0
1768227967092367,52931,14550,60.0,24,0,0
1768227967094645,52931,14550,53.0,124,0,0
1768227967096818,52931,14550,31.0,2,0,0
1768227967098380,52931,14550,64.0,164,0,0
1768227967100329,52931,14550,24.0,168,0,0
1768227967102219,52931,14550,42.0,136,0,0
1768227967103796,52931,14550,42.0,193,0,0
1768227967105752,52931,14550,48.0,32,0,0
1768227967106728,52931,14550,40.0,241,0,0
1768227967109071,52931,14550,70.0,87,0,0
1768227967110847,52931,14550,61.0,147,0,0
1768227967112861,52931,14550,64.0,11030,0,0
1768227967222357,5760,58419,,264,1,0
1768227967223746,52931,14550,47.0,264,0,0
1768227967306386,52931,14550,48.0,163,0,0
1768227967311148,52931,14550,44.0,178,0,0
1768227967313969,52931,14550,48.0,30,0,0
1768227967317183,52931,14550,48.0,33,0,0
1768227967320301,52931,14550,39.0,74,0,0
1768227967324265,52931,14550,51.0,1,0,0
1768227967328458,52931,14550,22.0,125,0,0
1768227967331727,52931,14550,27.0,152,0,0
1768227967334078,52931,14550,45.0,62,0,0
1768227967337392,52931,14550,26.0,42,0,0
1768227967342031,52931,14550,32.0,36,0,0
1768227967344479,52931,14550,62.0,65,0,0
1768227967346677,52931,14550,49.0,27,0,0
1768227967348731,52931,14550,44.0,116,0,0
1768227967351182,52931,14550,42.0,129,0,0
1768227967354080,52931,14550,34.0,29,0,0
1768227967356189,52931,14550,34.0,137,0,0
1768227967358876,52931,14550,60.0,24,0,0
1768227967363096,52931,14550,53.0,124,0,0
1768227967366133,52931,14550,31.0,2,0,0
1768227967369177,52931,14550,64.0,164,0,0
1768227967372250,52931,14550,24.0,168,0,0
1768227967374874,52931,14550,42.0,136,0,0
1768227967376646,52931,14550,42.0,193,0,0
1768227967379171,52931,14550,48.0,32,0,0
1768227967381289,52931,14550,40.0,241,0,0
1768227967383612,52931,14550,70.0,87,0,0
1768227967386526,52931,14550,61.0,147,0,0
1768227967388827,52931,14550,64.0,11030,0,0
1768227967391047,58419,5760,,0,1,0
1768227967563319,52931,14550,48.0,163,0,0
1768227967566956,52931,14550,44.0,178,0,0
1768227967570410,52931,14550,48.0,30,0,0
1768227967573185,52931,14550,48.0,33,0,0
1768227967574968,52931,14550,39.0,74,0,0
1768227967580488,52931,14550,51.0,1,0,0
1768227967586339,52931,14550,22.0,125,0,0
1768227967590448,52931,14550,27.0,152,0,0
1768227967594989,52931,14550,45.0,62,0,0
1768227967598529,52931,14550,26.0,42,0,0
1768227967602558,52931,14550,32.0,36,0,0
1768227967604573,52931,14550,62.0,65,0,0
1768227967607959,52931,14550,49.0,27,0,0
1768227967611578,52931,14550,44.0,116,0,0
1768227967613464,52931,14550,42.0,129,0,0
1768227967615251,52931,14550,34.0,29,0,0
1768227967617929,52931,14550,34.0,137,0,0
1768227967621088,52931,14550,60.0,24,0,0
1768227967625240,52931,14550,53.0,124,0,0
1768227967628576,52931,14550,31.0,2,0,0
1768227967631220,52931,14550,64.0,164,0,0
1768227967633934,5760,58419,,0,1,0
1768227967634443,52931,14550,24.0,168,0,0
1768227967637854,52931,14550,42.0,136,0,0
1768227967640784,52931,14550,42.0,193,0,0
1768227967643536,52931,14550,48.0,32,0,0
1768227967647344,52931,14550,40.0,241,0,0
1768227967652775,52931,14550,70.0,87,0,0
1768227967655849,52931,14550,61.0,147,0,0
1768227967658014,52931,14550,64.0,11030,0,0
1768227967665389,52931,14550,29.0,0,0,0
1768227967723473,5760,58419,,264,1,0
1768227967724707,52931,14550,47.0,264,0,0
1768227967810004,52931,14550,48.0,163,0,0
1768227967811425,52931,14550,44.0,178,0,0
1768227967812050,52931,14550,48.0,30,0,0
1768227967812934,52931,14550,48.0,33,0,0
1768227967813536,52931,14550,39.0,74,0,0
1768227967814780,52931,14550,51.0,1,0,0
1768227967815894,52931,14550,22.0,125,0,0
1768227967816790,52931,14550,27.0,152,0,0
1768227967817218,52931,14550,45.0,62,0,0
1768227967818240,52931,14550,26.0,42,0,0
1768227967819550,52931,14550,32.0,36,0,0
1768227967819972,52931,14550,62.0,65,0,0
1768227967820542,52931,14550,49.0,27,0,0
1768227967821018,52931,14550,44.0,116,0,0
1768227967821514,52931,14550,42.0,129,0,0
1768227967822069,52931,14550,34.0,29,0,0
1768227967822649,52931,14550,34.0,137,0,0
1768227967823175,52931,14550,60.0,24,0,0
1768227967823915,52931,14550,53.0,124,0,0
1768227967824497,52931,14550,31.0,2,0,0
1768227967825173,52931,14550,64.0,164,0,0
1768227967825719,52931,14550,24.0,168,0,0
1768227967826283,52931,14550,42.0,136,0,0
1768227967826787,52931,14550,42.0,193,0,0
1768227967827260,52931,14550,48.0,32,0,0
1768227967827736,52931,14550,40.0,241,0,0
1768227967828230,52931,14550,70.0,87,0,0
1768227967828746,52931,14550,61.0,147,0,0
1768227967829311,52931,14550,64.0,11030,0,0
1768227968061204,52931,14550,48.0,163,0,0
1768227968064463,52931,14550,44.0,178,0,0
1768227968067482,52931,14550,48.0,30,0,0
1768227968070445,52931,14550,48.0,33,0,0
1768227968073137,52931,14550,39.0,74,0,0
1768227968077495,52931,14550,51.0,1,0,0
1768227968086946,52931,14550,22.0,125,0,0
1768227968091746,52931,14550,27.0,152,0,0
1768227968095941,52931,14550,45.0,62,0,0
1768227968101464,52931,14550,26.0,42,0,0
1768227968106044,52931,14550,32.0,36,0,0
1768227968109128,52931,14550,62.0,65,0,0
1768227968111734,52931,14550,49.0,27,0,0
1768227968116363,52931,14550,44.0,116,0,0
1768227968118313,52931,14550,42.0,129,0,0
1768227968122718,52931,14550,34.0,29,0,0
1768227968125166,52931,14550,34.0,137,0,0
1768227968127956,52931,14550,60.0,24,0,0
1768227968130893,52931,14550,53.0,124,0,0
1768227968137106,52931,14550,31.0,2,0,0
1768227968140198,52931,14550,64.0,164,0,0
1768227968142963,52931,14550,24.0,168,0,0
1768227968145843,52931,14550,42.0,136,0,0
1768227968148900,52931,14550,42.0,193,0,0
1768227968155572,52931,14550,48.0,32,0,0
1768227968157783,52931,14550,40.0,241,0,0
1768227968161355,52931,14550,70.0,87,0,0
1768227968164273,52931,14550,61.0,147,0,0
1768227968167221,52931,14550,64.0,11030,0,0
1768227968227530,5760,58419,,264,1,0
1768227968229408,52931,14550,47.0,264,0,0
1768227968316287,52931,14550,48.0,163,0,0
1768227968319612,52931,14550,44.0,178,0,0
1768227968321938,52931,14550,48.0,30,0,0
1768227968325047,52931,14550,48.0,33,0,0
1768227968327940,52931,14550,39.0,74,0,0
1768227968333366,52931,14550,51.0,1,0,0
1768227968338000,52931,14550,22.0,125,0,0
1768227968340616,52931,14550,27.0,152,0,0
1768227968343500,52931,14550,45.0,62,0,0
1768227968347504,52931,14550,26.0,42,0,0
1768227968351941,52931,14550,32.0,36,0,0
1768227968353900,52931,14550,62.0,65,0,0
1768227968356434,52931,14550,49.0,27,0,0
1768227968359123,52931,14550,44.0,116,0,0
1768227968361401,52931,14550,42.0,129,0,0
1768227968364224,52931,14550,34.0,29,0,0
1768227968366701,52931,14550,34.0,137,0,0
1768227968368568,52931,14550,60.0,24,0,0
1768227968371949,52931,14550,53.0,124,0,0
1768227968374009,52931,14550,31.0,2,0,0
1768227968376890,52931,14550,64.0,164,0,0
1768227968379288,52931,14550,24.0,168,0,0
1768227968382037,52931,14550,42.0,136,0,0
1768227968383659,52931,14550,42.0,193,0,0
1768227968386051,52931,14550,48.0,32,0,0
1768227968388009,52931,14550,40.0,241,0,0
1768227968390427,52931,14550,70.0,87,0,0
1768227968392813,52931,14550,61.0,147,0,0
1768227968395739,52931,14550,64.0,11030,0,0
1768227968397582,58419,5760,,0,1,0
1768227968566406,52931,14550,48.0,163,0,0
1768227968570403,52931,14550,44.0,178,0,0
1768227968573995,52931,14550,48.0,30,0,0
1768227968579114,52931,14550,48.0,33,0,0
1768227968583907,52931,14550,39.0,74,0,0
1768227968588727,52931,14550,51.0,1,0,0
1768227968596832,52931,14550,22.0,125,0,0
1768227968601450,52931,14550,27.0,152,0,0
1768227968604047,52931,14550,45.0,62,0,0
1768227968608780,52931,14550,26.0,42,0,0
1768227968613288,52931,14550,32.0,36,0,0
1768227968616574,52931,14550,62.0,65,0,0
1768227968619779,52931,14550,49.0,27,0,0
1768227968621700,52931,14550,44.0,116,0,0
1768227968625723,52931,14550,42.0,129,0,0
1768227968631586,52931,14550,34.0,29,0,0
1768227968634548,52931,14550,34.0,137,0,0
1768227968636669,52931,14550,60.0,24,0,0
1768227968640237,52931,14550,53.0,124,0,0
1768227968642157,5760,58419,,0,1,0
1768227968643811,52931,14550,31.0,2,0,0
1768227968645544,52931,14550,64.0,164,0,0
1768227968647410,52931,14550,24.0,168,0,0
1768227968649656,52931,14550,42.0,136,0,0
1768227968650964,52931,14550,42.0,193,0,0
1768227968655262,52931,14550,48.0,32,0,0
1768227968660174,52931,14550,40.0,241,0,0
1768227968662468,52931,14550,70.0,87,0,0
1768227968665569,52931,14550,61.0,147,0,0
1768227968668888,52931,14550,64.0,11030,0,0
1768227968671749,52931,14550,29.0,0,0,0
1768227968734341,5760,58419,,264,1,0
1768227968735060,52931,14550,47.0,264,0,0
1768227968817060,52931,14550,48.0,163,0,0
1768227968818836,52931,14550,44.0,178,0,0
1768227968819727,52931,14550,48.0,30,0,0
1768227968820541,52931,14550,48.0,33,0,0
1768227968821340,52931,14550,39.0,74,0,0
1768227968822527,52931,14550,51.0,1,0,0
1768227968823546,52931,14550,22.0,125,0,0
1768227968824157,52931,14550,27.0,152,0,0
1768227968824681,52931,14550,45.0,62,0,0
1768227968825604,52931,14550,26.0,42,0,0
1768227968826738,52931,14550,32.0,36,0,0
1768227968827185,52931,14550,62.0,65,0,0
1768227968827760,52931,14550,49.0,27,0,0
1768227968828460,52931,14550,44.0,116,0,0
1768227968829014,52931,14550,42.0,129,0,0
1768227968829598,52931,14550,34.0,29,0,0
1768227968830387,52931,14550,34.0,137,0,0
1768227968831394,52931,14550,60.0,24,0,0
1768227968833437,52931,14550,53.0,124,0,0
1768227968834400,52931,14550,31.0,2,0,0
1768227968835223,52931,14550,64.0,164,0,0
1768227968835634,52931,14550,24.0,168,0,0
1768227968836588,52931,14550,42.0,136,0,0
1768227968837801,52931,14550,42.0,193,0,0
1768227968839345,52931,14550,48.0,32,0,0
1768227968840587,52931,14550,40.0,241,0,0
1768227968842004,52931,14550,70.0,87,0,0
1768227968843362,52931,14550,61.0,147,0,0
1768227968844554,52931,14550,64.0,11030,0,0
1768227969069254,52931,14550,48.0,163,0,0
1768227969070396,52931,14550,44.0,178,0,0
1768227969071285,52931,14550,48.0,30,0,0
1768227969073397,52931,14550,48.0,33,0,0
1768227969074917,52931,14550,39.0,74,0,0
1768227969077530,52931,14550,51.0,1,0,0
1768227969081669,52931,14550,22.0,125,0,0
1768227969083715,52931,14550,27.0,152,0,0
1768227969085879,52931,14550,45.0,62,0,0
1768227969088911,52931,14550,26.0,42,0,0
1768227969091563,52931,14550,32.0,36,0,0
1768227969092409,52931,14550,62.0,65,0,0
1768227969093317,52931,14550,49.0,27,0,0
1768227969094194,52931,14550,44.0,116,0,0
1768227969096599,52931,14550,42.0,129,0,0
1768227969097853,52931,14550,34.0,29,0,0
1768227969100562,52931,14550,34.0,137,0,0
1768227969101876,52931,14550,60.0,24,0,0
1768227969103693,52931,14550,53.0,124,0,0
1768227969105057,52931,14550,31.0,2,0,0
1768227969106193,52931,14550,64.0,164,0,0
1768227969107701,52931,14550,24.0,168,0,0
1768227969110343,52931,14550,42.0,136,0,0
1768227969111586,52931,14550,42.0,193,0,0
1768227969112965,52931,14550,48.0,32,0,0
1768227969115138,52931,14550,40.0,241,0,0
1768227969116377,52931,14550,70.0,87,0,0
1768227969117721,52931,14550,61.0,147,0,0
1768227969120164,52931,14550,64.0,11030,0,0
1768227969232680,5760,58419,,264,1,0
1768227969233398,52931,14550,47.0,264,0,0
1768227969318193,52931,14550,48.0,163,0,0
1768227969319269,52931,14550,44.0,178,0,0
1768227969321911,52931,14550,48.0,30,0,0
1768227969323439,52931,14550,48.0,33,0,0
1768227969324788,52931,14550,39.0,74,0,0
1768227969326536,52931,14550,51.0,1,0,0
1768227969329287,52931,14550,22.0,125,0,0
1768227969330716,52931,14550,27.0,152,0,0
1768227969331700,52931,14550,45.0,62,0,0
1768227969333541,52931,14550,26.0,42,0,0
1768227969335777,52931,14550,32.0,36,0,0
1768227969337022,52931,14550,62.0,65,0,0
1768227969338128,52931,14550,49.0,27,0,0
1768227969339114,52931,14550,44.0,116,0,0
1768227969340374,52931,14550,42.0,129,0,0
1768227969341357,52931,14550,34.0,29,0,0
1768227969342228,52931,14550,34.0,137,0,0
1768227969342987,52931,14550,60.0,24,0,0
1768227969344312,52931,14550,53.0,124,0,0
1768227969345675,52931,14550,31.0,2,0,0
1768227969346536,52931,14550,64.0,164,0,0
1768227969347204,52931,14550,24.0,168,0,0
1768227969348056,52931,14550,42.0,136,0,0
1768227969349055,52931,14550,42.0,193,0,0
1768227969350329,52931,14550,48.0,32,0,0
1768227969351597,52931,14550,40.0,241,0,0
1768227969352648,52931,14550,70.0,87,0,0
1768227969353834,52931,14550,61.0,147,0,0
1768227969355065,52931,14550,64.0,11030,0,0
1768227969400924,58419,5760,,0,1,0
1768227969568876,52931,14550,48.0,163,0,0
1768227969570737,52931,14550,44.0,178,0,0
1768227969572869,52931,14550,48.0,30,0,0
1768227969574361,52931,14550,48.0,33,0,0
1768227969576174,52931,14550,39.0,74,0,0
1768227969578456,52931,14550,51.0,1,0,0
1768227969582664,52931,14550,22.0,125,0,0
1768227969584859,52931,14550,27.0,152,0,0
1768227969585909,52931,14550,45.0,62,0,0
1768227969588162,52931,14550,26.0,42,0,0
1768227969591222,52931,14550,32.0,36,0,0
1768227969592161,52931,14550,62.0,65,0,0
1768227969595326,52931,14550,49.0,27,0,0
1768227969597302,52931,14550,44.0,116,0,0
1768227969598774,52931,14550,42.0,129,0,0
1768227969599842,52931,14550,34.0,29,0,0
1768227969601642,52931,14550,34.0,137,0,0
1768227969603496,52931,14550,60.0,24,0,0
1768227969605506,52931,14550,53.0,124,0,0
1768227969607390,52931,14550,31.0,2,0,0
1768227969608572,52931,14550,64.0,164,0,0
1768227969609892,52931,14550,24.0,168,0,0
1768227969611273,52931,14550,42.0,136,0,0
1768227969612215,52931,14550,42.0,193,0,0
1768227969617460,52931,14550,48.0,32,0,0
1768227969619834,52931,14550,40.0,241,0,0
1768227969621307,52931,14550,70.0,87,0,0
1768227969623058,52931,14550,61.0,147,0,0
1768227969624485,52931,14550,64.0,11030,0,0
1768227969644404,5760,58419,,0,1,0
1768227969645406,52931,14550,29.0,0,0,0
1768227969733919,5760,58419,,264,1,0
1768227969734503,52931,14550,47.0,264,0,0
1768227969824210,52931,14550,48.0,163,0,0
1768227969825991,52931,14550,44.0,178,0,0
1768227969827419,52931,14550,48.0,30,0,0
1768227969829536,52931,14550,48.0,33,0,0
1768227969830531,52931,14550,39.0,74,0,0
1768227969833377,52931,14550,51.0,1,0,0
1768227969835487,52931,14550,22.0,125,0,0
1768227969837006,52931,14550,27.0,152,0,0
1768227969837907,52931,14550,45.0,62,0,0
1768227969839728,52931,14550,26.0,42,0,0
1768227969842225,52931,14550,32.0,36,0,0
1768227969843531,52931,14550,62.0,65,0,0
1768227969844739,52931,14550,49.0,27,0,0
1768227969845877,52931,14550,44.0,116,0,0
1768227969847124,52931,14550,42.0,129,0,0
1768227969848338,52931,14550,34.0,29,0,0
1768227969849499,52931,14550,34.0,137,0,0
1768227969850685,52931,14550,60.0,24,0,0
1768227969852272,52931,14550,53.0,124,0,0
1768227969853724,52931,14550,31.0,2,0,0
1768227969855021,52931,14550,64.0,164,0,0
1768227969856154,52931,14550,24.0,168,0,0
1768227969857404,52931,14550,42.0,136,0,0
1768227969858672,52931,14550,42.0,193,0,0
1768227969859995,52931,14550,48.0,32,0,0
1768227969861200,52931,14550,40.0,241,0,0
1768227969862473,52931,14550,70.0,87,0,0
1768227969863575,52931,14550,61.0,147,0,0
1768227969864946,52931,14550,64.0,11030,0,0
1768227970071618,52931,14550,48.0,163,0,0
1768227970075397,52931,14550,44.0,178,0,0
1768227970077746,52931,14550,48.0,30,0,0
1768227970081148,52931,14550,48.0,33,0,0
1768227970084517,52931,14550,39.0,74,0,0
1768227970090282,52931,14550,51.0,1,0,0
1768227970097017,52931,14550,22.0,125,0,0
1768227970100871,52931,14550,27.0,152,0,0
1768227970104881,52931,14550,45.0,62,0,0
1768227970110351,52931,14550,26.0,42,0,0
1768227970115484,52931,14550,32.0,36,0,0
1768227970117301,52931,14550,62.0,65,0,0
1768227970122358,52931,14550,49.0,27,0,0
1768227970126429,52931,14550,44.0,116,0,0
1768227970129513,52931,14550,42.0,129,0,0
1768227970131777,52931,14550,34.0,29,0,0
1768227970133968,52931,14550,34.0,137,0,0
1768227970136002,52931,14550,60.0,24,0,0
1768227970140965,52931,14550,53.0,124,0,0
1768227970144533,52931,14550,31.0,2,0,0
1768227970147923,52931,14550,64.0,164,0,0
1768227970152107,52931,14550,24.0,168,0,0
1768227970155224,52931,14550,42.0,136,0,0
1768227970157880,52931,14550,42.0,193,0,0
1768227970163530,52931,14550,48.0,32,0,0
1768227970167027,52931,14550,40.0,241,0,0
1768227970168932,52931,14550,70.0,87,0,0
1768227970171366,52931,14550,61.0,147,0,0
1768227970174240,52931,14550,64.0,11030,0,0
1768227970239547,5760,58419,,264,1,0
1768227970240784,52931,14550,47.0,264,0,0
1768227970326335,52931,14550,48.0,163,0,0
1768227970329095,52931,14550,44.0,178,0,0
1768227970333577,52931,14550,48.0,30,0,0
1768227970336572,52931,14550,48.0,33,0,0
1768227970338813,52931,14550,39.0,74,0,0
1768227970342736,52931,14550,51.0,1,0,0
1768227970347802,52931,14550,22.0,125,0,0
1768227970350329,52931,14550,27.0,152,0,0
1768227970353173,52931,14550,45.0,62,0,0
1768227970357435,52931,14550,26.0,42,0,0
1768227970363213,52931,14550,32.0,36,0,0
1768227970365512,52931,14550,62.0,65,0,0
1768227970368097,52931,14550,49.0,27,0,0
1768227970370660,52931,14550,44.0,116,0,0
1768227970373045,52931,14550,42.0,129,0,0
1768227970375090,52931,14550,34.0,29,0,0
1768227970377048,52931,14550,34.0,137,0,0
1768227970378933,52931,14550,60.0,24,0,0
1768227970381841,52931,14550,53.0,124,0,0
1768227970384507,52931,14550,31.0,2,0,0
1768227970386575,52931,14550,64.0,164,0,0
1768227970388769,52931,14550,24.0,168,0,0
1768227970391259,52931,14550,42.0,136,0,0
1768227970393156,52931,14550,42.0,193,0,0
1768227970394907,52931,14550,48.0,32,0,0
1768227970397365,52931,14550,40.0,241,0,0
1768227970399170,52931,14550,70.0,87,0,0
1768227970401964,52931,14550,61.0,147,0,0
1768227970404159,52931,14550,64.0,11030,0,0
1768227970406083,58419,5760,,0,1,0
1768227970576830,52931,14550,48.0,163,0,0
1768227970580718,52931,14550,44.0,178,0,0
1768227970586080,52931,14550,48.0,30,0,0
1768227970589717,52931,14550,48.0,33,0,0
1768227970592365,52931,14550,39.0,74,0,0
1768227970599756,52931,14550,51.0,1,0,0
1768227970608561,52931,14550,22.0,125,0,0
1768227970613863,52931,14550,27.0,152,0,0
1768227970616668,52931,14550,45.0,62,0,0
1768227970621498,52931,14550,26.0,42,0,0
1768227970626546,52931,14550,32.0,36,0,0
1768227970632921,52931,14550,62.0,65,0,0
1768227970635066,52931,14550,49.0,27,0,0
1768227970637231,52931,14550,44.0,116,0,0
1768227970639318,52931,14550,42.0,129,0,0
1768227970641264,52931,14550,34.0,29,0,0
1768227970643448,52931,14550,34.0,137,0,0
1768227970644940,52931,14550,60.0,24,0,0
1768227970646965,5760,58419,,0,1,0
1768227970648263,52931,14550,53.0,124,0,0
1768227970650321,52931,14550,31.0,2,0,0
1768227970652698,52931,14550,64.0,164,0,0
1768227970654735,52931,14550,24.0,168,0,0
1768227970656806,52931,14550,42.0,136,0,0
1768227970658393,52931,14550,42.0,193,0,0
1768227970660371,52931,14550,48.0,32,0,0
1768227970662546,52931,14550,40.0,241,0,0
1768227970664505,52931,14550,70.0,87,0,0
1768227970666709,52931,14550,61.0,147,0,0
1768227970669335,52931,14550,64.0,11030,0,0
1768227970673494,52931,14550,29.0,0,0,0
1768227970742656,5760,58419,,264,1,0
1768227970743990,52931,14550,47.0,264,0,0
1768227970831227,52931,14550,48.0,163,0,0
1768227970832726,52931,14550,44.0,178,0,0
1768227970833799,52931,14550,48.0,30,0,0
1768227970835037,52931,14550,48.0,33,0,0
1768227970836266,52931,14550,39.0,74,0,0
1768227970839991,52931,14550,51.0,1,0,0
1768227970842975,52931,14550,22.0,125,0,0
1768227970844630,52931,14550,27.0,152,0,0
1768227970845705,52931,14550,45.0,62,0,0
1768227970847756,52931,14550,26.0,42,0,0
1768227970850141,52931,14550,32.0,36,0,0
1768227970851264,52931,14550,62.0,65,0,0
1768227970852459,52931,14550,49.0,27,0,0
1768227970853526,52931,14550,44.0,116,0,0
1768227970854555,52931,14550,42.0,129,0,0
1768227970855830,52931,14550,34.0,29,0,0
1768227970856860,52931,14550,34.0,137,0,0
1768227970857916,52931,14550,60.0,24,0,0
1768227970859513,52931,14550,53.0,124,0,0
1768227970861192,52931,14550,31.0,2,0,0
1768227970862673,52931,14550,64.0,164,0,0
1768227970863973,52931,14550,24.0,168,0,0
1768227970865293,52931,14550,42.0,136,0,0
1768227970866843,52931,14550,42.0,193,0,0
1768227970868418,52931,14550,48.0,32,0,0
1768227970869979,52931,14550,40.0,241,0,0
1768227970871716,52931,14550,70.0,87,0,0
1768227970874476,52931,14550,61.0,147,0,0
1768227970876400,52931,14550,64.0,11030,0,0
1768227971082934,52931,14550,48.0,163,0,0
1768227971087294,52931,14550,44.0,178,0,0
1768227971090395,52931,14550,48.0,30,0,0
1768227971093621,52931,14550,48.0,33,0,0
1768227971099290,52931,14550,39.0,74,0,0
1768227971107924,52931,14550,51.0,1,0,0
1768227971115045,52931,14550,22.0,125,0,0
1768227971119498,52931,14550,27.0,152,0,0
1768227971121940,52931,14550,45.0,62,0,0
1768227971127896,52931,14550,26.0,42,0,0
1768227971133319,52931,14550,32.0,36,0,0
1768227971136089,52931,14550,62.0,65,0,0
1768227971138340,52931,14550,49.0,27,0,0
1768227971140687,52931,14550,44.0,116,0,0
1768227971143434,52931,14550,42.0,129,0,0
1768227971146021,52931,14550,34.0,29,0,0
1768227971148510,52931,14550,34.0,137,0,0
1768227971150333,52931,14550,60.0,24,0,0
1768227971152727,52931,14550,53.0,124,0,0
1768227971155728,52931,14550,31.0,2,0,0
1768227971158965,52931,14550,64.0,164,0,0
1768227971161681,52931,14550,24.0,168,0,0
1768227971163936,52931,14550,42.0,136,0,0
1768227971166172,52931,14550,42.0,193,0,0
1768227971168283,52931,14550,48.0,32,0,0
1768227971171040,52931,14550,40.0,241,0,0
1768227971173199,52931,14550,70.0,87,0,0
1768227971176302,52931,14550,61.0,147,0,0
1768227971178311,52931,14550,64.0,11030,0,0
1768227971242593,5760,58419,,264,1,0
1768227971243887,52931,14550,47.0,264,0,0
1768227971331076,52931,14550,48.0,163,0,0
1768227971333077,52931,14550,44.0,178,0,0
1768227971335182,52931,14550,48.0,30,0,0
1768227971339093,52931,14550,48.0,33,0,0
1768227971342681,52931,14550,39.0,74,0,0
1768227971346921,52931,14550,51.0,1,0,0
1768227971354819,52931,14550,22.0,125,0,0
1768227971357335,52931,14550,27.0,152,0,0
1768227971359531,52931,14550,45.0,62,0,0
1768227971363661,52931,14550,26.0,42,0,0
1768227971367738,52931,14550,32.0,36,0,0
1768227971369611,52931,14550,62.0,65,0,0
1768227971371318,52931,14550,49.0,27,0,0
1768227971372933,52931,14550,44.0,116,0,0
1768227971374790,52931,14550,42.0,129,0,0
1768227971376371,52931,14550,34.0,29,0,0
1768227971378669,52931,14550,34.0,137,0,0
1768227971380413,52931,14550,60.0,24,0,0
1768227971382692,52931,14550,53.0,124,0,0
1768227971385547,52931,14550,31.0,2,0,0
1768227971387515,52931,14550,64.0,164,0,0
1768227971389515,52931,14550,24.0,168,0,0
1768227971391643,52931,14550,42.0,136,0,0
1768227971393807,52931,14550,42.0,193,0,0
1768227971395401,52931,14550,48.0,32,0,0
1768227971397097,52931,14550,40.0,241,0,0
1768227971399383,52931,14550,70.0,87,0,0
1768227971402306,52931,14550,61.0,147,0,0
1768227971404219,52931,14550,64.0,11030,0,0
1768227971406938,58419,5760,,0,1,0
1768227971582942,52931,14550,48.0,163,0,0
1768227971586045,52931,14550,44.0,178,0,0
1768227971587991,52931,14550,48.0,30,0,0
1768227971591617,52931,14550,48.0,33,0,0
1768227971593364,52931,14550,39.0,74,0,0
1768227971598995,52931,14550,51.0,1,0,0
1768227971606838,52931,14550,22.0,125,0,0
1768227971610263,52931,14550,27.0,152,0,0
1768227971613994,52931,14550,45.0,62,0,0
1768227971619979,52931,14550,26.0,42,0,0
1768227971624723,52931,14550,32.0,36,0,0
1768227971628510,52931,14550,62.0,65,0,0
1768227971630211,52931,14550,49.0,27,0,0
1768227971634392,52931,14550,44.0,116,0,0
1768227971637788,52931,14550,42.0,129,0,0
1768227971640150,52931,14550,34.0,29,0,0
1768227971642457,52931,14550,34.0,137,0,0
1768227971645468,52931,14550,60.0,24,0,0
1768227971648185,52931,14550,53.0,124,0,0
1768227971652183,52931,14550,31.0,2,0,0
1768227971654657,52931,14550,64.0,164,0,0
1768227971657152,52931,14550,24.0,168,0,0
1768227971657577,5760,58419,,0,1,0
1768227971660689,52931,14550,42.0,136,0,0
1768227971662843,52931,14550,42.0,193,0,0
1768227971665213,52931,14550,48.0,32,0,0
1768227971667327,52931,14550,40.0,241,0,0
1768227971668716,52931,14550,70.0,87,0,0
1768227971670544,52931,14550,61.0,147,0,0
1768227971672797,52931,14550,64.0,11030,0,0
1768227971676852,52931,14550,29.0,0,0,0
1768227971746445,5760,58419,,264,1,0
1768227971747227,52931,14550,47.0,264,0,0
1768227971835279,52931,14550,48.0,163,0,0
1768227971838156,52931,14550,44.0,178,0,0
1768227971840814,52931,14550,48.0,30,0,0
1768227971842948,52931,14550,48.0,33,0,0
1768227971845300,52931,14550,39.0,74,0,0
1768227971848712,52931,14550,51.0,1,0,0
1768227971851497,52931,14550,22.0,125,0,0
1768227971853996,52931,14550,27.0,152,0,0
1768227971855680,52931,14550,45.0,62,0,0
1768227971858603,52931,14550,26.0,42,0,0
1768227971861165,52931,14550,32.0,36,0,0
1768227971862798,52931,14550,62.0,65,0,0
1768227971864924,52931,14550,49.0,27,0,0
1768227971866733,52931,14550,44.0,116,0,0
1768227971868772,52931,14550,42.0,129,0,0
1768227971870526,52931,14550,34.0,29,0,0
1768227971872235,52931,14550,34.0,137,0,0
1768227971873738,52931,14550,60.0,24,0,0
1768227971875893,52931,14550,53.0,124,0,0
1768227971878915,52931,14550,31.0,2,0,0
1768227971881336,52931,14550,64.0,164,0,0
1768227971883132,52931,14550,24.0,168,0,0
1768227971885504,52931,14550,42.0,136,0,0
1768227971887362,52931,14550,42.0,193,0,0
1768227971889163,52931,14550,48.0,32,0,0
1768227971890687,52931,14550,40.0,241,0,0
1768227971892360,52931,14550,70.0,87,0,0
1768227971894969,52931,14550,61.0,147,0,0
1768227971897247,52931,14550,64.0,11030,0,0
1768227972087648,52931,14550,48.0,163,0,0
1768227972090703,52931,14550,44.0,178,0,0
1768227972093284,52931,14550,48.0,30,0,0
1768227972095798,52931,14550,48.0,33,0,0
1768227972099356,52931,14550,39.0,74,0,0
1768227972102650,52931,14550,51.0,1,0,0
1768227972110021,52931,14550,22.0,125,0,0
1768227972112927,52931,14550,27.0,152,0,0
1768227972114996,52931,14550,45.0,62,0,0
1768227972119084,52931,14550,26.0,42,0,0
1768227972122513,52931,14550,32.0,36,0,0
1768227972124834,52931,14550,62.0,65,0,0
1768227972127063,52931,14550,49.0,27,0,0
1768227972131350,52931,14550,44.0,116,0,0
1768227972132877,52931,14550,42.0,129,0,0
1768227972134905,52931,14550,34.0,29,0,0
1768227972140022,52931,14550,34.0,137,0,0
1768227972144036,52931,14550,60.0,24,0,0
1768227972147941,52931,14550,53.0,124,0,0
1768227972149903,52931,14550,31.0,2,0,0
1768227972152229,52931,14550,64.0,164,0,0
1768227972155505,52931,14550,24.0,168,0,0
1768227972157817,52931,14550,42.0,136,0,0
1768227972160272,52931,14550,42.0,193,0,0
1768227972162667,52931,14550,48.0,32,0,0
1768227972165039,52931,14550,40.0,241,0,0
1768227972168957,52931,14550,70.0,87,0,0
1768227972171900,52931,14550,61.0,147,0,0
1768227972174766,52931,14550,64.0,11030,0,0
1768227972176839,58419,5760,,66,1,0
1768227972253574,5760,58419,,264,1,0
1768227972255042,52931,14550,47.0,264,0,0
1768227972338054,52931,14550,48.0,163,0,0
1768227972340455,52931,14550,44.0,178,0,0
1768227972342440,52931,14550,48.0,30,0,0
1768227972345203,52931,14550,48.0,33,0,0
1768227972348173,52931,14550,39.0,74,0,0
1768227972353623,52931,14550,51.0,1,0,0
1768227972356280,52931,14550,22.0,125,0,0
1768227972358247,52931,14550,27.0,152,0,0
1768227972359867,52931,14550,45.0,62,0,0
1768227972363649,52931,14550,26.0,42,0,0
1768227972369007,52931,14550,32.0,36,0,0
1768227972372090,52931,14550,62.0,65,0,0
1768227972373891,52931,14550,49.0,27,0,0
1768227972376359,52931,14550,44.0,116,0,0
1768227972378383,52931,14550,42.0,129,0,0
1768227972380903,52931,14550,34.0,29,0,0
1768227972383090,52931,14550,34.0,137,0,0
1768227972385147,52931,14550,60.0,24,0,0
1768227972387611,52931,14550,53.0,124,0,0
1768227972390289,52931,14550,31.0,2,0,0
1768227972392162,52931,14550,64.0,164,0,0
1768227972394117,52931,14550,24.0,168,0,0
1768227972396282,52931,14550,42.0,136,0,0
1768227972398736,52931,14550,42.0,193,0,0
1768227972400865,52931,14550,48.0,32,0,0
1768227972402374,52931,14550,40.0,241,0,0
1768227972406098,52931,14550,70.0,87,0,0
1768227972408522,52931,14550,61.0,147,0,0
1768227972412107,52931,14550,64.0,11030,0,0
1768227972414980,58419,5760,,0,1,0
1768227972589280,52931,14550,48.0,163,0,0
1768227972591304,52931,14550,44.0,178,0,0
1768227972592969,52931,14550,48.0,30,0,0
1768227972595831,52931,14550,48.0,33,0,0
1768227972599093,52931,14550,39.0,74,0,0
1768227972605690,52931,14550,51.0,1,0,0
1768227972609315,52931,14550,22.0,125,0,0
1768227972611185,52931,14550,27.0,152,0,0
1768227972613280,52931,14550,45.0,62,0,0
1768227972616410,52931,14550,26.0,42,0,0
1768227972620135,52931,14550,32.0,36,0,0
1768227972622099,52931,14550,62.0,65,0,0
1768227972624029,52931,14550,49.0,27,0,0
1768227972625710,52931,14550,44.0,116,0,0
1768227972627311,52931,14550,42.0,129,0,0
1768227972629051,52931,14550,34.0,29,0,0
1768227972631294,52931,14550,34.0,137,0,0
1768227972632977,52931,14550,60.0,24,0,0
1768227972635377,52931,14550,53.0,124,0,0
1768227972637720,52931,14550,31.0,2,0,0
1768227972639648,52931,14550,64.0,164,0,0
1768227972641732,52931,14550,24.0,168,0,0
1768227972643814,52931,14550,42.0,136,0,0
1768227972645651,52931,14550,42.0,193,0,0
1768227972647907,52931,14550,48.0,32,0,0
1768227972649693,52931,14550,40.0,241,0,0
1768227972650946,52931,14550,70.0,87,0,0
1768227972652731,52931,14550,61.0,147,0,0
1768227972655194,52931,14550,64.0,11030,0,0
1768227972662471,5760,58419,,0,1,0
1768227972663667,5760,58419,,111,1,0
1768227972663916,52931,14550,29.0,0,0,0
1768227972669102,52931,14550,33.0,111,0,0
1768227972754244,5760,58419,,264,1,0
1768227972755095,52931,14550,47.0,264,0,0
1768227972841786,52931,14550,48.0,163,0,0
1768227972844420,52931,14550,44.0,178,0,0
1768227972846327,52931,14550,48.0,30,0,0
1768227972850248,52931,14550,48.0,33,0,0
1768227972852446,52931,14550,39.0,74,0,0
1768227972857029,52931,14550,51.0,1,0,0
1768227972864511,52931,14550,22.0,125,0,0
1768227972867658,52931,14550,27.0,152,0,0
1768227972869472,52931,14550,45.0,62,0,0
1768227972872292,52931,14550,26.0,42,0,0
1768227972875558,52931,14550,32.0,36,0,0
1768227972877399,52931,14550,62.0,65,0,0
1768227972879700,52931,14550,49.0,27,0,0
1768227972881453,52931,14550,44.0,116,0,0
1768227972883052,52931,14550,42.0,129,0,0
1768227972884763,52931,14550,34.0,29,0,0
1768227972886425,52931,14550,34.0,137,0,0
1768227972888064,52931,14550,60.0,24,0,0
1768227972891247,52931,14550,53.0,124,0,0
1768227972893500,52931,14550,31.0,2,0,0
1768227972895407,52931,14550,64.0,164,0,0
1768227972897214,52931,14550,24.0,168,0,0
1768227972899265,52931,14550,42.0,136,0,0
1768227972900759,52931,14550,42.0,193,0,0
1768227972902651,52931,14550,48.0,32,0,0
1768227972904090,52931,14550,40.0,241,0,0
1768227972906570,52931,14550,70.0,87,0,0
1768227972908935,52931,14550,61.0,147,0,0
1768227972910750,52931,14550,64.0,11030,0,0
1768227973096365,52931,14550,48.0,163,0,0
1768227973101996,52931,14550,44.0,178,0,0
1768227973105073,52931,14550,48.0,30,0,0
1768227973107964,52931,14550,48.0,33,0,0
1768227973110297,52931,14550,39.0,74,0,0
1768227973116217,52931,14550,51.0,1,0,0
1768227973124339,52931,14550,22.0,125,0,0
1768227973127074,52931,14550,27.0,152,0,0
1768227973129090,52931,14550,45.0,62,0,0
1768227973133891,52931,14550,26.0,42,0,0
1768227973137660,52931,14550,32.0,36,0,0
1768227973139597,52931,14550,62.0,65,0,0
1768227973141527,52931,14550,49.0,27,0,0
1768227973144361,52931,14550,44.0,116,0,0
1768227973146754,52931,14550,42.0,129,0,0
1768227973148156,52931,14550,34.0,29,0,0
1768227973150529,52931,14550,34.0,137,0,0
1768227973153827,52931,14550,60.0,24,0,0
1768227973157357,52931,14550,53.0,124,0,0
1768227973162680,52931,14550,31.0,2,0,0
1768227973165602,52931,14550,64.0,164,0,0
1768227973173111,52931,14550,24.0,168,0,0
1768227973176954,52931,14550,42.0,136,0,0
1768227973179411,52931,14550,42.0,193,0,0
1768227973183637,52931,14550,48.0,32,0,0
1768227973185233,52931,14550,40.0,241,0,0
1768227973188799,52931,14550,70.0,87,0,0
1768227973192325,52931,14550,61.0,147,0,0
1768227973194918,52931,14550,64.0,11030,0,0
1768227973256303,5760,58419,,264,1,0
1768227973257626,52931,14550,47.0,264,0,0
1768227973347477,52931,14550,48.0,163,0,0
1768227973351105,52931,14550,44.0,178,0,0
1768227973353087,52931,14550,48.0,30,0,0
1768227973356661,52931,14550,48.0,33,0,0
1768227973358625,52931,14550,39.0,74,0,0
1768227973363094,52931,14550,51.0,1,0,0
1768227973367499,52931,14550,22.0,125,0,0
1768227973370220,52931,14550,27.0,152,0,0
1768227973371532,52931,14550,45.0,62,0,0
1768227973374262,52931,14550,26.0,42,0,0
1768227973378177,52931,14550,32.0,36,0,0
1768227973379812,52931,14550,62.0,65,0,0
1768227973380874,52931,14550,49.0,27,0,0
1768227973381676,52931,14550,44.0,116,0,0
1768227973382857,52931,14550,42.0,129,0,0
1768227973384148,52931,14550,34.0,29,0,0
1768227973385222,52931,14550,34.0,137,0,0
1768227973386401,52931,14550,60.0,24,0,0
1768227973387979,52931,14550,53.0,124,0,0
1768227973389064,52931,14550,31.0,2,0,0
1768227973389725,52931,14550,64.0,164,0,0
1768227973390946,52931,14550,24.0,168,0,0
1768227973392097,52931,14550,42.0,136,0,0
1768227973393115,52931,14550,42.0,193,0,0
1768227973394236,52931,14550,48.0,32,0,0
1768227973395124,52931,14550,40.0,241,0,0
1768227973396037,52931,14550,70.0,87,0,0
1768227973397403,52931,14550,61.0,147,0,0
1768227973398847,52931,14550,64.0,11030,0,0
1768227973421725,58419,5760,,0,1,0
1768227973593715,52931,14550,48.0,163,0,0
1768227973596185,52931,14550,44.0,178,0,0
1768227973598235,52931,14550,48.0,30,0,0
1768227973601419,52931,14550,48.0,33,0,0
1768227973603324,52931,14550,39.0,74,0,0
1768227973608406,52931,14550,51.0,1,0,0
1768227973613113,52931,14550,22.0,125,0,0
1768227973617063,52931,14550,27.0,152,0,0
1768227973621088,52931,14550,45.0,62,0,0
1768227973626158,52931,14550,26.0,42,0,0
1768227973629979,52931,14550,32.0,36,0,0
1768227973632686,52931,14550,62.0,65,0,0
1768227973634981,52931,14550,49.0,27,0,0
1768227973637258,52931,14550,44.0,116,0,0
1768227973639946,52931,14550,42.0,129,0,0
1768227973643377,52931,14550,34.0,29,0,0
1768227973645850,52931,14550,34.0,137,0,0
1768227973647870,52931,14550,60.0,24,0,0
1768227973652570,52931,14550,53.0,124,0,0
1768227973655302,52931,14550,31.0,2,0,0
1768227973659102,52931,14550,64.0,164,0,0
1768227973661269,52931,14550,24.0,168,0,0
1768227973666143,52931,14550,42.0,136,0,0
1768227973666228,5760,58419,,0,1,0
1768227973668446,52931,14550,42.0,193,0,0
1768227973670655,52931,14550,48.0,32,0,0
1768227973672198,52931,14550,40.0,241,0,0
1768227973674721,52931,14550,70.0,87,0,0
1768227973677861,52931,14550,61.0,147,0,0
1768227973680065,52931,14550,64.0,11030,0,0
1768227973685278,52931,14550,29.0,0,0,0
1768227973760885,5760,58419,,264,1,0
1768227973762240,52931,14550,47.0,264,0,0
1768227973849802,52931,14550,48.0,163,0,0
1768227973851393,52931,14550,44.0,178,0,0
1768227973853508,52931,14550,48.0,30,0,0
1768227973854880,52931,14550,48.0,33,0,0
1768227973855833,52931,14550,39.0,74,0,0
1768227973858050,52931,14550,51.0,1,0,0
1768227973860271,52931,14550,22.0,125,0,0
1768227973861630,52931,14550,27.0,152,0,0
1768227973862717,52931,14550,45.0,62,0,0
1768227973864292,52931,14550,26.0,42,0,0
1768227973866401,52931,14550,32.0,36,0,0
1768227973867248,52931,14550,62.0,65,0,0
1768227973868265,52931,14550,49.0,27,0,0
1768227973869159,52931,14550,44.0,116,0,0
1768227973870047,52931,14550,42.0,129,0,0
1768227973870903,52931,14550,34.0,29,0,0
1768227973871729,52931,14550,34.0,137,0,0
1768227973872650,52931,14550,60.0,24,0,0
1768227973874031,52931,14550,53.0,124,0,0
1768227973875055,52931,14550,31.0,2,0,0
1768227973875899,52931,14550,64.0,164,0,0
1768227973876715,52931,14550,24.0,168,0,0
1768227973878160,52931,14550,42.0,136,0,0
1768227973879151,52931,14550,42.0,193,0,0
1768227973880143,52931,14550,48.0,32,0,0
1768227973880983,52931,14550,40.0,241,0,0
1768227973881951,52931,14550,70.0,87,0,0
1768227973883074,52931,14550,61.0,147,0,0
1768227973884351,52931,14550,64.0,11030,0,0
1768227974098759,52931,14550,48.0,163,0,0
1768227974101494,52931,14550,44.0,178,0,0
1768227974103618,52931,14550,48.0,30,0,0
1768227974105585,52931,14550,48.0,33,0,0
1768227974107478,52931,14550,39.0,74,0,0
1768227974114823,52931,14550,51.0,1,0,0
1768227974120948,52931,14550,22.0,125,0,0
1768227974124593,52931,14550,27.0,152,0,0
1768227974126877,52931,14550,45.0,62,0,0
1768227974132281,52931,14550,26.0,42,0,0
1768227974135551,52931,14550,32.0,36,0,0
1768227974137843,52931,14550,62.0,65,0,0
1768227974141982,52931,14550,49.0,27,0,0
1768227974143914,52931,14550,44.0,116,0,0
1768227974145151,52931,14550,42.0,129,0,0
1768227974147495,52931,14550,34.0,29,0,0
1768227974149204,52931,14550,34.0,137,0,0
1768227974150870,52931,14550,60.0,24,0,0
1768227974154482,52931,14550,53.0,124,0,0
1768227974161681,52931,14550,31.0,2,0,0
1768227974163985,52931,14550,64.0,164,0,0
1768227974168332,52931,14550,24.0,168,0,0
1768227974170153,52931,14550,42.0,136,0,0
1768227974172622,52931,14550,42.0,193,0,0
1768227974174021,52931,14550,48.0,32,0,0
1768227974177315,52931,14550,40.0,241,0,0
1768227974179479,52931,14550,70.0,87,0,0
1768227974180886,52931,14550,61.0,147,0,0
1768227974182204,52931,14550,64.0,11030,0,0
1768227974264488,5760,58419,,264,1,0
1768227974265683,52931,14550,47.0,264,0,0
1768227974352349,52931,14550,48.0,163,0,0
1768227974356070,52931,14550,44.0,178,0,0
1768227974358226,52931,14550,48.0,30,0,0
1768227974361207,52931,14550,48.0,33,0,0
1768227974363352,52931,14550,39.0,74,0,0
1768227974367015,52931,14550,51.0,1,0,0
1768227974373789,52931,14550,22.0,125,0,0
1768227974376768,52931,14550,27.0,152,0,0
1768227974379195,52931,14550,45.0,62,0,0
1768227974382914,52931,14550,26.0,42,0,0
1768227974387200,52931,14550,32.0,36,0,0
1768227974388731,52931,14550,62.0,65,0,0
1768227974390358,52931,14550,49.0,27,0,0
1768227974392772,52931,14550,44.0,116,0,0
1768227974394475,52931,14550,42.0,129,0,0
1768227974396252,52931,14550,34.0,29,0,0
1768227974397842,52931,14550,34.0,137,0,0
1768227974399417,52931,14550,60.0,24,0,0
1768227974401700,52931,14550,53.0,124,0,0
1768227974403666,52931,14550,31.0,2,0,0
1768227974405245,52931,14550,64.0,164,0,0
1768227974406758,52931,14550,24.0,168,0,0
1768227974409473,52931,14550,42.0,136,0,0
1768227974411700,52931,14550,42.0,193,0,0
1768227974414055,52931,14550,48.0,32,0,0
1768227974415753,52931,14550,40.0,241,0,0
1768227974417908,52931,14550,70.0,87,0,0
1768227974420254,52931,14550,61.0,147,0,0
1768227974422720,52931,14550,64.0,11030,0,0
1768227974425059,58419,5760,,0,1,0
1768227974603038,52931,14550,48.0,163,0,0
1768227974605417,52931,14550,44.0,178,0,0
1768227974607102,52931,14550,48.0,30,0,0
1768227974613937,52931,14550,48.0,33,0,0
1768227974616126,52931,14550,39.0,74,0,0
1768227974621829,52931,14550,51.0,1,0,0
1768227974628181,52931,14550,22.0,125,0,0
1768227974635073,52931,14550,27.0,152,0,0
1768227974637934,52931,14550,45.0,62,0,0
1768227974643346,52931,14550,26.0,42,0,0
1768227974649395,52931,14550,32.0,36,0,0
1768227974651601,52931,14550,62.0,65,0,0
1768227974653139,52931,14550,49.0,27,0,0
1768227974655843,52931,14550,44.0,116,0,0
1768227974658744,52931,14550,42.0,129,0,0
1768227974666262,52931,14550,34.0,29,0,0
1768227974668470,52931,14550,34.0,137,0,0
1768227974669822,52931,14550,60.0,24,0,0
1768227974672062,52931,14550,53.0,124,0,0
1768227974674204,52931,14550,31.0,2,0,0
1768227974676226,52931,14550,64.0,164,0,0
1768227974676497,5760,58419,,0,1,0
1768227974678418,52931,14550,24.0,168,0,0
1768227974680545,52931,14550,42.0,136,0,0
1768227974682105,52931,14550,42.0,193,0,0
1768227974684117,52931,14550,48.0,32,0,0
1768227974685796,52931,14550,40.0,241,0,0
1768227974688212,52931,14550,70.0,87,0,0
1768227974690120,52931,14550,61.0,147,0,0
1768227974693083,52931,14550,64.0,11030,0,0
1768227974696416,52931,14550,29.0,0,0,0
1768227974768979,5760,58419,,264,1,0
1768227974770433,52931,14550,47.0,264,0,0
1768227974854323,52931,14550,48.0,163,0,0
1768227974857112,52931,14550,44.0,178,0,0
1768227974860075,52931,14550,48.0,30,0,0
1768227974863388,52931,14550,48.0,33,0,0
1768227974865444,52931,14550,39.0,74,0,0
1768227974869674,52931,14550,51.0,1,0,0
1768227974872723,52931,14550,22.0,125,0,0
1768227974875410,52931,14550,27.0,152,0,0
1768227974877552,52931,14550,45.0,62,0,0
1768227974880501,52931,14550,26.0,42,0,0
1768227974883716,52931,14550,32.0,36,0,0
1768227974885295,52931,14550,62.0,65,0,0
1768227974887192,52931,14550,49.0,27,0,0
1768227974888741,52931,14550,44.0,116,0,0
1768227974891362,52931,14550,42.0,129,0,0
1768227974893105,52931,14550,34.0,29,0,0
1768227974895443,52931,14550,34.0,137,0,0
1768227974897212,52931,14550,60.0,24,0,0
1768227974899358,52931,14550,53.0,124,0,0
1768227974902056,52931,14550,31.0,2,0,0
1768227974904049,52931,14550,64.0,164,0,0
1768227974905430,52931,14550,24.0,168,0,0
1768227974907710,52931,14550,42.0,136,0,0
1768227974909805,52931,14550,42.0,193,0,0
1768227974912079,52931,14550,48.0,32,0,0
1768227974914181,52931,14550,40.0,241,0,0
1768227974915969,52931,14550,70.0,87,0,0
1768227974917756,52931,14550,61.0,147,0,0
1768227974920311,52931,14550,64.0,11030,0,0
1768227975101037,52931,14550,45.0,22,0,0
1768227975103344,52931,14550,45.0,22,0,0
1768227975106620,52931,14550,45.0,22,0,0
1768227975111857,52931,14550,48.0,163,0,0
1768227975118592,52931,14550,44.0,178,0,0
1768227975121218,52931,14550,48.0,30,0,0
1768227975124373,52931,14550,48.0,33,0,0
1768227975126276,52931,14550,39.0,74,0,0
1768227975132472,52931,14550,51.0,1,0,0
1768227975137832,52931,14550,22.0,125,0,0
1768227975140333,52931,14550,27.0,152,0,0
1768227975142411,52931,14550,45.0,62,0,0
1768227975147627,52931,14550,26.0,42,0,0
1768227975152993,52931,14550,32.0,36,0,0
1768227975155138,52931,14550,62.0,65,0,0
1768227975158209,52931,14550,49.0,27,0,0
1768227975163005,52931,14550,44.0,116,0,0
1768227975165162,52931,14550,42.0,129,0,0
1768227975167784,52931,14550,34.0,29,0,0
1768227975170069,52931,14550,34.0,137,0,0
1768227975172315,52931,14550,60.0,24,0,0
1768227975175328,52931,14550,53.0,124,0,0
1768227975178156,52931,14550,31.0,2,0,0
1768227975181313,52931,14550,64.0,164,0,0
1768227975184450,52931,14550,24.0,168,0,0
1768227975191284,52931,14550,42.0,136,0,0
1768227975197931,52931,14550,42.0,193,0,0
1768227975201300,52931,14550,48.0,32,0,0
1768227975204478,52931,14550,40.0,241,0,0
1768227975206029,52931,14550,70.0,87,0,0
1768227975208669,52931,14550,61.0,147,0,0
1768227975210233,52931,14550,64.0,11030,0,0
1768227975270865,5760,58419,,264,1,0
1768227975272217,52931,14550,47.0,264,0,0
1768227975354535,52931,14550,48.0,163,0,0
1768227975358196,52931,14550,44.0,178,0,0
1768227975359874,52931,14550,48.0,30,0,0
1768227975362861,52931,14550,48.0,33,0,0
1768227975365525,52931,14550,39.0,74,0,0
1768227975370194,52931,14550,51.0,1,0,0
1768227975372840,52931,14550,22.0,125,0,0
1768227975374849,52931,14550,27.0,152,0,0
1768227975376472,52931,14550,45.0,62,0,0
1768227975379518,52931,14550,26.0,42,0,0
1768227975385058,52931,14550,32.0,36,0,0
1768227975387439,52931,14550,62.0,65,0,0
1768227975389241,52931,14550,49.0,27,0,0
1768227975391560,52931,14550,44.0,116,0,0
1768227975394105,52931,14550,42.0,129,0,0
1768227975396239,52931,14550,34.0,29,0,0
1768227975398133,52931,14550,34.0,137,0,0
1768227975399749,52931,14550,60.0,24,0,0
1768227975402333,52931,14550,53.0,124,0,0
1768227975404075,52931,14550,31.0,2,0,0
1768227975405772,52931,14550,64.0,164,0,0
1768227975408073,52931,14550,24.0,168,0,0
1768227975410462,52931,14550,42.0,136,0,0
1768227975412452,52931,14550,42.0,193,0,0
1768227975414871,52931,14550,48.0,32,0,0
1768227975416812,52931,14550,40.0,241,0,0
1768227975418359,52931,14550,70.0,87,0,0
1768227975421089,52931,14550,61.0,147,0,0
1768227975423422,52931,14550,64.0,11030,0,0
1768227975436163,58419,5760,,0,1,0
1768227975609555,52931,14550,48.0,163,0,0
1768227975612024,52931,14550,44.0,178,0,0
1768227975615838,52931,14550,48.0,30,0,0
1768227975621511,52931,14550,48.0,33,0,0
1768227975624136,52931,14550,39.0,74,0,0
1768227975629754,52931,14550,51.0,1,0,0
1768227975636206,52931,14550,22.0,125,0,0
1768227975640015,52931,14550,27.0,152,0,0
1768227975642640,52931,14550,45.0,62,0,0
1768227975647738,52931,14550,26.0,42,0,0
1768227975651782,52931,14550,32.0,36,0,0
1768227975653558,52931,14550,62.0,65,0,0
1768227975656011,52931,14550,49.0,27,0,0
1768227975658096,52931,14550,44.0,116,0,0
1768227975661499,52931,14550,42.0,129,0,0
1768227975663755,52931,14550,34.0,29,0,0
1768227975671976,52931,14550,34.0,137,0,0
1768227975674428,52931,14550,60.0,24,0,0
1768227975676845,52931,14550,53.0,124,0,0
1768227975679142,5760,58419,,0,1,0
1768227975679808,52931,14550,31.0,2,0,0
1768227975681245,52931,14550,64.0,164,0,0
1768227975683804,52931,14550,24.0,168,0,0
1768227975686079,52931,14550,42.0,136,0,0
1768227975688591,52931,14550,42.0,193,0,0
1768227975691456,52931,14550,48.0,32,0,0
1768227975693927,52931,14550,40.0,241,0,0
1768227975695751,52931,14550,70.0,87,0,0
1768227975697546,52931,14550,61.0,147,0,0
1768227975702378,52931,14550,64.0,11030,0,0
1768227975707363,52931,14550,29.0,0,0,0
1768227975775700,5760,58419,,264,1,0
1768227975777143,52931,14550,47.0,264,0,0
1768227975857944,52931,14550,48.0,163,0,0
1768227975860376,52931,14550,44.0,178,0,0
1768227975864715,52931,14550,48.0,30,0,0
1768227975867311,52931,14550,48.0,33,0,0
1768227975870034,52931,14550,39.0,74,0,0
1768227975873275,52931,14550,51.0,1,0,0
1768227975875970,52931,14550,22.0,125,0,0
1768227975878423,52931,14550,27.0,152,0,0
1768227975880751,52931,14550,45.0,62,0,0
1768227975883896,52931,14550,26.0,42,0,0
1768227975887646,52931,14550,32.0,36,0,0
1768227975889372,52931,14550,62.0,65,0,0
1768227975891318,52931,14550,49.0,27,0,0
1768227975893139,52931,14550,44.0,116,0,0
1768227975894906,52931,14550,42.0,129,0,0
1768227975897276,52931,14550,34.0,29,0,0
1768227975899679,52931,14550,34.0,137,0,0
1768227975901600,52931,14550,60.0,24,0,0
1768227975904151,52931,14550,53.0,124,0,0
1768227975906658,52931,14550,31.0,2,0,0
1768227975908653,52931,14550,64.0,164,0,0
1768227975910356,52931,14550,24.0,168,0,0
1768227975912348,52931,14550,42.0,136,0,0
1768227975913856,52931,14550,42.0,193,0,0
1768227975916114,52931,14550,48.0,32,0,0
1768227975917870,52931,14550,40.0,241,0,0
1768227975919458,52931,14550,70.0,87,0,0
1768227975921203,52931,14550,61.0,147,0,0
1768227975923769,52931,14550,64.0,11030,0,0
1768227976110952,52931,14550,48.0,163,0,0
1768227976112257,52931,14550,44.0,178,0,0
1768227976113964,52931,14550,48.0,30,0,0
1768227976115511,52931,14550,48.0,33,0,0
1768227976116664,52931,14550,39.0,74,0,0
1768227976120265,52931,14550,51.0,1,0,0
1768227976124377,52931,14550,22.0,125,0,0
1768227976126914,52931,14550,27.0,152,0,0
1768227976127918,52931,14550,45.0,62,0,0
1768227976129573,52931,14550,26.0,42,0,0
1768227976133001,52931,14550,32.0,36,0,0
1768227976134210,52931,14550,62.0,65,0,0
1768227976137122,52931,14550,49.0,27,0,0
1768227976138563,52931,14550,44.0,116,0,0
1768227976139906,52931,14550,42.0,129,0,0
1768227976141483,52931,14550,34.0,29,0,0
1768227976144544,52931,14550,34.0,137,0,0
1768227976146048,52931,14550,60.0,24,0,0
1768227976148350,52931,14550,53.0,124,0,0
1768227976149698,52931,14550,31.0,2,0,0
1768227976150691,52931,14550,64.0,164,0,0
1768227976152004,52931,14550,24.0,168,0,0
1768227976153800,52931,14550,42.0,136,0,0
1768227976155246,52931,14550,42.0,193,0,0
1768227976156674,52931,14550,48.0,32,0,0
1768227976158701,52931,14550,40.0,241,0,0
1768227976161339,52931,14550,70.0,87,0,0
1768227976162809,52931,14550,61.0,147,0,0
1768227976164578,52931,14550,64.0,11030,0,0
1768227976278424,5760,58419,,264,1,0
1768227976279175,52931,14550,47.0,264,0,0
1768227976365503,52931,14550,48.0,163,0,0
1768227976368374,52931,14550,44.0,178,0,0
1768227976370950,52931,14550,48.0,30,0,0
1768227976373804,52931,14550,48.0,33,0,0
1768227976378256,52931,14550,39.0,74,0,0
1768227976383024,52931,14550,51.0,1,0,0
1768227976389893,52931,14550,22.0,125,0,0
1768227976393252,52931,14550,27.0,152,0,0
1768227976395161,52931,14550,45.0,62,0,0
1768227976398145,52931,14550,26.0,42,0,0
1768227976402794,52931,14550,32.0,36,0,0
1768227976404794,52931,14550,62.0,65,0,0
1768227976406758,52931,14550,49.0,27,0,0
1768227976409142,52931,14550,44.0,116,0,0
1768227976411486,52931,14550,42.0,129,0,0
1768227976413519,52931,14550,34.0,29,0,0
1768227976415599,52931,14550,34.0,137,0,0
1768227976417627,52931,14550,60.0,24,0,0
1768227976420503,52931,14550,53.0,124,0,0
1768227976422429,52931,14550,31.0,2,0,0
1768227976423954,52931,14550,64.0,164,0,0
1768227976425658,52931,14550,24.0,168,0,0
1768227976428090,52931,14550,42.0,136,0,0
1768227976430265,52931,14550,42.0,193,0,0
1768227976432487,52931,14550,48.0,32,0,0
1768227976434566,52931,14550,40.0,241,0,0
1768227976436517,52931,14550,70.0,87,0,0
1768227976438477,52931,14550,61.0,147,0,0
1768227976441154,52931,14550,64.0,11030,0,0
1768227976442823,58419,5760,,0,1,0
1768227976614642,52931,14550,48.0,163,0,0
1768227976616655,52931,14550,44.0,178,0,0
1768227976618597,52931,14550,48.0,30,0,0
1768227976621515,52931,14550,48.0,33,0,0
1768227976623333,52931,14550,39.0,74,0,0
1768227976626810,52931,14550,51.0,1,0,0
1768227976633304,52931,14550,22.0,125,0,0
1768227976635091,52931,14550,27.0,152,0,0
1768227976637348,52931,14550,45.0,62,0,0
1768227976640572,52931,14550,26.0,42,0,0
1768227976645159,52931,14550,32.0,36,0,0
1768227976646874,52931,14550,62.0,65,0,0
1768227976649052,52931,14550,49.0,27,0,0
1768227976652078,52931,14550,44.0,116,0,0
1768227976653546,52931,14550,42.0,129,0,0
1768227976656790,52931,14550,34.0,29,0,0
1768227976657959,52931,14550,34.0,137,0,0
1768227976659260,52931,14550,60.0,24,0,0
1768227976660830,52931,14550,53.0,124,0,0
1768227976662724,52931,14550,31.0,2,0,0
1768227976664037,52931,14550,64.0,164,0,0
1768227976665072,52931,14550,24.0,168,0,0
1768227976666459,52931,14550,42.0,136,0,0
1768227976667514,52931,14550,42.0,193,0,0
1768227976668867,52931,14550,48.0,32,0,0
1768227976670132,52931,14550,40.0,241,0,0
1768227976671501,52931,14550,70.0,87,0,0
1768227976673045,52931,14550,61.0,147,0,0
1768227976674827,52931,14550,64.0,11030,0,0
1768227976687938,5760,58419,,0,1,0
1768227976688974,52931,14550,29.0,0,0,0
1768227976779477,5760,58419,,264,1,0
1768227976780483,52931,14550,47.0,264,0,0
1768227976869478,52931,14550,48.0,163,0,0
1768227976871358,52931,14550,44.0,178,0,0
1768227976873202,52931,14550,48.0,30,0,0
1768227976875171,52931,14550,48.0,33,0,0
1768227976877273,52931,14550,39.0,74,0,0
1768227976879358,52931,14550,51.0,1,0,0
1768227976881927,52931,14550,22.0,125,0,0
1768227976883803,52931,14550,27.0,152,0,0
1768227976885052,52931,14550,45.0,62,0,0
1768227976887240,52931,14550,26.0,42,0,0
1768227976889728,52931,14550,32.0,36,0,0
1768227976891223,52931,14550,62.0,65,0,0
1768227976892476,52931,14550,49.0,27,0,0
1768227976893572,52931,14550,44.0,116,0,0
1768227976894636,52931,14550,42.0,129,0,0
1768227976895905,52931,14550,34.0,29,0,0
1768227976897476,52931,14550,34.0,137,0,0
1768227976899038,52931,14550,60.0,24,0,0
1768227976901749,52931,14550,53.0,124,0,0
1768227976903612,52931,14550,31.0,2,0,0
1768227976904954,52931,14550,64.0,164,0,0
1768227976906566,52931,14550,24.0,168,0,0
1768227976909049,52931,14550,42.0,136,0,0
1768227976910760,52931,14550,42.0,193,0,0
1768227976913284,52931,14550,48.0,32,0,0
1768227976914614,52931,14550,40.0,241,0,0
1768227976916389,52931,14550,70.0,87,0,0
1768227976918373,52931,14550,61.0,147,0,0
1768227976921189,52931,14550,64.0,11030,0,0
1768227977117492,52931,14550,48.0,163,0,0
1768227977121795,52931,14550,44.0,178,0,0
1768227977125256,52931,14550,48.0,30,0,0
1768227977128030,52931,14550,48.0,33,0,0
1768227977131245,52931,14550,39.0,74,0,0
1768227977134703,52931,14550,51.0,1,0,0
1768227977142388,52931,14550,22.0,125,0,0
1768227977145040,52931,14550,27.0,152,0,0
1768227977147017,52931,14550,45.0,62,0,0
1768227977153573,52931,14550,26.0,42,0,0
1768227977157669,52931,14550,32.0,36,0,0
1768227977160120,52931,14550,62.0,65,0,0
1768227977165847,52931,14550,49.0,27,0,0
1768227977168777,52931,14550,44.0,116,0,0
1768227977170571,52931,14550,42.0,129,0,0
1768227977174174,52931,14550,34.0,29,0,0
1768227977176242,52931,14550,34.0,137,0,0
1768227977178211,52931,14550,60.0,24,0,0
1768227977181546,52931,14550,53.0,124,0,0
1768227977186017,52931,14550,31.0,2,0,0
1768227977188229,52931,14550,64.0,164,0,0
1768227977190423,52931,14550,24.0,168,0,0
1768227977193127,52931,14550,42.0,136,0,0
1768227977195810,52931,14550,42.0,193,0,0
1768227977200087,52931,14550,48.0,32,0,0
1768227977203407,52931,14550,40.0,241,0,0
1768227977206915,52931,14550,70.0,87,0,0
1768227977209071,52931,14550,61.0,147,0,0
1768227977212915,52931,14550,64.0,11030,0,0
1768227977283765,5760,58419,,264,1,0
1768227977285470,52931,14550,47.0,264,0,0
1768227977367749,52931,14550,48.0,163,0,0
1768227977370820,52931,14550,44.0,178,0,0
1768227977372441,52931,14550,48.0,30,0,0
1768227977374743,52931,14550,48.0,33,0,0
1768227977376590,52931,14550,39.0,74,0,0
1768227977382876,52931,14550,51.0,1,0,0
1768227977386966,52931,14550,22.0,125,0,0
1768227977389020,52931,14550,27.0,152,0,0
1768227977390366,52931,14550,45.0,62,0,0
1768227977393673,52931,14550,26.0,42,0,0
1768227977401549,52931,14550,32.0,36,0,0
1768227977403077,52931,14550,62.0,65,0,0
1768227977404929,52931,14550,49.0,27,0,0
1768227977407358,52931,14550,44.0,116,0,0
1768227977409912,52931,14550,42.0,129,0,0
1768227977411661,52931,14550,34.0,29,0,0
1768227977413849,52931,14550,34.0,137,0,0
1768227977415571,52931,14550,60.0,24,0,0
1768227977417885,52931,14550,53.0,124,0,0
1768227977420624,52931,14550,31.0,2,0,0
1768227977422579,52931,14550,64.0,164,0,0
1768227977424577,52931,14550,24.0,168,0,0
1768227977426650,52931,14550,42.0,136,0,0
1768227977428888,52931,14550,42.0,193,0,0
1768227977430640,52931,14550,48.0,32,0,0
1768227977432315,52931,14550,40.0,241,0,0
1768227977434586,52931,14550,70.0,87,0,0
1768227977436834,52931,14550,61.0,147,0,0
1768227977438602,52931,14550,64.0,11030,0,0
1768227977451961,58419,5760,,0,1,0
1768227977621202,52931,14550,48.0,163,0,0
1768227977623385,52931,14550,44.0,178,0,0
1768227977627351,52931,14550,48.0,30,0,0
1768227977632072,52931,14550,48.0,33,0,0
1768227977634451,52931,14550,39.0,74,0,0
1768227977641218,52931,14550,51.0,1,0,0
1768227977650647,52931,14550,22.0,125,0,0
1768227977654473,52931,14550,27.0,152,0,0
1768227977657644,52931,14550,45.0,62,0,0
1768227977661461,52931,14550,26.0,42,0,0
1768227977665867,52931,14550,32.0,36,0,0
1768227977668264,52931,14550,62.0,65,0,0
1768227977671079,52931,14550,49.0,27,0,0
1768227977673388,52931,14550,44.0,116,0,0
1768227977675631,52931,14550,42.0,129,0,0
1768227977677321,52931,14550,34.0,29,0,0
1768227977679602,52931,14550,34.0,137,0,0
1768227977681606,52931,14550,60.0,24,0,0
1768227977684503,52931,14550,53.0,124,0,0
1768227977687844,52931,14550,31.0,2,0,0
1768227977690336,52931,14550,64.0,164,0,0
1768227977693018,52931,14550,24.0,168,0,0
1768227977695553,5760,58419,,0,1,0
1768227977696007,52931,14550,42.0,136,0,0
1768227977698030,52931,14550,42.0,193,0,0
1768227977702322,52931,14550,48.0,32,0,0
1768227977703952,52931,14550,40.0,241,0,0
1768227977706088,52931,14550,70.0,87,0,0
1768227977709183,52931,14550,61.0,147,0,0
1768227977710995,52931,14550,64.0,11030,0,0
1768227977716422,52931,14550,29.0,0,0,0
1768227977787726,5760,58419,,264,1,0
1768227977789188,52931,14550,47.0,264,0,0
1768227977871035,52931,14550,48.0,163,0,0
1768227977873800,52931,14550,44.0,178,0,0
1768227977876047,52931,14550,48.0,30,0,0
1768227977879457,52931,14550,48.0,33,0,0
1768227977882161,52931,14550,39.0,74,0,0
1768227977886662,52931,14550,51.0,1,0,0
1768227977889245,52931,14550,22.0,125,0,0
1768227977891139,52931,14550,27.0,152,0,0
1768227977893418,52931,14550,45.0,62,0,0
1768227977896533,52931,14550,26.0,42,0,0
1768227977900708,52931,14550,32.0,36,0,0
1768227977902617,52931,14550,62.0,65,0,0
1768227977904223,52931,14550,49.0,27,0,0
1768227977905815,52931,14550,44.0,116,0,0
1768227977907552,52931,14550,42.0,129,0,0
1768227977909925,52931,14550,34.0,29,0,0
1768227977911913,52931,14550,34.0,137,0,0
1768227977913842,52931,14550,60.0,24,0,0
1768227977916736,52931,14550,53.0,124,0,0
1768227977918890,52931,14550,31.0,2,0,0
1768227977920803,52931,14550,64.0,164,0,0
1768227977922450,52931,14550,24.0,168,0,0
1768227977924356,52931,14550,42.0,136,0,0
1768227977926037,52931,14550,42.0,193,0,0
1768227977928165,52931,14550,48.0,32,0,0
1768227977929774,52931,14550,40.0,241,0,0
1768227977931506,52931,14550,70.0,87,0,0
1768227977933788,52931,14550,61.0,147,0,0
1768227977935635,52931,14550,64.0,11030,0,0
1768227978124623,52931,14550,48.0,163,0,0
1768227978127405,52931,14550,44.0,178,0,0
1768227978129314,52931,14550,48.0,30,0,0
1768227978133846,52931,14550,48.0,33,0,0
1768227978137210,52931,14550,39.0,74,0,0
1768227978142193,52931,14550,51.0,1,0,0
1768227978148752,52931,14550,22.0,125,0,0
1768227978154167,52931,14550,27.0,152,0,0
1768227978155831,52931,14550,45.0,62,0,0
1768227978161875,52931,14550,26.0,42,0,0
1768227978166254,52931,14550,32.0,36,0,0
1768227978168689,52931,14550,62.0,65,0,0
1768227978170893,52931,14550,49.0,27,0,0
1768227978173573,52931,14550,44.0,116,0,0
1768227978175638,52931,14550,42.0,129,0,0
1768227978177053,52931,14550,34.0,29,0,0
1768227978179871,52931,14550,34.0,137,0,0
1768227978186899,52931,14550,60.0,24,0,0
1768227978189745,52931,14550,53.0,124,0,0
1768227978193182,52931,14550,31.0,2,0,0
1768227978200241,52931,14550,64.0,164,0,0
1768227978202359,52931,14550,24.0,168,0,0
1768227978205768,52931,14550,42.0,136,0,0
1768227978207628,52931,14550,42.0,193,0,0
1768227978210089,52931,14550,48.0,32,0,0
1768227978212711,52931,14550,40.0,241,0,0
1768227978215800,52931,14550,70.0,87,0,0
1768227978219452,52931,14550,61.0,147,0,0
1768227978225197,52931,14550,64.0,11030,0,0
1768227978289396,5760,58419,,264,1,0
1768227978290758,52931,14550,47.0,264,0,0
1768227978373633,52931,14550,48.0,163,0,0
1768227978375801,52931,14550,44.0,178,0,0
1768227978377629,52931,14550,48.0,30,0,0
1768227978380936,52931,14550,48.0,33,0,0
1768227978382822,52931,14550,39.0,74,0,0
1768227978388389,52931,14550,51.0,1,0,0
1768227978396376,52931,14550,22.0,125,0,0
1768227978400494,52931,14550,27.0,152,0,0
1768227978402554,52931,14550,45.0,62,0,0
1768227978406120,52931,14550,26.0,42,0,0
1768227978411305,52931,14550,32.0,36,0,0
1768227978413568,52931,14550,62.0,65,0,0
1768227978415096,52931,14550,49.0,27,0,0
1768227978417587,52931,14550,44.0,116,0,0
1768227978420046,52931,14550,42.0,129,0,0
1768227978422874,52931,14550,34.0,29,0,0
1768227978424906,52931,14550,34.0,137,0,0
1768227978427110,52931,14550,60.0,24,0,0
1768227978430186,52931,14550,53.0,124,0,0
1768227978432905,52931,14550,31.0,2,0,0
1768227978435307,52931,14550,64.0,164,0,0
1768227978437233,52931,14550,24.0,168,0,0
1768227978439900,52931,14550,42.0,136,0,0
1768227978441877,52931,14550,42.0,193,0,0
1768227978444734,52931,14550,48.0,32,0,0
1768227978446863,52931,14550,40.0,241,0,0
1768227978448804,52931,14550,70.0,87,0,0
1768227978451626,52931,14550,61.0,147,0,0
1768227978454207,52931,14550,64.0,11030,0,0
1768227978456296,58419,5760,,0,1,0
1768227978630538,52931,14550,48.0,163,0,0
1768227978634683,52931,14550,44.0,178,0,0
1768227978637291,52931,14550,48.0,30,0,0
1768227978640429,52931,14550,48.0,33,0,0
1768227978644706,52931,14550,39.0,74,0,0
1768227978649851,52931,14550,51.0,1,0,0
1768227978657827,52931,14550,22.0,125,0,0
1768227978661876,52931,14550,27.0,152,0,0
1768227978665302,52931,14550,45.0,62,0,0
1768227978670419,52931,14550,26.0,42,0,0
1768227978674331,52931,14550,32.0,36,0,0
1768227978678267,52931,14550,62.0,65,0,0
1768227978681587,52931,14550,49.0,27,0,0
1768227978684039,52931,14550,44.0,116,0,0
1768227978685898,52931,14550,42.0,129,0,0
1768227978687747,52931,14550,34.0,29,0,0
1768227978691321,52931,14550,34.0,137,0,0
1768227978694171,52931,14550,60.0,24,0,0
1768227978698903,52931,14550,53.0,124,0,0
1768227978700018,5760,58419,,0,1,0
1768227978702036,52931,14550,31.0,2,0,0
1768227978705602,52931,14550,64.0,164,0,0
1768227978708555,52931,14550,24.0,168,0,0
1768227978710850,52931,14550,42.0,136,0,0
1768227978712477,52931,14550,42.0,193,0,0
1768227978716454,52931,14550,48.0,32,0,0
1768227978718237,52931,14550,40.0,241,0,0
1768227978721818,52931,14550,70.0,87,0,0
1768227978724403,52931,14550,61.0,147,0,0
1768227978726258,52931,14550,64.0,11030,0,0
1768227978731514,52931,14550,29.0,0,0,0
1768227978792411,5760,58419,,264,1,0
1768227978793742,52931,14550,47.0,264,0,0
1768227978879091,52931,14550,48.0,163,0,0
1768227978881861,52931,14550,44.0,178,0,0
1768227978884112,52931,14550,48.0,30,0,0
1768227978886686,52931,14550,48.0,33,0,0
1768227978888504,52931,14550,39.0,74,0,0
1768227978891952,52931,14550,51.0,1,0,0
1768227978898634,52931,14550,22.0,125,0,0
1768227978902737,52931,14550,27.0,152,0,0
1768227978905687,52931,14550,45.0,62,0,0
1768227978909953,52931,14550,26.0,42,0,0
1768227978913484,52931,14550,32.0,36,0,0
1768227978917226,52931,14550,62.0,65,0,0
1768227978919913,52931,14550,49.0,27,0,0
1768227978921964,52931,14550,44.0,116,0,0
1768227978923891,52931,14550,42.0,129,0,0
1768227978925822,52931,14550,34.0,29,0,0
1768227978928107,52931,14550,34.0,137,0,0
1768227978930089,52931,14550,60.0,24,0,0
1768227978932279,52931,14550,53.0,124,0,0
1768227978934677,52931,14550,31.0,2,0,0
1768227978936215,52931,14550,64.0,164,0,0
1768227978938532,52931,14550,24.0,168,0,0
1768227978940344,52931,14550,42.0,136,0,0
1768227978941925,52931,14550,42.0,193,0,0
1768227978944476,52931,14550,48.0,32,0,0
1768227978946663,52931,14550,40.0,241,0,0
1768227978948265,52931,14550,70.0,87,0,0
1768227978950173,52931,14550,61.0,147,0,0
1768227978951999,52931,14550,64.0,11030,0,0
1768227979129546,52931,14550,48.0,163,0,0
1768227979136227,52931,14550,44.0,178,0,0
1768227979139008,52931,14550,48.0,30,0,0
1768227979142164,52931,14550,48.0,33,0,0
1768227979144887,52931,14550,39.0,74,0,0
1768227979150523,52931,14550,51.0,1,0,0
1768227979159426,52931,14550,22.0,125,0,0
1768227979163878,52931,14550,27.0,152,0,0
1768227979165298,52931,14550,45.0,62,0,0
1768227979168304,52931,14550,26.0,42,0,0
1768227979171910,52931,14550,32.0,36,0,0
1768227979174163,52931,14550,62.0,65,0,0
1768227979176213,52931,14550,49.0,27,0,0
1768227979178285,52931,14550,44.0,116,0,0
1768227979179500,52931,14550,42.0,129,0,0
1768227979181747,52931,14550,34.0,29,0,0
1768227979183452,52931,14550,34.0,137,0,0
1768227979185478,52931,14550,60.0,24,0,0
1768227979187369,52931,14550,53.0,124,0,0
1768227979189588,52931,14550,31.0,2,0,0
1768227979192227,52931,14550,64.0,164,0,0
1768227979194741,52931,14550,24.0,168,0,0
1768227979197041,52931,14550,42.0,136,0,0
1768227979199186,52931,14550,42.0,193,0,0
1768227979201722,52931,14550,48.0,32,0,0
1768227979203647,52931,14550,40.0,241,0,0
1768227979205776,52931,14550,70.0,87,0,0
1768227979208361,52931,14550,61.0,147,0,0
1768227979210512,52931,14550,64.0,11030,0,0
1768227979274055,52931,14550,21.0,46,0,0
1768227979276543,52931,14550,39.0,253,0,0
1768227979279852,52931,14550,34.0,253,0,0
1768227979297624,5760,58419,,264,1,0
1768227979298954,52931,14550,47.0,264,0,0
1768227979381770,52931,14550,48.0,163,0,0
1768227979384314,52931,14550,44.0,178,0,0
1768227979387064,52931,14550,48.0,30,0,0
1768227979390864,52931,14550,48.0,33,0,0
1768227979393798,52931,14550,39.0,74,0,0
1768227979397987,52931,14550,51.0,1,0,0
1768227979403478,52931,14550,22.0,125,0,0
1768227979406437,52931,14550,27.0,152,0,0
1768227979408545,52931,14550,45.0,62,0,0
1768227979412212,52931,14550,26.0,42,0,0
1768227979415711,52931,14550,32.0,36,0,0
1768227979418145,52931,14550,62.0,65,0,0
1768227979419956,52931,14550,49.0,27,0,0
1768227979421645,52931,14550,44.0,116,0,0
1768227979423492,52931,14550,42.0,129,0,0
1768227979425566,52931,14550,34.0,29,0,0
1768227979427478,52931,14550,34.0,137,0,0
1768227979429249,52931,14550,60.0,24,0,0
1768227979432334,52931,14550,53.0,124,0,0
1768227979435009,52931,14550,31.0,2,0,0
1768227979436921,52931,14550,64.0,164,0,0
1768227979439241,52931,14550,24.0,168,0,0
1768227979441662,52931,14550,42.0,136,0,0
1768227979443532,52931,14550,42.0,193,0,0
1768227979445042,52931,14550,48.0,32,0,0
1768227979446755,52931,14550,40.0,241,0,0
1768227979448884,52931,14550,70.0,87,0,0
1768227979450875,52931,14550,61.0,147,0,0
1768227979452945,52931,14550,64.0,11030,0,0
1768227979467048,58419,5760,,0,1,0
1768227979638063,52931,14550,48.0,163,0,0
1768227979640099,52931,14550,44.0,178,0,0
1768227979643178,52931,14550,48.0,30,0,0
1768227979646483,52931,14550,48.0,33,0,0
1768227979648698,52931,14550,39.0,74,0,0
1768227979652399,52931,14550,51.0,1,0,0
1768227979659389,52931,14550,22.0,125,0,0
1768227979663343,52931,14550,27.0,152,0,0
1768227979666218,52931,14550,45.0,62,0,0
1768227979670952,52931,14550,26.0,42,0,0
1768227979675345,52931,14550,32.0,36,0,0
1768227979678174,52931,14550,62.0,65,0,0
1768227979681608,52931,14550,49.0,27,0,0
1768227979683868,52931,14550,44.0,116,0,0
1768227979686815,52931,14550,42.0,129,0,0
1768227979689680,52931,14550,34.0,29,0,0
1768227979693693,52931,14550,34.0,137,0,0
1768227979696913,52931,14550,60.0,24,0,0
1768227979699663,52931,14550,53.0,124,0,0
1768227979702895,52931,14550,31.0,2,0,0
1768227979705781,5760,58419,,0,1,0
1768227979706577,52931,14550,64.0,164,0,0
1768227979708471,52931,14550,24.0,168,0,0
1768227979710569,52931,14550,42.0,136,0,0
1768227979713895,52931,14550,42.0,193,0,0
1768227979716690,52931,14550,48.0,32,0,0
1768227979719267,52931,14550,40.0,241,0,0
1768227979721384,52931,14550,70.0,87,0,0
1768227979723661,52931,14550,61.0,147,0,0
1768227979731026,52931,14550,64.0,11030,0,0
1768227979736647,52931,14550,29.0,0,0,0
1768227979800141,5760,58419,,264,1,0
1768227979801372,52931,14550,47.0,264,0,0
1768227979886924,52931,14550,48.0,163,0,0
1768227979888916,52931,14550,44.0,178,0,0
1768227979890729,52931,14550,48.0,30,0,0
1768227979895403,52931,14550,48.0,33,0,0
1768227979898754,52931,14550,39.0,74,0,0
1768227979901943,52931,14550,51.0,1,0,0
1768227979907145,52931,14550,22.0,125,0,0
1768227979909557,52931,14550,27.0,152,0,0
1768227979911618,52931,14550,45.0,62,0,0
1768227979914096,52931,14550,26.0,42,0,0
1768227979917520,52931,14550,32.0,36,0,0
1768227979919176,52931,14550,62.0,65,0,0
1768227979920964,52931,14550,49.0,27,0,0
1768227979923565,52931,14550,44.0,116,0,0
1768227979926246,52931,14550,42.0,129,0,0
1768227979927948,52931,14550,34.0,29,0,0
1768227979929521,52931,14550,34.0,137,0,0
1768227979931333,52931,14550,60.0,24,0,0
1768227979933674,52931,14550,53.0,124,0,0
1768227979935778,52931,14550,31.0,2,0,0
1768227979937237,52931,14550,64.0,164,0,0
1768227979938920,52931,14550,24.0,168,0,0
1768227979940846,52931,14550,42.0,136,0,0
1768227979943432,52931,14550,42.0,193,0,0
1768227979945120,52931,14550,48.0,32,0,0
1768227979946970,52931,14550,40.0,241,0,0
1768227979948605,52931,14550,70.0,87,0,0
1768227979950657,52931,14550,61.0,147,0,0
1768227979953323,52931,14550,64.0,11030,0,0
1768227980139156,52931,14550,48.0,163,0,0
1768227980141594,52931,14550,44.0,178,0,0
1768227980143550,52931,14550,48.0,30,0,0
1768227980146812,52931,14550,48.0,33,0,0
1768227980149887,52931,14550,39.0,74,0,0
1768227980154219,52931,14550,51.0,1,0,0
1768227980159459,52931,14550,22.0,125,0,0
1768227980162264,52931,14550,27.0,152,0,0
1768227980164606,52931,14550,45.0,62,0,0
1768227980170163,52931,14550,26.0,42,0,0
1768227980174468,52931,14550,32.0,36,0,0
1768227980176374,52931,14550,62.0,65,0,0
1768227980178314,52931,14550,49.0,27,0,0
1768227980180257,52931,14550,44.0,116,0,0
1768227980182792,52931,14550,42.0,129,0,0
1768227980184501,52931,14550,34.0,29,0,0
1768227980187720,52931,14550,34.0,137,0,0
1768227980190811,52931,14550,60.0,24,0,0
1768227980195091,52931,14550,53.0,124,0,0
1768227980197931,52931,14550,31.0,2,0,0
1768227980200424,52931,14550,64.0,164,0,0
1768227980202341,52931,14550,24.0,168,0,0
1768227980207688,52931,14550,42.0,136,0,0
1768227980210060,52931,14550,42.0,193,0,0
1768227980212255,52931,14550,48.0,32,0,0
1768227980214240,52931,14550,40.0,241,0,0
1768227980217590,52931,14550,70.0,87,0,0
1768227980223792,52931,14550,61.0,147,0,0
1768227980226043,52931,14550,64.0,11030,0,0
1768227980302989,5760,58419,,264,1,0
1768227980304202,52931,14550,47.0,264,0,0
1768227980390730,52931,14550,48.0,163,0,0
1768227980393176,52931,14550,44.0,178,0,0
1768227980395619,52931,14550,48.0,30,0,0
1768227980399247,52931,14550,48.0,33,0,0
1768227980402448,52931,14550,39.0,74,0,0
1768227980406403,52931,14550,51.0,1,0,0
1768227980411634,52931,14550,22.0,125,0,0
1768227980415154,52931,14550,27.0,152,0,0
1768227980416829,52931,14550,45.0,62,0,0
1768227980418831,52931,14550,26.0,42,0,0
1768227980420579,52931,14550,32.0,36,0,0
1768227980422019,52931,14550,62.0,65,0,0
1768227980423281,52931,14550,49.0,27,0,0
1768227980424898,52931,14550,44.0,116,0,0
1768227980426476,52931,14550,42.0,129,0,0
1768227980428058,52931,14550,34.0,29,0,0
1768227980429036,52931,14550,34.0,137,0,0
1768227980429906,52931,14550,60.0,24,0,0
1768227980431575,52931,14550,53.0,124,0,0
1768227980432638,52931,14550,31.0,2,0,0
1768227980433477,52931,14550,64.0,164,0,0
1768227980434213,52931,14550,24.0,168,0,0
1768227980436254,52931,14550,42.0,136,0,0
1768227980437049,52931,14550,42.0,193,0,0
1768227980438268,52931,14550,48.0,32,0,0
1768227980439384,52931,14550,40.0,241,0,0
1768227980440228,52931,14550,70.0,87,0,0
1768227980441232,52931,14550,61.0,147,0,0
1768227980442270,52931,14550,64.0,11030,0,0
1768227980476364,58419,5760,,0,1,0
1768227980640221,52931,14550,48.0,163,0,0
1768227980643574,52931,14550,44.0,178,0,0
1768227980646083,52931,14550,48.0,30,0,0
1768227980648938,52931,14550,48.0,33,0,0
1768227980651734,52931,14550,39.0,74,0,0
1768227980658254,52931,14550,51.0,1,0,0
1768227980663737,52931,14550,22.0,125,0,0
1768227980667050,52931,14550,27.0,152,0,0
1768227980669246,52931,14550,45.0,62,0,0
1768227980673113,52931,14550,26.0,42,0,0
1768227980676331,52931,14550,32.0,36,0,0
1768227980679390,52931,14550,62.0,65,0,0
1768227980682263,52931,14550,49.0,27,0,0
1768227980683977,52931,14550,44.0,116,0,0
1768227980686179,52931,14550,42.0,129,0,0
1768227980687749,52931,14550,34.0,29,0,0
1768227980691313,52931,14550,34.0,137,0,0
1768227980694642,52931,14550,60.0,24,0,0
1768227980697264,52931,14550,53.0,124,0,0
1768227980700899,52931,14550,31.0,2,0,0
1768227980703872,52931,14550,64.0,164,0,0
1768227980708303,52931,14550,24.0,168,0,0
1768227980711250,52931,14550,42.0,136,0,0
1768227980713921,52931,14550,42.0,193,0,0
1768227980715343,5760,58419,,0,1,0
1768227980716814,52931,14550,48.0,32,0,0
1768227980718349,52931,14550,40.0,241,0,0
1768227980720388,52931,14550,70.0,87,0,0
1768227980722724,52931,14550,61.0,147,0,0
1768227980725768,52931,14550,64.0,11030,0,0
1768227980729185,52931,14550,29.0,0,0,0
1768227980807600,5760,58419,,264,1,0
1768227980808966,52931,14550,47.0,264,0,0
1768227980895060,52931,14550,48.0,163,0,0
1768227980898718,52931,14550,44.0,178,0,0
1768227980900567,52931,14550,48.0,30,0,0
1768227980903206,52931,14550,48.0,33,0,0
1768227980905529,52931,14550,39.0,74,0,0
1768227980909186,52931,14550,51.0,1,0,0
1768227980912098,52931,14550,22.0,125,0,0
1768227980914219,52931,14550,27.0,152,0,0
1768227980916025,52931,14550,45.0,62,0,0
1768227980918888,52931,14550,26.0,42,0,0
1768227980921462,52931,14550,32.0,36,0,0
1768227980923652,52931,14550,62.0,65,0,0
1768227980925416,52931,14550,49.0,27,0,0
1768227980926967,52931,14550,44.0,116,0,0
1768227980929272,52931,14550,42.0,129,0,0
1768227980931404,52931,14550,34.0,29,0,0
1768227980933122,52931,14550,34.0,137,0,0
1768227980934776,52931,14550,60.0,24,0,0
1768227980937033,52931,14550,53.0,124,0,0
1768227980939592,52931,14550,31.0,2,0,0
1768227980941816,52931,14550,64.0,164,0,0
1768227980943716,52931,14550,24.0,168,0,0
1768227980945853,52931,14550,42.0,136,0,0
1768227980947796,52931,14550,42.0,193,0,0
1768227980949452,52931,14550,48.0,32,0,0
1768227980951026,52931,14550,40.0,241,0,0
1768227980952576,52931,14550,70.0,87,0,0
1768227980954981,52931,14550,61.0,147,0,0
1768227980957201,52931,14550,64.0,11030,0,0
1768227981144050,52931,14550,48.0,163,0,0
1768227981146937,52931,14550,44.0,178,0,0
1768227981149327,52931,14550,48.0,30,0,0
1768227981154526,52931,14550,48.0,33,0,0
1768227981156432,52931,14550,39.0,74,0,0
1768227981161581,52931,14550,51.0,1,0,0
1768227981167709,52931,14550,22.0,125,0,0
1768227981170532,52931,14550,27.0,152,0,0
1768227981172165,52931,14550,45.0,62,0,0
1768227981175741,52931,14550,26.0,42,0,0
1768227981179140,52931,14550,32.0,36,0,0
1768227981182131,52931,14550,62.0,65,0,0
1768227981184915,52931,14550,49.0,27,0,0
1768227981187457,52931,14550,44.0,116,0,0
1768227981189310,52931,14550,42.0,129,0,0
1768227981191339,52931,14550,34.0,29,0,0
1768227981195349,52931,14550,34.0,137,0,0
1768227981197144,52931,14550,60.0,24,0,0
1768227981202284,52931,14550,53.0,124,0,0
1768227981207106,52931,14550,31.0,2,0,0
1768227981209344,52931,14550,64.0,164,0,0
1768227981212285,52931,14550,24.0,168,0,0
1768227981215520,52931,14550,42.0,136,0,0
1768227981217253,52931,14550,42.0,193,0,0
1768227981221291,52931,14550,48.0,32,0,0
1768227981223438,52931,14550,40.0,241,0,0
1768227981226981,52931,14550,70.0,87,0,0
1768227981229726,52931,14550,61.0,147,0,0
1768227981231405,52931,14550,64.0,11030,0,0
1768227981312382,5760,58419,,264,1,0
1768227981313642,52931,14550,47.0,264,0,0
1768227981397092,52931,14550,48.0,163,0,0
1768227981399136,52931,14550,44.0,178,0,0
1768227981400847,52931,14550,48.0,30,0,0
1768227981403151,52931,14550,48.0,33,0,0
1768227981404420,52931,14550,39.0,74,0,0
1768227981407281,52931,14550,51.0,1,0,0
1768227981411903,52931,14550,22.0,125,0,0
1768227981413606,52931,14550,27.0,152,0,0
1768227981415154,52931,14550,45.0,62,0,0
1768227981416829,52931,14550,26.0,42,0,0
1768227981419345,52931,14550,32.0,36,0,0
1768227981420747,52931,14550,62.0,65,0,0
1768227981422075,52931,14550,49.0,27,0,0
1768227981423226,52931,14550,44.0,116,0,0
1768227981424119,52931,14550,42.0,129,0,0
1768227981425280,52931,14550,34.0,29,0,0
1768227981426549,52931,14550,34.0,137,0,0
1768227981427629,52931,14550,60.0,24,0,0
1768227981429423,52931,14550,53.0,124,0,0
1768227981430673,52931,14550,31.0,2,0,0
1768227981431698,52931,14550,64.0,164,0,0
1768227981432491,52931,14550,24.0,168,0,0
1768227981433513,52931,14550,42.0,136,0,0
1768227981434488,52931,14550,42.0,193,0,0
1768227981435520,52931,14550,48.0,32,0,0
1768227981436430,52931,14550,40.0,241,0,0
1768227981437275,52931,14550,70.0,87,0,0
1768227981438423,52931,14550,61.0,147,0,0
1768227981439657,52931,14550,64.0,11030,0,0
1768227981484934,58419,5760,,0,1,0
1768227981645618,52931,14550,48.0,163,0,0
1768227981648203,52931,14550,44.0,178,0,0
1768227981652687,52931,14550,48.0,30,0,0
1768227981655702,52931,14550,48.0,33,0,0
1768227981658437,52931,14550,39.0,74,0,0
1768227981665736,52931,14550,51.0,1,0,0
1768227981674761,52931,14550,22.0,125,0,0
1768227981678474,52931,14550,27.0,152,0,0
1768227981681391,52931,14550,45.0,62,0,0
1768227981685478,52931,14550,26.0,42,0,0
1768227981691353,52931,14550,32.0,36,0,0
1768227981694416,52931,14550,62.0,65,0,0
1768227981698062,52931,14550,49.0,27,0,0
1768227981700505,52931,14550,44.0,116,0,0
1768227981702248,52931,14550,42.0,129,0,0
1768227981703727,52931,14550,34.0,29,0,0
1768227981705796,52931,14550,34.0,137,0,0
1768227981707593,52931,14550,60.0,24,0,0
1768227981710067,52931,14550,53.0,124,0,0
1768227981712639,52931,14550,31.0,2,0,0
1768227981714854,52931,14550,64.0,164,0,0
1768227981716107,52931,14550,24.0,168,0,0
1768227981717994,52931,14550,42.0,136,0,0
1768227981719978,52931,14550,42.0,193,0,0
1768227981721353,5760,58419,,0,1,0
1768227981721954,52931,14550,48.0,32,0,0
1768227981723516,52931,14550,40.0,241,0,0
1768227981725131,52931,14550,70.0,87,0,0
1768227981726908,52931,14550,61.0,147,0,0
1768227981729165,52931,14550,64.0,11030,0,0
1768227981732601,52931,14550,29.0,0,0,0
1768227981813886,5760,58419,,264,1,0
1768227981815236,52931,14550,47.0,264,0,0
1768227981900149,52931,14550,48.0,163,0,0
1768227981903959,52931,14550,44.0,178,0,0
1768227981907231,52931,14550,48.0,30,0,0
1768227981910359,52931,14550,48.0,33,0,0
1768227981912207,52931,14550,39.0,74,0,0
1768227981916451,52931,14550,51.0,1,0,0
1768227981919977,52931,14550,22.0,125,0,0
1768227981922268,52931,14550,27.0,152,0,0
1768227981924276,52931,14550,45.0,62,0,0
1768227981927797,52931,14550,26.0,42,0,0
1768227981931280,52931,14550,32.0,36,0,0
1768227981933024,52931,14550,62.0,65,0,0
1768227981935405,52931,14550,49.0,27,0,0
1768227981937661,52931,14550,44.0,116,0,0
1768227981939491,52931,14550,42.0,129,0,0
1768227981941113,52931,14550,34.0,29,0,0
1768227981942625,52931,14550,34.0,137,0,0
1768227981944261,52931,14550,60.0,24,0,0
1768227981946726,52931,14550,53.0,124,0,0
1768227981949537,52931,14550,31.0,2,0,0
1768227981951456,52931,14550,64.0,164,0,0
1768227981953391,52931,14550,24.0,168,0,0
1768227981955298,52931,14550,42.0,136,0,0
1768227981956806,52931,14550,42.0,193,0,0
1768227981958707,52931,14550,48.0,32,0,0
1768227981960309,52931,14550,40.0,241,0,0
1768227981962017,52931,14550,70.0,87,0,0
1768227981963903,52931,14550,61.0,147,0,0
1768227981965689,52931,14550,64.0,11030,0,0
1768227982152734,52931,14550,48.0,163,0,0
1768227982157029,52931,14550,44.0,178,0,0
1768227982159280,52931,14550,48.0,30,0,0
1768227982162407,52931,14550,48.0,33,0,0
1768227982165199,52931,14550,39.0,74,0,0
1768227982172526,52931,14550,51.0,1,0,0
1768227982180520,52931,14550,22.0,125,0,0
1768227982186441,52931,14550,27.0,152,0,0
1768227982188382,52931,14550,45.0,62,0,0
1768227982192403,52931,14550,26.0,42,0,0
1768227982195596,52931,14550,32.0,36,0,0
1768227982197884,52931,14550,62.0,65,0,0
1768227982200675,52931,14550,49.0,27,0,0
1768227982202566,52931,14550,44.0,116,0,0
1768227982204776,52931,14550,42.0,129,0,0
1768227982208392,52931,14550,34.0,29,0,0
1768227982211259,52931,14550,34.0,137,0,0
1768227982214578,52931,14550,60.0,24,0,0
1768227982221583,52931,14550,53.0,124,0,0
1768227982224563,52931,14550,31.0,2,0,0
1768227982227175,52931,14550,64.0,164,0,0
1768227982230159,52931,14550,24.0,168,0,0
1768227982233306,52931,14550,42.0,136,0,0
1768227982235345,52931,14550,42.0,193,0,0
1768227982237626,52931,14550,48.0,32,0,0
1768227982239848,52931,14550,40.0,241,0,0
1768227982242179,52931,14550,70.0,87,0,0
1768227982245687,52931,14550,61.0,147,0,0
1768227982248773,52931,14550,64.0,11030,0,0
1768227982318720,5760,58419,,264,1,0
1768227982319999,52931,14550,47.0,264,0,0
1768227982401544,52931,14550,48.0,163,0,0
1768227982403052,52931,14550,44.0,178,0,0
1768227982405810,52931,14550,48.0,30,0,0
1768227982407611,52931,14550,48.0,33,0,0
1768227982409348,52931,14550,39.0,74,0,0
1768227982412826,52931,14550,51.0,1,0,0
1768227982415451,52931,14550,22.0,125,0,0
1768227982417400,52931,14550,27.0,152,0,0
1768227982418452,52931,14550,45.0,62,0,0
1768227982420609,52931,14550,26.0,42,0,0
1768227982423874,52931,14550,32.0,36,0,0
1768227982425292,52931,14550,62.0,65,0,0
1768227982426850,52931,14550,49.0,27,0,0
1768227982428296,52931,14550,44.0,116,0,0
1768227982429450,52931,14550,42.0,129,0,0
1768227982430914,52931,14550,34.0,29,0,0
1768227982432412,52931,14550,34.0,137,0,0
1768227982433502,52931,14550,60.0,24,0,0
1768227982435230,52931,14550,53.0,124,0,0
1768227982436645,52931,14550,31.0,2,0,0
1768227982437821,52931,14550,64.0,164,0,0
1768227982439902,52931,14550,24.0,168,0,0
1768227982441968,52931,14550,42.0,136,0,0
1768227982443245,52931,14550,42.0,193,0,0
1768227982444699,52931,14550,48.0,32,0,0
1768227982445929,52931,14550,40.0,241,0,0
1768227982447129,52931,14550,70.0,87,0,0
1768227982448600,52931,14550,61.0,147,0,0
1768227982450303,52931,14550,64.0,11030,0,0
1768227982496156,58419,5760,,0,1,0
1768227982654415,52931,14550,48.0,163,0,0
1768227982656586,52931,14550,44.0,178,0,0
1768227982658288,52931,14550,48.0,30,0,0
1768227982661644,52931,14550,48.0,33,0,0
1768227982665726,52931,14550,39.0,74,0,0
1768227982671281,52931,14550,51.0,1,0,0
1768227982681883,52931,14550,22.0,125,0,0
1768227982684335,52931,14550,27.0,152,0,0
1768227982686956,52931,14550,45.0,62,0,0
1768227982692508,52931,14550,26.0,42,0,0
1768227982696567,52931,14550,32.0,36,0,0
1768227982699350,52931,14550,62.0,65,0,0
1768227982701066,52931,14550,49.0,27,0,0
1768227982705592,52931,14550,44.0,116,0,0
1768227982707847,52931,14550,42.0,129,0,0
1768227982710334,52931,14550,34.0,29,0,0
1768227982711933,52931,14550,34.0,137,0,0
1768227982715365,52931,14550,60.0,24,0,0
1768227982717935,52931,14550,53.0,124,0,0
1768227982721390,52931,14550,31.0,2,0,0
1768227982723497,5760,58419,,0,1,0
1768227982724276,52931,14550,64.0,164,0,0
1768227982725937,52931,14550,24.0,168,0,0
1768227982728131,52931,14550,42.0,136,0,0
1768227982731584,52931,14550,42.0,193,0,0
1768227982731990,5760,58419,,111,1,0
1768227982733886,52931,14550,48.0,32,0,0
1768227982735439,52931,14550,40.0,241,0,0
1768227982738131,52931,14550,70.0,87,0,0
1768227982740460,52931,14550,61.0,147,0,0
1768227982744170,52931,14550,64.0,11030,0,0
1768227982747769,52931,14550,29.0,0,0,0
1768227982750646,52931,14550,33.0,111,0,0
1768227982818077,5760,58419,,264,1,0
1768227982819215,52931,14550,47.0,264,0,0
1768227982904595,52931,14550,48.0,163,0,0
1768227982906908,52931,14550,44.0,178,0,0
1768227982909400,52931,14550,48.0,30,0,0
1768227982913052,52931,14550,48.0,33,0,0
1768227982916721,52931,14550,39.0,74,0,0
1768227982921717,52931,14550,51.0,1,0,0
1768227982925304,52931,14550,22.0,125,0,0
1768227982927321,52931,14550,27.0,152,0,0
1768227982928945,52931,14550,45.0,62,0,0
1768227982932108,52931,14550,26.0,42,0,0
1768227982935449,52931,14550,32.0,36,0,0
1768227982937735,52931,14550,62.0,65,0,0
1768227982939694,52931,14550,49.0,27,0,0
1768227982941189,52931,14550,44.0,116,0,0
1768227982942882,52931,14550,42.0,129,0,0
1768227982945030,52931,14550,34.0,29,0,0
1768227982946948,52931,14550,34.0,137,0,0
1768227982948772,52931,14550,60.0,24,0,0
1768227982951141,52931,14550,53.0,124,0,0
1768227982953185,52931,14550,31.0,2,0,0
1768227982955200,52931,14550,64.0,164,0,0
1768227982956846,52931,14550,24.0,168,0,0
1768227982958594,52931,14550,42.0,136,0,0
1768227982960070,52931,14550,42.0,193,0,0
1768227982962066,52931,14550,48.0,32,0,0
1768227982964354,52931,14550,40.0,241,0,0
1768227982966287,52931,14550,70.0,87,0,0
1768227982968331,52931,14550,61.0,147,0,0
1768227982970602,52931,14550,64.0,11030,0,0
1768227983158243,52931,14550,48.0,163,0,0
1768227983161372,52931,14550,44.0,178,0,0
1768227983165081,52931,14550,48.0,30,0,0
1768227983168884,52931,14550,48.0,33,0,0
1768227983171865,52931,14550,39.0,74,0,0
1768227983177000,52931,14550,51.0,1,0,0
1768227983183023,52931,14550,22.0,125,0,0
1768227983188010,52931,14550,27.0,152,0,0
1768227983191326,52931,14550,45.0,62,0,0
1768227983194872,52931,14550,26.0,42,0,0
1768227983200418,52931,14550,32.0,36,0,0
1768227983202330,52931,14550,62.0,65,0,0
1768227983204912,52931,14550,49.0,27,0,0
1768227983207975,52931,14550,44.0,116,0,0
1768227983212077,52931,14550,42.0,129,0,0
1768227983216012,52931,14550,34.0,29,0,0
1768227983219024,52931,14550,34.0,137,0,0
1768227983222651,52931,14550,60.0,24,0,0
1768227983224940,52931,14550,53.0,124,0,0
1768227983228640,52931,14550,31.0,2,0,0
1768227983232258,52931,14550,64.0,164,0,0
1768227983234261,52931,14550,24.0,168,0,0
1768227983236834,52931,14550,42.0,136,0,0
1768227983241288,52931,14550,42.0,193,0,0
1768227983244529,52931,14550,48.0,32,0,0
1768227983247036,52931,14550,40.0,241,0,0
1768227983250870,52931,14550,70.0,87,0,0
1768227983255445,52931,14550,61.0,147,0,0
1768227983257654,52931,14550,64.0,11030,0,0
1768227983321190,5760,58419,,264,1,0
1768227983322579,52931,14550,47.0,264,0,0
1768227983412234,52931,14550,48.0,163,0,0
1768227983415003,52931,14550,44.0,178,0,0
1768227983416870,52931,14550,48.0,30,0,0
1768227983421889,52931,14550,48.0,33,0,0
1768227983423996,52931,14550,39.0,74,0,0
1768227983428727,52931,14550,51.0,1,0,0
1768227983432719,52931,14550,22.0,125,0,0
1768227983435623,52931,14550,27.0,152,0,0
1768227983437988,52931,14550,45.0,62,0,0
1768227983441053,52931,14550,26.0,42,0,0
1768227983445525,52931,14550,32.0,36,0,0
1768227983447479,52931,14550,62.0,65,0,0
1768227983448940,52931,14550,49.0,27,0,0
1768227983450646,52931,14550,44.0,116,0,0
1768227983452255,52931,14550,42.0,129,0,0
1768227983454086,52931,14550,34.0,29,0,0
1768227983456204,52931,14550,34.0,137,0,0
1768227983457991,52931,14550,60.0,24,0,0
1768227983460221,52931,14550,53.0,124,0,0
1768227983462047,52931,14550,31.0,2,0,0
1768227983464575,52931,14550,64.0,164,0,0
1768227983466129,52931,14550,24.0,168,0,0
1768227983468062,52931,14550,42.0,136,0,0
1768227983469979,52931,14550,42.0,193,0,0
1768227983472095,52931,14550,48.0,32,0,0
1768227983473831,52931,14550,40.0,241,0,0
1768227983475477,52931,14550,70.0,87,0,0
1768227983477631,52931,14550,61.0,147,0,0
1768227983479634,52931,14550,64.0,11030,0,0
1768227983505079,58419,5760,,0,1,0
1768227983662460,5760,58419,,11030,1,0
1768227983663324,52931,14550,48.0,163,0,0
1768227983668342,52931,14550,44.0,178,0,0
1768227983670738,52931,14550,48.0,30,0,0
1768227983674957,52931,14550,48.0,33,0,0
1768227983677350,52931,14550,39.0,74,0,0
1768227983683948,52931,14550,51.0,1,0,0
1768227983693418,52931,14550,22.0,125,0,0
1768227983698011,52931,14550,27.0,152,0,0
1768227983701994,52931,14550,45.0,62,0,0
1768227983709804,52931,14550,26.0,42,0,0
1768227983714832,52931,14550,32.0,36,0,0
1768227983717186,52931,14550,62.0,65,0,0
1768227983719538,52931,14550,49.0,27,0,0
1768227983723402,52931,14550,44.0,116,0,0
1768227983726092,52931,14550,42.0,129,0,0
1768227983731317,52931,14550,34.0,29,0,0
1768227983733551,52931,14550,34.0,137,0,0
1768227983735226,5760,58419,,0,1,0
1768227983736064,52931,14550,60.0,24,0,0
1768227983739913,52931,14550,53.0,124,0,0
1768227983742778,52931,14550,31.0,2,0,0
1768227983747474,52931,14550,64.0,164,0,0
1768227983750731,52931,14550,24.0,168,0,0
1768227983754383,52931,14550,42.0,136,0,0
1768227983756632,52931,14550,42.0,193,0,0
1768227983759833,52931,14550,48.0,32,0,0
1768227983761921,52931,14550,40.0,241,0,0
1768227983764354,52931,14550,70.0,87,0,0
1768227983769545,52931,14550,61.0,147,0,0
1768227983771627,52931,14550,64.0,11030,0,0
1768227983776065,52931,14550,29.0,0,0,0
1768227983823455,5760,58419,,264,1,0
1768227983824831,52931,14550,47.0,264,0,0
1768227983911916,52931,14550,48.0,163,0,0
1768227983916770,52931,14550,44.0,178,0,0
1768227983919259,52931,14550,48.0,30,0,0
1768227983921881,52931,14550,48.0,33,0,0
1768227983925141,52931,14550,39.0,74,0,0
1768227983928541,52931,14550,51.0,1,0,0
1768227983931034,52931,14550,22.0,125,0,0
1768227983933602,52931,14550,27.0,152,0,0
1768227983935362,52931,14550,45.0,62,0,0
1768227983938291,52931,14550,26.0,42,0,0
1768227983941638,52931,14550,32.0,36,0,0
1768227983943473,52931,14550,62.0,65,0,0
1768227983945404,52931,14550,49.0,27,0,0
1768227983946853,52931,14550,44.0,116,0,0
1768227983949610,52931,14550,42.0,129,0,0
1768227983952523,52931,14550,34.0,29,0,0
1768227983954773,52931,14550,34.0,137,0,0
1768227983956814,52931,14550,60.0,24,0,0
1768227983959106,52931,14550,53.0,124,0,0
1768227983961150,52931,14550,31.0,2,0,0
1768227983963041,52931,14550,64.0,164,0,0
1768227983964866,52931,14550,24.0,168,0,0
1768227983968077,52931,14550,42.0,136,0,0
1768227983970913,52931,14550,42.0,193,0,0
1768227983974170,52931,14550,48.0,32,0,0
1768227983977111,52931,14550,40.0,241,0,0
1768227983979325,52931,14550,70.0,87,0,0
1768227983981496,52931,14550,61.0,147,0,0
1768227983983911,52931,14550,64.0,11030,0,0
1768227984164263,52931,14550,48.0,163,0,0
1768227984166941,52931,14550,44.0,178,0,0
1768227984169296,52931,14550,48.0,30,0,0
1768227984173592,52931,14550,48.0,33,0,0
1768227984176049,52931,14550,39.0,74,0,0
1768227984183434,52931,14550,51.0,1,0,0
1768227984190252,52931,14550,22.0,125,0,0
1768227984192815,52931,14550,27.0,152,0,0
1768227984194869,52931,14550,45.0,62,0,0
1768227984200179,52931,14550,26.0,42,0,0
1768227984203884,52931,14550,32.0,36,0,0
1768227984205376,52931,14550,62.0,65,0,0
1768227984207251,52931,14550,49.0,27,0,0
1768227984208758,52931,14550,44.0,116,0,0
1768227984211425,52931,14550,42.0,129,0,0
1768227984215539,52931,14550,34.0,29,0,0
1768227984217029,52931,14550,34.0,137,0,0
1768227984218620,52931,14550,60.0,24,0,0
1768227984223583,52931,14550,53.0,124,0,0
1768227984226495,52931,14550,31.0,2,0,0
1768227984228480,52931,14550,64.0,164,0,0
1768227984231704,52931,14550,24.0,168,0,0
1768227984234159,52931,14550,42.0,136,0,0
1768227984236692,52931,14550,42.0,193,0,0
1768227984240379,52931,14550,48.0,32,0,0
1768227984242436,52931,14550,40.0,241,0,0
1768227984247381,52931,14550,70.0,87,0,0
1768227984254004,52931,14550,61.0,147,0,0
1768227984255943,52931,14550,64.0,11030,0,0
1768227984331161,5760,58419,,264,1,0
1768227984332318,52931,14550,47.0,264,0,0
1768227984414241,52931,14550,48.0,163,0,0
1768227984416402,52931,14550,44.0,178,0,0
1768227984418042,52931,14550,48.0,30,0,0
1768227984420350,52931,14550,48.0,33,0,0
1768227984422239,52931,14550,39.0,74,0,0
1768227984427144,52931,14550,51.0,1,0,0
1768227984435340,52931,14550,22.0,125,0,0
1768227984438195,52931,14550,27.0,152,0,0
1768227984440914,52931,14550,45.0,62,0,0
1768227984444576,52931,14550,26.0,42,0,0
1768227984447648,52931,14550,32.0,36,0,0
1768227984449943,52931,14550,62.0,65,0,0
1768227984452272,52931,14550,49.0,27,0,0
1768227984454435,52931,14550,44.0,116,0,0
1768227984456109,52931,14550,42.0,129,0,0
1768227984457752,52931,14550,34.0,29,0,0
1768227984459566,52931,14550,34.0,137,0,0
1768227984461643,52931,14550,60.0,24,0,0
1768227984464702,52931,14550,53.0,124,0,0
1768227984467627,52931,14550,31.0,2,0,0
1768227984469503,52931,14550,64.0,164,0,0
1768227984471762,52931,14550,24.0,168,0,0
1768227984473910,52931,14550,42.0,136,0,0
1768227984475932,52931,14550,42.0,193,0,0
1768227984478159,52931,14550,48.0,32,0,0
1768227984479976,52931,14550,40.0,241,0,0
1768227984482099,52931,14550,70.0,87,0,0
1768227984484221,52931,14550,61.0,147,0,0
1768227984486295,52931,14550,64.0,11030,0,0
1768227984511207,58419,5760,,0,1,0
1768227984666846,52931,14550,48.0,163,0,0
1768227984668505,52931,14550,44.0,178,0,0
1768227984670516,52931,14550,48.0,30,0,0
1768227984673831,52931,14550,48.0,33,0,0
1768227984674998,52931,14550,39.0,74,0,0
1768227984677344,52931,14550,51.0,1,0,0
1768227984681174,52931,14550,22.0,125,0,0
1768227984682695,52931,14550,27.0,152,0,0
1768227984683702,52931,14550,45.0,62,0,0
1768227984685410,52931,14550,26.0,42,0,0
1768227984687374,52931,14550,32.0,36,0,0
1768227984690151,52931,14550,62.0,65,0,0
1768227984691686,52931,14550,49.0,27,0,0
1768227984693930,52931,14550,44.0,116,0,0
1768227984695793,52931,14550,42.0,129,0,0
1768227984697036,52931,14550,34.0,29,0,0
1768227984698222,52931,14550,34.0,137,0,0
1768227984699710,52931,14550,60.0,24,0,0
1768227984702228,52931,14550,53.0,124,0,0
1768227984703650,52931,14550,31.0,2,0,0
1768227984705553,52931,14550,64.0,164,0,0
1768227984706597,52931,14550,24.0,168,0,0
1768227984707924,52931,14550,42.0,136,0,0
1768227984709001,52931,14550,42.0,193,0,0
1768227984711246,52931,14550,48.0,32,0,0
1768227984712342,52931,14550,40.0,241,0,0
1768227984714717,52931,14550,70.0,87,0,0
1768227984715863,52931,14550,61.0,147,0,0
1768227984717122,52931,14550,64.0,11030,0,0
1768227984738232,5760,58419,,0,1,0
1768227984739115,52931,14550,29.0,0,0,0
1768227984832331,5760,58419,,264,1,0
1768227984833361,52931,14550,47.0,264,0,0
1768227984916135,52931,14550,48.0,163,0,0
1768227984919637,52931,14550,44.0,178,0,0
1768227984923494,52931,14550,48.0,30,0,0
1768227984926240,52931,14550,48.0,33,0,0
1768227984928217,52931,14550,39.0,74,0,0
1768227984933281,52931,14550,51.0,1,0,0
1768227984935975,52931,14550,22.0,125,0,0
1768227984938590,52931,14550,27.0,152,0,0
1768227984941123,52931,14550,45.0,62,0,0
1768227984943681,52931,14550,26.0,42,0,0
1768227984946629,52931,14550,32.0,36,0,0
1768227984948943,52931,14550,62.0,65,0,0
1768227984950541,52931,14550,49.0,27,0,0
1768227984952163,52931,14550,44.0,116,0,0
1768227984953801,52931,14550,42.0,129,0,0
1768227984955710,52931,14550,34.0,29,0,0
1768227984957392,52931,14550,34.0,137,0,0
1768227984959079,52931,14550,60.0,24,0,0
1768227984960964,52931,14550,53.0,124,0,0
1768227984963118,52931,14550,31.0,2,0,0
1768227984965515,52931,14550,64.0,164,0,0
1768227984967082,52931,14550,24.0,168,0,0
1768227984969087,52931,14550,42.0,136,0,0
1768227984971399,52931,14550,42.0,193,0,0
1768227984973395,52931,14550,48.0,32,0,0
1768227984975520,52931,14550,40.0,241,0,0
1768227984977841,52931,14550,70.0,87,0,0
1768227984980457,52931,14550,61.0,147,0,0
1768227984982226,52931,14550,64.0,11030,0,0
1768227985171831,52931,14550,48.0,163,0,0
1768227985174173,52931,14550,44.0,178,0,0
1768227985177867,52931,14550,48.0,30,0,0
1768227985182397,52931,14550,48.0,33,0,0
1768227985186962,52931,14550,39.0,74,0,0
1768227985192427,52931,14550,51.0,1,0,0
1768227985197095,52931,14550,22.0,125,0,0
1768227985201141,52931,14550,27.0,152,0,0
1768227985203025,52931,14550,45.0,62,0,0
1768227985206777,52931,14550,26.0,42,0,0
1768227985212043,52931,14550,32.0,36,0,0
1768227985213786,52931,14550,62.0,65,0,0
1768227985215881,52931,14550,49.0,27,0,0
1768227985219644,52931,14550,44.0,116,0,0
1768227985221970,52931,14550,42.0,129,0,0
1768227985224227,52931,14550,34.0,29,0,0
1768227985228067,52931,14550,34.0,137,0,0
1768227985234162,52931,14550,60.0,24,0,0
1768227985237698,52931,14550,53.0,124,0,0
1768227985240806,52931,14550,31.0,2,0,0
1768227985242547,52931,14550,64.0,164,0,0
1768227985244614,52931,14550,24.0,168,0,0
1768227985247916,52931,14550,42.0,136,0,0
1768227985250639,52931,14550,42.0,193,0,0
1768227985254419,52931,14550,48.0,32,0,0
1768227985256278,52931,14550,40.0,241,0,0
1768227985260742,52931,14550,70.0,87,0,0
1768227985266122,52931,14550,61.0,147,0,0
1768227985269971,52931,14550,64.0,11030,0,0
1768227985337756,5760,58419,,264,1,0
1768227985338544,52931,14550,47.0,264,0,0
1768227985424323,52931,14550,48.0,163,0,0
1768227985427238,52931,14550,44.0,178,0,0
1768227985429534,52931,14550,48.0,30,0,0
1768227985432958,52931,14550,48.0,33,0,0
1768227985436381,52931,14550,39.0,74,0,0
1768227985441047,52931,14550,51.0,1,0,0
1768227985445720,52931,14550,22.0,125,0,0
1768227985447356,52931,14550,27.0,152,0,0
1768227985448817,52931,14550,45.0,62,0,0
1768227985451729,52931,14550,26.0,42,0,0
1768227985454626,52931,14550,32.0,36,0,0
1768227985456060,52931,14550,62.0,65,0,0
1768227985457427,52931,14550,49.0,27,0,0
1768227985459428,52931,14550,44.0,116,0,0
1768227985460906,52931,14550,42.0,129,0,0
1768227985462381,52931,14550,34.0,29,0,0
1768227985463808,52931,14550,34.0,137,0,0
1768227985465570,52931,14550,60.0,24,0,0
1768227985467733,52931,14550,53.0,124,0,0
1768227985469754,52931,14550,31.0,2,0,0
1768227985471279,52931,14550,64.0,164,0,0
1768227985473182,52931,14550,24.0,168,0,0
1768227985475534,52931,14550,42.0,136,0,0
1768227985477120,52931,14550,42.0,193,0,0
1768227985478893,52931,14550,48.0,32,0,0
1768227985480597,52931,14550,40.0,241,0,0
1768227985482112,52931,14550,70.0,87,0,0
1768227985484303,52931,14550,61.0,147,0,0
1768227985486154,52931,14550,64.0,11030,0,0
1768227985511963,58419,5760,,0,1,0
1768227985674521,52931,14550,48.0,163,0,0
1768227985677791,52931,14550,44.0,178,0,0
1768227985682170,52931,14550,48.0,30,0,0
1768227985685332,52931,14550,48.0,33,0,0
1768227985687010,52931,14550,39.0,74,0,0
1768227985693096,52931,14550,51.0,1,0,0
1768227985699110,52931,14550,22.0,125,0,0
1768227985701339,52931,14550,27.0,152,0,0
1768227985703478,52931,14550,45.0,62,0,0
1768227985709640,52931,14550,26.0,42,0,0
1768227985713610,52931,14550,32.0,36,0,0
1768227985716462,52931,14550,62.0,65,0,0
1768227985718239,52931,14550,49.0,27,0,0
1768227985720110,52931,14550,44.0,116,0,0
1768227985723893,52931,14550,42.0,129,0,0
1768227985728239,52931,14550,34.0,29,0,0
1768227985730490,52931,14550,34.0,137,0,0
1768227985734864,52931,14550,60.0,24,0,0
1768227985737080,52931,14550,53.0,124,0,0
1768227985739695,52931,14550,31.0,2,0,0
1768227985741428,52931,14550,64.0,164,0,0
1768227985743156,52931,14550,24.0,168,0,0
1768227985744817,52931,14550,42.0,136,0,0
1768227985746447,52931,14550,42.0,193,0,0
1768227985747235,5760,58419,,0,1,0
1768227985748182,52931,14550,48.0,32,0,0
1768227985749579,52931,14550,40.0,241,0,0
1768227985751033,52931,14550,70.0,87,0,0
1768227985752759,52931,14550,61.0,147,0,0
1768227985755237,52931,14550,64.0,11030,0,0
1768227985758895,52931,14550,29.0,0,0,0
1768227985840990,5760,58419,,264,1,0
1768227985842135,52931,14550,47.0,264,0,0
1768227985925006,52931,14550,48.0,163,0,0
1768227985929155,52931,14550,44.0,178,0,0
1768227985931570,52931,14550,48.0,30,0,0
1768227985934161,52931,14550,48.0,33,0,0
1768227985936019,52931,14550,39.0,74,0,0
1768227985940070,52931,14550,51.0,1,0,0
1768227985943011,52931,14550,22.0,125,0,0
1768227985944727,52931,14550,27.0,152,0,0
1768227985946302,52931,14550,45.0,62,0,0
1768227985948777,52931,14550,26.0,42,0,0
1768227985951626,52931,14550,32.0,36,0,0
1768227985953051,52931,14550,62.0,65,0,0
1768227985955322,52931,14550,49.0,27,0,0
1768227985957302,52931,14550,44.0,116,0,0
1768227985958983,52931,14550,42.0,129,0,0
1768227985960420,52931,14550,34.0,29,0,0
1768227985961833,52931,14550,34.0,137,0,0
1768227985963281,52931,14550,60.0,24,0,0
1768227985966127,52931,14550,53.0,124,0,0
1768227985968190,52931,14550,31.0,2,0,0
1768227985969483,52931,14550,64.0,164,0,0
1768227985971265,52931,14550,24.0,168,0,0
1768227985973056,52931,14550,42.0,136,0,0
1768227985974722,52931,14550,42.0,193,0,0
1768227985976466,52931,14550,48.0,32,0,0
1768227985977843,52931,14550,40.0,241,0,0
1768227985979707,52931,14550,70.0,87,0,0
1768227985981378,52931,14550,61.0,147,0,0
1768227985983515,52931,14550,64.0,11030,0,0
1768227986174170,52931,14550,48.0,163,0,0
1768227986176717,52931,14550,44.0,178,0,0
1768227986179307,52931,14550,48.0,30,0,0
1768227986183450,52931,14550,48.0,33,0,0
1768227986186759,52931,14550,39.0,74,0,0
1768227986190686,52931,14550,51.0,1,0,0
1768227986200335,52931,14550,22.0,125,0,0
1768227986203931,52931,14550,27.0,152,0,0
1768227986206749,52931,14550,45.0,62,0,0
1768227986212823,52931,14550,26.0,42,0,0
1768227986219319,52931,14550,32.0,36,0,0
1768227986221962,52931,14550,62.0,65,0,0
1768227986224718,52931,14550,49.0,27,0,0
1768227986227035,52931,14550,44.0,116,0,0
1768227986229041,52931,14550,42.0,129,0,0
1768227986231645,52931,14550,34.0,29,0,0
1768227986236523,52931,14550,34.0,137,0,0
1768227986238718,52931,14550,60.0,24,0,0
1768227986243121,52931,14550,53.0,124,0,0
1768227986245350,52931,14550,31.0,2,0,0
1768227986247155,52931,14550,64.0,164,0,0
1768227986252591,52931,14550,24.0,168,0,0
1768227986255619,52931,14550,42.0,136,0,0
1768227986257956,52931,14550,42.0,193,0,0
1768227986260562,52931,14550,48.0,32,0,0
1768227986264779,52931,14550,40.0,241,0,0
1768227986266854,52931,14550,70.0,87,0,0
1768227986269468,52931,14550,61.0,147,0,0
1768227986271343,52931,14550,64.0,11030,0,0
1768227986343792,5760,58419,,264,1,0
1768227986344900,52931,14550,47.0,264,0,0
1768227986425559,52931,14550,48.0,163,0,0
1768227986429481,52931,14550,44.0,178,0,0
1768227986431443,52931,14550,48.0,30,0,0
1768227986434760,52931,14550,48.0,33,0,0
1768227986436762,52931,14550,39.0,74,0,0
1768227986441494,52931,14550,51.0,1,0,0
1768227986443970,52931,14550,22.0,125,0,0
1768227986446982,52931,14550,27.0,152,0,0
1768227986449340,52931,14550,45.0,62,0,0
1768227986452265,52931,14550,26.0,42,0,0
1768227986456405,52931,14550,32.0,36,0,0
1768227986458795,52931,14550,62.0,65,0,0
1768227986460873,52931,14550,49.0,27,0,0
1768227986462936,52931,14550,44.0,116,0,0
1768227986464834,52931,14550,42.0,129,0,0
1768227986466219,52931,14550,34.0,29,0,0
1768227986468193,52931,14550,34.0,137,0,0
1768227986470230,52931,14550,60.0,24,0,0
1768227986472421,52931,14550,53.0,124,0,0
1768227986475009,52931,14550,31.0,2,0,0
1768227986476917,52931,14550,64.0,164,0,0
1768227986478529,52931,14550,24.0,168,0,0
1768227986480600,52931,14550,42.0,136,0,0
1768227986482913,52931,14550,42.0,193,0,0
1768227986485196,52931,14550,48.0,32,0,0
1768227986487215,52931,14550,40.0,241,0,0
1768227986489406,52931,14550,70.0,87,0,0
1768227986491248,52931,14550,61.0,147,0,0
1768227986493570,52931,14550,64.0,11030,0,0
1768227986517938,58419,5760,,0,1,0
1768227986678626,52931,14550,48.0,163,0,0
1768227986680801,52931,14550,44.0,178,0,0
1768227986686891,52931,14550,48.0,30,0,0
1768227986689801,52931,14550,48.0,33,0,0
1768227986692059,52931,14550,39.0,74,0,0
1768227986695927,52931,14550,51.0,1,0,0
1768227986703418,52931,14550,22.0,125,0,0
1768227986706785,52931,14550,27.0,152,0,0
1768227986708407,52931,14550,45.0,62,0,0
1768227986715587,52931,14550,26.0,42,0,0
1768227986719495,52931,14550,32.0,36,0,0
1768227986721303,52931,14550,62.0,65,0,0
1768227986723287,52931,14550,49.0,27,0,0
1768227986725641,52931,14550,44.0,116,0,0
1768227986727966,52931,14550,42.0,129,0,0
1768227986730058,52931,14550,34.0,29,0,0
1768227986731630,52931,14550,34.0,137,0,0
1768227986734341,52931,14550,60.0,24,0,0
1768227986737194,52931,14550,53.0,124,0,0
1768227986739774,52931,14550,31.0,2,0,0
1768227986741616,52931,14550,64.0,164,0,0
1768227986744242,52931,14550,24.0,168,0,0
1768227986749399,52931,14550,42.0,136,0,0
1768227986751710,5760,58419,,0,1,0
1768227986752021,52931,14550,42.0,193,0,0
1768227986753800,52931,14550,48.0,32,0,0
1768227986755171,52931,14550,40.0,241,0,0
1768227986757785,52931,14550,70.0,87,0,0
1768227986759357,52931,14550,61.0,147,0,0
1768227986762846,52931,14550,64.0,11030,0,0
1768227986769176,52931,14550,29.0,0,0,0
1768227986842440,5760,58419,,264,1,0
1768227986843710,52931,14550,47.0,264,0,0
1768227986931422,52931,14550,48.0,163,0,0
1768227986934944,52931,14550,44.0,178,0,0
1768227986936930,52931,14550,48.0,30,0,0
1768227986939222,52931,14550,48.0,33,0,0
1768227986940920,52931,14550,39.0,74,0,0
1768227986944175,52931,14550,51.0,1,0,0
1768227986946604,52931,14550,22.0,125,0,0
1768227986948375,52931,14550,27.0,152,0,0
1768227986949730,52931,14550,45.0,62,0,0
1768227986952370,52931,14550,26.0,42,0,0
1768227986955486,52931,14550,32.0,36,0,0
1768227986957155,52931,14550,62.0,65,0,0
1768227986959051,52931,14550,49.0,27,0,0
1768227986960660,52931,14550,44.0,116,0,0
1768227986962680,52931,14550,42.0,129,0,0
1768227986964484,52931,14550,34.0,29,0,0
1768227986965883,52931,14550,34.0,137,0,0
1768227986967789,52931,14550,60.0,24,0,0
1768227986970095,52931,14550,53.0,124,0,0
1768227986972610,52931,14550,31.0,2,0,0
1768227986974267,52931,14550,64.0,164,0,0
1768227986976039,52931,14550,24.0,168,0,0
1768227986978275,52931,14550,42.0,136,0,0
1768227986980015,52931,14550,42.0,193,0,0
1768227986981902,52931,14550,48.0,32,0,0
1768227986983683,52931,14550,40.0,241,0,0
1768227986985605,52931,14550,70.0,87,0,0
1768227986987683,52931,14550,61.0,147,0,0
1768227986990032,52931,14550,64.0,11030,0,0
1768227987185731,52931,14550,48.0,163,0,0
1768227987187940,52931,14550,44.0,178,0,0
1768227987189294,52931,14550,48.0,30,0,0
1768227987192581,52931,14550,48.0,33,0,0
1768227987194383,52931,14550,39.0,74,0,0
1768227987200285,52931,14550,51.0,1,0,0
1768227987209718,52931,14550,22.0,125,0,0
1768227987213572,52931,14550,27.0,152,0,0
1768227987215036,52931,14550,45.0,62,0,0
1768227987218787,52931,14550,26.0,42,0,0
1768227987223129,52931,14550,32.0,36,0,0
1768227987226582,52931,14550,62.0,65,0,0
1768227987229237,52931,14550,49.0,27,0,0
1768227987231381,52931,14550,44.0,116,0,0
1768227987233133,52931,14550,42.0,129,0,0
1768227987236862,52931,14550,34.0,29,0,0
1768227987238790,52931,14550,34.0,137,0,0
1768227987242441,52931,14550,60.0,24,0,0
1768227987245848,52931,14550,53.0,124,0,0
1768227987250206,52931,14550,31.0,2,0,0
1768227987252147,52931,14550,64.0,164,0,0
1768227987254053,52931,14550,24.0,168,0,0
1768227987256321,52931,14550,42.0,136,0,0
1768227987258756,52931,14550,42.0,193,0,0
1768227987264425,52931,14550,48.0,32,0,0
1768227987266202,52931,14550,40.0,241,0,0
1768227987268234,52931,14550,70.0,87,0,0
1768227987269677,52931,14550,61.0,147,0,0
1768227987270698,52931,14550,64.0,11030,0,0
1768227987273219,58419,5760,,66,1,0
1768227987350419,5760,58419,,264,1,0
1768227987351397,52931,14550,47.0,264,0,0
1768227987437025,52931,14550,48.0,163,0,0
1768227987439520,52931,14550,44.0,178,0,0
1768227987441082,52931,14550,48.0,30,0,0
1768227987446261,52931,14550,48.0,33,0,0
1768227987448199,52931,14550,39.0,74,0,0
1768227987453167,52931,14550,51.0,1,0,0
1768227987461602,52931,14550,22.0,125,0,0
1768227987464950,52931,14550,27.0,152,0,0
1768227987467689,52931,14550,45.0,62,0,0
1768227987469665,52931,14550,26.0,42,0,0
1768227987472427,52931,14550,32.0,36,0,0
1768227987473625,52931,14550,62.0,65,0,0
1768227987475111,52931,14550,49.0,27,0,0
1768227987476497,52931,14550,44.0,116,0,0
1768227987477974,52931,14550,42.0,129,0,0
1768227987479114,52931,14550,34.0,29,0,0
1768227987480291,52931,14550,34.0,137,0,0
1768227987481459,52931,14550,60.0,24,0,0
1768227987483377,52931,14550,53.0,124,0,0
1768227987484876,52931,14550,31.0,2,0,0
1768227987486196,52931,14550,64.0,164,0,0
1768227987487184,52931,14550,24.0,168,0,0
1768227987488208,52931,14550,42.0,136,0,0
1768227987489147,52931,14550,42.0,193,0,0
1768227987490422,52931,14550,48.0,32,0,0
1768227987491262,52931,14550,40.0,241,0,0
1768227987492245,52931,14550,70.0,87,0,0
1768227987493125,52931,14550,61.0,147,0,0
1768227987494181,52931,14550,64.0,11030,0,0
1768227987529078,58419,5760,,0,1,0
1768227987684794,52931,14550,48.0,163,0,0
1768227987688240,52931,14550,44.0,178,0,0
1768227987690324,52931,14550,48.0,30,0,0
1768227987693702,52931,14550,48.0,33,0,0
1768227987695841,52931,14550,39.0,74,0,0
1768227987700774,52931,14550,51.0,1,0,0
1768227987707143,52931,14550,22.0,125,0,0
1768227987709560,52931,14550,27.0,152,0,0
1768227987711186,52931,14550,45.0,62,0,0
1768227987714894,52931,14550,26.0,42,0,0
1768227987718693,52931,14550,32.0,36,0,0
1768227987721488,52931,14550,62.0,65,0,0
1768227987726395,52931,14550,49.0,27,0,0
1768227987729323,52931,14550,44.0,116,0,0
1768227987732183,52931,14550,42.0,129,0,0
1768227987736105,52931,14550,34.0,29,0,0
1768227987738567,52931,14550,34.0,137,0,0
1768227987741080,52931,14550,60.0,24,0,0
1768227987744481,52931,14550,53.0,124,0,0
1768227987747786,52931,14550,31.0,2,0,0
1768227987749328,52931,14550,64.0,164,0,0
1768227987751393,52931,14550,24.0,168,0,0
1768227987754057,52931,14550,42.0,136,0,0
1768227987756394,52931,14550,42.0,193,0,0
1768227987758669,52931,14550,48.0,32,0,0
1768227987759500,5760,58419,,0,1,0
1768227987760661,52931,14550,40.0,241,0,0
1768227987762163,52931,14550,70.0,87,0,0
1768227987765303,52931,14550,61.0,147,0,0
1768227987767127,52931,14550,64.0,11030,0,0
1768227987771808,52931,14550,29.0,0,0,0
1768227987851420,5760,58419,,264,1,0
1768227987852748,52931,14550,47.0,264,0,0
1768227987939768,52931,14550,48.0,163,0,0
1768227987942930,52931,14550,44.0,178,0,0
1768227987945636,52931,14550,48.0,30,0,0
1768227987948311,52931,14550,48.0,33,0,0
1768227987950987,52931,14550,39.0,74,0,0
1768227987956991,52931,14550,51.0,1,0,0
1768227987960150,52931,14550,22.0,125,0,0
1768227987962903,52931,14550,27.0,152,0,0
1768227987964752,52931,14550,45.0,62,0,0
1768227987967123,52931,14550,26.0,42,0,0
1768227987970263,52931,14550,32.0,36,0,0
1768227987972386,52931,14550,62.0,65,0,0
1768227987975064,52931,14550,49.0,27,0,0
1768227987976605,52931,14550,44.0,116,0,0
1768227987978148,52931,14550,42.0,129,0,0
1768227987979755,52931,14550,34.0,29,0,0
1768227987981511,52931,14550,34.0,137,0,0
1768227987983210,52931,14550,60.0,24,0,0
1768227987985682,52931,14550,53.0,124,0,0
1768227987987717,52931,14550,31.0,2,0,0
1768227987989630,52931,14550,64.0,164,0,0
1768227987991600,52931,14550,24.0,168,0,0
1768227987993521,52931,14550,42.0,136,0,0
1768227987995022,52931,14550,42.0,193,0,0
1768227987996919,52931,14550,48.0,32,0,0
1768227987999580,52931,14550,40.0,241,0,0
1768227988001540,52931,14550,70.0,87,0,0
1768227988003869,52931,14550,61.0,147,0,0
1768227988006452,52931,14550,64.0,11030,0,0
1768227988190065,52931,14550,48.0,163,0,0
1768227988192780,52931,14550,44.0,178,0,0
1768227988196620,52931,14550,48.0,30,0,0
1768227988199252,52931,14550,48.0,33,0,0
1768227988201817,52931,14550,39.0,74,0,0
1768227988207170,52931,14550,51.0,1,0,0
1768227988213455,52931,14550,22.0,125,0,0
1768227988217485,52931,14550,27.0,152,0,0
1768227988219755,52931,14550,45.0,62,0,0
1768227988224651,52931,14550,26.0,42,0,0
1768227988230024,52931,14550,32.0,36,0,0
1768227988231867,52931,14550,62.0,65,0,0
1768227988233273,52931,14550,49.0,27,0,0
1768227988234815,52931,14550,44.0,116,0,0
1768227988237992,52931,14550,42.0,129,0,0
1768227988240041,52931,14550,34.0,29,0,0
1768227988241940,52931,14550,34.0,137,0,0
1768227988243818,52931,14550,60.0,24,0,0
1768227988247315,52931,14550,53.0,124,0,0
1768227988249267,52931,14550,31.0,2,0,0
1768227988252347,52931,14550,64.0,164,0,0
1768227988254765,52931,14550,24.0,168,0,0
1768227988259237,52931,14550,42.0,136,0,0
1768227988261478,52931,14550,42.0,193,0,0
1768227988265491,52931,14550,48.0,32,0,0
1768227988267915,52931,14550,40.0,241,0,0
1768227988269496,52931,14550,70.0,87,0,0
1768227988273547,52931,14550,61.0,147,0,0
1768227988276354,52931,14550,64.0,11030,0,0
1768227988354994,5760,58419,,264,1,0
1768227988356350,52931,14550,47.0,264,0,0
1768227988442293,52931,14550,48.0,163,0,0
1768227988446224,52931,14550,44.0,178,0,0
1768227988448955,52931,14550,48.0,30,0,0
1768227988452360,52931,14550,48.0,33,0,0
1768227988454240,52931,14550,39.0,74,0,0
1768227988457973,52931,14550,51.0,1,0,0
1768227988462583,52931,14550,22.0,125,0,0
1768227988465610,52931,14550,27.0,152,0,0
1768227988467722,52931,14550,45.0,62,0,0
1768227988472601,52931,14550,26.0,42,0,0
1768227988475981,52931,14550,32.0,36,0,0
1768227988477995,52931,14550,62.0,65,0,0
1768227988479743,52931,14550,49.0,27,0,0
1768227988481417,52931,14550,44.0,116,0,0
1768227988483424,52931,14550,42.0,129,0,0
1768227988485122,52931,14550,34.0,29,0,0
1768227988486790,52931,14550,34.0,137,0,0
1768227988488788,52931,14550,60.0,24,0,0
1768227988490716,52931,14550,53.0,124,0,0
1768227988493229,52931,14550,31.0,2,0,0
1768227988495093,52931,14550,64.0,164,0,0
1768227988496885,52931,14550,24.0,168,0,0
1768227988498795,52931,14550,42.0,136,0,0
1768227988500602,52931,14550,42.0,193,0,0
1768227988502885,52931,14550,48.0,32,0,0
1768227988505359,52931,14550,40.0,241,0,0
1768227988507609,52931,14550,70.0,87,0,0
1768227988509728,52931,14550,61.0,147,0,0
1768227988512080,52931,14550,64.0,11030,0,0
1768227988536766,58419,5760,,0,1,0
1768227988692074,52931,14550,48.0,163,0,0
1768227988695823,52931,14550,44.0,178,0,0
1768227988698407,52931,14550,48.0,30,0,0
1768227988702980,52931,14550,48.0,33,0,0
1768227988705872,52931,14550,39.0,74,0,0
1768227988715229,52931,14550,51.0,1,0,0
1768227988721449,52931,14550,22.0,125,0,0
1768227988724079,52931,14550,27.0,152,0,0
1768227988727223,52931,14550,45.0,62,0,0
1768227988731468,52931,14550,26.0,42,0,0
1768227988737647,52931,14550,32.0,36,0,0
1768227988740875,52931,14550,62.0,65,0,0
1768227988743842,52931,14550,49.0,27,0,0
1768227988746821,52931,14550,44.0,116,0,0
1768227988748904,52931,14550,42.0,129,0,0
1768227988752377,52931,14550,34.0,29,0,0
1768227988755570,52931,14550,34.0,137,0,0
1768227988757779,52931,14550,60.0,24,0,0
1768227988761098,52931,14550,53.0,124,0,0
1768227988762452,5760,58419,,0,1,0
1768227988763716,52931,14550,31.0,2,0,0
1768227988767293,52931,14550,64.0,164,0,0
1768227988772318,52931,14550,24.0,168,0,0
1768227988774656,52931,14550,42.0,136,0,0
1768227988780173,52931,14550,42.0,193,0,0
1768227988783012,52931,14550,48.0,32,0,0
1768227988788342,52931,14550,40.0,241,0,0
1768227988790532,52931,14550,70.0,87,0,0
1768227988793227,52931,14550,61.0,147,0,0
1768227988795584,52931,14550,64.0,11030,0,0
1768227988799359,52931,14550,29.0,0,0,0
1768227988858560,5760,58419,,264,1,0
1768227988859903,52931,14550,47.0,264,0,0
1768227988945472,52931,14550,48.0,163,0,0
1768227988948315,52931,14550,44.0,178,0,0
1768227988951784,52931,14550,48.0,30,0,0
1768227988955973,52931,14550,48.0,33,0,0
1768227988958674,52931,14550,39.0,74,0,0
1768227988962676,52931,14550,51.0,1,0,0
1768227988967555,52931,14550,22.0,125,0,0
1768227988969879,52931,14550,27.0,152,0,0
1768227988971569,52931,14550,45.0,62,0,0
1768227988974399,52931,14550,26.0,42,0,0
1768227988977495,52931,14550,32.0,36,0,0
1768227988979125,52931,14550,62.0,65,0,0
1768227988981030,52931,14550,49.0,27,0,0
1768227988983003,52931,14550,44.0,116,0,0
1768227988984625,52931,14550,42.0,129,0,0
1768227988987025,52931,14550,34.0,29,0,0
1768227988989137,52931,14550,34.0,137,0,0
1768227988990728,52931,14550,60.0,24,0,0
1768227988993985,52931,14550,53.0,124,0,0
1768227988997289,52931,14550,31.0,2,0,0
1768227988999498,52931,14550,64.0,164,0,0
1768227989002306,52931,14550,24.0,168,0,0
1768227989004434,52931,14550,42.0,136,0,0
1768227989006624,52931,14550,42.0,193,0,0
1768227989008854,52931,14550,48.0,32,0,0
1768227989010993,52931,14550,40.0,241,0,0
1768227989012870,52931,14550,70.0,87,0,0
1768227989014850,52931,14550,61.0,147,0,0
1768227989017167,52931,14550,64.0,11030,0,0
1768227989197799,52931,14550,48.0,163,0,0
1768227989200331,52931,14550,44.0,178,0,0
1768227989202542,52931,14550,48.0,30,0,0
1768227989208197,52931,14550,48.0,33,0,0
1768227989211041,52931,14550,39.0,74,0,0
1768227989216513,52931,14550,51.0,1,0,0
1768227989221422,52931,14550,22.0,125,0,0
1768227989227623,52931,14550,27.0,152,0,0
1768227989230281,52931,14550,45.0,62,0,0
1768227989234818,52931,14550,26.0,42,0,0
1768227989238763,52931,14550,32.0,36,0,0
1768227989241992,52931,14550,62.0,65,0,0
1768227989245829,52931,14550,49.0,27,0,0
1768227989248444,52931,14550,44.0,116,0,0
1768227989251395,52931,14550,42.0,129,0,0
1768227989253852,52931,14550,34.0,29,0,0
1768227989256940,52931,14550,34.0,137,0,0
1768227989259531,52931,14550,60.0,24,0,0
1768227989268049,52931,14550,53.0,124,0,0
1768227989272018,52931,14550,31.0,2,0,0
1768227989274774,52931,14550,64.0,164,0,0
1768227989277050,52931,14550,24.0,168,0,0
1768227989279290,52931,14550,42.0,136,0,0
1768227989282031,52931,14550,42.0,193,0,0
1768227989285373,52931,14550,48.0,32,0,0
1768227989288005,52931,14550,40.0,241,0,0
1768227989289978,52931,14550,70.0,87,0,0
1768227989292520,52931,14550,61.0,147,0,0
1768227989295051,52931,14550,64.0,11030,0,0
1768227989359942,5760,58419,,264,1,0
1768227989361260,52931,14550,47.0,264,0,0
1768227989449356,52931,14550,48.0,163,0,0
1768227989453409,52931,14550,44.0,178,0,0
1768227989455705,52931,14550,48.0,30,0,0
1768227989460056,52931,14550,48.0,33,0,0
1768227989461842,52931,14550,39.0,74,0,0
1768227989465524,52931,14550,51.0,1,0,0
1768227989473220,52931,14550,22.0,125,0,0
1768227989476197,52931,14550,27.0,152,0,0
1768227989477516,52931,14550,45.0,62,0,0
1768227989480522,52931,14550,26.0,42,0,0
1768227989484289,52931,14550,32.0,36,0,0
1768227989486257,52931,14550,62.0,65,0,0
1768227989487820,52931,14550,49.0,27,0,0
1768227989489536,52931,14550,44.0,116,0,0
1768227989490804,52931,14550,42.0,129,0,0
1768227989492650,52931,14550,34.0,29,0,0
1768227989494836,52931,14550,34.0,137,0,0
1768227989496967,52931,14550,60.0,24,0,0
1768227989498922,52931,14550,53.0,124,0,0
1768227989501389,52931,14550,31.0,2,0,0
1768227989503541,52931,14550,64.0,164,0,0
1768227989505168,52931,14550,24.0,168,0,0
1768227989507009,52931,14550,42.0,136,0,0
1768227989508628,52931,14550,42.0,193,0,0
1768227989511545,52931,14550,48.0,32,0,0
1768227989513454,52931,14550,40.0,241,0,0
1768227989515052,52931,14550,70.0,87,0,0
1768227989517039,52931,14550,61.0,147,0,0
1768227989520015,52931,14550,64.0,11030,0,0
1768227989544217,58419,5760,,0,1,0
1768227989702983,52931,14550,48.0,163,0,0
1768227989705626,52931,14550,44.0,178,0,0
1768227989709513,52931,14550,48.0,30,0,0
1768227989713136,52931,14550,48.0,33,0,0
1768227989716094,52931,14550,39.0,74,0,0
1768227989721997,52931,14550,51.0,1,0,0
1768227989727126,52931,14550,22.0,125,0,0
1768227989730344,52931,14550,27.0,152,0,0
1768227989732021,52931,14550,45.0,62,0,0
1768227989735195,52931,14550,26.0,42,0,0
1768227989739439,52931,14550,32.0,36,0,0
1768227989743161,52931,14550,62.0,65,0,0
1768227989745800,52931,14550,49.0,27,0,0
1768227989748619,52931,14550,44.0,116,0,0
1768227989752433,52931,14550,42.0,129,0,0
1768227989755660,52931,14550,34.0,29,0,0
1768227989757176,52931,14550,34.0,137,0,0
1768227989759692,52931,14550,60.0,24,0,0
1768227989765132,52931,14550,53.0,124,0,0
1768227989768132,52931,14550,31.0,2,0,0
1768227989769657,52931,14550,64.0,164,0,0
1768227989770863,5760,58419,,0,1,0
1768227989772469,52931,14550,24.0,168,0,0
1768227989774942,52931,14550,42.0,136,0,0
1768227989777365,52931,14550,42.0,193,0,0
1768227989780457,52931,14550,48.0,32,0,0
1768227989782737,52931,14550,40.0,241,0,0
1768227989785382,52931,14550,70.0,87,0,0
1768227989790349,52931,14550,61.0,147,0,0
1768227989792993,52931,14550,64.0,11030,0,0
1768227989798999,52931,14550,29.0,0,0,0
1768227989863131,5760,58419,,264,1,0
1768227989864319,52931,14550,47.0,264,0,0
1768227989954734,52931,14550,48.0,163,0,0
1768227989958330,52931,14550,44.0,178,0,0
1768227989960934,52931,14550,48.0,30,0,0
1768227989963692,52931,14550,48.0,33,0,0
1768227989965569,52931,14550,39.0,74,0,0
1768227989969781,52931,14550,51.0,1,0,0
1768227989972254,52931,14550,22.0,125,0,0
1768227989974563,52931,14550,27.0,152,0,0
1768227989976293,52931,14550,45.0,62,0,0
1768227989979033,52931,14550,26.0,42,0,0
1768227989983084,52931,14550,32.0,36,0,0
1768227989984595,52931,14550,62.0,65,0,0
1768227989986282,52931,14550,49.0,27,0,0
1768227989987943,52931,14550,44.0,116,0,0
1768227989989990,52931,14550,42.0,129,0,0
1768227989992030,52931,14550,34.0,29,0,0
1768227989994188,52931,14550,34.0,137,0,0
1768227989996100,52931,14550,60.0,24,0,0
1768227989998951,52931,14550,53.0,124,0,0
1768227990001038,52931,14550,31.0,2,0,0
1768227990002958,52931,14550,64.0,164,0,0
1768227990005316,52931,14550,24.0,168,0,0
1768227990007502,52931,14550,42.0,136,0,0
1768227990009132,52931,14550,42.0,193,0,0
1768227990010817,52931,14550,48.0,32,0,0
1768227990012199,52931,14550,40.0,241,0,0
1768227990013804,52931,14550,70.0,87,0,0
1768227990016605,52931,14550,61.0,147,0,0
1768227990018643,52931,14550,64.0,11030,0,0
1768227990202955,52931,14550,48.0,163,0,0
1768227990206609,52931,14550,44.0,178,0,0
1768227990207988,52931,14550,48.0,30,0,0
1768227990212726,52931,14550,48.0,33,0,0
1768227990218297,52931,14550,39.0,74,0,0
1768227990223000,52931,14550,51.0,1,0,0
1768227990230403,52931,14550,22.0,125,0,0
1768227990234756,52931,14550,27.0,152,0,0
1768227990237525,52931,14550,45.0,62,0,0
1768227990240844,52931,14550,26.0,42,0,0
1768227990246344,52931,14550,32.0,36,0,0
1768227990249434,52931,14550,62.0,65,0,0
1768227990251692,52931,14550,49.0,27,0,0
1768227990255162,52931,14550,44.0,116,0,0
1768227990257376,52931,14550,42.0,129,0,0
1768227990260782,52931,14550,34.0,29,0,0
1768227990263092,52931,14550,34.0,137,0,0
1768227990265813,52931,14550,60.0,24,0,0
1768227990268286,52931,14550,53.0,124,0,0
1768227990273203,52931,14550,31.0,2,0,0
1768227990275850,52931,14550,64.0,164,0,0
1768227990278958,52931,14550,24.0,168,0,0
1768227990281304,52931,14550,42.0,136,0,0
1768227990285525,52931,14550,42.0,193,0,0
1768227990287775,52931,14550,48.0,32,0,0
1768227990289457,52931,14550,40.0,241,0,0
1768227990291102,52931,14550,70.0,87,0,0
1768227990296412,52931,14550,61.0,147,0,0
1768227990299045,52931,14550,64.0,11030,0,0
1768227990367563,5760,58419,,264,1,0
1768227990368519,52931,14550,47.0,264,0,0
1768227990456453,52931,14550,48.0,163,0,0
1768227990457917,52931,14550,44.0,178,0,0
1768227990459437,52931,14550,48.0,30,0,0
1768227990460809,52931,14550,48.0,33,0,0
1768227990461793,52931,14550,39.0,74,0,0
1768227990463992,52931,14550,51.0,1,0,0
1768227990465581,52931,14550,22.0,125,0,0
1768227990466688,52931,14550,27.0,152,0,0
1768227990467627,52931,14550,45.0,62,0,0
1768227990469204,52931,14550,26.0,42,0,0
1768227990470965,52931,14550,32.0,36,0,0
1768227990472016,52931,14550,62.0,65,0,0
1768227990473298,52931,14550,49.0,27,0,0
1768227990474196,52931,14550,44.0,116,0,0
1768227990475037,52931,14550,42.0,129,0,0
1768227990475927,52931,14550,34.0,29,0,0
1768227990476758,52931,14550,34.0,137,0,0
1768227990477679,52931,14550,60.0,24,0,0
1768227990479011,52931,14550,53.0,124,0,0
1768227990480228,52931,14550,31.0,2,0,0
1768227990481519,52931,14550,64.0,164,0,0
1768227990483223,52931,14550,24.0,168,0,0
1768227990484809,52931,14550,42.0,136,0,0
1768227990485895,52931,14550,42.0,193,0,0
1768227990487204,52931,14550,48.0,32,0,0
1768227990488463,52931,14550,40.0,241,0,0
1768227990490119,52931,14550,70.0,87,0,0
1768227990491572,52931,14550,61.0,147,0,0
1768227990493683,52931,14550,64.0,11030,0,0
1768227990552480,58419,5760,,0,1,0
1768227990708611,52931,14550,48.0,163,0,0
1768227990710639,52931,14550,44.0,178,0,0
1768227990713876,52931,14550,48.0,30,0,0
1768227990718056,52931,14550,48.0,33,0,0
1768227990721569,52931,14550,39.0,74,0,0
1768227990728356,52931,14550,51.0,1,0,0
1768227990733425,52931,14550,22.0,125,0,0
1768227990739590,52931,14550,27.0,152,0,0
1768227990742704,52931,14550,45.0,62,0,0
1768227990745919,52931,14550,26.0,42,0,0
1768227990749172,52931,14550,32.0,36,0,0
1768227990752514,52931,14550,62.0,65,0,0
1768227990755617,52931,14550,49.0,27,0,0
1768227990758642,52931,14550,44.0,116,0,0
1768227990761767,52931,14550,42.0,129,0,0
1768227990765056,52931,14550,34.0,29,0,0
1768227990766682,52931,14550,34.0,137,0,0
1768227990769255,52931,14550,60.0,24,0,0
1768227990776965,5760,58419,,0,1,0
1768227990777298,52931,14550,53.0,124,0,0
1768227990779495,52931,14550,31.0,2,0,0
1768227990782676,52931,14550,64.0,164,0,0
1768227990785578,52931,14550,24.0,168,0,0
1768227990788412,52931,14550,42.0,136,0,0
1768227990790566,52931,14550,42.0,193,0,0
1768227990794381,52931,14550,48.0,32,0,0
1768227990796541,52931,14550,40.0,241,0,0
1768227990800086,52931,14550,70.0,87,0,0
1768227990802752,52931,14550,61.0,147,0,0
1768227990804979,52931,14550,64.0,11030,0,0
1768227990807905,52931,14550,29.0,0,0,0
1768227990870060,5760,58419,,264,1,0
1768227990871516,52931,14550,47.0,264,0,0
1768227990955922,52931,14550,48.0,163,0,0
1768227990958663,52931,14550,44.0,178,0,0
1768227990961099,52931,14550,48.0,30,0,0
1768227990963361,52931,14550,48.0,33,0,0
1768227990965138,52931,14550,39.0,74,0,0
1768227990968272,52931,14550,51.0,1,0,0
1768227990971207,52931,14550,22.0,125,0,0
1768227990972648,52931,14550,27.0,152,0,0
1768227990974051,52931,14550,45.0,62,0,0
1768227990976257,52931,14550,26.0,42,0,0
1768227990980195,52931,14550,32.0,36,0,0
1768227990981742,52931,14550,62.0,65,0,0
1768227990983483,52931,14550,49.0,27,0,0
1768227990985020,52931,14550,44.0,116,0,0
1768227990986707,52931,14550,42.0,129,0,0
1768227990988370,52931,14550,34.0,29,0,0
1768227990989871,52931,14550,34.0,137,0,0
1768227990991243,52931,14550,60.0,24,0,0
1768227990993620,52931,14550,53.0,124,0,0
1768227990995422,52931,14550,31.0,2,0,0
1768227990997087,52931,14550,64.0,164,0,0
1768227990998669,52931,14550,24.0,168,0,0
1768227991000172,52931,14550,42.0,136,0,0
1768227991001365,52931,14550,42.0,193,0,0
1768227991002974,52931,14550,48.0,32,0,0
1768227991004605,52931,14550,40.0,241,0,0
1768227991006421,52931,14550,70.0,87,0,0
1768227991008461,52931,14550,61.0,147,0,0
1768227991010143,52931,14550,64.0,11030,0,0
1768227991207689,52931,14550,48.0,163,0,0
1768227991210147,52931,14550,44.0,178,0,0
1768227991213284,52931,14550,48.0,30,0,0
1768227991219065,52931,14550,48.0,33,0,0
1768227991223036,52931,14550,39.0,74,0,0
1768227991227354,52931,14550,51.0,1,0,0
1768227991232460,52931,14550,22.0,125,0,0
1768227991235437,52931,14550,27.0,152,0,0
1768227991237417,52931,14550,45.0,62,0,0
1768227991241897,52931,14550,26.0,42,0,0
1768227991245380,52931,14550,32.0,36,0,0
1768227991247209,52931,14550,62.0,65,0,0
1768227991249038,52931,14550,49.0,27,0,0
1768227991251211,52931,14550,44.0,116,0,0
1768227991253968,52931,14550,42.0,129,0,0
1768227991256879,52931,14550,34.0,29,0,0
1768227991258453,52931,14550,34.0,137,0,0
1768227991261920,52931,14550,60.0,24,0,0
1768227991265440,52931,14550,53.0,124,0,0
1768227991268629,52931,14550,31.0,2,0,0
1768227991270625,52931,14550,64.0,164,0,0
1768227991272626,52931,14550,24.0,168,0,0
1768227991276613,52931,14550,42.0,136,0,0
1768227991279341,52931,14550,42.0,193,0,0
1768227991281185,52931,14550,48.0,32,0,0
1768227991283699,52931,14550,40.0,241,0,0
1768227991286638,52931,14550,70.0,87,0,0
1768227991292259,52931,14550,61.0,147,0,0
1768227991296707,52931,14550,64.0,11030,0,0
1768227991371729,5760,58419,,264,1,0
1768227991373018,52931,14550,47.0,264,0,0
1768227991415387,5760,58419,,253,1,0
1768227991416154,52931,14550,21.0,46,0,0
1768227991422286,52931,14550,39.0,253,0,0
1768227991425117,52931,14550,34.0,253,0,0
1768227991460877,52931,14550,48.0,163,0,0
1768227991463017,52931,14550,44.0,178,0,0
1768227991466000,52931,14550,48.0,30,0,0
1768227991469674,52931,14550,48.0,33,0,0
1768227991472232,52931,14550,39.0,74,0,0
1768227991476899,52931,14550,51.0,1,0,0
1768227991480530,52931,14550,22.0,125,0,0
1768227991483781,52931,14550,27.0,152,0,0
1768227991485514,52931,14550,45.0,62,0,0
1768227991488810,52931,14550,26.0,42,0,0
1768227991492143,52931,14550,32.0,36,0,0
1768227991493641,52931,14550,62.0,65,0,0
1768227991495223,52931,14550,49.0,27,0,0
1768227991496302,52931,14550,44.0,116,0,0
1768227991497731,52931,14550,42.0,129,0,0
1768227991498988,52931,14550,34.0,29,0,0
1768227991500180,52931,14550,34.0,137,0,0
1768227991500982,52931,14550,60.0,24,0,0
1768227991502452,52931,14550,53.0,124,0,0
1768227991504142,52931,14550,31.0,2,0,0
1768227991505265,52931,14550,64.0,164,0,0
1768227991506135,52931,14550,24.0,168,0,0
1768227991507689,52931,14550,42.0,136,0,0
1768227991509129,52931,14550,42.0,193,0,0
1768227991510555,52931,14550,48.0,32,0,0
1768227991511933,52931,14550,40.0,241,0,0
1768227991513057,52931,14550,70.0,87,0,0
1768227991515030,52931,14550,61.0,147,0,0
1768227991516634,52931,14550,64.0,11030,0,0
1768227991562191,58419,5760,,0,1,0
1768227991711659,52931,14550,48.0,163,0,0
1768227991713520,52931,14550,44.0,178,0,0
1768227991715642,52931,14550,48.0,30,0,0
1768227991717804,52931,14550,48.0,33,0,0
1768227991719106,52931,14550,39.0,74,0,0
1768227991722452,52931,14550,51.0,1,0,0
1768227991726670,52931,14550,22.0,125,0,0
1768227991731371,52931,14550,27.0,152,0,0
1768227991732432,52931,14550,45.0,62,0,0
1768227991734242,52931,14550,26.0,42,0,0
1768227991735951,52931,14550,32.0,36,0,0
1768227991738042,52931,14550,62.0,65,0,0
1768227991739203,52931,14550,49.0,27,0,0
1768227991741308,52931,14550,44.0,116,0,0
1768227991742384,52931,14550,42.0,129,0,0
1768227991744902,52931,14550,34.0,29,0,0
1768227991746437,52931,14550,34.0,137,0,0
1768227991748194,52931,14550,60.0,24,0,0
1768227991749600,52931,14550,53.0,124,0,0
1768227991752026,52931,14550,31.0,2,0,0
1768227991753901,52931,14550,64.0,164,0,0
1768227991755197,52931,14550,24.0,168,0,0
1768227991757115,52931,14550,42.0,136,0,0
1768227991757989,52931,14550,42.0,193,0,0
1768227991759719,52931,14550,48.0,32,0,0
1768227991761217,52931,14550,40.0,241,0,0
1768227991762523,52931,14550,70.0,87,0,0
1768227991764905,52931,14550,61.0,147,0,0
1768227991767475,52931,14550,64.0,11030,0,0
1768227991783977,5760,58419,,0,1,0
1768227991784966,52931,14550,29.0,0,0,0
1768227991879553,5760,58419,,264,1,0
1768227991880921,52931,14550,47.0,264,0,0
1768227991963528,52931,14550,48.0,163,0,0
1768227991966274,52931,14550,44.0,178,0,0
1768227991967439,52931,14550,48.0,30,0,0
1768227991969236,52931,14550,48.0,33,0,0
1768227991970817,52931,14550,39.0,74,0,0
1768227991974133,52931,14550,51.0,1,0,0
1768227991976197,52931,14550,22.0,125,0,0
1768227991977506,52931,14550,27.0,152,0,0
1768227991979040,52931,14550,45.0,62,0,0
1768227991980919,52931,14550,26.0,42,0,0
1768227991982933,52931,14550,32.0,36,0,0
1768227991984074,52931,14550,62.0,65,0,0
1768227991985526,52931,14550,49.0,27,0,0
1768227991986729,52931,14550,44.0,116,0,0
1768227991987942,52931,14550,42.0,129,0,0
1768227991989474,52931,14550,34.0,29,0,0
1768227991990530,52931,14550,34.0,137,0,0
1768227991991582,52931,14550,60.0,24,0,0
1768227991993323,52931,14550,53.0,124,0,0
1768227991995081,52931,14550,31.0,2,0,0
1768227991996258,52931,14550,64.0,164,0,0
1768227991997679,52931,14550,24.0,168,0,0
1768227991999027,52931,14550,42.0,136,0,0
1768227992000049,52931,14550,42.0,193,0,0
1768227992001756,52931,14550,48.0,32,0,0
1768227992003116,52931,14550,40.0,241,0,0
1768227992004097,52931,14550,70.0,87,0,0
1768227992005292,52931,14550,61.0,147,0,0
1768227992006819,52931,14550,64.0,11030,0,0
1768227992214130,52931,14550,48.0,163,0,0
1768227992215666,52931,14550,44.0,178,0,0
1768227992218202,52931,14550,48.0,30,0,0
1768227992222909,52931,14550,48.0,33,0,0
1768227992224175,52931,14550,39.0,74,0,0
1768227992227554,52931,14550,51.0,1,0,0
1768227992231616,52931,14550,22.0,125,0,0
1768227992234039,52931,14550,27.0,152,0,0
1768227992237724,52931,14550,45.0,62,0,0
1768227992240936,52931,14550,26.0,42,0,0
1768227992244626,52931,14550,32.0,36,0,0
1768227992245591,52931,14550,62.0,65,0,0
1768227992248118,52931,14550,49.0,27,0,0
1768227992249497,52931,14550,44.0,116,0,0
1768227992252961,52931,14550,42.0,129,0,0
1768227992255488,52931,14550,34.0,29,0,0
1768227992256613,52931,14550,34.0,137,0,0
1768227992258584,52931,14550,60.0,24,0,0
1768227992260459,52931,14550,53.0,124,0,0
1768227992264214,52931,14550,31.0,2,0,0
1768227992266283,52931,14550,64.0,164,0,0
1768227992269091,52931,14550,24.0,168,0,0
1768227992271759,52931,14550,42.0,136,0,0
1768227992273288,52931,14550,42.0,193,0,0
1768227992275094,52931,14550,48.0,32,0,0
1768227992277456,52931,14550,40.0,241,0,0
1768227992280777,52931,14550,70.0,87,0,0
1768227992282103,52931,14550,61.0,147,0,0
1768227992283265,52931,14550,64.0,11030,0,0
1768227992379564,5760,58419,,264,1,0
1768227992380841,52931,14550,47.0,264,0,0
1768227992467147,52931,14550,48.0,163,0,0
1768227992469466,52931,14550,44.0,178,0,0
1768227992472672,52931,14550,48.0,30,0,0
1768227992477120,52931,14550,48.0,33,0,0
1768227992480070,52931,14550,39.0,74,0,0
1768227992485214,52931,14550,51.0,1,0,0
1768227992488166,52931,14550,22.0,125,0,0
1768227992490490,52931,14550,27.0,152,0,0
1768227992492522,52931,14550,45.0,62,0,0
1768227992495704,52931,14550,26.0,42,0,0
1768227992500024,52931,14550,32.0,36,0,0
1768227992502075,52931,14550,62.0,65,0,0
1768227992503498,52931,14550,49.0,27,0,0
1768227992505409,52931,14550,44.0,116,0,0
1768227992507564,52931,14550,42.0,129,0,0
1768227992509614,52931,14550,34.0,29,0,0
1768227992511266,52931,14550,34.0,137,0,0
1768227992512799,52931,14550,60.0,24,0,0
1768227992514998,52931,14550,53.0,124,0,0
1768227992517531,52931,14550,31.0,2,0,0
1768227992519239,52931,14550,64.0,164,0,0
1768227992521971,52931,14550,24.0,168,0,0
1768227992524278,52931,14550,42.0,136,0,0
1768227992526411,52931,14550,42.0,193,0,0
1768227992529181,52931,14550,48.0,32,0,0
1768227992530794,52931,14550,40.0,241,0,0
1768227992532517,52931,14550,70.0,87,0,0
1768227992535089,52931,14550,61.0,147,0,0
1768227992537680,52931,14550,64.0,11030,0,0
1768227992562942,58419,5760,,0,1,0
1768227992718641,52931,14550,48.0,163,0,0
1768227992720626,52931,14550,44.0,178,0,0
1768227992722728,52931,14550,48.0,30,0,0
1768227992726421,52931,14550,48.0,33,0,0
1768227992729418,52931,14550,39.0,74,0,0
1768227992733169,52931,14550,51.0,1,0,0
1768227992738871,52931,14550,22.0,125,0,0
1768227992742730,52931,14550,27.0,152,0,0
1768227992744821,52931,14550,45.0,62,0,0
1768227992748968,52931,14550,26.0,42,0,0
1768227992753252,52931,14550,32.0,36,0,0
1768227992755690,52931,14550,62.0,65,0,0
1768227992757489,52931,14550,49.0,27,0,0
1768227992760211,52931,14550,44.0,116,0,0
1768227992761656,52931,14550,42.0,129,0,0
1768227992763522,52931,14550,34.0,29,0,0
1768227992767055,52931,14550,34.0,137,0,0
1768227992768727,52931,14550,60.0,24,0,0
1768227992773273,52931,14550,53.0,124,0,0
1768227992776701,52931,14550,31.0,2,0,0
1768227992779682,52931,14550,64.0,164,0,0
1768227992782788,52931,14550,24.0,168,0,0
1768227992785037,52931,14550,42.0,136,0,0
1768227992787411,5760,58419,,0,1,0
1768227992790845,52931,14550,42.0,193,0,0
1768227992793338,52931,14550,48.0,32,0,0
1768227992795691,5760,58419,,111,1,0
1768227992797207,52931,14550,40.0,241,0,0
1768227992799668,52931,14550,70.0,87,0,0
1768227992802697,52931,14550,61.0,147,0,0
1768227992804323,52931,14550,64.0,11030,0,0
1768227992811482,52931,14550,29.0,0,0,0
1768227992818167,52931,14550,33.0,111,0,0
1768227992882233,5760,58419,,264,1,0
1768227992883874,52931,14550,47.0,264,0,0
1768227992968584,52931,14550,48.0,163,0,0
1768227992972155,52931,14550,44.0,178,0,0
1768227992976298,52931,14550,48.0,30,0,0
1768227992978467,52931,14550,48.0,33,0,0
1768227992980412,52931,14550,39.0,74,0,0
1768227992984121,52931,14550,51.0,1,0,0
1768227992986837,52931,14550,22.0,125,0,0
1768227992989403,52931,14550,27.0,152,0,0
1768227992991510,52931,14550,45.0,62,0,0
1768227992994053,52931,14550,26.0,42,0,0
1768227992997289,52931,14550,32.0,36,0,0
1768227992999217,52931,14550,62.0,65,0,0
1768227993001822,52931,14550,49.0,27,0,0
1768227993003722,52931,14550,44.0,116,0,0
1768227993005226,52931,14550,42.0,129,0,0
1768227993006790,52931,14550,34.0,29,0,0
1768227993008592,52931,14550,34.0,137,0,0
1768227993010375,52931,14550,60.0,24,0,0
1768227993013765,52931,14550,53.0,124,0,0
1768227993015925,52931,14550,31.0,2,0,0
1768227993017676,52931,14550,64.0,164,0,0
1768227993019231,52931,14550,24.0,168,0,0
1768227993021219,52931,14550,42.0,136,0,0
1768227993022955,52931,14550,42.0,193,0,0
1768227993025556,52931,14550,48.0,32,0,0
1768227993027659,52931,14550,40.0,241,0,0
1768227993029045,52931,14550,70.0,87,0,0
1768227993031422,52931,14550,61.0,147,0,0
1768227993033621,52931,14550,64.0,11030,0,0
1768227993222685,52931,14550,48.0,163,0,0
1768227993225604,52931,14550,44.0,178,0,0
1768227993228744,52931,14550,48.0,30,0,0
1768227993231931,52931,14550,48.0,33,0,0
1768227993234361,52931,14550,39.0,74,0,0
1768227993239170,52931,14550,51.0,1,0,0
1768227993247671,52931,14550,22.0,125,0,0
1768227993251563,52931,14550,27.0,152,0,0
1768227993254138,52931,14550,45.0,62,0,0
1768227993259135,52931,14550,26.0,42,0,0
1768227993264393,52931,14550,32.0,36,0,0
1768227993266802,52931,14550,62.0,65,0,0
1768227993268955,52931,14550,49.0,27,0,0
1768227993271673,52931,14550,44.0,116,0,0
1768227993273085,52931,14550,42.0,129,0,0
1768227993278260,52931,14550,34.0,29,0,0
1768227993285437,52931,14550,34.0,137,0,0
1768227993287563,52931,14550,60.0,24,0,0
1768227993290856,52931,14550,53.0,124,0,0
1768227993294146,52931,14550,31.0,2,0,0
1768227993296531,52931,14550,64.0,164,0,0
1768227993302032,52931,14550,24.0,168,0,0
1768227993306131,52931,14550,42.0,136,0,0
1768227993311017,52931,14550,42.0,193,0,0
1768227993313682,52931,14550,48.0,32,0,0
1768227993316164,52931,14550,40.0,241,0,0
1768227993320019,52931,14550,70.0,87,0,0
1768227993322802,52931,14550,61.0,147,0,0
1768227993325329,52931,14550,64.0,11030,0,0
1768227993384379,5760,58419,,264,1,0
1768227993385581,52931,14550,47.0,264,0,0
1768227993475627,52931,14550,48.0,163,0,0
1768227993478993,52931,14550,44.0,178,0,0
1768227993481243,52931,14550,48.0,30,0,0
1768227993486151,52931,14550,48.0,33,0,0
1768227993489023,52931,14550,39.0,74,0,0
1768227993495415,52931,14550,51.0,1,0,0
1768227993499292,52931,14550,22.0,125,0,0
1768227993501778,52931,14550,27.0,152,0,0
1768227993504201,52931,14550,45.0,62,0,0
1768227993507591,52931,14550,26.0,42,0,0
1768227993511726,52931,14550,32.0,36,0,0
1768227993514248,52931,14550,62.0,65,0,0
1768227993516873,52931,14550,49.0,27,0,0
1768227993519035,52931,14550,44.0,116,0,0
1768227993521566,52931,14550,42.0,129,0,0
1768227993523181,52931,14550,34.0,29,0,0
1768227993525312,52931,14550,34.0,137,0,0
1768227993527243,52931,14550,60.0,24,0,0
1768227993530126,52931,14550,53.0,124,0,0
1768227993532850,52931,14550,31.0,2,0,0
1768227993534690,52931,14550,64.0,164,0,0
1768227993536795,52931,14550,24.0,168,0,0
1768227993538534,52931,14550,42.0,136,0,0
1768227993539994,52931,14550,42.0,193,0,0
1768227993542676,52931,14550,48.0,32,0,0
1768227993545000,52931,14550,40.0,241,0,0
1768227993546651,52931,14550,70.0,87,0,0
1768227993548540,52931,14550,61.0,147,0,0
1768227993550839,52931,14550,64.0,11030,0,0
1768227993564110,58419,5760,,0,1,0
1768227993723682,52931,14550,48.0,163,0,0
1768227993726166,52931,14550,44.0,178,0,0
1768227993727869,52931,14550,48.0,30,0,0
1768227993731587,52931,14550,48.0,33,0,0
1768227993733525,52931,14550,39.0,74,0,0
1768227993739364,52931,14550,51.0,1,0,0
1768227993744948,52931,14550,22.0,125,0,0
1768227993750443,52931,14550,27.0,152,0,0
1768227993752336,52931,14550,45.0,62,0,0
1768227993757797,52931,14550,26.0,42,0,0
1768227993761740,52931,14550,32.0,36,0,0
1768227993763317,52931,14550,62.0,65,0,0
1768227993765846,52931,14550,49.0,27,0,0
1768227993767404,52931,14550,44.0,116,0,0
1768227993769615,52931,14550,42.0,129,0,0
1768227993772843,52931,14550,34.0,29,0,0
1768227993776234,52931,14550,34.0,137,0,0
1768227993778222,52931,14550,60.0,24,0,0
1768227993782262,52931,14550,53.0,124,0,0
1768227993786044,52931,14550,31.0,2,0,0
1768227993788625,52931,14550,64.0,164,0,0
1768227993791632,52931,14550,24.0,168,0,0
1768227993793497,52931,14550,42.0,136,0,0
1768227993795270,52931,14550,42.0,193,0,0
1768227993799115,52931,14550,48.0,32,0,0
1768227993799392,5760,58419,,0,1,0
1768227993801948,52931,14550,40.0,241,0,0
1768227993804680,52931,14550,70.0,87,0,0
1768227993806872,52931,14550,61.0,147,0,0
1768227993809931,52931,14550,64.0,11030,0,0
1768227993818388,52931,14550,29.0,0,0,0
1768227993890088,5760,58419,,264,1,0
1768227993891333,52931,14550,47.0,264,0,0
1768227993979227,52931,14550,48.0,163,0,0
1768227993981362,52931,14550,44.0,178,0,0
1768227993983420,52931,14550,48.0,30,0,0
1768227993986897,52931,14550,48.0,33,0,0
1768227993990315,52931,14550,39.0,74,0,0
1768227993996184,52931,14550,51.0,1,0,0
1768227994000753,52931,14550,22.0,125,0,0
1768227994002953,52931,14550,27.0,152,0,0
1768227994004683,52931,14550,45.0,62,0,0
1768227994009395,52931,14550,26.0,42,0,0
1768227994013159,52931,14550,32.0,36,0,0
1768227994015055,52931,14550,62.0,65,0,0
1768227994017091,52931,14550,49.0,27,0,0
1768227994018783,52931,14550,44.0,116,0,0
1768227994021162,52931,14550,42.0,129,0,0
1768227994023366,52931,14550,34.0,29,0,0
1768227994025458,52931,14550,34.0,137,0,0
1768227994027721,52931,14550,60.0,24,0,0
1768227994031071,52931,14550,53.0,124,0,0
1768227994033789,52931,14550,31.0,2,0,0
1768227994035671,52931,14550,64.0,164,0,0
1768227994037151,52931,14550,24.0,168,0,0
1768227994039637,52931,14550,42.0,136,0,0
1768227994041008,52931,14550,42.0,193,0,0
1768227994043101,52931,14550,48.0,32,0,0
1768227994044690,52931,14550,40.0,241,0,0
1768227994046424,52931,14550,70.0,87,0,0
1768227994049362,52931,14550,61.0,147,0,0
1768227994051446,52931,14550,64.0,11030,0,0
1768227994229255,52931,14550,48.0,163,0,0
1768227994231886,52931,14550,44.0,178,0,0
1768227994235185,52931,14550,48.0,30,0,0
1768227994238102,52931,14550,48.0,33,0,0
1768227994241060,52931,14550,39.0,74,0,0
1768227994245338,52931,14550,51.0,1,0,0
1768227994253515,52931,14550,22.0,125,0,0
1768227994257110,52931,14550,27.0,152,0,0
1768227994260160,52931,14550,45.0,62,0,0
1768227994263615,52931,14550,26.0,42,0,0
1768227994267665,52931,14550,32.0,36,0,0
1768227994271474,52931,14550,62.0,65,0,0
1768227994273790,52931,14550,49.0,27,0,0
1768227994276272,52931,14550,44.0,116,0,0
1768227994279503,52931,14550,42.0,129,0,0
1768227994282778,52931,14550,34.0,29,0,0
1768227994284586,52931,14550,34.0,137,0,0
1768227994287942,52931,14550,60.0,24,0,0
1768227994291970,52931,14550,53.0,124,0,0
1768227994294293,52931,14550,31.0,2,0,0
1768227994301153,52931,14550,64.0,164,0,0
1768227994304745,52931,14550,24.0,168,0,0
1768227994307972,52931,14550,42.0,136,0,0
1768227994310170,52931,14550,42.0,193,0,0
1768227994313490,52931,14550,48.0,32,0,0
1768227994317681,52931,14550,40.0,241,0,0
1768227994321072,52931,14550,70.0,87,0,0
1768227994327218,52931,14550,61.0,147,0,0
1768227994328843,52931,14550,64.0,11030,0,0
1768227994395041,5760,58419,,264,1,0
1768227994396347,52931,14550,47.0,264,0,0
1768227994482183,52931,14550,48.0,163,0,0
1768227994485395,52931,14550,44.0,178,0,0
1768227994487265,52931,14550,48.0,30,0,0
1768227994492973,52931,14550,48.0,33,0,0
1768227994495102,52931,14550,39.0,74,0,0
1768227994499179,52931,14550,51.0,1,0,0
1768227994502607,52931,14550,22.0,125,0,0
1768227994505347,52931,14550,27.0,152,0,0
1768227994507531,52931,14550,45.0,62,0,0
1768227994510425,52931,14550,26.0,42,0,0
1768227994514253,52931,14550,32.0,36,0,0
1768227994516286,52931,14550,62.0,65,0,0
1768227994519254,52931,14550,49.0,27,0,0
1768227994521151,52931,14550,44.0,116,0,0
1768227994523484,52931,14550,42.0,129,0,0
1768227994525697,52931,14550,34.0,29,0,0
1768227994527402,52931,14550,34.0,137,0,0
1768227994529120,52931,14550,60.0,24,0,0
1768227994531720,52931,14550,53.0,124,0,0
1768227994535334,52931,14550,31.0,2,0,0
1768227994537121,52931,14550,64.0,164,0,0
1768227994538742,52931,14550,24.0,168,0,0
1768227994540661,52931,14550,42.0,136,0,0
1768227994542177,52931,14550,42.0,193,0,0
1768227994544038,52931,14550,48.0,32,0,0
1768227994545671,52931,14550,40.0,241,0,0
1768227994547809,52931,14550,70.0,87,0,0
1768227994550664,52931,14550,61.0,147,0,0
1768227994552940,52931,14550,64.0,11030,0,0
1768227994566066,58419,5760,,0,1,0
1768227994734111,52931,14550,48.0,163,0,0
1768227994737583,52931,14550,44.0,178,0,0
1768227994741525,52931,14550,48.0,30,0,0
1768227994744557,52931,14550,48.0,33,0,0
1768227994746728,52931,14550,39.0,74,0,0
1768227994750897,52931,14550,51.0,1,0,0
1768227994758699,52931,14550,22.0,125,0,0
1768227994761132,52931,14550,27.0,152,0,0
1768227994762936,52931,14550,45.0,62,0,0
1768227994767431,52931,14550,26.0,42,0,0
1768227994770400,52931,14550,32.0,36,0,0
1768227994771967,52931,14550,62.0,65,0,0
1768227994774314,52931,14550,49.0,27,0,0
1768227994775856,52931,14550,44.0,116,0,0
1768227994778939,52931,14550,42.0,129,0,0
1768227994781299,52931,14550,34.0,29,0,0
1768227994783371,52931,14550,34.0,137,0,0
1768227994784866,52931,14550,60.0,24,0,0
1768227994787585,52931,14550,53.0,124,0,0
1768227994790540,52931,14550,31.0,2,0,0
1768227994794297,52931,14550,64.0,164,0,0
1768227994796484,52931,14550,24.0,168,0,0
1768227994798429,52931,14550,42.0,136,0,0
1768227994802018,52931,14550,42.0,193,0,0
1768227994804319,5760,58419,,0,1,0
1768227994805824,52931,14550,48.0,32,0,0
1768227994808224,52931,14550,40.0,241,0,0
1768227994811144,52931,14550,70.0,87,0,0
1768227994813790,52931,14550,61.0,147,0,0
1768227994819297,52931,14550,64.0,11030,0,0
1768227994823847,52931,14550,29.0,0,0,0
1768227994898956,5760,58419,,264,1,0
1768227994900728,52931,14550,47.0,264,0,0
1768227994982969,52931,14550,48.0,163,0,0
1768227994988230,52931,14550,44.0,178,0,0
1768227994990106,52931,14550,48.0,30,0,0
1768227994992355,52931,14550,48.0,33,0,0
1768227994994214,52931,14550,39.0,74,0,0
1768227994997755,52931,14550,51.0,1,0,0
1768227995002298,52931,14550,22.0,125,0,0
1768227995004833,52931,14550,27.0,152,0,0
1768227995006647,52931,14550,45.0,62,0,0
1768227995009479,52931,14550,26.0,42,0,0
1768227995012528,52931,14550,32.0,36,0,0
1768227995014125,52931,14550,62.0,65,0,0
1768227995015782,52931,14550,49.0,27,0,0
1768227995018004,52931,14550,44.0,116,0,0
1768227995020194,52931,14550,42.0,129,0,0
1768227995021806,52931,14550,34.0,29,0,0
1768227995023376,52931,14550,34.0,137,0,0
1768227995024760,52931,14550,60.0,24,0,0
1768227995027024,52931,14550,53.0,124,0,0
1768227995028915,52931,14550,31.0,2,0,0
1768227995030411,52931,14550,64.0,164,0,0
1768227995032982,52931,14550,24.0,168,0,0
1768227995035295,52931,14550,42.0,136,0,0
1768227995036676,52931,14550,42.0,193,0,0
1768227995038374,52931,14550,48.0,32,0,0
1768227995039733,52931,14550,40.0,241,0,0
1768227995042206,52931,14550,70.0,87,0,0
1768227995044298,52931,14550,61.0,147,0,0
1768227995046277,52931,14550,64.0,11030,0,0
1768227995233670,52931,14550,48.0,163,0,0
1768227995238350,52931,14550,44.0,178,0,0
1768227995241537,52931,14550,48.0,30,0,0
1768227995244229,52931,14550,48.0,33,0,0
1768227995246444,52931,14550,39.0,74,0,0
1768227995253728,52931,14550,51.0,1,0,0
1768227995259590,52931,14550,22.0,125,0,0
1768227995264781,52931,14550,27.0,152,0,0
1768227995266324,52931,14550,45.0,62,0,0
1768227995269340,52931,14550,26.0,42,0,0
1768227995273896,52931,14550,32.0,36,0,0
1768227995276046,52931,14550,62.0,65,0,0
1768227995279172,52931,14550,49.0,27,0,0
1768227995282017,52931,14550,44.0,116,0,0
1768227995284762,52931,14550,42.0,129,0,0
1768227995287405,52931,14550,34.0,29,0,0
1768227995289347,52931,14550,34.0,137,0,0
1768227995293230,52931,14550,60.0,24,0,0
1768227995301923,52931,14550,53.0,124,0,0
1768227995304417,52931,14550,31.0,2,0,0
1768227995306840,52931,14550,64.0,164,0,0
1768227995309476,52931,14550,24.0,168,0,0
1768227995312126,52931,14550,42.0,136,0,0
1768227995314261,52931,14550,42.0,193,0,0
1768227995316530,52931,14550,48.0,32,0,0
1768227995318714,52931,14550,40.0,241,0,0
1768227995320584,52931,14550,70.0,87,0,0
1768227995322467,52931,14550,61.0,147,0,0
1768227995324987,52931,14550,64.0,11030,0,0
1768227995398896,5760,58419,,264,1,0
1768227995399838,52931,14550,47.0,264,0,0
1768227995488060,52931,14550,48.0,163,0,0
1768227995489830,52931,14550,44.0,178,0,0
1768227995492821,52931,14550,48.0,30,0,0
1768227995494428,52931,14550,48.0,33,0,0
1768227995496495,52931,14550,39.0,74,0,0
1768227995499476,52931,14550,51.0,1,0,0
1768227995502117,52931,14550,22.0,125,0,0
1768227995503861,52931,14550,27.0,152,0,0
1768227995505290,52931,14550,45.0,62,0,0
1768227995507560,52931,14550,26.0,42,0,0
1768227995510393,52931,14550,32.0,36,0,0
1768227995511891,52931,14550,62.0,65,0,0
1768227995513416,52931,14550,49.0,27,0,0
1768227995514415,52931,14550,44.0,116,0,0
1768227995515461,52931,14550,42.0,129,0,0
1768227995516586,52931,14550,34.0,29,0,0
1768227995517670,52931,14550,34.0,137,0,0
1768227995518776,52931,14550,60.0,24,0,0
1768227995520413,52931,14550,53.0,124,0,0
1768227995522528,52931,14550,31.0,2,0,0
1768227995523947,52931,14550,64.0,164,0,0
1768227995525278,52931,14550,24.0,168,0,0
1768227995526989,52931,14550,42.0,136,0,0
1768227995528080,52931,14550,42.0,193,0,0
1768227995529453,52931,14550,48.0,32,0,0
1768227995530540,52931,14550,40.0,241,0,0
1768227995531634,52931,14550,70.0,87,0,0
1768227995533039,52931,14550,61.0,147,0,0
1768227995534951,52931,14550,64.0,11030,0,0
1768227995570203,58419,5760,,0,1,0
1768227995737395,52931,14550,48.0,163,0,0
1768227995739204,52931,14550,44.0,178,0,0
1768227995740794,52931,14550,48.0,30,0,0
1768227995742810,52931,14550,48.0,33,0,0
1768227995744315,52931,14550,39.0,74,0,0
1768227995747499,52931,14550,51.0,1,0,0
1768227995753938,52931,14550,22.0,125,0,0
1768227995756843,52931,14550,27.0,152,0,0
1768227995758686,52931,14550,45.0,62,0,0
1768227995761956,52931,14550,26.0,42,0,0
1768227995764347,52931,14550,32.0,36,0,0
1768227995765810,52931,14550,62.0,65,0,0
1768227995768091,52931,14550,49.0,27,0,0
1768227995770111,52931,14550,44.0,116,0,0
1768227995771560,52931,14550,42.0,129,0,0
1768227995773402,52931,14550,34.0,29,0,0
1768227995775660,52931,14550,34.0,137,0,0
1768227995777625,52931,14550,60.0,24,0,0
1768227995780729,52931,14550,53.0,124,0,0
1768227995782542,52931,14550,31.0,2,0,0
1768227995784265,52931,14550,64.0,164,0,0
1768227995785846,52931,14550,24.0,168,0,0
1768227995788111,52931,14550,42.0,136,0,0
1768227995790532,52931,14550,42.0,193,0,0
1768227995793152,52931,14550,48.0,32,0,0
1768227995795051,52931,14550,40.0,241,0,0
1768227995797928,52931,14550,70.0,87,0,0
1768227995801218,52931,14550,61.0,147,0,0
1768227995806022,52931,14550,64.0,11030,0,0
1768227995807783,5760,58419,,0,1,0
1768227995809796,52931,14550,29.0,0,0,0
1768227995902282,5760,58419,,264,1,0
1768227995903608,52931,14550,47.0,264,0,0
1768227995989408,52931,14550,48.0,163,0,0
1768227995992893,52931,14550,44.0,178,0,0
1768227995994932,52931,14550,48.0,30,0,0
1768227995998630,52931,14550,48.0,33,0,0
1768227996000939,52931,14550,39.0,74,0,0
1768227996006984,52931,14550,51.0,1,0,0
1768227996009553,52931,14550,22.0,125,0,0
1768227996011937,52931,14550,27.0,152,0,0
1768227996013526,52931,14550,45.0,62,0,0
1768227996017298,52931,14550,26.0,42,0,0
1768227996021341,52931,14550,32.0,36,0,0
1768227996023587,52931,14550,62.0,65,0,0
1768227996025948,52931,14550,49.0,27,0,0
1768227996028245,52931,14550,44.0,116,0,0
1768227996029963,52931,14550,42.0,129,0,0
1768227996031783,52931,14550,34.0,29,0,0
1768227996033416,52931,14550,34.0,137,0,0
1768227996035704,52931,14550,60.0,24,0,0
1768227996038534,52931,14550,53.0,124,0,0
1768227996041136,52931,14550,31.0,2,0,0
1768227996042822,52931,14550,64.0,164,0,0
1768227996044935,52931,14550,24.0,168,0,0
1768227996046608,52931,14550,42.0,136,0,0
1768227996048237,52931,14550,42.0,193,0,0
1768227996050275,52931,14550,48.0,32,0,0
1768227996053027,52931,14550,40.0,241,0,0
1768227996054711,52931,14550,70.0,87,0,0
1768227996057073,52931,14550,61.0,147,0,0
1768227996059430,52931,14550,64.0,11030,0,0
1768227996243615,52931,14550,48.0,163,0,0
1768227996246160,52931,14550,44.0,178,0,0
1768227996247937,52931,14550,48.0,30,0,0
1768227996250708,52931,14550,48.0,33,0,0
1768227996254762,52931,14550,39.0,74,0,0
1768227996259068,52931,14550,51.0,1,0,0
1768227996268001,52931,14550,22.0,125,0,0
1768227996271331,52931,14550,27.0,152,0,0
1768227996273769,52931,14550,45.0,62,0,0
1768227996279980,52931,14550,26.0,42,0,0
1768227996284293,52931,14550,32.0,36,0,0
1768227996286752,52931,14550,62.0,65,0,0
1768227996288723,52931,14550,49.0,27,0,0
1768227996291066,52931,14550,44.0,116,0,0
1768227996292640,52931,14550,42.0,129,0,0
1768227996295728,52931,14550,34.0,29,0,0
1768227996298101,52931,14550,34.0,137,0,0
1768227996300660,52931,14550,60.0,24,0,0
1768227996305486,52931,14550,53.0,124,0,0
1768227996307670,52931,14550,31.0,2,0,0
1768227996311054,52931,14550,64.0,164,0,0
1768227996314330,52931,14550,24.0,168,0,0
1768227996324820,52931,14550,42.0,136,0,0
1768227996327978,52931,14550,42.0,193,0,0
1768227996331077,52931,14550,48.0,32,0,0
1768227996333202,52931,14550,40.0,241,0,0
1768227996336756,52931,14550,70.0,87,0,0
1768227996340527,52931,14550,61.0,147,0,0
1768227996342771,52931,14550,64.0,11030,0,0
1768227996406274,5760,58419,,264,1,0
1768227996407588,52931,14550,47.0,264,0,0
1768227996493467,52931,14550,48.0,163,0,0
1768227996496339,52931,14550,44.0,178,0,0
1768227996498556,52931,14550,48.0,30,0,0
1768227996501086,52931,14550,48.0,33,0,0
1768227996504593,52931,14550,39.0,74,0,0
1768227996513715,52931,14550,51.0,1,0,0
1768227996521552,52931,14550,22.0,125,0,0
1768227996525571,52931,14550,27.0,152,0,0
1768227996527686,52931,14550,45.0,62,0,0
1768227996531745,52931,14550,26.0,42,0,0
1768227996535367,52931,14550,32.0,36,0,0
1768227996537679,52931,14550,62.0,65,0,0
1768227996539791,52931,14550,49.0,27,0,0
1768227996541688,52931,14550,44.0,116,0,0
1768227996543582,52931,14550,42.0,129,0,0
1768227996545534,52931,14550,34.0,29,0,0
1768227996547594,52931,14550,34.0,137,0,0
1768227996550154,52931,14550,60.0,24,0,0
1768227996553154,52931,14550,53.0,124,0,0
1768227996555935,52931,14550,31.0,2,0,0
1768227996557998,52931,14550,64.0,164,0,0
1768227996560180,52931,14550,24.0,168,0,0
1768227996562518,52931,14550,42.0,136,0,0
1768227996564584,52931,14550,42.0,193,0,0
1768227996567100,52931,14550,48.0,32,0,0
1768227996569237,52931,14550,40.0,241,0,0
1768227996571662,52931,14550,70.0,87,0,0
1768227996574357,52931,14550,61.0,147,0,0
1768227996576673,52931,14550,64.0,11030,0,0
1768227996579410,58419,5760,,0,1,0
1768227996742802,52931,14550,48.0,163,0,0
1768227996745971,52931,14550,44.0,178,0,0
1768227996749713,52931,14550,48.0,30,0,0
1768227996753842,52931,14550,48.0,33,0,0
1768227996756791,52931,14550,39.0,74,0,0
1768227996765608,52931,14550,51.0,1,0,0
1768227996772914,52931,14550,22.0,125,0,0
1768227996778893,52931,14550,27.0,152,0,0
1768227996784806,52931,14550,45.0,62,0,0
1768227996788030,52931,14550,26.0,42,0,0
1768227996791763,52931,14550,32.0,36,0,0
1768227996793811,52931,14550,62.0,65,0,0
1768227996796613,52931,14550,49.0,27,0,0
1768227996798301,52931,14550,44.0,116,0,0
1768227996799835,52931,14550,42.0,129,0,0
1768227996801526,52931,14550,34.0,29,0,0
1768227996803441,52931,14550,34.0,137,0,0
1768227996805630,52931,14550,60.0,24,0,0
1768227996808702,52931,14550,53.0,124,0,0
1768227996811004,52931,14550,31.0,2,0,0
1768227996812471,52931,14550,64.0,164,0,0
1768227996814235,52931,14550,24.0,168,0,0
1768227996816700,52931,14550,42.0,136,0,0
1768227996818605,52931,14550,42.0,193,0,0
1768227996819063,5760,58419,,0,1,0
1768227996821094,52931,14550,48.0,32,0,0
1768227996823190,52931,14550,40.0,241,0,0
1768227996825402,52931,14550,70.0,87,0,0
1768227996827466,52931,14550,61.0,147,0,0
1768227996829767,52931,14550,64.0,11030,0,0
1768227996833670,52931,14550,29.0,0,0,0
1768227996908466,5760,58419,,264,1,0
1768227996909841,52931,14550,47.0,264,0,0
1768227996993983,52931,14550,48.0,163,0,0
1768227996997495,52931,14550,44.0,178,0,0
1768227996999731,52931,14550,48.0,30,0,0
1768227997002009,52931,14550,48.0,33,0,0
1768227997005663,52931,14550,39.0,74,0,0
1768227997010341,52931,14550,51.0,1,0,0
1768227997016614,52931,14550,22.0,125,0,0
1768227997019240,52931,14550,27.0,152,0,0
1768227997020820,52931,14550,45.0,62,0,0
1768227997023960,52931,14550,26.0,42,0,0
1768227997027506,52931,14550,32.0,36,0,0
1768227997029276,52931,14550,62.0,65,0,0
1768227997031648,52931,14550,49.0,27,0,0
1768227997033799,52931,14550,44.0,116,0,0
1768227997035857,52931,14550,42.0,129,0,0
1768227997038165,52931,14550,34.0,29,0,0
1768227997040202,52931,14550,34.0,137,0,0
1768227997042556,52931,14550,60.0,24,0,0
1768227997045257,52931,14550,53.0,124,0,0
1768227997047848,52931,14550,31.0,2,0,0
1768227997049926,52931,14550,64.0,164,0,0
1768227997051821,52931,14550,24.0,168,0,0
1768227997053890,52931,14550,42.0,136,0,0
1768227997055662,52931,14550,42.0,193,0,0
1768227997058062,52931,14550,48.0,32,0,0
1768227997060437,52931,14550,40.0,241,0,0
1768227997063016,52931,14550,70.0,87,0,0
1768227997065325,52931,14550,61.0,147,0,0
1768227997067122,52931,14550,64.0,11030,0,0
1768227997247349,52931,14550,48.0,163,0,0
1768227997250524,52931,14550,44.0,178,0,0
1768227997254028,52931,14550,48.0,30,0,0
1768227997258054,52931,14550,48.0,33,0,0
1768227997260234,52931,14550,39.0,74,0,0
1768227997265223,52931,14550,51.0,1,0,0
1768227997271762,52931,14550,22.0,125,0,0
1768227997274264,52931,14550,27.0,152,0,0
1768227997276258,52931,14550,45.0,62,0,0
1768227997279963,52931,14550,26.0,42,0,0
1768227997283367,52931,14550,32.0,36,0,0
1768227997285209,52931,14550,62.0,65,0,0
1768227997287119,52931,14550,49.0,27,0,0
1768227997288828,52931,14550,44.0,116,0,0
1768227997291743,52931,14550,42.0,129,0,0
1768227997294128,52931,14550,34.0,29,0,0
1768227997297044,52931,14550,34.0,137,0,0
1768227997298872,52931,14550,60.0,24,0,0
1768227997303111,52931,14550,53.0,124,0,0
1768227997306157,52931,14550,31.0,2,0,0
1768227997308923,52931,14550,64.0,164,0,0
1768227997310536,52931,14550,24.0,168,0,0
1768227997312732,52931,14550,42.0,136,0,0
1768227997314749,52931,14550,42.0,193,0,0
1768227997317293,52931,14550,48.0,32,0,0
1768227997319124,52931,14550,40.0,241,0,0
1768227997323331,52931,14550,70.0,87,0,0
1768227997325175,52931,14550,61.0,147,0,0
1768227997326755,52931,14550,64.0,11030,0,0
1768227997411327,5760,58419,,264,1,0
1768227997413231,52931,14550,47.0,264,0,0
1768227997498433,52931,14550,48.0,163,0,0
1768227997502722,52931,14550,44.0,178,0,0
1768227997505207,52931,14550,48.0,30,0,0
1768227997507571,52931,14550,48.0,33,0,0
1768227997509495,52931,14550,39.0,74,0,0
1768227997513996,52931,14550,51.0,1,0,0
1768227997517341,52931,14550,22.0,125,0,0
1768227997519753,52931,14550,27.0,152,0,0
1768227997521622,52931,14550,45.0,62,0,0
1768227997524165,52931,14550,26.0,42,0,0
1768227997527617,52931,14550,32.0,36,0,0
1768227997529112,52931,14550,62.0,65,0,0
1768227997531397,52931,14550,49.0,27,0,0
1768227997533291,52931,14550,44.0,116,0,0
1768227997535160,52931,14550,42.0,129,0,0
1768227997537166,52931,14550,34.0,29,0,0
1768227997538835,52931,14550,34.0,137,0,0
1768227997541033,52931,14550,60.0,24,0,0
1768227997543594,52931,14550,53.0,124,0,0
1768227997546279,52931,14550,31.0,2,0,0
1768227997547988,52931,14550,64.0,164,0,0
1768227997550046,52931,14550,24.0,168,0,0
1768227997551617,52931,14550,42.0,136,0,0
1768227997553612,52931,14550,42.0,193,0,0
1768227997555615,52931,14550,48.0,32,0,0
1768227997557188,52931,14550,40.0,241,0,0
1768227997559380,52931,14550,70.0,87,0,0
1768227997561818,52931,14550,61.0,147,0,0
1768227997564246,52931,14550,64.0,11030,0,0
1768227997589634,58419,5760,,0,1,0
1768227997754210,52931,14550,48.0,163,0,0
1768227997757491,52931,14550,44.0,178,0,0
1768227997760055,52931,14550,48.0,30,0,0
1768227997764248,52931,14550,48.0,33,0,0
1768227997768543,52931,14550,39.0,74,0,0
1768227997774636,52931,14550,51.0,1,0,0
1768227997781660,52931,14550,22.0,125,0,0
1768227997785129,52931,14550,27.0,152,0,0
1768227997789507,52931,14550,45.0,62,0,0
1768227997792891,52931,14550,26.0,42,0,0
1768227997798356,52931,14550,32.0,36,0,0
1768227997801501,52931,14550,62.0,65,0,0
1768227997804285,52931,14550,49.0,27,0,0
1768227997807417,52931,14550,44.0,116,0,0
1768227997810607,52931,14550,42.0,129,0,0
1768227997812879,52931,14550,34.0,29,0,0
1768227997815597,52931,14550,34.0,137,0,0
1768227997819345,52931,14550,60.0,24,0,0
1768227997824517,52931,14550,53.0,124,0,0
1768227997824997,5760,58419,,0,1,0
1768227997827192,52931,14550,31.0,2,0,0
1768227997829483,52931,14550,64.0,164,0,0
1768227997834165,52931,14550,24.0,168,0,0
1768227997836314,52931,14550,42.0,136,0,0
1768227997839150,52931,14550,42.0,193,0,0
1768227997844474,52931,14550,48.0,32,0,0
1768227997846520,52931,14550,40.0,241,0,0
1768227997850030,52931,14550,70.0,87,0,0
1768227997853341,52931,14550,61.0,147,0,0
1768227997856323,52931,14550,64.0,11030,0,0
1768227997861374,52931,14550,29.0,0,0,0
1768227997916308,5760,58419,,264,1,0
1768227997917354,52931,14550,47.0,264,0,0
1768227997945500,52931,14550,21.0,46,0,0
1768227997948122,52931,14550,39.0,253,0,0
1768227997950031,52931,14550,34.0,253,0,0
1768227998001649,52931,14550,48.0,163,0,0
1768227998004555,52931,14550,44.0,178,0,0
1768227998007424,52931,14550,48.0,30,0,0
1768227998010775,52931,14550,48.0,33,0,0
1768227998014236,52931,14550,39.0,74,0,0
1768227998020747,52931,14550,51.0,1,0,0
1768227998025948,52931,14550,22.0,125,0,0
1768227998028724,52931,14550,27.0,152,0,0
1768227998030231,52931,14550,45.0,62,0,0
1768227998033444,52931,14550,26.0,42,0,0
1768227998037031,52931,14550,32.0,36,0,0
1768227998038547,52931,14550,62.0,65,0,0
1768227998040391,52931,14550,49.0,27,0,0
1768227998042584,52931,14550,44.0,116,0,0
1768227998044684,52931,14550,42.0,129,0,0
1768227998046147,52931,14550,34.0,29,0,0
1768227998047817,52931,14550,34.0,137,0,0
1768227998049239,52931,14550,60.0,24,0,0
1768227998051120,52931,14550,53.0,124,0,0
1768227998053760,52931,14550,31.0,2,0,0
1768227998055304,52931,14550,64.0,164,0,0
1768227998057248,52931,14550,24.0,168,0,0
1768227998059125,52931,14550,42.0,136,0,0
1768227998060702,52931,14550,42.0,193,0,0
1768227998062590,52931,14550,48.0,32,0,0
1768227998064219,52931,14550,40.0,241,0,0
1768227998066113,52931,14550,70.0,87,0,0
1768227998068582,52931,14550,61.0,147,0,0
1768227998070903,52931,14550,64.0,11030,0,0
1768227998253261,52931,14550,48.0,163,0,0
1768227998256236,52931,14550,44.0,178,0,0
1768227998257725,52931,14550,48.0,30,0,0
1768227998261542,52931,14550,48.0,33,0,0
1768227998264710,52931,14550,39.0,74,0,0
1768227998269667,52931,14550,51.0,1,0,0
1768227998276495,52931,14550,22.0,125,0,0
1768227998278932,52931,14550,27.0,152,0,0
1768227998280838,52931,14550,45.0,62,0,0
1768227998284081,52931,14550,26.0,42,0,0
1768227998288782,52931,14550,32.0,36,0,0
1768227998291059,52931,14550,62.0,65,0,0
1768227998292837,52931,14550,49.0,27,0,0
1768227998295201,52931,14550,44.0,116,0,0
1768227998296731,52931,14550,42.0,129,0,0
1768227998298754,52931,14550,34.0,29,0,0
1768227998302025,52931,14550,34.0,137,0,0
1768227998304067,52931,14550,60.0,24,0,0
1768227998308192,52931,14550,53.0,124,0,0
1768227998310057,52931,14550,31.0,2,0,0
1768227998311977,52931,14550,64.0,164,0,0
1768227998314619,52931,14550,24.0,168,0,0
1768227998320692,52931,14550,42.0,136,0,0
1768227998322769,52931,14550,42.0,193,0,0
1768227998327049,52931,14550,48.0,32,0,0
1768227998329155,52931,14550,40.0,241,0,0
1768227998330950,52931,14550,70.0,87,0,0
1768227998333728,52931,14550,61.0,147,0,0
1768227998337959,52931,14550,64.0,11030,0,0
1768227998421071,5760,58419,,264,1,0
1768227998422425,52931,14550,47.0,264,0,0
1768227998505377,52931,14550,48.0,163,0,0
1768227998508006,52931,14550,44.0,178,0,0
1768227998509665,52931,14550,48.0,30,0,0
1768227998514887,52931,14550,48.0,33,0,0
1768227998516996,52931,14550,39.0,74,0,0
1768227998520905,52931,14550,51.0,1,0,0
1768227998524204,52931,14550,22.0,125,0,0
1768227998526282,52931,14550,27.0,152,0,0
1768227998527700,52931,14550,45.0,62,0,0
1768227998530513,52931,14550,26.0,42,0,0
1768227998534166,52931,14550,32.0,36,0,0
1768227998535702,52931,14550,62.0,65,0,0
1768227998537186,52931,14550,49.0,27,0,0
1768227998538987,52931,14550,44.0,116,0,0
1768227998540704,52931,14550,42.0,129,0,0
1768227998542678,52931,14550,34.0,29,0,0
1768227998544179,52931,14550,34.0,137,0,0
1768227998546243,52931,14550,60.0,24,0,0
1768227998548668,52931,14550,53.0,124,0,0
1768227998551072,52931,14550,31.0,2,0,0
1768227998552875,52931,14550,64.0,164,0,0
1768227998554705,52931,14550,24.0,168,0,0
1768227998556325,52931,14550,42.0,136,0,0
1768227998558128,52931,14550,42.0,193,0,0
1768227998560029,52931,14550,48.0,32,0,0
1768227998561682,52931,14550,40.0,241,0,0
1768227998562906,52931,14550,70.0,87,0,0
1768227998565343,52931,14550,61.0,147,0,0
1768227998567674,52931,14550,64.0,11030,0,0
1768227998592912,58419,5760,,0,1,0
1768227998758393,52931,14550,48.0,163,0,0
1768227998760893,52931,14550,44.0,178,0,0
1768227998763727,52931,14550,48.0,30,0,0
1768227998765810,52931,14550,48.0,33,0,0
1768227998769274,52931,14550,39.0,74,0,0
1768227998775986,52931,14550,51.0,1,0,0
1768227998783420,52931,14550,22.0,125,0,0
1768227998786572,52931,14550,27.0,152,0,0
1768227998789384,52931,14550,45.0,62,0,0
1768227998794890,52931,14550,26.0,42,0,0
1768227998798407,52931,14550,32.0,36,0,0
1768227998800816,52931,14550,62.0,65,0,0
1768227998802344,52931,14550,49.0,27,0,0
1768227998806518,52931,14550,44.0,116,0,0
1768227998808746,52931,14550,42.0,129,0,0
1768227998810980,52931,14550,34.0,29,0,0
1768227998812714,52931,14550,34.0,137,0,0
1768227998814351,52931,14550,60.0,24,0,0
1768227998816358,52931,14550,53.0,124,0,0
1768227998819540,52931,14550,31.0,2,0,0
1768227998822714,52931,14550,64.0,164,0,0
1768227998825397,52931,14550,24.0,168,0,0
1768227998827617,52931,14550,42.0,136,0,0
1768227998829938,52931,14550,42.0,193,0,0
1768227998831773,5760,58419,,0,1,0
1768227998832842,52931,14550,48.0,32,0,0
1768227998835302,52931,14550,40.0,241,0,0
1768227998837207,52931,14550,70.0,87,0,0
1768227998839468,52931,14550,61.0,147,0,0
1768227998841891,52931,14550,64.0,11030,0,0
1768227998844642,52931,14550,29.0,0,0,0
1768227998925181,5760,58419,,264,1,0
1768227998926426,52931,14550,47.0,264,0,0
1768227999007710,52931,14550,48.0,163,0,0
1768227999009578,52931,14550,44.0,178,0,0
1768227999011285,52931,14550,48.0,30,0,0
1768227999015054,52931,14550,48.0,33,0,0
1768227999018047,52931,14550,39.0,74,0,0
1768227999023911,52931,14550,51.0,1,0,0
1768227999026539,52931,14550,22.0,125,0,0
1768227999029155,52931,14550,27.0,152,0,0
1768227999030630,52931,14550,45.0,62,0,0
1768227999033236,52931,14550,26.0,42,0,0
1768227999037813,52931,14550,32.0,36,0,0
1768227999039602,52931,14550,62.0,65,0,0
1768227999041368,52931,14550,49.0,27,0,0
1768227999042858,52931,14550,44.0,116,0,0
1768227999044303,52931,14550,42.0,129,0,0
1768227999045964,52931,14550,34.0,29,0,0
1768227999047386,52931,14550,34.0,137,0,0
1768227999048960,52931,14550,60.0,24,0,0
1768227999051942,52931,14550,53.0,124,0,0
1768227999053963,52931,14550,31.0,2,0,0
1768227999055414,52931,14550,64.0,164,0,0
1768227999057451,52931,14550,24.0,168,0,0
1768227999059364,52931,14550,42.0,136,0,0
1768227999061205,52931,14550,42.0,193,0,0
1768227999063242,52931,14550,48.0,32,0,0
1768227999064839,52931,14550,40.0,241,0,0
1768227999066359,52931,14550,70.0,87,0,0
1768227999068138,52931,14550,61.0,147,0,0
1768227999069906,52931,14550,64.0,11030,0,0
1768227999262369,52931,14550,48.0,163,0,0
1768227999265763,52931,14550,44.0,178,0,0
1768227999268312,52931,14550,48.0,30,0,0
1768227999271366,52931,14550,48.0,33,0,0
1768227999277156,52931,14550,39.0,74,0,0
1768227999281268,52931,14550,51.0,1,0,0
1768227999288088,52931,14550,22.0,125,0,0
1768227999295126,52931,14550,27.0,152,0,0
1768227999298295,52931,14550,45.0,62,0,0
1768227999303556,52931,14550,26.0,42,0,0
1768227999306679,52931,14550,32.0,36,0,0
1768227999308478,52931,14550,62.0,65,0,0
1768227999311042,52931,14550,49.0,27,0,0
1768227999313305,52931,14550,44.0,116,0,0
1768227999315511,52931,14550,42.0,129,0,0
1768227999318059,52931,14550,34.0,29,0,0
1768227999320340,52931,14550,34.0,137,0,0
1768227999322343,52931,14550,60.0,24,0,0
1768227999325526,52931,14550,53.0,124,0,0
1768227999334462,52931,14550,31.0,2,0,0
1768227999336007,52931,14550,64.0,164,0,0
1768227999338063,52931,14550,24.0,168,0,0
1768227999343755,52931,14550,42.0,136,0,0
1768227999347586,52931,14550,42.0,193,0,0
1768227999350516,52931,14550,48.0,32,0,0
1768227999352730,52931,14550,40.0,241,0,0
1768227999355532,52931,14550,70.0,87,0,0
1768227999358011,52931,14550,61.0,147,0,0
1768227999360295,52931,14550,64.0,11030,0,0
1768227999423091,5760,58419,,264,1,0
1768227999424307,52931,14550,47.0,264,0,0
1768227999509917,52931,14550,48.0,163,0,0
1768227999513780,52931,14550,44.0,178,0,0
1768227999516245,52931,14550,48.0,30,0,0
1768227999518791,52931,14550,48.0,33,0,0
1768227999520710,52931,14550,39.0,74,0,0
1768227999524298,52931,14550,51.0,1,0,0
1768227999528181,52931,14550,22.0,125,0,0
1768227999531319,52931,14550,27.0,152,0,0
1768227999533330,52931,14550,45.0,62,0,0
1768227999536855,52931,14550,26.0,42,0,0
1768227999539645,52931,14550,32.0,36,0,0
1768227999541674,52931,14550,62.0,65,0,0
1768227999543467,52931,14550,49.0,27,0,0
1768227999545185,52931,14550,44.0,116,0,0
1768227999546631,52931,14550,42.0,129,0,0
1768227999548253,52931,14550,34.0,29,0,0
1768227999550177,52931,14550,34.0,137,0,0
1768227999552062,52931,14550,60.0,24,0,0
1768227999554019,52931,14550,53.0,124,0,0
1768227999555648,52931,14550,31.0,2,0,0
1768227999557181,52931,14550,64.0,164,0,0
1768227999558696,52931,14550,24.0,168,0,0
1768227999560238,52931,14550,42.0,136,0,0
1768227999561492,52931,14550,42.0,193,0,0
1768227999563560,52931,14550,48.0,32,0,0
1768227999565092,52931,14550,40.0,241,0,0
1768227999567065,52931,14550,70.0,87,0,0
1768227999568993,52931,14550,61.0,147,0,0
1768227999570688,52931,14550,64.0,11030,0,0
1768227999595873,58419,5760,,0,1,0
1768227999761141,52931,14550,48.0,163,0,0
1768227999762488,52931,14550,44.0,178,0,0
1768227999763356,52931,14550,48.0,30,0,0
1768227999764610,52931,14550,48.0,33,0,0
1768227999766332,52931,14550,39.0,74,0,0
1768227999771039,52931,14550,51.0,1,0,0
1768227999774756,52931,14550,22.0,125,0,0
1768227999777655,52931,14550,27.0,152,0,0
1768227999779387,52931,14550,45.0,62,0,0
1768227999782941,52931,14550,26.0,42,0,0
1768227999785607,52931,14550,32.0,36,0,0
1768227999786496,52931,14550,62.0,65,0,0
1768227999787586,52931,14550,49.0,27,0,0
1768227999788555,52931,14550,44.0,116,0,0
1768227999791209,52931,14550,42.0,129,0,0
1768227999792197,52931,14550,34.0,29,0,0
1768227999793187,52931,14550,34.0,137,0,0
1768227999794272,52931,14550,60.0,24,0,0
1768227999795472,52931,14550,53.0,124,0,0
1768227999797307,52931,14550,31.0,2,0,0
1768227999798389,52931,14550,64.0,164,0,0
1768227999800146,52931,14550,24.0,168,0,0
1768227999801390,52931,14550,42.0,136,0,0
1768227999803124,52931,14550,42.0,193,0,0
1768227999804404,52931,14550,48.0,32,0,0
1768227999805573,52931,14550,40.0,241,0,0
1768227999807405,52931,14550,70.0,87,0,0
1768227999809184,52931,14550,61.0,147,0,0
1768227999810057,52931,14550,64.0,11030,0,0
1768227999833082,5760,58419,,0,1,0
1768227999834163,52931,14550,29.0,0,0,0
1768227999926267,5760,58419,,264,1,0
1768227999927418,52931,14550,47.0,264,0,0
1768228000014400,52931,14550,48.0,163,0,0
1768228000017238,52931,14550,44.0,178,0,0
1768228000018718,52931,14550,48.0,30,0,0
1768228000021148,52931,14550,48.0,33,0,0
1768228000022978,52931,14550,39.0,74,0,0
1768228000029938,52931,14550,51.0,1,0,0
1768228000032748,52931,14550,22.0,125,0,0
1768228000035184,52931,14550,27.0,152,0,0
1768228000037288,52931,14550,45.0,62,0,0
1768228000040479,52931,14550,26.0,42,0,0
1768228000044046,52931,14550,32.0,36,0,0
1768228000045774,52931,14550,62.0,65,0,0
1768228000047432,52931,14550,49.0,27,0,0
1768228000049239,52931,14550,44.0,116,0,0
1768228000050932,52931,14550,42.0,129,0,0
1768228000052711,52931,14550,34.0,29,0,0
1768228000054585,52931,14550,34.0,137,0,0
1768228000056495,52931,14550,60.0,24,0,0
1768228000058788,52931,14550,53.0,124,0,0
1768228000061229,52931,14550,31.0,2,0,0
1768228000063012,52931,14550,64.0,164,0,0
1768228000065265,52931,14550,24.0,168,0,0
1768228000067217,52931,14550,42.0,136,0,0
1768228000068859,52931,14550,42.0,193,0,0
1768228000070977,52931,14550,48.0,32,0,0
1768228000073045,52931,14550,40.0,241,0,0
1768228000074579,52931,14550,70.0,87,0,0
1768228000076733,52931,14550,61.0,147,0,0
1768228000078957,52931,14550,64.0,11030,0,0
1768228000266368,52931,14550,48.0,163,0,0
1768228000269669,52931,14550,44.0,178,0,0
1768228000273162,52931,14550,48.0,30,0,0
1768228000275939,52931,14550,48.0,33,0,0
1768228000278647,52931,14550,39.0,74,0,0
1768228000282246,52931,14550,51.0,1,0,0
1768228000288501,52931,14550,22.0,125,0,0
1768228000291798,52931,14550,27.0,152,0,0
1768228000293819,52931,14550,45.0,62,0,0
1768228000298142,52931,14550,26.0,42,0,0
1768228000303745,52931,14550,32.0,36,0,0
1768228000306971,52931,14550,62.0,65,0,0
1768228000309622,52931,14550,49.0,27,0,0
1768228000315237,52931,14550,44.0,116,0,0
1768228000317272,52931,14550,42.0,129,0,0
1768228000319280,52931,14550,34.0,29,0,0
1768228000321394,52931,14550,34.0,137,0,0
1768228000327057,52931,14550,60.0,24,0,0
1768228000331435,52931,14550,53.0,124,0,0
1768228000336349,52931,14550,31.0,2,0,0
1768228000341584,52931,14550,64.0,164,0,0
1768228000345925,52931,14550,24.0,168,0,0
1768228000348039,52931,14550,42.0,136,0,0
1768228000350838,52931,14550,42.0,193,0,0
1768228000353907,52931,14550,48.0,32,0,0
1768228000356643,52931,14550,40.0,241,0,0
1768228000358388,52931,14550,70.0,87,0,0
1768228000360154,52931,14550,61.0,147,0,0
1768228000362674,52931,14550,64.0,11030,0,0
1768228000434187,5760,58419,,264,1,0
1768228000435471,52931,14550,47.0,264,0,0
1768228000520158,52931,14550,48.0,163,0,0
1768228000523754,52931,14550,44.0,178,0,0
1768228000525919,52931,14550,48.0,30,0,0
1768228000528635,52931,14550,48.0,33,0,0
1768228000530763,52931,14550,39.0,74,0,0
1768228000536375,52931,14550,51.0,1,0,0
1768228000539705,52931,14550,22.0,125,0,0
1768228000542295,52931,14550,27.0,152,0,0
1768228000544498,52931,14550,45.0,62,0,0
1768228000547773,52931,14550,26.0,42,0,0
1768228000551102,52931,14550,32.0,36,0,0
1768228000553414,52931,14550,62.0,65,0,0
1768228000555296,52931,14550,49.0,27,0,0
1768228000557384,52931,14550,44.0,116,0,0
1768228000559016,52931,14550,42.0,129,0,0
1768228000560535,52931,14550,34.0,29,0,0
1768228000562233,52931,14550,34.0,137,0,0
1768228000564421,52931,14550,60.0,24,0,0
1768228000566886,52931,14550,53.0,124,0,0
1768228000570144,52931,14550,31.0,2,0,0
1768228000572660,52931,14550,64.0,164,0,0
1768228000574983,52931,14550,24.0,168,0,0
1768228000577077,52931,14550,42.0,136,0,0
1768228000578682,52931,14550,42.0,193,0,0
1768228000580409,52931,14550,48.0,32,0,0
1768228000581888,52931,14550,40.0,241,0,0
1768228000583600,52931,14550,70.0,87,0,0
1768228000585652,52931,14550,61.0,147,0,0
1768228000587355,52931,14550,64.0,11030,0,0
1768228000601690,58419,5760,,0,1,0
1768228000770714,52931,14550,48.0,163,0,0
1768228000773853,52931,14550,44.0,178,0,0
1768228000775484,52931,14550,48.0,30,0,0
1768228000778434,52931,14550,48.0,33,0,0
1768228000783364,52931,14550,39.0,74,0,0
1768228000788102,52931,14550,51.0,1,0,0
1768228000797360,52931,14550,22.0,125,0,0
1768228000801552,52931,14550,27.0,152,0,0
1768228000804498,52931,14550,45.0,62,0,0
1768228000808278,52931,14550,26.0,42,0,0
1768228000811169,52931,14550,32.0,36,0,0
1768228000815829,52931,14550,62.0,65,0,0
1768228000822111,52931,14550,49.0,27,0,0
1768228000825081,52931,14550,44.0,116,0,0
1768228000828689,52931,14550,42.0,129,0,0
1768228000831953,52931,14550,34.0,29,0,0
1768228000834144,52931,14550,34.0,137,0,0
1768228000835678,52931,14550,60.0,24,0,0
1768228000839307,52931,14550,53.0,124,0,0
1768228000839952,5760,58419,,0,1,0
1768228000841124,52931,14550,31.0,2,0,0
1768228000844917,52931,14550,64.0,164,0,0
1768228000848515,52931,14550,24.0,168,0,0
1768228000850683,52931,14550,42.0,136,0,0
1768228000854216,52931,14550,42.0,193,0,0
1768228000856438,52931,14550,48.0,32,0,0
1768228000858629,52931,14550,40.0,241,0,0
1768228000862800,52931,14550,70.0,87,0,0
1768228000866442,52931,14550,61.0,147,0,0
1768228000868471,52931,14550,64.0,11030,0,0
1768228000872072,52931,14550,29.0,0,0,0
1768228000935534,5760,58419,,264,1,0
1768228000936797,52931,14550,47.0,264,0,0
1768228001022738,52931,14550,48.0,163,0,0
1768228001025224,52931,14550,44.0,178,0,0
1768228001026910,52931,14550,48.0,30,0,0
1768228001030002,52931,14550,48.0,33,0,0
1768228001034140,52931,14550,39.0,74,0,0
1768228001038003,52931,14550,51.0,1,0,0
1768228001041266,52931,14550,22.0,125,0,0
1768228001043579,52931,14550,27.0,152,0,0
1768228001045273,52931,14550,45.0,62,0,0
1768228001048962,52931,14550,26.0,42,0,0
1768228001051540,52931,14550,32.0,36,0,0
1768228001053344,52931,14550,62.0,65,0,0
1768228001055084,52931,14550,49.0,27,0,0
1768228001057604,52931,14550,44.0,116,0,0
1768228001059019,52931,14550,42.0,129,0,0
1768228001060401,52931,14550,34.0,29,0,0
1768228001061918,52931,14550,34.0,137,0,0
1768228001064532,52931,14550,60.0,24,0,0
1768228001067346,52931,14550,53.0,124,0,0
1768228001069427,52931,14550,31.0,2,0,0
1768228001071931,52931,14550,64.0,164,0,0
1768228001073985,52931,14550,24.0,168,0,0
1768228001076221,52931,14550,42.0,136,0,0
1768228001078283,52931,14550,42.0,193,0,0
1768228001080725,52931,14550,48.0,32,0,0
1768228001083077,52931,14550,40.0,241,0,0
1768228001085039,52931,14550,70.0,87,0,0
1768228001087244,52931,14550,61.0,147,0,0
1768228001089084,52931,14550,64.0,11030,0,0
1768228001275947,52931,14550,48.0,163,0,0
1768228001278867,52931,14550,44.0,178,0,0
1768228001282977,52931,14550,48.0,30,0,0
1768228001287128,52931,14550,48.0,33,0,0
1768228001289203,52931,14550,39.0,74,0,0
1768228001295102,52931,14550,51.0,1,0,0
1768228001306422,52931,14550,22.0,125,0,0
1768228001308808,52931,14550,27.0,152,0,0
1768228001310851,52931,14550,45.0,62,0,0
1768228001315348,52931,14550,26.0,42,0,0
1768228001321661,52931,14550,32.0,36,0,0
1768228001323183,52931,14550,62.0,65,0,0
1768228001326302,52931,14550,49.0,27,0,0
1768228001329769,52931,14550,44.0,116,0,0
1768228001332036,52931,14550,42.0,129,0,0
1768228001333709,52931,14550,34.0,29,0,0
1768228001336608,52931,14550,34.0,137,0,0
1768228001340557,52931,14550,60.0,24,0,0
1768228001344806,52931,14550,53.0,124,0,0
1768228001347652,52931,14550,31.0,2,0,0
1768228001351769,52931,14550,64.0,164,0,0
1768228001354916,52931,14550,24.0,168,0,0
1768228001356947,52931,14550,42.0,136,0,0
1768228001359328,52931,14550,42.0,193,0,0
1768228001361774,52931,14550,48.0,32,0,0
1768228001365440,52931,14550,40.0,241,0,0
1768228001367459,52931,14550,70.0,87,0,0
1768228001369945,52931,14550,61.0,147,0,0
1768228001372622,52931,14550,64.0,11030,0,0
1768228001438490,5760,58419,,264,1,0
1768228001439921,52931,14550,47.0,264,0,0
1768228001525489,52931,14550,48.0,163,0,0
1768228001528877,52931,14550,44.0,178,0,0
1768228001531342,52931,14550,48.0,30,0,0
1768228001536677,52931,14550,48.0,33,0,0
1768228001539454,52931,14550,39.0,74,0,0
1768228001544001,52931,14550,51.0,1,0,0
1768228001548384,52931,14550,22.0,125,0,0
1768228001551535,52931,14550,27.0,152,0,0
1768228001553573,52931,14550,45.0,62,0,0
1768228001556881,52931,14550,26.0,42,0,0
1768228001560618,52931,14550,32.0,36,0,0
1768228001562275,52931,14550,62.0,65,0,0
1768228001564243,52931,14550,49.0,27,0,0
1768228001566473,52931,14550,44.0,116,0,0
1768228001568892,52931,14550,42.0,129,0,0
1768228001571051,52931,14550,34.0,29,0,0
1768228001573121,52931,14550,34.0,137,0,0
1768228001575157,52931,14550,60.0,24,0,0
1768228001578047,52931,14550,53.0,124,0,0
1768228001579939,52931,14550,31.0,2,0,0
1768228001581222,52931,14550,64.0,164,0,0
1768228001582290,52931,14550,24.0,168,0,0
1768228001583364,52931,14550,42.0,136,0,0
1768228001584499,52931,14550,42.0,193,0,0
1768228001586173,52931,14550,48.0,32,0,0
1768228001587364,52931,14550,40.0,241,0,0
1768228001588630,52931,14550,70.0,87,0,0
1768228001590602,52931,14550,61.0,147,0,0
1768228001591944,52931,14550,64.0,11030,0,0
1768228001612051,58419,5760,,0,1,0
1768228001775052,52931,14550,48.0,163,0,0
1768228001778201,52931,14550,44.0,178,0,0
1768228001779604,52931,14550,48.0,30,0,0
1768228001781947,52931,14550,48.0,33,0,0
1768228001784525,52931,14550,39.0,74,0,0
1768228001787642,52931,14550,51.0,1,0,0
1768228001793234,52931,14550,22.0,125,0,0
1768228001795486,52931,14550,27.0,152,0,0
1768228001796925,52931,14550,45.0,62,0,0
1768228001800225,52931,14550,26.0,42,0,0
1768228001804251,52931,14550,32.0,36,0,0
1768228001807689,52931,14550,62.0,65,0,0
1768228001810500,52931,14550,49.0,27,0,0
1768228001812855,52931,14550,44.0,116,0,0
1768228001814994,52931,14550,42.0,129,0,0
1768228001817031,52931,14550,34.0,29,0,0
1768228001819652,52931,14550,34.0,137,0,0
1768228001821208,52931,14550,60.0,24,0,0
1768228001824003,52931,14550,53.0,124,0,0
1768228001826678,52931,14550,31.0,2,0,0
1768228001828724,52931,14550,64.0,164,0,0
1768228001831560,52931,14550,24.0,168,0,0
1768228001832903,52931,14550,42.0,136,0,0
1768228001836100,52931,14550,42.0,193,0,0
1768228001838835,52931,14550,48.0,32,0,0
1768228001840857,52931,14550,40.0,241,0,0
1768228001843411,52931,14550,70.0,87,0,0
1768228001845302,52931,14550,61.0,147,0,0
1768228001846622,52931,14550,64.0,11030,0,0
1768228001849110,5760,58419,,0,1,0
1768228001850771,52931,14550,29.0,0,0,0
1768228001939328,5760,58419,,264,1,0
1768228001940189,52931,14550,47.0,264,0,0
1768228002028417,52931,14550,48.0,163,0,0
1768228002030496,52931,14550,44.0,178,0,0
1768228002031387,52931,14550,48.0,30,0,0
1768228002034049,52931,14550,48.0,33,0,0
1768228002036451,52931,14550,39.0,74,0,0
1768228002038653,52931,14550,51.0,1,0,0
1768228002040610,52931,14550,22.0,125,0,0
1768228002041881,52931,14550,27.0,152,0,0
1768228002042863,52931,14550,45.0,62,0,0
1768228002045009,52931,14550,26.0,42,0,0
1768228002047311,52931,14550,32.0,36,0,0
1768228002048774,52931,14550,62.0,65,0,0
1768228002049875,52931,14550,49.0,27,0,0
1768228002051127,52931,14550,44.0,116,0,0
1768228002052304,52931,14550,42.0,129,0,0
1768228002053645,52931,14550,34.0,29,0,0
1768228002054965,52931,14550,34.0,137,0,0
1768228002056415,52931,14550,60.0,24,0,0
1768228002058457,52931,14550,53.0,124,0,0
1768228002060231,52931,14550,31.0,2,0,0
1768228002062190,52931,14550,64.0,164,0,0
1768228002063591,52931,14550,24.0,168,0,0
1768228002066031,52931,14550,42.0,136,0,0
1768228002067847,52931,14550,42.0,193,0,0
1768228002069677,52931,14550,48.0,32,0,0
1768228002071128,52931,14550,40.0,241,0,0
1768228002072766,52931,14550,70.0,87,0,0
1768228002075269,52931,14550,61.0,147,0,0
1768228002077375,52931,14550,64.0,11030,0,0
1768228002275775,58419,5760,,66,1,0
1768228002281833,52931,14550,48.0,163,0,0
1768228002283763,52931,14550,44.0,178,0,0
1768228002287629,52931,14550,48.0,30,0,0
1768228002291468,52931,14550,48.0,33,0,0
1768228002293278,52931,14550,39.0,74,0,0
1768228002298385,52931,14550,51.0,1,0,0
1768228002304078,52931,14550,22.0,125,0,0
1768228002307164,52931,14550,27.0,152,0,0
1768228002308919,52931,14550,45.0,62,0,0
1768228002312628,52931,14550,26.0,42,0,0
1768228002318032,52931,14550,32.0,36,0,0
1768228002319886,52931,14550,62.0,65,0,0
1768228002322754,52931,14550,49.0,27,0,0
1768228002326422,52931,14550,44.0,116,0,0
1768228002329691,52931,14550,42.0,129,0,0
1768228002332030,52931,14550,34.0,29,0,0
1768228002334397,52931,14550,34.0,137,0,0
1768228002337533,52931,14550,60.0,24,0,0
1768228002344366,52931,14550,53.0,124,0,0
1768228002347057,52931,14550,31.0,2,0,0
1768228002352427,52931,14550,64.0,164,0,0
1768228002354232,52931,14550,24.0,168,0,0
1768228002357689,52931,14550,42.0,136,0,0
1768228002360974,52931,14550,42.0,193,0,0
1768228002364233,52931,14550,48.0,32,0,0
1768228002367374,52931,14550,40.0,241,0,0
1768228002370054,52931,14550,70.0,87,0,0
1768228002371817,52931,14550,61.0,147,0,0
1768228002374231,52931,14550,64.0,11030,0,0
1768228002446984,5760,58419,,264,1,0
1768228002448284,52931,14550,47.0,264,0,0
1768228002533792,52931,14550,48.0,163,0,0
1768228002537319,52931,14550,44.0,178,0,0
1768228002539897,52931,14550,48.0,30,0,0
1768228002541877,52931,14550,48.0,33,0,0
1768228002543802,52931,14550,39.0,74,0,0
1768228002547507,52931,14550,51.0,1,0,0
1768228002550957,52931,14550,22.0,125,0,0
1768228002554169,52931,14550,27.0,152,0,0
1768228002555769,52931,14550,45.0,62,0,0
1768228002560255,52931,14550,26.0,42,0,0
1768228002563540,52931,14550,32.0,36,0,0
1768228002565572,52931,14550,62.0,65,0,0
1768228002567593,52931,14550,49.0,27,0,0
1768228002570052,52931,14550,44.0,116,0,0
1768228002571829,52931,14550,42.0,129,0,0
1768228002573462,52931,14550,34.0,29,0,0
1768228002575306,52931,14550,34.0,137,0,0
1768228002577282,52931,14550,60.0,24,0,0
1768228002579610,52931,14550,53.0,124,0,0
1768228002582110,52931,14550,31.0,2,0,0
1768228002584308,52931,14550,64.0,164,0,0
1768228002586384,52931,14550,24.0,168,0,0
1768228002588327,52931,14550,42.0,136,0,0
1768228002589838,52931,14550,42.0,193,0,0
1768228002591681,52931,14550,48.0,32,0,0
1768228002593727,52931,14550,40.0,241,0,0
1768228002596155,52931,14550,70.0,87,0,0
1768228002598898,52931,14550,61.0,147,0,0
1768228002601101,52931,14550,64.0,11030,0,0
1768228002614832,58419,5760,,0,1,0
1768228002780832,52931,14550,48.0,163,0,0
1768228002785534,52931,14550,44.0,178,0,0
1768228002788140,52931,14550,48.0,30,0,0
1768228002794824,52931,14550,48.0,33,0,0
1768228002797013,52931,14550,39.0,74,0,0
1768228002802801,52931,14550,51.0,1,0,0
1768228002811476,52931,14550,22.0,125,0,0
1768228002817558,52931,14550,27.0,152,0,0
1768228002819401,52931,14550,45.0,62,0,0
1768228002823795,52931,14550,26.0,42,0,0
1768228002828162,52931,14550,32.0,36,0,0
1768228002830652,52931,14550,62.0,65,0,0
1768228002833208,52931,14550,49.0,27,0,0
1768228002837460,52931,14550,44.0,116,0,0
1768228002840312,52931,14550,42.0,129,0,0
1768228002841866,52931,14550,34.0,29,0,0
1768228002845365,52931,14550,34.0,137,0,0
1768228002847169,52931,14550,60.0,24,0,0
1768228002850099,52931,14550,53.0,124,0,0
1768228002855177,52931,14550,31.0,2,0,0
1768228002856983,5760,58419,,0,1,0
1768228002858047,52931,14550,64.0,164,0,0
1768228002860641,52931,14550,24.0,168,0,0
1768228002864872,52931,14550,42.0,136,0,0
1768228002866517,5760,58419,,111,1,0
1768228002867681,52931,14550,42.0,193,0,0
1768228002869788,52931,14550,48.0,32,0,0
1768228002872157,52931,14550,40.0,241,0,0
1768228002873942,52931,14550,70.0,87,0,0
1768228002876758,52931,14550,61.0,147,0,0
1768228002878463,52931,14550,64.0,11030,0,0
1768228002881711,52931,14550,29.0,0,0,0
1768228002885012,52931,14550,33.0,111,0,0
1768228002950335,5760,58419,,264,1,0
1768228002951566,52931,14550,47.0,264,0,0
1768228003035430,52931,14550,48.0,163,0,0
1768228003038743,52931,14550,44.0,178,0,0
1768228003041057,52931,14550,48.0,30,0,0
1768228003044972,52931,14550,48.0,33,0,0
1768228003046800,52931,14550,39.0,74,0,0
1768228003050223,52931,14550,51.0,1,0,0
1768228003053235,52931,14550,22.0,125,0,0
1768228003055301,52931,14550,27.0,152,0,0
1768228003056669,52931,14550,45.0,62,0,0
1768228003059180,52931,14550,26.0,42,0,0
1768228003063327,52931,14550,32.0,36,0,0
1768228003065361,52931,14550,62.0,65,0,0
1768228003067137,52931,14550,49.0,27,0,0
1768228003069149,52931,14550,44.0,116,0,0
1768228003070587,52931,14550,42.0,129,0,0
1768228003072105,52931,14550,34.0,29,0,0
1768228003074095,52931,14550,34.0,137,0,0
1768228003075888,52931,14550,60.0,24,0,0
1768228003079054,52931,14550,53.0,124,0,0
1768228003081698,52931,14550,31.0,2,0,0
1768228003083322,52931,14550,64.0,164,0,0
1768228003085850,52931,14550,24.0,168,0,0
1768228003087761,52931,14550,42.0,136,0,0
1768228003089118,52931,14550,42.0,193,0,0
1768228003090715,52931,14550,48.0,32,0,0
1768228003092618,52931,14550,40.0,241,0,0
1768228003094113,52931,14550,70.0,87,0,0
1768228003095805,52931,14550,61.0,147,0,0
1768228003098627,52931,14550,64.0,11030,0,0
1768228003287648,52931,14550,48.0,163,0,0
1768228003292677,52931,14550,44.0,178,0,0
1768228003295460,52931,14550,48.0,30,0,0
1768228003298304,52931,14550,48.0,33,0,0
1768228003300974,52931,14550,39.0,74,0,0
1768228003305764,52931,14550,51.0,1,0,0
1768228003312443,52931,14550,22.0,125,0,0
1768228003317460,52931,14550,27.0,152,0,0
1768228003319773,52931,14550,45.0,62,0,0
1768228003323255,52931,14550,26.0,42,0,0
1768228003327588,52931,14550,32.0,36,0,0
1768228003329661,52931,14550,62.0,65,0,0
1768228003333176,52931,14550,49.0,27,0,0
1768228003336205,52931,14550,44.0,116,0,0
1768228003339544,52931,14550,42.0,129,0,0
1768228003343474,52931,14550,34.0,29,0,0
1768228003346454,52931,14550,34.0,137,0,0
1768228003348580,52931,14550,60.0,24,0,0
1768228003354283,52931,14550,53.0,124,0,0
1768228003358187,52931,14550,31.0,2,0,0
1768228003363767,52931,14550,64.0,164,0,0
1768228003365795,52931,14550,24.0,168,0,0
1768228003369357,52931,14550,42.0,136,0,0
1768228003372433,52931,14550,42.0,193,0,0
1768228003375446,52931,14550,48.0,32,0,0
1768228003378763,52931,14550,40.0,241,0,0
1768228003383925,52931,14550,70.0,87,0,0
1768228003386077,52931,14550,61.0,147,0,0
1768228003390062,52931,14550,64.0,11030,0,0
1768228003447953,5760,58419,,264,1,0
1768228003448661,52931,14550,47.0,264,0,0
1768228003538107,52931,14550,48.0,163,0,0
1768228003539792,52931,14550,44.0,178,0,0
1768228003541863,52931,14550,48.0,30,0,0
1768228003543129,52931,14550,48.0,33,0,0
1768228003544071,52931,14550,39.0,74,0,0
1768228003546906,52931,14550,51.0,1,0,0
1768228003548720,52931,14550,22.0,125,0,0
1768228003550053,52931,14550,27.0,152,0,0
1768228003550947,52931,14550,45.0,62,0,0
1768228003552827,52931,14550,26.0,42,0,0
1768228003554819,52931,14550,32.0,36,0,0
1768228003555687,52931,14550,62.0,65,0,0
1768228003556608,52931,14550,49.0,27,0,0
1768228003557488,52931,14550,44.0,116,0,0
1768228003558691,52931,14550,42.0,129,0,0
1768228003559812,52931,14550,34.0,29,0,0
1768228003560900,52931,14550,34.0,137,0,0
1768228003561973,52931,14550,60.0,24,0,0
1768228003563312,52931,14550,53.0,124,0,0
1768228003564355,52931,14550,31.0,2,0,0
1768228003565466,52931,14550,64.0,164,0,0
1768228003566351,52931,14550,24.0,168,0,0
1768228003567614,52931,14550,42.0,136,0,0
1768228003568682,52931,14550,42.0,193,0,0
1768228003569855,52931,14550,48.0,32,0,0
1768228003570963,52931,14550,40.0,241,0,0
1768228003572046,52931,14550,70.0,87,0,0
1768228003573331,52931,14550,61.0,147,0,0
1768228003575013,52931,14550,64.0,11030,0,0
1768228003619966,58419,5760,,0,1,0
1768228003789497,52931,14550,48.0,163,0,0
1768228003791938,52931,14550,44.0,178,0,0
1768228003794688,52931,14550,48.0,30,0,0
1768228003798601,52931,14550,48.0,33,0,0
1768228003804705,52931,14550,39.0,74,0,0
1768228003809183,52931,14550,51.0,1,0,0
1768228003813571,52931,14550,22.0,125,0,0
1768228003817293,52931,14550,27.0,152,0,0
1768228003819921,52931,14550,45.0,62,0,0
1768228003824538,52931,14550,26.0,42,0,0
1768228003828866,52931,14550,32.0,36,0,0
1768228003831741,52931,14550,62.0,65,0,0
1768228003833944,52931,14550,49.0,27,0,0
1768228003836811,52931,14550,44.0,116,0,0
1768228003839918,52931,14550,42.0,129,0,0
1768228003842755,52931,14550,34.0,29,0,0
1768228003844497,52931,14550,34.0,137,0,0
1768228003846522,52931,14550,60.0,24,0,0
1768228003850946,52931,14550,53.0,124,0,0
1768228003853179,52931,14550,31.0,2,0,0
1768228003856639,52931,14550,64.0,164,0,0
1768228003859262,52931,14550,24.0,168,0,0
1768228003860331,5760,58419,,0,1,0
1768228003861565,52931,14550,42.0,136,0,0
1768228003864513,52931,14550,42.0,193,0,0
1768228003866566,52931,14550,48.0,32,0,0
1768228003871888,52931,14550,40.0,241,0,0
1768228003874080,52931,14550,70.0,87,0,0
1768228003878689,52931,14550,61.0,147,0,0
1768228003881078,52931,14550,64.0,11030,0,0
1768228003884765,52931,14550,29.0,0,0,0
1768228003923201,52931,14550,21.0,46,0,0
1768228003927583,52931,14550,39.0,253,0,0
1768228003929835,52931,14550,34.0,253,0,0
1768228003955294,5760,58419,,264,1,0
1768228003956693,52931,14550,47.0,264,0,0
1768228004043498,52931,14550,48.0,163,0,0
1768228004046339,52931,14550,44.0,178,0,0
1768228004047953,52931,14550,48.0,30,0,0
1768228004051465,52931,14550,48.0,33,0,0
1768228004053318,52931,14550,39.0,74,0,0
1768228004056452,52931,14550,51.0,1,0,0
1768228004058951,52931,14550,22.0,125,0,0
1768228004061116,52931,14550,27.0,152,0,0
1768228004062708,52931,14550,45.0,62,0,0
1768228004065880,52931,14550,26.0,42,0,0
1768228004070627,52931,14550,32.0,36,0,0
1768228004072594,52931,14550,62.0,65,0,0
1768228004074369,52931,14550,49.0,27,0,0
1768228004075721,52931,14550,44.0,116,0,0
1768228004077221,52931,14550,42.0,129,0,0
1768228004078735,52931,14550,34.0,29,0,0
1768228004080308,52931,14550,34.0,137,0,0
1768228004082605,52931,14550,60.0,24,0,0
1768228004085045,52931,14550,53.0,124,0,0
1768228004087451,52931,14550,31.0,2,0,0
1768228004089063,52931,14550,64.0,164,0,0
1768228004090556,52931,14550,24.0,168,0,0
1768228004092521,52931,14550,42.0,136,0,0
1768228004094339,52931,14550,42.0,193,0,0
1768228004096792,52931,14550,48.0,32,0,0
1768228004098313,52931,14550,40.0,241,0,0
1768228004100290,52931,14550,70.0,87,0,0
1768228004102026,52931,14550,61.0,147,0,0
1768228004104453,52931,14550,64.0,11030,0,0
1768228004293249,52931,14550,48.0,163,0,0
1768228004296298,52931,14550,44.0,178,0,0
1768228004299423,52931,14550,48.0,30,0,0
1768228004302343,52931,14550,48.0,33,0,0
1768228004306805,52931,14550,39.0,74,0,0
1768228004310787,52931,14550,51.0,1,0,0
1768228004316714,52931,14550,22.0,125,0,0
1768228004320975,52931,14550,27.0,152,0,0
1768228004323241,52931,14550,45.0,62,0,0
1768228004328558,52931,14550,26.0,42,0,0
1768228004332859,52931,14550,32.0,36,0,0
1768228004335118,52931,14550,62.0,65,0,0
1768228004336854,52931,14550,49.0,27,0,0
1768228004339703,52931,14550,44.0,116,0,0
1768228004341982,52931,14550,42.0,129,0,0
1768228004344200,52931,14550,34.0,29,0,0
1768228004347710,52931,14550,34.0,137,0,0
1768228004349993,52931,14550,60.0,24,0,0
1768228004355606,52931,14550,53.0,124,0,0
1768228004358272,52931,14550,31.0,2,0,0
1768228004362738,52931,14550,64.0,164,0,0
1768228004365031,52931,14550,24.0,168,0,0
1768228004370622,52931,14550,42.0,136,0,0
1768228004374712,52931,14550,42.0,193,0,0
1768228004378505,52931,14550,48.0,32,0,0
1768228004380903,52931,14550,40.0,241,0,0
1768228004383475,52931,14550,70.0,87,0,0
1768228004387574,52931,14550,61.0,147,0,0
1768228004390652,52931,14550,64.0,11030,0,0
1768228004460089,5760,58419,,264,1,0
1768228004461409,52931,14550,47.0,264,0,0
1768228004546424,52931,14550,48.0,163,0,0
1768228004551123,52931,14550,44.0,178,0,0
1768228004553870,52931,14550,48.0,30,0,0
1768228004557737,52931,14550,48.0,33,0,0
1768228004560696,52931,14550,39.0,74,0,0
1768228004565499,52931,14550,51.0,1,0,0
1768228004569497,52931,14550,22.0,125,0,0
1768228004571491,52931,14550,27.0,152,0,0
1768228004573308,52931,14550,45.0,62,0,0
1768228004575587,52931,14550,26.0,42,0,0
1768228004579808,52931,14550,32.0,36,0,0
1768228004581862,52931,14550,62.0,65,0,0
1768228004583775,52931,14550,49.0,27,0,0
1768228004585268,52931,14550,44.0,116,0,0
1768228004586800,52931,14550,42.0,129,0,0
1768228004588337,52931,14550,34.0,29,0,0
1768228004589918,52931,14550,34.0,137,0,0
1768228004592152,52931,14550,60.0,24,0,0
1768228004594492,52931,14550,53.0,124,0,0
1768228004597508,52931,14550,31.0,2,0,0
1768228004599616,52931,14550,64.0,164,0,0
1768228004601567,52931,14550,24.0,168,0,0
1768228004603834,52931,14550,42.0,136,0,0
1768228004605299,52931,14550,42.0,193,0,0
1768228004607778,52931,14550,48.0,32,0,0
1768228004609428,52931,14550,40.0,241,0,0
1768228004611052,52931,14550,70.0,87,0,0
1768228004613095,52931,14550,61.0,147,0,0
1768228004615115,52931,14550,64.0,11030,0,0
1768228004628902,58419,5760,,0,1,0
1768228004796723,52931,14550,48.0,163,0,0
1768228004799640,52931,14550,44.0,178,0,0
1768228004802402,52931,14550,48.0,30,0,0
1768228004805525,52931,14550,48.0,33,0,0
1768228004810128,52931,14550,39.0,74,0,0
1768228004815521,52931,14550,51.0,1,0,0
1768228004820508,52931,14550,22.0,125,0,0
1768228004824818,52931,14550,27.0,152,0,0
1768228004827909,52931,14550,45.0,62,0,0
1768228004833292,52931,14550,26.0,42,0,0
1768228004836277,52931,14550,32.0,36,0,0
1768228004840678,52931,14550,62.0,65,0,0
1768228004844075,52931,14550,49.0,27,0,0
1768228004847930,52931,14550,44.0,116,0,0
1768228004849383,52931,14550,42.0,129,0,0
1768228004852324,52931,14550,34.0,29,0,0
1768228004855796,52931,14550,34.0,137,0,0
1768228004858045,52931,14550,60.0,24,0,0
1768228004861619,52931,14550,53.0,124,0,0
1768228004864046,52931,14550,31.0,2,0,0
1768228004866170,5760,58419,,0,1,0
1768228004868267,52931,14550,64.0,164,0,0
1768228004872282,52931,14550,24.0,168,0,0
1768228004874661,52931,14550,42.0,136,0,0
1768228004877725,52931,14550,42.0,193,0,0
1768228004880573,52931,14550,48.0,32,0,0
1768228004884359,52931,14550,40.0,241,0,0
1768228004887281,52931,14550,70.0,87,0,0
1768228004889961,52931,14550,61.0,147,0,0
1768228004893767,52931,14550,64.0,11030,0,0
1768228004899356,52931,14550,29.0,0,0,0
1768228004960729,5760,58419,,264,1,0
1768228004962136,52931,14550,47.0,264,0,0
1768228005046179,52931,14550,48.0,163,0,0
1768228005048849,52931,14550,44.0,178,0,0
1768228005050623,52931,14550,48.0,30,0,0
1768228005054956,52931,14550,48.0,33,0,0
1768228005058192,52931,14550,39.0,74,0,0
1768228005062840,52931,14550,51.0,1,0,0
1768228005069769,52931,14550,22.0,125,0,0
1768228005074480,52931,14550,27.0,152,0,0
1768228005076084,52931,14550,45.0,62,0,0
1768228005079544,52931,14550,26.0,42,0,0
1768228005083773,52931,14550,32.0,36,0,0
1768228005085518,52931,14550,62.0,65,0,0
1768228005087283,52931,14550,49.0,27,0,0
1768228005089631,52931,14550,44.0,116,0,0
1768228005091442,52931,14550,42.0,129,0,0
1768228005093142,52931,14550,34.0,29,0,0
1768228005095066,52931,14550,34.0,137,0,0
1768228005097005,52931,14550,60.0,24,0,0
1768228005099621,52931,14550,53.0,124,0,0
1768228005102005,52931,14550,31.0,2,0,0
1768228005104342,52931,14550,64.0,164,0,0
1768228005106260,52931,14550,24.0,168,0,0
1768228005108250,52931,14550,42.0,136,0,0
1768228005109652,52931,14550,42.0,193,0,0
1768228005111595,52931,14550,48.0,32,0,0
1768228005113531,52931,14550,40.0,241,0,0
1768228005115713,52931,14550,70.0,87,0,0
1768228005117906,52931,14550,61.0,147,0,0
1768228005119759,52931,14550,64.0,11030,0,0
1768228005299628,52931,14550,48.0,163,0,0
1768228005303057,52931,14550,44.0,178,0,0
1768228005304956,52931,14550,48.0,30,0,0
1768228005309313,52931,14550,48.0,33,0,0
1768228005312587,52931,14550,39.0,74,0,0
1768228005318075,52931,14550,51.0,1,0,0
1768228005325573,52931,14550,22.0,125,0,0
1768228005330093,52931,14550,27.0,152,0,0
1768228005333236,52931,14550,45.0,62,0,0
1768228005337045,52931,14550,26.0,42,0,0
1768228005341703,52931,14550,32.0,36,0,0
1768228005345110,52931,14550,62.0,65,0,0
1768228005348711,52931,14550,49.0,27,0,0
1768228005351263,52931,14550,44.0,116,0,0
1768228005353349,52931,14550,42.0,129,0,0
1768228005356128,52931,14550,34.0,29,0,0
1768228005358793,52931,14550,34.0,137,0,0
1768228005361074,52931,14550,60.0,24,0,0
1768228005364166,52931,14550,53.0,124,0,0
1768228005369344,52931,14550,31.0,2,0,0
1768228005374398,52931,14550,64.0,164,0,0
1768228005377425,52931,14550,24.0,168,0,0
1768228005379940,52931,14550,42.0,136,0,0
1768228005382486,52931,14550,42.0,193,0,0
1768228005385620,52931,14550,48.0,32,0,0
1768228005390250,52931,14550,40.0,241,0,0
1768228005391578,52931,14550,70.0,87,0,0
1768228005393758,52931,14550,61.0,147,0,0
1768228005397426,52931,14550,64.0,11030,0,0
1768228005465037,5760,58419,,264,1,0
1768228005466329,52931,14550,47.0,264,0,0
1768228005551225,52931,14550,48.0,163,0,0
1768228005554744,52931,14550,44.0,178,0,0
1768228005557794,52931,14550,48.0,30,0,0
1768228005560762,52931,14550,48.0,33,0,0
1768228005562740,52931,14550,39.0,74,0,0
1768228005567259,52931,14550,51.0,1,0,0
1768228005570576,52931,14550,22.0,125,0,0
1768228005572394,52931,14550,27.0,152,0,0
1768228005574326,52931,14550,45.0,62,0,0
1768228005577663,52931,14550,26.0,42,0,0
1768228005581175,52931,14550,32.0,36,0,0
1768228005583348,52931,14550,62.0,65,0,0
1768228005585491,52931,14550,49.0,27,0,0
1768228005587238,52931,14550,44.0,116,0,0
1768228005589489,52931,14550,42.0,129,0,0
1768228005591088,52931,14550,34.0,29,0,0
1768228005592682,52931,14550,34.0,137,0,0
1768228005594243,52931,14550,60.0,24,0,0
1768228005596824,52931,14550,53.0,124,0,0
1768228005599087,52931,14550,31.0,2,0,0
1768228005601119,52931,14550,64.0,164,0,0
1768228005602966,52931,14550,24.0,168,0,0
1768228005605445,52931,14550,42.0,136,0,0
1768228005607488,52931,14550,42.0,193,0,0
1768228005609810,52931,14550,48.0,32,0,0
1768228005612000,52931,14550,40.0,241,0,0
1768228005614274,52931,14550,70.0,87,0,0
1768228005616239,52931,14550,61.0,147,0,0
1768228005618213,52931,14550,64.0,11030,0,0
1768228005632245,58419,5760,,0,1,0
1768228005801447,52931,14550,48.0,163,0,0
1768228005805095,52931,14550,44.0,178,0,0
1768228005806830,52931,14550,48.0,30,0,0
1768228005809936,52931,14550,48.0,33,0,0
1768228005814442,52931,14550,39.0,74,0,0
1768228005819249,52931,14550,51.0,1,0,0
1768228005826070,52931,14550,22.0,125,0,0
1768228005831122,52931,14550,27.0,152,0,0
1768228005834188,52931,14550,45.0,62,0,0
1768228005839110,52931,14550,26.0,42,0,0
1768228005843117,52931,14550,32.0,36,0,0
1768228005845078,52931,14550,62.0,65,0,0
1768228005847322,52931,14550,49.0,27,0,0
1768228005850540,52931,14550,44.0,116,0,0
1768228005856180,52931,14550,42.0,129,0,0
1768228005859430,52931,14550,34.0,29,0,0
1768228005864102,52931,14550,34.0,137,0,0
1768228005866611,52931,14550,60.0,24,0,0
1768228005871952,52931,14550,53.0,124,0,0
1768228005873973,52931,14550,31.0,2,0,0
1768228005875174,5760,58419,,0,1,0
1768228005877891,52931,14550,64.0,164,0,0
1768228005879795,52931,14550,24.0,168,0,0
1768228005882944,52931,14550,42.0,136,0,0
1768228005884905,52931,14550,42.0,193,0,0
1768228005887387,52931,14550,48.0,32,0,0
1768228005889042,52931,14550,40.0,241,0,0
1768228005892043,52931,14550,70.0,87,0,0
1768228005894760,52931,14550,61.0,147,0,0
1768228005897857,52931,14550,64.0,11030,0,0
1768228005902314,52931,14550,29.0,0,0,0
1768228005967924,5760,58419,,264,1,0
1768228005969189,52931,14550,47.0,264,0,0
1768228006055879,52931,14550,48.0,163,0,0
1768228006058831,52931,14550,44.0,178,0,0
1768228006062229,52931,14550,48.0,30,0,0
1768228006064537,52931,14550,48.0,33,0,0
1768228006066335,52931,14550,39.0,74,0,0
1768228006070185,52931,14550,51.0,1,0,0
1768228006075645,52931,14550,22.0,125,0,0
1768228006077429,52931,14550,27.0,152,0,0
1768228006078939,52931,14550,45.0,62,0,0
1768228006081943,52931,14550,26.0,42,0,0
1768228006085097,52931,14550,32.0,36,0,0
1768228006086668,52931,14550,62.0,65,0,0
1768228006088572,52931,14550,49.0,27,0,0
1768228006090061,52931,14550,44.0,116,0,0
1768228006091908,52931,14550,42.0,129,0,0
1768228006093632,52931,14550,34.0,29,0,0
1768228006095183,52931,14550,34.0,137,0,0
1768228006097253,52931,14550,60.0,24,0,0
1768228006100074,52931,14550,53.0,124,0,0
1768228006102757,52931,14550,31.0,2,0,0
1768228006104673,52931,14550,64.0,164,0,0
1768228006106731,52931,14550,24.0,168,0,0
1768228006108593,52931,14550,42.0,136,0,0
1768228006110308,52931,14550,42.0,193,0,0
1768228006112035,52931,14550,48.0,32,0,0
1768228006113828,52931,14550,40.0,241,0,0
1768228006115361,52931,14550,70.0,87,0,0
1768228006117856,52931,14550,61.0,147,0,0
1768228006119818,52931,14550,64.0,11030,0,0
1768228006300102,52931,14550,45.0,22,0,0
1768228006304459,52931,14550,45.0,22,0,0
1768228006307579,52931,14550,45.0,22,0,0
1768228006311169,52931,14550,48.0,163,0,0
1768228006314945,52931,14550,44.0,178,0,0
1768228006316748,52931,14550,48.0,30,0,0
1768228006321588,52931,14550,48.0,33,0,0
1768228006325830,52931,14550,39.0,74,0,0
1768228006330904,52931,14550,51.0,1,0,0
1768228006337468,52931,14550,22.0,125,0,0
1768228006340291,52931,14550,27.0,152,0,0
1768228006344510,52931,14550,45.0,62,0,0
1768228006350603,52931,14550,26.0,42,0,0
1768228006358686,52931,14550,32.0,36,0,0
1768228006361004,52931,14550,62.0,65,0,0
1768228006362824,52931,14550,49.0,27,0,0
1768228006366405,52931,14550,44.0,116,0,0
1768228006369756,52931,14550,42.0,129,0,0
1768228006372035,52931,14550,34.0,29,0,0
1768228006374252,52931,14550,34.0,137,0,0
1768228006376081,52931,14550,60.0,24,0,0
1768228006379274,52931,14550,53.0,124,0,0
1768228006381863,52931,14550,31.0,2,0,0
1768228006384999,52931,14550,64.0,164,0,0
1768228006387171,52931,14550,24.0,168,0,0
1768228006390620,52931,14550,42.0,136,0,0
1768228006392234,52931,14550,42.0,193,0,0
1768228006394256,52931,14550,48.0,32,0,0
1768228006396510,52931,14550,40.0,241,0,0
1768228006398851,52931,14550,70.0,87,0,0
1768228006401163,52931,14550,61.0,147,0,0
1768228006403408,52931,14550,64.0,11030,0,0
1768228006473839,52931,14550,47.0,264,0,0
1768228006560918,52931,14550,48.0,163,0,0
1768228006564185,52931,14550,44.0,178,0,0
1768228006567216,52931,14550,48.0,30,0,0
1768228006571437,52931,14550,48.0,33,0,0
1768228006574775,52931,14550,39.0,74,0,0
1768228006578201,52931,14550,51.0,1,0,0
1768228006581954,52931,14550,22.0,125,0,0
1768228006585398,52931,14550,27.0,152,0,0
1768228006587709,52931,14550,45.0,62,0,0
1768228006590119,52931,14550,26.0,42,0,0
1768228006593320,52931,14550,32.0,36,0,0
1768228006595345,52931,14550,62.0,65,0,0
1768228006596695,52931,14550,49.0,27,0,0
1768228006598473,52931,14550,44.0,116,0,0
1768228006599990,52931,14550,42.0,129,0,0
1768228006601532,52931,14550,34.0,29,0,0
1768228006602574,52931,14550,34.0,137,0,0
1768228006603916,52931,14550,60.0,24,0,0
1768228006605411,52931,14550,53.0,124,0,0
1768228006606780,52931,14550,31.0,2,0,0
1768228006607730,52931,14550,64.0,164,0,0
1768228006609209,52931,14550,24.0,168,0,0
1768228006610443,52931,14550,42.0,136,0,0
1768228006611283,52931,14550,42.0,193,0,0
1768228006612415,52931,14550,48.0,32,0,0
1768228006613513,52931,14550,40.0,241,0,0
1768228006614659,52931,14550,70.0,87,0,0
1768228006615892,52931,14550,61.0,147,0,0
1768228006617195,52931,14550,64.0,11030,0,0
1768228006640686,58419,5760,,0,1,0
1768228006806664,52931,14550,48.0,163,0,0
1768228006808075,52931,14550,44.0,178,0,0
1768228006809379,52931,14550,48.0,30,0,0
1768228006811734,52931,14550,48.0,33,0,0
1768228006813022,52931,14550,39.0,74,0,0
1768228006818931,52931,14550,51.0,1,0,0
1768228006822730,52931,14550,22.0,125,0,0
1768228006824074,52931,14550,27.0,152,0,0
1768228006824992,52931,14550,45.0,62,0,0
1768228006827203,52931,14550,26.0,42,0,0
1768228006828999,52931,14550,32.0,36,0,0
1768228006832619,52931,14550,62.0,65,0,0
1768228006834764,52931,14550,49.0,27,0,0
1768228006836247,52931,14550,44.0,116,0,0
1768228006837101,52931,14550,42.0,129,0,0
1768228006838670,52931,14550,34.0,29,0,0
1768228006839344,52931,14550,34.0,137,0,0
1768228006841105,52931,14550,60.0,24,0,0
1768228006843591,52931,14550,53.0,124,0,0
1768228006846512,52931,14550,31.0,2,0,0
1768228006848013,52931,14550,64.0,164,0,0
1768228006849470,52931,14550,24.0,168,0,0
1768228006851388,52931,14550,42.0,136,0,0
1768228006852669,52931,14550,42.0,193,0,0
1768228006854834,52931,14550,48.0,32,0,0
1768228006857448,52931,14550,40.0,241,0,0
1768228006858862,52931,14550,70.0,87,0,0
1768228006860522,52931,14550,61.0,147,0,0
1768228006862165,52931,14550,64.0,11030,0,0
1768228006882570,5760,58419,,0,1,0
1768228006883333,52931,14550,29.0,0,0,0
1768228006973816,5760,58419,,264,1,0
1768228006975192,52931,14550,47.0,264,0,0
1768228007060445,52931,14550,48.0,163,0,0
1768228007061866,52931,14550,44.0,178,0,0
1768228007063832,52931,14550,48.0,30,0,0
1768228007065413,52931,14550,48.0,33,0,0
1768228007066660,52931,14550,39.0,74,0,0
1768228007068982,52931,14550,51.0,1,0,0
1768228007070761,52931,14550,22.0,125,0,0
1768228007071794,52931,14550,27.0,152,0,0
1768228007072728,52931,14550,45.0,62,0,0
1768228007074567,52931,14550,26.0,42,0,0
1768228007076383,52931,14550,32.0,36,0,0
1768228007077251,52931,14550,62.0,65,0,0
1768228007078157,52931,14550,49.0,27,0,0
1768228007079002,52931,14550,44.0,116,0,0
1768228007080159,52931,14550,42.0,129,0,0
1768228007081461,52931,14550,34.0,29,0,0
1768228007082207,52931,14550,34.0,137,0,0
1768228007083098,52931,14550,60.0,24,0,0
1768228007084473,52931,14550,53.0,124,0,0
1768228007085487,52931,14550,31.0,2,0,0
1768228007086527,52931,14550,64.0,164,0,0
1768228007087403,52931,14550,24.0,168,0,0
1768228007088417,52931,14550,42.0,136,0,0
1768228007089360,52931,14550,42.0,193,0,0
1768228007090305,52931,14550,48.0,32,0,0
1768228007091167,52931,14550,40.0,241,0,0
1768228007092464,52931,14550,70.0,87,0,0
1768228007093750,52931,14550,61.0,147,0,0
1768228007095018,52931,14550,64.0,11030,0,0
1768228007310347,52931,14550,48.0,163,0,0
1768228007317415,52931,14550,44.0,178,0,0
1768228007321238,52931,14550,48.0,30,0,0
1768228007324766,52931,14550,48.0,33,0,0
1768228007328466,52931,14550,39.0,74,0,0
1768228007332038,52931,14550,51.0,1,0,0
1768228007345333,52931,14550,22.0,125,0,0
1768228007348802,52931,14550,27.0,152,0,0
1768228007351687,52931,14550,45.0,62,0,0
1768228007354864,52931,14550,26.0,42,0,0
1768228007359949,52931,14550,32.0,36,0,0
1768228007362373,52931,14550,62.0,65,0,0
1768228007364897,52931,14550,49.0,27,0,0
1768228007368187,52931,14550,44.0,116,0,0
1768228007371847,52931,14550,42.0,129,0,0
1768228007376118,52931,14550,34.0,29,0,0
1768228007380071,52931,14550,34.0,137,0,0
1768228007382362,52931,14550,60.0,24,0,0
1768228007385677,52931,14550,53.0,124,0,0
1768228007388089,52931,14550,31.0,2,0,0
1768228007390274,52931,14550,64.0,164,0,0
1768228007392215,52931,14550,24.0,168,0,0
1768228007394208,52931,14550,42.0,136,0,0
1768228007396132,52931,14550,42.0,193,0,0
1768228007398299,52931,14550,48.0,32,0,0
1768228007400383,52931,14550,40.0,241,0,0
1768228007402076,52931,14550,70.0,87,0,0
1768228007404155,52931,14550,61.0,147,0,0
1768228007406608,52931,14550,64.0,11030,0,0
1768228007478799,5760,58419,,264,1,0
1768228007480104,52931,14550,47.0,264,0,0
1768228007566582,52931,14550,48.0,163,0,0
1768228007568811,52931,14550,44.0,178,0,0
1768228007571304,52931,14550,48.0,30,0,0
1768228007577264,52931,14550,48.0,33,0,0
1768228007580412,52931,14550,39.0,74,0,0
1768228007585731,52931,14550,51.0,1,0,0
1768228007589454,52931,14550,22.0,125,0,0
1768228007591645,52931,14550,27.0,152,0,0
1768228007593311,52931,14550,45.0,62,0,0
1768228007595855,52931,14550,26.0,42,0,0
1768228007599527,52931,14550,32.0,36,0,0
1768228007601390,52931,14550,62.0,65,0,0
1768228007602883,52931,14550,49.0,27,0,0
1768228007604371,52931,14550,44.0,116,0,0
1768228007606362,52931,14550,42.0,129,0,0
1768228007607793,52931,14550,34.0,29,0,0
1768228007610344,52931,14550,34.0,137,0,0
1768228007611977,52931,14550,60.0,24,0,0
1768228007614690,52931,14550,53.0,124,0,0
1768228007617114,52931,14550,31.0,2,0,0
1768228007619333,52931,14550,64.0,164,0,0
1768228007621009,52931,14550,24.0,168,0,0
1768228007622874,52931,14550,42.0,136,0,0
1768228007624284,52931,14550,42.0,193,0,0
1768228007626723,52931,14550,48.0,32,0,0
1768228007628717,52931,14550,40.0,241,0,0
1768228007630383,52931,14550,70.0,87,0,0
1768228007632304,52931,14550,61.0,147,0,0
1768228007634056,52931,14550,64.0,11030,0,0
1768228007647082,58419,5760,,0,1,0
1768228007817445,52931,14550,48.0,163,0,0
1768228007820232,52931,14550,44.0,178,0,0
1768228007825281,52931,14550,48.0,30,0,0
1768228007828755,52931,14550,48.0,33,0,0
1768228007831493,52931,14550,39.0,74,0,0
1768228007834919,52931,14550,51.0,1,0,0
1768228007842678,52931,14550,22.0,125,0,0
1768228007847291,52931,14550,27.0,152,0,0
1768228007849232,52931,14550,45.0,62,0,0
1768228007853826,52931,14550,26.0,42,0,0
1768228007856654,52931,14550,32.0,36,0,0
1768228007858569,52931,14550,62.0,65,0,0
1768228007863008,52931,14550,49.0,27,0,0
1768228007865423,52931,14550,44.0,116,0,0
1768228007869393,52931,14550,42.0,129,0,0
1768228007872143,52931,14550,34.0,29,0,0
1768228007873662,52931,14550,34.0,137,0,0
1768228007875595,52931,14550,60.0,24,0,0
1768228007878089,52931,14550,53.0,124,0,0
1768228007881186,52931,14550,31.0,2,0,0
1768228007884363,52931,14550,64.0,164,0,0
1768228007887266,52931,14550,24.0,168,0,0
1768228007887452,5760,58419,,0,1,0
1768228007889497,52931,14550,42.0,136,0,0
1768228007892613,52931,14550,42.0,193,0,0
1768228007897539,52931,14550,48.0,32,0,0
1768228007901062,52931,14550,40.0,241,0,0
1768228007904919,52931,14550,70.0,87,0,0
1768228007907080,52931,14550,61.0,147,0,0
1768228007909302,52931,14550,64.0,11030,0,0
1768228007912200,52931,14550,29.0,0,0,0
1768228007979937,5760,58419,,264,1,0
1768228007981410,52931,14550,47.0,264,0,0
1768228008066138,52931,14550,48.0,163,0,0
1768228008069573,52931,14550,44.0,178,0,0
1768228008071353,52931,14550,48.0,30,0,0
1768228008074283,52931,14550,48.0,33,0,0
1768228008076150,52931,14550,39.0,74,0,0
1768228008079185,52931,14550,51.0,1,0,0
1768228008083600,52931,14550,22.0,125,0,0
1768228008085869,52931,14550,27.0,152,0,0
1768228008087531,52931,14550,45.0,62,0,0
1768228008090228,52931,14550,26.0,42,0,0
1768228008093236,52931,14550,32.0,36,0,0
1768228008095649,52931,14550,62.0,65,0,0
1768228008097671,52931,14550,49.0,27,0,0
1768228008099899,52931,14550,44.0,116,0,0
1768228008101744,52931,14550,42.0,129,0,0
1768228008103260,52931,14550,34.0,29,0,0
1768228008104884,52931,14550,34.0,137,0,0
1768228008106186,52931,14550,60.0,24,0,0
1768228008108481,52931,14550,53.0,124,0,0
1768228008110373,52931,14550,31.0,2,0,0
1768228008112790,52931,14550,64.0,164,0,0
1768228008114809,52931,14550,24.0,168,0,0
1768228008116561,52931,14550,42.0,136,0,0
1768228008118258,52931,14550,42.0,193,0,0
1768228008120202,52931,14550,48.0,32,0,0
1768228008121959,52931,14550,40.0,241,0,0
1768228008123778,52931,14550,70.0,87,0,0
1768228008126163,52931,14550,61.0,147,0,0
1768228008128615,52931,14550,64.0,11030,0,0
1768228008319585,52931,14550,48.0,163,0,0
1768228008321857,52931,14550,44.0,178,0,0
1768228008324138,52931,14550,48.0,30,0,0
1768228008328622,52931,14550,48.0,33,0,0
1768228008331423,52931,14550,39.0,74,0,0
1768228008337373,52931,14550,51.0,1,0,0
1768228008344118,52931,14550,22.0,125,0,0
1768228008351428,52931,14550,27.0,152,0,0
1768228008353465,52931,14550,45.0,62,0,0
1768228008356641,52931,14550,26.0,42,0,0
1768228008361015,52931,14550,32.0,36,0,0
1768228008363168,52931,14550,62.0,65,0,0
1768228008369558,52931,14550,49.0,27,0,0
1768228008373044,52931,14550,44.0,116,0,0
1768228008375467,52931,14550,42.0,129,0,0
1768228008377916,52931,14550,34.0,29,0,0
1768228008380390,52931,14550,34.0,137,0,0
1768228008383977,52931,14550,60.0,24,0,0
1768228008389457,52931,14550,53.0,124,0,0
1768228008393320,52931,14550,31.0,2,0,0
1768228008397921,52931,14550,64.0,164,0,0
1768228008399998,52931,14550,24.0,168,0,0
1768228008403317,52931,14550,42.0,136,0,0
1768228008405827,52931,14550,42.0,193,0,0
1768228008407536,52931,14550,48.0,32,0,0
1768228008409264,52931,14550,40.0,241,0,0
1768228008410944,52931,14550,70.0,87,0,0
1768228008413925,52931,14550,61.0,147,0,0
1768228008415785,52931,14550,64.0,11030,0,0
1768228008485796,5760,58419,,264,1,0
1768228008487036,52931,14550,47.0,264,0,0
1768228008571369,52931,14550,48.0,163,0,0
1768228008575544,52931,14550,44.0,178,0,0
1768228008579544,52931,14550,48.0,30,0,0
1768228008582867,52931,14550,48.0,33,0,0
1768228008585215,52931,14550,39.0,74,0,0
1768228008588934,52931,14550,51.0,1,0,0
1768228008594141,52931,14550,22.0,125,0,0
1768228008596906,52931,14550,27.0,152,0,0
1768228008599167,52931,14550,45.0,62,0,0
1768228008601645,52931,14550,26.0,42,0,0
1768228008604598,52931,14550,32.0,36,0,0
1768228008606107,52931,14550,62.0,65,0,0
1768228008607499,52931,14550,49.0,27,0,0
1768228008608902,52931,14550,44.0,116,0,0
1768228008610665,52931,14550,42.0,129,0,0
1768228008612690,52931,14550,34.0,29,0,0
1768228008614631,52931,14550,34.0,137,0,0
1768228008616380,52931,14550,60.0,24,0,0
1768228008618321,52931,14550,53.0,124,0,0
1768228008620640,52931,14550,31.0,2,0,0
1768228008622443,52931,14550,64.0,164,0,0
1768228008624089,52931,14550,24.0,168,0,0
1768228008625938,52931,14550,42.0,136,0,0
1768228008628068,52931,14550,42.0,193,0,0
1768228008629920,52931,14550,48.0,32,0,0
1768228008631339,52931,14550,40.0,241,0,0
1768228008633562,52931,14550,70.0,87,0,0
1768228008635833,52931,14550,61.0,147,0,0
1768228008637874,52931,14550,64.0,11030,0,0
1768228008650811,58419,5760,,0,1,0
1768228008820661,52931,14550,48.0,163,0,0
1768228008823411,52931,14550,44.0,178,0,0
1768228008824554,52931,14550,48.0,30,0,0
1768228008827923,52931,14550,48.0,33,0,0
1768228008829286,52931,14550,39.0,74,0,0
1768228008834313,52931,14550,51.0,1,0,0
1768228008839623,52931,14550,22.0,125,0,0
1768228008841355,52931,14550,27.0,152,0,0
1768228008843486,52931,14550,45.0,62,0,0
1768228008845679,52931,14550,26.0,42,0,0
1768228008849047,52931,14550,32.0,36,0,0
1768228008851545,52931,14550,62.0,65,0,0
1768228008852758,52931,14550,49.0,27,0,0
1768228008853790,52931,14550,44.0,116,0,0
1768228008855800,52931,14550,42.0,129,0,0
1768228008857186,52931,14550,34.0,29,0,0
1768228008859371,52931,14550,34.0,137,0,0
1768228008860823,52931,14550,60.0,24,0,0
1768228008863283,52931,14550,53.0,124,0,0
1768228008865398,52931,14550,31.0,2,0,0
1768228008867635,52931,14550,64.0,164,0,0
1768228008868961,52931,14550,24.0,168,0,0
1768228008870640,52931,14550,42.0,136,0,0
1768228008873325,52931,14550,42.0,193,0,0
1768228008874934,52931,14550,48.0,32,0,0
1768228008877264,52931,14550,40.0,241,0,0
1768228008879511,52931,14550,70.0,87,0,0
1768228008881322,52931,14550,61.0,147,0,0
1768228008884714,52931,14550,64.0,11030,0,0
1768228008894622,5760,58419,,0,1,0
1768228008895559,52931,14550,29.0,0,0,0
1768228008964143,52931,14550,21.0,46,0,0
1768228008966056,52931,14550,39.0,253,0,0
1768228008967984,52931,14550,34.0,253,0,0
1768228008987559,5760,58419,,264,1,0
1768228008988682,52931,14550,47.0,264,0,0
1768228009074907,52931,14550,48.0,163,0,0
1768228009077953,52931,14550,44.0,178,0,0
1768228009079402,52931,14550,48.0,30,0,0
1768228009081749,52931,14550,48.0,33,0,0
1768228009084257,52931,14550,39.0,74,0,0
1768228009090370,52931,14550,51.0,1,0,0
1768228009095779,52931,14550,22.0,125,0,0
1768228009098374,52931,14550,27.0,152,0,0
1768228009100230,52931,14550,45.0,62,0,0
1768228009102656,52931,14550,26.0,42,0,0
1768228009106346,52931,14550,32.0,36,0,0
1768228009109068,52931,14550,62.0,65,0,0
1768228009111001,52931,14550,49.0,27,0,0
1768228009112647,52931,14550,44.0,116,0,0
1768228009114323,52931,14550,42.0,129,0,0
1768228009116192,52931,14550,34.0,29,0,0
1768228009117900,52931,14550,34.0,137,0,0
1768228009119339,52931,14550,60.0,24,0,0
1768228009122047,52931,14550,53.0,124,0,0
1768228009124140,52931,14550,31.0,2,0,0
1768228009126250,52931,14550,64.0,164,0,0
1768228009128216,52931,14550,24.0,168,0,0
1768228009130057,52931,14550,42.0,136,0,0
1768228009131568,52931,14550,42.0,193,0,0
1768228009133874,52931,14550,48.0,32,0,0
1768228009136147,52931,14550,40.0,241,0,0
1768228009138075,52931,14550,70.0,87,0,0
1768228009140586,52931,14550,61.0,147,0,0
1768228009143399,52931,14550,64.0,11030,0,0
1768228009326349,52931,14550,48.0,163,0,0
1768228009329504,52931,14550,44.0,178,0,0
1768228009332153,52931,14550,48.0,30,0,0
1768228009338079,52931,14550,48.0,33,0,0
1768228009340359,52931,14550,39.0,74,0,0
1768228009345298,52931,14550,51.0,1,0,0
1768228009355327,52931,14550,22.0,125,0,0
1768228009359037,52931,14550,27.0,152,0,0
1768228009361302,52931,14550,45.0,62,0,0
1768228009364430,52931,14550,26.0,42,0,0
1768228009372066,52931,14550,32.0,36,0,0
1768228009375919,52931,14550,62.0,65,0,0
1768228009377653,52931,14550,49.0,27,0,0
1768228009381537,52931,14550,44.0,116,0,0
1768228009385236,52931,14550,42.0,129,0,0
1768228009388905,52931,14550,34.0,29,0,0
1768228009393469,52931,14550,34.0,137,0,0
1768228009397476,52931,14550,60.0,24,0,0
1768228009401664,52931,14550,53.0,124,0,0
1768228009404051,52931,14550,31.0,2,0,0
1768228009408203,52931,14550,64.0,164,0,0
1768228009410464,52931,14550,24.0,168,0,0
1768228009413614,52931,14550,42.0,136,0,0
1768228009415467,52931,14550,42.0,193,0,0
1768228009417582,52931,14550,48.0,32,0,0
1768228009420203,52931,14550,40.0,241,0,0
1768228009422837,52931,14550,70.0,87,0,0
1768228009425063,52931,14550,61.0,147,0,0
1768228009427603,52931,14550,64.0,11030,0,0
1768228009488599,5760,58419,,264,1,0
1768228009489555,52931,14550,47.0,264,0,0
1768228009577978,52931,14550,48.0,163,0,0
1768228009579733,52931,14550,44.0,178,0,0
1768228009581695,52931,14550,48.0,30,0,0
1768228009583340,52931,14550,48.0,33,0,0
1768228009584235,52931,14550,39.0,74,0,0
1768228009587406,52931,14550,51.0,1,0,0
1768228009590028,52931,14550,22.0,125,0,0
1768228009591758,52931,14550,27.0,152,0,0
1768228009592845,52931,14550,45.0,62,0,0
1768228009594682,52931,14550,26.0,42,0,0
1768228009596659,52931,14550,32.0,36,0,0
1768228009597899,52931,14550,62.0,65,0,0
1768228009599240,52931,14550,49.0,27,0,0
1768228009600739,52931,14550,44.0,116,0,0
1768228009601874,52931,14550,42.0,129,0,0
1768228009602955,52931,14550,34.0,29,0,0
1768228009604028,52931,14550,34.0,137,0,0
1768228009605123,52931,14550,60.0,24,0,0
1768228009606518,52931,14550,53.0,124,0,0
1768228009607897,52931,14550,31.0,2,0,0
1768228009608989,52931,14550,64.0,164,0,0
1768228009610147,52931,14550,24.0,168,0,0
1768228009611711,52931,14550,42.0,136,0,0
1768228009613110,52931,14550,42.0,193,0,0
1768228009614718,52931,14550,48.0,32,0,0
1768228009616055,52931,14550,40.0,241,0,0
1768228009617250,52931,14550,70.0,87,0,0
1768228009618979,52931,14550,61.0,147,0,0
1768228009620399,52931,14550,64.0,11030,0,0
1768228009654214,58419,5760,,0,1,0
1768228009828587,52931,14550,48.0,163,0,0
1768228009830913,52931,14550,44.0,178,0,0
1768228009832566,52931,14550,48.0,30,0,0
1768228009834926,52931,14550,48.0,33,0,0
1768228009836190,52931,14550,39.0,74,0,0
1768228009841005,52931,14550,51.0,1,0,0
1768228009848152,52931,14550,22.0,125,0,0
1768228009853595,52931,14550,27.0,152,0,0
1768228009856517,52931,14550,45.0,62,0,0
1768228009859958,52931,14550,26.0,42,0,0
1768228009866303,52931,14550,32.0,36,0,0
1768228009868365,52931,14550,62.0,65,0,0
1768228009871521,52931,14550,49.0,27,0,0
1768228009874150,52931,14550,44.0,116,0,0
1768228009877065,52931,14550,42.0,129,0,0
1768228009882330,52931,14550,34.0,29,0,0
1768228009883888,52931,14550,34.0,137,0,0
1768228009885382,52931,14550,60.0,24,0,0
1768228009888384,52931,14550,53.0,124,0,0
1768228009890535,52931,14550,31.0,2,0,0
1768228009892214,52931,14550,64.0,164,0,0
1768228009894311,52931,14550,24.0,168,0,0
1768228009896410,5760,58419,,0,1,0
1768228009896520,52931,14550,42.0,136,0,0
1768228009898189,52931,14550,42.0,193,0,0
1768228009900310,52931,14550,48.0,32,0,0
1768228009902595,52931,14550,40.0,241,0,0
1768228009904293,52931,14550,70.0,87,0,0
1768228009906193,52931,14550,61.0,147,0,0
1768228009908531,52931,14550,64.0,11030,0,0
1768228009911641,52931,14550,29.0,0,0,0
1768228009989897,5760,58419,,264,1,0
1768228009991237,52931,14550,47.0,264,0,0
1768228010081267,52931,14550,48.0,163,0,0
1768228010084121,52931,14550,44.0,178,0,0
1768228010086206,52931,14550,48.0,30,0,0
1768228010088447,52931,14550,48.0,33,0,0
1768228010091640,52931,14550,39.0,74,0,0
1768228010095473,52931,14550,51.0,1,0,0
1768228010099958,52931,14550,22.0,125,0,0
1768228010102854,52931,14550,27.0,152,0,0
1768228010104403,52931,14550,45.0,62,0,0
1768228010106948,52931,14550,26.0,42,0,0
1768228010111325,52931,14550,32.0,36,0,0
1768228010113366,52931,14550,62.0,65,0,0
1768228010115166,52931,14550,49.0,27,0,0
1768228010117205,52931,14550,44.0,116,0,0
1768228010119339,52931,14550,42.0,129,0,0
1768228010120857,52931,14550,34.0,29,0,0
1768228010123279,52931,14550,34.0,137,0,0
1768228010124939,52931,14550,60.0,24,0,0
1768228010127485,52931,14550,53.0,124,0,0
1768228010129796,52931,14550,31.0,2,0,0
1768228010132350,52931,14550,64.0,164,0,0
1768228010134748,52931,14550,24.0,168,0,0
1768228010137198,52931,14550,42.0,136,0,0
1768228010139363,52931,14550,42.0,193,0,0
1768228010141584,52931,14550,48.0,32,0,0
1768228010143481,52931,14550,40.0,241,0,0
1768228010145279,52931,14550,70.0,87,0,0
1768228010147385,52931,14550,61.0,147,0,0
1768228010149330,52931,14550,64.0,11030,0,0
1768228010333951,52931,14550,48.0,163,0,0
1768228010336941,52931,14550,44.0,178,0,0
1768228010341462,52931,14550,48.0,30,0,0
1768228010344194,52931,14550,48.0,33,0,0
1768228010348182,52931,14550,39.0,74,0,0
1768228010354746,52931,14550,51.0,1,0,0
1768228010362424,52931,14550,22.0,125,0,0
1768228010365503,52931,14550,27.0,152,0,0
1768228010368536,52931,14550,45.0,62,0,0
1768228010372591,52931,14550,26.0,42,0,0
1768228010377814,52931,14550,32.0,36,0,0
1768228010380480,52931,14550,62.0,65,0,0
1768228010382309,52931,14550,49.0,27,0,0
1768228010385641,52931,14550,44.0,116,0,0
1768228010387887,52931,14550,42.0,129,0,0
1768228010390926,52931,14550,34.0,29,0,0
1768228010393345,52931,14550,34.0,137,0,0
1768228010398521,52931,14550,60.0,24,0,0
1768228010401514,52931,14550,53.0,124,0,0
1768228010403382,52931,14550,31.0,2,0,0
1768228010407336,52931,14550,64.0,164,0,0
1768228010410024,52931,14550,24.0,168,0,0
1768228010413579,52931,14550,42.0,136,0,0
1768228010417674,52931,14550,42.0,193,0,0
1768228010420689,52931,14550,48.0,32,0,0
1768228010422773,52931,14550,40.0,241,0,0
1768228010425731,52931,14550,70.0,87,0,0
1768228010429130,52931,14550,61.0,147,0,0
1768228010431769,52931,14550,64.0,11030,0,0
1768228010497751,5760,58419,,264,1,0
1768228010499045,52931,14550,47.0,264,0,0
1768228010582512,52931,14550,48.0,163,0,0
1768228010585103,52931,14550,44.0,178,0,0
1768228010588247,52931,14550,48.0,30,0,0
1768228010593400,52931,14550,48.0,33,0,0
1768228010595301,52931,14550,39.0,74,0,0
1768228010598671,52931,14550,51.0,1,0,0
1768228010603244,52931,14550,22.0,125,0,0
1768228010607089,52931,14550,27.0,152,0,0
1768228010609158,52931,14550,45.0,62,0,0
1768228010612338,52931,14550,26.0,42,0,0
1768228010615732,52931,14550,32.0,36,0,0
1768228010617498,52931,14550,62.0,65,0,0
1768228010619827,52931,14550,49.0,27,0,0
1768228010621505,52931,14550,44.0,116,0,0
1768228010623208,52931,14550,42.0,129,0,0
1768228010625016,52931,14550,34.0,29,0,0
1768228010627071,52931,14550,34.0,137,0,0
1768228010629483,52931,14550,60.0,24,0,0
1768228010632837,52931,14550,53.0,124,0,0
1768228010635000,52931,14550,31.0,2,0,0
1768228010636859,52931,14550,64.0,164,0,0
1768228010638967,52931,14550,24.0,168,0,0
1768228010642023,52931,14550,42.0,136,0,0
1768228010643889,52931,14550,42.0,193,0,0
1768228010646163,52931,14550,48.0,32,0,0
1768228010648175,52931,14550,40.0,241,0,0
1768228010650584,52931,14550,70.0,87,0,0
1768228010652546,52931,14550,61.0,147,0,0
1768228010655194,52931,14550,64.0,11030,0,0
1768228010657504,58419,5760,,0,1,0
1768228010832525,52931,14550,48.0,163,0,0
1768228010834569,52931,14550,44.0,178,0,0
1768228010836719,52931,14550,48.0,30,0,0
1768228010840514,52931,14550,48.0,33,0,0
1768228010842910,52931,14550,39.0,74,0,0
1768228010846972,52931,14550,51.0,1,0,0
1768228010855337,52931,14550,22.0,125,0,0
1768228010860326,52931,14550,27.0,152,0,0
1768228010862097,52931,14550,45.0,62,0,0
1768228010867668,52931,14550,26.0,42,0,0
1768228010871022,52931,14550,32.0,36,0,0
1768228010874498,52931,14550,62.0,65,0,0
1768228010880784,52931,14550,49.0,27,0,0
1768228010884097,52931,14550,44.0,116,0,0
1768228010887690,52931,14550,42.0,129,0,0
1768228010892535,52931,14550,34.0,29,0,0
1768228010894947,52931,14550,34.0,137,0,0
1768228010897169,52931,14550,60.0,24,0,0
1768228010901776,52931,14550,53.0,124,0,0
1768228010904160,52931,14550,31.0,2,0,0
1768228010906351,52931,14550,64.0,164,0,0
1768228010908256,5760,58419,,0,1,0
1768228010909039,52931,14550,24.0,168,0,0
1768228010911157,52931,14550,42.0,136,0,0
1768228010915233,52931,14550,42.0,193,0,0
1768228010917322,52931,14550,48.0,32,0,0
1768228010920508,52931,14550,40.0,241,0,0
1768228010922303,52931,14550,70.0,87,0,0
1768228010924286,52931,14550,61.0,147,0,0
1768228010927526,52931,14550,64.0,11030,0,0
1768228010931410,52931,14550,29.0,0,0,0
1768228010998340,5760,58419,,264,1,0
1768228010999600,52931,14550,47.0,264,0,0
1768228011085074,52931,14550,48.0,163,0,0
1768228011087803,52931,14550,44.0,178,0,0
1768228011090385,52931,14550,48.0,30,0,0
1768228011093210,52931,14550,48.0,33,0,0
1768228011095589,52931,14550,39.0,74,0,0
1768228011098902,52931,14550,51.0,1,0,0
1768228011102533,52931,14550,22.0,125,0,0
1768228011105271,52931,14550,27.0,152,0,0
1768228011106894,52931,14550,45.0,62,0,0
1768228011110019,52931,14550,26.0,42,0,0
1768228011113750,52931,14550,32.0,36,0,0
1768228011115589,52931,14550,62.0,65,0,0
1768228011117726,52931,14550,49.0,27,0,0
1768228011119338,52931,14550,44.0,116,0,0
1768228011121164,52931,14550,42.0,129,0,0
1768228011122788,52931,14550,34.0,29,0,0
1768228011124716,52931,14550,34.0,137,0,0
1768228011126487,52931,14550,60.0,24,0,0
1768228011129322,52931,14550,53.0,124,0,0
1768228011131253,52931,14550,31.0,2,0,0
1768228011133074,52931,14550,64.0,164,0,0
1768228011134615,52931,14550,24.0,168,0,0
1768228011136499,52931,14550,42.0,136,0,0
1768228011138352,52931,14550,42.0,193,0,0
1768228011140089,52931,14550,48.0,32,0,0
1768228011142064,52931,14550,40.0,241,0,0
1768228011144062,52931,14550,70.0,87,0,0
1768228011146342,52931,14550,61.0,147,0,0
1768228011148577,52931,14550,64.0,11030,0,0
1768228011336650,52931,14550,48.0,163,0,0
1768228011338712,52931,14550,44.0,178,0,0
1768228011341061,52931,14550,48.0,30,0,0
1768228011346768,52931,14550,48.0,33,0,0
1768228011349238,52931,14550,39.0,74,0,0
1768228011352940,52931,14550,51.0,1,0,0
1768228011361341,52931,14550,22.0,125,0,0
1768228011366470,52931,14550,27.0,152,0,0
1768228011368198,52931,14550,45.0,62,0,0
1768228011373147,52931,14550,26.0,42,0,0
1768228011378990,52931,14550,32.0,36,0,0
1768228011382283,52931,14550,62.0,65,0,0
1768228011385480,52931,14550,49.0,27,0,0
1768228011390465,52931,14550,44.0,116,0,0
1768228011393490,52931,14550,42.0,129,0,0
1768228011395836,52931,14550,34.0,29,0,0
1768228011398584,52931,14550,34.0,137,0,0
1768228011403739,52931,14550,60.0,24,0,0
1768228011410641,52931,14550,53.0,124,0,0
1768228011413253,52931,14550,31.0,2,0,0
1768228011415449,52931,14550,64.0,164,0,0
1768228011417315,52931,14550,24.0,168,0,0
1768228011419729,52931,14550,42.0,136,0,0
1768228011421780,52931,14550,42.0,193,0,0
1768228011424161,52931,14550,48.0,32,0,0
1768228011425896,52931,14550,40.0,241,0,0
1768228011427247,52931,14550,70.0,87,0,0
1768228011429579,52931,14550,61.0,147,0,0
1768228011431705,52931,14550,64.0,11030,0,0
1768228011504350,5760,58419,,264,1,0
1768228011505406,52931,14550,47.0,264,0,0
1768228011588447,52931,14550,48.0,163,0,0
1768228011590832,52931,14550,44.0,178,0,0
1768228011593848,52931,14550,48.0,30,0,0
1768228011595820,52931,14550,48.0,33,0,0
1768228011597230,52931,14550,39.0,74,0,0
1768228011599071,52931,14550,51.0,1,0,0
1768228011600744,52931,14550,22.0,125,0,0
1768228011601862,52931,14550,27.0,152,0,0
1768228011602915,52931,14550,45.0,62,0,0
1768228011604512,52931,14550,26.0,42,0,0
1768228011606666,52931,14550,32.0,36,0,0
1768228011607652,52931,14550,62.0,65,0,0
1768228011608727,52931,14550,49.0,27,0,0
1768228011609795,52931,14550,44.0,116,0,0
1768228011610667,52931,14550,42.0,129,0,0
1768228011611505,52931,14550,34.0,29,0,0
1768228011612347,52931,14550,34.0,137,0,0
1768228011613199,52931,14550,60.0,24,0,0
1768228011614527,52931,14550,53.0,124,0,0
1768228011615891,52931,14550,31.0,2,0,0
1768228011617204,52931,14550,64.0,164,0,0
1768228011618749,52931,14550,24.0,168,0,0
1768228011619923,52931,14550,42.0,136,0,0
1768228011620795,52931,14550,42.0,193,0,0
1768228011621878,52931,14550,48.0,32,0,0
1768228011622746,52931,14550,40.0,241,0,0
1768228011624012,52931,14550,70.0,87,0,0
1768228011625427,52931,14550,61.0,147,0,0
1768228011626601,52931,14550,64.0,11030,0,0
1768228011660520,58419,5760,,0,1,0
1768228011839030,52931,14550,48.0,163,0,0
1768228011841449,52931,14550,44.0,178,0,0
1768228011846349,52931,14550,48.0,30,0,0
1768228011848951,52931,14550,48.0,33,0,0
1768228011850777,52931,14550,39.0,74,0,0
1768228011855112,52931,14550,51.0,1,0,0
1768228011863124,52931,14550,22.0,125,0,0
1768228011866483,52931,14550,27.0,152,0,0
1768228011869764,52931,14550,45.0,62,0,0
1768228011875729,52931,14550,26.0,42,0,0
1768228011880110,52931,14550,32.0,36,0,0
1768228011882778,52931,14550,62.0,65,0,0
1768228011885060,52931,14550,49.0,27,0,0
1768228011888795,52931,14550,44.0,116,0,0
1768228011892029,52931,14550,42.0,129,0,0
1768228011894843,52931,14550,34.0,29,0,0
1768228011897699,52931,14550,34.0,137,0,0
1768228011900823,52931,14550,60.0,24,0,0
1768228011903076,52931,14550,53.0,124,0,0
1768228011904972,52931,14550,31.0,2,0,0
1768228011910158,52931,14550,64.0,164,0,0
1768228011913155,5760,58419,,0,1,0
1768228011913315,52931,14550,24.0,168,0,0
1768228011917214,52931,14550,42.0,136,0,0
1768228011920017,52931,14550,42.0,193,0,0
1768228011923029,52931,14550,48.0,32,0,0
1768228011927216,52931,14550,40.0,241,0,0
1768228011929624,52931,14550,70.0,87,0,0
1768228011931457,52931,14550,61.0,147,0,0
1768228011933248,52931,14550,64.0,11030,0,0
1768228011936867,52931,14550,29.0,0,0,0
1768228012005890,5760,58419,,264,1,0
1768228012007049,52931,14550,47.0,264,0,0
1768228012093675,52931,14550,48.0,163,0,0
1768228012095985,52931,14550,44.0,178,0,0
1768228012098290,52931,14550,48.0,30,0,0
1768228012100227,52931,14550,48.0,33,0,0
1768228012101573,52931,14550,39.0,74,0,0
1768228012104239,52931,14550,51.0,1,0,0
1768228012106072,52931,14550,22.0,125,0,0
1768228012107680,52931,14550,27.0,152,0,0
1768228012109163,52931,14550,45.0,62,0,0
1768228012111339,52931,14550,26.0,42,0,0
1768228012113828,52931,14550,32.0,36,0,0
1768228012115117,52931,14550,62.0,65,0,0
1768228012116312,52931,14550,49.0,27,0,0
1768228012117531,52931,14550,44.0,116,0,0
1768228012118658,52931,14550,42.0,129,0,0
1768228012119764,52931,14550,34.0,29,0,0
1768228012120666,52931,14550,34.0,137,0,0
1768228012121664,52931,14550,60.0,24,0,0
1768228012123207,52931,14550,53.0,124,0,0
1768228012124731,52931,14550,31.0,2,0,0
1768228012125894,52931,14550,64.0,164,0,0
1768228012127046,52931,14550,24.0,168,0,0
1768228012128784,52931,14550,42.0,136,0,0
1768228012129797,52931,14550,42.0,193,0,0
1768228012131100,52931,14550,48.0,32,0,0
1768228012132194,52931,14550,40.0,241,0,0
1768228012133122,52931,14550,70.0,87,0,0
1768228012134571,52931,14550,61.0,147,0,0
1768228012136439,52931,14550,64.0,11030,0,0
1768228012343108,52931,14550,48.0,163,0,0
1768228012347041,52931,14550,44.0,178,0,0
1768228012349533,52931,14550,48.0,30,0,0
1768228012354790,52931,14550,48.0,33,0,0
1768228012357517,52931,14550,39.0,74,0,0
1768228012362945,52931,14550,51.0,1,0,0
1768228012369813,52931,14550,22.0,125,0,0
1768228012378346,52931,14550,27.0,152,0,0
1768228012381080,52931,14550,45.0,62,0,0
1768228012385627,52931,14550,26.0,42,0,0
1768228012390388,52931,14550,32.0,36,0,0
1768228012395023,52931,14550,62.0,65,0,0
1768228012396968,52931,14550,49.0,27,0,0
1768228012398540,52931,14550,44.0,116,0,0
1768228012403663,52931,14550,42.0,129,0,0
1768228012405343,52931,14550,34.0,29,0,0
1768228012407154,52931,14550,34.0,137,0,0
1768228012408950,52931,14550,60.0,24,0,0
1768228012417068,52931,14550,53.0,124,0,0
1768228012421273,52931,14550,31.0,2,0,0
1768228012424220,52931,14550,64.0,164,0,0
1768228012427015,52931,14550,24.0,168,0,0
1768228012428907,52931,14550,42.0,136,0,0
1768228012430508,52931,14550,42.0,193,0,0
1768228012432527,52931,14550,48.0,32,0,0
1768228012434108,52931,14550,40.0,241,0,0
1768228012435879,52931,14550,70.0,87,0,0
1768228012437868,52931,14550,61.0,147,0,0
1768228012439546,52931,14550,64.0,11030,0,0
1768228012511091,5760,58419,,264,1,0
1768228012513133,52931,14550,47.0,264,0,0
1768228012596252,52931,14550,48.0,163,0,0
1768228012600683,52931,14550,44.0,178,0,0
1768228012602592,52931,14550,48.0,30,0,0
1768228012604940,52931,14550,48.0,33,0,0
1768228012606587,52931,14550,39.0,74,0,0
1768228012610953,52931,14550,51.0,1,0,0
1768228012615352,52931,14550,22.0,125,0,0
1768228012618587,52931,14550,27.0,152,0,0
1768228012620666,52931,14550,45.0,62,0,0
1768228012623854,52931,14550,26.0,42,0,0
1768228012627036,52931,14550,32.0,36,0,0
1768228012629326,52931,14550,62.0,65,0,0
1768228012631038,52931,14550,49.0,27,0,0
1768228012633224,52931,14550,44.0,116,0,0
1768228012635129,52931,14550,42.0,129,0,0
1768228012636736,52931,14550,34.0,29,0,0
1768228012638190,52931,14550,34.0,137,0,0
1768228012639604,52931,14550,60.0,24,0,0
1768228012642312,52931,14550,53.0,124,0,0
1768228012645409,52931,14550,31.0,2,0,0
1768228012647686,52931,14550,64.0,164,0,0
1768228012649562,52931,14550,24.0,168,0,0
1768228012651433,52931,14550,42.0,136,0,0
1768228012652808,52931,14550,42.0,193,0,0
1768228012654649,52931,14550,48.0,32,0,0
1768228012656041,52931,14550,40.0,241,0,0
1768228012657656,52931,14550,70.0,87,0,0
1768228012660261,52931,14550,61.0,147,0,0
1768228012662942,52931,14550,64.0,11030,0,0
1768228012665633,58419,5760,,0,1,0
1768228012846031,52931,14550,48.0,163,0,0
1768228012848280,52931,14550,44.0,178,0,0
1768228012849924,52931,14550,48.0,30,0,0
1768228012851427,52931,14550,48.0,33,0,0
1768228012853705,52931,14550,39.0,74,0,0
1768228012856738,52931,14550,51.0,1,0,0
1768228012862492,52931,14550,22.0,125,0,0
1768228012864634,52931,14550,27.0,152,0,0
1768228012866737,52931,14550,45.0,62,0,0
1768228012869219,52931,14550,26.0,42,0,0
1768228012870958,52931,14550,32.0,36,0,0
1768228012871982,52931,14550,62.0,65,0,0
1768228012874557,52931,14550,49.0,27,0,0
1768228012877476,52931,14550,44.0,116,0,0
1768228012879072,52931,14550,42.0,129,0,0
1768228012880968,52931,14550,34.0,29,0,0
1768228012882091,52931,14550,34.0,137,0,0
1768228012883106,52931,14550,60.0,24,0,0
1768228012884402,52931,14550,53.0,124,0,0
1768228012885709,52931,14550,31.0,2,0,0
1768228012886863,52931,14550,64.0,164,0,0
1768228012887833,52931,14550,24.0,168,0,0
1768228012888850,52931,14550,42.0,136,0,0
1768228012889693,52931,14550,42.0,193,0,0
1768228012890642,52931,14550,48.0,32,0,0
1768228012891416,52931,14550,40.0,241,0,0
1768228012892321,52931,14550,70.0,87,0,0
1768228012893893,52931,14550,61.0,147,0,0
1768228012895278,52931,14550,64.0,11030,0,0
1768228012915978,5760,58419,,0,1,0
1768228012917152,52931,14550,29.0,0,0,0
1768228012931088,5760,58419,,111,1,0
1768228012932074,52931,14550,33.0,111,0,0
1768228013010971,5760,58419,,264,1,0
1768228013012098,52931,14550,47.0,264,0,0
1768228013098720,52931,14550,48.0,163,0,0
1768228013101025,52931,14550,44.0,178,0,0
1768228013103977,52931,14550,48.0,30,0,0
1768228013107084,52931,14550,48.0,33,0,0
1768228013108950,52931,14550,39.0,74,0,0
1768228013112638,52931,14550,51.0,1,0,0
1768228013116130,52931,14550,22.0,125,0,0
1768228013118044,52931,14550,27.0,152,0,0
1768228013119664,52931,14550,45.0,62,0,0
1768228013122146,52931,14550,26.0,42,0,0
1768228013125048,52931,14550,32.0,36,0,0
1768228013126749,52931,14550,62.0,65,0,0
1768228013128417,52931,14550,49.0,27,0,0
1768228013129895,52931,14550,44.0,116,0,0
1768228013131814,52931,14550,42.0,129,0,0
1768228013133595,52931,14550,34.0,29,0,0
1768228013135549,52931,14550,34.0,137,0,0
1768228013137321,52931,14550,60.0,24,0,0
1768228013139980,52931,14550,53.0,124,0,0
1768228013142493,52931,14550,31.0,2,0,0
1768228013143917,52931,14550,64.0,164,0,0
1768228013145684,52931,14550,24.0,168,0,0
1768228013147579,52931,14550,42.0,136,0,0
1768228013149423,52931,14550,42.0,193,0,0
1768228013151473,52931,14550,48.0,32,0,0
1768228013153372,52931,14550,40.0,241,0,0
1768228013155585,52931,14550,70.0,87,0,0
1768228013158482,52931,14550,61.0,147,0,0
1768228013161599,52931,14550,64.0,11030,0,0
1768228013351660,52931,14550,48.0,163,0,0
1768228013353705,52931,14550,44.0,178,0,0
1768228013355532,52931,14550,48.0,30,0,0
1768228013359164,52931,14550,48.0,33,0,0
1768228013360995,52931,14550,39.0,74,0,0
1768228013366614,52931,14550,51.0,1,0,0
1768228013373497,52931,14550,22.0,125,0,0
1768228013378684,52931,14550,27.0,152,0,0
1768228013380308,52931,14550,45.0,62,0,0
1768228013386344,52931,14550,26.0,42,0,0
1768228013389179,52931,14550,32.0,36,0,0
1768228013391214,52931,14550,62.0,65,0,0
1768228013393300,52931,14550,49.0,27,0,0
1768228013394958,52931,14550,44.0,116,0,0
1768228013399042,52931,14550,42.0,129,0,0
1768228013402439,52931,14550,34.0,29,0,0
1768228013404617,52931,14550,34.0,137,0,0
1768228013407292,52931,14550,60.0,24,0,0
1768228013412913,52931,14550,53.0,124,0,0
1768228013421952,52931,14550,31.0,2,0,0
1768228013424373,52931,14550,64.0,164,0,0
1768228013427165,52931,14550,24.0,168,0,0
1768228013430611,52931,14550,42.0,136,0,0
1768228013432862,52931,14550,42.0,193,0,0
1768228013435415,52931,14550,48.0,32,0,0
1768228013440825,52931,14550,40.0,241,0,0
1768228013444460,52931,14550,70.0,87,0,0
1768228013447555,52931,14550,61.0,147,0,0
1768228013449610,52931,14550,64.0,11030,0,0
1768228013514147,5760,58419,,264,1,0
1768228013515445,52931,14550,47.0,264,0,0
1768228013603665,52931,14550,48.0,163,0,0
1768228013606432,52931,14550,44.0,178,0,0
1768228013608702,52931,14550,48.0,30,0,0
1768228013612228,52931,14550,48.0,33,0,0
1768228013618272,52931,14550,39.0,74,0,0
1768228013623653,52931,14550,51.0,1,0,0
1768228013628713,52931,14550,22.0,125,0,0
1768228013632498,52931,14550,27.0,152,0,0
1768228013634505,52931,14550,45.0,62,0,0
1768228013637954,52931,14550,26.0,42,0,0
1768228013642948,52931,14550,32.0,36,0,0
1768228013645737,52931,14550,62.0,65,0,0
1768228013648656,52931,14550,49.0,27,0,0
1768228013651344,52931,14550,44.0,116,0,0
1768228013653573,52931,14550,42.0,129,0,0
1768228013655439,52931,14550,34.0,29,0,0
1768228013658032,52931,14550,34.0,137,0,0
1768228013660031,52931,14550,60.0,24,0,0
1768228013663091,52931,14550,53.0,124,0,0
1768228013666510,52931,14550,31.0,2,0,0
1768228013668221,52931,14550,64.0,164,0,0
1768228013669818,52931,14550,24.0,168,0,0
1768228013671694,52931,14550,42.0,136,0,0
1768228013673319,52931,14550,42.0,193,0,0
1768228013675992,52931,14550,48.0,32,0,0
1768228013678153,52931,14550,40.0,241,0,0
1768228013680419,52931,14550,70.0,87,0,0
1768228013682739,52931,14550,61.0,147,0,0
1768228013684802,52931,14550,64.0,11030,0,0
1768228013687217,58419,5760,,0,1,0
1768228013852085,52931,14550,48.0,163,0,0
1768228013854541,52931,14550,44.0,178,0,0
1768228013856697,52931,14550,48.0,30,0,0
1768228013860642,52931,14550,48.0,33,0,0
1768228013863140,52931,14550,39.0,74,0,0
1768228013872574,52931,14550,51.0,1,0,0
1768228013881310,52931,14550,22.0,125,0,0
1768228013884150,52931,14550,27.0,152,0,0
1768228013885903,52931,14550,45.0,62,0,0
1768228013889135,52931,14550,26.0,42,0,0
1768228013892122,52931,14550,32.0,36,0,0
1768228013896739,52931,14550,62.0,65,0,0
1768228013898757,52931,14550,49.0,27,0,0
1768228013903843,52931,14550,44.0,116,0,0
1768228013906920,52931,14550,42.0,129,0,0
1768228013911082,52931,14550,34.0,29,0,0
1768228013912986,52931,14550,34.0,137,0,0
1768228013915193,52931,14550,60.0,24,0,0
1768228013920331,52931,14550,53.0,124,0,0
1768228013922768,5760,58419,,0,1,0
1768228013924301,52931,14550,31.0,2,0,0
1768228013929457,52931,14550,64.0,164,0,0
1768228013933096,52931,14550,24.0,168,0,0
1768228013935610,52931,14550,42.0,136,0,0
1768228013937424,52931,14550,42.0,193,0,0
1768228013940131,52931,14550,48.0,32,0,0
1768228013941990,52931,14550,40.0,241,0,0
1768228013943935,52931,14550,70.0,87,0,0
1768228013947166,52931,14550,61.0,147,0,0
1768228013949322,52931,14550,64.0,11030,0,0
1768228013953060,52931,14550,29.0,0,0,0
1768228014018192,5760,58419,,264,1,0
1768228014019800,52931,14550,47.0,264,0,0
1768228014105592,52931,14550,48.0,163,0,0
1768228014109690,52931,14550,44.0,178,0,0
1768228014112494,52931,14550,48.0,30,0,0
1768228014115319,52931,14550,48.0,33,0,0
1768228014117640,52931,14550,39.0,74,0,0
1768228014121905,52931,14550,51.0,1,0,0
1768228014126315,52931,14550,22.0,125,0,0
1768228014129170,52931,14550,27.0,152,0,0
1768228014130776,52931,14550,45.0,62,0,0
1768228014133469,52931,14550,26.0,42,0,0
1768228014137438,52931,14550,32.0,36,0,0
1768228014139056,52931,14550,62.0,65,0,0
1768228014140680,52931,14550,49.0,27,0,0
1768228014143119,52931,14550,44.0,116,0,0
1768228014145297,52931,14550,42.0,129,0,0
1768228014147022,52931,14550,34.0,29,0,0
1768228014148621,52931,14550,34.0,137,0,0
1768228014150841,52931,14550,60.0,24,0,0
1768228014153696,52931,14550,53.0,124,0,0
1768228014156697,52931,14550,31.0,2,0,0
1768228014159134,52931,14550,64.0,164,0,0
1768228014160781,52931,14550,24.0,168,0,0
1768228014163533,52931,14550,42.0,136,0,0
1768228014165521,52931,14550,42.0,193,0,0
1768228014167986,52931,14550,48.0,32,0,0
1768228014169823,52931,14550,40.0,241,0,0
1768228014171988,52931,14550,70.0,87,0,0
1768228014174114,52931,14550,61.0,147,0,0
1768228014177270,52931,14550,64.0,11030,0,0
1768228014355652,52931,14550,48.0,163,0,0
1768228014359172,52931,14550,44.0,178,0,0
1768228014361245,52931,14550,48.0,30,0,0
1768228014364377,52931,14550,48.0,33,0,0
1768228014371428,52931,14550,39.0,74,0,0
1768228014376559,52931,14550,51.0,1,0,0
1768228014383191,52931,14550,22.0,125,0,0
1768228014387790,52931,14550,27.0,152,0,0
1768228014390889,52931,14550,45.0,62,0,0
1768228014394355,52931,14550,26.0,42,0,0
1768228014398291,52931,14550,32.0,36,0,0
1768228014400128,52931,14550,62.0,65,0,0
1768228014404060,52931,14550,49.0,27,0,0
1768228014406804,52931,14550,44.0,116,0,0
1768228014410752,52931,14550,42.0,129,0,0
1768228014415897,52931,14550,34.0,29,0,0
1768228014418883,52931,14550,34.0,137,0,0
1768228014423170,52931,14550,60.0,24,0,0
1768228014427124,52931,14550,53.0,124,0,0
1768228014431090,52931,14550,31.0,2,0,0
1768228014433744,52931,14550,64.0,164,0,0
1768228014435965,52931,14550,24.0,168,0,0
1768228014440540,52931,14550,42.0,136,0,0
1768228014445277,52931,14550,42.0,193,0,0
1768228014447647,52931,14550,48.0,32,0,0
1768228014450878,52931,14550,40.0,241,0,0
1768228014455302,52931,14550,70.0,87,0,0
1768228014457919,52931,14550,61.0,147,0,0
1768228014461696,52931,14550,64.0,11030,0,0
1768228014521067,5760,58419,,264,1,0
1768228014522425,52931,14550,47.0,264,0,0
1768228014607264,52931,14550,48.0,163,0,0
1768228014609732,52931,14550,44.0,178,0,0
1768228014611331,52931,14550,48.0,30,0,0
1768228014617173,52931,14550,48.0,33,0,0
1768228014619889,52931,14550,39.0,74,0,0
1768228014626351,52931,14550,51.0,1,0,0
1768228014631225,52931,14550,22.0,125,0,0
1768228014634317,52931,14550,27.0,152,0,0
1768228014636482,52931,14550,45.0,62,0,0
1768228014639599,52931,14550,26.0,42,0,0
1768228014643891,52931,14550,32.0,36,0,0
1768228014646755,52931,14550,62.0,65,0,0
1768228014648499,52931,14550,49.0,27,0,0
1768228014650581,52931,14550,44.0,116,0,0
1768228014652705,52931,14550,42.0,129,0,0
1768228014654565,52931,14550,34.0,29,0,0
1768228014657485,52931,14550,34.0,137,0,0
1768228014659655,52931,14550,60.0,24,0,0
1768228014662279,52931,14550,53.0,124,0,0
1768228014665469,52931,14550,31.0,2,0,0
1768228014667019,52931,14550,64.0,164,0,0
1768228014668365,52931,14550,24.0,168,0,0
1768228014670671,52931,14550,42.0,136,0,0
1768228014672964,52931,14550,42.0,193,0,0
1768228014675950,52931,14550,48.0,32,0,0
1768228014678462,52931,14550,40.0,241,0,0
1768228014680752,52931,14550,70.0,87,0,0
1768228014683522,52931,14550,61.0,147,0,0
1768228014686248,52931,14550,64.0,11030,0,0
1768228014687887,58419,5760,,0,1,0
1768228014860570,52931,14550,48.0,163,0,0
1768228014864357,52931,14550,44.0,178,0,0
1768228014866503,52931,14550,48.0,30,0,0
1768228014869596,52931,14550,48.0,33,0,0
1768228014879842,52931,14550,39.0,74,0,0
1768228014886647,52931,14550,51.0,1,0,0
1768228014896371,52931,14550,22.0,125,0,0
1768228014901474,52931,14550,27.0,152,0,0
1768228014904139,52931,14550,45.0,62,0,0
1768228014910874,52931,14550,26.0,42,0,0
1768228014915814,52931,14550,32.0,36,0,0
1768228014918363,52931,14550,62.0,65,0,0
1768228014921031,52931,14550,49.0,27,0,0
1768228014922882,52931,14550,44.0,116,0,0
1768228014925928,52931,14550,42.0,129,0,0
1768228014927946,52931,14550,34.0,29,0,0
1768228014929971,52931,14550,34.0,137,0,0
1768228014932172,52931,14550,60.0,24,0,0
1768228014934674,5760,58419,,0,1,0
1768228014934726,52931,14550,53.0,124,0,0
1768228014937303,52931,14550,31.0,2,0,0
1768228014939517,52931,14550,64.0,164,0,0
1768228014941338,52931,14550,24.0,168,0,0
1768228014943254,52931,14550,42.0,136,0,0
1768228014945360,52931,14550,42.0,193,0,0
1768228014947307,52931,14550,48.0,32,0,0
1768228014948880,52931,14550,40.0,241,0,0
1768228014950493,52931,14550,70.0,87,0,0
1768228014952837,52931,14550,61.0,147,0,0
1768228014955260,52931,14550,64.0,11030,0,0
1768228014959595,52931,14550,29.0,0,0,0
1768228015028299,5760,58419,,264,1,0
1768228015029532,52931,14550,47.0,264,0,0
1768228015112726,52931,14550,48.0,163,0,0
1768228015115414,52931,14550,44.0,178,0,0
1768228015117306,52931,14550,48.0,30,0,0
1768228015122323,52931,14550,48.0,33,0,0
1768228015124310,52931,14550,39.0,74,0,0
1768228015127601,52931,14550,51.0,1,0,0
1768228015132312,52931,14550,22.0,125,0,0
1768228015135002,52931,14550,27.0,152,0,0
1768228015136945,52931,14550,45.0,62,0,0
1768228015140156,52931,14550,26.0,42,0,0
1768228015144430,52931,14550,32.0,36,0,0
1768228015146120,52931,14550,62.0,65,0,0
1768228015147734,52931,14550,49.0,27,0,0
1768228015149319,52931,14550,44.0,116,0,0
1768228015150958,52931,14550,42.0,129,0,0
1768228015152900,52931,14550,34.0,29,0,0
1768228015155738,52931,14550,34.0,137,0,0
1768228015157898,52931,14550,60.0,24,0,0
1768228015160457,52931,14550,53.0,124,0,0
1768228015162837,52931,14550,31.0,2,0,0
1768228015164723,52931,14550,64.0,164,0,0
1768228015167131,52931,14550,24.0,168,0,0
1768228015169129,52931,14550,42.0,136,0,0
1768228015171269,52931,14550,42.0,193,0,0
1768228015173593,52931,14550,48.0,32,0,0
1768228015175669,52931,14550,40.0,241,0,0
1768228015177832,52931,14550,70.0,87,0,0
1768228015180772,52931,14550,61.0,147,0,0
1768228015183655,52931,14550,64.0,11030,0,0
1768228015361578,52931,14550,48.0,163,0,0
1768228015365012,52931,14550,44.0,178,0,0
1768228015367458,52931,14550,48.0,30,0,0
1768228015369678,52931,14550,48.0,33,0,0
1768228015372110,52931,14550,39.0,74,0,0
1768228015375428,52931,14550,51.0,1,0,0
1768228015382177,52931,14550,22.0,125,0,0
1768228015386528,52931,14550,27.0,152,0,0
1768228015388475,52931,14550,45.0,62,0,0
1768228015392436,52931,14550,26.0,42,0,0
1768228015396597,52931,14550,32.0,36,0,0
1768228015398478,52931,14550,62.0,65,0,0
1768228015404063,52931,14550,49.0,27,0,0
1768228015409850,52931,14550,44.0,116,0,0
1768228015412907,52931,14550,42.0,129,0,0
1768228015416473,52931,14550,34.0,29,0,0
1768228015419173,52931,14550,34.0,137,0,0
1768228015423545,52931,14550,60.0,24,0,0
1768228015426268,52931,14550,53.0,124,0,0
1768228015431966,52931,14550,31.0,2,0,0
1768228015435493,52931,14550,64.0,164,0,0
1768228015440198,52931,14550,24.0,168,0,0
1768228015443282,52931,14550,42.0,136,0,0
1768228015447799,52931,14550,42.0,193,0,0
1768228015452140,52931,14550,48.0,32,0,0
1768228015454667,52931,14550,40.0,241,0,0
1768228015456098,52931,14550,70.0,87,0,0
1768228015458742,52931,14550,61.0,147,0,0
1768228015461043,52931,14550,64.0,11030,0,0
1768228015527802,5760,58419,,264,1,0
1768228015529327,52931,14550,47.0,264,0,0
1768228015613439,52931,14550,48.0,163,0,0
1768228015617922,52931,14550,44.0,178,0,0
1768228015620742,52931,14550,48.0,30,0,0
1768228015625478,52931,14550,48.0,33,0,0
1768228015629060,52931,14550,39.0,74,0,0
1768228015633778,52931,14550,51.0,1,0,0
1768228015640091,52931,14550,22.0,125,0,0
1768228015643278,52931,14550,27.0,152,0,0
1768228015645994,52931,14550,43.0,62,0,0
1768228015651121,52931,14550,26.0,42,0,0
1768228015655957,52931,14550,32.0,36,0,0
1768228015658885,52931,14550,62.0,65,0,0
1768228015661528,52931,14550,49.0,27,0,0
1768228015664137,52931,14550,44.0,116,0,0
1768228015666308,52931,14550,42.0,129,0,0
1768228015668426,52931,14550,34.0,29,0,0
1768228015669992,52931,14550,34.0,137,0,0
1768228015672449,52931,14550,60.0,24,0,0
1768228015676111,52931,14550,53.0,124,0,0
1768228015679162,52931,14550,31.0,2,0,0
1768228015681068,52931,14550,64.0,164,0,0
1768228015683128,52931,14550,24.0,168,0,0
1768228015685284,52931,14550,42.0,136,0,0
1768228015686794,52931,14550,42.0,193,0,0
1768228015689167,52931,14550,48.0,32,0,0
1768228015691007,52931,14550,40.0,241,0,0
1768228015693235,52931,14550,70.0,87,0,0
1768228015695849,52931,14550,61.0,147,0,0
1768228015697628,52931,14550,64.0,11030,0,0
1768228015699151,58419,5760,,0,1,0
1768228015743143,52931,14550,21.0,46,0,0
1768228015746094,52931,14550,39.0,253,0,0
1768228015748252,52931,14550,34.0,253,0,0
1768228015865743,52931,14550,48.0,163,0,0
1768228015868834,52931,14550,44.0,178,0,0
1768228015871673,52931,14550,48.0,30,0,0
1768228015876158,52931,14550,48.0,33,0,0
1768228015878742,52931,14550,39.0,74,0,0
1768228015885735,52931,14550,51.0,1,0,0
1768228015889860,52931,14550,22.0,125,0,0
1768228015892387,52931,14550,27.0,152,0,0
1768228015893884,52931,14550,45.0,62,0,0
1768228015896572,52931,14550,26.0,42,0,0
1768228015900275,52931,14550,32.0,36,0,0
1768228015902807,52931,14550,62.0,65,0,0
1768228015905266,52931,14550,49.0,27,0,0
1768228015907549,52931,14550,44.0,116,0,0
1768228015909806,52931,14550,42.0,129,0,0
1768228015911486,52931,14550,34.0,29,0,0
1768228015913942,52931,14550,34.0,137,0,0
1768228015916532,52931,14550,60.0,24,0,0
1768228015918662,52931,14550,53.0,124,0,0
1768228015920952,52931,14550,31.0,2,0,0
1768228015923144,52931,14550,64.0,164,0,0
1768228015925035,52931,14550,24.0,168,0,0
1768228015927317,52931,14550,42.0,136,0,0
1768228015929758,52931,14550,42.0,193,0,0
1768228015932408,52931,14550,48.0,32,0,0
1768228015933979,52931,14550,40.0,241,0,0
1768228015936235,52931,14550,70.0,87,0,0
1768228015938742,52931,14550,61.0,147,0,0
1768228015941211,52931,14550,64.0,11030,0,0
1768228015942406,5760,58419,,0,1,0
1768228015945426,52931,14550,29.0,0,0,0
1768228016035012,5760,58419,,264,1,0
1768228016037877,52931,14550,47.0,264,0,0
1768228016119743,52931,14550,48.0,163,0,0
1768228016122421,52931,14550,44.0,178,0,0
1768228016124071,52931,14550,48.0,30,0,0
1768228016129255,52931,14550,48.0,33,0,0
1768228016131923,52931,14550,39.0,74,0,0
1768228016136459,52931,14550,51.0,1,0,0
1768228016139765,52931,14550,22.0,125,0,0
1768228016141789,52931,14550,27.0,152,0,0
1768228016143470,52931,14550,45.0,62,0,0
1768228016146599,52931,14550,26.0,42,0,0
1768228016150358,52931,14550,32.0,36,0,0
1768228016152266,52931,14550,62.0,65,0,0
1768228016153774,52931,14550,49.0,27,0,0
1768228016155465,52931,14550,44.0,116,0,0
1768228016157120,52931,14550,42.0,129,0,0
1768228016159136,52931,14550,34.0,29,0,0
1768228016161477,52931,14550,34.0,137,0,0
1768228016163640,52931,14550,60.0,24,0,0
1768228016165628,52931,14550,53.0,124,0,0
1768228016167483,52931,14550,31.0,2,0,0
1768228016169798,52931,14550,64.0,164,0,0
1768228016171646,52931,14550,24.0,168,0,0
1768228016174053,52931,14550,42.0,136,0,0
1768228016175955,52931,14550,42.0,193,0,0
1768228016178035,52931,14550,48.0,32,0,0
1768228016180231,52931,14550,40.0,241,0,0
1768228016182157,52931,14550,70.0,87,0,0
1768228016183990,52931,14550,61.0,147,0,0
1768228016186082,52931,14550,64.0,11030,0,0
1768228016370280,52931,14550,48.0,163,0,0
1768228016372479,52931,14550,44.0,178,0,0
1768228016376293,52931,14550,48.0,30,0,0
1768228016382980,52931,14550,48.0,33,0,0
1768228016385399,52931,14550,39.0,74,0,0
1768228016391244,52931,14550,51.0,1,0,0
1768228016397625,52931,14550,22.0,125,0,0
1768228016400960,52931,14550,27.0,152,0,0
1768228016405111,52931,14550,45.0,62,0,0
1768228016409502,52931,14550,26.0,42,0,0
1768228016413561,52931,14550,32.0,36,0,0
1768228016418637,52931,14550,62.0,65,0,0
1768228016420955,52931,14550,49.0,27,0,0
1768228016423136,52931,14550,44.0,116,0,0
1768228016427985,52931,14550,42.0,129,0,0
1768228016430483,52931,14550,34.0,29,0,0
1768228016433742,52931,14550,34.0,137,0,0
1768228016436114,52931,14550,60.0,24,0,0
1768228016440599,52931,14550,53.0,124,0,0
1768228016443480,52931,14550,31.0,2,0,0
1768228016447807,52931,14550,64.0,164,0,0
1768228016451179,52931,14550,24.0,168,0,0
1768228016454078,52931,14550,42.0,136,0,0
1768228016455997,52931,14550,42.0,193,0,0
1768228016458084,52931,14550,48.0,32,0,0
1768228016460698,52931,14550,40.0,241,0,0
1768228016464415,52931,14550,70.0,87,0,0
1768228016467138,52931,14550,61.0,147,0,0
1768228016471907,52931,14550,64.0,11030,0,0
1768228016535701,5760,58419,,264,1,0
1768228016536985,52931,14550,47.0,264,0,0
1768228016623668,52931,14550,48.0,163,0,0
1768228016627297,52931,14550,44.0,178,0,0
1768228016630614,52931,14550,48.0,30,0,0
1768228016641777,52931,14550,48.0,33,0,0
1768228016645509,52931,14550,39.0,74,0,0
1768228016648454,52931,14550,51.0,1,0,0
1768228016652878,52931,14550,22.0,125,0,0
1768228016655319,52931,14550,27.0,152,0,0
1768228016658963,52931,14550,45.0,62,0,0
1768228016661858,52931,14550,26.0,42,0,0
1768228016665795,52931,14550,32.0,36,0,0
1768228016668187,52931,14550,62.0,65,0,0
1768228016670583,52931,14550,49.0,27,0,0
1768228016672472,52931,14550,44.0,116,0,0
1768228016675471,52931,14550,42.0,129,0,0
1768228016677092,52931,14550,34.0,29,0,0
1768228016679535,52931,14550,34.0,137,0,0
1768228016681513,52931,14550,60.0,24,0,0
1768228016683751,52931,14550,53.0,124,0,0
1768228016686449,52931,14550,31.0,2,0,0
1768228016687787,52931,14550,64.0,164,0,0
1768228016689538,52931,14550,24.0,168,0,0
1768228016692000,52931,14550,42.0,136,0,0
1768228016693475,52931,14550,42.0,193,0,0
1768228016695690,52931,14550,48.0,32,0,0
1768228016698443,52931,14550,40.0,241,0,0
1768228016700854,52931,14550,70.0,87,0,0
1768228016703398,52931,14550,61.0,147,0,0
1768228016705787,52931,14550,64.0,11030,0,0
1768228016707791,58419,5760,,0,1,0
1768228016876677,52931,14550,48.0,163,0,0
1768228016878822,52931,14550,44.0,178,0,0
1768228016880093,52931,14550,48.0,30,0,0
1768228016883300,52931,14550,48.0,33,0,0
1768228016886228,52931,14550,39.0,74,0,0
1768228016893145,52931,14550,51.0,1,0,0
1768228016898452,52931,14550,22.0,125,0,0
1768228016902590,52931,14550,27.0,152,0,0
1768228016905641,52931,14550,45.0,62,0,0
1768228016908976,52931,14550,26.0,42,0,0
1768228016912034,52931,14550,32.0,36,0,0
1768228016914464,52931,14550,62.0,65,0,0
1768228016915885,52931,14550,49.0,27,0,0
1768228016917239,52931,14550,44.0,116,0,0
1768228016918840,52931,14550,42.0,129,0,0
1768228016920046,52931,14550,34.0,29,0,0
1768228016925053,52931,14550,34.0,137,0,0
1768228016927223,52931,14550,60.0,24,0,0
1768228016929624,52931,14550,53.0,124,0,0
1768228016931924,52931,14550,31.0,2,0,0
1768228016933687,52931,14550,64.0,164,0,0
1768228016934903,52931,14550,24.0,168,0,0
1768228016937228,52931,14550,42.0,136,0,0
1768228016938878,52931,14550,42.0,193,0,0
1768228016941033,52931,14550,48.0,32,0,0
1768228016942969,52931,14550,40.0,241,0,0
1768228016946675,52931,14550,70.0,87,0,0
1768228016947321,5760,58419,,0,1,0
1768228016949810,52931,14550,61.0,147,0,0
1768228016952310,52931,14550,64.0,11030,0,0
1768228016955268,52931,14550,29.0,0,0,0
1768228017036800,5760,58419,,264,1,0
1768228017037863,52931,14550,47.0,264,0,0
1768228017124079,52931,14550,48.0,163,0,0
1768228017125802,52931,14550,44.0,178,0,0
1768228017129320,52931,14550,48.0,30,0,0
1768228017131002,52931,14550,48.0,33,0,0
1768228017132827,52931,14550,39.0,74,0,0
1768228017135697,52931,14550,51.0,1,0,0
1768228017138214,52931,14550,22.0,125,0,0
1768228017139864,52931,14550,27.0,152,0,0
1768228017142082,52931,14550,45.0,62,0,0
1768228017145484,52931,14550,26.0,42,0,0
1768228017147841,52931,14550,32.0,36,0,0
1768228017149562,52931,14550,62.0,65,0,0
1768228017150935,52931,14550,49.0,27,0,0
1768228017152321,52931,14550,44.0,116,0,0
1768228017154130,52931,14550,42.0,129,0,0
1768228017155588,52931,14550,34.0,29,0,0
1768228017157074,52931,14550,34.0,137,0,0
1768228017158907,52931,14550,60.0,24,0,0
1768228017161194,52931,14550,53.0,124,0,0
1768228017162875,52931,14550,31.0,2,0,0
1768228017164309,52931,14550,64.0,164,0,0
1768228017165737,52931,14550,24.0,168,0,0
1768228017167478,52931,14550,42.0,136,0,0
1768228017169155,52931,14550,42.0,193,0,0
1768228017171360,52931,14550,48.0,32,0,0
1768228017173501,52931,14550,40.0,241,0,0
1768228017174965,52931,14550,70.0,87,0,0
1768228017176657,52931,14550,61.0,147,0,0
1768228017178706,52931,14550,64.0,11030,0,0
1768228017282951,58419,5760,,66,1,0
1768228017377329,52931,14550,48.0,163,0,0
1768228017379709,52931,14550,44.0,178,0,0
1768228017380992,52931,14550,48.0,30,0,0
1768228017383254,52931,14550,48.0,33,0,0
1768228017384643,52931,14550,39.0,74,0,0
1768228017392837,52931,14550,51.0,1,0,0
1768228017397523,52931,14550,22.0,125,0,0
1768228017400426,52931,14550,27.0,152,0,0
1768228017402738,52931,14550,45.0,62,0,0
1768228017407499,52931,14550,26.0,42,0,0
1768228017413002,52931,14550,32.0,36,0,0
1768228017416463,52931,14550,62.0,65,0,0
1768228017420291,52931,14550,49.0,27,0,0
1768228017424167,52931,14550,44.0,116,0,0
1768228017427028,52931,14550,42.0,129,0,0
1768228017430053,52931,14550,34.0,29,0,0
1768228017431720,52931,14550,34.0,137,0,0
1768228017433215,52931,14550,60.0,24,0,0
1768228017437813,52931,14550,53.0,124,0,0
1768228017442379,52931,14550,31.0,2,0,0
1768228017444873,52931,14550,64.0,164,0,0
1768228017446633,52931,14550,24.0,168,0,0
1768228017448575,52931,14550,42.0,136,0,0
1768228017449802,52931,14550,42.0,193,0,0
1768228017452142,52931,14550,48.0,32,0,0
1768228017453781,52931,14550,40.0,241,0,0
1768228017455487,52931,14550,70.0,87,0,0
1768228017458549,52931,14550,61.0,147,0,0
1768228017461519,52931,14550,64.0,11030,0,0
1768228017544387,5760,58419,,264,1,0
1768228017545765,52931,14550,47.0,264,0,0
1768228017628403,52931,14550,48.0,163,0,0
1768228017631442,52931,14550,44.0,178,0,0
1768228017632810,52931,14550,48.0,30,0,0
1768228017634869,52931,14550,48.0,33,0,0
1768228017636462,52931,14550,39.0,74,0,0
1768228017639670,52931,14550,51.0,1,0,0
1768228017643384,52931,14550,22.0,125,0,0
1768228017645077,52931,14550,27.0,152,0,0
1768228017646976,52931,14550,45.0,62,0,0
1768228017649069,52931,14550,26.0,42,0,0
1768228017652228,52931,14550,32.0,36,0,0
1768228017654519,52931,14550,62.0,65,0,0
1768228017656556,52931,14550,49.0,27,0,0
1768228017657967,52931,14550,44.0,116,0,0
1768228017659640,52931,14550,42.0,129,0,0
1768228017661668,52931,14550,34.0,29,0,0
1768228017662991,52931,14550,34.0,137,0,0
1768228017664931,52931,14550,60.0,24,0,0
1768228017667222,52931,14550,53.0,124,0,0
1768228017669181,52931,14550,31.0,2,0,0
1768228017670480,52931,14550,64.0,164,0,0
1768228017671918,52931,14550,24.0,168,0,0
1768228017673926,52931,14550,42.0,136,0,0
1768228017675302,52931,14550,42.0,193,0,0
1768228017677364,52931,14550,48.0,32,0,0
1768228017678884,52931,14550,40.0,241,0,0
1768228017680523,52931,14550,70.0,87,0,0
1768228017682392,52931,14550,61.0,147,0,0
1768228017684379,52931,14550,64.0,11030,0,0
1768228017708393,58419,5760,,0,1,0
1768228017879964,52931,14550,48.0,163,0,0
1768228017881818,52931,14550,44.0,178,0,0
1768228017884438,52931,14550,48.0,30,0,0
1768228017887554,52931,14550,48.0,33,0,0
1768228017890626,52931,14550,39.0,74,0,0
1768228017893923,52931,14550,51.0,1,0,0
1768228017901092,52931,14550,22.0,125,0,0
1768228017904627,52931,14550,27.0,152,0,0
1768228017907203,52931,14550,45.0,62,0,0
1768228017912021,52931,14550,26.0,42,0,0
1768228017914842,52931,14550,32.0,36,0,0
1768228017917110,52931,14550,62.0,65,0,0
1768228017918971,52931,14550,49.0,27,0,0
1768228017923444,52931,14550,44.0,116,0,0
1768228017925446,52931,14550,42.0,129,0,0
1768228017927061,52931,14550,34.0,29,0,0
1768228017928261,52931,14550,34.0,137,0,0
1768228017930715,52931,14550,60.0,24,0,0
1768228017933084,52931,14550,53.0,124,0,0
1768228017936498,52931,14550,31.0,2,0,0
1768228017938809,52931,14550,64.0,164,0,0
1768228017940423,52931,14550,24.0,168,0,0
1768228017943407,52931,14550,42.0,136,0,0
1768228017946269,52931,14550,42.0,193,0,0
1768228017949302,52931,14550,48.0,32,0,0
1768228017950060,5760,58419,,0,1,0
1768228017951964,52931,14550,40.0,241,0,0
1768228017953596,52931,14550,70.0,87,0,0
1768228017958204,52931,14550,61.0,147,0,0
1768228017960123,52931,14550,64.0,11030,0,0
1768228017965509,52931,14550,29.0,0,0,0
1768228018043697,5760,58419,,264,1,0
1768228018045130,52931,14550,47.0,264,0,0
1768228018129850,52931,14550,48.0,163,0,0
1768228018131936,52931,14550,44.0,178,0,0
1768228018133961,52931,14550,48.0,30,0,0
1768228018138165,52931,14550,48.0,33,0,0
1768228018140805,52931,14550,39.0,74,0,0
1768228018143929,52931,14550,51.0,1,0,0
1768228018146241,52931,14550,22.0,125,0,0
1768228018148090,52931,14550,27.0,152,0,0
1768228018149448,52931,14550,45.0,62,0,0
1768228018151553,52931,14550,26.0,42,0,0
1768228018154130,52931,14550,32.0,36,0,0
1768228018155386,52931,14550,62.0,65,0,0
1768228018156956,52931,14550,49.0,27,0,0
1768228018158680,52931,14550,44.0,116,0,0
1768228018160456,52931,14550,42.0,129,0,0
1768228018161911,52931,14550,34.0,29,0,0
1768228018163585,52931,14550,34.0,137,0,0
1768228018165233,52931,14550,60.0,24,0,0
1768228018167135,52931,14550,53.0,124,0,0
1768228018168747,52931,14550,31.0,2,0,0
1768228018170559,52931,14550,64.0,164,0,0
1768228018172137,52931,14550,24.0,168,0,0
1768228018173564,52931,14550,42.0,136,0,0
1768228018175604,52931,14550,42.0,193,0,0
1768228018177182,52931,14550,48.0,32,0,0
1768228018178742,52931,14550,40.0,241,0,0
1768228018179970,52931,14550,70.0,87,0,0
1768228018181711,52931,14550,61.0,147,0,0
1768228018183750,52931,14550,64.0,11030,0,0
1768228018383703,52931,14550,48.0,163,0,0
1768228018386838,52931,14550,44.0,178,0,0
1768228018388649,52931,14550,48.0,30,0,0
1768228018392554,52931,14550,48.0,33,0,0
1768228018396188,52931,14550,39.0,74,0,0
1768228018400043,52931,14550,51.0,1,0,0
1768228018405251,52931,14550,22.0,125,0,0
1768228018406467,52931,14550,27.0,152,0,0
1768228018407291,52931,14550,45.0,62,0,0
1768228018409360,52931,14550,26.0,42,0,0
1768228018410797,52931,14550,32.0,36,0,0
1768228018411455,52931,14550,62.0,65,0,0
1768228018412136,52931,14550,49.0,27,0,0
1768228018412833,52931,14550,44.0,116,0,0
1768228018414152,52931,14550,42.0,129,0,0
1768228018415633,52931,14550,34.0,29,0,0
1768228018416249,52931,14550,34.0,137,0,0
1768228018416958,52931,14550,60.0,24,0,0
1768228018418883,52931,14550,53.0,124,0,0
1768228018419345,52931,14550,31.0,2,0,0
1768228018419758,52931,14550,64.0,164,0,0
1768228018420418,52931,14550,24.0,168,0,0
1768228018421405,52931,14550,42.0,136,0,0
1768228018422143,52931,14550,42.0,193,0,0
1768228018422777,52931,14550,48.0,32,0,0
1768228018423717,52931,14550,40.0,241,0,0
1768228018424742,52931,14550,70.0,87,0,0
1768228018425446,52931,14550,61.0,147,0,0
1768228018425985,52931,14550,64.0,11030,0,0
1768228018550235,5760,58419,,264,1,0
1768228018550828,52931,14550,47.0,264,0,0
1768228018635317,52931,14550,48.0,163,0,0
1768228018636036,52931,14550,44.0,178,0,0
1768228018636739,52931,14550,48.0,30,0,0
1768228018637572,52931,14550,48.0,33,0,0
1768228018638132,52931,14550,39.0,74,0,0
1768228018638778,52931,14550,51.0,1,0,0
1768228018639402,52931,14550,22.0,125,0,0
1768228018640105,52931,14550,27.0,152,0,0
1768228018640429,52931,14550,45.0,62,0,0
1768228018641241,52931,14550,26.0,42,0,0
1768228018641880,52931,14550,32.0,36,0,0
1768228018642334,52931,14550,62.0,65,0,0
1768228018642785,52931,14550,49.0,27,0,0
1768228018643142,52931,14550,44.0,116,0,0
1768228018643494,52931,14550,42.0,129,0,0
1768228018643835,52931,14550,34.0,29,0,0
1768228018644176,52931,14550,34.0,137,0,0
1768228018644521,52931,14550,60.0,24,0,0
1768228018645041,52931,14550,53.0,124,0,0
1768228018645580,52931,14550,31.0,2,0,0
1768228018645971,52931,14550,64.0,164,0,0
1768228018646306,52931,14550,24.0,168,0,0
1768228018646685,52931,14550,42.0,136,0,0
1768228018647080,52931,14550,42.0,193,0,0
1768228018647560,52931,14550,48.0,32,0,0
1768228018647895,52931,14550,40.0,241,0,0
1768228018648315,52931,14550,70.0,87,0,0
1768228018648805,52931,14550,61.0,147,0,0
1768228018649194,52931,14550,64.0,11030,0,0
1768228018713105,58419,5760,,0,1,0
1768228018884536,52931,14550,48.0,163,0,0
1768228018885580,52931,14550,44.0,178,0,0
1768228018886310,52931,14550,48.0,30,0,0
1768228018887498,52931,14550,48.0,33,0,0
1768228018888079,52931,14550,39.0,74,0,0
1768228018890275,52931,14550,51.0,1,0,0
1768228018892731,52931,14550,22.0,125,0,0
1768228018893968,52931,14550,27.0,152,0,0
1768228018894568,52931,14550,45.0,62,0,0
1768228018896036,52931,14550,26.0,42,0,0
1768228018896987,52931,14550,32.0,36,0,0
1768228018898277,52931,14550,62.0,65,0,0
1768228018898965,52931,14550,49.0,27,0,0
1768228018900257,52931,14550,44.0,116,0,0
1768228018901092,52931,14550,42.0,129,0,0
1768228018902137,52931,14550,34.0,29,0,0
1768228018902667,52931,14550,34.0,137,0,0
1768228018903756,52931,14550,60.0,24,0,0
1768228018904928,52931,14550,53.0,124,0,0
1768228018905632,52931,14550,31.0,2,0,0
1768228018906204,52931,14550,64.0,164,0,0
1768228018906635,52931,14550,24.0,168,0,0
1768228018907505,52931,14550,42.0,136,0,0
1768228018908502,52931,14550,42.0,193,0,0
1768228018909414,52931,14550,48.0,32,0,0
1768228018909937,52931,14550,40.0,241,0,0
1768228018910643,52931,14550,70.0,87,0,0
1768228018911129,52931,14550,61.0,147,0,0
1768228018911654,52931,14550,64.0,11030,0,0
1768228018953488,5760,58419,,0,1,0
1768228018954001,52931,14550,29.0,0,0,0
1768228019047358,5760,58419,,264,1,0
1768228019048202,52931,14550,47.0,264,0,0
1768228019135883,52931,14550,48.0,163,0,1
1768228019137954,52931,14550,44.0,178,0,1
1768228019138680,52931,14550,48.0,30,0,1
1768228019140226,52931,14550,48.0,33,0,1
1768228019141196,52931,14550,39.0,74,0,1
1768228019143173,52931,14550,51.0,1,0,1
1768228019144695,52931,14550,22.0,125,0,1
1768228019145906,52931,14550,27.0,152,0,1
1768228019146605,52931,14550,45.0,62,0,1
1768228019147855,52931,14550,26.0,42,0,1
1768228019149328,52931,14550,32.0,36,0,1
1768228019150067,52931,14550,62.0,65,0,1
1768228019150767,52931,14550,49.0,27,0,1
1768228019151623,52931,14550,44.0,116,0,1
1768228019152320,52931,14550,42.0,129,0,1
1768228019153230,52931,14550,34.0,29,0,1
1768228019153924,52931,14550,34.0,137,0,1
1768228019154748,52931,14550,60.0,24,0,1
1768228019155869,52931,14550,53.0,124,0,1
1768228019157245,52931,14550,31.0,2,0,1
1768228019158063,52931,14550,64.0,164,0,1
1768228019158762,52931,14550,24.0,168,0,1
1768228019160130,52931,14550,42.0,136,0,1
1768228019160962,52931,14550,42.0,193,0,1
1768228019161881,52931,14550,48.0,32,0,1
1768228019162770,52931,14550,40.0,241,0,1
1768228019163525,52931,14550,70.0,87,0,1
1768228019164875,52931,14550,61.0,147,0,1
1768228019165657,52931,14550,64.0,11030,0,1
1768228019386020,52931,14550,48.0,163,0,1
1768228019390146,52931,14550,44.0,178,0,1
1768228019395916,52931,14550,48.0,30,0,1
1768228019400803,52931,14550,48.0,33,0,1
1768228019402254,52931,14550,39.0,74,0,1
1768228019409348,52931,14550,51.0,1,0,1
1768228019414577,52931,14550,22.0,125,0,1
1768228019419659,52931,14550,27.0,152,0,1
1768228019422408,52931,14550,45.0,62,0,1
1768228019427649,52931,14550,26.0,42,0,1
1768228019430864,52931,14550,32.0,36,0,1
1768228019434596,52931,14550,62.0,65,0,1
1768228019436495,52931,14550,49.0,27,0,1
1768228019438116,52931,14550,44.0,116,0,1
1768228019439585,52931,14550,42.0,129,0,1
1768228019443340,52931,14550,34.0,29,0,1
1768228019445974,52931,14550,34.0,137,0,1
1768228019448300,52931,14550,60.0,24,0,1
1768228019450629,52931,14550,53.0,124,0,1
1768228019453551,52931,14550,31.0,2,0,1
1768228019455046,52931,14550,64.0,164,0,1
1768228019456732,52931,14550,24.0,168,0,1
1768228019458900,52931,14550,42.0,136,0,1
1768228019460827,52931,14550,42.0,193,0,1
1768228019462418,52931,14550,48.0,32,0,1
1768228019464083,52931,14550,40.0,241,0,1
1768228019465296,52931,14550,70.0,87,0,1
1768228019467497,52931,14550,61.0,147,0,1
1768228019468753,52931,14550,64.0,11030,0,1
1768228019540259,5760,58419,,253,1,1
1768228019541617,52931,14550,71.0,253,0,1
1768228019549203,52931,14550,34.0,253,0,1
1768228019549327,5760,58419,,264,1,1
1768228019551637,52931,14550,60.0,253,0,1
1768228019554249,52931,14550,47.0,264,0,1
1768228019558138,52931,14550,34.0,253,0,1
1768228019561065,52931,14550,60.0,253,0,1
1768228019567259,52931,14550,34.0,253,0,1
1768228019570832,52931,14550,60.0,253,0,1
1768228019572920,52931,14550,34.0,253,0,1
1768228019576064,52931,14550,60.0,253,0,1
1768228019581113,52931,14550,34.0,253,0,1
1768228019584666,52931,14550,60.0,253,0,1
1768228019588329,52931,14550,34.0,253,0,1
1768228019593815,52931,14550,60.0,253,0,1
1768228019599051,52931,14550,34.0,253,0,1
1768228019604474,52931,14550,60.0,253,0,1
1768228019608624,52931,14550,34.0,253,0,1
1768228019613982,52931,14550,60.0,253,0,1
1768228019617109,52931,14550,34.0,253,0,1
1768228019620226,52931,14550,60.0,253,0,1
1768228019622402,52931,14550,34.0,253,0,1
1768228019626698,52931,14550,60.0,253,0,1
1768228019634058,52931,14550,34.0,253,0,1
1768228019637355,52931,14550,60.0,253,0,1
1768228019644337,52931,14550,34.0,253,0,1
1768228019647466,52931,14550,60.0,253,0,1
1768228019649620,52931,14550,34.0,253,0,1
1768228019654690,52931,14550,60.0,253,0,1
1768228019658145,52931,14550,34.0,253,0,1
1768228019661500,52931,14550,60.0,253,0,0
1768228019663142,5760,58419,,22,1,0
1768228019666723,52931,14550,34.0,253,0,0
1768228019670165,52931,14550,60.0,253,0,0
1768228019675042,52931,14550,34.0,253,0,0
1768228019680080,52931,14550,60.0,253,0,0
1768228019683355,52931,14550,34.0,253,0,0
1768228019686687,52931,14550,60.0,253,0,0
1768228019690154,52931,14550,34.0,253,0,0
1768228019692258,52931,14550,60.0,253,0,0
1768228019696463,52931,14550,48.0,163,0,0
1768228019699445,52931,14550,44.0,178,0,0
1768228019700874,52931,14550,48.0,30,0,0
1768228019703078,52931,14550,48.0,33,0,0
1768228019705385,52931,14550,39.0,74,0,0
1768228019711386,52931,14550,51.0,1,0,0
1768228019715483,52931,14550,22.0,125,0,0
1768228019717201,52931,14550,27.0,152,0,0
1768228019718763,52931,14550,45.0,62,0,0
1768228019720355,52931,14550,26.0,42,0,0
1768228019722345,52931,14550,32.0,36,0,0
1768228019723403,52931,14550,62.0,65,0,0
1768228019724537,52931,14550,49.0,27,0,0
1768228019725517,52931,14550,44.0,116,0,0
1768228019726735,52931,14550,42.0,129,0,0
1768228019727662,52931,14550,34.0,29,0,0
1768228019728497,52931,14550,34.0,137,0,0
1768228019729319,52931,14550,60.0,24,0,0
1768228019730992,52931,14550,53.0,124,0,0
1768228019732521,52931,14550,31.0,2,0,0
1768228019733468,52931,14550,64.0,164,0,0
1768228019735834,52931,14550,24.0,168,0,0
1768228019737296,52931,14550,42.0,136,0,0
1768228019738353,52931,14550,42.0,193,0,0
1768228019739697,52931,14550,48.0,32,0,0
1768228019740951,52931,14550,40.0,241,0,0
1768228019741950,52931,14550,70.0,87,0,0
1768228019743056,52931,14550,61.0,147,0,0
1768228019745107,52931,14550,64.0,11030,0,0
1768228019747313,52931,14550,34.0,253,0,0
1768228019748572,52931,14550,60.0,253,0,0
1768228019749857,52931,14550,34.0,253,0,0
1768228019751318,52931,14550,60.0,253,0,0
1768228019752773,52931,14550,34.0,253,0,0
1768228019754946,52931,14550,60.0,253,0,0
1768228019756405,52931,14550,34.0,253,0,0
1768228019758657,52931,14550,60.0,253,0,0
1768228019760539,52931,14550,34.0,253,0,0
1768228019762931,52931,14550,60.0,253,0,0
1768228019764708,52931,14550,34.0,253,0,0
1768228019766032,52931,14550,60.0,253,0,0
1768228019767297,52931,14550,45.0,22,0,0
1768228019768888,52931,14550,34.0,253,0,0
1768228019769772,52931,14550,60.0,253,0,0
1768228019771350,58419,5760,,0,1,0
1768228019889709,52931,14550,48.0,163,0,0
1768228019891555,52931,14550,44.0,178,0,0
1768228019893098,52931,14550,48.0,30,0,0
1768228019897214,52931,14550,48.0,33,0,0
1768228019899226,52931,14550,39.0,74,0,0
1768228019904247,52931,14550,51.0,1,0,0
1768228019908782,52931,14550,22.0,125,0,0
1768228019911053,52931,14550,27.0,152,0,0
1768228019912712,52931,14550,45.0,62,0,0
1768228019915570,52931,14550,26.0,42,0,0
1768228019918737,52931,14550,32.0,36,0,0
1768228019920646,52931,14550,62.0,65,0,0
1768228019922197,52931,14550,49.0,27,0,0
1768228019925824,52931,14550,44.0,116,0,0
1768228019927822,52931,14550,42.0,129,0,0
1768228019929747,52931,14550,34.0,29,0,0
1768228019930851,52931,14550,34.0,137,0,0
1768228019932747,52931,14550,60.0,24,0,0
1768228019936933,52931,14550,53.0,124,0,0
1768228019938925,52931,14550,31.0,2,0,0
1768228019940144,52931,14550,64.0,164,0,0
1768228019941598,52931,14550,24.0,168,0,0
1768228019943914,52931,14550,42.0,136,0,0
1768228019945121,52931,14550,42.0,193,0,0
1768228019947672,52931,14550,48.0,32,0,0
1768228019951562,52931,14550,40.0,241,0,0
1768228019953497,52931,14550,70.0,87,0,0
1768228019956797,52931,14550,61.0,147,0,0
1768228019957949,52931,14550,64.0,11030,0,0
1768228019960994,5760,58419,,0,1,0
1768228019962741,52931,14550,29.0,0,0,0
1768228020055456,5760,58419,,264,1,0
1768228020056853,52931,14550,47.0,264,0,0
1768228020136977,52931,14550,48.0,163,0,0
1768228020139520,52931,14550,44.0,178,0,0
1768228020141283,52931,14550,48.0,30,0,0
1768228020144586,52931,14550,48.0,33,0,0
1768228020146564,52931,14550,39.0,74,0,0
1768228020151023,52931,14550,51.0,1,0,0
1768228020154815,52931,14550,22.0,125,0,0
1768228020156632,52931,14550,27.0,152,0,0
1768228020158120,52931,14550,45.0,62,0,0
1768228020161590,52931,14550,26.0,42,0,0
1768228020164515,52931,14550,32.0,36,0,0
1768228020165913,52931,14550,62.0,65,0,0
1768228020167680,52931,14550,49.0,27,0,0
1768228020169365,52931,14550,44.0,116,0,0
1768228020170601,52931,14550,42.0,129,0,0
1768228020172881,52931,14550,34.0,29,0,0
1768228020174319,52931,14550,34.0,137,0,0
1768228020175831,52931,14550,60.0,24,0,0
1768228020177738,52931,14550,53.0,124,0,0
1768228020179712,52931,14550,31.0,2,0,0
1768228020180872,52931,14550,64.0,164,0,0
1768228020182099,52931,14550,24.0,168,0,0
1768228020183868,52931,14550,42.0,136,0,0
1768228020185276,52931,14550,42.0,193,0,0
1768228020186828,52931,14550,48.0,32,0,0
1768228020188437,52931,14550,40.0,241,0,0
1768228020189963,52931,14550,70.0,87,0,0
1768228020191996,52931,14550,61.0,147,0,0
1768228020193490,52931,14550,64.0,11030,0,0
1768228020391417,52931,14550,48.0,163,0,0
1768228020394258,52931,14550,44.0,178,0,0
1768228020398279,52931,14550,48.0,30,0,0
1768228020401761,52931,14550,48.0,33,0,0
1768228020403510,52931,14550,39.0,74,0,0
1768228020408717,52931,14550,51.0,1,0,0
1768228020413434,52931,14550,22.0,125,0,0
1768228020417149,52931,14550,27.0,152,0,0
1768228020418655,52931,14550,45.0,62,0,0
1768228020422789,52931,14550,26.0,42,0,0
1768228020427766,52931,14550,32.0,36,0,0
1768228020429233,52931,14550,62.0,65,0,0
1768228020431815,52931,14550,49.0,27,0,0
1768228020435032,52931,14550,44.0,116,0,0
1768228020437084,52931,14550,42.0,129,0,0
1768228020439917,52931,14550,34.0,29,0,0
1768228020441785,52931,14550,34.0,137,0,0
1768228020443616,52931,14550,60.0,24,0,0
1768228020445893,52931,14550,53.0,124,0,0
1768228020448932,52931,14550,31.0,2,0,0
1768228020452380,52931,14550,64.0,164,0,0
1768228020455428,52931,14550,24.0,168,0,0
1768228020457863,52931,14550,42.0,136,0,0
1768228020460338,52931,14550,42.0,193,0,0
1768228020463333,52931,14550,48.0,32,0,0
1768228020465690,52931,14550,40.0,241,0,0
1768228020469039,52931,14550,70.0,87,0,0
1768228020471223,52931,14550,61.0,147,0,0
1768228020472835,52931,14550,64.0,11030,0,0
1768228020555454,5760,58419,,264,1,0
1768228020556386,52931,14550,47.0,264,0,0
1768228020645212,52931,14550,48.0,163,0,0
1768228020647194,52931,14550,44.0,178,0,0
1768228020648444,52931,14550,48.0,30,0,0
1768228020651280,52931,14550,48.0,33,0,0
1768228020652832,52931,14550,39.0,74,0,0
1768228020658579,52931,14550,51.0,1,0,0
1768228020665110,52931,14550,22.0,125,0,0
1768228020666748,52931,14550,27.0,152,0,0
1768228020669072,52931,14550,45.0,62,0,0
1768228020671812,52931,14550,26.0,42,0,0
1768228020674699,52931,14550,32.0,36,0,0
1768228020676274,52931,14550,62.0,65,0,0
1768228020677851,52931,14550,49.0,27,0,0
1768228020679466,52931,14550,44.0,116,0,0
1768228020680704,52931,14550,42.0,129,0,0
1768228020682425,52931,14550,34.0,29,0,0
1768228020684013,52931,14550,34.0,137,0,0
1768228020685734,52931,14550,60.0,24,0,0
1768228020687990,52931,14550,53.0,124,0,0
1768228020689900,52931,14550,31.0,2,0,0
1768228020691159,52931,14550,64.0,164,0,0
1768228020692347,52931,14550,24.0,168,0,0
1768228020693940,52931,14550,42.0,136,0,0
1768228020695266,52931,14550,42.0,193,0,0
1768228020696683,52931,14550,48.0,32,0,0
1768228020698358,52931,14550,40.0,241,0,0
1768228020699908,52931,14550,70.0,87,0,0
1768228020702297,52931,14550,61.0,147,0,0
1768228020703519,52931,14550,64.0,11030,0,0
1768228020772155,58419,5760,,0,1,0
1768228020894007,52931,14550,48.0,163,0,0
1768228020895915,52931,14550,44.0,178,0,0
1768228020897907,52931,14550,48.0,30,0,0
1768228020900329,52931,14550,48.0,33,0,0
1768228020902715,52931,14550,39.0,74,0,0
1768228020906762,52931,14550,51.0,1,0,0
1768228020911110,52931,14550,22.0,125,0,0
1768228020914793,52931,14550,27.0,152,0,0
1768228020917167,52931,14550,45.0,62,0,0
1768228020920735,52931,14550,26.0,42,0,0
1768228020924499,52931,14550,32.0,36,0,0
1768228020926072,52931,14550,62.0,65,0,0
1768228020927279,52931,14550,49.0,27,0,0
1768228020929588,52931,14550,44.0,116,0,0
1768228020931238,52931,14550,42.0,129,0,0
1768228020933841,52931,14550,34.0,29,0,0
1768228020935823,52931,14550,34.0,137,0,0
1768228020937078,52931,14550,60.0,24,0,0
1768228020940704,52931,14550,53.0,124,0,0
1768228020943292,52931,14550,31.0,2,0,0
1768228020945389,52931,14550,64.0,164,0,0
1768228020946856,52931,14550,24.0,168,0,0
1768228020948471,52931,14550,42.0,136,0,0
1768228020950651,52931,14550,42.0,193,0,0
1768228020952393,52931,14550,48.0,32,0,0
1768228020954288,52931,14550,40.0,241,0,0
1768228020956183,52931,14550,70.0,87,0,0
1768228020959736,52931,14550,61.0,147,0,0
1768228020960889,52931,14550,64.0,11030,0,0
1768228020967484,5760,58419,,0,1,0
1768228020968392,52931,14550,29.0,0,0,0
1768228021057089,5760,58419,,264,1,0
1768228021058193,52931,14550,47.0,264,0,0
1768228021146304,52931,14550,48.0,163,0,0
1768228021149324,52931,14550,44.0,178,0,0
1768228021151099,52931,14550,48.0,30,0,0
1768228021152976,52931,14550,48.0,33,0,0
1768228021154445,52931,14550,39.0,74,0,0
1768228021157489,52931,14550,51.0,1,0,0
1768228021159992,52931,14550,22.0,125,0,0
1768228021161771,52931,14550,27.0,152,0,0
1768228021164521,52931,14550,45.0,62,0,0
1768228021168703,52931,14550,26.0,42,0,0
1768228021171826,52931,14550,32.0,36,0,0
1768228021174306,52931,14550,62.0,65,0,0
1768228021176062,52931,14550,49.0,27,0,0
1768228021177703,52931,14550,44.0,116,0,0
1768228021179092,52931,14550,42.0,129,0,0
1768228021181157,52931,14550,34.0,29,0,0
1768228021182327,52931,14550,34.0,137,0,0
1768228021184069,52931,14550,60.0,24,0,0
1768228021188145,52931,14550,53.0,124,0,0
1768228021191766,52931,14550,31.0,2,0,0
1768228021193403,52931,14550,64.0,164,0,0
1768228021194605,52931,14550,24.0,168,0,0
1768228021196275,52931,14550,42.0,136,0,0
1768228021197477,52931,14550,42.0,193,0,0
1768228021199162,52931,14550,48.0,32,0,0
1768228021200484,52931,14550,40.0,241,0,0
1768228021201726,52931,14550,70.0,87,0,0
1768228021204610,52931,14550,61.0,147,0,0
1768228021205989,52931,14550,64.0,11030,0,0
1768228021396191,52931,14550,48.0,163,0,0
1768228021399315,52931,14550,44.0,178,0,0
1768228021401102,52931,14550,48.0,30,0,0
1768228021403568,52931,14550,48.0,33,0,0
1768228021406782,52931,14550,39.0,74,0,0
1768228021413861,52931,14550,51.0,1,0,0
1768228021419073,52931,14550,22.0,125,0,0
1768228021422459,52931,14550,27.0,152,0,0
1768228021424261,52931,14550,45.0,62,0,0
1768228021427454,52931,14550,26.0,42,0,0
1768228021432790,52931,14550,32.0,36,0,0
1768228021434183,52931,14550,62.0,65,0,0
1768228021435533,52931,14550,49.0,27,0,0
1768228021436776,52931,14550,44.0,116,0,0
1768228021438152,52931,14550,42.0,129,0,0
1768228021439543,52931,14550,34.0,29,0,0
1768228021440987,52931,14550,34.0,137,0,0
1768228021443876,52931,14550,60.0,24,0,0
1768228021445916,52931,14550,53.0,124,0,0
1768228021448198,52931,14550,31.0,2,0,0
1768228021450461,52931,14550,64.0,164,0,0
1768228021451982,52931,14550,24.0,168,0,0
1768228021454367,52931,14550,42.0,136,0,0
1768228021456199,52931,14550,42.0,193,0,0
1768228021458158,52931,14550,48.0,32,0,0
1768228021459421,52931,14550,40.0,241,0,0
1768228021460852,52931,14550,70.0,87,0,0
1768228021462622,52931,14550,61.0,147,0,0
1768228021464590,52931,14550,64.0,11030,0,0
1768228021559687,5760,58419,,264,1,0
1768228021560699,52931,14550,47.0,264,0,0
1768228021651257,52931,14550,48.0,163,0,0
1768228021654022,52931,14550,44.0,178,0,0
1768228021655324,52931,14550,48.0,30,0,0
1768228021659041,52931,14550,48.0,33,0,0
1768228021661026,52931,14550,39.0,74,0,0
1768228021664923,52931,14550,51.0,1,0,0
1768228021667298,52931,14550,22.0,125,0,0
1768228021668977,52931,14550,27.0,152,0,0
1768228021670209,52931,14550,45.0,62,0,0
1768228021672759,52931,14550,26.0,42,0,0
1768228021675713,52931,14550,32.0,36,0,0
1768228021676987,52931,14550,62.0,65,0,0
1768228021678221,52931,14550,49.0,27,0,0
1768228021679607,52931,14550,44.0,116,0,0
1768228021681098,52931,14550,42.0,129,0,0
1768228021682362,52931,14550,34.0,29,0,0
1768228021683748,52931,14550,34.0,137,0,0
1768228021685073,52931,14550,60.0,24,0,0
1768228021687088,52931,14550,53.0,124,0,0
1768228021695766,52931,14550,31.0,2,0,0
1768228021697329,52931,14550,64.0,164,0,0
1768228021699177,52931,14550,24.0,168,0,0
1768228021700755,52931,14550,42.0,136,0,0
1768228021702502,52931,14550,42.0,193,0,0
1768228021703903,52931,14550,48.0,32,0,0
1768228021705068,52931,14550,40.0,241,0,0
1768228021706424,52931,14550,70.0,87,0,0
1768228021708441,52931,14550,61.0,147,0,0
1768228021709834,52931,14550,64.0,11030,0,0
1768228021779712,58419,5760,,0,1,0
1768228021902113,52931,14550,48.0,163,0,0
1768228021906078,52931,14550,44.0,178,0,0
1768228021907499,52931,14550,48.0,30,0,0
1768228021909833,52931,14550,48.0,33,0,0
1768228021911739,52931,14550,39.0,74,0,0
1768228021915795,52931,14550,51.0,1,0,0
1768228021921440,52931,14550,22.0,125,0,0
1768228021924808,52931,14550,27.0,152,0,0
1768228021927110,52931,14550,45.0,62,0,0
1768228021932326,52931,14550,26.0,42,0,0
1768228021935569,52931,14550,32.0,36,0,0
1768228021936833,52931,14550,62.0,65,0,0
1768228021939025,52931,14550,49.0,27,0,0
1768228021941054,52931,14550,44.0,116,0,0
1768228021943286,52931,14550,42.0,129,0,0
1768228021944913,52931,14550,34.0,29,0,0
1768228021947989,52931,14550,34.0,137,0,0
1768228021949780,52931,14550,60.0,24,0,0
1768228021951689,52931,14550,53.0,124,0,0
1768228021954031,52931,14550,31.0,2,0,0
1768228021955303,52931,14550,64.0,164,0,0
1768228021958086,52931,14550,24.0,168,0,0
1768228021960123,52931,14550,42.0,136,0,0
1768228021962633,52931,14550,42.0,193,0,0
1768228021964669,52931,14550,48.0,32,0,0
1768228021967027,52931,14550,40.0,241,0,0
1768228021969479,52931,14550,70.0,87,0,0
1768228021970148,5760,58419,,0,1,0
1768228021972401,52931,14550,61.0,147,0,0
1768228021974458,52931,14550,64.0,11030,0,0
1768228021978493,52931,14550,29.0,0,0,0
1768228022066525,5760,58419,,264,1,0
1768228022067521,52931,14550,47.0,264,0,0
1768228022153187,52931,14550,48.0,163,0,0
1768228022155618,52931,14550,44.0,178,0,0
1768228022157143,52931,14550,48.0,30,0,0
1768228022159728,52931,14550,48.0,33,0,0
1768228022161671,52931,14550,39.0,74,0,0
1768228022165077,52931,14550,51.0,1,0,0
1768228022170994,52931,14550,22.0,125,0,0
1768228022172745,52931,14550,27.0,152,0,0
1768228022174108,52931,14550,45.0,62,0,0
1768228022177459,52931,14550,26.0,42,0,0
1768228022180129,52931,14550,32.0,36,0,0
1768228022181406,52931,14550,62.0,65,0,0
1768228022183068,52931,14550,49.0,27,0,0
1768228022184367,52931,14550,44.0,116,0,0
1768228022185869,52931,14550,42.0,129,0,0
1768228022187076,52931,14550,34.0,29,0,0
1768228022188597,52931,14550,34.0,137,0,0
1768228022191248,52931,14550,60.0,24,0,0
1768228022193308,52931,14550,53.0,124,0,0
1768228022195008,52931,14550,31.0,2,0,0
1768228022196787,52931,14550,64.0,164,0,0
1768228022198039,52931,14550,24.0,168,0,0
1768228022199574,52931,14550,42.0,136,0,0
1768228022201057,52931,14550,42.0,193,0,0
1768228022203185,52931,14550,48.0,32,0,0
1768228022204566,52931,14550,40.0,241,0,0
1768228022206232,52931,14550,70.0,87,0,0
1768228022207808,52931,14550,61.0,147,0,0
1768228022209421,52931,14550,64.0,11030,0,0
1768228022404615,52931,14550,48.0,163,0,0
1768228022406920,52931,14550,44.0,178,0,0
1768228022409874,52931,14550,48.0,30,0,0
1768228022414908,52931,14550,48.0,33,0,0
1768228022416544,52931,14550,39.0,74,0,0
1768228022421959,52931,14550,51.0,1,0,0
1768228022427874,52931,14550,22.0,125,0,0
1768228022431015,52931,14550,27.0,152,0,0
1768228022434095,52931,14550,45.0,62,0,0
1768228022438448,52931,14550,26.0,42,0,0
1768228022441975,52931,14550,32.0,36,0,0
1768228022443810,52931,14550,62.0,65,0,0
1768228022446570,52931,14550,49.0,27,0,0
1768228022449475,52931,14550,44.0,116,0,0
1768228022452951,52931,14550,42.0,129,0,0
1768228022454528,52931,14550,34.0,29,0,0
1768228022455913,52931,14550,34.0,137,0,0
1768228022457627,52931,14550,60.0,24,0,0
1768228022462003,52931,14550,53.0,124,0,0
1768228022465384,52931,14550,31.0,2,0,0
1768228022466678,52931,14550,64.0,164,0,0
1768228022468362,52931,14550,24.0,168,0,0
1768228022470753,52931,14550,42.0,136,0,0
1768228022473916,52931,14550,42.0,193,0,0
1768228022476970,52931,14550,48.0,32,0,0
1768228022478681,52931,14550,40.0,241,0,0
1768228022480846,52931,14550,70.0,87,0,0
1768228022484069,52931,14550,61.0,147,0,0
1768228022487423,52931,14550,64.0,11030,0,0
1768228022568525,5760,58419,,264,1,0
1768228022569585,52931,14550,47.0,264,0,0
1768228022653359,52931,14550,48.0,163,0,0
1768228022657069,52931,14550,44.0,178,0,0
1768228022659339,52931,14550,48.0,30,0,0
1768228022661309,52931,14550,48.0,33,0,0
1768228022663436,52931,14550,39.0,74,0,0
1768228022667031,52931,14550,51.0,1,0,0
1768228022673852,52931,14550,22.0,125,0,0
1768228022676786,52931,14550,27.0,152,0,0
1768228022678146,52931,14550,45.0,62,0,0
1768228022680270,52931,14550,26.0,42,0,0
1768228022683320,52931,14550,32.0,36,0,0
1768228022684616,52931,14550,62.0,65,0,0
1768228022686026,52931,14550,49.0,27,0,0
1768228022687573,52931,14550,44.0,116,0,0
1768228022688893,52931,14550,42.0,129,0,0
1768228022690639,52931,14550,34.0,29,0,0
1768228022692215,52931,14550,34.0,137,0,0
1768228022693414,52931,14550,60.0,24,0,0
1768228022695851,52931,14550,53.0,124,0,0
1768228022697682,52931,14550,31.0,2,0,0
1768228022700175,52931,14550,64.0,164,0,0
1768228022701571,52931,14550,24.0,168,0,0
1768228022703084,52931,14550,42.0,136,0,0
1768228022704385,52931,14550,42.0,193,0,0
1768228022705957,52931,14550,48.0,32,0,0
1768228022708338,52931,14550,40.0,241,0,0
1768228022710389,52931,14550,70.0,87,0,0
1768228022712184,52931,14550,61.0,147,0,0
1768228022713962,52931,14550,64.0,11030,0,0
1768228022783679,58419,5760,,0,1,0
1768228022908652,52931,14550,48.0,163,0,0
1768228022913911,52931,14550,44.0,178,0,0
1768228022916324,52931,14550,48.0,30,0,0
1768228022920437,52931,14550,48.0,33,0,0
1768228022924277,52931,14550,39.0,74,0,0
1768228022930491,52931,14550,51.0,1,0,0
1768228022938797,52931,14550,22.0,125,0,0
1768228022942581,52931,14550,27.0,152,0,0
1768228022944480,52931,14550,45.0,62,0,0
1768228022946747,52931,14550,26.0,42,0,0
1768228022949700,52931,14550,32.0,36,0,0
1768228022951090,52931,14550,62.0,65,0,0
1768228022952417,52931,14550,49.0,27,0,0
1768228022954201,52931,14550,44.0,116,0,0
1768228022955590,52931,14550,42.0,129,0,0
1768228022957041,52931,14550,34.0,29,0,0
1768228022958525,52931,14550,34.0,137,0,0
1768228022959778,52931,14550,60.0,24,0,0
1768228022962083,52931,14550,53.0,124,0,0
1768228022964016,52931,14550,31.0,2,0,0
1768228022966159,52931,14550,64.0,164,0,0
1768228022967401,52931,14550,24.0,168,0,0
1768228022969018,52931,14550,42.0,136,0,0
1768228022970230,52931,14550,42.0,193,0,0
1768228022972103,52931,14550,48.0,32,0,0
1768228022973513,52931,14550,40.0,241,0,0
1768228022975027,52931,14550,70.0,87,0,0
1768228022976503,52931,14550,61.0,147,0,0
1768228022978405,52931,14550,64.0,11030,0,0
1768228022979910,5760,58419,,0,1,0
1768228022981207,52931,14550,29.0,0,0,0
1768228022988245,5760,58419,,111,1,0
1768228022989243,52931,14550,33.0,111,0,0
1768228023072387,5760,58419,,264,1,0
1768228023073482,52931,14550,47.0,264,0,0
1768228023158971,52931,14550,48.0,163,0,0
1768228023161555,52931,14550,44.0,178,0,0
1768228023163606,52931,14550,48.0,30,0,0
1768228023166590,52931,14550,48.0,33,0,0
1768228023169465,52931,14550,39.0,74,0,0
1768228023172799,52931,14550,51.0,1,0,0
1768228023175109,52931,14550,22.0,125,0,0
1768228023177066,52931,14550,27.0,152,0,0
1768228023178331,52931,14550,45.0,62,0,0
1768228023180409,52931,14550,26.0,42,0,0
1768228023183019,52931,14550,32.0,36,0,0
1768228023184501,52931,14550,62.0,65,0,0
1768228023186289,52931,14550,49.0,27,0,0
1768228023187498,52931,14550,44.0,116,0,0
1768228023189030,52931,14550,42.0,129,0,0
1768228023190573,52931,14550,34.0,29,0,0
1768228023191988,52931,14550,34.0,137,0,0
1768228023193744,52931,14550,60.0,24,0,0
1768228023195520,52931,14550,53.0,124,0,0
1768228023197517,52931,14550,31.0,2,0,0
1768228023199256,52931,14550,64.0,164,0,0
1768228023200588,52931,14550,24.0,168,0,0
1768228023202613,52931,14550,42.0,136,0,0
1768228023203804,52931,14550,42.0,193,0,0
1768228023206095,52931,14550,48.0,32,0,0
1768228023207337,52931,14550,40.0,241,0,0
1768228023208941,52931,14550,70.0,87,0,0
1768228023211572,52931,14550,61.0,147,0,0
1768228023213145,52931,14550,64.0,11030,0,0
1768228023406302,52931,14550,48.0,163,0,0
1768228023409304,52931,14550,44.0,178,0,0
1768228023410929,52931,14550,48.0,30,0,0
1768228023414564,52931,14550,48.0,33,0,0
1768228023417189,52931,14550,39.0,74,0,0
1768228023421915,52931,14550,51.0,1,0,0
1768228023430160,52931,14550,22.0,125,0,0
1768228023434102,52931,14550,27.0,152,0,0
1768228023436000,52931,14550,45.0,62,0,0
1768228023439521,52931,14550,26.0,42,0,0
1768228023442279,52931,14550,32.0,36,0,0
1768228023444212,52931,14550,62.0,65,0,0
1768228023447092,52931,14550,49.0,27,0,0
1768228023448636,52931,14550,44.0,116,0,0
1768228023455872,52931,14550,42.0,129,0,0
1768228023459377,52931,14550,34.0,29,0,0
1768228023461129,52931,14550,34.0,137,0,0
1768228023464532,52931,14550,60.0,24,0,0
1768228023469743,52931,14550,53.0,124,0,0
1768228023473880,52931,14550,31.0,2,0,0
1768228023476251,52931,14550,64.0,164,0,0
1768228023477840,52931,14550,24.0,168,0,0
1768228023481222,52931,14550,42.0,136,0,0
1768228023482482,52931,14550,42.0,193,0,0
1768228023484165,52931,14550,48.0,32,0,0
1768228023485833,52931,14550,40.0,241,0,0
1768228023487495,52931,14550,70.0,87,0,0
1768228023489605,52931,14550,61.0,147,0,0
1768228023491766,52931,14550,64.0,11030,0,0
1768228023574261,5760,58419,,264,1,0
1768228023575453,52931,14550,47.0,264,0,0
1768228023661405,52931,14550,48.0,163,0,0
1768228023664515,52931,14550,44.0,178,0,0
1768228023666776,52931,14550,48.0,30,0,0
1768228023670320,52931,14550,48.0,33,0,0
1768228023672901,52931,14550,39.0,74,0,0
1768228023678154,52931,14550,51.0,1,0,0
1768228023682633,52931,14550,22.0,125,0,0
1768228023684997,52931,14550,27.0,152,0,0
1768228023686990,52931,14550,45.0,62,0,0
1768228023689765,52931,14550,26.0,42,0,0
1768228023692917,52931,14550,32.0,36,0,0
1768228023694588,52931,14550,62.0,65,0,0
1768228023695856,52931,14550,49.0,27,0,0
1768228023697191,52931,14550,44.0,116,0,0
1768228023698753,52931,14550,42.0,129,0,0
1768228023700673,52931,14550,34.0,29,0,0
1768228023702113,52931,14550,34.0,137,0,0
1768228023703610,52931,14550,60.0,24,0,0
1768228023705605,52931,14550,53.0,124,0,0
1768228023707212,52931,14550,31.0,2,0,0
1768228023709156,52931,14550,64.0,164,0,0
1768228023710531,52931,14550,24.0,168,0,0
1768228023712377,52931,14550,42.0,136,0,0
1768228023713590,52931,14550,42.0,193,0,0
1768228023714933,52931,14550,48.0,32,0,0
1768228023716402,52931,14550,40.0,241,0,0
1768228023717625,52931,14550,70.0,87,0,0
1768228023719025,52931,14550,61.0,147,0,0
1768228023720815,52931,14550,64.0,11030,0,0
1768228023789500,58419,5760,,0,1,0
1768228023914376,52931,14550,48.0,163,0,0
1768228023917093,52931,14550,44.0,178,0,0
1768228023919257,52931,14550,48.0,30,0,0
1768228023923489,52931,14550,48.0,33,0,0
1768228023927059,52931,14550,39.0,74,0,0
1768228023930886,52931,14550,51.0,1,0,0
1768228023936626,52931,14550,22.0,125,0,0
1768228023939496,52931,14550,27.0,152,0,0
1768228023941148,52931,14550,45.0,62,0,0
1768228023944513,52931,14550,26.0,42,0,0
1768228023948050,52931,14550,32.0,36,0,0
1768228023949770,52931,14550,62.0,65,0,0
1768228023951886,52931,14550,49.0,27,0,0
1768228023954170,52931,14550,44.0,116,0,0
1768228023956101,52931,14550,42.0,129,0,0
1768228023960824,52931,14550,34.0,29,0,0
1768228023962858,52931,14550,34.0,137,0,0
1768228023964461,52931,14550,60.0,24,0,0
1768228023966836,52931,14550,53.0,124,0,0
1768228023970721,52931,14550,31.0,2,0,0
1768228023972756,52931,14550,64.0,164,0,0
1768228023975354,52931,14550,24.0,168,0,0
1768228023978540,52931,14550,42.0,136,0,0
1768228023980542,52931,14550,42.0,193,0,0
1768228023982565,52931,14550,48.0,32,0,0
1768228023983641,5760,58419,,0,1,0
1768228023984619,52931,14550,40.0,241,0,0
1768228023985927,52931,14550,70.0,87,0,0
1768228023988059,52931,14550,61.0,147,0,0
1768228023991125,52931,14550,64.0,11030,0,0
1768228023994858,52931,14550,29.0,0,0,0
1768228024075317,5760,58419,,264,1,0
1768228024076639,52931,14550,47.0,264,0,0
1768228024161631,52931,14550,48.0,163,0,0
1768228024163651,52931,14550,44.0,178,0,0
1768228024165727,52931,14550,48.0,30,0,0
1768228024168890,52931,14550,48.0,33,0,0
1768228024170585,52931,14550,39.0,74,0,0
1768228024173956,52931,14550,51.0,1,0,0
1768228024176304,52931,14550,22.0,125,0,0
1768228024178152,52931,14550,27.0,152,0,0
1768228024179393,52931,14550,45.0,62,0,0
1768228024181554,52931,14550,26.0,42,0,0
1768228024184125,52931,14550,32.0,36,0,0
1768228024185705,52931,14550,62.0,65,0,0
1768228024187103,52931,14550,49.0,27,0,0
1768228024188333,52931,14550,44.0,116,0,0
1768228024189840,52931,14550,42.0,129,0,0
1768228024191599,52931,14550,34.0,29,0,0
1768228024193112,52931,14550,34.0,137,0,0
1768228024194650,52931,14550,60.0,24,0,0
1768228024196298,52931,14550,53.0,124,0,0
1768228024198309,52931,14550,31.0,2,0,0
1768228024200074,52931,14550,64.0,164,0,0
1768228024201417,52931,14550,24.0,168,0,0
1768228024203048,52931,14550,42.0,136,0,0
1768228024204667,52931,14550,42.0,193,0,0
1768228024206360,52931,14550,48.0,32,0,0
1768228024207524,52931,14550,40.0,241,0,0
1768228024208774,52931,14550,70.0,87,0,0
1768228024210534,52931,14550,61.0,147,0,0
1768228024212297,52931,14550,64.0,11030,0,0
1768228024415553,52931,14550,48.0,163,0,0
1768228024420025,52931,14550,44.0,178,0,0
1768228024422774,52931,14550,48.0,30,0,0
1768228024428197,52931,14550,48.0,33,0,0
1768228024429852,52931,14550,39.0,74,0,0
1768228024437196,52931,14550,51.0,1,0,0
1768228024445330,52931,14550,22.0,125,0,0
1768228024447475,52931,14550,27.0,152,0,0
1768228024449403,52931,14550,45.0,62,0,0
1768228024452468,52931,14550,26.0,42,0,0
1768228024454601,52931,14550,32.0,36,0,0
1768228024455867,52931,14550,62.0,65,0,0
1768228024457411,52931,14550,49.0,27,0,0
1768228024458927,52931,14550,44.0,116,0,0
1768228024461706,52931,14550,42.0,129,0,0
1768228024463659,52931,14550,34.0,29,0,0
1768228024465010,52931,14550,34.0,137,0,0
1768228024466548,52931,14550,60.0,24,0,0
1768228024468218,52931,14550,53.0,124,0,0
1768228024470637,52931,14550,31.0,2,0,0
1768228024472410,52931,14550,64.0,164,0,0
1768228024473959,52931,14550,24.0,168,0,0
1768228024475471,52931,14550,42.0,136,0,0
1768228024477210,52931,14550,42.0,193,0,0
1768228024478999,52931,14550,48.0,32,0,0
1768228024480518,52931,14550,40.0,241,0,0
1768228024481797,52931,14550,70.0,87,0,0
1768228024483215,52931,14550,61.0,147,0,0
1768228024485143,52931,14550,64.0,11030,0,0
1768228024578398,5760,58419,,264,1,0
1768228024579481,52931,14550,47.0,264,0,0
1768228024663229,52931,14550,48.0,163,0,0
1768228024667526,52931,14550,44.0,178,0,0
1768228024669409,52931,14550,48.0,30,0,0
1768228024671257,52931,14550,48.0,33,0,0
1768228024673198,52931,14550,39.0,74,0,0
1768228024678107,52931,14550,51.0,1,0,0
1768228024682904,52931,14550,22.0,125,0,0
1768228024684482,52931,14550,27.0,152,0,0
1768228024685702,52931,14550,45.0,62,0,0
1768228024687840,52931,14550,26.0,42,0,0
1768228024691408,52931,14550,32.0,36,0,0
1768228024692911,52931,14550,62.0,65,0,0
1768228024694427,52931,14550,49.0,27,0,0
1768228024695995,52931,14550,44.0,116,0,0
1768228024697295,52931,14550,42.0,129,0,0
1768228024698807,52931,14550,34.0,29,0,0
1768228024700245,52931,14550,34.0,137,0,0
1768228024701577,52931,14550,60.0,24,0,0
1768228024703361,52931,14550,53.0,124,0,0
1768228024705371,52931,14550,31.0,2,0,0
1768228024706765,52931,14550,64.0,164,0,0
1768228024708491,52931,14550,24.0,168,0,0
1768228024710098,52931,14550,42.0,136,0,0
1768228024711340,52931,14550,42.0,193,0,0
1768228024713068,52931,14550,48.0,32,0,0
1768228024714676,52931,14550,40.0,241,0,0
1768228024716052,52931,14550,70.0,87,0,0
1768228024718042,52931,14550,61.0,147,0,0
1768228024719781,52931,14550,64.0,11030,0,0
1768228024800065,58419,5760,,0,1,0
1768228024920491,52931,14550,48.0,163,0,0
1768228024922303,52931,14550,44.0,178,0,0
1768228024924071,52931,14550,48.0,30,0,0
1768228024926871,52931,14550,48.0,33,0,0
1768228024929995,52931,14550,39.0,74,0,0
1768228024936537,52931,14550,51.0,1,0,0
1768228024943592,52931,14550,22.0,125,0,0
1768228024946684,52931,14550,27.0,152,0,0
1768228024948313,52931,14550,45.0,62,0,0
1768228024953529,52931,14550,26.0,42,0,0
1768228024957578,52931,14550,32.0,36,0,0
1768228024959174,52931,14550,62.0,65,0,0
1768228024961314,52931,14550,49.0,27,0,0
1768228024963496,52931,14550,44.0,116,0,0
1768228024964831,52931,14550,42.0,129,0,0
1768228024966822,52931,14550,34.0,29,0,0
1768228024968469,52931,14550,34.0,137,0,0
1768228024970025,52931,14550,60.0,24,0,0
1768228024972414,52931,14550,53.0,124,0,0
1768228024973906,52931,14550,31.0,2,0,0
1768228024975373,52931,14550,64.0,164,0,0
1768228024976606,52931,14550,24.0,168,0,0
1768228024978487,52931,14550,42.0,136,0,0
1768228024979809,52931,14550,42.0,193,0,0
1768228024981320,52931,14550,48.0,32,0,0
1768228024982809,52931,14550,40.0,241,0,0
1768228024984049,52931,14550,70.0,87,0,0
1768228024985675,52931,14550,61.0,147,0,0
1768228024987073,52931,14550,64.0,11030,0,0
1768228024990173,5760,58419,,0,1,0
1768228024991181,52931,14550,29.0,0,0,0
1768228025080788,5760,58419,,264,1,0
1768228025081972,52931,14550,47.0,264,0,0
1768228025171437,52931,14550,48.0,163,0,0
1768228025174360,52931,14550,44.0,178,0,0
1768228025177114,52931,14550,48.0,30,0,0
1768228025179264,52931,14550,48.0,33,0,0
1768228025180897,52931,14550,39.0,74,0,0
1768228025184500,52931,14550,51.0,1,0,0
1768228025187891,52931,14550,22.0,125,0,0
1768228025190197,52931,14550,27.0,152,0,0
1768228025192490,52931,14550,45.0,62,0,0
1768228025195349,52931,14550,26.0,42,0,0
1768228025197825,52931,14550,32.0,36,0,0
1768228025199033,52931,14550,62.0,65,0,0
1768228025200873,52931,14550,49.0,27,0,0
1768228025202498,52931,14550,44.0,116,0,0
1768228025204170,52931,14550,42.0,129,0,0
1768228025205747,52931,14550,34.0,29,0,0
1768228025207188,52931,14550,34.0,137,0,0
1768228025208777,52931,14550,60.0,24,0,0
1768228025210530,52931,14550,53.0,124,0,0
1768228025212023,52931,14550,31.0,2,0,0
1768228025213766,52931,14550,64.0,164,0,0
1768228025215016,52931,14550,24.0,168,0,0
1768228025216907,52931,14550,42.0,136,0,0
1768228025218229,52931,14550,42.0,193,0,0
1768228025220838,52931,14550,48.0,32,0,0
1768228025222353,52931,14550,40.0,241,0,0
1768228025223685,52931,14550,70.0,87,0,0
1768228025225463,52931,14550,61.0,147,0,0
1768228025227545,52931,14550,64.0,11030,0,0
1768228025420730,52931,14550,48.0,163,0,0
1768228025422647,52931,14550,44.0,178,0,0
1768228025424589,52931,14550,48.0,30,0,0
1768228025427914,52931,14550,48.0,33,0,0
1768228025429743,52931,14550,39.0,74,0,0
1768228025433999,52931,14550,51.0,1,0,0
1768228025440622,52931,14550,22.0,125,0,0
1768228025444843,52931,14550,27.0,152,0,0
1768228025446989,52931,14550,45.0,62,0,0
1768228025449689,52931,14550,26.0,42,0,0
1768228025453472,52931,14550,32.0,36,0,0
1768228025455673,52931,14550,62.0,65,0,0
1768228025457009,52931,14550,49.0,27,0,0
1768228025460298,52931,14550,44.0,116,0,0
1768228025463428,52931,14550,42.0,129,0,0
1768228025466492,52931,14550,34.0,29,0,0
1768228025468216,52931,14550,34.0,137,0,0
1768228025469809,52931,14550,60.0,24,0,0
1768228025472612,52931,14550,53.0,124,0,0
1768228025474491,52931,14550,31.0,2,0,0
1768228025476162,52931,14550,64.0,164,0,0
1768228025478253,52931,14550,24.0,168,0,0
1768228025480264,52931,14550,42.0,136,0,0
1768228025481945,52931,14550,42.0,193,0,0
1768228025483880,52931,14550,48.0,32,0,0
1768228025485946,52931,14550,40.0,241,0,0
1768228025487838,52931,14550,70.0,87,0,0
1768228025492579,52931,14550,61.0,147,0,0
1768228025494121,52931,14550,64.0,11030,0,0
1768228025588136,5760,58419,,264,1,0
1768228025589328,52931,14550,47.0,264,0,0
1768228025674459,52931,14550,48.0,163,0,0
1768228025677140,52931,14550,44.0,178,0,0
1768228025679591,52931,14550,48.0,30,0,0
1768228025682629,52931,14550,48.0,33,0,0
1768228025684014,52931,14550,39.0,74,0,0
1768228025686914,52931,14550,51.0,1,0,0
1768228025689638,52931,14550,22.0,125,0,0
1768228025691869,52931,14550,27.0,152,0,0
1768228025693510,52931,14550,45.0,62,0,0
1768228025695570,52931,14550,26.0,42,0,0
1768228025698056,52931,14550,32.0,36,0,0
1768228025699637,52931,14550,62.0,65,0,0
1768228025701105,52931,14550,49.0,27,0,0
1768228025702475,52931,14550,44.0,116,0,0
1768228025704530,52931,14550,42.0,129,0,0
1768228025706223,52931,14550,34.0,29,0,0
1768228025707654,52931,14550,34.0,137,0,0
1768228025709158,52931,14550,60.0,24,0,0
1768228025710823,52931,14550,53.0,124,0,0
1768228025712929,52931,14550,31.0,2,0,0
1768228025714210,52931,14550,64.0,164,0,0
1768228025715432,52931,14550,24.0,168,0,0
1768228025717285,52931,14550,42.0,136,0,0
1768228025718563,52931,14550,42.0,193,0,0
1768228025720198,52931,14550,48.0,32,0,0
1768228025721413,52931,14550,40.0,241,0,0
1768228025722755,52931,14550,70.0,87,0,0
1768228025724424,52931,14550,61.0,147,0,0
1768228025726128,52931,14550,64.0,11030,0,0
1768228025808767,58419,5760,,0,1,0
1768228025926543,52931,14550,48.0,163,0,0
1768228025929792,52931,14550,44.0,178,0,0
1768228025934156,52931,14550,48.0,30,0,0
1768228025936666,52931,14550,48.0,33,0,0
1768228025938143,52931,14550,39.0,74,0,0
1768228025943083,52931,14550,51.0,1,0,0
1768228025946522,52931,14550,22.0,125,0,0
1768228025948357,52931,14550,27.0,152,0,0
1768228025949632,52931,14550,45.0,62,0,0
1768228025952113,52931,14550,26.0,42,0,0
1768228025954109,52931,14550,32.0,36,0,0
1768228025955480,52931,14550,62.0,65,0,0
1768228025956743,52931,14550,49.0,27,0,0
1768228025957540,52931,14550,44.0,116,0,0
1768228025958585,52931,14550,42.0,129,0,0
1768228025959882,52931,14550,34.0,29,0,0
1768228025961215,52931,14550,34.0,137,0,0
1768228025962250,52931,14550,60.0,24,0,0
1768228025963930,52931,14550,53.0,124,0,0
1768228025965197,52931,14550,31.0,2,0,0
1768228025966048,52931,14550,64.0,164,0,0
1768228025966926,52931,14550,24.0,168,0,0
1768228025968054,52931,14550,42.0,136,0,0
1768228025969037,52931,14550,42.0,193,0,0
1768228025970094,52931,14550,48.0,32,0,0
1768228025970760,52931,14550,40.0,241,0,0
1768228025971105,52931,14550,70.0,87,0,0
1768228025971485,52931,14550,61.0,147,0,0
1768228025971803,52931,14550,64.0,11030,0,0
1768228025994726,5760,58419,,0,1,0
1768228025995390,52931,14550,29.0,0,0,0
1768228026088253,5760,58419,,264,1,0
1768228026088862,52931,14550,47.0,264,0,0
1768228026172280,52931,14550,48.0,163,0,0
1768228026174573,52931,14550,44.0,178,0,0
1768228026176410,52931,14550,48.0,30,0,0
1768228026179408,52931,14550,48.0,33,0,0
1768228026181141,52931,14550,39.0,74,0,0
1768228026184789,52931,14550,51.0,1,0,0
1768228026188018,52931,14550,22.0,125,0,0
1768228026189968,52931,14550,27.0,152,0,0
1768228026191698,52931,14550,45.0,62,0,0
1768228026193812,52931,14550,26.0,42,0,0
1768228026196284,52931,14550,32.0,36,0,0
1768228026198088,52931,14550,62.0,65,0,0
1768228026199741,52931,14550,49.0,27,0,0
1768228026201217,52931,14550,44.0,116,0,0
1768228026202891,52931,14550,42.0,129,0,0
1768228026204514,52931,14550,34.0,29,0,0
1768228026205890,52931,14550,34.0,137,0,0
1768228026207571,52931,14550,60.0,24,0,0
1768228026209858,52931,14550,53.0,124,0,0
1768228026211372,52931,14550,31.0,2,0,0
1768228026212805,52931,14550,64.0,164,0,0
1768228026214019,52931,14550,24.0,168,0,0
1768228026216171,52931,14550,42.0,136,0,0
1768228026218096,52931,14550,42.0,193,0,0
1768228026219929,52931,14550,48.0,32,0,0
1768228026221511,52931,14550,40.0,241,0,0
1768228026223538,52931,14550,70.0,87,0,0
1768228026226261,52931,14550,61.0,147,0,0
1768228026227734,52931,14550,64.0,11030,0,0
1768228026428780,52931,14550,48.0,163,0,0
1768228026430676,52931,14550,44.0,178,0,0
1768228026433817,52931,14550,48.0,30,0,0
1768228026436552,52931,14550,48.0,33,0,0
1768228026437976,52931,14550,39.0,74,0,0
1768228026441378,52931,14550,51.0,1,0,0
1768228026449384,52931,14550,22.0,125,0,0
1768228026451824,52931,14550,27.0,152,0,0
1768228026454962,52931,14550,45.0,62,0,0
1768228026458155,52931,14550,26.0,42,0,0
1768228026462280,52931,14550,32.0,36,0,0
1768228026465484,52931,14550,62.0,65,0,0
1768228026468245,52931,14550,49.0,27,0,0
1768228026471567,52931,14550,44.0,116,0,0
1768228026473921,52931,14550,42.0,129,0,0
1768228026476750,52931,14550,34.0,29,0,0
1768228026479096,52931,14550,34.0,137,0,0
1768228026481736,52931,14550,60.0,24,0,0
1768228026484910,52931,14550,53.0,124,0,0
1768228026486958,52931,14550,31.0,2,0,0
1768228026492589,52931,14550,64.0,164,0,0
1768228026494492,52931,14550,24.0,168,0,0
1768228026499310,52931,14550,42.0,136,0,0
1768228026500504,52931,14550,42.0,193,0,0
1768228026502335,52931,14550,48.0,32,0,0
1768228026504165,52931,14550,40.0,241,0,0
1768228026505416,52931,14550,70.0,87,0,0
1768228026507488,52931,14550,61.0,147,0,0
1768228026509285,52931,14550,64.0,11030,0,0
1768228026589899,5760,58419,,264,1,0
1768228026592338,52931,14550,47.0,264,0,0
1768228026676159,52931,14550,48.0,163,0,0
1768228026680119,52931,14550,44.0,178,0,0
1768228026683399,52931,14550,48.0,30,0,0
1768228026685790,52931,14550,48.0,33,0,0
1768228026687427,52931,14550,39.0,74,0,0
1768228026691722,52931,14550,51.0,1,0,0
1768228026695156,52931,14550,22.0,125,0,0
1768228026696887,52931,14550,27.0,152,0,0
1768228026698058,52931,14550,45.0,62,0,0
1768228026700521,52931,14550,26.0,42,0,0
1768228026702827,52931,14550,32.0,36,0,0
1768228026704391,52931,14550,62.0,65,0,0
1768228026706512,52931,14550,49.0,27,0,0
1768228026708523,52931,14550,44.0,116,0,0
1768228026709759,52931,14550,42.0,129,0,0
1768228026711133,52931,14550,34.0,29,0,0
1768228026712656,52931,14550,34.0,137,0,0
1768228026714621,52931,14550,60.0,24,0,0
1768228026716836,52931,14550,53.0,124,0,0
1768228026718910,52931,14550,31.0,2,0,0
1768228026720196,52931,14550,64.0,164,0,0
1768228026721706,52931,14550,24.0,168,0,0
1768228026723341,52931,14550,42.0,136,0,0
1768228026724871,52931,14550,42.0,193,0,0
1768228026726407,52931,14550,48.0,32,0,0
1768228026727900,52931,14550,40.0,241,0,0
1768228026729267,52931,14550,70.0,87,0,0
1768228026731635,52931,14550,61.0,147,0,0
1768228026733677,52931,14550,64.0,11030,0,0
1768228026815086,58419,5760,,0,1,0
1768228026930777,52931,14550,48.0,163,0,0
1768228026933422,52931,14550,44.0,178,0,0
1768228026935135,52931,14550,48.0,30,0,0
1768228026937453,52931,14550,48.0,33,0,0
1768228026942666,52931,14550,39.0,74,0,0
1768228026947496,52931,14550,51.0,1,0,0
1768228026952144,52931,14550,22.0,125,0,0
1768228026954763,52931,14550,27.0,152,0,0
1768228026956144,52931,14550,45.0,62,0,0
1768228026960350,52931,14550,26.0,42,0,0
1768228026963258,52931,14550,32.0,36,0,0
1768228026964539,52931,14550,62.0,65,0,0
1768228026968551,52931,14550,49.0,27,0,0
1768228026971319,52931,14550,44.0,116,0,0
1768228026972929,52931,14550,42.0,129,0,0
1768228026974182,52931,14550,34.0,29,0,0
1768228026976201,52931,14550,34.0,137,0,0
1768228026977552,52931,14550,60.0,24,0,0
1768228026982134,52931,14550,53.0,124,0,0
1768228026985312,52931,14550,31.0,2,0,0
1768228026986838,52931,14550,64.0,164,0,0
1768228026988646,52931,14550,24.0,168,0,0
1768228026991804,52931,14550,42.0,136,0,0
1768228026993667,52931,14550,42.0,193,0,0
1768228026996091,52931,14550,48.0,32,0,0
1768228026997467,52931,14550,40.0,241,0,0
1768228027000623,52931,14550,70.0,87,0,0
1768228027002107,52931,14550,61.0,147,0,0
1768228027004497,5760,58419,,0,1,0
1768228027005122,52931,14550,64.0,11030,0,0
1768228027007800,52931,14550,29.0,0,0,0
1768228027097486,5760,58419,,264,1,0
1768228027098606,52931,14550,47.0,264,0,0
1768228027182169,52931,14550,48.0,163,0,0
1768228027185365,52931,14550,44.0,178,0,0
1768228027186836,52931,14550,48.0,30,0,0
1768228027189259,52931,14550,48.0,33,0,0
1768228027190924,52931,14550,39.0,74,0,0
1768228027193894,52931,14550,51.0,1,0,0
1768228027196437,52931,14550,22.0,125,0,0
1768228027197969,52931,14550,27.0,152,0,0
1768228027199192,52931,14550,45.0,62,0,0
1768228027201731,52931,14550,26.0,42,0,0
1768228027204592,52931,14550,32.0,36,0,0
1768228027205860,52931,14550,62.0,65,0,0
1768228027207117,52931,14550,49.0,27,0,0
1768228027208625,52931,14550,44.0,116,0,0
1768228027209935,52931,14550,42.0,129,0,0
1768228027211424,52931,14550,34.0,29,0,0
1768228027212769,52931,14550,34.0,137,0,0
1768228027214517,52931,14550,60.0,24,0,0
1768228027216224,52931,14550,53.0,124,0,0
1768228027217630,52931,14550,31.0,2,0,0
1768228027219309,52931,14550,64.0,164,0,0
1768228027220552,52931,14550,24.0,168,0,0
1768228027222743,52931,14550,42.0,136,0,0
1768228027224084,52931,14550,42.0,193,0,0
1768228027225846,52931,14550,48.0,32,0,0
1768228027227187,52931,14550,40.0,241,0,0
1768228027228651,52931,14550,70.0,87,0,0
1768228027230539,52931,14550,61.0,147,0,0
1768228027231986,52931,14550,64.0,11030,0,0
1768228027433759,52931,14550,48.0,163,0,0
1768228027435474,52931,14550,44.0,178,0,0
1768228027436670,52931,14550,48.0,30,0,0
1768228027440945,52931,14550,48.0,33,0,0
1768228027442631,52931,14550,39.0,74,0,0
1768228027448184,52931,14550,51.0,1,0,0
1768228027455664,52931,14550,22.0,125,0,0
1768228027460158,52931,14550,27.0,152,0,0
1768228027461735,52931,14550,45.0,62,0,0
1768228027465078,52931,14550,26.0,42,0,0
1768228027467956,52931,14550,32.0,36,0,0
1768228027469328,52931,14550,62.0,65,0,0
1768228027473318,52931,14550,49.0,27,0,0
1768228027475689,52931,14550,44.0,116,0,0
1768228027478926,52931,14550,42.0,129,0,0
1768228027482500,52931,14550,34.0,29,0,0
1768228027484629,52931,14550,34.0,137,0,0
1768228027486613,52931,14550,60.0,24,0,0
1768228027488870,52931,14550,53.0,124,0,0
1768228027492588,52931,14550,31.0,2,0,0
1768228027494472,52931,14550,64.0,164,0,0
1768228027499586,52931,14550,24.0,168,0,0
1768228027502315,52931,14550,42.0,136,0,0
1768228027506219,52931,14550,42.0,193,0,0
1768228027508066,52931,14550,48.0,32,0,0
1768228027511851,52931,14550,40.0,241,0,0
1768228027513538,52931,14550,70.0,87,0,0
1768228027519394,52931,14550,61.0,147,0,0
1768228027521270,52931,14550,64.0,11030,0,0
1768228027600690,52931,14550,21.0,46,0,0
1768228027602255,52931,14550,47.0,264,0,0
1768228027605250,52931,14550,39.0,253,0,0
1768228027607048,52931,14550,35.0,253,0,0
1768228027684727,52931,14550,48.0,163,0,0
1768228027687472,52931,14550,44.0,178,0,0
1768228027691222,52931,14550,48.0,30,0,0
1768228027694177,52931,14550,48.0,33,0,0
1768228027696427,52931,14550,39.0,74,0,0
1768228027701444,52931,14550,51.0,1,0,0
1768228027707802,52931,14550,22.0,125,0,0
1768228027709856,52931,14550,27.0,152,0,0
1768228027711524,52931,14550,45.0,62,0,0
1768228027713902,52931,14550,26.0,42,0,0
1768228027716684,52931,14550,32.0,36,0,0
1768228027718311,52931,14550,62.0,65,0,0
1768228027720058,52931,14550,49.0,27,0,0
1768228027721576,52931,14550,44.0,116,0,0
1768228027723350,52931,14550,42.0,129,0,0
1768228027724651,52931,14550,34.0,29,0,0
1768228027726175,52931,14550,34.0,137,0,0
1768228027727359,52931,14550,60.0,24,0,0
1768228027729379,52931,14550,53.0,124,0,0
1768228027731700,52931,14550,31.0,2,0,0
1768228027732958,52931,14550,64.0,164,0,0
1768228027734121,52931,14550,24.0,168,0,0
1768228027735682,52931,14550,42.0,136,0,0
1768228027737307,52931,14550,42.0,193,0,0
1768228027739259,52931,14550,48.0,32,0,0
1768228027740926,52931,14550,40.0,241,0,0
1768228027742464,52931,14550,70.0,87,0,0
1768228027744451,52931,14550,61.0,147,0,0
1768228027746146,52931,14550,64.0,11030,0,0
1768228027815444,58419,5760,,0,1,0
1768228027938816,52931,14550,48.0,163,0,0
1768228027941305,52931,14550,44.0,178,0,0
1768228027944317,52931,14550,48.0,30,0,0
1768228027949618,52931,14550,48.0,33,0,0
1768228027952153,52931,14550,39.0,74,0,0
1768228027955855,52931,14550,51.0,1,0,0
1768228027962414,52931,14550,22.0,125,0,0
1768228027964175,52931,14550,27.0,152,0,0
1768228027965460,52931,14550,45.0,62,0,0
1768228027968213,52931,14550,26.0,42,0,0
1768228027970968,52931,14550,32.0,36,0,0
1768228027972434,52931,14550,62.0,65,0,0
1768228027975402,52931,14550,49.0,27,0,0
1768228027977757,52931,14550,44.0,116,0,0
1768228027980566,52931,14550,42.0,129,0,0
1768228027982636,52931,14550,34.0,29,0,0
1768228027984321,52931,14550,34.0,137,0,0
1768228027985880,52931,14550,60.0,24,0,0
1768228027987894,52931,14550,53.0,124,0,0
1768228027990267,52931,14550,31.0,2,0,0
1768228027991747,52931,14550,64.0,164,0,0
1768228027993857,52931,14550,24.0,168,0,0
1768228027997101,52931,14550,42.0,136,0,0
1768228027999625,52931,14550,42.0,193,0,0
1768228028003016,52931,14550,48.0,32,0,0
1768228028004908,5760,58419,,0,1,0
1768228028005087,52931,14550,40.0,241,0,0
1768228028008334,52931,14550,70.0,87,0,0
1768228028010909,52931,14550,61.0,147,0,0
1768228028016159,52931,14550,64.0,11030,0,0
1768228028018946,52931,14550,29.0,0,0,0
1768228028102046,5760,58419,,264,1,0
1768228028103203,52931,14550,47.0,264,0,0
1768228028187772,52931,14550,48.0,163,0,0
1768228028189894,52931,14550,44.0,178,0,0
1768228028192082,52931,14550,48.0,30,0,0
1768228028194457,52931,14550,48.0,33,0,0
1768228028196620,52931,14550,39.0,74,0,0
1768228028201893,52931,14550,51.0,1,0,0
1768228028204639,52931,14550,22.0,125,0,0
1768228028206651,52931,14550,27.0,152,0,0
1768228028207993,52931,14550,45.0,62,0,0
1768228028210609,52931,14550,26.0,42,0,0
1768228028212959,52931,14550,32.0,36,0,0
1768228028214677,52931,14550,62.0,65,0,0
1768228028216263,52931,14550,49.0,27,0,0
1768228028217732,52931,14550,44.0,116,0,0
1768228028219186,52931,14550,42.0,129,0,0
1768228028220391,52931,14550,34.0,29,0,0
1768228028222142,52931,14550,34.0,137,0,0
1768228028223361,52931,14550,60.0,24,0,0
1768228028225249,52931,14550,53.0,124,0,0
1768228028227191,52931,14550,31.0,2,0,0
1768228028228458,52931,14550,64.0,164,0,0
1768228028230022,52931,14550,24.0,168,0,0
1768228028231522,52931,14550,42.0,136,0,0
1768228028232761,52931,14550,42.0,193,0,0
1768228028234602,52931,14550,48.0,32,0,0
1768228028235840,52931,14550,40.0,241,0,0
1768228028237384,52931,14550,70.0,87,0,0
1768228028239373,52931,14550,61.0,147,0,0
1768228028240975,52931,14550,64.0,11030,0,0
1768228028436051,52931,14550,48.0,163,0,0
1768228028437906,52931,14550,44.0,178,0,0
1768228028440357,52931,14550,48.0,30,0,0
1768228028442856,52931,14550,48.0,33,0,0
1768228028445378,52931,14550,39.0,74,0,0
1768228028448832,52931,14550,51.0,1,0,0
1768228028455338,52931,14550,22.0,125,0,0
1768228028460157,52931,14550,27.0,152,0,0
1768228028461812,52931,14550,45.0,62,0,0
1768228028466157,52931,14550,26.0,42,0,0
1768228028469568,52931,14550,32.0,36,0,0
1768228028472477,52931,14550,62.0,65,0,0
1768228028475077,52931,14550,49.0,27,0,0
1768228028477100,52931,14550,44.0,116,0,0
1768228028479897,52931,14550,42.0,129,0,0
1768228028481552,52931,14550,34.0,29,0,0
1768228028482804,52931,14550,34.0,137,0,0
1768228028484963,52931,14550,60.0,24,0,0
1768228028487482,52931,14550,53.0,124,0,0
1768228028489190,52931,14550,31.0,2,0,0
1768228028492428,52931,14550,64.0,164,0,0
1768228028494483,52931,14550,24.0,168,0,0
1768228028497850,52931,14550,42.0,136,0,0
1768228028499637,52931,14550,42.0,193,0,0
1768228028501921,52931,14550,48.0,32,0,0
1768228028505929,52931,14550,40.0,241,0,0
1768228028507725,52931,14550,70.0,87,0,0
1768228028511053,52931,14550,61.0,147,0,0
1768228028513696,52931,14550,64.0,11030,0,0
1768228028605088,5760,58419,,264,1,0
1768228028606159,52931,14550,47.0,264,0,0
1768228028692495,52931,14550,48.0,163,0,0
1768228028695840,52931,14550,44.0,178,0,0
1768228028697082,52931,14550,48.0,30,0,0
1768228028698831,52931,14550,48.0,33,0,0
1768228028700476,52931,14550,39.0,74,0,0
1768228028704108,52931,14550,51.0,1,0,0
1768228028706787,52931,14550,22.0,125,0,0
1768228028708697,52931,14550,27.0,152,0,0
1768228028709917,52931,14550,45.0,62,0,0
1768228028712036,52931,14550,26.0,42,0,0
1768228028714830,52931,14550,32.0,36,0,0
1768228028716082,52931,14550,62.0,65,0,0
1768228028717486,52931,14550,49.0,27,0,0
1768228028719137,52931,14550,44.0,116,0,0
1768228028720672,52931,14550,42.0,129,0,0
1768228028722111,52931,14550,34.0,29,0,0
1768228028723590,52931,14550,34.0,137,0,0
1768228028724752,52931,14550,60.0,24,0,0
1768228028726958,52931,14550,53.0,124,0,0
1768228028728392,52931,14550,31.0,2,0,0
1768228028729848,52931,14550,64.0,164,0,0
1768228028731091,52931,14550,24.0,168,0,0
1768228028732725,52931,14550,42.0,136,0,0
1768228028734543,52931,14550,42.0,193,0,0
1768228028736231,52931,14550,48.0,32,0,0
1768228028737451,52931,14550,40.0,241,0,0
1768228028738812,52931,14550,70.0,87,0,0
1768228028740856,52931,14550,61.0,147,0,0
1768228028742153,52931,14550,64.0,11030,0,0
1768228028822155,58419,5760,,0,1,0
1768228028943308,52931,14550,48.0,163,0,0
1768228028945384,52931,14550,44.0,178,0,0
1768228028947007,52931,14550,48.0,30,0,0
1768228028948768,52931,14550,48.0,33,0,0
1768228028950007,52931,14550,39.0,74,0,0
1768228028954674,52931,14550,51.0,1,0,0
1768228028960473,52931,14550,22.0,125,0,0
1768228028963277,52931,14550,27.0,152,0,0
1768228028964428,52931,14550,45.0,62,0,0
1768228028967747,52931,14550,26.0,42,0,0
1768228028969942,52931,14550,32.0,36,0,0
1768228028971729,52931,14550,62.0,65,0,0
1768228028974148,52931,14550,49.0,27,0,0
1768228028976079,52931,14550,44.0,116,0,0
1768228028977275,52931,14550,42.0,129,0,0
1768228028978882,52931,14550,34.0,29,0,0
1768228028980259,52931,14550,34.0,137,0,0
1768228028982881,52931,14550,60.0,24,0,0
1768228028984509,52931,14550,53.0,124,0,0
1768228028986390,52931,14550,31.0,2,0,0
1768228028987470,52931,14550,64.0,164,0,0
1768228028988987,52931,14550,24.0,168,0,0
1768228028990446,52931,14550,42.0,136,0,0
1768228028991841,52931,14550,42.0,193,0,0
1768228028994490,52931,14550,48.0,32,0,0
1768228028995890,52931,14550,40.0,241,0,0
1768228028997929,52931,14550,70.0,87,0,0
1768228028999285,52931,14550,61.0,147,0,0
1768228029001438,52931,14550,64.0,11030,0,0
1768228029011490,5760,58419,,0,1,0
1768228029012486,52931,14550,29.0,0,0,0
1768228029106677,5760,58419,,264,1,0
1768228029107535,52931,14550,47.0,264,0,0
1768228029191575,52931,14550,48.0,163,0,0
1768228029193981,52931,14550,44.0,178,0,0
1768228029195087,52931,14550,48.0,30,0,0
1768228029197485,52931,14550,48.0,33,0,0
1768228029199095,52931,14550,39.0,74,0,0
1768228029203769,52931,14550,51.0,1,0,0
1768228029207902,52931,14550,22.0,125,0,0
1768228029209371,52931,14550,27.0,152,0,0
1768228029210573,52931,14550,45.0,62,0,0
1768228029212561,52931,14550,26.0,42,0,0
1768228029214758,52931,14550,32.0,36,0,0
1768228029216403,52931,14550,62.0,65,0,0
1768228029217544,52931,14550,49.0,27,0,0
1768228029218818,52931,14550,44.0,116,0,0
1768228029220199,52931,14550,42.0,129,0,0
1768228029221309,52931,14550,34.0,29,0,0
1768228029222757,52931,14550,34.0,137,0,0
1768228029223913,52931,14550,60.0,24,0,0
1768228029225617,52931,14550,53.0,124,0,0
1768228029227103,52931,14550,31.0,2,0,0
1768228029228684,52931,14550,64.0,164,0,0
1768228029229898,52931,14550,24.0,168,0,0
1768228029231224,52931,14550,42.0,136,0,0
1768228029232476,52931,14550,42.0,193,0,0
1768228029234170,52931,14550,48.0,32,0,0
1768228029235383,52931,14550,40.0,241,0,0
1768228029236550,52931,14550,70.0,87,0,0
1768228029237848,52931,14550,61.0,147,0,0
1768228029239571,52931,14550,64.0,11030,0,0
1768228029442208,52931,14550,48.0,163,0,0
1768228029444366,52931,14550,44.0,178,0,0
1768228029445736,52931,14550,48.0,30,0,0
1768228029447899,52931,14550,48.0,33,0,0
1768228029450910,52931,14550,39.0,74,0,0
1768228029455305,52931,14550,51.0,1,0,0
1768228029463144,52931,14550,22.0,125,0,0
1768228029466262,52931,14550,27.0,152,0,0
1768228029468046,52931,14550,45.0,62,0,0
1768228029470666,52931,14550,26.0,42,0,0
1768228029474219,52931,14550,32.0,36,0,0
1768228029476628,52931,14550,62.0,65,0,0
1768228029478266,52931,14550,49.0,27,0,0
1768228029479805,52931,14550,44.0,116,0,0
1768228029481952,52931,14550,42.0,129,0,0
1768228029484348,52931,14550,34.0,29,0,0
1768228029486433,52931,14550,34.0,137,0,0
1768228029490235,52931,14550,60.0,24,0,0
1768228029494045,52931,14550,53.0,124,0,0
1768228029495476,52931,14550,31.0,2,0,0
1768228029496643,52931,14550,64.0,164,0,0
1768228029498979,52931,14550,24.0,168,0,0
1768228029501271,52931,14550,42.0,136,0,0
1768228029504575,52931,14550,42.0,193,0,0
1768228029506898,52931,14550,48.0,32,0,0
1768228029508601,52931,14550,40.0,241,0,0
1768228029510322,52931,14550,70.0,87,0,0
1768228029512192,52931,14550,61.0,147,0,0
1768228029514140,52931,14550,64.0,11030,0,0
1768228029606655,5760,58419,,264,1,0
1768228029607771,52931,14550,47.0,264,0,0
1768228029696285,52931,14550,48.0,163,0,0
1768228029698552,52931,14550,44.0,178,0,0
1768228029699279,52931,14550,48.0,30,0,0
1768228029700330,52931,14550,48.0,33,0,0
1768228029701556,52931,14550,39.0,74,0,0
1768228029702799,52931,14550,51.0,1,0,0
1768228029703974,52931,14550,22.0,125,0,0
1768228029704955,52931,14550,27.0,152,0,0
1768228029705526,52931,14550,45.0,62,0,0
1768228029706718,52931,14550,26.0,42,0,0
1768228029707973,52931,14550,32.0,36,0,0
1768228029708922,52931,14550,62.0,65,0,0
1768228029709662,52931,14550,49.0,27,0,0
1768228029710524,52931,14550,44.0,116,0,0
1768228029711199,52931,14550,42.0,129,0,0
1768228029712236,52931,14550,34.0,29,0,0
1768228029712889,52931,14550,34.0,137,0,0
1768228029713719,52931,14550,60.0,24,0,0
1768228029714907,52931,14550,53.0,124,0,0
1768228029716098,52931,14550,31.0,2,0,0
1768228029716970,52931,14550,64.0,164,0,0
1768228029717729,52931,14550,24.0,168,0,0
1768228029718577,52931,14550,42.0,136,0,0
1768228029719280,52931,14550,42.0,193,0,0
1768228029720254,52931,14550,48.0,32,0,0
1768228029720915,52931,14550,40.0,241,0,0
1768228029721837,52931,14550,70.0,87,0,0
1768228029722737,52931,14550,61.0,147,0,0
1768228029723425,52931,14550,64.0,11030,0,0
1768228029824018,58419,5760,,0,1,0
1768228029945753,52931,14550,48.0,163,0,0
1768228029948394,52931,14550,44.0,178,0,0
1768228029950825,52931,14550,48.0,30,0,0
1768228029952709,52931,14550,48.0,33,0,0
1768228029954468,52931,14550,39.0,74,0,0
1768228029957784,52931,14550,51.0,1,0,0
1768228029963270,52931,14550,22.0,125,0,0
1768228029966134,52931,14550,27.0,152,0,0
1768228029967818,52931,14550,45.0,62,0,0
1768228029971054,52931,14550,26.0,42,0,0
1768228029975775,52931,14550,32.0,36,0,0
1768228029978469,52931,14550,62.0,65,0,0
1768228029980398,52931,14550,49.0,27,0,0
1768228029982416,52931,14550,44.0,116,0,0
1768228029984477,52931,14550,42.0,129,0,0
1768228029985691,52931,14550,34.0,29,0,0
1768228029987614,52931,14550,34.0,137,0,0
1768228029989442,52931,14550,60.0,24,0,0
1768228029991637,52931,14550,53.0,124,0,0
1768228029993791,52931,14550,31.0,2,0,0
1768228029995089,52931,14550,64.0,164,0,0
1768228029996274,52931,14550,24.0,168,0,0
1768228029999166,52931,14550,42.0,136,0,0
1768228030000427,52931,14550,42.0,193,0,0
1768228030002221,52931,14550,48.0,32,0,0
1768228030003945,52931,14550,40.0,241,0,0
1768228030007350,52931,14550,70.0,87,0,0
1768228030009543,52931,14550,61.0,147,0,0
1768228030012918,52931,14550,64.0,11030,0,0
1768228030020429,5760,58419,,0,1,0
1768228030021710,52931,14550,29.0,0,0,0
1768228030113343,5760,58419,,264,1,0
1768228030114736,52931,14550,47.0,264,0,0
1768228030194966,52931,14550,48.0,163,0,0
1768228030196854,52931,14550,44.0,178,0,0
1768228030199538,52931,14550,48.0,30,0,0
1768228030201609,52931,14550,48.0,33,0,0
1768228030203067,52931,14550,39.0,74,0,0
1768228030207659,52931,14550,51.0,1,0,0
1768228030211346,52931,14550,22.0,125,0,0
1768228030214300,52931,14550,27.0,152,0,0
1768228030215672,52931,14550,45.0,62,0,0
1768228030218927,52931,14550,26.0,42,0,0
1768228030221434,52931,14550,32.0,36,0,0
1768228030223350,52931,14550,62.0,65,0,0
1768228030224631,52931,14550,49.0,27,0,0
1768228030226338,52931,14550,44.0,116,0,0
1768228030227584,52931,14550,42.0,129,0,0
1768228030229520,52931,14550,34.0,29,0,0
1768228030232182,52931,14550,34.0,137,0,0
1768228030233609,52931,14550,60.0,24,0,0
1768228030237508,52931,14550,53.0,124,0,0
1768228030240250,52931,14550,31.0,2,0,0
1768228030242322,52931,14550,64.0,164,0,0
1768228030244276,52931,14550,24.0,168,0,0
1768228030246539,52931,14550,42.0,136,0,0
1768228030248105,52931,14550,42.0,193,0,0
1768228030249550,52931,14550,48.0,32,0,0
1768228030253556,52931,14550,40.0,241,0,0
1768228030255305,52931,14550,70.0,87,0,0
1768228030258062,52931,14550,61.0,147,0,0
1768228030260578,52931,14550,64.0,11030,0,0
1768228030447543,52931,14550,48.0,163,0,0
1768228030450258,52931,14550,44.0,178,0,0
1768228030451783,52931,14550,48.0,30,0,0
1768228030454426,52931,14550,48.0,33,0,0
1768228030456530,52931,14550,39.0,74,0,0
1768228030459524,52931,14550,51.0,1,0,0
1768228030462181,52931,14550,22.0,125,0,0
1768228030464011,52931,14550,27.0,152,0,0
1768228030465605,52931,14550,45.0,62,0,0
1768228030467803,52931,14550,26.0,42,0,0
1768228030470453,52931,14550,32.0,36,0,0
1768228030471851,52931,14550,62.0,65,0,0
1768228030473432,52931,14550,49.0,27,0,0
1768228030474650,52931,14550,44.0,116,0,0
1768228030475835,52931,14550,42.0,129,0,0
1768228030477350,52931,14550,34.0,29,0,0
1768228030478590,52931,14550,34.0,137,0,0
1768228030479947,52931,14550,60.0,24,0,0
1768228030482364,52931,14550,53.0,124,0,0
1768228030484189,52931,14550,31.0,2,0,0
1768228030485861,52931,14550,64.0,164,0,0
1768228030487650,52931,14550,24.0,168,0,0
1768228030489284,52931,14550,42.0,136,0,0
1768228030490970,52931,14550,42.0,193,0,0
1768228030492518,52931,14550,48.0,32,0,0
1768228030493708,52931,14550,40.0,241,0,0
1768228030495353,52931,14550,70.0,87,0,0
1768228030496911,52931,14550,61.0,147,0,0
1768228030498894,52931,14550,64.0,11030,0,0
1768228030613807,5760,58419,,264,1,0
1768228030615397,52931,14550,47.0,264,0,0
1768228030699932,52931,14550,48.0,163,0,0
1768228030703942,52931,14550,44.0,178,0,0
1768228030706135,52931,14550,48.0,30,0,0
1768228030708741,52931,14550,48.0,33,0,0
1768228030710101,52931,14550,39.0,74,0,0
1768228030713198,52931,14550,51.0,1,0,0
1768228030715686,52931,14550,22.0,125,0,0
1768228030717289,52931,14550,27.0,152,0,0
1768228030719226,52931,14550,45.0,62,0,0
1768228030722260,52931,14550,26.0,42,0,0
1768228030724647,52931,14550,32.0,36,0,0
1768228030725885,52931,14550,62.0,65,0,0
1768228030727458,52931,14550,49.0,27,0,0
1768228030728915,52931,14550,44.0,116,0,0
1768228030730556,52931,14550,42.0,129,0,0
1768228030732307,52931,14550,34.0,29,0,0
1768228030733866,52931,14550,34.0,137,0,0
1768228030735168,52931,14550,60.0,24,0,0
1768228030737090,52931,14550,53.0,124,0,0
1768228030738803,52931,14550,31.0,2,0,0
1768228030740518,52931,14550,64.0,164,0,0
1768228030742021,52931,14550,24.0,168,0,0
1768228030743417,52931,14550,42.0,136,0,0
1768228030744851,52931,14550,42.0,193,0,0
1768228030746411,52931,14550,48.0,32,0,0
1768228030747832,52931,14550,40.0,241,0,0
1768228030749130,52931,14550,70.0,87,0,0
1768228030751004,52931,14550,61.0,147,0,0
1768228030752412,52931,14550,64.0,11030,0,0
1768228030832491,58419,5760,,0,1,0
1768228030952770,52931,14550,48.0,163,0,0
1768228030954444,52931,14550,44.0,178,0,0
1768228030956280,52931,14550,48.0,30,0,0
1768228030958461,52931,14550,48.0,33,0,0
1768228030959812,52931,14550,39.0,74,0,0
1768228030965936,52931,14550,51.0,1,0,0
1768228030972265,52931,14550,22.0,125,0,0
1768228030974762,52931,14550,27.0,152,0,0
1768228030976493,52931,14550,45.0,62,0,0
1768228030980438,52931,14550,26.0,42,0,0
1768228030984750,52931,14550,32.0,36,0,0
1768228030986008,52931,14550,62.0,65,0,0
1768228030988258,52931,14550,49.0,27,0,0
1768228030989933,52931,14550,44.0,116,0,0
1768228030991920,52931,14550,42.0,129,0,0
1768228030994107,52931,14550,34.0,29,0,0
1768228030996216,52931,14550,34.0,137,0,0
1768228030998111,52931,14550,60.0,24,0,0
1768228031001211,52931,14550,53.0,124,0,0
1768228031004197,52931,14550,31.0,2,0,0
1768228031008748,52931,14550,64.0,164,0,0
1768228031010465,52931,14550,24.0,168,0,0
1768228031012872,52931,14550,42.0,136,0,0
1768228031016190,52931,14550,42.0,193,0,0
1768228031021380,52931,14550,48.0,32,0,0
1768228031022202,5760,58419,,0,1,0
1768228031023324,52931,14550,40.0,241,0,0
1768228031024570,52931,14550,70.0,87,0,0
1768228031026783,52931,14550,61.0,147,0,0
1768228031028703,52931,14550,64.0,11030,0,0
1768228031035349,52931,14550,29.0,0,0,0
1768228031115981,5760,58419,,264,1,0
1768228031117216,52931,14550,47.0,264,0,0
1768228031204507,52931,14550,48.0,163,0,0
1768228031205591,52931,14550,44.0,178,0,0
1768228031206116,52931,14550,48.0,30,0,0
1768228031207490,52931,14550,48.0,33,0,0
1768228031208612,52931,14550,39.0,74,0,0
1768228031210003,52931,14550,51.0,1,0,0
1768228031211013,52931,14550,22.0,125,0,0
1768228031211649,52931,14550,27.0,152,0,0
1768228031212152,52931,14550,45.0,62,0,0
1768228031213097,52931,14550,26.0,42,0,0
1768228031213824,52931,14550,32.0,36,0,0
1768228031214281,52931,14550,62.0,65,0,0
1768228031214932,52931,14550,49.0,27,0,0
1768228031215395,52931,14550,44.0,116,0,0
1768228031215944,52931,14550,42.0,129,0,0
1768228031216521,52931,14550,34.0,29,0,0
1768228031216937,52931,14550,34.0,137,0,0
1768228031217475,52931,14550,60.0,24,0,0
1768228031218280,52931,14550,53.0,124,0,0
1768228031218820,52931,14550,31.0,2,0,0
1768228031219328,52931,14550,64.0,164,0,0
1768228031219806,52931,14550,24.0,168,0,0
1768228031220272,52931,14550,42.0,136,0,0
1768228031220718,52931,14550,42.0,193,0,0
1768228031221275,52931,14550,48.0,32,0,0
1768228031221627,52931,14550,40.0,241,0,0
1768228031222107,52931,14550,70.0,87,0,0
1768228031222558,52931,14550,61.0,147,0,0
1768228031223269,52931,14550,64.0,11030,0,0
1768228031453629,52931,14550,48.0,163,0,0
1768228031454527,52931,14550,44.0,178,0,0
1768228031455016,52931,14550,48.0,30,0,0
1768228031455659,52931,14550,48.0,33,0,0
1768228031456006,52931,14550,39.0,74,0,0
1768228031457508,52931,14550,51.0,1,0,0
1768228031458442,52931,14550,22.0,125,0,0
1768228031459201,52931,14550,27.0,152,0,0
1768228031459871,52931,14550,45.0,62,0,0
1768228031461165,52931,14550,26.0,42,0,0
1768228031461908,52931,14550,32.0,36,0,0
1768228031463110,52931,14550,62.0,65,0,0
1768228031463695,52931,14550,49.0,27,0,0
1768228031464082,52931,14550,44.0,116,0,0
1768228031464653,52931,14550,42.0,129,0,0
1768228031465315,52931,14550,34.0,29,0,0
1768228031466423,52931,14550,34.0,137,0,0
1768228031466963,52931,14550,60.0,24,0,0
1768228031467655,52931,14550,53.0,124,0,0
1768228031468405,52931,14550,31.0,2,0,0
1768228031468950,52931,14550,64.0,164,0,0
1768228031469266,52931,14550,24.0,168,0,0
1768228031469897,52931,14550,42.0,136,0,0
1768228031470444,52931,14550,42.0,193,0,0
1768228031471388,52931,14550,48.0,32,0,0
1768228031471950,52931,14550,40.0,241,0,0
1768228031472421,52931,14550,70.0,87,0,0
1768228031473194,52931,14550,61.0,147,0,0
1768228031473574,52931,14550,64.0,11030,0,0
1768228031616613,5760,58419,,264,1,0
1768228031616979,52931,14550,47.0,264,0,0
1768228031705576,52931,14550,48.0,163,0,0
1768228031706213,52931,14550,44.0,178,0,0
1768228031706909,52931,14550,48.0,30,0,0
1768228031707570,52931,14550,48.0,33,0,0
1768228031708124,52931,14550,39.0,74,0,0
1768228031709735,52931,14550,51.0,1,0,0
1768228031711176,52931,14550,22.0,125,0,0
1768228031712055,52931,14550,27.0,152,0,0
1768228031712457,52931,14550,45.0,62,0,0
1768228031713219,52931,14550,26.0,42,0,0
1768228031713851,52931,14550,32.0,36,0,0
1768228031714393,52931,14550,62.0,65,0,0
1768228031714896,52931,14550,49.0,27,0,0
1768228031715264,52931,14550,44.0,116,0,0
1768228031715611,52931,14550,42.0,129,0,0
1768228031715961,52931,14550,34.0,29,0,0
1768228031716371,52931,14550,34.0,137,0,0
1768228031716722,52931,14550,60.0,24,0,0
1768228031718105,52931,14550,53.0,124,0,0
1768228031719325,52931,14550,31.0,2,0,0
1768228031720513,52931,14550,64.0,164,0,0
1768228031721887,52931,14550,24.0,168,0,0
1768228031722459,52931,14550,42.0,136,0,0
1768228031722877,52931,14550,42.0,193,0,0
1768228031723275,52931,14550,48.0,32,0,0
1768228031723613,52931,14550,40.0,241,0,0
1768228031724040,52931,14550,70.0,87,0,0
1768228031724402,52931,14550,61.0,147,0,0
1768228031724937,52931,14550,64.0,11030,0,0
1768228031834426,58419,5760,,0,1,0
1768228031957160,52931,14550,48.0,163,0,0
1768228031958744,52931,14550,44.0,178,0,0
1768228031959386,52931,14550,48.0,30,0,0
1768228031960602,52931,14550,48.0,33,0,0
1768228031961655,52931,14550,39.0,74,0,0
1768228031963999,52931,14550,51.0,1,0,0
1768228031967500,52931,14550,22.0,125,0,0
1768228031968555,52931,14550,27.0,152,0,0
1768228031969129,52931,14550,45.0,62,0,0
1768228031970477,52931,14550,26.0,42,0,0
1768228031971788,52931,14550,32.0,36,0,0
1768228031972924,52931,14550,62.0,65,0,0
1768228031974126,52931,14550,49.0,27,0,0
1768228031975416,52931,14550,44.0,116,0,0
1768228031976601,52931,14550,42.0,129,0,0
1768228031977636,52931,14550,34.0,29,0,0
1768228031978322,52931,14550,34.0,137,0,0
1768228031978733,52931,14550,60.0,24,0,0
1768228031980700,52931,14550,53.0,124,0,0
1768228031981948,52931,14550,31.0,2,0,0
1768228031982486,52931,14550,64.0,164,0,0
1768228031982901,52931,14550,24.0,168,0,0
1768228031983484,52931,14550,42.0,136,0,0
1768228031983991,52931,14550,42.0,193,0,0
1768228031984508,52931,14550,48.0,32,0,0
1768228031984959,52931,14550,40.0,241,0,0
1768228031985474,52931,14550,70.0,87,0,0
1768228031985969,52931,14550,61.0,147,0,0
1768228031986326,52931,14550,64.0,11030,0,0
1768228032026736,5760,58419,,0,1,0
1768228032027638,52931,14550,29.0,0,0,0
1768228032117549,5760,58419,,264,1,0
1768228032118904,52931,14550,47.0,264,0,0
1768228032205570,52931,14550,48.0,163,0,0
1768228032207121,52931,14550,44.0,178,0,0
1768228032208088,52931,14550,48.0,30,0,0
1768228032209162,52931,14550,48.0,33,0,0
1768228032210203,52931,14550,39.0,74,0,0
1768228032213792,52931,14550,51.0,1,0,0
1768228032215671,52931,14550,22.0,125,0,0
1768228032216805,52931,14550,27.0,152,0,0
1768228032217514,52931,14550,45.0,62,0,0
1768228032218869,52931,14550,26.0,42,0,0
1768228032220612,52931,14550,32.0,36,0,0
1768228032221370,52931,14550,62.0,65,0,0
1768228032222096,52931,14550,49.0,27,0,0
1768228032222951,52931,14550,44.0,116,0,0
1768228032223653,52931,14550,42.0,129,0,0
1768228032224517,52931,14550,34.0,29,0,0
1768228032225242,52931,14550,34.0,137,0,0
1768228032225907,52931,14550,60.0,24,0,0
1768228032226986,52931,14550,53.0,124,0,0
1768228032227933,52931,14550,31.0,2,0,0
1768228032228728,52931,14550,64.0,164,0,0
1768228032229647,52931,14550,24.0,168,0,0
1768228032230746,52931,14550,42.0,136,0,0
1768228032231593,52931,14550,42.0,193,0,0
1768228032232370,52931,14550,48.0,32,0,0
1768228032233092,52931,14550,40.0,241,0,0
1768228032233911,52931,14550,70.0,87,0,0
1768228032234875,52931,14550,61.0,147,0,0
1768228032235916,52931,14550,64.0,11030,0,0
1768228032291389,58419,5760,,66,1,0
1768228032457764,52931,14550,48.0,163,0,0
1768228032459429,52931,14550,44.0,178,0,0
1768228032461263,52931,14550,48.0,30,0,0
1768228032464306,52931,14550,48.0,33,0,0
1768228032466065,52931,14550,39.0,74,0,0
1768228032472285,52931,14550,51.0,1,0,0
1768228032478800,52931,14550,22.0,125,0,0
1768228032483434,52931,14550,27.0,152,0,0
1768228032485362,52931,14550,45.0,62,0,0
1768228032490178,52931,14550,26.0,42,0,0
1768228032494128,52931,14550,32.0,36,0,0
1768228032496378,52931,14550,62.0,65,0,0
1768228032499660,52931,14550,49.0,27,0,0
1768228032507077,52931,14550,44.0,116,0,0
1768228032509113,52931,14550,42.0,129,0,0
1768228032510338,52931,14550,34.0,29,0,0
1768228032512243,52931,14550,34.0,137,0,0
1768228032514248,52931,14550,60.0,24,0,0
1768228032516684,52931,14550,53.0,124,0,0
1768228032518800,52931,14550,31.0,2,0,0
1768228032521267,52931,14550,64.0,164,0,0
1768228032525384,52931,14550,24.0,168,0,0
1768228032526979,52931,14550,42.0,136,0,0
1768228032528638,52931,14550,42.0,193,0,0
1768228032530078,52931,14550,48.0,32,0,0
1768228032531283,52931,14550,40.0,241,0,0
1768228032532738,52931,14550,70.0,87,0,0
1768228032534550,52931,14550,61.0,147,0,0
1768228032536527,52931,14550,64.0,11030,0,0
1768228032624999,5760,58419,,264,1,0
1768228032626083,52931,14550,47.0,264,0,0
1768228032706856,52931,14550,48.0,163,0,0
1768228032709090,52931,14550,44.0,178,0,0
1768228032711959,52931,14550,48.0,30,0,0
1768228032715652,52931,14550,48.0,33,0,0
1768228032717232,52931,14550,39.0,74,0,0
1768228032721476,52931,14550,51.0,1,0,0
1768228032725154,52931,14550,22.0,125,0,0
1768228032727535,52931,14550,27.0,152,0,0
1768228032729208,52931,14550,45.0,62,0,0
1768228032732399,52931,14550,26.0,42,0,0
1768228032735166,52931,14550,32.0,36,0,0
1768228032736975,52931,14550,62.0,65,0,0
1768228032739478,52931,14550,49.0,27,0,0
1768228032741485,52931,14550,44.0,116,0,0
1768228032742893,52931,14550,42.0,129,0,0
1768228032744502,52931,14550,34.0,29,0,0
1768228032745752,52931,14550,34.0,137,0,0
1768228032747388,52931,14550,60.0,24,0,0
1768228032749159,52931,14550,53.0,124,0,0
1768228032750991,52931,14550,31.0,2,0,0
1768228032752697,52931,14550,64.0,164,0,0
1768228032754242,52931,14550,24.0,168,0,0
1768228032756151,52931,14550,42.0,136,0,0
1768228032757674,52931,14550,42.0,193,0,0
1768228032759101,52931,14550,48.0,32,0,0
1768228032760310,52931,14550,40.0,241,0,0
1768228032761785,52931,14550,70.0,87,0,0
1768228032763576,52931,14550,61.0,147,0,0
1768228032765284,52931,14550,64.0,11030,0,0
1768228032838402,58419,5760,,0,1,0
1768228032959943,52931,14550,48.0,163,0,0
1768228032962733,52931,14550,44.0,178,0,0
1768228032964949,52931,14550,48.0,30,0,0
1768228032967552,52931,14550,48.0,33,0,0
1768228032969503,52931,14550,39.0,74,0,0
1768228032973267,52931,14550,51.0,1,0,0
1768228032978820,52931,14550,22.0,125,0,0
1768228032981155,52931,14550,27.0,152,0,0
1768228032983949,52931,14550,45.0,62,0,0
1768228032987518,52931,14550,26.0,42,0,0
1768228032990053,52931,14550,32.0,36,0,0
1768228032992813,52931,14550,62.0,65,0,0
1768228032995726,52931,14550,49.0,27,0,0
1768228032998008,52931,14550,44.0,116,0,0
1768228033000531,52931,14550,42.0,129,0,0
1768228033001912,52931,14550,34.0,29,0,0
1768228033003736,52931,14550,34.0,137,0,0
1768228033005886,52931,14550,60.0,24,0,0
1768228033008546,52931,14550,53.0,124,0,0
1768228033011057,52931,14550,31.0,2,0,0
1768228033014213,52931,14550,64.0,164,0,0
1768228033016535,52931,14550,24.0,168,0,0
1768228033018418,52931,14550,42.0,136,0,0
1768228033020202,52931,14550,42.0,193,0,0
1768228033022914,52931,14550,48.0,32,0,0
1768228033024545,52931,14550,40.0,241,0,0
1768228033027640,52931,14550,70.0,87,0,0
1768228033031133,5760,58419,,0,1,0
1768228033031275,52931,14550,61.0,147,0,0
1768228033032756,52931,14550,64.0,11030,0,0
1768228033037121,52931,14550,29.0,0,0,0
1768228033047059,5760,58419,,111,1,0
1768228033047930,52931,14550,33.0,111,0,0
1768228033125669,5760,58419,,264,1,0
1768228033126734,52931,14550,47.0,264,0,0
1768228033211696,52931,14550,48.0,163,0,0
1768228033213314,52931,14550,44.0,178,0,0
1768228033215303,52931,14550,48.0,30,0,0
1768228033217480,52931,14550,48.0,33,0,0
1768228033219122,52931,14550,39.0,74,0,0
1768228033225183,52931,14550,51.0,1,0,0
1768228033227829,52931,14550,22.0,125,0,0
1768228033229670,52931,14550,27.0,152,0,0
1768228033230860,52931,14550,45.0,62,0,0
1768228033233790,52931,14550,26.0,42,0,0
1768228033236286,52931,14550,32.0,36,0,0
1768228033237494,52931,14550,62.0,65,0,0
1768228033238774,52931,14550,49.0,27,0,0
1768228033240160,52931,14550,44.0,116,0,0
1768228033241536,52931,14550,42.0,129,0,0
1768228033243101,52931,14550,34.0,29,0,0
1768228033244499,52931,14550,34.0,137,0,0
1768228033245974,52931,14550,60.0,24,0,0
1768228033247727,52931,14550,53.0,124,0,0
1768228033249699,52931,14550,31.0,2,0,0
1768228033250893,52931,14550,64.0,164,0,0
1768228033252724,52931,14550,24.0,168,0,0
1768228033254214,52931,14550,42.0,136,0,0
1768228033255726,52931,14550,42.0,193,0,0
1768228033258615,52931,14550,48.0,32,0,0
1768228033260156,52931,14550,40.0,241,0,0
1768228033261746,52931,14550,70.0,87,0,0
1768228033263279,52931,14550,61.0,147,0,0
1768228033265115,52931,14550,64.0,11030,0,0
1768228033465979,52931,14550,48.0,163,0,0
1768228033469285,52931,14550,44.0,178,0,0
1768228033472440,52931,14550,48.0,30,0,0
1768228033474873,52931,14550,48.0,33,0,0
1768228033476727,52931,14550,39.0,74,0,0
1768228033482128,52931,14550,51.0,1,0,0
1768228033490359,52931,14550,22.0,125,0,0
1768228033492710,52931,14550,27.0,152,0,0
1768228033494027,52931,14550,45.0,62,0,0
1768228033498072,52931,14550,26.0,42,0,0
1768228033501238,52931,14550,32.0,36,0,0
1768228033504157,52931,14550,62.0,65,0,0
1768228033507199,52931,14550,49.0,27,0,0
1768228033510721,52931,14550,44.0,116,0,0
1768228033512610,52931,14550,42.0,129,0,0
1768228033514385,52931,14550,34.0,29,0,0
1768228033516522,52931,14550,34.0,137,0,0
1768228033518107,52931,14550,60.0,24,0,0
1768228033523286,52931,14550,53.0,124,0,0
1768228033525474,52931,14550,31.0,2,0,0
1768228033526669,52931,14550,64.0,164,0,0
1768228033528150,52931,14550,24.0,168,0,0
1768228033529758,52931,14550,42.0,136,0,0
1768228033531050,52931,14550,42.0,193,0,0
1768228033532564,52931,14550,48.0,32,0,0
1768228033533785,52931,14550,40.0,241,0,0
1768228033535335,52931,14550,70.0,87,0,0
1768228033537545,52931,14550,61.0,147,0,0
1768228033539018,52931,14550,64.0,11030,0,0
1768228033627423,5760,58419,,264,1,0
1768228033628600,52931,14550,47.0,264,0,0
1768228033717962,52931,14550,48.0,163,0,0
1768228033720951,52931,14550,44.0,178,0,0
1768228033723291,52931,14550,48.0,30,0,0
1768228033725208,52931,14550,48.0,33,0,0
1768228033726705,52931,14550,39.0,74,0,0
1768228033730512,52931,14550,51.0,1,0,0
1768228033733241,52931,14550,22.0,125,0,0
1768228033735316,52931,14550,27.0,152,0,0
1768228033736712,52931,14550,45.0,62,0,0
1768228033739031,52931,14550,26.0,42,0,0
1768228033742023,52931,14550,32.0,36,0,0
1768228033743345,52931,14550,62.0,65,0,0
1768228033745498,52931,14550,49.0,27,0,0
1768228033746827,52931,14550,44.0,116,0,0
1768228033748290,52931,14550,42.0,129,0,0
1768228033749769,52931,14550,34.0,29,0,0
1768228033750985,52931,14550,34.0,137,0,0
1768228033752312,52931,14550,60.0,24,0,0
1768228033754127,52931,14550,53.0,124,0,0
1768228033755970,52931,14550,31.0,2,0,0
1768228033757652,52931,14550,64.0,164,0,0
1768228033759442,52931,14550,24.0,168,0,0
1768228033760853,52931,14550,42.0,136,0,0
1768228033762287,52931,14550,42.0,193,0,0
1768228033763957,52931,14550,48.0,32,0,0
1768228033765318,52931,14550,40.0,241,0,0
1768228033766919,52931,14550,70.0,87,0,0
1768228033768633,52931,14550,61.0,147,0,0
1768228033769922,52931,14550,64.0,11030,0,0
1768228033840608,58419,5760,,0,1,0
1768228033968373,52931,14550,48.0,163,0,0
1768228033970211,52931,14550,44.0,178,0,0
1768228033973432,52931,14550,48.0,30,0,0
1768228033976507,52931,14550,48.0,33,0,0
1768228033978182,52931,14550,39.0,74,0,0
1768228033983129,52931,14550,51.0,1,0,0
1768228033988659,52931,14550,22.0,125,0,0
1768228033991442,52931,14550,27.0,152,0,0
1768228033995437,52931,14550,45.0,62,0,0
1768228033998520,52931,14550,26.0,42,0,0
1768228034001465,52931,14550,32.0,36,0,0
1768228034003406,52931,14550,62.0,65,0,0
1768228034005166,52931,14550,49.0,27,0,0
1768228034006890,52931,14550,44.0,116,0,0
1768228034008582,52931,14550,42.0,129,0,0
1768228034010308,52931,14550,34.0,29,0,0
1768228034012090,52931,14550,34.0,137,0,0
1768228034013726,52931,14550,60.0,24,0,0
1768228034017717,52931,14550,53.0,124,0,0
1768228034019502,52931,14550,31.0,2,0,0
1768228034021890,52931,14550,64.0,164,0,0
1768228034023905,52931,14550,24.0,168,0,0
1768228034025345,52931,14550,42.0,136,0,0
1768228034027162,52931,14550,42.0,193,0,0
1768228034028598,52931,14550,48.0,32,0,0
1768228034030505,52931,14550,40.0,241,0,0
1768228034031756,52931,14550,70.0,87,0,0
1768228034033443,52931,14550,61.0,147,0,0
1768228034035294,52931,14550,64.0,11030,0,0
1768228034037527,5760,58419,,0,1,0
1768228034038727,52931,14550,29.0,0,0,0
1768228034131195,5760,58419,,264,1,0
1768228034132194,52931,14550,47.0,264,0,0
1768228034216224,52931,14550,48.0,163,0,0
1768228034217883,52931,14550,44.0,178,0,0
1768228034219885,52931,14550,48.0,30,0,0
1768228034222322,52931,14550,48.0,33,0,0
1768228034223674,52931,14550,39.0,74,0,0
1768228034229506,52931,14550,51.0,1,0,0
1768228034231732,52931,14550,22.0,125,0,0
1768228034233671,52931,14550,27.0,152,0,0
1768228034235237,52931,14550,45.0,62,0,0
1768228034237205,52931,14550,26.0,42,0,0
1768228034240071,52931,14550,32.0,36,0,0
1768228034241546,52931,14550,62.0,65,0,0
1768228034243045,52931,14550,49.0,27,0,0
1768228034244771,52931,14550,44.0,116,0,0
1768228034246453,52931,14550,42.0,129,0,0
1768228034247734,52931,14550,34.0,29,0,0
1768228034249193,52931,14550,34.0,137,0,0
1768228034250464,52931,14550,60.0,24,0,0
1768228034252380,52931,14550,53.0,124,0,0
1768228034254299,52931,14550,31.0,2,0,0
1768228034255505,52931,14550,64.0,164,0,0
1768228034257076,52931,14550,24.0,168,0,0
1768228034258661,52931,14550,42.0,136,0,0
1768228034260639,52931,14550,42.0,193,0,0
1768228034262341,52931,14550,48.0,32,0,0
1768228034263807,52931,14550,40.0,241,0,0
1768228034265210,52931,14550,70.0,87,0,0
1768228034266943,52931,14550,61.0,147,0,0
1768228034268786,52931,14550,64.0,11030,0,0
1768228034467647,52931,14550,48.0,163,0,0
1768228034471021,52931,14550,44.0,178,0,0
1768228034472345,52931,14550,48.0,30,0,0
1768228034475322,52931,14550,48.0,33,0,0
1768228034477500,52931,14550,39.0,74,0,0
1768228034484367,52931,14550,51.0,1,0,0
1768228034488881,52931,14550,22.0,125,0,0
1768228034492093,52931,14550,27.0,152,0,0
1768228034494826,52931,14550,45.0,62,0,0
1768228034500625,52931,14550,26.0,42,0,0
1768228034503755,52931,14550,32.0,36,0,0
1768228034505109,52931,14550,62.0,65,0,0
1768228034507125,52931,14550,49.0,27,0,0
1768228034508887,52931,14550,44.0,116,0,0
1768228034511927,52931,14550,42.0,129,0,0
1768228034513513,52931,14550,34.0,29,0,0
1768228034515931,52931,14550,34.0,137,0,0
1768228034517893,52931,14550,60.0,24,0,0
1768228034522248,52931,14550,53.0,124,0,0
1768228034524580,52931,14550,31.0,2,0,0
1768228034527252,52931,14550,64.0,164,0,0
1768228034529894,52931,14550,24.0,168,0,0
1768228034531814,52931,14550,42.0,136,0,0
1768228034533066,52931,14550,42.0,193,0,0
1768228034535059,52931,14550,48.0,32,0,0
1768228034537207,52931,14550,40.0,241,0,0
1768228034538711,52931,14550,70.0,87,0,0
1768228034541237,52931,14550,61.0,147,0,0
1768228034543823,52931,14550,64.0,11030,0,0
1768228034635315,5760,58419,,264,1,0
1768228034636495,52931,14550,47.0,264,0,0
1768228034722732,52931,14550,48.0,163,0,0
1768228034725312,52931,14550,44.0,178,0,0
1768228034726907,52931,14550,48.0,30,0,0
1768228034730237,52931,14550,48.0,33,0,0
1768228034731840,52931,14550,39.0,74,0,0
1768228034734648,52931,14550,51.0,1,0,0
1768228034737054,52931,14550,22.0,125,0,0
1768228034739001,52931,14550,27.0,152,0,0
1768228034740201,52931,14550,45.0,62,0,0
1768228034742747,52931,14550,26.0,42,0,0
1768228034744813,52931,14550,32.0,36,0,0
1768228034746079,52931,14550,62.0,65,0,0
1768228034747605,52931,14550,49.0,27,0,0
1768228034749068,52931,14550,44.0,116,0,0
1768228034750337,52931,14550,42.0,129,0,0
1768228034751526,52931,14550,34.0,29,0,0
1768228034753332,52931,14550,34.0,137,0,0
1768228034754953,52931,14550,60.0,24,0,0
1768228034756798,52931,14550,53.0,124,0,0
1768228034758899,52931,14550,31.0,2,0,0
1768228034760081,52931,14550,64.0,164,0,0
1768228034761304,52931,14550,24.0,168,0,0
1768228034763005,52931,14550,42.0,136,0,0
1768228034764198,52931,14550,42.0,193,0,0
1768228034765849,52931,14550,48.0,32,0,0
1768228034767345,52931,14550,40.0,241,0,0
1768228034768886,52931,14550,70.0,87,0,0
1768228034770663,52931,14550,61.0,147,0,0
1768228034772476,52931,14550,64.0,11030,0,0
1768228034841629,58419,5760,,0,1,0
1768228034972644,52931,14550,48.0,163,0,0
1768228034974923,52931,14550,44.0,178,0,0
1768228034976202,52931,14550,48.0,30,0,0
1768228034978791,52931,14550,48.0,33,0,0
1768228034982741,52931,14550,39.0,74,0,0
1768228034986602,52931,14550,51.0,1,0,0
1768228034991207,52931,14550,22.0,125,0,0
1768228034994346,52931,14550,27.0,152,0,0
1768228034996348,52931,14550,45.0,62,0,0
1768228035000960,52931,14550,26.0,42,0,0
1768228035005266,52931,14550,32.0,36,0,0
1768228035007470,52931,14550,62.0,65,0,0
1768228035009264,52931,14550,49.0,27,0,0
1768228035012068,52931,14550,44.0,116,0,0
1768228035013406,52931,14550,42.0,129,0,0
1768228035014849,52931,14550,34.0,29,0,0
1768228035016763,52931,14550,34.0,137,0,0
1768228035019958,52931,14550,60.0,24,0,0
1768228035023633,52931,14550,53.0,124,0,0
1768228035026118,52931,14550,31.0,2,0,0
1768228035027331,52931,14550,64.0,164,0,0
1768228035029339,52931,14550,24.0,168,0,0
1768228035030865,52931,14550,42.0,136,0,0
1768228035035500,52931,14550,42.0,193,0,0
1768228035037268,52931,14550,48.0,32,0,0
1768228035039204,52931,14550,40.0,241,0,0
1768228035040407,52931,14550,70.0,87,0,0
1768228035042292,52931,14550,61.0,147,0,0
1768228035042542,5760,58419,,0,1,0
1768228035044161,52931,14550,64.0,11030,0,0
1768228035048031,52931,14550,29.0,0,0,0
1768228035135641,5760,58419,,264,1,0
1768228035136823,52931,14550,47.0,264,0,0
1768228035222068,52931,14550,48.0,163,0,0
1768228035224714,52931,14550,44.0,178,0,0
1768228035226024,52931,14550,48.0,30,0,0
1768228035228392,52931,14550,48.0,33,0,0
1768228035230243,52931,14550,39.0,74,0,0
1768228035234836,52931,14550,51.0,1,0,0
1768228035240189,52931,14550,22.0,125,0,0
1768228035242509,52931,14550,27.0,152,0,0
1768228035243943,52931,14550,45.0,62,0,0
1768228035245756,52931,14550,26.0,42,0,0
1768228035248136,52931,14550,32.0,36,0,0
1768228035250652,52931,14550,62.0,65,0,0
1768228035252245,52931,14550,49.0,27,0,0
1768228035254091,52931,14550,44.0,116,0,0
1768228035255620,52931,14550,42.0,129,0,0
1768228035257076,52931,14550,34.0,29,0,0
1768228035258708,52931,14550,34.0,137,0,0
1768228035260268,52931,14550,60.0,24,0,0
1768228035262073,52931,14550,53.0,124,0,0
1768228035264689,52931,14550,31.0,2,0,0
1768228035267091,52931,14550,64.0,164,0,0
1768228035268713,52931,14550,24.0,168,0,0
1768228035270145,52931,14550,42.0,136,0,0
1768228035271387,52931,14550,42.0,193,0,0
1768228035273121,52931,14550,48.0,32,0,0
1768228035274411,52931,14550,40.0,241,0,0
1768228035275853,52931,14550,70.0,87,0,0
1768228035277646,52931,14550,61.0,147,0,0
1768228035279380,52931,14550,64.0,11030,0,0
1768228035475779,52931,14550,48.0,163,0,0
1768228035477692,52931,14550,44.0,178,0,0
1768228035479488,52931,14550,48.0,30,0,0
1768228035483694,52931,14550,48.0,33,0,0
1768228035485670,52931,14550,39.0,74,0,0
1768228035489930,52931,14550,51.0,1,0,0
1768228035496213,52931,14550,22.0,125,0,0
1768228035498331,52931,14550,27.0,152,0,0
1768228035501936,52931,14550,45.0,62,0,0
1768228035506154,52931,14550,26.0,42,0,0
1768228035510386,52931,14550,32.0,36,0,0
1768228035513676,52931,14550,62.0,65,0,0
1768228035517359,52931,14550,49.0,27,0,0
1768228035519839,52931,14550,44.0,116,0,0
1768228035521928,52931,14550,42.0,129,0,0
1768228035525562,52931,14550,34.0,29,0,0
1768228035529434,52931,14550,34.0,137,0,0
1768228035531230,52931,14550,60.0,24,0,0
1768228035533443,52931,14550,53.0,124,0,0
1768228035537103,52931,14550,31.0,2,0,0
1768228035540102,52931,14550,64.0,164,0,0
1768228035541974,52931,14550,24.0,168,0,0
1768228035545365,52931,14550,42.0,136,0,0
1768228035546685,52931,14550,42.0,193,0,0
1768228035548748,52931,14550,48.0,32,0,0
1768228035550405,52931,14550,40.0,241,0,0
1768228035552769,52931,14550,70.0,87,0,0
1768228035555382,52931,14550,61.0,147,0,0
1768228035559101,52931,14550,64.0,11030,0,0
1768228035639015,5760,58419,,264,1,0
1768228035640280,52931,14550,47.0,264,0,0
1768228035725645,52931,14550,48.0,163,0,0
1768228035727793,52931,14550,44.0,178,0,0
1768228035729037,52931,14550,48.0,30,0,0
1768228035732357,52931,14550,48.0,33,0,0
1768228035734333,52931,14550,39.0,74,0,0
1768228035738007,52931,14550,51.0,1,0,0
1768228035740673,52931,14550,22.0,125,0,0
1768228035742241,52931,14550,27.0,152,0,0
1768228035743873,52931,14550,45.0,62,0,0
1768228035746415,52931,14550,26.0,42,0,0
1768228035748855,52931,14550,32.0,36,0,0
1768228035750707,52931,14550,62.0,65,0,0
1768228035751994,52931,14550,49.0,27,0,0
1768228035753360,52931,14550,44.0,116,0,0
1768228035754817,52931,14550,42.0,129,0,0
1768228035756214,52931,14550,34.0,29,0,0
1768228035757787,52931,14550,34.0,137,0,0
1768228035759184,52931,14550,60.0,24,0,0
1768228035761469,52931,14550,53.0,124,0,0
1768228035763460,52931,14550,31.0,2,0,0
1768228035765009,52931,14550,64.0,164,0,0
1768228035766367,52931,14550,24.0,168,0,0
1768228035767845,52931,14550,42.0,136,0,0
1768228035769057,52931,14550,42.0,193,0,0
1768228035770944,52931,14550,48.0,32,0,0
1768228035772930,52931,14550,40.0,241,0,0
1768228035774500,52931,14550,70.0,87,0,0
1768228035776141,52931,14550,61.0,147,0,0
1768228035778190,52931,14550,64.0,11030,0,0
1768228035846667,58419,5760,,0,1,0
1768228035981376,52931,14550,48.0,163,0,0
1768228035983579,52931,14550,44.0,178,0,0
1768228035985003,52931,14550,48.0,30,0,0
1768228035987140,52931,14550,48.0,33,0,0
1768228035989337,52931,14550,39.0,74,0,0
1768228035993415,52931,14550,51.0,1,0,0
1768228035999707,52931,14550,22.0,125,0,0
1768228036002692,52931,14550,27.0,152,0,0
1768228036004313,52931,14550,45.0,62,0,0
1768228036007342,52931,14550,26.0,42,0,0
1768228036010713,52931,14550,32.0,36,0,0
1768228036013327,52931,14550,62.0,65,0,0
1768228036015076,52931,14550,49.0,27,0,0
1768228036016663,52931,14550,44.0,116,0,0
1768228036018584,52931,14550,42.0,129,0,0
1768228036020060,52931,14550,34.0,29,0,0
1768228036021376,52931,14550,34.0,137,0,0
1768228036023172,52931,14550,60.0,24,0,0
1768228036024970,52931,14550,53.0,124,0,0
1768228036027266,52931,14550,31.0,2,0,0
1768228036028445,52931,14550,64.0,164,0,0
1768228036031757,52931,14550,24.0,168,0,0
1768228036033986,52931,14550,42.0,136,0,0
1768228036035781,52931,14550,42.0,193,0,0
1768228036037412,52931,14550,48.0,32,0,0
1768228036038624,52931,14550,40.0,241,0,0
1768228036040305,52931,14550,70.0,87,0,0
1768228036043828,52931,14550,61.0,147,0,0
1768228036045736,52931,14550,64.0,11030,0,0
1768228036049045,5760,58419,,0,1,0
1768228036051578,52931,14550,29.0,0,0,0
1768228036141510,5760,58419,,264,1,0
1768228036142560,52931,14550,47.0,264,0,0
1768228036228568,52931,14550,48.0,163,0,0
1768228036230768,52931,14550,44.0,178,0,0
1768228036232007,52931,14550,48.0,30,0,0
1768228036234484,52931,14550,48.0,33,0,0
1768228036235838,52931,14550,39.0,74,0,0
1768228036241490,52931,14550,51.0,1,0,0
1768228036244190,52931,14550,22.0,125,0,0
1768228036245902,52931,14550,27.0,152,0,0
1768228036247262,52931,14550,45.0,62,0,0
1768228036249360,52931,14550,26.0,42,0,0
1768228036252708,52931,14550,32.0,36,0,0
1768228036253970,52931,14550,62.0,65,0,0
1768228036255238,52931,14550,49.0,27,0,0
1768228036256736,52931,14550,44.0,116,0,0
1768228036258194,52931,14550,42.0,129,0,0
1768228036259534,52931,14550,34.0,29,0,0
1768228036261180,52931,14550,34.0,137,0,0
1768228036262393,52931,14550,60.0,24,0,0
1768228036264809,52931,14550,53.0,124,0,0
1768228036266647,52931,14550,31.0,2,0,0
1768228036268167,52931,14550,64.0,164,0,0
1768228036269466,52931,14550,24.0,168,0,0
1768228036270884,52931,14550,42.0,136,0,0
1768228036272319,52931,14550,42.0,193,0,0
1768228036273797,52931,14550,48.0,32,0,0
1768228036275299,52931,14550,40.0,241,0,0
1768228036276773,52931,14550,70.0,87,0,0
1768228036278533,52931,14550,61.0,147,0,0
1768228036280351,52931,14550,64.0,11030,0,0
1768228036482025,52931,14550,48.0,163,0,0
1768228036484224,52931,14550,44.0,178,0,0
1768228036486068,52931,14550,48.0,30,0,0
1768228036489567,52931,14550,48.0,33,0,0
1768228036491001,52931,14550,39.0,74,0,0
1768228036495842,52931,14550,51.0,1,0,0
1768228036502067,52931,14550,22.0,125,0,0
1768228036504887,52931,14550,27.0,152,0,0
1768228036506967,52931,14550,45.0,62,0,0
1768228036512246,52931,14550,26.0,42,0,0
1768228036517386,52931,14550,32.0,36,0,0
1768228036520573,52931,14550,62.0,65,0,0
1768228036523582,52931,14550,49.0,27,0,0
1768228036527071,52931,14550,44.0,116,0,0
1768228036528751,52931,14550,42.0,129,0,0
1768228036531527,52931,14550,34.0,29,0,0
1768228036533441,52931,14550,34.0,137,0,0
1768228036536118,52931,14550,60.0,24,0,0
1768228036539806,52931,14550,53.0,124,0,0
1768228036542275,52931,14550,31.0,2,0,0
1768228036544529,52931,14550,64.0,164,0,0
1768228036546200,52931,14550,24.0,168,0,0
1768228036547621,52931,14550,42.0,136,0,0
1768228036551071,52931,14550,42.0,193,0,0
1768228036556123,52931,14550,48.0,32,0,0
1768228036558221,52931,14550,40.0,241,0,0
1768228036560761,52931,14550,70.0,87,0,0
1768228036564205,52931,14550,61.0,147,0,0
1768228036566055,52931,14550,64.0,11030,0,0
1768228036644814,5760,58419,,264,1,0
1768228036645384,52931,14550,47.0,264,0,0
1768228036732146,52931,14550,48.0,163,0,0
1768228036733184,52931,14550,44.0,178,0,0
1768228036734233,52931,14550,48.0,30,0,0
1768228036736264,52931,14550,48.0,33,0,0
1768228036737214,52931,14550,39.0,74,0,0
1768228036738924,52931,14550,51.0,1,0,0
1768228036740470,52931,14550,22.0,125,0,0
1768228036741561,52931,14550,27.0,152,0,0
1768228036742311,52931,14550,45.0,62,0,0
1768228036743532,52931,14550,26.0,42,0,0
1768228036745126,52931,14550,32.0,36,0,0
1768228036745893,52931,14550,62.0,65,0,0
1768228036746589,52931,14550,49.0,27,0,0
1768228036747432,52931,14550,44.0,116,0,0
1768228036748087,52931,14550,42.0,129,0,0
1768228036748946,52931,14550,34.0,29,0,0
1768228036749617,52931,14550,34.0,137,0,0
1768228036750506,52931,14550,60.0,24,0,0
1768228036751748,52931,14550,53.0,124,0,0
1768228036752569,52931,14550,31.0,2,0,0
1768228036753306,52931,14550,64.0,164,0,0
1768228036754311,52931,14550,24.0,168,0,0
1768228036755096,52931,14550,42.0,136,0,0
1768228036755959,52931,14550,42.0,193,0,0
1768228036756881,52931,14550,48.0,32,0,0
1768228036757630,52931,14550,40.0,241,0,0
1768228036758303,52931,14550,70.0,87,0,0
1768228036759429,52931,14550,61.0,147,0,0
1768228036760191,52931,14550,64.0,11030,0,0
1768228036851104,58419,5760,,0,1,0
1768228036900477,52931,14550,21.0,46,0,0
1768228036902835,52931,14550,40.0,253,0,0
1768228036906580,52931,14550,35.0,253,0,0
1768228036982483,52931,14550,48.0,163,0,0
1768228036984677,52931,14550,44.0,178,0,0
1768228036985995,52931,14550,48.0,30,0,0
1768228036989068,52931,14550,48.0,33,0,0
1768228036990783,52931,14550,39.0,74,0,0
1768228036994094,52931,14550,51.0,1,0,0
1768228036996575,52931,14550,22.0,125,0,0
1768228036998479,52931,14550,27.0,152,0,0
1768228036999902,52931,14550,45.0,62,0,0
1768228037001838,52931,14550,26.0,42,0,0
1768228037004789,52931,14550,32.0,36,0,0
1768228037006106,52931,14550,62.0,65,0,0
1768228037007686,52931,14550,49.0,27,0,0
1768228037009076,52931,14550,44.0,116,0,0
1768228037010350,52931,14550,42.0,129,0,0
1768228037011897,52931,14550,34.0,29,0,0
1768228037013159,52931,14550,34.0,137,0,0
1768228037014622,52931,14550,60.0,24,0,0
1768228037016472,52931,14550,53.0,124,0,0
1768228037018011,52931,14550,31.0,2,0,0
1768228037020130,52931,14550,64.0,164,0,0
1768228037021473,52931,14550,24.0,168,0,0
1768228037023127,52931,14550,42.0,136,0,0
1768228037024617,52931,14550,42.0,193,0,0
1768228037026452,52931,14550,48.0,32,0,0
1768228037027656,52931,14550,40.0,241,0,0
1768228037029249,52931,14550,70.0,87,0,0
1768228037030762,52931,14550,61.0,147,0,0
1768228037032749,52931,14550,64.0,11030,0,0
1768228037055813,5760,58419,,0,1,0
1768228037057335,52931,14550,29.0,0,0,0
1768228037148822,5760,58419,,264,1,0
1768228037149892,52931,14550,47.0,264,0,0
1768228037237814,52931,14550,48.0,163,0,0
1768228037241517,52931,14550,44.0,178,0,0
1768228037243238,52931,14550,48.0,30,0,0
1768228037245138,52931,14550,48.0,33,0,0
1768228037246591,52931,14550,39.0,74,0,0
1768228037249600,52931,14550,51.0,1,0,0
1768228037252507,52931,14550,22.0,125,0,0
1768228037254389,52931,14550,27.0,152,0,0
1768228037255650,52931,14550,45.0,62,0,0
1768228037258108,52931,14550,26.0,42,0,0
1768228037261117,52931,14550,32.0,36,0,0
1768228037262459,52931,14550,62.0,65,0,0
1768228037263832,52931,14550,49.0,27,0,0
1768228037265036,52931,14550,44.0,116,0,0
1768228037266612,52931,14550,42.0,129,0,0
1768228037267842,52931,14550,34.0,29,0,0
1768228037269188,52931,14550,34.0,137,0,0
1768228037270376,52931,14550,60.0,24,0,0
1768228037272720,52931,14550,53.0,124,0,0
1768228037274645,52931,14550,31.0,2,0,0
1768228037275878,52931,14550,64.0,164,0,0
1768228037277364,52931,14550,24.0,168,0,0
1768228037278938,52931,14550,42.0,136,0,0
1768228037280255,52931,14550,42.0,193,0,0
1768228037281825,52931,14550,48.0,32,0,0
1768228037283416,52931,14550,40.0,241,0,0
1768228037285172,52931,14550,70.0,87,0,0
1768228037286681,52931,14550,61.0,147,0,0
1768228037288457,52931,14550,64.0,11030,0,0
1768228037480977,52931,14550,45.0,22,0,0
1768228037483275,52931,14550,45.0,22,0,0
1768228037484907,52931,14550,45.0,22,0,0
1768228037492231,52931,14550,48.0,163,0,0
1768228037494702,52931,14550,44.0,178,0,0
1768228037496314,52931,14550,48.0,30,0,0
1768228037499169,52931,14550,48.0,33,0,0
1768228037500978,52931,14550,39.0,74,0,0
1768228037504651,52931,14550,51.0,1,0,0
1768228037509140,52931,14550,22.0,125,0,0
1768228037513252,52931,14550,27.0,152,0,0
1768228037514638,52931,14550,45.0,62,0,0
1768228037518553,52931,14550,26.0,42,0,0
1768228037520959,52931,14550,32.0,36,0,0
1768228037522857,52931,14550,62.0,65,0,0
1768228037524485,52931,14550,49.0,27,0,0
1768228037528728,52931,14550,44.0,116,0,0
1768228037531874,52931,14550,42.0,129,0,0
1768228037534007,52931,14550,34.0,29,0,0
1768228037536042,52931,14550,34.0,137,0,0
1768228037538263,52931,14550,60.0,24,0,0
1768228037542389,52931,14550,53.0,124,0,0
1768228037544726,52931,14550,31.0,2,0,0
1768228037548192,52931,14550,64.0,164,0,0
1768228037549457,52931,14550,24.0,168,0,0
1768228037551295,52931,14550,42.0,136,0,0
1768228037553730,52931,14550,42.0,193,0,0
1768228037557786,52931,14550,48.0,32,0,0
1768228037559786,52931,14550,40.0,241,0,0
1768228037561870,52931,14550,70.0,87,0,0
1768228037563783,52931,14550,61.0,147,0,0
1768228037565756,52931,14550,64.0,11030,0,0
1768228037654613,5760,58419,,264,1,0
1768228037655770,52931,14550,47.0,264,0,0
1768228037739506,52931,14550,48.0,163,0,0
1768228037741988,52931,14550,44.0,178,0,0
1768228037743184,52931,14550,48.0,30,0,0
1768228037745617,52931,14550,48.0,33,0,0
1768228037747957,52931,14550,39.0,74,0,0
1768228037752318,52931,14550,51.0,1,0,0
1768228037756665,52931,14550,22.0,125,0,0
1768228037758240,52931,14550,27.0,152,0,0
1768228037759441,52931,14550,45.0,62,0,0
1768228037761767,52931,14550,26.0,42,0,0
1768228037764565,52931,14550,32.0,36,0,0
1768228037766374,52931,14550,62.0,65,0,0
1768228037767632,52931,14550,49.0,27,0,0
1768228037769353,52931,14550,44.0,116,0,0
1768228037770955,52931,14550,42.0,129,0,0
1768228037772600,52931,14550,34.0,29,0,0
1768228037774377,52931,14550,34.0,137,0,0
1768228037775630,52931,14550,60.0,24,0,0
1768228037778139,52931,14550,53.0,124,0,0
1768228037780178,52931,14550,31.0,2,0,0
1768228037782331,52931,14550,64.0,164,0,0
1768228037783872,52931,14550,24.0,168,0,0
1768228037785253,52931,14550,42.0,136,0,0
1768228037786658,52931,14550,42.0,193,0,0
1768228037788899,52931,14550,48.0,32,0,0
1768228037790422,52931,14550,40.0,241,0,0
1768228037791905,52931,14550,70.0,87,0,0
1768228037794011,52931,14550,61.0,147,0,0
1768228037795751,52931,14550,64.0,11030,0,0
1768228037853529,58419,5760,,0,1,0
1768228037988787,52931,14550,48.0,163,0,0
1768228037991989,52931,14550,44.0,178,0,0
1768228037996960,52931,14550,48.0,30,0,0
1768228038000395,52931,14550,48.0,33,0,0
1768228038003037,52931,14550,39.0,74,0,0
1768228038007631,52931,14550,51.0,1,0,0
1768228038013075,52931,14550,22.0,125,0,0
1768228038015493,52931,14550,27.0,152,0,0
1768228038017392,52931,14550,45.0,62,0,0
1768228038021338,52931,14550,26.0,42,0,0
1768228038025394,52931,14550,32.0,36,0,0
1768228038028459,52931,14550,62.0,65,0,0
1768228038030325,52931,14550,49.0,27,0,0
1768228038032348,52931,14550,44.0,116,0,0
1768228038034021,52931,14550,42.0,129,0,0
1768228038036157,52931,14550,34.0,29,0,0
1768228038037878,52931,14550,34.0,137,0,0
1768228038040637,52931,14550,60.0,24,0,0
1768228038046866,52931,14550,53.0,124,0,0
1768228038050813,52931,14550,31.0,2,0,0
1768228038054542,52931,14550,64.0,164,0,0
1768228038058530,52931,14550,24.0,168,0,0
1768228038060547,52931,14550,42.0,136,0,0
1768228038062206,52931,14550,42.0,193,0,0
1768228038064673,5760,58419,,0,1,0
1768228038065812,52931,14550,48.0,32,0,0
1768228038067306,52931,14550,40.0,241,0,0
1768228038068581,52931,14550,70.0,87,0,0
1768228038070346,52931,14550,61.0,147,0,0
1768228038072105,52931,14550,64.0,11030,0,0
1768228038074921,52931,14550,29.0,0,0,0
1768228038155291,5760,58419,,264,1,0
1768228038157187,52931,14550,47.0,264,0,0
1768228038241507,52931,14550,48.0,163,0,0
1768228038243161,52931,14550,44.0,178,0,0
1768228038245108,52931,14550,48.0,30,0,0
1768228038247782,52931,14550,48.0,33,0,0
1768228038250371,52931,14550,39.0,74,0,0
1768228038254003,52931,14550,51.0,1,0,0
1768228038259350,52931,14550,22.0,125,0,0
1768228038261060,52931,14550,27.0,152,0,0
1768228038262848,52931,14550,45.0,62,0,0
1768228038264822,52931,14550,26.0,42,0,0
1768228038267455,52931,14550,32.0,36,0,0
1768228038268737,52931,14550,62.0,65,0,0
1768228038270687,52931,14550,49.0,27,0,0
1768228038272663,52931,14550,44.0,116,0,0
1768228038274227,52931,14550,42.0,129,0,0
1768228038275640,52931,14550,34.0,29,0,0
1768228038277461,52931,14550,34.0,137,0,0
1768228038278898,52931,14550,60.0,24,0,0
1768228038281063,52931,14550,53.0,124,0,0
1768228038282990,52931,14550,31.0,2,0,0
1768228038284669,52931,14550,64.0,164,0,0
1768228038285941,52931,14550,24.0,168,0,0
1768228038287386,52931,14550,42.0,136,0,0
1768228038289023,52931,14550,42.0,193,0,0
1768228038290884,52931,14550,48.0,32,0,0
1768228038292132,52931,14550,40.0,241,0,0
1768228038293831,52931,14550,70.0,87,0,0
1768228038295583,52931,14550,61.0,147,0,0
1768228038297262,52931,14550,64.0,11030,0,0
1768228038490741,52931,14550,48.0,163,0,0
1768228038493290,52931,14550,44.0,178,0,0
1768228038497129,52931,14550,48.0,30,0,0
1768228038501493,52931,14550,48.0,33,0,0
1768228038503875,52931,14550,39.0,74,0,0
1768228038506927,52931,14550,51.0,1,0,0
1768228038513357,52931,14550,22.0,125,0,0
1768228038516147,52931,14550,27.0,152,0,0
1768228038517592,52931,14550,45.0,62,0,0
1768228038521516,52931,14550,26.0,42,0,0
1768228038524352,52931,14550,32.0,36,0,0
1768228038527159,52931,14550,62.0,65,0,0
1768228038529575,52931,14550,49.0,27,0,0
1768228038531000,52931,14550,44.0,116,0,0
1768228038533896,52931,14550,42.0,129,0,0
1768228038536233,52931,14550,34.0,29,0,0
1768228038538058,52931,14550,34.0,137,0,0
1768228038539461,52931,14550,60.0,24,0,0
1768228038541864,52931,14550,53.0,124,0,0
1768228038546244,52931,14550,31.0,2,0,0
1768228038547669,52931,14550,64.0,164,0,0
1768228038548972,52931,14550,24.0,168,0,0
1768228038551460,52931,14550,42.0,136,0,0
1768228038554608,52931,14550,42.0,193,0,0
1768228038556434,52931,14550,48.0,32,0,0
1768228038558003,52931,14550,40.0,241,0,0
1768228038560077,52931,14550,70.0,87,0,0
1768228038562023,52931,14550,61.0,147,0,0
1768228038563885,52931,14550,64.0,11030,0,0
1768228038657428,5760,58419,,264,1,0
1768228038658708,52931,14550,47.0,264,0,0
1768228038743536,52931,14550,48.0,163,0,0
1768228038745296,52931,14550,44.0,178,0,0
1768228038747659,52931,14550,48.0,30,0,0
1768228038749647,52931,14550,48.0,33,0,0
1768228038751984,52931,14550,39.0,74,0,0
1768228038754440,52931,14550,51.0,1,0,0
1768228038756773,52931,14550,22.0,125,0,0
1768228038758596,52931,14550,27.0,152,0,0
1768228038759991,52931,14550,45.0,62,0,0
1768228038761967,52931,14550,26.0,42,0,0
1768228038765077,52931,14550,32.0,36,0,0
1768228038766621,52931,14550,62.0,65,0,0
1768228038768074,52931,14550,49.0,27,0,0
1768228038769259,52931,14550,44.0,116,0,0
1768228038770607,52931,14550,42.0,129,0,0
1768228038772195,52931,14550,34.0,29,0,0
1768228038773465,52931,14550,34.0,137,0,0
1768228038774954,52931,14550,60.0,24,0,0
1768228038777333,52931,14550,53.0,124,0,0
1768228038779436,52931,14550,31.0,2,0,0
1768228038780633,52931,14550,64.0,164,0,0
1768228038782209,52931,14550,24.0,168,0,0
1768228038783820,52931,14550,42.0,136,0,0
1768228038785395,52931,14550,42.0,193,0,0
1768228038786850,52931,14550,48.0,32,0,0
1768228038788219,52931,14550,40.0,241,0,0
1768228038789892,52931,14550,70.0,87,0,0
1768228038791657,52931,14550,61.0,147,0,0
1768228038793447,52931,14550,64.0,11030,0,0
1768228038863003,58419,5760,,0,1,0
1768228038997671,52931,14550,48.0,163,0,0
1768228038999730,52931,14550,44.0,178,0,0
1768228039001250,52931,14550,48.0,30,0,0
1768228039004023,52931,14550,48.0,33,0,0
1768228039007895,52931,14550,39.0,74,0,0
1768228039012904,52931,14550,51.0,1,0,0
1768228039018185,52931,14550,22.0,125,0,0
1768228039020642,52931,14550,27.0,152,0,0
1768228039022211,52931,14550,45.0,62,0,0
1768228039025063,52931,14550,26.0,42,0,0
1768228039028577,52931,14550,32.0,36,0,0
1768228039029979,52931,14550,62.0,65,0,0
1768228039033341,52931,14550,49.0,27,0,0
1768228039035010,52931,14550,44.0,116,0,0
1768228039038009,52931,14550,42.0,129,0,0
1768228039039703,52931,14550,34.0,29,0,0
1768228039042333,52931,14550,34.0,137,0,0
1768228039044322,52931,14550,60.0,24,0,0
1768228039046141,52931,14550,53.0,124,0,0
1768228039049143,52931,14550,31.0,2,0,0
1768228039050562,52931,14550,64.0,164,0,0
1768228039052211,52931,14550,24.0,168,0,0
1768228039054266,52931,14550,42.0,136,0,0
1768228039055456,52931,14550,42.0,193,0,0
1768228039057454,52931,14550,48.0,32,0,0
1768228039058643,52931,14550,40.0,241,0,0
1768228039060695,52931,14550,70.0,87,0,0
1768228039062215,52931,14550,61.0,147,0,0
1768228039063507,52931,14550,64.0,11030,0,0
1768228039067254,5760,58419,,0,1,0
1768228039068377,52931,14550,29.0,0,0,0
1768228039159765,5760,58419,,264,1,0
1768228039161073,52931,14550,47.0,264,0,0
1768228039246743,52931,14550,48.0,163,0,0
1768228039248893,52931,14550,44.0,178,0,0
1768228039250739,52931,14550,48.0,30,0,0
1768228039253994,52931,14550,48.0,33,0,0
1768228039255737,52931,14550,39.0,74,0,0
1768228039258965,52931,14550,51.0,1,0,0
1768228039264825,52931,14550,22.0,125,0,0
1768228039266545,52931,14550,27.0,152,0,0
1768228039267964,52931,14550,45.0,62,0,0
1768228039270091,52931,14550,26.0,42,0,0
1768228039272512,52931,14550,32.0,36,0,0
1768228039274541,52931,14550,62.0,65,0,0
1768228039276195,52931,14550,49.0,27,0,0
1768228039277659,52931,14550,44.0,116,0,0
1768228039278904,52931,14550,42.0,129,0,0
1768228039280316,52931,14550,34.0,29,0,0
1768228039281795,52931,14550,34.0,137,0,0
1768228039283416,52931,14550,60.0,24,0,0
1768228039285476,52931,14550,53.0,124,0,0
1768228039287155,52931,14550,31.0,2,0,0
1768228039288699,52931,14550,64.0,164,0,0
1768228039290190,52931,14550,24.0,168,0,0
1768228039291565,52931,14550,42.0,136,0,0
1768228039292780,52931,14550,42.0,193,0,0
1768228039294524,52931,14550,48.0,32,0,0
1768228039295814,52931,14550,40.0,241,0,0
1768228039297082,52931,14550,70.0,87,0,0
1768228039298827,52931,14550,61.0,147,0,0
1768228039301082,52931,14550,64.0,11030,0,0
1768228039498302,52931,14550,48.0,163,0,0
1768228039500458,52931,14550,44.0,178,0,0
1768228039502205,52931,14550,48.0,30,0,0
1768228039505601,52931,14550,48.0,33,0,0
1768228039508258,52931,14550,39.0,74,0,0
1768228039512681,52931,14550,51.0,1,0,0
1768228039518396,52931,14550,22.0,125,0,0
1768228039521654,52931,14550,27.0,152,0,0
1768228039523178,52931,14550,45.0,62,0,0
1768228039526699,52931,14550,26.0,42,0,0
1768228039529674,52931,14550,32.0,36,0,0
1768228039538681,52931,14550,62.0,65,0,0
1768228039540868,52931,14550,49.0,27,0,0
1768228039543013,52931,14550,44.0,116,0,0
1768228039545127,52931,14550,42.0,129,0,0
1768228039549196,52931,14550,34.0,29,0,0
1768228039552656,52931,14550,34.0,137,0,0
1768228039554088,52931,14550,60.0,24,0,0
1768228039555758,52931,14550,53.0,124,0,0
1768228039557869,52931,14550,31.0,2,0,0
1768228039559314,52931,14550,64.0,164,0,0
1768228039560970,52931,14550,24.0,168,0,0
1768228039562517,52931,14550,42.0,136,0,0
1768228039564170,52931,14550,42.0,193,0,0
1768228039566025,52931,14550,48.0,32,0,0
1768228039567467,52931,14550,40.0,241,0,0
1768228039569152,52931,14550,70.0,87,0,0
1768228039570716,52931,14550,61.0,147,0,0
1768228039572528,52931,14550,64.0,11030,0,0
1768228039662225,5760,58419,,264,1,0
1768228039663271,52931,14550,47.0,264,0,0
1768228039748903,52931,14550,48.0,163,0,0
1768228039751882,52931,14550,44.0,178,0,0
1768228039753435,52931,14550,48.0,30,0,0
1768228039757535,52931,14550,48.0,33,0,0
1768228039759051,52931,14550,39.0,74,0,0
1768228039762696,52931,14550,51.0,1,0,0
1768228039765556,52931,14550,22.0,125,0,0
1768228039767454,52931,14550,27.0,152,0,0
1768228039769264,52931,14550,45.0,62,0,0
1768228039771833,52931,14550,26.0,42,0,0
1768228039774918,52931,14550,32.0,36,0,0
1768228039776346,52931,14550,62.0,65,0,0
1768228039778362,52931,14550,49.0,27,0,0
1768228039779938,52931,14550,44.0,116,0,0
1768228039781421,52931,14550,42.0,129,0,0
1768228039782682,52931,14550,34.0,29,0,0
1768228039784191,52931,14550,34.0,137,0,0
1768228039785458,52931,14550,60.0,24,0,0
1768228039788056,52931,14550,53.0,124,0,0
1768228039789491,52931,14550,31.0,2,0,0
1768228039791297,52931,14550,64.0,164,0,0
1768228039792588,52931,14550,24.0,168,0,0
1768228039794222,52931,14550,42.0,136,0,0
1768228039795508,52931,14550,42.0,193,0,0
1768228039796945,52931,14550,48.0,32,0,0
1768228039798428,52931,14550,40.0,241,0,0
1768228039799780,52931,14550,70.0,87,0,0
1768228039801184,52931,14550,61.0,147,0,0
1768228039803320,52931,14550,64.0,11030,0,0
1768228039872407,58419,5760,,0,1,0
1768228040000326,52931,14550,48.0,163,0,0
1768228040002270,52931,14550,44.0,178,0,0
1768228040004098,52931,14550,48.0,30,0,0
1768228040007117,52931,14550,48.0,33,0,0
1768228040011114,52931,14550,39.0,74,0,0
1768228040016413,52931,14550,51.0,1,0,0
1768228040022760,52931,14550,22.0,125,0,0
1768228040026016,52931,14550,27.0,152,0,0
1768228040027260,52931,14550,45.0,62,0,0
1768228040030191,52931,14550,26.0,42,0,0
1768228040033950,52931,14550,32.0,36,0,0
1768228040036389,52931,14550,62.0,65,0,0
1768228040039219,52931,14550,49.0,27,0,0
1768228040041131,52931,14550,44.0,116,0,0
1768228040042718,52931,14550,42.0,129,0,0
1768228040045731,52931,14550,34.0,29,0,0
1768228040047363,52931,14550,34.0,137,0,0
1768228040049904,52931,14550,60.0,24,0,0
1768228040052134,52931,14550,53.0,124,0,0
1768228040055376,52931,14550,31.0,2,0,0
1768228040056994,52931,14550,64.0,164,0,0
1768228040058460,52931,14550,24.0,168,0,0
1768228040061739,52931,14550,42.0,136,0,0
1768228040062996,52931,14550,42.0,193,0,0
1768228040064971,52931,14550,48.0,32,0,0
1768228040066351,52931,14550,40.0,241,0,0
1768228040068844,52931,14550,70.0,87,0,0
1768228040070499,52931,14550,61.0,147,0,0
1768228040073058,52931,14550,64.0,11030,0,0
1768228040074463,5760,58419,,0,1,0
1768228040076365,52931,14550,29.0,0,0,0
1768228040168056,5760,58419,,264,1,0
1768228040169302,52931,14550,47.0,264,0,0
1768228040253792,52931,14550,48.0,163,0,0
1768228040256045,52931,14550,44.0,178,0,0
1768228040257268,52931,14550,48.0,30,0,0
1768228040259848,52931,14550,48.0,33,0,0
1768228040261657,52931,14550,39.0,74,0,0
1768228040265036,52931,14550,51.0,1,0,0
1768228040267993,52931,14550,22.0,125,0,0
1768228040269822,52931,14550,27.0,152,0,0
1768228040271416,52931,14550,45.0,62,0,0
1768228040273579,52931,14550,26.0,42,0,0
1768228040276102,52931,14550,32.0,36,0,0
1768228040278129,52931,14550,62.0,65,0,0
1768228040279425,52931,14550,49.0,27,0,0
1768228040280902,52931,14550,44.0,116,0,0
1768228040282279,52931,14550,42.0,129,0,0
1768228040283851,52931,14550,34.0,29,0,0
1768228040285262,52931,14550,34.0,137,0,0
1768228040286492,52931,14550,60.0,24,0,0
1768228040288246,52931,14550,53.0,124,0,0
1768228040290030,52931,14550,31.0,2,0,0
1768228040291993,52931,14550,64.0,164,0,0
1768228040293356,52931,14550,24.0,168,0,0
1768228040294844,52931,14550,42.0,136,0,0
1768228040296067,52931,14550,42.0,193,0,0
1768228040297887,52931,14550,48.0,32,0,0
1768228040299420,52931,14550,40.0,241,0,0
1768228040300680,52931,14550,70.0,87,0,0
1768228040302600,52931,14550,61.0,147,0,0
1768228040304436,52931,14550,64.0,11030,0,0
1768228040506529,52931,14550,48.0,163,0,0
1768228040509058,52931,14550,44.0,178,0,0
1768228040511925,52931,14550,48.0,30,0,0
1768228040514008,52931,14550,48.0,33,0,0
1768228040515458,52931,14550,39.0,74,0,0
1768228040518721,52931,14550,51.0,1,0,0
1768228040527414,52931,14550,22.0,125,0,0
1768228040530987,52931,14550,27.0,152,0,0
1768228040532662,52931,14550,45.0,62,0,0
1768228040537321,52931,14550,26.0,42,0,0
1768228040539683,52931,14550,32.0,36,0,0
1768228040544363,52931,14550,62.0,65,0,0
1768228040546477,52931,14550,49.0,27,0,0
1768228040547799,52931,14550,44.0,116,0,0
1768228040549515,52931,14550,42.0,129,0,0
1768228040551724,52931,14550,34.0,29,0,0
1768228040553800,52931,14550,34.0,137,0,0
1768228040557157,52931,14550,60.0,24,0,0
1768228040560124,52931,14550,53.0,124,0,0
1768228040563240,52931,14550,31.0,2,0,0
1768228040564954,52931,14550,64.0,164,0,0
1768228040567539,52931,14550,24.0,168,0,0
1768228040571547,52931,14550,42.0,136,0,0
1768228040574338,52931,14550,42.0,193,0,0
1768228040578619,52931,14550,48.0,32,0,0
1768228040580551,52931,14550,40.0,241,0,0
1768228040582567,52931,14550,70.0,87,0,0
1768228040584709,52931,14550,61.0,147,0,0
1768228040587556,52931,14550,64.0,11030,0,0
1768228040669213,5760,58419,,264,1,0
1768228040670241,52931,14550,47.0,264,0,0
1768228040755414,52931,14550,48.0,163,0,0
1768228040757418,52931,14550,44.0,178,0,0
1768228040758640,52931,14550,48.0,30,0,0
1768228040760961,52931,14550,48.0,33,0,0
1768228040764656,52931,14550,39.0,74,0,0
1768228040768639,52931,14550,51.0,1,0,0
1768228040771967,52931,14550,22.0,125,0,0
1768228040773992,52931,14550,27.0,152,0,0
1768228040775578,52931,14550,45.0,62,0,0
1768228040778267,52931,14550,26.0,42,0,0
1768228040780351,52931,14550,32.0,36,0,0
1768228040781857,52931,14550,62.0,65,0,0
1768228040783476,52931,14550,49.0,27,0,0
1768228040784827,52931,14550,44.0,116,0,0
1768228040786202,52931,14550,42.0,129,0,0
1768228040787899,52931,14550,34.0,29,0,0
1768228040789427,52931,14550,34.0,137,0,0
1768228040791034,52931,14550,60.0,24,0,0
1768228040792895,52931,14550,53.0,124,0,0
1768228040794498,52931,14550,31.0,2,0,0
1768228040796977,52931,14550,64.0,164,0,0
1768228040798327,52931,14550,24.0,168,0,0
1768228040799700,52931,14550,42.0,136,0,0
1768228040801049,52931,14550,42.0,193,0,0
1768228040802733,52931,14550,48.0,32,0,0
1768228040804237,52931,14550,40.0,241,0,0
1768228040805446,52931,14550,70.0,87,0,0
1768228040807464,52931,14550,61.0,147,0,0
1768228040808721,52931,14550,64.0,11030,0,0
1768228040877772,58419,5760,,0,1,0
1768228041009347,52931,14550,48.0,163,0,0
1768228041011035,52931,14550,44.0,178,0,0
1768228041013444,52931,14550,48.0,30,0,0
1768228041015700,52931,14550,48.0,33,0,0
1768228041018820,52931,14550,39.0,74,0,0
1768228041022917,52931,14550,51.0,1,0,0
1768228041027507,52931,14550,22.0,125,0,0
1768228041031880,52931,14550,27.0,152,0,0
1768228041033305,52931,14550,45.0,62,0,0
1768228041036124,52931,14550,26.0,42,0,0
1768228041039023,52931,14550,32.0,36,0,0
1768228041040272,52931,14550,62.0,65,0,0
1768228041042372,52931,14550,49.0,27,0,0
1768228041044340,52931,14550,44.0,116,0,0
1768228041046873,52931,14550,42.0,129,0,0
1768228041049430,52931,14550,34.0,29,0,0
1768228041051172,52931,14550,34.0,137,0,0
1768228041053342,52931,14550,60.0,24,0,0
1768228041055550,52931,14550,53.0,124,0,0
1768228041058316,52931,14550,31.0,2,0,0
1768228041059862,52931,14550,64.0,164,0,0
1768228041062708,52931,14550,24.0,168,0,0
1768228041064654,52931,14550,42.0,136,0,0
1768228041065865,52931,14550,42.0,193,0,0
1768228041067987,52931,14550,48.0,32,0,0
1768228041069994,52931,14550,40.0,241,0,0
1768228041071449,52931,14550,70.0,87,0,0
1768228041073077,52931,14550,61.0,147,0,0
1768228041074933,52931,14550,64.0,11030,0,0
1768228041080127,5760,58419,,0,1,0
1768228041082197,52931,14550,29.0,0,0,0
1768228041168653,5760,58419,,264,1,0
1768228041169731,52931,14550,47.0,264,0,0
1768228041260621,52931,14550,48.0,163,0,0
1768228041262683,52931,14550,44.0,178,0,0
1768228041264237,52931,14550,48.0,30,0,0
1768228041266988,52931,14550,48.0,33,0,0
1768228041268866,52931,14550,39.0,74,0,0
1768228041272555,52931,14550,51.0,1,0,0
1768228041274681,52931,14550,22.0,125,0,0
1768228041276266,52931,14550,27.0,152,0,0
1768228041277846,52931,14550,45.0,62,0,0
1768228041280113,52931,14550,26.0,42,0,0
1768228041282783,52931,14550,32.0,36,0,0
1768228041284512,52931,14550,62.0,65,0,0
1768228041286328,52931,14550,49.0,27,0,0
1768228041287828,52931,14550,44.0,116,0,0
1768228041289322,52931,14550,42.0,129,0,0
1768228041290544,52931,14550,34.0,29,0,0
1768228041292016,52931,14550,34.0,137,0,0
1768228041293375,52931,14550,60.0,24,0,0
1768228041295241,52931,14550,53.0,124,0,0
1768228041297203,52931,14550,31.0,2,0,0
1768228041298701,52931,14550,64.0,164,0,0
1768228041300119,52931,14550,24.0,168,0,0
1768228041301487,52931,14550,42.0,136,0,0
1768228041302980,52931,14550,42.0,193,0,0
1768228041304502,52931,14550,48.0,32,0,0
1768228041305866,52931,14550,40.0,241,0,0
1768228041307613,52931,14550,70.0,87,0,0
1768228041309397,52931,14550,61.0,147,0,0
1768228041311191,52931,14550,64.0,11030,0,0
1768228041506785,52931,14550,48.0,163,0,0
1768228041508470,52931,14550,44.0,178,0,0
1768228041511116,52931,14550,48.0,30,0,0
1768228041514105,52931,14550,48.0,33,0,0
1768228041516886,52931,14550,39.0,74,0,0
1768228041522948,52931,14550,51.0,1,0,0
1768228041527876,52931,14550,22.0,125,0,0
1768228041532466,52931,14550,27.0,152,0,0
1768228041534760,52931,14550,45.0,62,0,0
1768228041539889,52931,14550,26.0,42,0,0
1768228041542986,52931,14550,32.0,36,0,0
1768228041544319,52931,14550,62.0,65,0,0
1768228041546258,52931,14550,49.0,27,0,0
1768228041549189,52931,14550,44.0,116,0,0
1768228041550420,52931,14550,42.0,129,0,0
1768228041552657,52931,14550,34.0,29,0,0
1768228041556238,52931,14550,34.0,137,0,0
1768228041559826,52931,14550,60.0,24,0,0
1768228041562201,52931,14550,53.0,124,0,0
1768228041563880,52931,14550,31.0,2,0,0
1768228041565159,52931,14550,64.0,164,0,0
1768228041567911,52931,14550,24.0,168,0,0
1768228041572234,52931,14550,42.0,136,0,0
1768228041574371,52931,14550,42.0,193,0,0
1768228041577536,52931,14550,48.0,32,0,0
1768228041579117,52931,14550,40.0,241,0,0
1768228041580567,52931,14550,70.0,87,0,0
1768228041582921,52931,14550,61.0,147,0,0
1768228041586451,52931,14550,64.0,11030,0,0
1768228041675302,5760,58419,,264,1,0
1768228041676384,52931,14550,47.0,264,0,0
1768228041763208,52931,14550,48.0,163,0,0
1768228041766070,52931,14550,44.0,178,0,0
1768228041767341,52931,14550,48.0,30,0,0
1768228041770241,52931,14550,48.0,33,0,0
1768228041780662,52931,14550,39.0,74,0,0
1768228041785258,52931,14550,51.0,1,0,0
1768228041789171,52931,14550,22.0,125,0,0
1768228041790718,52931,14550,27.0,152,0,0
1768228041791937,52931,14550,45.0,62,0,0
1768228041794442,52931,14550,26.0,42,0,0
1768228041798646,52931,14550,32.0,36,0,0
1768228041800982,52931,14550,62.0,65,0,0
1768228041802859,52931,14550,49.0,27,0,0
1768228041804225,52931,14550,44.0,116,0,0
1768228041805468,52931,14550,42.0,129,0,0
1768228041806875,52931,14550,34.0,29,0,0
1768228041808848,52931,14550,34.0,137,0,0
1768228041810369,52931,14550,60.0,24,0,0
1768228041812623,52931,14550,53.0,124,0,0
1768228041814141,52931,14550,31.0,2,0,0
1768228041815465,52931,14550,64.0,164,0,0
1768228041816972,52931,14550,24.0,168,0,0
1768228041818470,52931,14550,42.0,136,0,0
1768228041820052,52931,14550,42.0,193,0,0
1768228041821715,52931,14550,48.0,32,0,0
1768228041822979,52931,14550,40.0,241,0,0
1768228041824277,52931,14550,70.0,87,0,0
1768228041825702,52931,14550,61.0,147,0,0
1768228041827494,52931,14550,64.0,11030,0,0
1768228041884376,58419,5760,,0,1,0
1768228042012279,52931,14550,48.0,163,0,0
1768228042014644,52931,14550,44.0,178,0,0
1768228042015913,52931,14550,48.0,30,0,0
1768228042019289,52931,14550,48.0,33,0,0
1768228042021289,52931,14550,39.0,74,0,0
1768228042025614,52931,14550,51.0,1,0,0
1768228042029568,52931,14550,22.0,125,0,0
1768228042032274,52931,14550,27.0,152,0,0
1768228042034612,52931,14550,45.0,62,0,0
1768228042040412,52931,14550,26.0,42,0,0
1768228042043868,52931,14550,32.0,36,0,0
1768228042045454,52931,14550,62.0,65,0,0
1768228042048348,52931,14550,49.0,27,0,0
1768228042049704,52931,14550,44.0,116,0,0
1768228042051480,52931,14550,42.0,129,0,0
1768228042053194,52931,14550,34.0,29,0,0
1768228042055622,52931,14550,34.0,137,0,0
1768228042060684,52931,14550,60.0,24,0,0
1768228042062732,52931,14550,53.0,124,0,0
1768228042064240,52931,14550,31.0,2,0,0
1768228042065660,52931,14550,64.0,164,0,0
1768228042067017,52931,14550,24.0,168,0,0
1768228042070106,52931,14550,42.0,136,0,0
1768228042071899,52931,14550,42.0,193,0,0
1768228042074148,52931,14550,48.0,32,0,0
1768228042076566,52931,14550,40.0,241,0,0
1768228042079263,52931,14550,70.0,87,0,0
1768228042083256,52931,14550,61.0,147,0,0
1768228042086441,52931,14550,64.0,11030,0,0
1768228042087344,5760,58419,,0,1,0
1768228042090253,52931,14550,29.0,0,0,0
1768228042178919,5760,58419,,264,1,0
1768228042179988,52931,14550,47.0,264,0,0
1768228042266746,52931,14550,48.0,163,0,0
1768228042268492,52931,14550,44.0,178,0,0
1768228042270141,52931,14550,48.0,30,0,0
1768228042273254,52931,14550,48.0,33,0,0
1768228042274824,52931,14550,39.0,74,0,0
1768228042277939,52931,14550,51.0,1,0,0
1768228042282340,52931,14550,22.0,125,0,0
1768228042284052,52931,14550,27.0,152,0,0
1768228042285584,52931,14550,45.0,62,0,0
1768228042287882,52931,14550,26.0,42,0,0
1768228042290688,52931,14550,32.0,36,0,0
1768228042291946,52931,14550,62.0,65,0,0
1768228042293227,52931,14550,49.0,27,0,0
1768228042294742,52931,14550,44.0,116,0,0
1768228042296511,52931,14550,42.0,129,0,0
1768228042297783,52931,14550,34.0,29,0,0
1768228042299135,52931,14550,34.0,137,0,0
1768228042300558,52931,14550,60.0,24,0,0
1768228042302830,52931,14550,53.0,124,0,0
1768228042304967,52931,14550,31.0,2,0,0
1768228042306264,52931,14550,64.0,164,0,0
1768228042307720,52931,14550,24.0,168,0,0
1768228042309362,52931,14550,42.0,136,0,0
1768228042310554,52931,14550,42.0,193,0,0
1768228042312338,52931,14550,48.0,32,0,0
1768228042313813,52931,14550,40.0,241,0,0
1768228042315058,52931,14550,70.0,87,0,0
1768228042316897,52931,14550,61.0,147,0,0
1768228042318626,52931,14550,64.0,11030,0,0
1768228042513877,52931,14550,48.0,163,0,0
1768228042515554,52931,14550,44.0,178,0,0
1768228042517348,52931,14550,48.0,30,0,0
1768228042520045,52931,14550,48.0,33,0,0
1768228042526428,52931,14550,39.0,74,0,0
1768228042533819,52931,14550,51.0,1,0,0
1768228042539577,52931,14550,22.0,125,0,0
1768228042543076,52931,14550,27.0,152,0,0
1768228042544755,52931,14550,45.0,62,0,0
1768228042550055,52931,14550,26.0,42,0,0
1768228042554897,52931,14550,32.0,36,0,0
1768228042556855,52931,14550,62.0,65,0,0
1768228042558597,52931,14550,49.0,27,0,0
1768228042559839,52931,14550,44.0,116,0,0
1768228042561415,52931,14550,42.0,129,0,0
1768228042566119,52931,14550,34.0,29,0,0
1768228042568788,52931,14550,34.0,137,0,0
1768228042572032,52931,14550,60.0,24,0,0
1768228042575428,52931,14550,53.0,124,0,0
1768228042577456,52931,14550,31.0,2,0,0
1768228042578669,52931,14550,64.0,164,0,0
1768228042581663,52931,14550,24.0,168,0,0
1768228042585169,52931,14550,42.0,136,0,0
1768228042586454,52931,14550,42.0,193,0,0
1768228042587854,52931,14550,48.0,32,0,0
1768228042589651,52931,14550,40.0,241,0,0
1768228042591067,52931,14550,70.0,87,0,0
1768228042592936,52931,14550,61.0,147,0,0
1768228042594743,52931,14550,64.0,11030,0,0
1768228042678778,5760,58419,,264,1,0
1768228042680001,52931,14550,47.0,264,0,0
1768228042765338,52931,14550,48.0,163,0,0
1768228042768557,52931,14550,44.0,178,0,0
1768228042771896,52931,14550,48.0,30,0,0
1768228042774502,52931,14550,48.0,33,0,0
1768228042777037,52931,14550,39.0,74,0,0
1768228042779337,52931,14550,51.0,1,0,0
1768228042781933,52931,14550,22.0,125,0,0
1768228042783956,52931,14550,27.0,152,0,0
1768228042785483,52931,14550,45.0,62,0,0
1768228042788120,52931,14550,26.0,42,0,0
1768228042790596,52931,14550,32.0,36,0,0
1768228042792697,52931,14550,62.0,65,0,0
1768228042794157,52931,14550,49.0,27,0,0
1768228042795354,52931,14550,44.0,116,0,0
1768228042796862,52931,14550,42.0,129,0,0
1768228042798116,52931,14550,34.0,29,0,0
1768228042799604,52931,14550,34.0,137,0,0
1768228042800817,52931,14550,60.0,24,0,0
1768228042802434,52931,14550,53.0,124,0,0
1768228042804860,52931,14550,31.0,2,0,0
1768228042806180,52931,14550,64.0,164,0,0
1768228042807575,52931,14550,24.0,168,0,0
1768228042809223,52931,14550,42.0,136,0,0
1768228042810481,52931,14550,42.0,193,0,0
1768228042811918,52931,14550,48.0,32,0,0
1768228042813407,52931,14550,40.0,241,0,0
1768228042814853,52931,14550,70.0,87,0,0
1768228042816343,52931,14550,61.0,147,0,0
1768228042818101,52931,14550,64.0,11030,0,0
1768228042888136,58419,5760,,0,1,0
1768228043020763,52931,14550,48.0,163,0,0
1768228043023190,52931,14550,44.0,178,0,0
1768228043026207,52931,14550,48.0,30,0,0
1768228043028033,52931,14550,48.0,33,0,0
1768228043029413,52931,14550,39.0,74,0,0
1768228043035002,52931,14550,51.0,1,0,0
1768228043040554,52931,14550,22.0,125,0,0
1768228043043568,52931,14550,27.0,152,0,0
1768228043045120,52931,14550,45.0,62,0,0
1768228043047926,52931,14550,26.0,42,0,0
1768228043052302,52931,14550,32.0,36,0,0
1768228043056536,52931,14550,62.0,65,0,0
1768228043058191,52931,14550,49.0,27,0,0
1768228043060053,52931,14550,44.0,116,0,0
1768228043061703,52931,14550,42.0,129,0,0
1768228043063268,52931,14550,34.0,29,0,0
1768228043066798,52931,14550,34.0,137,0,0
1768228043068357,52931,14550,60.0,24,0,0
1768228043071862,52931,14550,53.0,124,0,0
1768228043074566,52931,14550,31.0,2,0,0
1768228043076269,52931,14550,64.0,164,0,0
1768228043077857,52931,14550,24.0,168,0,0
1768228043080562,52931,14550,42.0,136,0,0
1768228043082357,52931,14550,42.0,193,0,0
1768228043084375,52931,14550,48.0,32,0,0
1768228043086393,52931,14550,40.0,241,0,0
1768228043087758,52931,14550,70.0,87,0,0
1768228043088348,5760,58419,,0,1,0
1768228043089362,52931,14550,61.0,147,0,0
1768228043090631,52931,14550,64.0,11030,0,0
1768228043098002,52931,14550,29.0,0,0,0
1768228043110061,5760,58419,,111,1,0
1768228043111012,52931,14550,33.0,111,0,0
1768228043185735,5760,58419,,264,1,0
1768228043187242,52931,14550,47.0,264,0,0
1768228043269166,52931,14550,48.0,163,0,0
1768228043271597,52931,14550,44.0,178,0,0
1768228043272953,52931,14550,48.0,30,0,0
1768228043275235,52931,14550,48.0,33,0,0
1768228043278443,52931,14550,39.0,74,0,0
1768228043283512,52931,14550,51.0,1,0,0
1768228043286094,52931,14550,22.0,125,0,0
1768228043287979,52931,14550,27.0,152,0,0
1768228043289204,52931,14550,45.0,62,0,0
1768228043292090,52931,14550,26.0,42,0,0
1768228043294339,52931,14550,32.0,36,0,0
1768228043295702,52931,14550,62.0,65,0,0
1768228043297667,52931,14550,49.0,27,0,0
1768228043299755,52931,14550,44.0,116,0,0
1768228043301919,52931,14550,42.0,129,0,0
1768228043303461,52931,14550,34.0,29,0,0
1768228043304656,52931,14550,34.0,137,0,0
1768228043306247,52931,14550,60.0,24,0,0
1768228043308097,52931,14550,53.0,124,0,0
1768228043310170,52931,14550,31.0,2,0,0
1768228043311754,52931,14550,64.0,164,0,0
1768228043313009,52931,14550,24.0,168,0,0
1768228043314670,52931,14550,42.0,136,0,0
1768228043316019,52931,14550,42.0,193,0,0
1768228043317466,52931,14550,48.0,32,0,0
1768228043318916,52931,14550,40.0,241,0,0
1768228043320476,52931,14550,70.0,87,0,0
1768228043322261,52931,14550,61.0,147,0,0
1768228043324103,52931,14550,64.0,11030,0,0
1768228043522579,52931,14550,48.0,163,0,0
1768228043524976,52931,14550,44.0,178,0,0
1768228043526827,52931,14550,48.0,30,0,0
1768228043530069,52931,14550,48.0,33,0,0
1768228043532117,52931,14550,39.0,74,0,0
1768228043537560,52931,14550,51.0,1,0,0
1768228043542895,52931,14550,22.0,125,0,0
1768228043547072,52931,14550,27.0,152,0,0
1768228043549849,52931,14550,45.0,62,0,0
1768228043557122,52931,14550,26.0,42,0,0
1768228043563401,52931,14550,32.0,36,0,0
1768228043565376,52931,14550,62.0,65,0,0
1768228043567042,52931,14550,49.0,27,0,0
1768228043570036,52931,14550,44.0,116,0,0
1768228043571716,52931,14550,42.0,129,0,0
1768228043572967,52931,14550,34.0,29,0,0
1768228043575341,52931,14550,34.0,137,0,0
1768228043576952,52931,14550,60.0,24,0,0
1768228043579169,52931,14550,53.0,124,0,0
1768228043580693,52931,14550,31.0,2,0,0
1768228043582012,52931,14550,64.0,164,0,0
1768228043583534,52931,14550,24.0,168,0,0
1768228043585426,52931,14550,42.0,136,0,0
1768228043586751,52931,14550,42.0,193,0,0
1768228043588197,52931,14550,48.0,32,0,0
1768228043589683,52931,14550,40.0,241,0,0
1768228043590860,52931,14550,70.0,87,0,0
1768228043592789,52931,14550,61.0,147,0,0
1768228043594196,52931,14550,64.0,11030,0,0
1768228043683984,5760,58419,,264,1,0
1768228043684946,52931,14550,47.0,264,0,0
1768228043771737,52931,14550,48.0,163,0,0
1768228043773577,52931,14550,44.0,178,0,0
1768228043776520,52931,14550,48.0,30,0,0
1768228043778121,52931,14550,48.0,33,0,0
1768228043779423,52931,14550,39.0,74,0,0
1768228043781456,52931,14550,51.0,1,0,0
1768228043783195,52931,14550,22.0,125,0,0
1768228043784765,52931,14550,27.0,152,0,0
1768228043785979,52931,14550,45.0,62,0,0
1768228043787858,52931,14550,26.0,42,0,0
1768228043789354,52931,14550,32.0,36,0,0
1768228043790262,52931,14550,62.0,65,0,0
1768228043791134,52931,14550,49.0,27,0,0
1768228043792807,52931,14550,44.0,116,0,0
1768228043793706,52931,14550,42.0,129,0,0
1768228043795024,52931,14550,34.0,29,0,0
1768228043795922,52931,14550,34.0,137,0,0
1768228043797269,52931,14550,60.0,24,0,0
1768228043798731,52931,14550,53.0,124,0,0
1768228043800461,52931,14550,31.0,2,0,0
1768228043801941,52931,14550,64.0,164,0,0
1768228043803006,52931,14550,24.0,168,0,0
1768228043804228,52931,14550,42.0,136,0,0
1768228043805997,52931,14550,42.0,193,0,0
1768228043807176,52931,14550,48.0,32,0,0
1768228043808033,52931,14550,40.0,241,0,0
1768228043809390,52931,14550,70.0,87,0,0
1768228043810592,52931,14550,61.0,147,0,0
1768228043812551,52931,14550,64.0,11030,0,0
1768228043891199,58419,5760,,0,1,0
1768228044022337,52931,14550,48.0,163,0,0
1768228044023854,52931,14550,44.0,178,0,0
1768228044025697,52931,14550,48.0,30,0,0
1768228044028129,52931,14550,48.0,33,0,0
1768228044030916,52931,14550,39.0,74,0,0
1768228044033855,52931,14550,51.0,1,0,0
1768228044037713,52931,14550,22.0,125,0,0
1768228044039903,52931,14550,27.0,152,0,0
1768228044041132,52931,14550,45.0,62,0,0
1768228044043420,52931,14550,26.0,42,0,0
1768228044046130,52931,14550,32.0,36,0,0
1768228044047734,52931,14550,62.0,65,0,0
1768228044049091,52931,14550,49.0,27,0,0
1768228044050608,52931,14550,44.0,116,0,0
1768228044052359,52931,14550,42.0,129,0,0
1768228044053699,52931,14550,34.0,29,0,0
1768228044054916,52931,14550,34.0,137,0,0
1768228044056371,52931,14550,60.0,24,0,0
1768228044058008,52931,14550,53.0,124,0,0
1768228044059567,52931,14550,31.0,2,0,0
1768228044061346,52931,14550,64.0,164,0,0
1768228044062761,52931,14550,24.0,168,0,0
1768228044064253,52931,14550,42.0,136,0,0
1768228044065803,52931,14550,42.0,193,0,0
1768228044067338,52931,14550,48.0,32,0,0
1768228044068808,52931,14550,40.0,241,0,0
1768228044070202,52931,14550,70.0,87,0,0
1768228044072153,52931,14550,61.0,147,0,0
1768228044073605,52931,14550,64.0,11030,0,0
1768228044095253,5760,58419,,0,1,0
1768228044096462,52931,14550,29.0,0,0,0
1768228044187347,5760,58419,,264,1,0
1768228044188356,52931,14550,47.0,264,0,0
1768228044278489,52931,14550,48.0,163,0,0
1768228044281065,52931,14550,44.0,178,0,0
1768228044282332,52931,14550,48.0,30,0,0
1768228044285063,52931,14550,48.0,33,0,0
1768228044287698,52931,14550,39.0,74,0,0
1768228044290942,52931,14550,51.0,1,0,0
1768228044293571,52931,14550,22.0,125,0,0
1768228044295191,52931,14550,27.0,152,0,0
1768228044296504,52931,14550,45.0,62,0,0
1768228044298583,52931,14550,26.0,42,0,0
1768228044300932,52931,14550,32.0,36,0,0
1768228044302668,52931,14550,62.0,65,0,0
1768228044303947,52931,14550,49.0,27,0,0
1768228044305121,52931,14550,44.0,116,0,0
1768228044306894,52931,14550,42.0,129,0,0
1768228044308456,52931,14550,34.0,29,0,0
1768228044310011,52931,14550,34.0,137,0,0
1768228044311226,52931,14550,60.0,24,0,0
1768228044312995,52931,14550,53.0,124,0,0
1768228044314949,52931,14550,31.0,2,0,0
1768228044316231,52931,14550,64.0,164,0,0
1768228044317432,52931,14550,24.0,168,0,0
1768228044318880,52931,14550,42.0,136,0,0
1768228044320098,52931,14550,42.0,193,0,0
1768228044321772,52931,14550,48.0,32,0,0
1768228044323239,52931,14550,40.0,241,0,0
1768228044324431,52931,14550,70.0,87,0,0
1768228044326512,52931,14550,61.0,147,0,0
1768228044327851,52931,14550,64.0,11030,0,0
1768228044527181,52931,14550,48.0,163,0,0
1768228044529182,52931,14550,44.0,178,0,0
1768228044532870,52931,14550,48.0,30,0,0
1768228044536211,52931,14550,48.0,33,0,0
1768228044539143,52931,14550,39.0,74,0,0
1768228044544106,52931,14550,51.0,1,0,0
1768228044548870,52931,14550,22.0,125,0,0
1768228044551884,52931,14550,27.0,152,0,0
1768228044553754,52931,14550,45.0,62,0,0
1768228044557054,52931,14550,26.0,42,0,0
1768228044562924,52931,14550,32.0,36,0,0
1768228044564885,52931,14550,62.0,65,0,0
1768228044566664,52931,14550,49.0,27,0,0
1768228044569097,52931,14550,44.0,116,0,0
1768228044571784,52931,14550,42.0,129,0,0
1768228044573608,52931,14550,34.0,29,0,0
1768228044576328,52931,14550,34.0,137,0,0
1768228044579026,52931,14550,60.0,24,0,0
1768228044580768,52931,14550,53.0,124,0,0
1768228044583604,52931,14550,31.0,2,0,0
1768228044585483,52931,14550,64.0,164,0,0
1768228044587969,52931,14550,24.0,168,0,0
1768228044590563,52931,14550,42.0,136,0,0
1768228044593806,52931,14550,42.0,193,0,0
1768228044596100,52931,14550,48.0,32,0,0
1768228044597996,52931,14550,40.0,241,0,0
1768228044599220,52931,14550,70.0,87,0,0
1768228044602117,52931,14550,61.0,147,0,0
1768228044605680,52931,14550,64.0,11030,0,0
1768228044688853,5760,58419,,264,1,0
1768228044689868,52931,14550,47.0,264,0,0
1768228044779261,52931,14550,48.0,163,0,0
1768228044780708,52931,14550,44.0,178,0,0
1768228044782266,52931,14550,48.0,30,0,0
1768228044784199,52931,14550,48.0,33,0,0
1768228044786211,52931,14550,39.0,74,0,0
1768228044789802,52931,14550,51.0,1,0,0
1768228044791380,52931,14550,22.0,125,0,0
1768228044792663,52931,14550,27.0,152,0,0
1768228044793611,52931,14550,45.0,62,0,0
1768228044795393,52931,14550,26.0,42,0,0
1768228044796884,52931,14550,32.0,36,0,0
1768228044798042,52931,14550,62.0,65,0,0
1768228044799045,52931,14550,49.0,27,0,0
1768228044799922,52931,14550,44.0,116,0,0
1768228044800896,52931,14550,42.0,129,0,0
1768228044801734,52931,14550,34.0,29,0,0
1768228044802928,52931,14550,34.0,137,0,0
1768228044803747,52931,14550,60.0,24,0,0
1768228044805198,52931,14550,53.0,124,0,0
1768228044806393,52931,14550,31.0,2,0,0
1768228044807674,52931,14550,64.0,164,0,0
1768228044808509,52931,14550,24.0,168,0,0
1768228044809652,52931,14550,42.0,136,0,0
1768228044810670,52931,14550,42.0,193,0,0
1768228044811861,52931,14550,48.0,32,0,0
1768228044812782,52931,14550,40.0,241,0,0
1768228044813664,52931,14550,70.0,87,0,0
1768228044814884,52931,14550,61.0,147,0,0
1768228044816497,52931,14550,64.0,11030,0,0
1768228044896963,58419,5760,,0,1,0
1768228045026277,52931,14550,48.0,163,0,0
1768228045028842,52931,14550,44.0,178,0,0
1768228045030968,52931,14550,48.0,30,0,0
1768228045034356,52931,14550,48.0,33,0,0
1768228045035659,52931,14550,39.0,74,0,0
1768228045040416,52931,14550,51.0,1,0,0
1768228045045455,52931,14550,22.0,125,0,0
1768228045047796,52931,14550,27.0,152,0,0
1768228045049025,52931,14550,45.0,62,0,0
1768228045051819,52931,14550,26.0,42,0,0
1768228045056040,52931,14550,32.0,36,0,0
1768228045058065,52931,14550,62.0,65,0,0
1768228045061718,52931,14550,49.0,27,0,0
1768228045062983,52931,14550,44.0,116,0,0
1768228045064959,52931,14550,42.0,129,0,0
1768228045068899,52931,14550,34.0,29,0,0
1768228045070610,52931,14550,34.0,137,0,0
1768228045072657,52931,14550,60.0,24,0,0
1768228045074889,52931,14550,53.0,124,0,0
1768228045077189,52931,14550,31.0,2,0,0
1768228045079407,52931,14550,64.0,164,0,0
1768228045081051,52931,14550,24.0,168,0,0
1768228045082871,52931,14550,42.0,136,0,0
1768228045085782,52931,14550,42.0,193,0,0
1768228045087314,52931,14550,48.0,32,0,0
1768228045089529,52931,14550,40.0,241,0,0
1768228045090920,52931,14550,70.0,87,0,0
1768228045093651,52931,14550,61.0,147,0,0
1768228045095242,52931,14550,64.0,11030,0,0
1768228045099279,5760,58419,,0,1,0
1768228045100412,52931,14550,29.0,0,0,0
1768228045192468,5760,58419,,264,1,0
1768228045193805,52931,14550,47.0,264,0,0
1768228045283103,52931,14550,48.0,163,0,0
1768228045286412,52931,14550,44.0,178,0,0
1768228045287768,52931,14550,48.0,30,0,0
1768228045289694,52931,14550,48.0,33,0,0
1768228045291326,52931,14550,39.0,74,0,0
1768228045294501,52931,14550,51.0,1,0,0
1768228045296783,52931,14550,22.0,125,0,0
1768228045298574,52931,14550,27.0,152,0,0
1768228045300126,52931,14550,45.0,62,0,0
1768228045302704,52931,14550,26.0,42,0,0
1768228045305060,52931,14550,32.0,36,0,0
1768228045306334,52931,14550,62.0,65,0,0
1768228045308117,52931,14550,49.0,27,0,0
1768228045309362,52931,14550,44.0,116,0,0
1768228045311320,52931,14550,42.0,129,0,0
1768228045312802,52931,14550,34.0,29,0,0
1768228045314622,52931,14550,34.0,137,0,0
1768228045316122,52931,14550,60.0,24,0,0
1768228045317776,52931,14550,53.0,124,0,0
1768228045319702,52931,14550,31.0,2,0,0
1768228045320944,52931,14550,64.0,164,0,0
1768228045322308,52931,14550,24.0,168,0,0
1768228045323758,52931,14550,42.0,136,0,0
1768228045324965,52931,14550,42.0,193,0,0
1768228045327130,52931,14550,48.0,32,0,0
1768228045328655,52931,14550,40.0,241,0,0
1768228045330272,52931,14550,70.0,87,0,0
1768228045332213,52931,14550,61.0,147,0,0
1768228045333611,52931,14550,64.0,11030,0,0
1768228045534048,52931,14550,48.0,163,0,0
1768228045535923,52931,14550,44.0,178,0,0
1768228045537154,52931,14550,48.0,30,0,0
1768228045540765,52931,14550,48.0,33,0,0
1768228045542239,52931,14550,39.0,74,0,0
1768228045545949,52931,14550,51.0,1,0,0
1768228045553058,52931,14550,22.0,125,0,0
1768228045555652,52931,14550,27.0,152,0,0
1768228045557370,52931,14550,45.0,62,0,0
1768228045562734,52931,14550,26.0,42,0,0
1768228045570211,52931,14550,32.0,36,0,0
1768228045572288,52931,14550,62.0,65,0,0
1768228045574503,52931,14550,49.0,27,0,0
1768228045577907,52931,14550,44.0,116,0,0
1768228045580507,52931,14550,42.0,129,0,0
1768228045583572,52931,14550,34.0,29,0,0
1768228045585237,52931,14550,34.0,137,0,0
1768228045586557,52931,14550,60.0,24,0,0
1768228045588217,52931,14550,53.0,124,0,0
1768228045589859,52931,14550,31.0,2,0,0
1768228045591628,52931,14550,64.0,164,0,0
1768228045592804,52931,14550,24.0,168,0,0
1768228045595023,52931,14550,42.0,136,0,0
1768228045596572,52931,14550,42.0,193,0,0
1768228045598232,52931,14550,48.0,32,0,0
1768228045599438,52931,14550,40.0,241,0,0
1768228045600957,52931,14550,70.0,87,0,0
1768228045602557,52931,14550,61.0,147,0,0
1768228045603909,52931,14550,64.0,11030,0,0
1768228045694466,5760,58419,,264,1,0
1768228045695564,52931,14550,47.0,264,0,0
1768228045781945,52931,14550,48.0,163,0,0
1768228045784769,52931,14550,44.0,178,0,0
1768228045786196,52931,14550,48.0,30,0,0
1768228045789194,52931,14550,48.0,33,0,0
1768228045791334,52931,14550,39.0,74,0,0
1768228045794256,52931,14550,51.0,1,0,0
1768228045796609,52931,14550,22.0,125,0,0
1768228045798438,52931,14550,27.0,152,0,0
1768228045799946,52931,14550,45.0,62,0,0
1768228045801921,52931,14550,26.0,42,0,0
1768228045805640,52931,14550,32.0,36,0,0
1768228045807347,52931,14550,62.0,65,0,0
1768228045809399,52931,14550,49.0,27,0,0
1768228045810963,52931,14550,44.0,116,0,0
1768228045812628,52931,14550,42.0,129,0,0
1768228045814464,52931,14550,34.0,29,0,0
1768228045816385,52931,14550,34.0,137,0,0
1768228045817892,52931,14550,60.0,24,0,0
1768228045819739,52931,14550,53.0,124,0,0
1768228045821314,52931,14550,31.0,2,0,0
1768228045822530,52931,14550,64.0,164,0,0
1768228045824108,52931,14550,24.0,168,0,0
1768228045825642,52931,14550,42.0,136,0,0
1768228045827323,52931,14550,42.0,193,0,0
1768228045830015,52931,14550,48.0,32,0,0
1768228045831724,52931,14550,40.0,241,0,0
1768228045833310,52931,14550,70.0,87,0,0
1768228045834761,52931,14550,61.0,147,0,0
1768228045836595,52931,14550,64.0,11030,0,0
1768228045905563,58419,5760,,0,1,0
1768228046034287,52931,14550,48.0,163,0,0
1768228046035802,52931,14550,44.0,178,0,0
1768228046037710,52931,14550,48.0,30,0,0
1768228046040103,52931,14550,48.0,33,0,0
1768228046042616,52931,14550,39.0,74,0,0
1768228046046421,52931,14550,51.0,1,0,0
1768228046051636,52931,14550,22.0,125,0,0
1768228046053793,52931,14550,27.0,152,0,0
1768228046054662,52931,14550,45.0,62,0,0
1768228046056877,52931,14550,26.0,42,0,0
1768228046059310,52931,14550,32.0,36,0,0
1768228046060206,52931,14550,62.0,65,0,0
1768228046061275,52931,14550,49.0,27,0,0
1768228046062910,52931,14550,44.0,116,0,0
1768228046063767,52931,14550,42.0,129,0,0
1768228046065888,52931,14550,34.0,29,0,0
1768228046067071,52931,14550,34.0,137,0,0
1768228046067907,52931,14550,60.0,24,0,0
1768228046070044,52931,14550,53.0,124,0,0
1768228046071540,52931,14550,31.0,2,0,0
1768228046072760,52931,14550,64.0,164,0,0
1768228046073623,52931,14550,24.0,168,0,0
1768228046075596,52931,14550,42.0,136,0,0
1768228046076539,52931,14550,42.0,193,0,0
1768228046077632,52931,14550,48.0,32,0,0
1768228046078943,52931,14550,40.0,241,0,0
1768228046080883,52931,14550,70.0,87,0,0
1768228046083678,52931,14550,61.0,147,0,0
1768228046086776,52931,14550,64.0,11030,0,0
1768228046104984,5760,58419,,0,1,0
1768228046105842,52931,14550,29.0,0,0,0
1768228046201568,5760,58419,,264,1,0
1768228046202736,52931,14550,47.0,264,0,0
1768228046286903,52931,14550,48.0,163,0,0
1768228046290131,52931,14550,44.0,178,0,0
1768228046291231,52931,14550,48.0,30,0,0
1768228046293122,52931,14550,48.0,33,0,0
1768228046294903,52931,14550,39.0,74,0,0
1768228046297424,52931,14550,51.0,1,0,0
1768228046299535,52931,14550,22.0,125,0,0
1768228046301081,52931,14550,27.0,152,0,0
1768228046302522,52931,14550,45.0,62,0,0
1768228046304218,52931,14550,26.0,42,0,0
1768228046306234,52931,14550,32.0,36,0,0
1768228046307869,52931,14550,62.0,65,0,0
1768228046308997,52931,14550,49.0,27,0,0
1768228046310126,52931,14550,44.0,116,0,0
1768228046312024,52931,14550,42.0,129,0,0
1768228046313632,52931,14550,34.0,29,0,0
1768228046315175,52931,14550,34.0,137,0,0
1768228046316706,52931,14550,60.0,24,0,0
1768228046318394,52931,14550,53.0,124,0,0
1768228046320288,52931,14550,31.0,2,0,0
1768228046321826,52931,14550,64.0,164,0,0
1768228046323308,52931,14550,24.0,168,0,0
1768228046325593,52931,14550,42.0,136,0,0
1768228046327458,52931,14550,42.0,193,0,0
1768228046329476,52931,14550,48.0,32,0,0
1768228046330694,52931,14550,40.0,241,0,0
1768228046332269,52931,14550,70.0,87,0,0
1768228046333986,52931,14550,61.0,147,0,0
1768228046335969,52931,14550,64.0,11030,0,0
1768228046536029,52931,14550,48.0,163,0,0
1768228046538909,52931,14550,44.0,178,0,0
1768228046541993,52931,14550,48.0,30,0,0
1768228046545685,52931,14550,48.0,33,0,0
1768228046547355,52931,14550,39.0,74,0,0
1768228046551485,52931,14550,51.0,1,0,0
1768228046557379,52931,14550,22.0,125,0,0
1768228046562302,52931,14550,27.0,152,0,0
1768228046564640,52931,14550,45.0,62,0,0
1768228046570796,52931,14550,26.0,42,0,0
1768228046575472,52931,14550,32.0,36,0,0
1768228046578268,52931,14550,62.0,65,0,0
1768228046580487,52931,14550,49.0,27,0,0
1768228046581910,52931,14550,44.0,116,0,0
1768228046584595,52931,14550,42.0,129,0,0
1768228046586524,52931,14550,34.0,29,0,0
1768228046589412,52931,14550,34.0,137,0,0
1768228046590654,52931,14550,60.0,24,0,0
1768228046594805,52931,14550,53.0,124,0,0
1768228046596715,52931,14550,31.0,2,0,0
1768228046599888,52931,14550,64.0,164,0,0
1768228046601244,52931,14550,24.0,168,0,0
1768228046603353,52931,14550,42.0,136,0,0
1768228046606996,52931,14550,42.0,193,0,0
1768228046608351,52931,14550,48.0,32,0,0
1768228046609557,52931,14550,40.0,241,0,0
1768228046611093,52931,14550,70.0,87,0,0
1768228046613190,52931,14550,61.0,147,0,0
1768228046614751,52931,14550,64.0,11030,0,0
1768228046701214,5760,58419,,264,1,0
1768228046702246,52931,14550,47.0,264,0,0
1768228046790259,52931,14550,48.0,163,0,0
1768228046795528,52931,14550,44.0,178,0,0
1768228046798360,52931,14550,48.0,30,0,0
1768228046802652,52931,14550,48.0,33,0,0
1768228046806112,52931,14550,39.0,74,0,0
1768228046809643,52931,14550,51.0,1,0,0
1768228046811993,52931,14550,22.0,125,0,0
1768228046814057,52931,14550,27.0,152,0,0
1768228046815591,52931,14550,45.0,62,0,0
1768228046818097,52931,14550,26.0,42,0,0
1768228046821571,52931,14550,32.0,36,0,0
1768228046823012,52931,14550,62.0,65,0,0
1768228046824671,52931,14550,49.0,27,0,0
1768228046826246,52931,14550,44.0,116,0,0
1768228046827502,52931,14550,42.0,129,0,0
1768228046828801,52931,14550,34.0,29,0,0
1768228046829975,52931,14550,34.0,137,0,0
1768228046831526,52931,14550,60.0,24,0,0
1768228046833911,52931,14550,53.0,124,0,0
1768228046835847,52931,14550,31.0,2,0,0
1768228046837105,52931,14550,64.0,164,0,0
1768228046838853,52931,14550,24.0,168,0,0
1768228046840586,52931,14550,42.0,136,0,0
1768228046841908,52931,14550,42.0,193,0,0
1768228046843417,52931,14550,48.0,32,0,0
1768228046844593,52931,14550,40.0,241,0,0
1768228046846137,52931,14550,70.0,87,0,0
1768228046848174,52931,14550,61.0,147,0,0
1768228046849642,52931,14550,64.0,11030,0,0
1768228046911283,58419,5760,,0,1,0
1768228047041082,52931,14550,48.0,163,0,0
1768228047044853,52931,14550,44.0,178,0,0
1768228047046105,52931,14550,48.0,30,0,0
1768228047048455,52931,14550,48.0,33,0,0
1768228047050479,52931,14550,39.0,74,0,0
1768228047055433,52931,14550,51.0,1,0,0
1768228047061332,52931,14550,22.0,125,0,0
1768228047064088,52931,14550,27.0,152,0,0
1768228047065873,52931,14550,45.0,62,0,0
1768228047071484,52931,14550,26.0,42,0,0
1768228047074116,52931,14550,32.0,36,0,0
1768228047075448,52931,14550,62.0,65,0,0
1768228047078694,52931,14550,49.0,27,0,0
1768228047080751,52931,14550,44.0,116,0,0
1768228047082598,52931,14550,42.0,129,0,0
1768228047083823,52931,14550,34.0,29,0,0
1768228047086933,52931,14550,34.0,137,0,0
1768228047088215,52931,14550,60.0,24,0,0
1768228047091407,52931,14550,53.0,124,0,0
1768228047093981,52931,14550,31.0,2,0,0
1768228047095690,52931,14550,64.0,164,0,0
1768228047096934,52931,14550,24.0,168,0,0
1768228047099303,52931,14550,42.0,136,0,0
1768228047100866,52931,14550,42.0,193,0,0
1768228047102972,52931,14550,48.0,32,0,0
1768228047104613,52931,14550,40.0,241,0,0
1768228047106971,52931,14550,70.0,87,0,0
1768228047109857,5760,58419,,0,1,0
1768228047112800,52931,14550,61.0,147,0,0
1768228047114087,52931,14550,64.0,11030,0,0
1768228047120723,52931,14550,29.0,0,0,0
1768228047203246,5760,58419,,264,1,0
1768228047204486,52931,14550,47.0,264,0,0
1768228047290073,52931,14550,48.0,163,0,0
1768228047292170,52931,14550,44.0,178,0,0
1768228047294063,52931,14550,48.0,30,0,0
1768228047295801,52931,14550,48.0,33,0,0
1768228047297619,52931,14550,39.0,74,0,0
1768228047302348,52931,14550,51.0,1,0,0
1768228047308292,52931,14550,22.0,125,0,0
1768228047309912,52931,14550,27.0,152,0,0
1768228047311237,52931,14550,45.0,62,0,0
1768228047313780,52931,14550,26.0,42,0,0
1768228047315881,52931,14550,32.0,36,0,0
1768228047317451,52931,14550,62.0,65,0,0
1768228047319364,52931,14550,49.0,27,0,0
1768228047320592,52931,14550,44.0,116,0,0
1768228047322016,52931,14550,42.0,129,0,0
1768228047323555,52931,14550,34.0,29,0,0
1768228047324958,52931,14550,34.0,137,0,0
1768228047326238,52931,14550,60.0,24,0,0
1768228047328452,52931,14550,53.0,124,0,0
1768228047330120,52931,14550,31.0,2,0,0
1768228047332060,52931,14550,64.0,164,0,0
1768228047333694,52931,14550,24.0,168,0,0
1768228047335678,52931,14550,42.0,136,0,0
1768228047337069,52931,14550,42.0,193,0,0
1768228047338639,52931,14550,48.0,32,0,0
1768228047340031,52931,14550,40.0,241,0,0
1768228047341412,52931,14550,70.0,87,0,0
1768228047343832,52931,14550,61.0,147,0,0
1768228047345160,52931,14550,64.0,11030,0,0
1768228047346764,58419,5760,,66,1,0
1768228047541982,52931,14550,48.0,163,0,0
1768228047544025,52931,14550,44.0,178,0,0
1768228047545743,52931,14550,48.0,30,0,0
1768228047548417,52931,14550,48.0,33,0,0
1768228047552440,52931,14550,39.0,74,0,0
1768228047558542,52931,14550,51.0,1,0,0
1768228047563405,52931,14550,22.0,125,0,0
1768228047566134,52931,14550,27.0,152,0,0
1768228047567494,52931,14550,45.0,62,0,0
1768228047571819,52931,14550,26.0,42,0,0
1768228047574896,52931,14550,32.0,36,0,0
1768228047577915,52931,14550,62.0,65,0,0
1768228047581336,52931,14550,49.0,27,0,0
1768228047583955,52931,14550,44.0,116,0,0
1768228047587183,52931,14550,42.0,129,0,0
1768228047590387,52931,14550,34.0,29,0,0
1768228047592418,52931,14550,34.0,137,0,0
1768228047594078,52931,14550,60.0,24,0,0
1768228047596744,52931,14550,53.0,124,0,0
1768228047598626,52931,14550,31.0,2,0,0
1768228047600831,52931,14550,64.0,164,0,0
1768228047604034,52931,14550,24.0,168,0,0
1768228047606520,52931,14550,42.0,136,0,0
1768228047609151,52931,14550,42.0,193,0,0
1768228047611294,52931,14550,48.0,32,0,0
1768228047613625,52931,14550,40.0,241,0,0
1768228047615048,52931,14550,70.0,87,0,0
1768228047618412,52931,14550,61.0,147,0,0
1768228047620700,52931,14550,64.0,11030,0,0
1768228047711152,5760,58419,,264,1,0
1768228047712268,52931,14550,47.0,264,0,0
1768228047792079,52931,14550,48.0,163,0,0
1768228047793754,52931,14550,44.0,178,0,0
1768228047794445,52931,14550,48.0,30,0,0
1768228047795909,52931,14550,48.0,33,0,0
1768228047796806,52931,14550,39.0,74,0,0
1768228047799733,52931,14550,51.0,1,0,0
1768228047801929,52931,14550,22.0,125,0,0
1768228047803077,52931,14550,27.0,152,0,0
1768228047803911,52931,14550,45.0,62,0,0
1768228047805210,52931,14550,26.0,42,0,0
1768228047806590,52931,14550,32.0,36,0,0
1768228047807271,52931,14550,62.0,65,0,0
1768228047808184,52931,14550,49.0,27,0,0
1768228047808849,52931,14550,44.0,116,0,0
1768228047809530,52931,14550,42.0,129,0,0
1768228047810357,52931,14550,34.0,29,0,0
1768228047811130,52931,14550,34.0,137,0,0
1768228047811795,52931,14550,60.0,24,0,0
1768228047812934,52931,14550,53.0,124,0,0
1768228047813961,52931,14550,31.0,2,0,0
1768228047814798,52931,14550,64.0,164,0,0
1768228047815610,52931,14550,24.0,168,0,0
1768228047816921,52931,14550,42.0,136,0,0
1768228047818338,52931,14550,42.0,193,0,0
1768228047820135,52931,14550,48.0,32,0,0
1768228047822545,52931,14550,40.0,241,0,0
1768228047823533,52931,14550,70.0,87,0,0
1768228047824372,52931,14550,61.0,147,0,0
1768228047825599,52931,14550,64.0,11030,0,0
1768228047915490,58419,5760,,0,1,0
