Unnamed: 0,Timestamp,Unnamed: 2,TimeUS,I,GyrX,GyrY,GyrZ,AccX,AccY,AccZ,EG,EA,T,GH,AH,GHz,AHz
469245,29:35.1,IMU,326325251,0,0.005429639,-0.1287623,1.205381,-2.167173,0.1433603,-9.676354,0,0,38.21739,1,1,999,999
469345,29:35.2,IMU,326365235,0,0.005261894,-0.1292504,1.226004,-2.1164,0.2136247,-9.654102,0,0,38.21829,1,1,999,999
469399,29:35.2,IMU,326405219,0,0.00439269,-0.1289113,1.236674,-2.06022,0.2864376,-9.635494,0,0,38.21917,1,1,999,999
469499,29:35.3,IMU,326445203,0,0.003493667,-0.1250396,1.239862,-2.001363,0.3614133,-9.620002,0,0,38.22008,1,1,999,999
469553,29:35.3,IMU,326485187,0,0.000294205,-0.1201597,1.237141,-1.938571,0.4391099,-9.606728,0,0,38.22098,1,1,999,999
469605,29:35.3,IMU,326525171,0,-0.004328995,-0.1144845,1.230006,-1.871114,0.5186877,-9.595079,0,0,38.22189,1,1,999,999
469706,29:35.4,IMU,326565155,0,-0.008284057,-0.1078034,1.219498,-1.803099,0.5963399,-9.586457,0,0,38.22279,1,1,999,999
469760,29:35.4,IMU,326605139,0,-0.01294036,-0.1016131,1.206852,-1.732893,0.6753011,-9.577529,0,0,38.22369,1,1,999,999
469859,29:35.5,IMU,326645123,0,-0.01798551,-0.09336157,1.192761,-1.661335,0.7518951,-9.572884,0,0,38.2246,1,1,999,999
469911,29:35.5,IMU,326685107,0,-0.02409036,-0.08406803,1.177946,-1.588763,0.8273527,-9.569276,0,0,38.2255,1,1,999,999
469963,29:35.5,IMU,326725091,0,-0.02885601,-0.07370498,1.162803,-1.51737,0.9017645,-9.567699,0,0,38.2264,1,1,999,999
470062,29:35.6,IMU,326765075,0,-0.03650674,-0.0649469,1.147775,-1.442815,0.9741093,-9.561003,0,0,38.22731,1,1,999,999
470116,29:35.6,IMU,326805059,0,-0.0396207,-0.05779748,1.133059,-1.370811,1.043825,-9.564906,0,0,38.22823,1,1,999,999
470215,29:35.7,IMU,326845043,0,-0.04733597,-0.04802382,1.119151,-1.297839,1.111101,-9.563574,0,0,38.22913,1,1,999,999
470266,29:35.7,IMU,326885027,0,-0.05331724,-0.03943146,1.10606,-1.225253,1.174291,-9.566906,0,0,38.23004,1,1,999,999
470318,29:35.7,IMU,326925011,0,-0.05938489,-0.03010317,1.094198,-1.154814,1.237194,-9.564901,0,0,38.23094,1,1,999,999
470417,29:35.8,IMU,326964995,0,-0.06389509,-0.02420759,1.083574,-1.083984,1.296715,-9.569805,0,0,38.23182,1,1,999,999
470471,29:35.8,IMU,327004979,0,-0.06548683,-0.01870179,1.07441,-1.012535,1.353015,-9.566967,0,0,38.23272,1,1,999,999
470572,29:35.9,IMU,327044963,0,-0.07156575,-0.01107453,1.066712,-0.9441615,1.407906,-9.574295,0,0,38.23362,1,1,999,999
470623,29:35.9,IMU,327084947,0,-0.07337707,-0.005029124,1.06039,-0.8755378,1.457596,-9.574119,0,0,38.23453,1,1,999,999
470675,29:35.9,IMU,327124931,0,-0.07457683,0.002654356,1.055492,-0.8078378,1.506771,-9.570892,0,0,38.23543,1,1,999,999
470774,29:36.0,IMU,327164915,0,-0.07898591,0.006785368,1.051783,-0.7410372,1.550854,-9.572166,0,0,38.23633,1,1,999,999
470829,29:36.0,IMU,327204899,0,-0.07839911,0.01132716,1.049,-0.6757119,1.594788,-9.580256,0,0,38.23723,1,1,999,999
470928,29:36.1,IMU,327244883,0,-0.07765457,0.01464894,1.047215,-0.6094385,1.633573,-9.569777,0,0,38.23814,1,1,999,999
470979,29:36.1,IMU,327284867,0,-0.08108902,0.01801982,1.04621,-0.5462039,1.671647,-9.574717,0,0,38.23904,1,1,999,999
471032,29:36.1,IMU,327324851,0,-0.07825571,0.02202783,1.045887,-0.4830443,1.703918,-9.576186,0,0,38.23994,1,1,999,999
471132,29:36.2,IMU,327364835,0,-0.07732538,0.0229073,1.046075,-0.4220982,1.735509,-9.574215,0,0,38.24084,1,1,999,999
471186,29:36.2,IMU,327404819,0,-0.07461997,0.02451972,1.046439,-0.3607017,1.762717,-9.581113,0,0,38.24174,1,1,999,999
471286,29:36.3,IMU,327444803,0,-0.06814259,0.0261262,1.047198,-0.3017204,1.786544,-9.583039,0,0,38.24264,1,1,999,999
471340,29:36.3,IMU,327484787,0,-0.06782864,0.0247446,1.048036,-0.2439227,1.806764,-9.579111,0,0,38.24354,1,1,999,999
471392,29:36.3,IMU,327524771,0,-0.06319349,0.02206307,1.049263,-0.1894591,1.82323,-9.590556,0,0,38.24444,1,1,999,999
471493,29:36.4,IMU,327564755,0,-0.05677525,0.01959394,1.050388,-0.1354662,1.835805,-9.590336,0,0,38.24534,1,1,999,999
471547,29:36.4,IMU,327604739,0,-0.04811789,0.01827708,1.051431,-0.08135095,1.846151,-9.595603,0,0,38.24624,1,1,999,999
471645,29:36.5,IMU,327644723,0,-0.04126303,0.01280935,1.052487,-0.03055443,1.848796,-9.601125,0,0,38.24714,1,1,999,999
471696,29:36.5,IMU,327684707,0,-0.0366779,0.00520621,1.053597,0.01774479,1.849758,-9.605293,0,0,38.24804,1,1,999,999
471749,29:36.5,IMU,327724691,0,-0.03415639,-0.001119695,1.054619,0.06844362,1.846554,-9.620076,0,0,38.24894,1,1,999,999
471848,29:36.6,IMU,327764675,0,-0.02937254,-0.007817016,1.055678,0.1232452,1.839375,-9.628893,0,0,38.24984,1,1,999,999
471902,29:36.6,IMU,327804659,0,-0.02706808,-0.01243609,1.056853,0.1808885,1.827416,-9.634552,0,0,38.25074,1,1,999,999
472001,29:36.7,IMU,327844643,0,-0.0241796,-0.01585937,1.057696,0.2403665,1.810298,-9.635941,0,0,38.25164,1,1,999,999
472052,29:36.7,IMU,327884627,0,-0.02149223,-0.01749493,1.058392,0.3016692,1.788946,-9.639631,0,0,38.25254,1,1,999,999
472104,29:36.7,IMU,327924611,0,-0.01691702,-0.0177317,1.058872,0.3683624,1.762968,-9.65287,0,0,38.25344,1,1,999,999
472205,29:36.8,IMU,327964595,0,-0.01171737,-0.01886675,1.059305,0.4328818,1.736132,-9.661465,0,0,38.25434,1,1,999,999
472259,29:36.8,IMU,328004579,0,-0.005828858,-0.01679884,1.059728,0.5028229,1.7017,-9.662631,0,0,38.25524,1,1,999,999
472360,29:36.9,IMU,328045396,0,-0.001964473,-0.009489656,1.060169,0.5732108,1.662947,-9.664183,0,0,38.25616,1,1,999,999
472411,29:36.9,IMU,328085380,0,0.003843287,-0.003634763,1.060133,0.6460177,1.622852,-9.670707,0,0,38.25706,1,1,999,999
472463,29:36.9,IMU,328125364,0,0.01056862,0.001986377,1.060127,0.7180595,1.576644,-9.669534,0,0,38.25796,1,1,1000,1000
472562,29:37.0,IMU,328165348,0,0.01722918,0.009593117,1.059812,0.7910881,1.529581,-9.670111,0,0,38.25886,1,1,1000,1000
472616,29:37.0,IMU,328205332,0,0.02316876,0.01714534,1.059425,0.8621964,1.480397,-9.672271,0,0,38.25976,1,1,1000,1000
472716,29:37.1,IMU,328245316,0,0.0273653,0.02427504,1.059193,0.9356496,1.424792,-9.669687,0,0,38.26066,1,1,1000,1000
472767,29:37.1,IMU,328285300,0,0.03437019,0.03180069,1.058769,1.008805,1.368417,-9.656242,0,0,38.26156,1,1,1000,1000
472819,29:37.1,IMU,328325284,0,0.04027377,0.03607193,1.058435,1.082003,1.310128,-9.654449,0,0,38.26245,1,1,1000,1000
472920,29:37.2,IMU,328365268,0,0.0465286,0.0380819,1.057981,1.153583,1.247742,-9.645935,0,0,38.26336,1,1,1000,1000
472974,29:37.2,IMU,328405252,0,0.05609681,0.04056673,1.057573,1.223568,1.184663,-9.649957,0,0,38.26425,1,1,1000,1000
473074,29:37.3,IMU,328445236,0,0.06204821,0.0423759,1.057199,1.292588,1.11923,-9.639139,0,0,38.26515,1,1,1000,1000
473128,29:37.3,IMU,328485220,0,0.06588191,0.04462972,1.057003,1.359127,1.054064,-9.631417,0,0,38.26603,1,1,1000,1000
473180,29:37.3,IMU,328525204,0,0.06856117,0.04781045,1.056986,1.423524,0.9863452,-9.630747,0,0,38.26692,1,1,1000,1000
473281,29:37.4,IMU,328565188,0,0.06945199,0.0508523,1.057163,1.487153,0.9171534,-9.618363,0,0,38.26782,1,1,1000,1000
473335,29:37.4,IMU,328605172,0,0.07502463,0.04700755,1.057009,1.547969,0.8471741,-9.607353,0,0,38.26872,1,1,1000,1000
473433,29:37.5,IMU,328645156,0,0.07934625,0.04992956,1.057299,1.604117,0.7755141,-9.601745,0,0,38.26962,1,1,1000,1000
473484,29:37.5,IMU,328685140,0,0.07992908,0.05481493,1.057199,1.657627,0.7061702,-9.590104,0,0,38.27052,1,1,1000,1000
473536,29:37.5,IMU,328725124,0,0.07835977,0.05449109,1.057145,1.708953,0.634427,-9.577686,0,0,38.27141,1,1,1000,1000
473636,29:37.6,IMU,328765108,0,0.08140558,0.05590685,1.057105,1.75569,0.5637354,-9.568068,0,0,38.27231,1,1,1000,1000
473690,29:37.6,IMU,328805092,0,0.08230172,0.05574575,1.056938,1.797186,0.4936829,-9.554743,0,0,38.2732,1,1,1000,1000
473789,29:37.7,IMU,328845076,0,0.080962,0.05346965,1.056839,1.835369,0.4254822,-9.543943,0,0,38.2741,1,1,1000,1000
473840,29:37.7,IMU,328885060,0,0.08101887,0.0566422,1.056719,1.869613,0.3579015,-9.542215,0,0,38.27502,1,1,1000,1000
473892,29:37.7,IMU,328925044,0,0.08076368,0.05701108,1.056773,1.898214,0.2909589,-9.513078,0,0,38.27592,1,1,1000,1000
473991,29:37.8,IMU,328965028,0,0.07428648,0.05250782,1.056247,1.922063,0.2272001,-9.511501,0,0,38.27681,1,1,1000,1000
474045,29:37.8,IMU,329005012,0,0.07453188,0.05344916,1.055973,1.940857,0.1639805,-9.501051,0,0,38.27771,1,1,1000,1000
474146,29:37.9,IMU,329044996,0,0.07472841,0.05512538,1.055773,1.952783,0.1042411,-9.483173,0,0,38.27858,1,1,1000,1000
474197,29:37.9,IMU,329084980,0,0.0704227,0.05119381,1.055439,1.962051,0.04707799,-9.476589,0,0,38.27948,1,1,1000,1000
474249,29:37.9,IMU,329124964,0,0.06470494,0.04790853,1.05492,1.964771,-0.008390388,-9.471079,0,0,38.28038,1,1,999,999
474348,29:38.0,IMU,329164948,0,0.05894897,0.04600014,1.054555,1.96213,-0.06612887,-9.462859,0,0,38.28127,1,1,999,999
474402,29:38.0,IMU,329204932,0,0.05360526,0.04249904,1.054446,1.954237,-0.1256267,-9.459301,0,0,38.28217,1,1,999,999
474502,29:38.1,IMU,329244916,0,0.04886293,0.03547728,1.054513,1.938964,-0.1908797,-9.450956,0,0,38.28306,1,1,999,999
474553,29:38.1,IMU,329284900,0,0.04454321,0.02917201,1.054577,1.921886,-0.2590534,-9.453666,0,0,38.28396,1,1,999,999
474605,29:38.1,IMU,329324884,0,0.04067241,0.01765713,1.05483,1.896298,-0.3311215,-9.450033,0,0,38.28485,1,1,999,999
474707,29:38.2,IMU,329364868,0,0.03249081,0.004458634,1.054999,1.867139,-0.4067497,-9.454185,0,0,38.28575,1,1,999,999
474762,29:38.2,IMU,329404852,0,0.02540574,-0.008030406,1.055198,1.832775,-0.4836224,-9.457701,0,0,38.28664,1,1,999,999
474862,29:38.3,IMU,329444836,0,0.01881038,-0.01929656,1.055366,1.793478,-0.5653718,-9.462754,0,0,38.28754,1,1,999,999
474919,29:38.3,IMU,329484820,0,0.01447228,-0.02817549,1.055519,1.749142,-0.6495318,-9.471301,0,0,38.28843,1,1,999,999
474971,29:38.3,IMU,329524804,0,0.01140024,-0.03925315,1.055863,1.698893,-0.7343562,-9.47699,0,0,38.28933,1,1,999,999
475072,29:38.4,IMU,329564788,0,0.009230744,-0.04888335,1.056069,1.644492,-0.8204284,-9.479172,0,0,38.29023,1,1,999,999
475126,29:38.4,IMU,329604772,0,0.006461217,-0.05773776,1.05639,1.585439,-0.9070797,-9.483309,0,0,38.29112,1,1,999,999
475224,29:38.5,IMU,329644756,0,0.005086503,-0.06832489,1.056862,1.523988,-0.9951739,-9.489935,0,0,38.29201,1,1,999,999
475275,29:38.5,IMU,329684740,0,0.002797033,-0.08060634,1.057193,1.456947,-1.082951,-9.497059,0,0,38.29291,1,1,999,999
475327,29:38.5,IMU,329724724,0,-0.000493104,-0.09447116,1.057556,1.388171,-1.169584,-9.506495,0,0,38.2938,1,1,999,999
475427,29:38.6,IMU,329764708,0,-0.006052061,-0.1075746,1.057887,1.314256,-1.255862,-9.522327,0,0,38.2947,1,1,999,999
475481,29:38.6,IMU,329804692,0,-0.01097675,-0.1195832,1.058289,1.237625,-1.340592,-9.531416,0,0,38.29559,1,1,999,999
475580,29:38.7,IMU,329844676,0,-0.01818386,-0.1273833,1.058467,1.159987,-1.42284,-9.542162,0,0,38.29649,1,1,999,999
475631,29:38.7,IMU,329884660,0,-0.02211215,-0.1330302,1.057924,1.08028,-1.503,-9.5556,0,0,38.29738,1,1,999,999
475683,29:38.7,IMU,329924644,0,-0.02481042,-0.1390277,1.049491,1.000143,-1.579757,-9.570207,0,0,38.29827,1,1,999,999
475782,29:38.8,IMU,329964628,0,-0.02787082,-0.1429171,1.025073,0.919206,-1.653406,-9.587185,0,0,38.29916,1,1,999,999
475836,29:38.8,IMU,330004612,0,-0.02993589,-0.1451662,0.9821804,0.840831,-1.718147,-9.594269,0,0,38.30006,1,1,999,999
475937,29:38.9,IMU,330044596,0,-0.03052313,-0.1474694,0.9223108,0.7639807,-1.775806,-9.610026,0,0,38.30095,1,1,999,999
475988,29:38.9,IMU,330084580,0,-0.03069641,-0.1484328,0.8483809,0.6913581,-1.824734,-9.622872,0,0,38.30185,1,1,999,999
476040,29:38.9,IMU,330125397,0,-0.03065098,-0.1473783,0.7619156,0.622648,-1.867267,-9.641386,0,0,38.30276,1,1,1000,1000
476139,29:39.0,IMU,330165381,0,-0.02973782,-0.1463574,0.6710275,0.5623055,-1.900439,-9.657006,0,0,38.30365,1,1,1000,1000
476193,29:39.0,IMU,330205365,0,-0.03134152,-0.1457962,0.5782224,0.5092764,-1.926143,-9.673165,0,0,38.30455,1,1,1000,1000
476292,29:39.1,IMU,330245349,0,-0.03155069,-0.1450869,0.4864783,0.4625561,-1.946668,-9.69117,0,0,38.30544,1,1,1000,1000
476344,29:39.1,IMU,330285333,0,-0.03149281,-0.1432458,0.3983211,0.4222154,-1.960301,-9.710661,0,0,38.30633,1,1,1000,1000
476396,29:39.1,IMU,330325317,0,-0.03297295,-0.1447584,0.3160669,0.3883209,-1.971139,-9.729189,0,0,38.30722,1,1,1000,1000
476496,29:39.2,IMU,330365301,0,-0.03140822,-0.1392276,0.2408495,0.3563863,-1.977195,-9.746588,0,0,38.30811,1,1,1000,1000
476551,29:39.2,IMU,330405285,0,-0.03257262,-0.1401726,0.1738823,0.3319166,-1.981231,-9.770478,0,0,38.30901,1,1,1000,1000
476652,29:39.3,IMU,330445269,0,-0.03352261,-0.1384922,0.1154614,0.309953,-1.983696,-9.791104,0,0,38.3099,1,1,1000,1000
476706,29:39.3,IMU,330485253,0,-0.03383606,-0.1375346,0.06567074,0.2923732,-1.982818,-9.812704,0,0,38.31079,1,1,1000,1000
476758,29:39.3,IMU,330525237,0,-0.03528789,-0.1363362,0.02419513,0.2761107,-1.98391,-9.836039,0,0,38.31168,1,1,1000,1000
476859,29:39.4,IMU,330565221,0,-0.03565907,-0.1382665,-0.008578302,0.2605456,-1.977217,-9.855299,0,0,38.31255,1,1,1000,1000
476913,29:39.4,IMU,330605205,0,-0.03596003,-0.1377506,-0.03514306,0.2477517,-1.974793,-9.876908,0,0,38.31345,1,1,1000,1000
477011,29:39.5,IMU,330645189,0,-0.03531358,-0.1363976,-0.05532258,0.2366936,-1.96906,-9.901689,0,0,38.31433,1,1,1000,1000
477062,29:39.5,IMU,330685173,0,-0.03194801,-0.1358146,-0.06954983,0.2251965,-1.965744,-9.9218,0,0,38.31523,1,1,1000,1000
477114,29:39.5,IMU,330725157,0,-0.026319,-0.1343603,-0.07891297,0.2152643,-1.959803,-9.941999,0,0,38.31612,1,1,1000,1000
477213,29:39.6,IMU,330765141,0,-0.01911702,-0.1328681,-0.08379265,0.2030229,-1.952946,-9.955976,0,0,38.31701,1,1,1000,1000
477268,29:39.6,IMU,330805125,0,-0.01078593,-0.1303377,-0.08490561,0.1920601,-1.947619,-9.971834,0,0,38.3179,1,1,1000,1000
477367,29:39.7,IMU,330845109,0,-0.001458109,-0.1279568,-0.08272015,0.1798447,-1.941031,-9.982149,0,0,38.31879,1,1,1000,1000
477418,29:39.7,IMU,330885093,0,0.006100874,-0.1279694,-0.07771555,0.1685848,-1.934439,-9.991488,0,0,38.31968,1,1,1000,1000
477470,29:39.7,IMU,330925077,0,0.01267155,-0.1259694,-0.07059991,0.1548683,-1.929821,-10.00006,0,0,38.32057,1,1,1000,1000
477570,29:39.8,IMU,330965061,0,0.01854628,-0.1235583,-0.06206514,0.1423476,-1.923539,-10.00735,0,0,38.32149,1,1,1000,1000
477624,29:39.8,IMU,331005045,0,0.0221013,-0.1219785,-0.05232534,0.128082,-1.917452,-10.01126,0,0,38.32238,1,1,1000,1000
477725,29:39.9,IMU,331045029,0,0.0252374,-0.121128,-0.04253369,0.1143946,-1.914094,-10.02437,0,0,38.32327,1,1,1000,1000
477776,29:39.9,IMU,331085013,0,0.02700214,-0.1228647,-0.0326144,0.09919133,-1.9097,-10.03125,0,0,38.32416,1,1,1000,1000
477828,29:39.9,IMU,331124997,0,0.02599232,-0.1224101,-0.02332554,0.08273605,-1.906866,-10.03494,0,0,38.32502,1,1,999,999
477927,29:40.0,IMU,331164981,0,0.02332636,-0.1223848,-0.01451177,0.06582297,-1.903734,-10.04408,0,0,38.32592,1,1,999,999
477981,29:40.0,IMU,331204965,0,0.02393252,-0.1257999,-0.006492084,0.04840682,-1.901033,-10.04834,0,0,38.32681,1,1,999,999
478081,29:40.1,IMU,331244949,0,0.02197291,-0.1241109,0.000280673,0.03200554,-1.89784,-10.05162,0,0,38.32769,1,1,999,999
478133,29:40.1,IMU,331284933,0,0.02043616,-0.1207162,0.005874362,0.01356368,-1.895837,-10.05899,0,0,38.32858,1,1,999,999
478185,29:40.1,IMU,331324917,0,0.0195293,-0.1187469,0.01053219,-0.003971372,-1.895269,-10.06452,0,0,38.32947,1,1,999,999
478285,29:40.2,IMU,331364901,0,0.02036262,-0.1131448,0.01406446,-0.02300249,-1.891987,-10.06813,0,0,38.33036,1,1,999,999
478340,29:40.2,IMU,331404885,0,0.01877446,-0.1034131,0.01641504,-0.04037286,-1.890817,-10.07569,0,0,38.33125,1,1,999,999
478440,29:40.3,IMU,331444869,0,0.01747461,-0.088928,0.01766634,-0.06209796,-1.890443,-10.08145,0,0,38.33214,1,1,999,999
478494,29:40.3,IMU,331484853,0,0.0161915,-0.08152697,0.01855255,-0.08224329,-1.888901,-10.08467,0,0,38.33303,1,1,999,999
478546,29:40.3,IMU,331524837,0,0.01502207,-0.06851871,0.01857379,-0.1037351,-1.887457,-10.08502,0,0,38.33392,1,1,999,999
478647,29:40.4,IMU,331564821,0,0.01406129,-0.06152715,0.01816984,-0.1257167,-1.88502,-10.08225,0,0,38.33481,1,1,999,999
478701,29:40.4,IMU,331604805,0,0.0131893,-0.05308898,0.01725134,-0.1494995,-1.884738,-10.08302,0,0,38.3357,1,1,999,999
478799,29:40.5,IMU,331644789,0,0.01319345,-0.04864233,0.01615595,-0.1732991,-1.88306,-10.07522,0,0,38.33659,1,1,999,999
478850,29:40.5,IMU,331684773,0,0.01230155,-0.04691086,0.01504078,-0.1959155,-1.882872,-10.07473,0,0,38.33747,1,1,999,999
478902,29:40.5,IMU,331724757,0,0.01153631,-0.04108412,0.01348353,-0.2198168,-1.879847,-10.06855,0,0,38.33836,1,1,999,999
479001,29:40.6,IMU,331764741,0,0.01076863,-0.04203662,0.01195649,-0.2442405,-1.879463,-10.05945,0,0,38.33925,1,1,999,999
479056,29:40.6,IMU,331804725,0,0.01281898,-0.04602622,0.01067872,-0.2680762,-1.877647,-10.06028,0,0,38.34014,1,1,999,999
479154,29:40.7,IMU,331844709,0,0.01334221,-0.04877967,0.009452628,-0.294772,-1.878371,-10.05365,0,0,38.34103,1,1,999,999
479206,29:40.7,IMU,331884693,0,0.009412899,-0.04706701,0.008405903,-0.3167517,-1.87633,-10.05104,0,0,38.34191,1,1,999,999
479258,29:40.7,IMU,331924677,0,0.008865205,-0.047049,0.007460186,-0.3425941,-1.876941,-10.04715,0,0,38.3428,1,1,999,999
479358,29:40.8,IMU,331964661,0,0.00660313,-0.05008604,0.007020012,-0.3681047,-1.876035,-10.0499,0,0,38.34369,1,1,999,999
479414,29:40.8,IMU,332004645,0,0.006481511,-0.05224603,0.006761326,-0.3938972,-1.874697,-10.03752,0,0,38.34457,1,1,999,999
479515,29:40.9,IMU,332044629,0,0.003854665,-0.05416052,0.006367453,-0.4203393,-1.87613,-10.049,0,0,38.34546,1,1,999,999
479566,29:40.9,IMU,332084613,0,0.003414985,-0.0558778,0.006470354,-0.4450496,-1.874894,-10.0398,0,0,38.34635,1,1,999,999
479618,29:40.9,IMU,332124597,0,0.003414978,-0.05941402,0.006516476,-0.4716247,-1.873685,-10.02797,0,0,38.34724,1,1,999,999
479717,29:41.0,IMU,332164581,0,0.001549472,-0.0634336,0.006856701,-0.4982705,-1.874973,-10.03841,0,0,38.34813,1,1,999,999
479771,29:41.0,IMU,332205398,0,0.001932041,-0.06134184,0.007016688,-0.5260183,-1.874086,-10.03025,0,0,38.34903,1,1,999,999
479870,29:41.1,IMU,332245382,0,-0.000611803,-0.06003591,0.007087067,-0.5539206,-1.875009,-10.02421,0,0,38.34992,1,1,999,999
479921,29:41.1,IMU,332285366,0,0.003443009,-0.06375253,0.00748658,-0.5804976,-1.874631,-10.03108,0,0,38.35081,1,1,999,999
479974,29:41.1,IMU,332325350,0,-0.00011316,-0.07042385,0.008025291,-0.6093728,-1.873755,-10.02666,0,0,38.35169,1,1,999,999
480074,29:41.2,IMU,332365334,0,-0.002021638,-0.07080857,0.008451652,-0.6372089,-1.873278,-10.02101,0,0,38.35258,1,1,999,999
480129,29:41.2,IMU,332405318,0,-0.002366018,-0.07322923,0.008795233,-0.6653979,-1.874056,-10.02017,0,0,38.35347,1,1,999,999
480229,29:41.3,IMU,332445302,0,-0.002524246,-0.07444032,0.009228445,-0.693895,-1.874217,-10.02466,0,0,38.35435,1,1,999,999
480284,29:41.3,IMU,332485286,0,-0.001016208,-0.07074225,0.009706996,-0.72281,-1.874522,-10.01399,0,0,38.35524,1,1,999,999
480336,29:41.3,IMU,332525270,0,-0.00223372,-0.06728972,0.009903509,-0.7526524,-1.873916,-10.0217,0,0,38.35612,1,1,999,999
480437,29:41.4,IMU,332565254,0,-0.002821655,-0.0631316,0.01021683,-0.7837036,-1.873721,-10.01424,0,0,38.35701,1,1,999,999
480491,29:41.4,IMU,332605238,0,-0.002118729,-0.0511357,0.01008364,-0.8125263,-1.873892,-10.01114,0,0,38.35789,1,1,999,999
480590,29:41.5,IMU,332645222,0,-0.00324346,-0.04436063,0.009622003,-0.8431275,-1.872366,-10.0051,0,0,38.35876,1,1,999,999
480641,29:41.5,IMU,332685206,0,-0.004171846,-0.03464508,0.009416308,-0.8745406,-1.872556,-10.00517,0,0,38.35965,1,1,999,999
480693,29:41.5,IMU,332725190,0,-0.001051921,-0.02313915,0.008874179,-0.907398,-1.871284,-9.995314,0,0,38.36053,1,1,999,999
480792,29:41.6,IMU,332765174,0,-0.000611681,-0.01506725,0.008439819,-0.9389873,-1.870007,-9.989655,0,0,38.36142,1,1,999,999
480846,29:41.6,IMU,332805158,0,-0.00017651,-0.005746969,0.007706129,-0.9712062,-1.870486,-9.972823,0,0,38.3623,1,1,999,999
480945,29:41.7,IMU,332845142,0,0.000212602,0.000280773,0.006987121,-1.004719,-1.86772,-9.963854,0,0,38.36319,1,1,999,999
480997,29:41.7,IMU,332885126,0,0.000659454,0.004048359,0.00629995,-1.034893,-1.866901,-9.953418,0,0,38.36407,1,1,999,999
481049,29:41.7,IMU,332925110,0,0.000909884,0.00641164,0.005567268,-1.066669,-1.866885,-9.939318,0,0,38.36496,1,1,999,999
481148,29:41.8,IMU,332965094,0,0.001224054,0.007163059,0.004965008,-1.099039,-1.865203,-9.929296,0,0,38.36584,1,1,999,999
481202,29:41.8,IMU,333005078,0,0.001559875,0.006784083,0.004432311,-1.129985,-1.86343,-9.915776,0,0,38.36672,1,1,999,999
481303,29:41.9,IMU,333045062,0,0.00175493,0.006210698,0.003817647,-1.160344,-1.862204,-9.90274,0,0,38.36763,1,1,999,999
481354,29:41.9,IMU,333085046,0,0.001988391,0.01086246,0.003170279,-1.191001,-1.861367,-9.887829,0,0,38.36852,1,1,999,999
481406,29:41.9,IMU,333125030,0,0.000250363,0.00864649,0.002876874,-1.221198,-1.860178,-9.874009,0,0,38.3694,1,1,1000,1000
481505,29:42.0,IMU,333165014,0,0.000683268,0.00540055,0.002635086,-1.251052,-1.858302,-9.861235,0,0,38.37028,1,1,1000,1000
481559,29:42.0,IMU,333204998,0,0.001032794,0.002926833,0.002352634,-1.280164,-1.85815,-9.847849,0,0,38.37114,1,1,1000,1000
481658,29:42.1,IMU,333244982,0,0.001344942,-0.000281776,0.002314081,-1.308916,-1.856739,-9.834482,0,0,38.37203,1,1,1000,1000
481710,29:42.1,IMU,333284966,0,0.001215187,-0.001602763,0.002224117,-1.337163,-1.857299,-9.821948,0,0,38.37291,1,1,1000,1000
481762,29:42.1,IMU,333324950,0,-0.001993263,-0.003116016,0.002159552,-1.365108,-1.856141,-9.813929,0,0,38.37379,1,1,1000,1000
481862,29:42.2,IMU,333364934,0,-0.003658323,-0.003906523,0.002302352,-1.392627,-1.855826,-9.808018,0,0,38.37468,1,1,1000,1000
481918,29:42.2,IMU,333404918,0,-0.002860254,-0.004847449,0.002520154,-1.420851,-1.85451,-9.795362,0,0,38.37556,1,1,1000,1000
482018,29:42.3,IMU,333444902,0,-0.000952821,-0.005357089,0.002716888,-1.447858,-1.854248,-9.784261,0,0,38.37645,1,1,1000,1000
482072,29:42.3,IMU,333484886,0,0.000183299,-0.006167159,0.00290173,-1.474816,-1.853478,-9.773426,0,0,38.37733,1,1,1000,1000
482124,29:42.3,IMU,333524870,0,0.001916053,-0.005859134,0.003086117,-1.502151,-1.852657,-9.764013,0,0,38.37821,1,1,1000,1000
482225,29:42.4,IMU,333564854,0,0.003503144,-0.005930078,0.003292586,-1.527566,-1.851824,-9.751701,0,0,38.37909,1,1,1000,1000
482279,29:42.4,IMU,333604838,0,0.004130453,-0.00519312,0.003386917,-1.554348,-1.850583,-9.741991,0,0,38.37998,1,1,1000,1000
482378,29:42.5,IMU,333644822,0,0.004170491,-0.004465186,0.003488859,-1.578908,-1.84868,-9.735164,0,0,38.38086,1,1,1000,1000
482429,29:42.5,IMU,333684806,0,0.004261889,-0.002804211,0.003574956,-1.604748,-1.847081,-9.724501,0,0,38.38174,1,1,1000,1000
482481,29:42.5,IMU,333724790,0,0.004352349,-0.000324099,0.003361807,-1.630099,-1.846648,-9.713587,0,0,38.38263,1,1,1000,1000
482580,29:42.6,IMU,333764774,0,0.004544586,-4.81e-05,0.003273703,-1.654885,-1.846325,-9.703527,0,0,38.38351,1,1,1000,1000
482634,29:42.6,IMU,333804758,0,0.00445961,0.000483106,0.002945207,-1.67907,-1.843858,-9.69213,0,0,38.38439,1,1,1000,1000
482733,29:42.7,IMU,333844742,0,0.002936458,0.003335066,0.002740961,-1.702896,-1.843687,-9.681696,0,0,38.38527,1,1,1000,1000
482785,29:42.7,IMU,333884726,0,0.002273601,0.002426573,0.002535604,-1.726699,-1.843146,-9.669868,0,0,38.38615,1,1,1000,1000
482837,29:42.7,IMU,333924710,0,0.002546872,0.000390227,0.002690371,-1.751129,-1.841841,-9.659561,0,0,38.38704,1,1,1000,1000
482937,29:42.8,IMU,333964694,0,0.003824519,0.002455304,0.002826334,-1.774019,-1.840952,-9.650379,0,0,38.38792,1,1,1000,1000
482991,29:42.8,IMU,334004678,0,0.005039115,0.004828483,0.002914543,-1.795909,-1.841545,-9.644001,0,0,38.3888,1,1,1000,1000
483092,29:42.9,IMU,334044662,0,0.004724155,0.008671934,0.002917972,-1.819052,-1.839222,-9.626362,0,0,38.38968,1,1,1000,1000
483143,29:42.9,IMU,334084646,0,0.006060405,0.01136311,0.002615755,-1.84069,-1.838917,-9.620791,0,0,38.39056,1,1,1000,1000
483195,29:42.9,IMU,334124630,0,0.008050168,0.01251063,0.002434322,-1.864179,-1.838316,-9.609585,0,0,38.39144,1,1,999,999
483294,29:43.0,IMU,334164614,0,0.008234738,0.01403982,0.002287767,-1.885504,-1.83858,-9.601905,0,0,38.39232,1,1,999,999
483348,29:43.0,IMU,334204598,0,0.005830706,0.01540866,0.002205268,-1.906422,-1.835521,-9.589615,0,0,38.3932,1,1,999,999
483447,29:43.1,IMU,334244582,0,0.006136843,0.01795616,0.001826879,-1.927368,-1.834488,-9.579386,0,0,38.39408,1,1,999,999
483499,29:43.1,IMU,334285399,0,0.00590957,0.02487293,0.001396506,-1.947919,-1.83414,-9.573503,0,0,38.39499,1,1,999,999
483551,29:43.1,IMU,334325383,0,0.005692482,0.02862255,0.001347386,-1.968557,-1.834233,-9.560148,0,0,38.39587,1,1,999,999
483654,29:43.2,IMU,334365367,0,0.006506128,0.02567993,0.001457009,-1.987842,-1.832949,-9.550763,0,0,38.39675,1,1,999,999
483710,29:43.2,IMU,334405351,0,0.008733579,0.02330441,0.001413227,-2.007519,-1.831736,-9.539036,0,0,38.39763,1,1,999,999
483810,29:43.3,IMU,334445335,0,0.008971473,0.02665705,0.000906554,-2.025178,-1.832249,-9.532106,0,0,38.39851,1,1,999,999
483864,29:43.3,IMU,334485319,0,0.007809049,0.0304613,0.000544701,-2.044212,-1.831048,-9.518394,0,0,38.39939,1,1,999,999
483916,29:43.3,IMU,334525303,0,0.00745273,0.03365595,5.398693e-05,-2.06106,-1.829517,-9.514143,0,0,38.40027,1,1,999,999
484017,29:43.4,IMU,334565287,0,0.007073689,0.03688371,-0.00041942,-2.078092,-1.831568,-9.509856,0,0,38.40115,1,1,999,999
484071,29:43.4,IMU,334605271,0,0.007849278,0.03468832,-0.000201037,-2.093946,-1.829683,-9.493221,0,0,38.40203,1,1,999,999
484170,29:43.5,IMU,334645255,0,0.00764715,0.03421646,-0.000358853,-2.110404,-1.829275,-9.486471,0,0,38.40291,1,1,999,999
484221,29:43.5,IMU,334685239,0,0.006379683,0.03721449,-0.00046639,-2.12724,-1.82978,-9.481264,0,0,38.40379,1,1,999,999
484273,29:43.5,IMU,334725223,0,0.008253624,0.03866169,-0.000737051,-2.140861,-1.829546,-9.468975,0,0,38.40465,1,1,999,999
484372,29:43.6,IMU,334765207,0,0.007697736,0.03873653,-0.000956356,-2.155505,-1.829603,-9.464969,0,0,38.40553,1,1,999,999
484426,29:43.6,IMU,334805191,0,0.007499849,0.03993377,-0.000731696,-2.169204,-1.830048,-9.462107,0,0,38.4064,1,1,999,999
484524,29:43.7,IMU,334845175,0,0.006868336,0.04372051,-0.001033065,-2.181581,-1.829301,-9.44104,0,0,38.40728,1,1,999,999
484576,29:43.7,IMU,334885159,0,0.009144729,0.04717857,-0.001470012,-2.196246,-1.829031,-9.433287,0,0,38.40816,1,1,999,999
484629,29:43.7,IMU,334925143,0,0.00848417,0.05203441,-0.001717228,-2.208621,-1.830881,-9.437201,0,0,38.40904,1,1,999,999
484729,29:43.8,IMU,334965127,0,0.008242149,0.05347076,-0.001648619,-2.220057,-1.829552,-9.427479,0,0,38.40992,1,1,999,999
484783,29:43.8,IMU,335005111,0,0.007408708,0.05323647,-0.001992046,-2.230757,-1.830285,-9.412909,0,0,38.4108,1,1,999,999
484884,29:43.9,IMU,335045095,0,0.007069145,0.05756582,-0.002236136,-2.241405,-1.830376,-9.412998,0,0,38.41167,1,1,999,999
484935,29:43.9,IMU,335085079,0,0.006822355,0.06280764,-0.002453513,-2.251922,-1.831359,-9.406797,0,0,38.41256,1,1,999,999
484987,29:43.9,IMU,335125063,0,0.005901586,0.06173695,-0.002544063,-2.261131,-1.830513,-9.398568,0,0,38.41346,1,1,1000,1000
485086,29:44.0,IMU,335165047,0,0.007890468,0.06972453,-0.003086946,-2.271384,-1.832994,-9.394659,0,0,38.41433,1,1,1000,1000
485140,29:44.0,IMU,335205031,0,0.009955781,0.06641952,-0.003328585,-2.276799,-1.832721,-9.376112,0,0,38.41521,1,1,1000,1000
485239,29:44.1,IMU,335245015,0,0.006675661,0.05785359,-0.003216779,-2.285998,-1.832166,-9.372498,0,0,38.41609,1,1,1000,1000
485291,29:44.1,IMU,335284999,0,0.006445867,0.04401048,-0.002948786,-2.291306,-1.8346,-9.376289,0,0,38.41695,1,1,1000,1000
485343,29:44.1,IMU,335324983,0,0.006302343,0.03130564,-0.002490247,-2.296251,-1.834602,-9.365302,0,0,38.41782,1,1,1000,1000
485442,29:44.2,IMU,335364967,0,0.005927629,0.01853874,-0.001731467,-2.299709,-1.835531,-9.367435,0,0,38.4187,1,1,1000,1000
485499,29:44.2,IMU,335404951,0,0.00571669,0.006448555,-0.000788636,-2.301525,-1.836286,-9.358463,0,0,38.41958,1,1,1000,1000
485599,29:44.3,IMU,335444935,0,0.005485155,-0.003959923,0.000189116,-2.301963,-1.838026,-9.358837,0,0,38.42046,1,1,1000,1000
485653,29:44.3,IMU,335484919,0,0.005344449,-0.006356528,0.000890055,-2.304799,-1.83826,-9.355429,0,0,38.42133,1,1,1000,1000
485705,29:44.3,IMU,335524903,0,0.005160367,-0.00459986,0.001466702,-2.305919,-1.839028,-9.354365,0,0,38.42221,1,1,1000,1000
485806,29:44.4,IMU,335564887,0,0.005012928,0.000747101,0.001864883,-2.30692,-1.840433,-9.353437,0,0,38.42309,1,1,1000,1000
485860,29:44.4,IMU,335604871,0,0.004854281,0.008691832,0.001998723,-2.309313,-1.841113,-9.350074,0,0,38.42396,1,1,1000,1000
485959,29:44.5,IMU,335644855,0,0.004830454,0.02291824,0.00208524,-2.312419,-1.841297,-9.351662,0,0,38.42484,1,1,1000,1000
486010,29:44.5,IMU,335684839,0,0.007582044,0.03884625,0.001865292,-2.316351,-1.84225,-9.352326,0,0,38.42572,1,1,1000,1000
486062,29:44.5,IMU,335724823,0,0.01199,0.05368644,0.001397026,-2.321286,-1.843526,-9.352755,0,0,38.42659,1,1,1000,1000
486161,29:44.6,IMU,335764807,0,0.008892439,0.06564678,0.000741833,-2.326004,-1.842531,-9.351349,0,0,38.42747,1,1,1000,1000
486215,29:44.6,IMU,335804791,0,0.0122004,0.07464498,-0.000235328,-2.33067,-1.843148,-9.35171,0,0,38.42834,1,1,1000,1000
486313,29:44.7,IMU,335844775,0,0.01298705,0.08178757,-0.001098646,-2.334528,-1.843318,-9.347007,0,0,38.42922,1,1,1000,1000
486364,29:44.7,IMU,335884759,0,0.01216983,0.08953112,-0.002171523,-2.339328,-1.843083,-9.349017,0,0,38.4301,1,1,1000,1000
486418,29:44.7,IMU,335924743,0,0.01220331,0.09579562,-0.003283773,-2.343115,-1.844211,-9.335857,0,0,38.43097,1,1,1000,1000
486518,29:44.8,IMU,335964727,0,0.01131048,0.1021509,-0.00425369,-2.344017,-1.844604,-9.340985,0,0,38.43185,1,1,1000,1000
486574,29:44.8,IMU,336004711,0,0.01225741,0.0977329,-0.00487651,-2.345536,-1.845602,-9.330242,0,0,38.43272,1,1,1000,1000
486675,29:44.9,IMU,336044695,0,0.0114174,0.1005943,-0.005700481,-2.346486,-1.84566,-9.332392,0,0,38.4336,1,1,1000,1000
486726,29:44.9,IMU,336084679,0,0.008811045,0.1072197,-0.006434755,-2.345679,-1.847091,-9.327506,0,0,38.43448,1,1,1000,1000
486778,29:44.9,IMU,336124663,0,0.007296849,0.1090984,-0.007117734,-2.344405,-1.849974,-9.323982,0,0,38.43535,1,1,999,999
486877,29:45.0,IMU,336164647,0,0.009242195,0.1127323,-0.007734231,-2.342965,-1.850647,-9.329833,0,0,38.43623,1,1,999,999
486931,29:45.0,IMU,336204631,0,0.007184077,0.1163346,-0.008365158,-2.338028,-1.853659,-9.318922,0,0,38.4371,1,1,999,999
487030,29:45.1,IMU,336244615,0,0.008684264,0.1187231,-0.00882475,-2.336191,-1.854974,-9.328397,0,0,38.43798,1,1,999,999
487082,29:45.1,IMU,336284599,0,0.007233749,0.1203371,-0.00910477,-2.329862,-1.855386,-9.315749,0,0,38.43885,1,1,999,999
487134,29:45.1,IMU,336324583,0,0.008037858,0.1217569,-0.009485116,-2.325905,-1.858944,-9.32127,0,0,38.43973,1,1,999,999
487233,29:45.2,IMU,336365400,0,0.008579847,0.1240137,-0.009616369,-2.317618,-1.860095,-9.313646,0,0,38.44062,1,1,999,999
487290,29:45.2,IMU,336405384,0,0.01010913,0.1288144,-0.009904726,-2.310446,-1.861349,-9.322635,0,0,38.4415,1,1,999,999
487391,29:45.3,IMU,336445368,0,0.00988576,0.1316592,-0.00994695,-2.302714,-1.86437,-9.316658,0,0,38.44237,1,1,999,999
487445,29:45.3,IMU,336485352,0,0.008656465,0.1300024,-0.01001303,-2.292759,-1.864896,-9.319386,0,0,38.44324,1,1,999,999
487497,29:45.3,IMU,336525336,0,0.008418507,0.1333095,-0.0100572,-2.28171,-1.867876,-9.315814,0,0,38.44412,1,1,999,999
487598,29:45.4,IMU,336565320,0,0.007841795,0.1323434,-0.01009839,-2.269168,-1.869172,-9.320483,0,0,38.445,1,1,999,999
487652,29:45.4,IMU,336605304,0,0.009398624,0.1356578,-0.01015048,-2.256976,-1.872141,-9.322853,0,0,38.44587,1,1,999,999
487751,29:45.5,IMU,336645288,0,0.01180862,0.1378196,-0.0104304,-2.244532,-1.873096,-9.320385,0,0,38.44674,1,1,999,999
487802,29:45.5,IMU,336685272,0,0.009407749,0.1391866,-0.01012318,-2.231235,-1.875457,-9.322058,0,0,38.44762,1,1,999,999
487854,29:45.5,IMU,336725256,0,0.008589201,0.1410609,-0.01037591,-2.215727,-1.877733,-9.329976,0,0,38.44849,1,1,999,999
487953,29:45.6,IMU,336765240,0,0.01165858,0.1403937,-0.01043767,-2.199934,-1.880091,-9.327114,0,0,38.44936,1,1,999,999
488007,29:45.6,IMU,336805224,0,0.01066982,0.141144,-0.01047004,-2.183427,-1.882315,-9.335964,0,0,38.45021,1,1,999,999
488105,29:45.7,IMU,336845208,0,0.01040437,0.143637,-0.01055744,-2.166162,-1.8854,-9.339637,0,0,38.45109,1,1,999,999
488156,29:45.7,IMU,336885192,0,0.01157507,0.1461336,-0.01059552,-2.146402,-1.886476,-9.331755,0,0,38.45196,1,1,999,999
488210,29:45.7,IMU,336925176,0,0.01073395,0.1524168,-0.0108975,-2.12828,-1.888867,-9.348152,0,0,38.45284,1,1,999,999
488310,29:45.8,IMU,336965160,0,0.01168901,0.1565627,-0.01101705,-2.109108,-1.891907,-9.352581,0,0,38.45371,1,1,999,999
488364,29:45.8,IMU,337005144,0,0.01205803,0.1596988,-0.01145747,-2.088044,-1.894082,-9.355801,0,0,38.45458,1,1,999,999
488466,29:45.9,IMU,337045128,0,0.01109155,0.1654987,-0.01164511,-2.067523,-1.896626,-9.368074,0,0,38.45545,1,1,999,999
488517,29:45.9,IMU,337085112,0,0.01038237,0.1691199,-0.01204571,-2.045051,-1.897441,-9.359829,0,0,38.45633,1,1,999,999
488569,29:45.9,IMU,337125096,0,0.009876732,0.1680053,-0.01216571,-2.022851,-1.901972,-9.373508,0,0,38.4572,1,1,999,999
488668,29:46.0,IMU,337165080,0,0.01064123,0.1720888,-0.01236367,-1.997722,-1.904002,-9.384094,0,0,38.45807,1,1,999,999
488722,29:46.0,IMU,337205064,0,0.01137287,0.1749564,-0.01280833,-1.972823,-1.907575,-9.379224,0,0,38.45896,1,1,999,999
488820,29:46.1,IMU,337245048,0,0.01062524,0.1810368,-0.01329394,-1.949044,-1.910138,-9.398279,0,0,38.45984,1,1,999,999
488873,29:46.1,IMU,337285032,0,0.008770723,0.1846216,-0.01342965,-1.921466,-1.912557,-9.39934,0,0,38.46071,1,1,999,999
488925,29:46.1,IMU,337325016,0,0.0104006,0.1856588,-0.0140023,-1.893914,-1.91399,-9.404457,0,0,38.46158,1,1,999,999
489024,29:46.2,IMU,337365000,0,0.009667723,0.1834259,-0.01411378,-1.865936,-1.918414,-9.418344,0,0,38.46245,1,1,999,999
489079,29:46.2,IMU,337404984,0,0.009394558,0.1830378,-0.01414636,-1.836994,-1.921453,-9.425008,0,0,38.4633,1,1,999,999
489181,29:46.3,IMU,337444968,0,0.008458279,0.187705,-0.01449896,-1.806337,-1.924258,-9.43325,0,0,38.46417,1,1,999,999
489235,29:46.3,IMU,337484952,0,0.01084855,0.1901213,-0.01473295,-1.776099,-1.927734,-9.433244,0,0,38.46504,1,1,999,999
489287,29:46.3,IMU,337524936,0,0.01008699,0.192316,-0.01494541,-1.744545,-1.930813,-9.448341,0,0,38.46592,1,1,999,999
489388,29:46.4,IMU,337564920,0,0.009505374,0.1916919,-0.0150079,-1.711656,-1.934154,-9.464941,0,0,38.46679,1,1,999,999
489443,29:46.4,IMU,337604904,0,0.01114899,0.1953871,-0.01510258,-1.678725,-1.937371,-9.468811,0,0,38.46766,1,1,999,999
489541,29:46.5,IMU,337644888,0,0.01003836,0.2003531,-0.01537177,-1.64518,-1.938731,-9.475546,0,0,38.46853,1,1,999,999
489592,29:46.5,IMU,337684872,0,0.007723014,0.202454,-0.01565873,-1.611308,-1.942355,-9.483742,0,0,38.4694,1,1,999,999
489644,29:46.5,IMU,337724856,0,0.007404408,0.2043516,-0.01596733,-1.576671,-1.946394,-9.497641,0,0,38.47027,1,1,999,999
489743,29:46.6,IMU,337764840,0,0.007130253,0.2050829,-0.0161289,-1.54093,-1.948684,-9.507376,0,0,38.47114,1,1,999,999
489797,29:46.6,IMU,337804824,0,0.00752757,0.2048909,-0.01612125,-1.503826,-1.952964,-9.519737,0,0,38.47201,1,1,999,999
489895,29:46.7,IMU,337844808,0,0.00822519,0.205627,-0.01625598,-1.467084,-1.954618,-9.530642,0,0,38.47288,1,1,999,999
489946,29:46.7,IMU,337884792,0,0.01122279,0.2068225,-0.01649653,-1.429504,-1.958046,-9.539218,0,0,38.47375,1,1,999,999
489998,29:46.7,IMU,337924776,0,0.01364999,0.2106059,-0.01660125,-1.391554,-1.960917,-9.54663,0,0,38.47462,1,1,999,999
490100,29:46.8,IMU,337964760,0,0.01683547,0.2161832,-0.01670236,-1.354772,-1.962979,-9.555115,0,0,38.47549,1,1,999,999
490154,29:46.8,IMU,338004744,0,0.0219209,0.2249897,-0.01693354,-1.314232,-1.964052,-9.562916,0,0,38.47636,1,1,999,999
490255,29:46.9,IMU,338044728,0,0.0281909,0.2367168,-0.01719648,-1.275095,-1.968075,-9.578321,0,0,38.47723,1,1,999,999
490306,29:46.9,IMU,338084712,0,0.03456637,0.2450651,-0.01716539,-1.236663,-1.970155,-9.592886,0,0,38.4781,1,1,999,999
490358,29:46.9,IMU,338124696,0,0.04581011,0.2527906,-0.01696894,-1.196248,-1.972878,-9.607487,0,0,38.47897,1,1,1000,1000
490457,29:47.0,IMU,338164680,0,0.05624439,0.2552979,-0.01580163,-1.156055,-1.975389,-9.610241,0,0,38.47984,1,1,1000,1000
490511,29:47.0,IMU,338204664,0,0.06154266,0.2517195,-0.01364649,-1.115357,-1.978699,-9.626219,0,0,38.48071,1,1,1000,1000
490610,29:47.1,IMU,338244648,0,0.06586245,0.2473208,-0.01076577,-1.072707,-1.981667,-9.640502,0,0,38.48158,1,1,1000,1000
490662,29:47.1,IMU,338284632,0,0.06914993,0.2423055,-0.0069427,-1.032141,-1.983561,-9.642205,0,0,38.48245,1,1,1000,1000
490714,29:47.1,IMU,338324616,0,0.07124615,0.2320071,-0.002209349,-0.9897814,-1.987303,-9.657739,0,0,38.48331,1,1,1000,1000
490813,29:47.2,IMU,338364600,0,0.07426512,0.2245053,0.003245564,-0.9478688,-1.990637,-9.673253,0,0,38.48418,1,1,1000,1000
490868,29:47.2,IMU,338404584,0,0.07697834,0.2160947,0.009386615,-0.9074337,-1.992796,-9.680622,0,0,38.48505,1,1,1000,1000
490970,29:47.3,IMU,338445401,0,0.07930492,0.2126676,0.01637582,-0.8654235,-1.996897,-9.687428,0,0,38.48594,1,1,1000,1000
491027,29:47.3,IMU,338485385,0,0.07936914,0.2095627,0.02365851,-0.8260007,-2.00189,-9.698938,0,0,38.48681,1,1,1000,1000
491079,29:47.3,IMU,338525369,0,0.0800677,0.2044731,0.0317899,-0.784545,-2.004464,-9.701031,0,0,38.48768,1,1,1000,1000
491180,29:47.4,IMU,338565353,0,0.08086076,0.2015177,0.04007435,-0.7465754,-2.008733,-9.716115,0,0,38.48855,1,1,1000,1000
491235,29:47.4,IMU,338605337,0,0.08169179,0.1997495,0.04893225,-0.7070458,-2.013293,-9.714578,0,0,38.48942,1,1,1000,1000
491333,29:47.5,IMU,338645321,0,0.08188552,0.1985492,0.05828217,-0.670384,-2.017774,-9.723534,0,0,38.49029,1,1,1000,1000
491384,29:47.5,IMU,338685305,0,0.08259085,0.1966628,0.0682174,-0.6342077,-2.022946,-9.732948,0,0,38.49115,1,1,1000,1000
491436,29:47.5,IMU,338725289,0,0.08379639,0.1984948,0.07844982,-0.5999095,-2.027107,-9.735398,0,0,38.49202,1,1,1000,1000
491535,29:47.6,IMU,338765273,0,0.08459646,0.1979794,0.08962321,-0.5649099,-2.033487,-9.744447,0,0,38.49289,1,1,1000,1000
491589,29:47.6,IMU,338805257,0,0.08691845,0.1961747,0.1015612,-0.5300046,-2.037601,-9.74616,0,0,38.49376,1,1,1000,1000
491687,29:47.7,IMU,338845241,0,0.08774924,0.1962788,0.1142915,-0.498625,-2.044851,-9.751434,0,0,38.49463,1,1,1000,1000
491738,29:47.7,IMU,338885225,0,0.08810849,0.1954031,0.1278175,-0.4676415,-2.050623,-9.757116,0,0,38.49547,1,1,1000,1000
491790,29:47.7,IMU,338925209,0,0.0890567,0.1929541,0.1429802,-0.4379031,-2.059034,-9.766068,0,0,38.49634,1,1,1000,1000
491891,29:47.8,IMU,338965193,0,0.09109525,0.1913162,0.1596008,-0.4097472,-2.065795,-9.764639,0,0,38.4972,1,1,1000,1000
491945,29:47.8,IMU,339005177,0,0.09347407,0.1905203,0.1779262,-0.3822721,-2.074449,-9.771544,0,0,38.49807,1,1,1000,1000
492046,29:47.9,IMU,339045161,0,0.09531039,0.1892905,0.1982556,-0.3567164,-2.083749,-9.775928,0,0,38.49894,1,1,1000,1000
492097,29:47.9,IMU,339085145,0,0.09636941,0.1882755,0.2208798,-0.3323817,-2.093032,-9.780849,0,0,38.49981,1,1,1000,1000
492149,29:47.9,IMU,339125129,0,0.09807811,0.1866445,0.2464232,-0.310532,-2.103467,-9.785531,0,0,38.50067,1,1,999,999
492248,29:48.0,IMU,339165113,0,0.100292,0.1811036,0.2752407,-0.2893977,-2.113534,-9.788015,0,0,38.50154,1,1,999,999
492302,29:48.0,IMU,339205097,0,0.1042466,0.1711033,0.3081362,-0.2721448,-2.125501,-9.791229,0,0,38.5024,1,1,999,999
492400,29:48.1,IMU,339245081,0,0.1056906,0.1595079,0.3456325,-0.2559848,-2.1363,-9.79654,0,0,38.50327,1,1,999,999
492453,29:48.1,IMU,339285065,0,0.1071146,0.1461233,0.3887078,-0.2412024,-2.15018,-9.796378,0,0,38.50416,1,1,999,999
492505,29:48.1,IMU,339325049,0,0.1076743,0.1299719,0.4384465,-0.2308826,-2.163817,-9.798227,0,0,38.50502,1,1,999,999
492604,29:48.2,IMU,339365033,0,0.1092103,0.1145126,0.4951938,-0.2241285,-2.176348,-9.793785,0,0,38.50589,1,1,999,999
492659,29:48.2,IMU,339405017,0,0.1108013,0.1005879,0.5606027,-0.2202191,-2.191096,-9.789321,0,0,38.50676,1,1,999,999
492762,29:48.3,IMU,339445001,0,0.1118765,0.09071467,0.6358932,-0.220958,-2.202866,-9.782961,0,0,38.50762,1,1,999,999
492817,29:48.3,IMU,339484985,0,0.1127153,0.08258005,0.7221935,-0.2297643,-2.215065,-9.773311,0,0,38.50846,1,1,999,999
492869,29:48.3,IMU,339524969,0,0.1137661,0.07541323,0.8134966,-0.2439465,-2.230096,-9.763982,0,0,38.50933,1,1,999,999
492970,29:48.4,IMU,339564953,0,0.1167396,0.06964981,0.9010788,-0.2663839,-2.245529,-9.748907,0,0,38.5102,1,1,999,999
493024,29:48.4,IMU,339604937,0,0.1201093,0.06271899,0.9793689,-0.2940452,-2.260358,-9.736496,0,0,38.51106,1,1,999,999
493122,29:48.5,IMU,339644921,0,0.1487347,-0.04400489,1.049144,-0.3289644,-2.275182,-9.715775,0,0,38.51193,1,1,999,999
493173,29:48.5,IMU,339684905,0,0.2429774,-0.3632406,1.113442,-0.3650205,-2.283116,-9.685353,0,0,38.51279,1,1,999,999
493225,29:48.5,IMU,339724889,0,0.1225351,-0.1225287,1.143559,-0.4074114,-2.293355,-9.644287,0,0,38.51366,1,1,999,999
493324,29:48.6,IMU,339764873,0,0.01171387,0.1360423,1.161094,-0.4664307,-2.306039,-9.622467,0,0,38.51452,1,1,999,999
493378,29:48.6,IMU,339804857,0,-0.09898793,0.4020754,1.168954,-0.539387,-2.320315,-9.616852,0,0,38.51539,1,1,999,999
493476,29:48.7,IMU,339844841,0,-0.2096033,0.6499553,1.170393,-0.6286908,-2.337281,-9.630937,0,0,38.51625,1,1,999,999
493530,29:48.7,IMU,339884825,0,-0.3137942,0.8530073,1.16832,-0.7275316,-2.351008,-9.648615,0,0,38.51712,1,1,999,999
493582,29:48.7,IMU,339924809,0,-0.2358871,0.8408209,1.168023,-0.8312659,-2.355035,-9.677927,0,0,38.51798,1,1,999,999
493682,29:48.8,IMU,339964793,0,-0.03812135,0.230537,1.184591,-0.9132506,-2.338835,-9.664725,0,0,38.51884,1,1,999,999
493737,29:48.8,IMU,340004777,0,0.0399774,-0.01921679,1.185099,-0.9861444,-2.31604,-9.633705,0,0,38.51971,1,1,999,999
493839,29:48.9,IMU,340044761,0,0.05930292,-0.1692617,1.178942,-1.053669,-2.286757,-9.599495,0,0,38.52057,1,1,999,999
493891,29:48.9,IMU,340084745,0,0.04944018,-0.2544465,1.168085,-1.120601,-2.258367,-9.565144,0,0,38.52143,1,1,999,999
493943,29:48.9,IMU,340124729,0,0.03179234,-0.2922916,1.153641,-1.187689,-2.229261,-9.523117,0,0,38.5223,1,1,999,999
494042,29:49.0,IMU,340164713,0,0.0132268,-0.296713,1.137256,-1.258142,-2.199597,-9.488129,0,0,38.52316,1,1,999,999
494096,29:49.0,IMU,340204697,0,-0.005348196,-0.2882712,1.120783,-1.330728,-2.169008,-9.45691,0,0,38.52402,1,1,999,999
494194,29:49.1,IMU,340244681,0,-0.01990966,-0.2684362,1.104646,-1.410109,-2.139171,-9.433389,0,0,38.52489,1,1,999,999
494246,29:49.1,IMU,340284665,0,-0.03300509,-0.2408744,1.089716,-1.493573,-2.105011,-9.406083,0,0,38.52575,1,1,999,999
494298,29:49.1,IMU,340324649,0,-0.04181097,-0.2163533,1.076693,-1.582264,-2.070529,-9.390865,0,0,38.52662,1,1,999,999
494397,29:49.2,IMU,340364633,0,-0.04832289,-0.1916233,1.065688,-1.674903,-2.031015,-9.364545,0,0,38.52748,1,1,999,999
494452,29:49.2,IMU,340404617,0,-0.05300321,-0.1683663,1.056796,-1.773673,-1.989588,-9.355697,0,0,38.52834,1,1,999,999
494552,29:49.3,IMU,340444601,0,-0.05662265,-0.1475686,1.04984,-1.873471,-1.94518,-9.341344,0,0,38.52921,1,1,999,999
494608,29:49.3,IMU,340484585,0,-0.05795696,-0.1308818,1.044742,-1.978823,-1.89481,-9.330257,0,0,38.53007,1,1,999,999
494660,29:49.3,IMU,340525402,0,-0.05940326,-0.1156237,1.041157,-2.090464,-1.839579,-9.320856,0,0,38.53095,1,1,999,999
494761,29:49.4,IMU,340565386,0,-0.06168129,-0.103394,1.039382,-2.200955,-1.779465,-9.295895,0,0,38.53181,1,1,999,999
494815,29:49.4,IMU,340605370,0,-0.06337266,-0.092382,1.038716,-2.314993,-1.715622,-9.290484,0,0,38.53268,1,1,999,999
494913,29:49.5,IMU,340645354,0,-0.06521133,-0.0830947,1.038813,-2.430133,-1.648146,-9.276299,0,0,38.53354,1,1,999,999
494964,29:49.5,IMU,340685338,0,-0.06424297,-0.0775615,1.039677,-2.545844,-1.574131,-9.259868,0,0,38.5344,1,1,999,999
495016,29:49.5,IMU,340725322,0,-0.06683379,-0.07248749,1.041131,-2.661675,-1.497713,-9.236428,0,0,38.53526,1,1,999,999
495115,29:49.6,IMU,340765306,0,-0.06797403,-0.06452866,1.042868,-2.779765,-1.418062,-9.221825,0,0,38.53613,1,1,999,999
495169,29:49.6,IMU,340805290,0,-0.06878493,-0.0580084,1.04459,-2.896836,-1.332269,-9.202441,0,0,38.53699,1,1,999,999
495267,29:49.7,IMU,340845274,0,-0.07081795,-0.05618802,1.046537,-3.011448,-1.24458,-9.181742,0,0,38.53785,1,1,999,999
495318,29:49.7,IMU,340885258,0,-0.07339683,-0.05161982,1.048566,-3.123179,-1.15221,-9.150156,0,0,38.53871,1,1,999,999
495370,29:49.7,IMU,340925242,0,-0.07925817,-0.04693457,1.050469,-3.232949,-1.059521,-9.126708,0,0,38.53957,1,1,999,999
495470,29:49.8,IMU,340965226,0,-0.0781853,-0.04307435,1.051826,-3.335659,-0.965159,-9.100817,0,0,38.54041,1,1,999,999
495525,29:49.8,IMU,341005210,0,-0.07683373,-0.03751962,1.053262,-3.434899,-0.8675472,-9.059177,0,0,38.54128,1,1,999,999
495625,29:49.9,IMU,341045194,0,-0.07590188,-0.03201903,1.054247,-3.532525,-0.7700584,-9.026574,0,0,38.54213,1,1,999,999
495677,29:49.9,IMU,341085178,0,-0.07631123,-0.02780135,1.055612,-3.624588,-0.6718593,-9.005013,0,0,38.543,1,1,999,999
495729,29:49.9,IMU,341125162,0,-0.07127341,-0.022046,1.056452,-3.706547,-0.5734267,-8.959858,0,0,38.54386,1,1,1000,1000
495828,29:50.0,IMU,341165146,0,-0.07082583,-0.01645427,1.057091,-3.782318,-0.4763025,-8.923439,0,0,38.54472,1,1,1000,1000
495882,29:50.0,IMU,341205130,0,-0.06592976,-0.01307717,1.057567,-3.853322,-0.3823234,-8.895142,0,0,38.54558,1,1,1000,1000
495980,29:50.1,IMU,341245114,0,-0.05620541,-0.007235855,1.057684,-3.91454,-0.2881424,-8.863841,0,0,38.54644,1,1,1000,1000
496033,29:50.1,IMU,341285098,0,-0.05013613,-0.002916663,1.057618,-3.965318,-0.1976337,-8.827392,0,0,38.5473,1,1,1000,1000
496085,29:50.1,IMU,341325082,0,-0.03658866,-0.001444864,1.057228,-4.007754,-0.1135251,-8.80183,0,0,38.54816,1,1,1000,1000
496184,29:50.2,IMU,341365066,0,-0.02782588,0.003251504,1.056781,-4.039247,-0.02962041,-8.772945,0,0,38.54904,1,1,1000,1000
496239,29:50.2,IMU,341405050,0,-0.01327668,0.003117929,1.056168,-4.062988,0.05266597,-8.760671,0,0,38.5499,1,1,1000,1000
496339,29:50.3,IMU,341445034,0,0.001607277,0.003225039,1.049905,-4.076674,0.1411476,-8.742181,0,0,38.55076,1,1,1000,1000
496394,29:50.3,IMU,341485018,0,0.01638839,0.00244458,1.025749,-4.080551,0.2413403,-8.727541,0,0,38.55162,1,1,1000,1000
496448,29:50.3,IMU,341525002,0,0.02960633,0.000656145,0.9763176,-4.075335,0.3439217,-8.721782,0,0,38.55248,1,1,1000,1000
496549,29:50.4,IMU,341564986,0,0.04274587,-0.001450082,0.9002262,-4.059377,0.449178,-8.721855,0,0,38.55332,1,1,1000,1000
496603,29:50.4,IMU,341604970,0,0.05448667,-0.002802846,0.8028491,-4.034962,0.5526003,-8.719662,0,0,38.55418,1,1,1000,1000
496701,29:50.5,IMU,341644954,0,0.06141567,-0.00673495,0.6912678,-4.013323,0.6494241,-8.732583,0,0,38.55504,1,1,1000,1000
496752,29:50.5,IMU,341684938,0,0.06428067,-0.009663078,0.5726944,-3.992079,0.737304,-8.739582,0,0,38.5559,1,1,1000,1000
496804,29:50.5,IMU,341724922,0,0.06587959,-0.0111845,0.4532686,-3.974867,0.8107865,-8.74828,0,0,38.55676,1,1,1000,1000
496903,29:50.6,IMU,341764906,0,0.06537081,-0.01057259,0.3383365,-3.96636,0.8723923,-8.752781,0,0,38.55761,1,1,1000,1000
496957,29:50.6,IMU,341804890,0,0.06608433,-0.01234072,0.2314517,-3.967056,0.9209517,-8.759093,0,0,38.55847,1,1,1000,1000
497055,29:50.7,IMU,341844874,0,0.06319503,-0.01122379,0.1365429,-3.974394,0.9563764,-8.762134,0,0,38.55933,1,1,1000,1000
497106,29:50.7,IMU,341884858,0,0.05787073,-0.009964214,0.05500619,-3.989007,0.9800908,-8.764248,0,0,38.56019,1,1,1000,1000
497158,29:50.7,IMU,341924842,0,0.05322918,-0.009251347,-0.01257414,-4.009727,0.9911409,-8.765842,0,0,38.56105,1,1,1000,1000
497259,29:50.8,IMU,341964826,0,0.04861304,-0.007720888,-0.06613462,-4.034986,0.9929326,-8.762349,0,0,38.56191,1,1,1000,1000
497313,29:50.8,IMU,342004810,0,0.0448802,-0.006348383,-0.1064471,-4.063499,0.9867254,-8.76061,0,0,38.56277,1,1,1000,1000
497414,29:50.9,IMU,342044794,0,0.04068514,-0.004598958,-0.1343856,-4.095045,0.974585,-8.753755,0,0,38.56363,1,1,1000,1000
497466,29:50.9,IMU,342084778,0,0.03823043,-0.003268551,-0.1516999,-4.128261,0.9606098,-8.751686,0,0,38.56448,1,1,1000,1000
497518,29:50.9,IMU,342124762,0,0.03521154,-0.003371614,-0.1596713,-4.159766,0.9424279,-8.74301,0,0,38.56534,1,1,999,999
497617,29:51.0,IMU,342164746,0,0.03417519,-0.002222619,-0.1600787,-4.192423,0.9236255,-8.737207,0,0,38.5662,1,1,999,999
497671,29:51.0,IMU,342204730,0,0.03367765,-0.001991423,-0.1543992,-4.222042,0.9033672,-8.727287,0,0,38.56705,1,1,999,999
497769,29:51.1,IMU,342244714,0,0.03281574,-0.00116921,-0.1440245,-4.251686,0.8869219,-8.721136,0,0,38.56791,1,1,999,999
497821,29:51.1,IMU,342284698,0,0.03110188,7.792481e-05,-0.1305561,-4.279032,0.8697459,-8.712461,0,0,38.56877,1,1,999,999
497873,29:51.1,IMU,342324682,0,0.02961387,-0.000858037,-0.1151021,-4.304379,0.8543426,-8.706602,0,0,38.56963,1,1,999,999
497972,29:51.2,IMU,342364666,0,0.02858866,0.001180175,-0.09866227,-4.328052,0.8409679,-8.703142,0,0,38.57049,1,1,999,999
498027,29:51.2,IMU,342404650,0,0.02837968,-0.001254607,-0.08202173,-4.350986,0.8309997,-8.700145,0,0,38.57134,1,1,999,999
498127,29:51.3,IMU,342444634,0,0.02547068,0.003021007,-0.06576982,-4.37024,0.8193455,-8.68927,0,0,38.5722,1,1,999,999
498183,29:51.3,IMU,342484618,0,0.02299421,0.004263438,-0.05053129,-4.387441,0.8118556,-8.684839,0,0,38.57306,1,1,999,999
498235,29:51.3,IMU,342524602,0,0.01740861,0.003702117,-0.03651459,-4.405509,0.8064553,-8.681766,0,0,38.57391,1,1,999,999
498337,29:51.4,IMU,342564586,0,0.01305082,0.005163684,-0.0241657,-4.419972,0.8020554,-8.672625,0,0,38.57477,1,1,999,999
498392,29:51.4,IMU,342605403,0,0.01133103,0.002218789,-0.01335364,-4.435537,0.7974487,-8.679637,0,0,38.57565,1,1,999,999
498490,29:51.5,IMU,342645387,0,0.006276373,0.003256335,-0.004477949,-4.447747,0.7946053,-8.668803,0,0,38.57651,1,1,999,999
498541,29:51.5,IMU,342685371,0,0.001861987,0.005746061,0.002799433,-4.459383,0.7934279,-8.666495,0,0,38.57736,1,1,999,999
498593,29:51.5,IMU,342725355,0,0.000943602,0.003581264,0.008253558,-4.471939,0.7934892,-8.67293,0,0,38.57822,1,1,999,999
498692,29:51.6,IMU,342765339,0,0.003304723,0.005642573,0.01227666,-4.483181,0.7930576,-8.665647,0,0,38.57907,1,1,999,999
498746,29:51.6,IMU,342805323,0,-0.000702473,0.006139068,0.01531148,-4.492133,0.7936491,-8.656138,0,0,38.57993,1,1,999,999
498844,29:51.7,IMU,342845307,0,-0.000936881,0.004944812,0.01682455,-4.502596,0.7949827,-8.663434,0,0,38.58079,1,1,999,999
498895,29:51.7,IMU,342885291,0,-0.004195958,0.006408092,0.01803856,-4.511537,0.7957523,-8.657832,0,0,38.58164,1,1,999,999
498947,29:51.7,IMU,342925275,0,-0.00317763,0.004503213,0.01793856,-4.520583,0.7957479,-8.661125,0,0,38.5825,1,1,999,999
499046,29:51.8,IMU,342965259,0,-0.004161362,0.005137703,0.01764856,-4.528084,0.7967758,-8.655058,0,0,38.58335,1,1,999,999
499101,29:51.8,IMU,343005243,0,-0.003249003,0.004156308,0.01679965,-4.539122,0.7972156,-8.665827,0,0,38.58421,1,1,999,999
499202,29:51.9,IMU,343045227,0,-0.003225337,0.004116525,0.01553378,-4.545076,0.7990977,-8.651487,0,0,38.58504,1,1,999,999
499254,29:51.9,IMU,343085211,0,-0.005373986,0.004085743,0.01437083,-4.552028,0.7994488,-8.647472,0,0,38.5859,1,1,999,999
499306,29:51.9,IMU,343125195,0,-0.006555723,0.007258317,0.01319163,-4.558756,0.7997595,-8.652341,0,0,38.58675,1,1,1000,1000
499405,29:52.0,IMU,343165179,0,-0.008328585,0.008824283,0.0118008,-4.567269,0.799715,-8.652968,0,0,38.58761,1,1,1000,1000
499459,29:52.0,IMU,343205163,0,-0.007639017,0.008235144,0.01037162,-4.576616,0.8000628,-8.655846,0,0,38.58846,1,1,1000,1000
499557,29:52.1,IMU,343245147,0,-0.008196164,0.008079157,0.008850842,-4.582987,0.8016225,-8.653195,0,0,38.58932,1,1,1000,1000
499610,29:52.1,IMU,343285131,0,-0.008754179,0.007654373,0.007481836,-4.591292,0.802008,-8.653015,0,0,38.59017,1,1,1000,1000
499662,29:52.1,IMU,343325115,0,-0.004744468,0.007186984,0.006249576,-4.59901,0.8012886,-8.656461,0,0,38.59103,1,1,1000,1000
499761,29:52.2,IMU,343365099,0,-0.003878501,0.006776575,0.005361383,-4.604685,0.8000124,-8.651243,0,0,38.59188,1,1,1000,1000
499816,29:52.2,IMU,343405083,0,-0.003012901,0.006370811,0.004436219,-4.611004,0.8007743,-8.648791,0,0,38.59274,1,1,1000,1000
499916,29:52.3,IMU,343445067,0,-0.002203266,0.006100226,0.003666514,-4.61734,0.8003743,-8.646355,0,0,38.59359,1,1,1000,1000
499971,29:52.3,IMU,343485051,0,-0.005178528,0.005854334,0.003213301,-4.621714,0.8000798,-8.644045,0,0,38.59447,1,1,1000,1000
500023,29:52.3,IMU,343525035,0,-0.004999004,0.005573451,0.002724802,-4.629695,0.7998736,-8.649031,0,0,38.59532,1,1,1000,1000
500125,29:52.4,IMU,343565019,0,-0.005313733,0.005362754,0.002615392,-4.635826,0.8001378,-8.647165,0,0,38.59618,1,1,1000,1000
500179,29:52.4,IMU,343605003,0,-0.00426372,0.005145496,0.002628956,-4.641273,0.8008031,-8.649005,0,0,38.59703,1,1,1000,1000
500277,29:52.5,IMU,343644987,0,-0.003690743,0.004949232,0.002666241,-4.645894,0.7984257,-8.647889,0,0,38.59786,1,1,1000,1000
500328,29:52.5,IMU,343684971,0,-0.002771936,0.004818989,0.002679583,-4.651562,0.7995833,-8.643751,0,0,38.59871,1,1,1000,1000
500380,29:52.5,IMU,343724955,0,-0.001948797,0.004681333,0.002810187,-4.655438,0.7992785,-8.640324,0,0,38.59957,1,1,1000,1000
500479,29:52.6,IMU,343764939,0,-0.001354681,0.004603009,0.002843184,-4.659562,0.7993297,-8.637756,0,0,38.60042,1,1,1000,1000
500533,29:52.6,IMU,343804923,0,-0.000315284,0.004421456,0.003081182,-4.665452,0.7995448,-8.644479,0,0,38.60127,1,1,1000,1000
500631,29:52.7,IMU,343844907,0,0.001141097,0.005218615,0.003549235,-4.671323,0.8000166,-8.645689,0,0,38.60213,1,1,1000,1000
500682,29:52.7,IMU,343884891,0,0.002411417,0.007291012,0.003573728,-4.67548,0.8005072,-8.648562,0,0,38.60298,1,1,1000,1000
500735,29:52.7,IMU,343924875,0,0.001759942,0.006360807,0.003724768,-4.678024,0.8018441,-8.643668,0,0,38.60383,1,1,1000,1000
500834,29:52.8,IMU,343964859,0,0.002572902,0.004652671,0.003736049,-4.683298,0.8006089,-8.650015,0,0,38.60469,1,1,1000,1000
500889,29:52.8,IMU,344004843,0,0.003485904,0.003111956,0.003542017,-4.686926,0.8023921,-8.643067,0,0,38.60554,1,1,1000,1000
500991,29:52.9,IMU,344044827,0,0.003796666,0.004755632,0.003403962,-4.690214,0.8030633,-8.646163,0,0,38.60639,1,1,1000,1000
501044,29:52.9,IMU,344084811,0,0.004440322,0.00464169,0.003191756,-4.693642,0.8039336,-8.641691,0,0,38.60724,1,1,1000,1000
501096,29:52.9,IMU,344124795,0,0.002939461,0.004453449,0.003218566,-4.696887,0.8036575,-8.644257,0,0,38.6081,1,1,999,999
501195,29:53.0,IMU,344164779,0,0.003125113,0.004436258,0.003233993,-4.700879,0.8042799,-8.641635,0,0,38.60895,1,1,999,999
501249,29:53.0,IMU,344204763,0,0.003172379,0.004288593,0.003323655,-4.702573,0.8055711,-8.638438,0,0,38.6098,1,1,999,999
501347,29:53.1,IMU,344244747,0,0.003233865,0.004201079,0.003320313,-4.705507,0.8051028,-8.635229,0,0,38.61065,1,1,999,999
501399,29:53.1,IMU,344284731,0,0.003293521,0.004150147,0.003254978,-4.707892,0.8056852,-8.632231,0,0,38.6115,1,1,999,999
501451,29:53.1,IMU,344324715,0,0.003286642,0.004880607,0.003278327,-4.712472,0.8074941,-8.638497,0,0,38.61235,1,1,999,999
501550,29:53.2,IMU,344364699,0,0.003335759,0.005788581,0.002812227,-4.715814,0.8068261,-8.64112,0,0,38.6132,1,1,999,999
501605,29:53.2,IMU,344404683,0,0.003400952,0.005898472,0.002471139,-4.717198,0.8072045,-8.634151,0,0,38.61406,1,1,999,999
501705,29:53.3,IMU,344444667,0,0.003426285,0.005710843,0.002076486,-4.720508,0.808407,-8.633132,0,0,38.61491,1,1,999,999
501759,29:53.3,IMU,344484651,0,0.004375468,0.005061273,0.001716626,-4.722691,0.8091551,-8.631753,0,0,38.61576,1,1,999,999
501812,29:53.3,IMU,344524635,0,0.007859597,0.00318006,0.001157927,-4.724366,0.8094018,-8.62977,0,0,38.61661,1,1,999,999
501915,29:53.4,IMU,344564619,0,0.009609044,0.004713258,0.000689512,-4.728026,0.8096329,-8.63723,0,0,38.61746,1,1,999,999
501971,29:53.4,IMU,344604603,0,0.009881673,0.004593272,0.000425037,-4.729765,0.8104614,-8.634924,0,0,38.61831,1,1,999,999
502069,29:53.5,IMU,344644587,0,0.01105304,0.004482138,0.000174394,-4.731965,0.8100201,-8.636657,0,0,38.61916,1,1,999,999
502120,29:53.5,IMU,344685404,0,0.01055128,0.004031762,8.036725e-05,-4.734785,0.810445,-8.632188,0,0,38.62004,1,1,999,999
502172,29:53.5,IMU,344725388,0,0.00926893,0.003415511,0.000112045,-4.737535,0.8103666,-8.632615,0,0,38.62089,1,1,999,999
502271,29:53.6,IMU,344765372,0,0.006705073,0.003495538,0.000305685,-4.738997,0.8100222,-8.634395,0,0,38.62174,1,1,999,999
502325,29:53.6,IMU,344805356,0,0.005093787,0.003080313,0.000705993,-4.741357,0.810299,-8.624486,0,0,38.62259,1,1,999,999
502423,29:53.7,IMU,344845340,0,0.007388607,0.002629287,0.000947204,-4.743047,0.8106469,-8.626068,0,0,38.62344,1,1,999,999
502474,29:53.7,IMU,344885324,0,0.006885973,0.00389476,0.001432567,-4.743306,0.8107316,-8.625902,0,0,38.62429,1,1,999,999
502526,29:53.7,IMU,344925308,0,0.006523702,0.004350583,0.001728972,-4.745758,0.8106194,-8.625629,0,0,38.62514,1,1,999,999
502625,29:53.8,IMU,344965292,0,0.006154846,0.004460251,0.001947818,-4.747694,0.811074,-8.625284,0,0,38.62599,1,1,999,999
502680,29:53.8,IMU,345005276,0,0.00586028,0.004353939,0.002118148,-4.74894,0.8116698,-8.62267,0,0,38.62684,1,1,999,999
502780,29:53.9,IMU,345045260,0,0.005564555,0.004298533,0.002205613,-4.750935,0.8115849,-8.620338,0,0,38.62769,1,1,999,999
502832,29:53.9,IMU,345085244,0,0.005319395,0.004234225,0.002329996,-4.75144,0.8100445,-8.6175,0,0,38.62854,1,1,999,999
502885,29:53.9,IMU,345125228,0,0.005156688,0.004133469,0.002424416,-4.752106,0.8114567,-8.616409,0,0,38.62937,1,1,999,999
502984,29:54.0,IMU,345165212,0,0.007702322,0.004086471,0.002335009,-4.754348,0.8101739,-8.615174,0,0,38.63022,1,1,999,999
503038,29:54.0,IMU,345205196,0,0.007184468,0.004068721,0.002447072,-4.755791,0.8098382,-8.612814,0,0,38.63107,1,1,999,999
503136,29:54.1,IMU,345245180,0,0.006809554,0.003999239,0.002567469,-4.756873,0.8113968,-8.611315,0,0,38.63191,1,1,999,999
503234,29:54.1,IMU,345285164,0,0.006431296,0.003951057,0.002625462,-4.757547,0.810881,-8.609674,0,0,38.63276,1,1,999,999
503286,29:54.1,IMU,345325148,0,0.006096766,0.003922604,0.002721241,-4.759572,0.8113869,-8.607564,0,0,38.63361,1,1,999,999
503385,29:54.2,IMU,345365132,0,0.005758363,0.003870556,0.002771548,-4.760323,0.8116702,-8.605587,0,0,38.63446,1,1,999,999
503440,29:54.2,IMU,345405116,0,0.005650053,0.003826825,0.002845417,-4.760532,0.8116741,-8.60313,0,0,38.63531,1,1,999,999
503540,29:54.3,IMU,345445100,0,0.006176635,0.001464376,0.002675224,-4.761726,0.812229,-8.605183,0,0,38.63616,1,1,999,999
503594,29:54.3,IMU,345485084,0,0.005906367,0.001397499,0.002795307,-4.763248,0.8110852,-8.600906,0,0,38.63701,1,1,999,999
503647,29:54.3,IMU,345525068,0,0.005582989,0.002578104,0.002617165,-4.764801,0.8110448,-8.60866,0,0,38.63786,1,1,999,999
503748,29:54.4,IMU,345565052,0,0.005352267,0.001939304,0.002270345,-4.765273,0.8104127,-8.604051,0,0,38.63873,1,1,999,999
503803,29:54.4,IMU,345605036,0,0.005907835,0.001435422,0.00192102,-4.766427,0.8112458,-8.602504,0,0,38.63957,1,1,999,999
503901,29:54.5,IMU,345645020,0,0.00732662,0.001280226,0.001626974,-4.767306,0.8106146,-8.606455,0,0,38.64042,1,1,999,999
503952,29:54.5,IMU,345685004,0,0.009879373,0.00069828,0.001260591,-4.767162,0.8096346,-8.599262,0,0,38.64127,1,1,999,999
504004,29:54.5,IMU,345724988,0,0.0104759,0.000830687,0.000932033,-4.768482,0.8092102,-8.601125,0,0,38.6421,1,1,999,999
504103,29:54.6,IMU,345764972,0,0.01033613,0.001001885,0.000636559,-4.770239,0.8105995,-8.600084,0,0,38.64294,1,1,999,999
504157,29:54.6,IMU,345804956,0,0.007744585,0.001462446,0.000778029,-4.770481,0.8110466,-8.60311,0,0,38.64379,1,1,999,999
504255,29:54.7,IMU,345844940,0,0.006714518,0.001658166,0.001012086,-4.77203,0.8104042,-8.598467,0,0,38.64464,1,1,999,999
504306,29:54.7,IMU,345884924,0,0.007724097,0.002308935,0.001130306,-4.771836,0.8095455,-8.597681,0,0,38.64548,1,1,999,999
504359,29:54.7,IMU,345924908,0,0.01005935,0.002404313,0.001232205,-4.772863,0.8094003,-8.596525,0,0,38.64633,1,1,999,999
504458,29:54.8,IMU,345964892,0,0.008113736,0.003089887,0.001612161,-4.773585,0.8086495,-8.597551,0,0,38.64718,1,1,999,999
504513,29:54.8,IMU,346004876,0,0.007511491,0.003071435,0.001857023,-4.77569,0.8085737,-8.596694,0,0,38.64803,1,1,999,999
504613,29:54.9,IMU,346044860,0,0.007176525,0.003121675,0.002115335,-4.774894,0.8087813,-8.594604,0,0,38.64887,1,1,999,999
504665,29:54.9,IMU,346084844,0,0.007422447,0.003186035,0.002396199,-4.777038,0.8081087,-8.593539,0,0,38.64972,1,1,999,999
504718,29:54.9,IMU,346124828,0,0.005005667,0.00477873,0.002705346,-4.77711,0.8078328,-8.589516,0,0,38.65057,1,1,1000,1000
504817,29:55.0,IMU,346164812,0,0.005067985,0.005982816,0.002840905,-4.777966,0.8057468,-8.589922,0,0,38.65141,1,1,1000,1000
504871,29:55.0,IMU,346204796,0,0.003867788,0.006240277,0.003127367,-4.778454,0.8050228,-8.589236,0,0,38.65226,1,1,1000,1000
504969,29:55.1,IMU,346244780,0,0.004154845,0.005430591,0.003189979,-4.778496,0.8046625,-8.589066,0,0,38.65311,1,1,1000,1000
505021,29:55.1,IMU,346284764,0,0.003214475,0.005452201,0.003209609,-4.780047,0.8057577,-8.586086,0,0,38.65395,1,1,1000,1000
505073,29:55.1,IMU,346324748,0,0.002099872,0.004757156,0.003322242,-4.7809,0.8042656,-8.587584,0,0,38.6548,1,1,1000,1000
505172,29:55.2,IMU,346364732,0,0.00143728,0.004449204,0.003223168,-4.780285,0.8047097,-8.584824,0,0,38.65564,1,1,1000,1000
505226,29:55.2,IMU,346404716,0,0.002658009,0.003995677,0.003134721,-4.781518,0.803587,-8.58359,0,0,38.65649,1,1,1000,1000
505327,29:55.3,IMU,346444700,0,0.004217494,0.00358148,0.002914558,-4.781119,0.803067,-8.58071,0,0,38.65734,1,1,1000,1000
505381,29:55.3,IMU,346484684,0,0.005321342,0.002592467,0.002698276,-4.783425,0.8021767,-8.579729,0,0,38.65818,1,1,1000,1000
505434,29:55.3,IMU,346524668,0,0.0068973,0.002349515,0.002497524,-4.782857,0.802054,-8.582591,0,0,38.65903,1,1,1000,1000
505535,29:55.4,IMU,346564652,0,0.006349086,0.004141592,0.002459605,-4.78442,0.8024003,-8.58357,0,0,38.65987,1,1,1000,1000
505590,29:55.4,IMU,346604636,0,0.004913097,0.003793356,0.002257569,-4.784769,0.8005624,-8.580269,0,0,38.66072,1,1,1000,1000
505689,29:55.5,IMU,346644620,0,0.001732397,0.003742513,0.002190971,-4.784492,0.8008274,-8.578888,0,0,38.66156,1,1,1000,1000
505740,29:55.5,IMU,346684604,0,0.001281351,0.0054611,0.002195292,-4.783825,0.8000965,-8.570544,0,0,38.66241,1,1,1000,1000
505792,29:55.5,IMU,346724588,0,0.00460494,0.005647972,0.002350623,-4.785101,0.7994948,-8.577783,0,0,38.66325,1,1,1000,1000
505891,29:55.6,IMU,346765405,0,0.004103565,0.005209287,0.00274464,-4.786301,0.7993794,-8.578993,0,0,38.66412,1,1,1000,1000
505945,29:55.6,IMU,346805389,0,0.00390326,0.004840526,0.003089018,-4.786005,0.7977546,-8.57114,0,0,38.66496,1,1,1000,1000
506043,29:55.7,IMU,346845373,0,0.004433681,0.004146956,0.003220472,-4.786084,0.7991323,-8.567907,0,0,38.66581,1,1,1000,1000
506094,29:55.7,IMU,346885357,0,0.00419679,0.00319094,0.003226964,-4.787525,0.7974,-8.568987,0,0,38.66665,1,1,1000,1000
506146,29:55.7,IMU,346925341,0,0.004872147,0.003009248,0.003019532,-4.788106,0.7980316,-8.575254,0,0,38.6675,1,1,1000,1000
506245,29:55.8,IMU,346965325,0,0.004775387,0.003099933,0.002686304,-4.787127,0.796598,-8.57018,0,0,38.66834,1,1,1000,1000
506299,29:55.8,IMU,347005309,0,0.003278029,0.002631458,0.002590403,-4.786194,0.7965893,-8.559339,0,0,38.66919,1,1,1000,1000
506400,29:55.9,IMU,347045293,0,0.002023042,0.002126464,0.002668247,-4.787241,0.7952848,-8.560494,0,0,38.67003,1,1,1000,1000
506452,29:55.9,IMU,347085277,0,0.002394851,0.00154293,0.002708479,-4.788779,0.7945139,-8.560595,0,0,38.67088,1,1,1000,1000
506504,29:55.9,IMU,347125261,0,0.002182454,0.002074955,0.002791994,-4.787177,0.7944474,-8.556747,0,0,38.67172,1,1,999,999
506604,29:56.0,IMU,347165245,0,0.002803226,0.002017554,0.002750916,-4.788227,0.7936301,-8.552831,0,0,38.67256,1,1,999,999
506658,29:56.0,IMU,347205229,0,0.002565526,0.001776153,0.002693422,-4.787964,0.7935266,-8.55006,0,0,38.67338,1,1,999,999
506756,29:56.1,IMU,347245213,0,0.003478731,0.003029864,0.002649768,-4.788088,0.7930105,-8.548185,0,0,38.67422,1,1,999,999
506809,29:56.1,IMU,347285197,0,0.003747291,0.00409002,0.002601164,-4.788033,0.7928495,-8.544647,0,0,38.67507,1,1,999,999
506861,29:56.1,IMU,347325181,0,0.003751026,0.004025211,0.002583748,-4.788949,0.792145,-8.541296,0,0,38.67591,1,1,999,999
506960,29:56.2,IMU,347365165,0,0.003702915,0.004064491,0.002643602,-4.788771,0.7912663,-8.54051,0,0,38.67676,1,1,999,999
507014,29:56.2,IMU,347405149,0,0.003712482,0.003971278,0.002776023,-4.788686,0.7901416,-8.539957,0,0,38.6776,1,1,999,999
507115,29:56.3,IMU,347445133,0,0.003622248,0.003936342,0.002816597,-4.789227,0.7885934,-8.53966,0,0,38.67844,1,1,999,999
507169,29:56.3,IMU,347485117,0,0.003621008,0.003895937,0.002940428,-4.789536,0.7884136,-8.540424,0,0,38.67929,1,1,999,999
507222,29:56.3,IMU,347525101,0,0.003714683,0.003865535,0.002939168,-4.789458,0.7914108,-8.539185,0,0,38.68013,1,1,999,999
507323,29:56.4,IMU,347565085,0,0.00368691,0.003813722,0.002895936,-4.790728,0.7880066,-8.538347,0,0,38.68097,1,1,999,999
507377,29:56.4,IMU,347605069,0,0.003711395,0.003816088,0.003050764,-4.791138,0.7880507,-8.539206,0,0,38.68181,1,1,999,999
507475,29:56.5,IMU,347645053,0,0.005138774,0.00383961,0.002960658,-4.791172,0.7890052,-8.535114,0,0,38.68268,1,1,999,999
507527,29:56.5,IMU,347685037,0,0.003632148,0.003132623,0.002809948,-4.789725,0.787957,-8.530247,0,0,38.68352,1,1,999,999
507579,29:56.5,IMU,347725021,0,0.003393503,0.003628675,0.002560202,-4.790183,0.7869252,-8.525138,0,0,38.68436,1,1,999,999
507678,29:56.6,IMU,347765005,0,0.002960133,0.003376759,0.002511674,-4.789626,0.7862024,-8.522122,0,0,38.6852,1,1,999,999
507732,29:56.6,IMU,347804989,0,0.003049046,0.003736575,0.002529712,-4.790107,0.7857804,-8.522373,0,0,38.68602,1,1,999,999
507830,29:56.7,IMU,347844973,0,0.003328418,0.003755634,0.0025668,-4.789183,0.7858371,-8.52331,0,0,38.68687,1,1,999,999
507881,29:56.7,IMU,347884957,0,0.00396325,0.004962913,0.002604003,-4.789391,0.7845124,-8.521386,0,0,38.68771,1,1,999,999
507934,29:56.7,IMU,347924941,0,0.004451937,0.004395444,0.002538651,-4.789616,0.7852613,-8.514526,0,0,38.68855,1,1,999,999
508033,29:56.8,IMU,347964925,0,0.004652265,0.005381214,0.002644704,-4.790901,0.7839059,-8.514723,0,0,38.68939,1,1,999,999
508087,29:56.8,IMU,348004909,0,0.003425558,0.005065727,0.002550304,-4.789872,0.7837149,-8.51406,0,0,38.69023,1,1,999,999
508188,29:56.9,IMU,348044893,0,0.003462142,0.004719749,0.002404372,-4.789334,0.7837868,-8.51368,0,0,38.69107,1,1,999,999
508242,29:56.9,IMU,348084877,0,0.003461674,0.00226799,0.002325079,-4.790456,0.7828224,-8.509264,0,0,38.69191,1,1,999,999
508294,29:56.9,IMU,348124861,0,0.003446464,0.002542307,0.002498545,-4.789668,0.7830591,-8.509148,0,0,38.69276,1,1,1000,1000
508394,29:57.0,IMU,348164845,0,0.003543117,0.002650037,0.002569141,-4.790275,0.7822627,-8.5093,0,0,38.6936,1,1,1000,1000
508448,29:57.0,IMU,348204829,0,0.003575023,0.00278885,0.002721962,-4.79056,0.7812858,-8.510401,0,0,38.69444,1,1,1000,1000
508546,29:57.1,IMU,348244813,0,0.003552163,0.002910865,0.002760107,-4.791691,0.781192,-8.511592,0,0,38.69528,1,1,1000,1000
508598,29:57.1,IMU,348284797,0,0.003575256,0.003011422,0.002772502,-4.790902,0.7803617,-8.511639,0,0,38.69612,1,1,1000,1000
508650,29:57.1,IMU,348324781,0,0.003519316,0.003040377,0.002849642,-4.791933,0.7808795,-8.512613,0,0,38.69696,1,1,1000,1000
508749,29:57.2,IMU,348364765,0,0.004070247,0.003140399,0.002954757,-4.792604,0.7798814,-8.510315,0,0,38.6978,1,1,1000,1000
508803,29:57.2,IMU,348404749,0,0.00433497,0.003150918,0.002914969,-4.792582,0.778848,-8.512031,0,0,38.69864,1,1,1000,1000
508904,29:57.3,IMU,348444733,0,0.006358293,0.003195013,0.002751003,-4.791868,0.77917,-8.509593,0,0,38.69948,1,1,1000,1000
508958,29:57.3,IMU,348484717,0,0.00732139,0.003268163,0.002424655,-4.791302,0.7788724,-8.506372,0,0,38.70032,1,1,1000,1000
509011,29:57.3,IMU,348524701,0,0.006790991,0.003307578,0.002134967,-4.791935,0.7779093,-8.50556,0,0,38.70116,1,1,1000,1000
509112,29:57.4,IMU,348564685,0,0.008891251,0.002821222,0.001775725,-4.791257,0.778134,-8.495975,0,0,38.702,1,1,1000,1000
509167,29:57.4,IMU,348604669,0,0.006633342,0.003360919,0.002021494,-4.79117,0.7788435,-8.49833,0,0,38.70284,1,1,1000,1000
509265,29:57.5,IMU,348644653,0,0.004842401,0.004068724,0.002229732,-4.792694,0.7773335,-8.49984,0,0,38.70368,1,1,1000,1000
509317,29:57.5,IMU,348684637,0,0.004834008,0.004584986,0.002468244,-4.790985,0.7766535,-8.501101,0,0,38.70452,1,1,1000,1000
509369,29:57.5,IMU,348724621,0,0.003259224,0.005685279,0.002701966,-4.79199,0.7773615,-8.499683,0,0,38.70536,1,1,1000,1000
509468,29:57.6,IMU,348764605,0,0.004304361,0.005522966,0.002731642,-4.79194,0.7760544,-8.492477,0,0,38.7062,1,1,1000,1000
509522,29:57.6,IMU,348804589,0,0.004085749,0.003017463,0.00264776,-4.79223,0.7750074,-8.489298,0,0,38.70704,1,1,1000,1000
509620,29:57.7,IMU,348845406,0,0.004137428,0.003223684,0.002752209,-4.792341,0.7749764,-8.492383,0,0,38.7079,1,1,1000,1000
509671,29:57.7,IMU,348885390,0,0.004278318,0.002946953,0.002866026,-4.794193,0.7757149,-8.505465,0,0,38.70873,1,1,1000,1000
509723,29:57.7,IMU,348925374,0,0.003597409,0.002240078,0.002920564,-4.794336,0.7736315,-8.497492,0,0,38.70957,1,1,1000,1000
509822,29:57.8,IMU,348965358,0,0.005619187,0.002491561,0.002922066,-4.792868,0.7737467,-8.493355,0,0,38.71041,1,1,1000,1000
509876,29:57.8,IMU,349005342,0,0.005358438,0.00259688,0.003012975,-4.794014,0.7740228,-8.493222,0,0,38.71125,1,1,1000,1000
509977,29:57.9,IMU,349045326,0,0.004215708,0.00268524,0.00308155,-4.794726,0.773538,-8.494781,0,0,38.71209,1,1,1000,1000
510029,29:57.9,IMU,349085310,0,0.004169298,0.002895396,0.003125034,-4.793286,0.7737808,-8.495729,0,0,38.71293,1,1,1000,1000
510081,29:57.9,IMU,349125294,0,0.004033038,0.002934334,0.003250426,-4.793986,0.7728874,-8.497635,0,0,38.71376,1,1,999,999
510180,29:58.0,IMU,349165278,0,0.004005841,0.003027142,0.003256913,-4.795029,0.7726637,-8.49721,0,0,38.7146,1,1,999,999
510235,29:58.0,IMU,349205262,0,0.004005337,0.00308677,0.00324795,-4.794137,0.7726686,-8.497972,0,0,38.71544,1,1,999,999
510334,29:58.1,IMU,349245246,0,0.0039159,0.003087318,0.003290226,-4.795095,0.7709559,-8.499221,0,0,38.71628,1,1,999,999
510386,29:58.1,IMU,349285230,0,0.003901837,0.003168827,0.003313689,-4.794619,0.7709235,-8.499723,0,0,38.71709,1,1,999,999
510438,29:58.1,IMU,349325214,0,0.003840605,0.003240247,0.003334495,-4.795189,0.7707223,-8.50087,0,0,38.71793,1,1,999,999
510537,29:58.2,IMU,349365198,0,0.003848435,0.003282727,0.003391632,-4.795852,0.7705669,-8.50135,0,0,38.71877,1,1,999,999
510591,29:58.2,IMU,349405182,0,0.002750214,0.003323356,0.003359362,-4.794787,0.7695221,-8.496592,0,0,38.71961,1,1,999,999
510692,29:58.3,IMU,349445166,0,0.004064191,0.003351737,0.002947073,-4.794839,0.7697008,-8.493561,0,0,38.72045,1,1,999,999
510746,29:58.3,IMU,349485150,0,0.005460226,0.003403347,0.002603158,-4.795533,0.7686853,-8.495678,0,0,38.72128,1,1,999,999
510798,29:58.3,IMU,349525134,0,0.005064261,0.004435921,0.002364182,-4.795507,0.768975,-8.493504,0,0,38.72212,1,1,999,999
510902,29:58.4,IMU,349565118,0,0.00378634,0.005880579,0.002491577,-4.796015,0.7684889,-8.48875,0,0,38.72296,1,1,999,999
510956,29:58.4,IMU,349605102,0,0.00234145,0.006290022,0.002611417,-4.795156,0.7677096,-8.489021,0,0,38.72379,1,1,999,999
511054,29:58.5,IMU,349645086,0,0.002933672,0.005568439,0.002629031,-4.797535,0.7678217,-8.491928,0,0,38.72463,1,1,999,999
511105,29:58.5,IMU,349685070,0,0.002255672,0.003875199,0.002685914,-4.796489,0.7675713,-8.49201,0,0,38.72547,1,1,999,999
511158,29:58.5,IMU,349725054,0,0.001923295,0.003312183,0.002855319,-4.797003,0.7660927,-8.490557,0,0,38.72633,1,1,999,999
511257,29:58.6,IMU,349765038,0,0.002105716,0.002742311,0.00292149,-4.797618,0.7658707,-8.493219,0,0,38.72716,1,1,999,999
511311,29:58.6,IMU,349805022,0,0.001607192,0.002157241,0.003049767,-4.79802,0.7666302,-8.492391,0,0,38.728,1,1,999,999
511409,29:58.7,IMU,349845006,0,0.00156711,0.00206786,0.003133165,-4.79884,0.7659575,-8.491123,0,0,38.72884,1,1,999,999
511460,29:58.7,IMU,349884990,0,0.003061949,0.003286303,0.003058477,-4.7973,0.7647032,-8.489302,0,0,38.72965,1,1,999,999
511513,29:58.7,IMU,349924974,0,0.001513711,0.00404422,0.003035266,-4.798853,0.7645499,-8.489003,0,0,38.73048,1,1,999,999
511612,29:58.8,IMU,349964958,0,0.001461927,0.004176843,0.002971336,-4.798557,0.7629585,-8.495754,0,0,38.73132,1,1,999,999
511666,29:58.8,IMU,350004942,0,0.004604307,0.004812635,0.002739364,-4.798932,0.7637203,-8.489096,0,0,38.73216,1,1,999,999
511767,29:58.9,IMU,350044926,0,0.004430194,0.005120662,0.002612935,-4.798378,0.7634975,-8.492548,0,0,38.73299,1,1,999,999
511819,29:58.9,IMU,350084910,0,0.004325201,0.004273925,0.002462348,-4.798734,0.7617768,-8.488945,0,0,38.73383,1,1,999,999
511871,29:58.9,IMU,350124894,0,0.004163748,0.002766003,0.002448938,-4.797405,0.7624598,-8.488418,0,0,38.73466,1,1,999,999
511970,29:59.0,IMU,350164878,0,0.004142545,0.00293359,0.002537678,-4.798255,0.7622674,-8.488648,0,0,38.7355,1,1,999,999
512024,29:59.0,IMU,350204862,0,0.003352151,0.002972141,0.00269105,-4.799025,0.7621248,-8.492997,0,0,38.73634,1,1,999,999
512123,29:59.1,IMU,350244846,0,0.003182703,0.003029535,0.002889164,-4.799477,0.7616223,-8.493717,0,0,38.73717,1,1,999,999
512175,29:59.1,IMU,350284830,0,0.003341936,0.003171983,0.002977402,-4.798455,0.7608865,-8.492616,0,0,38.73801,1,1,999,999
512227,29:59.1,IMU,350324814,0,0.00334039,0.003215746,0.003075202,-4.79916,0.7604233,-8.493043,0,0,38.73884,1,1,999,999
512326,29:59.2,IMU,350364798,0,0.003292857,0.003223356,0.003081145,-4.799475,0.7596915,-8.493072,0,0,38.73967,1,1,999,999
512380,29:59.2,IMU,350404782,0,0.003384028,0.004313417,0.003053417,-4.799428,0.7608721,-8.497983,0,0,38.74051,1,1,999,999
512481,29:59.3,IMU,350444766,0,0.003373816,0.005074943,0.00289503,-4.799507,0.7598657,-8.501318,0,0,38.74134,1,1,999,999
512535,29:59.3,IMU,350484750,0,0.003412393,0.003108063,0.002799229,-4.800305,0.7600077,-8.497376,0,0,38.74218,1,1,999,999
512587,29:59.3,IMU,350524734,0,0.003417604,0.003383168,0.002827531,-4.799856,0.7595012,-8.497396,0,0,38.74301,1,1,999,999
512689,29:59.4,IMU,350564718,0,0.003433989,0.003374378,0.00288793,-4.800165,0.7596602,-8.49909,0,0,38.74385,1,1,999,999
512744,29:59.4,IMU,350604702,0,0.00347713,0.003401269,0.002951438,-4.800085,0.7588371,-8.499474,0,0,38.74468,1,1,999,999
512842,29:59.5,IMU,350644686,0,0.003480518,0.003429393,0.003012915,-4.800063,0.7591698,-8.500985,0,0,38.74551,1,1,999,999
512893,29:59.5,IMU,350684670,0,0.003485083,0.003502299,0.003077871,-4.801954,0.7575959,-8.500515,0,0,38.74635,1,1,999,999
512946,29:59.5,IMU,350724654,0,0.003798418,0.003484996,0.003071884,-4.800333,0.7575775,-8.498615,0,0,38.74718,1,1,999,999
513045,29:59.6,IMU,350764638,0,0.00538516,0.003458168,0.002949826,-4.80077,0.7577436,-8.502734,0,0,38.74802,1,1,999,999
513099,29:59.6,IMU,350804622,0,0.006850393,0.003522537,0.00285761,-4.800138,0.7576891,-8.497808,0,0,38.74885,1,1,999,999
513197,29:59.7,IMU,350844606,0,0.007175002,0.003522065,0.002689377,-4.800821,0.7577628,-8.503404,0,0,38.74968,1,1,999,999
513248,29:59.7,IMU,350884590,0,0.005413159,0.003516579,0.002596015,-4.800538,0.7572861,-8.4975,0,0,38.75051,1,1,999,999
513300,29:59.7,IMU,350925407,0,0.005606183,0.003494467,0.002299193,-4.800299,0.7570109,-8.498322,0,0,38.75137,1,1,999,999
513399,29:59.8,IMU,350965391,0,0.004828734,0.003573206,0.002136233,-4.801352,0.7567486,-8.500948,0,0,38.7522,1,1,999,999
513453,29:59.8,IMU,351005375,0,0.005752911,0.003498158,0.001943192,-4.800474,0.7571149,-8.501582,0,0,38.75304,1,1,999,999
513554,29:59.9,IMU,351045359,0,0.005483525,0.003588314,0.001772793,-4.801103,0.7568541,-8.502009,0,0,38.75387,1,1,999,999
513606,29:59.9,IMU,351085343,0,0.007514905,0.002683796,0.00152077,-4.802258,0.7553829,-8.502846,0,0,38.7547,1,1,999,999
513658,29:59.9,IMU,351125327,0,0.005833887,0.001197318,0.00148324,-4.801238,0.7553148,-8.497735,0,0,38.75554,1,1,1000,1000
513757,30:00.0,IMU,351165311,0,0.005039287,0.001960074,0.001757612,-4.801881,0.7544521,-8.498503,0,0,38.75637,1,1,1000,1000
513811,30:00.0,IMU,351205295,0,0.004420611,0.002758309,0.002001594,-4.801825,0.7540456,-8.503737,0,0,38.7572,1,1,1000,1000
513911,30:00.1,IMU,351245279,0,0.006270743,0.002810326,0.002176571,-4.801318,0.7538896,-8.499372,0,0,38.75803,1,1,1000,1000
513963,30:00.1,IMU,351285263,0,0.007475291,0.004329746,0.002425697,-4.802526,0.7539996,-8.503911,0,0,38.75887,1,1,1000,1000
514015,30:00.1,IMU,351325247,0,0.00719517,0.003921889,0.002508315,-4.802767,0.7522483,-8.503796,0,0,38.7597,1,1,1000,1000
514114,30:00.2,IMU,351365231,0,0.006445278,0.005021079,0.002654895,-4.801085,0.7535163,-8.504253,0,0,38.76051,1,1,1000,1000
514168,30:00.2,IMU,351405215,0,0.005511905,0.004641452,0.002905459,-4.803363,0.7540573,-8.506965,0,0,38.76134,1,1,1000,1000
514269,30:00.3,IMU,351445199,0,0.006898375,0.003440802,0.002800597,-4.801831,0.7522993,-8.504303,0,0,38.76217,1,1,1000,1000
514323,30:00.3,IMU,351485183,0,0.006305297,0.002597447,0.002849926,-4.802965,0.7517939,-8.505915,0,0,38.763,1,1,1000,1000
514375,30:00.3,IMU,351525167,0,0.004991362,0.002533951,0.002922804,-4.802192,0.7505897,-8.5038,0,0,38.76383,1,1,1000,1000
514477,30:00.4,IMU,351565151,0,0.003447703,0.002094328,0.002879601,-4.802307,0.7520007,-8.506084,0,0,38.76466,1,1,1000,1000
514531,30:00.4,IMU,351605135,0,0.003675718,0.001919905,0.002865272,-4.804565,0.7517466,-8.507131,0,0,38.7655,1,1,1000,1000
514629,30:00.5,IMU,351645119,0,0.003324427,0.002926034,0.002811957,-4.804192,0.7499929,-8.511331,0,0,38.76633,1,1,1000,1000
514680,30:00.5,IMU,351685103,0,0.003127773,0.002956886,0.002586035,-4.803761,0.7497053,-8.511847,0,0,38.76716,1,1,1000,1000
514732,30:00.5,IMU,351725087,0,0.003247729,0.002769287,0.002381833,-4.803229,0.7482024,-8.50481,0,0,38.76799,1,1,1000,1000
514832,30:00.6,IMU,351765071,0,0.002711615,0.002471612,0.002586401,-4.804111,0.7489088,-8.508902,0,0,38.76882,1,1,1000,1000
514886,30:00.6,IMU,351805055,0,0.002380737,0.00314921,0.002720742,-4.804058,0.7478254,-8.50806,0,0,38.76967,1,1,1000,1000
514984,30:00.7,IMU,351845039,0,0.002604031,0.003886426,0.002797889,-4.803776,0.7479944,-8.512203,0,0,38.7705,1,1,1000,1000
515035,30:00.7,IMU,351885023,0,0.003250768,0.003621689,0.002875003,-4.803948,0.7477368,-8.512339,0,0,38.77133,1,1,1000,1000
515088,30:00.7,IMU,351925007,0,0.004198006,0.004358061,0.002972673,-4.803822,0.7461886,-8.509676,0,0,38.77216,1,1,1000,1000
515187,30:00.8,IMU,351964991,0,0.005008418,0.005008869,0.003046221,-4.804946,0.7466555,-8.515495,0,0,38.77297,1,1,1000,1000
515241,30:00.8,IMU,352004975,0,0.005463208,0.004361776,0.003118558,-4.805069,0.7455273,-8.515205,0,0,38.7738,1,1,1000,1000
515341,30:00.9,IMU,352044959,0,0.002750908,0.003663796,0.003420644,-4.80576,0.745882,-8.518993,0,0,38.77464,1,1,1000,1000
515396,30:00.9,IMU,352084943,0,0.002679936,0.004089424,0.003568831,-4.803955,0.74589,-8.515083,0,0,38.77546,1,1,1000,1000
515448,30:00.9,IMU,352124927,0,0.002390688,0.003653603,0.00356653,-4.805364,0.7435084,-8.516796,0,0,38.77629,1,1,999,999
515547,30:01.0,IMU,352164911,0,0.002008188,0.003384541,0.003487757,-4.804531,0.7444212,-8.513959,0,0,38.77712,1,1,999,999
515601,30:01.0,IMU,352204895,0,0.002525929,0.004339091,0.003289694,-4.804968,0.7440717,-8.518345,0,0,38.77795,1,1,999,999
515699,30:01.1,IMU,352244879,0,0.00202135,0.004144675,0.003009142,-4.805569,0.7441425,-8.520875,0,0,38.77878,1,1,999,999
515752,30:01.1,IMU,352284863,0,0.001432982,0.004048659,0.002846093,-4.8058,0.7433817,-8.52297,0,0,38.77961,1,1,999,999
515804,30:01.1,IMU,352324847,0,0.00065508,0.005087232,0.00285073,-4.805765,0.7432534,-8.51251,0,0,38.78044,1,1,999,999
515903,30:01.2,IMU,352364831,0,0.00129574,0.004896122,0.002893828,-4.806701,0.7418958,-8.517023,0,0,38.78127,1,1,999,999
515957,30:01.2,IMU,352404815,0,0.003619666,0.004287347,0.002732363,-4.805645,0.7413005,-8.519796,0,0,38.7821,1,1,999,999
516058,30:01.3,IMU,352444799,0,0.004761129,0.003944512,0.002862787,-4.806867,0.7423961,-8.52045,0,0,38.78293,1,1,999,999
516113,30:01.3,IMU,352484783,0,0.003360042,0.003280114,0.003143668,-4.806862,0.7408624,-8.519114,0,0,38.78376,1,1,999,999
516165,30:01.3,IMU,352524767,0,0.003604237,0.002814702,0.003335207,-4.805676,0.7417454,-8.518908,0,0,38.78459,1,1,999,999
516267,30:01.4,IMU,352564751,0,0.003910491,0.003428821,0.003508619,-4.805711,0.7398435,-8.518327,0,0,38.78542,1,1,999,999
516322,30:01.4,IMU,352604735,0,0.004008634,0.003607414,0.003471586,-4.806073,0.7408135,-8.516662,0,0,38.78624,1,1,999,999
516420,30:01.5,IMU,352644719,0,0.002557638,0.001680382,0.003449201,-4.807285,0.7401519,-8.521472,0,0,38.78707,1,1,999,999
516471,30:01.5,IMU,352684703,0,0.002686252,0.004365246,0.003256571,-4.806798,0.7402148,-8.523929,0,0,38.7879,1,1,999,999
516523,30:01.5,IMU,352724687,0,0.00101914,0.003638186,0.003051751,-4.805747,0.7393888,-8.519602,0,0,38.78873,1,1,999,999
516622,30:01.6,IMU,352764671,0,0.001780667,0.003238943,0.002719384,-4.807967,0.7394446,-8.522765,0,0,38.78956,1,1,999,999
516677,30:01.6,IMU,352804655,0,0.001653768,0.003159837,0.002670874,-4.807629,0.7379988,-8.516907,0,0,38.79039,1,1,999,999
516775,30:01.7,IMU,352844639,0,0.002569312,0.004664329,0.00264895,-4.806043,0.7397129,-8.517445,0,0,38.79121,1,1,999,999
516826,30:01.7,IMU,352884623,0,0.003792286,0.004729041,0.002755294,-4.80634,0.7381679,-8.519531,0,0,38.79204,1,1,999,999
516878,30:01.7,IMU,352924607,0,0.004529112,0.004181993,0.002817756,-4.807353,0.737989,-8.525925,0,0,38.79287,1,1,999,999
516977,30:01.8,IMU,352964591,0,0.005367518,0.003331858,0.002675227,-4.807678,0.7362117,-8.526677,0,0,38.7937,1,1,999,999
517031,30:01.8,IMU,353005408,0,0.005985164,0.002214179,0.002432031,-4.806443,0.7376139,-8.522107,0,0,38.79454,1,1,999,999
517131,30:01.9,IMU,353045392,0,0.00547105,0.001808107,0.002514044,-4.806346,0.7366035,-8.519153,0,0,38.79537,1,1,999,999
517184,30:01.9,IMU,353085376,0,0.005610069,0.002030762,0.00255413,-4.807248,0.7366571,-8.525255,0,0,38.7962,1,1,999,999
517236,30:01.9,IMU,353125360,0,0.004649838,0.003568166,0.002583969,-4.80875,0.7367606,-8.529503,0,0,38.79703,1,1,1000,1000
517335,30:02.0,IMU,353165344,0,0.004013361,0.002843857,0.002640878,-4.808024,0.7356123,-8.528526,0,0,38.79785,1,1,1000,1000
517389,30:02.0,IMU,353205328,0,0.003798004,0.002362019,0.002561074,-4.807791,0.7353356,-8.524774,0,0,38.79868,1,1,1000,1000
517488,30:02.1,IMU,353245312,0,0.002456231,0.00145459,0.002648856,-4.806246,0.7344808,-8.520946,0,0,38.79951,1,1,1000,1000
517540,30:02.1,IMU,353285296,0,0.006147104,0.00465269,0.002567994,-4.807868,0.7355376,-8.531236,0,0,38.80033,1,1,1000,1000
517593,30:02.1,IMU,353325280,0,0.005688425,0.003855641,0.002676828,-4.80861,0.7347158,-8.532129,0,0,38.80116,1,1,1000,1000
517692,30:02.2,IMU,353365264,0,0.003425686,0.00305394,0.002825658,-4.808689,0.735126,-8.528765,0,0,38.80199,1,1,1000,1000
517746,30:02.2,IMU,353405248,0,0.002832963,0.00213061,0.002880509,-4.807331,0.7340125,-8.524408,0,0,38.80281,1,1,1000,1000
517847,30:02.3,IMU,353445232,0,0.002821725,0.002252461,0.003043775,-4.809069,0.7334384,-8.530369,0,0,38.80362,1,1,1000,1000
517901,30:02.3,IMU,353485216,0,0.002931895,0.002270754,0.003054005,-4.809069,0.7326406,-8.531699,0,0,38.80444,1,1,1000,1000
517953,30:02.3,IMU,353525200,0,0.002902539,0.002455511,0.003123914,-4.809064,0.73305,-8.531189,0,0,38.80527,1,1,1000,1000
518054,30:02.4,IMU,353565184,0,0.003381783,0.002506207,0.003148692,-4.807909,0.7329937,-8.530787,0,0,38.8061,1,1,1000,1000
518109,30:02.4,IMU,353605168,0,0.003933475,0.002662838,0.003123908,-4.80836,0.7313598,-8.530736,0,0,38.80692,1,1,1000,1000
518207,30:02.5,IMU,353645152,0,0.003907356,0.002733219,0.003134509,-4.809006,0.7312735,-8.530457,0,0,38.80775,1,1,1000,1000
518258,30:02.5,IMU,353685136,0,0.003843022,0.002826945,0.003134123,-4.80822,0.7321226,-8.529872,0,0,38.80857,1,1,1000,1000
518310,30:02.5,IMU,353725120,0,0.003844077,0.002939791,0.003243386,-4.809887,0.7304783,-8.530437,0,0,38.8094,1,1,1000,1000
518409,30:02.6,IMU,353765104,0,0.003806739,0.003039456,0.003245114,-4.809224,0.7312969,-8.530726,0,0,38.81022,1,1,1000,1000
518464,30:02.6,IMU,353805088,0,0.003683713,0.003081783,0.003294619,-4.808887,0.7308366,-8.530559,0,0,38.81105,1,1,1000,1000
518562,30:02.7,IMU,353845072,0,0.003716307,0.003147362,0.003247518,-4.809543,0.730399,-8.529399,0,0,38.81187,1,1,1000,1000
518613,30:02.7,IMU,353885056,0,0.003702682,0.003167062,0.003312425,-4.808029,0.7293359,-8.529489,0,0,38.81272,1,1,1000,1000
518666,30:02.7,IMU,353925040,0,0.003699674,0.003183317,0.003344994,-4.808597,0.7292687,-8.528921,0,0,38.81355,1,1,1000,1000
518765,30:02.8,IMU,353965024,0,0.003653041,0.003246716,0.003346885,-4.808597,0.7295732,-8.528869,0,0,38.81437,1,1,1000,1000
518819,30:02.8,IMU,354005008,0,0.004546203,0.003355855,0.002965464,-4.811742,0.7288765,-8.545969,0,0,38.81519,1,1,1000,1000
518919,30:02.9,IMU,354044992,0,0.006241408,0.003497006,0.002182999,-4.811687,0.7295789,-8.542536,0,0,38.816,1,1,1000,1000
518972,30:02.9,IMU,354084976,0,0.00439383,0.00511155,0.002151558,-4.811768,0.7290826,-8.54187,0,0,38.81682,1,1,1000,1000
519024,30:02.9,IMU,354124960,0,0.004167626,0.00469135,0.002149274,-4.812046,0.7296121,-8.546212,0,0,38.81765,1,1,1000,1000
519123,30:03.0,IMU,354164944,0,0.004278336,0.005095433,0.002288959,-4.811472,0.7292458,-8.552776,0,0,38.81847,1,1,999,999
519177,30:03.0,IMU,354204928,0,0.004715979,0.004628474,0.002426498,-4.812674,0.7294089,-8.555668,0,0,38.8193,1,1,999,999
519275,30:03.1,IMU,354244912,0,0.004990553,0.004207019,0.002444046,-4.813589,0.7279997,-8.559202,0,0,38.82012,1,1,999,999
519326,30:03.1,IMU,354284896,0,0.00483415,0.004169899,0.002474261,-4.814376,0.7289199,-8.558333,0,0,38.82095,1,1,999,999
519380,30:03.1,IMU,354324880,0,0.004648129,0.004053712,0.002602937,-4.814447,0.7259922,-8.558121,0,0,38.82177,1,1,999,999
519479,30:03.2,IMU,354364864,0,0.00449579,0.003949583,0.002694565,-4.814204,0.7270166,-8.557468,0,0,38.82259,1,1,999,999
519533,30:03.2,IMU,354404848,0,0.004413518,0.003965256,0.002713683,-4.813907,0.7275474,-8.555243,0,0,38.82341,1,1,999,999
519634,30:03.3,IMU,354444832,0,0.004331347,0.003890019,0.002829207,-4.813688,0.7261331,-8.557404,0,0,38.82424,1,1,999,999
519688,30:03.3,IMU,354484816,0,0.004328014,0.003573346,0.002853439,-4.815622,0.7268286,-8.558432,0,0,38.82506,1,1,999,999
519740,30:03.3,IMU,354524800,0,0.005432415,0.004014052,0.002723242,-4.816693,0.7261494,-8.570278,0,0,38.82589,1,1,999,999
519842,30:03.4,IMU,354564784,0,0.005000496,0.003289656,0.002796727,-4.816432,0.7256775,-8.570234,0,0,38.82671,1,1,999,999
519897,30:03.4,IMU,354604768,0,0.004082522,0.004093657,0.002926487,-4.815742,0.7247533,-8.57036,0,0,38.82753,1,1,999,999
519997,30:03.5,IMU,354644752,0,0.004212886,0.004555508,0.003079664,-4.816309,0.7250758,-8.577792,0,0,38.82835,1,1,999,999
520048,30:03.5,IMU,354684736,0,0.005179758,0.00428253,0.00321316,-4.816607,0.7250113,-8.578759,0,0,38.82918,1,1,999,999
520100,30:03.5,IMU,354724720,0,0.005000221,0.002496766,0.003340091,-4.817164,0.725482,-8.578089,0,0,38.83,1,1,999,999
520199,30:03.6,IMU,354764704,0,0.004853102,0.003472971,0.003310705,-4.81666,0.7240465,-8.580421,0,0,38.83082,1,1,999,999
520253,30:03.6,IMU,354804688,0,0.004626281,0.003443248,0.003372496,-4.817043,0.7238034,-8.578256,0,0,38.83165,1,1,999,999
520352,30:03.7,IMU,354844672,0,0.004577233,0.003510428,0.003331333,-4.816651,0.7238645,-8.576659,0,0,38.83247,1,1,999,999
520403,30:03.7,IMU,354884656,0,0.004381394,0.003469149,0.003434802,-4.817477,0.7234821,-8.574524,0,0,38.83329,1,1,999,999
520455,30:03.7,IMU,354924640,0,0.004299243,0.003498226,0.003374259,-4.816622,0.722735,-8.573351,0,0,38.83411,1,1,999,999
520554,30:03.8,IMU,354964624,0,0.003929737,0.003647497,0.003363979,-4.817991,0.7219164,-8.582589,0,0,38.83493,1,1,999,999
520608,30:03.8,IMU,355004608,0,0.005161508,0.003483501,0.002909045,-4.819484,0.7236168,-8.595276,0,0,38.83575,1,1,999,999
520708,30:03.9,IMU,355044592,0,0.005178435,0.002349875,0.002661715,-4.817925,0.7227889,-8.58214,0,0,38.83658,1,1,999,999
520760,30:03.9,IMU,355085409,0,0.004705918,0.001481454,0.002732825,-4.818066,0.7210284,-8.585606,0,0,38.83742,1,1,999,999
520813,30:03.9,IMU,355125393,0,0.004341991,0.001375475,0.002791508,-4.818485,0.7223113,-8.588322,0,0,38.83824,1,1,999,999
520912,30:04.0,IMU,355165377,0,0.002439343,0.003762597,0.002978635,-4.817996,0.7212873,-8.592607,0,0,38.83906,1,1,999,999
520966,30:04.0,IMU,355205361,0,0.004031777,0.002900615,0.00289879,-4.8203,0.7207054,-8.595368,0,0,38.83989,1,1,999,999
521065,30:04.1,IMU,355245345,0,0.00396665,0.002974944,0.002951822,-4.819805,0.7210442,-8.59359,0,0,38.84071,1,1,999,999
521116,30:04.1,IMU,355285329,0,0.003864482,0.003069088,0.002982072,-4.819047,0.7204659,-8.592642,0,0,38.84153,1,1,999,999
521170,30:04.1,IMU,355325313,0,0.00382877,0.003088338,0.003104775,-4.819479,0.7200565,-8.590698,0,0,38.84235,1,1,999,999
521269,30:04.2,IMU,355365297,0,0.003808638,0.003138784,0.003073819,-4.819409,0.7192232,-8.589626,0,0,38.84317,1,1,999,999
521323,30:04.2,IMU,355405281,0,0.003735628,0.003147621,0.003106041,-4.818722,0.7196441,-8.587852,0,0,38.84399,1,1,999,999
521424,30:04.3,IMU,355445265,0,0.003645557,0.003706226,0.003148437,-4.819046,0.7182271,-8.589666,0,0,38.84481,1,1,999,999
521478,30:04.3,IMU,355485249,0,0.003468019,0.004580728,0.003061468,-4.821823,0.7194784,-8.600963,0,0,38.84563,1,1,999,999
521530,30:04.3,IMU,355525233,0,0.002254942,0.005085778,0.003116593,-4.819862,0.7179747,-8.597338,0,0,38.84643,1,1,999,999
521631,30:04.4,IMU,355565217,0,0.003179583,0.005043353,0.00305633,-4.821239,0.7177707,-8.597092,0,0,38.84725,1,1,999,999
521686,30:04.4,IMU,355605201,0,0.003729436,0.005562265,0.002961028,-4.820141,0.719485,-8.596296,0,0,38.84807,1,1,999,999
521784,30:04.5,IMU,355645185,0,0.004352251,0.005224875,0.002937333,-4.822033,0.717429,-8.598388,0,0,38.84889,1,1,999,999
521835,30:04.5,IMU,355685169,0,0.005196569,0.003678169,0.002781662,-4.821896,0.7173097,-8.600669,0,0,38.84971,1,1,999,999
521887,30:04.5,IMU,355725153,0,0.005049269,0.004010181,0.002669899,-4.822331,0.7162542,-8.604088,0,0,38.85053,1,1,999,999
521986,30:04.6,IMU,355765137,0,0.005105374,0.003963655,0.002785746,-4.823123,0.717087,-8.602921,0,0,38.85135,1,1,999,999
522040,30:04.6,IMU,355805121,0,0.00487751,0.003905147,0.002825809,-4.821908,0.7165842,-8.601388,0,0,38.85217,1,1,999,999
522139,30:04.7,IMU,355845105,0,0.004696866,0.003873878,0.002878199,-4.823995,0.716372,-8.599645,0,0,38.85299,1,1,999,999
522190,30:04.7,IMU,355885089,0,0.003698972,0.003806273,0.002910729,-4.822168,0.7156956,-8.59656,0,0,38.85381,1,1,999,999
522243,30:04.7,IMU,355925073,0,0.003666184,0.003793201,0.002966771,-4.823289,0.7151198,-8.596135,0,0,38.85463,1,1,999,999
522342,30:04.8,IMU,355965057,0,0.003670013,0.003732837,0.003014444,-4.821479,0.7157001,-8.593756,0,0,38.85547,1,1,999,999
522396,30:04.8,IMU,356005041,0,0.003578544,0.003763307,0.003001887,-4.821872,0.7155757,-8.591738,0,0,38.85629,1,1,999,999
522496,30:04.9,IMU,356045025,0,0.003554353,0.003677765,0.003115593,-4.821733,0.7132489,-8.591321,0,0,38.85711,1,1,999,999
522549,30:04.9,IMU,356085009,0,0.004457548,0.004821206,0.003151099,-4.823132,0.7148876,-8.607067,0,0,38.85793,1,1,999,999
522603,30:04.9,IMU,356124993,0,0.004021326,0.004894697,0.003264508,-4.824671,0.7151827,-8.604036,0,0,38.85873,1,1,999,999
522702,30:05.0,IMU,356164977,0,0.004484345,0.004718432,0.003211562,-4.823015,0.7130964,-8.604112,0,0,38.85954,1,1,1000,1000
522756,30:05.0,IMU,356204961,0,0.004516537,0.004430464,0.003317844,-4.822328,0.7137623,-8.602398,0,0,38.86036,1,1,1000,1000
522854,30:05.1,IMU,356244945,0,0.003545699,0.002666943,0.003229521,-4.824239,0.7120336,-8.60498,0,0,38.86118,1,1,1000,1000
522905,30:05.1,IMU,356284929,0,0.002197619,0.003964294,0.003397292,-4.82492,0.7138587,-8.609025,0,0,38.862,1,1,1000,1000
522958,30:05.1,IMU,356324913,0,0.002437586,0.003838497,0.003391745,-4.823469,0.7125005,-8.608554,0,0,38.86282,1,1,1000,1000
523058,30:05.2,IMU,356364897,0,0.002529913,0.003759658,0.003372472,-4.824048,0.7129347,-8.605419,0,0,38.86364,1,1,1000,1000
523112,30:05.2,IMU,356404881,0,0.002691108,0.003762901,0.003353352,-4.822929,0.7132431,-8.603891,0,0,38.86446,1,1,1000,1000
523213,30:05.3,IMU,356444865,0,0.002754895,0.003716627,0.003400376,-4.823937,0.712181,-8.600667,0,0,38.86527,1,1,1000,1000
523267,30:05.3,IMU,356484849,0,0.002890805,0.003730707,0.003350981,-4.823889,0.7120708,-8.599074,0,0,38.86609,1,1,1000,1000
523319,30:05.3,IMU,356524833,0,0.002938128,0.003650175,0.00342257,-4.823318,0.7109632,-8.596452,0,0,38.86691,1,1,1000,1000
523421,30:05.4,IMU,356564817,0,0.002330033,0.002666471,0.003340491,-4.826414,0.7119411,-8.614751,0,0,38.86773,1,1,1000,1000
523475,30:05.4,IMU,356604801,0,0.003112163,0.002404234,0.003208101,-4.825152,0.712553,-8.610357,0,0,38.86855,1,1,1000,1000
523574,30:05.5,IMU,356644785,0,0.002983769,0.002440086,0.003210115,-4.824915,0.7100425,-8.608897,0,0,38.86936,1,1,1000,1000
523625,30:05.5,IMU,356684769,0,0.00287462,0.001902121,0.003054363,-4.825578,0.7105052,-8.613184,0,0,38.87018,1,1,1000,1000
523677,30:05.5,IMU,356724753,0,0.004477771,0.002120513,0.002722501,-4.824815,0.7115042,-8.611932,0,0,38.87099,1,1,1000,1000
523776,30:05.6,IMU,356764737,0,0.004782261,0.00228815,0.002626557,-4.826125,0.7101313,-8.614244,0,0,38.87181,1,1,1000,1000
523830,30:05.6,IMU,356804721,0,0.004614379,0.002451748,0.002756955,-4.82513,0.7111236,-8.611072,0,0,38.87263,1,1,1000,1000
523928,30:05.7,IMU,356844705,0,0.00446997,0.002542973,0.002811675,-4.824261,0.7093586,-8.610129,0,0,38.87345,1,1,1000,1000
523980,30:05.7,IMU,356884689,0,0.00439109,0.00266716,0.002874179,-4.8254,0.7113361,-8.606685,0,0,38.87426,1,1,1000,1000
524032,30:05.7,IMU,356924673,0,0.004267277,0.003707486,0.002985992,-4.825232,0.7092805,-8.606741,0,0,38.87508,1,1,1000,1000
524131,30:05.8,IMU,356964657,0,-0.001400763,0.02486958,0.003669498,-4.827932,0.7094061,-8.618052,0,0,38.8759,1,1,1000,1000
524185,30:05.8,IMU,357004641,0,-0.004301626,0.04663951,0.004357739,-4.83212,0.7094513,-8.616901,0,0,38.87671,1,1,1000,1000
524285,30:05.9,IMU,357044625,0,-0.004650136,0.06190429,0.005129163,-4.837638,0.7094554,-8.622403,0,0,38.87753,1,1,1000,1000
524336,30:05.9,IMU,357084609,0,0.000971534,0.07436906,0.00558885,-4.844532,0.7086824,-8.615427,0,0,38.87835,1,1,1000,1000
524390,30:05.9,IMU,357124593,0,0.001389849,0.08081205,0.006487518,-4.851033,0.7082541,-8.619589,0,0,38.87916,1,1,1000,1000
524489,30:06.0,IMU,357165410,0,0.006858091,0.08996172,0.007169089,-4.8567,0.7081705,-8.612597,0,0,38.88,1,1,999,999
524543,30:06.0,IMU,357205394,0,0.01375328,0.1006892,0.007837471,-4.862687,0.7085813,-8.611232,0,0,38.88081,1,1,999,999
524642,30:06.1,IMU,357245378,0,0.01601239,0.101965,0.008609537,-4.868683,0.7080246,-8.611798,0,0,38.88163,1,1,999,999
524693,30:06.1,IMU,357285362,0,0.02334206,0.101375,0.009088192,-4.871271,0.7110568,-8.609145,0,0,38.88245,1,1,999,999
524746,30:06.1,IMU,357325346,0,0.0294996,0.1008055,0.009750248,-4.872565,0.7118915,-8.602285,0,0,38.88326,1,1,999,999
524845,30:06.2,IMU,357365330,0,0.03474884,0.1008567,0.01053606,-4.872585,0.7143083,-8.59725,0,0,38.88408,1,1,999,999
524900,30:06.2,IMU,357405314,0,0.03844916,0.1014151,0.01148271,-4.871628,0.7153127,-8.592616,0,0,38.8849,1,1,999,999
525001,30:06.3,IMU,357445298,0,0.04108479,0.1016307,0.01267882,-4.869197,0.7176098,-8.590636,0,0,38.88571,1,1,999,999
525055,30:06.3,IMU,357485282,0,0.04478052,0.1013779,0.01379407,-4.866153,0.7198618,-8.590675,0,0,38.88652,1,1,999,999
525107,30:06.3,IMU,357525266,0,0.04938572,0.1020894,0.01514965,-4.86189,0.7220921,-8.588736,0,0,38.88734,1,1,999,999
525208,30:06.4,IMU,357565250,0,0.04831245,0.1022192,0.01687912,-4.854249,0.7258148,-8.590294,0,0,38.88815,1,1,999,999
525262,30:06.4,IMU,357605234,0,0.05071476,0.1039555,0.0185404,-4.848708,0.7271684,-8.593851,0,0,38.88897,1,1,999,999
525361,30:06.5,IMU,357645218,0,0.05501146,0.1021708,0.02010252,-4.841044,0.7295931,-8.597882,0,0,38.88976,1,1,999,999
525412,30:06.5,IMU,357685202,0,0.05187638,0.101335,0.02246178,-4.831416,0.7326876,-8.600924,0,0,38.89058,1,1,999,999
525464,30:06.5,IMU,357725186,0,0.05774348,0.1034883,0.02447065,-4.820792,0.734365,-8.604354,0,0,38.89139,1,1,999,999
525563,30:06.6,IMU,357765170,0,0.05721081,0.1044655,0.02697711,-4.810208,0.7386454,-8.613568,0,0,38.8922,1,1,999,999
525617,30:06.6,IMU,357805154,0,0.05951031,0.1073361,0.02978323,-4.79945,0.7407392,-8.620522,0,0,38.89302,1,1,999,999
525715,30:06.7,IMU,357845138,0,0.05822344,0.107116,0.03260346,-4.784869,0.7450336,-8.623854,0,0,38.89384,1,1,999,999
525767,30:06.7,IMU,357885122,0,0.05946189,0.1079431,0.03555997,-4.771976,0.7476636,-8.638084,0,0,38.89465,1,1,999,999
525820,30:06.7,IMU,357925106,0,0.05876356,0.1095738,0.03867516,-4.757024,0.7509211,-8.641376,0,0,38.89546,1,1,999,999
525919,30:06.8,IMU,357965090,0,0.06274068,0.1084886,0.0416266,-4.739944,0.7554041,-8.651557,0,0,38.89628,1,1,999,999
525973,30:06.8,IMU,358005074,0,0.06317126,0.1093145,0.04494957,-4.722722,0.7589818,-8.662445,0,0,38.89709,1,1,999,999
526073,30:06.9,IMU,358045058,0,0.06569993,0.110036,0.04814736,-4.70368,0.762125,-8.669674,0,0,38.89793,1,1,999,999
526124,30:06.9,IMU,358085042,0,0.06588148,0.1147826,0.0518378,-4.685519,0.7676051,-8.690259,0,0,38.89874,1,1,999,999
526177,30:06.9,IMU,358125026,0,0.06560093,0.1130219,0.05540601,-4.664796,0.7711661,-8.695342,0,0,38.89955,1,1,999,999
526277,30:07.0,IMU,358165010,0,0.06782724,0.1101559,0.05906339,-4.644365,0.7747248,-8.709571,0,0,38.90036,1,1,1000,1000
526331,30:07.0,IMU,358204994,0,0.07197019,0.1077913,0.06257332,-4.621324,0.7808619,-8.719462,0,0,38.90116,1,1,1000,1000
526429,30:07.1,IMU,358244978,0,0.07267238,0.1052363,0.06654859,-4.597973,0.7843822,-8.735829,0,0,38.90197,1,1,1000,1000
526480,30:07.1,IMU,358284962,0,0.07235309,0.1006595,0.07071745,-4.573162,0.790833,-8.748447,0,0,38.90279,1,1,1000,1000
526533,30:07.1,IMU,358324946,0,0.07424922,0.09525001,0.0746595,-4.545946,0.7960916,-8.758053,0,0,38.90359,1,1,1000,1000
526632,30:07.2,IMU,358364930,0,0.07580646,0.08670245,0.07883187,-4.518702,0.8019524,-8.774282,0,0,38.90441,1,1,1000,1000
526687,30:07.2,IMU,358404914,0,0.07808399,0.07880872,0.08317338,-4.490206,0.8084533,-8.785673,0,0,38.90522,1,1,1000,1000
526788,30:07.3,IMU,358444898,0,0.0800835,0.0719985,0.0876338,-4.461003,0.8140203,-8.795071,0,0,38.90604,1,1,1000,1000
526842,30:07.3,IMU,358484882,0,0.08113942,0.06655978,0.09252954,-4.429533,0.820511,-8.806916,0,0,38.90685,1,1,1000,1000
526895,30:07.3,IMU,358524866,0,0.08337057,0.0618466,0.0974791,-4.400809,0.8270974,-8.827395,0,0,38.90766,1,1,1000,1000
526997,30:07.4,IMU,358564850,0,0.08368391,0.05791199,0.1028666,-4.369943,0.8342874,-8.842194,0,0,38.90847,1,1,1000,1000
527051,30:07.4,IMU,358604834,0,0.08932769,0.0578355,0.1083538,-4.337452,0.843502,-8.850834,0,0,38.90928,1,1,1000,1000
527150,30:07.5,IMU,358644818,0,0.0893096,0.05744205,0.1142365,-4.304774,0.852061,-8.861578,0,0,38.9101,1,1,1000,1000
527201,30:07.5,IMU,358684802,0,0.09113964,0.05407641,0.1202109,-4.273568,0.860296,-8.88201,0,0,38.91091,1,1,1000,1000
527253,30:07.5,IMU,358724786,0,0.09212846,0.05592832,0.126425,-4.241015,0.8684121,-8.891746,0,0,38.91172,1,1,1000,1000
527352,30:07.6,IMU,358764770,0,0.09241784,0.05677223,0.1328924,-4.208062,0.8782439,-8.904276,0,0,38.91253,1,1,1000,1000
527406,30:07.6,IMU,358804754,0,0.09386245,0.05485815,0.1394218,-4.176746,0.8876598,-8.928878,0,0,38.91335,1,1,1000,1000
527504,30:07.7,IMU,358844738,0,0.09917937,0.05565189,0.1459623,-4.144668,0.8974452,-8.938027,0,0,38.91415,1,1,1000,1000
527555,30:07.7,IMU,358884722,0,0.1006223,0.05784313,0.1529988,-4.111004,0.9087976,-8.946379,0,0,38.91497,1,1,1000,1000
527608,30:07.7,IMU,358924706,0,0.1012909,0.05537103,0.1602743,-4.077975,0.9208549,-8.963627,0,0,38.91578,1,1,1000,1000
527707,30:07.8,IMU,358964690,0,0.1021572,0.05714272,0.1678363,-4.045815,0.9321654,-8.980171,0,0,38.91659,1,1,1000,1000
527761,30:07.8,IMU,359004674,0,0.1056412,0.0610867,0.1754944,-4.011677,0.9440596,-8.991393,0,0,38.9174,1,1,1000,1000
527861,30:07.9,IMU,359044658,0,0.1076714,0.06192544,0.1834333,-3.978263,0.9567574,-9.007851,0,0,38.91821,1,1,1000,1000
527912,30:07.9,IMU,359084642,0,0.1108209,0.06101822,0.1916869,-3.942981,0.9689699,-9.024514,0,0,38.91902,1,1,1000,1000
527965,30:07.9,IMU,359124626,0,0.1124975,0.06082441,0.2000375,-3.907528,0.9824408,-9.036701,0,0,38.91983,1,1,1000,1000
528065,30:08.0,IMU,359164610,0,0.1185483,0.06178501,0.2086108,-3.873491,0.9982592,-9.051893,0,0,38.92064,1,1,999,999
528119,30:08.0,IMU,359204594,0,0.1187323,0.06305426,0.2177431,-3.838886,1.012663,-9.063167,0,0,38.92146,1,1,999,999
528218,30:08.1,IMU,359244578,0,0.1240228,0.06322012,0.2269586,-3.801799,1.028502,-9.077333,0,0,38.92226,1,1,999,999
528269,30:08.1,IMU,359285395,0,0.1242423,0.0644462,0.2367619,-3.76532,1.04567,-9.094852,0,0,38.9231,1,1,999,999
528322,30:08.1,IMU,359325379,0,0.1261578,0.0634511,0.2465132,-3.726881,1.062163,-9.104969,0,0,38.9239,1,1,999,999
528421,30:08.2,IMU,359365363,0,0.1287556,0.06119313,0.256489,-3.690388,1.079303,-9.12435,0,0,38.92471,1,1,999,999
528475,30:08.2,IMU,359405347,0,0.1283856,0.0597298,0.2667786,-3.65107,1.096748,-9.140892,0,0,38.92553,1,1,999,999
528577,30:08.3,IMU,359445331,0,0.1310882,0.05955901,0.2771869,-3.610142,1.116191,-9.151001,0,0,38.92633,1,1,999,999
528631,30:08.3,IMU,359485315,0,0.1354789,0.05780854,0.2878646,-3.571402,1.135631,-9.16888,0,0,38.92714,1,1,999,999
528683,30:08.3,IMU,359525299,0,0.1382293,0.05721366,0.2986559,-3.532093,1.15577,-9.181975,0,0,38.92796,1,1,999,999
528784,30:08.4,IMU,359565283,0,0.140305,0.05647592,0.3098558,-3.487933,1.176009,-9.189364,0,0,38.92876,1,1,999,999
528838,30:08.4,IMU,359605267,0,0.1420131,0.05584345,0.3212066,-3.446793,1.197584,-9.210905,0,0,38.92957,1,1,999,999
528939,30:08.5,IMU,359645251,0,0.1462903,0.05391288,0.3324187,-3.404878,1.218311,-9.230135,0,0,38.93038,1,1,999,999
528990,30:08.5,IMU,359685235,0,0.1477946,0.0514727,0.3440037,-3.361183,1.242359,-9.238388,0,0,38.93119,1,1,999,999
529042,30:08.5,IMU,359725219,0,0.148991,0.04896117,0.3554747,-3.31817,1.264651,-9.254719,0,0,38.93198,1,1,999,999
529141,30:08.6,IMU,359765203,0,0.1530452,0.04333599,0.3669789,-3.272641,1.288535,-9.26904,0,0,38.93279,1,1,999,999
529195,30:08.6,IMU,359805187,0,0.1523122,0.03694269,0.3787566,-3.226616,1.312798,-9.279718,0,0,38.9336,1,1,999,999
529293,30:08.7,IMU,359845171,0,0.1491711,0.03200599,0.3907647,-3.18262,1.337132,-9.297074,0,0,38.93441,1,1,999,999
529345,30:08.7,IMU,359885155,0,0.1468549,0.019437,0.4020938,-3.135185,1.362932,-9.310471,0,0,38.93522,1,1,999,999
529397,30:08.7,IMU,359925139,0,0.1447035,0.01009535,0.4132503,-3.084826,1.388349,-9.317783,0,0,38.93602,1,1,999,999
529497,30:08.8,IMU,359965123,0,0.1429661,-0.000827506,0.4239212,-3.039857,1.412928,-9.335163,0,0,38.93683,1,1,999,999
529551,30:08.8,IMU,360005107,0,0.1378611,-0.01319879,0.4341729,-2.989724,1.439691,-9.341659,0,0,38.93764,1,1,999,999
529651,30:08.9,IMU,360045091,0,0.1319253,-0.02480842,0.4436886,-2.940818,1.463546,-9.345622,0,0,38.93845,1,1,999,999
529702,30:08.9,IMU,360085075,0,0.1268148,-0.03676961,0.4522574,-2.894303,1.491294,-9.353662,0,0,38.93926,1,1,999,999
529757,30:08.9,IMU,360125059,0,0.1230591,-0.0440704,0.4600714,-2.845495,1.517127,-9.366381,0,0,38.94009,1,1,999,999
529860,30:09.0,IMU,360165043,0,0.1164455,-0.04635252,0.4668061,-2.79846,1.543402,-9.378078,0,0,38.9409,1,1,999,999
529914,30:09.0,IMU,360205027,0,0.1106102,-0.05095446,0.4721869,-2.751547,1.570911,-9.382588,0,0,38.9417,1,1,999,999
530012,30:09.1,IMU,360245011,0,0.1107188,-0.05922532,0.4760248,-2.707003,1.595602,-9.392926,0,0,38.94251,1,1,999,999
530063,30:09.1,IMU,360284995,0,0.1067691,-0.06540843,0.4788448,-2.664482,1.621501,-9.397166,0,0,38.9433,1,1,999,999
530116,30:09.1,IMU,360324979,0,0.1071064,-0.07115021,0.4802024,-2.620353,1.647503,-9.400652,0,0,38.9441,1,1,999,999
530215,30:09.2,IMU,360364963,0,0.1016448,-0.07575953,0.4804645,-2.578515,1.671503,-9.40677,0,0,38.94491,1,1,999,999
530269,30:09.2,IMU,360404947,0,0.099016,-0.07904065,0.4794132,-2.538532,1.696064,-9.41244,0,0,38.94572,1,1,999,999
530371,30:09.3,IMU,360444931,0,0.09757162,-0.07966737,0.4771843,-2.498966,1.718537,-9.41561,0,0,38.94653,1,1,999,999
530425,30:09.3,IMU,360484915,0,0.09089815,-0.07979602,0.4739712,-2.46338,1.74028,-9.422499,0,0,38.94733,1,1,999,999
530477,30:09.3,IMU,360524899,0,0.08407089,-0.07724984,0.4697431,-2.428212,1.761454,-9.43204,0,0,38.94814,1,1,999,999
530579,30:09.4,IMU,360564883,0,0.07616427,-0.07054698,0.4641832,-2.394742,1.781062,-9.430677,0,0,38.94895,1,1,999,999
530633,30:09.4,IMU,360604867,0,0.06845193,-0.0623417,0.4574396,-2.365107,1.80157,-9.433808,0,0,38.94975,1,1,999,999
530732,30:09.5,IMU,360644851,0,0.06056454,-0.05665682,0.4493964,-2.336399,1.818593,-9.438873,0,0,38.95056,1,1,999,999
530783,30:09.5,IMU,360684835,0,0.05325669,-0.05348138,0.4402973,-2.309092,1.836609,-9.437486,0,0,38.95137,1,1,999,999
530835,30:09.5,IMU,360724819,0,0.04869594,-0.04613208,0.4301796,-2.285558,1.851127,-9.435962,0,0,38.95218,1,1,999,999
530934,30:09.6,IMU,360764803,0,0.04203588,-0.04383798,0.4190285,-2.262004,1.865562,-9.435287,0,0,38.95298,1,1,999,999
530988,30:09.6,IMU,360804787,0,0.0410891,-0.04507033,0.4070106,-2.239695,1.879469,-9.433995,0,0,38.95378,1,1,999,999
531086,30:09.7,IMU,360844771,0,0.03336927,-0.04433324,0.3948255,-2.221938,1.888299,-9.428562,0,0,38.95459,1,1,999,999
531137,30:09.7,IMU,360884755,0,0.03235983,-0.04664942,0.3819625,-2.205407,1.900344,-9.426697,0,0,38.9554,1,1,999,999
531189,30:09.7,IMU,360924739,0,0.02821171,-0.0490851,0.3688457,-2.189933,1.910352,-9.423896,0,0,38.9562,1,1,999,999
531289,30:09.8,IMU,360964723,0,0.02634902,-0.05225745,0.3554741,-2.177364,1.91849,-9.418749,0,0,38.95701,1,1,999,999
531343,30:09.8,IMU,361004707,0,0.02610324,-0.05802147,0.3419808,-2.166551,1.924779,-9.413106,0,0,38.95782,1,1,999,999
531443,30:09.9,IMU,361044691,0,0.0202313,-0.05873751,0.3288568,-2.157403,1.931122,-9.409697,0,0,38.95862,1,1,999,999
531494,30:09.9,IMU,361084675,0,0.01680246,-0.06434558,0.3154639,-2.150398,1.936357,-9.404173,0,0,38.95943,1,1,999,999
531547,30:09.9,IMU,361124659,0,0.0122375,-0.0683298,0.3026955,-2.145596,1.940637,-9.396174,0,0,38.96023,1,1,999,999
531647,30:10.0,IMU,361164643,0,0.01200099,-0.06942248,0.2900383,-2.140941,1.94453,-9.395471,0,0,38.96104,1,1,1000,1000
531701,30:10.0,IMU,361204627,0,0.01027385,-0.0751697,0.2776014,-2.140399,1.947541,-9.390865,0,0,38.96184,1,1,1000,1000
531800,30:10.1,IMU,361244611,0,0.007908472,-0.08179899,0.2654873,-2.139101,1.947806,-9.381783,0,0,38.96265,1,1,1000,1000
531851,30:10.1,IMU,361284595,0,0.001827495,-0.08499044,0.2537612,-2.141437,1.949462,-9.370073,0,0,38.96345,1,1,1000,1000
531904,30:10.1,IMU,361324579,0,0.002187257,-0.0889827,0.2423109,-2.145388,1.949843,-9.366765,0,0,38.96426,1,1,1000,1000
532003,30:10.2,IMU,361365396,0,-0.000599825,-0.08702256,0.2312318,-2.149567,1.950002,-9.361031,0,0,38.96508,1,1,1000,1000
532057,30:10.2,IMU,361405380,0,-0.003668919,-0.08998993,0.2206077,-2.158031,1.948877,-9.35897,0,0,38.96589,1,1,1000,1000
532158,30:10.3,IMU,361445364,0,-0.00720507,-0.097456,0.2101977,-2.165425,1.948846,-9.352302,0,0,38.96669,1,1,1000,1000
532213,30:10.3,IMU,361485348,0,-0.00985252,-0.1008303,0.2000953,-2.1744,1.947344,-9.343385,0,0,38.96749,1,1,1000,1000
532265,30:10.3,IMU,361525332,0,-0.01186129,-0.1040441,0.1901768,-2.185583,1.94501,-9.335117,0,0,38.9683,1,1,1000,1000
532366,30:10.4,IMU,361565316,0,-0.01462925,-0.1081787,0.1805773,-2.199385,1.942994,-9.330256,0,0,38.9691,1,1,1000,1000
532420,30:10.4,IMU,361605300,0,-0.01619536,-0.1111975,0.1712962,-2.21191,1.939562,-9.314922,0,0,38.96991,1,1,1000,1000
532518,30:10.5,IMU,361645284,0,-0.01906078,-0.1124959,0.1622688,-2.22771,1.937962,-9.31529,0,0,38.97071,1,1,1000,1000
532570,30:10.5,IMU,361685268,0,-0.02242031,-0.1179006,0.1535622,-2.243883,1.935776,-9.309117,0,0,38.97152,1,1,1000,1000
532622,30:10.5,IMU,361725252,0,-0.02551792,-0.120349,0.1453041,-2.261989,1.930048,-9.299675,0,0,38.97232,1,1,1000,1000
532721,30:10.6,IMU,361765236,0,-0.02734772,-0.1223873,0.1373281,-2.282069,1.927822,-9.294958,0,0,38.97312,1,1,1000,1000
532775,30:10.6,IMU,361805220,0,-0.02452812,-0.1321813,0.1293881,-2.300963,1.924534,-9.287474,0,0,38.97391,1,1,1000,1000
532873,30:10.7,IMU,361845204,0,-0.02556838,-0.1344978,0.1217781,-2.321901,1.920379,-9.268769,0,0,38.97471,1,1,1000,1000
532925,30:10.7,IMU,361885188,0,-0.03012241,-0.137917,0.1144349,-2.344041,1.916871,-9.263904,0,0,38.97551,1,1,1000,1000
532977,30:10.7,IMU,361925172,0,-0.03501501,-0.1344988,0.107618,-2.369174,1.912032,-9.262106,0,0,38.97632,1,1,1000,1000
533076,30:10.8,IMU,361965156,0,-0.03769816,-0.1379844,0.1007049,-2.394008,1.908361,-9.251682,0,0,38.97712,1,1,1000,1000
533131,30:10.8,IMU,362005140,0,-0.03572334,-0.1380646,0.09397217,-2.420951,1.904831,-9.241963,0,0,38.97792,1,1,1000,1000
533231,30:10.9,IMU,362045124,0,-0.04070221,-0.137213,0.08755957,-2.447489,1.897857,-9.22568,0,0,38.97873,1,1,1000,1000
533282,30:10.9,IMU,362085108,0,-0.04143709,-0.1390204,0.0813145,-2.477166,1.894715,-9.222363,0,0,38.97953,1,1,1000,1000
533335,30:10.9,IMU,362125092,0,-0.04509243,-0.13141,0.07548494,-2.507029,1.889623,-9.208469,0,0,38.98033,1,1,1000,1000
533435,30:11.0,IMU,362165076,0,-0.04697007,-0.1247657,0.06983462,-2.538971,1.884459,-9.205173,0,0,38.98113,1,1,999,999
533489,30:11.0,IMU,362205060,0,-0.04936565,-0.1165362,0.06458382,-2.571606,1.880226,-9.195545,0,0,38.98196,1,1,999,999
533588,30:11.1,IMU,362245044,0,-0.0492307,-0.1015586,0.05964136,-2.60507,1.875653,-9.183944,0,0,38.98276,1,1,999,999
533639,30:11.1,IMU,362285028,0,-0.05457332,-0.09459494,0.05506608,-2.642327,1.871267,-9.182865,0,0,38.98356,1,1,999,999
533692,30:11.1,IMU,362325012,0,-0.05561382,-0.07280828,0.05100137,-2.678233,1.865159,-9.165216,0,0,38.98436,1,1,999,999
533791,30:11.2,IMU,362364996,0,-0.057948,-0.05363331,0.04718011,-2.717108,1.85999,-9.152533,0,0,38.98515,1,1,999,999
533846,30:11.2,IMU,362404980,0,-0.05545956,-0.03592984,0.0435761,-2.756728,1.85411,-9.141068,0,0,38.98595,1,1,999,999
533946,30:11.3,IMU,362444964,0,-0.05904512,-0.01912301,0.04018107,-2.800262,1.849712,-9.129727,0,0,38.98675,1,1,999,999
534002,30:11.3,IMU,362484948,0,-0.06161731,-0.005794463,0.03707867,-2.840869,1.844055,-9.102744,0,0,38.98755,1,1,999,999
534055,30:11.3,IMU,362524932,0,-0.06280257,0.003185011,0.03411414,-2.881811,1.839063,-9.08157,0,0,38.98835,1,1,999,999
534157,30:11.4,IMU,362564916,0,-0.06205347,0.01057608,0.03119238,-2.923731,1.832811,-9.05287,0,0,38.98915,1,1,999,999
534211,30:11.4,IMU,362604900,0,-0.06201714,0.01590677,0.02839665,-2.965141,1.827756,-9.038057,0,0,38.98996,1,1,999,999
534309,30:11.5,IMU,362644884,0,-0.06055979,0.01864389,0.02536339,-3.005919,1.822945,-9.011011,0,0,38.99076,1,1,999,999
534361,30:11.5,IMU,362684868,0,-0.0533505,0.01718273,0.02212591,-3.045915,1.819057,-8.992824,0,0,38.99156,1,1,999,999
534413,30:11.5,IMU,362724852,0,-0.04557294,0.01572979,0.01904286,-3.086401,1.81559,-8.974452,0,0,38.99236,1,1,999,999
534512,30:11.6,IMU,362764836,0,-0.0337882,0.014333,0.01573188,-3.125995,1.812935,-8.956997,0,0,38.99316,1,1,999,999
534566,30:11.6,IMU,362804820,0,-0.02165137,0.01308576,0.01247113,-3.163124,1.810873,-8.93804,0,0,38.99396,1,1,999,999
534664,30:11.7,IMU,362844804,0,-0.009262124,0.009336838,0.008961786,-3.201476,1.809658,-8.926598,0,0,38.99476,1,1,999,999
534716,30:11.7,IMU,362884788,0,-0.000150184,0.006174415,0.005730592,-3.236759,1.809323,-8.912881,0,0,38.99556,1,1,999,999
534768,30:11.7,IMU,362924772,0,0.007310056,0.005776848,0.002612991,-3.27287,1.807681,-8.895057,0,0,38.99636,1,1,999,999
534867,30:11.8,IMU,362964756,0,0.01312834,0.002695563,-0.000243431,-3.308805,1.807395,-8.885576,0,0,38.99716,1,1,999,999
534922,30:11.8,IMU,363004740,0,0.01728274,-0.002228897,-0.002915609,-3.345082,1.806639,-8.876626,0,0,38.99796,1,1,999,999
535022,30:11.9,IMU,363044724,0,0.01932282,-0.002898782,-0.004924191,-3.378017,1.805544,-8.859337,0,0,38.99876,1,1,999,999
535073,30:11.9,IMU,363084708,0,0.0207362,-0.005396103,-0.006600364,-3.411344,1.804554,-8.850084,0,0,38.99957,1,1,999,999
535126,30:11.9,IMU,363124692,0,0.02449322,-0.004313997,-0.007933967,-3.444832,1.802716,-8.844386,0,0,39.00036,1,1,999,999
535225,30:12.0,IMU,363164676,0,0.02709038,-0.006688652,-0.009207783,-3.477011,1.801799,-8.832537,0,0,39.00116,1,1,1000,1000
535280,30:12.0,IMU,363204660,0,0.02995882,-0.008045823,-0.0101025,-3.508538,1.798913,-8.819948,0,0,39.00196,1,1,1000,1000
535379,30:12.1,IMU,363244644,0,0.02784334,-0.004740746,-0.009949398,-3.53899,1.796868,-8.812781,0,0,39.00276,1,1,1000,1000
535430,30:12.1,IMU,363284628,0,0.02654569,-0.00395025,-0.00986475,-3.57187,1.795129,-8.811987,0,0,39.00356,1,1,1000,1000
535483,30:12.1,IMU,363324612,0,0.02742608,-0.004719818,-0.00983481,-3.60194,1.792153,-8.804502,0,0,39.00436,1,1,1000,1000
535582,30:12.2,IMU,363364596,0,0.02765685,-0.007686762,-0.009635666,-3.628941,1.788917,-8.791673,0,0,39.00516,1,1,1000,1000
535636,30:12.2,IMU,363404580,0,0.028491,-0.008107698,-0.009140627,-3.658949,1.786505,-8.784178,0,0,39.00596,1,1,1000,1000
535736,30:12.3,IMU,363445397,0,0.02754205,-0.007191044,-0.008468728,-3.687703,1.784114,-8.781149,0,0,39.00678,1,1,1000,1000
535791,30:12.3,IMU,363485381,0,0.02486352,-0.005741014,-0.007652715,-3.714042,1.780981,-8.775018,0,0,39.00758,1,1,1000,1000
535844,30:12.3,IMU,363525365,0,0.02387268,-0.005203976,-0.006974536,-3.741007,1.777216,-8.765778,0,0,39.00838,1,1,1000,1000
535947,30:12.4,IMU,363565349,0,0.02407545,-0.005037376,-0.006532938,-3.767704,1.774358,-8.767361,0,0,39.00918,1,1,1000,1000
536001,30:12.4,IMU,363605333,0,0.02503643,-0.004066802,-0.006194172,-3.793602,1.77172,-8.761515,0,0,39.00998,1,1,1000,1000
536099,30:12.5,IMU,363645317,0,0.02612593,-0.003514707,-0.005875646,-3.816632,1.768018,-8.756832,0,0,39.01077,1,1,1000,1000
536151,30:12.5,IMU,363685301,0,0.0234875,-0.002242277,-0.005477456,-3.842321,1.766107,-8.753086,0,0,39.01157,1,1,1000,1000
536203,30:12.5,IMU,363725285,0,0.02290412,-0.002215175,-0.005183381,-3.866362,1.760084,-8.747303,0,0,39.01237,1,1,1000,1000
536302,30:12.6,IMU,363765269,0,0.02458594,-0.00228786,-0.004763501,-3.887997,1.757376,-8.741307,0,0,39.01317,1,1,1000,1000
536356,30:12.6,IMU,363805253,0,0.02641371,-0.002733825,-0.00459919,-3.910708,1.755343,-8.741641,0,0,39.01397,1,1,1000,1000
536454,30:12.7,IMU,363845237,0,0.02404698,-0.002553511,-0.004321958,-3.933826,1.750923,-8.734271,0,0,39.01477,1,1,1000,1000
536506,30:12.7,IMU,363885221,0,0.02276085,-0.003607497,-0.00409887,-3.955039,1.746571,-8.735285,0,0,39.01554,1,1,1000,1000
536558,30:12.7,IMU,363925205,0,0.02318038,-0.00340052,-0.003906738,-3.974564,1.742351,-8.726974,0,0,39.01634,1,1,1000,1000
536657,30:12.8,IMU,363965189,0,0.02167949,-0.003462058,-0.003494249,-3.995068,1.739311,-8.728648,0,0,39.01714,1,1,1000,1000
536711,30:12.8,IMU,364005173,0,0.02129098,-0.003969825,-0.003087447,-4.016407,1.735118,-8.725599,0,0,39.01794,1,1,1000,1000
536812,30:12.9,IMU,364045157,0,0.01936236,-0.002912636,-0.002588307,-4.035982,1.73106,-8.721749,0,0,39.01873,1,1,1000,1000
536863,30:12.9,IMU,364085141,0,0.01729323,-0.001513155,-0.001967288,-4.055089,1.727096,-8.718615,0,0,39.01953,1,1,1000,1000
536918,30:12.9,IMU,364125125,0,0.01582718,-0.000768192,-0.0014326,-4.073913,1.722225,-8.718601,0,0,39.02033,1,1,1000,1000
537017,30:13.0,IMU,364165109,0,0.01056626,0.000889339,-0.000510159,-4.091645,1.717455,-8.71956,0,0,39.02113,1,1,999,999
537073,30:13.0,IMU,364205093,0,0.009884986,0.001816302,0.000147508,-4.109524,1.714455,-8.713409,0,0,39.02192,1,1,999,999
537171,30:13.1,IMU,364245077,0,0.009182516,0.004485552,0.00074896,-4.126012,1.708944,-8.710897,0,0,39.02272,1,1,999,999
537222,30:13.1,IMU,364285061,0,0.008542635,0.004182621,0.001106572,-4.141898,1.703491,-8.710321,0,0,39.02354,1,1,999,999
537275,30:13.1,IMU,364325045,0,0.007997942,0.00475624,0.001298253,-4.160327,1.700355,-8.708368,0,0,39.02433,1,1,999,999
537374,30:13.2,IMU,364365029,0,0.005504064,0.004589387,0.001658183,-4.174853,1.69595,-8.709405,0,0,39.02513,1,1,999,999
537428,30:13.2,IMU,364405013,0,0.003331136,0.004436087,0.001947642,-4.189976,1.691083,-8.70195,0,0,39.02593,1,1,999,999
537528,30:13.3,IMU,364444997,0,0.000568673,0.004371365,0.002537469,-4.204064,1.688391,-8.706823,0,0,39.0267,1,1,999,999
537583,30:13.3,IMU,364484981,0,-0.000358208,0.00421904,0.003219052,-4.220545,1.682019,-8.703396,0,0,39.0275,1,1,999,999
537636,30:13.3,IMU,364524965,0,-0.002495718,0.006157469,0.004000835,-4.233821,1.679076,-8.706065,0,0,39.0283,1,1,999,999
537738,30:13.4,IMU,364564949,0,-0.001769975,0.007466593,0.004351576,-4.246413,1.6761,-8.707388,0,0,39.02909,1,1,999,999
537792,30:13.4,IMU,364604933,0,-0.001188206,0.007827351,0.004686707,-4.260296,1.672096,-8.703946,0,0,39.02989,1,1,999,999
537890,30:13.5,IMU,364644917,0,-0.002655179,0.006896235,0.004823705,-4.272912,1.668197,-8.706676,0,0,39.03069,1,1,999,999
537941,30:13.5,IMU,364684901,0,-0.005791353,0.007440291,0.005067514,-4.285345,1.664782,-8.707225,0,0,39.03148,1,1,999,999
537994,30:13.5,IMU,364724885,0,-0.008915207,0.006972142,0.005252488,-4.296471,1.661185,-8.700546,0,0,39.03228,1,1,999,999
538095,30:13.6,IMU,364764869,0,-0.009319738,0.006544881,0.005448245,-4.308242,1.657611,-8.698874,0,0,39.03307,1,1,999,999
538149,30:13.6,IMU,364804853,0,-0.008402632,0.006219143,0.005880752,-4.31765,1.65282,-8.701763,0,0,39.03387,1,1,999,999
538247,30:13.7,IMU,364844837,0,-0.007017144,0.007271,0.00628509,-4.330364,1.651557,-8.703794,0,0,39.03466,1,1,999,999
538299,30:13.7,IMU,364884821,0,-0.007645894,0.008132866,0.006486505,-4.341022,1.648398,-8.699295,0,0,39.03546,1,1,999,999
538351,30:13.7,IMU,364924805,0,-0.01090755,0.008506794,0.006862113,-4.349884,1.644436,-8.697313,0,0,39.03625,1,1,999,999
538450,30:13.8,IMU,364964789,0,-0.009974559,0.009343997,0.006915808,-4.359422,1.642489,-8.695857,0,0,39.03705,1,1,999,999
538504,30:13.8,IMU,365004773,0,-0.01054313,0.01002775,0.007142227,-4.368782,1.640794,-8.694497,0,0,39.03784,1,1,999,999
538605,30:13.9,IMU,365044757,0,-0.01154263,0.01071976,0.007293491,-4.375533,1.637575,-8.685005,0,0,39.03864,1,1,999,999
538656,30:13.9,IMU,365084741,0,-0.01413478,0.01137178,0.007565057,-4.385058,1.634561,-8.680656,0,0,39.03943,1,1,999,999
538709,30:13.9,IMU,365124725,0,-0.01565328,0.01192432,0.00779547,-4.391995,1.632919,-8.677095,0,0,39.04023,1,1,999,999
538808,30:14.0,IMU,365164709,0,-0.0139976,0.01225366,0.007700239,-4.398911,1.63053,-8.673177,0,0,39.04102,1,1,999,999
538864,30:14.0,IMU,365204693,0,-0.01407186,0.01171364,0.007652734,-4.407349,1.629603,-8.671048,0,0,39.04182,1,1,999,999
538962,30:14.1,IMU,365244677,0,-0.01642476,0.008647646,0.00765597,-4.414449,1.627936,-8.672197,0,0,39.04261,1,1,999,999
539013,30:14.1,IMU,365284661,0,-0.01718442,0.008212846,0.007582147,-4.421124,1.625914,-8.669195,0,0,39.0434,1,1,999,999
539066,30:14.1,IMU,365324645,0,-0.01764474,0.007637975,0.007398828,-4.427308,1.623988,-8.664991,0,0,39.0442,1,1,999,999
539165,30:14.2,IMU,365364629,0,-0.01608227,0.007123805,0.007472186,-4.433535,1.624076,-8.665391,0,0,39.04499,1,1,999,999
539219,30:14.2,IMU,365404613,0,-0.01268519,0.00824406,0.007565543,-4.440143,1.623495,-8.671274,0,0,39.04579,1,1,999,999
539319,30:14.3,IMU,365444597,0,-0.01090943,0.01080046,0.007968361,-4.445153,1.623157,-8.667301,0,0,39.04658,1,1,999,999
539374,30:14.3,IMU,365484581,0,-0.01080514,0.01019754,0.007993034,-4.451266,1.622146,-8.673231,0,0,39.04737,1,1,999,999
539426,30:14.3,IMU,365525398,0,-0.01121706,0.009798337,0.007947274,-4.456961,1.62227,-8.671074,0,0,39.04819,1,1,999,999
539529,30:14.4,IMU,365565382,0,-0.01402492,0.008848302,0.007905716,-4.4607,1.621805,-8.66822,0,0,39.04898,1,1,999,999
539583,30:14.4,IMU,365605366,0,-0.01244742,0.008857536,0.00773698,-4.46671,1.623869,-8.678737,0,0,39.04977,1,1,999,999
539681,30:14.5,IMU,365645350,0,-0.01279674,0.009951487,0.007965209,-4.47315,1.623021,-8.68324,0,0,39.05057,1,1,999,999
539732,30:14.5,IMU,365685334,0,-0.01085368,0.009283855,0.007742457,-4.476575,1.623917,-8.682718,0,0,39.05136,1,1,999,999
539785,30:14.5,IMU,365725318,0,-0.009234257,0.007831229,0.007534691,-4.47991,1.624869,-8.682537,0,0,39.05215,1,1,999,999
539884,30:14.6,IMU,365765302,0,-0.007856086,0.007332908,0.007142387,-4.484596,1.625186,-8.677584,0,0,39.05295,1,1,999,999
539938,30:14.6,IMU,365805286,0,-0.005889731,0.006843413,0.006801529,-4.488354,1.624737,-8.677333,0,0,39.05374,1,1,999,999
540036,30:14.7,IMU,365845270,0,-0.002073389,0.006769014,0.006446118,-4.492687,1.627357,-8.691253,0,0,39.05453,1,1,999,999
540088,30:14.7,IMU,365885254,0,0.000736821,0.006894999,0.005936106,-4.495365,1.629202,-8.683961,0,0,39.05533,1,1,999,999
540140,30:14.7,IMU,365925238,0,0.00357619,0.004037119,0.005486766,-4.497393,1.629415,-8.683006,0,0,39.05612,1,1,999,999
540239,30:14.8,IMU,365965222,0,0.01083435,0.001592333,0.004827456,-4.500154,1.632655,-8.683149,0,0,39.05689,1,1,999,999
540293,30:14.8,IMU,366005206,0,0.01578232,-0.000572223,0.004359492,-4.502348,1.634084,-8.674005,0,0,39.05769,1,1,999,999
540393,30:14.9,IMU,366045190,0,0.01141075,0.01767304,0.004956104,-4.504538,1.63587,-8.671616,0,0,39.05848,1,1,999,999
540445,30:14.9,IMU,366085174,0,0.005868172,0.03719012,0.006239424,-4.510173,1.63778,-8.66984,0,0,39.05927,1,1,999,999
540498,30:14.9,IMU,366125158,0,0.003789128,0.04870133,0.007544149,-4.516165,1.637951,-8.668245,0,0,39.06006,1,1,999,999
540597,30:15.0,IMU,366165142,0,0.002926297,0.0616696,0.009305705,-4.521451,1.639067,-8.6611,0,0,39.06085,1,1,1000,1000
540653,30:15.0,IMU,366205126,0,0.003033021,0.0710476,0.01107118,-4.528163,1.640691,-8.658504,0,0,39.06165,1,1,1000,1000
540751,30:15.1,IMU,366245110,0,0.003076403,0.07577615,0.01332631,-4.533175,1.641602,-8.660867,0,0,39.06244,1,1,1000,1000
540802,30:15.1,IMU,366285094,0,0.003027252,0.07908113,0.01561901,-4.537302,1.644003,-8.65144,0,0,39.06323,1,1,1000,1000
540855,30:15.1,IMU,366325078,0,0.004133496,0.08120146,0.01779588,-4.540799,1.645907,-8.647123,0,0,39.06402,1,1,1000,1000
540954,30:15.2,IMU,366365062,0,0.008541832,0.08124609,0.01968372,-4.541423,1.64784,-8.630251,0,0,39.06483,1,1,1000,1000
541008,30:15.2,IMU,366405046,0,0.01131265,0.08904678,0.02177582,-4.543978,1.651888,-8.633492,0,0,39.06562,1,1,1000,1000
541108,30:15.3,IMU,366445030,0,0.01232723,0.08897638,0.02357518,-4.543353,1.655838,-8.631832,0,0,39.06641,1,1,1000,1000
541163,30:15.3,IMU,366485014,0,0.01571674,0.08394307,0.02485312,-4.542536,1.659718,-8.622552,0,0,39.0672,1,1,1000,1000
541215,30:15.3,IMU,366524998,0,0.01945833,0.08252029,0.02606241,-4.537788,1.664556,-8.616958,0,0,39.06797,1,1,1000,1000
541317,30:15.4,IMU,366564982,0,0.02299406,0.08232856,0.02706426,-4.534397,1.668015,-8.615788,0,0,39.06877,1,1,1000,1000
541372,30:15.4,IMU,366604966,0,0.02422892,0.07679629,0.02791313,-4.52892,1.67383,-8.612668,0,0,39.06956,1,1,1000,1000
541470,30:15.5,IMU,366644950,0,0.02751518,0.07782939,0.02863186,-4.521659,1.680356,-8.610387,0,0,39.07035,1,1,1000,1000
541521,30:15.5,IMU,366684934,0,0.03182248,0.07574977,0.02905526,-4.515065,1.685606,-8.606752,0,0,39.07114,1,1,1000,1000
541574,30:15.5,IMU,366724918,0,0.03404301,0.07186043,0.02930022,-4.506187,1.690943,-8.616589,0,0,39.07193,1,1,1000,1000
541673,30:15.6,IMU,366764902,0,0.03456387,0.07343011,0.02962307,-4.496626,1.695742,-8.607565,0,0,39.07272,1,1,1000,1000
541727,30:15.6,IMU,366804886,0,0.0403389,0.06863184,0.02951412,-4.484463,1.702034,-8.605017,0,0,39.07351,1,1,1000,1000
541825,30:15.7,IMU,366844870,0,0.04154404,0.06677151,0.02974053,-4.474769,1.707741,-8.611526,0,0,39.0743,1,1,1000,1000
541877,30:15.7,IMU,366884854,0,0.04324609,0.06756102,0.03012572,-4.463645,1.713175,-8.613768,0,0,39.07509,1,1,1000,1000
541929,30:15.7,IMU,366924838,0,0.04651059,0.06383957,0.03026247,-4.451777,1.718584,-8.611574,0,0,39.07588,1,1,1000,1000
542028,30:15.8,IMU,366964822,0,0.04793178,0.06275329,0.03064436,-4.439237,1.72313,-8.619596,0,0,39.07667,1,1,1000,1000
542082,30:15.8,IMU,367004806,0,0.05028662,0.06238099,0.03119174,-4.427249,1.727678,-8.619164,0,0,39.07746,1,1,1000,1000
542182,30:15.9,IMU,367044790,0,0.05213697,0.06004965,0.03150724,-4.412089,1.732719,-8.624152,0,0,39.07825,1,1,1000,1000
542234,30:15.9,IMU,367084774,0,0.05470804,0.06153075,0.03226931,-4.398557,1.737012,-8.622642,0,0,39.07904,1,1,1000,1000
542287,30:15.9,IMU,367124758,0,0.05928369,0.05848391,0.0328531,-4.384184,1.741562,-8.631491,0,0,39.07983,1,1,1000,1000
542386,30:16.0,IMU,367164742,0,0.05991907,0.05773078,0.03353934,-4.369697,1.746532,-8.640259,0,0,39.08062,1,1,999,999
542442,30:16.0,IMU,367204726,0,0.06189886,0.05707052,0.03434251,-4.352881,1.749778,-8.642828,0,0,39.08141,1,1,999,999
542540,30:16.1,IMU,367244710,0,0.06138594,0.04972098,0.03509215,-4.337238,1.752853,-8.646938,0,0,39.0822,1,1,999,999
542591,30:16.1,IMU,367284694,0,0.06355385,0.05314805,0.03596292,-4.320951,1.757123,-8.652859,0,0,39.08298,1,1,999,999
542644,30:16.1,IMU,367324678,0,0.06741061,0.05141398,0.03667954,-4.30229,1.761362,-8.651995,0,0,39.08377,1,1,999,999
542743,30:16.2,IMU,367364662,0,0.0676688,0.05342753,0.0379377,-4.287983,1.764939,-8.667648,0,0,39.08456,1,1,999,999
542797,30:16.2,IMU,367404646,0,0.06982955,0.05329491,0.03881403,-4.270069,1.768325,-8.677353,0,0,39.08535,1,1,999,999
542897,30:16.3,IMU,367444630,0,0.07123486,0.05584437,0.0401917,-4.253166,1.769473,-8.677522,0,0,39.08614,1,1,999,999
542952,30:16.3,IMU,367484614,0,0.07039481,0.05400821,0.04145832,-4.236311,1.771773,-8.690067,0,0,39.08693,1,1,999,999
543004,30:16.3,IMU,367524598,0,0.06925609,0.05359051,0.0428595,-4.217167,1.77433,-8.69238,0,0,39.08772,1,1,999,999
543106,30:16.4,IMU,367564582,0,0.07124943,0.05201433,0.04403828,-4.200224,1.77785,-8.705324,0,0,39.0885,1,1,999,999
543161,30:16.4,IMU,367605399,0,0.07419832,0.05452156,0.04544984,-4.180295,1.778341,-8.70846,0,0,39.08931,1,1,999,999
543259,30:16.5,IMU,367645383,0,0.07472801,0.05603416,0.04688256,-4.16387,1.780983,-8.726389,0,0,39.0901,1,1,999,999
543310,30:16.5,IMU,367685367,0,0.07582247,0.05399502,0.04837587,-4.144085,1.781848,-8.731079,0,0,39.09089,1,1,999,999
543363,30:16.5,IMU,367725351,0,0.07748952,0.05085147,0.04973995,-4.123881,1.783051,-8.736967,0,0,39.09167,1,1,999,999
543462,30:16.6,IMU,367765335,0,0.07695409,0.05011756,0.05130851,-4.104741,1.784649,-8.753425,0,0,39.09246,1,1,999,999
543516,30:16.6,IMU,367805319,0,0.07622522,0.04786157,0.05285502,-4.086465,1.784759,-8.763145,0,0,39.09325,1,1,999,999
543614,30:16.7,IMU,367845303,0,0.07575373,0.04579201,0.0543653,-4.064772,1.786215,-8.763308,0,0,39.09404,1,1,999,999
543666,30:16.7,IMU,367885287,0,0.07837616,0.04271577,0.0557819,-4.044906,1.786049,-8.778158,0,0,39.09483,1,1,999,999
543718,30:16.7,IMU,367925271,0,0.08158518,0.03575215,0.05699336,-4.02314,1.785411,-8.786146,0,0,39.09561,1,1,999,999
543817,30:16.8,IMU,367965255,0,0.08160876,0.02496456,0.05810806,-4.00179,1.785249,-8.792063,0,0,39.0964,1,1,999,999
543871,30:16.8,IMU,368005239,0,0.07980871,0.01727549,0.05953205,-3.980687,1.784781,-8.809229,0,0,39.09719,1,1,999,999
543971,30:16.9,IMU,368045223,0,0.07989402,0.001908376,0.06044155,-3.95819,1.782709,-8.807922,0,0,39.09795,1,1,999,999
544022,30:16.9,IMU,368085207,0,0.0787876,-0.01640442,0.06149101,-3.935277,1.78261,-8.805973,0,0,39.09874,1,1,999,999
544076,30:16.9,IMU,368125191,0,0.07869025,-0.0283014,0.06249247,-3.91147,1.781138,-8.815009,0,0,39.09953,1,1,999,999
544177,30:17.0,IMU,368165175,0,0.07885404,-0.03917536,0.06338844,-3.889027,1.78145,-8.824425,0,0,39.10032,1,1,1000,1000
544233,30:17.0,IMU,368205159,0,0.07648917,-0.04458103,0.06450178,-3.867285,1.778071,-8.826221,0,0,39.1011,1,1,1000,1000
544332,30:17.1,IMU,368245143,0,0.07705911,-0.05098272,0.06546838,-3.844624,1.77648,-8.834156,0,0,39.10189,1,1,1000,1000
544383,30:17.1,IMU,368285127,0,0.07752599,-0.05761009,0.06628039,-3.823153,1.774989,-8.835058,0,0,39.10268,1,1,1000,1000
544436,30:17.1,IMU,368325111,0,0.07638814,-0.06223897,0.06725381,-3.804947,1.771373,-8.839102,0,0,39.10346,1,1,1000,1000
544535,30:17.2,IMU,368365095,0,0.07455944,-0.06579432,0.06821015,-3.785547,1.768563,-8.842222,0,0,39.10425,1,1,1000,1000
544589,30:17.2,IMU,368405079,0,0.07440085,-0.06794471,0.06919356,-3.767083,1.766141,-8.844034,0,0,39.10503,1,1,1000,1000
544689,30:17.3,IMU,368445063,0,0.07446939,-0.06646756,0.07027559,-3.750102,1.762664,-8.849684,0,0,39.10584,1,1,1000,1000
544748,30:17.3,IMU,368485047,0,0.07434741,-0.05917969,0.07144561,-3.73516,1.761432,-8.854158,0,0,39.10662,1,1,1000,1000
544830,30:17.3,IMU,368525031,0,0.06133246,-0.04515104,0.07399584,-3.733955,1.763499,-8.997996,0,0,39.10741,1,1,1000,1000
544959,30:17.4,IMU,368565015,0,0.04554198,-0.02381846,0.08085401,-3.72564,1.762951,-9.049812,0,0,39.1082,1,1,1000,1000
545075,30:17.4,IMU,368604999,0,0.03112215,-0.002105459,0.09063796,-3.670832,1.733992,-8.594997,0,0,39.10896,1,1,1000,1000
545174,30:17.5,IMU,368644983,0,0.002156204,0.06838208,0.1043476,-3.683997,1.744423,-8.84973,0,0,39.10975,1,1,1000,1000
545225,30:17.5,IMU,368684967,0,-0.0545892,0.238788,0.1238223,-3.695173,1.753251,-9.030361,0,0,39.11053,1,1,1000,1000
545278,30:17.5,IMU,368724951,0,-0.09384808,0.3670362,0.1425892,-3.70471,1.759403,-9.160277,0,0,39.11132,1,1,1000,1000
545377,30:17.6,IMU,368764935,0,-0.1116456,0.444037,0.1595637,-3.710665,1.76591,-9.293466,0,0,39.1121,1,1,1000,1000
545431,30:17.6,IMU,368804919,0,-0.1153134,0.485148,0.1747907,-3.710598,1.77851,-9.416827,0,0,39.11289,1,1,1000,1000
545529,30:17.7,IMU,368844903,0,-0.1122684,0.5055797,0.1878713,-3.703864,1.792582,-9.537746,0,0,39.11367,1,1,1000,1000
545581,30:17.7,IMU,368884887,0,-0.1039343,0.5141405,0.1983156,-3.686956,1.81071,-9.656816,0,0,39.11446,1,1,1000,1000
545633,30:17.7,IMU,368924871,0,-0.09349295,0.5169493,0.2057708,-3.660116,1.83333,-9.759792,0,0,39.11524,1,1,1000,1000
545732,30:17.8,IMU,368964855,0,-0.08151988,0.516794,0.2101589,-3.626758,1.855877,-9.866017,0,0,39.11603,1,1,1000,1000
545787,30:17.8,IMU,369004839,0,-0.07094104,0.5138991,0.2114747,-3.583815,1.879413,-9.967273,0,0,39.11681,1,1,1000,1000
545888,30:17.9,IMU,369044823,0,-0.0572977,0.5086802,0.2097336,-3.53494,1.905986,-10.05266,0,0,39.1176,1,1,1000,1000
545939,30:17.9,IMU,369084807,0,-0.04817292,0.5020219,0.2052875,-3.479864,1.929953,-10.13706,0,0,39.11838,1,1,1000,1000
545993,30:17.9,IMU,369124791,0,-0.03964194,0.4954099,0.1982424,-3.419829,1.953778,-10.21438,0,0,39.11916,1,1,1000,1000
546093,30:18.0,IMU,369164775,0,-0.03045755,0.4884068,0.189133,-3.353324,1.976848,-10.28126,0,0,39.11995,1,1,999,999
546148,30:18.0,IMU,369204759,0,-0.02387205,0.4818375,0.1779407,-3.284773,1.996613,-10.34043,0,0,39.12073,1,1,999,999
546247,30:18.1,IMU,369244743,0,-0.01686262,0.4753337,0.1653434,-3.21012,2.014776,-10.39334,0,0,39.12152,1,1,999,999
546298,30:18.1,IMU,369284727,0,-0.01139252,0.4683267,0.1516037,-3.134186,2.030498,-10.44431,0,0,39.1223,1,1,999,999
546351,30:18.1,IMU,369324711,0,-0.009291943,0.4628682,0.1369737,-3.058587,2.044209,-10.49911,0,0,39.12308,1,1,999,999
546450,30:18.2,IMU,369364695,0,-0.004163936,0.4578278,0.1218763,-2.978768,2.053398,-10.52659,0,0,39.12387,1,1,999,999
546504,30:18.2,IMU,369404679,0,-0.00390084,0.4525605,0.1067981,-2.899042,2.060898,-10.57776,0,0,39.12465,1,1,999,999
546604,30:18.3,IMU,369444663,0,0.000454284,0.4487938,0.0916703,-2.817459,2.068011,-10.60735,0,0,39.12543,1,1,999,999
546662,30:18.3,IMU,369484647,0,0.005540513,0.4434646,0.07666813,-2.736804,2.069641,-10.63501,0,0,39.12622,1,1,999,999
546715,30:18.3,IMU,369524631,0,0.005175943,0.4398916,0.06210133,-2.655336,2.069427,-10.66575,0,0,39.127,1,1,999,999
546816,30:18.4,IMU,369564615,0,0.005019374,0.4367065,0.04805646,-2.57238,2.067054,-10.69149,0,0,39.12778,1,1,999,999
546870,30:18.4,IMU,369604599,0,0.008193814,0.4295701,0.03437736,-2.490533,2.064404,-10.72099,0,0,39.12857,1,1,999,999
546969,30:18.5,IMU,369644583,0,0.01011206,0.4267566,0.02151187,-2.40797,2.057688,-10.7378,0,0,39.12935,1,1,999,999
547020,30:18.5,IMU,369685400,0,0.0107685,0.4245231,0.009045619,-2.324318,2.052072,-10.76541,0,0,39.13015,1,1,999,999
547072,30:18.5,IMU,369725384,0,0.01392374,0.4225758,-0.002675604,-2.24298,2.040454,-10.78584,0,0,39.13093,1,1,999,999
547174,30:18.6,IMU,369765368,0,0.01546542,0.4175347,-0.01386164,-2.160889,2.031689,-10.80366,0,0,39.13172,1,1,999,999
547228,30:18.6,IMU,369805352,0,0.01773966,0.4144123,-0.02715151,-2.079339,2.022292,-10.82439,0,0,39.1325,1,1,999,999
547326,30:18.7,IMU,369845336,0,0.02002052,0.4080107,-0.05391332,-1.99851,2.007182,-10.84166,0,0,39.13328,1,1,999,999
547378,30:18.7,IMU,369885320,0,0.01840425,0.4050839,-0.1032909,-1.919773,1.989626,-10.85857,0,0,39.13406,1,1,999,999
547431,30:18.7,IMU,369925304,0,0.01788979,0.3982996,-0.1799138,-1.84321,1.964224,-10.8748,0,0,39.13485,1,1,999,999
547530,30:18.8,IMU,369965288,0,0.01692379,0.3931878,-0.2847444,-1.777893,1.928734,-10.89096,0,0,39.13563,1,1,999,999
547584,30:18.8,IMU,370005272,0,0.01397116,0.3841782,-0.41568,-1.720229,1.881584,-10.90526,0,0,39.13641,1,1,999,999
547684,30:18.9,IMU,370045256,0,0.01103613,0.3825462,-0.56043,-1.678868,1.827494,-10.92826,0,0,39.13719,1,1,999,999
547735,30:18.9,IMU,370085240,0,0.004710331,0.3788378,-0.7023443,-1.652411,1.768331,-10.93611,0,0,39.13797,1,1,999,999
547788,30:18.9,IMU,370125224,0,-0.000447322,0.3728644,-0.8287139,-1.637736,1.705259,-10.95741,0,0,39.13873,1,1,999,999
547888,30:19.0,IMU,370165208,0,-0.008214421,0.3694003,-0.939513,-1.63108,1.634121,-10.97913,0,0,39.13951,1,1,999,999
547942,30:19.0,IMU,370205192,0,-0.01610756,0.3628136,-1.02981,-1.630377,1.560155,-10.99638,0,0,39.1403,1,1,999,999
548041,30:19.1,IMU,370245176,0,-0.02593151,0.3562229,-1.099728,-1.633001,1.48486,-11.01664,0,0,39.14108,1,1,999,999
548092,30:19.1,IMU,370285160,0,-0.03652903,0.3505315,-1.151077,-1.634519,1.409914,-11.03874,0,0,39.14186,1,1,999,999
548144,30:19.1,IMU,370325144,0,-0.04773458,0.3451482,-1.186372,-1.638042,1.334872,-11.05977,0,0,39.14264,1,1,999,999
548244,30:19.2,IMU,370365128,0,-0.05796349,0.3399147,-1.208376,-1.635558,1.26441,-11.08293,0,0,39.14342,1,1,999,999
548298,30:19.2,IMU,370405112,0,-0.0677416,0.3356635,-1.219666,-1.633385,1.199183,-11.10979,0,0,39.1442,1,1,999,999
548398,30:19.3,IMU,370445096,0,-0.07808696,0.3306088,-1.222656,-1.627725,1.136869,-11.12999,0,0,39.14499,1,1,999,999
548453,30:19.3,IMU,370485080,0,-0.08513924,0.3122525,-1.219774,-1.618346,1.080704,-11.15655,0,0,39.14576,1,1,999,999
548552,30:19.3,IMU,370525064,0,-0.08310241,0.2783473,-1.212812,-1.608425,1.029429,-11.17654,0,0,39.14656,1,1,999,999
548653,30:19.4,IMU,370565048,0,-0.0727478,0.2323756,-1.203049,-1.596648,0.9845739,-11.19129,0,0,39.14734,1,1,999,999
548707,30:19.4,IMU,370605032,0,-0.05854094,0.1860504,-1.191175,-1.583693,0.943419,-11.20014,0,0,39.14812,1,1,999,999
548805,30:19.5,IMU,370645016,0,-0.041287,0.1434351,-1.177914,-1.5687,0.9072138,-11.19166,0,0,39.1489,1,1,999,999
548857,30:19.5,IMU,370685000,0,-0.02178666,0.1048865,-1.164066,-1.554311,0.8756269,-11.17292,0,0,39.14968,1,1,999,999
548909,30:19.5,IMU,370724984,0,-0.002440974,0.06969714,-1.150078,-1.540692,0.8485446,-11.14125,0,0,39.15044,1,1,999,999
549009,30:19.6,IMU,370764968,0,0.01889398,0.03949075,-1.136128,-1.526992,0.8240742,-11.09991,0,0,39.15123,1,1,999,999
549063,30:19.6,IMU,370804952,0,0.0434372,0.01218498,-1.122942,-1.514731,0.8033805,-11.05674,0,0,39.152,1,1,999,999
549161,30:19.7,IMU,370844936,0,0.06343963,-0.01011043,-1.110454,-1.505399,0.7839231,-10.99668,0,0,39.15279,1,1,999,999
549212,30:19.7,IMU,370884920,0,0.08417063,-0.02171582,-1.098836,-1.497719,0.7672256,-10.93298,0,0,39.15356,1,1,999,999
549264,30:19.7,IMU,370924904,0,0.1051567,-0.0339198,-1.088306,-1.49133,0.752667,-10.86936,0,0,39.15434,1,1,999,999
549363,30:19.8,IMU,370964888,0,0.1269079,-0.04585439,-1.07908,-1.488053,0.7403773,-10.79756,0,0,39.15512,1,1,999,999
549417,30:19.8,IMU,371004872,0,0.149089,-0.05336378,-1.071003,-1.489051,0.7286383,-10.72483,0,0,39.1559,1,1,999,999
549517,30:19.9,IMU,371044856,0,0.1680553,-0.05919337,-1.064014,-1.489874,0.7166672,-10.65447,0,0,39.15668,1,1,999,999
549568,30:19.9,IMU,371084840,0,0.1856773,-0.06238537,-1.058085,-1.496222,0.7060149,-10.58079,0,0,39.15746,1,1,999,999
549621,30:19.9,IMU,371124824,0,0.2021183,-0.06402823,-1.053278,-1.504975,0.694341,-10.50792,0,0,39.15824,1,1,999,999
549720,30:20.0,IMU,371164808,0,0.2186003,-0.06337263,-1.049586,-1.516306,0.6831165,-10.43466,0,0,39.15902,1,1,1000,1000
549775,30:20.0,IMU,371204792,0,0.2328456,-0.06060759,-1.046602,-1.531378,0.6683087,-10.36506,0,0,39.1598,1,1,1000,1000
549873,30:20.1,IMU,371244776,0,0.2435094,-0.05591967,-1.04434,-1.548582,0.6554906,-10.29332,0,0,39.16058,1,1,1000,1000
549925,30:20.1,IMU,371284760,0,0.2512519,-0.04952566,-1.042684,-1.567598,0.6406833,-10.22875,0,0,39.16135,1,1,1000,1000
549977,30:20.1,IMU,371324744,0,0.2575693,-0.04165013,-1.041643,-1.590727,0.6221356,-10.16809,0,0,39.16213,1,1,1000,1000
550077,30:20.2,IMU,371364728,0,0.2624754,-0.03424768,-1.041176,-1.613692,0.6038373,-10.11121,0,0,39.16291,1,1,1000,1000
550131,30:20.2,IMU,371404712,0,0.2623869,-0.02536011,-1.040965,-1.641063,0.5815994,-10.0575,0,0,39.16369,1,1,1000,1000
550231,30:20.3,IMU,371444696,0,0.2638552,-0.01856384,-1.041309,-1.668258,0.5573724,-10.00851,0,0,39.16447,1,1,1000,1000
550286,30:20.3,IMU,371484680,0,0.2644104,-0.01279292,-1.041943,-1.699464,0.5321857,-9.96434,0,0,39.16525,1,1,1000,1000
550338,30:20.3,IMU,371524664,0,0.2624094,-0.005694927,-1.042683,-1.729277,0.5033274,-9.921968,0,0,39.16602,1,1,1000,1000
550439,30:20.4,IMU,371564648,0,0.2597957,0.001525413,-1.043561,-1.760657,0.4727626,-9.883354,0,0,39.1668,1,1,1000,1000
550493,30:20.4,IMU,371604632,0,0.2539869,0.009481713,-1.044287,-1.793429,0.4392976,-9.844882,0,0,39.16758,1,1,1000,1000
550591,30:20.5,IMU,371644616,0,0.2497959,0.01826003,-1.045142,-1.823327,0.4069053,-9.81243,0,0,39.16836,1,1,1000,1000
550642,30:20.5,IMU,371684600,0,0.240094,0.02247835,-1.045743,-1.852917,0.3693933,-9.784883,0,0,39.16914,1,1,1000,1000
550695,30:20.5,IMU,371724584,0,0.2312936,0.02596241,-1.04628,-1.884139,0.3308463,-9.761778,0,0,39.16991,1,1,1000,1000
550795,30:20.6,IMU,371765401,0,0.2233516,0.03523542,-1.046777,-1.913361,0.2901022,-9.740086,0,0,39.17071,1,1,1000,1000
550849,30:20.6,IMU,371805385,0,0.2141958,0.04042825,-1.047246,-1.940221,0.2493252,-9.717546,0,0,39.17149,1,1,1000,1000
550947,30:20.7,IMU,371845369,0,0.2011027,0.0428663,-1.047337,-1.965085,0.2051801,-9.711638,0,0,39.17226,1,1,1000,1000
550999,30:20.7,IMU,371885353,0,0.1917487,0.04775309,-1.047496,-1.98633,0.1634504,-9.684638,0,0,39.17304,1,1,1000,1000
551051,30:20.7,IMU,371925337,0,0.1767649,0.04979503,-1.04742,-2.005264,0.119908,-9.681081,0,0,39.17382,1,1,1000,1000
551150,30:20.8,IMU,371965321,0,0.1653582,0.04960207,-1.047489,-2.019589,0.07625693,-9.66728,0,0,39.17459,1,1,1000,1000
551204,30:20.8,IMU,372005305,0,0.1481011,0.0537386,-1.047455,-2.033089,0.03365489,-9.662579,0,0,39.17537,1,1,1000,1000
551304,30:20.9,IMU,372045289,0,0.136316,0.05659826,-1.047573,-2.040377,-0.01030081,-9.653926,0,0,39.17615,1,1,1000,1000
551356,30:20.9,IMU,372085273,0,0.1240114,0.05814996,-1.047656,-2.044587,-0.05528837,-9.643096,0,0,39.17692,1,1,1000,1000
551409,30:20.9,IMU,372125257,0,0.1098429,0.05804785,-1.047727,-2.042543,-0.1038037,-9.643798,0,0,39.1777,1,1,1000,1000
551510,30:21.0,IMU,372165241,0,0.0952506,0.05733603,-1.047864,-2.038399,-0.1556394,-9.645056,0,0,39.17847,1,1,999,999
551565,30:21.0,IMU,372205225,0,0.08121175,0.05528827,-1.047812,-2.030097,-0.2114627,-9.645542,0,0,39.17923,1,1,999,999
551663,30:21.1,IMU,372245209,0,0.06544911,0.05651714,-1.047901,-2.014444,-0.2682325,-9.649969,0,0,39.18001,1,1,999,999
551715,30:21.1,IMU,372285193,0,0.06015812,0.05941969,-1.048434,-1.995714,-0.3306619,-9.649159,0,0,39.18079,1,1,999,999
551767,30:21.1,IMU,372325177,0,0.05042934,0.05779199,-1.048929,-1.972412,-0.3951102,-9.653864,0,0,39.18156,1,1,999,999
551867,30:21.2,IMU,372365161,0,0.03997064,0.05681665,-1.049472,-1.944686,-0.4622582,-9.657808,0,0,39.18233,1,1,999,999
551921,30:21.2,IMU,372405145,0,0.02882224,0.05635998,-1.049927,-1.911889,-0.5328104,-9.667783,0,0,39.18311,1,1,999,999
552021,30:21.3,IMU,372445129,0,0.01982107,0.05742699,-1.050366,-1.872918,-0.603353,-9.665295,0,0,39.18389,1,1,999,999
552077,30:21.3,IMU,372485113,0,0.01538198,0.06045616,-1.050809,-1.832638,-0.67945,-9.677147,0,0,39.18466,1,1,999,999
552129,30:21.3,IMU,372525097,0,0.01042594,0.06169821,-1.051069,-1.786672,-0.7551174,-9.685226,0,0,39.18544,1,1,999,999
552230,30:21.4,IMU,372565081,0,0.00716864,0.06136572,-1.051132,-1.736936,-0.8329369,-9.680716,0,0,39.18621,1,1,999,999
552284,30:21.4,IMU,372605065,0,0.00511891,0.05936831,-1.051341,-1.683144,-0.9098874,-9.686003,0,0,39.18701,1,1,999,999
552382,30:21.5,IMU,372645049,0,0.000771253,0.0621447,-1.051263,-1.625576,-0.9890761,-9.684547,0,0,39.18778,1,1,999,999
552433,30:21.5,IMU,372685033,0,0.00116982,0.06553538,-1.051378,-1.564891,-1.065755,-9.688156,0,0,39.18856,1,1,999,999
552486,30:21.5,IMU,372725017,0,0.001179826,0.06536482,-1.050105,-1.502269,-1.144433,-9.700624,0,0,39.18933,1,1,999,999
552585,30:21.6,IMU,372765001,0,0.000577377,0.06579261,-1.038501,-1.438134,-1.223247,-9.709713,0,0,39.19011,1,1,999,999
552640,30:21.6,IMU,372804985,0,-0.000929535,0.06307067,-1.005793,-1.371592,-1.298656,-9.69846,0,0,39.19086,1,1,999,999
552738,30:21.7,IMU,372844969,0,0.000875028,0.06310049,-0.9475484,-1.307516,-1.369482,-9.700696,0,0,39.19164,1,1,999,999
552790,30:21.7,IMU,372884953,0,0.006125668,0.06593384,-0.865846,-1.244816,-1.432558,-9.701297,0,0,39.19241,1,1,999,999
552842,30:21.7,IMU,372924937,0,0.008588231,0.06522106,-0.7656159,-1.186901,-1.485744,-9.700448,0,0,39.19318,1,1,999,999
552941,30:21.8,IMU,372964921,0,0.0101707,0.06531744,-0.6540518,-1.136395,-1.530842,-9.699995,0,0,39.19396,1,1,999,999
552995,30:21.8,IMU,373004905,0,0.009535654,0.0631306,-0.5372015,-1.093203,-1.569521,-9.697279,0,0,39.19473,1,1,999,999
553095,30:21.9,IMU,373044889,0,0.01172321,0.06160154,-0.4209018,-1.059404,-1.596913,-9.694057,0,0,39.19551,1,1,999,999
553146,30:21.9,IMU,373084873,0,0.01469376,0.06144852,-0.3106415,-1.032568,-1.618014,-9.690423,0,0,39.19628,1,1,999,999
553198,30:21.9,IMU,373124857,0,0.01789443,0.0618157,-0.2096033,-1.01728,-1.633479,-9.690351,0,0,39.19706,1,1,999,999
553298,30:22.0,IMU,373164841,0,0.01771558,0.05884936,-0.1199433,-1.005023,-1.641683,-9.684505,0,0,39.19783,1,1,1000,1000
553352,30:22.0,IMU,373204825,0,0.01707161,0.05450191,-0.04322985,-0.9992274,-1.646423,-9.683997,0,0,39.1986,1,1,1000,1000
553451,30:22.1,IMU,373244809,0,0.01779487,0.05256708,0.01985571,-0.9992644,-1.647211,-9.680323,0,0,39.19938,1,1,1000,1000
553503,30:22.1,IMU,373284793,0,0.01780187,0.05201352,0.06936941,-1.002338,-1.643029,-9.67663,0,0,39.20015,1,1,1000,1000
553555,30:22.1,IMU,373324777,0,0.01748152,0.04798396,0.1062787,-1.009395,-1.637331,-9.673722,0,0,39.20092,1,1,1000,1000
553655,30:22.2,IMU,373364761,0,0.01697752,0.0407731,0.1318197,-1.017657,-1.627998,-9.671166,0,0,39.20169,1,1,1000,1000
553709,30:22.2,IMU,373404745,0,0.01579567,0.03122821,0.1470793,-1.026866,-1.621644,-9.670366,0,0,39.20247,1,1,1000,1000
553809,30:22.3,IMU,373444729,0,0.01506887,0.02072848,0.1537548,-1.036406,-1.610518,-9.665384,0,0,39.20324,1,1,1000,1000
553864,30:22.3,IMU,373484713,0,0.01584432,0.009093668,0.1535319,-1.046347,-1.600403,-9.665401,0,0,39.20401,1,1,1000,1000
553916,30:22.3,IMU,373524697,0,0.01461629,-0.002546947,0.1475337,-1.054423,-1.589789,-9.666771,0,0,39.20479,1,1,1000,1000
554017,30:22.4,IMU,373564681,0,0.01312409,-0.01417173,0.1377086,-1.063291,-1.581734,-9.661039,0,0,39.20556,1,1,1000,1000
554071,30:22.4,IMU,373604665,0,0.01021765,-0.02548188,0.1249703,-1.06994,-1.573037,-9.662449,0,0,39.20633,1,1,1000,1000
554169,30:22.5,IMU,373644649,0,0.009430867,-0.03309957,0.1104526,-1.075751,-1.566421,-9.658757,0,0,39.2071,1,1,1000,1000
554220,30:22.5,IMU,373684633,0,0.006807671,-0.03635938,0.09512058,-1.081671,-1.560412,-9.657539,0,0,39.20788,1,1,1000,1000
554272,30:22.5,IMU,373724617,0,0.00411258,-0.03832076,0.07957776,-1.085181,-1.556681,-9.663071,0,0,39.20865,1,1,1000,1000
554372,30:22.6,IMU,373764601,0,-0.002913047,-0.03477599,0.06432131,-1.089592,-1.552624,-9.6531,0,0,39.20942,1,1,1000,1000
554427,30:22.6,IMU,373804585,0,-0.0112686,-0.02945071,0.04992351,-1.091396,-1.547884,-9.662764,0,0,39.21019,1,1,1000,1000
554525,30:22.7,IMU,373845402,0,-0.02572774,-0.02089976,0.0355075,-1.093294,-1.547839,-9.655818,0,0,39.21098,1,1,1000,1000
554577,30:22.7,IMU,373885386,0,-0.03586197,-0.004877893,0.02198172,-1.095802,-1.548253,-9.659967,0,0,39.21175,1,1,1000,1000
554629,30:22.7,IMU,373925370,0,-0.0486453,0.009004353,0.009012645,-1.096614,-1.548274,-9.656388,0,0,39.21253,1,1,1000,1000
554728,30:22.8,IMU,373965354,0,-0.05863992,0.01694931,-0.003272695,-1.096739,-1.549377,-9.661469,0,0,39.2133,1,1,1000,1000
554782,30:22.8,IMU,374005338,0,-0.06824467,0.02452208,-0.01555358,-1.094952,-1.550357,-9.661651,0,0,39.21407,1,1,1000,1000
554882,30:22.9,IMU,374045322,0,-0.07355358,0.03314041,-0.02767515,-1.093105,-1.552436,-9.65295,0,0,39.21484,1,1,1000,1000
554933,30:22.9,IMU,374085306,0,-0.07614703,0.03844636,-0.03944849,-1.090544,-1.554142,-9.653452,0,0,39.21561,1,1,1000,1000
554985,30:22.9,IMU,374125290,0,-0.08170231,0.04495658,-0.05108525,-1.088144,-1.55632,-9.656991,0,0,39.21638,1,1,1000,1000
555085,30:23.0,IMU,374165274,0,-0.08476226,0.05044895,-0.06263496,-1.082096,-1.558254,-9.661769,0,0,39.21716,1,1,999,999
555139,30:23.0,IMU,374205258,0,-0.08796254,0.05166562,-0.07396255,-1.07614,-1.559892,-9.651007,0,0,39.21793,1,1,999,999
555237,30:23.1,IMU,374245242,0,-0.0889098,0.05506159,-0.08522015,-1.069139,-1.562806,-9.656002,0,0,39.2187,1,1,999,999
555290,30:23.1,IMU,374285226,0,-0.08914113,0.05909221,-0.09609555,-1.061373,-1.562233,-9.654203,0,0,39.21945,1,1,999,999
555342,30:23.1,IMU,374325210,0,-0.09146194,0.05581457,-0.1071763,-1.051645,-1.56503,-9.65658,0,0,39.22022,1,1,999,999
555442,30:23.2,IMU,374365194,0,-0.09252713,0.06020093,-0.1184152,-1.041645,-1.568285,-9.653423,0,0,39.22099,1,1,999,999
555496,30:23.2,IMU,374405178,0,-0.09373871,0.06076609,-0.129592,-1.030843,-1.569298,-9.659003,0,0,39.22176,1,1,999,999
555596,30:23.3,IMU,374445162,0,-0.09408395,0.0659003,-0.1411342,-1.0178,-1.570836,-9.659598,0,0,39.22253,1,1,999,999
555651,30:23.3,IMU,374485146,0,-0.0939586,0.06445446,-0.1527078,-1.004246,-1.571826,-9.665525,0,0,39.2233,1,1,999,999
555703,30:23.3,IMU,374525130,0,-0.09368918,0.06834614,-0.1648095,-0.9908637,-1.57404,-9.665503,0,0,39.22407,1,1,999,999
555804,30:23.4,IMU,374565114,0,-0.0943988,0.06988748,-0.177039,-0.9746591,-1.575638,-9.665311,0,0,39.22484,1,1,999,999
555858,30:23.4,IMU,374605098,0,-0.09593874,0.06838267,-0.189575,-0.9578684,-1.576434,-9.666872,0,0,39.22561,1,1,999,999
555956,30:23.5,IMU,374645082,0,-0.09788889,0.0702711,-0.2025172,-0.9397216,-1.577166,-9.672269,0,0,39.22638,1,1,999,999
556007,30:23.5,IMU,374685066,0,-0.09791027,0.07253046,-0.2159821,-0.920283,-1.578343,-9.674452,0,0,39.22717,1,1,999,999
556059,30:23.5,IMU,374725050,0,-0.09796749,0.07527691,-0.2301176,-0.9021171,-1.577923,-9.678617,0,0,39.22794,1,1,999,999
556159,30:23.6,IMU,374765034,0,-0.1003781,0.07644353,-0.2446192,-0.8793622,-1.5794,-9.685049,0,0,39.22871,1,1,999,999
556214,30:23.6,IMU,374805018,0,-0.1023603,0.07669964,-0.259873,-0.8577837,-1.579365,-9.68593,0,0,39.22948,1,1,999,999
556315,30:23.7,IMU,374845002,0,-0.1039981,0.0779964,-0.2757538,-0.8330933,-1.57914,-9.692413,0,0,39.23025,1,1,999,999
556366,30:23.7,IMU,374884986,0,-0.10523,0.07896558,-0.292482,-0.809235,-1.57774,-9.697723,0,0,39.231,1,1,999,999
556418,30:23.7,IMU,374924970,0,-0.1077801,0.07915146,-0.309939,-0.7824236,-1.579169,-9.704918,0,0,39.23177,1,1,999,999
556517,30:23.8,IMU,374964954,0,-0.1106438,0.07986569,-0.3282406,-0.7554003,-1.578096,-9.708273,0,0,39.23254,1,1,999,999
556571,30:23.8,IMU,375004938,0,-0.1133063,0.07983876,-0.3474458,-0.7282895,-1.576515,-9.71626,0,0,39.23331,1,1,999,999
556671,30:23.9,IMU,375044922,0,-0.115552,0.07986902,-0.367596,-0.6990259,-1.574483,-9.720842,0,0,39.23407,1,1,999,999
556722,30:23.9,IMU,375084906,0,-0.1176425,0.08029201,-0.3886579,-0.6696171,-1.573337,-9.730286,0,0,39.23484,1,1,999,999
556774,30:23.9,IMU,375124890,0,-0.1203034,0.07972634,-0.4108909,-0.6367055,-1.570502,-9.735772,0,0,39.23561,1,1,999,999
556875,30:24.0,IMU,375164874,0,-0.1237398,0.07847018,-0.4338492,-0.6042924,-1.567255,-9.746019,0,0,39.23638,1,1,999,999
556929,30:24.0,IMU,375204858,0,-0.1277573,0.07719567,-0.4579499,-0.5711941,-1.561997,-9.751711,0,0,39.23715,1,1,999,999
557027,30:24.1,IMU,375244842,0,-0.1315238,0.07635156,-0.4830463,-0.5364745,-1.557246,-9.759848,0,0,39.23792,1,1,999,999
557079,30:24.1,IMU,375284826,0,-0.1345388,0.074727,-0.5092707,-0.5012786,-1.550805,-9.770376,0,0,39.23869,1,1,999,999
557132,30:24.1,IMU,375324810,0,-0.1385897,0.07321339,-0.536461,-0.4650221,-1.544283,-9.777967,0,0,39.23945,1,1,999,999
557232,30:24.2,IMU,375364794,0,-0.1420183,0.07050365,-0.5648462,-0.4285288,-1.535617,-9.786445,0,0,39.24022,1,1,999,999
557286,30:24.2,IMU,375404778,0,-0.1463924,0.06770975,-0.5941588,-0.3920412,-1.525483,-9.79513,0,0,39.24099,1,1,999,999
557386,30:24.3,IMU,375444762,0,-0.1505728,0.06413879,-0.6243564,-0.3547959,-1.514554,-9.804203,0,0,39.24176,1,1,999,999
557441,30:24.3,IMU,375484746,0,-0.1553737,0.06028593,-0.6554186,-0.3161285,-1.500576,-9.815575,0,0,39.24253,1,1,999,999
557493,30:24.3,IMU,375524730,0,-0.1589889,0.05503654,-0.6874174,-0.2776587,-1.486057,-9.826368,0,0,39.24329,1,1,999,999
557594,30:24.4,IMU,375564714,0,-0.164253,0.04730291,-0.7201446,-0.2402435,-1.46888,-9.836806,0,0,39.24406,1,1,999,999
557648,30:24.4,IMU,375604698,0,-0.1663858,0.03803246,-0.753193,-0.2004999,-1.44814,-9.85038,0,0,39.24483,1,1,999,999
557746,30:24.5,IMU,375644682,0,-0.1660521,0.02603498,-0.7864018,-0.1622571,-1.426714,-9.86009,0,0,39.2456,1,1,999,999
557797,30:24.5,IMU,375684666,0,-0.1644161,0.01099053,-0.8192325,-0.1258689,-1.402129,-9.872544,0,0,39.24636,1,1,999,999
557849,30:24.5,IMU,375724650,0,-0.1608438,-0.005873568,-0.8511692,-0.08823363,-1.375273,-9.884058,0,0,39.24713,1,1,999,999
557948,30:24.6,IMU,375764634,0,-0.1533979,-0.02747591,-0.8814069,-0.05315242,-1.345765,-9.898955,0,0,39.2479,1,1,999,999
558007,30:24.6,IMU,375804618,0,-0.1497407,-0.04595371,-0.9093467,-0.01880949,-1.313826,-9.910771,0,0,39.24866,1,1,999,999
558106,30:24.7,IMU,375844602,0,-0.1422368,-0.06134189,-0.9342421,0.01246518,-1.278087,-9.920092,0,0,39.24943,1,1,999,999
558157,30:24.7,IMU,375884586,0,-0.1356843,-0.07906925,-0.9556222,0.04756772,-1.24206,-9.934901,0,0,39.2502,1,1,999,999
558209,30:24.7,IMU,375925403,0,-0.1278855,-0.09483354,-0.9733812,0.08218463,-1.201956,-9.948002,0,0,39.25098,1,1,999,999
558308,30:24.8,IMU,375965387,0,-0.1162004,-0.10835,-0.9858323,0.1137635,-1.159962,-9.957449,0,0,39.25175,1,1,999,999
558362,30:24.8,IMU,376005371,0,-0.1055392,-0.1244959,-0.9928949,0.1461531,-1.115996,-9.969158,0,0,39.25252,1,1,999,999
558462,30:24.9,IMU,376045355,0,-0.09354335,-0.1389796,-0.9943706,0.1771075,-1.072351,-9.982532,0,0,39.25328,1,1,999,999
558513,30:24.9,IMU,376085339,0,-0.08021016,-0.155082,-0.9895946,0.2048202,-1.028149,-9.993256,0,0,39.25405,1,1,999,999
558565,30:24.9,IMU,376125323,0,-0.06551926,-0.1675391,-0.9785212,0.2336879,-0.9830591,-10.00665,0,0,39.25481,1,1,999,999
558665,30:25.0,IMU,376165307,0,-0.05098943,-0.1774099,-0.9611002,0.2577632,-0.9372166,-10.01938,0,0,39.25558,1,1,1000,1000
558721,30:25.0,IMU,376205291,0,-0.03836991,-0.1831749,-0.9376635,0.2772873,-0.8916523,-10.03185,0,0,39.25635,1,1,1000,1000
558819,30:25.1,IMU,376245275,0,-0.02749425,-0.1876539,-0.9085074,0.2954912,-0.8477446,-10.04478,0,0,39.25711,1,1,1000,1000
558870,30:25.1,IMU,376285259,0,-0.01921987,-0.1913997,-0.8742715,0.3090387,-0.8057239,-10.05496,0,0,39.25788,1,1,1000,1000
558924,30:25.1,IMU,376325243,0,-0.01170541,-0.1929271,-0.8356669,0.3192626,-0.7656653,-10.07039,0,0,39.25864,1,1,1000,1000
559024,30:25.2,IMU,376365227,0,-0.005416645,-0.1926849,-0.7945985,0.3258459,-0.7282492,-10.0815,0,0,39.25939,1,1,1000,1000
559078,30:25.2,IMU,376405211,0,-0.000895892,-0.1945484,-0.7499986,0.3294151,-0.6923804,-10.09722,0,0,39.26015,1,1,1000,1000
559178,30:25.3,IMU,376445195,0,0.003623076,-0.1917749,-0.7038249,0.3285537,-0.6597878,-10.1094,0,0,39.26092,1,1,1000,1000
559233,30:25.3,IMU,376485179,0,0.008372912,-0.188326,-0.6567207,0.3240843,-0.6277922,-10.12589,0,0,39.26168,1,1,1000,1000
559285,30:25.3,IMU,376525163,0,0.01238126,-0.1840986,-0.609341,0.3185385,-0.599578,-10.14026,0,0,39.26245,1,1,1000,1000
559386,30:25.4,IMU,376565147,0,0.01632988,-0.1763739,-0.5626242,0.3099882,-0.5714692,-10.15445,0,0,39.26321,1,1,1000,1000
559440,30:25.4,IMU,376605131,0,0.01970702,-0.1660261,-0.5169559,0.2981696,-0.5475338,-10.16715,0,0,39.26398,1,1,1000,1000
559538,30:25.5,IMU,376645115,0,0.023128,-0.1529879,-0.4728517,0.2836381,-0.5264603,-10.1825,0,0,39.26474,1,1,1000,1000
559589,30:25.5,IMU,376685099,0,0.02780497,-0.1373359,-0.4305255,0.2693342,-0.5062714,-10.18777,0,0,39.26551,1,1,1000,1000
559641,30:25.5,IMU,376725083,0,0.03167895,-0.1228258,-0.3905202,0.2504073,-0.4886815,-10.20326,0,0,39.26627,1,1,1000,1000
559740,30:25.6,IMU,376765067,0,0.03243505,-0.1063066,-0.352804,0.2322731,-0.4725921,-10.20852,0,0,39.26704,1,1,1000,1000
559795,30:25.6,IMU,376805051,0,0.0345044,-0.08464955,-0.3177486,0.2128876,-0.4580896,-10.21443,0,0,39.26782,1,1,1000,1000
559895,30:25.7,IMU,376845035,0,0.03694087,-0.07196333,-0.2852991,0.1933479,-0.4435772,-10.22194,0,0,39.26859,1,1,1000,1000
559946,30:25.7,IMU,376885019,0,0.0340705,-0.06932239,-0.2556137,0.1718247,-0.431066,-10.22109,0,0,39.26935,1,1,1000,1000
559998,30:25.7,IMU,376925003,0,0.03548857,-0.06278919,-0.2285486,0.150321,-0.4224727,-10.22674,0,0,39.27011,1,1,1000,1000
560097,30:25.8,IMU,376964987,0,0.0385416,-0.05766695,-0.2042622,0.1291397,-0.4121724,-10.22415,0,0,39.27086,1,1,1000,1000
560151,30:25.8,IMU,377004971,0,0.04232244,-0.05561368,-0.1822923,0.1093656,-0.4046904,-10.23368,0,0,39.27162,1,1,1000,1000
560251,30:25.9,IMU,377044955,0,0.04484321,-0.05617248,-0.1626206,0.08868836,-0.3957447,-10.22043,0,0,39.27238,1,1,1000,1000
560302,30:25.9,IMU,377084939,0,0.04425614,-0.05308652,-0.1452908,0.06648055,-0.387964,-10.2276,0,0,39.27315,1,1,1000,1000
560354,30:25.9,IMU,377124923,0,0.04202796,-0.05213102,-0.1298155,0.04595671,-0.3823624,-10.22972,0,0,39.27391,1,1,1000,1000
560454,30:26.0,IMU,377164907,0,0.04238173,-0.05176171,-0.1158818,0.02455612,-0.3763912,-10.22351,0,0,39.27468,1,1,999,999
560508,30:26.0,IMU,377204891,0,0.04586636,-0.052191,-0.1033337,0.004712686,-0.3718694,-10.2307,0,0,39.27544,1,1,999,999
560606,30:26.1,IMU,377244875,0,0.04848974,-0.04989521,-0.09206048,-0.01579355,-0.3650402,-10.23058,0,0,39.2762,1,1,999,999
560657,30:26.1,IMU,377284859,0,0.05058958,-0.05124098,-0.08191588,-0.03553493,-0.3625949,-10.2291,0,0,39.27697,1,1,999,999
560711,30:26.1,IMU,377324843,0,0.05457912,-0.05086444,-0.07270582,-0.05843928,-0.3583118,-10.23257,0,0,39.27773,1,1,999,999
560811,30:26.2,IMU,377364827,0,0.0548417,-0.05108585,-0.064307,-0.08035334,-0.3545825,-10.22823,0,0,39.27849,1,1,999,999
560865,30:26.2,IMU,377404811,0,0.05371287,-0.05244176,-0.05645546,-0.1033699,-0.3512147,-10.23489,0,0,39.27925,1,1,999,999
560965,30:26.3,IMU,377444795,0,0.05692555,-0.05190237,-0.0491523,-0.1256464,-0.3487626,-10.22934,0,0,39.28002,1,1,999,999
561020,30:26.3,IMU,377484779,0,0.05870897,-0.04931867,-0.04235862,-0.1499466,-0.3455382,-10.23444,0,0,39.28078,1,1,999,999
561073,30:26.3,IMU,377524763,0,0.06107814,-0.04914477,-0.03572526,-0.1735888,-0.3458567,-10.23911,0,0,39.28154,1,1,999,999
561174,30:26.4,IMU,377564747,0,0.06296582,-0.05030561,-0.02952265,-0.1997003,-0.3432965,-10.23641,0,0,39.28231,1,1,999,999
561228,30:26.4,IMU,377604731,0,0.06301896,-0.05252363,-0.0234208,-0.2250555,-0.3422059,-10.23462,0,0,39.28307,1,1,999,999
561326,30:26.5,IMU,377644715,0,0.06125546,-0.06082365,-0.01742467,-0.250894,-0.34034,-10.23578,0,0,39.28383,1,1,999,999
561377,30:26.5,IMU,377684699,0,0.05985375,-0.06008141,-0.01219567,-0.2771388,-0.3402736,-10.23802,0,0,39.28459,1,1,999,999
561429,30:26.5,IMU,377724683,0,0.0541977,-0.05685205,-0.006802976,-0.3039772,-0.3396438,-10.24253,0,0,39.28535,1,1,999,999
561529,30:26.6,IMU,377764667,0,0.04720671,-0.05733754,-0.001744159,-0.331196,-0.3389984,-10.24079,0,0,39.28612,1,1,999,999
561583,30:26.6,IMU,377804651,0,0.03498002,-0.05807268,0.00308755,-0.3585683,-0.3409048,-10.24287,0,0,39.28688,1,1,999,999
561683,30:26.7,IMU,377844635,0,0.02431321,-0.05550794,0.00723602,-0.3870835,-0.3401213,-10.24564,0,0,39.28764,1,1,999,999
561734,30:26.7,IMU,377884619,0,0.01170172,-0.05956944,0.0108854,-0.4164271,-0.3418229,-10.23849,0,0,39.2884,1,1,999,999
561786,30:26.7,IMU,377924603,0,0.002492696,-0.05883001,0.01375549,-0.4447054,-0.3422449,-10.24385,0,0,39.28916,1,1,999,999
561885,30:26.8,IMU,377964587,0,-0.00739449,-0.0575984,0.01620329,-0.473881,-0.3425911,-10.23458,0,0,39.28992,1,1,999,999
561939,30:26.8,IMU,378005404,0,-0.01570745,-0.05972797,0.01814598,-0.5040095,-0.3438523,-10.23919,0,0,39.2907,1,1,999,999
562039,30:26.9,IMU,378045388,0,-0.01882132,-0.05432186,0.01929079,-0.533976,-0.3411497,-10.23211,0,0,39.29147,1,1,999,999
562090,30:26.9,IMU,378085372,0,-0.02076793,-0.05813178,0.02006382,-0.5672554,-0.342527,-10.22657,0,0,39.29223,1,1,999,999
562142,30:26.9,IMU,378125356,0,-0.02055813,-0.05505696,0.02015712,-0.5965614,-0.3428746,-10.22403,0,0,39.29299,1,1,999,999
562242,30:27.0,IMU,378165340,0,-0.02143949,-0.04876386,0.01997273,-0.6278518,-0.3431274,-10.22726,0,0,39.29375,1,1,1000,1000
562297,30:27.0,IMU,378205324,0,-0.02279644,-0.04232326,0.01928195,-0.659836,-0.3432789,-10.22124,0,0,39.29451,1,1,1000,1000
562395,30:27.1,IMU,378245308,0,-0.0226764,-0.02949295,0.01844993,-0.6922481,-0.3433887,-10.20812,0,0,39.29527,1,1,1000,1000
562446,30:27.1,IMU,378285292,0,-0.02096011,-0.01671321,0.01745279,-0.7253097,-0.3420088,-10.2083,0,0,39.29603,1,1,1000,1000
562499,30:27.1,IMU,378325276,0,-0.01798267,-0.006973025,0.01614529,-0.7568132,-0.3409888,-10.18773,0,0,39.29679,1,1,1000,1000
562600,30:27.2,IMU,378365260,0,-0.01523376,0.00329601,0.01459549,-0.7900627,-0.3406848,-10.17945,0,0,39.29755,1,1,1000,1000
562654,30:27.2,IMU,378405244,0,-0.01272444,0.01238333,0.0131512,-0.8224944,-0.3396226,-10.16432,0,0,39.29831,1,1,1000,1000
562754,30:27.3,IMU,378445228,0,-0.01437449,0.0143681,0.01166445,-0.8538896,-0.3389291,-10.15306,0,0,39.29905,1,1,1000,1000
562809,30:27.3,IMU,378485212,0,-0.01261182,0.01415647,0.01025507,-0.8858464,-0.3371002,-10.13835,0,0,39.29981,1,1,1000,1000
562862,30:27.3,IMU,378525196,0,-0.01112681,0.01367547,0.00893457,-0.9179745,-0.336158,-10.12611,0,0,39.30058,1,1,1000,1000
562963,30:27.4,IMU,378565180,0,-0.009857181,0.0174247,0.007911784,-0.9499452,-0.3352407,-10.11503,0,0,39.30133,1,1,1000,1000
563017,30:27.4,IMU,378605164,0,-0.006190069,0.0207229,0.006901572,-0.9810179,-0.3323034,-10.09937,0,0,39.30209,1,1,1000,1000
563115,30:27.5,IMU,378645148,0,-0.003695442,0.02070788,0.006178841,-1.010599,-0.3331272,-10.08253,0,0,39.30285,1,1,1000,1000
563166,30:27.5,IMU,378685132,0,-0.001009755,0.02118435,0.005657299,-1.043185,-0.3304482,-10.06849,0,0,39.30361,1,1,1000,1000
563218,30:27.5,IMU,378725116,0,-0.000171652,0.01938942,0.005232971,-1.072094,-0.3298034,-10.05408,0,0,39.30437,1,1,1000,1000
563317,30:27.6,IMU,378765100,0,0.001644304,0.01782652,0.004625785,-1.101641,-0.3282717,-10.04369,0,0,39.30513,1,1,1000,1000
563371,30:27.6,IMU,378805084,0,0.004044255,0.01646987,0.004008349,-1.131602,-0.3268796,-10.03299,0,0,39.30589,1,1,1000,1000
563471,30:27.7,IMU,378845068,0,0.002397725,0.01442553,0.003392939,-1.159945,-0.3258632,-10.01004,0,0,39.30665,1,1,1000,1000
563523,30:27.7,IMU,378885052,0,0.002563516,0.02121258,0.003048648,-1.189463,-0.3245215,-9.996114,0,0,39.30743,1,1,1000,1000
563575,30:27.7,IMU,378925036,0,0.002667045,0.01993394,0.003047029,-1.216965,-0.3222911,-9.986134,0,0,39.30819,1,1,1000,1000
563674,30:27.8,IMU,378965020,0,0.002626564,0.01830926,0.003045402,-1.2457,-0.3214487,-9.977272,0,0,39.30894,1,1,1000,1000
563728,30:27.8,IMU,379005004,0,0.003264955,0.01685292,0.003019516,-1.273966,-0.3207477,-9.965583,0,0,39.3097,1,1,1000,1000
563828,30:27.9,IMU,379044988,0,0.006420956,0.010734,0.003149428,-1.300698,-0.3186387,-9.960724,0,0,39.31044,1,1,1000,1000
563879,30:27.9,IMU,379084972,0,0.009951734,0.006136492,0.003094106,-1.32773,-0.3174912,-9.943491,0,0,39.3112,1,1,1000,1000
563931,30:27.9,IMU,379124956,0,0.01052079,0.003123375,0.00319773,-1.352517,-0.3155715,-9.928131,0,0,39.31196,1,1,1000,1000
564031,30:28.0,IMU,379164940,0,0.01104514,0.003379579,0.003298515,-1.377113,-0.3151507,-9.919935,0,0,39.31272,1,1,999,999
564086,30:28.0,IMU,379204924,0,0.01123947,0.004554473,0.003284965,-1.403707,-0.3148568,-9.909939,0,0,39.31348,1,1,999,999
564184,30:28.1,IMU,379244908,0,0.01202455,0.004101069,0.003348788,-1.429228,-0.3130985,-9.902339,0,0,39.31424,1,1,999,999
564235,30:28.1,IMU,379284892,0,0.01229186,0.005105967,0.003369967,-1.453941,-0.3105267,-9.887547,0,0,39.31499,1,1,999,999
564287,30:28.1,IMU,379324876,0,0.01232415,0.004304354,0.003570597,-1.477282,-0.310657,-9.874843,0,0,39.31575,1,1,999,999
564388,30:28.2,IMU,379364860,0,0.01088286,0.006381515,0.003524289,-1.500432,-0.3092716,-9.866564,0,0,39.31651,1,1,999,999
564443,30:28.2,IMU,379404844,0,0.01016035,0.008627707,0.003376274,-1.524493,-0.3097983,-9.860184,0,0,39.31727,1,1,999,999
564543,30:28.3,IMU,379444828,0,0.009498331,0.009481418,0.003289124,-1.54817,-0.3080738,-9.85411,0,0,39.31802,1,1,999,999
564597,30:28.3,IMU,379484812,0,0.008866596,0.01107395,0.00324494,-1.57161,-0.3074401,-9.843616,0,0,39.31878,1,1,999,999
564651,30:28.3,IMU,379524796,0,0.00828908,0.01021814,0.003193031,-1.593747,-0.3076477,-9.837136,0,0,39.31954,1,1,999,999
564752,30:28.4,IMU,379564780,0,0.007834037,0.01333727,0.003235208,-1.616157,-0.305024,-9.827392,0,0,39.3203,1,1,999,999
564806,30:28.4,IMU,379604764,0,0.01027629,0.016909,0.00323873,-1.638006,-0.3049498,-9.816789,0,0,39.32106,1,1,999,999
564904,30:28.5,IMU,379644748,0,0.0114635,0.01977121,0.003261395,-1.658363,-0.305023,-9.809489,0,0,39.32181,1,1,999,999
564955,30:28.5,IMU,379684732,0,0.01216907,0.02058331,0.003164705,-1.679561,-0.3027573,-9.795872,0,0,39.32257,1,1,999,999
565007,30:28.5,IMU,379724716,0,0.01143821,0.01340151,0.00309622,-1.700515,-0.3020197,-9.788328,0,0,39.32333,1,1,999,999
565106,30:28.6,IMU,379764700,0,0.009826818,0.01764673,0.003057233,-1.720393,-0.3022165,-9.772054,0,0,39.32408,1,1,999,999
565160,30:28.6,IMU,379804684,0,0.009235123,0.02132744,0.002946026,-1.739947,-0.3021123,-9.772704,0,0,39.32484,1,1,999,999
565260,30:28.7,IMU,379844668,0,0.008557559,0.02169628,0.002904974,-1.759636,-0.3018846,-9.762481,0,0,39.3256,1,1,999,999
565312,30:28.7,IMU,379884652,0,0.008073947,0.02731407,0.002952403,-1.779881,-0.3008059,-9.760235,0,0,39.32635,1,1,999,999
565364,30:28.7,IMU,379924636,0,0.008254686,0.03180473,0.003095361,-1.796305,-0.3009767,-9.750851,0,0,39.32711,1,1,999,999
565466,30:28.8,IMU,379964620,0,0.00938348,0.03446441,0.0030649,-1.814644,-0.300426,-9.730827,0,0,39.32787,1,1,999,999
565520,30:28.8,IMU,380004604,0,0.009918821,0.03632686,0.003107325,-1.832547,-0.2994433,-9.723905,0,0,39.32862,1,1,999,999
565620,30:28.9,IMU,380044588,0,0.01216332,0.03624635,0.003084063,-1.850517,-0.2994595,-9.718102,0,0,39.32938,1,1,999,999
565671,30:28.9,IMU,380085405,0,0.01114589,0.03510835,0.003002704,-1.866226,-0.3003105,-9.712596,0,0,39.33015,1,1,999,999
565723,30:28.9,IMU,380125389,0,0.01003642,0.04722403,0.003070538,-1.884015,-0.2986473,-9.707801,0,0,39.33091,1,1,999,999
565824,30:29.0,IMU,380165373,0,0.009435803,0.04728509,0.003059255,-1.897464,-0.2992769,-9.687885,0,0,39.33167,1,1,999,999
565881,30:29.0,IMU,380205357,0,0.009087103,0.04693131,0.003101205,-1.912999,-0.2992934,-9.681316,0,0,39.33242,1,1,999,999
565979,30:29.1,IMU,380245341,0,0.008672037,0.04259939,0.003110148,-1.928898,-0.2985194,-9.678972,0,0,39.33318,1,1,999,999
566030,30:29.1,IMU,380285325,0,0.007490853,0.04461451,0.003258368,-1.941113,-0.2995697,-9.674513,0,0,39.33393,1,1,999,999
566082,30:29.1,IMU,380325309,0,0.00704608,0.04700141,0.003334558,-1.95275,-0.2986592,-9.657049,0,0,39.33469,1,1,999,999
566183,30:29.2,IMU,380365293,0,0.007370217,0.04854719,0.003326388,-1.965942,-0.2982533,-9.648819,0,0,39.33544,1,1,999,999
566238,30:29.2,IMU,380405277,0,0.007149991,0.0486031,0.003225216,-1.977682,-0.2980334,-9.650977,0,0,39.3362,1,1,999,999
566338,30:29.3,IMU,380445261,0,0.006720938,0.05219263,0.003311655,-1.989491,-0.2983884,-9.648631,0,0,39.33695,1,1,999,999
566392,30:29.3,IMU,380485245,0,0.006049487,0.05689682,0.003289664,-1.99906,-0.29824,-9.627626,0,0,39.33771,1,1,999,999
566446,30:29.3,IMU,380525229,0,0.006128371,0.05782259,0.003126831,-2.009464,-0.2989055,-9.629423,0,0,39.33844,1,1,999,999
566547,30:29.4,IMU,380565213,0,0.005793223,0.04954773,0.002954262,-2.018866,-0.2983162,-9.625523,0,0,39.3392,1,1,999,999
566601,30:29.4,IMU,380605197,0,0.005558045,0.05434301,0.002967367,-2.028033,-0.2987877,-9.622021,0,0,39.33995,1,1,999,999
566699,30:29.5,IMU,380645181,0,0.004755604,0.06320499,0.003007859,-2.034477,-0.2994912,-9.60924,0,0,39.34071,1,1,999,999
566750,30:29.5,IMU,380685165,0,0.006071544,0.06445421,0.002990234,-2.044719,-0.2996829,-9.611032,0,0,39.34146,1,1,999,999
566802,30:29.5,IMU,380725149,0,0.004680174,0.0605351,0.002971929,-2.051571,-0.2994635,-9.604542,0,0,39.34222,1,1,999,999
566901,30:29.6,IMU,380765133,0,0.00559161,0.0594873,0.003104346,-2.058117,-0.2987347,-9.605621,0,0,39.34297,1,1,999,999
566955,30:29.6,IMU,380805117,0,0.005605674,0.05123682,0.002927359,-2.062731,-0.2987684,-9.588259,0,0,39.34373,1,1,999,999
567055,30:29.7,IMU,380845101,0,0.008639738,0.04041249,0.002900953,-2.06644,-0.3002472,-9.587355,0,0,39.34448,1,1,999,999
567106,30:29.7,IMU,380885085,0,0.008021561,0.02719168,0.002874201,-2.070106,-0.2990525,-9.589169,0,0,39.34523,1,1,999,999
567159,30:29.7,IMU,380925069,0,0.007507783,0.01505849,0.002892941,-2.074114,-0.2988384,-9.584257,0,0,39.34599,1,1,999,999
567258,30:29.8,IMU,380965053,0,0.007107939,0.009892481,0.003017737,-2.076111,-0.3005832,-9.588013,0,0,39.34676,1,1,999,999
567312,30:29.8,IMU,381005037,0,0.006777871,0.004860626,0.003203473,-2.077041,-0.300111,-9.581252,0,0,39.34751,1,1,999,999
567412,30:29.9,IMU,381045021,0,0.006355043,0.001760217,0.003266796,-2.080484,-0.3004814,-9.584503,0,0,39.34827,1,1,999,999
567463,30:29.9,IMU,381085005,0,0.006062577,0.003746288,0.003539761,-2.081252,-0.3014703,-9.581834,0,0,39.34902,1,1,999,999
567515,30:29.9,IMU,381124989,0,0.005815241,0.01330738,0.003753318,-2.084397,-0.3020109,-9.578506,0,0,39.34975,1,1,999,999
567616,30:30.0,IMU,381164973,0,0.005482545,0.02615173,0.00387882,-2.086053,-0.3026911,-9.58041,0,0,39.35051,1,1,1000,1000
567670,30:30.0,IMU,381204957,0,0.005333101,0.03850004,0.004204691,-2.089169,-0.3022957,-9.583205,0,0,39.35126,1,1,1000,1000
567768,30:30.1,IMU,381244941,0,0.00345563,0.05020165,0.0043241,-2.090929,-0.3029247,-9.576559,0,0,39.35201,1,1,1000,1000
567819,30:30.1,IMU,381284925,0,0.002474934,0.06480132,0.00422582,-2.09369,-0.3028862,-9.576005,0,0,39.35277,1,1,1000,1000
567871,30:30.1,IMU,381324909,0,0.003300762,0.07833609,0.003805647,-2.096887,-0.3037711,-9.575937,0,0,39.35352,1,1,1000,1000
567972,30:30.2,IMU,381364893,0,0.003211241,0.08888792,0.003665198,-2.100067,-0.3039787,-9.578316,0,0,39.35427,1,1,1000,1000
568026,30:30.2,IMU,381404877,0,0.003219984,0.09985279,0.003552417,-2.101337,-0.303105,-9.566967,0,0,39.35503,1,1,1000,1000
568127,30:30.3,IMU,381444861,0,0.003230832,0.1049437,0.003140052,-2.102972,-0.3046665,-9.571408,0,0,39.35578,1,1,1000,1000
568181,30:30.3,IMU,381484845,0,0.003245759,0.1074284,0.002868203,-2.103228,-0.3045128,-9.567621,0,0,39.35653,1,1,1000,1000
568235,30:30.3,IMU,381524829,0,0.003537894,0.11246,0.002794477,-2.101774,-0.3045244,-9.560142,0,0,39.35728,1,1,1000,1000
568336,30:30.4,IMU,381564813,0,0.00415513,0.1166158,0.002422211,-2.101673,-0.3053911,-9.569365,0,0,39.35804,1,1,1000,1000
568390,30:30.4,IMU,381604797,0,0.003038594,0.1184598,0.002461407,-2.098505,-0.3047685,-9.557053,0,0,39.35879,1,1,1000,1000
568488,30:30.5,IMU,381644781,0,0.002163452,0.1222087,0.002404417,-2.097463,-0.3056429,-9.559683,0,0,39.35954,1,1,1000,1000
568539,30:30.5,IMU,381684765,0,0.001347334,0.1233759,0.002257151,-2.091007,-0.3067439,-9.559669,0,0,39.36029,1,1,1000,1000
568591,30:30.5,IMU,381724749,0,-0.000215763,0.1278182,0.002477197,-2.086177,-0.3074726,-9.555514,0,0,39.36105,1,1,1000,1000
568690,30:30.6,IMU,381764733,0,0.00278244,0.1282479,0.002213895,-2.079602,-0.3058457,-9.555203,0,0,39.3618,1,1,1000,1000
568744,30:30.6,IMU,381804717,0,0.002719186,0.1241861,0.002148779,-2.073183,-0.3067533,-9.56263,0,0,39.36255,1,1,1000,1000
568843,30:30.7,IMU,381844701,0,0.001571538,0.1248679,0.002305713,-2.065116,-0.3063268,-9.555445,0,0,39.3633,1,1,1000,1000
568895,30:30.7,IMU,381884685,0,0.002972637,0.1304636,0.001928423,-2.055197,-0.3085698,-9.555189,0,0,39.36405,1,1,1000,1000
568948,30:30.7,IMU,381924669,0,0.002918511,0.1342986,0.001917223,-2.046311,-0.3086856,-9.562125,0,0,39.3648,1,1,1000,1000
569047,30:30.8,IMU,381964653,0,0.001943841,0.1382314,0.002082593,-2.034176,-0.3088773,-9.561197,0,0,39.36555,1,1,1000,1000
569101,30:30.8,IMU,382004637,0,-0.000738654,0.141511,0.001986043,-2.02428,-0.3107026,-9.56371,0,0,39.36631,1,1,1000,1000
569201,30:30.9,IMU,382044621,0,-0.000227019,0.1423155,0.00212918,-2.009951,-0.3084105,-9.567295,0,0,39.36705,1,1,1000,1000
569252,30:30.9,IMU,382084605,0,0.00080821,0.1460705,0.002220368,-1.996533,-0.3097524,-9.566046,0,0,39.36781,1,1,1000,1000
569304,30:30.9,IMU,382124589,0,0.003073318,0.1483059,0.001919042,-1.983658,-0.310506,-9.571653,0,0,39.36856,1,1,1000,1000
569405,30:31.0,IMU,382165406,0,0.003051449,0.1508501,0.001920833,-1.968254,-0.3113442,-9.577976,0,0,39.36933,1,1,999,999
569459,30:31.0,IMU,382205390,0,0.003533811,0.1581338,0.001964008,-1.950546,-0.3103228,-9.575567,0,0,39.37008,1,1,999,999
569557,30:31.1,IMU,382245374,0,0.003921356,0.1586675,0.001663901,-1.933613,-0.3100201,-9.581152,0,0,39.37083,1,1,999,999
569608,30:31.1,IMU,382285358,0,0.003861804,0.1612988,0.001475136,-1.915896,-0.3100784,-9.586925,0,0,39.37158,1,1,999,999
569660,30:31.1,IMU,382325342,0,0.003853405,0.1624814,0.001606476,-1.896417,-0.3123478,-9.591507,0,0,39.37233,1,1,999,999
569761,30:31.2,IMU,382365326,0,0.001890006,0.1633408,0.001951004,-1.876352,-0.3122332,-9.595634,0,0,39.37308,1,1,999,999
569815,30:31.2,IMU,382405310,0,0.000399277,0.1638123,0.001925952,-1.854445,-0.3118487,-9.607878,0,0,39.37383,1,1,999,999
569916,30:31.3,IMU,382445294,0,0.003135466,0.1639789,0.001739392,-1.833871,-0.3127326,-9.605301,0,0,39.37458,1,1,999,999
569972,30:31.3,IMU,382485278,0,0.003006991,0.1637695,0.001781419,-1.810871,-0.312492,-9.614964,0,0,39.37533,1,1,999,999
570026,30:31.3,IMU,382525262,0,0.002899579,0.1638729,0.002049128,-1.78739,-0.312964,-9.621274,0,0,39.37608,1,1,999,999
570127,30:31.4,IMU,382565246,0,0.002916295,0.1645807,0.002129131,-1.76253,-0.3133634,-9.623076,0,0,39.37683,1,1,999,999
570181,30:31.4,IMU,382605230,0,0.003222832,0.1655315,0.002065213,-1.737145,-0.3136999,-9.631184,0,0,39.37756,1,1,999,999
570279,30:31.5,IMU,382645214,0,0.000439832,0.1637771,0.00200544,-1.712134,-0.3133182,-9.637276,0,0,39.37831,1,1,999,999
570330,30:31.5,IMU,382685198,0,0.000784453,0.1669722,0.001741499,-1.685034,-0.3137858,-9.651621,0,0,39.37906,1,1,999,999
570382,30:31.5,IMU,382725182,0,0.001024234,0.1720995,0.001550695,-1.657655,-0.3145495,-9.655594,0,0,39.37981,1,1,999,999
570481,30:31.6,IMU,382765166,0,0.001154639,0.1783689,0.001632721,-1.629506,-0.3141722,-9.661394,0,0,39.38056,1,1,999,999
570535,30:31.6,IMU,382805150,0,0.001296356,0.1832539,0.001738621,-1.601007,-0.313985,-9.67099,0,0,39.38131,1,1,999,999
570634,30:31.7,IMU,382845134,0,0.002181028,0.1830165,0.001965669,-1.570629,-0.3144837,-9.674924,0,0,39.38206,1,1,999,999
570686,30:31.7,IMU,382885118,0,0.00331231,0.1827402,0.001942103,-1.542421,-0.3147163,-9.681977,0,0,39.3828,1,1,999,999
570738,30:31.7,IMU,382925102,0,0.004099689,0.1853371,0.001826351,-1.510857,-0.3144016,-9.694681,0,0,39.38356,1,1,999,999
570838,30:31.8,IMU,382965086,0,0.00467323,0.1894759,0.001689582,-1.480263,-0.3157117,-9.701475,0,0,39.3843,1,1,999,999
570892,30:31.8,IMU,383005070,0,0.005642254,0.1931803,0.001496713,-1.446727,-0.3144572,-9.711761,0,0,39.38505,1,1,999,999
570992,30:31.9,IMU,383045054,0,0.005293524,0.2014154,0.001271223,-1.412893,-0.3161188,-9.721111,0,0,39.38582,1,1,999,999
571043,30:31.9,IMU,383085038,0,0.005523317,0.2027685,0.001187344,-1.37995,-0.3156561,-9.728242,0,0,39.38657,1,1,999,999
571095,30:31.9,IMU,383125022,0,0.004944711,0.2028899,0.001076121,-1.344509,-0.3166239,-9.743034,0,0,39.38732,1,1,999,999
571196,30:32.0,IMU,383165006,0,0.004978994,0.2046665,0.001084164,-1.309741,-0.3174592,-9.752394,0,0,39.38807,1,1,1000,1000
571250,30:32.0,IMU,383204990,0,0.004417207,0.2066064,0.000946378,-1.275578,-0.3169557,-9.76302,0,0,39.38879,1,1,1000,1000
571348,30:32.1,IMU,383244974,0,0.003816087,0.209416,0.001014214,-1.238985,-0.3176941,-9.76799,0,0,39.38954,1,1,1000,1000
571399,30:32.1,IMU,383284958,0,0.002937593,0.2100961,0.001011626,-1.203441,-0.3176421,-9.785234,0,0,39.39029,1,1,1000,1000
571451,30:32.1,IMU,383324942,0,0.004835458,0.212052,0.000929538,-1.165857,-0.3174855,-9.799472,0,0,39.39104,1,1,1000,1000
571552,30:32.2,IMU,383364926,0,0.004646765,0.213608,0.000980206,-1.128177,-0.3179805,-9.808236,0,0,39.39178,1,1,1000,1000
571606,30:32.2,IMU,383404910,0,0.004539026,0.2173674,0.000845698,-1.090824,-0.3190437,-9.819914,0,0,39.39253,1,1,1000,1000
571706,30:32.3,IMU,383444894,0,0.004358495,0.215043,0.000605453,-1.052176,-0.3200736,-9.827087,0,0,39.39328,1,1,1000,1000
571761,30:32.3,IMU,383484878,0,0.004333422,0.2141021,0.000299338,-1.013515,-0.3201221,-9.837451,0,0,39.39403,1,1,1000,1000
571815,30:32.3,IMU,383524862,0,0.004557904,0.2171308,6.134874e-05,-0.9745338,-0.3209413,-9.848483,0,0,39.39478,1,1,1000,1000
571916,30:32.4,IMU,383564846,0,0.002011035,0.2171186,0.0002023,-0.9354273,-0.3202906,-9.865246,0,0,39.39552,1,1,1000,1000
571970,30:32.4,IMU,383604830,0,0.002475554,0.2135971,0.000331613,-0.894867,-0.3210613,-9.873955,0,0,39.39627,1,1,1000,1000
572068,30:32.5,IMU,383644814,0,0.0025006,0.2072881,0.000209621,-0.855369,-0.320465,-9.878526,0,0,39.39702,1,1,1000,1000
572119,30:32.5,IMU,383684798,0,0.003057946,0.1959514,0.00028883,-0.8172317,-0.3223515,-9.906651,0,0,39.39777,1,1,1000,1000
572171,30:32.5,IMU,383724782,0,0.004426864,0.1800626,0.000435664,-0.7765106,-0.3213851,-9.915195,0,0,39.39851,1,1,1000,1000
572270,30:32.6,IMU,383764766,0,0.004303394,0.1663166,0.000602671,-0.7361533,-0.3226108,-9.914801,0,0,39.39926,1,1,1000,1000
572324,30:32.6,IMU,383804750,0,0.001891652,0.1506271,0.000874837,-0.6959155,-0.32267,-9.923184,0,0,39.40001,1,1,1000,1000
572423,30:32.7,IMU,383844734,0,-0.000507258,0.1402133,0.001169284,-0.6589409,-0.3227093,-9.943584,0,0,39.40075,1,1,1000,1000
572475,30:32.7,IMU,383884718,0,-0.006035636,0.1333598,0.001231363,-0.61829,-0.3238445,-9.941467,0,0,39.4015,1,1,1000,1000
572527,30:32.7,IMU,383924702,0,-0.01428598,0.1374762,0.000751164,-0.5814269,-0.3235701,-9.942102,0,0,39.40224,1,1,1000,1000
572626,30:32.8,IMU,383964686,0,-0.02267317,0.1433129,-5.41e-06,-0.542279,-0.323541,-9.946503,0,0,39.40299,1,1,1000,1000
572681,30:32.8,IMU,384004670,0,-0.03809683,0.1514747,-0.00158151,-0.506374,-0.3229674,-9.94729,0,0,39.40374,1,1,1000,1000
572781,30:32.9,IMU,384044654,0,-0.04724062,0.1612585,-0.004054153,-0.4700155,-0.3236762,-9.949534,0,0,39.40448,1,1,1000,1000
572832,30:32.9,IMU,384084638,0,-0.05301344,0.1689136,-0.007459927,-0.4328468,-0.3230869,-9.954345,0,0,39.40523,1,1,1000,1000
572884,30:32.9,IMU,384124622,0,-0.05991805,0.1745223,-0.01167464,-0.3973839,-0.3228379,-9.954385,0,0,39.40598,1,1,1000,1000
572985,30:33.0,IMU,384164606,0,-0.06679766,0.1789007,-0.01671129,-0.3626125,-0.3216665,-9.963691,0,0,39.40672,1,1,999,999
573039,30:33.0,IMU,384204590,0,-0.06811609,0.1800355,-0.02250408,-0.3265806,-0.3213444,-9.961571,0,0,39.40747,1,1,999,999
573139,30:33.1,IMU,384245407,0,-0.07275321,0.1828256,-0.02938699,-0.2914789,-0.319782,-9.96608,0,0,39.40823,1,1,999,999
573190,30:33.1,IMU,384285391,0,-0.07426917,0.1863841,-0.03671228,-0.2555762,-0.3185743,-9.972782,0,0,39.40898,1,1,999,999
573243,30:33.1,IMU,384325375,0,-0.07357953,0.1821904,-0.04435146,-0.2227169,-0.3156925,-9.982016,0,0,39.40972,1,1,999,999
573343,30:33.2,IMU,384365359,0,-0.07713359,0.1819012,-0.05256499,-0.1874105,-0.3134301,-9.981619,0,0,39.41047,1,1,999,999
573398,30:33.2,IMU,384405343,0,-0.07579842,0.1806786,-0.06127866,-0.1536305,-0.310267,-9.9891,0,0,39.41121,1,1,999,999
573498,30:33.3,IMU,384445327,0,-0.07914452,0.1795294,-0.07032697,-0.1203276,-0.3070081,-9.993627,0,0,39.41196,1,1,999,999
573553,30:33.3,IMU,384485311,0,-0.07678415,0.1783955,-0.07997663,-0.08973619,-0.3027602,-9.994165,0,0,39.4127,1,1,999,999
573606,30:33.3,IMU,384525295,0,-0.07926106,0.1771164,-0.09016061,-0.05704832,-0.2996858,-9.99816,0,0,39.41345,1,1,999,999
573707,30:33.4,IMU,384565279,0,-0.08107243,0.1749469,-0.1009876,-0.02571508,-0.2943845,-10.0087,0,0,39.41419,1,1,999,999
573761,30:33.4,IMU,384605263,0,-0.07933412,0.1726927,-0.1123671,0.005210533,-0.2883413,-10.01224,0,0,39.41494,1,1,999,999
573859,30:33.5,IMU,384645247,0,-0.0812666,0.1700369,-0.1245722,0.03561975,-0.2833849,-10.02141,0,0,39.41568,1,1,999,999
573910,30:33.5,IMU,384685231,0,-0.08157963,0.167947,-0.137333,0.06961759,-0.2768812,-10.02651,0,0,39.41641,1,1,999,999
573962,30:33.5,IMU,384725215,0,-0.08462512,0.1650128,-0.1513894,0.1047061,-0.2688343,-10.02811,0,0,39.41715,1,1,999,999
574061,30:33.6,IMU,384765199,0,-0.08557867,0.1627133,-0.1667174,0.1405865,-0.2614307,-10.03623,0,0,39.4179,1,1,999,999
574115,30:33.6,IMU,384805183,0,-0.0869143,0.160085,-0.1835907,0.177838,-0.2515579,-10.03712,0,0,39.41864,1,1,999,999
574214,30:33.7,IMU,384845167,0,-0.08823127,0.1584514,-0.2020422,0.2170636,-0.2416172,-10.04281,0,0,39.41939,1,1,999,999
574266,30:33.7,IMU,384885151,0,-0.08954328,0.1578076,-0.2224511,0.2577689,-0.2297317,-10.042,0,0,39.42013,1,1,999,999
574318,30:33.7,IMU,384925135,0,-0.09152605,0.1558729,-0.245124,0.2995175,-0.2184884,-10.04583,0,0,39.42088,1,1,999,999
574419,30:33.8,IMU,384965119,0,-0.09352718,0.1547078,-0.2703551,0.3424868,-0.2043929,-10.0484,0,0,39.42162,1,1,999,999
574474,30:33.8,IMU,385005103,0,-0.09503622,0.1529545,-0.2986242,0.3867108,-0.189817,-10.05177,0,0,39.42236,1,1,999,999
574574,30:33.9,IMU,385045087,0,-0.09654886,0.1483324,-0.3303402,0.4310246,-0.1742566,-10.04945,0,0,39.4231,1,1,999,999
574625,30:33.9,IMU,385085071,0,-0.09775845,0.1415899,-0.3661455,0.4777079,-0.1552372,-10.05341,0,0,39.42385,1,1,999,999
574677,30:33.9,IMU,385125055,0,-0.09789521,0.1315956,-0.4067734,0.5257653,-0.1363467,-10.05132,0,0,39.42461,1,1,999,999
574777,30:34.0,IMU,385165039,0,-0.09719393,0.1179588,-0.4525678,0.5744317,-0.1157587,-10.04702,0,0,39.42535,1,1,999,999
574831,30:34.0,IMU,385205023,0,-0.09724313,0.1025951,-0.5045651,0.622829,-0.09239411,-10.04562,0,0,39.4261,1,1,999,999
574929,30:34.1,IMU,385245007,0,-0.09785759,0.08888428,-0.5637383,0.6712091,-0.0662178,-10.03786,0,0,39.42684,1,1,999,999
574980,30:34.1,IMU,385284991,0,-0.09758316,0.07664777,-0.6311523,0.7191387,-0.03825195,-10.03442,0,0,39.42757,1,1,999,999
575032,30:34.1,IMU,385324975,0,-0.09689508,0.06700787,-0.7079381,0.7658904,-0.00759443,-10.02418,0,0,39.42831,1,1,999,999
575132,30:34.2,IMU,385364959,0,-0.09691888,0.05874423,-0.7921132,0.8111476,0.02619922,-10.01285,0,0,39.42905,1,1,999,999
575187,30:34.2,IMU,385404943,0,-0.09573972,0.05010717,-0.8755425,0.854978,0.0667111,-10.00204,0,0,39.42979,1,1,999,999
575287,30:34.3,IMU,385444927,0,-0.09643954,0.04482887,-0.951712,0.8964272,0.111849,-9.986659,0,0,39.43053,1,1,999,999
575341,30:34.3,IMU,385484911,0,-0.09683925,0.04196106,-1.017319,0.930945,0.1626062,-9.972279,0,0,39.43128,1,1,999,999
575395,30:34.3,IMU,385524895,0,-0.09683938,0.03821233,-1.070932,0.9620443,0.2222929,-9.9594,0,0,39.43202,1,1,999,999
575496,30:34.4,IMU,385564879,0,-0.09734361,0.03351681,-1.112534,0.9877793,0.2878902,-9.946818,0,0,39.43276,1,1,999,999
575550,30:34.4,IMU,385604863,0,-0.0986373,0.02882133,-1.142745,1.003581,0.3599964,-9.931301,0,0,39.43351,1,1,999,999
575648,30:34.5,IMU,385644847,0,-0.1003989,0.02430652,-1.162989,1.014834,0.4403034,-9.919205,0,0,39.43425,1,1,999,999
575699,30:34.5,IMU,385684831,0,-0.1029175,0.01814065,-1.174787,1.016924,0.523258,-9.907286,0,0,39.43499,1,1,999,999
575751,30:34.5,IMU,385724815,0,-0.1041873,0.01297625,-1.179649,1.012538,0.6142372,-9.894459,0,0,39.43573,1,1,999,999
575853,30:34.6,IMU,385764799,0,-0.1074756,0.005389283,-1.178931,0.9990397,0.7085009,-9.881765,0,0,39.43647,1,1,999,999
575907,30:34.6,IMU,385804783,0,-0.1094714,-0.001312711,-1.173778,0.9777168,0.8067961,-9.867428,0,0,39.43721,1,1,999,999
576006,30:34.7,IMU,385844767,0,-0.1122323,-0.009205044,-1.165496,0.9498505,0.9093062,-9.85253,0,0,39.43796,1,1,999,999
576057,30:34.7,IMU,385884751,0,-0.1159164,-0.01747209,-1.154868,0.9165698,1.015073,-9.836422,0,0,39.4387,1,1,999,999
576110,30:34.7,IMU,385924735,0,-0.11936,-0.02511327,-1.142788,0.8774439,1.119644,-9.82167,0,0,39.43944,1,1,999,999
576209,30:34.8,IMU,385964719,0,-0.1255335,-0.03552647,-1.129848,0.8305026,1.228223,-9.803961,0,0,39.44018,1,1,999,999
576263,30:34.8,IMU,386004703,0,-0.1283372,-0.0452332,-1.116853,0.780136,1.335272,-9.784961,0,0,39.44092,1,1,999,999
576364,30:34.9,IMU,386044687,0,-0.1288842,-0.0508759,-1.10413,0.7246003,1.441111,-9.757793,0,0,39.44166,1,1,999,999
576415,30:34.9,IMU,386084671,0,-0.1292687,-0.0576314,-1.092055,0.6660485,1.547983,-9.743774,0,0,39.44241,1,1,999,999
576467,30:34.9,IMU,386124655,0,-0.1284153,-0.06497055,-1.081013,0.6034234,1.651729,-9.727127,0,0,39.44315,1,1,999,999
576567,30:35.0,IMU,386164639,0,-0.1111467,-0.06787152,-1.07115,0.5384605,1.752396,-9.698988,0,0,39.44389,1,1,1000,1000
576621,30:35.0,IMU,386204623,0,-0.08910882,-0.06380574,-1.062487,0.4700804,1.852186,-9.678555,0,0,39.44463,1,1,1000,1000
576719,30:35.1,IMU,386244607,0,-0.06320788,-0.06436379,-1.05512,0.4007821,1.949049,-9.646595,0,0,39.44537,1,1,1000,1000
576770,30:35.1,IMU,386284591,0,-0.04472823,-0.05842449,-1.049317,0.3292933,2.040645,-9.619054,0,0,39.44611,1,1,1000,1000
576822,30:35.1,IMU,386325408,0,-0.03010468,-0.0568146,-1.044711,0.2565809,2.130295,-9.578465,0,0,39.44687,1,1,1000,1000
576921,30:35.2,IMU,386365392,0,-0.01795968,-0.05436946,-1.041472,0.1862882,2.210073,-9.547516,0,0,39.44761,1,1,1000,1000
576977,30:35.2,IMU,386405376,0,-0.007696402,-0.04950935,-1.039069,0.1148713,2.285221,-9.514597,0,0,39.44835,1,1,1000,1000
577077,30:35.3,IMU,386445360,0,-0.000597257,-0.04436853,-1.037582,0.0459593,2.352797,-9.476709,0,0,39.44909,1,1,1000,1000
577131,30:35.3,IMU,386485344,0,0.005396578,-0.0380421,-1.036748,-0.02261172,2.410069,-9.444653,0,0,39.44983,1,1,1000,1000
577184,30:35.3,IMU,386525328,0,0.008396563,-0.0315444,-1.036616,-0.09508098,2.45991,-9.415262,0,0,39.45057,1,1,1000,1000
577286,30:35.4,IMU,386565312,0,0.008943546,-0.02234482,-1.037058,-0.175304,2.49886,-9.401287,0,0,39.45131,1,1,1000,1000
577340,30:35.4,IMU,386605296,0,0.006021223,-0.01470792,-1.037617,-0.2645136,2.529584,-9.374868,0,0,39.45205,1,1,1000,1000
577438,30:35.5,IMU,386645280,0,0.007160441,-0.01033353,-1.038905,-0.3605458,2.550781,-9.35896,0,0,39.45279,1,1,1000,1000
577489,30:35.5,IMU,386685264,0,0.006667572,-0.002960487,-1.040092,-0.4653826,2.559053,-9.342782,0,0,39.45353,1,1,1000,1000
577541,30:35.5,IMU,386725248,0,0.003193186,0.00153695,-1.041424,-0.5792712,2.558357,-9.329818,0,0,39.45427,1,1,1000,1000
577640,30:35.6,IMU,386765232,0,0.002142446,0.006040707,-1.042735,-0.6975043,2.547192,-9.329429,0,0,39.45499,1,1,1000,1000
577694,30:35.6,IMU,386805216,0,-0.000344487,0.005596701,-1.044035,-0.8254793,2.524783,-9.315608,0,0,39.45573,1,1,1000,1000
577793,30:35.7,IMU,386845200,0,0.001851847,0.003884306,-1.045415,-0.959146,2.494284,-9.315661,0,0,39.45647,1,1,1000,1000
577844,30:35.7,IMU,386885184,0,0.006256372,0.004065201,-1.047072,-1.100324,2.451227,-9.310015,0,0,39.45721,1,1,1000,1000
577897,30:35.7,IMU,386925168,0,0.007987113,0.000133835,-1.048487,-1.248218,2.398708,-9.302293,0,0,39.45794,1,1,1000,1000
577996,30:35.8,IMU,386965152,0,0.01376426,-0.005185222,-1.049768,-1.399114,2.337281,-9.304889,0,0,39.45868,1,1,1000,1000
578050,30:35.8,IMU,387005136,0,0.0160786,-0.01114384,-1.050701,-1.553069,2.26628,-9.298825,0,0,39.45942,1,1,1000,1000
578151,30:35.9,IMU,387045120,0,0.02391904,-0.01504944,-1.051636,-1.711808,2.186472,-9.28717,0,0,39.46016,1,1,1000,1000
578202,30:35.9,IMU,387085104,0,0.03322745,-0.01870572,-1.052411,-1.871186,2.100392,-9.276776,0,0,39.4609,1,1,1000,1000
578254,30:35.9,IMU,387125088,0,0.04135456,-0.02066116,-1.052752,-2.032609,2.007761,-9.266021,0,0,39.46164,1,1,1000,1000
578354,30:36.0,IMU,387165072,0,0.04854271,-0.02418048,-1.052116,-2.195118,1.908618,-9.25522,0,0,39.46238,1,1,999,999
578408,30:36.0,IMU,387205056,0,0.05536164,-0.02681369,-1.041594,-2.356269,1.804783,-9.242384,0,0,39.46313,1,1,999,999
578506,30:36.1,IMU,387245040,0,0.06321372,-0.02906843,-1.010016,-2.515041,1.6984,-9.212854,0,0,39.46387,1,1,999,999
578557,30:36.1,IMU,387285024,0,0.07003052,-0.02825467,-0.9522882,-2.663231,1.593242,-9.187258,0,0,39.46461,1,1,999,999
578609,30:36.1,IMU,387325008,0,0.07410435,-0.0275882,-0.8712677,-2.801218,1.491685,-9.165173,0,0,39.46535,1,1,999,999
578708,30:36.2,IMU,387364992,0,0.07909992,-0.0249482,-0.7726864,-2.923515,1.396981,-9.134486,0,0,39.46606,1,1,999,999
578763,30:36.2,IMU,387404976,0,0.08108726,-0.02329,-0.6631544,-3.033833,1.315621,-9.11124,0,0,39.4668,1,1,999,999
578864,30:36.3,IMU,387444960,0,0.08188272,-0.02134757,-0.5490417,-3.129187,1.246127,-9.08014,0,0,39.46754,1,1,999,999
578919,30:36.3,IMU,387484944,0,0.08249769,-0.01926127,-0.4359393,-3.211338,1.188952,-9.052549,0,0,39.46828,1,1,999,999
578972,30:36.3,IMU,387524928,0,0.08230229,-0.0165762,-0.3284592,-3.285651,1.146693,-9.027021,0,0,39.46902,1,1,999,999
579074,30:36.4,IMU,387564912,0,0.07947002,-0.01524148,-0.229749,-3.347508,1.11681,-9.005475,0,0,39.46975,1,1,999,999
579128,30:36.4,IMU,387604896,0,0.07608925,-0.01358999,-0.1420394,-3.401697,1.095319,-8.984081,0,0,39.47049,1,1,999,999
579226,30:36.5,IMU,387644880,0,0.07254824,-0.01189547,-0.06663949,-3.446846,1.084448,-8.966301,0,0,39.47123,1,1,999,999
579277,30:36.5,IMU,387684864,0,0.06970965,-0.01074724,-0.004485119,-3.485976,1.083384,-8.947583,0,0,39.47197,1,1,999,999
579329,30:36.5,IMU,387724848,0,0.06384918,-0.008147657,0.04532131,-3.519315,1.08902,-8.934162,0,0,39.4727,1,1,999,999
579428,30:36.6,IMU,387764832,0,0.05617897,-0.007422232,0.08312412,-3.548336,1.0989,-8.920007,0,0,39.47344,1,1,999,999
579483,30:36.6,IMU,387804816,0,0.04750213,-0.00564736,0.1100309,-3.574419,1.110846,-8.904524,0,0,39.47418,1,1,999,999
579581,30:36.7,IMU,387844800,0,0.03864934,-0.003841663,0.1273281,-3.596236,1.127503,-8.896576,0,0,39.47491,1,1,999,999
579632,30:36.7,IMU,387884784,0,0.03105518,-0.002303489,0.1362711,-3.616747,1.146172,-8.885838,0,0,39.47565,1,1,999,999
579685,30:36.7,IMU,387924768,0,0.02336253,-0.001559448,0.1382898,-3.636947,1.161664,-8.876163,0,0,39.47639,1,1,999,999
579784,30:36.8,IMU,387964752,0,0.01562304,0.00101889,0.1349268,-3.655705,1.178611,-8.866451,0,0,39.47712,1,1,999,999
579838,30:36.8,IMU,388004736,0,0.009565759,0.00246456,0.127381,-3.673034,1.195851,-8.86105,0,0,39.47786,1,1,999,999
579938,30:36.9,IMU,388044720,0,0.005299716,0.003851336,0.1167133,-3.692646,1.209982,-8.850156,0,0,39.4786,1,1,999,999
579990,30:36.9,IMU,388084704,0,0.004423821,0.004053677,0.1038953,-3.711716,1.222907,-8.841899,0,0,39.47933,1,1,999,999
580042,30:36.9,IMU,388124688,0,0.001677854,0.003529986,0.09012878,-3.732337,1.235101,-8.834028,0,0,39.48007,1,1,999,999
580143,30:37.0,IMU,388164672,0,0.000714362,0.004086517,0.07619441,-3.751228,1.243736,-8.826717,0,0,39.4808,1,1,1000,1000
580197,30:37.0,IMU,388204656,0,0.000277208,0.005955989,0.06271841,-3.775963,1.252387,-8.82889,0,0,39.48154,1,1,1000,1000
580297,30:37.1,IMU,388244640,0,0.000640784,0.004189446,0.04963689,-3.797463,1.257247,-8.825186,0,0,39.48228,1,1,1000,1000
580348,30:37.1,IMU,388284624,0,0.00093051,0.005441064,0.03784316,-3.819026,1.26181,-8.806633,0,0,39.48301,1,1,1000,1000
580400,30:37.1,IMU,388324608,0,0.003417268,0.002399317,0.0271537,-3.842281,1.263917,-8.804276,0,0,39.48375,1,1,1000,1000
580499,30:37.2,IMU,388364592,0,0.000978033,0.002741552,0.01823905,-3.865597,1.265572,-8.80599,0,0,39.48448,1,1,1000,1000
580554,30:37.2,IMU,388405409,0,-0.00184741,0.006277752,0.01087887,-3.890258,1.266063,-8.796799,0,0,39.48524,1,1,1000,1000
580656,30:37.3,IMU,388445393,0,7.811868e-05,0.003729201,0.004624926,-3.913486,1.263951,-8.787503,0,0,39.48597,1,1,1000,1000
580710,30:37.3,IMU,388485377,0,0.004051604,0.003012715,-2.15e-05,-3.937966,1.263263,-8.789757,0,0,39.48671,1,1,1000,1000
580763,30:37.3,IMU,388525361,0,0.005775938,0.002993667,-0.003669838,-3.961408,1.261155,-8.777109,0,0,39.48744,1,1,1000,1000
580865,30:37.4,IMU,388565345,0,0.005789087,0.002975198,-0.006014792,-3.984512,1.259388,-8.779885,0,0,39.48817,1,1,1000,1000
580919,30:37.4,IMU,388605329,0,0.003026653,0.004848864,-0.007163069,-4.006388,1.255219,-8.767529,0,0,39.48891,1,1,1000,1000
581017,30:37.5,IMU,388645313,0,0.001388656,0.004611464,-0.007675123,-4.029726,1.253473,-8.767831,0,0,39.48965,1,1,1000,1000
581068,30:37.5,IMU,388685297,0,0.003454084,0.003222005,-0.008011536,-4.050236,1.249922,-8.758072,0,0,39.49038,1,1,1000,1000
581120,30:37.5,IMU,388725281,0,0.003341496,0.003514868,-0.007091341,-4.071673,1.247713,-8.757549,0,0,39.49112,1,1,1000,1000
581219,30:37.6,IMU,388765265,0,0.003348443,0.003467615,-0.00636396,-4.091806,1.245279,-8.751291,0,0,39.49185,1,1,1000,1000
581273,30:37.6,IMU,388805249,0,0.00328734,0.003811956,-0.005562193,-4.110199,1.241667,-8.740733,0,0,39.49258,1,1,1000,1000
581372,30:37.7,IMU,388845233,0,0.002586279,0.004561848,-0.004304896,-4.128739,1.239651,-8.740277,0,0,39.4933,1,1,1000,1000
581423,30:37.7,IMU,388885217,0,0.002222704,0.004512746,-0.002833593,-4.147328,1.236425,-8.736151,0,0,39.49403,1,1,1000,1000
581475,30:37.7,IMU,388925201,0,0.001615321,0.00318693,-0.001446033,-4.165546,1.234023,-8.73274,0,0,39.49477,1,1,1000,1000
581575,30:37.8,IMU,388965185,0,0.002900258,0.002285758,-0.000164062,-4.179668,1.23204,-8.72555,0,0,39.4955,1,1,1000,1000
581629,30:37.8,IMU,389005169,0,0.002674503,0.003212306,0.001330412,-4.196281,1.232354,-8.721352,0,0,39.49623,1,1,1000,1000
581729,30:37.9,IMU,389045153,0,0.004476169,0.003569185,0.002503657,-4.212946,1.229694,-8.721697,0,0,39.49697,1,1,1000,1000
581781,30:37.9,IMU,389085137,0,0.005625465,0.004658164,0.003257195,-4.228797,1.229949,-8.723246,0,0,39.4977,1,1,1000,1000
581833,30:37.9,IMU,389125121,0,0.004413135,0.004406688,0.003891024,-4.242301,1.228973,-8.715965,0,0,39.49844,1,1,1000,1000
581934,30:38.0,IMU,389165105,0,0.004324085,0.002380226,0.004296883,-4.256938,1.227432,-8.714311,0,0,39.49917,1,1,999,999
581988,30:38.0,IMU,389205089,0,0.004706062,0.003204091,0.004410246,-4.269944,1.226517,-8.711458,0,0,39.4999,1,1,999,999
582086,30:38.1,IMU,389245073,0,0.006171482,0.003158712,0.004463864,-4.283256,1.226192,-8.70611,0,0,39.50064,1,1,999,999
582137,30:38.1,IMU,389285057,0,0.008308147,0.003124489,0.004404876,-4.29564,1.224793,-8.703996,0,0,39.50139,1,1,999,999
582189,30:38.1,IMU,389325041,0,0.008556843,0.003124179,0.004666873,-4.30864,1.224918,-8.701537,0,0,39.50212,1,1,999,999
582288,30:38.2,IMU,389365025,0,0.00825481,0.002621053,0.004851556,-4.321074,1.223258,-8.702028,0,0,39.50285,1,1,999,999
582343,30:38.2,IMU,389405009,0,0.00769758,0.001918415,0.004657547,-4.332888,1.223815,-8.706247,0,0,39.50359,1,1,999,999
582444,30:38.3,IMU,389444993,0,0.008395128,0.001292751,0.004423073,-4.343874,1.222634,-8.702854,0,0,39.5043,1,1,999,999
582499,30:38.3,IMU,389484977,0,0.008890669,0.00146358,0.004228885,-4.35415,1.221796,-8.702584,0,0,39.50504,1,1,999,999
582552,30:38.3,IMU,389524961,0,0.009269998,0.002641388,0.003887635,-4.366535,1.220869,-8.700529,0,0,39.50577,1,1,999,999
582653,30:38.4,IMU,389564945,0,0.008527228,0.001497895,0.003550134,-4.375649,1.220066,-8.699495,0,0,39.5065,1,1,999,999
582708,30:38.4,IMU,389604929,0,0.006590881,0.001659017,0.00331289,-4.38546,1.219456,-8.69744,0,0,39.50723,1,1,999,999
582806,30:38.5,IMU,389644913,0,0.007603441,0.001845334,0.003237045,-4.395541,1.219322,-8.69836,0,0,39.50797,1,1,999,999
582857,30:38.5,IMU,389684897,0,0.007058119,0.001985666,0.003205854,-4.40523,1.217904,-8.695652,0,0,39.5087,1,1,999,999
582909,30:38.5,IMU,389724881,0,0.006622033,0.002124667,0.00320463,-4.414526,1.216394,-8.691223,0,0,39.50943,1,1,999,999
583008,30:38.6,IMU,389764865,0,0.006230355,0.002170043,0.003175197,-4.423551,1.215547,-8.687946,0,0,39.51016,1,1,999,999
583062,30:38.6,IMU,389804849,0,0.005831673,0.002307667,0.003206602,-4.430525,1.214002,-8.685503,0,0,39.51089,1,1,999,999
583161,30:38.7,IMU,389844833,0,0.005533167,0.002355566,0.003190181,-4.44005,1.213287,-8.681499,0,0,39.51163,1,1,999,999
583212,30:38.7,IMU,389884817,0,0.006545659,0.00263388,0.003125623,-4.449645,1.214452,-8.697001,0,0,39.51236,1,1,999,999
583264,30:38.7,IMU,389924801,0,0.006555198,0.003508439,0.002965667,-4.456563,1.21244,-8.691858,0,0,39.51309,1,1,999,999
583364,30:38.8,IMU,389964785,0,0.006886803,0.003366501,0.002896987,-4.464295,1.211565,-8.688997,0,0,39.51382,1,1,999,999
583418,30:38.8,IMU,390004769,0,0.006709315,0.002460842,0.002822727,-4.472953,1.209763,-8.690185,0,0,39.51455,1,1,999,999
583520,30:38.9,IMU,390044753,0,0.008975182,0.001674217,0.002618246,-4.480278,1.209285,-8.696567,0,0,39.51528,1,1,999,999
583571,30:38.9,IMU,390084737,0,0.008216882,0.001825359,0.002710427,-4.48713,1.209515,-8.696089,0,0,39.51601,1,1,999,999
583624,30:38.9,IMU,390124721,0,0.007611009,0.001985995,0.00271313,-4.494032,1.209189,-8.691576,0,0,39.51675,1,1,999,999
583724,30:39.0,IMU,390164705,0,0.007103818,0.00200792,0.002757723,-4.500007,1.206303,-8.687305,0,0,39.51748,1,1,999,999
583779,30:39.0,IMU,390204689,0,0.006623686,0.002161518,0.00277069,-4.506537,1.20555,-8.683712,0,0,39.51821,1,1,999,999
583877,30:39.1,IMU,390244673,0,0.006218283,0.002287426,0.002806154,-4.512349,1.20524,-8.681671,0,0,39.51894,1,1,999,999
583928,30:39.1,IMU,390284657,0,0.006114944,0.002395922,0.002828004,-4.518038,1.202567,-8.678235,0,0,39.51967,1,1,999,999
583980,30:39.1,IMU,390324641,0,0.009058048,0.003799138,0.002622096,-4.525105,1.203682,-8.693323,0,0,39.5204,1,1,999,999
584079,30:39.2,IMU,390364625,0,0.0095245,0.003714954,0.002509235,-4.531472,1.20259,-8.692017,0,0,39.52113,1,1,999,999
584134,30:39.2,IMU,390404609,0,0.007740196,0.003798751,0.002591196,-4.536327,1.201408,-8.690344,0,0,39.52186,1,1,999,999
584235,30:39.3,IMU,390444593,0,0.007691619,0.001917919,0.002546998,-4.542032,1.198895,-8.689261,0,0,39.52259,1,1,999,999
584290,30:39.3,IMU,390485410,0,0.007102463,0.003614707,0.002488331,-4.548682,1.199451,-8.691937,0,0,39.52334,1,1,999,999
584343,30:39.3,IMU,390525394,0,0.009395314,0.003471215,0.002303525,-4.553377,1.197847,-8.69157,0,0,39.52407,1,1,999,999
584444,30:39.4,IMU,390565378,0,0.008550851,0.003435937,0.002423327,-4.557788,1.1953,-8.687787,0,0,39.5248,1,1,999,999
584498,30:39.4,IMU,390605362,0,0.007947871,0.003392317,0.002426148,-4.562602,1.195178,-8.686163,0,0,39.52553,1,1,999,999
584597,30:39.5,IMU,390645346,0,0.007375757,0.001616573,0.002582893,-4.567287,1.193821,-8.682165,0,0,39.52626,1,1,999,999
584648,30:39.5,IMU,390685330,0,0.006728135,0.001755116,0.00264867,-4.570447,1.191589,-8.679473,0,0,39.52699,1,1,999,999
584700,30:39.5,IMU,390725314,0,0.00288656,0.002107545,0.002852311,-4.574126,1.190286,-8.670882,0,0,39.52772,1,1,999,999
584799,30:39.6,IMU,390765298,0,-0.001530881,0.002196474,0.003288452,-4.578323,1.188592,-8.665125,0,0,39.52845,1,1,999,999
584854,30:39.6,IMU,390805282,0,-0.004353482,0.003388283,0.003812654,-4.581467,1.186944,-8.659664,0,0,39.52918,1,1,999,999
584952,30:39.7,IMU,390845266,0,-0.007889133,0.00391028,0.004501873,-4.586539,1.184654,-8.657339,0,0,39.52991,1,1,999,999
585003,30:39.7,IMU,390885250,0,-0.007454032,0.006707904,0.005121662,-4.589225,1.183937,-8.651082,0,0,39.53064,1,1,999,999
585055,30:39.7,IMU,390925234,0,-0.00921048,0.006130566,0.00587247,-4.592181,1.182679,-8.644415,0,0,39.53136,1,1,999,999
585155,30:39.8,IMU,390965218,0,-0.0113644,0.005766062,0.006605142,-4.595988,1.180092,-8.643349,0,0,39.53208,1,1,999,999
585209,30:39.8,IMU,391005202,0,-0.009558637,0.005439002,0.007020763,-4.598628,1.178975,-8.640347,0,0,39.53281,1,1,999,999
585309,30:39.9,IMU,391045186,0,-0.008128189,0.005173972,0.007352069,-4.601511,1.178877,-8.637649,0,0,39.53354,1,1,999,999
585360,30:39.9,IMU,391085170,0,-0.006873887,0.004935026,0.007743509,-4.605006,1.178674,-8.634305,0,0,39.53426,1,1,999,999
585413,30:39.9,IMU,391125154,0,-0.007160684,0.004721378,0.008021264,-4.606837,1.177331,-8.626424,0,0,39.53499,1,1,999,999
585513,30:40.0,IMU,391165138,0,-0.008375639,0.004506054,0.008481394,-4.610439,1.17682,-8.626839,0,0,39.53572,1,1,1000,1000
585568,30:40.0,IMU,391205122,0,-0.01030148,0.006567403,0.008730699,-4.611242,1.176852,-8.628111,0,0,39.53645,1,1,1000,1000
585666,30:40.1,IMU,391245106,0,-0.00865736,0.00725055,0.00877012,-4.613484,1.177043,-8.618302,0,0,39.53718,1,1,1000,1000
585717,30:40.1,IMU,391285090,0,-0.007485377,0.007450906,0.008471959,-4.615891,1.177278,-8.615982,0,0,39.53791,1,1,1000,1000
585769,30:40.1,IMU,391325074,0,-0.007960501,0.006657834,0.007885121,-4.61744,1.177794,-8.611215,0,0,39.53864,1,1,1000,1000
585868,30:40.2,IMU,391365058,0,-0.00659867,0.005606178,0.007126977,-4.62023,1.176986,-8.610394,0,0,39.53938,1,1,1000,1000
585923,30:40.2,IMU,391405042,0,-0.005454081,0.005482709,0.006447815,-4.621352,1.176867,-8.606376,0,0,39.54011,1,1,1000,1000
586023,30:40.3,IMU,391445026,0,-0.004601186,0.004339886,0.005857349,-4.623069,1.177257,-8.605242,0,0,39.54084,1,1,1000,1000
586079,30:40.3,IMU,391485010,0,-0.003672182,0.002181679,0.005303821,-4.626033,1.176671,-8.601536,0,0,39.54156,1,1,1000,1000
586132,30:40.3,IMU,391524994,0,-0.002958584,0.002568807,0.004937988,-4.628013,1.177717,-8.598557,0,0,39.54227,1,1,1000,1000
586233,30:40.4,IMU,391564978,0,-0.000361992,0.002403838,0.004591836,-4.628957,1.179051,-8.595541,0,0,39.543,1,1,1000,1000
586287,30:40.4,IMU,391604962,0,-0.000115144,0.002814501,0.004394801,-4.629611,1.179114,-8.590966,0,0,39.54373,1,1,1000,1000
586386,30:40.5,IMU,391644946,0,0.000276119,0.002839228,0.004253889,-4.630602,1.178826,-8.590595,0,0,39.54446,1,1,1000,1000
586437,30:40.5,IMU,391684930,0,0.000728904,0.002815369,0.004150599,-4.63361,1.179964,-8.58844,0,0,39.54519,1,1,1000,1000
586489,30:40.5,IMU,391724914,0,0.002823362,0.002811925,0.004016858,-4.635156,1.181337,-8.586099,0,0,39.54591,1,1,1000,1000
586588,30:40.6,IMU,391764898,0,0.007056578,0.002827706,0.003521239,-4.636374,1.180261,-8.586176,0,0,39.54664,1,1,1000,1000
586643,30:40.6,IMU,391804882,0,0.009132187,0.002892669,0.003267543,-4.638297,1.182174,-8.581662,0,0,39.54736,1,1,1000,1000
586741,30:40.7,IMU,391844866,0,0.01056941,0.002898452,0.002892953,-4.63931,1.183742,-8.578241,0,0,39.54809,1,1,1000,1000
586792,30:40.7,IMU,391884850,0,0.01155132,0.002905509,0.002478915,-4.64007,1.183451,-8.576399,0,0,39.54882,1,1,1000,1000
586844,30:40.7,IMU,391924834,0,0.01000654,0.002612792,0.002195535,-4.640771,1.183888,-8.570655,0,0,39.54955,1,1,1000,1000
586944,30:40.8,IMU,391964818,0,0.00976314,0.001259025,0.001664337,-4.641169,1.184926,-8.562521,0,0,39.55027,1,1,1000,1000
586998,30:40.8,IMU,392004802,0,0.008988772,0.003448264,0.001404248,-4.643507,1.185016,-8.560718,0,0,39.551,1,1,1000,1000
587098,30:40.9,IMU,392044786,0,0.0106069,0.002591121,0.001160883,-4.643415,1.185492,-8.563827,0,0,39.55173,1,1,1000,1000
587149,30:40.9,IMU,392084770,0,0.01144687,0.003275516,0.001256729,-4.644754,1.184758,-8.560333,0,0,39.55245,1,1,1000,1000
587201,30:40.9,IMU,392124754,0,0.01084199,-0.000920154,0.001315909,-4.64588,1.184824,-8.552065,0,0,39.55318,1,1,1000,1000
587302,30:41.0,IMU,392164738,0,0.01028622,-0.000248401,0.001461858,-4.645401,1.185247,-8.550395,0,0,39.55391,1,1,999,999
587357,30:41.0,IMU,392204722,0,0.009463798,6.941448e-05,0.001615287,-4.647063,1.18574,-8.550588,0,0,39.55463,1,1,999,999
587455,30:41.1,IMU,392244706,0,0.01050318,0.000421416,0.001653846,-4.648727,1.185672,-8.552667,0,0,39.55536,1,1,999,999
587508,30:41.1,IMU,392284690,0,0.009654531,0.00072595,0.001775591,-4.649122,1.184758,-8.550187,0,0,39.55608,1,1,999,999
587560,30:41.1,IMU,392324674,0,0.008874179,0.000988464,0.001919503,-4.650844,1.185709,-8.550636,0,0,39.55681,1,1,999,999
587659,30:41.2,IMU,392364658,0,0.009128448,0.001168905,0.001856979,-4.652532,1.185958,-8.55128,0,0,39.55753,1,1,999,999
587714,30:41.2,IMU,392404642,0,0.01228626,0.001419326,0.001664175,-4.654207,1.186103,-8.546648,0,0,39.55826,1,1,999,999
587814,30:41.3,IMU,392444626,0,0.01535887,0.001615056,0.001283896,-4.654702,1.185671,-8.542961,0,0,39.55899,1,1,999,999
587871,30:41.3,IMU,392484610,0,0.01477769,0.002696433,0.001229673,-4.654187,1.184521,-8.53327,0,0,39.55971,1,1,999,999
587924,30:41.3,IMU,392524594,0,0.01529626,0.001205838,0.001291681,-4.655283,1.185869,-8.536369,0,0,39.56044,1,1,999,999
588025,30:41.4,IMU,392564578,0,0.01435139,-0.000764234,0.001271663,-4.657245,1.183906,-8.535419,0,0,39.56116,1,1,999,999
588079,30:41.4,IMU,392605395,0,0.01145021,-0.000336196,0.001454241,-4.657938,1.185299,-8.532807,0,0,39.5619,1,1,999,999
588177,30:41.5,IMU,392645379,0,0.01158827,-0.000317482,0.001428074,-4.658998,1.18521,-8.533772,0,0,39.56263,1,1,999,999
588229,30:41.5,IMU,392685363,0,0.01100797,-0.000451246,0.001440308,-4.65978,1.183821,-8.530978,0,0,39.56335,1,1,999,999
588281,30:41.5,IMU,392725347,0,0.01240312,0.00040971,0.001481805,-4.661081,1.183625,-8.524453,0,0,39.56408,1,1,999,999
588380,30:41.6,IMU,392765331,0,0.01121844,0.000192457,0.001511119,-4.660882,1.183233,-8.524336,0,0,39.5648,1,1,999,999
588435,30:41.6,IMU,392805315,0,0.01030932,0.000519568,0.001721601,-4.662215,1.182011,-8.524858,0,0,39.56553,1,1,999,999
588533,30:41.7,IMU,392845299,0,0.009435702,0.000782861,0.001805021,-4.663325,1.182814,-8.525158,0,0,39.56625,1,1,999,999
588584,30:41.7,IMU,392885283,0,0.009598296,0.00104579,0.001869763,-4.664102,1.181573,-8.527458,0,0,39.56698,1,1,999,999
588636,30:41.7,IMU,392925267,0,0.009125232,0.001272158,0.001938208,-4.666325,1.181126,-8.523359,0,0,39.5677,1,1,999,999
588735,30:41.8,IMU,392965251,0,0.0107892,0.001452286,0.00182651,-4.666721,1.179446,-8.528271,0,0,39.56843,1,1,999,999
588790,30:41.8,IMU,393005235,0,0.01428231,0.001645452,0.001559746,-4.669018,1.179916,-8.527527,0,0,39.56915,1,1,999,999
588890,30:41.9,IMU,393045219,0,0.0174672,0.001719915,0.001365427,-4.670131,1.178029,-8.524809,0,0,39.56985,1,1,999,999
588941,30:41.9,IMU,393085203,0,0.01861231,-0.000590212,0.001014647,-4.668782,1.1782,-8.518715,0,0,39.57058,1,1,999,999
588993,30:41.9,IMU,393125187,0,0.0175725,-0.001691769,0.00066628,-4.669568,1.177317,-8.517175,0,0,39.5713,1,1,999,999
589093,30:42.0,IMU,393165171,0,0.01337751,-0.002196827,0.000785213,-4.66918,1.175519,-8.508381,0,0,39.57203,1,1,1000,1000
589149,30:42.0,IMU,393205155,0,0.0125439,0.000571555,0.000557929,-4.67067,1.174239,-8.511211,0,0,39.57275,1,1,1000,1000
589247,30:42.1,IMU,393245139,0,0.01240776,0.002094266,0.000557038,-4.672712,1.173271,-8.513053,0,0,39.57347,1,1,1000,1000
589298,30:42.1,IMU,393285123,0,0.01165172,0.00146395,0.000648391,-4.672988,1.171583,-8.512634,0,0,39.5742,1,1,1000,1000
589350,30:42.1,IMU,393325107,0,0.01293778,-0.001435213,0.00071222,-4.673668,1.170162,-8.508149,0,0,39.57492,1,1,1000,1000
589449,30:42.2,IMU,393365091,0,0.01113965,-0.000606008,0.000995713,-4.673845,1.168114,-8.505707,0,0,39.57565,1,1,1000,1000
589504,30:42.2,IMU,393405075,0,0.0101908,-0.00026498,0.001151093,-4.676393,1.166347,-8.506878,0,0,39.57637,1,1,1000,1000
589604,30:42.3,IMU,393445059,0,0.01208455,0.000198607,0.001191128,-4.676791,1.165091,-8.508336,0,0,39.57711,1,1,1000,1000
589660,30:42.3,IMU,393485043,0,0.01091218,0.000443277,0.001423616,-4.678321,1.164182,-8.509175,0,0,39.57783,1,1,1000,1000
589713,30:42.3,IMU,393525027,0,0.01005139,0.000820187,0.001489967,-4.678073,1.162261,-8.509691,0,0,39.57856,1,1,1000,1000
589814,30:42.4,IMU,393565011,0,0.009209757,0.000952218,0.001682543,-4.680173,1.160709,-8.510962,0,0,39.57928,1,1,1000,1000
589868,30:42.4,IMU,393604995,0,0.008514341,0.001233199,0.001746952,-4.681384,1.159605,-8.512127,0,0,39.57998,1,1,1000,1000
589966,30:42.5,IMU,393644979,0,0.007915344,0.001404654,0.001871601,-4.681938,1.158107,-8.514378,0,0,39.5807,1,1,1000,1000
590018,30:42.5,IMU,393684963,0,0.01258234,0.001652624,0.001572047,-4.683254,1.156599,-8.511678,0,0,39.58143,1,1,1000,1000
590070,30:42.5,IMU,393724947,0,0.01353148,0.00145589,0.001542983,-4.684048,1.155004,-8.510751,0,0,39.58215,1,1,1000,1000
590169,30:42.6,IMU,393764931,0,0.01344787,0.001969073,0.001641512,-4.684886,1.153088,-8.50287,0,0,39.58287,1,1,1000,1000
590224,30:42.6,IMU,393804915,0,0.01286482,0.001576512,0.001765356,-4.685507,1.151888,-8.5026,0,0,39.5836,1,1,1000,1000
590322,30:42.7,IMU,393844899,0,0.01177781,0.001907301,0.001860305,-4.685716,1.150478,-8.502835,0,0,39.58432,1,1,1000,1000
590373,30:42.7,IMU,393884883,0,0.01106278,0.00241519,0.001996406,-4.686059,1.148008,-8.502815,0,0,39.58504,1,1,1000,1000
590425,30:42.7,IMU,393924867,0,0.01062259,0.00208795,0.002131823,-4.688725,1.14759,-8.500144,0,0,39.58576,1,1,1000,1000
590524,30:42.8,IMU,393964851,0,0.01086495,0.002735032,0.002210589,-4.688948,1.144581,-8.499851,0,0,39.58648,1,1,1000,1000
590579,30:42.8,IMU,394004835,0,0.01256482,0.001766729,0.001911948,-4.689133,1.143626,-8.495418,0,0,39.5872,1,1,1000,1000
590679,30:42.9,IMU,394044819,0,0.01138888,0.000221304,0.001817503,-4.690836,1.141901,-8.49947,0,0,39.58793,1,1,1000,1000
590730,30:42.9,IMU,394084803,0,0.01046591,-0.000324208,0.001871765,-4.691035,1.139449,-8.497139,0,0,39.58865,1,1,1000,1000
590782,30:42.9,IMU,394124787,0,0.009574426,-0.000103378,0.001960773,-4.690812,1.138071,-8.497442,0,0,39.58937,1,1,1000,1000
590882,30:43.0,IMU,394164771,0,0.008831599,0.000190048,0.002012387,-4.692609,1.13593,-8.498804,0,0,39.59009,1,1,999,999
590938,30:43.0,IMU,394204755,0,0.008115576,0.000534947,0.002123048,-4.69327,1.132956,-8.499586,0,0,39.59081,1,1,999,999
591036,30:43.1,IMU,394244739,0,0.007537805,0.000790891,0.002182869,-4.6942,1.130927,-8.501489,0,0,39.59153,1,1,999,999
591087,30:43.1,IMU,394284723,0,0.00700295,0.001040789,0.002277562,-4.696507,1.129854,-8.500813,0,0,39.59225,1,1,999,999
591139,30:43.1,IMU,394324707,0,0.006577466,0.001249963,0.002326966,-4.695997,1.127224,-8.502791,0,0,39.59298,1,1,999,999
591238,30:43.2,IMU,394364691,0,0.007039781,0.001497839,0.00231505,-4.699299,1.125401,-8.504143,0,0,39.5937,1,1,999,999
591293,30:43.2,IMU,394404675,0,0.01109598,0.00164877,0.002019662,-4.697256,1.121951,-8.503369,0,0,39.59442,1,1,999,999
591393,30:43.3,IMU,394444659,0,0.01188395,0.001782234,0.002018242,-4.698746,1.121597,-8.502274,0,0,39.59514,1,1,999,999
591449,30:43.3,IMU,394484643,0,0.01117853,0.00053827,0.001974397,-4.699027,1.117923,-8.492258,0,0,39.59586,1,1,999,999
591502,30:43.3,IMU,394524627,0,0.009521591,0.001950991,0.002118992,-4.700284,1.116899,-8.495298,0,0,39.59658,1,1,999,999
591603,30:43.4,IMU,394564611,0,0.008743074,0.002661247,0.002244111,-4.701097,1.114282,-8.496318,0,0,39.5973,1,1,999,999
591657,30:43.4,IMU,394604595,0,0.00831872,0.00266689,0.00229425,-4.702401,1.112559,-8.496502,0,0,39.59802,1,1,999,999
591755,30:43.5,IMU,394644579,0,0.008309644,0.003435379,0.002463377,-4.7021,1.111429,-8.496002,0,0,39.59874,1,1,999,999
591806,30:43.5,IMU,394685396,0,0.008404439,0.003313822,0.002452313,-4.70332,1.109045,-8.497246,0,0,39.59948,1,1,999,999
591859,30:43.5,IMU,394725380,0,0.009088618,0.002666835,0.002657116,-4.70444,1.106227,-8.493184,0,0,39.6002,1,1,999,999
591958,30:43.6,IMU,394765364,0,0.0100039,0.002271502,0.002736093,-4.705364,1.10421,-8.497607,0,0,39.60092,1,1,999,999
592013,30:43.6,IMU,394805348,0,0.009651662,0.001522158,0.002876361,-4.705878,1.103516,-8.498441,0,0,39.60164,1,1,999,999
592111,30:43.7,IMU,394845332,0,0.008478733,0.000802006,0.003050567,-4.706523,1.100971,-8.496136,0,0,39.60236,1,1,999,999
592162,30:43.7,IMU,394885316,0,0.006889585,0.00258548,0.003353051,-4.70533,1.098596,-8.497484,0,0,39.60308,1,1,999,999
592214,30:43.7,IMU,394925300,0,0.005900265,0.002591271,0.003555116,-4.709606,1.09662,-8.49723,0,0,39.6038,1,1,999,999
592313,30:43.8,IMU,394965284,0,0.005819404,0.002627376,0.003607132,-4.707627,1.093744,-8.494501,0,0,39.60452,1,1,999,999
592368,30:43.8,IMU,395005268,0,0.005455319,0.002501981,0.003566037,-4.708965,1.09185,-8.496443,0,0,39.60524,1,1,999,999
592470,30:43.9,IMU,395045252,0,0.005162888,0.001814797,0.00336526,-4.710392,1.091141,-8.502307,0,0,39.60596,1,1,999,999
592521,30:43.9,IMU,395085236,0,0.004882921,0.001889049,0.003069425,-4.710642,1.088637,-8.502041,0,0,39.60667,1,1,999,999
592573,30:43.9,IMU,395125220,0,0.004658418,0.000378154,0.002920879,-4.710875,1.086895,-8.498265,0,0,39.60738,1,1,999,999
592719,30:44.0,IMU,395165204,0,0.00719738,0.000844755,0.002855069,-4.710971,1.083534,-8.499927,0,0,39.60809,1,1,999,999
592774,30:44.0,IMU,395205188,0,0.006611254,0.001112685,0.00296483,-4.712926,1.082454,-8.499599,0,0,39.60881,1,1,999,999
592873,30:44.1,IMU,395245172,0,0.006267019,0.001282433,0.00291786,-4.71348,1.079802,-8.500395,0,0,39.60953,1,1,999,999
592924,30:44.1,IMU,395285156,0,0.00445631,0.001471443,0.00305091,-4.713651,1.078171,-8.504226,0,0,39.61025,1,1,999,999
592976,30:44.1,IMU,395325140,0,0.003923567,0.001608308,0.003032138,-4.71318,1.075565,-8.503176,0,0,39.61097,1,1,999,999
593075,30:44.2,IMU,395365124,0,0.0041862,0.00180864,0.003114517,-4.715775,1.074485,-8.505894,0,0,39.61169,1,1,999,999
593130,30:44.2,IMU,395405108,0,0.003581565,0.001907275,0.003218409,-4.716171,1.072113,-8.509729,0,0,39.6124,1,1,999,999
593230,30:44.3,IMU,395445092,0,0.003507642,0.002089927,0.003388875,-4.716138,1.070461,-8.51063,0,0,39.61312,1,1,999,999
593285,30:44.3,IMU,395485076,0,0.002528506,0.002113545,0.003637565,-4.717829,1.069463,-8.512162,0,0,39.61384,1,1,999,999
593339,30:44.3,IMU,395525060,0,0.004363572,0.002231058,0.00367403,-4.717751,1.066647,-8.512913,0,0,39.61458,1,1,999,999
593440,30:44.4,IMU,395565044,0,0.004411116,0.002298581,0.003933031,-4.718913,1.065502,-8.515105,0,0,39.6153,1,1,999,999
593494,30:44.4,IMU,395605028,0,0.005596503,0.002084655,0.003872723,-4.721889,1.064372,-8.531484,0,0,39.61602,1,1,999,999
593592,30:44.5,IMU,395645012,0,0.003213229,0.002551825,0.004123036,-4.721503,1.062675,-8.53484,0,0,39.61673,1,1,999,999
593643,30:44.5,IMU,395684996,0,-0.001894133,0.002693007,0.004393744,-4.723673,1.060515,-8.53532,0,0,39.61743,1,1,999,999
593695,30:44.5,IMU,395724980,0,-0.003853967,0.004475146,0.004671674,-4.725617,1.059366,-8.546441,0,0,39.61815,1,1,999,999
593795,30:44.6,IMU,395764964,0,-0.008675978,0.007328671,0.005127681,-4.724968,1.057215,-8.548162,0,0,39.61887,1,1,999,999
593850,30:44.6,IMU,395804948,0,-0.01074262,0.006722574,0.005489392,-4.7262,1.055042,-8.551565,0,0,39.61958,1,1,999,999
593948,30:44.7,IMU,395844932,0,-0.01261322,0.006300416,0.006092369,-4.728389,1.053645,-8.557395,0,0,39.6203,1,1,999,999
593999,30:44.7,IMU,395884916,0,-0.01176463,0.009472344,0.00656302,-4.728594,1.050559,-8.562437,0,0,39.62102,1,1,999,999
594051,30:44.7,IMU,395924900,0,-0.01409281,0.01659708,0.007228818,-4.729698,1.049735,-8.564198,0,0,39.62173,1,1,999,999
594150,30:44.8,IMU,395964884,0,-0.01338695,0.02534267,0.007964061,-4.73234,1.047973,-8.577988,0,0,39.62245,1,1,999,999
594205,30:44.8,IMU,396004868,0,-0.01220345,0.03154208,0.008689386,-4.73602,1.04778,-8.58576,0,0,39.62317,1,1,999,999
594305,30:44.9,IMU,396044852,0,-0.0102254,0.0368762,0.009299925,-4.739464,1.045897,-8.595207,0,0,39.62389,1,1,999,999
594356,30:44.9,IMU,396084836,0,-0.01138607,0.04098764,0.009882004,-4.740366,1.045742,-8.598381,0,0,39.6246,1,1,999,999
594409,30:44.9,IMU,396124820,0,-0.01079824,0.04585529,0.01038106,-4.743585,1.045711,-8.600433,0,0,39.62532,1,1,999,999
594508,30:45.0,IMU,396164804,0,-0.01028581,0.0516427,0.01069885,-4.746774,1.043712,-8.603092,0,0,39.62604,1,1,1000,1000
594563,30:45.0,IMU,396204788,0,-0.008650588,0.05678619,0.01081862,-4.748395,1.044567,-8.612354,0,0,39.62675,1,1,1000,1000
594662,30:45.1,IMU,396244772,0,-0.005132935,0.06451155,0.01075542,-4.751183,1.045087,-8.62167,0,0,39.62747,1,1,1000,1000
594715,30:45.1,IMU,396284756,0,-0.004933654,0.06901567,0.01063022,-4.752668,1.045399,-8.628952,0,0,39.62819,1,1,1000,1000
594767,30:45.1,IMU,396324740,0,-0.004077928,0.07155216,0.01059904,-4.755627,1.046388,-8.644527,0,0,39.6289,1,1,1000,1000
594866,30:45.2,IMU,396364724,0,-0.002525414,0.07494427,0.01049709,-4.755592,1.045242,-8.633945,0,0,39.62962,1,1,1000,1000
594921,30:45.2,IMU,396404708,0,-0.002683567,0.07532422,0.01026808,-4.756166,1.04688,-8.640941,0,0,39.63033,1,1,1000,1000
595021,30:45.3,IMU,396444692,0,-0.00205342,0.0815796,0.01023705,-4.757215,1.047746,-8.656421,0,0,39.63105,1,1,1000,1000
595076,30:45.3,IMU,396484676,0,-0.000200415,0.08976294,0.01017924,-4.755083,1.046941,-8.65517,0,0,39.63177,1,1,1000,1000
595129,30:45.3,IMU,396524660,0,0.003300959,0.09676941,0.01004686,-4.754594,1.049219,-8.660749,0,0,39.63248,1,1,1000,1000
595231,30:45.4,IMU,396564644,0,0.003180926,0.1014853,0.01003596,-4.754238,1.049468,-8.677322,0,0,39.6332,1,1,1000,1000
595285,30:45.4,IMU,396604628,0,0.004298454,0.1070099,0.01012273,-4.751242,1.049997,-8.677617,0,0,39.63391,1,1,1000,1000
595383,30:45.5,IMU,396644612,0,0.003730161,0.1123377,0.01010155,-4.749071,1.051895,-8.695345,0,0,39.63463,1,1,1000,1000
595434,30:45.5,IMU,396684596,0,0.005644327,0.1177989,0.01011318,-4.745119,1.051867,-8.694241,0,0,39.63535,1,1,1000,1000
595486,30:45.5,IMU,396724580,0,0.00419079,0.1195379,0.01020373,-4.741572,1.053695,-8.708227,0,0,39.63606,1,1,1000,1000
595586,30:45.6,IMU,396765397,0,0.006091516,0.1282896,0.01025746,-4.736677,1.054566,-8.719055,0,0,39.63679,1,1,1000,1000
595641,30:45.6,IMU,396805381,0,0.007436474,0.1343006,0.01035901,-4.730109,1.05499,-8.728863,0,0,39.63751,1,1,1000,1000
595739,30:45.7,IMU,396845365,0,0.009130922,0.1371081,0.01043327,-4.722982,1.056029,-8.736546,0,0,39.63822,1,1,1000,1000
595790,30:45.7,IMU,396885349,0,0.008960349,0.1390282,0.01058896,-4.714572,1.058819,-8.750202,0,0,39.63894,1,1,1000,1000
595842,30:45.7,IMU,396925333,0,0.008955438,0.1406949,0.01075201,-4.704263,1.058637,-8.760828,0,0,39.63965,1,1,1000,1000
595941,30:45.8,IMU,396965317,0,0.01225671,0.145308,0.01062604,-4.693704,1.060018,-8.776932,0,0,39.64037,1,1,1000,1000
595996,30:45.8,IMU,397005301,0,0.01147891,0.1464716,0.01071103,-4.681194,1.060215,-8.791293,0,0,39.64108,1,1,1000,1000
596096,30:45.9,IMU,397045285,0,0.01427497,0.1514728,0.01084048,-4.667566,1.061607,-8.800294,0,0,39.6418,1,1,1000,1000
596147,30:45.9,IMU,397085269,0,0.01060653,0.1533617,0.01115127,-4.65247,1.062547,-8.815748,0,0,39.64251,1,1,1000,1000
596200,30:45.9,IMU,397125253,0,0.0138148,0.1594261,0.01114928,-4.637296,1.062274,-8.83173,0,0,39.64323,1,1,1000,1000
596299,30:46.0,IMU,397165237,0,0.01306855,0.1598579,0.01128494,-4.620114,1.065305,-8.848001,0,0,39.64394,1,1,999,999
596354,30:46.0,IMU,397205221,0,0.01387911,0.1621164,0.01149494,-4.602917,1.066479,-8.868782,0,0,39.64463,1,1,999,999
596452,30:46.1,IMU,397245205,0,0.01294956,0.1646379,0.01147212,-4.583637,1.06599,-8.88554,0,0,39.64535,1,1,999,999
596504,30:46.1,IMU,397285189,0,0.01340684,0.1721221,0.01180051,-4.560864,1.068475,-8.900603,0,0,39.64606,1,1,999,999
596556,30:46.1,IMU,397325173,0,0.01421673,0.1753568,0.01188514,-4.541534,1.069687,-8.928476,0,0,39.64677,1,1,999,999
596655,30:46.2,IMU,397365157,0,0.01507356,0.1803955,0.01201919,-4.516717,1.070394,-8.944176,0,0,39.64749,1,1,999,999
596710,30:46.2,IMU,397405141,0,0.01584619,0.184258,0.01229878,-4.493127,1.072582,-8.970711,0,0,39.6482,1,1,999,999
596811,30:46.3,IMU,397445125,0,0.01386217,0.1863033,0.01256711,-4.467101,1.072052,-8.987822,0,0,39.64892,1,1,999,999
596866,30:46.3,IMU,397485109,0,0.01419029,0.1919084,0.01272325,-4.439789,1.07245,-9.019007,0,0,39.64963,1,1,999,999
596919,30:46.3,IMU,397525093,0,0.01500939,0.1941446,0.01288892,-4.411142,1.073134,-9.035368,0,0,39.65034,1,1,999,999
597021,30:46.4,IMU,397565077,0,0.0143094,0.1978561,0.01300266,-4.381727,1.076128,-9.064135,0,0,39.65106,1,1,999,999
597075,30:46.4,IMU,397605061,0,0.01534895,0.2032,0.01325622,-4.348769,1.076614,-9.086269,0,0,39.65179,1,1,999,999
597173,30:46.5,IMU,397645045,0,0.0140668,0.2109292,0.0134857,-4.316245,1.077037,-9.119045,0,0,39.6525,1,1,999,999
597224,30:46.5,IMU,397685029,0,0.0129559,0.2127669,0.01400723,-4.282853,1.07743,-9.149167,0,0,39.65321,1,1,999,999
597276,30:46.5,IMU,397725013,0,0.01233273,0.2131413,0.01428469,-4.247222,1.079082,-9.179286,0,0,39.65393,1,1,999,999
597375,30:46.6,IMU,397764997,0,0.01182571,0.2151965,0.01432995,-4.209385,1.079593,-9.199568,0,0,39.65462,1,1,999,999
597432,30:46.6,IMU,397804981,0,0.0115157,0.2190355,0.01450626,-4.170976,1.080301,-9.231287,0,0,39.65533,1,1,999,999
597530,30:46.7,IMU,397844965,0,0.01117892,0.2237512,0.01473755,-4.130931,1.080845,-9.263816,0,0,39.65605,1,1,999,999
597581,30:46.7,IMU,397884949,0,0.01127103,0.2286996,0.01481605,-4.08883,1.081591,-9.296294,0,0,39.65676,1,1,999,999
597633,30:46.7,IMU,397924933,0,0.01145686,0.2350992,0.01502254,-4.046122,1.081725,-9.328444,0,0,39.65747,1,1,999,999
597733,30:46.8,IMU,397964917,0,0.0129895,0.2391706,0.01511007,-4.001328,1.08263,-9.361522,0,0,39.65818,1,1,999,999
597788,30:46.8,IMU,398004901,0,0.01387458,0.2434661,0.01535325,-3.956167,1.084099,-9.399063,0,0,39.6589,1,1,999,999
597889,30:46.9,IMU,398044885,0,0.01283979,0.2455772,0.01565019,-3.908765,1.084151,-9.433134,0,0,39.65961,1,1,999,999
597940,30:46.9,IMU,398084869,0,0.01191187,0.2532856,0.01589054,-3.859499,1.085416,-9.463908,0,0,39.66032,1,1,999,999
597993,30:46.9,IMU,398124853,0,0.0138573,0.2549981,0.01578524,-3.808903,1.085232,-9.499108,0,0,39.66103,1,1,999,999
598092,30:47.0,IMU,398164837,0,0.01366373,0.2564866,0.01601538,-3.758133,1.087364,-9.543342,0,0,39.66174,1,1,1000,1000
598147,30:47.0,IMU,398204821,0,0.01311829,0.2568278,0.01626053,-3.70265,1.089251,-9.574133,0,0,39.66246,1,1,1000,1000
598245,30:47.1,IMU,398244805,0,0.01399317,0.2542873,0.01602209,-3.650082,1.088962,-9.619041,0,0,39.66317,1,1,1000,1000
598297,30:47.1,IMU,398284789,0,0.01037053,0.2477604,0.01638566,-3.592924,1.089291,-9.64926,0,0,39.66388,1,1,1000,1000
598349,30:47.1,IMU,398324773,0,0.009941469,0.2392565,0.01646728,-3.535818,1.089416,-9.68083,0,0,39.66459,1,1,1000,1000
598448,30:47.2,IMU,398364757,0,0.01092497,0.2324342,0.01616527,-3.477353,1.091146,-9.718728,0,0,39.6653,1,1,1000,1000
598503,30:47.2,IMU,398404741,0,0.01511234,0.2174069,0.01567133,-3.416929,1.091015,-9.74743,0,0,39.66602,1,1,1000,1000
598603,30:47.3,IMU,398444725,0,0.01381701,0.2080192,0.01536504,-3.354043,1.09065,-9.774595,0,0,39.66673,1,1,1000,1000
598657,30:47.3,IMU,398484709,0,0.01231805,0.1966637,0.01499888,-3.29371,1.091368,-9.807728,0,0,39.66743,1,1,1000,1000
598710,30:47.3,IMU,398524693,0,0.01322569,0.1894968,0.01469702,-3.232575,1.091162,-9.836182,0,0,39.66815,1,1,1000,1000
598812,30:47.4,IMU,398564677,0,0.01199871,0.1848735,0.0142355,-3.171016,1.090328,-9.861255,0,0,39.66886,1,1,1000,1000
598866,30:47.4,IMU,398604661,0,0.01064746,0.1825304,0.01400234,-3.109922,1.090131,-9.891834,0,0,39.66957,1,1,1000,1000
598964,30:47.5,IMU,398644645,0,0.01006646,0.1822667,0.01371294,-3.048562,1.088178,-9.906197,0,0,39.67028,1,1,1000,1000
599015,30:47.5,IMU,398684629,0,0.01062653,0.1814675,0.01338386,-2.98884,1.089168,-9.945314,0,0,39.67099,1,1,1000,1000
599067,30:47.5,IMU,398724613,0,0.008918451,0.183017,0.01323332,-2.927326,1.088793,-9.959746,0,0,39.6717,1,1,1000,1000
599166,30:47.6,IMU,398764597,0,0.01122244,0.1804086,0.0127925,-2.866575,1.08875,-9.983112,0,0,39.67241,1,1,1000,1000
599222,30:47.6,IMU,398804581,0,0.007711038,0.1774634,0.01268399,-2.806702,1.088044,-10.01188,0,0,39.67312,1,1,1000,1000
599320,30:47.7,IMU,398845398,0,0.008685237,0.1790189,0.01252394,-2.742779,1.086822,-10.02457,0,0,39.67385,1,1,1000,1000
599371,30:47.7,IMU,398885382,0,0.009803494,0.1795979,0.01251876,-2.684106,1.086366,-10.05337,0,0,39.67456,1,1,1000,1000
599423,30:47.7,IMU,398925366,0,0.01211348,0.1796691,0.01225463,-2.622789,1.085246,-10.0691,0,0,39.67527,1,1,1000,1000
599522,30:47.8,IMU,398965350,0,0.0118974,0.1797331,0.0120781,-2.562593,1.083742,-10.08637,0,0,39.67598,1,1,1000,1000
599576,30:47.8,IMU,399005334,0,0.01248364,0.179927,0.01209445,-2.504158,1.085058,-10.11341,0,0,39.67669,1,1,1000,1000
599677,30:47.9,IMU,399045318,0,0.01169643,0.1768603,0.01208013,-2.443275,1.081907,-10.12619,0,0,39.6774,1,1,1000,1000
599728,30:47.9,IMU,399085302,0,0.009962769,0.1780497,0.01200946,-2.384028,1.080976,-10.14027,0,0,39.67811,1,1,1000,1000
599780,30:47.9,IMU,399125286,0,0.01050898,0.1769076,0.01211729,-2.325751,1.08124,-10.16572,0,0,39.67882,1,1,1000,1000
599879,30:48.0,IMU,399165270,0,0.009828674,0.1727043,0.01207812,-2.266374,1.080339,-10.17739,0,0,39.67953,1,1,999,999
599934,30:48.0,IMU,399205254,0,0.008989835,0.1634399,0.01176643,-2.207516,1.077902,-10.18911,0,0,39.68024,1,1,999,999
600032,30:48.1,IMU,399245238,0,0.008914355,0.1522969,0.01149241,-2.151042,1.07695,-10.20637,0,0,39.68095,1,1,999,999
600083,30:48.1,IMU,399285222,0,0.01052291,0.1361828,0.01098922,-2.094194,1.074831,-10.21847,0,0,39.68164,1,1,999,999
600136,30:48.1,IMU,399325206,0,0.009480387,0.1180129,0.0105016,-2.038438,1.073136,-10.22468,0,0,39.68235,1,1,999,999
600235,30:48.2,IMU,399365190,0,0.009504774,0.1012796,0.01020221,-1.98173,1.072171,-10.22658,0,0,39.68306,1,1,999,999
600290,30:48.2,IMU,399405174,0,0.008925493,0.08674452,0.009776874,-1.927283,1.070009,-10.22988,0,0,39.68377,1,1,999,999
600390,30:48.3,IMU,399445158,0,0.0084523,0.07246257,0.009356637,-1.874203,1.0675,-10.23499,0,0,39.68447,1,1,999,999
600448,30:48.3,IMU,399485142,0,0.007745365,0.06257612,0.008588498,-1.820729,1.064819,-10.21337,0,0,39.68518,1,1,999,999
600500,30:48.3,IMU,399525126,0,0.006268065,0.05522434,0.007807802,-1.77006,1.064393,-10.22215,0,0,39.68589,1,1,999,999
600603,30:48.4,IMU,399565110,0,0.006660269,0.04973257,0.007065618,-1.721061,1.061336,-10.21519,0,0,39.6866,1,1,999,999
600657,30:48.4,IMU,399605094,0,0.007076732,0.04360389,0.006244873,-1.672845,1.058971,-10.21088,0,0,39.68731,1,1,999,999
600755,30:48.5,IMU,399645078,0,0.004630378,0.03894112,0.00570951,-1.625196,1.057142,-10.19513,0,0,39.68801,1,1,999,999
600806,30:48.5,IMU,399685062,0,0.004592512,0.03589383,0.005269831,-1.578526,1.055668,-10.1924,0,0,39.68874,1,1,999,999
600858,30:48.5,IMU,399725046,0,0.004419655,0.03393944,0.004791121,-1.534731,1.052994,-10.18954,0,0,39.68945,1,1,999,999
600957,30:48.6,IMU,399765030,0,0.004289631,0.02892705,0.004653426,-1.492159,1.051084,-10.18061,0,0,39.69016,1,1,999,999
601011,30:48.6,IMU,399805014,0,0.004223394,0.02697144,0.004401478,-1.450613,1.048663,-10.17635,0,0,39.69086,1,1,999,999
601110,30:48.7,IMU,399844998,0,0.006112883,0.0245734,0.004223435,-1.408695,1.046179,-10.16504,0,0,39.69156,1,1,999,999
601161,30:48.7,IMU,399884982,0,0.008213102,0.0212554,0.004036891,-1.36915,1.044175,-10.15059,0,0,39.69226,1,1,999,999
601213,30:48.7,IMU,399924966,0,0.007240725,0.01883484,0.004000267,-1.330843,1.042322,-10.14614,0,0,39.69297,1,1,999,999
601312,30:48.8,IMU,399964950,0,0.005026628,0.01610983,0.004010857,-1.293213,1.03979,-10.13367,0,0,39.69368,1,1,999,999
601366,30:48.8,IMU,400004934,0,0.006785891,0.01521904,0.003932555,-1.255332,1.037696,-10.12673,0,0,39.69439,1,1,999,999
601467,30:48.9,IMU,400044918,0,0.006428041,0.01287865,0.003805396,-1.220693,1.036263,-10.12653,0,0,39.69509,1,1,999,999
601518,30:48.9,IMU,400084902,0,0.006162492,0.00779538,0.003712483,-1.186028,1.032847,-10.11392,0,0,39.6958,1,1,999,999
601570,30:48.9,IMU,400124886,0,0.003394469,0.001173392,0.003673334,-1.15204,1.031657,-10.10791,0,0,39.69651,1,1,999,999
601671,30:49.0,IMU,400164870,0,0.002333752,-0.003298394,0.003467954,-1.11933,1.02888,-10.09342,0,0,39.69722,1,1,999,999
601726,30:49.0,IMU,400204854,0,0.002217975,-0.005976888,0.003289737,-1.088626,1.027237,-10.08781,0,0,39.69792,1,1,999,999
601824,30:49.1,IMU,400244838,0,0.002112849,-0.007429707,0.003101924,-1.056952,1.025633,-10.0779,0,0,39.69863,1,1,999,999
601875,30:49.1,IMU,400284822,0,0.002141991,-0.009619433,0.003030367,-1.026991,1.022814,-10.06767,0,0,39.69933,1,1,999,999
601929,30:49.1,IMU,400324806,0,0.002189449,-0.01227029,0.002875754,-0.9993339,1.021245,-10.06377,0,0,39.70004,1,1,999,999
602029,30:49.2,IMU,400364790,0,0.002271288,-0.01655917,0.002878034,-0.9695301,1.019744,-10.05975,0,0,39.70075,1,1,999,999
602084,30:49.2,IMU,400404774,0,0.002053327,-0.02149869,0.002743116,-0.9424461,1.017344,-10.03841,0,0,39.70145,1,1,999,999
602184,30:49.3,IMU,400444758,0,0.003514947,-0.02531029,0.002388293,-0.9171164,1.016226,-10.03084,0,0,39.70216,1,1,999,999
602238,30:49.3,IMU,400484742,0,0.002291513,-0.02855058,0.00204224,-0.8919896,1.016222,-10.02165,0,0,39.70287,1,1,999,999
602290,30:49.3,IMU,400524726,0,0.002355022,-0.02977285,0.00198185,-0.8663967,1.013388,-10.01892,0,0,39.70358,1,1,999,999
602393,30:49.4,IMU,400564710,0,0.002487596,-0.02963231,0.001978498,-0.8442267,1.011168,-10.0102,0,0,39.70428,1,1,999,999
602447,30:49.4,IMU,400604694,0,0.002457833,-0.03245869,0.00208274,-0.8210688,1.010441,-10.00462,0,0,39.70499,1,1,999,999
602545,30:49.5,IMU,400644678,0,0.003074499,-0.03860248,0.001887776,-0.7994146,1.008822,-9.983388,0,0,39.70569,1,1,999,999
602596,30:49.5,IMU,400684662,0,0.000462315,-0.04372843,0.001509063,-0.7767242,1.007039,-9.973651,0,0,39.7064,1,1,999,999
602648,30:49.5,IMU,400724646,0,0.000803964,-0.04561324,0.001203353,-0.7573527,1.004576,-9.970852,0,0,39.7071,1,1,999,999
602747,30:49.6,IMU,400764630,0,0.000982069,-0.04559794,0.001165741,-0.7372859,1.005016,-9.964441,0,0,39.70781,1,1,999,999
602802,30:49.6,IMU,400804614,0,0.001926794,-0.04595889,0.001114991,-0.7173982,1.00265,-9.952574,0,0,39.70852,1,1,999,999
602901,30:49.7,IMU,400844598,0,0.003093055,-0.05182827,1.164268e-06,-0.6998915,1.001159,-9.950508,0,0,39.70922,1,1,999,999
602952,30:49.7,IMU,400884582,0,0.003017263,-0.05478052,-0.001711129,-0.6831975,0.9997922,-9.931447,0,0,39.70993,1,1,999,999
603004,30:49.7,IMU,400925399,0,0.003101007,-0.05906365,-0.003719388,-0.6658239,0.9988965,-9.931166,0,0,39.71065,1,1,999,999
603103,30:49.8,IMU,400965383,0,0.003987195,-0.06041062,-0.005856759,-0.6495732,0.9973764,-9.905022,0,0,39.71135,1,1,999,999
603157,30:49.8,IMU,401005367,0,0.003856701,-0.06254166,-0.007829834,-0.6356229,0.9942781,-9.901475,0,0,39.71206,1,1,999,999
603257,30:49.9,IMU,401045351,0,0.003744966,-0.06683698,-0.009721242,-0.6218076,0.9936768,-9.89693,0,0,39.71276,1,1,999,999
603309,30:49.9,IMU,401085335,0,0.003653403,-0.06990707,-0.01107718,-0.608258,0.9921704,-9.888446,0,0,39.71347,1,1,999,999
603362,30:49.9,IMU,401125319,0,0.00396603,-0.07222679,-0.01195247,-0.5952869,0.9916108,-9.881742,0,0,39.71417,1,1,999,999
603461,30:50.0,IMU,401165303,0,0.00434441,-0.07246035,-0.01213458,-0.5834155,0.9899672,-9.871561,0,0,39.71488,1,1,1000,1000
603516,30:50.0,IMU,401205287,0,0.003950836,-0.07475996,-0.01195602,-0.5734456,0.9883392,-9.869855,0,0,39.71558,1,1,1000,1000
603614,30:50.1,IMU,401245271,0,0.002835926,-0.07839325,-0.01151863,-0.5629398,0.9856631,-9.854181,0,0,39.71629,1,1,1000,1000
603665,30:50.1,IMU,401285255,0,0.001432545,-0.08298756,-0.01086483,-0.5524287,0.9854844,-9.846982,0,0,39.71699,1,1,1000,1000
603717,30:50.1,IMU,401325239,0,0.001282922,-0.08617444,-0.009982109,-0.5442877,0.9824411,-9.837046,0,0,39.7177,1,1,1000,1000
603817,30:50.2,IMU,401365223,0,0.001163912,-0.08463366,-0.00871934,-0.5339246,0.9826536,-9.83941,0,0,39.71838,1,1,1000,1000
603872,30:50.2,IMU,401405207,0,0.001985487,-0.08409747,-0.007254999,-0.5257581,0.981107,-9.824024,0,0,39.71909,1,1,1000,1000
603972,30:50.3,IMU,401445191,0,0.00259303,-0.08922726,-0.005612043,-0.5197833,0.9799735,-9.814919,0,0,39.71979,1,1,1000,1000
604026,30:50.3,IMU,401485175,0,0.003057599,-0.09105487,-0.004296334,-0.5125982,0.97891,-9.803038,0,0,39.7205,1,1,1000,1000
604078,30:50.3,IMU,401525159,0,0.002240128,-0.09366727,-0.002900112,-0.5053055,0.9793744,-9.800736,0,0,39.7212,1,1,1000,1000
604181,30:50.4,IMU,401565143,0,0.001106779,-0.0958946,-0.00141699,-0.5000402,0.9766089,-9.793396,0,0,39.7219,1,1,1000,1000
604235,30:50.4,IMU,401605127,0,0.001151367,-0.09713334,-4.65e-05,-0.4945758,0.9764912,-9.779884,0,0,39.72261,1,1,1000,1000
604333,30:50.5,IMU,401645111,0,0.001126501,-0.0972548,0.001385428,-0.4910343,0.9765611,-9.780956,0,0,39.72331,1,1,1000,1000
604384,30:50.5,IMU,401685095,0,0.0027488,-0.1009721,0.002852284,-0.4862028,0.9742259,-9.768446,0,0,39.72401,1,1,1000,1000
604436,30:50.5,IMU,401725079,0,0.002117999,-0.1006354,0.004163462,-0.4830878,0.9746007,-9.757107,0,0,39.72472,1,1,1000,1000
604535,30:50.6,IMU,401765063,0,0.002176825,-0.0991067,0.005445252,-0.4793386,0.9740475,-9.759521,0,0,39.72544,1,1,1000,1000
604589,30:50.6,IMU,401805047,0,0.002214818,-0.08934417,0.007085362,-0.4765579,0.972838,-9.745852,0,0,39.72614,1,1,1000,1000
604687,30:50.7,IMU,401845031,0,0.002252327,-0.0820448,0.008843162,-0.4754642,0.9735654,-9.74348,0,0,39.72684,1,1,1000,1000
604739,30:50.7,IMU,401885015,0,0.002320099,-0.07409491,0.01047185,-0.4737266,0.9734487,-9.742661,0,0,39.72755,1,1,1000,1000
604791,30:50.7,IMU,401924999,0,0.000487512,-0.05990766,0.01219964,-0.4721705,0.9722636,-9.73771,0,0,39.72823,1,1,1000,1000
604891,30:50.8,IMU,401964983,0,-0.001240746,-0.04339666,0.0140832,-0.4731876,0.9727594,-9.74783,0,0,39.72894,1,1,1000,1000
604946,30:50.8,IMU,402004967,0,0.00195538,-0.02888523,0.01558342,-0.4729411,0.9713096,-9.743922,0,0,39.72964,1,1,1000,1000
605046,30:50.9,IMU,402044951,0,0.003030343,-0.01836761,0.01587645,-0.4716902,0.9726803,-9.739351,0,0,39.73034,1,1,1000,1000
605098,30:50.9,IMU,402084935,0,-0.0003933,-0.01795756,0.01538844,-0.4730821,0.9730716,-9.745449,0,0,39.73104,1,1,1000,1000
605150,30:50.9,IMU,402124919,0,-0.003251625,-0.01942648,0.01411514,-0.472728,0.972222,-9.735493,0,0,39.73175,1,1,1000,1000
605249,30:51.0,IMU,402164903,0,-0.00290658,-0.02693775,0.01241837,-0.4738265,0.9713351,-9.741662,0,0,39.73245,1,1,999,999
605304,30:51.0,IMU,402204887,0,-0.002403095,-0.03764746,0.01075311,-0.4730001,0.9727877,-9.74006,0,0,39.73315,1,1,999,999
605402,30:51.1,IMU,402244871,0,-0.001964875,-0.05388483,0.008984786,-0.4743367,0.9724025,-9.738903,0,0,39.73385,1,1,999,999
605453,30:51.1,IMU,402284855,0,-0.001594428,-0.07286298,0.007285735,-0.4736665,0.9715544,-9.741249,0,0,39.73455,1,1,999,999
605505,30:51.1,IMU,402324839,0,-0.001235123,-0.08581953,0.005925461,-0.4757326,0.9723335,-9.737068,0,0,39.73526,1,1,999,999
605604,30:51.2,IMU,402364823,0,-0.00087465,-0.09509855,0.004715604,-0.4763248,0.9712663,-9.734172,0,0,39.73596,1,1,999,999
605660,30:51.2,IMU,402404807,0,-0.000587671,-0.1015512,0.003599114,-0.4787867,0.9709564,-9.733532,0,0,39.73666,1,1,999,999
605760,30:51.3,IMU,402444791,0,0.000207031,-0.1096419,0.002582856,-0.4809311,0.9726769,-9.73785,0,0,39.73736,1,1,999,999
605815,30:51.3,IMU,402484775,0,0.001472855,-0.1165009,0.00194801,-0.485321,0.9715978,-9.741417,0,0,39.73806,1,1,999,999
605867,30:51.3,IMU,402524759,0,-0.000978383,-0.1200276,0.001756449,-0.4889355,0.9720331,-9.741796,0,0,39.73877,1,1,999,999
605969,30:51.4,IMU,402564743,0,-0.000614841,-0.1160639,0.00159898,-0.4941325,0.9707828,-9.739621,0,0,39.73947,1,1,999,999
606024,30:51.4,IMU,402604727,0,0.002464086,-0.1062259,0.001756369,-0.4989925,0.9719589,-9.74306,0,0,39.74017,1,1,999,999
606122,30:51.5,IMU,402644711,0,0.00364235,-0.09712119,0.002096166,-0.5057217,0.9723567,-9.758327,0,0,39.74087,1,1,999,999
606173,30:51.5,IMU,402684695,0,-0.000280092,-0.08481786,0.002455216,-0.5122452,0.9728501,-9.758749,0,0,39.74157,1,1,999,999
606225,30:51.5,IMU,402724679,0,9.411748e-05,-0.06768834,0.002988903,-0.5190998,0.9731339,-9.761649,0,0,39.74227,1,1,999,999
606324,30:51.6,IMU,402764663,0,0.000315641,-0.05325159,0.003293681,-0.5258913,0.9731269,-9.75779,0,0,39.74297,1,1,999,999
606378,30:51.6,IMU,402804647,0,0.000512819,-0.03762311,0.003487619,-0.5354248,0.9720704,-9.75964,0,0,39.74368,1,1,999,999
606476,30:51.7,IMU,402844631,0,0.000769012,-0.02677459,0.003522009,-0.5423968,0.9736,-9.760729,0,0,39.74438,1,1,999,999
606527,30:51.7,IMU,402884615,0,0.000860427,-0.01683167,0.003481612,-0.5509229,0.9725828,-9.765272,0,0,39.74508,1,1,999,999
606580,30:51.7,IMU,402924599,0,0.001037302,-0.000258598,0.003328694,-0.5588167,0.9731836,-9.765239,0,0,39.74578,1,1,999,999
606679,30:51.8,IMU,402964583,0,0.001213185,0.01973257,0.003411563,-0.5671371,0.9750349,-9.760876,0,0,39.74648,1,1,999,999
606733,30:51.8,IMU,403005400,0,0.001343536,0.04073801,0.003575643,-0.5748736,0.9737864,-9.759899,0,0,39.7472,1,1,999,999
606833,30:51.9,IMU,403045384,0,-0.001737331,0.0593016,0.003760307,-0.5833645,0.9742398,-9.768043,0,0,39.74789,1,1,999,999
606885,30:51.9,IMU,403085368,0,-6.46e-05,0.07137227,0.003773149,-0.5907976,0.9740671,-9.761866,0,0,39.7486,1,1,999,999
606937,30:51.9,IMU,403125352,0,0.000114138,0.08425583,0.003760766,-0.5984674,0.9751943,-9.761516,0,0,39.74929,1,1,999,999
607036,30:52.0,IMU,403165336,0,0.000337486,0.09595463,0.00379951,-0.6045589,0.9748604,-9.760433,0,0,39.75,1,1,1000,1000
607091,30:52.0,IMU,403205320,0,0.000591986,0.1051638,0.00392152,-0.6109091,0.9736207,-9.758324,0,0,39.75069,1,1,1000,1000
607189,30:52.1,IMU,403245304,0,-0.001436233,0.1058605,0.004031968,-0.6155344,0.9739525,-9.746792,0,0,39.7514,1,1,1000,1000
607240,30:52.1,IMU,403285288,0,-0.00351546,0.1043037,0.003784969,-0.620571,0.9731273,-9.748349,0,0,39.7521,1,1,1000,1000
607292,30:52.1,IMU,403325272,0,-0.004655897,0.1016802,0.003545539,-0.6240516,0.9747449,-9.754177,0,0,39.75279,1,1,1000,1000
607391,30:52.2,IMU,403365256,0,-0.002156479,0.09464689,0.003066486,-0.6280093,0.9747613,-9.744008,0,0,39.75349,1,1,1000,1000
607446,30:52.2,IMU,403405240,0,-0.001775397,0.08536993,0.002654138,-0.6294575,0.9758528,-9.744132,0,0,39.7542,1,1,1000,1000
607547,30:52.3,IMU,403445224,0,-0.001396272,0.07048387,0.002241845,-0.6331056,0.975914,-9.746256,0,0,39.75488,1,1,1000,1000
607601,30:52.3,IMU,403485208,0,-0.00113221,0.05004289,0.00164365,-0.6337516,0.9756094,-9.746611,0,0,39.75558,1,1,1000,1000
607653,30:52.3,IMU,403525192,0,-0.000730628,0.03564727,0.001308718,-0.6353226,0.9752103,-9.745202,0,0,39.75628,1,1,1000,1000
607755,30:52.4,IMU,403565176,0,-0.000541245,0.02534967,0.001130518,-0.6362765,0.9760827,-9.741197,0,0,39.75697,1,1,1000,1000
607810,30:52.4,IMU,403605160,0,-0.000215092,0.0192192,0.001065833,-0.6363426,0.9759229,-9.740238,0,0,39.75767,1,1,1000,1000
607908,30:52.5,IMU,403645144,0,-0.003047629,0.01809348,0.001331399,-0.6385116,0.9756562,-9.744549,0,0,39.75837,1,1,1000,1000
607959,30:52.5,IMU,403685128,0,-0.005397919,0.01700306,0.001651236,-0.6381335,0.9773917,-9.748914,0,0,39.75907,1,1,1000,1000
608011,30:52.5,IMU,403725112,0,-0.005179741,0.02587928,0.00205921,-0.6386659,0.9773362,-9.749121,0,0,39.75977,1,1,1000,1000
608110,30:52.6,IMU,403765096,0,-0.002058422,0.0402747,0.002491668,-0.6394707,0.9788004,-9.744717,0,0,39.76047,1,1,1000,1000
608164,30:52.6,IMU,403805080,0,0.001971258,0.05951509,0.003020445,-0.640477,0.9779514,-9.744754,0,0,39.76117,1,1,1000,1000
608262,30:52.7,IMU,403845064,0,0.00192374,0.07402614,0.003345442,-0.639897,0.9792939,-9.744427,0,0,39.76188,1,1,1000,1000
608313,30:52.7,IMU,403885048,0,0.001978789,0.0850489,0.003485847,-0.6389912,0.9799951,-9.746548,0,0,39.76258,1,1,1000,1000
608366,30:52.7,IMU,403925032,0,0.002061836,0.09497233,0.003642805,-0.6393877,0.9795144,-9.748961,0,0,39.76328,1,1,1000,1000
608465,30:52.8,IMU,403965016,0,0.002105768,0.1041624,0.003811152,-0.638554,0.981316,-9.752501,0,0,39.76398,1,1,1000,1000
608519,30:52.8,IMU,404005000,0,0.002148185,0.111969,0.004057426,-0.6362582,0.9815415,-9.752433,0,0,39.76468,1,1,1000,1000
608619,30:52.9,IMU,404044984,0,0.000829477,0.1139602,0.003941308,-0.6332609,0.9817099,-9.743349,0,0,39.76535,1,1,1000,1000
608671,30:52.9,IMU,404084968,0,-0.002093733,0.1090471,0.003784063,-0.63109,0.9827629,-9.742955,0,0,39.76605,1,1,1000,1000
608723,30:52.9,IMU,404124952,0,-0.002448719,0.1028875,0.003368447,-0.6273035,0.9833528,-9.750202,0,0,39.76675,1,1,1000,1000
608822,30:53.0,IMU,404164936,0,-0.000881158,0.09479524,0.002876814,-0.6228797,0.9833184,-9.751108,0,0,39.76745,1,1,999,999
608877,30:53.0,IMU,404204920,0,0.000884445,0.08438765,0.002403333,-0.6175718,0.9839419,-9.74395,0,0,39.76815,1,1,999,999
608975,30:53.1,IMU,404244904,0,0.00071975,0.06947524,0.001995016,-0.6134728,0.9841045,-9.745486,0,0,39.76884,1,1,999,999
609026,30:53.1,IMU,404284888,0,-0.000394517,0.05333689,0.001727372,-0.6072616,0.9857067,-9.751736,0,0,39.76954,1,1,999,999
609080,30:53.1,IMU,404324872,0,-0.000234979,0.03925189,0.001416598,-0.6012444,0.986479,-9.753239,0,0,39.77024,1,1,999,999
609179,30:53.2,IMU,404364856,0,0.001340479,0.02624388,0.001260998,-0.5960123,0.9875671,-9.754103,0,0,39.77094,1,1,999,999
609233,30:53.2,IMU,404404840,0,0.003411836,0.01352624,0.001181016,-0.5894378,0.9869617,-9.750181,0,0,39.77163,1,1,999,999
609335,30:53.3,IMU,404444824,0,0.003741692,-0.000612452,0.000989825,-0.5834079,0.9873006,-9.753818,0,0,39.77233,1,1,999,999
609389,30:53.3,IMU,404484808,0,0.002765001,-0.01519151,0.001032117,-0.577767,0.9878682,-9.753588,0,0,39.77303,1,1,999,999
609441,30:53.3,IMU,404524792,0,0.003758158,-0.03329869,0.001022391,-0.570935,0.9887401,-9.756424,0,0,39.77372,1,1,999,999
609543,30:53.4,IMU,404564776,0,0.00533166,-0.05219933,0.001177238,-0.5659557,0.9887478,-9.759037,0,0,39.77442,1,1,999,999
609598,30:53.4,IMU,404604760,0,0.005030823,-0.06791048,0.001411458,-0.55979,0.9894909,-9.757442,0,0,39.77512,1,1,999,999
609696,30:53.5,IMU,404644744,0,0.004928392,-0.08327485,0.001666428,-0.5558657,0.9896975,-9.755414,0,0,39.77581,1,1,999,999
609747,30:53.5,IMU,404684728,0,0.004665985,-0.09275547,0.00185546,-0.5506043,0.9914305,-9.751637,0,0,39.77651,1,1,999,999
609799,30:53.5,IMU,404724712,0,0.004551571,-0.1006647,0.001953991,-0.5476779,0.9916237,-9.753701,0,0,39.77721,1,1,999,999
609898,30:53.6,IMU,404764696,0,0.004430389,-0.1070255,0.002150227,-0.5433006,0.9915917,-9.749746,0,0,39.7779,1,1,999,999
609952,30:53.6,IMU,404804680,0,0.004341331,-0.1104351,0.002243741,-0.5417429,0.9922903,-9.756116,0,0,39.7786,1,1,999,999
610050,30:53.7,IMU,404844664,0,0.004179174,-0.1087415,0.002366646,-0.539291,0.9936227,-9.752972,0,0,39.7793,1,1,999,999
610101,30:53.7,IMU,404884648,0,0.004076075,-0.09964213,0.002387537,-0.5383317,0.9937732,-9.753072,0,0,39.77999,1,1,999,999
610153,30:53.7,IMU,404924632,0,0.004000808,-0.09130041,0.002484138,-0.5378784,0.9925392,-9.751828,0,0,39.78069,1,1,999,999
610253,30:53.8,IMU,404964616,0,0.005050329,-0.07420965,0.002765263,-0.5385203,0.9939053,-9.755611,0,0,39.78138,1,1,999,999
610307,30:53.8,IMU,405004600,0,0.006549368,-0.05481649,0.003187124,-0.5389091,0.9939767,-9.757528,0,0,39.78208,1,1,999,999
610407,30:53.9,IMU,405044584,0,0.005970777,-0.03890146,0.003534549,-0.5405244,0.9943436,-9.760411,0,0,39.78278,1,1,999,999
610458,30:53.9,IMU,405085401,0,0.005411992,-0.02521431,0.003749518,-0.5423227,0.9959246,-9.761845,0,0,39.78349,1,1,999,999
610511,30:53.9,IMU,405125385,0,0.004972763,-0.0127853,0.003838926,-0.5432864,0.9949858,-9.759905,0,0,39.78418,1,1,999,999
610612,30:54.0,IMU,405165369,0,0.006380126,-0.002221529,0.004017743,-0.5459336,0.9971819,-9.759671,0,0,39.78488,1,1,999,999
610667,30:54.0,IMU,405205353,0,0.007732602,0.004522515,0.003966928,-0.5455744,0.9948875,-9.758128,0,0,39.78558,1,1,999,999
610765,30:54.1,IMU,405245337,0,0.007220584,0.008059512,0.003738815,-0.5489334,0.9967548,-9.760604,0,0,39.78627,1,1,999,999
610816,30:54.1,IMU,405285321,0,0.005562649,0.01039018,0.003525122,-0.5507134,0.9964361,-9.75551,0,0,39.78696,1,1,999,999
610868,30:54.1,IMU,405325305,0,0.005150198,0.01174557,0.003308055,-0.5503686,0.996384,-9.758957,0,0,39.78766,1,1,999,999
610967,30:54.2,IMU,405365289,0,0.005484132,0.0131228,0.003096621,-0.5520243,0.9980543,-9.759052,0,0,39.78835,1,1,999,999
611021,30:54.2,IMU,405405273,0,0.005510756,0.01544271,0.00278924,-0.5544071,0.9966676,-9.754993,0,0,39.78905,1,1,999,999
611122,30:54.3,IMU,405445257,0,0.004974788,0.01573821,0.002443576,-0.555436,0.9966822,-9.757426,0,0,39.78975,1,1,999,999
611177,30:54.3,IMU,405485241,0,0.003335699,0.01626384,0.002301799,-0.5558944,0.9970971,-9.760886,0,0,39.79044,1,1,999,999
611229,30:54.3,IMU,405525225,0,0.004394862,0.01738472,0.002254276,-0.5581163,0.9959369,-9.761713,0,0,39.79111,1,1,999,999
611331,30:54.4,IMU,405565209,0,0.005703023,0.01785222,0.002294453,-0.5588703,0.9973857,-9.759633,0,0,39.79181,1,1,999,999
611386,30:54.4,IMU,405605193,0,0.006935988,0.01697071,0.002367946,-0.5588062,0.9961926,-9.755028,0,0,39.7925,1,1,999,999
611484,30:54.5,IMU,405645177,0,0.00554001,0.01595471,0.002537815,-0.5593185,0.9970808,-9.752046,0,0,39.7932,1,1,999,999
611535,30:54.5,IMU,405685161,0,0.00358857,0.01390343,0.002723254,-0.5605916,0.9970847,-9.756289,0,0,39.79389,1,1,999,999
611587,30:54.5,IMU,405725145,0,0.001275547,0.0136483,0.002927864,-0.5608096,0.9977102,-9.76151,0,0,39.79459,1,1,999,999
611686,30:54.6,IMU,405765129,0,0.0022104,0.01427955,0.002903889,-0.5625772,0.9966145,-9.759896,0,0,39.79528,1,1,999,999
611740,30:54.6,IMU,405805113,0,0.004033237,0.01478272,0.002830971,-0.5622323,0.9960781,-9.7565,0,0,39.79597,1,1,999,999
611838,30:54.7,IMU,405845097,0,0.005415399,0.01323469,0.002559809,-0.5623629,0.9956868,-9.752945,0,0,39.79667,1,1,999,999
611889,30:54.7,IMU,405885081,0,0.003320745,0.01220493,0.002407084,-0.5627893,0.9969018,-9.757289,0,0,39.79736,1,1,999,999
611941,30:54.7,IMU,405925065,0,0.002343389,0.01167224,0.002273932,-0.5632488,0.9950029,-9.754041,0,0,39.79807,1,1,999,999
612041,30:54.8,IMU,405965049,0,0.003714348,0.01076816,0.002124064,-0.5645149,0.9968446,-9.754177,0,0,39.79877,1,1,999,999
612095,30:54.8,IMU,406005033,0,0.004873992,0.01004922,0.001991455,-0.5633744,0.9958405,-9.756333,0,0,39.79946,1,1,999,999
612195,30:54.9,IMU,406045017,0,0.004117229,0.008250064,0.002117106,-0.5641608,0.9965157,-9.759124,0,0,39.80016,1,1,999,999
612246,30:54.9,IMU,406085001,0,0.001557437,0.009657368,0.002473668,-0.564846,0.9960815,-9.756329,0,0,39.80085,1,1,999,999
612299,30:54.9,IMU,406124985,0,0.00058247,0.009059565,0.002769788,-0.5640785,0.9958952,-9.755733,0,0,39.80153,1,1,999,999
612398,30:55.0,IMU,406164969,0,0.001568518,0.008554254,0.003042803,-0.5656717,0.9969468,-9.754279,0,0,39.80222,1,1,1000,1000
612452,30:55.0,IMU,406204953,0,0.003597127,0.008129783,0.003162624,-0.5636596,0.9959005,-9.751478,0,0,39.80291,1,1,1000,1000
612551,30:55.1,IMU,406244937,0,0.00431207,0.00771652,0.003198157,-0.5640528,0.9964702,-9.753941,0,0,39.8036,1,1,1000,1000
612602,30:55.1,IMU,406284921,0,0.00177014,0.007310557,0.003289438,-0.5629276,0.9952182,-9.74929,0,0,39.80429,1,1,1000,1000
612654,30:55.1,IMU,406324905,0,0.001975236,0.00724966,0.003081328,-0.565046,0.9954847,-9.756161,0,0,39.80499,1,1,1000,1000
612753,30:55.2,IMU,406364889,0,0.001933069,0.006937047,0.002781358,-0.5636549,0.9967576,-9.758283,0,0,39.80568,1,1,1000,1000
612807,30:55.2,IMU,406404873,0,0.003071859,0.007056872,0.002520212,-0.5638801,0.9955531,-9.757185,0,0,39.80637,1,1,1000,1000
612908,30:55.3,IMU,406444857,0,0.003893598,0.005723896,0.002349613,-0.5639675,0.9952196,-9.750212,0,0,39.80707,1,1,1000,1000
612963,30:55.3,IMU,406484841,0,0.002387785,0.003482352,0.002271182,-0.5638156,0.9950641,-9.759255,0,0,39.80776,1,1,1000,1000
613015,30:55.3,IMU,406524825,0,0.003504528,0.00488602,0.00236495,-0.5644756,0.9952034,-9.753844,0,0,39.80845,1,1,1000,1000
613117,30:55.4,IMU,406564809,0,0.002990073,0.005808507,0.002366838,-0.5643725,0.9956752,-9.759579,0,0,39.80914,1,1,1000,1000
613172,30:55.4,IMU,406604793,0,0.004646953,0.004667775,0.002372104,-0.5624676,0.9951364,-9.759249,0,0,39.80983,1,1,1000,1000
613270,30:55.5,IMU,406644777,0,0.003904053,0.00552969,0.002545928,-0.5635116,0.9946379,-9.752734,0,0,39.81053,1,1,1000,1000
613321,30:55.5,IMU,406684761,0,0.004540578,0.005278951,0.002703417,-0.5624424,0.9951782,-9.754909,0,0,39.81122,1,1,1000,1000
613373,30:55.5,IMU,406724745,0,0.003706824,0.005116677,0.002914082,-0.5614832,0.9952338,-9.752956,0,0,39.81191,1,1,1000,1000
613472,30:55.6,IMU,406764729,0,0.003018271,0.004890895,0.003107506,-0.56179,0.9948521,-9.752463,0,0,39.8126,1,1,1000,1000
613526,30:55.6,IMU,406804713,0,0.0038131,0.001960717,0.003095359,-0.5628139,0.9948832,-9.756708,0,0,39.81329,1,1,1000,1000
613624,30:55.7,IMU,406844697,0,0.00131535,0.00206744,0.003336956,-0.562283,0.9951373,-9.752649,0,0,39.81398,1,1,1000,1000
613675,30:55.7,IMU,406884681,0,0.003677865,0.00214524,0.003325405,-0.5621037,0.9944491,-9.749324,0,0,39.81468,1,1,1000,1000
613727,30:55.7,IMU,406924665,0,0.003461717,0.002175574,0.003244293,-0.5627699,0.9944959,-9.748881,0,0,39.81537,1,1,1000,1000
613826,30:55.8,IMU,406964649,0,0.002259171,0.000428843,0.003085144,-0.5618712,0.9950087,-9.760397,0,0,39.81606,1,1,1000,1000
613881,30:55.8,IMU,407004633,0,0.004486287,-0.001103179,0.002777384,-0.5625564,0.9945565,-9.755743,0,0,39.81675,1,1,1000,1000
613981,30:55.9,IMU,407044617,0,0.004092459,0.001061675,0.00260302,-0.56054,0.9950844,-9.751495,0,0,39.81744,1,1,1000,1000
614032,30:55.9,IMU,407084601,0,0.002252696,0.00082281,0.002679116,-0.5597838,0.9933659,-9.748936,0,0,39.81813,1,1,1000,1000
614085,30:55.9,IMU,407124585,0,0.002855998,0.002293024,0.002785689,-0.5616339,0.9947952,-9.756,0,0,39.81882,1,1,1000,1000
614184,30:56.0,IMU,407165402,0,0.00360222,0.002183749,0.002711318,-0.560088,0.9930564,-9.7568,0,0,39.81953,1,1,999,999
614238,30:56.0,IMU,407205386,0,0.002215932,0.000551246,0.002752061,-0.5617423,0.9931693,-9.750216,0,0,39.82022,1,1,999,999
614337,30:56.1,IMU,407245370,0,0.002769879,0.000766565,0.002748718,-0.5605336,0.9938583,-9.748242,0,0,39.82091,1,1,999,999
614388,30:56.1,IMU,407285354,0,0.001744274,0.000986841,0.002807151,-0.5605627,0.9931624,-9.749619,0,0,39.8216,1,1,999,999
614440,30:56.1,IMU,407325338,0,0.001628258,0.000351305,0.002764974,-0.5606333,0.9936122,-9.75558,0,0,39.82229,1,1,999,999
614539,30:56.2,IMU,407365322,0,0.00396418,-7.71e-05,0.002645845,-0.5603492,0.9940686,-9.763092,0,0,39.82298,1,1,999,999
614593,30:56.2,IMU,407405306,0,0.005662206,-0.000647673,0.002659242,-0.5609449,0.9945886,-9.753725,0,0,39.82367,1,1,999,999
614694,30:56.3,IMU,407445290,0,0.001745206,0.001702382,0.002795042,-0.560078,0.9940284,-9.749935,0,0,39.82436,1,1,999,999
614748,30:56.3,IMU,407485274,0,0.001940638,0.001734349,0.002799648,-0.5605913,0.992928,-9.747948,0,0,39.82505,1,1,999,999
614801,30:56.3,IMU,407525258,0,0.001984969,0.001057022,0.002717931,-0.5605055,0.9935346,-9.754825,0,0,39.82574,1,1,999,999
614903,30:56.4,IMU,407565242,0,0.003198724,0.000908525,0.00288546,-0.5600332,0.9927335,-9.753713,0,0,39.82644,1,1,999,999
614957,30:56.4,IMU,407605226,0,0.003819855,0.00121109,0.003081741,-0.5585663,0.9927447,-9.75333,0,0,39.82711,1,1,999,999
615056,30:56.5,IMU,407645210,0,0.003766001,0.001271609,0.003254575,-0.5600904,0.9930518,-9.753474,0,0,39.8278,1,1,999,999
615107,30:56.5,IMU,407685194,0,0.00369451,0.001762645,0.003409504,-0.5599219,0.9932826,-9.756918,0,0,39.82849,1,1,999,999
615159,30:56.5,IMU,407725178,0,0.002122941,0.001692411,0.003426922,-0.5594957,0.9937275,-9.757249,0,0,39.82917,1,1,999,999
615258,30:56.6,IMU,407765162,0,0.003272603,0.001840132,0.003164157,-0.5599988,0.9933949,-9.755465,0,0,39.82986,1,1,999,999
615312,30:56.6,IMU,407805146,0,0.003252839,0.002418659,0.002938686,-0.5603653,0.9935702,-9.755833,0,0,39.83055,1,1,999,999
615410,30:56.7,IMU,407845130,0,0.003162218,0.002588059,0.002610515,-0.5603277,0.9938225,-9.752765,0,0,39.83124,1,1,999,999
615461,30:56.7,IMU,407885114,0,0.00314425,0.002783944,0.00247665,-0.5607435,0.9936155,-9.753367,0,0,39.83193,1,1,999,999
615513,30:56.7,IMU,407925098,0,0.001865038,0.002207729,0.002379188,-0.5605981,0.9916502,-9.751124,0,0,39.83262,1,1,999,999
615612,30:56.8,IMU,407965082,0,0.002286906,0.002288645,0.002384311,-0.5614979,0.9917465,-9.748837,0,0,39.83331,1,1,999,999
615666,30:56.8,IMU,408005066,0,0.001749943,0.002400779,0.002593109,-0.5609306,0.9947754,-9.753141,0,0,39.83401,1,1,999,999
615767,30:56.9,IMU,408045050,0,0.000785743,0.002414563,0.002829461,-0.5609721,0.9933441,-9.754423,0,0,39.83471,1,1,999,999
615818,30:56.9,IMU,408085034,0,0.001516938,0.002483424,0.003085747,-0.560749,0.9934722,-9.750601,0,0,39.8354,1,1,999,999
615871,30:56.9,IMU,408125018,0,0.000998203,0.00245802,0.003148668,-0.5606652,0.9929336,-9.75184,0,0,39.83608,1,1,999,999
615970,30:57.0,IMU,408165002,0,0.001747491,0.002043442,0.003305024,-0.5613283,0.9927438,-9.756338,0,0,39.83677,1,1,1000,1000
616024,30:57.0,IMU,408204986,0,0.004298525,0.001661383,0.0034201,-0.5612279,0.9936174,-9.752391,0,0,39.83744,1,1,1000,1000
616123,30:57.1,IMU,408244970,0,0.002269004,0.001755405,0.003507512,-0.5618948,0.9936751,-9.748535,0,0,39.83813,1,1,1000,1000
616174,30:57.1,IMU,408284954,0,0.00207823,0.001835907,0.003191594,-0.5617054,0.9940985,-9.755984,0,0,39.83882,1,1,1000,1000
616226,30:57.1,IMU,408324938,0,0.001518303,0.001765492,0.002909904,-0.5615665,0.9930882,-9.754884,0,0,39.83951,1,1,1000,1000
616327,30:57.2,IMU,408364922,0,0.001653451,0.00415886,0.002695373,-0.5611387,0.992626,-9.755049,0,0,39.84019,1,1,1000,1000
616381,30:57.2,IMU,408404906,0,0.001695835,0.00441254,0.002499409,-0.5618787,0.9926513,-9.750278,0,0,39.84088,1,1,1000,1000
616482,30:57.3,IMU,408444890,0,0.00178613,0.001870294,0.002371712,-0.5611292,0.9927793,-9.74729,0,0,39.84157,1,1,1000,1000
616536,30:57.3,IMU,408484874,0,0.002005071,0.002098307,0.002493885,-0.5609437,0.9925786,-9.751103,0,0,39.84226,1,1,1000,1000
616589,30:57.3,IMU,408524858,0,0.003128491,0.001270819,0.002690899,-0.5615039,0.9937808,-9.754696,0,0,39.84295,1,1,1000,1000
616691,30:57.4,IMU,408564842,0,0.003958906,-0.000220426,0.002693997,-0.5618019,0.9925576,-9.757603,0,0,39.84363,1,1,1000,1000
616745,30:57.4,IMU,408604826,0,0.003602297,0.004104123,0.002768986,-0.5615598,0.9931228,-9.750319,0,0,39.84432,1,1,1000,1000
616844,30:57.5,IMU,408644810,0,0.003810373,0.000380053,0.002592423,-0.5622208,0.9929911,-9.746717,0,0,39.84501,1,1,1000,1000
616895,30:57.5,IMU,408684794,0,0.000307509,0.00072006,0.002852925,-0.5634779,0.9926271,-9.752619,0,0,39.8457,1,1,1000,1000
616947,30:57.5,IMU,408724778,0,5.922765e-05,0.000841986,0.003100464,-0.5625984,0.9929422,-9.755611,0,0,39.84638,1,1,1000,1000
617046,30:57.6,IMU,408764762,0,0.001558374,0.001070972,0.003275379,-0.5610862,0.9936157,-9.751865,0,0,39.84707,1,1,1000,1000
617100,30:57.6,IMU,408804746,0,0.000965432,0.001098997,0.003607741,-0.5620979,0.9941163,-9.754157,0,0,39.84776,1,1,1000,1000
617198,30:57.7,IMU,408844730,0,0.001850208,0.001281342,0.003772857,-0.5627495,0.9941597,-9.74794,0,0,39.84844,1,1,1000,1000
617249,30:57.7,IMU,408884714,0,0.001879995,0.001194845,0.003772926,-0.5633618,0.9939331,-9.750128,0,0,39.84913,1,1,1000,1000
617301,30:57.7,IMU,408924698,0,0.001241247,-0.000205439,0.003357917,-0.5629709,0.9941212,-9.755912,0,0,39.84982,1,1,1000,1000
617400,30:57.8,IMU,408964682,0,0.001398841,0.00121627,0.003082538,-0.563722,0.9947097,-9.753729,0,0,39.8505,1,1,1000,1000
617454,30:57.8,IMU,409004666,0,0.002130716,0.001971293,0.002719911,-0.5644157,0.9946781,-9.75533,0,0,39.85119,1,1,1000,1000
617555,30:57.9,IMU,409044650,0,0.001246405,0.002484431,0.002630025,-0.5640329,0.9930078,-9.757334,0,0,39.85188,1,1,1000,1000
617606,30:57.9,IMU,409084634,0,0.002719327,0.002538615,0.002494983,-0.5632092,0.9942076,-9.752716,0,0,39.85256,1,1,1000,1000
617658,30:57.9,IMU,409124618,0,0.002467703,0.004406456,0.002430924,-0.5632331,0.9950287,-9.747381,0,0,39.85325,1,1,1000,1000
617758,30:58.0,IMU,409164602,0,0.002476477,0.002409649,0.002384573,-0.56376,0.9945037,-9.745646,0,0,39.85394,1,1,999,999
617812,30:58.0,IMU,409204586,0,0.002172248,0.002430038,0.002644182,-0.5651434,0.9941926,-9.7557,0,0,39.85462,1,1,999,999
617911,30:58.1,IMU,409245403,0,0.00224154,0.002451709,0.003015464,-0.5652595,0.9931136,-9.754435,0,0,39.85532,1,1,999,999
617962,30:58.1,IMU,409285387,0,0.00080811,0.002465304,0.0033234,-0.5649263,0.9941403,-9.753119,0,0,39.85601,1,1,999,999
618014,30:58.1,IMU,409325371,0,0.001619711,0.002480417,0.003521428,-0.5653478,0.9949255,-9.750639,0,0,39.8567,1,1,999,999
618113,30:58.2,IMU,409365355,0,0.001883615,0.001852794,0.003610792,-0.5652441,0.9945229,-9.757328,0,0,39.85738,1,1,999,999
618167,30:58.2,IMU,409405339,0,0.004170038,0.002567963,0.003546594,-0.5647715,0.9948931,-9.753153,0,0,39.85807,1,1,999,999
618268,30:58.3,IMU,409445323,0,0.004707163,0.00323515,0.003400768,-0.5656494,0.995583,-9.753718,0,0,39.85875,1,1,999,999
618322,30:58.3,IMU,409485307,0,0.003454054,0.002992525,0.003105734,-0.5653801,0.994303,-9.751451,0,0,39.85944,1,1,999,999
618374,30:58.3,IMU,409525291,0,0.003398601,0.003730207,0.002894579,-0.5656942,0.9940154,-9.753434,0,0,39.86012,1,1,999,999
618477,30:58.4,IMU,409565275,0,0.003369121,0.004349252,0.00261053,-0.5656558,0.9958795,-9.752698,0,0,39.86081,1,1,999,999
618531,30:58.4,IMU,409605259,0,0.004399392,0.00431281,0.002374743,-0.5660928,0.9948049,-9.754536,0,0,39.8615,1,1,999,999
618630,30:58.5,IMU,409645243,0,0.003840997,0.004117544,0.002494159,-0.5658662,0.9941828,-9.751196,0,0,39.86218,1,1,999,999
618681,30:58.5,IMU,409685227,0,0.003145009,0.004144864,0.002757488,-0.5665662,0.9942636,-9.751038,0,0,39.86285,1,1,999,999
618733,30:58.5,IMU,409725211,0,0.00186253,0.004009884,0.002950394,-0.5658228,0.9948848,-9.751689,0,0,39.86353,1,1,999,999
618832,30:58.6,IMU,409765195,0,0.002621427,0.003940819,0.003196761,-0.5656421,0.9949106,-9.754386,0,0,39.86422,1,1,999,999
618886,30:58.6,IMU,409805179,0,0.003373283,0.003843945,0.003397209,-0.5656235,0.9950567,-9.753875,0,0,39.8649,1,1,999,999
618984,30:58.7,IMU,409845163,0,0.00293273,0.003592039,0.003565769,-0.5659832,0.9949549,-9.747863,0,0,39.86559,1,1,999,999
619035,30:58.7,IMU,409885147,0,0.002792412,0.002520681,0.00337965,-0.5662451,0.9954861,-9.746436,0,0,39.86627,1,1,999,999
619087,30:58.7,IMU,409925131,0,0.002833371,0.002972016,0.003127457,-0.5663677,0.9947545,-9.753208,0,0,39.86695,1,1,999,999
619186,30:58.8,IMU,409965115,0,0.002883804,0.003394802,0.002844233,-0.5668221,0.9955581,-9.752739,0,0,39.86764,1,1,999,999
619240,30:58.8,IMU,410005099,0,0.003744785,0.003424383,0.002603707,-0.5669117,0.9952377,-9.752775,0,0,39.86832,1,1,999,999
619340,30:58.9,IMU,410045083,0,0.00279217,0.004088988,0.002567049,-0.5674684,0.9956003,-9.7547,0,0,39.86901,1,1,999,999
619392,30:58.9,IMU,410085067,0,0.003381011,0.001078304,0.002660114,-0.567444,0.9945476,-9.751066,0,0,39.86969,1,1,999,999
619444,30:58.9,IMU,410125051,0,0.003252205,0.001257028,0.002881875,-0.5674419,0.995291,-9.753025,0,0,39.8704,1,1,999,999
619544,30:59.0,IMU,410165035,0,0.003238362,0.001398267,0.003122719,-0.5673211,0.9944738,-9.75079,0,0,39.87108,1,1,999,999
619598,30:59.0,IMU,410205019,0,0.005988268,0.001550892,0.003110828,-0.567311,0.9927104,-9.752016,0,0,39.87176,1,1,999,999
619699,30:59.1,IMU,410245003,0,0.004883841,0.001583892,0.003380283,-0.5662624,0.9943928,-9.748249,0,0,39.87244,1,1,999,999
619750,30:59.1,IMU,410284987,0,0.004110158,0.001707678,0.00346105,-0.5665432,0.9927773,-9.751274,0,0,39.87311,1,1,999,999
619802,30:59.1,IMU,410324971,0,0.002551241,0.00198083,0.003631929,-0.5683643,0.9944842,-9.748639,0,0,39.87379,1,1,999,999
619901,30:59.2,IMU,410364955,0,0.003238955,0.002228667,0.003397415,-0.5678064,0.9949436,-9.750919,0,0,39.87448,1,1,999,999
619955,30:59.2,IMU,410404939,0,0.003227624,0.001818447,0.00304373,-0.5670127,0.9942136,-9.754063,0,0,39.87516,1,1,999,999
620056,30:59.3,IMU,410444923,0,0.003171077,0.002349834,0.002783375,-0.5686247,0.9941607,-9.753297,0,0,39.87585,1,1,999,999
620110,30:59.3,IMU,410484907,0,0.003136692,0.001756797,0.00249467,-0.5684704,0.9938834,-9.75088,0,0,39.87653,1,1,999,999
620162,30:59.3,IMU,410524891,0,0.003095128,0.00365414,0.002422956,-0.5687884,0.9936893,-9.748361,0,0,39.87721,1,1,999,999
620264,30:59.4,IMU,410564875,0,0.001681322,0.005279181,0.002445443,-0.5683891,0.9947934,-9.760281,0,0,39.8779,1,1,999,999
620319,30:59.4,IMU,410604859,0,0.00030059,0.006614142,0.002529025,-0.5676475,0.9949,-9.753836,0,0,39.87858,1,1,999,999
620418,30:59.5,IMU,410644843,0,0.002033883,0.006689116,0.002818976,-0.5684487,0.9929087,-9.748543,0,0,39.87926,1,1,999,999
620469,30:59.5,IMU,410684827,0,0.001296373,0.006246187,0.002808226,-0.5676899,0.9934851,-9.746486,0,0,39.87994,1,1,999,999
620521,30:59.5,IMU,410724811,0,0.002443419,0.005996385,0.002828563,-0.5686852,0.9943017,-9.748937,0,0,39.88063,1,1,999,999
620620,30:59.6,IMU,410764795,0,0.003129405,0.003818985,0.003004585,-0.5685186,0.9949294,-9.752913,0,0,39.88131,1,1,999,999
620674,30:59.6,IMU,410804779,0,0.003021038,0.003811841,0.003212955,-0.5686958,0.9934932,-9.750079,0,0,39.88199,1,1,999,999
620772,30:59.7,IMU,410844763,0,0.001890277,0.003732931,0.003331288,-0.5688609,0.9935159,-9.750538,0,0,39.88268,1,1,999,999
620823,30:59.7,IMU,410884747,0,0.003516266,0.003665459,0.00322555,-0.568841,0.9929759,-9.746735,0,0,39.88335,1,1,999,999
620875,30:59.7,IMU,410924731,0,-0.000544845,0.00264733,0.003373276,-0.5676816,0.9933242,-9.752922,0,0,39.88404,1,1,999,999
620974,30:59.8,IMU,410964715,0,0.001153898,0.002665123,0.00351396,-0.5684695,0.9939681,-9.751553,0,0,39.88472,1,1,999,999
621028,30:59.8,IMU,411004699,0,0.001169444,0.002642442,0.003756567,-0.5685132,0.9931459,-9.752032,0,0,39.8854,1,1,999,999
621128,30:59.9,IMU,411044683,0,0.001351712,0.001621246,0.003717505,-0.5683699,0.9920915,-9.757985,0,0,39.88608,1,1,999,999
621180,30:59.9,IMU,411084667,0,0.003192471,0.003619935,0.003608196,-0.5680543,0.9927689,-9.751732,0,0,39.88676,1,1,999,999
621232,30:59.9,IMU,411124651,0,0.002636264,0.004534358,0.003216109,-0.5688128,0.9934705,-9.753728,0,0,39.88745,1,1,999,999
621332,31:00.0,IMU,411164635,0,0.002712803,0.004010268,0.002989149,-0.5689969,0.9945188,-9.752928,0,0,39.88813,1,1,1000,1000
621386,31:00.0,IMU,411204619,0,0.002680192,0.004269187,0.002628984,-0.5681021,0.9924207,-9.751871,0,0,39.88881,1,1,1000,1000
621485,31:00.1,IMU,411244603,0,0.002683407,0.004934347,0.002438087,-0.5698555,0.9928066,-9.752403,0,0,39.88949,1,1,1000,1000
621536,31:00.1,IMU,411284587,0,0.002700761,0.00443892,0.002207249,-0.5680277,0.9925044,-9.75142,0,0,39.89017,1,1,1000,1000
621588,31:00.1,IMU,411325404,0,0.00299782,0.003359177,0.00221848,-0.5693603,0.9941838,-9.754919,0,0,39.89087,1,1,1000,1000
621687,31:00.2,IMU,411365388,0,0.000688544,0.00344011,0.002630361,-0.568235,0.993203,-9.753037,0,0,39.89155,1,1,1000,1000
621741,31:00.2,IMU,411405372,0,0.002611644,0.003357794,0.002996741,-0.5681378,0.9940186,-9.754229,0,0,39.89223,1,1,1000,1000
621842,31:00.3,IMU,411445356,0,0.00268657,0.003348905,0.003321733,-0.5680203,0.9933488,-9.754021,0,0,39.89291,1,1,1000,1000
621896,31:00.3,IMU,411485340,0,0.002739524,0.003312523,0.00356124,-0.5676168,0.9938551,-9.753798,0,0,39.8936,1,1,1000,1000
621948,31:00.3,IMU,411525324,0,0.001922458,0.003240672,0.003775658,-0.568675,0.9925614,-9.753231,0,0,39.89428,1,1,1000,1000
622050,31:00.4,IMU,411565308,0,0.001721016,0.003874131,0.003768709,-0.5675253,0.9930003,-9.757899,0,0,39.89496,1,1,1000,1000
622105,31:00.4,IMU,411605292,0,0.00126946,0.003839221,0.00366407,-0.567054,0.9936283,-9.75658,0,0,39.89564,1,1,1000,1000
622203,31:00.5,IMU,411645276,0,0.001719446,0.003923072,0.003529843,-0.5679623,0.9939004,-9.752831,0,0,39.89632,1,1,1000,1000
622255,31:00.5,IMU,411685260,0,0.001380165,0.003876308,0.003238756,-0.5671971,0.9941165,-9.751525,0,0,39.897,1,1,1000,1000
622307,31:00.5,IMU,411725244,0,0.001514725,0.003953812,0.002875501,-0.5685796,0.9929397,-9.75101,0,0,39.89768,1,1,1000,1000
622406,31:00.6,IMU,411765228,0,0.001641235,0.003924381,0.002662583,-0.5678252,0.9941103,-9.751912,0,0,39.89834,1,1,1000,1000
622460,31:00.6,IMU,411805212,0,0.00227681,0.004548538,0.00239274,-0.5674213,0.9932699,-9.755282,0,0,39.89902,1,1,1000,1000
622558,31:00.7,IMU,411845196,0,0.002508879,0.003913267,0.002281286,-0.5672767,0.9936325,-9.753923,0,0,39.8997,1,1,1000,1000
622609,31:00.7,IMU,411885180,0,0.003532722,0.003313318,0.002165705,-0.5668195,0.9926461,-9.748938,0,0,39.90038,1,1,1000,1000
622661,31:00.7,IMU,411925164,0,0.003073741,0.001524043,0.002116435,-0.5673804,0.993322,-9.752828,0,0,39.90106,1,1,1000,1000
622760,31:00.8,IMU,411965148,0,0.004327759,0.002480645,0.002571443,-0.5682268,0.9929662,-9.755393,0,0,39.90174,1,1,1000,1000
622814,31:00.8,IMU,412005132,0,0.005890882,0.002419048,0.002937136,-0.5674525,0.993636,-9.753535,0,0,39.90242,1,1,1000,1000
622914,31:00.9,IMU,412045116,0,0.003756665,0.002623367,0.003229838,-0.5680791,0.9935512,-9.753247,0,0,39.9031,1,1,1000,1000
622965,31:00.9,IMU,412085100,0,0.004296887,0.002529782,0.003514851,-0.5673938,0.9935462,-9.752851,0,0,39.90378,1,1,1000,1000
623018,31:00.9,IMU,412125084,0,0.004621736,0.002516136,0.003677751,-0.567197,0.994215,-9.75143,0,0,39.90446,1,1,1000,1000
623117,31:01.0,IMU,412165068,0,0.005034877,0.002611995,0.00388169,-0.5677868,0.9936466,-9.748951,0,0,39.90514,1,1,999,999
623172,31:01.0,IMU,412205052,0,0.005923124,0.002140308,0.003947295,-0.5684913,0.9931788,-9.753011,0,0,39.90584,1,1,999,999
623271,31:01.1,IMU,412245036,0,0.00184005,0.001768785,0.00380104,-0.5673484,0.9938914,-9.752882,0,0,39.90652,1,1,999,999
623322,31:01.1,IMU,412285020,0,0.002117046,0.001723349,0.003378637,-0.5679612,0.9928806,-9.75314,0,0,39.9072,1,1,999,999
623374,31:01.1,IMU,412325004,0,0.002156243,0.001077075,0.003021423,-0.5672613,0.9938918,-9.752662,0,0,39.90788,1,1,999,999
623475,31:01.2,IMU,412364988,0,0.002144743,0.000648267,0.002718191,-0.5664523,0.9936794,-9.750583,0,0,39.90854,1,1,999,999
623529,31:01.2,IMU,412404972,0,0.003160836,0.001138761,0.002441358,-0.5671515,0.993897,-9.755639,0,0,39.90921,1,1,999,999
623630,31:01.3,IMU,412444956,0,0.003470688,0.00270362,0.002278024,-0.5660323,0.9951442,-9.751403,0,0,39.90989,1,1,999,999
623685,31:01.3,IMU,412484940,0,0.002995365,0.003511819,0.002244013,-0.5676121,0.9930935,-9.745552,0,0,39.91057,1,1,999,999
623737,31:01.3,IMU,412524924,0,0.003135765,0.003876474,0.002263429,-0.5677762,0.994343,-9.758656,0,0,39.91125,1,1,999,999
623838,31:01.4,IMU,412564908,0,0.003641944,0.00227174,0.00247358,-0.5663325,0.9945883,-9.756396,0,0,39.91193,1,1,999,999
623893,31:01.4,IMU,412604892,0,0.004076766,0.003566642,0.002732113,-0.5670615,0.9925907,-9.751833,0,0,39.91261,1,1,999,999
623992,31:01.5,IMU,412644876,0,0.003302649,0.003433956,0.002878389,-0.5671258,0.992298,-9.75263,0,0,39.91328,1,1,999,999
624044,31:01.5,IMU,412684860,0,0.004086288,0.003378842,0.003157171,-0.5675834,0.99306,-9.751619,0,0,39.91396,1,1,999,999
624096,31:01.5,IMU,412724844,0,0.004633037,0.003257591,0.003319534,-0.5670087,0.9923278,-9.754026,0,0,39.91464,1,1,999,999
624195,31:01.6,IMU,412764828,0,0.005120303,0.003298278,0.003374775,-0.5672122,0.9943106,-9.751251,0,0,39.91532,1,1,999,999
624249,31:01.6,IMU,412804812,0,0.00374868,0.001465844,0.003428937,-0.5668844,0.9932678,-9.748984,0,0,39.916,1,1,999,999
624347,31:01.7,IMU,412844796,0,0.004451022,0.000334843,0.003319934,-0.5674084,0.9937158,-9.74813,0,0,39.91668,1,1,999,999
624398,31:01.7,IMU,412884780,0,0.003572421,0.000683737,0.003289833,-0.5679742,0.9926301,-9.749816,0,0,39.91735,1,1,999,999
624450,31:01.7,IMU,412924764,0,0.00335614,0.000848815,0.002962492,-0.5668299,0.9923938,-9.752995,0,0,39.91803,1,1,999,999
624549,31:01.8,IMU,412964748,0,0.003278899,0.000361886,0.002661537,-0.5678896,0.9935195,-9.752327,0,0,39.91871,1,1,999,999
624603,31:01.8,IMU,413004732,0,0.00348859,0.000570628,0.002540934,-0.5682113,0.9933365,-9.748297,0,0,39.91938,1,1,999,999
624703,31:01.9,IMU,413044716,0,0.004236426,0.001679941,0.002709492,-0.5675031,0.9933173,-9.753251,0,0,39.92006,1,1,999,999
624754,31:01.9,IMU,413084700,0,0.004817796,-7.3e-05,0.002971289,-0.5669988,0.9939181,-9.755442,0,0,39.92074,1,1,999,999
624806,31:01.9,IMU,413124684,0,0.004591765,0.001747089,0.003069045,-0.567771,0.9927801,-9.757942,0,0,39.92142,1,1,999,999
624906,31:02.0,IMU,413164668,0,0.004182682,0.003750202,0.003082267,-0.5675136,0.9933327,-9.748306,0,0,39.9221,1,1,1000,1000
624961,31:02.0,IMU,413204652,0,0.004255946,0.003755818,0.003182566,-0.5681316,0.9926357,-9.749432,0,0,39.92277,1,1,1000,1000
625060,31:02.1,IMU,413244636,0,0.003416989,0.003727866,0.003381541,-0.5677101,0.9941904,-9.748625,0,0,39.92345,1,1,1000,1000
625111,31:02.1,IMU,413284620,0,0.002818791,0.000795006,0.003429753,-0.5679927,0.9924326,-9.750793,0,0,39.92413,1,1,1000,1000
625163,31:02.1,IMU,413324604,0,0.0020878,0.000991616,0.003628029,-0.5671808,0.9932505,-9.751417,0,0,39.9248,1,1,1000,1000
625262,31:02.2,IMU,413364588,0,0.001757967,0.002569373,0.00358097,-0.5675236,0.9924678,-9.755876,0,0,39.92548,1,1,1000,1000
625316,31:02.2,IMU,413405405,0,0.002020588,0.002284636,0.003390335,-0.5672071,0.9915643,-9.750983,0,0,39.92617,1,1,1000,1000
625417,31:02.3,IMU,413445389,0,0.002944071,0.002207658,0.00318339,-0.5683451,0.9930598,-9.748275,0,0,39.92685,1,1,1000,1000
625471,31:02.3,IMU,413485373,0,0.002890647,0.000423341,0.003016233,-0.5672454,0.9916651,-9.752803,0,0,39.92752,1,1,1000,1000
625523,31:02.3,IMU,413525357,0,0.002904274,0.003218245,0.002745606,-0.5674214,0.9924812,-9.75308,0,0,39.9282,1,1,1000,1000
625624,31:02.4,IMU,413565341,0,0.002861216,0.002521488,0.002387031,-0.568217,0.9916494,-9.749973,0,0,39.92888,1,1,1000,1000
625679,31:02.4,IMU,413605325,0,0.003869402,0.002735599,0.002228421,-0.5688242,0.9921812,-9.752113,0,0,39.92955,1,1,1000,1000
625778,31:02.5,IMU,413645309,0,0.003858857,0.002062805,0.00237353,-0.5682648,0.9926375,-9.75552,0,0,39.93023,1,1,1000,1000
625830,31:02.5,IMU,413685293,0,0.003098159,0.003300903,0.00264564,-0.5683416,0.9922676,-9.751698,0,0,39.9309,1,1,1000,1000
625882,31:02.5,IMU,413725277,0,0.003161195,0.003205189,0.002985641,-0.5687951,0.9907202,-9.752558,0,0,39.93158,1,1,1000,1000
625981,31:02.6,IMU,413765261,0,0.001712717,0.003190544,0.00320516,-0.5689785,0.9924483,-9.751663,0,0,39.93226,1,1,1000,1000
626035,31:02.6,IMU,413805245,0,0.000873377,0.003129312,0.003432179,-0.5688218,0.9923643,-9.750643,0,0,39.93293,1,1,1000,1000
626133,31:02.7,IMU,413845229,0,0.001070336,0.003127797,0.003560151,-0.568354,0.992569,-9.748691,0,0,39.93359,1,1,1000,1000
626184,31:02.7,IMU,413885213,0,0.00211196,0.003056919,0.003704172,-0.5685714,0.9927986,-9.750585,0,0,39.93427,1,1,1000,1000
626236,31:02.7,IMU,413925197,0,0.001151661,0.003039392,0.003842115,-0.5677702,0.9914585,-9.751907,0,0,39.93494,1,1,1000,1000
626335,31:02.8,IMU,413965181,0,0.002388407,0.002938861,0.003938627,-0.5692573,0.9914417,-9.748922,0,0,39.93562,1,1,1000,1000
626389,31:02.8,IMU,414005165,0,0.003512777,0.002027541,0.00374426,-0.5684608,0.9929289,-9.75399,0,0,39.93629,1,1,1000,1000
626489,31:02.9,IMU,414045149,0,0.00380106,0.003806227,0.003429781,-0.5698,0.9915154,-9.751097,0,0,39.93697,1,1,1000,1000
626540,31:02.9,IMU,414085133,0,0.003710252,0.004053146,0.00310963,-0.5683247,0.9909909,-9.751032,0,0,39.93764,1,1,1000,1000
626592,31:02.9,IMU,414125117,0,0.003580827,0.004204706,0.002787935,-0.5695131,0.9923028,-9.747921,0,0,39.93832,1,1,1000,1000
626692,31:03.0,IMU,414165101,0,0.002094233,0.005003866,0.00260039,-0.5695762,0.9916764,-9.751244,0,0,39.93899,1,1,999,999
626747,31:03.0,IMU,414205085,0,0.001680112,0.0033143,0.00245085,-0.5692524,0.9903187,-9.74912,0,0,39.93967,1,1,999,999
626846,31:03.1,IMU,414245069,0,0.001791899,0.004726298,0.002440782,-0.5680114,0.9909562,-9.745692,0,0,39.94034,1,1,999,999
626897,31:03.1,IMU,414285053,0,0.001235973,0.004448083,0.00242433,-0.5696782,0.990391,-9.748165,0,0,39.94103,1,1,999,999
626949,31:03.1,IMU,414325037,0,0.003995642,0.004339067,0.002671754,-0.5701313,0.9917136,-9.748819,0,0,39.94171,1,1,999,999
627048,31:03.2,IMU,414365021,0,0.000299036,0.004105962,0.00291786,-0.5700976,0.9911411,-9.7514,0,0,39.94238,1,1,999,999
627102,31:03.2,IMU,414405005,0,0.000545996,0.003991921,0.003063476,-0.5694469,0.9915348,-9.746733,0,0,39.94306,1,1,999,999
627203,31:03.3,IMU,414444989,0,0.001415451,0.003910745,0.003038785,-0.5678492,0.9913846,-9.744335,0,0,39.94371,1,1,999,999
627257,31:03.3,IMU,414484973,0,0.001561033,0.003802653,0.00306425,-0.5692438,0.9904934,-9.744692,0,0,39.94439,1,1,999,999
627309,31:03.3,IMU,414524957,0,0.001643288,0.002756905,0.00296084,-0.5687692,0.9921918,-9.744232,0,0,39.94506,1,1,999,999
627410,31:03.4,IMU,414564941,0,0.003709932,0.002557561,0.003084406,-0.5691699,0.9917408,-9.75468,0,0,39.94574,1,1,999,999
627465,31:03.4,IMU,414604925,0,0.004464264,0.003647746,0.003143665,-0.5703002,0.9911863,-9.755694,0,0,39.94641,1,1,999,999
627563,31:03.5,IMU,414644909,0,0.000643185,0.001886839,0.003161065,-0.5682952,0.9911474,-9.744221,0,0,39.94708,1,1,999,999
627615,31:03.5,IMU,414684893,0,0.000905522,0.00199348,0.003114337,-0.5680325,0.991375,-9.74573,0,0,39.94776,1,1,999,999
627668,31:03.5,IMU,414724877,0,0.001151566,0.001996388,0.00307184,-0.569437,0.9912418,-9.743696,0,0,39.94843,1,1,999,999
627767,31:03.6,IMU,414764861,0,0.001948779,0.00165111,0.002994264,-0.5691198,0.9906331,-9.752979,0,0,39.9491,1,1,999,999
627821,31:03.6,IMU,414804845,0,0.002191025,0.003927944,0.002617033,-0.5688442,0.9910141,-9.752033,0,0,39.94978,1,1,999,999
627919,31:03.7,IMU,414844829,0,0.003546249,0.005330713,0.00245983,-0.5696984,0.9919343,-9.753598,0,0,39.95045,1,1,999,999
627970,31:03.7,IMU,414884813,0,0.00302653,0.004560706,0.002292879,-0.5689313,0.9916361,-9.74534,0,0,39.95113,1,1,999,999
628022,31:03.7,IMU,414924797,0,0.003023674,0.003558108,0.002301246,-0.569564,0.9915353,-9.745412,0,0,39.9518,1,1,999,999
628121,31:03.8,IMU,414964781,0,0.002960891,0.003554613,0.002323832,-0.5685971,0.9913453,-9.747342,0,0,39.95247,1,1,999,999
628175,31:03.8,IMU,415004765,0,0.004366903,0.003476257,0.002785403,-0.5691251,0.9909853,-9.754783,0,0,39.95314,1,1,999,999
628275,31:03.9,IMU,415044749,0,0.004430423,0.003385312,0.003034379,-0.5694884,0.9906975,-9.750648,0,0,39.95382,1,1,999,999
628326,31:03.9,IMU,415084733,0,0.004649157,0.003306478,0.003209771,-0.5702296,0.9915845,-9.751737,0,0,39.95449,1,1,999,999
628378,31:03.9,IMU,415124717,0,0.004269071,0.003259716,0.003317169,-0.569269,0.9910902,-9.747936,0,0,39.95516,1,1,999,999
628477,31:04.0,IMU,415164701,0,0.002272949,0.003229397,0.003398139,-0.5696529,0.9913158,-9.746119,0,0,39.95583,1,1,999,999
628533,31:04.0,IMU,415204685,0,0.002759717,0.002872058,0.003290664,-0.5691375,0.9925005,-9.746698,0,0,39.9565,1,1,999,999
628632,31:04.1,IMU,415244669,0,0.003130724,0.002113133,0.003181864,-0.5693687,0.9918408,-9.758229,0,0,39.95718,1,1,999,999
628683,31:04.1,IMU,415284653,0,0.004542559,0.003927937,0.00309233,-0.5689394,0.9924068,-9.751116,0,0,39.95785,1,1,999,999
628735,31:04.1,IMU,415324637,0,0.004325463,0.001172069,0.002865585,-0.5693575,0.9913743,-9.745791,0,0,39.95852,1,1,999,999
628836,31:04.2,IMU,415364621,0,0.004254748,0.001352806,0.002911563,-0.5689126,0.9915099,-9.745147,0,0,39.9592,1,1,999,999
628890,31:04.2,IMU,415404605,0,0.003269047,0.001499186,0.002913177,-0.5689697,0.9916408,-9.747887,0,0,39.95987,1,1,999,999
628991,31:04.3,IMU,415444589,0,0.001799598,0.001566136,0.003100296,-0.5681281,0.9915476,-9.750669,0,0,39.96054,1,1,999,999
629045,31:04.3,IMU,415485406,0,0.001021787,0.001586193,0.003310285,-0.5683912,0.9914031,-9.752484,0,0,39.96123,1,1,999,999
629097,31:04.3,IMU,415525390,0,0.001728583,0.001759537,0.003548131,-0.5678633,0.9921194,-9.752892,0,0,39.9619,1,1,999,999
629198,31:04.4,IMU,415565374,0,0.003188745,0.001848924,0.003719711,-0.5680364,0.9915654,-9.751711,0,0,39.96257,1,1,999,999
629253,31:04.4,IMU,415605358,0,0.002564749,0.001288837,0.003515769,-0.5682282,0.9924005,-9.755247,0,0,39.96324,1,1,999,999
629351,31:04.5,IMU,415645342,0,0.002842857,0.002009727,0.003104555,-0.5686417,0.9921789,-9.751646,0,0,39.96392,1,1,999,999
629403,31:04.5,IMU,415685326,0,0.002914086,0.002605248,0.002827636,-0.5669944,0.9908291,-9.752371,0,0,39.96459,1,1,999,999
629456,31:04.5,IMU,415725310,0,0.002827307,0.002523818,0.002578208,-0.5675414,0.9919875,-9.753057,0,0,39.96526,1,1,999,999
629555,31:04.6,IMU,415765294,0,0.002772941,0.003272049,0.002297726,-0.568076,0.9913048,-9.751219,0,0,39.96593,1,1,999,999
629609,31:04.6,IMU,415805278,0,0.002100528,0.005238276,0.002186419,-0.5692964,0.9907798,-9.752084,0,0,39.9666,1,1,999,999
629707,31:04.7,IMU,415845262,0,0.001866572,0.002525793,0.002143165,-0.5682683,0.9912431,-9.746161,0,0,39.96727,1,1,999,999
629758,31:04.7,IMU,415885246,0,0.000335179,0.002579242,0.002272198,-0.567724,0.9912241,-9.751835,0,0,39.96794,1,1,999,999
629810,31:04.7,IMU,415925230,0,-0.000475283,0.002584094,0.002633926,-0.5688856,0.991414,-9.753452,0,0,39.9686,1,1,999,999
629909,31:04.8,IMU,415965214,0,0.000829194,0.002570132,0.002911796,-0.5683707,0.9915172,-9.750595,0,0,39.96927,1,1,999,999
629963,31:04.8,IMU,416005198,0,0.001198188,0.002619285,0.003181918,-0.5685938,0.9919367,-9.752311,0,0,39.96994,1,1,999,999
630063,31:04.9,IMU,416045182,0,0.002571658,0.002610297,0.003390549,-0.570007,0.9908181,-9.751774,0,0,39.97061,1,1,999,999
630114,31:04.9,IMU,416085166,0,0.003675233,0.002613943,0.003492302,-0.5672772,0.9921913,-9.750994,0,0,39.97128,1,1,999,999
630166,31:04.9,IMU,416125150,0,0.002872976,0.002619421,0.003531886,-0.5682235,0.9912716,-9.746037,0,0,39.97195,1,1,999,999
630265,31:05.0,IMU,416165134,0,0.002227563,0.001702397,0.003352835,-0.5674465,0.990333,-9.753132,0,0,39.97262,1,1,1000,1000
630320,31:05.0,IMU,416205118,0,0.002232115,0.000872383,0.003015622,-0.5679953,0.9916121,-9.753048,0,0,39.97329,1,1,1000,1000
630420,31:05.1,IMU,416245102,0,0.002311673,0.002627383,0.002662671,-0.5687386,0.9924637,-9.751635,0,0,39.97396,1,1,1000,1000
630471,31:05.1,IMU,416285086,0,0.002281764,0.001777332,0.002389152,-0.5691903,0.992637,-9.750336,0,0,39.97463,1,1,1000,1000
630523,31:05.1,IMU,416325070,0,0.002358625,0.002713059,0.002163784,-0.5686473,0.9920341,-9.750742,0,0,39.9753,1,1,1000,1000
630624,31:05.2,IMU,416365054,0,0.00239431,0.00329294,0.001979624,-0.5671747,0.9916619,-9.749358,0,0,39.97599,1,1,1000,1000
630678,31:05.2,IMU,416405038,0,0.003897677,0.004234605,0.002143483,-0.5687423,0.9912527,-9.753748,0,0,39.97666,1,1,1000,1000
630779,31:05.3,IMU,416445022,0,0.004583066,0.004076593,0.00241262,-0.5679813,0.9922922,-9.752611,0,0,39.97733,1,1,1000,1000
630833,31:05.3,IMU,416485006,0,0.003874852,0.00395514,0.002821255,-0.5697681,0.9921371,-9.751905,0,0,39.978,1,1,1000,1000
630885,31:05.3,IMU,416524990,0,0.003568701,0.003811229,0.002995966,-0.5677565,0.9919261,-9.749912,0,0,39.97865,1,1,1000,1000
630986,31:05.4,IMU,416564974,0,0.0031572,0.003742177,0.00321667,-0.5676222,0.9913511,-9.752398,0,0,39.97932,1,1,1000,1000
631041,31:05.4,IMU,416604958,0,0.00172837,0.00365598,0.003516979,-0.5683962,0.9912686,-9.752522,0,0,39.97999,1,1,1000,1000
631139,31:05.5,IMU,416644942,0,0.001086956,0.003609677,0.003656098,-0.5691566,0.9915415,-9.749201,0,0,39.98066,1,1,1000,1000
631190,31:05.5,IMU,416684926,0,0.000677763,0.000679402,0.003645062,-0.5679176,0.9912296,-9.74691,0,0,39.98133,1,1,1000,1000
631244,31:05.5,IMU,416724910,0,0.000610181,0.000901893,0.003548964,-0.5672235,0.9910337,-9.746121,0,0,39.98199,1,1,1000,1000
631343,31:05.6,IMU,416764894,0,0.002493532,0.001505972,0.003299412,-0.567162,0.990595,-9.75712,0,0,39.98267,1,1,1000,1000
631397,31:05.6,IMU,416804878,0,0.0026688,0.001534377,0.002951459,-0.5676197,0.9923218,-9.752742,0,0,39.98333,1,1,1000,1000
631495,31:05.7,IMU,416844862,0,0.002667896,0.001023683,0.002658769,-0.5681409,0.9913837,-9.752669,0,0,39.984,1,1,1000,1000
631548,31:05.7,IMU,416884846,0,0.002589759,-0.001244663,0.002331575,-0.5671368,0.9932598,-9.751646,0,0,39.98467,1,1,1000,1000
631601,31:05.7,IMU,416924830,0,0.002663205,0.00196686,0.002224533,-0.5662177,0.991106,-9.746813,0,0,39.98534,1,1,1000,1000
631700,31:05.8,IMU,416964814,0,0.002569382,0.0014067,0.00222551,-0.5676247,0.9920325,-9.744559,0,0,39.98601,1,1,1000,1000
631754,31:05.8,IMU,417004798,0,0.005155938,0.001438293,0.00229068,-0.5689413,0.9918913,-9.747612,0,0,39.98668,1,1,1000,1000
631854,31:05.9,IMU,417044782,0,0.005265851,0.00583181,0.002517198,-0.5677119,0.9917451,-9.740239,0,0,39.98735,1,1,1000,1000
631905,31:05.9,IMU,417084766,0,0.0074005,0.01033291,0.002769883,-0.5659691,0.9907322,-9.721951,0,0,39.98801,1,1,1000,1000
631957,31:05.9,IMU,417124750,0,0.004556711,0.009953232,0.00285174,-0.566254,0.9889593,-9.712235,0,0,39.98868,1,1,1000,1000
632056,31:06.0,IMU,417164734,0,0.004515306,0.009908332,0.002852762,-0.566327,0.9895189,-9.711216,0,0,39.98935,1,1,999,999
632110,31:06.0,IMU,417204718,0,0.007867913,0.0091018,0.002943196,-0.5657073,0.9897957,-9.699129,0,0,39.99002,1,1,999,999
632211,31:06.1,IMU,417244702,0,0.007562825,0.007393914,0.002981879,-0.5658933,0.9909079,-9.69636,0,0,39.99068,1,1,999,999
632262,31:06.1,IMU,417284686,0,0.005260482,0.00561367,0.002997714,-0.5652477,0.9890376,-9.698671,0,0,39.99136,1,1,999,999
632314,31:06.1,IMU,417324670,0,0.002307601,0.004071585,0.003070078,-0.5664451,0.9897217,-9.704782,0,0,39.99202,1,1,999,999
632413,31:06.2,IMU,417364654,0,-3.69e-05,-0.002133186,0.002930547,-0.5667673,0.9899918,-9.71694,0,0,39.99269,1,1,999,999
632467,31:06.2,IMU,417404638,0,0.000201912,-0.001515865,0.002945311,-0.5648154,0.9898949,-9.717848,0,0,39.99336,1,1,999,999
632568,31:06.3,IMU,417444622,0,0.000315253,-0.003551987,0.002800038,-0.5653228,0.9910246,-9.72331,0,0,39.99403,1,1,999,999
632622,31:06.3,IMU,417484606,0,0.000689159,-0.003731027,0.002846114,-0.5664465,0.9910347,-9.737017,0,0,39.99469,1,1,999,999
632674,31:06.3,IMU,417524590,0,0.00203941,-0.002572352,0.002834049,-0.5636965,0.9907092,-9.735889,0,0,39.99536,1,1,999,999
632775,31:06.4,IMU,417565407,0,0.002473143,0.000363275,0.002920917,-0.5650308,0.9895286,-9.744005,0,0,39.99604,1,1,999,999
632830,31:06.4,IMU,417605391,0,0.003016473,0.00126136,0.002974127,-0.5651473,0.9920364,-9.751055,0,0,39.99671,1,1,999,999
632928,31:06.5,IMU,417645375,0,0.004201874,0.00463924,0.002984708,-0.5654368,0.9915894,-9.761989,0,0,39.99738,1,1,999,999
632979,31:06.5,IMU,417685359,0,0.009218977,0.01472873,0.00312866,-0.5664608,0.9918708,-9.766854,0,0,39.99805,1,1,999,999
633032,31:06.5,IMU,417725343,0,0.01470403,0.0258024,0.003321127,-0.5657811,0.9930375,-9.788205,0,0,39.99871,1,1,999,999
633132,31:06.6,IMU,417765327,0,0.02294515,0.04177596,0.003422765,-0.5658739,0.9928706,-9.795013,0,0,39.99938,1,1,999,999
633186,31:06.6,IMU,417805311,0,0.03236709,0.05846491,0.003634457,-0.5659789,0.9927552,-9.799588,0,0,40.00005,1,1,999,999
633284,31:06.7,IMU,417845295,0,0.03855986,0.06875755,0.0035814,-0.5650834,0.9919617,-9.795942,0,0,40.00071,1,1,999,999
633335,31:06.7,IMU,417885279,0,0.04376012,0.08065734,0.003635137,-0.563773,0.9929578,-9.801772,0,0,40.00138,1,1,999,999
633387,31:06.7,IMU,417925263,0,0.04976327,0.09316668,0.003619347,-0.5643837,0.9919168,-9.800809,0,0,40.00204,1,1,999,999
633486,31:06.8,IMU,417965247,0,0.05472996,0.1008728,0.003470895,-0.5611345,0.9900303,-9.781716,0,0,40.00271,1,1,999,999
633540,31:06.8,IMU,418005231,0,0.05674966,0.1065748,0.003392259,-0.5603225,0.9877993,-9.780787,0,0,40.00336,1,1,999,999
633640,31:06.9,IMU,418045215,0,0.05517625,0.1091166,0.003262041,-0.5566688,0.9864898,-9.770874,0,0,40.00403,1,1,999,999
633692,31:06.9,IMU,418085199,0,0.05455862,0.1059696,0.003099031,-0.5522475,0.9838251,-9.774359,0,0,40.00469,1,1,999,999
633744,31:06.9,IMU,418125183,0,0.05396748,0.1054355,0.003118022,-0.5488073,0.9816816,-9.767444,0,0,40.00536,1,1,999,999
633843,31:07.0,IMU,418165167,0,0.05432291,0.105072,0.003025769,-0.5452398,0.9789896,-9.766134,0,0,40.00602,1,1,1000,1000
633897,31:07.0,IMU,418205151,0,0.05415273,0.1044531,0.002743182,-0.5396765,0.9738238,-9.760622,0,0,40.00669,1,1,1000,1000
633998,31:07.1,IMU,418245135,0,0.0500999,0.1010242,0.002632659,-0.534094,0.9718457,-9.762505,0,0,40.00735,1,1,1000,1000
634049,31:07.1,IMU,418285119,0,0.04729308,0.09726274,0.002507732,-0.528066,0.9673902,-9.768867,0,0,40.00802,1,1,1000,1000
634101,31:07.1,IMU,418325103,0,0.04568273,0.09490865,0.002526844,-0.5227863,0.9648901,-9.762753,0,0,40.00869,1,1,1000,1000
634200,31:07.2,IMU,418365087,0,0.0479518,0.0922268,0.002438163,-0.5152743,0.9594181,-9.766716,0,0,40.00935,1,1,1000,1000
634254,31:07.2,IMU,418405071,0,0.04879676,0.09070163,0.0022443,-0.50877,0.9559783,-9.768952,0,0,40.01002,1,1,1000,1000
634355,31:07.3,IMU,418445055,0,0.048882,0.09121393,0.002247762,-0.5001587,0.951444,-9.77285,0,0,40.0107,1,1,1000,1000
634409,31:07.3,IMU,418485039,0,0.04926553,0.08931668,0.002375776,-0.4911056,0.9460664,-9.7698,0,0,40.01137,1,1,1000,1000
634461,31:07.3,IMU,418525023,0,0.04839867,0.09172107,0.00252337,-0.4835372,0.9405497,-9.7722,0,0,40.01203,1,1,1000,1000
634562,31:07.4,IMU,418565007,0,0.04851628,0.09175821,0.002501138,-0.4747132,0.934944,-9.778391,0,0,40.0127,1,1,1000,1000
634617,31:07.4,IMU,418604991,0,0.05016579,0.09138467,0.002599292,-0.4671215,0.931414,-9.784018,0,0,40.01334,1,1,1000,1000
634715,31:07.5,IMU,418644975,0,0.05097207,0.08959209,0.002589976,-0.4583021,0.9252965,-9.787206,0,0,40.01401,1,1,1000,1000
634766,31:07.5,IMU,418684959,0,0.05143186,0.08956777,0.002691482,-0.4475773,0.919252,-9.790054,0,0,40.01467,1,1,1000,1000
634818,31:07.5,IMU,418724943,0,0.05132214,0.09113646,0.002792521,-0.4381067,0.9140265,-9.797142,0,0,40.01534,1,1,1000,1000
634919,31:07.6,IMU,418764927,0,0.05074316,0.09239533,0.002872844,-0.4274187,0.9071999,-9.801486,0,0,40.016,1,1,1000,1000
634973,31:07.6,IMU,418804911,0,0.05182059,0.09333528,0.002948903,-0.41712,0.9009359,-9.801976,0,0,40.01667,1,1,1000,1000
635071,31:07.7,IMU,418844895,0,0.05232634,0.09323803,0.002877771,-0.4061824,0.8937596,-9.805927,0,0,40.01733,1,1,1000,1000
635122,31:07.7,IMU,418884879,0,0.0530395,0.09442789,0.002865943,-0.3961624,0.8864728,-9.809184,0,0,40.018,1,1,1000,1000
635174,31:07.7,IMU,418924863,0,0.05472938,0.09594207,0.002955616,-0.3842251,0.8802112,-9.815005,0,0,40.01866,1,1,1000,1000
635273,31:07.8,IMU,418964847,0,0.05707808,0.09717402,0.002962839,-0.3732975,0.8734677,-9.816909,0,0,40.01933,1,1,1000,1000
635327,31:07.8,IMU,419004831,0,0.05838308,0.09916309,0.002950625,-0.3607872,0.8661277,-9.819902,0,0,40.01999,1,1,1000,1000
635427,31:07.9,IMU,419044815,0,0.05701245,0.09901559,0.002829126,-0.3495795,0.8569642,-9.831479,0,0,40.02065,1,1,1000,1000
635478,31:07.9,IMU,419084799,0,0.05685259,0.09983619,0.002825339,-0.3378865,0.8502313,-9.835935,0,0,40.02132,1,1,1000,1000
635530,31:07.9,IMU,419124783,0,0.05821617,0.09975726,0.002692811,-0.324948,0.8423202,-9.836182,0,0,40.02198,1,1,1000,1000
635630,31:08.0,IMU,419164767,0,0.05868402,0.0988999,0.002747366,-0.3129455,0.831838,-9.843769,0,0,40.02264,1,1,999,999
635684,31:08.0,IMU,419204751,0,0.05569828,0.09808464,0.002932846,-0.2994615,0.8236467,-9.844922,0,0,40.02331,1,1,999,999
635784,31:08.1,IMU,419244735,0,0.05614142,0.09742433,0.003024915,-0.2865331,0.8158429,-9.855545,0,0,40.02397,1,1,999,999
635836,31:08.1,IMU,419284719,0,0.05478225,0.0995544,0.003089441,-0.2721639,0.8084314,-9.857723,0,0,40.02464,1,1,999,999
635888,31:08.1,IMU,419324703,0,0.05640881,0.1024491,0.003200245,-0.2593533,0.7968274,-9.865195,0,0,40.0253,1,1,999,999
635987,31:08.2,IMU,419364687,0,0.05878941,0.104232,0.003188345,-0.245755,0.7888858,-9.866617,0,0,40.02596,1,1,999,999
636041,31:08.2,IMU,419404671,0,0.06159668,0.1064213,0.003168925,-0.232361,0.7797766,-9.869047,0,0,40.02662,1,1,999,999
636142,31:08.3,IMU,419444655,0,0.06455961,0.1059777,0.002945363,-0.2172964,0.7695889,-9.87906,0,0,40.02729,1,1,999,999
636196,31:08.3,IMU,419484639,0,0.06532701,0.1060107,0.002807905,-0.2034679,0.7598793,-9.889589,0,0,40.02795,1,1,999,999
636248,31:08.3,IMU,419524623,0,0.06503836,0.105074,0.002817099,-0.1892901,0.7508386,-9.892552,0,0,40.02861,1,1,999,999
636349,31:08.4,IMU,419564607,0,0.06159305,0.1026983,0.002975673,-0.1746194,0.7406629,-9.898804,0,0,40.02927,1,1,999,999
636404,31:08.4,IMU,419604591,0,0.0570364,0.09958345,0.002908774,-0.1599747,0.729466,-9.900556,0,0,40.02994,1,1,999,999
636502,31:08.5,IMU,419645408,0,0.05533115,0.09571902,0.002873049,-0.1449254,0.7190575,-9.903698,0,0,40.03062,1,1,999,999
636553,31:08.5,IMU,419685392,0,0.05148526,0.08520459,0.002554543,-0.1293143,0.7087964,-9.908549,0,0,40.03128,1,1,999,999
636605,31:08.5,IMU,419725376,0,0.04824348,0.07465549,0.002368195,-0.1146543,0.6995367,-9.922664,0,0,40.03194,1,1,999,999
636705,31:08.6,IMU,419765360,0,0.04293983,0.06246487,0.002200035,-0.1015256,0.6881853,-9.926487,0,0,40.0326,1,1,999,999
636760,31:08.6,IMU,419805344,0,0.03719752,0.05257503,0.002122644,-0.08528422,0.6775852,-9.929028,0,0,40.03327,1,1,999,999
636858,31:08.7,IMU,419845328,0,0.03463155,0.04379174,0.002218949,-0.07010207,0.6664458,-9.926781,0,0,40.03393,1,1,999,999
636909,31:08.7,IMU,419885312,0,0.03212351,0.03570036,0.002331997,-0.05631659,0.6554328,-9.923355,0,0,40.03459,1,1,999,999
636961,31:08.7,IMU,419925296,0,0.02792915,0.02815811,0.002347843,-0.0440847,0.6442063,-9.922297,0,0,40.03526,1,1,999,999
637060,31:08.8,IMU,419965280,0,0.0231352,0.01976312,0.002323382,-0.02986517,0.6335722,-9.918381,0,0,40.03592,1,1,999,999
637114,31:08.8,IMU,420005264,0,0.01691028,0.008729918,0.002489784,-0.01399073,0.622526,-9.920918,0,0,40.03658,1,1,999,999
637214,31:08.9,IMU,420045248,0,0.009346,-0.004449804,0.00260135,-0.002118295,0.6127852,-9.921736,0,0,40.03724,1,1,999,999
637266,31:08.9,IMU,420085232,0,0.001243372,-0.01783155,0.00264413,0.01029904,0.6027527,-9.91666,0,0,40.03788,1,1,999,999
637318,31:08.9,IMU,420125216,0,-0.004856056,-0.02805275,0.002457093,0.0250401,0.5936794,-9.916357,0,0,40.03855,1,1,999,999
637417,31:09.0,IMU,420165200,0,-0.009590833,-0.0406331,0.002425271,0.03728262,0.5833619,-9.909303,0,0,40.03921,1,1,999,999
637471,31:09.0,IMU,420205184,0,-0.01367925,-0.04943195,0.002342988,0.05046669,0.5735613,-9.901735,0,0,40.03987,1,1,999,999
637570,31:09.1,IMU,420245168,0,-0.01737513,-0.05751376,0.002443914,0.06295794,0.5637659,-9.898778,0,0,40.04053,1,1,999,999
637623,31:09.1,IMU,420285152,0,-0.01988817,-0.06015298,0.002700442,0.07539363,0.5533401,-9.89855,0,0,40.04119,1,1,999,999
637675,31:09.1,IMU,420325136,0,-0.02012552,-0.06081897,0.0029898,0.08769073,0.5465786,-9.885441,0,0,40.04185,1,1,999,999
637776,31:09.2,IMU,420365120,0,-0.01906532,-0.06120322,0.00301051,0.1002256,0.5378301,-9.881693,0,0,40.04251,1,1,999,999
637832,31:09.2,IMU,420405104,0,-0.01913588,-0.05881589,0.003207631,0.1104135,0.5290622,-9.876472,0,0,40.04317,1,1,999,999
637932,31:09.3,IMU,420445088,0,-0.02047585,-0.05980037,0.003137064,0.1231474,0.5213243,-9.871971,0,0,40.04383,1,1,999,999
637987,31:09.3,IMU,420485072,0,-0.01852245,-0.05774271,0.003115645,0.1342761,0.5138057,-9.866655,0,0,40.04449,1,1,999,999
638039,31:09.3,IMU,420525056,0,-0.01718517,-0.05896678,0.003136105,0.1439172,0.5062014,-9.860703,0,0,40.04517,1,1,999,999
638140,31:09.4,IMU,420565040,0,-0.01909673,-0.05955617,0.003013708,0.1549025,0.5000128,-9.867177,0,0,40.04583,1,1,999,999
638195,31:09.4,IMU,420605024,0,-0.01952287,-0.05534951,0.003196771,0.1653596,0.4936385,-9.855362,0,0,40.04649,1,1,999,999
638293,31:09.5,IMU,420645008,0,-0.02052575,-0.05469119,0.003153433,0.1743172,0.4859374,-9.847756,0,0,40.04715,1,1,999,999
638344,31:09.5,IMU,420684992,0,-0.02071113,-0.05361263,0.00317544,0.1846527,0.4784323,-9.845134,0,0,40.0478,1,1,999,999
638396,31:09.5,IMU,420724976,0,-0.01970475,-0.05300097,0.003182909,0.1943197,0.4728205,-9.839466,0,0,40.04846,1,1,999,999
638496,31:09.6,IMU,420764960,0,-0.01892747,-0.0528429,0.003112381,0.202341,0.4675717,-9.837035,0,0,40.04912,1,1,999,999
638552,31:09.6,IMU,420804944,0,-0.01644938,-0.04867313,0.003228941,0.2118652,0.4630656,-9.838285,0,0,40.04978,1,1,999,999
638650,31:09.7,IMU,420844928,0,-0.01694984,-0.04717913,0.003179747,0.2207762,0.4558214,-9.831759,0,0,40.05044,1,1,999,999
638701,31:09.7,IMU,420884912,0,-0.01531394,-0.04744846,0.002954314,0.2283043,0.4510177,-9.831056,0,0,40.0511,1,1,999,999
638753,31:09.7,IMU,420924896,0,-0.01389927,-0.04807012,0.002789242,0.2359192,0.446528,-9.830074,0,0,40.05176,1,1,999,999
638852,31:09.8,IMU,420964880,0,-0.01265193,-0.04600351,0.00266959,0.2447881,0.4403814,-9.831507,0,0,40.05242,1,1,999,999
638906,31:09.8,IMU,421004864,0,-0.01173726,-0.04297528,0.00267501,0.2521625,0.4361372,-9.830508,0,0,40.05308,1,1,999,999
639006,31:09.9,IMU,421044848,0,-0.01220636,-0.04395318,0.002626115,0.2582953,0.4299731,-9.823055,0,0,40.05374,1,1,999,999
639058,31:09.9,IMU,421084832,0,-0.01299709,-0.04573144,0.002709703,0.2655662,0.4279107,-9.825614,0,0,40.0544,1,1,999,999
639110,31:09.9,IMU,421124816,0,-0.01644407,-0.04786099,0.002619199,0.2716246,0.422545,-9.826076,0,0,40.05506,1,1,999,999
639209,31:10.0,IMU,421164800,0,-0.01773293,-0.04843271,0.002606291,0.2783251,0.4184196,-9.824859,0,0,40.05572,1,1,999,999
639263,31:10.0,IMU,421204784,0,-0.01801628,-0.04906369,0.002622388,0.2852802,0.4141503,-9.823094,0,0,40.05637,1,1,1000,1000
639362,31:10.1,IMU,421244768,0,-0.02011792,-0.05152911,0.002571329,0.2914568,0.4098756,-9.823767,0,0,40.05703,1,1,1000,1000
639414,31:10.1,IMU,421284752,0,-0.02205522,-0.05241276,0.002640985,0.2962002,0.4068874,-9.816698,0,0,40.05769,1,1,1000,1000
639467,31:10.1,IMU,421324736,0,-0.02331851,-0.05262936,0.002911086,0.3004913,0.4037968,-9.814294,0,0,40.05835,1,1,1000,1000
639566,31:10.2,IMU,421364720,0,-0.02149321,-0.05021046,0.003012908,0.3057411,0.4002365,-9.814069,0,0,40.05901,1,1,1000,1000
639620,31:10.2,IMU,421404704,0,-0.0209902,-0.05010886,0.003104688,0.3083408,0.394928,-9.811569,0,0,40.05967,1,1,1000,1000
639720,31:10.3,IMU,421444688,0,-0.02178713,-0.05111699,0.002974596,0.314298,0.3943173,-9.809897,0,0,40.06033,1,1,1000,1000
639775,31:10.3,IMU,421484672,0,-0.022895,-0.05345449,0.003000125,0.3185296,0.3903987,-9.813121,0,0,40.06099,1,1,1000,1000
639827,31:10.3,IMU,421524656,0,-0.02291799,-0.05388311,0.002956175,0.3218481,0.3888225,-9.809937,0,0,40.06165,1,1,1000,1000
639928,31:10.4,IMU,421564640,0,-0.02525567,-0.0540267,0.00305409,0.3241556,0.3856968,-9.808254,0,0,40.06231,1,1,1000,1000
639983,31:10.4,IMU,421604624,0,-0.02635695,-0.05284595,0.003038677,0.3278041,0.3836895,-9.807289,0,0,40.06296,1,1,1000,1000
640081,31:10.5,IMU,421644608,0,-0.02899773,-0.05685501,0.002942663,0.3302095,0.3827959,-9.802094,0,0,40.06362,1,1,1000,1000
640132,31:10.5,IMU,421684592,0,-0.03067358,-0.06043516,0.002985515,0.3316766,0.3797154,-9.804684,0,0,40.06428,1,1,1000,1000
640184,31:10.5,IMU,421725409,0,-0.0317183,-0.06193801,0.002952972,0.3335792,0.3794715,-9.802476,0,0,40.06495,1,1,1000,1000
640284,31:10.6,IMU,421765393,0,-0.03195909,-0.06444359,0.00292354,0.3352759,0.3772931,-9.806567,0,0,40.06561,1,1,1000,1000
640339,31:10.6,IMU,421805377,0,-0.03025903,-0.0589993,0.003114861,0.3375316,0.374459,-9.803823,0,0,40.06627,1,1,1000,1000
640438,31:10.7,IMU,421845361,0,-0.02793179,-0.05426197,0.00336023,0.3372336,0.3744779,-9.803986,0,0,40.06693,1,1,1000,1000
640489,31:10.7,IMU,421885345,0,-0.02392862,-0.04590242,0.003461863,0.3391433,0.3737371,-9.808403,0,0,40.06758,1,1,1000,1000
640541,31:10.7,IMU,421925329,0,-0.01776746,-0.03508094,0.003467322,0.3394017,0.3725947,-9.804559,0,0,40.06824,1,1,1000,1000
640640,31:10.8,IMU,421965313,0,-0.01203977,-0.02120517,0.003458138,0.3390108,0.3722774,-9.809106,0,0,40.0689,1,1,1000,1000
640694,31:10.8,IMU,422005297,0,-0.004926641,-0.007074597,0.00336053,0.3393397,0.3721309,-9.807411,0,0,40.06956,1,1,1000,1000
640794,31:10.9,IMU,422045281,0,-1.62e-05,0.002772658,0.003336884,0.338459,0.3714569,-9.805113,0,0,40.07021,1,1,1000,1000
640845,31:10.9,IMU,422085265,0,0.001064937,0.009340473,0.00310143,0.337485,0.3719272,-9.803629,0,0,40.07087,1,1,1000,1000
640897,31:10.9,IMU,422125249,0,0.002893238,0.01265332,0.002872225,0.3381422,0.3712871,-9.805119,0,0,40.07153,1,1,1000,1000
640996,31:11.0,IMU,422165233,0,0.001379465,0.0112683,0.002497959,0.3378887,0.371583,-9.811415,0,0,40.07217,1,1,1000,1000
641050,31:11.0,IMU,422205217,0,0.000987495,0.007647391,0.002362233,0.3385006,0.3710464,-9.811022,0,0,40.07283,1,1,999,999
641149,31:11.1,IMU,422245201,0,-0.005589517,-0.00410866,0.002175348,0.3376744,0.3703736,-9.811723,0,0,40.07348,1,1,999,999
641200,31:11.1,IMU,422285185,0,-0.01421537,-0.01847177,0.001869984,0.3382699,0.3693129,-9.808344,0,0,40.07414,1,1,999,999
641254,31:11.1,IMU,422325169,0,-0.02136116,-0.0343588,0.001659245,0.3372846,0.3680994,-9.809525,0,0,40.0748,1,1,999,999
641353,31:11.2,IMU,422365153,0,-0.0272744,-0.04896911,0.001601705,0.338279,0.3690298,-9.811731,0,0,40.07545,1,1,999,999
641408,31:11.2,IMU,422405137,0,-0.03281732,-0.05916135,0.001402921,0.3373344,0.3689759,-9.811739,0,0,40.07611,1,1,999,999
641508,31:11.3,IMU,422445121,0,-0.03779117,-0.06896006,0.001667827,0.3373209,0.3679452,-9.805171,0,0,40.07677,1,1,999,999
641564,31:11.3,IMU,422485105,0,-0.04138194,-0.07707612,0.00189733,0.3358136,0.3696417,-9.806787,0,0,40.07742,1,1,999,999
641616,31:11.3,IMU,422525089,0,-0.04356891,-0.08240861,0.002204436,0.3336876,0.3692644,-9.806558,0,0,40.07808,1,1,999,999
641717,31:11.4,IMU,422565073,0,-0.04376715,-0.08522412,0.002488137,0.3335,0.3703736,-9.806348,0,0,40.07874,1,1,999,999
641772,31:11.4,IMU,422605057,0,-0.04322168,-0.08824275,0.002850012,0.3305365,0.3713588,-9.809673,0,0,40.07941,1,1,999,999
641870,31:11.5,IMU,422645041,0,-0.0468693,-0.09431898,0.002991119,0.3283594,0.3726174,-9.811279,0,0,40.08006,1,1,999,999
641921,31:11.5,IMU,422685025,0,-0.04926471,-0.09758915,0.003079067,0.3246006,0.3747386,-9.809818,0,0,40.08072,1,1,999,999
641973,31:11.5,IMU,422725009,0,-0.05162657,-0.09836373,0.003157211,0.3218098,0.3762934,-9.81179,0,0,40.08138,1,1,999,999
642072,31:11.6,IMU,422764993,0,-0.05235107,-0.09852651,0.003132184,0.3158281,0.3777554,-9.814167,0,0,40.08202,1,1,999,999
642127,31:11.6,IMU,422804977,0,-0.05187818,-0.09890452,0.003229693,0.3121065,0.380794,-9.818059,0,0,40.08267,1,1,999,999
642226,31:11.7,IMU,422844961,0,-0.0520042,-0.1005468,0.003312534,0.3072693,0.3835984,-9.817141,0,0,40.08333,1,1,999,999
642277,31:11.7,IMU,422884945,0,-0.05380575,-0.1030315,0.003331897,0.3019835,0.3846433,-9.818749,0,0,40.08398,1,1,999,999
642329,31:11.7,IMU,422924929,0,-0.05423669,-0.104784,0.003587551,0.2967297,0.3886832,-9.819584,0,0,40.08464,1,1,999,999
642428,31:11.8,IMU,422964913,0,-0.05373631,-0.1027585,0.003612102,0.289635,0.3913988,-9.826262,0,0,40.08529,1,1,999,999
642482,31:11.8,IMU,423004897,0,-0.05304576,-0.1037447,0.003603871,0.2829905,0.3965844,-9.835278,0,0,40.08595,1,1,999,999
642582,31:11.9,IMU,423044881,0,-0.05493574,-0.1056195,0.003502406,0.2763438,0.3990246,-9.829051,0,0,40.0866,1,1,999,999
642634,31:11.9,IMU,423084865,0,-0.05481892,-0.105354,0.00339888,0.2688407,0.4030785,-9.82532,0,0,40.08726,1,1,999,999
642686,31:11.9,IMU,423124849,0,-0.05460996,-0.1069221,0.003329366,0.2604698,0.4086646,-9.841616,0,0,40.08791,1,1,999,999
642785,31:12.0,IMU,423164833,0,-0.05377141,-0.1065546,0.003178534,0.2534631,0.4135417,-9.842937,0,0,40.08857,1,1,999,999
642839,31:12.0,IMU,423204817,0,-0.05482429,-0.1047419,0.00308262,0.2444509,0.4184293,-9.843368,0,0,40.08922,1,1,1000,1000
642937,31:12.1,IMU,423244801,0,-0.05781375,-0.1087349,0.002805631,0.235021,0.4234456,-9.841825,0,0,40.08988,1,1,1000,1000
642989,31:12.1,IMU,423284785,0,-0.06010232,-0.1133317,0.002633443,0.227629,0.4285184,-9.844444,0,0,40.09053,1,1,1000,1000
643042,31:12.1,IMU,423324769,0,-0.06310725,-0.1153902,0.00255048,0.2170602,0.4353606,-9.859638,0,0,40.09119,1,1,1000,1000
643142,31:12.2,IMU,423364753,0,-0.06082579,-0.113983,0.002632941,0.207356,0.4393165,-9.855029,0,0,40.09184,1,1,1000,1000
643196,31:12.2,IMU,423404737,0,-0.05675958,-0.1113797,0.002688943,0.197389,0.4452989,-9.858655,0,0,40.09249,1,1,1000,1000
643296,31:12.3,IMU,423444721,0,-0.05963804,-0.1129835,0.002660825,0.1855161,0.4527681,-9.863735,0,0,40.09315,1,1,1000,1000
643351,31:12.3,IMU,423484705,0,-0.06403837,-0.1119295,0.002567113,0.1749913,0.4591548,-9.872921,0,0,40.0938,1,1,1000,1000
643404,31:12.3,IMU,423524689,0,-0.06500553,-0.1180181,0.002366569,0.1646869,0.4663475,-9.879148,0,0,40.09446,1,1,1000,1000
643505,31:12.4,IMU,423564673,0,-0.06269418,-0.1176983,0.00240008,0.1526535,0.4738447,-9.87636,0,0,40.09511,1,1,1000,1000
643560,31:12.4,IMU,423604657,0,-0.06049266,-0.115046,0.002468443,0.1419174,0.480579,-9.885555,0,0,40.09577,1,1,1000,1000
643658,31:12.5,IMU,423644641,0,-0.06280322,-0.1151517,0.002700809,0.1297967,0.4884762,-9.891254,0,0,40.09642,1,1,1000,1000
643709,31:12.5,IMU,423684625,0,-0.06753138,-0.1184132,0.002605932,0.1178255,0.4978261,-9.897007,0,0,40.09707,1,1,1000,1000
643761,31:12.5,IMU,423724609,0,-0.0671671,-0.1227667,0.002470704,0.1050083,0.5062754,-9.900045,0,0,40.09773,1,1,1000,1000
643860,31:12.6,IMU,423764593,0,-0.06430248,-0.1219223,0.002575709,0.09131207,0.515529,-9.900958,0,0,40.09838,1,1,1000,1000
643915,31:12.6,IMU,423805410,0,-0.06301709,-0.1195677,0.002494683,0.07997303,0.5240155,-9.911244,0,0,40.09905,1,1,1000,1000
644013,31:12.7,IMU,423845394,0,-0.06868268,-0.1191157,0.002578908,0.06686767,0.5336622,-9.921419,0,0,40.0997,1,1,1000,1000
644065,31:12.7,IMU,423885378,0,-0.07186989,-0.1244741,0.002262386,0.05284679,0.5432723,-9.919827,0,0,40.10036,1,1,1000,1000
644117,31:12.7,IMU,423925362,0,-0.06771386,-0.1220987,0.002380953,0.03932874,0.5539628,-9.926091,0,0,40.10101,1,1,1000,1000
644216,31:12.8,IMU,423965346,0,-0.06656578,-0.1168374,0.002568124,0.02674525,0.5628033,-9.930399,0,0,40.10167,1,1,1000,1000
644270,31:12.8,IMU,424005330,0,-0.06391455,-0.1118165,0.002536932,0.01234625,0.5738871,-9.930672,0,0,40.10232,1,1,1000,1000
644370,31:12.9,IMU,424045314,0,-0.05876812,-0.1020909,0.002744638,-0.000793471,0.5840911,-9.948114,0,0,40.10297,1,1,1000,1000
644422,31:12.9,IMU,424085298,0,-0.05385755,-0.09309745,0.002747673,-0.01513522,0.5949882,-9.94669,0,0,40.10362,1,1,1000,1000
644474,31:12.9,IMU,424125282,0,-0.04930604,-0.0811891,0.002677694,-0.03051739,0.6067342,-9.948088,0,0,40.10427,1,1,1000,1000
644573,31:13.0,IMU,424165266,0,-0.04270149,-0.06508512,0.002715932,-0.04598528,0.6179168,-9.953027,0,0,40.10493,1,1,1000,1000
644627,31:13.0,IMU,424205250,0,-0.0358716,-0.05364683,0.00271744,-0.06105762,0.6310199,-9.957996,0,0,40.10558,1,1,999,999
644725,31:13.1,IMU,424245234,0,-0.03271942,-0.04346641,0.002852568,-0.07617212,0.6414961,-9.957992,0,0,40.10623,1,1,999,999
644777,31:13.1,IMU,424285218,0,-0.02989513,-0.03530357,0.003016747,-0.094018,0.6541452,-9.953424,0,0,40.10687,1,1,999,999
644830,31:13.1,IMU,424325202,0,-0.02725502,-0.02195782,0.003128964,-0.1088952,0.6652815,-9.948825,0,0,40.10752,1,1,999,999
644929,31:13.2,IMU,424365186,0,-0.01985789,-0.007547506,0.003009855,-0.1270784,0.6772093,-9.949598,0,0,40.10817,1,1,999,999
644986,31:13.2,IMU,424405170,0,-0.008895706,0.005173814,0.002859081,-0.1427643,0.6881292,-9.947075,0,0,40.10883,1,1,999,999
645086,31:13.3,IMU,424445154,0,0.002153608,0.01990642,0.00253898,-0.159972,0.7020612,-9.943157,0,0,40.10948,1,1,999,999
645141,31:13.3,IMU,424485138,0,0.005560534,0.03325358,0.002268958,-0.1769215,0.7130961,-9.935467,0,0,40.11013,1,1,999,999
645193,31:13.3,IMU,424525122,0,0.01165664,0.04565597,0.002207376,-0.194909,0.7240465,-9.919313,0,0,40.11078,1,1,999,999
645294,31:13.4,IMU,424565106,0,0.01767498,0.05413392,0.002270855,-0.2107673,0.7369672,-9.91376,0,0,40.11143,1,1,999,999
645349,31:13.4,IMU,424605090,0,0.02089967,0.06072954,0.002292687,-0.2270704,0.7478662,-9.90464,0,0,40.11209,1,1,999,999
645447,31:13.5,IMU,424645074,0,0.0214606,0.06838427,0.002255861,-0.2439758,0.7584199,-9.899395,0,0,40.11274,1,1,999,999
645498,31:13.5,IMU,424685058,0,0.02051068,0.06983852,0.001950444,-0.2598037,0.7679737,-9.884953,0,0,40.11341,1,1,999,999
645550,31:13.5,IMU,424725042,0,0.01895434,0.06928641,0.001921437,-0.2760406,0.7792204,-9.880413,0,0,40.11406,1,1,999,999
645649,31:13.6,IMU,424765026,0,0.02246146,0.06801768,0.001895686,-0.2902924,0.7894965,-9.878723,0,0,40.11471,1,1,999,999
645704,31:13.6,IMU,424805010,0,0.02460823,0.06888165,0.001754848,-0.3050327,0.799819,-9.85828,0,0,40.11536,1,1,999,999
645802,31:13.7,IMU,424844994,0,0.02647078,0.07011901,0.00160862,-0.320343,0.8104929,-9.856344,0,0,40.116,1,1,999,999
645854,31:13.7,IMU,424884978,0,0.02293093,0.06614852,0.001490879,-0.3340241,0.8195788,-9.845484,0,0,40.11665,1,1,999,999
645906,31:13.7,IMU,424924962,0,0.02133182,0.0660502,0.001480344,-0.3477508,0.8271397,-9.83888,0,0,40.1173,1,1,999,999
646005,31:13.8,IMU,424964946,0,0.02414406,0.06436136,0.001492267,-0.3608966,0.8388853,-9.836602,0,0,40.11795,1,1,999,999
646059,31:13.8,IMU,425004930,0,0.02769448,0.06572186,0.00161163,-0.3746073,0.8460956,-9.822558,0,0,40.1186,1,1,999,999
646159,31:13.9,IMU,425044914,0,0.02767095,0.06695489,0.001516505,-0.3869494,0.8543656,-9.820056,0,0,40.11925,1,1,999,999
646210,31:13.9,IMU,425084898,0,0.02301563,0.06637733,0.001440669,-0.4002179,0.8634135,-9.810602,0,0,40.1199,1,1,999,999
646262,31:13.9,IMU,425124882,0,0.02165839,0.06403275,0.001233918,-0.4126368,0.8707959,-9.810643,0,0,40.12055,1,1,999,999
646361,31:14.0,IMU,425164866,0,0.02001804,0.06260588,0.001336159,-0.4229638,0.8789854,-9.801834,0,0,40.1212,1,1,999,999
646415,31:14.0,IMU,425204850,0,0.02238086,0.06229405,0.001291955,-0.4340855,0.886886,-9.801381,0,0,40.12185,1,1,999,999
646513,31:14.1,IMU,425244834,0,0.02630867,0.06167703,0.001349563,-0.444693,0.893724,-9.800497,0,0,40.1225,1,1,999,999
646566,31:14.1,IMU,425284818,0,0.02561377,0.06351379,0.001672526,-0.4556486,0.9004447,-9.791956,0,0,40.12315,1,1,999,999
646619,31:14.1,IMU,425324802,0,0.0255085,0.06575525,0.001640511,-0.4653524,0.9080982,-9.784656,0,0,40.1238,1,1,999,999
646718,31:14.2,IMU,425364786,0,0.0252018,0.06533354,0.001454085,-0.4750009,0.9136473,-9.781724,0,0,40.12445,1,1,999,999
646773,31:14.2,IMU,425404770,0,0.02589503,0.06475583,0.001261892,-0.484061,0.9207743,-9.779596,0,0,40.1251,1,1,999,999
646875,31:14.3,IMU,425444754,0,0.02675814,0.06451268,0.00136925,-0.4919117,0.9257036,-9.772628,0,0,40.12576,1,1,999,999
646930,31:14.3,IMU,425484738,0,0.02463222,0.06463214,0.001428016,-0.5004157,0.9309493,-9.771694,0,0,40.1264,1,1,999,999
646982,31:14.3,IMU,425524722,0,0.02534208,0.06370062,0.001378678,-0.5071936,0.9379869,-9.771699,0,0,40.12705,1,1,999,999
647083,31:14.4,IMU,425564706,0,0.02947591,0.06427182,0.001490044,-0.5162755,0.9439387,-9.761804,0,0,40.1277,1,1,999,999
647138,31:14.4,IMU,425604690,0,0.03223151,0.06437117,0.001529852,-0.5224524,0.9485605,-9.761829,0,0,40.12835,1,1,999,999
647236,31:14.5,IMU,425644674,0,0.03186227,0.06620349,0.00149591,-0.5296715,0.9520068,-9.764049,0,0,40.129,1,1,999,999
647287,31:14.5,IMU,425684658,0,0.02963021,0.06855924,0.001551374,-0.5361868,0.9578385,-9.763401,0,0,40.12965,1,1,999,999
647339,31:14.5,IMU,425724642,0,0.03367771,0.06854863,0.001443364,-0.5406113,0.9619563,-9.753786,0,0,40.1303,1,1,999,999
647438,31:14.6,IMU,425764626,0,0.03257847,0.06946414,0.001418775,-0.5468112,0.9679649,-9.757095,0,0,40.13095,1,1,999,999
647492,31:14.6,IMU,425804610,0,0.0328074,0.07204233,0.001418983,-0.5508553,0.9712601,-9.755543,0,0,40.1316,1,1,999,999
647591,31:14.7,IMU,425844594,0,0.03231584,0.07163814,0.001562255,-0.5559496,0.9730181,-9.754181,0,0,40.13225,1,1,999,999
647642,31:14.7,IMU,425884578,0,0.03275309,0.07171791,0.001472492,-0.5605115,0.9778636,-9.757369,0,0,40.1329,1,1,999,999
647695,31:14.7,IMU,425925395,0,0.03526406,0.07471424,0.001542387,-0.5637842,0.9800497,-9.752989,0,0,40.13356,1,1,999,999
647794,31:14.8,IMU,425965379,0,0.03898061,0.07426079,0.001594519,-0.5659212,0.9833025,-9.75058,0,0,40.13421,1,1,999,999
647848,31:14.8,IMU,426005363,0,0.04229907,0.07590517,0.001734452,-0.5697396,0.9855112,-9.752133,0,0,40.13486,1,1,999,999
647948,31:14.9,IMU,426045347,0,0.04172993,0.07698184,0.001696698,-0.5716382,0.9888406,-9.750061,0,0,40.13551,1,1,999,999
647999,31:14.9,IMU,426085331,0,0.03986204,0.07373127,0.001607904,-0.5732666,0.9901919,-9.748383,0,0,40.13616,1,1,999,999
648051,31:14.9,IMU,426125315,0,0.03776664,0.06803629,0.001576584,-0.5741141,0.9909626,-9.748407,0,0,40.13681,1,1,999,999
648150,31:15.0,IMU,426165299,0,0.03222259,0.05798999,0.001454009,-0.574128,0.992805,-9.741964,0,0,40.13745,1,1,999,999
648204,31:15.0,IMU,426205283,0,0.02911359,0.04582256,0.001275578,-0.5746889,0.9940927,-9.750287,0,0,40.1381,1,1,1000,1000
648302,31:15.1,IMU,426245267,0,0.02066819,0.03300487,0.001177816,-0.5749334,0.9960414,-9.756134,0,0,40.13875,1,1,1000,1000
648354,31:15.1,IMU,426285251,0,0.01416273,0.02233669,0.001096022,-0.5741908,0.9946191,-9.754957,0,0,40.1394,1,1,1000,1000
648407,31:15.1,IMU,426325235,0,0.01025081,0.01146896,0.001045539,-0.574415,0.9962469,-9.752768,0,0,40.14005,1,1,1000,1000
648506,31:15.2,IMU,426365219,0,0.006228569,0.002613876,0.001002369,-0.5735934,0.9961147,-9.74559,0,0,40.14068,1,1,1000,1000
648560,31:15.2,IMU,426405203,0,0.003241081,-0.004348572,0.00104028,-0.5733508,0.995991,-9.747389,0,0,40.14133,1,1,1000,1000
648661,31:15.3,IMU,426445187,0,-0.000862953,-0.006953792,0.001317511,-0.573082,0.9962291,-9.748742,0,0,40.14198,1,1,1000,1000
648716,31:15.3,IMU,426485171,0,-0.003099703,-0.008828528,0.001363436,-0.571924,0.9987271,-9.748615,0,0,40.14262,1,1,1000,1000
648768,31:15.3,IMU,426525155,0,-0.004418327,-0.01252784,0.0012452,-0.5727784,0.9970055,-9.743231,0,0,40.14327,1,1,1000,1000
648869,31:15.4,IMU,426565139,0,-0.004051012,-0.01466247,0.001258524,-0.5720039,0.997945,-9.751448,0,0,40.14392,1,1,1000,1000
648924,31:15.4,IMU,426605123,0,-0.003088475,-0.0134372,0.001757421,-0.5727414,0.9981915,-9.752113,0,0,40.14457,1,1,1000,1000
649022,31:15.5,IMU,426645107,0,-0.003144684,-0.01400329,0.002138438,-0.572019,0.9982584,-9.749542,0,0,40.14521,1,1,1000,1000
649073,31:15.5,IMU,426685091,0,-0.004123344,-0.01272791,0.002485425,-0.5714701,0.9991356,-9.749148,0,0,40.14586,1,1,1000,1000
649125,31:15.5,IMU,426725075,0,-0.003355218,-0.01416582,0.002776793,-0.5719036,1.00055,-9.749579,0,0,40.14651,1,1,1000,1000
649224,31:15.6,IMU,426765059,0,-0.00178677,-0.01329537,0.003013153,-0.5718202,1.00068,-9.752487,0,0,40.14717,1,1,1000,1000
649278,31:15.6,IMU,426805043,0,-5.53e-05,-0.01257523,0.003087645,-0.5728148,1.001918,-9.756844,0,0,40.14782,1,1,1000,1000
649377,31:15.7,IMU,426845027,0,0.000702097,-0.01143109,0.003004202,-0.5732038,1.002668,-9.75371,0,0,40.14846,1,1,1000,1000
649428,31:15.7,IMU,426885011,0,0.001293595,-0.01086294,0.002886792,-0.5734892,1.003436,-9.755486,0,0,40.14911,1,1,1000,1000
649480,31:15.7,IMU,426924995,0,0.002094669,-0.009088408,0.002802087,-0.5729638,1.003762,-9.752687,0,0,40.14974,1,1,1000,1000
649580,31:15.8,IMU,426964979,0,0.003022037,-0.007266033,0.002713195,-0.5733593,1.002914,-9.752571,0,0,40.15039,1,1,1000,1000
649634,31:15.8,IMU,427004963,0,0.004818664,-0.005559424,0.002540835,-0.5750737,1.003732,-9.753744,0,0,40.15104,1,1,1000,1000
649734,31:15.9,IMU,427044947,0,0.006110888,-0.002727922,0.002504501,-0.5749904,1.004762,-9.754022,0,0,40.15168,1,1,1000,1000
649785,31:15.9,IMU,427084931,0,0.005296288,-0.000724985,0.002454775,-0.5748066,1.006191,-9.752454,0,0,40.15232,1,1,1000,1000
649837,31:15.9,IMU,427124915,0,0.006308733,0.001068235,0.002419977,-0.5758572,1.005418,-9.751944,0,0,40.15297,1,1,1000,1000
649936,31:16.0,IMU,427164899,0,0.006549737,0.002057342,0.002390401,-0.5774225,1.007294,-9.750896,0,0,40.15362,1,1,1000,1000
649990,31:16.0,IMU,427204883,0,0.007765045,0.00179862,0.002230396,-0.5774353,1.005999,-9.752505,0,0,40.15427,1,1,999,999
650088,31:16.1,IMU,427244867,0,0.007695352,0.002251094,0.002265087,-0.5785758,1.008907,-9.748746,0,0,40.15491,1,1,999,999
650140,31:16.1,IMU,427284851,0,0.00640258,0.0024491,0.002227329,-0.5784159,1.008152,-9.748645,0,0,40.15556,1,1,999,999
650192,31:16.1,IMU,427324835,0,0.005959993,0.002845551,0.002280199,-0.5800586,1.0091,-9.751459,0,0,40.1562,1,1,999,999
650292,31:16.2,IMU,427364819,0,0.006436596,0.004388805,0.002241803,-0.5808319,1.009053,-9.750038,0,0,40.15685,1,1,999,999
650346,31:16.2,IMU,427404803,0,0.007181686,0.003545357,0.002193421,-0.5809622,1.008959,-9.748693,0,0,40.15749,1,1,999,999
650447,31:16.3,IMU,427444787,0,0.006190088,0.003325492,0.002238128,-0.5825631,1.009207,-9.74989,0,0,40.15814,1,1,999,999
650502,31:16.3,IMU,427484771,0,0.004518225,0.00451147,0.002281249,-0.58236,1.009409,-9.747252,0,0,40.15879,1,1,999,999
650554,31:16.3,IMU,427524755,0,0.004524001,0.005207115,0.00228186,-0.5833249,1.010489,-9.747233,0,0,40.15943,1,1,999,999
650655,31:16.4,IMU,427564739,0,0.005280233,0.004971257,0.002346454,-0.5831807,1.009518,-9.74781,0,0,40.16008,1,1,999,999
650710,31:16.4,IMU,427604723,0,0.006022948,0.004986626,0.002289887,-0.5840571,1.010379,-9.749585,0,0,40.16072,1,1,999,999
650808,31:16.5,IMU,427644707,0,0.004863076,0.007613914,0.002504219,-0.5839583,1.010878,-9.745724,0,0,40.16137,1,1,999,999
650859,31:16.5,IMU,427684691,0,0.004291474,0.006482429,0.002678531,-0.5846595,1.010973,-9.746906,0,0,40.16201,1,1,999,999
650911,31:16.5,IMU,427724675,0,0.004580825,0.007273894,0.002917735,-0.585398,1.010669,-9.743649,0,0,40.16266,1,1,999,999
651010,31:16.6,IMU,427764659,0,0.00463683,0.006014464,0.002952843,-0.5853807,1.011579,-9.752012,0,0,40.1633,1,1,999,999
651064,31:16.6,IMU,427804643,0,0.005574745,0.007340278,0.002869498,-0.5870626,1.011697,-9.748685,0,0,40.16395,1,1,999,999
651163,31:16.7,IMU,427844627,0,0.007446898,0.007534241,0.002690851,-0.5860462,1.012325,-9.744414,0,0,40.16459,1,1,999,999
651214,31:16.7,IMU,427884611,0,0.006983661,0.008548953,0.002413312,-0.5870156,1.012409,-9.745358,0,0,40.16524,1,1,999,999
651266,31:16.7,IMU,427924595,0,0.00478299,0.009256152,0.002231723,-0.5874133,1.012279,-9.747316,0,0,40.16588,1,1,999,999
651366,31:16.8,IMU,427964579,0,0.00457309,0.009144432,0.001952501,-0.5877172,1.011311,-9.747353,0,0,40.16653,1,1,999,999
651420,31:16.8,IMU,428005396,0,0.005534087,0.009054866,0.00176327,-0.5874853,1.011911,-9.748695,0,0,40.16719,1,1,999,999
651520,31:16.9,IMU,428045380,0,0.005020933,0.007884842,0.001756563,-0.5876558,1.010165,-9.75241,0,0,40.16783,1,1,999,999
651571,31:16.9,IMU,428085364,0,0.004836928,0.00883005,0.002088031,-0.5868709,1.011653,-9.747894,0,0,40.16848,1,1,999,999
651623,31:16.9,IMU,428125348,0,0.006236823,0.008318886,0.002426927,-0.5876561,1.01041,-9.748577,0,0,40.16912,1,1,999,999
651722,31:17.0,IMU,428165332,0,0.006575933,0.007784479,0.00262827,-0.5878941,1.009635,-9.747231,0,0,40.16976,1,1,999,999
651776,31:17.0,IMU,428205316,0,0.007653276,0.007375887,0.002770968,-0.5887324,1.011217,-9.747102,0,0,40.17041,1,1,1000,1000
651874,31:17.1,IMU,428245300,0,0.007782492,0.006969125,0.002977149,-0.5883043,1.010342,-9.744501,0,0,40.17105,1,1,1000,1000
651926,31:17.1,IMU,428285284,0,0.007242296,0.005837359,0.00313674,-0.5879778,1.010363,-9.748821,0,0,40.1717,1,1,1000,1000
651978,31:17.1,IMU,428325268,0,0.007560671,0.004705496,0.003113318,-0.5877086,1.010712,-9.750847,0,0,40.17234,1,1,1000,1000
652078,31:17.2,IMU,428365252,0,0.004753942,0.004122921,0.002883711,-0.5882629,1.009907,-9.746518,0,0,40.17298,1,1,1000,1000
652132,31:17.2,IMU,428405236,0,0.004720908,0.004833195,0.002664441,-0.5872089,1.009326,-9.744945,0,0,40.17363,1,1,1000,1000
652234,31:17.3,IMU,428445220,0,0.004507077,0.005147791,0.002446801,-0.5875533,1.009299,-9.747759,0,0,40.17425,1,1,1000,1000
652290,31:17.3,IMU,428485204,0,0.004362575,0.004809177,0.002195191,-0.5870452,1.009169,-9.745605,0,0,40.1749,1,1,1000,1000
652342,31:17.3,IMU,428525188,0,0.004816625,0.004577132,0.002059662,-0.5878372,1.008604,-9.748151,0,0,40.17554,1,1,1000,1000
652443,31:17.4,IMU,428565172,0,0.005894756,0.005237077,0.001883862,-0.5871644,1.009087,-9.746279,0,0,40.17618,1,1,1000,1000
652498,31:17.4,IMU,428605156,0,0.007347949,0.00533716,0.001827532,-0.5878868,1.008401,-9.750504,0,0,40.17683,1,1,1000,1000
652596,31:17.5,IMU,428645140,0,0.007537052,0.006183979,0.001917944,-0.5876515,1.006303,-9.745906,0,0,40.17747,1,1,1000,1000
652647,31:17.5,IMU,428685124,0,0.007876063,0.005752074,0.002152928,-0.587073,1.007832,-9.750828,0,0,40.17811,1,1,1000,1000
652699,31:17.5,IMU,428725108,0,0.007323068,0.005548855,0.002451326,-0.5861033,1.007291,-9.750994,0,0,40.17876,1,1,1000,1000
652798,31:17.6,IMU,428765092,0,0.005802739,0.005239109,0.002788379,-0.5871339,1.005991,-9.749113,0,0,40.1794,1,1,1000,1000
652852,31:17.6,IMU,428805076,0,0.004573801,0.005083407,0.002889268,-0.585708,1.006431,-9.750495,0,0,40.18004,1,1,1000,1000
652950,31:17.7,IMU,428845060,0,0.00357223,0.004822023,0.003054177,-0.5854653,1.005253,-9.748865,0,0,40.1807,1,1,1000,1000
653002,31:17.7,IMU,428885044,0,0.002688373,0.004627687,0.003214062,-0.5850976,1.00503,-9.74736,0,0,40.18134,1,1,1000,1000
653054,31:17.7,IMU,428925028,0,0.003647064,0.003118745,0.003095219,-0.5856103,1.006111,-9.748772,0,0,40.18198,1,1,1000,1000
653153,31:17.8,IMU,428965012,0,0.003444999,0.003707071,0.002975806,-0.5850665,1.003738,-9.746694,0,0,40.18262,1,1,1000,1000
653208,31:17.8,IMU,429004996,0,0.003329212,0.002876859,0.002916384,-0.5838536,1.004286,-9.745328,0,0,40.18325,1,1,1000,1000
653308,31:17.9,IMU,429044980,0,0.003296,0.002404457,0.002840536,-0.5848759,1.002253,-9.744451,0,0,40.1839,1,1,1000,1000
653359,31:17.9,IMU,429084964,0,0.003211138,0.000709305,0.002690651,-0.5832033,1.005079,-9.759944,0,0,40.18454,1,1,1000,1000
653411,31:17.9,IMU,429124948,0,0.004142378,0.000546705,0.002514356,-0.5832751,1.002894,-9.750759,0,0,40.18518,1,1,1000,1000
653510,31:18.0,IMU,429164932,0,0.003963273,0.001952862,0.002295785,-0.5832118,1.003157,-9.746197,0,0,40.18582,1,1,1000,1000
653564,31:18.0,IMU,429204916,0,0.003834039,0.001558963,0.002350396,-0.5836087,1.002712,-9.747044,0,0,40.18646,1,1,999,999
653662,31:18.1,IMU,429244900,0,0.003721811,0.001615892,0.002337066,-0.5821999,1.001125,-9.746371,0,0,40.1871,1,1,999,999
653714,31:18.1,IMU,429284884,0,0.002400248,0.001700008,0.002392347,-0.5828222,1.000848,-9.747346,0,0,40.18774,1,1,999,999
653766,31:18.1,IMU,429324868,0,0.001073479,0.001772387,0.002650239,-0.5822739,1.000344,-9.752251,0,0,40.18839,1,1,999,999
653866,31:18.2,IMU,429364852,0,0.003305877,0.003091815,0.002776841,-0.5832559,1.001009,-9.752882,0,0,40.18903,1,1,999,999
653920,31:18.2,IMU,429404836,0,0.005384411,0.002773958,0.002770842,-0.5819246,1.000231,-9.750094,0,0,40.18967,1,1,999,999
654020,31:18.3,IMU,429444820,0,0.004119519,0.001215626,0.002526075,-0.5817076,0.9983734,-9.748238,0,0,40.19031,1,1,999,999
654075,31:18.3,IMU,429484804,0,0.004052845,0.002048359,0.002440597,-0.5819509,0.9983448,-9.747472,0,0,40.19095,1,1,999,999
654128,31:18.3,IMU,429524788,0,0.003916785,0.001737169,0.002412132,-0.5811823,0.9983977,-9.745941,0,0,40.19159,1,1,999,999
654229,31:18.4,IMU,429564772,0,0.003848123,0.001769581,0.002470551,-0.5805773,0.9983177,-9.74583,0,0,40.19223,1,1,999,999
654283,31:18.4,IMU,429604756,0,0.0016741,0.002845467,0.002565762,-0.5809997,0.9990745,-9.760682,0,0,40.19288,1,1,999,999
654382,31:18.5,IMU,429644740,0,0.000454637,0.003980888,0.002636876,-0.5815819,0.9975364,-9.756294,0,0,40.19352,1,1,999,999
654433,31:18.5,IMU,429684724,0,0.002682384,0.001727434,0.002732892,-0.5807013,0.9968168,-9.747757,0,0,40.19416,1,1,999,999
654485,31:18.5,IMU,429724708,0,0.001808132,0.001847531,0.00266322,-0.5796379,0.9967284,-9.746137,0,0,40.1948,1,1,999,999
654584,31:18.6,IMU,429764692,0,0.00189456,0.001940024,0.002632431,-0.5797679,0.9959093,-9.745179,0,0,40.19544,1,1,999,999
654638,31:18.6,IMU,429804676,0,0.001983474,0.001938914,0.002609512,-0.5798442,0.9965099,-9.746169,0,0,40.19608,1,1,999,999
654736,31:18.7,IMU,429844660,0,0.001963208,0.001874034,0.002462876,-0.5804923,0.9943069,-9.751518,0,0,40.19672,1,1,999,999
654788,31:18.7,IMU,429884644,0,0.002033381,0.003592252,0.00234113,-0.5802144,0.9954095,-9.753199,0,0,40.19736,1,1,999,999
654840,31:18.7,IMU,429924628,0,0.00200912,0.004152599,0.001984842,-0.5785532,0.9947438,-9.753307,0,0,40.198,1,1,999,999
654939,31:18.8,IMU,429964612,0,0.002145112,0.004716851,0.001906535,-0.5794773,0.9939004,-9.750321,0,0,40.19864,1,1,999,999
654994,31:18.8,IMU,430004596,0,0.002304486,0.004161884,0.0018842,-0.5785455,0.9936842,-9.75248,0,0,40.19928,1,1,999,999
655094,31:18.9,IMU,430044580,0,0.003560946,0.00429291,0.00209177,-0.5787371,0.9928486,-9.752605,0,0,40.19992,1,1,999,999
655145,31:18.9,IMU,430085397,0,0.004340838,0.004204595,0.002422475,-0.5786744,0.9931507,-9.753181,0,0,40.20058,1,1,999,999
655197,31:18.9,IMU,430125381,0,0.004264869,0.004090368,0.002606704,-0.5798295,0.9926001,-9.75042,0,0,40.20122,1,1,999,999
655296,31:19.0,IMU,430165365,0,0.003000899,0.003902508,0.002756055,-0.5788527,0.9918069,-9.747478,0,0,40.20186,1,1,999,999
655350,31:19.0,IMU,430205349,0,0.003104109,0.003768485,0.002759377,-0.5781446,0.9907198,-9.745966,0,0,40.2025,1,1,999,999
655448,31:19.1,IMU,430245333,0,0.002985098,0.003393036,0.002652129,-0.5777215,0.9917173,-9.748817,0,0,40.20314,1,1,999,999
655500,31:19.1,IMU,430285317,0,0.002070853,0.000930641,0.002542548,-0.5777527,0.991842,-9.753274,0,0,40.20378,1,1,999,999
655552,31:19.1,IMU,430325301,0,0.001277147,-0.001876572,0.002375611,-0.5764655,0.9908665,-9.746562,0,0,40.20441,1,1,999,999
655651,31:19.2,IMU,430365285,0,0.001535133,-0.000396491,0.002400419,-0.57676,0.9915015,-9.751878,0,0,40.20506,1,1,999,999
655706,31:19.2,IMU,430405269,0,0.000142553,0.000974738,0.002734514,-0.5778568,0.9902772,-9.753198,0,0,40.2057,1,1,999,999
655808,31:19.3,IMU,430445253,0,0.001558405,0.000801793,0.002915565,-0.5765299,0.9892043,-9.752361,0,0,40.20633,1,1,999,999
655866,31:19.3,IMU,430485237,0,0.001623086,0.000920493,0.003024332,-0.5773534,0.9894041,-9.753253,0,0,40.20697,1,1,999,999
655919,31:19.3,IMU,430525221,0,0.002318118,0.001011107,0.003225828,-0.5761155,0.989792,-9.749841,0,0,40.2076,1,1,999,999
656020,31:19.4,IMU,430565205,0,0.001399485,0.001088925,0.003232317,-0.5770038,0.9885466,-9.747495,0,0,40.20823,1,1,999,999
656074,31:19.4,IMU,430605189,0,0.00186454,0.001261291,0.003263012,-0.5750287,0.9889072,-9.745809,0,0,40.20887,1,1,999,999
656173,31:19.5,IMU,430645173,0,0.001490117,0.000360007,0.003122472,-0.5759667,0.9892555,-9.754065,0,0,40.20951,1,1,999,999
656224,31:19.5,IMU,430685157,0,0.000134142,0.000410078,0.002840357,-0.5745637,0.9892114,-9.753483,0,0,40.21015,1,1,999,999
656276,31:19.5,IMU,430725141,0,0.000298975,0.001923497,0.002602365,-0.5758963,0.9888373,-9.75178,0,0,40.21079,1,1,999,999
656375,31:19.6,IMU,430765125,0,0.001070156,0.003325094,0.002391139,-0.5747265,0.9884982,-9.751544,0,0,40.21143,1,1,999,999
656429,31:19.6,IMU,430805109,0,0.00348362,0.002303294,0.002269672,-0.575619,0.9887937,-9.746684,0,0,40.21207,1,1,999,999
656527,31:19.7,IMU,430845093,0,0.002208949,0.002844204,0.002378447,-0.5740674,0.9874496,-9.74947,0,0,40.2127,1,1,999,999
656579,31:19.7,IMU,430885077,0,-0.001058272,0.000222827,0.002579753,-0.5763565,0.9875047,-9.755476,0,0,40.21334,1,1,999,999
656631,31:19.7,IMU,430925061,0,-0.000981842,0.000135383,0.002666668,-0.5753139,0.9873222,-9.751261,0,0,40.214,1,1,999,999
656730,31:19.8,IMU,430965045,0,0.002995467,0.002074194,0.002766484,-0.5746428,0.9879874,-9.748945,0,0,40.21463,1,1,999,999
656784,31:19.8,IMU,431005029,0,0.002611902,0.002298804,0.002827621,-0.5751936,0.9872271,-9.746357,0,0,40.21527,1,1,999,999
656885,31:19.9,IMU,431045013,0,0.002325983,0.002167256,0.002768707,-0.5759571,0.9867206,-9.749081,0,0,40.21591,1,1,999,999
656936,31:19.9,IMU,431084997,0,0.002995939,0.003083076,0.002702848,-0.5748484,0.9875888,-9.761925,0,0,40.21653,1,1,999,999
656988,31:19.9,IMU,431124981,0,0.003350707,0.003100161,0.002645394,-0.5752653,0.9874023,-9.756438,0,0,40.21717,1,1,999,999
657087,31:20.0,IMU,431164965,0,0.002126771,0.001862051,0.002664466,-0.575328,0.9858299,-9.750791,0,0,40.21781,1,1,999,999
657141,31:20.0,IMU,431204949,0,0.00289975,0.002550353,0.002754414,-0.5745571,0.9865549,-9.745619,0,0,40.21844,1,1,1000,1000
657239,31:20.1,IMU,431244933,0,0.002833718,0.002516019,0.002680933,-0.5744283,0.9861368,-9.745083,0,0,40.21908,1,1,1000,1000
657291,31:20.1,IMU,431284917,0,0.000710393,0.000973043,0.002652929,-0.5735205,0.987,-9.758021,0,0,40.21972,1,1,1000,1000
657344,31:20.1,IMU,431324901,0,0.000656181,0.000286828,0.002584415,-0.5735139,0.9858832,-9.710388,0,0,40.22036,1,1,1000,1000
657443,31:20.2,IMU,431364885,0,0.002104149,0.001937423,0.00256451,-0.5711341,0.9800899,-9.582542,0,0,40.221,1,1,1000,1000
657498,31:20.2,IMU,431404869,0,0.001574091,0.002231463,0.002629422,-0.5672867,0.9755287,-9.434402,0,0,40.22163,1,1,1000,1000
657598,31:20.3,IMU,431444853,0,-0.001153182,0.0005936,0.002578582,-0.5629782,0.9692317,-9.273598,0,0,40.22227,1,1,1000,1000
657653,31:20.3,IMU,431484837,0,-0.003914765,-0.000724151,0.002610184,-0.5603153,0.9615271,-9.100267,0,0,40.22291,1,1,1000,1000
657705,31:20.3,IMU,431524821,0,-0.006237535,-0.003150071,0.002513323,-0.5557529,0.9570124,-8.964357,0,0,40.22355,1,1,1000,1000
657807,31:20.4,IMU,431564805,0,-0.007816234,-0.003357008,0.002619172,-0.5541958,0.9553621,-8.89602,0,0,40.22418,1,1,1000,1000
657861,31:20.4,IMU,431604789,0,-0.009007685,-0.003212214,0.002612586,-0.5529764,0.9545823,-8.842013,0,0,40.22482,1,1,1000,1000
657960,31:20.5,IMU,431644773,0,-0.01084895,-0.004132143,0.002571922,-0.5523294,0.9525055,-8.802297,0,0,40.22545,1,1,1000,1000
658011,31:20.5,IMU,431684757,0,-0.0122957,-0.004904696,0.002553934,-0.551761,0.9502904,-8.759077,0,0,40.22609,1,1,1000,1000
658063,31:20.5,IMU,431724741,0,-0.01067168,-0.005611939,0.002534916,-0.5512326,0.9503005,-8.729483,0,0,40.22673,1,1,1000,1000
658162,31:20.6,IMU,431764725,0,-0.01109651,-0.006034838,0.00260067,-0.5495847,0.9488567,-8.694174,0,0,40.22736,1,1,1000,1000
658216,31:20.6,IMU,431804709,0,-0.01123245,-0.003164008,0.002707561,-0.5500917,0.9467475,-8.674076,0,0,40.228,1,1,1000,1000
658314,31:20.7,IMU,431844693,0,-0.01014514,-0.002809258,0.00264124,-0.5495921,0.9495874,-8.650665,0,0,40.22864,1,1,1000,1000
658365,31:20.7,IMU,431884677,0,-0.01145694,-0.005003339,0.002708252,-0.5498761,0.9474223,-8.635569,0,0,40.22927,1,1,1000,1000
658419,31:20.7,IMU,431924661,0,-0.01251673,-0.002211319,0.002664895,-0.5493284,0.9470054,-8.622889,0,0,40.22991,1,1,1000,1000
658518,31:20.8,IMU,431964645,0,-0.01050217,-0.002111881,0.00265459,-0.5487825,0.9468538,-8.606827,0,0,40.23055,1,1,1000,1000
658572,31:20.8,IMU,432004629,0,-0.009546435,-0.001991048,0.002648629,-0.5497383,0.9490981,-8.613972,0,0,40.23118,1,1,1000,1000
658672,31:20.9,IMU,432044613,0,-0.01086875,-0.003765395,0.002604107,-0.5492764,0.9496538,-8.597001,0,0,40.23182,1,1,1000,1000
658724,31:20.9,IMU,432084597,0,-0.009464005,-0.002066866,0.00262064,-0.550301,0.9493506,-8.602674,0,0,40.23245,1,1,1000,1000
658776,31:20.9,IMU,432124581,0,-0.008737611,-0.003372968,0.002568411,-0.5499732,0.9499787,-8.608261,0,0,40.23309,1,1,1000,1000
658875,31:21.0,IMU,432165398,0,-0.006832888,-0.002891256,0.00262203,-0.5495307,0.9514473,-8.599989,0,0,40.23374,1,1,1000,1000
658929,31:21.0,IMU,432205382,0,-0.00767001,-0.005051031,0.002509763,-0.5506458,0.9526174,-8.602978,0,0,40.23438,1,1,999,999
659027,31:21.1,IMU,432245366,0,-0.006921831,-0.004472203,0.002534823,-0.5506451,0.9535199,-8.615512,0,0,40.23501,1,1,999,999
659079,31:21.1,IMU,432285350,0,-0.006273538,-0.003942677,0.002466698,-0.550792,0.9530916,-8.626949,0,0,40.23565,1,1,999,999
659131,31:21.1,IMU,432325334,0,-0.007194876,-0.003326943,0.002473908,-0.5514609,0.9536791,-8.63177,0,0,40.23628,1,1,999,999
659230,31:21.2,IMU,432365318,0,-0.006643059,-0.002162584,0.00249168,-0.552609,0.9549125,-8.627809,0,0,40.23692,1,1,999,999
659286,31:21.2,IMU,432405302,0,-0.005468024,-0.001156386,0.002526719,-0.5526236,0.9569687,-8.640038,0,0,40.23755,1,1,999,999
659388,31:21.3,IMU,432445286,0,-0.003979063,-0.001960667,0.002477176,-0.5528442,0.9571206,-8.647571,0,0,40.23819,1,1,999,999
659444,31:21.3,IMU,432485270,0,-0.005180811,0.000319808,0.002543547,-0.5530489,0.9577525,-8.650622,0,0,40.23882,1,1,999,999
659496,31:21.3,IMU,432525254,0,-0.004594234,0.000393815,0.002470172,-0.5546201,0.958167,-8.662904,0,0,40.23946,1,1,999,999
659598,31:21.4,IMU,432565238,0,-0.004037021,0.000499029,0.00251796,-0.5540069,0.9604899,-8.675692,0,0,40.24009,1,1,999,999
659652,31:21.4,IMU,432605222,0,-0.003577646,0.000631942,0.00243828,-0.553067,0.9613668,-8.685769,0,0,40.24071,1,1,999,999
659751,31:21.5,IMU,432645206,0,-0.003158958,0.000799495,0.002399488,-0.554074,0.9613799,-8.696856,0,0,40.24134,1,1,999,999
659802,31:21.5,IMU,432685190,0,-0.001218882,0.001567555,0.002451048,-0.5550173,0.9620899,-8.694436,0,0,40.24198,1,1,999,999
659854,31:21.5,IMU,432725174,0,-0.000715512,0.002105956,0.002544464,-0.5566598,0.9644259,-8.744381,0,0,40.24261,1,1,999,999
659953,31:21.6,IMU,432765158,0,0.000195479,0.001893211,0.002482521,-0.5579017,0.969377,-8.859634,0,0,40.24324,1,1,999,999
660008,31:21.6,IMU,432805142,0,0.001836123,0.00335708,0.002524432,-0.5604801,0.9740857,-8.97546,0,0,40.24388,1,1,999,999
660106,31:21.7,IMU,432845126,0,0.004254309,0.004809227,0.002556125,-0.5622395,0.9790862,-9.085611,0,0,40.24451,1,1,999,999
660157,31:21.7,IMU,432885110,0,0.005509771,0.006095094,0.002628667,-0.5655202,0.9820229,-9.184967,0,0,40.24515,1,1,999,999
660210,31:21.7,IMU,432925094,0,0.007185516,0.007494587,0.002627414,-0.5679473,0.985479,-9.276208,0,0,40.24578,1,1,999,999
660309,31:21.8,IMU,432965078,0,0.00905367,0.008251796,0.00258829,-0.5679883,0.9885644,-9.354892,0,0,40.24641,1,1,999,999
660363,31:21.8,IMU,433005062,0,0.01111492,0.009282872,0.002566763,-0.5698726,0.9912707,-9.435377,0,0,40.24707,1,1,999,999
660463,31:21.9,IMU,433045046,0,0.01364046,0.01024808,0.002708271,-0.5714145,0.9923155,-9.501581,0,0,40.2477,1,1,999,999
660515,31:21.9,IMU,433085030,0,0.0141841,0.01031156,0.002604108,-0.5716437,0.9935436,-9.563077,0,0,40.24833,1,1,999,999
660567,31:21.9,IMU,433125014,0,0.01603169,0.01074425,0.002620016,-0.5723285,0.9958557,-9.617987,0,0,40.24897,1,1,999,999
660666,31:22.0,IMU,433164998,0,0.01676373,0.01003816,0.002614208,-0.5735385,0.996612,-9.666487,0,0,40.24958,1,1,999,999
660720,31:22.0,IMU,433204982,0,0.01946103,0.01399282,0.002623393,-0.5730526,0.997894,-9.703817,0,0,40.25022,1,1,1000,1000
660818,31:22.1,IMU,433244966,0,0.01808073,0.009922985,0.002508138,-0.5733814,0.9975705,-9.742027,0,0,40.25085,1,1,1000,1000
660870,31:22.1,IMU,433284950,0,0.01960945,0.01174844,0.002533186,-0.5734706,0.9972979,-9.770977,0,0,40.25148,1,1,1000,1000
660922,31:22.1,IMU,433324934,0,0.01916845,0.01371728,0.002582354,-0.5739653,0.9968557,-9.805657,0,0,40.25212,1,1,1000,1000
661022,31:22.2,IMU,433364918,0,0.02104978,0.0121269,0.002561451,-0.57358,0.996536,-9.830571,0,0,40.25275,1,1,1000,1000
661076,31:22.2,IMU,433404902,0,0.02021933,0.01119789,0.002562576,-0.573637,0.9955207,-9.838312,0,0,40.25338,1,1,1000,1000
661177,31:22.3,IMU,433444886,0,0.02039549,0.01328904,0.002589376,-0.5715927,0.9952699,-9.860722,0,0,40.25402,1,1,1000,1000
661232,31:22.3,IMU,433484870,0,0.01747635,0.00959513,0.002588964,-0.5714651,0.9924003,-9.870392,0,0,40.25465,1,1,1000,1000
661284,31:22.3,IMU,433524854,0,0.01640568,0.009227704,0.002616819,-0.5696137,0.9913035,-9.870444,0,0,40.25528,1,1,1000,1000
661385,31:22.4,IMU,433564838,0,0.01736593,0.01147999,0.002654864,-0.569206,0.9902095,-9.885826,0,0,40.25591,1,1,1000,1000
661440,31:22.4,IMU,433604822,0,0.01890473,0.01305943,0.002667828,-0.5689628,0.9892757,-9.888875,0,0,40.25655,1,1,1000,1000
661539,31:22.5,IMU,433644806,0,0.01848197,0.01310726,0.002609771,-0.5675483,0.9857733,-9.890573,0,0,40.25718,1,1,1000,1000
661590,31:22.5,IMU,433684790,0,0.0175617,0.01298911,0.002708835,-0.5666313,0.9827215,-9.891693,0,0,40.25781,1,1,1000,1000
661642,31:22.5,IMU,433724774,0,0.01726467,0.01236294,0.002762938,-0.5654491,0.981675,-9.889697,0,0,40.25845,1,1,1000,1000
661741,31:22.6,IMU,433764758,0,0.01780349,0.01229492,0.00260539,-0.564636,0.9807569,-9.887314,0,0,40.25908,1,1,1000,1000
661795,31:22.6,IMU,433804742,0,0.01847854,0.01272933,0.0026678,-0.5620278,0.9786195,-9.884011,0,0,40.25971,1,1,1000,1000
661893,31:22.7,IMU,433844726,0,0.01735494,0.01247183,0.002661897,-0.5609429,0.9760899,-9.878432,0,0,40.26034,1,1,1000,1000
661944,31:22.7,IMU,433884710,0,0.01591291,0.0106044,0.002603072,-0.5599015,0.9729956,-9.868922,0,0,40.26097,1,1,1000,1000
661997,31:22.7,IMU,433924694,0,0.01528892,0.01104726,0.002560124,-0.558072,0.9699873,-9.863782,0,0,40.2616,1,1,1000,1000
662096,31:22.8,IMU,433964678,0,0.01432913,0.01036474,0.002551409,-0.55643,0.9679094,-9.863213,0,0,40.26223,1,1,1000,1000
662150,31:22.8,IMU,434004662,0,0.01340592,0.009728542,0.002525418,-0.555815,0.9649592,-9.863052,0,0,40.26287,1,1,1000,1000
662250,31:22.9,IMU,434044646,0,0.01173623,0.009582562,0.002560902,-0.5532624,0.9614357,-9.834896,0,0,40.2635,1,1,1000,1000
662301,31:22.9,IMU,434084630,0,0.01104817,0.00863755,0.002591399,-0.5518354,0.9604766,-9.831209,0,0,40.26413,1,1,1000,1000
662354,31:22.9,IMU,434124614,0,0.01188841,0.008195812,0.002810587,-0.5502462,0.9562656,-9.835211,0,0,40.26476,1,1,1000,1000
662453,31:23.0,IMU,434164598,0,0.01029046,0.007706611,0.002907442,-0.5486436,0.9555929,-9.829082,0,0,40.26539,1,1,1000,1000
662507,31:23.0,IMU,434204582,0,0.01005358,0.007305681,0.002878561,-0.5467504,0.9527102,-9.82814,0,0,40.26602,1,1,999,999
662605,31:23.1,IMU,434245399,0,0.01016092,0.007366863,0.002785681,-0.5453374,0.9493167,-9.814556,0,0,40.26667,1,1,999,999
662657,31:23.1,IMU,434285383,0,0.009775411,0.006896376,0.002629085,-0.5428643,0.9469295,-9.796815,0,0,40.2673,1,1,999,999
662709,31:23.1,IMU,434325367,0,0.009711482,0.008248846,0.0024036,-0.5429357,0.9449013,-9.803452,0,0,40.26793,1,1,999,999
662808,31:23.2,IMU,434365351,0,0.009570323,0.006135551,0.002153913,-0.5414774,0.9424329,-9.80066,0,0,40.26856,1,1,999,999
662862,31:23.2,IMU,434405335,0,0.008985884,0.008316144,0.002132352,-0.539355,0.9396611,-9.794585,0,0,40.2692,1,1,999,999
662963,31:23.3,IMU,434445319,0,0.008524223,0.007804068,0.002128403,-0.538474,0.9380862,-9.79495,0,0,40.26982,1,1,999,999
663018,31:23.3,IMU,434485303,0,0.009317894,0.006845875,0.002209989,-0.5357349,0.933824,-9.779279,0,0,40.27045,1,1,999,999
663070,31:23.3,IMU,434525287,0,0.009263868,0.006444612,0.002243456,-0.5356243,0.9324361,-9.775646,0,0,40.27109,1,1,999,999
663171,31:23.4,IMU,434565271,0,0.0101185,0.00461069,0.002316158,-0.5332305,0.9293179,-9.769585,0,0,40.27172,1,1,999,999
663225,31:23.4,IMU,434605255,0,0.01291321,0.005709508,0.00244036,-0.5310149,0.9265748,-9.762418,0,0,40.27235,1,1,999,999
663325,31:23.5,IMU,434645239,0,0.01193142,0.00545892,0.002398927,-0.529465,0.92404,-9.763956,0,0,40.27298,1,1,999,999
663376,31:23.5,IMU,434685223,0,0.01120886,0.005148459,0.002372801,-0.5290194,0.9224704,-9.764473,0,0,40.27359,1,1,999,999
663429,31:23.5,IMU,434725207,0,0.01054622,0.00495989,0.002422778,-0.5279464,0.9198209,-9.76537,0,0,40.27422,1,1,999,999
663528,31:23.6,IMU,434765191,0,0.009890798,0.005769526,0.002434056,-0.5263836,0.9169151,-9.761003,0,0,40.27485,1,1,999,999
663582,31:23.6,IMU,434805175,0,0.01032215,0.006306814,0.002678101,-0.52473,0.9134436,-9.748044,0,0,40.27548,1,1,999,999
663680,31:23.7,IMU,434845159,0,0.009654744,0.005227558,0.002698509,-0.5232181,0.9113619,-9.749856,0,0,40.27611,1,1,999,999
663731,31:23.7,IMU,434885143,0,0.006986016,0.00353681,0.002705888,-0.5223956,0.9076054,-9.748717,0,0,40.27674,1,1,999,999
663784,31:23.7,IMU,434925127,0,0.006197747,0.002424387,0.002649335,-0.5206729,0.906081,-9.747075,0,0,40.27737,1,1,999,999
663883,31:23.8,IMU,434965111,0,0.006065894,0.003587386,0.002714459,-0.5186635,0.9033327,-9.746741,0,0,40.278,1,1,999,999
663937,31:23.8,IMU,435005095,0,0.0055238,0.004942146,0.002785298,-0.5170017,0.8998679,-9.745204,0,0,40.27863,1,1,999,999
664037,31:23.9,IMU,435045079,0,0.005727781,0.006164467,0.002863413,-0.5163301,0.8998448,-9.743023,0,0,40.27926,1,1,999,999
664088,31:23.9,IMU,435085063,0,0.005385165,0.005675483,0.00305166,-0.5141186,0.8956438,-9.738207,0,0,40.27991,1,1,999,999
664141,31:23.9,IMU,435125047,0,0.005813552,0.004638039,0.003053925,-0.5128759,0.893327,-9.742167,0,0,40.28053,1,1,999,999
664240,31:24.0,IMU,435165031,0,0.006594994,0.00346968,0.003071396,-0.5125946,0.8930023,-9.752451,0,0,40.28116,1,1,999,999
664294,31:24.0,IMU,435205015,0,0.009838708,0.005151495,0.002850297,-0.5108418,0.8897033,-9.746407,0,0,40.28179,1,1,999,999
664392,31:24.1,IMU,435244999,0,0.009063163,0.005361442,0.002570475,-0.508196,0.888129,-9.746881,0,0,40.28241,1,1,999,999
664444,31:24.1,IMU,435284983,0,0.00859312,0.005398617,0.002283722,-0.5083343,0.8840386,-9.747463,0,0,40.28304,1,1,999,999
664496,31:24.1,IMU,435324967,0,0.008154816,0.005178309,0.002144714,-0.5069485,0.8830926,-9.746151,0,0,40.28366,1,1,999,999
664595,31:24.2,IMU,435364951,0,0.007708002,0.005542877,0.001931528,-0.5048944,0.8796105,-9.748004,0,0,40.28429,1,1,999,999
664649,31:24.2,IMU,435404935,0,0.007318017,0.004960338,0.001736126,-0.5036434,0.8777242,-9.746682,0,0,40.28492,1,1,999,999
664750,31:24.3,IMU,435444919,0,0.005932182,0.004445805,0.001794254,-0.5044856,0.8761626,-9.747177,0,0,40.28555,1,1,999,999
664805,31:24.3,IMU,435484903,0,0.004855029,0.004303199,0.002097327,-0.500896,0.8722479,-9.751987,0,0,40.28618,1,1,999,999
664857,31:24.3,IMU,435524887,0,0.004286146,0.004201006,0.002431687,-0.5004624,0.8705513,-9.754459,0,0,40.28681,1,1,999,999
664960,31:24.4,IMU,435564871,0,0.006071171,0.003977774,0.002615378,-0.4984309,0.8687385,-9.753051,0,0,40.28744,1,1,999,999
665014,31:24.4,IMU,435604855,0,0.006598428,0.00392538,0.002899423,-0.4972141,0.8670919,-9.753593,0,0,40.28806,1,1,999,999
665114,31:24.5,IMU,435644839,0,0.005707084,0.003732878,0.003050218,-0.4963104,0.8631358,-9.752754,0,0,40.28869,1,1,999,999
665165,31:24.5,IMU,435684823,0,0.006009311,0.003676964,0.003148219,-0.4948635,0.860907,-9.74893,0,0,40.28932,1,1,999,999
665217,31:24.5,IMU,435724807,0,0.005564424,0.003791614,0.003143084,-0.4933508,0.8587853,-9.750255,0,0,40.28995,1,1,999,999
665316,31:24.6,IMU,435764791,0,0.007246566,0.00394238,0.002855963,-0.4929302,0.8557972,-9.756677,0,0,40.29058,1,1,999,999
665370,31:24.6,IMU,435804775,0,0.007761912,0.004720732,0.002493861,-0.4911267,0.8551883,-9.760319,0,0,40.2912,1,1,999,999
665468,31:24.7,IMU,435844759,0,0.007406036,0.003387727,0.002361576,-0.4894336,0.8527095,-9.756504,0,0,40.29183,1,1,999,999
665519,31:24.7,IMU,435884743,0,0.00693873,0.003085974,0.002085051,-0.4886435,0.8495581,-9.756823,0,0,40.29246,1,1,999,999
665571,31:24.7,IMU,435924727,0,0.006559923,0.003645807,0.001926797,-0.4878228,0.8479198,-9.755229,0,0,40.29309,1,1,999,999
665671,31:24.8,IMU,435964711,0,0.006840154,0.004280836,0.001849255,-0.4858418,0.844987,-9.761019,0,0,40.29372,1,1,999,999
665725,31:24.8,IMU,436004695,0,0.009745927,0.006919782,0.002041731,-0.4858392,0.8431592,-9.759315,0,0,40.29434,1,1,999,999
665825,31:24.9,IMU,436044679,0,0.009526487,0.006413411,0.002265366,-0.4845999,0.8407941,-9.759347,0,0,40.29497,1,1,999,999
665876,31:24.9,IMU,436084663,0,0.008645768,0.006166555,0.002516403,-0.4825034,0.8379148,-9.757997,0,0,40.2956,1,1,999,999
665928,31:24.9,IMU,436124647,0,0.008137098,0.005818118,0.002717505,-0.481404,0.835854,-9.757996,0,0,40.29622,1,1,999,999
666028,31:25.0,IMU,436164631,0,0.008356528,0.005624854,0.002884141,-0.4798505,0.8332263,-9.760544,0,0,40.29685,1,1,999,999
666082,31:25.0,IMU,436204615,0,0.008524372,0.005408701,0.003054821,-0.4783289,0.8325371,-9.760023,0,0,40.29748,1,1,1000,1000
666180,31:25.1,IMU,436244599,0,0.006728453,0.002186882,0.003020552,-0.4772805,0.8291686,-9.765699,0,0,40.2981,1,1,1000,1000
666232,31:25.1,IMU,436284583,0,0.004694986,0.003215798,0.003090117,-0.476585,0.8276218,-9.763028,0,0,40.29873,1,1,1000,1000
666284,31:25.1,IMU,436325400,0,0.004622447,0.003243944,0.003175261,-0.4747322,0.8258451,-9.763979,0,0,40.29937,1,1,1000,1000
666384,31:25.2,IMU,436365384,0,0.007936202,0.004261448,0.002881053,-0.4738025,0.8226898,-9.764729,0,0,40.3,1,1,1000,1000
666438,31:25.2,IMU,436405368,0,0.007343202,0.006275465,0.002641384,-0.472127,0.819471,-9.764954,0,0,40.30063,1,1,1000,1000
666539,31:25.3,IMU,436445352,0,0.006993423,0.005576711,0.002235843,-0.4708371,0.8175746,-9.767347,0,0,40.30125,1,1,1000,1000
666595,31:25.3,IMU,436485336,0,0.006970217,0.004492531,0.001934998,-0.4706667,0.8155212,-9.766063,0,0,40.30188,1,1,1000,1000
666648,31:25.3,IMU,436525320,0,0.008685105,0.003849832,0.001755828,-0.4690675,0.8146223,-9.775541,0,0,40.30251,1,1,1000,1000
666749,31:25.4,IMU,436565304,0,0.009368557,0.003026058,0.001872399,-0.4680973,0.8108802,-9.773333,0,0,40.30313,1,1,1000,1000
666803,31:25.4,IMU,436605288,0,0.009212511,0.003349202,0.002062092,-0.4672389,0.8100963,-9.771727,0,0,40.30376,1,1,1000,1000
666902,31:25.5,IMU,436645272,0,0.00815903,0.004633309,0.002257068,-0.4648042,0.8076415,-9.769165,0,0,40.30439,1,1,1000,1000
666954,31:25.5,IMU,436685256,0,0.006861774,0.003591989,0.002634256,-0.4643286,0.8046024,-9.770133,0,0,40.30501,1,1,1000,1000
667006,31:25.5,IMU,436725240,0,0.005408186,0.003192544,0.002903999,-0.4623813,0.8034285,-9.770011,0,0,40.30564,1,1,1000,1000
667105,31:25.6,IMU,436765224,0,0.005786838,0.004389628,0.002967688,-0.4634428,0.8005903,-9.778524,0,0,40.30625,1,1,1000,1000
667159,31:25.6,IMU,436805208,0,0.007446477,0.005541537,0.002985203,-0.4606363,0.7988201,-9.773652,0,0,40.30687,1,1,1000,1000
667257,31:25.7,IMU,436845192,0,0.008096248,0.005783377,0.002824809,-0.4595811,0.7960929,-9.772768,0,0,40.3075,1,1,1000,1000
667308,31:25.7,IMU,436885176,0,0.008115238,0.004634203,0.002817898,-0.4593284,0.7929983,-9.773722,0,0,40.30812,1,1,1000,1000
667360,31:25.7,IMU,436925160,0,0.008924874,0.004250146,0.002608166,-0.4568657,0.7912457,-9.772251,0,0,40.30875,1,1,1000,1000
667460,31:25.8,IMU,436965144,0,0.006955011,0.004820894,0.002429776,-0.455933,0.7887948,-9.76969,0,0,40.30938,1,1,1000,1000
667514,31:25.8,IMU,437005128,0,0.007938873,0.005110525,0.002200439,-0.4542153,0.7868281,-9.772976,0,0,40.31,1,1,1000,1000
667614,31:25.9,IMU,437045112,0,0.007420322,0.004261706,0.002090518,-0.4547083,0.7840061,-9.778932,0,0,40.31063,1,1,1000,1000
667665,31:25.9,IMU,437085096,0,0.006934355,0.002665742,0.002115344,-0.4553552,0.7815943,-9.778444,0,0,40.31125,1,1,1000,1000
667717,31:25.9,IMU,437125080,0,0.007216356,0.002453984,0.002098974,-0.4523816,0.7810223,-9.770307,0,0,40.31188,1,1,1000,1000
667816,31:26.0,IMU,437165064,0,0.006966395,0.004111227,0.002354422,-0.4506954,0.7773377,-9.772791,0,0,40.31252,1,1,1000,1000
667871,31:26.0,IMU,437205048,0,0.008229734,0.005734691,0.002564926,-0.4499169,0.7749188,-9.775294,0,0,40.31314,1,1,999,999
667969,31:26.1,IMU,437245032,0,0.008563888,0.007072501,0.002821899,-0.4502543,0.7735243,-9.781728,0,0,40.31377,1,1,999,999
668021,31:26.1,IMU,437285016,0,0.007958034,0.006600934,0.002844068,-0.447426,0.7708167,-9.783228,0,0,40.31439,1,1,999,999
668073,31:26.1,IMU,437325000,0,0.008552337,0.006592758,0.002749029,-0.4474433,0.7676491,-9.780008,0,0,40.31502,1,1,999,999
668172,31:26.2,IMU,437364984,0,0.009004893,0.007326514,0.002703168,-0.4451173,0.7662394,-9.779332,0,0,40.31563,1,1,999,999
668226,31:26.2,IMU,437404968,0,0.009978291,0.007653541,0.002526142,-0.4443677,0.7627758,-9.77976,0,0,40.31625,1,1,999,999
668326,31:26.3,IMU,437444952,0,0.009314293,0.006784583,0.00244485,-0.4444181,0.7622558,-9.778924,0,0,40.31688,1,1,999,999
668381,31:26.3,IMU,437484936,0,0.007284314,0.004923827,0.00232603,-0.4412305,0.7596497,-9.775717,0,0,40.3175,1,1,999,999
668434,31:26.3,IMU,437524920,0,0.007456176,0.003906707,0.002169271,-0.439991,0.756408,-9.776159,0,0,40.31812,1,1,999,999
668535,31:26.4,IMU,437564904,0,0.008540971,0.003342127,0.002013947,-0.4400215,0.7543265,-9.784525,0,0,40.31875,1,1,999,999
668589,31:26.4,IMU,437604888,0,0.009906224,0.004475234,0.001951743,-0.4391686,0.7519438,-9.783461,0,0,40.31937,1,1,999,999
668688,31:26.5,IMU,437644872,0,0.01079176,0.007114022,0.002040818,-0.4373139,0.7501514,-9.779932,0,0,40.32,1,1,999,999
668740,31:26.5,IMU,437684856,0,0.008941116,0.005476228,0.002296716,-0.4363333,0.7473264,-9.777613,0,0,40.32062,1,1,999,999
668792,31:26.5,IMU,437724840,0,0.008836886,0.005268137,0.00248475,-0.4346198,0.7454756,-9.778381,0,0,40.32124,1,1,999,999
668891,31:26.6,IMU,437764824,0,0.007715231,0.006036599,0.002595768,-0.4357229,0.7444714,-9.832076,0,0,40.32187,1,1,999,999
668945,31:26.6,IMU,437804808,0,0.008449616,0.007322333,0.002663164,-0.4358044,0.7463796,-9.938632,0,0,40.32249,1,1,999,999
669043,31:26.7,IMU,437844792,0,0.009672701,0.007149046,0.002641162,-0.4362127,0.7460203,-10.0531,0,0,40.32312,1,1,999,999
669094,31:26.7,IMU,437884776,0,0.009549697,0.006799254,0.002726352,-0.4381781,0.7461806,-10.16018,0,0,40.32374,1,1,999,999
669146,31:26.7,IMU,437924760,0,0.01029301,0.006437351,0.002674435,-0.4373392,0.7473158,-10.26225,0,0,40.32436,1,1,999,999
669246,31:26.8,IMU,437964744,0,0.01222215,0.008076619,0.002657966,-0.4383032,0.7474983,-10.35916,0,0,40.32499,1,1,999,999
669300,31:26.8,IMU,438004728,0,0.01374675,0.009410296,0.00264807,-0.4385121,0.747539,-10.45054,0,0,40.32561,1,1,999,999
669401,31:26.9,IMU,438044712,0,0.01492302,0.01040248,0.002585551,-0.4399495,0.7469997,-10.53631,0,0,40.32623,1,1,999,999
669452,31:26.9,IMU,438084696,0,0.01460235,0.009185163,0.002558695,-0.4388493,0.7467094,-10.61422,0,0,40.32685,1,1,999,999
669504,31:26.9,IMU,438124680,0,0.01612462,0.009977905,0.002499538,-0.4390991,0.7456557,-10.68836,0,0,40.32748,1,1,999,999
669603,31:27.0,IMU,438164664,0,0.01572105,0.01005339,0.002471124,-0.4389611,0.7459674,-10.74039,0,0,40.3281,1,1,999,999
669658,31:27.0,IMU,438204648,0,0.01770306,0.01234433,0.002481905,-0.4378583,0.7451079,-10.77772,0,0,40.32872,1,1,1000,1000
669756,31:27.1,IMU,438244632,0,0.01925548,0.009890625,0.002417108,-0.4387599,0.742513,-10.81059,0,0,40.32935,1,1,1000,1000
669808,31:27.1,IMU,438284616,0,0.0149514,0.01180621,0.00247427,-0.4361821,0.7408054,-10.83301,0,0,40.32997,1,1,1000,1000
669860,31:27.1,IMU,438324600,0,0.01838022,0.01171914,0.002541515,-0.4372296,0.7374416,-10.85806,0,0,40.33059,1,1,1000,1000
669959,31:27.2,IMU,438364584,0,0.01771063,0.009908067,0.002508005,-0.4350666,0.7362054,-10.87137,0,0,40.33121,1,1,1000,1000
670013,31:27.2,IMU,438405401,0,0.0169581,0.01047577,0.002426921,-0.4328581,0.7336897,-10.87712,0,0,40.33185,1,1,1000,1000
670115,31:27.3,IMU,438445385,0,0.01863666,0.009869769,0.002406068,-0.433071,0.7322155,-10.89397,0,0,40.33247,1,1,1000,1000
670170,31:27.3,IMU,438485369,0,0.0153741,0.01019891,0.00247139,-0.4315188,0.7294248,-10.90882,0,0,40.3331,1,1,1000,1000
670223,31:27.3,IMU,438525353,0,0.01618221,0.009617209,0.002469204,-0.4314308,0.7272021,-10.90325,0,0,40.33372,1,1,1000,1000
670324,31:27.4,IMU,438565337,0,0.01482646,0.01075176,0.002450081,-0.4299736,0.7242795,-10.91719,0,0,40.33434,1,1,1000,1000
670378,31:27.4,IMU,438605321,0,0.01501088,0.01031536,0.002385296,-0.4280745,0.7211628,-10.91404,0,0,40.33496,1,1,1000,1000
670477,31:27.5,IMU,438645305,0,0.01396327,0.009710317,0.002419276,-0.4274616,0.7199543,-10.90029,0,0,40.33559,1,1,1000,1000
670528,31:27.5,IMU,438685289,0,0.01230874,0.008813225,0.002354477,-0.4259014,0.7176389,-10.91081,0,0,40.33621,1,1,1000,1000
670581,31:27.5,IMU,438725273,0,0.01027613,0.007597105,0.002383783,-0.4229884,0.7134674,-10.83322,0,0,40.33683,1,1,1000,1000
670680,31:27.6,IMU,438765257,0,0.009703792,0.007169246,0.002357053,-0.4201466,0.7080862,-10.7237,0,0,40.33745,1,1,1000,1000
670734,31:27.6,IMU,438805241,0,0.009303559,0.007102968,0.002418675,-0.4179788,0.7030255,-10.61262,0,0,40.33807,1,1,1000,1000
670833,31:27.7,IMU,438845225,0,0.009340256,0.006615218,0.002382025,-0.4154761,0.699456,-10.50856,0,0,40.33868,1,1,1000,1000
670884,31:27.7,IMU,438885209,0,0.007234334,0.00529422,0.00241642,-0.4124502,0.695118,-10.41303,0,0,40.3393,1,1,1000,1000
670936,31:27.7,IMU,438925193,0,0.005807626,0.004469982,0.002433235,-0.4104024,0.6898755,-10.32565,0,0,40.33992,1,1,1000,1000
671035,31:27.8,IMU,438965177,0,0.005978361,0.004219442,0.002416808,-0.4076815,0.6857439,-10.24511,0,0,40.34054,1,1,1000,1000
671090,31:27.8,IMU,439005161,0,0.0051328,0.00392164,0.00246019,-0.404385,0.6830111,-10.1706,0,0,40.34116,1,1,1000,1000
671190,31:27.9,IMU,439045145,0,0.002722262,0.003107038,0.002436839,-0.4032157,0.6785387,-10.1019,0,0,40.34179,1,1,1000,1000
671241,31:27.9,IMU,439085129,0,0.002294476,0.002664705,0.00236601,-0.402291,0.6770632,-10.03978,0,0,40.34241,1,1,1000,1000
671293,31:27.9,IMU,439125113,0,0.00401378,0.002592516,0.002376975,-0.3991906,0.6744208,-9.986949,0,0,40.34303,1,1,1000,1000
671392,31:28.0,IMU,439165097,0,0.003056729,0.002500878,0.00226318,-0.3980507,0.6713265,-9.9342,0,0,40.34365,1,1,1000,1000
671446,31:28.0,IMU,439205081,0,-0.000319547,0.002507025,0.002256345,-0.3961084,0.6666105,-9.887571,0,0,40.34427,1,1,999,999
671545,31:28.1,IMU,439245065,0,0.002038812,0.002543331,0.002219092,-0.3953601,0.6650589,-9.853586,0,0,40.34491,1,1,999,999
671597,31:28.1,IMU,439285049,0,-0.001539683,-0.001335932,0.002235215,-0.3937963,0.6628924,-9.815083,0,0,40.34553,1,1,999,999
671649,31:28.1,IMU,439325033,0,-0.002766793,-0.000539668,0.002303209,-0.3922914,0.6611185,-9.786374,0,0,40.34615,1,1,999,999
671748,31:28.2,IMU,439365017,0,-0.000124754,0.001212048,0.002339313,-0.3915842,0.6586716,-9.759115,0,0,40.34677,1,1,999,999
671802,31:28.2,IMU,439405001,0,-0.001448944,0.000565252,0.002331833,-0.3909916,0.6583377,-9.748537,0,0,40.34739,1,1,999,999
671902,31:28.3,IMU,439444985,0,0.000805638,-0.000527912,0.002408826,-0.3892891,0.6546452,-9.71697,0,0,40.34799,1,1,999,999
671957,31:28.3,IMU,439484969,0,-0.000231929,-0.000239495,0.002390781,-0.388181,0.6523882,-9.710712,0,0,40.34861,1,1,999,999
672010,31:28.3,IMU,439524953,0,0.000932011,-6.68e-05,0.002459722,-0.3876635,0.6526861,-9.686264,0,0,40.34923,1,1,999,999
672111,31:28.4,IMU,439564937,0,0.001115192,0.000146273,0.002538787,-0.3867745,0.6514133,-9.687052,0,0,40.34985,1,1,999,999
672165,31:28.4,IMU,439604921,0,0.000281073,0.001855728,0.002543952,-0.3853471,0.64908,-9.677609,0,0,40.35047,1,1,999,999
672264,31:28.5,IMU,439644905,0,-0.001722195,0.001336027,0.002529436,-0.3861267,0.6476492,-9.666562,0,0,40.35109,1,1,999,999
672315,31:28.5,IMU,439684889,0,-0.001946773,-0.000532201,0.002462751,-0.3843115,0.6482956,-9.666483,0,0,40.35171,1,1,999,999
672368,31:28.5,IMU,439724873,0,-0.000862972,0.001561084,0.002554987,-0.3850266,0.6463597,-9.659981,0,0,40.35233,1,1,999,999
672467,31:28.6,IMU,439764857,0,-0.001444593,0.001549625,0.002625996,-0.3832202,0.644927,-9.659439,0,0,40.35295,1,1,999,999
672521,31:28.6,IMU,439804841,0,-0.001157238,0.001595441,0.002521574,-0.383147,0.6454459,-9.661584,0,0,40.35357,1,1,999,999
672619,31:28.7,IMU,439844825,0,-0.00115342,0.000897093,0.002498587,-0.3827658,0.642368,-9.66611,0,0,40.35419,1,1,999,999
672670,31:28.7,IMU,439884809,0,-0.001896567,-0.000686855,0.002466517,-0.3821376,0.6430189,-9.678931,0,0,40.35481,1,1,999,999
672722,31:28.7,IMU,439924793,0,-0.001650102,-0.00088363,0.002445699,-0.3812217,0.6418543,-9.679586,0,0,40.35543,1,1,999,999
672821,31:28.8,IMU,439964777,0,-0.000299235,0.000235887,0.00246015,-0.3813884,0.6424893,-9.683558,0,0,40.35605,1,1,999,999
672876,31:28.8,IMU,440004761,0,0.001472624,0.001836448,0.002422119,-0.3823764,0.6410465,-9.6848,0,0,40.35667,1,1,999,999
672976,31:28.9,IMU,440044745,0,0.000239122,0.001100461,0.002379577,-0.3809795,0.6396279,-9.691749,0,0,40.35729,1,1,999,999
673027,31:28.9,IMU,440084729,0,-0.001344896,-0.001216171,0.002333128,-0.3804533,0.6401237,-9.702115,0,0,40.35791,1,1,999,999
673079,31:28.9,IMU,440124713,0,-0.000969591,-0.000845289,0.002300434,-0.3799686,0.6378449,-9.701336,0,0,40.35852,1,1,999,999
673178,31:29.0,IMU,440164697,0,-0.000669693,-0.000610928,0.002340977,-0.3795437,0.6380516,-9.70445,0,0,40.35914,1,1,999,999
673232,31:29.0,IMU,440204681,0,-0.000371492,-0.000383419,0.002372467,-0.3784705,0.6374027,-9.707081,0,0,40.35976,1,1,999,999
673331,31:29.1,IMU,440244665,0,0.000952706,0.000117305,0.002260785,-0.3783856,0.6367239,-9.722563,0,0,40.36038,1,1,999,999
673382,31:29.1,IMU,440284649,0,0.000871731,8.795016e-05,0.002293354,-0.3783943,0.6365232,-9.726818,0,0,40.361,1,1,999,999
673435,31:29.1,IMU,440324633,0,0.001710393,0.001384244,0.002334188,-0.3787703,0.6354407,-9.736813,0,0,40.36162,1,1,999,999
673534,31:29.2,IMU,440364617,0,0.001580033,0.000789502,0.002320592,-0.3777343,0.6361928,-9.741719,0,0,40.36224,1,1,999,999
673588,31:29.2,IMU,440404601,0,0.001606847,0.000897662,0.00233473,-0.3787397,0.634212,-9.741459,0,0,40.36285,1,1,999,999
673688,31:29.3,IMU,440444585,0,0.001623516,0.001034413,0.002345116,-0.3785278,0.6338475,-9.742976,0,0,40.36347,1,1,999,999
673744,31:29.3,IMU,440485402,0,0.002352608,0.003621439,0.002292222,-0.3778493,0.6342052,-9.749221,0,0,40.36411,1,1,999,999
673798,31:29.3,IMU,440525386,0,0.003844751,0.00479443,0.002358023,-0.3776025,0.6332523,-9.76059,0,0,40.36472,1,1,999,999
673901,31:29.4,IMU,440565370,0,0.003703821,0.003850292,0.002476766,-0.3773564,0.6328138,-9.763836,0,0,40.36534,1,1,999,999
673955,31:29.4,IMU,440605354,0,0.002916395,0.003186635,0.002404817,-0.3770208,0.632075,-9.763473,0,0,40.36596,1,1,999,999
674054,31:29.5,IMU,440645338,0,0.003741259,0.004600261,0.002344264,-0.3762195,0.6314033,-9.771696,0,0,40.36658,1,1,999,999
674105,31:29.5,IMU,440685322,0,0.003121473,0.003293878,0.002409106,-0.3769987,0.6315422,-9.778768,0,0,40.3672,1,1,999,999
674157,31:29.5,IMU,440725306,0,0.003010462,0.003242995,0.002291636,-0.3760215,0.6298826,-9.777464,0,0,40.36781,1,1,999,999
674257,31:29.6,IMU,440765290,0,0.002971945,0.003117323,0.002411754,-0.3757359,0.6299055,-9.7793,0,0,40.36843,1,1,999,999
674311,31:29.6,IMU,440805274,0,0.002876811,0.003064204,0.002346533,-0.3759746,0.6299314,-9.778721,0,0,40.36905,1,1,999,999
674409,31:29.7,IMU,440845258,0,0.003485775,0.003039461,0.002369239,-0.374688,0.6285573,-9.780766,0,0,40.36967,1,1,999,999
674460,31:29.7,IMU,440885242,0,0.003081817,0.003012882,0.002595078,-0.3750502,0.6280499,-9.785796,0,0,40.37029,1,1,999,999
674512,31:29.7,IMU,440925226,0,0.003403707,0.001652643,0.002722106,-0.37394,0.6280041,-9.796383,0,0,40.37089,1,1,999,999
674611,31:29.8,IMU,440965210,0,0.004201675,0.00119035,0.002613617,-0.3730387,0.6269815,-9.794162,0,0,40.3715,1,1,999,999
674666,31:29.8,IMU,441005194,0,0.005896365,0.003486141,0.002635612,-0.3728642,0.6264237,-9.793928,0,0,40.37212,1,1,999,999
674766,31:29.9,IMU,441045178,0,0.006419668,0.003754603,0.002505709,-0.3729942,0.6248337,-9.797428,0,0,40.37274,1,1,999,999
674817,31:29.9,IMU,441085162,0,0.005564342,0.00335207,0.00244315,-0.3723733,0.6244388,-9.795326,0,0,40.37335,1,1,999,999
674869,31:29.9,IMU,441125146,0,0.005800822,0.005395812,0.002418623,-0.3730822,0.6240361,-9.798944,0,0,40.37397,1,1,999,999
674968,31:30.0,IMU,441165130,0,0.005245215,0.006222236,0.002331064,-0.37156,0.624316,-9.800568,0,0,40.37459,1,1,999,999
675022,31:30.0,IMU,441205114,0,0.005364494,0.007174885,0.002293981,-0.3710952,0.6238587,-9.798388,0,0,40.37521,1,1,1000,1000
675120,31:30.1,IMU,441245098,0,0.004715935,0.006966415,0.002211939,-0.3716024,0.6230382,-9.801179,0,0,40.37582,1,1,1000,1000
675172,31:30.1,IMU,441285082,0,0.003911501,0.004793393,0.002241091,-0.3711275,0.6228895,-9.800171,0,0,40.37644,1,1,1000,1000
675225,31:30.1,IMU,441325066,0,0.003308104,0.001970998,0.002133463,-0.3697216,0.6230194,-9.799973,0,0,40.37707,1,1,1000,1000
675325,31:30.2,IMU,441365050,0,0.001711824,0.002634593,0.002239327,-0.3706965,0.6203631,-9.800678,0,0,40.37769,1,1,1000,1000
675379,31:30.2,IMU,441405034,0,0.002567025,0.00296407,0.002302369,-0.3701152,0.6195759,-9.802694,0,0,40.3783,1,1,1000,1000
675479,31:30.3,IMU,441445018,0,0.002526758,0.003848582,0.002278725,-0.3707139,0.620127,-9.80677,0,0,40.37892,1,1,1000,1000
675533,31:30.3,IMU,441485002,0,0.001338206,0.002797972,0.002193065,-0.3689786,0.6189813,-9.801586,0,0,40.37953,1,1,1000,1000
675587,31:30.3,IMU,441524986,0,0.000778654,0.002721851,0.002228786,-0.368435,0.6177711,-9.79906,0,0,40.38013,1,1,1000,1000
675688,31:30.4,IMU,441564970,0,0.002558579,0.005806471,0.002230612,-0.3671774,0.6169119,-9.800952,0,0,40.38075,1,1,1000,1000
675742,31:30.4,IMU,441604954,0,0.004410956,0.006480374,0.002314687,-0.3673868,0.6169035,-9.800631,0,0,40.38137,1,1,1000,1000
675841,31:30.5,IMU,441644938,0,0.00502414,0.006385929,0.002307973,-0.3677899,0.6163797,-9.799195,0,0,40.38198,1,1,1000,1000
675892,31:30.5,IMU,441684922,0,0.005146885,0.005116941,0.002283738,-0.3656271,0.6156383,-9.799387,0,0,40.3826,1,1,1000,1000
675944,31:30.5,IMU,441724906,0,0.005186146,0.004683432,0.002246782,-0.3661343,0.6145799,-9.798987,0,0,40.38321,1,1,1000,1000
676043,31:30.6,IMU,441764890,0,0.006094753,0.005577866,0.002251446,-0.3651151,0.6142727,-9.799442,0,0,40.38383,1,1,1000,1000
676098,31:30.6,IMU,441804874,0,0.007226547,0.005712489,0.002201265,-0.364804,0.6138879,-9.800928,0,0,40.38445,1,1,1000,1000
676196,31:30.7,IMU,441844858,0,0.00693503,0.006116032,0.002239496,-0.3651789,0.613354,-9.799424,0,0,40.38506,1,1,1000,1000
676247,31:30.7,IMU,441884842,0,0.006214837,0.004686189,0.002300802,-0.3633532,0.6128067,-9.797927,0,0,40.38567,1,1,1000,1000
676299,31:30.7,IMU,441924826,0,0.005006468,0.002983554,0.002358651,-0.3636812,0.6109118,-9.795608,0,0,40.38629,1,1,1000,1000
676398,31:30.8,IMU,441964810,0,0.003476168,0.001633727,0.002434529,-0.3629102,0.6114573,-9.796858,0,0,40.38691,1,1,1000,1000
676452,31:30.8,IMU,442004794,0,0.003785264,0.002753776,0.00234729,-0.360855,0.610634,-9.798912,0,0,40.38752,1,1,1000,1000
676553,31:30.9,IMU,442044778,0,0.004192132,0.002038225,0.002310211,-0.3619654,0.6095631,-9.797699,0,0,40.38814,1,1,1000,1000
676604,31:30.9,IMU,442084762,0,0.002444172,0.001377406,0.002305137,-0.3619941,0.6086525,-9.794817,0,0,40.38875,1,1,1000,1000
676656,31:30.9,IMU,442124746,0,0.00368867,0.001740685,0.00234058,-0.3606213,0.6086327,-9.796917,0,0,40.38937,1,1,1000,1000
676755,31:31.0,IMU,442164730,0,0.004179067,0.00282458,0.002315394,-0.360309,0.6067484,-9.794314,0,0,40.38998,1,1,1000,1000
676809,31:31.0,IMU,442204714,0,0.005370707,0.004048378,0.002333757,-0.3591106,0.6071379,-9.796296,0,0,40.39059,1,1,999,999
676907,31:31.1,IMU,442244698,0,0.007264386,0.005314932,0.002327107,-0.3591388,0.6062826,-9.796804,0,0,40.39121,1,1,999,999
676959,31:31.1,IMU,442284682,0,0.006425617,0.005101944,0.002367599,-0.3591842,0.6046185,-9.793558,0,0,40.39182,1,1,999,999
677012,31:31.1,IMU,442324666,0,0.006677248,0.004884378,0.00239358,-0.3588689,0.6053013,-9.795159,0,0,40.39244,1,1,999,999
677111,31:31.2,IMU,442364650,0,0.006697675,0.005157817,0.002414947,-0.3576066,0.6032125,-9.792782,0,0,40.39305,1,1,999,999
677165,31:31.2,IMU,442404634,0,0.007433889,0.004601723,0.002440423,-0.3575088,0.6025684,-9.790607,0,0,40.39367,1,1,999,999
677265,31:31.3,IMU,442444618,0,0.007269504,0.003540336,0.00248505,-0.3579085,0.6023781,-9.793017,0,0,40.39428,1,1,999,999
677320,31:31.3,IMU,442484602,0,0.003714391,0.001082173,0.002527109,-0.3550571,0.6015195,-9.794401,0,0,40.39489,1,1,999,999
677374,31:31.3,IMU,442524586,0,0.002870453,0.00178637,0.002488558,-0.355354,0.5995913,-9.795951,0,0,40.39551,1,1,999,999
677475,31:31.4,IMU,442565403,0,0.003333761,0.002188351,0.00248487,-0.3554998,0.5989025,-9.794017,0,0,40.39614,1,1,999,999
677529,31:31.4,IMU,442605387,0,0.004254175,0.003552367,0.002415453,-0.3542728,0.5991539,-9.793152,0,0,40.39675,1,1,999,999
677628,31:31.5,IMU,442645371,0,0.003837019,0.003239546,0.002357938,-0.3539552,0.5980988,-9.793264,0,0,40.39737,1,1,999,999
677679,31:31.5,IMU,442685355,0,0.001544417,0.002521906,0.002352411,-0.3542089,0.5983416,-9.794841,0,0,40.39798,1,1,999,999
677731,31:31.5,IMU,442725339,0,0.003647762,0.002464629,0.002288151,-0.3530115,0.5963193,-9.793434,0,0,40.39859,1,1,999,999
677830,31:31.6,IMU,442765323,0,0.004074813,0.003231717,0.002353092,-0.3528413,0.5953983,-9.79717,0,0,40.39921,1,1,999,999
677885,31:31.6,IMU,442805307,0,0.00492183,0.004743534,0.002238012,-0.3520009,0.5947499,-9.795411,0,0,40.39982,1,1,999,999
677983,31:31.7,IMU,442845291,0,0.003245651,0.004343682,0.002165902,-0.3518991,0.5950469,-9.794144,0,0,40.40043,1,1,999,999
678034,31:31.7,IMU,442885275,0,0.002231808,0.004222958,0.002170956,-0.3510226,0.5939267,-9.793892,0,0,40.40105,1,1,999,999
678086,31:31.7,IMU,442925259,0,0.002844261,0.00447305,0.002216104,-0.3525875,0.5926533,-9.792448,0,0,40.40166,1,1,999,999
678185,31:31.8,IMU,442965243,0,0.002940962,0.003359186,0.002305592,-0.3503823,0.5926438,-9.791284,0,0,40.40227,1,1,999,999
678239,31:31.8,IMU,443005227,0,0.005077849,0.00414665,0.002663604,-0.3510177,0.5922629,-9.78994,0,0,40.40287,1,1,999,999
678340,31:31.9,IMU,443045211,0,0.006155785,0.003725107,0.002865613,-0.3495728,0.5893191,-9.792429,0,0,40.40348,1,1,999,999
678391,31:31.9,IMU,443085195,0,0.004247152,0.002649075,0.00277642,-0.3489521,0.5893522,-9.796886,0,0,40.40409,1,1,999,999
678443,31:31.9,IMU,443125179,0,0.004820134,0.003532068,0.002700355,-0.349341,0.5886322,-9.795204,0,0,40.40471,1,1,999,999
678542,31:32.0,IMU,443165163,0,0.003999129,0.005412816,0.002492492,-0.3483987,0.5881634,-9.790569,0,0,40.40532,1,1,999,999
678596,31:32.0,IMU,443205147,0,0.004412234,0.005843265,0.002183464,-0.3474006,0.5871798,-9.79184,0,0,40.40593,1,1,1000,1000
678694,31:32.1,IMU,443245131,0,0.005069777,0.004998224,0.001898379,-0.3478412,0.5866977,-9.790408,0,0,40.40655,1,1,1000,1000
678745,31:32.1,IMU,443285115,0,0.00382638,0.003370188,0.001663743,-0.3472819,0.5854161,-9.795677,0,0,40.40716,1,1,1000,1000
678799,31:32.1,IMU,443325099,0,0.003554523,0.000925141,0.001643573,-0.3473881,0.5846644,-9.79771,0,0,40.40777,1,1,1000,1000
678898,31:32.2,IMU,443365083,0,0.004291012,0.001393571,0.001731625,-0.3452758,0.5838478,-9.792523,0,0,40.40838,1,1,1000,1000
678952,31:32.2,IMU,443405067,0,0.005544657,0.004433257,0.001991493,-0.3450013,0.5838131,-9.788859,0,0,40.409,1,1,1000,1000
679052,31:32.3,IMU,443445051,0,0.005026212,0.004135878,0.002226907,-0.3454387,0.5817559,-9.792365,0,0,40.40962,1,1,1000,1000
679106,31:32.3,IMU,443485035,0,0.004705747,0.002304438,0.002421009,-0.3443829,0.5817524,-9.793499,0,0,40.41023,1,1,1000,1000
679159,31:32.3,IMU,443525019,0,0.006392214,0.002141426,0.002794611,-0.3443429,0.5808101,-9.791174,0,0,40.41085,1,1,1000,1000
679261,31:32.4,IMU,443565003,0,0.006578851,0.00205538,0.002897962,-0.3439202,0.5796905,-9.795598,0,0,40.41146,1,1,1000,1000
679315,31:32.4,IMU,443604987,0,0.006990365,0.00325658,0.002816763,-0.343464,0.5781852,-9.794032,0,0,40.41206,1,1,1000,1000
679414,31:32.5,IMU,443644971,0,0.005781759,0.003858413,0.002679276,-0.342438,0.578779,-9.796013,0,0,40.41267,1,1,1000,1000
679465,31:32.5,IMU,443684955,0,0.002734027,0.002530327,0.002631731,-0.3435484,0.5785654,-9.792431,0,0,40.41328,1,1,1000,1000
679517,31:32.5,IMU,443724939,0,0.00339402,0.005241435,0.002332155,-0.3409689,0.576008,-9.792932,0,0,40.41389,1,1,1000,1000
679616,31:32.6,IMU,443764923,0,0.003652569,0.005652566,0.002080498,-0.3413672,0.5748486,-9.791326,0,0,40.4145,1,1,1000,1000
679670,31:32.6,IMU,443804907,0,0.006595044,0.006521367,0.001903289,-0.3403445,0.5757266,-9.796682,0,0,40.41511,1,1,1000,1000
679769,31:32.7,IMU,443844891,0,0.006534715,0.005800212,0.001805203,-0.3403986,0.5741712,-9.795834,0,0,40.41573,1,1,1000,1000
679820,31:32.7,IMU,443884875,0,0.006107235,0.001966533,0.001916419,-0.3398979,0.5737458,-9.789752,0,0,40.41634,1,1,1000,1000
679872,31:32.7,IMU,443924859,0,0.006219184,0.002137145,0.002134918,-0.340111,0.572175,-9.791801,0,0,40.41695,1,1,1000,1000
679971,31:32.8,IMU,443964843,0,0.005835238,0.002851101,0.002431326,-0.3396092,0.5723865,-9.794955,0,0,40.41756,1,1,1000,1000
680025,31:32.8,IMU,444004827,0,0.006760687,0.003344816,0.002664412,-0.3384345,0.571851,-9.795593,0,0,40.41817,1,1,1000,1000
680126,31:32.9,IMU,444044811,0,0.005715426,0.003154351,0.002670249,-0.3380258,0.5694766,-9.798009,0,0,40.41878,1,1,1000,1000
680177,31:32.9,IMU,444084795,0,0.003021063,0.002388572,0.002596066,-0.337956,0.5696558,-9.790166,0,0,40.41939,1,1,1000,1000
680229,31:32.9,IMU,444124779,0,0.00383938,0.002131349,0.002421119,-0.3380427,0.5681702,-9.792894,0,0,40.42,1,1,1000,1000
680328,31:33.0,IMU,444164763,0,0.003634429,0.003049759,0.002116653,-0.338045,0.5677276,-9.793382,0,0,40.42061,1,1,1000,1000
680382,31:33.0,IMU,444204747,0,0.005650819,0.003103998,0.001946492,-0.3364029,0.5667539,-9.800225,0,0,40.42122,1,1,999,999
680480,31:33.1,IMU,444244731,0,0.006787685,0.003043319,0.002006031,-0.3345681,0.5653042,-9.797678,0,0,40.42183,1,1,999,999
680531,31:33.1,IMU,444284715,0,0.006111647,0.002903815,0.00195023,-0.3345325,0.5650203,-9.794674,0,0,40.42244,1,1,999,999
680584,31:33.1,IMU,444324699,0,0.005671003,0.004568693,0.002136005,-0.335226,0.5642747,-9.797568,0,0,40.42305,1,1,999,999
680684,31:33.2,IMU,444364683,0,0.00639131,0.00577054,0.002148446,-0.3342336,0.5627892,-9.795087,0,0,40.42366,1,1,999,999
680738,31:33.2,IMU,444404667,0,0.00586245,0.003047618,0.002177009,-0.3346289,0.5616338,-9.791615,0,0,40.42427,1,1,999,999
680838,31:33.3,IMU,444444651,0,0.004469424,0.003384323,0.002342516,-0.3341294,0.56126,-9.790975,0,0,40.42488,1,1,999,999
680892,31:33.3,IMU,444484635,0,0.001899239,0.003278214,0.002538438,-0.3328318,0.5598117,-9.795207,0,0,40.42549,1,1,999,999
680947,31:33.3,IMU,444524619,0,0.00349714,0.004913107,0.002718911,-0.3322049,0.5592119,-9.799488,0,0,40.4261,1,1,999,999
681049,31:33.4,IMU,444564603,0,0.003062247,0.005692143,0.002759712,-0.3321614,0.5596258,-9.798783,0,0,40.42671,1,1,999,999
681103,31:33.4,IMU,444604587,0,0.003899371,0.005464543,0.00258381,-0.3315285,0.5587311,-9.79632,0,0,40.42732,1,1,999,999
681202,31:33.5,IMU,444645404,0,0.004338948,0.004831204,0.002327426,-0.3305601,0.5566478,-9.793332,0,0,40.42795,1,1,999,999
681253,31:33.5,IMU,444685388,0,0.004096563,0.003140003,0.00204448,-0.3290052,0.5561756,-9.794603,0,0,40.42856,1,1,999,999
681305,31:33.5,IMU,444725372,0,0.002997689,0.002331108,0.001801939,-0.3299729,0.5560042,-9.794921,0,0,40.42917,1,1,999,999
681404,31:33.6,IMU,444765356,0,0.004380508,0.002319277,0.001705963,-0.3292389,0.5556933,-9.803984,0,0,40.42978,1,1,999,999
681458,31:33.6,IMU,444805340,0,0.00572749,0.002730241,0.001759059,-0.3286164,0.5533519,-9.800703,0,0,40.43039,1,1,999,999
681557,31:33.7,IMU,444845324,0,0.004503695,0.001761638,0.001897047,-0.327261,0.5516611,-9.795817,0,0,40.431,1,1,999,999
681608,31:33.7,IMU,444885308,0,0.00465453,0.001841009,0.002195017,-0.3278425,0.5521188,-9.795805,0,0,40.4316,1,1,999,999
681660,31:33.7,IMU,444925292,0,0.004695553,0.001818399,0.002448776,-0.3271385,0.5509549,-9.795868,0,0,40.43221,1,1,999,999
681759,31:33.8,IMU,444965276,0,0.005308098,0.004238581,0.00271068,-0.3265713,0.5502639,-9.798914,0,0,40.43282,1,1,999,999
681813,31:33.8,IMU,445005260,0,0.004493343,0.005432901,0.002826684,-0.3270162,0.5497274,-9.801214,0,0,40.43343,1,1,999,999
681914,31:33.9,IMU,445045244,0,0.003334747,0.005233235,0.002744994,-0.3251269,0.5483951,-9.799633,0,0,40.43404,1,1,999,999
681965,31:33.9,IMU,445085228,0,0.00218979,0.002779261,0.00268098,-0.3251173,0.5467618,-9.794411,0,0,40.43463,1,1,999,999
682017,31:33.9,IMU,445125212,0,0.001973354,0.001698771,0.00251414,-0.325045,0.5469394,-9.795341,0,0,40.43524,1,1,999,999
682116,31:34.0,IMU,445165196,0,0.002195461,0.001828281,0.002181062,-0.3233273,0.5465295,-9.797958,0,0,40.43585,1,1,999,999
682170,31:34.0,IMU,445205180,0,0.005715611,0.002615009,0.001982824,-0.3242327,0.546018,-9.793743,0,0,40.43646,1,1,999,999
682268,31:34.1,IMU,445245164,0,0.005350883,0.002257288,0.001821646,-0.3232088,0.5430624,-9.796495,0,0,40.43707,1,1,999,999
682319,31:34.1,IMU,445285148,0,0.004222577,0.001133174,0.001583327,-0.3230766,0.5428402,-9.795389,0,0,40.43768,1,1,999,999
682372,31:34.1,IMU,445325132,0,0.003444866,0.001525728,0.001599851,-0.3228761,0.5426306,-9.799622,0,0,40.43829,1,1,999,999
682473,31:34.2,IMU,445365116,0,0.005078366,0.004003969,0.001756789,-0.3216963,0.5419378,-9.796347,0,0,40.43889,1,1,999,999
682527,31:34.2,IMU,445405100,0,0.004018088,0.003740234,0.002118824,-0.32208,0.5409487,-9.795696,0,0,40.4395,1,1,999,999
682627,31:34.3,IMU,445445084,0,0.002220746,0.003609235,0.002402466,-0.320732,0.5406222,-9.798315,0,0,40.44011,1,1,999,999
682681,31:34.3,IMU,445485068,0,0.001759349,0.003591489,0.002742989,-0.3205504,0.5393732,-9.797375,0,0,40.44072,1,1,999,999
682734,31:34.3,IMU,445525052,0,0.00342896,0.003458156,0.002931447,-0.3200205,0.5374812,-9.79583,0,0,40.44134,1,1,999,999
682836,31:34.4,IMU,445565036,0,0.004873172,0.003245199,0.003155872,-0.3183413,0.5370086,-9.79849,0,0,40.44195,1,1,999,999
682890,31:34.4,IMU,445605020,0,0.007460268,0.003819285,0.00314973,-0.3192353,0.5374252,-9.804886,0,0,40.44255,1,1,999,999
682990,31:34.5,IMU,445645004,0,0.00591975,0.003267768,0.00291211,-0.3189981,0.5360726,-9.801118,0,0,40.44316,1,1,999,999
683042,31:34.5,IMU,445684988,0,0.006098844,0.001091407,0.002639085,-0.3201541,0.5350705,-9.799032,0,0,40.44376,1,1,999,999
683094,31:34.5,IMU,445724972,0,0.005022728,0.000853005,0.002288127,-0.3163002,0.5354033,-9.799505,0,0,40.44436,1,1,999,999
683193,31:34.6,IMU,445764956,0,0.004668511,0.001399119,0.001954322,-0.3167276,0.5340665,-9.795868,0,0,40.44497,1,1,999,999
683247,31:34.6,IMU,445804940,0,0.004459098,0.002611117,0.001827124,-0.3170198,0.5332096,-9.797905,0,0,40.44558,1,1,999,999
683345,31:34.7,IMU,445844924,0,0.004228732,0.00364713,0.001575859,-0.3165013,0.5324451,-9.799346,0,0,40.44618,1,1,999,999
683397,31:34.7,IMU,445884908,0,0.001225087,0.00320122,0.001453601,-0.3149061,0.5307674,-9.80253,0,0,40.44679,1,1,999,999
683449,31:34.7,IMU,445924892,0,0.001671161,0.004459371,0.001571564,-0.3149284,0.5300639,-9.797895,0,0,40.4474,1,1,999,999
683548,31:34.8,IMU,445964876,0,0.004098667,0.004284668,0.001931271,-0.3148614,0.5291383,-9.798751,0,0,40.44801,1,1,999,999
683602,31:34.8,IMU,446004860,0,0.00531225,0.004080235,0.002131046,-0.3145371,0.5285982,-9.797874,0,0,40.44861,1,1,999,999
683702,31:34.9,IMU,446044844,0,0.00501787,0.003967786,0.002359207,-0.3129355,0.5271769,-9.799318,0,0,40.44922,1,1,999,999
683754,31:34.9,IMU,446084828,0,0.003662083,0.003796681,0.002696564,-0.3131359,0.5268368,-9.798609,0,0,40.44983,1,1,999,999
683806,31:34.9,IMU,446124812,0,0.006057218,0.003685069,0.002884752,-0.3131119,0.5254397,-9.797889,0,0,40.45043,1,1,999,999
683905,31:35.0,IMU,446164796,0,0.005515168,0.002927254,0.002963712,-0.3124342,0.5244767,-9.799801,0,0,40.45104,1,1,999,999
683959,31:35.0,IMU,446204780,0,0.004983921,0.003577074,0.002959448,-0.3118538,0.5247883,-9.795672,0,0,40.45164,1,1,1000,1000
684057,31:35.1,IMU,446244764,0,0.00662547,0.002571222,0.002869506,-0.3108945,0.5242274,-9.798563,0,0,40.45225,1,1,1000,1000
684108,31:35.1,IMU,446284748,0,0.003328236,0.000634586,0.002534712,-0.3101582,0.5233091,-9.801689,0,0,40.45286,1,1,1000,1000
684161,31:35.1,IMU,446324732,0,0.003328571,0.000471168,0.002180476,-0.310037,0.52131,-9.799963,0,0,40.45346,1,1,1000,1000
684260,31:35.2,IMU,446364716,0,0.003259754,0.001764942,0.001920877,-0.3088712,0.5204873,-9.800286,0,0,40.45407,1,1,1000,1000
684315,31:35.2,IMU,446404700,0,0.003166512,0.003368562,0.001700911,-0.3095664,0.5194415,-9.798851,0,0,40.45468,1,1,1000,1000
684415,31:35.3,IMU,446444684,0,0.005008551,0.004434901,0.001601001,-0.3093977,0.5198734,-9.796724,0,0,40.45528,1,1,1000,1000
684469,31:35.3,IMU,446484668,0,0.004711734,0.001983271,0.001638177,-0.3091276,0.5174798,-9.793923,0,0,40.45589,1,1,1000,1000
684522,31:35.3,IMU,446524652,0,0.00456676,0.002108659,0.001611495,-0.3080727,0.5165067,-9.794737,0,0,40.45649,1,1,1000,1000
684624,31:35.4,IMU,446564636,0,0.006488175,0.005628717,0.001884902,-0.3075877,0.5170519,-9.808121,0,0,40.4571,1,1,1000,1000
684678,31:35.4,IMU,446604620,0,0.006146585,0.005959253,0.00198465,-0.3072262,0.515578,-9.804474,0,0,40.45771,1,1,1000,1000
684776,31:35.5,IMU,446644604,0,0.004369587,0.006329689,0.00220699,-0.3072306,0.5146129,-9.798501,0,0,40.45831,1,1,1000,1000
684828,31:35.5,IMU,446684588,0,0.003082906,0.005939657,0.002405068,-0.3064532,0.5133902,-9.798544,0,0,40.45892,1,1,1000,1000
684880,31:35.5,IMU,446725405,0,0.004524981,0.004795435,0.002468345,-0.3055781,0.5118352,-9.79625,0,0,40.45954,1,1,1000,1000
684979,31:35.6,IMU,446765389,0,0.003918032,0.002621625,0.002250686,-0.3042031,0.5111042,-9.801128,0,0,40.46014,1,1,1000,1000
685033,31:35.6,IMU,446805373,0,0.005867583,0.002033131,0.002101419,-0.3046033,0.5106573,-9.801662,0,0,40.46075,1,1,1000,1000
685131,31:35.7,IMU,446845357,0,0.005320669,0.001352732,0.00196093,-0.3043729,0.5102044,-9.797727,0,0,40.46135,1,1,1000,1000
685183,31:35.7,IMU,446885341,0,0.003266769,0.001022273,0.001954051,-0.3033755,0.5092582,-9.801048,0,0,40.46196,1,1,1000,1000
685235,31:35.7,IMU,446925325,0,0.005272787,0.002721019,0.002116359,-0.3031901,0.5086782,-9.797837,0,0,40.46256,1,1,1000,1000
685334,31:35.8,IMU,446965309,0,0.006255937,0.002565241,0.002293458,-0.3019642,0.5058789,-9.800275,0,0,40.46317,1,1,1000,1000
685388,31:35.8,IMU,447005293,0,0.007290769,0.002572748,0.002484121,-0.3023724,0.5065802,-9.800959,0,0,40.46377,1,1,1000,1000
685488,31:35.9,IMU,447045277,0,0.00536196,0.002512143,0.002724396,-0.3011501,0.506148,-9.801812,0,0,40.46438,1,1,1000,1000
685540,31:35.9,IMU,447085261,0,0.003825736,0.002489781,0.002937976,-0.3016129,0.5054794,-9.80154,0,0,40.46498,1,1,1000,1000
685592,31:35.9,IMU,447125245,0,0.001538264,0.003624022,0.003102545,-0.3003018,0.5026003,-9.805614,0,0,40.46559,1,1,1000,1000
685691,31:36.0,IMU,447165229,0,0.004184615,0.003478673,0.002904196,-0.3004746,0.5034364,-9.804125,0,0,40.46618,1,1,1000,1000
685745,31:36.0,IMU,447205213,0,0.003626675,0.003000657,0.002569682,-0.2995523,0.5006281,-9.801765,0,0,40.46678,1,1,999,999
685843,31:36.1,IMU,447245197,0,0.003602561,0.003427081,0.002310755,-0.2988546,0.501292,-9.800942,0,0,40.46738,1,1,999,999
685894,31:36.1,IMU,447285181,0,0.003451178,0.002254535,0.00205078,-0.2977868,0.5002874,-9.802988,0,0,40.46799,1,1,999,999
685947,31:36.1,IMU,447325165,0,0.003375287,0.002771141,0.001896486,-0.2990384,0.4984261,-9.800558,0,0,40.46859,1,1,999,999
686046,31:36.2,IMU,447365149,0,0.003541132,0.003855669,0.001841998,-0.297999,0.4976195,-9.798364,0,0,40.4692,1,1,999,999
686101,31:36.2,IMU,447405133,0,0.005087756,0.004316815,0.001864745,-0.2962321,0.4974174,-9.796992,0,0,40.4698,1,1,999,999
686201,31:36.3,IMU,447445117,0,0.005738659,0.004086851,0.002008417,-0.2967747,0.4969082,-9.801962,0,0,40.47041,1,1,999,999
686255,31:36.3,IMU,447485101,0,0.006008822,0.003670851,0.002267895,-0.2950866,0.4949137,-9.805095,0,0,40.47101,1,1,999,999
686308,31:36.3,IMU,447525085,0,0.006834982,0.004712488,0.002396881,-0.2950671,0.4939058,-9.806782,0,0,40.47161,1,1,999,999
686410,31:36.4,IMU,447565069,0,0.006608555,0.005419155,0.002328995,-0.2945217,0.4924141,-9.799228,0,0,40.47222,1,1,999,999
686464,31:36.4,IMU,447605053,0,0.006400599,0.003417674,0.002324094,-0.293581,0.493013,-9.795734,0,0,40.47284,1,1,999,999
686562,31:36.5,IMU,447645037,0,0.005634638,0.003539062,0.002324275,-0.2938671,0.4921031,-9.799685,0,0,40.47344,1,1,999,999
686614,31:36.5,IMU,447685021,0,0.00452271,0.001557774,0.002378525,-0.2930389,0.4910348,-9.809863,0,0,40.47404,1,1,999,999
686666,31:36.5,IMU,447725005,0,0.006513995,0.002255132,0.002394418,-0.2933533,0.489951,-9.803621,0,0,40.47465,1,1,999,999
686765,31:36.6,IMU,447764989,0,0.005555114,0.002717963,0.002267513,-0.2925024,0.4882976,-9.798709,0,0,40.47523,1,1,999,999
686819,31:36.6,IMU,447804973,0,0.005301516,0.003224015,0.002049491,-0.2920071,0.4876895,-9.800554,0,0,40.47584,1,1,999,999
686917,31:36.7,IMU,447844957,0,0.005027207,0.002521558,0.001777368,-0.2916375,0.4864117,-9.801294,0,0,40.47644,1,1,999,999
686968,31:36.7,IMU,447884941,0,0.004841872,0.002381316,0.001669043,-0.2911728,0.4853116,-9.802403,0,0,40.47704,1,1,999,999
687021,31:36.7,IMU,447924925,0,0.004627818,0.003753695,0.001628393,-0.2896019,0.4841087,-9.797178,0,0,40.47765,1,1,999,999
687120,31:36.8,IMU,447964909,0,0.004707762,0.00354486,0.001676328,-0.2899917,0.4841467,-9.800997,0,0,40.47825,1,1,999,999
687174,31:36.8,IMU,448004893,0,0.006385362,0.003424122,0.001974054,-0.2885403,0.483193,-9.806884,0,0,40.47886,1,1,999,999
687274,31:36.9,IMU,448044877,0,0.006950662,0.003308893,0.002279311,-0.2883362,0.4823915,-9.804868,0,0,40.47946,1,1,999,999
687326,31:36.9,IMU,448084861,0,0.006086127,0.003294556,0.002524043,-0.2876827,0.4815738,-9.801883,0,0,40.48006,1,1,999,999
687378,31:36.9,IMU,448124845,0,0.003513525,0.003173396,0.002579222,-0.2882012,0.4799668,-9.798311,0,0,40.48066,1,1,999,999
687477,31:37.0,IMU,448164829,0,0.004836725,0.003107957,0.002573191,-0.2863753,0.4792509,-9.801855,0,0,40.48127,1,1,999,999
687531,31:37.0,IMU,448204813,0,0.00602666,0.003003806,0.002349206,-0.2860555,0.4778669,-9.805266,0,0,40.48186,1,1,1000,1000
687629,31:37.1,IMU,448244797,0,0.005735532,0.001871576,0.002220617,-0.2854087,0.4770263,-9.802238,0,0,40.48247,1,1,1000,1000
687680,31:37.1,IMU,448284781,0,0.005421868,-0.000993871,0.002007039,-0.2852263,0.4762438,-9.804012,0,0,40.48307,1,1,1000,1000
687733,31:37.1,IMU,448324765,0,0.005190979,0.001511455,0.002033883,-0.284856,0.4748238,-9.798907,0,0,40.48367,1,1,1000,1000
687832,31:37.2,IMU,448364749,0,0.004959355,0.001410009,0.002059145,-0.2845829,0.4745585,-9.79948,0,0,40.48428,1,1,1000,1000
687886,31:37.2,IMU,448404733,0,0.00570098,0.001517531,0.00205526,-0.2840182,0.473605,-9.799721,0,0,40.48488,1,1,1000,1000
687987,31:37.3,IMU,448444717,0,0.004606992,0.001551701,0.002066863,-0.2832489,0.4717134,-9.801672,0,0,40.48548,1,1,1000,1000
688041,31:37.3,IMU,448484701,0,0.00289272,0.001614763,0.002290596,-0.2829597,0.4711849,-9.804888,0,0,40.48608,1,1,1000,1000
688096,31:37.3,IMU,448524685,0,0.004063142,0.001608118,0.002493293,-0.282573,0.4698239,-9.806719,0,0,40.48668,1,1,1000,1000
688197,31:37.4,IMU,448564669,0,0.006296556,0.001665812,0.002694007,-0.2826335,0.4691508,-9.803895,0,0,40.48729,1,1,1000,1000
688252,31:37.4,IMU,448604653,0,0.005988595,0.003048971,0.002778538,-0.2815611,0.4671744,-9.805002,0,0,40.48789,1,1,1000,1000
688350,31:37.5,IMU,448644637,0,0.00631132,0.004461111,0.002639177,-0.2808121,0.4671712,-9.8004,0,0,40.48849,1,1,1000,1000
688402,31:37.5,IMU,448684621,0,0.0057743,0.004213599,0.002632883,-0.2802451,0.4647415,-9.802298,0,0,40.48909,1,1,1000,1000
688454,31:37.5,IMU,448724605,0,0.003817124,0.004043061,0.002621052,-0.2798068,0.4649676,-9.800423,0,0,40.48969,1,1,1000,1000
688553,31:37.6,IMU,448764589,0,0.003772285,0.003853227,0.002654581,-0.2792026,0.4631148,-9.799948,0,0,40.49029,1,1,1000,1000
688607,31:37.6,IMU,448805406,0,0.00367209,0.005335353,0.00253498,-0.2796413,0.463125,-9.807368,0,0,40.49091,1,1,1000,1000
688705,31:37.7,IMU,448845390,0,0.00352072,0.004983944,0.002151417,-0.2778856,0.4619522,-9.808767,0,0,40.49151,1,1,1000,1000
688756,31:37.7,IMU,448885374,0,0.003393968,0.004340907,0.001955766,-0.2788542,0.4612093,-9.805359,0,0,40.49211,1,1,1000,1000
688809,31:37.7,IMU,448925358,0,0.003256023,0.003145598,0.00174281,-0.2775092,0.4596953,-9.80549,0,0,40.49271,1,1,1000,1000
688908,31:37.8,IMU,448965342,0,0.003225021,0.002213064,0.001569483,-0.2783663,0.4592671,-9.8045,0,0,40.49331,1,1,1000,1000
688962,31:37.8,IMU,449005326,0,0.005085245,0.004674301,0.001635793,-0.277846,0.4577422,-9.801025,0,0,40.49392,1,1,1000,1000
689062,31:37.9,IMU,449045310,0,0.004745974,0.004288633,0.001689293,-0.2762354,0.4569033,-9.801044,0,0,40.49451,1,1,1000,1000
689114,31:37.9,IMU,449085294,0,0.003766742,0.004234415,0.001793121,-0.2751005,0.4564249,-9.80668,0,0,40.49512,1,1,1000,1000
689166,31:37.9,IMU,449125278,0,0.007566602,0.003963791,0.002032164,-0.2752235,0.4549501,-9.808625,0,0,40.49572,1,1,1000,1000
689265,31:38.0,IMU,449165262,0,0.007163547,0.003872978,0.002364603,-0.2749732,0.4539643,-9.8043,0,0,40.49632,1,1,1000,1000
689319,31:38.0,IMU,449205246,0,0.007652091,0.00381106,0.002567825,-0.2750279,0.4532699,-9.80431,0,0,40.49692,1,1,999,999
689417,31:38.1,IMU,449245230,0,0.004247576,0.003604403,0.002585468,-0.2740108,0.4512806,-9.801705,0,0,40.4975,1,1,999,999
689468,31:38.1,IMU,449285214,0,0.004326962,0.003501073,0.002554736,-0.2735783,0.4509976,-9.800911,0,0,40.4981,1,1,999,999
689521,31:38.1,IMU,449325198,0,0.004139215,0.003430344,0.002526637,-0.2734718,0.4490499,-9.801756,0,0,40.4987,1,1,999,999
689620,31:38.2,IMU,449365182,0,0.00440242,0.003398895,0.00249777,-0.2721183,0.4492651,-9.803117,0,0,40.4993,1,1,999,999
689674,31:38.2,IMU,449405166,0,0.004763524,0.001950699,0.002430541,-0.2707817,0.4471856,-9.808022,0,0,40.4999,1,1,999,999
689775,31:38.3,IMU,449445150,0,0.004563211,0.002539557,0.002072295,-0.2723934,0.4469371,-9.808253,0,0,40.5005,1,1,999,999
689829,31:38.3,IMU,449485134,0,0.00431912,0.003800759,0.001893277,-0.2706886,0.44575,-9.808888,0,0,40.5011,1,1,999,999
689882,31:38.3,IMU,449525118,0,0.004227376,0.003684898,0.001811466,-0.2704375,0.4446967,-9.802992,0,0,40.5017,1,1,999,999
689983,31:38.4,IMU,449565102,0,0.004009649,0.003778512,0.001843603,-0.2689379,0.443159,-9.802241,0,0,40.5023,1,1,999,999
690038,31:38.4,IMU,449605086,0,0.004872304,0.003680348,0.00190615,-0.2698249,0.4438773,-9.802226,0,0,40.5029,1,1,999,999
690136,31:38.5,IMU,449645070,0,0.004602748,0.003519533,0.001900915,-0.2692913,0.4414605,-9.803041,0,0,40.5035,1,1,999,999
690189,31:38.5,IMU,449685054,0,0.003180583,0.003399415,0.00198216,-0.268518,0.4408189,-9.807164,0,0,40.50412,1,1,999,999
690241,31:38.5,IMU,449725038,0,0.005870696,0.003392692,0.00228395,-0.2693214,0.4400727,-9.808743,0,0,40.50471,1,1,999,999
690340,31:38.6,IMU,449765022,0,0.006739245,0.003220729,0.002334235,-0.2676996,0.438482,-9.806963,0,0,40.50531,1,1,999,999
690394,31:38.6,IMU,449805006,0,0.007112041,0.006041784,0.002428192,-0.2674351,0.438101,-9.808781,0,0,40.50591,1,1,999,999
690492,31:38.7,IMU,449844990,0,0.007121204,0.006645825,0.002433256,-0.2660002,0.4372452,-9.803437,0,0,40.5065,1,1,999,999
690543,31:38.7,IMU,449884974,0,0.006709151,0.006258301,0.002433037,-0.265073,0.4361503,-9.80378,0,0,40.5071,1,1,999,999
690595,31:38.7,IMU,449924958,0,0.006366376,0.005956113,0.002364837,-0.2653828,0.4342398,-9.80293,0,0,40.5077,1,1,999,999
690695,31:38.8,IMU,449964942,0,0.006088712,0.005613299,0.002340058,-0.2644322,0.4345666,-9.803001,0,0,40.5083,1,1,999,999
690749,31:38.8,IMU,450004926,0,0.005694996,0.005375678,0.002362505,-0.2641627,0.4320396,-9.803019,0,0,40.5089,1,1,999,999
690849,31:38.9,IMU,450044910,0,0.005202604,0.005065468,0.002411755,-0.2622009,0.4319004,-9.806535,0,0,40.50949,1,1,999,999
690900,31:38.9,IMU,450084894,0,0.003379016,0.004038578,0.002358283,-0.2623311,0.4302931,-9.803288,0,0,40.51009,1,1,999,999
690953,31:38.9,IMU,450124878,0,0.003308448,0.003844227,0.002259487,-0.2621595,0.4295887,-9.803981,0,0,40.51069,1,1,999,999
691052,31:39.0,IMU,450164862,0,0.0032989,0.003727221,0.002378069,-0.2615858,0.4284651,-9.805159,0,0,40.51129,1,1,999,999
691106,31:39.0,IMU,450204846,0,0.005004311,0.004547224,0.002346911,-0.2611276,0.4274457,-9.804179,0,0,40.51189,1,1,999,999
691204,31:39.1,IMU,450244830,0,0.004713356,0.004368209,0.002301903,-0.260643,0.4258609,-9.805184,0,0,40.51249,1,1,999,999
691255,31:39.1,IMU,450284814,0,0.004547272,0.002889801,0.002265675,-0.2596728,0.425903,-9.805904,0,0,40.51308,1,1,999,999
691308,31:39.1,IMU,450324798,0,0.004365777,0.00223326,0.002010758,-0.2595583,0.4240838,-9.808916,0,0,40.51368,1,1,999,999
691407,31:39.2,IMU,450364782,0,0.004232415,0.002561465,0.00183921,-0.2599717,0.4231938,-9.807201,0,0,40.51428,1,1,999,999
691461,31:39.2,IMU,450404766,0,0.004027664,0.003896314,0.001819198,-0.2573176,0.4224875,-9.805434,0,0,40.51488,1,1,999,999
691561,31:39.3,IMU,450444750,0,0.003941006,0.00370659,0.00184314,-0.2578341,0.421498,-9.804665,0,0,40.51548,1,1,999,999
691616,31:39.3,IMU,450484734,0,0.003741613,0.003661557,0.001921774,-0.2570797,0.4203765,-9.806021,0,0,40.51608,1,1,999,999
691669,31:39.3,IMU,450524718,0,0.003621089,0.003531638,0.001903925,-0.2562341,0.41913,-9.805384,0,0,40.51667,1,1,999,999
691770,31:39.4,IMU,450564702,0,0.003481548,0.003408847,0.001950439,-0.2557854,0.4171176,-9.80463,0,0,40.51727,1,1,999,999
691825,31:39.4,IMU,450604686,0,0.004286343,0.003265955,0.001940783,-0.2546271,0.4166117,-9.806229,0,0,40.51787,1,1,999,999
691923,31:39.5,IMU,450644670,0,0.004117224,0.003200907,0.002009651,-0.2548367,0.4148988,-9.805862,0,0,40.51847,1,1,999,999
691975,31:39.5,IMU,450684654,0,0.004057589,0.003119433,0.001937109,-0.2540258,0.4144446,-9.805258,0,0,40.51906,1,1,999,999
692027,31:39.5,IMU,450724638,0,0.003866108,0.003001737,0.002019043,-0.2527595,0.4137715,-9.806313,0,0,40.51966,1,1,999,999
692128,31:39.6,IMU,450764622,0,0.00376802,0.002954181,0.001997694,-0.252473,0.4122295,-9.805679,0,0,40.52026,1,1,999,999
692182,31:39.6,IMU,450804606,0,0.004655554,0.002978213,0.002089581,-0.2528346,0.4100038,-9.810267,0,0,40.52085,1,1,999,999
692280,31:39.7,IMU,450844590,0,0.006227284,0.002833368,0.002034449,-0.2513465,0.4100848,-9.806205,0,0,40.52145,1,1,999,999
692331,31:39.7,IMU,450885407,0,0.005867436,0.002766912,0.002101741,-0.2504782,0.4092875,-9.806314,0,0,40.52206,1,1,999,999
692383,31:39.7,IMU,450925391,0,0.005566536,0.003592232,0.002022286,-0.2501759,0.40751,-9.805754,0,0,40.52266,1,1,999,999
692482,31:39.8,IMU,450965375,0,0.005319186,0.005233718,0.002098366,-0.2501442,0.4076718,-9.811845,0,0,40.52326,1,1,999,999
692537,31:39.8,IMU,451005359,0,0.00505691,0.007064283,0.002044348,-0.249725,0.4059405,-9.806194,0,0,40.52385,1,1,999,999
692637,31:39.9,IMU,451045343,0,0.004878397,0.006682669,0.002048418,-0.2494077,0.4047431,-9.80587,0,0,40.52445,1,1,999,999
692688,31:39.9,IMU,451085327,0,0.004641979,0.006290772,0.002046076,-0.2481066,0.403837,-9.806832,0,0,40.52505,1,1,999,999
692741,31:39.9,IMU,451125311,0,0.004452925,0.005952746,0.002040784,-0.2468683,0.4040971,-9.807451,0,0,40.52565,1,1,999,999
692840,31:40.0,IMU,451165295,0,0.004254268,0.005687706,0.00203043,-0.2462257,0.4018478,-9.806509,0,0,40.52624,1,1,999,999
692894,31:40.0,IMU,451205279,0,0.004117457,0.005363943,0.002054986,-0.2464786,0.4017302,-9.807947,0,0,40.52684,1,1,1000,1000
692992,31:40.1,IMU,451245263,0,0.003911709,0.00609732,0.002103324,-0.2454382,0.3993488,-9.807106,0,0,40.52744,1,1,1000,1000
693043,31:40.1,IMU,451285247,0,0.003826284,0.005734109,0.002129086,-0.2447138,0.3992819,-9.807093,0,0,40.52803,1,1,1000,1000
693096,31:40.1,IMU,451325231,0,0.003682254,0.005472684,0.002033752,-0.2445635,0.3967538,-9.808006,0,0,40.52861,1,1,1000,1000
693195,31:40.2,IMU,451365215,0,0.003594209,0.005219872,0.002105129,-0.2438523,0.3966875,-9.808611,0,0,40.52921,1,1,1000,1000
693249,31:40.2,IMU,451405199,0,0.003442029,0.005897305,0.002138933,-0.2425163,0.3957468,-9.804193,0,0,40.5298,1,1,1000,1000
693349,31:40.3,IMU,451445183,0,0.003338433,0.007510445,0.002161725,-0.2420756,0.3943182,-9.808272,0,0,40.5304,1,1,1000,1000
693404,31:40.3,IMU,451485167,0,0.003267359,0.007011693,0.00220719,-0.2413301,0.3935428,-9.808,0,0,40.53099,1,1,1000,1000
693457,31:40.3,IMU,451525151,0,0.003153416,0.006666634,0.002159526,-0.2401253,0.3931796,-9.807736,0,0,40.53159,1,1,1000,1000
693558,31:40.4,IMU,451565135,0,0.003084471,0.006384268,0.002141278,-0.2392103,0.3918793,-9.808679,0,0,40.53219,1,1,1000,1000
693612,31:40.4,IMU,451605119,0,0.003012486,0.006043899,0.002189001,-0.2393795,0.3902661,-9.807904,0,0,40.53278,1,1,1000,1000
693711,31:40.5,IMU,451645103,0,0.002971842,0.005704541,0.00215698,-0.2377268,0.3896984,-9.808825,0,0,40.53338,1,1,1000,1000
693763,31:40.5,IMU,451685087,0,0.002861107,0.005453916,0.002136917,-0.2377433,0.3890256,-9.808506,0,0,40.53397,1,1,1000,1000
693815,31:40.5,IMU,451725071,0,0.002800493,0.003167563,0.002157304,-0.2366036,0.3875524,-9.805988,0,0,40.53457,1,1,1000,1000
693914,31:40.6,IMU,451765055,0,0.003348276,0.003208002,0.002264553,-0.2344477,0.3863432,-9.80718,0,0,40.53518,1,1,1000,1000
693968,31:40.6,IMU,451805039,0,0.005501637,0.003125492,0.002177983,-0.2338503,0.386159,-9.809132,0,0,40.53577,1,1,1000,1000
694066,31:40.7,IMU,451845023,0,0.005193639,0.003006282,0.002101298,-0.2339456,0.3849695,-9.808882,0,0,40.53637,1,1,1000,1000
694117,31:40.7,IMU,451885007,0,0.00487275,0.002946849,0.002190816,-0.2337781,0.3827293,-9.80905,0,0,40.53696,1,1,1000,1000
694169,31:40.7,IMU,451924991,0,0.004697135,0.000861079,0.002132814,-0.2317193,0.3827353,-9.804551,0,0,40.53754,1,1,1000,1000
694268,31:40.8,IMU,451964975,0,0.004510991,0.001178718,0.002209981,-0.2313525,0.3817806,-9.80874,0,0,40.53814,1,1,1000,1000
694323,31:40.8,IMU,452004959,0,0.005260699,0.00124537,0.002183963,-0.2301888,0.3802653,-9.808922,0,0,40.53873,1,1,1000,1000
694423,31:40.9,IMU,452044943,0,0.005003919,0.001315331,0.00213064,-0.2308925,0.3794184,-9.809662,0,0,40.53933,1,1,1000,1000
694474,31:40.9,IMU,452084927,0,0.00479449,0.001390934,0.002184569,-0.2280868,0.3775945,-9.810034,0,0,40.53992,1,1,1000,1000
694527,31:40.9,IMU,452124911,0,0.007112405,0.001429832,0.002102414,-0.2282655,0.3770854,-9.807028,0,0,40.54052,1,1,1000,1000
694626,31:41.0,IMU,452164895,0,0.007016255,0.001479566,0.002085104,-0.2277194,0.3776437,-9.810124,0,0,40.54111,1,1,1000,1000
694680,31:41.0,IMU,452204879,0,0.008598655,0.001503352,0.002021416,-0.2287347,0.3762458,-9.810541,0,0,40.54171,1,1,999,999
694778,31:41.1,IMU,452244863,0,0.007947616,-5.3e-05,0.002088225,-0.2259698,0.3737242,-9.803886,0,0,40.5423,1,1,999,999
694829,31:41.1,IMU,452284847,0,0.007500438,-8.28e-05,0.002423111,-0.2246756,0.3725096,-9.804369,0,0,40.5429,1,1,999,999
694882,31:41.1,IMU,452324831,0,0.007101345,0.001211184,0.002570089,-0.2264966,0.3723573,-9.806941,0,0,40.54349,1,1,999,999
694981,31:41.2,IMU,452364815,0,0.006774025,0.003678886,0.002711305,-0.2240692,0.3710085,-9.809299,0,0,40.54409,1,1,999,999
695035,31:41.2,IMU,452404799,0,0.006351601,0.003481255,0.002643264,-0.2245116,0.370883,-9.811221,0,0,40.54468,1,1,999,999
695135,31:41.3,IMU,452444783,0,0.005999411,0.003343722,0.002587437,-0.2228531,0.3683176,-9.80981,0,0,40.54527,1,1,999,999
695190,31:41.3,IMU,452484767,0,0.005183788,0.003246225,0.002549711,-0.2228169,0.3689208,-9.80801,0,0,40.54587,1,1,999,999
695244,31:41.3,IMU,452524751,0,0.003465924,0.003169004,0.002289386,-0.223035,0.3675284,-9.804716,0,0,40.54646,1,1,999,999
695347,31:41.4,IMU,452564735,0,0.00649033,0.003062793,0.002062635,-0.2210031,0.3657441,-9.810609,0,0,40.54705,1,1,999,999
695401,31:41.4,IMU,452604719,0,0.006024008,0.003010818,0.002117786,-0.221736,0.3643002,-9.810466,0,0,40.54765,1,1,999,999
695500,31:41.5,IMU,452644703,0,0.005793815,0.002939842,0.002155134,-0.2205356,0.3637789,-9.810699,0,0,40.54824,1,1,999,999
695552,31:41.5,IMU,452684687,0,0.005469192,0.001860748,0.002112757,-0.2193037,0.3626201,-9.807699,0,0,40.54884,1,1,999,999
695604,31:41.5,IMU,452724671,0,0.00523479,0.000975802,0.002149671,-0.2190484,0.3613802,-9.811415,0,0,40.54943,1,1,999,999
695703,31:41.6,IMU,452764655,0,0.003447311,0.001173485,0.002092786,-0.2188475,0.3612672,-9.810148,0,0,40.55002,1,1,999,999
695757,31:41.6,IMU,452804639,0,0.002884191,0.002001993,0.001925468,-0.217685,0.3574552,-9.804456,0,0,40.55062,1,1,999,999
695855,31:41.7,IMU,452844623,0,0.003328888,0.00307495,0.00179052,-0.2159146,0.3567136,-9.807676,0,0,40.55121,1,1,999,999
695906,31:41.7,IMU,452884607,0,0.003595025,0.002960041,0.001679293,-0.2156697,0.3565539,-9.807625,0,0,40.5518,1,1,999,999
695958,31:41.7,IMU,452924591,0,0.003431351,0.002918205,0.001651339,-0.2155932,0.3553808,-9.811239,0,0,40.55239,1,1,999,999
696057,31:41.8,IMU,452965408,0,0.003357672,0.002811806,0.001677737,-0.2157431,0.3544209,-9.811848,0,0,40.55301,1,1,999,999
696111,31:41.8,IMU,453005392,0,0.00327202,0.002244776,0.001847787,-0.2152341,0.3519149,-9.806202,0,0,40.5536,1,1,999,999
696212,31:41.9,IMU,453045376,0,0.003213482,0.002329058,0.002083212,-0.2128936,0.3515876,-9.807296,0,0,40.55419,1,1,999,999
696263,31:41.9,IMU,453085360,0,0.003117357,0.0030657,0.002366387,-0.2132318,0.3511109,-9.807974,0,0,40.55478,1,1,999,999
696315,31:41.9,IMU,453125344,0,0.003005085,0.004387272,0.002399619,-0.2134008,0.3494266,-9.812184,0,0,40.55537,1,1,999,999
696415,31:42.0,IMU,453165328,0,0.002924028,0.004163938,0.002382775,-0.2117137,0.3488074,-9.81304,0,0,40.55597,1,1,999,999
696469,31:42.0,IMU,453205312,0,0.004268706,0.00398189,0.002277785,-0.2109811,0.346005,-9.811834,0,0,40.55656,1,1,1000,1000
696567,31:42.1,IMU,453245296,0,0.006509362,0.003876953,0.002261369,-0.2107499,0.3464397,-9.812825,0,0,40.55715,1,1,1000,1000
696618,31:42.1,IMU,453285280,0,0.006106978,0.003710681,0.002207093,-0.2091363,0.344367,-9.812422,0,0,40.55775,1,1,1000,1000
696671,31:42.1,IMU,453325264,0,0.005728542,0.003542965,0.002250144,-0.2084685,0.344739,-9.812844,0,0,40.55834,1,1,1000,1000
696770,31:42.2,IMU,453365248,0,0.005774929,0.00395372,0.002277825,-0.2087802,0.343426,-9.807081,0,0,40.55893,1,1,1000,1000
696824,31:42.2,IMU,453405232,0,0.00714476,0.003683842,0.00253118,-0.2080518,0.3412926,-9.805821,0,0,40.55951,1,1,1000,1000
696924,31:42.3,IMU,453445216,0,0.006320179,0.004967036,0.00249111,-0.2067634,0.3414092,-9.805048,0,0,40.5601,1,1,1000,1000
696978,31:42.3,IMU,453485200,0,0.005258227,0.002927135,0.002577668,-0.206522,0.3395647,-9.813821,0,0,40.56069,1,1,1000,1000
697030,31:42.3,IMU,453525184,0,0.005062562,0.002861438,0.002468579,-0.2057993,0.338121,-9.813523,0,0,40.56128,1,1,1000,1000
697133,31:42.4,IMU,453565168,0,0.00458788,0.004785817,0.002354167,-0.2053429,0.3372703,-9.80618,0,0,40.56187,1,1,1000,1000
697187,31:42.4,IMU,453605152,0,0.00470171,0.004442039,0.002050229,-0.2046266,0.3345976,-9.810095,0,0,40.56247,1,1,1000,1000
697286,31:42.5,IMU,453645136,0,0.00602809,0.004275947,0.001814369,-0.2039528,0.3346478,-9.809157,0,0,40.56306,1,1,1000,1000
697338,31:42.5,IMU,453685120,0,0.005436392,0.004104252,0.001677076,-0.2038909,0.3326202,-9.80873,0,0,40.56365,1,1,1000,1000
697390,31:42.5,IMU,453725104,0,0.0061625,0.004005304,0.001576846,-0.2030794,0.3328332,-9.811493,0,0,40.56424,1,1,1000,1000
697489,31:42.6,IMU,453765088,0,0.004347374,0.004715848,0.001695187,-0.2017186,0.3316161,-9.81377,0,0,40.56483,1,1,1000,1000
697543,31:42.6,IMU,453805072,0,0.005054515,0.00461797,0.001771498,-0.2009812,0.3299471,-9.805823,0,0,40.56542,1,1,1000,1000
697641,31:42.7,IMU,453845056,0,0.00481445,0.003584755,0.002112702,-0.2001343,0.328528,-9.807912,0,0,40.56603,1,1,1000,1000
697692,31:42.7,IMU,453885040,0,0.004608963,0.003148784,0.002325885,-0.1998695,0.3279856,-9.811611,0,0,40.56662,1,1,1000,1000
697744,31:42.7,IMU,453925024,0,0.004459187,0.004304246,0.002493106,-0.1999003,0.3268742,-9.809879,0,0,40.56721,1,1,1000,1000
697843,31:42.8,IMU,453965008,0,0.004229201,0.004619416,0.002620833,-0.198747,0.3260087,-9.815327,0,0,40.5678,1,1,1000,1000
697898,31:42.8,IMU,454004992,0,0.005833481,0.004362861,0.002456406,-0.1988114,0.324407,-9.813921,0,0,40.56838,1,1,1000,1000
697999,31:42.9,IMU,454044976,0,0.00571612,0.004238571,0.002388961,-0.1968567,0.3228398,-9.81496,0,0,40.56897,1,1,1000,1000
698050,31:42.9,IMU,454084960,0,0.00499878,0.003987463,0.002296253,-0.1968161,0.3221778,-9.808884,0,0,40.56956,1,1,1000,1000
698102,31:42.9,IMU,454124944,0,0.005787089,0.003905834,0.002018781,-0.1959133,0.3197185,-9.807934,0,0,40.57015,1,1,1000,1000
698202,31:43.0,IMU,454164928,0,0.006068701,0.00376054,0.001698996,-0.1943215,0.3198363,-9.80962,0,0,40.57074,1,1,1000,1000
698256,31:43.0,IMU,454204912,0,0.006869983,0.004241162,0.001541613,-0.1937156,0.3179936,-9.80951,0,0,40.57133,1,1,999,999
698354,31:43.1,IMU,454244896,0,0.006346405,0.005283577,0.001417638,-0.1938658,0.3168935,-9.812038,0,0,40.57192,1,1,999,999
698405,31:43.1,IMU,454284880,0,0.004297502,0.003361904,0.001452092,-0.1935419,0.3160188,-9.810818,0,0,40.57251,1,1,999,999
698458,31:43.1,IMU,454324864,0,0.004264086,0.002475153,0.001836432,-0.1930925,0.3135297,-9.808203,0,0,40.5731,1,1,999,999
698557,31:43.2,IMU,454364848,0,0.004099017,0.002685864,0.002106781,-0.1908177,0.312656,-9.809078,0,0,40.57369,1,1,999,999
698611,31:43.2,IMU,454404832,0,0.003923734,0.002977009,0.002413186,-0.1910926,0.312503,-9.810391,0,0,40.57428,1,1,999,999
698711,31:43.3,IMU,454444816,0,0.003778924,0.002666099,0.002615386,-0.1906651,0.3113236,-9.81053,0,0,40.57487,1,1,999,999
698765,31:43.3,IMU,454484800,0,0.003687119,0.002830255,0.002793145,-0.190202,0.3100605,-9.812436,0,0,40.57546,1,1,999,999
698817,31:43.3,IMU,454524784,0,0.003638175,0.005121759,0.002814411,-0.1880049,0.3078656,-9.814693,0,0,40.57605,1,1,999,999
698920,31:43.4,IMU,454564768,0,0.00534508,0.004533813,0.002828328,-0.1874379,0.3069566,-9.814582,0,0,40.57664,1,1,999,999
698974,31:43.4,IMU,454604752,0,0.006137864,0.004697991,0.002710892,-0.1866016,0.3055406,-9.810786,0,0,40.57723,1,1,999,999
699072,31:43.5,IMU,454644736,0,0.005249614,0.004454279,0.002280253,-0.1867609,0.3046556,-9.809084,0,0,40.57782,1,1,999,999
699125,31:43.5,IMU,454684720,0,0.003889973,0.004355055,0.002054743,-0.1861199,0.3038503,-9.810488,0,0,40.57841,1,1,999,999
699177,31:43.5,IMU,454724704,0,0.004056183,0.004178155,0.001788896,-0.185295,0.3019892,-9.811743,0,0,40.579,1,1,999,999
699276,31:43.6,IMU,454764688,0,0.00418881,0.003897347,0.001524585,-0.1842967,0.3012846,-9.813034,0,0,40.57959,1,1,999,999
699330,31:43.6,IMU,454804672,0,0.006088059,0.003830286,0.001416758,-0.1831149,0.3002404,-9.812263,0,0,40.58018,1,1,999,999
699428,31:43.7,IMU,454844656,0,0.006459393,0.00197856,0.001255121,-0.1826129,0.2987449,-9.807749,0,0,40.58077,1,1,999,999
699479,31:43.7,IMU,454884640,0,0.004561645,7.980849e-05,0.00153439,-0.1813778,0.2978718,-9.808527,0,0,40.58136,1,1,999,999
699531,31:43.7,IMU,454924624,0,0.004425254,0.000763512,0.001911967,-0.1803729,0.2960985,-9.809655,0,0,40.58195,1,1,999,999
699630,31:43.8,IMU,454964608,0,0.004330242,0.002070131,0.002166694,-0.1799981,0.2963357,-9.81195,0,0,40.58254,1,1,999,999
699684,31:43.8,IMU,455004592,0,0.004118635,0.004135745,0.002444207,-0.1799389,0.2941214,-9.810949,0,0,40.58313,1,1,999,999
699784,31:43.9,IMU,455045409,0,0.005483996,0.005201248,0.002671353,-0.178156,0.2934611,-9.810006,0,0,40.58373,1,1,999,999
699836,31:43.9,IMU,455085393,0,0.005560088,0.003999534,0.002798738,-0.178434,0.2909247,-9.813504,0,0,40.58432,1,1,999,999
699888,31:43.9,IMU,455125377,0,0.005265267,0.004004374,0.002799007,-0.1775072,0.289207,-9.816167,0,0,40.58491,1,1,999,999
699988,31:44.0,IMU,455165361,0,0.0055485,0.003710026,0.002744245,-0.1767822,0.2876537,-9.811881,0,0,40.58549,1,1,999,999
700042,31:44.0,IMU,455205345,0,0.005127161,0.003589254,0.002329894,-0.1755544,0.2874722,-9.809811,0,0,40.58608,1,1,999,999
700140,31:44.1,IMU,455245329,0,0.004509347,0.003441051,0.001982439,-0.1758184,0.2858943,-9.810095,0,0,40.58667,1,1,999,999
700191,31:44.1,IMU,455285313,0,0.0038647,0.003341773,0.001716389,-0.1737386,0.2854144,-9.811687,0,0,40.58726,1,1,999,999
700244,31:44.1,IMU,455325297,0,0.004189867,0.003311199,0.001523747,-0.1742566,0.2831351,-9.814131,0,0,40.58785,1,1,999,999
700343,31:44.2,IMU,455365281,0,0.005962514,0.003152969,0.00144488,-0.1730217,0.2826208,-9.817041,0,0,40.58844,1,1,999,999
700397,31:44.2,IMU,455405265,0,0.006647866,0.003193998,0.001502075,-0.171649,0.2811149,-9.81038,0,0,40.58903,1,1,999,999
700497,31:44.3,IMU,455445249,0,0.006557042,0.002764952,0.001927673,-0.1713726,0.2788512,-9.81251,0,0,40.58961,1,1,999,999
700551,31:44.3,IMU,455485233,0,0.006109924,0.002575801,0.00221775,-0.1707621,0.2776836,-9.811387,0,0,40.59019,1,1,999,999
700603,31:44.3,IMU,455525217,0,0.004950082,0.002868954,0.002454952,-0.1694072,0.2769234,-9.81277,0,0,40.59077,1,1,999,999
700705,31:44.4,IMU,455565201,0,0.005792332,0.004341468,0.002670789,-0.1692598,0.275401,-9.811394,0,0,40.59136,1,1,999,999
700760,31:44.4,IMU,455605185,0,0.006317814,0.005698421,0.00266309,-0.1676813,0.2736725,-9.805248,0,0,40.59195,1,1,999,999
700858,31:44.5,IMU,455645169,0,0.006402485,0.006403281,0.002562527,-0.1677727,0.2728895,-9.812271,0,0,40.59254,1,1,999,999
700911,31:44.5,IMU,455685153,0,0.005495404,0.003550778,0.002292431,-0.1654382,0.2715509,-9.814283,0,0,40.59312,1,1,999,999
700963,31:44.5,IMU,455725137,0,0.004613185,0.0035525,0.002028983,-0.1656124,0.2697194,-9.813066,0,0,40.59371,1,1,999,999
701064,31:44.6,IMU,455765121,0,0.003719222,0.003435049,0.001709343,-0.1656132,0.2682538,-9.812551,0,0,40.5943,1,1,999,999
701118,31:44.6,IMU,455805105,0,0.004158765,0.004931624,0.001575931,-0.1640531,0.2676521,-9.809679,0,0,40.59489,1,1,999,999
701216,31:44.7,IMU,455845089,0,0.004430405,0.004963173,0.001347854,-0.163382,0.2660885,-9.81411,0,0,40.59547,1,1,999,999
701267,31:44.7,IMU,455885073,0,0.002717852,0.003816312,0.001186803,-0.1626316,0.2648456,-9.808701,0,0,40.59606,1,1,999,999
701319,31:44.7,IMU,455925057,0,0.003631321,0.003866762,0.001415674,-0.1616833,0.2641624,-9.809402,0,0,40.59666,1,1,999,999
701418,31:44.8,IMU,455965041,0,0.00437174,0.003864645,0.001625775,-0.1602384,0.262479,-9.8133,0,0,40.59725,1,1,999,999
701472,31:44.8,IMU,456005025,0,0.004135283,0.003767185,0.001959948,-0.1609472,0.259905,-9.81149,0,0,40.59784,1,1,999,999
701572,31:44.9,IMU,456045009,0,0.003979315,0.003460218,0.00230507,-0.1596593,0.25946,-9.81578,0,0,40.59843,1,1,999,999
701624,31:44.9,IMU,456084993,0,0.003869509,0.003294468,0.00251654,-0.1589929,0.2579152,-9.814042,0,0,40.599,1,1,999,999
701676,31:44.9,IMU,456124977,0,0.00471679,0.003125614,0.002688175,-0.1584857,0.2565263,-9.810825,0,0,40.59959,1,1,999,999
701775,31:45.0,IMU,456164961,0,0.005802008,0.001420537,0.00276108,-0.1576049,0.2549399,-9.812749,0,0,40.60017,1,1,999,999
701830,31:45.0,IMU,456204945,0,0.005916167,0.003341998,0.002726295,-0.156896,0.2529344,-9.814189,0,0,40.60076,1,1,1000,1000
701928,31:45.1,IMU,456244929,0,0.006090821,0.004096767,0.002505472,-0.1555323,0.2534054,-9.815613,0,0,40.60135,1,1,1000,1000
701979,31:45.1,IMU,456284913,0,0.005392676,0.003916849,0.00220334,-0.1547909,0.2504699,-9.814729,0,0,40.60193,1,1,1000,1000
702031,31:45.1,IMU,456324897,0,0.005052025,0.003780859,0.001937737,-0.1541068,0.2488624,-9.815175,0,0,40.60252,1,1,1000,1000
702131,31:45.2,IMU,456364881,0,0.006288607,0.003666135,0.001750013,-0.1533855,0.2470958,-9.813444,0,0,40.6031,1,1,1000,1000
702185,31:45.2,IMU,456404865,0,0.00750247,0.003528796,0.00142906,-0.1507745,0.2461606,-9.814304,0,0,40.60369,1,1,1000,1000
702285,31:45.3,IMU,456444849,0,0.007760745,0.002738799,0.001450704,-0.1510126,0.2459145,-9.809718,0,0,40.60427,1,1,1000,1000
702339,31:45.3,IMU,456484833,0,0.004300443,0.002679547,0.001735531,-0.1504612,0.2448658,-9.816936,0,0,40.60486,1,1,1000,1000
702391,31:45.3,IMU,456524817,0,0.00441848,0.00283684,0.001966268,-0.1490065,0.2411498,-9.813599,0,0,40.60545,1,1,1000,1000
702495,31:45.4,IMU,456564801,0,0.005767875,0.002624179,0.002205356,-0.1479997,0.2397407,-9.814063,0,0,40.60603,1,1,1000,1000
702550,31:45.4,IMU,456604785,0,0.006163417,0.002650042,0.002476316,-0.1479983,0.2391872,-9.813318,0,0,40.60662,1,1,1000,1000
702648,31:45.5,IMU,456644769,0,0.00644688,0.003763648,0.002627267,-0.1475704,0.2371028,-9.813776,0,0,40.6072,1,1,1000,1000
702701,31:45.5,IMU,456684753,0,0.007269444,0.003428689,0.002676221,-0.1460359,0.2365716,-9.811145,0,0,40.60779,1,1,1000,1000
702753,31:45.5,IMU,456724737,0,0.007608539,0.004302439,0.002600391,-0.1447159,0.2354851,-9.813329,0,0,40.60838,1,1,1000,1000
702852,31:45.6,IMU,456764721,0,0.006985867,0.002955843,0.002265692,-0.1448512,0.2341994,-9.815169,0,0,40.60896,1,1,1000,1000
702906,31:45.6,IMU,456804705,0,0.0067957,0.004675963,0.002069912,-0.1435074,0.231749,-9.811928,0,0,40.60955,1,1,1000,1000
703004,31:45.7,IMU,456844689,0,0.00587727,0.004545089,0.001810344,-0.1433056,0.2307065,-9.811558,0,0,40.61013,1,1,1000,1000
703055,31:45.7,IMU,456884673,0,0.004068475,0.003950814,0.001710632,-0.1408023,0.2291283,-9.808289,0,0,40.61072,1,1,1000,1000
703107,31:45.7,IMU,456924657,0,0.003514978,0.003166832,0.001733438,-0.1413249,0.2273232,-9.812111,0,0,40.61131,1,1,1000,1000
703206,31:45.8,IMU,456964641,0,0.004690505,0.003077112,0.001753422,-0.1403559,0.2248119,-9.814869,0,0,40.61189,1,1,1000,1000
703260,31:45.8,IMU,457004625,0,0.006137306,0.003795573,0.001809055,-0.1388259,0.2239189,-9.815133,0,0,40.61247,1,1,1000,1000
703360,31:45.9,IMU,457044609,0,0.006460899,0.003741886,0.001829841,-0.1372319,0.2234356,-9.812294,0,0,40.61306,1,1,1000,1000
703411,31:45.9,IMU,457084593,0,0.006590281,0.003842247,0.001938245,-0.1375121,0.2214676,-9.813046,0,0,40.61364,1,1,1000,1000
703464,31:45.9,IMU,457125410,0,0.004018574,0.003876766,0.002092318,-0.1355666,0.2187983,-9.81965,0,0,40.61424,1,1,1000,1000
703563,31:46.0,IMU,457165394,0,0.006194901,0.004535675,0.002256888,-0.1353426,0.217263,-9.814827,0,0,40.61483,1,1,1000,1000
703618,31:46.0,IMU,457205378,0,0.007960746,0.005223793,0.00241724,-0.1329116,0.2184049,-9.815249,0,0,40.61541,1,1,999,999
703716,31:46.1,IMU,457245362,0,0.009144356,0.00498595,0.002391741,-0.1317066,0.2137401,-9.810307,0,0,40.616,1,1,999,999
703767,31:46.1,IMU,457285346,0,0.00785936,0.005322634,0.002342073,-0.1311612,0.2138156,-9.813471,0,0,40.61658,1,1,999,999
703819,31:46.1,IMU,457325330,0,0.007874675,0.006175115,0.002152712,-0.1310235,0.2120175,-9.814215,0,0,40.61716,1,1,999,999
703919,31:46.2,IMU,457365314,0,0.008485003,0.005235098,0.001994608,-0.1297265,0.2099308,-9.818704,0,0,40.61775,1,1,999,999
703973,31:46.2,IMU,457405298,0,0.009164187,0.005244144,0.001699336,-0.1295273,0.2086674,-9.815975,0,0,40.61834,1,1,999,999
704073,31:46.3,IMU,457445282,0,0.007867986,0.004968096,0.001423591,-0.1288464,0.2063479,-9.816609,0,0,40.61892,1,1,999,999
704127,31:46.3,IMU,457485266,0,0.006625504,0.003663519,0.001442678,-0.1270854,0.2052885,-9.808134,0,0,40.6195,1,1,999,999
704179,31:46.3,IMU,457525250,0,0.006289704,0.003087131,0.00154857,-0.1259298,0.2025419,-9.81035,0,0,40.62009,1,1,999,999
704281,31:46.4,IMU,457565234,0,0.005457143,0.003312553,0.001718722,-0.12532,0.2013169,-9.813578,0,0,40.62067,1,1,999,999
704335,31:46.4,IMU,457605218,0,0.007351387,0.003991924,0.002008397,-0.1242667,0.200484,-9.818727,0,0,40.62124,1,1,999,999
704434,31:46.5,IMU,457645202,0,0.005900393,0.003524739,0.002302834,-0.1238323,0.1976675,-9.814425,0,0,40.62182,1,1,999,999
704486,31:46.5,IMU,457685186,0,0.005120409,0.003912953,0.002444206,-0.1215216,0.1969183,-9.809649,0,0,40.62241,1,1,999,999
704539,31:46.5,IMU,457725170,0,0.006250667,0.004386619,0.002336965,-0.121099,0.1950872,-9.809038,0,0,40.62299,1,1,999,999
704638,31:46.6,IMU,457765154,0,0.006465689,0.004977661,0.002359625,-0.1213755,0.1924687,-9.811482,0,0,40.62357,1,1,999,999
704692,31:46.6,IMU,457805138,0,0.007646688,0.006052406,0.002299674,-0.1182109,0.1901092,-9.811658,0,0,40.62416,1,1,999,999
704790,31:46.7,IMU,457845122,0,0.008012406,0.006528272,0.002330279,-0.1181215,0.1893795,-9.811016,0,0,40.62474,1,1,999,999
704841,31:46.7,IMU,457885106,0,0.008002662,0.005870508,0.002226182,-0.1176033,0.1881361,-9.811735,0,0,40.62532,1,1,999,999
704893,31:46.7,IMU,457925090,0,0.006907744,0.005883713,0.002222426,-0.1162846,0.1863624,-9.812693,0,0,40.62591,1,1,999,999
704992,31:46.8,IMU,457965074,0,0.006041163,0.005551707,0.002194122,-0.1146012,0.1844712,-9.813637,0,0,40.62649,1,1,999,999
705046,31:46.8,IMU,458005058,0,0.006891996,0.006356278,0.002069933,-0.11353,0.1825406,-9.812147,0,0,40.62709,1,1,999,999
705146,31:46.9,IMU,458045042,0,0.006631315,0.006301165,0.002032201,-0.1124252,0.1793245,-9.81461,0,0,40.62767,1,1,999,999
705197,31:46.9,IMU,458085026,0,0.00438695,0.005103463,0.002086642,-0.1107059,0.1784576,-9.81606,0,0,40.62825,1,1,999,999
705249,31:46.9,IMU,458125010,0,0.003671933,0.004997296,0.00198655,-0.1119224,0.1772489,-9.813322,0,0,40.62884,1,1,999,999
705349,31:47.0,IMU,458164994,0,0.005026226,0.005088544,0.001963145,-0.1092708,0.1742236,-9.816042,0,0,40.62941,1,1,999,999
705404,31:47.0,IMU,458204978,0,0.005535272,0.004977401,0.002021106,-0.1065245,0.1728218,-9.814886,0,0,40.62999,1,1,1000,1000
705502,31:47.1,IMU,458244962,0,0.005572658,0.004049654,0.001999482,-0.1066681,0.1700496,-9.814317,0,0,40.63057,1,1,1000,1000
705553,31:47.1,IMU,458284946,0,0.005661628,0.003809068,0.001945775,-0.105857,0.168073,-9.813419,0,0,40.63115,1,1,1000,1000
705606,31:47.1,IMU,458324930,0,0.005123105,0.003589914,0.001946821,-0.1042356,0.1673149,-9.81365,0,0,40.63174,1,1,1000,1000
705706,31:47.2,IMU,458364914,0,0.007252431,0.004370361,0.001921041,-0.102111,0.164882,-9.814806,0,0,40.63232,1,1,1000,1000
705760,31:47.2,IMU,458404898,0,0.008891977,0.004143574,0.001943577,-0.1014376,0.1635627,-9.814341,0,0,40.6329,1,1,1000,1000
705860,31:47.3,IMU,458444882,0,0.009083172,0.003635413,0.002064957,-0.1009143,0.16184,-9.814277,0,0,40.63348,1,1,1000,1000
705914,31:47.3,IMU,458484866,0,0.008153303,0.002824558,0.002145829,-0.1002042,0.1592699,-9.816711,0,0,40.63406,1,1,1000,1000
705966,31:47.3,IMU,458524850,0,0.008426236,0.002644414,0.002085509,-0.09849621,0.1564362,-9.817371,0,0,40.63465,1,1,1000,1000
706068,31:47.4,IMU,458564834,0,0.008116413,0.002805843,0.002085377,-0.09710637,0.1547596,-9.814689,0,0,40.63523,1,1,1000,1000
706122,31:47.4,IMU,458604818,0,0.007969908,0.003535441,0.002086067,-0.09532769,0.1516994,-9.814068,0,0,40.63581,1,1,1000,1000
706221,31:47.5,IMU,458644802,0,0.008211188,0.002883983,0.002150449,-0.09493584,0.1504496,-9.814601,0,0,40.63639,1,1,1000,1000
706273,31:47.5,IMU,458684786,0,0.007138858,0.002750708,0.002062993,-0.09307881,0.1484656,-9.816675,0,0,40.63697,1,1,1000,1000
706326,31:47.5,IMU,458724770,0,0.006855097,0.002630856,0.002002082,-0.09195763,0.1463596,-9.815937,0,0,40.63756,1,1,1000,1000
706425,31:47.6,IMU,458764754,0,0.00579326,0.0033354,0.002051557,-0.08945926,0.1452269,-9.815637,0,0,40.63814,1,1,1000,1000
706479,31:47.6,IMU,458804738,0,0.006809296,0.004549671,0.00199358,-0.09023605,0.1432704,-9.816452,0,0,40.63872,1,1,1000,1000
706577,31:47.7,IMU,458844722,0,0.004535677,0.004548597,0.002072248,-0.08832011,0.1392274,-9.814382,0,0,40.6393,1,1,1000,1000
706628,31:47.7,IMU,458884706,0,0.004201618,0.004167488,0.001980137,-0.08546052,0.1376396,-9.817847,0,0,40.63988,1,1,1000,1000
706680,31:47.7,IMU,458924690,0,0.004878643,0.004521742,0.00195676,-0.085741,0.1348595,-9.814764,0,0,40.64046,1,1,1000,1000
706779,31:47.8,IMU,458964674,0,0.005024035,0.005869227,0.002001814,-0.08495557,0.133917,-9.814917,0,0,40.64104,1,1,1000,1000
706833,31:47.8,IMU,459004658,0,0.005993496,0.007027646,0.00195055,-0.08173951,0.1314016,-9.816216,0,0,40.64163,1,1,1000,1000
706933,31:47.9,IMU,459044642,0,0.007617009,0.006346044,0.002011957,-0.08095932,0.1287449,-9.814445,0,0,40.64221,1,1,1000,1000
706984,31:47.9,IMU,459084626,0,0.007703785,0.005722453,0.001983799,-0.07964597,0.1266026,-9.818777,0,0,40.64279,1,1,1000,1000
707036,31:47.9,IMU,459124610,0,0.007970219,0.00522439,0.001892203,-0.07850983,0.1239853,-9.817142,0,0,40.64337,1,1,1000,1000
707136,31:48.0,IMU,459164594,0,0.009520868,0.005322718,0.001974869,-0.07691094,0.1209879,-9.814463,0,0,40.64395,1,1,1000,1000
707190,31:48.0,IMU,459204578,0,0.01041924,0.005362053,0.002064059,-0.07550826,0.1182707,-9.815593,0,0,40.64453,1,1,999,999
707289,31:48.1,IMU,459245395,0,0.01048769,0.00499412,0.002066489,-0.07373938,0.1166982,-9.817039,0,0,40.64513,1,1,999,999
707340,31:48.1,IMU,459285379,0,0.01022882,0.004014232,0.002012963,-0.07287181,0.1130832,-9.817438,0,0,40.64571,1,1,999,999
707392,31:48.1,IMU,459325363,0,0.01031569,0.004497359,0.002110453,-0.07132131,0.1114916,-9.817513,0,0,40.64629,1,1,999,999
707492,31:48.2,IMU,459365347,0,0.01073263,0.005190607,0.002065355,-0.06919777,0.1084354,-9.81694,0,0,40.64687,1,1,999,999
707546,31:48.2,IMU,459405331,0,0.01207658,0.005944142,0.002057418,-0.06658418,0.104166,-9.817781,0,0,40.64745,1,1,999,999
707646,31:48.3,IMU,459445315,0,0.01135715,0.00481711,0.002117873,-0.06572197,0.1028762,-9.816699,0,0,40.64803,1,1,999,999
707700,31:48.3,IMU,459485299,0,0.01095244,0.003034556,0.002134347,-0.0627988,0.0997735,-9.818209,0,0,40.64861,1,1,999,999
707752,31:48.3,IMU,459525283,0,0.0102686,0.002731841,0.002141118,-0.06205615,0.09760489,-9.81813,0,0,40.64919,1,1,999,999
707854,31:48.4,IMU,459565267,0,0.01095619,0.003374409,0.002078637,-0.06107653,0.09410165,-9.818099,0,0,40.64977,1,1,999,999
707908,31:48.4,IMU,459605251,0,0.01052101,0.004577009,0.002169877,-0.05817965,0.09047714,-9.81634,0,0,40.65035,1,1,999,999
708006,31:48.5,IMU,459645235,0,0.0100819,0.005205514,0.002101935,-0.05627474,0.08800223,-9.81531,0,0,40.65093,1,1,999,999
708060,31:48.5,IMU,459685219,0,0.06410035,0.04805748,0.002279624,-0.1484365,0.2248054,-13.29802,0,0,40.65149,1,1,999,999
708114,31:48.5,IMU,459725203,0,0.06173689,0.0451386,0.002204929,-0.1295991,0.1989262,-14.40155,0,0,40.65207,1,1,999,999
708213,31:48.6,IMU,459765187,0,0.04167577,0.03069423,0.002167277,-0.07681122,0.1170898,-13.51567,0,0,40.65265,1,1,999,999
708267,31:48.6,IMU,459805171,0,0.02852919,0.02120789,0.00216568,-0.03902035,0.05828573,-12.4579,0,0,40.65323,1,1,999,999
708365,31:48.7,IMU,459845155,0,0.01970555,0.01487416,0.00206362,-0.01248778,0.01884945,-11.40584,0,0,40.65381,1,1,999,999
708416,31:48.7,IMU,459885139,0,0.0138502,0.01055884,0.002059842,0.001721873,-0.004456724,-10.49469,0,0,40.65439,1,1,999,999
708468,31:48.7,IMU,459925123,0,0.009994213,0.007778741,0.002036232,0.007415398,-0.0161473,-9.796655,0,0,40.65497,1,1,999,999
708567,31:48.8,IMU,459965107,0,0.007338217,0.005859376,0.002021354,0.00868779,-0.01939473,-9.330752,0,0,40.65555,1,1,999,999
708622,31:48.8,IMU,460005091,0,0.005571372,0.004635875,0.002096278,0.00755538,-0.01877013,-9.084208,0,0,40.65613,1,1,999,999
708722,31:48.9,IMU,460045075,0,0.004347401,0.003743132,0.002009492,0.006252293,-0.01423728,-9.01334,0,0,40.65671,1,1,999,999
708773,31:48.9,IMU,460085059,0,0.003620623,0.003214426,0.00203942,0.004064072,-0.009373445,-9.071947,0,0,40.6573,1,1,999,999
708825,31:48.9,IMU,460125043,0,0.003031985,0.002806362,0.002030743,0.002862256,-0.007636841,-9.207885,0,0,40.65788,1,1,999,999
708924,31:49.0,IMU,460165027,0,0.002730618,0.002526056,0.002043942,0.000754835,-0.00469418,-9.379266,0,0,40.65846,1,1,999,999
708979,31:49.0,IMU,460205011,0,0.002466104,0.002378328,0.002027826,0.000999477,-0.005103313,-9.550488,0,0,40.65904,1,1,999,999
709079,31:49.1,IMU,460244995,0,0.002287977,0.002245897,0.002050002,0.005786035,-0.01050906,-9.701076,0,0,40.6596,1,1,999,999
709132,31:49.1,IMU,460284979,0,0.002178823,0.00212053,0.002046228,1.630705e-05,-0.001941839,-9.815912,0,0,40.66018,1,1,999,999
709186,31:49.1,IMU,460324963,0,0.002138667,0.002058082,0.002010183,-0.004572881,0.00364694,-9.893349,0,0,40.66076,1,1,999,999
709288,31:49.2,IMU,460364947,0,0.00208107,0.002069956,0.002042748,-0.006973634,0.006782581,-9.935918,0,0,40.66134,1,1,999,999
709344,31:49.2,IMU,460404931,0,0.002088372,0.002031858,0.002085397,-0.0070018,0.007459091,-9.948335,0,0,40.66192,1,1,999,999
709447,31:49.3,IMU,460444915,0,0.002050077,0.002074088,0.001996168,-0.006481132,0.008406335,-9.938749,0,0,40.6625,1,1,999,999
709503,31:49.3,IMU,460484899,0,0.002050662,0.002060989,0.00202193,-0.005970795,0.006922825,-9.918849,0,0,40.66307,1,1,999,999
709557,31:49.3,IMU,460524883,0,0.002024268,0.001997892,0.00206329,-0.00489036,0.005511591,-9.889595,0,0,40.66365,1,1,999,999
709661,31:49.4,IMU,460564867,0,0.002020054,0.002010147,0.002046753,-0.00436703,0.003450266,-9.862746,0,0,40.66423,1,1,999,999
709719,31:49.4,IMU,460604851,0,0.002041384,0.002004472,0.00202412,-0.002450717,0.00030873,-9.837945,0,0,40.66481,1,1,999,999
709819,31:49.5,IMU,460644835,0,0.001979973,0.002002095,0.002018343,-0.001282196,-0.001085005,-9.818035,0,0,40.66539,1,1,999,999
709873,31:49.5,IMU,460684819,0,0.001909837,0.002045932,0.002043807,-0.001304145,-0.00158354,-9.805823,0,0,40.66597,1,1,999,999
709929,31:49.5,IMU,460724803,0,0.002002827,0.002022112,0.002018743,-3.76e-05,-0.002736718,-9.798201,0,0,40.66654,1,1,999,999
710030,31:49.6,IMU,460764787,0,0.001994446,0.001929047,0.002029798,0.000135986,-0.002442104,-9.796295,0,0,40.66712,1,1,999,999
710086,31:49.6,IMU,460804771,0,0.001956265,0.002042448,0.002036792,0.000791534,-0.004207441,-9.799327,0,0,40.6677,1,1,999,999
710188,31:49.7,IMU,460844755,0,0.001906005,0.001991291,0.002048708,-8.47e-05,-0.001962247,-9.801094,0,0,40.66828,1,1,999,999
710241,31:49.7,IMU,460884739,0,0.00198419,0.001991764,0.002049434,-0.000434012,-0.00283752,-9.804466,0,0,40.66885,1,1,999,999
710295,31:49.7,IMU,460924723,0,0.001987392,0.002001967,0.00202614,-0.00017401,-0.002159777,-9.81107,0,0,40.66943,1,1,999,999
710396,31:49.8,IMU,460964707,0,0.001954549,0.001940122,0.002005074,-0.001262372,-0.001292903,-9.813278,0,0,40.67001,1,1,999,999
710452,31:49.8,IMU,461004691,0,0.001977518,0.001983392,0.002018458,-0.001886591,-0.000593235,-9.818081,0,0,40.67059,1,1,999,999
710554,31:49.9,IMU,461044675,0,0.001981291,0.001949171,0.001988234,-0.000519798,-0.000485929,-9.818091,0,0,40.67116,1,1,999,999
710607,31:49.9,IMU,461084659,0,0.001990314,0.002014347,0.00202243,-0.001158994,-0.00076672,-9.82011,0,0,40.67174,1,1,999,999
710661,31:49.9,IMU,461124643,0,0.001994984,0.001998902,0.002026139,-0.00195121,0.000393164,-9.821035,0,0,40.67232,1,1,999,999
710762,31:50.0,IMU,461164627,0,0.001904621,0.001996516,0.002026337,-0.000341308,-0.000950494,-9.820807,0,0,40.67289,1,1,999,999
710819,31:50.0,IMU,461204611,0,0.001981047,0.002009507,0.002062439,-0.00151434,-0.000252062,-9.819496,0,0,40.67347,1,1,1000,1000
710924,31:50.1,IMU,461244595,0,0.002012237,0.001942978,0.001976702,0.000444082,-0.001362315,-9.820258,0,0,40.67405,1,1,1000,1000
710976,31:50.1,IMU,461284579,0,0.00201203,0.001954825,0.002013428,0.000879869,-0.003235887,-9.819025,0,0,40.67463,1,1,1000,1000
711028,31:50.1,IMU,461325396,0,0.001928806,0.001929774,0.002070594,-0.00017863,-0.001723831,-9.817121,0,0,40.67522,1,1,1000,1000
711128,31:50.2,IMU,461365380,0,0.00200925,0.001959143,0.002057664,-2.98e-05,-0.001401979,-9.817784,0,0,40.67579,1,1,1000,1000
711182,31:50.2,IMU,461405364,0,0.001965418,0.001996868,0.002005166,-0.000306615,-0.000974482,-9.81722,0,0,40.67637,1,1,1000,1000
711282,31:50.3,IMU,461445348,0,0.001959629,0.001964627,0.001987535,-0.002352018,-0.001586545,-9.818598,0,0,40.67694,1,1,1000,1000
711336,31:50.3,IMU,461485332,0,0.001963299,0.001960877,0.002004981,-0.002048509,3.062281e-05,-9.816138,0,0,40.67752,1,1,1000,1000
711388,31:50.3,IMU,461525316,0,0.001936729,0.002012091,0.001959144,-0.001935467,0.000353914,-9.817461,0,0,40.6781,1,1,1000,1000
711490,31:50.4,IMU,461565300,0,0.002018364,0.001946747,0.001986983,-0.000954077,0.000238023,-9.81742,0,0,40.67867,1,1,1000,1000
711544,31:50.4,IMU,461605284,0,0.001978641,0.001958631,0.002001028,-0.001654963,0.000723347,-9.817443,0,0,40.67925,1,1,1000,1000
711642,31:50.5,IMU,461645268,0,0.001947895,0.001994109,0.002044513,-0.000868854,-0.000544231,-9.817604,0,0,40.67982,1,1,1000,1000
711694,31:50.5,IMU,461685252,0,0.001991485,0.001951365,0.002036232,-0.001428449,0.000201777,-9.816719,0,0,40.6804,1,1,1000,1000
711747,31:50.5,IMU,461725236,0,0.00196459,0.002009205,0.002022594,-0.000664472,-5.48e-05,-9.818289,0,0,40.68098,1,1,1000,1000
711852,31:50.6,IMU,461765220,0,0.001890859,0.00196463,0.002032583,-0.000529764,-0.002093017,-9.8172,0,0,40.68154,1,1,1000,1000
711906,31:50.6,IMU,461805204,0,0.002031252,0.001919055,0.001995878,-5.97e-05,-0.001539169,-9.817812,0,0,40.68211,1,1,1000,1000
711997,31:50.7,IMU,461845188,0,0.001962716,0.002027633,0.002009609,-0.001308235,-0.000870921,-9.817238,0,0,40.68269,1,1,1000,1000
712048,31:50.7,IMU,461885172,0,0.002052335,0.001968967,0.001977697,-0.001040839,-0.001937208,-9.816279,0,0,40.68327,1,1,1000,1000
712100,31:50.7,IMU,461925156,0,0.001926184,0.00199906,0.0020055,-0.001188228,-0.000733573,-9.818002,0,0,40.68384,1,1,1000,1000
712192,31:50.8,IMU,461965140,0,0.002029358,0.002006437,0.002100002,-0.000813643,-0.000768009,-9.818125,0,0,40.68442,1,1,1000,1000
712246,31:50.8,IMU,462005124,0,0.001938963,0.001968976,0.002052392,-0.000363967,-0.000805124,-9.817544,0,0,40.68499,1,1,1000,1000
712339,31:50.9,IMU,462045108,0,0.00194893,0.002048284,0.002052132,-0.000494137,-0.001097957,-9.8169,0,0,40.68557,1,1,1000,1000
712390,31:50.9,IMU,462085092,0,0.001953836,0.001952604,0.001971315,-0.001872695,-0.001320512,-9.817444,0,0,40.68614,1,1,1000,1000
712442,31:50.9,IMU,462125076,0,0.001889379,0.001983694,0.001952976,-0.001268356,-0.001284852,-9.818336,0,0,40.68672,1,1,1000,1000
712534,31:51.0,IMU,462165060,0,0.001981424,0.001977871,0.002048276,-0.001572623,-0.001568963,-9.816347,0,0,40.68731,1,1,1000,1000
712588,31:51.0,IMU,462205044,0,0.001977709,0.00194213,0.001996567,-0.002054697,-0.000823748,-9.817012,0,0,40.68788,1,1,999,999
712681,31:51.1,IMU,462245028,0,0.00197548,0.001991455,0.002006571,4.70852e-05,-0.000895955,-9.817476,0,0,40.68846,1,1,999,999
712732,31:51.1,IMU,462285012,0,0.001982639,0.001946321,0.001915468,-0.001194914,-0.00037477,-9.817487,0,0,40.68903,1,1,999,999
712784,31:51.1,IMU,462324996,0,0.001891974,0.001937699,0.002026566,-0.000827654,-0.000594162,-9.818437,0,0,40.68959,1,1,999,999
712877,31:51.2,IMU,462364980,0,0.001983879,0.001977754,0.001974106,-0.001682871,-0.001038298,-9.817993,0,0,40.69017,1,1,999,999
712931,31:51.2,IMU,462404964,0,0.001873046,0.001942059,0.001985926,-0.001014078,-0.002706274,-9.817222,0,0,40.69074,1,1,999,999
713024,31:51.3,IMU,462444948,0,0.001975059,0.001932643,0.001998761,-0.001766827,-0.000840392,-9.816212,0,0,40.69132,1,1,999,999
713079,31:51.3,IMU,462484932,0,0.001952703,0.001913581,0.001961084,-0.001044425,-0.001231057,-9.817044,0,0,40.69189,1,1,999,999
713131,31:51.3,IMU,462524916,0,0.001990547,0.001987492,0.001986393,-0.000972696,-0.00167607,-9.817289,0,0,40.69247,1,1,999,999
713226,31:51.4,IMU,462564900,0,0.001992828,0.001963448,0.001997989,-0.001661514,-0.000573818,-9.818093,0,0,40.69304,1,1,999,999
713280,31:51.4,IMU,462604884,0,0.001966253,0.001945655,0.001981173,-0.001770574,-0.001039135,-9.818489,0,0,40.69361,1,1,999,999
713371,31:51.5,IMU,462644868,0,0.0019899,0.001930963,0.002060312,-0.000938357,-0.000266262,-9.817049,0,0,40.69419,1,1,999,999
713422,31:51.5,IMU,462684852,0,0.001935024,0.001913607,0.001952529,-0.000664626,-0.000351895,-9.817703,0,0,40.69476,1,1,999,999
713475,31:51.5,IMU,462724836,0,0.002000109,0.00198104,0.001998014,-0.001398993,-0.000816645,-9.817818,0,0,40.69534,1,1,999,999
713569,31:51.6,IMU,462764820,0,0.001943744,0.001915693,0.001970249,-0.001194081,-0.001129858,-9.817779,0,0,40.69591,1,1,999,999
713623,31:51.6,IMU,462804804,0,0.001956281,0.001960404,0.002008537,-0.000645072,0.000184266,-9.81806,0,0,40.69648,1,1,999,999
713714,31:51.7,IMU,462844788,0,0.001952263,0.002012647,0.001930673,-0.000303313,-0.000322188,-9.81721,0,0,40.69706,1,1,999,999
713765,31:51.7,IMU,462884772,0,0.001893832,0.001950813,0.002031512,-0.001116694,-0.000602486,-9.817008,0,0,40.69763,1,1,999,999
713817,31:51.7,IMU,462924756,0,0.001949046,0.001992816,0.001950438,-0.001132813,-1.98e-05,-9.817125,0,0,40.6982,1,1,999,999
713909,31:51.8,IMU,462964740,0,0.001962159,0.001988155,0.001982592,-0.001391506,-0.000589187,-9.817234,0,0,40.69878,1,1,999,999
713963,31:51.8,IMU,463004724,0,0.00198984,0.001985729,0.001972965,-0.001017244,-0.00110703,-9.8171,0,0,40.69935,1,1,999,999
714056,31:51.9,IMU,463044708,0,0.001961892,0.001964625,0.001997699,-0.000844308,-0.000877617,-9.817499,0,0,40.69992,1,1,999,999
714107,31:51.9,IMU,463084692,0,0.001963939,0.001946671,0.001981405,-0.001603635,-0.000685171,-9.818234,0,0,40.7005,1,1,999,999
714159,31:51.9,IMU,463124676,0,0.001955603,0.001922238,0.001986136,-0.001294459,-0.00059476,-9.818674,0,0,40.70107,1,1,999,999
714251,31:52.0,IMU,463164660,0,0.001968655,0.001974321,0.002019158,-0.001391966,-0.001708342,-9.817343,0,0,40.70164,1,1,999,999
714305,31:52.0,IMU,463204644,0,0.001986311,0.001966848,0.001949582,-0.000946569,-0.00050688,-9.817739,0,0,40.70222,1,1,1000,1000
714397,31:52.1,IMU,463244628,0,0.001931169,0.002003461,0.00203676,-0.000564965,0.000328457,-9.816053,0,0,40.70279,1,1,1000,1000
714449,31:52.1,IMU,463284612,0,0.001951832,0.001992509,0.002012071,-0.001855771,-0.001170933,-9.817732,0,0,40.70337,1,1,1000,1000
714501,31:52.1,IMU,463324596,0,0.001974129,0.00193627,0.001964775,-0.000415989,-0.000757338,-9.8174,0,0,40.70394,1,1,1000,1000
714594,31:52.2,IMU,463364580,0,0.001998234,0.00200236,0.001994817,-0.00056031,-3.11e-05,-9.817307,0,0,40.70451,1,1,1000,1000
714648,31:52.2,IMU,463405397,0,0.001922972,0.002033653,0.001993496,-0.00129191,-0.00015588,-9.816766,0,0,40.7051,1,1,1000,1000
714741,31:52.3,IMU,463445381,0,0.001941123,0.001971615,0.001981815,-0.001008562,-0.000349807,-9.818119,0,0,40.70567,1,1,1000,1000
714795,31:52.3,IMU,463485365,0,0.001926586,0.001961538,0.001988531,-0.001162017,-0.000805595,-9.818192,0,0,40.70624,1,1,1000,1000
714847,31:52.3,IMU,463525349,0,0.00195409,0.002016006,0.002036092,-0.003041451,-0.00117604,-9.817597,0,0,40.70681,1,1,1000,1000
714942,31:52.4,IMU,463565333,0,0.00191088,0.00193932,0.002043783,-0.002046186,-0.00088226,-9.817533,0,0,40.70739,1,1,1000,1000
714996,31:52.4,IMU,463605317,0,0.002023804,0.001941878,0.002030069,-0.001827173,-0.001613899,-9.817103,0,0,40.70796,1,1,1000,1000
715087,31:52.5,IMU,463645301,0,0.001913373,0.001915142,0.001988719,-0.001221794,-0.000347211,-9.81659,0,0,40.70853,1,1,1000,1000
715138,31:52.5,IMU,463685285,0,0.001957821,0.001935374,0.001937135,-0.001610359,-0.000698767,-9.816656,0,0,40.7091,1,1,1000,1000
715191,31:52.5,IMU,463725269,0,0.001979851,0.001988185,0.002020703,-0.001612509,-0.001263964,-9.817163,0,0,40.70967,1,1,1000,1000
715285,31:52.6,IMU,463765253,0,0.001975147,0.001955319,0.001963352,-0.002085674,0.00037946,-9.817135,0,0,40.71025,1,1,1000,1000
715339,31:52.6,IMU,463805237,0,0.002012859,0.001942351,0.00198452,-0.001533276,8.315258e-05,-9.818399,0,0,40.71082,1,1,1000,1000
715430,31:52.7,IMU,463845221,0,0.001872985,0.001919649,0.002069876,-0.001222984,-0.000941474,-9.817443,0,0,40.71138,1,1,1000,1000
715481,31:52.7,IMU,463885205,0,0.001923221,0.001978036,0.001983497,-0.000886315,-0.001759244,-9.816685,0,0,40.71195,1,1,1000,1000
715533,31:52.7,IMU,463925189,0,0.001853261,0.0020521,0.00199304,-0.000955509,-0.001830226,-9.817593,0,0,40.71252,1,1,1000,1000
715625,31:52.8,IMU,463965173,0,0.001894287,0.001931492,0.001966096,-0.000433307,-0.001765633,-9.816315,0,0,40.71309,1,1,1000,1000
715679,31:52.8,IMU,464005157,0,0.001945701,0.001983914,0.001920957,-0.001992987,-0.002162549,-9.817766,0,0,40.71367,1,1,1000,1000
715772,31:52.9,IMU,464045141,0,0.001926265,0.001892598,0.001968611,0.000595999,-0.000818285,-9.817749,0,0,40.71424,1,1,1000,1000
715823,31:52.9,IMU,464085125,0,0.001956516,0.002071512,0.001967688,-0.001727483,-0.001570371,-9.817181,0,0,40.71481,1,1,1000,1000
715875,31:52.9,IMU,464125109,0,0.00192078,0.001912749,0.002069366,-0.001393361,-0.001368319,-9.817127,0,0,40.71538,1,1,1000,1000
715967,31:53.0,IMU,464165093,0,0.001946663,0.002010879,0.002040618,-0.000622172,-0.000705208,-9.816779,0,0,40.71595,1,1,1000,1000
716021,31:53.0,IMU,464205077,0,0.001918315,0.002025446,0.001972478,-0.000415903,-0.001273222,-9.817675,0,0,40.71652,1,1,999,999
716112,31:53.1,IMU,464245061,0,0.001914522,0.00196488,0.001942066,-0.000108281,-0.0023884,-9.817393,0,0,40.71711,1,1,999,999
716165,31:53.1,IMU,464285045,0,0.001913063,0.001911174,0.001977912,-0.000311601,-0.000441318,-9.817452,0,0,40.71768,1,1,999,999
716217,31:53.1,IMU,464325029,0,0.001893901,0.00197453,0.001942771,-0.000338071,-0.000945428,-9.818166,0,0,40.71825,1,1,999,999
716310,31:53.2,IMU,464365013,0,0.001923199,0.001862261,0.001982317,-0.001400294,-0.00177391,-9.817364,0,0,40.71882,1,1,999,999
716364,31:53.2,IMU,464404997,0,0.002012508,0.002000762,0.001995581,-0.000835999,-0.001061547,-9.818811,0,0,40.71938,1,1,999,999
716457,31:53.3,IMU,464444981,0,0.001879157,0.001962799,0.002088025,-0.000541506,-0.000689541,-9.817406,0,0,40.71995,1,1,999,999
716511,31:53.3,IMU,464484965,0,0.001930671,0.001940072,0.002058326,-0.00097523,-0.000260009,-9.817485,0,0,40.72052,1,1,999,999
716563,31:53.3,IMU,464524949,0,0.001911514,0.001905478,0.001945783,-0.000238773,-0.001293753,-9.817703,0,0,40.72109,1,1,999,999
716658,31:53.4,IMU,464564933,0,0.001979382,0.001985023,0.001980961,-0.001196947,-0.001491239,-9.818058,0,0,40.72166,1,1,999,999
716714,31:53.4,IMU,464604917,0,0.001883779,0.001939838,0.00188349,-0.000912132,-0.0005023,-9.817631,0,0,40.72223,1,1,999,999
716805,31:53.5,IMU,464644901,0,0.001946115,0.001937469,0.001983474,-0.000686347,-0.001297173,-9.81815,0,0,40.7228,1,1,999,999
716856,31:53.5,IMU,464684885,0,0.001913226,0.001959936,0.001943571,-0.001723824,-0.001673184,-9.817,0,0,40.72337,1,1,999,999
716909,31:53.5,IMU,464724869,0,0.001809551,0.001935593,0.001976005,-0.000884712,-0.000510884,-9.817542,0,0,40.72394,1,1,999,999
717002,31:53.6,IMU,464764853,0,0.001944794,0.001959953,0.00196747,-0.002597174,-0.002303831,-9.817464,0,0,40.72451,1,1,999,999
717057,31:53.6,IMU,464804837,0,0.001874687,0.001937437,0.002006219,-0.001382744,-0.000269122,-9.817524,0,0,40.72508,1,1,999,999
717148,31:53.7,IMU,464844821,0,0.002002309,0.001889062,0.001951442,-0.000740691,-0.001386831,-9.818693,0,0,40.72565,1,1,999,999
717199,31:53.7,IMU,464884805,0,0.002016727,0.001956782,0.001886094,-0.000396715,-0.002245613,-9.81827,0,0,40.72622,1,1,999,999
717251,31:53.7,IMU,464924789,0,0.001906871,0.001908067,0.002002942,-0.001971311,-0.000907487,-9.818481,0,0,40.72679,1,1,999,999
717343,31:53.8,IMU,464964773,0,0.001880797,0.001928756,0.001903411,-0.000194855,-0.00201163,-9.818568,0,0,40.72736,1,1,999,999
717397,31:53.8,IMU,465004757,0,0.001849863,0.00193345,0.001986593,-0.001133899,-0.000432551,-9.817074,0,0,40.72793,1,1,999,999
717490,31:53.9,IMU,465044741,0,0.001914786,0.001966323,0.0019897,-0.001182696,-0.001121264,-9.817954,0,0,40.7285,1,1,999,999
717541,31:53.9,IMU,465084725,0,0.001933352,0.002010395,0.001954442,-0.001053293,-0.001286285,-9.817734,0,0,40.72907,1,1,999,999
717593,31:53.9,IMU,465124709,0,0.001929914,0.00190785,0.00204258,-0.000797214,-0.002304181,-9.817888,0,0,40.72964,1,1,999,999
717685,31:54.0,IMU,465164693,0,0.001969437,0.001867138,0.001978667,0.000666689,-0.000707556,-9.817256,0,0,40.73021,1,1,999,999
717739,31:54.0,IMU,465204677,0,0.001969365,0.001884715,0.001933622,-0.001350522,-0.000955102,-9.817163,0,0,40.73077,1,1,999,999
717830,31:54.1,IMU,465244661,0,0.001917194,0.001891569,0.001979747,-0.001945383,-0.001299179,-9.817701,0,0,40.73135,1,1,999,999
717882,31:54.1,IMU,465284645,0,0.001897903,0.001969077,0.001889754,-0.00098168,-0.001244335,-9.817312,0,0,40.73191,1,1,999,999
717935,31:54.1,IMU,465324629,0,0.001922551,0.001983941,0.001972059,-0.001499731,-0.001280087,-9.817156,0,0,40.73248,1,1,999,999
718028,31:54.2,IMU,465364613,0,0.001956674,0.001916038,0.001964656,-0.000451698,-0.000559681,-9.818153,0,0,40.73305,1,1,999,999
718082,31:54.2,IMU,465404597,0,0.001896155,0.002001637,0.001928577,-0.001845307,-0.001019417,-9.817829,0,0,40.73362,1,1,999,999
718175,31:54.3,IMU,465444581,0,0.001908878,0.001958217,0.00198637,1.92731e-05,-0.001110162,-9.816561,0,0,40.73419,1,1,999,999
718229,31:54.3,IMU,465485398,0,0.001934488,0.001968044,0.001952121,-0.000897857,-0.000798025,-9.817106,0,0,40.73477,1,1,999,999
718281,31:54.3,IMU,465525382,0,0.001883701,0.001941858,0.001997432,-0.000778959,-0.000766223,-9.817835,0,0,40.73534,1,1,999,999
718376,31:54.4,IMU,465565366,0,0.001925406,0.001990844,0.001919188,-0.000840975,-7.95e-05,-9.818508,0,0,40.73591,1,1,999,999
718430,31:54.4,IMU,465605350,0,0.001853804,0.00196462,0.001971816,-0.000629615,-0.00065724,-9.817834,0,0,40.73648,1,1,999,999
718521,31:54.5,IMU,465645334,0,0.001899007,0.001956435,0.001936052,-0.001127251,-0.003017278,-9.816831,0,0,40.73705,1,1,999,999
718572,31:54.5,IMU,465685318,0,0.001834854,0.001909586,0.001925597,-0.001273093,-0.000842219,-9.817567,0,0,40.73761,1,1,999,999
718625,31:54.5,IMU,465725302,0,0.001915041,0.001968477,0.002007348,0.000147649,-0.00137084,-9.816926,0,0,40.73818,1,1,999,999
718717,31:54.6,IMU,465765286,0,0.001938471,0.001915956,0.001943287,-0.00134681,-0.000810555,-9.81768,0,0,40.73875,1,1,999,999
718772,31:54.6,IMU,465805270,0,0.001927777,0.001920797,0.001977095,-0.001207816,-0.001649435,-9.817836,0,0,40.73932,1,1,999,999
718866,31:54.7,IMU,465845254,0,0.001899576,0.002010677,0.001819937,-0.001524439,5.809655e-06,-9.817016,0,0,40.73989,1,1,999,999
718917,31:54.7,IMU,465885238,0,0.00183326,0.001999778,0.001952274,-0.00025284,-0.001973953,-9.817701,0,0,40.74046,1,1,999,999
718969,31:54.7,IMU,465925222,0,0.001978497,0.001916439,0.00189026,-0.000649826,-0.001509044,-9.8171,0,0,40.74101,1,1,999,999
719061,31:54.8,IMU,465965206,0,0.001915536,0.001815117,0.001898009,-0.00058442,-0.001156756,-9.818213,0,0,40.74158,1,1,999,999
719115,31:54.8,IMU,466005190,0,0.001887181,0.001987831,0.001947735,-0.000278379,-0.001207403,-9.816929,0,0,40.74215,1,1,999,999
719208,31:54.9,IMU,466045174,0,0.001919247,0.00190694,0.001860565,-0.000984103,-0.000583231,-9.817522,0,0,40.74271,1,1,999,999
719259,31:54.9,IMU,466085158,0,0.001876439,0.001902716,0.001954988,-0.00121409,-0.000737962,-9.817615,0,0,40.74328,1,1,999,999
719311,31:54.9,IMU,466125142,0,0.001881193,0.001879612,0.001905944,-0.001499247,-0.001603307,-9.817762,0,0,40.74385,1,1,999,999
719403,31:55.0,IMU,466165126,0,0.001926197,0.001910392,0.001980619,-0.00134066,-0.001136813,-9.818405,0,0,40.74442,1,1,999,999
719457,31:55.0,IMU,466205110,0,0.001886854,0.00187131,0.0019514,-0.000510968,-0.00124565,-9.817922,0,0,40.74498,1,1,1000,1000
719548,31:55.1,IMU,466245094,0,0.001953892,0.001973481,0.001981353,-0.001436873,-0.000877277,-9.817739,0,0,40.74555,1,1,1000,1000
719599,31:55.1,IMU,466285078,0,0.001894819,0.001914056,0.001914913,-0.000391516,-0.001047975,-9.818353,0,0,40.74612,1,1,1000,1000
719653,31:55.1,IMU,466325062,0,0.001774912,0.001907254,0.001962444,-0.00104081,-0.001758663,-9.817356,0,0,40.7467,1,1,1000,1000
719746,31:55.2,IMU,466365046,0,0.001911705,0.001941302,0.001910662,-0.001750525,-0.000663531,-9.817021,0,0,40.74726,1,1,1000,1000
719800,31:55.2,IMU,466405030,0,0.001903678,0.001906476,0.002035649,-0.001282795,-0.000502405,-9.817801,0,0,40.74783,1,1,1000,1000
719893,31:55.3,IMU,466445014,0,0.001957346,0.001911075,0.001920361,-0.001378061,-0.002313435,-9.816422,0,0,40.7484,1,1,1000,1000
719948,31:55.3,IMU,466484998,0,0.001919352,0.001922317,0.001970463,-0.000843442,-0.00073355,-9.817676,0,0,40.74895,1,1,1000,1000
720000,31:55.3,IMU,466524982,0,0.001855876,0.001900713,0.002009123,-0.001024779,-0.000909706,-9.817093,0,0,40.74952,1,1,1000,1000
720095,31:55.4,IMU,466564966,0,0.001917651,0.001898332,0.001965115,-0.00058042,-0.001263044,-9.817848,0,0,40.75008,1,1,1000,1000
720149,31:55.4,IMU,466604950,0,0.001856219,0.001897141,0.00188783,-0.000547009,-0.000724519,-9.818237,0,0,40.75065,1,1,1000,1000
720240,31:55.5,IMU,466644934,0,0.001877723,0.001861244,0.001946252,-0.000888763,-0.00128116,-9.8181,0,0,40.75122,1,1,1000,1000
720291,31:55.5,IMU,466684918,0,0.001909553,0.002002031,0.002066459,-0.002345608,-0.001380109,-9.817254,0,0,40.75179,1,1,1000,1000
720344,31:55.5,IMU,466724902,0,0.001971052,0.001944953,0.001956087,-0.000873394,-0.001030801,-9.817318,0,0,40.75235,1,1,1000,1000
720436,31:55.6,IMU,466764886,0,0.001856303,0.001924022,0.002008574,-0.000795301,-0.001779216,-9.816807,0,0,40.75292,1,1,1000,1000
720491,31:55.6,IMU,466804870,0,0.001870462,0.001933252,0.001900529,-0.00142673,-0.000499361,-9.81801,0,0,40.75348,1,1,1000,1000
720583,31:55.7,IMU,466844854,0,0.001976502,0.001846537,0.001932636,3.909427e-05,-0.000537487,-9.816818,0,0,40.75405,1,1,1000,1000
720634,31:55.7,IMU,466884838,0,0.001986139,0.001870522,0.001907396,-0.000957086,-0.002755189,-9.817587,0,0,40.75462,1,1,1000,1000
720686,31:55.7,IMU,466924822,0,0.001858311,0.001895982,0.00195014,-0.000775723,-0.00103498,-9.817773,0,0,40.75518,1,1,1000,1000
720778,31:55.8,IMU,466964806,0,0.001874622,0.001928103,0.001969307,-0.00123342,-0.001446752,-9.818327,0,0,40.75575,1,1,1000,1000
720832,31:55.8,IMU,467004790,0,0.001905515,0.001942975,0.001936669,-0.001374332,-0.000476314,-9.818544,0,0,40.75631,1,1,1000,1000
720925,31:55.9,IMU,467044774,0,0.001911546,0.001818393,0.001860407,-0.001379554,-0.000948558,-9.817792,0,0,40.75688,1,1,1000,1000
720976,31:55.9,IMU,467084758,0,0.00182289,0.001813278,0.001851901,-0.000743067,-1.35e-05,-9.818209,0,0,40.75745,1,1,1000,1000
721028,31:55.9,IMU,467124742,0,0.001851974,0.001902113,0.001957097,-0.00048183,-0.001594897,-9.816934,0,0,40.75801,1,1,1000,1000
721120,31:56.0,IMU,467164726,0,0.001922539,0.001999413,0.001963869,-0.00090088,-0.001803713,-9.817526,0,0,40.75858,1,1,1000,1000
721174,31:56.0,IMU,467204710,0,0.001869496,0.001950286,0.0019636,-0.000348815,-0.000993624,-9.816952,0,0,40.75914,1,1,999,999
721265,31:56.1,IMU,467244694,0,0.001814995,0.001893697,0.001896673,-0.001255808,-0.001875707,-9.817204,0,0,40.75971,1,1,999,999
721316,31:56.1,IMU,467284678,0,0.001869952,0.001938555,0.001925731,-0.000337764,-0.001086238,-9.817031,0,0,40.76027,1,1,999,999
721369,31:56.1,IMU,467324662,0,0.001884243,0.001869143,0.001961671,-0.000213462,-0.000888124,-9.817335,0,0,40.76084,1,1,999,999
721463,31:56.2,IMU,467364646,0,0.001861124,0.001848148,0.001893357,-0.001567463,-0.001578217,-9.818022,0,0,40.7614,1,1,999,999
721517,31:56.2,IMU,467404630,0,0.001943383,0.001950208,0.00187627,-0.000666542,-0.000861591,-9.816888,0,0,40.76197,1,1,999,999
721610,31:56.3,IMU,467444614,0,0.001875406,0.001866142,0.001901627,-0.000846675,-0.00060765,-9.818387,0,0,40.76254,1,1,999,999
721664,31:56.3,IMU,467484598,0,0.001840659,0.001904516,0.001894298,-0.001818873,-0.001242606,-9.817097,0,0,40.7631,1,1,999,999
721716,31:56.3,IMU,467524582,0,0.001856854,0.001871053,0.001978017,-0.000881513,-0.001395515,-9.818651,0,0,40.76366,1,1,999,999
721811,31:56.4,IMU,467565399,0,0.001880019,0.001862681,0.001971917,-0.000210025,-0.00097646,-9.816086,0,0,40.76424,1,1,999,999
721865,31:56.4,IMU,467605383,0,0.001851169,0.001890496,0.001957736,-0.000750097,-0.001555858,-9.818466,0,0,40.76481,1,1,999,999
721956,31:56.5,IMU,467645367,0,0.00184898,0.001895249,0.001938786,-0.000796126,-0.00180681,-9.81757,0,0,40.76537,1,1,999,999
722007,31:56.5,IMU,467685351,0,0.001858952,0.001904916,0.001980792,-0.001055299,-0.001149197,-9.816986,0,0,40.76594,1,1,999,999
722060,31:56.5,IMU,467725335,0,0.001836113,0.001905544,0.001903142,4.304288e-05,0.000104676,-9.816906,0,0,40.7665,1,1,999,999
722152,31:56.6,IMU,467765319,0,0.001823348,0.001866826,0.001915994,-0.001253612,-0.000715203,-9.816821,0,0,40.76707,1,1,999,999
722207,31:56.6,IMU,467805303,0,0.001871194,0.00186901,0.0019382,-0.001490723,-0.000732574,-9.817537,0,0,40.76763,1,1,999,999
722298,31:56.7,IMU,467845287,0,0.001874084,0.00191521,0.001901638,-0.001624973,-0.000901194,-9.817028,0,0,40.7682,1,1,999,999
722350,31:56.7,IMU,467885271,0,0.00185633,0.001836398,0.001841453,-0.000933552,-0.0005226,-9.817352,0,0,40.76876,1,1,999,999
722402,31:56.7,IMU,467925255,0,0.002011397,0.001839553,0.001966258,-0.000186446,-0.001405585,-9.817241,0,0,40.76932,1,1,999,999
722494,31:56.8,IMU,467965239,0,0.001831013,0.001899952,0.001897382,-0.001658279,-0.000964383,-9.81735,0,0,40.76989,1,1,999,999
722548,31:56.8,IMU,468005223,0,0.001896414,0.001862387,0.001964471,-0.00209418,-0.000335489,-9.819528,0,0,40.77044,1,1,999,999
722641,31:56.9,IMU,468045207,0,0.00190811,0.0018933,0.001983982,-0.001454333,-0.000657684,-9.816766,0,0,40.771,1,1,999,999
722692,31:56.9,IMU,468085191,0,0.001835973,0.001953472,0.001968638,-0.001082777,-0.001074421,-9.816578,0,0,40.77156,1,1,999,999
722744,31:56.9,IMU,468125175,0,0.001824887,0.001928146,0.001963408,-0.001387788,-0.000844077,-9.817263,0,0,40.77213,1,1,999,999
722836,31:57.0,IMU,468165159,0,0.001843485,0.001899702,0.001948821,-0.001029371,-0.001555646,-9.817223,0,0,40.77269,1,1,999,999
722890,31:57.0,IMU,468205143,0,0.001866333,0.001905923,0.001906539,-0.001158017,-0.000227202,-9.816402,0,0,40.77325,1,1,1000,1000
722981,31:57.1,IMU,468245127,0,0.001857125,0.001854919,0.00195842,-0.001118978,-0.001510474,-9.816029,0,0,40.77382,1,1,1000,1000
723032,31:57.1,IMU,468285111,0,0.00186002,0.001938785,0.001949855,-0.000328457,-0.000608988,-9.816444,0,0,40.77438,1,1,1000,1000
723085,31:57.1,IMU,468325095,0,0.001762261,0.001900225,0.001942323,-0.001105036,-0.000713914,-9.817986,0,0,40.77494,1,1,1000,1000
723178,31:57.2,IMU,468365079,0,0.001775779,0.001865763,0.001912924,-0.001367487,-0.00164023,-9.816969,0,0,40.77551,1,1,1000,1000
723233,31:57.2,IMU,468405063,0,0.001867522,0.001938575,0.001906897,-0.000733901,-0.000467386,-9.818073,0,0,40.77608,1,1,1000,1000
723326,31:57.3,IMU,468445047,0,0.001900026,0.001872014,0.001875524,-0.000857103,-0.000805127,-9.817387,0,0,40.77665,1,1,1000,1000
723380,31:57.3,IMU,468485031,0,0.001887653,0.001883415,0.001905438,-0.00152096,-0.000266565,-9.817306,0,0,40.77721,1,1,1000,1000
723432,31:57.3,IMU,468525015,0,0.001840401,0.001885244,0.001914422,-0.000862995,-0.000208868,-9.817286,0,0,40.77777,1,1,1000,1000
723527,31:57.4,IMU,468564999,0,0.001865229,0.001860194,0.001925866,-0.001120802,-0.000206673,-9.817982,0,0,40.77832,1,1,1000,1000
723581,31:57.4,IMU,468604983,0,0.00191506,0.001911635,0.00190969,-0.000994882,-0.001191678,-9.816756,0,0,40.77888,1,1,1000,1000
723674,31:57.5,IMU,468644967,0,0.001838667,0.001902784,0.001960203,-0.000716697,-0.000287151,-9.816889,0,0,40.77945,1,1,1000,1000
723725,31:57.5,IMU,468684951,0,0.001896635,0.001833699,0.00199375,-0.000984645,-0.001180636,-9.816523,0,0,40.78001,1,1,1000,1000
723778,31:57.5,IMU,468724935,0,0.00185817,0.001902848,0.001914616,-0.001492185,-0.00142909,-9.816715,0,0,40.78057,1,1,1000,1000
723870,31:57.6,IMU,468764919,0,0.00186353,0.001901185,0.001888146,-0.0015544,-0.000741173,-9.817812,0,0,40.78114,1,1,1000,1000
723924,31:57.6,IMU,468804903,0,0.001855907,0.001870311,0.00190913,-0.000709133,-0.001101938,-9.817598,0,0,40.7817,1,1,1000,1000
724016,31:57.7,IMU,468844887,0,0.001790849,0.001880049,0.001833046,-0.000595791,-0.000486458,-9.816751,0,0,40.78226,1,1,1000,1000
724068,31:57.7,IMU,468884871,0,0.001855994,0.001884563,0.001912043,-0.001130048,-0.001548852,-9.817614,0,0,40.78283,1,1,1000,1000
724120,31:57.7,IMU,468924855,0,0.001839103,0.001944225,0.00192178,-0.001023693,-0.000593078,-9.817543,0,0,40.78339,1,1,1000,1000
724212,31:57.8,IMU,468964839,0,0.001877116,0.001793347,0.001939061,4.181606e-05,0.000182714,-9.817286,0,0,40.78395,1,1,1000,1000
724266,31:57.8,IMU,469004823,0,0.001824702,0.001923638,0.001961692,-0.001218958,-0.001623907,-9.81669,0,0,40.78451,1,1,1000,1000
724359,31:57.9,IMU,469044807,0,0.001912861,0.001892914,0.001991521,-0.001219773,-0.000413198,-9.8169,0,0,40.78507,1,1,1000,1000
724410,31:57.9,IMU,469084791,0,0.001946773,0.001896678,0.001979815,-0.001065018,-0.000767263,-9.816963,0,0,40.78564,1,1,1000,1000
724462,31:57.9,IMU,469124775,0,0.001856894,0.001873827,0.001881102,-0.00104424,-0.001976776,-9.817829,0,0,40.7862,1,1,1000,1000
724554,31:58.0,IMU,469164759,0,0.001866892,0.001866242,0.001897612,-0.000515771,-6.2e-05,-9.816912,0,0,40.78676,1,1,1000,1000
724608,31:58.0,IMU,469204743,0,0.001884332,0.001920997,0.001786386,-0.001949799,-0.000687051,-9.816814,0,0,40.78732,1,1,999,999
724699,31:58.1,IMU,469244727,0,0.00187332,0.001924551,0.001929222,-0.001306408,-0.001108553,-9.817996,0,0,40.78788,1,1,999,999
724750,31:58.1,IMU,469284711,0,0.001832417,0.001860063,0.001922233,-0.000624054,-0.001063286,-9.81712,0,0,40.78844,1,1,999,999
724803,31:58.1,IMU,469324695,0,0.001869135,0.001891982,0.001902399,-0.00064274,-5.7e-05,-9.818147,0,0,40.78901,1,1,999,999
724896,31:58.2,IMU,469364679,0,0.001869062,0.00182009,0.001891578,-0.001145133,-0.000782211,-9.818125,0,0,40.78957,1,1,999,999
724951,31:58.2,IMU,469404663,0,0.001850545,0.00186144,0.001882866,-0.000911795,-0.001750474,-9.817127,0,0,40.79013,1,1,999,999
725044,31:58.3,IMU,469444647,0,0.001873236,0.001882262,0.001942726,-0.001483826,-0.000496769,-9.818659,0,0,40.79069,1,1,999,999
725098,31:58.3,IMU,469484631,0,0.00190675,0.001911447,0.00193372,-0.000503369,-0.000568473,-9.816215,0,0,40.79125,1,1,999,999
725150,31:58.3,IMU,469524615,0,0.001813592,0.001928141,0.001898115,-0.00169325,-0.000773236,-9.817188,0,0,40.79181,1,1,999,999
725244,31:58.4,IMU,469564599,0,0.001820146,0.001861862,0.001884143,-1.27e-05,-0.001760731,-9.817279,0,0,40.79237,1,1,999,999
725299,31:58.4,IMU,469604583,0,0.001880038,0.001807434,0.001905694,-0.002429572,-0.002363028,-9.816519,0,0,40.79293,1,1,999,999
725390,31:58.5,IMU,469645400,0,0.00184197,0.001868662,0.001808867,-0.001225803,-0.000443723,-9.817838,0,0,40.79351,1,1,999,999
725441,31:58.5,IMU,469685384,0,0.001792879,0.001914525,0.001902497,-0.000470627,-0.001620725,-9.81813,0,0,40.79407,1,1,999,999
725494,31:58.5,IMU,469725368,0,0.001866346,0.001805008,0.001988649,-0.001095536,-0.001222069,-9.81764,0,0,40.79463,1,1,999,999
725586,31:58.6,IMU,469765352,0,0.001893274,0.001905616,0.001968592,-0.001405276,-0.002057772,-9.81657,0,0,40.79519,1,1,999,999
725640,31:58.6,IMU,469805336,0,0.001867663,0.001877062,0.001851106,-0.001343182,-0.000824792,-9.817045,0,0,40.79575,1,1,999,999
725732,31:58.7,IMU,469845320,0,0.00186118,0.001944383,0.001840539,-0.001179874,-0.00126332,-9.817236,0,0,40.79631,1,1,999,999
725783,31:58.7,IMU,469885304,0,0.001838891,0.001900215,0.001811732,-0.001795996,-0.000336065,-9.817665,0,0,40.79687,1,1,999,999
725836,31:58.7,IMU,469925288,0,0.001857706,0.00184012,0.001869075,-0.001301948,-0.000967273,-9.818125,0,0,40.79743,1,1,999,999
725928,31:58.8,IMU,469965272,0,0.001812908,0.001791876,0.001921881,-0.001385558,-0.001215372,-9.817456,0,0,40.79799,1,1,999,999
725982,31:58.8,IMU,470005256,0,0.001805838,0.001774929,0.00185241,-0.000631015,-0.001412178,-9.816487,0,0,40.79855,1,1,999,999
726075,31:58.9,IMU,470045240,0,0.001806866,0.001843586,0.001852514,-0.000230765,-0.000820181,-9.817472,0,0,40.79911,1,1,999,999
726126,31:58.9,IMU,470085224,0,0.001843401,0.001862021,0.001892774,-0.001690985,-0.00077705,-9.81703,0,0,40.79966,1,1,999,999
726178,31:58.9,IMU,470125208,0,0.001860801,0.001894239,0.001905819,-0.001559134,-0.001568816,-9.817262,0,0,40.80022,1,1,999,999
726270,31:59.0,IMU,470165192,0,0.001879666,0.001850804,0.001854143,-0.000924602,-0.001101131,-9.817356,0,0,40.80078,1,1,999,999
726324,31:59.0,IMU,470205176,0,0.00175663,0.001876061,0.001895279,-0.001086471,-0.000912071,-9.81724,0,0,40.80134,1,1,999,999
726415,31:59.1,IMU,470245160,0,0.001872062,0.001826588,0.00185742,-0.000552868,-0.001082991,-9.81822,0,0,40.8019,1,1,999,999
726466,31:59.1,IMU,470285144,0,0.001841531,0.001836902,0.001951485,-0.000121386,-0.001308124,-9.81738,0,0,40.80246,1,1,999,999
726518,31:59.1,IMU,470325128,0,0.001849065,0.001890738,0.00186036,-0.000858114,-0.000661174,-9.817562,0,0,40.80302,1,1,999,999
726612,31:59.2,IMU,470365112,0,0.001848837,0.001837057,0.001840249,-8.3e-05,-0.000807053,-9.818007,0,0,40.80358,1,1,999,999
726666,31:59.2,IMU,470405096,0,0.001856298,0.001843749,0.001891254,-0.002336428,0.000464963,-9.817839,0,0,40.80414,1,1,999,999
726760,31:59.3,IMU,470445080,0,0.001755061,0.001884815,0.001896044,-0.000962411,-0.000199102,-9.817085,0,0,40.8047,1,1,999,999
726814,31:59.3,IMU,470485064,0,0.001855123,0.001811106,0.001849112,-0.000753139,-0.001364528,-9.816855,0,0,40.80527,1,1,999,999
726866,31:59.3,IMU,470525048,0,0.001873893,0.00185756,0.001845203,-0.001610824,-0.000769071,-9.818036,0,0,40.80583,1,1,999,999
726960,31:59.4,IMU,470565032,0,0.001805643,0.00189859,0.00186233,-0.00062426,-0.001111857,-9.816135,0,0,40.80639,1,1,999,999
727015,31:59.4,IMU,470605016,0,0.001857389,0.001848189,0.001930019,-0.00086971,-0.001329567,-9.81679,0,0,40.80695,1,1,999,999
727106,31:59.5,IMU,470645000,0,0.001875524,0.001873347,0.001934427,-0.000180091,-0.002130031,-9.818527,0,0,40.80751,1,1,999,999
727157,31:59.5,IMU,470684984,0,0.001805044,0.00188221,0.00186671,-0.000838644,-0.001727479,-9.817765,0,0,40.80805,1,1,999,999
727210,31:59.5,IMU,470724968,0,0.001798113,0.001897392,0.00192498,-0.001546871,-0.001249162,-9.817421,0,0,40.80861,1,1,999,999
727302,31:59.6,IMU,470764952,0,0.001828234,0.00186631,0.00184483,-0.000247598,-0.000913096,-9.816011,0,0,40.80917,1,1,999,999
727356,31:59.6,IMU,470804936,0,0.001854563,0.001824849,0.001904536,-0.000532633,-0.001200386,-9.817719,0,0,40.80973,1,1,999,999
727448,31:59.7,IMU,470844920,0,0.001814057,0.001807377,0.00188443,-0.000910137,-0.000470764,-9.817967,0,0,40.81029,1,1,999,999
727499,31:59.7,IMU,470884904,0,0.00177226,0.001787582,0.00190718,-0.000206474,-0.001799736,-9.816781,0,0,40.81084,1,1,999,999
727551,31:59.7,IMU,470924888,0,0.001782642,0.001832533,0.001952819,-0.00142533,-0.000630066,-9.816288,0,0,40.81141,1,1,999,999
727646,31:59.8,IMU,470964872,0,0.001773574,0.001843548,0.001911294,-0.000783707,-0.000476017,-9.816955,0,0,40.81196,1,1,999,999
727700,31:59.8,IMU,471004856,0,0.001862264,0.001826663,0.001882377,-0.000911713,-0.001242443,-9.817339,0,0,40.81252,1,1,999,999
727793,31:59.9,IMU,471044840,0,0.001811243,0.001872135,0.001881829,-0.001260811,-0.000722104,-9.817984,0,0,40.81308,1,1,999,999
727844,31:59.9,IMU,471084824,0,0.001789787,0.00182247,0.00181248,-0.002597646,-0.000666965,-9.818054,0,0,40.81364,1,1,999,999
727896,31:59.9,IMU,471124808,0,0.001886326,0.001928544,0.001829166,-0.001155486,-0.000956293,-9.818529,0,0,40.81419,1,1,999,999
727988,32:00.0,IMU,471164792,0,0.00180212,0.001853779,0.001920033,-0.001029194,-0.001155233,-9.817579,0,0,40.81475,1,1,999,999
728042,32:00.0,IMU,471204776,0,0.001855982,0.00186086,0.00192828,-0.000414546,-0.001561719,-9.816334,0,0,40.81531,1,1,1000,1000
728133,32:00.1,IMU,471244760,0,0.001907331,0.001758364,0.001897131,-0.002095685,-0.001053737,-9.817135,0,0,40.81587,1,1,1000,1000
728184,32:00.1,IMU,471284744,0,0.001847712,0.001870729,0.001850763,-0.002020021,-0.001374254,-9.817301,0,0,40.81643,1,1,1000,1000
728236,32:00.1,IMU,471324728,0,0.001762906,0.001829058,0.001768547,-0.001046282,-0.000914346,-9.816689,0,0,40.81699,1,1,1000,1000
728330,32:00.2,IMU,471364712,0,0.001821698,0.001909668,0.001968426,-0.000348769,-0.001536535,-9.818046,0,0,40.81754,1,1,1000,1000
728384,32:00.2,IMU,471404696,0,0.001831395,0.001880548,0.001908287,-0.001658967,-0.00074163,-9.817136,0,0,40.8181,1,1,1000,1000
728478,32:00.3,IMU,471444680,0,0.001759433,0.001850635,0.00196095,-0.001827806,-0.000520102,-9.817719,0,0,40.81866,1,1,1000,1000
728532,32:00.3,IMU,471484664,0,0.001847493,0.00185958,0.001758284,-0.00050492,0.000388771,-9.817724,0,0,40.81921,1,1,1000,1000
728584,32:00.3,IMU,471524648,0,0.001802813,0.001857519,0.001938124,-0.000899278,-0.002230036,-9.817814,0,0,40.81977,1,1,1000,1000
728678,32:00.4,IMU,471564632,0,0.001758173,0.001834174,0.00193265,-0.001102395,-0.000538404,-9.816519,0,0,40.82033,1,1,1000,1000
728733,32:00.4,IMU,471604616,0,0.001902565,0.001834561,0.001890964,-0.001304131,-6.47e-05,-9.817988,0,0,40.82089,1,1,1000,1000
728824,32:00.5,IMU,471644600,0,0.00178464,0.00185947,0.00191611,-0.001414749,-0.001882612,-9.817955,0,0,40.82145,1,1,1000,1000
728875,32:00.5,IMU,471684584,0,0.001871317,0.001868348,0.001942874,-0.00123185,-0.001465185,-9.818587,0,0,40.822,1,1,1000,1000
728928,32:00.5,IMU,471725401,0,0.001814521,0.001821905,0.00184641,-0.000896483,-0.00158478,-9.81698,0,0,40.82257,1,1,1000,1000
729020,32:00.6,IMU,471765385,0,0.001761033,0.001846369,0.001820653,-0.00125593,-0.001684016,-9.81863,0,0,40.82313,1,1,1000,1000
729074,32:00.6,IMU,471805369,0,0.001786042,0.001799739,0.001881571,-0.000160605,-0.000939039,-9.818636,0,0,40.82368,1,1,1000,1000
729166,32:00.7,IMU,471845353,0,0.00182389,0.001911428,0.001897953,-0.000925185,-0.000506808,-9.817329,0,0,40.82424,1,1,1000,1000
729217,32:00.7,IMU,471885337,0,0.001775256,0.001827571,0.001885522,-0.001146002,2.924685e-05,-9.816145,0,0,40.8248,1,1,1000,1000
729269,32:00.7,IMU,471925321,0,0.001840956,0.001839077,0.001814193,-0.001527464,-0.00115688,-9.81813,0,0,40.82536,1,1,1000,1000
729362,32:00.8,IMU,471965305,0,0.001828998,0.001915529,0.001874168,-0.000798525,-0.001582973,-9.817559,0,0,40.82591,1,1,1000,1000
729416,32:00.8,IMU,472005289,0,0.001815066,0.001848609,0.001858034,-0.001197096,-0.001119205,-9.815419,0,0,40.82647,1,1,1000,1000
729509,32:00.9,IMU,472045273,0,0.001860448,0.001818308,0.001971657,-0.001269622,-0.001081098,-9.818016,0,0,40.82703,1,1,1000,1000
729560,32:00.9,IMU,472085257,0,0.001841797,0.001718055,0.001883678,0.000130949,-0.001139751,-9.816921,0,0,40.82758,1,1,1000,1000
729612,32:00.9,IMU,472125241,0,0.001752435,0.001854723,0.001835718,-0.001637303,3.773035e-06,-9.817375,0,0,40.82814,1,1,1000,1000
729704,32:01.0,IMU,472165225,0,0.001799287,0.001879373,0.001896825,-4.7e-05,2.3384e-05,-9.816765,0,0,40.82868,1,1,1000,1000
729758,32:01.0,IMU,472205209,0,0.001813571,0.001840621,0.001830061,-0.001126578,-0.000263629,-9.817966,0,0,40.82924,1,1,999,999
729849,32:01.1,IMU,472245193,0,0.001821356,0.001909895,0.001853422,-0.000772475,-0.000648861,-9.818174,0,0,40.82979,1,1,999,999
729900,32:01.1,IMU,472285177,0,0.001734721,0.001801219,0.001901497,-0.00072593,-0.001893327,-9.818361,0,0,40.83035,1,1,999,999
729952,32:01.1,IMU,472325161,0,0.001799065,0.001794095,0.001900442,-0.001434384,-0.000647992,-9.81628,0,0,40.83091,1,1,999,999
730046,32:01.2,IMU,472365145,0,0.001846082,0.001831124,0.001819409,-0.000536304,-0.000841351,-9.817155,0,0,40.83146,1,1,999,999
730100,32:01.2,IMU,472405129,0,0.001774725,0.001850429,0.001862262,-0.000768303,-0.001144915,-9.816986,0,0,40.83202,1,1,999,999
730193,32:01.3,IMU,472445113,0,0.001820491,0.001847717,0.001816709,0.000555189,-0.001784005,-9.8172,0,0,40.83257,1,1,999,999
730249,32:01.3,IMU,472485097,0,0.001848472,0.001860605,0.001780688,-0.00043839,-0.000862615,-9.817687,0,0,40.83313,1,1,999,999
730301,32:01.3,IMU,472525081,0,0.001751424,0.0018104,0.001883102,-0.001042438,-0.001659762,-9.817719,0,0,40.83368,1,1,999,999
730395,32:01.4,IMU,472565065,0,0.001818111,0.001879992,0.001860895,-0.000854977,-0.001585197,-9.817156,0,0,40.83426,1,1,999,999
730450,32:01.4,IMU,472605049,0,0.001854819,0.001866985,0.001844975,-0.001321766,-0.001214309,-9.816681,0,0,40.83481,1,1,999,999
730543,32:01.5,IMU,472645033,0,0.001822444,0.001758832,0.001889959,-0.00110972,-0.00095336,-9.817591,0,0,40.83537,1,1,999,999
730594,32:01.5,IMU,472685017,0,0.001819831,0.001872534,0.00185526,-0.001097207,-0.000253838,-9.817717,0,0,40.83592,1,1,999,999
730647,32:01.5,IMU,472725001,0,0.001800869,0.00179101,0.001817028,7.249246e-05,-0.000942129,-9.81683,0,0,40.83648,1,1,999,999
730739,32:01.6,IMU,472764985,0,0.001803623,0.001768496,0.001886297,-0.001156003,-0.002463826,-9.817068,0,0,40.83702,1,1,999,999
730793,32:01.6,IMU,472804969,0,0.001844795,0.001823563,0.001750326,-0.001169727,-0.002022422,-9.816278,0,0,40.83757,1,1,999,999
730884,32:01.7,IMU,472844953,0,0.001789063,0.001819433,0.001852628,-3e-05,-0.001042163,-9.817272,0,0,40.83813,1,1,999,999
730936,32:01.7,IMU,472884937,0,0.001764458,0.001801802,0.001900587,-0.001826544,-0.001389124,-9.817989,0,0,40.83868,1,1,999,999
730988,32:01.7,IMU,472924921,0,0.001802642,0.0018008,0.0018224,-0.000374687,-0.001103033,-9.817383,0,0,40.83923,1,1,999,999
731081,32:01.8,IMU,472964905,0,0.001773922,0.001813277,0.001876867,-0.001442514,-0.000536385,-9.816006,0,0,40.83979,1,1,999,999
731135,32:01.8,IMU,473004889,0,0.001830237,0.00177179,0.001896365,-0.00115227,-0.001532214,-9.817832,0,0,40.84034,1,1,999,999
731228,32:01.9,IMU,473044873,0,0.001770583,0.001773346,0.001883931,-0.000547736,-0.001416666,-9.817091,0,0,40.8409,1,1,999,999
731279,32:01.9,IMU,473084857,0,0.001779574,0.001790299,0.001851721,-0.001705623,-0.000904266,-9.81708,0,0,40.84145,1,1,999,999
731331,32:01.9,IMU,473124841,0,0.001771969,0.001820205,0.001886753,-0.000461812,-0.000393652,-9.817567,0,0,40.84201,1,1,999,999
731423,32:02.0,IMU,473164825,0,0.001758799,0.001869862,0.001824756,-0.001132863,-0.000801196,-9.817712,0,0,40.84256,1,1,999,999
731477,32:02.0,IMU,473204809,0,0.001763995,0.001811076,0.001821604,-0.000800387,-0.001180078,-9.817202,0,0,40.84312,1,1,1000,1000
731568,32:02.1,IMU,473244793,0,0.001789379,0.001869916,0.001836136,-0.000599191,-0.000463426,-9.816919,0,0,40.84367,1,1,1000,1000
731619,32:02.1,IMU,473284777,0,0.001910673,0.001816319,0.001841485,-0.000750636,-0.001577233,-9.818787,0,0,40.84423,1,1,1000,1000
731671,32:02.1,IMU,473324761,0,0.001810738,0.001841658,0.001825342,-0.000803732,-0.001440296,-9.817746,0,0,40.84478,1,1,1000,1000
731764,32:02.2,IMU,473364745,0,0.001864173,0.00179605,0.001893037,-0.001007894,5.0567e-06,-9.816929,0,0,40.84533,1,1,1000,1000
731819,32:02.2,IMU,473404729,0,0.001825189,0.001814581,0.001856719,-0.001698533,-0.001253885,-9.817204,0,0,40.84589,1,1,1000,1000
731912,32:02.3,IMU,473444713,0,0.001748409,0.001860255,0.001872571,-0.001624922,-0.001064004,-9.817097,0,0,40.84644,1,1,1000,1000
731967,32:02.3,IMU,473484697,0,0.001706206,0.001872143,0.001800501,-0.000447991,-0.000926175,-9.816883,0,0,40.84699,1,1,1000,1000
732019,32:02.3,IMU,473524681,0,0.00178688,0.001758569,0.001806283,-0.001261123,-0.002035488,-9.817829,0,0,40.84755,1,1,1000,1000
732113,32:02.4,IMU,473564665,0,0.001784019,0.001863814,0.001823578,-0.000291395,-0.001718554,-9.817138,0,0,40.8481,1,1,1000,1000
732168,32:02.4,IMU,473604649,0,0.001729109,0.001779342,0.001823441,0.00049851,-0.001700907,-9.817934,0,0,40.84866,1,1,1000,1000
732259,32:02.5,IMU,473644633,0,0.001811306,0.001896009,0.001879629,-0.000993392,-0.000604937,-9.816699,0,0,40.84921,1,1,1000,1000
732310,32:02.5,IMU,473684617,0,0.001831362,0.001768591,0.001889757,-0.001125333,-0.002538588,-9.817625,0,0,40.84976,1,1,1000,1000
732363,32:02.5,IMU,473724601,0,0.001752589,0.001794216,0.001873452,-0.002064879,-0.001042091,-9.81686,0,0,40.85032,1,1,1000,1000
732455,32:02.6,IMU,473764585,0,0.00179232,0.001788215,0.001777795,-0.001188883,-0.001806641,-9.817608,0,0,40.85087,1,1,1000,1000
732509,32:02.6,IMU,473805402,0,0.001782092,0.001828999,0.00179567,-0.00111082,9.906398e-05,-9.817265,0,0,40.85144,1,1,1000,1000
732600,32:02.7,IMU,473845386,0,0.001776108,0.001716262,0.001811712,-0.000534311,-0.001883854,-9.817276,0,0,40.85199,1,1,1000,1000
732652,32:02.7,IMU,473885370,0,0.001782198,0.001785605,0.001883513,-0.001263682,-0.000270851,-9.816136,0,0,40.85254,1,1,1000,1000
732704,32:02.7,IMU,473925354,0,0.001816143,0.001788306,0.001858139,-0.001323944,-0.000348572,-9.816569,0,0,40.8531,1,1,1000,1000
732796,32:02.8,IMU,473965338,0,0.001811464,0.00178207,0.001837298,-0.000484847,-0.001000794,-9.817348,0,0,40.85365,1,1,1000,1000
732851,32:02.8,IMU,474005322,0,0.001811411,0.001914533,0.001849752,-0.001826715,-0.00069284,-9.816587,0,0,40.8542,1,1,1000,1000
732944,32:02.9,IMU,474045306,0,0.001747098,0.001742614,0.001849175,-0.000784508,-0.001509428,-9.817825,0,0,40.85475,1,1,1000,1000
732995,32:02.9,IMU,474085290,0,0.001766208,0.001833133,0.001822802,-0.001436805,-0.001452139,-9.817644,0,0,40.85531,1,1,1000,1000
733047,32:02.9,IMU,474125274,0,0.001836016,0.001837778,0.001822201,-0.001183224,-0.00203033,-9.817546,0,0,40.85586,1,1,1000,1000
733139,32:03.0,IMU,474165258,0,0.001784454,0.001826646,0.001887334,-0.001581253,-0.001713777,-9.816989,0,0,40.85641,1,1,1000,1000
733193,32:03.0,IMU,474205242,0,0.001742324,0.001834682,0.001865418,-1.01e-05,-0.000852217,-9.816828,0,0,40.85696,1,1,999,999
733284,32:03.1,IMU,474245226,0,0.001816373,0.001792932,0.001829457,-0.001031903,-0.001300727,-9.81776,0,0,40.8575,1,1,999,999
733335,32:03.1,IMU,474285210,0,0.001811728,0.001831529,0.001802256,-0.001478294,-0.000117381,-9.817959,0,0,40.85806,1,1,999,999
733387,32:03.1,IMU,474325194,0,0.001720716,0.001717062,0.001833771,-0.000379696,-0.001093488,-9.817869,0,0,40.85861,1,1,999,999
733479,32:03.2,IMU,474365178,0,0.001833781,0.001732926,0.00195161,-0.000845492,-0.00208803,-9.816674,0,0,40.85916,1,1,999,999
733535,32:03.2,IMU,474405162,0,0.001723235,0.001767108,0.001880584,-0.000689448,-0.001382938,-9.816811,0,0,40.85971,1,1,999,999
733628,32:03.3,IMU,474445146,0,0.001754916,0.001814308,0.001834758,-0.000487457,-0.000446704,-9.816963,0,0,40.86026,1,1,999,999
733682,32:03.3,IMU,474485130,0,0.001823824,0.001753971,0.001859894,-0.002018674,-0.001793594,-9.817565,0,0,40.86081,1,1,999,999
733735,32:03.3,IMU,474525114,0,0.001743335,0.001835087,0.001880325,-6.75e-05,-0.000869755,-9.816792,0,0,40.86137,1,1,999,999
733829,32:03.4,IMU,474565098,0,0.001762219,0.001879236,0.001960269,-0.001384044,-0.001747031,-9.818476,0,0,40.86192,1,1,999,999
733884,32:03.4,IMU,474605082,0,0.001759023,0.001854732,0.00187028,-0.001220504,-0.000452159,-9.817514,0,0,40.86247,1,1,999,999
733975,32:03.5,IMU,474645066,0,0.001747547,0.00180721,0.001894047,-0.001442989,-0.001302019,-9.817115,0,0,40.86304,1,1,999,999
734026,32:03.5,IMU,474685050,0,0.001787815,0.001803519,0.001859226,-0.001304219,-0.000749935,-9.818617,0,0,40.86359,1,1,999,999
734079,32:03.5,IMU,474725034,0,0.001783253,0.001812606,0.001778405,-0.001003127,-0.00194464,-9.818352,0,0,40.86414,1,1,999,999
734171,32:03.6,IMU,474765018,0,0.001774579,0.001756924,0.001829015,-0.001944965,-0.001319212,-9.817816,0,0,40.86469,1,1,999,999
734225,32:03.6,IMU,474805002,0,0.001735713,0.001758932,0.001852632,-0.001890206,-0.000873648,-9.817152,0,0,40.86524,1,1,999,999
734316,32:03.7,IMU,474844986,0,0.001736568,0.001716447,0.001914849,-0.000747988,-0.00042629,-9.818255,0,0,40.86578,1,1,999,999
734368,32:03.7,IMU,474884970,0,0.001723058,0.001749971,0.001817259,-0.00133521,-0.0018666,-9.818821,0,0,40.86633,1,1,999,999
734420,32:03.7,IMU,474924954,0,0.001776581,0.001789857,0.001818802,-0.000872095,-0.001110972,-9.817078,0,0,40.86688,1,1,999,999
734512,32:03.8,IMU,474964938,0,0.001876532,0.001805368,0.001840375,-0.001467916,-0.000984649,-9.817836,0,0,40.86743,1,1,999,999
734566,32:03.8,IMU,475004922,0,0.001806812,0.001825856,0.001795219,-0.000705099,-0.001274587,-9.817345,0,0,40.86798,1,1,999,999
734660,32:03.9,IMU,475044906,0,0.001779182,0.001689918,0.001807005,-0.000823512,-0.000916211,-9.816854,0,0,40.86853,1,1,999,999
734711,32:03.9,IMU,475084890,0,0.001766979,0.001803366,0.001830674,-0.001616857,-0.000979442,-9.817186,0,0,40.86909,1,1,999,999
734763,32:03.9,IMU,475124874,0,0.001780787,0.001776853,0.001792935,-0.001779368,-0.001034481,-9.817415,0,0,40.86964,1,1,999,999
734855,32:04.0,IMU,475164858,0,0.00177071,0.001825358,0.001813031,-0.001014378,-0.000414099,-9.817108,0,0,40.87019,1,1,999,999
734909,32:04.0,IMU,475204842,0,0.001764993,0.001775906,0.001796347,-0.001510462,-0.001750126,-9.8169,0,0,40.87074,1,1,999,999
735000,32:04.1,IMU,475244826,0,0.001767463,0.001774911,0.001851624,-0.00186953,-0.001235193,-9.816318,0,0,40.87129,1,1,999,999
735051,32:04.1,IMU,475284810,0,0.001729077,0.001851105,0.001802502,-0.001238044,-0.001405004,-9.817628,0,0,40.87184,1,1,999,999
735103,32:04.1,IMU,475324794,0,0.001776171,0.001837657,0.001789767,-0.001505578,0.000165499,-9.817608,0,0,40.87239,1,1,999,999
735195,32:04.2,IMU,475364778,0,0.001743563,0.001794079,0.001883754,-0.000906844,-0.000165363,-9.817531,0,0,40.87294,1,1,999,999
735251,32:04.2,IMU,475404762,0,0.001706807,0.001711441,0.001860286,-0.000870685,-0.001522669,-9.817489,0,0,40.87349,1,1,999,999
735344,32:04.3,IMU,475444746,0,0.001720629,0.001753615,0.00184208,-0.001194167,-0.001281107,-9.816963,0,0,40.87404,1,1,999,999
735398,32:04.3,IMU,475484730,0,0.001801912,0.001802965,0.001827877,-0.001397155,-0.000607584,-9.818002,0,0,40.87459,1,1,999,999
735451,32:04.3,IMU,475524714,0,0.001751928,0.001763147,0.001873427,-0.001412909,-0.000813107,-9.817089,0,0,40.87514,1,1,999,999
735545,32:04.4,IMU,475564698,0,0.001707047,0.001691868,0.001828902,-0.002027871,-0.000988841,-9.816719,0,0,40.87569,1,1,999,999
735600,32:04.4,IMU,475604682,0,0.001768922,0.001770072,0.001850988,-0.001236145,-0.000115758,-9.818246,0,0,40.87624,1,1,999,999
735691,32:04.5,IMU,475644666,0,0.001778119,0.001843343,0.001790014,-4.76e-05,-0.001663001,-9.818216,0,0,40.87679,1,1,999,999
735742,32:04.5,IMU,475684650,0,0.001757301,0.001787059,0.001805665,-0.001238631,-0.001143597,-9.817529,0,0,40.87734,1,1,999,999
735795,32:04.5,IMU,475724634,0,0.001838522,0.001790987,0.00185004,-0.001548511,-0.000675986,-9.816725,0,0,40.87789,1,1,999,999
735887,32:04.6,IMU,475764618,0,0.001762662,0.001742967,0.001853984,0.000448638,-0.00078584,-9.817184,0,0,40.87844,1,1,999,999
735941,32:04.6,IMU,475804602,0,0.001754114,0.001747356,0.00183323,-0.001338862,-0.001238733,-9.8168,0,0,40.87899,1,1,999,999
736032,32:04.7,IMU,475844586,0,0.001731332,0.001761233,0.001778606,-0.000841949,-0.001628353,-9.816549,0,0,40.87954,1,1,999,999
736083,32:04.7,IMU,475885403,0,0.001772392,0.00172236,0.001828204,-0.001255866,-0.003500159,-9.818622,0,0,40.8801,1,1,999,999
736136,32:04.7,IMU,475925387,0,0.001730948,0.001797865,0.001779262,-0.000652818,-0.001175051,-9.817113,0,0,40.88065,1,1,999,999
736230,32:04.8,IMU,475965371,0,0.001769708,0.001788395,0.001860712,-0.000578146,-0.001049225,-9.817264,0,0,40.8812,1,1,999,999
736284,32:04.8,IMU,476005355,0,0.001744175,0.001757461,0.001810213,-0.002186668,0.000154117,-9.817361,0,0,40.88175,1,1,999,999
736378,32:04.9,IMU,476045339,0,0.001819373,0.001765599,0.001714841,-0.00180354,0.000431778,-9.817487,0,0,40.8823,1,1,999,999
736429,32:04.9,IMU,476085323,0,0.001752272,0.001753934,0.001798597,-0.000162624,-0.001359638,-9.817665,0,0,40.88285,1,1,999,999
736481,32:04.9,IMU,476125307,0,0.001834051,0.001761733,0.001837274,-0.000549184,-0.00044556,-9.817564,0,0,40.88339,1,1,999,999
736573,32:05.0,IMU,476165291,0,0.001674823,0.001782565,0.001722377,-0.001597362,-0.000749451,-9.817509,0,0,40.88394,1,1,999,999
736627,32:05.0,IMU,476205275,0,0.001837591,0.001700569,0.001826378,-0.00170172,-0.001571712,-9.817383,0,0,40.88449,1,1,1000,1000
736718,32:05.1,IMU,476245259,0,0.001720302,0.001745963,0.001836217,-0.000916618,-0.000830057,-9.816483,0,0,40.88504,1,1,1000,1000
736769,32:05.1,IMU,476285243,0,0.001758038,0.001806724,0.001832968,-0.000786348,-0.000682429,-9.817973,0,0,40.88559,1,1,1000,1000
736821,32:05.1,IMU,476325227,0,0.001738904,0.001779737,0.001761776,-0.001459367,-0.000603025,-9.81658,0,0,40.88612,1,1,1000,1000
736913,32:05.2,IMU,476365211,0,0.001750773,0.001737022,0.001818603,-0.000798004,-4.42e-05,-9.817973,0,0,40.88667,1,1,1000,1000
736969,32:05.2,IMU,476405195,0,0.001727118,0.001748007,0.001844774,-0.00142703,-0.001388628,-9.817238,0,0,40.88722,1,1,1000,1000
737062,32:05.3,IMU,476445179,0,0.001793863,0.001812621,0.001859712,-0.000288946,-0.001225982,-9.817406,0,0,40.88777,1,1,1000,1000
737116,32:05.3,IMU,476485163,0,0.001802625,0.001807342,0.00174039,-0.00182417,-0.000633938,-9.818429,0,0,40.88832,1,1,1000,1000
737168,32:05.3,IMU,476525147,0,0.001764613,0.001789203,0.001797517,-0.000275746,-0.00091973,-9.817599,0,0,40.88887,1,1,1000,1000
737263,32:05.4,IMU,476565131,0,0.001732213,0.00175983,0.001779591,-0.000918645,0.000300129,-9.817742,0,0,40.88942,1,1,1000,1000
737318,32:05.4,IMU,476605115,0,0.001760519,0.001757487,0.001785007,-0.000572298,-0.001692103,-9.817752,0,0,40.88996,1,1,1000,1000
737411,32:05.5,IMU,476645099,0,0.00175682,0.001783236,0.001785235,-0.001512339,-0.001006067,-9.817336,0,0,40.89051,1,1,1000,1000
737462,32:05.5,IMU,476685083,0,0.001766346,0.001773253,0.001810286,-0.001414533,-0.00130815,-9.817565,0,0,40.89106,1,1,1000,1000
737515,32:05.5,IMU,476725067,0,0.001789378,0.00171943,0.001815827,-0.00074164,-0.000517714,-9.818215,0,0,40.89161,1,1,1000,1000
