Unnamed: 0,Timestamp,Unnamed: 2,TimeUS,I,GyrX,GyrY,GyrZ,AccX,AccY,AccZ,EG,EA,T,GH,AH,GHz,AHz
223557,27:18.1,IMU,189325073,0,0.002177421,-0.001163642,0.001879402,-4.673293,1.196911,-8.609131,0,0,34.29156,1,1,999,999
223656,27:18.2,IMU,189365057,0,0.001291552,-0.001043668,0.001989957,-4.674275,1.195367,-8.609292,0,0,34.29302,1,1,999,999
223711,27:18.2,IMU,189405041,0,0.001693596,-0.000389739,0.002030808,-4.677367,1.195095,-8.610761,0,0,34.29445,1,1,999,999
223811,27:18.3,IMU,189445025,0,0.002133213,0.002501706,0.002022205,-4.679007,1.194846,-8.613205,0,0,34.29588,1,1,999,999
223865,27:18.3,IMU,189485009,0,0.003923533,0.002382582,0.001849126,-4.680442,1.194247,-8.615695,0,0,34.29731,1,1,999,999
223917,27:18.3,IMU,189524993,0,0.003739698,0.002361288,0.001856309,-4.682325,1.194767,-8.61211,0,0,34.2987,1,1,999,999
224018,27:18.4,IMU,189564977,0,0.003552506,0.002471888,0.002006905,-4.683999,1.19428,-8.609145,0,0,34.30013,1,1,999,999
224073,27:18.4,IMU,189604961,0,0.003464443,0.002544773,0.002082595,-4.68701,1.195187,-8.607686,0,0,34.30155,1,1,999,999
224172,27:18.5,IMU,189644945,0,0.003382903,0.002477846,0.002123836,-4.687726,1.193038,-8.604796,0,0,34.30298,1,1,999,999
224223,27:18.5,IMU,189684929,0,0.003294004,0.001647559,0.002106758,-4.688179,1.192922,-8.603531,0,0,34.3044,1,1,999,999
224276,27:18.5,IMU,189724913,0,0.003236052,0.002300743,0.001975687,-4.692119,1.191386,-8.607329,0,0,34.30583,1,1,999,999
224375,27:18.6,IMU,189764897,0,0.004837123,0.000217395,0.001544816,-4.692575,1.192271,-8.608812,0,0,34.30725,1,1,999,999
224429,27:18.6,IMU,189804881,0,0.005887338,-0.000479407,0.001154951,-4.694366,1.19106,-8.61129,0,0,34.30868,1,1,999,999
224527,27:18.7,IMU,189844865,0,0.00666864,0.001007037,0.000799107,-4.696393,1.192371,-8.611819,0,0,34.3101,1,1,999,999
224579,27:18.7,IMU,189884849,0,0.006840986,0.001178614,0.000487286,-4.696531,1.191849,-8.612036,0,0,34.31153,1,1,999,999
224632,27:18.7,IMU,189924833,0,0.005617339,0.001354226,0.000292765,-4.697843,1.191737,-8.611991,0,0,34.31295,1,1,999,999
224731,27:18.8,IMU,189964817,0,0.006181733,0.00100521,0.000127055,-4.699548,1.19005,-8.606491,0,0,34.31438,1,1,999,999
224785,27:18.8,IMU,190004801,0,0.005152507,0.000862512,9.741777e-05,-4.701619,1.189431,-8.606419,0,0,34.3158,1,1,999,999
224886,27:18.9,IMU,190044785,0,0.004312359,0.001129206,0.000148004,-4.703619,1.189861,-8.611198,0,0,34.31723,1,1,1000,1000
224937,27:18.9,IMU,190084769,0,0.005888081,0.001336501,0.000303303,-4.703961,1.189519,-8.607897,0,0,34.31865,1,1,1000,1000
224990,27:18.9,IMU,190124753,0,0.005502456,0.001435219,0.000413533,-4.704873,1.187888,-8.606392,0,0,34.32008,1,1,1000,1000
225089,27:19.0,IMU,190164737,0,0.005187737,0.001658198,0.00060957,-4.706097,1.186708,-8.60352,0,0,34.3215,1,1,1000,1000
225143,27:19.0,IMU,190204721,0,0.004914336,0.001722403,0.000812635,-4.706874,1.185652,-8.601028,0,0,34.32293,1,1,1000,1000
225241,27:19.1,IMU,190244705,0,0.00463377,0.001867034,0.001033396,-4.709284,1.186705,-8.597624,0,0,34.32435,1,1,1000,1000
225292,27:19.1,IMU,190284689,0,0.004451434,0.002017784,0.001146278,-4.710704,1.185593,-8.596623,0,0,34.32577,1,1,1000,1000
225345,27:19.1,IMU,190324673,0,0.004202503,0.002094246,0.001210748,-4.711202,1.184255,-8.593457,0,0,34.32719,1,1,1000,1000
225444,27:19.2,IMU,190364657,0,0.004036604,0.002105178,0.001415704,-4.711752,1.183977,-8.592124,0,0,34.32862,1,1,1000,1000
225499,27:19.2,IMU,190404641,0,0.003857913,0.002229682,0.001403202,-4.713094,1.183502,-8.589424,0,0,34.33004,1,1,1000,1000
225599,27:19.3,IMU,190444625,0,0.004059731,0.002316395,0.001751313,-4.71565,1.183792,-8.593122,0,0,34.33146,1,1,1000,1000
225653,27:19.3,IMU,190484609,0,0.004929088,0.002348063,0.002123158,-4.71638,1.181646,-8.593344,0,0,34.33289,1,1,1000,1000
225705,27:19.3,IMU,190524593,0,0.00626741,0.001009303,0.002302876,-4.717113,1.182374,-8.597736,0,0,34.33431,1,1,1000,1000
225806,27:19.4,IMU,190565410,0,0.006396557,-9.14e-05,0.002313517,-4.719735,1.18133,-8.597185,0,0,34.33577,1,1,1000,1000
225860,27:19.4,IMU,190605394,0,0.004494539,-0.001058708,0.002278436,-4.719617,1.179944,-8.592435,0,0,34.33719,1,1,1000,1000
225959,27:19.5,IMU,190645378,0,0.003138653,-0.000832992,0.002298346,-4.720414,1.178701,-8.591644,0,0,34.33861,1,1,1000,1000
226010,27:19.5,IMU,190685362,0,0.003995081,-0.000244067,0.002032106,-4.720562,1.179196,-8.593136,0,0,34.34003,1,1,1000,1000
226063,27:19.5,IMU,190725346,0,0.00301857,0.003071266,0.001950726,-4.722282,1.179725,-8.594508,0,0,34.34145,1,1,1000,1000
226162,27:19.6,IMU,190765330,0,0.002017069,0.002882568,0.001683535,-4.723348,1.178424,-8.593657,0,0,34.34287,1,1,1000,1000
226216,27:19.6,IMU,190805314,0,0.002037677,0.002897923,0.001379364,-4.725571,1.17764,-8.590537,0,0,34.34429,1,1,1000,1000
226314,27:19.7,IMU,190845298,0,0.001887053,0.002837464,0.001088362,-4.726359,1.177509,-8.587892,0,0,34.34571,1,1,1000,1000
226365,27:19.7,IMU,190885282,0,0.002454782,0.001853575,0.000898472,-4.727411,1.176573,-8.585986,0,0,34.34713,1,1,1000,1000
226419,27:19.7,IMU,190925266,0,0.002965165,0.001279045,0.000692809,-4.726881,1.175704,-8.583331,0,0,34.34856,1,1,1000,1000
226518,27:19.8,IMU,190965250,0,0.003577735,0.001649961,0.000836359,-4.727387,1.175281,-8.578135,0,0,34.34998,1,1,1000,1000
226573,27:19.8,IMU,191005234,0,0.001869519,0.000616879,0.001145555,-4.728714,1.17458,-8.585992,0,0,34.35139,1,1,1000,1000
226674,27:19.9,IMU,191045218,0,0.001988241,0.000373429,0.001336253,-4.730209,1.174843,-8.58314,0,0,34.35278,1,1,1000,1000
226725,27:19.9,IMU,191085202,0,0.003980423,-0.000234365,0.00150403,-4.730502,1.173942,-8.580464,0,0,34.3542,1,1,1000,1000
226777,27:19.9,IMU,191125186,0,0.004075752,-0.000269388,0.001787127,-4.730118,1.171102,-8.574636,0,0,34.35562,1,1,1000,1000
226877,27:20.0,IMU,191165170,0,0.004147714,0.000546953,0.00207959,-4.731354,1.171258,-8.573141,0,0,34.35704,1,1,1000,1000
226931,27:20.0,IMU,191205154,0,0.00184453,0.001622876,0.002168627,-4.732518,1.171949,-8.57633,0,0,34.35846,1,1,1000,1000
227029,27:20.1,IMU,191245138,0,0.003068114,0.00173768,0.001928818,-4.732022,1.171504,-8.570435,0,0,34.35987,1,1,1000,1000
227080,27:20.1,IMU,191285122,0,0.003174237,0.001839533,0.001707793,-4.734583,1.170314,-8.567906,0,0,34.36129,1,1,1000,1000
227134,27:20.1,IMU,191325106,0,0.002303776,0.00196885,0.001529971,-4.732907,1.169952,-8.568682,0,0,34.36271,1,1,1000,1000
227233,27:20.2,IMU,191365090,0,0.003163726,0.002064785,0.001292051,-4.734296,1.170411,-8.563917,0,0,34.36413,1,1,1000,1000
227288,27:20.2,IMU,191405074,0,0.002268223,0.002193438,0.00124024,-4.736151,1.167667,-8.563825,0,0,34.36555,1,1,1000,1000
227388,27:20.3,IMU,191445058,0,0.00327494,0.0022101,0.001084725,-4.736549,1.167786,-8.560331,0,0,34.367,1,1,1000,1000
227442,27:20.3,IMU,191485042,0,0.003627488,0.002331032,0.000880537,-4.735307,1.167415,-8.555161,0,0,34.36842,1,1,1000,1000
227494,27:20.3,IMU,191525026,0,0.002717664,0.002962273,0.001073958,-4.736246,1.165578,-8.549262,0,0,34.36983,1,1,1000,1000
227595,27:20.4,IMU,191565010,0,0.001399059,0.002856702,0.001385791,-4.737341,1.166493,-8.550283,0,0,34.37125,1,1,1000,1000
227649,27:20.4,IMU,191604994,0,0.001111285,0.002910913,0.001569291,-4.737869,1.164752,-8.549788,0,0,34.37263,1,1,1000,1000
227749,27:20.5,IMU,191644978,0,0.001137825,0.002829639,0.001805054,-4.740208,1.164624,-8.546156,0,0,34.37405,1,1,1000,1000
227800,27:20.5,IMU,191684962,0,0.001366436,0.002980192,0.001978064,-4.739013,1.163611,-8.545023,0,0,34.37547,1,1,1000,1000
227853,27:20.5,IMU,191724946,0,0.002141603,0.002601688,0.002106152,-4.74063,1.162296,-8.544954,0,0,34.37688,1,1,1000,1000
227952,27:20.6,IMU,191764930,0,0.001517807,0.004112764,0.002234994,-4.741901,1.161719,-8.540734,0,0,34.3783,1,1,1000,1000
228006,27:20.6,IMU,191804914,0,0.000651302,0.004068648,0.002232151,-4.740021,1.161351,-8.539804,0,0,34.37972,1,1,1000,1000
228104,27:20.7,IMU,191844898,0,0.000672979,0.003719445,0.002281531,-4.742233,1.160888,-8.538436,0,0,34.38113,1,1,1000,1000
228155,27:20.7,IMU,191884882,0,0.002976915,0.003833806,0.002141486,-4.741767,1.160851,-8.535859,0,0,34.38255,1,1,1000,1000
228209,27:20.7,IMU,191924866,0,0.003595088,0.003852245,0.002081925,-4.74287,1.160074,-8.534155,0,0,34.38396,1,1,1000,1000
228308,27:20.8,IMU,191964850,0,0.00377947,0.003664651,0.001891566,-4.742759,1.16,-8.533216,0,0,34.38538,1,1,1000,1000
228362,27:20.8,IMU,192004834,0,0.003334528,0.003391265,0.001713715,-4.742421,1.159534,-8.528065,0,0,34.3868,1,1,1000,1000
228463,27:20.9,IMU,192044818,0,0.003430095,0.003494625,0.001503243,-4.743428,1.159472,-8.525249,0,0,34.38821,1,1,999,999
228514,27:20.9,IMU,192084802,0,0.003685889,0.003150054,0.001213177,-4.744334,1.158073,-8.526616,0,0,34.38963,1,1,999,999
228566,27:20.9,IMU,192124786,0,0.004193701,0.002412798,0.001031522,-4.744652,1.158109,-8.524126,0,0,34.39104,1,1,999,999
228666,27:21.0,IMU,192164770,0,0.003956363,0.00278746,0.000986057,-4.745471,1.157629,-8.520268,0,0,34.39246,1,1,999,999
228720,27:21.0,IMU,192204754,0,0.003815225,0.001518861,0.001012908,-4.745915,1.156267,-8.51948,0,0,34.39387,1,1,999,999
228818,27:21.1,IMU,192244738,0,0.003675407,0.002056667,0.001107913,-4.746818,1.15494,-8.517911,0,0,34.39528,1,1,999,999
228869,27:21.1,IMU,192284722,0,0.004392051,0.002146421,0.001338609,-4.746991,1.154385,-8.520037,0,0,34.3967,1,1,999,999
228922,27:21.1,IMU,192324706,0,0.003387607,0.00218945,0.00144245,-4.747121,1.154399,-8.516076,0,0,34.39811,1,1,999,999
229021,27:21.2,IMU,192364690,0,0.003376649,0.002299861,0.001578131,-4.747744,1.155662,-8.51643,0,0,34.39952,1,1,999,999
229076,27:21.2,IMU,192404674,0,0.003203939,0.002306462,0.001726899,-4.748459,1.153533,-8.51623,0,0,34.40094,1,1,999,999
229176,27:21.3,IMU,192444658,0,0.00318478,0.002364782,0.001690354,-4.747951,1.152254,-8.517393,0,0,34.40235,1,1,999,999
229231,27:21.3,IMU,192484642,0,0.003147149,0.002479268,0.001822854,-4.749577,1.152492,-8.515681,0,0,34.40376,1,1,999,999
229283,27:21.3,IMU,192524626,0,0.003106751,0.002455139,0.001940572,-4.749051,1.152599,-8.515845,0,0,34.40517,1,1,999,999
229384,27:21.4,IMU,192564610,0,0.00308441,0.002520081,0.001962573,-4.749757,1.151798,-8.515656,0,0,34.40659,1,1,999,999
229438,27:21.4,IMU,192604594,0,0.002976179,0.002520447,0.002108102,-4.750251,1.151217,-8.515141,0,0,34.408,1,1,999,999
229536,27:21.5,IMU,192644578,0,0.003751317,0.002576612,0.001906359,-4.750741,1.149985,-8.505795,0,0,34.40941,1,1,999,999
229588,27:21.5,IMU,192685395,0,0.005413474,0.003767651,0.001643369,-4.749825,1.149674,-8.499822,0,0,34.41086,1,1,999,999
229641,27:21.5,IMU,192725379,0,0.004820026,0.004233486,0.001751981,-4.751692,1.149376,-8.502095,0,0,34.41227,1,1,999,999
229742,27:21.6,IMU,192765363,0,0.003271724,0.003370294,0.001762552,-4.751379,1.148845,-8.501225,0,0,34.41368,1,1,999,999
229796,27:21.6,IMU,192805347,0,0.003363452,0.003546475,0.00184323,-4.751606,1.149339,-8.500523,0,0,34.41509,1,1,999,999
229894,27:21.7,IMU,192845331,0,0.003813518,0.003326426,0.001836888,-4.752568,1.14711,-8.495664,0,0,34.4165,1,1,999,999
229945,27:21.7,IMU,192885315,0,0.004167571,0.002889263,0.001644209,-4.752074,1.146892,-8.495273,0,0,34.41792,1,1,999,999
229999,27:21.7,IMU,192925299,0,0.005279751,0.002395818,0.001474303,-4.751953,1.147094,-8.497347,0,0,34.41933,1,1,999,999
230098,27:21.8,IMU,192965283,0,0.003057845,0.001734115,0.001464962,-4.751625,1.14741,-8.49231,0,0,34.42074,1,1,999,999
230153,27:21.8,IMU,193005267,0,0.001257337,0.001900658,0.001464108,-4.751482,1.146424,-8.494232,0,0,34.42215,1,1,999,999
230254,27:21.9,IMU,193045251,0,0.002918179,0.001398319,0.001255861,-4.752209,1.145039,-8.489599,0,0,34.42356,1,1,1000,1000
230305,27:21.9,IMU,193085235,0,0.003753587,0.001672641,0.001242261,-4.753205,1.143924,-8.48541,0,0,34.42497,1,1,1000,1000
230357,27:21.9,IMU,193125219,0,0.003629275,0.001666093,0.001344445,-4.753803,1.143527,-8.485437,0,0,34.42635,1,1,1000,1000
230456,27:22.0,IMU,193165203,0,0.004459571,0.001912289,0.001440317,-4.753928,1.142926,-8.484905,0,0,34.42776,1,1,1000,1000
230511,27:22.0,IMU,193205187,0,0.003122421,0.00196337,0.001680276,-4.754979,1.144528,-8.487755,0,0,34.42916,1,1,1000,1000
230609,27:22.1,IMU,193245171,0,0.003285772,0.00211089,0.00178136,-4.755233,1.141452,-8.486664,0,0,34.43057,1,1,1000,1000
230660,27:22.1,IMU,193285155,0,0.003235159,0.002120699,0.001806309,-4.755353,1.141389,-8.488017,0,0,34.43198,1,1,1000,1000
230712,27:22.1,IMU,193325139,0,0.00320894,0.002279868,0.001891534,-4.755663,1.142058,-8.487263,0,0,34.43339,1,1,1000,1000
230811,27:22.2,IMU,193365123,0,0.003116742,0.002334465,0.002008848,-4.755749,1.140525,-8.489676,0,0,34.4348,1,1,1000,1000
230865,27:22.2,IMU,193405107,0,0.003046102,0.00238357,0.002088312,-4.757163,1.141082,-8.489871,0,0,34.43621,1,1,1000,1000
230966,27:22.3,IMU,193445091,0,0.007029722,0.002407582,0.001749715,-4.757372,1.138672,-8.484626,0,0,34.43762,1,1,1000,1000
231020,27:22.3,IMU,193485075,0,0.008121878,0.00243708,0.001535971,-4.755271,1.139354,-8.48384,0,0,34.43903,1,1,1000,1000
231072,27:22.3,IMU,193525059,0,0.006998597,0.002509903,0.001289186,-4.757042,1.138854,-8.483339,0,0,34.44047,1,1,1000,1000
231173,27:22.4,IMU,193565043,0,0.005815862,0.002559468,0.001045619,-4.758136,1.13896,-8.48257,0,0,34.44188,1,1,1000,1000
231227,27:22.4,IMU,193605027,0,0.004874055,0.002957429,0.001006077,-4.757352,1.138693,-8.475528,0,0,34.44328,1,1,1000,1000
231326,27:22.5,IMU,193645011,0,0.004949568,0.001923959,0.001053876,-4.758196,1.138314,-8.475495,0,0,34.44469,1,1,1000,1000
231377,27:22.5,IMU,193684995,0,0.003996869,0.001482632,0.001233701,-4.759289,1.13757,-8.478995,0,0,34.44606,1,1,1000,1000
231431,27:22.5,IMU,193724979,0,0.003264482,0.001043172,0.001381872,-4.757263,1.136503,-8.470411,0,0,34.44747,1,1,1000,1000
231530,27:22.6,IMU,193764963,0,0.004084158,0.001120905,0.001369654,-4.75902,1.137036,-8.476495,0,0,34.44888,1,1,1000,1000
231584,27:22.6,IMU,193804947,0,0.004241511,0.000618276,0.001469075,-4.759505,1.135091,-8.475766,0,0,34.45028,1,1,1000,1000
231682,27:22.7,IMU,193844931,0,0.003421386,0.0038667,0.001797951,-4.758226,1.13498,-8.468793,0,0,34.45169,1,1,1000,1000
231733,27:22.7,IMU,193884915,0,0.003566958,0.00361654,0.001863785,-4.759913,1.134744,-8.466862,0,0,34.4531,1,1,1000,1000
231787,27:22.7,IMU,193924899,0,0.00330637,0.003480708,0.002024255,-4.760694,1.134225,-8.475108,0,0,34.4545,1,1,1000,1000
231886,27:22.8,IMU,193964883,0,0.0044556,0.003379477,0.002260296,-4.760684,1.133128,-8.4728,0,0,34.45591,1,1,1000,1000
231940,27:22.8,IMU,194004867,0,0.003258604,0.003328451,0.002419295,-4.760823,1.132338,-8.471086,0,0,34.45731,1,1,1000,1000
232041,27:22.9,IMU,194044851,0,0.003198724,0.003257171,0.002444848,-4.761147,1.132689,-8.473104,0,0,34.45872,1,1,999,999
232092,27:22.9,IMU,194084835,0,0.0031108,0.00319443,0.002489269,-4.762606,1.131638,-8.474906,0,0,34.46012,1,1,999,999
232144,27:22.9,IMU,194124819,0,0.003075869,0.003124024,0.002479079,-4.76275,1.131565,-8.475083,0,0,34.46153,1,1,999,999
232243,27:23.0,IMU,194164803,0,0.003061204,0.003139104,0.002539199,-4.76339,1.13271,-8.476384,0,0,34.46294,1,1,999,999
232298,27:23.0,IMU,194204787,0,0.002979512,0.003158499,0.00253052,-4.763381,1.13022,-8.477747,0,0,34.46434,1,1,999,999
232396,27:23.1,IMU,194244771,0,0.0032491,0.003007856,0.00244405,-4.761944,1.129881,-8.475791,0,0,34.46574,1,1,999,999
232447,27:23.1,IMU,194284755,0,0.004081114,0.002992706,0.002368306,-4.7631,1.13052,-8.475908,0,0,34.46715,1,1,999,999
232500,27:23.1,IMU,194324739,0,0.003647007,0.003022107,0.002150187,-4.762552,1.129676,-8.474333,0,0,34.46856,1,1,999,999
232599,27:23.2,IMU,194364723,0,0.002802822,0.002953723,0.001888623,-4.76223,1.129764,-8.473597,0,0,34.46996,1,1,999,999
232653,27:23.2,IMU,194404707,0,0.003969523,0.002930479,0.001498944,-4.762995,1.12963,-8.476518,0,0,34.47136,1,1,999,999
232754,27:23.3,IMU,194444691,0,0.002684217,0.002238635,0.001317707,-4.763135,1.128694,-8.474871,0,0,34.47277,1,1,999,999
232808,27:23.3,IMU,194484675,0,0.004288456,-0.000393004,0.000938078,-4.763661,1.12832,-8.469228,0,0,34.47417,1,1,999,999
232860,27:23.3,IMU,194524659,0,0.00373223,-0.00153265,0.000935594,-4.76369,1.127235,-8.471539,0,0,34.47557,1,1,999,999
232961,27:23.4,IMU,194564643,0,0.004443749,-0.001564563,0.000866822,-4.763412,1.126577,-8.472049,0,0,34.47697,1,1,999,999
233015,27:23.4,IMU,194604627,0,0.004336151,0.001093175,0.001064692,-4.762608,1.125234,-8.471359,0,0,34.47838,1,1,999,999
233113,27:23.5,IMU,194644611,0,0.004387065,0.002612162,0.001251004,-4.762019,1.1255,-8.472757,0,0,34.47978,1,1,999,999
233164,27:23.5,IMU,194684595,0,0.004911794,0.003334166,0.001392444,-4.763212,1.123861,-8.473881,0,0,34.48119,1,1,999,999
233218,27:23.5,IMU,194724579,0,0.00563031,0.002583107,0.001465656,-4.763824,1.12375,-8.473855,0,0,34.48259,1,1,999,999
233317,27:23.6,IMU,194765396,0,0.003816588,0.002457724,0.001692786,-4.762791,1.12356,-8.47439,0,0,34.48402,1,1,999,999
233371,27:23.6,IMU,194805380,0,0.003887949,0.003080965,0.001803513,-4.764206,1.123722,-8.475946,0,0,34.48543,1,1,999,999
233469,27:23.7,IMU,194845364,0,0.002096565,0.002620972,0.001879048,-4.764447,1.12183,-8.475448,0,0,34.48683,1,1,999,999
233520,27:23.7,IMU,194885348,0,0.0010644,0.003066221,0.002055624,-4.764369,1.121986,-8.475934,0,0,34.48823,1,1,999,999
233574,27:23.7,IMU,194925332,0,0.002783699,0.002514126,0.002015061,-4.764765,1.121454,-8.475686,0,0,34.48963,1,1,999,999
233674,27:23.8,IMU,194965316,0,0.003259094,0.003140235,0.001990654,-4.763992,1.121065,-8.474549,0,0,34.49103,1,1,999,999
233728,27:23.8,IMU,195005300,0,0.003781795,0.004418497,0.001944819,-4.765221,1.121337,-8.476479,0,0,34.49244,1,1,999,999
233829,27:23.9,IMU,195045284,0,0.003780967,0.003900691,0.001934551,-4.764869,1.120229,-8.475618,0,0,34.49384,1,1,1000,1000
233880,27:23.9,IMU,195085268,0,0.004267643,0.004434397,0.001952883,-4.76596,1.120714,-8.479195,0,0,34.49524,1,1,1000,1000
233932,27:23.9,IMU,195125252,0,0.005629756,0.003934809,0.001857761,-4.765546,1.118799,-8.474109,0,0,34.49664,1,1,1000,1000
234031,27:24.0,IMU,195165236,0,0.003902641,0.004686812,0.001709329,-4.766255,1.120767,-8.473104,0,0,34.49804,1,1,1000,1000
234085,27:24.0,IMU,195205220,0,0.003758694,0.00279602,0.001352644,-4.767942,1.117889,-8.474864,0,0,34.4994,1,1,1000,1000
234184,27:24.1,IMU,195245204,0,0.00585678,0.001241194,0.00113375,-4.76704,1.118157,-8.483095,0,0,34.5008,1,1,1000,1000
234235,27:24.1,IMU,195285188,0,0.005620567,0.000567463,0.001320121,-4.767832,1.11696,-8.476644,0,0,34.5022,1,1,1000,1000
234287,27:24.1,IMU,195325172,0,0.003012713,0.003002786,0.001585071,-4.767531,1.115747,-8.474569,0,0,34.5036,1,1,1000,1000
234388,27:24.2,IMU,195365156,0,0.002575757,0.001984467,0.001756516,-4.767144,1.115133,-8.472219,0,0,34.505,1,1,1000,1000
234442,27:24.2,IMU,195405140,0,0.001202679,0.002178253,0.00217254,-4.76793,1.115666,-8.477695,0,0,34.5064,1,1,1000,1000
234543,27:24.3,IMU,195445124,0,0.000258855,0.00215097,0.002569858,-4.768054,1.114352,-8.478584,0,0,34.5078,1,1,1000,1000
234597,27:24.3,IMU,195485108,0,0.002051495,0.002281844,0.002745339,-4.7679,1.113837,-8.475694,0,0,34.5092,1,1,1000,1000
234649,27:24.3,IMU,195525092,0,0.002788298,0.00088665,0.002628144,-4.769921,1.114409,-8.48395,0,0,34.5106,1,1,1000,1000
234750,27:24.4,IMU,195565076,0,0.005065576,0.000669832,0.002307168,-4.769086,1.114551,-8.481192,0,0,34.51199,1,1,1000,1000
234804,27:24.4,IMU,195605060,0,0.004719231,0.001196555,0.002103987,-4.768442,1.113939,-8.480547,0,0,34.51343,1,1,1000,1000
234903,27:24.5,IMU,195645044,0,0.004464251,0.001860667,0.001951325,-4.769587,1.113561,-8.479326,0,0,34.51483,1,1,1000,1000
234954,27:24.5,IMU,195685028,0,0.004306603,0.001443318,0.001824563,-4.769049,1.112979,-8.483547,0,0,34.51622,1,1,1000,1000
235007,27:24.5,IMU,195725012,0,0.0040851,0.000365886,0.001531366,-4.769286,1.111883,-8.482605,0,0,34.51762,1,1,1000,1000
235107,27:24.6,IMU,195764996,0,0.003981179,0.001325896,0.001388052,-4.771444,1.112562,-8.484136,0,0,34.51899,1,1,1000,1000
235161,27:24.6,IMU,195804980,0,0.003760933,0.000998046,0.001205189,-4.772138,1.111472,-8.482912,0,0,34.52038,1,1,1000,1000
235259,27:24.7,IMU,195844964,0,0.003658522,0.002566126,0.00122687,-4.772961,1.109783,-8.481421,0,0,34.52178,1,1,1000,1000
235310,27:24.7,IMU,195884948,0,0.003763301,0.002464249,0.001419998,-4.772439,1.111599,-8.493825,0,0,34.52318,1,1,1000,1000
235363,27:24.7,IMU,195924932,0,0.004331543,0.003366098,0.00156697,-4.774547,1.108842,-8.492808,0,0,34.52457,1,1,1000,1000
235463,27:24.8,IMU,195964916,0,0.00326949,0.004750167,0.00173624,-4.774669,1.110613,-8.491228,0,0,34.52597,1,1,1000,1000
235517,27:24.8,IMU,196004900,0,0.002598817,0.003771645,0.002023679,-4.774005,1.108464,-8.492558,0,0,34.52737,1,1,1000,1000
235617,27:24.9,IMU,196044884,0,0.002775748,0.004180082,0.002146924,-4.774635,1.108514,-8.494774,0,0,34.52876,1,1,1000,1000
235669,27:24.9,IMU,196084868,0,0.003229036,0.002851428,0.002280065,-4.775031,1.108864,-8.496465,0,0,34.53016,1,1,1000,1000
235721,27:24.9,IMU,196124852,0,0.003787704,0.003077876,0.002191287,-4.775503,1.108304,-8.500437,0,0,34.53156,1,1,1000,1000
235820,27:25.0,IMU,196164836,0,0.002699221,0.001678493,0.002198789,-4.775829,1.107787,-8.500328,0,0,34.53295,1,1,1000,1000
235874,27:25.0,IMU,196204820,0,0.002061552,0.001278849,0.002214489,-4.777387,1.106927,-8.513288,0,0,34.53435,1,1,1000,1000
235972,27:25.1,IMU,196244804,0,0.004130477,0.003316356,0.002111867,-4.777305,1.106665,-8.508671,0,0,34.53574,1,1,1000,1000
236024,27:25.1,IMU,196284788,0,0.001370299,0.003299965,0.002024886,-4.777627,1.107252,-8.507286,0,0,34.53714,1,1,1000,1000
236077,27:25.1,IMU,196324772,0,0.003584652,0.00317693,0.001703971,-4.779961,1.106131,-8.507984,0,0,34.53853,1,1,1000,1000
236176,27:25.2,IMU,196364756,0,0.003727607,0.003149712,0.001546396,-4.778958,1.1059,-8.509637,0,0,34.53992,1,1,1000,1000
236230,27:25.2,IMU,196404740,0,0.002444678,0.003141676,0.001694239,-4.779703,1.105043,-8.512945,0,0,34.54132,1,1,1000,1000
236331,27:25.3,IMU,196444724,0,0.00264745,0.003057492,0.001732948,-4.78088,1.104508,-8.512236,0,0,34.54271,1,1,1000,1000
236385,27:25.3,IMU,196484708,0,0.002612444,0.003031662,0.001828621,-4.781288,1.103831,-8.512962,0,0,34.54411,1,1,1000,1000
236437,27:25.3,IMU,196524692,0,0.002618177,0.002969283,0.001915686,-4.781447,1.102871,-8.513744,0,0,34.5455,1,1,1000,1000
236538,27:25.4,IMU,196564676,0,0.002643969,0.00299337,0.001988694,-4.780594,1.103006,-8.512861,0,0,34.5469,1,1,1000,1000
236592,27:25.4,IMU,196604660,0,0.002639762,0.002961466,0.002106328,-4.78101,1.103331,-8.512905,0,0,34.54829,1,1,1000,1000
236690,27:25.5,IMU,196644644,0,0.003607332,0.002966569,0.002096007,-4.780931,1.102431,-8.514748,0,0,34.54968,1,1,1000,1000
236741,27:25.5,IMU,196684628,0,0.003673774,0.002936966,0.002390603,-4.783309,1.102563,-8.518526,0,0,34.55108,1,1,1000,1000
236794,27:25.5,IMU,196724612,0,0.004446684,0.003118254,0.002482567,-4.782785,1.102902,-8.527815,0,0,34.55247,1,1,1000,1000
236894,27:25.6,IMU,196764596,0,0.002901743,0.002992915,0.002576629,-4.783182,1.102018,-8.52824,0,0,34.55386,1,1,1000,1000
236948,27:25.6,IMU,196804580,0,0.00421144,0.001567777,0.002383639,-4.783444,1.10173,-8.528099,0,0,34.55526,1,1,1000,1000
237046,27:25.7,IMU,196845397,0,0.004948715,0.001764989,0.00218937,-4.782598,1.102025,-8.528749,0,0,34.55668,1,1,1000,1000
237097,27:25.7,IMU,196885381,0,0.004569603,0.000814526,0.002092066,-4.783433,1.101371,-8.531199,0,0,34.55807,1,1,1000,1000
237150,27:25.7,IMU,196925365,0,0.004061803,0.003093011,0.002099692,-4.785069,1.100473,-8.53621,0,0,34.55947,1,1,1000,1000
237297,27:25.8,IMU,196965349,0,0.004680289,0.003048746,0.00184769,-4.785282,1.101713,-8.538721,0,0,34.56086,1,1,1000,1000
237351,27:25.8,IMU,197005333,0,0.002911597,0.002993625,0.001950804,-4.785805,1.099572,-8.540456,0,0,34.56225,1,1,1000,1000
237451,27:25.9,IMU,197045317,0,0.00294632,0.002962908,0.001988923,-4.786603,1.099906,-8.538965,0,0,34.56364,1,1,999,999
237503,27:25.9,IMU,197085301,0,0.002945821,0.003033457,0.00207155,-4.786502,1.099899,-8.539111,0,0,34.56503,1,1,999,999
237555,27:25.9,IMU,197125285,0,0.003656942,0.002936269,0.002124048,-4.78616,1.099477,-8.537728,0,0,34.56643,1,1,999,999
237654,27:26.0,IMU,197165269,0,0.00371106,0.002995935,0.002140736,-4.785916,1.097479,-8.536934,0,0,34.56782,1,1,999,999
237708,27:26.0,IMU,197205253,0,0.003671117,0.002942948,0.00215732,-4.786583,1.098033,-8.535702,0,0,34.56921,1,1,999,999
237806,27:26.1,IMU,197245237,0,0.003483341,0.002914457,0.002254792,-4.784981,1.097612,-8.535681,0,0,34.5706,1,1,999,999
237858,27:26.1,IMU,197285221,0,0.003359287,0.002835906,0.002341762,-4.785543,1.097901,-8.534523,0,0,34.57195,1,1,999,999
237910,27:26.1,IMU,197325205,0,0.002103835,0.002815841,0.002327796,-4.787527,1.097565,-8.550012,0,0,34.57335,1,1,999,999
238009,27:26.2,IMU,197365189,0,0.001305682,0.002093675,0.002237048,-4.787746,1.096977,-8.548986,0,0,34.57474,1,1,999,999
238063,27:26.2,IMU,197405173,0,0.000403034,0.002325733,0.002360755,-4.786882,1.0965,-8.545731,0,0,34.57613,1,1,999,999
238163,27:26.3,IMU,197445157,0,0.001045774,0.001568431,0.002395294,-4.785685,1.09495,-8.548065,0,0,34.57751,1,1,999,999
238218,27:26.3,IMU,197485141,0,0.002326244,0.000659457,0.002226369,-4.787965,1.094761,-8.551046,0,0,34.5789,1,1,999,999
238270,27:26.3,IMU,197525125,0,0.003391055,0.003490459,0.002121087,-4.787486,1.095801,-8.552643,0,0,34.58029,1,1,999,999
238371,27:26.4,IMU,197565109,0,0.003683847,0.003374143,0.001928345,-4.788643,1.094874,-8.554605,0,0,34.58168,1,1,999,999
238425,27:26.4,IMU,197605093,0,0.001472076,0.003232993,0.0021106,-4.789193,1.09325,-8.556694,0,0,34.58307,1,1,999,999
238524,27:26.5,IMU,197645077,0,0.001684123,0.003212139,0.002144231,-4.789874,1.093346,-8.554024,0,0,34.58446,1,1,999,999
238575,27:26.5,IMU,197685061,0,0.003668393,0.003187558,0.002018223,-4.789534,1.093996,-8.553296,0,0,34.58588,1,1,999,999
238628,27:26.5,IMU,197725045,0,0.003560473,0.00311267,0.00207155,-4.78891,1.092732,-8.551434,0,0,34.58727,1,1,999,999
238727,27:26.6,IMU,197765029,0,0.003478857,0.003078735,0.002161387,-4.788802,1.092272,-8.551471,0,0,34.58866,1,1,999,999
238782,27:26.6,IMU,197805013,0,0.003393326,0.00305499,0.002230229,-4.79045,1.092834,-8.550288,0,0,34.59005,1,1,999,999
238882,27:26.7,IMU,197844997,0,0.00328693,0.00305802,0.002189972,-4.790155,1.092882,-8.549495,0,0,34.5914,1,1,999,999
238933,27:26.7,IMU,197884981,0,0.004014323,0.002574383,0.002220378,-4.79095,1.091631,-8.559771,0,0,34.59279,1,1,999,999
238986,27:26.7,IMU,197924965,0,0.00602179,0.001505043,0.002037389,-4.790393,1.091594,-8.561598,0,0,34.59418,1,1,999,999
239086,27:26.8,IMU,197964949,0,0.004951126,0.000999823,0.002100107,-4.790883,1.091039,-8.559795,0,0,34.59557,1,1,999,999
239140,27:26.8,IMU,198004933,0,0.00423207,0.001068918,0.002162456,-4.790958,1.090808,-8.560845,0,0,34.59695,1,1,999,999
239240,27:26.9,IMU,198044917,0,0.002974469,0.000861068,0.002313429,-4.790401,1.092111,-8.56203,0,0,34.59834,1,1,1000,1000
239292,27:26.9,IMU,198084901,0,0.002457926,0.001114931,0.002294421,-4.790496,1.092568,-8.563506,0,0,34.59972,1,1,1000,1000
239344,27:26.9,IMU,198124885,0,0.001642027,0.000946754,0.002217719,-4.791821,1.090192,-8.569704,0,0,34.60111,1,1,1000,1000
239443,27:27.0,IMU,198164869,0,0.001699727,0.001204829,0.002316847,-4.791768,1.090747,-8.567951,0,0,34.6025,1,1,1000,1000
239497,27:27.0,IMU,198204853,0,0.002581884,0.00139815,0.002288186,-4.791239,1.089423,-8.563713,0,0,34.60388,1,1,1000,1000
239595,27:27.1,IMU,198244837,0,0.003563873,0.001541251,0.002159025,-4.791051,1.089233,-8.560207,0,0,34.60527,1,1,1000,1000
239646,27:27.1,IMU,198284821,0,0.004591952,0.001700851,0.002180383,-4.790951,1.088851,-8.561865,0,0,34.60666,1,1,1000,1000
239700,27:27.1,IMU,198324805,0,0.008218798,0.001839111,0.002143966,-4.791729,1.089348,-8.561186,0,0,34.60804,1,1,1000,1000
239799,27:27.2,IMU,198364789,0,0.01280728,0.001990232,0.002075533,-4.79178,1.089388,-8.56039,0,0,34.60943,1,1,1000,1000
239853,27:27.2,IMU,198404773,0,0.01845387,0.000719905,0.001951498,-4.790663,1.089939,-8.559271,0,0,34.61081,1,1,1000,1000
239953,27:27.3,IMU,198444757,0,0.02261302,-0.00136713,0.001690369,-4.791959,1.091307,-8.570465,0,0,34.6122,1,1,1000,1000
240008,27:27.3,IMU,198484741,0,0.02664638,-0.002615288,0.001526981,-4.792757,1.092609,-8.570932,0,0,34.61358,1,1,1000,1000
240060,27:27.3,IMU,198524725,0,0.03042623,-0.00213393,0.001396825,-4.791204,1.092912,-8.572472,0,0,34.61497,1,1,1000,1000
240161,27:27.4,IMU,198564709,0,0.0321239,-0.001874573,0.001503819,-4.792346,1.094129,-8.574663,0,0,34.61635,1,1,1000,1000
240215,27:27.4,IMU,198604693,0,0.03130146,-0.00141603,0.00198532,-4.791562,1.09624,-8.571735,0,0,34.61774,1,1,1000,1000
240313,27:27.5,IMU,198644677,0,0.03145879,-0.004611204,0.00239924,-4.788701,1.096628,-8.566223,0,0,34.61912,1,1,1000,1000
240364,27:27.5,IMU,198684661,0,0.03522354,-0.003515225,0.003016623,-4.789715,1.097605,-8.572807,0,0,34.62051,1,1,1000,1000
240417,27:27.5,IMU,198724645,0,0.03806753,-0.002752095,0.003660633,-4.789974,1.099013,-8.573028,0,0,34.62189,1,1,1000,1000
240516,27:27.6,IMU,198764629,0,0.03730702,-0.002034273,0.00454117,-4.789811,1.099602,-8.574376,0,0,34.62327,1,1,1000,1000
240570,27:27.6,IMU,198804613,0,0.03649556,-0.001447031,0.005756661,-4.790941,1.10058,-8.582441,0,0,34.62466,1,1,1000,1000
240669,27:27.7,IMU,198844597,0,0.03680083,-0.000879071,0.006748399,-4.789368,1.102842,-8.580868,0,0,34.62604,1,1,1000,1000
240720,27:27.7,IMU,198884581,0,0.03462425,-0.003579659,0.007865122,-4.788421,1.103407,-8.575833,0,0,34.62742,1,1,1000,1000
240773,27:27.7,IMU,198925398,0,0.0333104,-0.002929715,0.0089883,-4.788089,1.103757,-8.580568,0,0,34.62884,1,1,1000,1000
240873,27:27.8,IMU,198965382,0,0.02650846,-2.6e-05,0.01070948,-4.787346,1.104427,-8.575196,0,0,34.63022,1,1,1000,1000
240928,27:27.8,IMU,199005366,0,0.02019515,0.005742672,0.01303605,-4.79013,1.103952,-8.578524,0,0,34.63161,1,1,1000,1000
241028,27:27.9,IMU,199045350,0,0.01775881,0.008606611,0.01533994,-4.788739,1.103108,-8.577143,0,0,34.63299,1,1,999,999
241080,27:27.9,IMU,199085334,0,0.01411918,0.01659311,0.0180854,-4.789949,1.103751,-8.581436,0,0,34.63437,1,1,999,999
241132,27:27.9,IMU,199125318,0,0.009486191,0.02271689,0.02114303,-4.792579,1.104125,-8.590076,0,0,34.63575,1,1,999,999
241231,27:28.0,IMU,199165302,0,0.00960952,0.02720583,0.02402785,-4.793817,1.104872,-8.587627,0,0,34.63713,1,1,999,999
241285,27:28.0,IMU,199205286,0,0.008768586,0.03528621,0.02722349,-4.795879,1.105344,-8.59136,0,0,34.63852,1,1,999,999
241383,27:28.1,IMU,199245270,0,0.008689604,0.04259842,0.03029505,-4.79763,1.105755,-8.589067,0,0,34.6399,1,1,999,999
241434,27:28.1,IMU,199285254,0,0.009790788,0.04713899,0.03280453,-4.798463,1.107511,-8.5846,0,0,34.64128,1,1,999,999
241487,27:28.1,IMU,199325238,0,0.0100675,0.04929355,0.03506278,-4.800625,1.109787,-8.582068,0,0,34.64266,1,1,999,999
241588,27:28.2,IMU,199365222,0,0.009437865,0.05264265,0.0374689,-4.801139,1.110498,-8.590448,0,0,34.644,1,1,999,999
241642,27:28.2,IMU,199405206,0,0.01220848,0.05401919,0.0392793,-4.80193,1.114182,-8.588522,0,0,34.64539,1,1,999,999
241742,27:28.3,IMU,199445190,0,0.01617865,0.05855229,0.04122967,-4.800549,1.118073,-8.586093,0,0,34.64677,1,1,999,999
241797,27:28.3,IMU,199485174,0,0.02118699,0.06511661,0.04274186,-4.801429,1.123023,-8.592316,0,0,34.64815,1,1,999,999
241849,27:28.3,IMU,199525158,0,0.02395357,0.06999005,0.04452092,-4.802395,1.127231,-8.591197,0,0,34.64953,1,1,999,999
241950,27:28.4,IMU,199565142,0,0.02526598,0.07020912,0.04614123,-4.799183,1.132006,-8.591832,0,0,34.65091,1,1,999,999
242004,27:28.4,IMU,199605126,0,0.02645884,0.07239385,0.04747315,-4.797281,1.136738,-8.598528,0,0,34.65229,1,1,999,999
242103,27:28.5,IMU,199645110,0,0.03026807,0.07276353,0.04882867,-4.793579,1.141596,-8.588821,0,0,34.65366,1,1,999,999
242154,27:28.5,IMU,199685094,0,0.03330533,0.07632649,0.05019499,-4.789886,1.148721,-8.595782,0,0,34.65504,1,1,999,999
242207,27:28.5,IMU,199725078,0,0.03498608,0.07752244,0.05181537,-4.785857,1.155272,-8.599627,0,0,34.65643,1,1,999,999
242306,27:28.6,IMU,199765062,0,0.03886542,0.07653743,0.05308671,-4.7802,1.161399,-8.598524,0,0,34.65784,1,1,999,999
242360,27:28.6,IMU,199805046,0,0.03890325,0.08144988,0.05479269,-4.773784,1.166883,-8.608502,0,0,34.65922,1,1,999,999
242459,27:28.7,IMU,199845030,0,0.04430585,0.08366711,0.05625889,-4.76706,1.175073,-8.607936,0,0,34.6606,1,1,999,999
242510,27:28.7,IMU,199885014,0,0.04492648,0.08416001,0.05821624,-4.759917,1.180737,-8.622005,0,0,34.66197,1,1,999,999
242563,27:28.7,IMU,199924998,0,0.05144179,0.08254831,0.05967156,-4.750904,1.188543,-8.620625,0,0,34.66332,1,1,999,999
242662,27:28.8,IMU,199964982,0,0.04992839,0.07981682,0.06167799,-4.741194,1.196948,-8.632233,0,0,34.6647,1,1,999,999
242717,27:28.8,IMU,200004966,0,0.05502646,0.07807916,0.06352913,-4.729077,1.204535,-8.63495,0,0,34.66608,1,1,999,999
242817,27:28.9,IMU,200044950,0,0.05539342,0.07699914,0.06574883,-4.71844,1.212131,-8.641998,0,0,34.66745,1,1,1000,1000
242869,27:28.9,IMU,200084934,0,0.05656881,0.07330753,0.06782451,-4.702452,1.2202,-8.640883,0,0,34.66883,1,1,1000,1000
242921,27:28.9,IMU,200124918,0,0.05995384,0.0664707,0.06981701,-4.689799,1.228798,-8.659718,0,0,34.67021,1,1,1000,1000
243020,27:29.0,IMU,200164902,0,0.05877273,0.05729759,0.07218544,-4.671762,1.237088,-8.658866,0,0,34.67159,1,1,1000,1000
243074,27:29.0,IMU,200204886,0,0.06034938,0.04843246,0.07445015,-4.653327,1.245037,-8.662772,0,0,34.67296,1,1,1000,1000
243172,27:29.1,IMU,200244870,0,0.06448131,0.04321217,0.076741,-4.635855,1.25454,-8.679816,0,0,34.67434,1,1,1000,1000
243224,27:29.1,IMU,200284854,0,0.06798504,0.04214875,0.07937898,-4.614585,1.263298,-8.677081,0,0,34.67571,1,1,1000,1000
243276,27:29.1,IMU,200324838,0,0.06987859,0.03759738,0.08190558,-4.59548,1.274418,-8.696787,0,0,34.67709,1,1,1000,1000
243376,27:29.2,IMU,200364822,0,0.06950898,0.03183913,0.08464546,-4.574126,1.283212,-8.698135,0,0,34.67847,1,1,1000,1000
243430,27:29.2,IMU,200404806,0,0.07087517,0.02861125,0.08738606,-4.554704,1.293497,-8.714211,0,0,34.67984,1,1,1000,1000
243530,27:29.3,IMU,200444790,0,0.07016456,0.03087287,0.09054512,-4.531458,1.302891,-8.716246,0,0,34.68122,1,1,1000,1000
243584,27:29.3,IMU,200484774,0,0.0723255,0.02796057,0.09378179,-4.511418,1.314085,-8.735392,0,0,34.68259,1,1,1000,1000
243637,27:29.3,IMU,200524758,0,0.0727252,0.02935199,0.09714383,-4.489331,1.323324,-8.745847,0,0,34.68397,1,1,1000,1000
243738,27:29.4,IMU,200564742,0,0.07477689,0.02841459,0.1003325,-4.467266,1.333991,-8.752664,0,0,34.68534,1,1,1000,1000
243792,27:29.4,IMU,200604726,0,0.07451984,0.02557048,0.1036432,-4.445873,1.344649,-8.767849,0,0,34.68672,1,1,1000,1000
243890,27:29.5,IMU,200644710,0,0.07632063,0.02458843,0.1067715,-4.423295,1.35402,-8.777004,0,0,34.6881,1,1,1000,1000
243941,27:29.5,IMU,200684694,0,0.07964855,0.02410783,0.1102799,-4.400172,1.364582,-8.782872,0,0,34.68947,1,1,1000,1000
243994,27:29.5,IMU,200724678,0,0.08036763,0.02230148,0.1139701,-4.377892,1.377932,-8.801813,0,0,34.69085,1,1,1000,1000
244093,27:29.6,IMU,200764662,0,0.08411484,0.02551609,0.1174738,-4.357065,1.389211,-8.814178,0,0,34.69222,1,1,1000,1000
244147,27:29.6,IMU,200804646,0,0.0874581,0.02571321,0.1211026,-4.332878,1.399673,-8.823507,0,0,34.6936,1,1,1000,1000
244245,27:29.7,IMU,200844630,0,0.08738971,0.02349436,0.1249027,-4.309791,1.413592,-8.834754,0,0,34.69497,1,1,1000,1000
244297,27:29.7,IMU,200884614,0,0.08686134,0.02639255,0.1286685,-4.286884,1.426422,-8.844296,0,0,34.69634,1,1,1000,1000
244350,27:29.7,IMU,200924598,0,0.0894012,0.02578618,0.132339,-4.264603,1.437681,-8.862473,0,0,34.69772,1,1,1000,1000
244450,27:29.8,IMU,200964582,0,0.08830954,0.02458541,0.136422,-4.242054,1.451053,-8.878535,0,0,34.69909,1,1,1000,1000
244505,27:29.8,IMU,201005399,0,0.09190957,0.02604696,0.1402832,-4.21826,1.463829,-8.883253,0,0,34.7005,1,1,1000,1000
244605,27:29.9,IMU,201045383,0,0.09439349,0.02497233,0.1443041,-4.195185,1.477043,-8.899408,0,0,34.70187,1,1,1000,1000
244657,27:29.9,IMU,201085367,0,0.09406913,0.02429918,0.1483133,-4.172424,1.489893,-8.910979,0,0,34.70324,1,1,1000,1000
244709,27:29.9,IMU,201125351,0,0.09596644,0.02189622,0.1522199,-4.148883,1.503466,-8.92744,0,0,34.70462,1,1,1000,1000
244808,27:30.0,IMU,201165335,0,0.0972181,0.01815766,0.1561297,-4.122478,1.516318,-8.929684,0,0,34.70599,1,1,1000,1000
244862,27:30.0,IMU,201205319,0,0.0966595,0.01734314,0.1604231,-4.096819,1.532243,-8.946386,0,0,34.70736,1,1,1000,1000
244960,27:30.1,IMU,201245303,0,0.099049,0.01575048,0.1644492,-4.072627,1.545279,-8.959395,0,0,34.70873,1,1,1000,1000
245011,27:30.1,IMU,201285287,0,0.1014558,0.01323252,0.1683661,-4.048201,1.560473,-8.978704,0,0,34.71011,1,1,1000,1000
245063,27:30.1,IMU,201325271,0,0.1008634,0.009746476,0.1724905,-4.022934,1.574055,-8.990719,0,0,34.71148,1,1,1000,1000
245162,27:30.2,IMU,201365255,0,0.1047876,0.007298367,0.1767347,-3.995318,1.588372,-8.993147,0,0,34.71285,1,1,1000,1000
245217,27:30.2,IMU,201405239,0,0.1029418,0.006895003,0.1811215,-3.970493,1.603792,-9.007258,0,0,34.71422,1,1,1000,1000
245317,27:30.3,IMU,201445223,0,0.103167,0.003057993,0.1851108,-3.948135,1.618411,-9.034843,0,0,34.71556,1,1,1000,1000
245371,27:30.3,IMU,201485207,0,0.1074774,0.001202334,0.1891039,-3.920043,1.633293,-9.039382,0,0,34.71693,1,1,1000,1000
245425,27:30.3,IMU,201525191,0,0.1103496,0.001399615,0.1929554,-3.894174,1.648768,-9.049433,0,0,34.7183,1,1,1000,1000
245526,27:30.4,IMU,201565175,0,0.1110216,-0.00025481,0.1969732,-3.86733,1.665002,-9.065331,0,0,34.71967,1,1,1000,1000
245580,27:30.4,IMU,201605159,0,0.1085486,-0.003340381,0.2010483,-3.841412,1.681013,-9.083218,0,0,34.72104,1,1,1000,1000
245679,27:30.5,IMU,201645143,0,0.1089895,-0.006282415,0.2048508,-3.815085,1.695923,-9.095964,0,0,34.72241,1,1,1000,1000
245730,27:30.5,IMU,201685127,0,0.1096492,-0.007320147,0.208622,-3.789066,1.71021,-9.107594,0,0,34.72378,1,1,1000,1000
245783,27:30.5,IMU,201725111,0,0.1110286,-0.007318033,0.2125163,-3.763059,1.727264,-9.119035,0,0,34.72515,1,1,1000,1000
245882,27:30.6,IMU,201765095,0,0.1101541,-0.008215046,0.2162338,-3.737461,1.743118,-9.134748,0,0,34.72652,1,1,1000,1000
245936,27:30.6,IMU,201805079,0,0.1075637,-0.006957872,0.2199981,-3.711569,1.758542,-9.144925,0,0,34.72789,1,1,1000,1000
246034,27:30.7,IMU,201845063,0,0.1086737,-0.005863624,0.2237077,-3.686345,1.773958,-9.157589,0,0,34.72929,1,1,1000,1000
246086,27:30.7,IMU,201885047,0,0.1052215,-7.16e-06,0.227588,-3.661146,1.789137,-9.170431,0,0,34.73066,1,1,1000,1000
246139,27:30.7,IMU,201925031,0,0.1009427,0.004496362,0.2312619,-3.637061,1.805028,-9.185589,0,0,34.73204,1,1,1000,1000
246238,27:30.8,IMU,201965015,0,0.09467957,0.00682174,0.2346457,-3.612006,1.819422,-9.195553,0,0,34.7334,1,1,1000,1000
246296,27:30.8,IMU,202004999,0,0.08772556,0.007125667,0.2375434,-3.589005,1.835474,-9.207676,0,0,34.73474,1,1,1000,1000
246396,27:30.9,IMU,202044983,0,0.08250876,0.006640258,0.2400661,-3.563616,1.84892,-9.217447,0,0,34.73611,1,1,999,999
246448,27:30.9,IMU,202084967,0,0.07704122,0.006261265,0.2423915,-3.539225,1.862105,-9.222342,0,0,34.73747,1,1,999,999
246500,27:30.9,IMU,202124951,0,0.0705872,0.002663211,0.2441674,-3.514348,1.87673,-9.236174,0,0,34.73885,1,1,999,999
246599,27:31.0,IMU,202164935,0,0.06321597,0.001870843,0.2455128,-3.490824,1.890107,-9.242359,0,0,34.74021,1,1,999,999
246653,27:31.0,IMU,202204919,0,0.05659391,-0.004288219,0.2463606,-3.466742,1.902153,-9.245526,0,0,34.74158,1,1,999,999
246751,27:31.1,IMU,202244903,0,0.0506426,-0.005382399,0.246623,-3.442519,1.915381,-9.245266,0,0,34.74295,1,1,999,999
246803,27:31.1,IMU,202284887,0,0.04449575,-0.00029658,0.2465347,-3.419131,1.927063,-9.251266,0,0,34.74432,1,1,999,999
246855,27:31.1,IMU,202324871,0,0.04124409,0.002397342,0.2455906,-3.39699,1.937637,-9.257338,0,0,34.74568,1,1,999,999
246954,27:31.2,IMU,202364855,0,0.0324395,0.01041245,0.2444954,-3.375221,1.950636,-9.26241,0,0,34.74705,1,1,999,999
247009,27:31.2,IMU,202404839,0,0.02628015,0.01594076,0.2428377,-3.355043,1.960681,-9.260078,0,0,34.74842,1,1,999,999
247109,27:31.3,IMU,202444823,0,0.02273379,0.02317565,0.2405366,-3.335564,1.969548,-9.267616,0,0,34.74978,1,1,999,999
247164,27:31.3,IMU,202484807,0,0.02289442,0.02797079,0.2376774,-3.316471,1.980563,-9.26832,0,0,34.75115,1,1,999,999
247217,27:31.3,IMU,202524791,0,0.01843943,0.03264368,0.2345937,-3.29888,1.990041,-9.264854,0,0,34.75252,1,1,999,999
247318,27:31.4,IMU,202564775,0,0.01700477,0.03020747,0.2308426,-3.282422,2.00103,-9.270404,0,0,34.75388,1,1,999,999
247372,27:31.4,IMU,202604759,0,0.01721255,0.03199173,0.2268453,-3.26382,2.007163,-9.255383,0,0,34.75525,1,1,999,999
247470,27:31.5,IMU,202644743,0,0.0156198,0.03408087,0.2227067,-3.24819,2.016742,-9.274111,0,0,34.75661,1,1,999,999
247521,27:31.5,IMU,202684727,0,0.01702531,0.03056043,0.2180314,-3.232032,2.024813,-9.262389,0,0,34.75798,1,1,999,999
247574,27:31.5,IMU,202724711,0,0.01448395,0.02755244,0.2135321,-3.21419,2.031155,-9.260887,0,0,34.75935,1,1,999,999
247673,27:31.6,IMU,202764695,0,0.01327048,0.02925462,0.2092243,-3.200281,2.040112,-9.266077,0,0,34.76071,1,1,999,999
247727,27:31.6,IMU,202804679,0,0.01185398,0.02928399,0.2047997,-3.185339,2.047117,-9.263249,0,0,34.76208,1,1,999,999
247825,27:31.7,IMU,202844663,0,0.01481287,0.02806012,0.2000659,-3.170275,2.052858,-9.259028,0,0,34.76344,1,1,999,999
247876,27:31.7,IMU,202884647,0,0.01330423,0.02593061,0.1954498,-3.155983,2.059024,-9.263352,0,0,34.7648,1,1,999,999
247930,27:31.7,IMU,202924631,0,0.0144009,0.02350817,0.1910356,-3.144346,2.064528,-9.261729,0,0,34.76617,1,1,999,999
248032,27:31.8,IMU,202964615,0,0.01182001,0.02130502,0.1866274,-3.12871,2.068814,-9.247736,0,0,34.76753,1,1,999,999
248086,27:31.8,IMU,203004599,0,0.01089963,0.01953042,0.1820344,-3.1177,2.073662,-9.258652,0,0,34.7689,1,1,999,999
248187,27:31.9,IMU,203044583,0,0.01001221,0.01928023,0.1777668,-3.104747,2.079224,-9.26069,0,0,34.77026,1,1,1000,1000
248239,27:31.9,IMU,203085400,0,0.009653351,0.02147012,0.1735573,-3.09466,2.083398,-9.262735,0,0,34.77166,1,1,1000,1000
248291,27:31.9,IMU,203125384,0,0.008465588,0.02207395,0.1694157,-3.082384,2.085777,-9.254581,0,0,34.77303,1,1,1000,1000
248390,27:32.0,IMU,203165368,0,0.007890938,0.02000005,0.1651984,-3.071426,2.09037,-9.250403,0,0,34.77439,1,1,1000,1000
248444,27:32.0,IMU,203205352,0,0.007198562,0.01779783,0.1611447,-3.060754,2.092388,-9.250956,0,0,34.77575,1,1,1000,1000
248542,27:32.1,IMU,203245336,0,0.006697977,0.0139068,0.1572337,-3.050571,2.095633,-9.247171,0,0,34.77711,1,1,1000,1000
248593,27:32.1,IMU,203285320,0,0.005610289,0.01266678,0.1536014,-3.040839,2.099379,-9.253786,0,0,34.77848,1,1,1000,1000
248645,27:32.1,IMU,203325304,0,0.004094328,0.01057352,0.1495933,-3.031308,2.099513,-9.245831,0,0,34.77984,1,1,1000,1000
248744,27:32.2,IMU,203365288,0,0.002165558,0.00829704,0.1454979,-3.021559,2.101737,-9.243629,0,0,34.7812,1,1,1000,1000
248801,27:32.2,IMU,203405272,0,0.002401728,0.007842816,0.1414443,-3.014179,2.103458,-9.24172,0,0,34.78256,1,1,1000,1000
248902,27:32.3,IMU,203445256,0,0.002410136,0.006701045,0.1378358,-3.004897,2.104955,-9.241159,0,0,34.78393,1,1,1000,1000
248956,27:32.3,IMU,203485240,0,0.000562231,0.005862784,0.1342676,-2.998594,2.105793,-9.247893,0,0,34.78529,1,1,1000,1000
249009,27:32.3,IMU,203525224,0,-0.002759906,0.001977802,0.1304795,-2.990722,2.106731,-9.243627,0,0,34.78662,1,1,1000,1000
249110,27:32.4,IMU,203565208,0,-0.007584534,-0.001439634,0.126735,-2.983536,2.106417,-9.23103,0,0,34.78798,1,1,1000,1000
249164,27:32.4,IMU,203605192,0,-0.008773273,-0.000832727,0.1229463,-2.975457,2.106586,-9.230796,0,0,34.78934,1,1,1000,1000
249263,27:32.5,IMU,203645176,0,-0.008713094,0.002299188,0.1194163,-2.971615,2.106556,-9.231129,0,0,34.7907,1,1,1000,1000
249314,27:32.5,IMU,203685160,0,-0.007428307,0.002319676,0.1154964,-2.96618,2.106053,-9.230686,0,0,34.79206,1,1,1000,1000
249367,27:32.5,IMU,203725144,0,-0.007277688,0.004387172,0.1118678,-2.96113,2.105637,-9.228209,0,0,34.79342,1,1,1000,1000
249466,27:32.6,IMU,203765128,0,-0.01169264,0.004134716,0.1083821,-2.955574,2.104947,-9.223722,0,0,34.79478,1,1,1000,1000
249520,27:32.6,IMU,203805112,0,-0.01597451,0.001869764,0.1051617,-2.953676,2.104206,-9.225775,0,0,34.79614,1,1,1000,1000
249618,27:32.7,IMU,203845096,0,-0.01691028,0.002281804,0.1016696,-2.949241,2.103607,-9.219812,0,0,34.79751,1,1,1000,1000
249669,27:32.7,IMU,203885080,0,-0.01811152,0.005010935,0.09826384,-2.945409,2.10146,-9.216032,0,0,34.79887,1,1,1000,1000
249721,27:32.7,IMU,203925064,0,-0.02031432,0.00399666,0.09468216,-2.941815,2.100691,-9.209849,0,0,34.80026,1,1,1000,1000
249822,27:32.8,IMU,203965048,0,-0.01904877,0.006348322,0.09117417,-2.940922,2.099036,-9.210619,0,0,34.80162,1,1,1000,1000
249876,27:32.8,IMU,204005032,0,-0.02239806,0.005245311,0.08774539,-2.939073,2.097055,-9.202475,0,0,34.80298,1,1,1000,1000
249977,27:32.9,IMU,204045016,0,-0.02387096,0.002530378,0.08424038,-2.938673,2.09576,-9.203405,0,0,34.80434,1,1,999,999
250029,27:32.9,IMU,204085000,0,-0.02639221,0.003594058,0.08082597,-2.937274,2.093773,-9.201854,0,0,34.8057,1,1,999,999
250081,27:32.9,IMU,204124984,0,-0.02595913,0.003455837,0.07714178,-2.934859,2.091,-9.191049,0,0,34.80702,1,1,999,999
250180,27:33.0,IMU,204164968,0,-0.02673252,0.001444157,0.07345048,-2.934649,2.089041,-9.187634,0,0,34.80838,1,1,999,999
250234,27:33.0,IMU,204204952,0,-0.02793881,-0.001811698,0.06977728,-2.934768,2.087551,-9.188382,0,0,34.80974,1,1,999,999
250332,27:33.1,IMU,204244936,0,-0.02812976,-0.000309721,0.06607058,-2.93532,2.085688,-9.18504,0,0,34.8111,1,1,999,999
250384,27:33.1,IMU,204284920,0,-0.03085602,-4.22e-05,0.06256227,-2.936339,2.082978,-9.17675,0,0,34.81246,1,1,999,999
250436,27:33.1,IMU,204324904,0,-0.03374663,0.000289195,0.05946071,-2.936198,2.080506,-9.169434,0,0,34.81382,1,1,999,999
250535,27:33.2,IMU,204364888,0,-0.03692284,0.000648655,0.05598874,-2.938726,2.077005,-9.175642,0,0,34.81517,1,1,999,999
250589,27:33.2,IMU,204404872,0,-0.03897432,0.000931754,0.05240369,-2.939784,2.074116,-9.166347,0,0,34.81653,1,1,999,999
250690,27:33.3,IMU,204444856,0,-0.03854814,0.001192032,0.04878358,-2.9417,2.071463,-9.159499,0,0,34.81789,1,1,999,999
250744,27:33.3,IMU,204484840,0,-0.03882492,0.00197137,0.04544557,-2.942962,2.069696,-9.153274,0,0,34.81925,1,1,999,999
250796,27:33.3,IMU,204524824,0,-0.04017279,0.001501115,0.04190044,-2.94694,2.066743,-9.157363,0,0,34.82061,1,1,999,999
250898,27:33.4,IMU,204564808,0,-0.03980349,0.002524778,0.03843512,-2.948692,2.064062,-9.151787,0,0,34.82196,1,1,999,999
250952,27:33.4,IMU,204604792,0,-0.04130865,0.002572407,0.03506453,-2.954225,2.059787,-9.137964,0,0,34.82332,1,1,999,999
251050,27:33.5,IMU,204644776,0,-0.04283291,0.002634116,0.0317901,-2.956044,2.057225,-9.132172,0,0,34.82468,1,1,999,999
251101,27:33.5,IMU,204684760,0,-0.04492852,0.002837691,0.02858865,-2.960901,2.054188,-9.13422,0,0,34.82603,1,1,999,999
251154,27:33.5,IMU,204724744,0,-0.04714295,0.00803972,0.02543117,-2.967058,2.052132,-9.133741,0,0,34.82739,1,1,999,999
251253,27:33.6,IMU,204764728,0,-0.04772736,0.007226657,0.02224394,-2.971775,2.048087,-9.12381,0,0,34.82874,1,1,999,999
251307,27:33.6,IMU,204804712,0,-0.04384332,0.00715891,0.01881355,-2.97644,2.044255,-9.118768,0,0,34.8301,1,1,999,999
251405,27:33.7,IMU,204844696,0,-0.03721392,0.01691718,0.01564629,-2.982159,2.042285,-9.118454,0,0,34.83146,1,1,999,999
251456,27:33.7,IMU,204884680,0,-0.02740226,0.02567537,0.01259782,-2.989169,2.039301,-9.111824,0,0,34.83281,1,1,999,999
251508,27:33.7,IMU,204924664,0,-0.01783976,0.03106995,0.009780794,-2.9971,2.037611,-9.113393,0,0,34.83417,1,1,999,999
251610,27:33.8,IMU,204964648,0,-0.01134014,0.02789592,0.007256774,-3.003808,2.035812,-9.109455,0,0,34.83553,1,1,999,999
251664,27:33.8,IMU,205004632,0,-0.005482446,0.02512765,0.005192287,-3.01069,2.037117,-9.114004,0,0,34.83688,1,1,999,999
251765,27:33.9,IMU,205044616,0,0.000215281,0.01841553,0.003189157,-3.015513,2.036362,-9.111202,0,0,34.83823,1,1,1000,1000
251817,27:33.9,IMU,205084600,0,0.001809075,0.009706113,0.001269303,-3.021565,2.035415,-9.104816,0,0,34.83959,1,1,1000,1000
251869,27:33.9,IMU,205124584,0,0.003860783,0.002664726,-0.000357411,-3.02707,2.035718,-9.104545,0,0,34.84094,1,1,1000,1000
251968,27:34.0,IMU,205165401,0,0.005048642,0.000409133,-0.001435909,-3.032729,2.033153,-9.099794,0,0,34.84233,1,1,1000,1000
252022,27:34.0,IMU,205205385,0,0.005300351,-0.002071429,-0.002257605,-3.035151,2.033324,-9.103454,0,0,34.84369,1,1,1000,1000
252120,27:34.1,IMU,205245369,0,0.003271959,-0.005115937,-0.002638428,-3.040472,2.03251,-9.10033,0,0,34.84504,1,1,1000,1000
252172,27:34.1,IMU,205285353,0,0.00030731,-0.00687911,-0.003092655,-3.042603,2.030794,-9.095036,0,0,34.84639,1,1,1000,1000
252224,27:34.1,IMU,205325337,0,-0.003508413,-0.008288575,-0.003346698,-3.046875,2.028433,-9.089894,0,0,34.84775,1,1,1000,1000
252323,27:34.2,IMU,205365321,0,-0.01074714,-0.01192442,-0.003651137,-3.05107,2.028114,-9.097127,0,0,34.8491,1,1,1000,1000
252377,27:34.2,IMU,205405305,0,-0.01656625,-0.01355096,-0.003809687,-3.056795,2.025742,-9.100992,0,0,34.85046,1,1,1000,1000
252477,27:34.3,IMU,205445289,0,-0.02162917,-0.01169971,-0.003888039,-3.059321,2.022734,-9.094816,0,0,34.85181,1,1,1000,1000
252532,27:34.3,IMU,205485273,0,-0.02564292,-0.006829446,-0.004125793,-3.064013,2.020166,-9.093238,0,0,34.85316,1,1,1000,1000
252584,27:34.3,IMU,205525257,0,-0.02950598,-0.005913807,-0.004601663,-3.068529,2.017229,-9.087229,0,0,34.85452,1,1,1000,1000
252686,27:34.4,IMU,205565241,0,-0.03364333,-0.005861782,-0.005360537,-3.074197,2.016266,-9.098854,0,0,34.85587,1,1,1000,1000
252741,27:34.4,IMU,205605225,0,-0.03670387,-0.004842976,-0.006422529,-3.077097,2.012359,-9.088317,0,0,34.85719,1,1,1000,1000
252839,27:34.5,IMU,205645209,0,-0.03906593,-0.007603679,-0.00768908,-3.083279,2.010421,-9.087507,0,0,34.85854,1,1,1000,1000
252890,27:34.5,IMU,205685193,0,-0.04046061,-0.006492796,-0.009077778,-3.088978,2.009084,-9.094415,0,0,34.85989,1,1,1000,1000
252943,27:34.5,IMU,205725177,0,-0.04163816,-0.00387581,-0.01074263,-3.094897,2.003951,-9.094049,0,0,34.86124,1,1,1000,1000
253042,27:34.6,IMU,205765161,0,-0.0431094,-0.001594304,-0.01244489,-3.099428,2.002107,-9.090226,0,0,34.86259,1,1,1000,1000
253096,27:34.6,IMU,205805145,0,-0.04256022,0.002068758,-0.01423259,-3.106024,2.000156,-9.090604,0,0,34.86395,1,1,1000,1000
253194,27:34.7,IMU,205845129,0,-0.04214654,0.003188865,-0.0160076,-3.113649,1.996923,-9.088537,0,0,34.8653,1,1,1000,1000
253245,27:34.7,IMU,205885113,0,-0.04371103,0.002882341,-0.01799811,-3.119845,1.996191,-9.099473,0,0,34.86665,1,1,1000,1000
253297,27:34.7,IMU,205925097,0,-0.04298032,0.003140852,-0.02008881,-3.126182,1.992305,-9.086149,0,0,34.868,1,1,1000,1000
253398,27:34.8,IMU,205965081,0,-0.04546279,0.005511858,-0.02193046,-3.134824,1.990715,-9.092018,0,0,34.86935,1,1,1000,1000
253453,27:34.8,IMU,206005065,0,-0.04611192,0.005567851,-0.02405337,-3.141344,1.988921,-9.093033,0,0,34.87074,1,1,1000,1000
253554,27:34.9,IMU,206045049,0,-0.04662285,0.007676895,-0.02626118,-3.1495,1.98473,-9.090497,0,0,34.87209,1,1,1000,1000
253606,27:34.9,IMU,206085033,0,-0.04493652,0.01050249,-0.0283916,-3.156732,1.98285,-9.078587,0,0,34.87344,1,1,1000,1000
253658,27:34.9,IMU,206125017,0,-0.04325886,0.008457685,-0.0309596,-3.164294,1.97915,-9.084417,0,0,34.87479,1,1,1000,1000
253757,27:35.0,IMU,206165001,0,-0.04287874,0.007906942,-0.03333342,-3.172534,1.976959,-9.077816,0,0,34.87614,1,1,1000,1000
253811,27:35.0,IMU,206204985,0,-0.04426925,0.007040187,-0.03557245,-3.180342,1.974869,-9.079458,0,0,34.87745,1,1,1000,1000
253909,27:35.1,IMU,206244969,0,-0.04548735,0.007509393,-0.03782183,-3.189402,1.97241,-9.084362,0,0,34.8788,1,1,1000,1000
253961,27:35.1,IMU,206284953,0,-0.046928,0.006482417,-0.04006285,-3.196958,1.969833,-9.07616,0,0,34.88015,1,1,1000,1000
254013,27:35.1,IMU,206324937,0,-0.0482793,0.006093798,-0.04214754,-3.205312,1.967007,-9.069309,0,0,34.8815,1,1,1000,1000
254112,27:35.2,IMU,206364921,0,-0.05101056,0.003912169,-0.04426116,-3.215322,1.963675,-9.076759,0,0,34.88285,1,1,1000,1000
254166,27:35.2,IMU,206404905,0,-0.05302736,0.003772326,-0.04672717,-3.2225,1.960934,-9.070385,0,0,34.8842,1,1,1000,1000
254266,27:35.3,IMU,206444889,0,-0.05431329,0.003658461,-0.04890972,-3.231831,1.956662,-9.065998,0,0,34.88554,1,1,1000,1000
254321,27:35.3,IMU,206484873,0,-0.05334831,0.003894004,-0.05119076,-3.243424,1.955012,-9.074934,0,0,34.88689,1,1,1000,1000
254373,27:35.3,IMU,206524857,0,-0.05238351,0.003336167,-0.05357666,-3.250542,1.95157,-9.063908,0,0,34.88824,1,1,1000,1000
254475,27:35.4,IMU,206564841,0,-0.05028367,0.004377848,-0.05571871,-3.258741,1.947955,-9.060732,0,0,34.88959,1,1,1000,1000
254530,27:35.4,IMU,206604825,0,-0.05023228,0.002834812,-0.05806568,-3.270874,1.94503,-9.072145,0,0,34.89094,1,1,1000,1000
254628,27:35.5,IMU,206644809,0,-0.05059591,0.003973976,-0.06020407,-3.278962,1.940767,-9.0646,0,0,34.89229,1,1,1000,1000
254679,27:35.5,IMU,206684793,0,-0.05254178,0.006674631,-0.06208704,-3.289699,1.937688,-9.06035,0,0,34.89363,1,1,1000,1000
254731,27:35.5,IMU,206724777,0,-0.05538281,0.005722021,-0.06427453,-3.299776,1.934074,-9.056765,0,0,34.89498,1,1,1000,1000
254831,27:35.6,IMU,206764761,0,-0.05580252,0.005997927,-0.06652663,-3.309758,1.930806,-9.054956,0,0,34.89633,1,1,1000,1000
254885,27:35.6,IMU,206804745,0,-0.05606419,0.00539417,-0.06858844,-3.320551,1.927038,-9.062174,0,0,34.89767,1,1,1000,1000
254983,27:35.7,IMU,206844729,0,-0.05606083,0.006302849,-0.07100073,-3.330961,1.923243,-9.056519,0,0,34.89902,1,1,1000,1000
255034,27:35.7,IMU,206884713,0,-0.05542922,-4.79e-05,-0.07364817,-3.342611,1.918044,-9.048673,0,0,34.90037,1,1,1000,1000
255086,27:35.7,IMU,206924697,0,-0.05655564,-0.001098857,-0.07606507,-3.354436,1.915118,-9.049339,0,0,34.90171,1,1,1000,1000
255187,27:35.8,IMU,206964681,0,-0.05666108,-0.000772039,-0.07830168,-3.364051,1.911162,-9.044311,0,0,34.90306,1,1,1000,1000
255242,27:35.8,IMU,207004665,0,-0.05948084,0.001160724,-0.08043092,-3.376515,1.908042,-9.045532,0,0,34.90441,1,1,1000,1000
255342,27:35.9,IMU,207044649,0,-0.05746548,0.001783229,-0.08286935,-3.386556,1.903397,-9.040331,0,0,34.90575,1,1,999,999
255395,27:35.9,IMU,207084633,0,-0.05801696,0.002503328,-0.08495498,-3.399332,1.897949,-9.036764,0,0,34.9071,1,1,999,999
255447,27:35.9,IMU,207124617,0,-0.05678245,0.000947979,-0.08751445,-3.411749,1.893677,-9.03886,0,0,34.90845,1,1,999,999
255546,27:36.0,IMU,207164601,0,-0.05765151,0.001252621,-0.08969699,-3.424001,1.888687,-9.033201,0,0,34.90979,1,1,999,999
255600,27:36.0,IMU,207204585,0,-0.06018036,0.002500446,-0.09160917,-3.435676,1.884532,-9.026905,0,0,34.91114,1,1,999,999
255698,27:36.1,IMU,207245402,0,-0.06343225,9.77481e-05,-0.0940128,-3.44852,1.878812,-9.029147,0,0,34.91251,1,1,999,999
255750,27:36.1,IMU,207285386,0,-0.06260943,0.003827417,-0.09631747,-3.462975,1.873162,-9.024005,0,0,34.91386,1,1,999,999
255802,27:36.1,IMU,207325370,0,-0.06091007,0.005441125,-0.09872911,-3.475075,1.867451,-9.01889,0,0,34.9152,1,1,999,999
255901,27:36.2,IMU,207365354,0,-0.06063615,0.001212246,-0.1011313,-3.490436,1.863111,-9.024918,0,0,34.91655,1,1,999,999
255957,27:36.2,IMU,207405338,0,-0.06233797,-0.001748709,-0.1033223,-3.503227,1.856879,-9.018108,0,0,34.91789,1,1,999,999
256057,27:36.3,IMU,207445322,0,-0.06690478,-0.001681904,-0.1053293,-3.515603,1.850799,-9.006895,0,0,34.91924,1,1,999,999
256111,27:36.3,IMU,207485306,0,-0.06492323,-0.002964427,-0.1077131,-3.531455,1.844564,-9.011354,0,0,34.92058,1,1,999,999
256164,27:36.3,IMU,207525290,0,-0.06272126,-0.00230626,-0.1102036,-3.543286,1.838489,-8.998575,0,0,34.92192,1,1,999,999
256266,27:36.4,IMU,207565274,0,-0.063368,-0.0053972,-0.112671,-3.559973,1.833632,-9.013118,0,0,34.92327,1,1,999,999
256321,27:36.4,IMU,207605258,0,-0.06554881,-0.004268799,-0.1149001,-3.572579,1.825258,-8.995444,0,0,34.92461,1,1,999,999
256419,27:36.5,IMU,207645242,0,-0.06593447,-0.007139236,-0.1172386,-3.586828,1.820341,-9.003961,0,0,34.92596,1,1,999,999
256470,27:36.5,IMU,207685226,0,-0.06454717,-0.006877857,-0.1196982,-3.601884,1.812707,-8.993649,0,0,34.92727,1,1,999,999
256522,27:36.5,IMU,207725210,0,-0.06639692,-0.0158498,-0.1221887,-3.617194,1.807898,-8.991366,0,0,34.92861,1,1,999,999
256622,27:36.6,IMU,207765194,0,-0.06667688,-0.01994436,-0.1248742,-3.63302,1.800036,-8.987013,0,0,34.92995,1,1,999,999
256676,27:36.6,IMU,207805178,0,-0.06176693,-0.0218412,-0.127807,-3.646261,1.793288,-8.979555,0,0,34.93129,1,1,999,999
256774,27:36.7,IMU,207845162,0,-0.05630881,-0.03006877,-0.1308867,-3.66163,1.785365,-8.978941,0,0,34.93264,1,1,999,999
256828,27:36.7,IMU,207885146,0,-0.05089051,-0.0285175,-0.1336182,-3.675101,1.779849,-8.978844,0,0,34.93398,1,1,999,999
256880,27:36.7,IMU,207925130,0,-0.0484709,-0.02847849,-0.1358986,-3.691126,1.770418,-8.966662,0,0,34.93532,1,1,999,999
256983,27:36.8,IMU,207965114,0,-0.04152933,-0.02850201,-0.138038,-3.706625,1.764904,-8.964709,0,0,34.93666,1,1,999,999
257037,27:36.8,IMU,208005098,0,-0.04188688,-0.03140566,-0.1396854,-3.723838,1.759221,-8.968874,0,0,34.938,1,1,999,999
257138,27:36.9,IMU,208045082,0,-0.03556544,-0.03379927,-0.1411714,-3.739098,1.751096,-8.953291,0,0,34.93935,1,1,1000,1000
257191,27:36.9,IMU,208085066,0,-0.03340576,-0.04045752,-0.1425005,-3.755811,1.745572,-8.958706,0,0,34.94072,1,1,1000,1000
257243,27:36.9,IMU,208125050,0,-0.02636327,-0.04765138,-0.1437975,-3.772598,1.7386,-8.945938,0,0,34.94206,1,1,1000,1000
257342,27:37.0,IMU,208165034,0,-0.02159979,-0.06116941,-0.1446788,-3.788034,1.732546,-8.941223,0,0,34.9434,1,1,1000,1000
257396,27:37.0,IMU,208205018,0,-0.01763147,-0.07018078,-0.1456149,-3.802245,1.726549,-8.940697,0,0,34.94474,1,1,1000,1000
257494,27:37.1,IMU,208245002,0,-0.01411512,-0.08427864,-0.1465203,-3.815211,1.719442,-8.920079,0,0,34.94608,1,1,1000,1000
257546,27:37.1,IMU,208284986,0,-0.01196204,-0.09198316,-0.1467672,-3.828063,1.713717,-8.919662,0,0,34.94739,1,1,1000,1000
257598,27:37.1,IMU,208324970,0,-0.01023539,-0.09629755,-0.1468696,-3.839582,1.707393,-8.911109,0,0,34.94873,1,1,1000,1000
257697,27:37.2,IMU,208364954,0,-0.008813092,-0.07739894,-0.146012,-3.857432,1.700627,-8.913386,0,0,34.95007,1,1,1000,1000
257751,27:37.2,IMU,208404938,0,-0.003666114,-0.05921865,-0.1447798,-3.875003,1.695343,-8.907286,0,0,34.95141,1,1,1000,1000
257851,27:37.3,IMU,208444922,0,-0.006803662,-0.04360224,-0.1422691,-3.897371,1.688241,-8.906181,0,0,34.95275,1,1,1000,1000
257905,27:37.3,IMU,208484906,0,-0.002294536,-0.03135218,-0.1396153,-3.91952,1.6818,-8.900492,0,0,34.95409,1,1,1000,1000
257957,27:37.3,IMU,208524890,0,-3.08e-05,-0.02280753,-0.1364801,-3.943073,1.676128,-8.897383,0,0,34.95543,1,1,1000,1000
258059,27:37.4,IMU,208564874,0,-0.002329795,-0.01623521,-0.1328363,-3.966625,1.670604,-8.890601,0,0,34.95677,1,1,1000,1000
258115,27:37.4,IMU,208604858,0,-0.001787504,-0.01362721,-0.1288943,-3.989595,1.6643,-8.872849,0,0,34.95811,1,1,1000,1000
258213,27:37.5,IMU,208644842,0,0.002114423,-0.01145297,-0.1252577,-4.014226,1.657793,-8.869,0,0,34.95945,1,1,1000,1000
258264,27:37.5,IMU,208684826,0,-7.9e-05,-0.009569918,-0.1210299,-4.038001,1.651196,-8.860079,0,0,34.96078,1,1,1000,1000
258316,27:37.5,IMU,208724810,0,0.000394522,-0.008075699,-0.1173869,-4.058836,1.645752,-8.845222,0,0,34.96212,1,1,1000,1000
258416,27:37.6,IMU,208764794,0,0.004402287,-0.00563605,-0.1139762,-4.082076,1.640777,-8.833445,0,0,34.96346,1,1,1000,1000
258470,27:37.6,IMU,208804778,0,0.007610934,-0.001744267,-0.1106038,-4.103243,1.635975,-8.825699,0,0,34.9648,1,1,1000,1000
258568,27:37.7,IMU,208844762,0,0.01004896,-0.000298374,-0.1073909,-4.123592,1.631133,-8.810196,0,0,34.96614,1,1,1000,1000
258619,27:37.7,IMU,208884746,0,0.01284916,0.000643698,-0.1040614,-4.144945,1.62878,-8.79683,0,0,34.96748,1,1,1000,1000
258671,27:37.7,IMU,208924730,0,0.01398922,-0.000478414,-0.1007845,-4.163909,1.624243,-8.785294,0,0,34.96881,1,1,1000,1000
258772,27:37.8,IMU,208964714,0,0.01404115,0.00021516,-0.09750593,-4.184285,1.621306,-8.775549,0,0,34.97015,1,1,1000,1000
258826,27:37.8,IMU,209004698,0,0.01480892,0.000613873,-0.09447342,-4.203506,1.617752,-8.767383,0,0,34.97149,1,1,1000,1000
258927,27:37.9,IMU,209044682,0,0.0161166,-0.001181231,-0.09175333,-4.220538,1.615284,-8.753319,0,0,34.97282,1,1,999,999
258980,27:37.9,IMU,209084666,0,0.01725894,-0.004617653,-0.08927946,-4.236539,1.611472,-8.744297,0,0,34.97416,1,1,999,999
259032,27:37.9,IMU,209124650,0,0.01753948,-0.005132683,-0.08673118,-4.25334,1.609839,-8.73314,0,0,34.9755,1,1,999,999
259131,27:38.0,IMU,209164634,0,0.01891792,-0.004492852,-0.0842254,-4.269749,1.606842,-8.723923,0,0,34.97684,1,1,999,999
259185,27:38.0,IMU,209204618,0,0.01999637,-0.006509831,-0.0817724,-4.283832,1.605446,-8.712496,0,0,34.97817,1,1,999,999
259283,27:38.1,IMU,209244602,0,0.02299231,-0.005121997,-0.07937853,-4.298059,1.601994,-8.707798,0,0,34.97951,1,1,999,999
259335,27:38.1,IMU,209284586,0,0.02779239,-0.007407995,-0.07734181,-4.311755,1.600278,-8.696655,0,0,34.98084,1,1,999,999
259387,27:38.1,IMU,209325403,0,0.03015203,-0.009614985,-0.07518142,-4.327534,1.598223,-8.688817,0,0,34.98221,1,1,999,999
259486,27:38.2,IMU,209365387,0,0.03090282,-0.00945717,-0.07281788,-4.339359,1.596719,-8.678266,0,0,34.98355,1,1,999,999
259540,27:38.2,IMU,209405371,0,0.03092562,-0.009607268,-0.07008898,-4.351091,1.595266,-8.66759,0,0,34.98488,1,1,999,999
259640,27:38.3,IMU,209445355,0,0.03121714,-0.007879904,-0.06754392,-4.364171,1.594395,-8.662429,0,0,34.98622,1,1,999,999
259694,27:38.3,IMU,209485339,0,0.03231631,-0.008260089,-0.0652569,-4.375796,1.591863,-8.654965,0,0,34.98756,1,1,999,999
259746,27:38.3,IMU,209525323,0,0.03307888,-0.01077969,-0.06312929,-4.387465,1.591294,-8.654439,0,0,34.98889,1,1,999,999
259848,27:38.4,IMU,209565307,0,0.03518178,-0.01029527,-0.06090626,-4.397313,1.59012,-8.644008,0,0,34.99023,1,1,999,999
259904,27:38.4,IMU,209605291,0,0.03391707,-0.01219793,-0.05847028,-4.407625,1.588423,-8.630363,0,0,34.99156,1,1,999,999
260002,27:38.5,IMU,209645275,0,0.03565298,-0.01014099,-0.05588819,-4.418443,1.588504,-8.633415,0,0,34.99289,1,1,999,999
260053,27:38.5,IMU,209685259,0,0.03732181,-0.008472133,-0.05353337,-4.428043,1.586678,-8.6318,0,0,34.99422,1,1,999,999
260105,27:38.5,IMU,209725243,0,0.03770133,-0.01065829,-0.05136676,-4.438094,1.585231,-8.627626,0,0,34.99556,1,1,999,999
260205,27:38.6,IMU,209765227,0,0.03661906,-0.01188794,-0.04920235,-4.446141,1.584896,-8.614478,0,0,34.99686,1,1,999,999
260259,27:38.6,IMU,209805211,0,0.03722704,-0.01280611,-0.04686699,-4.454566,1.583624,-8.607298,0,0,34.9982,1,1,999,999
260357,27:38.7,IMU,209845195,0,0.03966365,-0.008646507,-0.04451068,-4.464114,1.581966,-8.598892,0,0,34.99953,1,1,999,999
260408,27:38.7,IMU,209885179,0,0.04268937,-0.007204231,-0.04234424,-4.472034,1.582786,-8.596909,0,0,35.00086,1,1,999,999
260461,27:38.7,IMU,209925163,0,0.04287584,-0.008722842,-0.04016551,-4.479668,1.579942,-8.592378,0,0,35.0022,1,1,999,999
260561,27:38.8,IMU,209965147,0,0.04222575,-0.01161251,-0.03828166,-4.488078,1.580915,-8.593076,0,0,35.00353,1,1,999,999
260615,27:38.8,IMU,210005131,0,0.04062694,-0.01205511,-0.0359212,-4.49572,1.580055,-8.585618,0,0,35.00486,1,1,999,999
260715,27:38.9,IMU,210045115,0,0.03929155,-0.01160698,-0.03342718,-4.501744,1.576675,-8.579819,0,0,35.0062,1,1,1000,1000
260769,27:38.9,IMU,210085099,0,0.03877141,-0.009694267,-0.03104384,-4.50802,1.576235,-8.57924,0,0,35.00753,1,1,1000,1000
260821,27:38.9,IMU,210125083,0,0.03609307,-0.007983825,-0.02862003,-4.515322,1.575274,-8.576895,0,0,35.00886,1,1,1000,1000
260920,27:39.0,IMU,210165067,0,0.03463444,-0.008094084,-0.026544,-4.520242,1.572901,-8.56998,0,0,35.01019,1,1,1000,1000
260974,27:39.0,IMU,210205051,0,0.03246526,-0.008098166,-0.0242977,-4.527562,1.572272,-8.567408,0,0,35.01155,1,1,1000,1000
261072,27:39.1,IMU,210245035,0,0.03048763,-0.006736145,-0.02201146,-4.534558,1.570521,-8.562618,0,0,35.01289,1,1,1000,1000
261124,27:39.1,IMU,210285019,0,0.03060452,-0.008731351,-0.01985099,-4.538589,1.569072,-8.555807,0,0,35.01422,1,1,1000,1000
261176,27:39.1,IMU,210325003,0,0.03085365,-0.007126958,-0.01753699,-4.544779,1.568055,-8.558599,0,0,35.01555,1,1,1000,1000
261275,27:39.2,IMU,210364987,0,0.03040984,-0.005889703,-0.01533483,-4.550539,1.567244,-8.558689,0,0,35.01685,1,1,1000,1000
261329,27:39.2,IMU,210404971,0,0.0294069,-0.004736956,-0.01335609,-4.554727,1.564804,-8.552713,0,0,35.01818,1,1,1000,1000
261429,27:39.3,IMU,210444955,0,0.0289647,-0.003680877,-0.01170337,-4.56025,1.56398,-8.554109,0,0,35.01951,1,1,1000,1000
261483,27:39.3,IMU,210484939,0,0.02918715,-0.005602489,-0.01011398,-4.564916,1.562512,-8.551704,0,0,35.02084,1,1,1000,1000
261535,27:39.3,IMU,210524923,0,0.02710221,-0.006216413,-0.008462016,-4.567772,1.561771,-8.540474,0,0,35.02217,1,1,1000,1000
261636,27:39.4,IMU,210564907,0,0.02372525,-0.005719244,-0.006558011,-4.573621,1.558273,-8.541204,0,0,35.0235,1,1,1000,1000
261693,27:39.4,IMU,210604891,0,0.01695372,-0.003779864,-0.004329479,-4.577043,1.558115,-8.541471,0,0,35.02483,1,1,1000,1000
261791,27:39.5,IMU,210644875,0,0.01432924,0.000222117,-0.0020377,-4.581696,1.555177,-8.533864,0,0,35.02616,1,1,1000,1000
261842,27:39.5,IMU,210684859,0,0.01023876,0.000453416,-8.55e-05,-4.586732,1.555223,-8.537189,0,0,35.02749,1,1,1000,1000
261894,27:39.5,IMU,210724843,0,0.003941447,0.000802693,0.001925721,-4.59051,1.551925,-8.53463,0,0,35.02882,1,1,1000,1000
261994,27:39.6,IMU,210764827,0,-0.002142492,0.001763914,0.00372586,-4.593724,1.549904,-8.530788,0,0,35.03015,1,1,1000,1000
262048,27:39.6,IMU,210804811,0,-0.005428552,0.004938328,0.005277717,-4.597716,1.547194,-8.527786,0,0,35.03148,1,1,1000,1000
262146,27:39.7,IMU,210844795,0,-0.00680211,0.005523492,0.00672494,-4.599734,1.543553,-8.525042,0,0,35.03281,1,1,1000,1000
262197,27:39.7,IMU,210884779,0,-0.008747711,0.006206297,0.007899238,-4.604647,1.542577,-8.532331,0,0,35.03414,1,1,1000,1000
262250,27:39.7,IMU,210924763,0,-0.009324959,0.007386788,0.008547825,-4.607184,1.539197,-8.527004,0,0,35.03547,1,1,1000,1000
262350,27:39.8,IMU,210964747,0,-0.009546923,0.009059322,0.008822534,-4.612772,1.538363,-8.52512,0,0,35.03679,1,1,1000,1000
262404,27:39.8,IMU,211004731,0,-0.01061269,0.01030014,0.009113761,-4.614697,1.535493,-8.522614,0,0,35.03812,1,1,1000,1000
262504,27:39.9,IMU,211044715,0,-0.01157425,0.008579952,0.009057049,-4.617391,1.533696,-8.522473,0,0,35.03945,1,1,1000,1000
262556,27:39.9,IMU,211084699,0,-0.009013476,0.008086624,0.008515432,-4.6208,1.532276,-8.519459,0,0,35.04078,1,1,1000,1000
262610,27:39.9,IMU,211124683,0,-0.009332808,0.007442352,0.008193983,-4.622576,1.53077,-8.518961,0,0,35.04211,1,1,1000,1000
262709,27:40.0,IMU,211164667,0,-0.01136261,0.006818769,0.008005442,-4.625447,1.527828,-8.517998,0,0,35.04343,1,1,1000,1000
262763,27:40.0,IMU,211204651,0,-0.01341357,0.006321565,0.007933551,-4.627999,1.527887,-8.517978,0,0,35.04476,1,1,1000,1000
262861,27:40.1,IMU,211244635,0,-0.01174739,0.005908004,0.007445857,-4.630164,1.526545,-8.513618,0,0,35.04609,1,1,1000,1000
262913,27:40.1,IMU,211284619,0,-0.01040463,0.005541788,0.007097033,-4.631174,1.524601,-8.515266,0,0,35.04742,1,1,1000,1000
262965,27:40.1,IMU,211324603,0,-0.01017261,0.00525741,0.007164251,-4.633694,1.524179,-8.519016,0,0,35.04874,1,1,1000,1000
263064,27:40.2,IMU,211364587,0,-0.009341861,0.005509523,0.007252072,-4.635952,1.522953,-8.517262,0,0,35.05007,1,1,1000,1000
263118,27:40.2,IMU,211405404,0,-0.008182101,0.007338115,0.00719523,-4.637254,1.523324,-8.517961,0,0,35.05143,1,1,1000,1000
263220,27:40.3,IMU,211445388,0,-0.006331285,0.007806629,0.007186421,-4.639608,1.522075,-8.516706,0,0,35.05276,1,1,1000,1000
263274,27:40.3,IMU,211485372,0,-0.005159367,0.007762233,0.007109934,-4.641793,1.523807,-8.519493,0,0,35.05408,1,1,1000,1000
263326,27:40.3,IMU,211525356,0,-0.003787103,0.007561813,0.006785762,-4.643888,1.522558,-8.517799,0,0,35.05541,1,1,1000,1000
263427,27:40.4,IMU,211565340,0,-0.004299454,0.007463385,0.006462737,-4.646134,1.523135,-8.515267,0,0,35.05673,1,1,1000,1000
263484,27:40.4,IMU,211605324,0,-0.006488945,0.007048003,0.006246683,-4.646971,1.522617,-8.512119,0,0,35.05806,1,1,1000,1000
263582,27:40.5,IMU,211645308,0,-0.005488415,0.006528545,0.005679219,-4.647546,1.522704,-8.50987,0,0,35.05938,1,1,1000,1000
263633,27:40.5,IMU,211685292,0,-0.006002274,0.004888767,0.005158734,-4.651105,1.52453,-8.515645,0,0,35.06071,1,1,1000,1000
263685,27:40.5,IMU,211725276,0,-0.006695583,0.005083374,0.005016434,-4.651685,1.523716,-8.515454,0,0,35.06203,1,1,1000,1000
263785,27:40.6,IMU,211765260,0,-0.007445794,0.005309373,0.004930584,-4.653461,1.523802,-8.512587,0,0,35.06336,1,1,1000,1000
263839,27:40.6,IMU,211805244,0,-0.006877857,0.005633437,0.00479785,-4.653356,1.523376,-8.510626,0,0,35.06469,1,1,1000,1000
263937,27:40.7,IMU,211845228,0,-0.005822591,0.006299736,0.004782183,-4.65505,1.524283,-8.51062,0,0,35.06598,1,1,1000,1000
263988,27:40.7,IMU,211885212,0,-0.003470347,0.004489962,0.004847091,-4.653246,1.524906,-8.507189,0,0,35.0673,1,1,1000,1000
264041,27:40.7,IMU,211925196,0,-0.00272054,0.005074179,0.005113798,-4.655474,1.525026,-8.506958,0,0,35.06863,1,1,1000,1000
264141,27:40.8,IMU,211965180,0,-0.002916364,0.004649848,0.005119945,-4.655704,1.52701,-8.514967,0,0,35.06995,1,1,1000,1000
264195,27:40.8,IMU,212005164,0,-0.002642096,0.005062687,0.004979199,-4.656172,1.526103,-8.510933,0,0,35.07127,1,1,1000,1000
264295,27:40.9,IMU,212045148,0,-0.001553393,0.003800625,0.004783486,-4.657633,1.526395,-8.51091,0,0,35.0726,1,1,999,999
264347,27:40.9,IMU,212085132,0,-0.001284558,0.003627216,0.0046027,-4.658232,1.528422,-8.507505,0,0,35.07392,1,1,999,999
264401,27:40.9,IMU,212125116,0,-0.001482817,0.003886115,0.004473493,-4.658463,1.529179,-8.507923,0,0,35.07524,1,1,999,999
264500,27:41.0,IMU,212165100,0,-0.001866079,0.005129413,0.004346923,-4.658465,1.529835,-8.505814,0,0,35.07657,1,1,999,999
264554,27:41.0,IMU,212205084,0,-0.003239165,0.005470414,0.004331457,-4.65891,1.530011,-8.508258,0,0,35.07789,1,1,999,999
264652,27:41.1,IMU,212245068,0,-0.003926334,0.005894282,0.004387972,-4.659509,1.531972,-8.507718,0,0,35.07921,1,1,999,999
264704,27:41.1,IMU,212285052,0,-0.00353235,0.006836204,0.004335155,-4.659721,1.531366,-8.508108,0,0,35.08057,1,1,999,999
264756,27:41.1,IMU,212325036,0,-0.003482542,0.006158083,0.004291124,-4.659455,1.533498,-8.505134,0,0,35.08189,1,1,999,999
264855,27:41.2,IMU,212365020,0,-0.004524414,0.006611758,0.004376196,-4.660854,1.534075,-8.506604,0,0,35.08321,1,1,999,999
264909,27:41.2,IMU,212405004,0,-0.004617607,0.007340985,0.004340296,-4.65942,1.53554,-8.505644,0,0,35.08453,1,1,999,999
265009,27:41.3,IMU,212444988,0,-0.004398254,0.006357367,0.004352345,-4.658693,1.535369,-8.503478,0,0,35.08582,1,1,999,999
265064,27:41.3,IMU,212484972,0,-0.002239533,0.006094993,0.004307662,-4.661842,1.537686,-8.503553,0,0,35.08715,1,1,999,999
265116,27:41.3,IMU,212524956,0,-0.000102334,0.006382343,0.004170521,-4.660048,1.537776,-8.503508,0,0,35.08847,1,1,999,999
265217,27:41.4,IMU,212564940,0,-0.000244523,0.006609422,0.0041963,-4.660542,1.53968,-8.504032,0,0,35.08979,1,1,999,999
265273,27:41.4,IMU,212604924,0,-0.000634262,0.006316449,0.004177673,-4.660665,1.540686,-8.503201,0,0,35.09111,1,1,999,999
265372,27:41.5,IMU,212644908,0,-0.000544289,0.006126115,0.004139557,-4.659358,1.542077,-8.504198,0,0,35.09243,1,1,999,999
265423,27:41.5,IMU,212684892,0,-0.000879768,0.005173738,0.004244506,-4.661852,1.542248,-8.503569,0,0,35.09375,1,1,999,999
265475,27:41.5,IMU,212724876,0,-0.001032683,0.004966885,0.004259314,-4.659276,1.542281,-8.501616,0,0,35.09507,1,1,999,999
265575,27:41.6,IMU,212764860,0,-0.002068066,0.004040753,0.004295851,-4.660853,1.544499,-8.504515,0,0,35.09639,1,1,999,999
265629,27:41.6,IMU,212804844,0,-0.003460553,0.003339348,0.004276786,-4.659936,1.547,-8.502281,0,0,35.09771,1,1,999,999
265727,27:41.7,IMU,212844828,0,-0.002883737,0.003350631,0.004229939,-4.659283,1.547222,-8.501822,0,0,35.09904,1,1,999,999
265778,27:41.7,IMU,212884812,0,-0.001295007,0.003100263,0.004014236,-4.65928,1.550118,-8.501923,0,0,35.10036,1,1,999,999
265831,27:41.7,IMU,212924796,0,0.000538038,0.003004052,0.003893689,-4.659454,1.54959,-8.502429,0,0,35.10168,1,1,999,999
265931,27:41.8,IMU,212964780,0,0.000548707,0.002858887,0.003857874,-4.659715,1.550798,-8.499864,0,0,35.103,1,1,999,999
265985,27:41.8,IMU,213004764,0,0.000828403,0.002410139,0.003870599,-4.658215,1.552204,-8.502991,0,0,35.10431,1,1,999,999
266087,27:41.9,IMU,213044748,0,0.003684363,0.002020509,0.003573474,-4.658349,1.554879,-8.499707,0,0,35.10563,1,1,1000,1000
266138,27:41.9,IMU,213084732,0,0.003396676,0.002526576,0.003556987,-4.658461,1.556113,-8.503907,0,0,35.10695,1,1,1000,1000
266192,27:41.9,IMU,213124716,0,0.005637009,0.001442331,0.003282305,-4.658179,1.556924,-8.499594,0,0,35.10827,1,1,1000,1000
266292,27:42.0,IMU,213164700,0,0.002666545,0.001997054,0.00345146,-4.656695,1.55997,-8.502508,0,0,35.10959,1,1,1000,1000
266346,27:42.0,IMU,213204684,0,0.002857126,0.001563815,0.003366779,-4.658163,1.56027,-8.504082,0,0,35.11091,1,1,1000,1000
266444,27:42.1,IMU,213244668,0,0.002447196,0.00220149,0.003207243,-4.657306,1.56086,-8.502371,0,0,35.11223,1,1,1000,1000
266496,27:42.1,IMU,213284652,0,0.002684848,0.002094525,0.003109794,-4.656448,1.562369,-8.501957,0,0,35.11354,1,1,1000,1000
266548,27:42.1,IMU,213324636,0,0.001997962,0.002097866,0.003065474,-4.656931,1.565175,-8.501425,0,0,35.11486,1,1,1000,1000
266647,27:42.2,IMU,213364620,0,0.001435404,0.001948544,0.003030016,-4.656724,1.566245,-8.499757,0,0,35.11618,1,1,1000,1000
266701,27:42.2,IMU,213404604,0,0.001797912,0.003148989,0.0030343,-4.656356,1.567113,-8.502007,0,0,35.1175,1,1,1000,1000
266801,27:42.3,IMU,213444588,0,0.002015305,0.003061794,0.003012832,-4.654937,1.567784,-8.500019,0,0,35.11882,1,1,1000,1000
266855,27:42.3,IMU,213485405,0,0.001287718,0.003433828,0.003001826,-4.655672,1.56915,-8.500763,0,0,35.12017,1,1,1000,1000
266907,27:42.3,IMU,213525389,0,0.001756535,0.00399664,0.002956289,-4.654702,1.570968,-8.499684,0,0,35.12148,1,1,1000,1000
267008,27:42.4,IMU,213565373,0,0.002296979,0.004003814,0.002807046,-4.65527,1.572006,-8.503797,0,0,35.1228,1,1,1000,1000
267063,27:42.4,IMU,213605357,0,0.002150247,0.004270826,0.002816031,-4.654624,1.574443,-8.498991,0,0,35.12412,1,1,1000,1000
267163,27:42.5,IMU,213645341,0,0.004162204,0.003885553,0.002471439,-4.653183,1.574895,-8.500919,0,0,35.12543,1,1,1000,1000
267214,27:42.5,IMU,213685325,0,0.00459739,0.003852907,0.002437546,-4.65482,1.57555,-8.499081,0,0,35.12675,1,1,1000,1000
267266,27:42.5,IMU,213725309,0,0.005051507,0.004610741,0.002401248,-4.654006,1.577095,-8.500541,0,0,35.12807,1,1,1000,1000
267366,27:42.6,IMU,213765293,0,0.005107107,0.004609078,0.002474388,-4.653815,1.578776,-8.499628,0,0,35.12938,1,1,1000,1000
267420,27:42.6,IMU,213805277,0,0.003960009,0.004560013,0.002560153,-4.65314,1.577711,-8.499369,0,0,35.1307,1,1,1000,1000
267518,27:42.7,IMU,213845261,0,0.005638951,0.004575003,0.002556669,-4.654062,1.579977,-8.501785,0,0,35.13202,1,1,1000,1000
267569,27:42.7,IMU,213885245,0,0.006953564,0.003455734,0.002490932,-4.652916,1.581949,-8.50031,0,0,35.13333,1,1,1000,1000
267622,27:42.7,IMU,213925229,0,0.004931504,0.003472437,0.002586157,-4.652081,1.582198,-8.498396,0,0,35.13461,1,1,1000,1000
267722,27:42.8,IMU,213965213,0,0.004150094,0.002216239,0.002479192,-4.652412,1.581769,-8.498841,0,0,35.13593,1,1,1000,1000
267776,27:42.8,IMU,214005197,0,0.001309196,0.002385044,0.002566139,-4.653187,1.584651,-8.501072,0,0,35.13725,1,1,1000,1000
267876,27:42.9,IMU,214045181,0,0.003139417,0.002026834,0.002397083,-4.653735,1.584856,-8.499971,0,0,35.13856,1,1,999,999
267927,27:42.9,IMU,214085165,0,0.002466606,0.002052543,0.002514203,-4.653111,1.585817,-8.499681,0,0,35.13987,1,1,999,999
267980,27:42.9,IMU,214125149,0,0.00219103,0.001538823,0.002612573,-4.652877,1.586423,-8.498295,0,0,35.14119,1,1,999,999
268081,27:43.0,IMU,214165133,0,0.003915015,0.001192739,0.002675379,-4.65085,1.586203,-8.499701,0,0,35.1425,1,1,999,999
268135,27:43.0,IMU,214205117,0,0.002428153,0.001100046,0.003050335,-4.653553,1.589131,-8.50522,0,0,35.14382,1,1,999,999
268233,27:43.1,IMU,214245101,0,0.005744063,0.001101841,0.003134414,-4.65172,1.588255,-8.49625,0,0,35.14513,1,1,999,999
268285,27:43.1,IMU,214285085,0,0.005324733,0.002143165,0.003206952,-4.651775,1.589746,-8.498171,0,0,35.14645,1,1,999,999
268337,27:43.1,IMU,214325069,0,0.003155288,0.003557044,0.003455225,-4.652745,1.590829,-8.49859,0,0,35.14776,1,1,999,999
268436,27:43.2,IMU,214365053,0,0.003331696,0.003925496,0.003422518,-4.651947,1.590776,-8.497386,0,0,35.14911,1,1,999,999
268490,27:43.2,IMU,214405037,0,0.002589996,0.003856672,0.003413943,-4.651701,1.591517,-8.496635,0,0,35.15042,1,1,999,999
268590,27:43.3,IMU,214445021,0,0.001234192,0.004004019,0.003404795,-4.650956,1.591447,-8.494129,0,0,35.15173,1,1,999,999
268644,27:43.3,IMU,214485005,0,0.001635401,0.00384414,0.00337771,-4.651461,1.593387,-8.497543,0,0,35.15305,1,1,999,999
268696,27:43.3,IMU,214524989,0,0.002009591,0.003320502,0.00343209,-4.651776,1.593778,-8.500177,0,0,35.15433,1,1,999,999
268797,27:43.4,IMU,214564973,0,0.000947935,0.003315579,0.003416208,-4.651547,1.594742,-8.497143,0,0,35.15564,1,1,999,999
268852,27:43.4,IMU,214604957,0,0.000270141,0.003717365,0.003366129,-4.651759,1.595541,-8.497413,0,0,35.15695,1,1,999,999
268951,27:43.5,IMU,214644941,0,0.001852385,0.004619055,0.003275128,-4.651834,1.595666,-8.497016,0,0,35.15826,1,1,999,999
269003,27:43.5,IMU,214684925,0,0.001517194,0.004973505,0.003331023,-4.650799,1.595826,-8.494776,0,0,35.15958,1,1,999,999
269055,27:43.5,IMU,214724909,0,0.003184763,0.00415537,0.003155362,-4.651707,1.597567,-8.496864,0,0,35.16089,1,1,999,999
269155,27:43.6,IMU,214764893,0,0.00097029,0.005325689,0.003443444,-4.650963,1.596582,-8.501917,0,0,35.1622,1,1,999,999
269209,27:43.6,IMU,214804877,0,0.000968166,0.005470821,0.003653093,-4.652268,1.597335,-8.497581,0,0,35.16351,1,1,999,999
269307,27:43.7,IMU,214844861,0,0.000982163,0.005694171,0.003730863,-4.651328,1.598059,-8.496839,0,0,35.16482,1,1,999,999
269358,27:43.7,IMU,214884845,0,0.002271754,0.0048047,0.003725592,-4.651838,1.598108,-8.494287,0,0,35.16613,1,1,999,999
269411,27:43.7,IMU,214924829,0,0.001136628,0.004421367,0.003702389,-4.650879,1.599381,-8.498228,0,0,35.16744,1,1,999,999
269511,27:43.8,IMU,214964813,0,0.000857007,0.002864832,0.003500267,-4.650659,1.600142,-8.497892,0,0,35.16875,1,1,999,999
269565,27:43.8,IMU,215004797,0,0.001046814,0.002350177,0.003368664,-4.650408,1.599919,-8.495528,0,0,35.17007,1,1,999,999
269665,27:43.9,IMU,215044781,0,0.000416606,0.002030395,0.00323345,-4.651079,1.599751,-8.494995,0,0,35.17138,1,1,1000,1000
269716,27:43.9,IMU,215084765,0,0.002213092,0.00308404,0.003100364,-4.651565,1.60145,-8.501093,0,0,35.17269,1,1,1000,1000
269769,27:43.9,IMU,215124749,0,0.000954799,0.003775188,0.003068193,-4.651126,1.603189,-8.50524,0,0,35.174,1,1,1000,1000
269869,27:44.0,IMU,215164733,0,0.000164739,0.004401467,0.00311289,-4.650233,1.601737,-8.48936,0,0,35.17531,1,1,1000,1000
269924,27:44.0,IMU,215204717,0,-0.00025154,0.005548614,0.003255541,-4.64958,1.602738,-8.496262,0,0,35.17662,1,1,1000,1000
270023,27:44.1,IMU,215244701,0,0.000857587,0.005258195,0.003279184,-4.65001,1.603162,-8.496067,0,0,35.17793,1,1,1000,1000
270074,27:44.1,IMU,215284685,0,0.001986703,0.004485835,0.003243169,-4.64904,1.603697,-8.494498,0,0,35.17924,1,1,1000,1000
270126,27:44.1,IMU,215324669,0,0.00139524,0.002170662,0.003488232,-4.650462,1.604323,-8.499143,0,0,35.18055,1,1,1000,1000
270225,27:44.2,IMU,215364653,0,0.001644097,0.002535485,0.003710848,-4.650382,1.605352,-8.499327,0,0,35.18185,1,1,1000,1000
270279,27:44.2,IMU,215404637,0,0.001810333,0.001972066,0.003951221,-4.64953,1.604851,-8.498578,0,0,35.18316,1,1,1000,1000
270381,27:44.3,IMU,215444621,0,0.001191942,0.002063058,0.004129144,-4.650429,1.604448,-8.492907,0,0,35.18447,1,1,1000,1000
270438,27:44.3,IMU,215484605,0,0.001772604,0.003422965,0.004155396,-4.650249,1.606662,-8.494679,0,0,35.18578,1,1,1000,1000
270490,27:44.3,IMU,215524589,0,0.000827949,0.003036019,0.003818954,-4.648446,1.607275,-8.496595,0,0,35.18709,1,1,1000,1000
270591,27:44.4,IMU,215565406,0,-0.000382103,0.003027033,0.003480121,-4.648075,1.606107,-8.49665,0,0,35.18843,1,1,1000,1000
270646,27:44.4,IMU,215605390,0,-0.000617976,0.00301515,0.003222968,-4.648767,1.608056,-8.498675,0,0,35.18974,1,1,1000,1000
270744,27:44.5,IMU,215645374,0,9.912949e-05,0.004158663,0.003145227,-4.648677,1.608011,-8.497627,0,0,35.19105,1,1,1000,1000
270797,27:44.5,IMU,215685358,0,7.63218e-05,0.004900116,0.003357324,-4.648297,1.608707,-8.496249,0,0,35.19235,1,1,1000,1000
270849,27:44.5,IMU,215725342,0,0.000529316,0.005926841,0.003704193,-4.648703,1.609541,-8.497503,0,0,35.19366,1,1,1000,1000
270949,27:44.6,IMU,215765326,0,0.000828479,0.006307282,0.003897944,-4.648835,1.609207,-8.49854,0,0,35.19497,1,1,1000,1000
271003,27:44.6,IMU,215805310,0,0.001113195,0.006012125,0.004128078,-4.648274,1.611069,-8.498246,0,0,35.19628,1,1,1000,1000
271101,27:44.7,IMU,215845294,0,-0.000402356,0.005468909,0.004321118,-4.648895,1.611141,-8.497177,0,0,35.19758,1,1,1000,1000
271152,27:44.7,IMU,215885278,0,0.000125187,0.005744294,0.00442553,-4.650119,1.610523,-8.499019,0,0,35.19889,1,1,1000,1000
271205,27:44.7,IMU,215925262,0,-0.000972218,0.005362958,0.00439285,-4.647976,1.611017,-8.489553,0,0,35.2002,1,1,1000,1000
271305,27:44.8,IMU,215965246,0,-0.001679722,0.004104662,0.004179412,-4.648086,1.613012,-8.493671,0,0,35.2015,1,1,1000,1000
271359,27:44.8,IMU,216005230,0,-0.001489297,0.005260784,0.00382188,-4.647723,1.612597,-8.499186,0,0,35.20278,1,1,1000,1000
271459,27:44.9,IMU,216045214,0,-0.00110261,0.004900018,0.003561632,-4.648861,1.613485,-8.497417,0,0,35.20409,1,1,1000,1000
271510,27:44.9,IMU,216085198,0,-0.001348979,0.004696456,0.00337424,-4.648759,1.613884,-8.497384,0,0,35.20539,1,1,1000,1000
271563,27:44.9,IMU,216125182,0,-0.001705487,0.004445748,0.003143733,-4.646505,1.614846,-8.496869,0,0,35.2067,1,1,1000,1000
271663,27:45.0,IMU,216165166,0,-0.001491031,0.004345295,0.002848192,-4.647364,1.614802,-8.497871,0,0,35.208,1,1,1000,1000
271718,27:45.0,IMU,216205150,0,0.000205209,0.002875527,0.002848034,-4.646821,1.615417,-8.491728,0,0,35.2093,1,1,1000,1000
271817,27:45.1,IMU,216245134,0,-0.000108406,0.004723972,0.00328271,-4.647086,1.615827,-8.491503,0,0,35.21061,1,1,1000,1000
271868,27:45.1,IMU,216285118,0,-0.005511646,0.05597324,0.005205776,-4.652353,1.614296,-8.503061,0,0,35.21192,1,1,1000,1000
271920,27:45.1,IMU,216325102,0,-0.01363848,0.09998517,0.007757011,-4.663368,1.615228,-8.505399,0,0,35.21322,1,1,1000,1000
272019,27:45.2,IMU,216365086,0,-0.01862887,0.1370552,0.01051476,-4.678553,1.614309,-8.515433,0,0,35.21453,1,1,1000,1000
272073,27:45.2,IMU,216405070,0,-0.02439222,0.1677986,0.01347547,-4.698173,1.613264,-8.517519,0,0,35.21583,1,1,1000,1000
272173,27:45.3,IMU,216445054,0,-0.02567918,0.1917589,0.01654942,-4.717946,1.611689,-8.522117,0,0,35.21717,1,1,1000,1000
272227,27:45.3,IMU,216485038,0,-0.02391795,0.2081786,0.01962525,-4.734611,1.610702,-8.516254,0,0,35.21848,1,1,1000,1000
272279,27:45.3,IMU,216525022,0,-0.02323969,0.2163765,0.02245267,-4.750618,1.611539,-8.513367,0,0,35.21978,1,1,1000,1000
272380,27:45.4,IMU,216565006,0,-0.02230766,0.2190221,0.02494567,-4.762363,1.610739,-8.5088,0,0,35.22108,1,1,1000,1000
272435,27:45.4,IMU,216604990,0,-0.01989618,0.218689,0.02692507,-4.771965,1.612078,-8.504421,0,0,35.22235,1,1,1000,1000
272533,27:45.5,IMU,216644974,0,-0.01722205,0.2164959,0.02846244,-4.774919,1.614767,-8.501023,0,0,35.22366,1,1,1000,1000
272585,27:45.5,IMU,216684958,0,-0.01463114,0.2139108,0.02947549,-4.775989,1.617322,-8.500595,0,0,35.22496,1,1,1000,1000
272638,27:45.5,IMU,216724942,0,-0.0123883,0.2083906,0.02989822,-4.775553,1.623188,-8.503273,0,0,35.22626,1,1,1000,1000
272738,27:45.6,IMU,216764926,0,-0.01032676,0.2032023,0.03000027,-4.767366,1.627677,-8.505688,0,0,35.22757,1,1,1000,1000
272792,27:45.6,IMU,216804910,0,-0.007777495,0.1973133,0.02970637,-4.758796,1.632808,-8.51067,0,0,35.22887,1,1,1000,1000
272890,27:45.7,IMU,216844894,0,-0.006213311,0.1921867,0.02906677,-4.746825,1.63861,-8.517267,0,0,35.23017,1,1,1000,1000
272941,27:45.7,IMU,216884878,0,-0.004471986,0.1883578,0.02824175,-4.731537,1.643209,-8.524603,0,0,35.23148,1,1,1000,1000
272995,27:45.7,IMU,216924862,0,-0.002250527,0.1836856,0.02715259,-4.71402,1.649396,-8.53461,0,0,35.23278,1,1,1000,1000
273095,27:45.8,IMU,216964846,0,0.001425092,0.1784061,0.02586149,-4.693578,1.654188,-8.546228,0,0,35.23408,1,1,1000,1000
273149,27:45.8,IMU,217004830,0,-7.8e-05,0.1736594,0.02465555,-4.671118,1.660876,-8.559178,0,0,35.23538,1,1,1000,1000
273249,27:45.9,IMU,217044814,0,0.001834392,0.1687542,0.02326579,-4.648307,1.666351,-8.571729,0,0,35.23668,1,1,999,999
273300,27:45.9,IMU,217084798,0,0.003884409,0.1681498,0.0220091,-4.622777,1.672545,-8.588361,0,0,35.23798,1,1,999,999
273353,27:45.9,IMU,217124782,0,0.004758589,0.1657879,0.02091824,-4.596212,1.678534,-8.606866,0,0,35.23928,1,1,999,999
273453,27:46.0,IMU,217164766,0,0.005465079,0.1620677,0.01987087,-4.569172,1.682312,-8.622103,0,0,35.24059,1,1,999,999
273507,27:46.0,IMU,217204750,0,0.006902164,0.1599045,0.01899474,-4.540228,1.68716,-8.642746,0,0,35.24189,1,1,999,999
273607,27:46.1,IMU,217244734,0,0.006443219,0.156137,0.01819731,-4.508428,1.693293,-8.655272,0,0,35.24319,1,1,999,999
273658,27:46.1,IMU,217284718,0,0.007927223,0.1539997,0.01738877,-4.47476,1.698059,-8.670135,0,0,35.24449,1,1,999,999
273710,27:46.1,IMU,217324702,0,0.008550449,0.1568348,0.01709503,-4.441381,1.703016,-8.691692,0,0,35.24579,1,1,999,999
273809,27:46.2,IMU,217364686,0,0.008490442,0.1550565,0.01664909,-4.409356,1.706511,-8.714434,0,0,35.24709,1,1,999,999
273863,27:46.2,IMU,217404670,0,0.009754414,0.1536241,0.0162032,-4.374616,1.712047,-8.729469,0,0,35.24839,1,1,999,999
273963,27:46.3,IMU,217444654,0,0.009479107,0.1555815,0.01614884,-4.339109,1.717266,-8.756825,0,0,35.24969,1,1,999,999
274017,27:46.3,IMU,217484638,0,0.01088917,0.1569074,0.01577142,-4.301631,1.721492,-8.776686,0,0,35.25099,1,1,999,999
274069,27:46.3,IMU,217524622,0,0.01148859,0.1567589,0.015826,-4.266321,1.727176,-8.792994,0,0,35.25229,1,1,999,999
274170,27:46.4,IMU,217564606,0,0.01087738,0.1495025,0.01540575,-4.228371,1.729965,-8.820679,0,0,35.25359,1,1,999,999
274224,27:46.4,IMU,217604590,0,0.01280166,0.1448702,0.01527767,-4.188241,1.733974,-8.828994,0,0,35.25489,1,1,999,999
274322,27:46.5,IMU,217645407,0,0.0116346,0.1355482,0.0149616,-4.148789,1.739922,-8.868903,0,0,35.25622,1,1,999,999
274374,27:46.5,IMU,217685391,0,0.01774995,0.1333191,0.01440395,-4.10597,1.742998,-8.874669,0,0,35.25752,1,1,999,999
274426,27:46.5,IMU,217725375,0,0.02083894,0.1249915,0.01402801,-4.066594,1.747497,-8.902262,0,0,35.25882,1,1,999,999
274527,27:46.6,IMU,217765359,0,0.02935014,0.1168748,0.0131717,-4.021375,1.751956,-8.912164,0,0,35.26012,1,1,999,999
274581,27:46.6,IMU,217805343,0,0.04097745,0.113083,0.01258589,-3.98056,1.75605,-8.938054,0,0,35.26142,1,1,999,999
274679,27:46.7,IMU,217845327,0,0.05120379,0.1109308,0.01240553,-3.93575,1.760132,-8.9553,0,0,35.26272,1,1,999,999
274730,27:46.7,IMU,217885311,0,0.06040621,0.1170034,0.01289463,-3.893855,1.765319,-8.973516,0,0,35.26402,1,1,999,999
274829,27:46.7,IMU,217925295,0,0.06985705,0.119716,0.01404189,-3.852135,1.770441,-9.005051,0,0,35.26531,1,1,999,999
274929,27:46.8,IMU,217965279,0,0.07903384,0.1213016,0.01593261,-3.809006,1.773999,-9.021712,0,0,35.26661,1,1,999,999
274983,27:46.8,IMU,218005263,0,0.08197928,0.1222316,0.01884105,-3.76705,1.778261,-9.040549,0,0,35.26791,1,1,999,999
275085,27:46.9,IMU,218045247,0,0.0885017,0.1281454,0.02242924,-3.722082,1.782753,-9.055794,0,0,35.2692,1,1,1000,1000
275136,27:46.9,IMU,218085231,0,0.09138309,0.1336837,0.0264619,-3.68057,1.788048,-9.077001,0,0,35.27047,1,1,1000,1000
275190,27:46.9,IMU,218125215,0,0.09505439,0.1318951,0.03133411,-3.635879,1.79144,-9.097856,0,0,35.27177,1,1,1000,1000
275289,27:47.0,IMU,218165199,0,0.09926928,0.1386734,0.03701348,-3.590248,1.797159,-9.117608,0,0,35.27306,1,1,1000,1000
275344,27:47.0,IMU,218205183,0,0.09895637,0.1378958,0.04317621,-3.54379,1.8001,-9.132907,0,0,35.27436,1,1,1000,1000
275443,27:47.1,IMU,218245167,0,0.09906367,0.1432584,0.04992748,-3.49803,1.805244,-9.166188,0,0,35.27566,1,1,1000,1000
275494,27:47.1,IMU,218285151,0,0.1030475,0.1490529,0.05716791,-3.449183,1.810649,-9.179096,0,0,35.27695,1,1,1000,1000
275546,27:47.1,IMU,218325135,0,0.1015444,0.153626,0.06492983,-3.400565,1.814929,-9.197009,0,0,35.27825,1,1,1000,1000
275645,27:47.2,IMU,218365119,0,0.1023185,0.1541002,0.07300459,-3.350748,1.819083,-9.217043,0,0,35.27955,1,1,1000,1000
275699,27:47.2,IMU,218405103,0,0.1029721,0.1568603,0.08155112,-3.298923,1.82502,-9.239767,0,0,35.28084,1,1,1000,1000
275799,27:47.3,IMU,218445087,0,0.1024374,0.1578788,0.09055866,-3.247347,1.830705,-9.26391,0,0,35.28214,1,1,1000,1000
275853,27:47.3,IMU,218485071,0,0.1015403,0.1631989,0.1002143,-3.192827,1.83665,-9.283248,0,0,35.28343,1,1,1000,1000
275905,27:47.3,IMU,218525055,0,0.1026288,0.1671424,0.1100783,-3.137694,1.8416,-9.304564,0,0,35.28476,1,1,1000,1000
276006,27:47.4,IMU,218565039,0,0.1018183,0.1701985,0.1205999,-3.080706,1.849152,-9.327977,0,0,35.28606,1,1,1000,1000
276061,27:47.4,IMU,218605023,0,0.1038504,0.170568,0.1314536,-3.022646,1.854328,-9.348961,0,0,35.28735,1,1,1000,1000
276159,27:47.5,IMU,218645007,0,0.1061678,0.1727816,0.1430407,-2.963653,1.861997,-9.368706,0,0,35.28865,1,1,1000,1000
276210,27:47.5,IMU,218684991,0,0.1072604,0.1777625,0.1552344,-2.901902,1.869106,-9.390422,0,0,35.28991,1,1,1000,1000
276263,27:47.5,IMU,218724975,0,0.1098132,0.1796739,0.1680833,-2.839249,1.878461,-9.418201,0,0,35.29121,1,1,1000,1000
276364,27:47.6,IMU,218764959,0,0.1113033,0.181208,0.1818289,-2.77519,1.887303,-9.440399,0,0,35.2925,1,1,1000,1000
276418,27:47.6,IMU,218804943,0,0.1142136,0.1825382,0.1963983,-2.709173,1.895497,-9.462357,0,0,35.29379,1,1,1000,1000
276516,27:47.7,IMU,218844927,0,0.1166964,0.1851297,0.2120871,-2.641705,1.90597,-9.49094,0,0,35.29509,1,1,1000,1000
276567,27:47.7,IMU,218884911,0,0.1188674,0.1884323,0.228867,-2.570779,1.91449,-9.51168,0,0,35.29638,1,1,1000,1000
276619,27:47.7,IMU,218924895,0,0.1217375,0.1909552,0.2470065,-2.498773,1.925992,-9.534687,0,0,35.29768,1,1,1000,1000
276719,27:47.8,IMU,218964879,0,0.1245247,0.1916649,0.2664395,-2.425599,1.936638,-9.560459,0,0,35.29897,1,1,1000,1000
276773,27:47.8,IMU,219004863,0,0.1266968,0.191778,0.2872704,-2.349466,1.948663,-9.58428,0,0,35.30026,1,1,1000,1000
276873,27:47.9,IMU,219044847,0,0.1293128,0.1932164,0.3098406,-2.271083,1.961427,-9.604621,0,0,35.30156,1,1,999,999
276924,27:47.9,IMU,219084831,0,0.1329312,0.1955263,0.3341116,-2.191918,1.973546,-9.62951,0,0,35.30285,1,1,999,999
276977,27:47.9,IMU,219124815,0,0.1366491,0.196372,0.3603481,-2.10979,1.985952,-9.65228,0,0,35.30414,1,1,999,999
277076,27:48.0,IMU,219164799,0,0.139765,0.1962361,0.3887978,-2.026347,1.999602,-9.676209,0,0,35.30544,1,1,999,999
277131,27:48.0,IMU,219204783,0,0.1427406,0.1939398,0.4196243,-1.938113,2.013075,-9.698986,0,0,35.30672,1,1,999,999
277230,27:48.1,IMU,219244767,0,0.1456995,0.1922657,0.4530185,-1.849101,2.027354,-9.721264,0,0,35.30802,1,1,999,999
277282,27:48.1,IMU,219284751,0,0.1487631,0.1884691,0.4891515,-1.755921,2.041963,-9.74704,0,0,35.30931,1,1,999,999
277334,27:48.1,IMU,219324735,0,0.1510289,0.1786233,0.5282317,-1.66206,2.056942,-9.771288,0,0,35.3106,1,1,999,999
277433,27:48.2,IMU,219364719,0,0.1541176,0.1646246,0.570532,-1.565734,2.07041,-9.793822,0,0,35.31189,1,1,999,999
277487,27:48.2,IMU,219404703,0,0.1529699,0.1471591,0.616024,-1.465265,2.083689,-9.819468,0,0,35.31319,1,1,999,999
277587,27:48.3,IMU,219444687,0,0.1516332,0.13092,0.6649795,-1.36498,2.097331,-9.840637,0,0,35.31448,1,1,999,999
277643,27:48.3,IMU,219484671,0,0.1504384,0.1150346,0.717194,-1.26231,2.10796,-9.862233,0,0,35.31577,1,1,999,999
277695,27:48.3,IMU,219524655,0,0.1498041,0.0994311,0.7724532,-1.159279,2.118481,-9.879505,0,0,35.31706,1,1,999,999
277796,27:48.4,IMU,219564639,0,0.1479051,0.08349961,0.8300155,-1.052636,2.128863,-9.900438,0,0,35.31835,1,1,999,999
277850,27:48.4,IMU,219604623,0,0.1466254,0.06809361,0.8863921,-0.9481363,2.135956,-9.915223,0,0,35.31964,1,1,999,999
277948,27:48.5,IMU,219644607,0,0.1477797,0.0576669,0.938965,-0.844812,2.141694,-9.935332,0,0,35.32093,1,1,999,999
277999,27:48.5,IMU,219684591,0,0.1446764,0.04730203,0.9868275,-0.7416297,2.141923,-9.952456,0,0,35.32222,1,1,999,999
278052,27:48.5,IMU,219725408,0,0.1446578,0.03326744,1.030716,-0.6387047,2.136986,-9.964355,0,0,35.32355,1,1,999,999
278152,27:48.6,IMU,219765392,0,0.1408937,0.02104506,1.067354,-0.5418442,2.125538,-9.977701,0,0,35.32484,1,1,999,999
278207,27:48.6,IMU,219805376,0,0.1388818,0.006254756,1.096544,-0.4498211,2.108711,-9.991454,0,0,35.32613,1,1,999,999
278305,27:48.7,IMU,219845360,0,0.1398939,-0.007525134,1.118641,-0.3599188,2.084371,-10.00544,0,0,35.32742,1,1,999,999
278356,27:48.7,IMU,219885344,0,0.1404788,-0.02183028,1.134093,-0.2786716,2.051643,-10.01917,0,0,35.3287,1,1,999,999
278411,27:48.7,IMU,219925328,0,0.1398253,-0.03726233,1.143799,-0.2022656,2.012623,-10.02797,0,0,35.32999,1,1,999,999
278510,27:48.8,IMU,219965312,0,0.1385982,-0.05391599,1.148396,-0.131673,1.966641,-10.03965,0,0,35.33128,1,1,999,999
278565,27:48.8,IMU,220005296,0,0.136032,-0.07028999,1.149043,-0.06699373,1.913502,-10.05034,0,0,35.33257,1,1,999,999
278665,27:48.9,IMU,220045280,0,0.1335464,-0.08572067,1.146618,-0.009269288,1.855154,-10.06089,0,0,35.33386,1,1,1000,1000
278716,27:48.9,IMU,220085264,0,0.1338675,-0.1008874,1.141587,0.04476722,1.791817,-10.07387,0,0,35.33515,1,1,1000,1000
278769,27:48.9,IMU,220125248,0,0.1322492,-0.1159404,1.134814,0.0985956,1.723955,-10.0839,0,0,35.33644,1,1,1000,1000
278868,27:49.0,IMU,220165232,0,0.1298702,-0.1305016,1.127118,0.1509072,1.653215,-10.08993,0,0,35.3377,1,1,1000,1000
278923,27:49.0,IMU,220205216,0,0.1248037,-0.1467324,1.118247,0.2024285,1.578415,-10.09462,0,0,35.33898,1,1,1000,1000
279021,27:49.1,IMU,220245200,0,0.1237502,-0.158348,1.109553,0.250891,1.50229,-10.11337,0,0,35.34027,1,1,1000,1000
279072,27:49.1,IMU,220285184,0,0.1210689,-0.164884,1.100811,0.2960431,1.426237,-10.11807,0,0,35.34156,1,1,1000,1000
279125,27:49.1,IMU,220325168,0,0.1162251,-0.1736414,1.092468,0.3394461,1.348559,-10.11987,0,0,35.34285,1,1,1000,1000
279224,27:49.2,IMU,220365152,0,0.1082664,-0.1818397,1.084776,0.3795572,1.270557,-10.13806,0,0,35.34414,1,1,1000,1000
279278,27:49.2,IMU,220405136,0,0.1032148,-0.1881046,1.077932,0.4142656,1.196254,-10.14644,0,0,35.34542,1,1,1000,1000
279378,27:49.3,IMU,220445120,0,0.09472041,-0.1912897,1.071792,0.4460033,1.119449,-10.15082,0,0,35.34671,1,1,1000,1000
279432,27:49.3,IMU,220485104,0,0.08884665,-0.1918888,1.066615,0.4711727,1.045578,-10.16149,0,0,35.348,1,1,1000,1000
279484,27:49.3,IMU,220525088,0,0.08290094,-0.1881201,1.062308,0.4931689,0.9749978,-10.17081,0,0,35.34928,1,1,1000,1000
279586,27:49.4,IMU,220565072,0,0.07138327,-0.1774361,1.058893,0.5112597,0.9053149,-10.17825,0,0,35.35057,1,1,1000,1000
279640,27:49.4,IMU,220605056,0,0.05652196,-0.1661312,1.056035,0.5234284,0.8387204,-10.19189,0,0,35.35189,1,1,1000,1000
279738,27:49.5,IMU,220645040,0,0.04232787,-0.1503732,1.054019,0.5333186,0.7743816,-10.19382,0,0,35.35317,1,1,1000,1000
279789,27:49.5,IMU,220685024,0,0.03054333,-0.1359039,1.049588,0.5379703,0.7151772,-10.19515,0,0,35.35446,1,1,1000,1000
279842,27:49.5,IMU,220725008,0,0.02176183,-0.1215663,1.033294,0.5390924,0.6586887,-10.20201,0,0,35.35575,1,1,1000,1000
279942,27:49.6,IMU,220764992,0,0.01175065,-0.1109464,0.9995555,0.5373373,0.6062611,-10.20147,0,0,35.357,1,1,1000,1000
279997,27:49.6,IMU,220804976,0,0.001965789,-0.09591159,0.9483465,0.5303178,0.5587264,-10.20713,0,0,35.35828,1,1,1000,1000
280095,27:49.7,IMU,220844960,0,-0.004731952,-0.08680654,0.8817405,0.5189078,0.5138273,-10.20459,0,0,35.35957,1,1,1000,1000
280146,27:49.7,IMU,220884944,0,-0.009737953,-0.07980439,0.8040751,0.503634,0.4743562,-10.19957,0,0,35.36086,1,1,1000,1000
280198,27:49.7,IMU,220924928,0,-0.01526736,-0.07317425,0.7193366,0.4854154,0.4395874,-10.19648,0,0,35.36214,1,1,1000,1000
280297,27:49.8,IMU,220964912,0,-0.02034164,-0.06708847,0.631751,0.4640675,0.4086685,-10.19309,0,0,35.36343,1,1,1000,1000
280352,27:49.8,IMU,221004896,0,-0.02597514,-0.06056473,0.544586,0.4398847,0.3827605,-10.18477,0,0,35.36471,1,1,1000,1000
280452,27:49.9,IMU,221044880,0,-0.03055392,-0.05823772,0.4607875,0.4134043,0.3603677,-10.18198,0,0,35.366,1,1,1000,1000
280503,27:49.9,IMU,221084864,0,-0.03202249,-0.05629359,0.3829035,0.3864009,0.3407841,-10.16986,0,0,35.36728,1,1,1000,1000
280556,27:49.9,IMU,221124848,0,-0.03488225,-0.04981065,0.3122835,0.3583619,0.3249687,-10.16936,0,0,35.36856,1,1,1000,1000
280655,27:50.0,IMU,221164832,0,-0.03864563,-0.04678976,0.2498827,0.3304565,0.3102955,-10.16644,0,0,35.36985,1,1,1000,1000
280709,27:50.0,IMU,221204816,0,-0.04267706,-0.04330809,0.195872,0.3005253,0.297325,-10.15891,0,0,35.37113,1,1,1000,1000
280809,27:50.1,IMU,221244800,0,-0.04530056,-0.04109329,0.1504556,0.2701303,0.2869903,-10.15347,0,0,35.37242,1,1,1000,1000
280860,27:50.1,IMU,221284784,0,-0.04619094,-0.0391709,0.1133241,0.2421461,0.2764323,-10.14492,0,0,35.3737,1,1,1000,1000
280913,27:50.1,IMU,221324768,0,-0.04801618,-0.03733432,0.08373233,0.2126631,0.2688143,-10.13957,0,0,35.37498,1,1,1000,1000
281012,27:50.2,IMU,221364752,0,-0.0510355,-0.03411595,0.06091446,0.1840589,0.2616993,-10.13656,0,0,35.37627,1,1,1000,1000
281066,27:50.2,IMU,221404736,0,-0.05379592,-0.03117122,0.04401527,0.1565931,0.2552748,-10.12814,0,0,35.37755,1,1,1000,1000
281166,27:50.3,IMU,221444720,0,-0.05527724,-0.03363831,0.03212595,0.12879,0.2493441,-10.1254,0,0,35.37883,1,1,1000,1000
281220,27:50.3,IMU,221484704,0,-0.05628276,-0.03248977,0.0244168,0.1024304,0.2431286,-10.1186,0,0,35.38012,1,1,1000,1000
281272,27:50.3,IMU,221524688,0,-0.0577984,-0.02792222,0.01987867,0.07690351,0.2374467,-10.11465,0,0,35.3814,1,1,1000,1000
281373,27:50.4,IMU,221564672,0,-0.06021054,-0.0275851,0.01793499,0.05237065,0.2329559,-10.10867,0,0,35.38268,1,1,1000,1000
281427,27:50.4,IMU,221604656,0,-0.06287211,-0.02029761,0.01786144,0.02832879,0.2262708,-10.11005,0,0,35.38396,1,1,1000,1000
281525,27:50.5,IMU,221644640,0,-0.06433162,-0.0143408,0.01886711,0.003635741,0.2227175,-10.10625,0,0,35.38525,1,1,1000,1000
281576,27:50.5,IMU,221684624,0,-0.06638911,-0.007761036,0.02037401,-0.01914714,0.2195458,-10.09441,0,0,35.38653,1,1,1000,1000
281629,27:50.5,IMU,221724608,0,-0.06829897,-0.000514467,0.02197155,-0.04282182,0.2164555,-10.0998,0,0,35.38781,1,1,1000,1000
281729,27:50.6,IMU,221764592,0,-0.07053802,0.01302651,0.02344286,-0.06674869,0.2120439,-10.08849,0,0,35.38909,1,1,1000,1000
281783,27:50.6,IMU,221805409,0,-0.0708643,0.02754565,0.02454828,-0.09188304,0.2094278,-10.08453,0,0,35.3904,1,1,1000,1000
281882,27:50.7,IMU,221845393,0,-0.07124671,0.05094964,0.02528471,-0.117216,0.2070572,-10.06568,0,0,35.39169,1,1,1000,1000
281933,27:50.7,IMU,221885377,0,-0.07080095,0.06389381,0.0255434,-0.1413557,0.2049217,-10.0702,0,0,35.39297,1,1,1000,1000
281986,27:50.7,IMU,221925361,0,-0.07248599,0.07194392,0.02488723,-0.1653452,0.2045716,-10.05141,0,0,35.39425,1,1,1000,1000
282085,27:50.8,IMU,221965345,0,-0.07014563,0.07815447,0.0235147,-0.1905218,0.2030489,-10.0413,0,0,35.39553,1,1,1000,1000
282140,27:50.8,IMU,222005329,0,-0.0688097,0.07965168,0.02167695,-0.2142449,0.2017891,-10.02638,0,0,35.3968,1,1,1000,1000
282240,27:50.9,IMU,222045313,0,-0.05902347,0.08077716,0.01926276,-0.2391197,0.2014315,-10.01074,0,0,35.39809,1,1,1000,1000
282291,27:50.9,IMU,222085297,0,-0.0504669,0.07925344,0.01644108,-0.2633622,0.200336,-10.00047,0,0,35.39937,1,1,999,999
282344,27:50.9,IMU,222125281,0,-0.03487414,0.07482681,0.0134712,-0.2865695,0.201043,-9.994198,0,0,35.40065,1,1,999,999
282443,27:51.0,IMU,222165265,0,-0.02615198,0.07115768,0.01044839,-0.3097993,0.2008988,-9.984187,0,0,35.40193,1,1,999,999
282497,27:51.0,IMU,222205249,0,-0.0167601,0.06270792,0.007769919,-0.3324197,0.2032688,-9.964581,0,0,35.40321,1,1,999,999
282597,27:51.1,IMU,222245233,0,-0.007378918,0.05813604,0.005149289,-0.3548347,0.20239,-9.961268,0,0,35.40446,1,1,999,999
282648,27:51.1,IMU,222285217,0,0.000959475,0.04856365,0.002798968,-0.3771476,0.2040827,-9.956107,0,0,35.40574,1,1,999,999
282700,27:51.1,IMU,222325201,0,0.006914122,0.04680727,0.000896439,-0.4008942,0.203495,-9.94834,0,0,35.40701,1,1,999,999
282800,27:51.2,IMU,222365185,0,0.01018112,0.04659066,-0.000503601,-0.4241016,0.2041344,-9.940187,0,0,35.40829,1,1,999,999
282854,27:51.2,IMU,222405169,0,0.009556288,0.04747449,-0.001504499,-0.4456169,0.203989,-9.931768,0,0,35.40957,1,1,999,999
282954,27:51.3,IMU,222445153,0,0.009016648,0.04586887,-0.002227343,-0.4670399,0.2054839,-9.925415,0,0,35.41085,1,1,999,999
283009,27:51.3,IMU,222485137,0,0.01139534,0.04439422,-0.002613498,-0.4879703,0.2051413,-9.916428,0,0,35.41213,1,1,999,999
283061,27:51.3,IMU,222525121,0,0.01058989,0.04095257,-0.002873199,-0.5097722,0.2063139,-9.91325,0,0,35.41341,1,1,999,999
283163,27:51.4,IMU,222565105,0,0.009962681,0.04203631,-0.003008133,-0.5320605,0.2060918,-9.907406,0,0,35.41468,1,1,999,999
283217,27:51.4,IMU,222605089,0,0.009413264,0.04205474,-0.00285981,-0.5516419,0.204923,-9.897444,0,0,35.41596,1,1,999,999
283315,27:51.5,IMU,222645073,0,0.008910813,0.03842959,-0.002456274,-0.5719436,0.2057892,-9.892139,0,0,35.41724,1,1,999,999
283366,27:51.5,IMU,222685057,0,0.008431227,0.03805467,-0.00210058,-0.592196,0.206148,-9.88717,0,0,35.41855,1,1,999,999
283419,27:51.5,IMU,222725041,0,0.008026686,0.0449215,-0.001575742,-0.61295,0.2064252,-9.88497,0,0,35.41983,1,1,999,999
283519,27:51.6,IMU,222765025,0,0.007588748,0.04115575,-0.001244502,-0.6311274,0.2061771,-9.883398,0,0,35.4211,1,1,999,999
283573,27:51.6,IMU,222805009,0,0.007255242,0.03750233,-0.000721598,-0.6518329,0.2062025,-9.869938,0,0,35.42238,1,1,999,999
283672,27:51.7,IMU,222844993,0,0.006918663,0.03569028,4.72448e-05,-0.6700257,0.2064534,-9.866366,0,0,35.42363,1,1,999,999
283723,27:51.7,IMU,222884977,0,0.006640122,0.03546955,0.000918494,-0.6879423,0.2061321,-9.862079,0,0,35.4249,1,1,999,999
283776,27:51.7,IMU,222924961,0,0.006312666,0.0327518,0.001742766,-0.7064936,0.2070389,-9.859212,0,0,35.42618,1,1,999,999
283875,27:51.8,IMU,222964945,0,0.002300928,0.03031721,0.002476821,-0.7237417,0.2056628,-9.858135,0,0,35.42746,1,1,999,999
283930,27:51.8,IMU,223004929,0,0.000457295,0.02906677,0.003119566,-0.7416971,0.2054145,-9.849093,0,0,35.42873,1,1,999,999
284030,27:51.9,IMU,223044913,0,-0.00172816,0.02904557,0.003444618,-0.7599753,0.2058385,-9.847196,0,0,35.43001,1,1,999,999
284081,27:51.9,IMU,223084897,0,-0.003200601,0.03136079,0.003671652,-0.7755024,0.2054512,-9.842031,0,0,35.43129,1,1,1000,1000
284134,27:51.9,IMU,223124881,0,-0.001540937,0.03173004,0.003823669,-0.7922468,0.2059881,-9.834286,0,0,35.43256,1,1,1000,1000
284235,27:52.0,IMU,223164865,0,-0.001478519,0.03467719,0.003785511,-0.8086401,0.2063386,-9.833598,0,0,35.43384,1,1,1000,1000
284289,27:52.0,IMU,223204849,0,-0.001110171,0.03400258,0.003755561,-0.8251321,0.2067088,-9.827197,0,0,35.43511,1,1,1000,1000
284389,27:52.1,IMU,223244833,0,-0.000765931,0.03476722,0.003793047,-0.8403314,0.2060838,-9.829898,0,0,35.43639,1,1,1000,1000
284440,27:52.1,IMU,223284817,0,-0.00070527,0.03749146,0.00395249,-0.8553189,0.2058762,-9.828458,0,0,35.43766,1,1,1000,1000
284493,27:52.1,IMU,223324801,0,-0.004189624,0.03923176,0.003943142,-0.8699186,0.2054032,-9.822383,0,0,35.43894,1,1,1000,1000
284593,27:52.2,IMU,223364785,0,-0.007013639,0.0393776,0.004062222,-0.885288,0.2069463,-9.816219,0,0,35.44021,1,1,1000,1000
284647,27:52.2,IMU,223404769,0,-0.007944518,0.03989909,0.004035107,-0.8995019,0.2075163,-9.808926,0,0,35.44149,1,1,1000,1000
284747,27:52.3,IMU,223444753,0,-0.007856361,0.04070756,0.003976161,-0.9114793,0.2078111,-9.806587,0,0,35.44276,1,1,1000,1000
284803,27:52.3,IMU,223484737,0,-0.006201238,0.04151723,0.003991087,-0.9249008,0.2070698,-9.806491,0,0,35.44403,1,1,1000,1000
284855,27:52.3,IMU,223524721,0,-0.004005423,0.0373866,0.00375805,-0.937669,0.207932,-9.806359,0,0,35.44531,1,1,1000,1000
284957,27:52.4,IMU,223564705,0,-0.006535204,0.03478152,0.003616904,-0.9514151,0.2075618,-9.793409,0,0,35.44658,1,1,1000,1000
285011,27:52.4,IMU,223604689,0,-0.005601388,0.03805478,0.003455477,-0.9619263,0.2076937,-9.79576,0,0,35.44786,1,1,1000,1000
285109,27:52.5,IMU,223644673,0,-0.004930999,0.0417233,0.003313638,-0.9744335,0.2095951,-9.795496,0,0,35.44913,1,1,1000,1000
285160,27:52.5,IMU,223684657,0,-0.004228265,0.04289711,0.003250316,-0.9850387,0.2095098,-9.796284,0,0,35.4504,1,1,1000,1000
285212,27:52.5,IMU,223724641,0,-0.003649517,0.04307918,0.003140747,-0.9966183,0.2105244,-9.790944,0,0,35.45168,1,1,1000,1000
285312,27:52.6,IMU,223764625,0,-0.003069424,0.0453677,0.003236405,-1.007646,0.2107939,-9.791707,0,0,35.45295,1,1,1000,1000
285367,27:52.6,IMU,223804609,0,-0.002584341,0.04914224,0.003426165,-1.018197,0.2115472,-9.790559,0,0,35.45422,1,1,1000,1000
285465,27:52.7,IMU,223844593,0,-0.002079338,0.05323744,0.003548449,-1.025994,0.2104571,-9.788483,0,0,35.45549,1,1,1000,1000
285517,27:52.7,IMU,223885410,0,-0.002627822,0.05690917,0.003693126,-1.035183,0.2122255,-9.76924,0,0,35.4568,1,1,1000,1000
285570,27:52.7,IMU,223925394,0,-0.002515013,0.06072651,0.003560499,-1.044606,0.2136739,-9.773087,0,0,35.45807,1,1,1000,1000
285669,27:52.8,IMU,223965378,0,-0.002448365,0.06195882,0.003485743,-1.053213,0.2132294,-9.773675,0,0,35.45934,1,1,1000,1000
285724,27:52.8,IMU,224005362,0,-0.000110558,0.05901832,0.003294667,-1.062014,0.2143452,-9.766956,0,0,35.46062,1,1,1000,1000
285824,27:52.9,IMU,224045346,0,-1.77e-05,0.06019598,0.00314223,-1.068553,0.2159128,-9.76377,0,0,35.46189,1,1,1000,1000
285875,27:52.9,IMU,224085330,0,0.000354455,0.06176177,0.003091325,-1.074826,0.2157082,-9.766188,0,0,35.46316,1,1,999,999
285928,27:52.9,IMU,224125314,0,0.000567502,0.06068495,0.003001628,-1.082066,0.2171198,-9.770101,0,0,35.46443,1,1,999,999
286027,27:53.0,IMU,224165298,0,0.00076412,0.06379543,0.003175302,-1.086069,0.217644,-9.763577,0,0,35.4657,1,1,999,999
286081,27:53.0,IMU,224205282,0,-0.000886075,0.06525002,0.003333908,-1.090448,0.2180757,-9.759714,0,0,35.46697,1,1,999,999
286181,27:53.1,IMU,224245266,0,-0.001487729,0.06945705,0.003528841,-1.097091,0.2187366,-9.764897,0,0,35.46825,1,1,999,999
286232,27:53.1,IMU,224285250,0,-0.000536881,0.0730172,0.003399623,-1.100128,0.2194261,-9.753743,0,0,35.46952,1,1,999,999
286284,27:53.1,IMU,224325234,0,-1.27e-05,0.07051639,0.003355402,-1.103833,0.219555,-9.754292,0,0,35.47079,1,1,999,999
286383,27:53.2,IMU,224365218,0,0.000713951,0.0574116,0.003259871,-1.106334,0.2206361,-9.750103,0,0,35.47202,1,1,999,999
286438,27:53.2,IMU,224405202,0,-0.002020118,0.0509323,0.003255716,-1.10903,0.2216146,-9.750442,0,0,35.4733,1,1,999,999
286538,27:53.3,IMU,224445186,0,-0.001454226,0.04345141,0.00293929,-1.11031,0.222186,-9.753007,0,0,35.47456,1,1,999,999
286592,27:53.3,IMU,224485170,0,-0.00109647,0.03137849,0.002652169,-1.113662,0.2233662,-9.75003,0,0,35.47583,1,1,999,999
286644,27:53.3,IMU,224525154,0,-0.000786147,0.01906625,0.002440747,-1.11467,0.2240875,-9.756262,0,0,35.4771,1,1,999,999
286746,27:53.4,IMU,224565138,0,-0.000417425,0.008321477,0.002202112,-1.11648,0.2259703,-9.757538,0,0,35.47837,1,1,999,999
286800,27:53.4,IMU,224605122,0,-0.000136826,-0.001224332,0.002015169,-1.116831,0.224994,-9.758266,0,0,35.47964,1,1,999,999
286898,27:53.5,IMU,224645106,0,0.000133084,-0.00659503,0.001950695,-1.117731,0.2262764,-9.75378,0,0,35.48091,1,1,999,999
286949,27:53.5,IMU,224685090,0,0.000414234,-0.01097875,0.001947002,-1.118185,0.2271238,-9.753113,0,0,35.48218,1,1,999,999
287001,27:53.5,IMU,224725074,0,0.000581741,-0.01525493,0.001821945,-1.119253,0.2281056,-9.746458,0,0,35.48345,1,1,999,999
287101,27:53.6,IMU,224765058,0,0.000796064,-0.01694507,0.001779309,-1.120899,0.229519,-9.753717,0,0,35.48475,1,1,999,999
287156,27:53.6,IMU,224805042,0,0.000984972,-0.01405276,0.001644682,-1.121786,0.230063,-9.749605,0,0,35.48602,1,1,999,999
287254,27:53.7,IMU,224845026,0,0.001182891,-0.01586819,0.001546144,-1.123042,0.2306761,-9.752033,0,0,35.48729,1,1,999,999
287305,27:53.7,IMU,224885010,0,0.001407957,-0.01639618,0.00129145,-1.126192,0.2322771,-9.751011,0,0,35.48856,1,1,999,999
287359,27:53.7,IMU,224924994,0,0.001711014,-0.01590795,0.001180339,-1.12847,0.2315239,-9.753542,0,0,35.48979,1,1,999,999
287458,27:53.8,IMU,224964978,0,0.003518921,-0.01541279,0.000928098,-1.127798,0.2324273,-9.74999,0,0,35.49106,1,1,999,999
287513,27:53.8,IMU,225004962,0,0.00252003,-0.01422942,0.000851455,-1.130384,0.2344546,-9.757568,0,0,35.49233,1,1,999,999
287613,27:53.9,IMU,225044946,0,0.00113146,-0.01254611,0.000951057,-1.133383,0.2351115,-9.758586,0,0,35.4936,1,1,999,999
287664,27:53.9,IMU,225084930,0,0.000215598,-0.01088702,0.001123691,-1.135704,0.2346963,-9.753601,0,0,35.49487,1,1,1000,1000
287717,27:53.9,IMU,225124914,0,0.000406978,-0.009182043,0.001216387,-1.138405,0.2357664,-9.754376,0,0,35.49613,1,1,1000,1000
287816,27:54.0,IMU,225164898,0,-0.000144336,-0.008902512,0.001345498,-1.1401,0.2376586,-9.753579,0,0,35.4974,1,1,1000,1000
287870,27:54.0,IMU,225204882,0,-0.000642136,-0.008081549,0.001266688,-1.142299,0.2380736,-9.751979,0,0,35.49866,1,1,1000,1000
287969,27:54.1,IMU,225244866,0,-0.001152097,-0.006274716,0.00129706,-1.143646,0.2384585,-9.75438,0,0,35.49993,1,1,1000,1000
288021,27:54.1,IMU,225284850,0,0.000277362,-0.005047375,0.001204155,-1.147061,0.2401303,-9.751163,0,0,35.5012,1,1,1000,1000
288073,27:54.1,IMU,225324834,0,0.000340097,-0.003746438,0.001209824,-1.150405,0.2392934,-9.750538,0,0,35.50246,1,1,1000,1000
288172,27:54.2,IMU,225364818,0,0.0005602,-0.004137743,0.001142449,-1.151012,0.2409309,-9.749013,0,0,35.50373,1,1,1000,1000
288227,27:54.2,IMU,225404802,0,0.000705126,-0.004938443,0.000911223,-1.154171,0.2416991,-9.752913,0,0,35.505,1,1,1000,1000
288327,27:54.3,IMU,225444786,0,0.001899561,-0.002629818,0.000620798,-1.157149,0.2424621,-9.754526,0,0,35.50626,1,1,1000,1000
288381,27:54.3,IMU,225484770,0,0.000496114,-0.000819491,0.000200726,-1.158384,0.2427644,-9.746185,0,0,35.50753,1,1,1000,1000
288433,27:54.3,IMU,225524754,0,0.000706952,-0.001205646,-9.79e-05,-1.162039,0.2422089,-9.745092,0,0,35.5088,1,1,1000,1000
288535,27:54.4,IMU,225564738,0,0.000936302,-0.000799625,-0.000316352,-1.164121,0.2442553,-9.742965,0,0,35.51006,1,1,1000,1000
288589,27:54.4,IMU,225604722,0,0.002266685,-0.002799023,-0.000501856,-1.167704,0.2445908,-9.752501,0,0,35.51133,1,1,1000,1000
288687,27:54.5,IMU,225644706,0,0.002798799,-0.003984086,-0.000232603,-1.168789,0.2457016,-9.746473,0,0,35.51259,1,1,1000,1000
288738,27:54.5,IMU,225684690,0,0.002350838,-0.000773583,2.051645e-05,-1.170639,0.2452884,-9.747713,0,0,35.51385,1,1,1000,1000
288790,27:54.5,IMU,225724674,0,0.001746428,0.00041165,0.000196623,-1.174507,0.2460024,-9.746149,0,0,35.51512,1,1,1000,1000
288890,27:54.6,IMU,225764658,0,0.001476646,0.001785668,0.00026894,-1.176346,0.2472821,-9.745434,0,0,35.51638,1,1,1000,1000
288945,27:54.6,IMU,225804642,0,-0.000189136,0.002100493,0.00042026,-1.178163,0.2486129,-9.744066,0,0,35.51765,1,1,1000,1000
289043,27:54.7,IMU,225844626,0,-0.000292038,0.001896154,0.000425853,-1.181485,0.2496845,-9.741909,0,0,35.51891,1,1,1000,1000
289095,27:54.7,IMU,225884610,0,0.000531546,0.002980297,0.000412174,-1.183346,0.2501798,-9.742891,0,0,35.52018,1,1,1000,1000
289148,27:54.7,IMU,225924594,0,0.0021924,0.005002129,0.000379345,-1.186738,0.2509301,-9.74425,0,0,35.52144,1,1,1000,1000
289247,27:54.8,IMU,225964578,0,0.001252466,0.005852303,0.000154882,-1.186882,0.2504568,-9.742157,0,0,35.52271,1,1,1000,1000
289302,27:54.8,IMU,226005395,0,0.001632023,0.01297066,-1.61e-05,-1.192403,0.2520585,-9.739982,0,0,35.524,1,1,1000,1000
289402,27:54.9,IMU,226045379,0,0.001745648,0.01335994,-0.000422676,-1.192164,0.2522447,-9.745431,0,0,35.52526,1,1,1000,1000
289453,27:54.9,IMU,226085363,0,0.00188068,0.01107764,-0.000688607,-1.194758,0.2527264,-9.742271,0,0,35.52653,1,1,1000,1000
289506,27:54.9,IMU,226125347,0,0.001946388,0.008488186,-0.000867108,-1.197269,0.2534102,-9.738752,0,0,35.52779,1,1,1000,1000
289605,27:55.0,IMU,226165331,0,0.002116892,0.007280885,-0.000900164,-1.198145,0.2531288,-9.737912,0,0,35.52905,1,1,1000,1000
289659,27:55.0,IMU,226205315,0,0.002225455,0.006130152,-0.001031579,-1.200723,0.254732,-9.738827,0,0,35.53032,1,1,1000,1000
289758,27:55.1,IMU,226245299,0,0.001430268,0.006050063,-0.001014802,-1.202517,0.2555606,-9.738805,0,0,35.53158,1,1,1000,1000
289810,27:55.1,IMU,226285283,0,0.001429724,0.005978802,-0.001109074,-1.204321,0.2564253,-9.738948,0,0,35.53284,1,1,1000,1000
289862,27:55.1,IMU,226325267,0,0.001581385,0.005828273,-0.001157637,-1.205765,0.2560387,-9.739017,0,0,35.5341,1,1,1000,1000
289961,27:55.2,IMU,226365251,0,0.001771564,0.005615907,-0.001239107,-1.20723,0.2570323,-9.740197,0,0,35.53537,1,1,1000,1000
290015,27:55.2,IMU,226405235,0,-0.000972515,0.005175753,-0.001084421,-1.208073,0.257974,-9.73784,0,0,35.53663,1,1,1000,1000
290116,27:55.3,IMU,226445219,0,-0.000497891,0.00299559,-0.001185648,-1.209877,0.258646,-9.736694,0,0,35.53786,1,1,1000,1000
290170,27:55.3,IMU,226485203,0,-0.000168077,0.002398368,-0.001209582,-1.212027,0.2599599,-9.736961,0,0,35.53912,1,1,1000,1000
290222,27:55.3,IMU,226525187,0,7.324261e-05,0.005329035,-0.001268461,-1.2128,0.2594835,-9.742253,0,0,35.54038,1,1,1000,1000
290324,27:55.4,IMU,226565171,0,0.000336903,0.00707499,-0.001320352,-1.215635,0.2597122,-9.737408,0,0,35.54164,1,1,1000,1000
290378,27:55.4,IMU,226605155,0,0.000545859,0.007089778,-0.001354642,-1.215422,0.2607954,-9.738747,0,0,35.5429,1,1,1000,1000
290476,27:55.5,IMU,226645139,0,0.000786342,0.007784206,-0.001417837,-1.216805,0.2619932,-9.739488,0,0,35.54416,1,1,1000,1000
290527,27:55.5,IMU,226685123,0,0.001012999,0.007896557,-0.001583499,-1.21934,0.2623725,-9.737896,0,0,35.54543,1,1,1000,1000
290579,27:55.5,IMU,226725107,0,0.001173158,0.006854882,-0.001615767,-1.219649,0.2629373,-9.737109,0,0,35.54668,1,1,1000,1000
290679,27:55.6,IMU,226765091,0,0.001331752,0.006293308,-0.001598418,-1.221031,0.2642367,-9.739221,0,0,35.54794,1,1,1000,1000
290734,27:55.6,IMU,226805075,0,0.001528171,0.006445015,-0.001683494,-1.222309,0.2633523,-9.73926,0,0,35.54921,1,1,1000,1000
290832,27:55.7,IMU,226845059,0,0.001639558,0.007979261,-0.001684988,-1.224112,0.2631503,-9.738677,0,0,35.5505,1,1,1000,1000
290884,27:55.7,IMU,226885043,0,0.001762095,0.01512854,-0.001593351,-1.225227,0.265576,-9.737028,0,0,35.55176,1,1,1000,1000
290936,27:55.7,IMU,226925027,0,0.00191365,0.01358625,-0.001713772,-1.224982,0.2650453,-9.738917,0,0,35.55302,1,1,1000,1000
291036,27:55.8,IMU,226965011,0,0.001995129,0.01071705,-0.001681063,-1.226554,0.2660855,-9.739799,0,0,35.55428,1,1,1000,1000
291091,27:55.8,IMU,227004995,0,0.002113816,0.007827315,-0.001713462,-1.2274,0.2662435,-9.738694,0,0,35.5555,1,1,1000,1000
291191,27:55.9,IMU,227044979,0,0.00033722,0.005858588,-0.001751898,-1.228626,0.2677885,-9.73904,0,0,35.55676,1,1,1000,1000
291242,27:55.9,IMU,227084963,0,-0.000272685,0.005009498,-0.001745864,-1.227592,0.2682607,-9.737834,0,0,35.55802,1,1,999,999
291295,27:55.9,IMU,227124947,0,-0.000855677,0.00328479,-0.001753844,-1.228242,0.268246,-9.737479,0,0,35.55928,1,1,999,999
291394,27:56.0,IMU,227164931,0,-0.003237161,0.00271012,-0.001844986,-1.230856,0.2692599,-9.737321,0,0,35.56054,1,1,999,999
291448,27:56.0,IMU,227204915,0,-0.002866184,0.002011436,-0.001782008,-1.230015,0.2687768,-9.738953,0,0,35.5618,1,1,999,999
291547,27:56.1,IMU,227244899,0,-0.000758983,0.001616742,-0.001895405,-1.230317,0.2713443,-9.732798,0,0,35.56306,1,1,999,999
291599,27:56.1,IMU,227284883,0,0.002129294,0.001180763,-0.002286208,-1.230921,0.2713784,-9.7337,0,0,35.56432,1,1,999,999
291651,27:56.1,IMU,227324867,0,0.001257023,0.001898455,-0.002572742,-1.233546,0.2724594,-9.738673,0,0,35.56557,1,1,999,999
291750,27:56.2,IMU,227364851,0,0.00286778,0.00227967,-0.00308866,-1.232969,0.2724611,-9.738928,0,0,35.56683,1,1,999,999
291804,27:56.2,IMU,227404835,0,0.003407358,0.002377799,-0.00356905,-1.232468,0.2734558,-9.737386,0,0,35.56808,1,1,999,999
291904,27:56.3,IMU,227444819,0,0.002854712,0.003335366,-0.003959765,-1.234058,0.2728957,-9.733708,0,0,35.56934,1,1,999,999
291959,27:56.3,IMU,227484803,0,0.002389055,0.004507861,-0.004019056,-1.235013,0.2747175,-9.731031,0,0,35.5706,1,1,999,999
292013,27:56.3,IMU,227524787,0,0.001205721,0.005088374,-0.00413721,-1.235643,0.2745222,-9.735043,0,0,35.57186,1,1,999,999
292115,27:56.4,IMU,227564771,0,0.001289095,0.003556143,-0.004150516,-1.235539,0.2754651,-9.734287,0,0,35.57312,1,1,999,999
292169,27:56.4,IMU,227604755,0,0.00125072,0.004514709,-0.003948784,-1.2364,0.2750864,-9.734415,0,0,35.57437,1,1,999,999
292267,27:56.5,IMU,227644739,0,0.001442398,0.003287814,-0.003668114,-1.237415,0.2750394,-9.735949,0,0,35.57563,1,1,999,999
292318,27:56.5,IMU,227684723,0,0.001526202,0.001313133,-0.003522556,-1.236746,0.2765136,-9.735578,0,0,35.57689,1,1,999,999
292370,27:56.5,IMU,227724707,0,0.00172101,-0.00290437,-0.003344436,-1.2375,0.2770615,-9.734689,0,0,35.57814,1,1,999,999
292469,27:56.6,IMU,227764691,0,0.001864502,-0.000376054,-0.003178135,-1.23958,0.2788189,-9.735415,0,0,35.5794,1,1,999,999
292528,27:56.6,IMU,227804675,0,0.001993767,0.001939771,-0.003058819,-1.24057,0.2777531,-9.734381,0,0,35.58065,1,1,999,999
292626,27:56.7,IMU,227844659,0,0.005222286,0.001558768,-0.003106847,-1.240987,0.2788366,-9.734976,0,0,35.58191,1,1,999,999
292678,27:56.7,IMU,227884643,0,0.004569161,0.00210601,-0.002996319,-1.240856,0.2802238,-9.737149,0,0,35.58317,1,1,999,999
292730,27:56.7,IMU,227924627,0,0.004477158,0.002617401,-0.002821671,-1.242373,0.2803677,-9.734583,0,0,35.58442,1,1,999,999
292830,27:56.8,IMU,227964611,0,0.004372549,0.002743299,-0.002748745,-1.242075,0.2798685,-9.73501,0,0,35.58568,1,1,999,999
292885,27:56.8,IMU,228004595,0,0.004244713,0.004161731,-0.002615435,-1.241889,0.282542,-9.735653,0,0,35.58693,1,1,999,999
292985,27:56.9,IMU,228044579,0,0.003708649,0.005544687,-0.002557486,-1.243402,0.2827138,-9.731819,0,0,35.58819,1,1,999,999
293036,27:56.9,IMU,228085396,0,0.002851105,0.01084842,-0.00271267,-1.242699,0.2813249,-9.727908,0,0,35.58947,1,1,1000,1000
293089,27:56.9,IMU,228125380,0,0.001457951,0.01080766,-0.003091492,-1.244313,0.2838453,-9.738234,0,0,35.59073,1,1,1000,1000
293190,27:57.0,IMU,228165364,0,0.000433266,0.007076669,-0.003446877,-1.243992,0.2827969,-9.73135,0,0,35.59198,1,1,1000,1000
293244,27:57.0,IMU,228205348,0,-0.000207704,0.004532377,-0.003614847,-1.24499,0.2846857,-9.732792,0,0,35.59324,1,1,1000,1000
293343,27:57.1,IMU,228245332,0,0.002008057,0.000831831,-0.00380467,-1.244474,0.2834001,-9.731514,0,0,35.59449,1,1,1000,1000
293395,27:57.1,IMU,228285316,0,0.002806041,-0.003112752,-0.003882643,-1.245988,0.285292,-9.734384,0,0,35.59575,1,1,1000,1000
293447,27:57.1,IMU,228325300,0,0.000530711,-0.005992956,-0.003708512,-1.247158,0.2851247,-9.737548,0,0,35.597,1,1,1000,1000
293546,27:57.2,IMU,228365284,0,0.000868771,-0.006491373,-0.003593078,-1.246587,0.284328,-9.734694,0,0,35.59825,1,1,1000,1000
293600,27:57.2,IMU,228405268,0,0.001051893,-0.006176035,-0.003337302,-1.245681,0.2863756,-9.734076,0,0,35.59951,1,1,1000,1000
293700,27:57.3,IMU,228445252,0,0.001212241,-0.006489678,-0.003202471,-1.247901,0.2856249,-9.734151,0,0,35.60076,1,1,1000,1000
293755,27:57.3,IMU,228485236,0,0.0013972,-0.00770236,-0.00302246,-1.248744,0.2866929,-9.733776,0,0,35.60201,1,1,1000,1000
293807,27:57.3,IMU,228525220,0,0.001596857,-0.01028284,-0.002951606,-1.24823,0.2870288,-9.734356,0,0,35.60323,1,1,1000,1000
293909,27:57.4,IMU,228565204,0,0.001723469,-0.01178589,-0.002778128,-1.247819,0.2882981,-9.7349,0,0,35.60449,1,1,1000,1000
293963,27:57.4,IMU,228605188,0,0.00182608,-0.009556605,-0.002684586,-1.250158,0.2874947,-9.731849,0,0,35.60574,1,1,1000,1000
294061,27:57.5,IMU,228645172,0,0.001907376,-0.00827667,-0.002592111,-1.250657,0.2883991,-9.732395,0,0,35.60699,1,1,1000,1000
294112,27:57.5,IMU,228685156,0,0.002134508,-0.008545281,-0.00261707,-1.25139,0.288977,-9.732453,0,0,35.60825,1,1,1000,1000
294164,27:57.5,IMU,228725140,0,0.002113006,-0.008206763,-0.002612788,-1.251849,0.289902,-9.732629,0,0,35.6095,1,1,1000,1000
294263,27:57.6,IMU,228765124,0,0.002223872,-0.007087893,-0.002587861,-1.252478,0.290172,-9.73176,0,0,35.61075,1,1,1000,1000
294319,27:57.6,IMU,228805108,0,0.002311023,-0.004971499,-0.002605369,-1.253687,0.2906283,-9.7332,0,0,35.612,1,1,1000,1000
294417,27:57.7,IMU,228845092,0,0.002374124,-0.002937802,-0.002593802,-1.255854,0.2909659,-9.733013,0,0,35.61325,1,1,1000,1000
294469,27:57.7,IMU,228885076,0,0.00250516,-0.002700378,-0.002743781,-1.256687,0.2914412,-9.733592,0,0,35.6145,1,1,1000,1000
294521,27:57.7,IMU,228925060,0,0.002872813,-0.001553773,-0.002871005,-1.257268,0.2913145,-9.73307,0,0,35.61579,1,1,1000,1000
294620,27:57.8,IMU,228965044,0,0.003804428,0.005365869,-0.00274185,-1.259821,0.292495,-9.732896,0,0,35.61704,1,1,1000,1000
294676,27:57.8,IMU,229005028,0,0.006245747,0.004889636,-0.002698318,-1.260289,0.2927289,-9.728721,0,0,35.61829,1,1,1000,1000
294776,27:57.9,IMU,229045012,0,0.007502564,0.004576854,-0.002650063,-1.262265,0.2936459,-9.728708,0,0,35.61954,1,1,1000,1000
294827,27:57.9,IMU,229084996,0,0.007396019,0.00276691,-0.002596108,-1.262241,0.291573,-9.7282,0,0,35.62076,1,1,999,999
294879,27:57.9,IMU,229124980,0,0.008963946,0.001850737,-0.002604424,-1.263867,0.2939961,-9.729776,0,0,35.62201,1,1,999,999
294979,27:58.0,IMU,229164964,0,0.008425847,0.002095528,-0.00248297,-1.264651,0.2946327,-9.729462,0,0,35.62326,1,1,999,999
295033,27:58.0,IMU,229204948,0,0.008654872,0.0029352,-0.002336718,-1.267032,0.2949794,-9.741323,0,0,35.62451,1,1,999,999
295132,27:58.1,IMU,229244932,0,0.006665822,0.003509134,-0.002045441,-1.267994,0.2952536,-9.73488,0,0,35.62576,1,1,999,999
295184,27:58.1,IMU,229284916,0,0.003814779,0.004639097,-0.001587698,-1.26962,0.2956591,-9.732857,0,0,35.62701,1,1,999,999
295236,27:58.1,IMU,229324900,0,0.004521535,0.003592124,-0.001337622,-1.269791,0.2954411,-9.732305,0,0,35.62826,1,1,999,999
295335,27:58.2,IMU,229364884,0,0.004154817,0.004713908,-0.001221376,-1.270989,0.2960144,-9.731369,0,0,35.62951,1,1,999,999
295389,27:58.2,IMU,229404868,0,0.003725639,0.004651976,-0.000892573,-1.271548,0.2950352,-9.730517,0,0,35.63076,1,1,999,999
295489,27:58.3,IMU,229444852,0,0.003615924,0.004679373,-0.000772882,-1.273616,0.2957969,-9.730698,0,0,35.63201,1,1,999,999
295543,27:58.3,IMU,229484836,0,0.004565666,0.00469613,-0.000619356,-1.273261,0.2966269,-9.728473,0,0,35.63326,1,1,999,999
295596,27:58.3,IMU,229524820,0,0.004730754,0.004773551,-0.000607923,-1.27406,0.2961057,-9.725673,0,0,35.63451,1,1,999,999
295698,27:58.4,IMU,229564804,0,0.004586807,0.004430627,-0.000707143,-1.275037,0.2968118,-9.728663,0,0,35.63575,1,1,999,999
295752,27:58.4,IMU,229604788,0,0.005136254,0.005953887,-0.000639454,-1.276668,0.2971603,-9.736525,0,0,35.637,1,1,999,999
295850,27:58.5,IMU,229644772,0,0.005753619,0.006885023,-0.000507382,-1.277875,0.2970562,-9.733467,0,0,35.63825,1,1,999,999
295901,27:58.5,IMU,229684756,0,0.005920271,0.007303078,-0.000182399,-1.279223,0.2967116,-9.731145,0,0,35.6395,1,1,999,999
295953,27:58.5,IMU,229724740,0,0.005448147,0.008315835,-2.85e-06,-1.278946,0.2972776,-9.728987,0,0,35.64075,1,1,999,999
296052,27:58.6,IMU,229764724,0,0.004763572,0.006631585,0.000108338,-1.280127,0.2977735,-9.727456,0,0,35.64199,1,1,999,999
296108,27:58.6,IMU,229804708,0,0.004245158,0.001191629,0.00010369,-1.2801,0.2967522,-9.727943,0,0,35.64324,1,1,999,999
296206,27:58.7,IMU,229844692,0,0.004464772,0.002659082,0.000238154,-1.281635,0.2976819,-9.731057,0,0,35.64449,1,1,999,999
296258,27:58.7,IMU,229884676,0,0.004977163,0.004559173,0.000344459,-1.280435,0.2989777,-9.728979,0,0,35.64574,1,1,999,999
296310,27:58.7,IMU,229924660,0,0.004933581,0.004763807,0.000454613,-1.281781,0.2992912,-9.729834,0,0,35.64698,1,1,999,999
296409,27:58.8,IMU,229964644,0,0.003075851,0.005468385,0.00048911,-1.282163,0.2976198,-9.727304,0,0,35.64823,1,1,999,999
296464,27:58.8,IMU,230004628,0,0.003893867,0.006434608,0.000357211,-1.282422,0.2990866,-9.726095,0,0,35.64948,1,1,999,999
296565,27:58.9,IMU,230044612,0,0.003904863,0.007960191,0.00031547,-1.284881,0.2985375,-9.727679,0,0,35.65073,1,1,999,999
296616,27:58.9,IMU,230084596,0,0.002823506,0.008407821,0.000509491,-1.284432,0.2994159,-9.731907,0,0,35.65197,1,1,1000,1000
296668,27:58.9,IMU,230124580,0,0.003052979,0.008963473,0.000698366,-1.28432,0.3001882,-9.731722,0,0,35.65322,1,1,1000,1000
296768,27:59.0,IMU,230165397,0,0.003361804,0.01675313,0.0010365,-1.284618,0.2997509,-9.731055,0,0,35.6545,1,1,1000,1000
296822,27:59.0,IMU,230205381,0,0.003260085,0.01501795,0.001114766,-1.28521,0.2993294,-9.728137,0,0,35.65574,1,1,1000,1000
296921,27:59.1,IMU,230245365,0,0.004513737,0.01176837,0.001136905,-1.28528,0.3002574,-9.723599,0,0,35.65699,1,1,1000,1000
296972,27:59.1,IMU,230285349,0,0.004196081,0.009681666,0.001059721,-1.286268,0.2997111,-9.726849,0,0,35.65823,1,1,1000,1000
297025,27:59.1,IMU,230325333,0,0.004158856,0.008541951,0.000997063,-1.284505,0.2999253,-9.727575,0,0,35.65948,1,1,1000,1000
297124,27:59.2,IMU,230365317,0,0.004018965,0.008356558,0.000917561,-1.285084,0.3006832,-9.726875,0,0,35.66072,1,1,1000,1000
297178,27:59.2,IMU,230405301,0,0.003392783,0.008521081,0.001026876,-1.285094,0.3011566,-9.726814,0,0,35.66197,1,1,1000,1000
297278,27:59.3,IMU,230445285,0,0.002980836,0.007905899,0.001321964,-1.285311,0.2997319,-9.735278,0,0,35.66321,1,1,1000,1000
297332,27:59.3,IMU,230485269,0,0.002877025,0.007126376,0.001591759,-1.284923,0.3005937,-9.728518,0,0,35.66446,1,1,1000,1000
297385,27:59.3,IMU,230525253,0,0.003197081,0.00745125,0.001877523,-1.28392,0.3007147,-9.727789,0,0,35.6657,1,1,1000,1000
297487,27:59.4,IMU,230565237,0,0.003080764,0.007054945,0.002309918,-1.283887,0.3017379,-9.73007,0,0,35.66695,1,1,1000,1000
297541,27:59.4,IMU,230605221,0,0.002107542,0.002094825,0.002528132,-1.283673,0.3020065,-9.736782,0,0,35.66816,1,1,1000,1000
297639,27:59.5,IMU,230645205,0,0.00445511,0.00124548,0.002623361,-1.282596,0.3007517,-9.726795,0,0,35.6694,1,1,1000,1000
297690,27:59.5,IMU,230685189,0,0.003417123,0.00276591,0.002625179,-1.282003,0.3015592,-9.72688,0,0,35.67065,1,1,1000,1000
297742,27:59.5,IMU,230725173,0,0.003462934,0.004650751,0.002512409,-1.281995,0.3027885,-9.731195,0,0,35.67189,1,1,1000,1000
297841,27:59.6,IMU,230765157,0,0.003499079,0.004973227,0.002298507,-1.282509,0.3001739,-9.728991,0,0,35.67313,1,1,1000,1000
297897,27:59.6,IMU,230805141,0,0.003942678,0.004911558,0.002154128,-1.281517,0.3021964,-9.72994,0,0,35.67438,1,1,1000,1000
297995,27:59.7,IMU,230845125,0,0.005253813,0.004880991,0.001982981,-1.281451,0.301354,-9.727746,0,0,35.67562,1,1,1000,1000
298047,27:59.7,IMU,230885109,0,0.007078473,0.006346892,0.001922087,-1.280076,0.3016492,-9.728353,0,0,35.67686,1,1,1000,1000
298099,27:59.7,IMU,230925093,0,0.00814883,0.007840455,0.00218379,-1.281278,0.3037145,-9.728667,0,0,35.67811,1,1,1000,1000
298198,27:59.8,IMU,230965077,0,0.007318851,0.007409097,0.002508592,-1.280669,0.3025202,-9.731103,0,0,35.67935,1,1,1000,1000
298253,27:59.8,IMU,231005061,0,0.005109065,0.007109416,0.002931116,-1.2805,0.3019135,-9.730665,0,0,35.68063,1,1,1000,1000
298354,27:59.9,IMU,231045045,0,0.003857571,0.01433872,0.003047193,-1.279891,0.3025063,-9.730141,0,0,35.68187,1,1,1000,1000
298405,27:59.9,IMU,231085029,0,0.004270757,0.01324028,0.003202797,-1.279481,0.302047,-9.724433,0,0,35.68311,1,1,1000,1000
298457,27:59.9,IMU,231125013,0,0.003977395,0.009905955,0.003183096,-1.277971,0.3030321,-9.728489,0,0,35.68435,1,1,1000,1000
298557,28:00.0,IMU,231164997,0,0.003907396,0.008548388,0.003032602,-1.277534,0.3027655,-9.729267,0,0,35.68556,1,1,1000,1000
298612,28:00.0,IMU,231204981,0,0.003867547,0.00851006,0.002907171,-1.277872,0.3028594,-9.730675,0,0,35.68681,1,1,1000,1000
298710,28:00.1,IMU,231244965,0,0.00399812,0.0106513,0.002775156,-1.27686,0.30343,-9.727274,0,0,35.68805,1,1,1000,1000
298761,28:00.1,IMU,231284949,0,0.00588184,0.009442056,0.002804489,-1.275944,0.3034423,-9.728078,0,0,35.68929,1,1,1000,1000
298814,28:00.1,IMU,231324933,0,0.008165071,0.008941922,0.002849999,-1.275026,0.3028747,-9.7271,0,0,35.69053,1,1,1000,1000
298913,28:00.2,IMU,231364917,0,0.009678866,0.008483325,0.002903632,-1.27475,0.3019136,-9.731173,0,0,35.69177,1,1,1000,1000
298967,28:00.2,IMU,231404901,0,0.009981165,0.008083446,0.003123168,-1.274454,0.3036425,-9.731336,0,0,35.69301,1,1,1000,1000
299067,28:00.3,IMU,231444885,0,0.010588,0.007658149,0.003395123,-1.273437,0.3030808,-9.732958,0,0,35.69425,1,1,1000,1000
299121,28:00.3,IMU,231484869,0,0.01002179,0.007341073,0.003499129,-1.271331,0.303035,-9.731012,0,0,35.69549,1,1,1000,1000
299175,28:00.3,IMU,231524853,0,0.009881933,0.0069608,0.003593398,-1.271268,0.3027,-9.730625,0,0,35.69673,1,1,1000,1000
299278,28:00.4,IMU,231564837,0,0.009952321,0.006674611,0.003548649,-1.269965,0.3035006,-9.72868,0,0,35.69798,1,1,1000,1000
299332,28:00.4,IMU,231604821,0,0.008829606,0.005899726,0.003611787,-1.270521,0.3024777,-9.734112,0,0,35.69921,1,1,1000,1000
299430,28:00.5,IMU,231644805,0,0.007873211,0.004358533,0.003769265,-1.267383,0.3029729,-9.73531,0,0,35.70045,1,1,1000,1000
299481,28:00.5,IMU,231684789,0,0.008451343,0.004318384,0.003985933,-1.267318,0.3031288,-9.735932,0,0,35.70169,1,1,1000,1000
299533,28:00.5,IMU,231724773,0,0.009369196,0.004238661,0.004139171,-1.265876,0.303133,-9.735691,0,0,35.70293,1,1,1000,1000
299632,28:00.6,IMU,231764757,0,0.009244626,0.004152559,0.004265678,-1.26675,0.3030339,-9.73074,0,0,35.70417,1,1,1000,1000
299687,28:00.6,IMU,231804741,0,0.007250869,0.004135523,0.00422329,-1.264543,0.3022345,-9.729757,0,0,35.70541,1,1,1000,1000
299786,28:00.7,IMU,231844725,0,0.006955102,0.001703318,0.004136543,-1.262926,0.3025407,-9.72822,0,0,35.70665,1,1,1000,1000
299838,28:00.7,IMU,231884709,0,0.006093247,-0.007013991,0.00433388,-1.262217,0.3017544,-9.738609,0,0,35.70789,1,1,1000,1000
299890,28:00.7,IMU,231924693,0,0.006117774,-0.00474349,0.004555084,-1.262703,0.30084,-9.735729,0,0,35.70913,1,1,1000,1000
299989,28:00.8,IMU,231964677,0,0.006263364,-0.000486551,0.004854883,-1.2619,0.300736,-9.73518,0,0,35.71037,1,1,1000,1000
300044,28:00.8,IMU,232004661,0,0.005742038,0.002186832,0.005119083,-1.261555,0.3016467,-9.736874,0,0,35.71161,1,1,1000,1000
300144,28:00.9,IMU,232044645,0,0.006804907,0.0044839,0.005416294,-1.260777,0.3011421,-9.728634,0,0,35.71284,1,1,1000,1000
300196,28:00.9,IMU,232084629,0,0.007083268,0.006432874,0.005847105,-1.259395,0.298817,-9.731228,0,0,35.71408,1,1,999,999
300248,28:00.9,IMU,232124613,0,0.008121418,0.007888248,0.006152716,-1.259438,0.301151,-9.729181,0,0,35.71532,1,1,999,999
300348,28:01.0,IMU,232164597,0,0.009219995,0.00742787,0.006526004,-1.259638,0.2996063,-9.730901,0,0,35.71656,1,1,999,999
300403,28:01.0,IMU,232204581,0,0.009309482,0.007950161,0.00687322,-1.256703,0.2995625,-9.731569,0,0,35.7178,1,1,999,999
300501,28:01.1,IMU,232245398,0,0.009690313,0.009125842,0.007173134,-1.257413,0.2985327,-9.730426,0,0,35.71907,1,1,999,999
300552,28:01.1,IMU,232285382,0,0.0102437,0.01240983,0.00748197,-1.25613,0.2989029,-9.731016,0,0,35.7203,1,1,999,999
300605,28:01.1,IMU,232325366,0,0.01035543,0.009689054,0.007627778,-1.256258,0.2989519,-9.733425,0,0,35.72154,1,1,999,999
300704,28:01.2,IMU,232365350,0,0.01023329,0.00707647,0.007891664,-1.256143,0.29747,-9.730832,0,0,35.72278,1,1,999,999
300758,28:01.2,IMU,232405334,0,0.01000775,0.004700935,0.007993512,-1.254058,0.2975893,-9.731197,0,0,35.72401,1,1,999,999
300858,28:01.3,IMU,232445318,0,0.009606064,0.00450665,0.008176476,-1.25272,0.2968144,-9.734098,0,0,35.72525,1,1,999,999
300913,28:01.3,IMU,232485302,0,0.01013657,0.005905997,0.008292132,-1.253552,0.2957247,-9.7313,0,0,35.72649,1,1,999,999
300965,28:01.3,IMU,232525286,0,0.009953009,0.006522353,0.008424933,-1.250286,0.2970132,-9.731953,0,0,35.72772,1,1,999,999
301067,28:01.4,IMU,232565270,0,0.009402342,0.006124184,0.008546367,-1.251275,0.2968673,-9.733714,0,0,35.72896,1,1,999,999
301122,28:01.4,IMU,232605254,0,0.009003898,0.005839968,0.008662715,-1.249553,0.2968745,-9.732552,0,0,35.73019,1,1,999,999
301220,28:01.5,IMU,232645238,0,0.00946207,0.005850565,0.008793838,-1.24914,0.2970539,-9.733458,0,0,35.73143,1,1,999,999
301271,28:01.5,IMU,232685222,0,0.009803317,0.006796869,0.008952973,-1.248486,0.2957117,-9.732299,0,0,35.73264,1,1,999,999
301323,28:01.5,IMU,232725206,0,0.008605774,0.002435264,0.009027401,-1.248073,0.295132,-9.735788,0,0,35.73387,1,1,999,999
301422,28:01.6,IMU,232765190,0,0.007996084,0.003452057,0.009207047,-1.246514,0.294624,-9.732281,0,0,35.73511,1,1,999,999
301477,28:01.6,IMU,232805174,0,0.007817733,0.003888657,0.00940773,-1.24515,0.2948257,-9.733245,0,0,35.73634,1,1,999,999
301576,28:01.7,IMU,232845158,0,0.008226343,0.004181457,0.009561729,-1.245178,0.2939047,-9.733041,0,0,35.73758,1,1,999,999
301628,28:01.7,IMU,232885142,0,0.008841203,0.005389159,0.009722724,-1.243365,0.2940096,-9.732825,0,0,35.73882,1,1,999,999
301680,28:01.7,IMU,232925126,0,0.008903835,0.006197654,0.009878329,-1.243028,0.2940121,-9.735194,0,0,35.74005,1,1,999,999
301779,28:01.8,IMU,232965110,0,0.009684105,0.005482923,0.01004498,-1.243164,0.2924535,-9.736115,0,0,35.74128,1,1,999,999
301834,28:01.8,IMU,233005094,0,0.01053332,0.004921864,0.01016838,-1.241125,0.2923865,-9.733843,0,0,35.74252,1,1,999,999
301934,28:01.9,IMU,233045078,0,0.01053803,0.005646714,0.01035828,-1.239759,0.2916266,-9.735633,0,0,35.74375,1,1,999,999
301986,28:01.9,IMU,233085062,0,0.0125653,0.007594557,0.01046376,-1.240123,0.2906277,-9.734613,0,0,35.74502,1,1,1000,1000
302038,28:01.9,IMU,233125046,0,0.01271954,0.0159983,0.01069719,-1.237904,0.2900515,-9.735032,0,0,35.74625,1,1,1000,1000
302138,28:02.0,IMU,233165030,0,0.01175426,0.0138412,0.01096553,-1.238537,0.289768,-9.734883,0,0,35.74748,1,1,1000,1000
302193,28:02.0,IMU,233205014,0,0.01117075,0.009554774,0.01110412,-1.236027,0.2908018,-9.733839,0,0,35.74872,1,1,1000,1000
302293,28:02.1,IMU,233244998,0,0.01024024,0.006902325,0.01132675,-1.235707,0.2884412,-9.735602,0,0,35.74992,1,1,1000,1000
302344,28:02.1,IMU,233284982,0,0.009869369,0.004811022,0.01148081,-1.234023,0.287241,-9.732965,0,0,35.75115,1,1,1000,1000
302397,28:02.1,IMU,233324966,0,0.01039546,0.003812864,0.01186871,-1.234535,0.2877226,-9.734259,0,0,35.75239,1,1,1000,1000
302496,28:02.2,IMU,233364950,0,0.009124102,0.002471338,0.01201001,-1.232211,0.2862486,-9.737104,0,0,35.75362,1,1,1000,1000
302550,28:02.2,IMU,233404934,0,0.008073555,0.001228107,0.01221544,-1.231074,0.2846465,-9.734718,0,0,35.75485,1,1,1000,1000
302650,28:02.3,IMU,233444918,0,0.007877772,0.002207942,0.01243781,-1.230175,0.285815,-9.733193,0,0,35.75608,1,1,1000,1000
302704,28:02.3,IMU,233484902,0,0.007681295,0.004508127,0.01272044,-1.228653,0.2845791,-9.731475,0,0,35.75732,1,1,1000,1000
302756,28:02.3,IMU,233524886,0,0.007880175,0.004282983,0.01306043,-1.227949,0.2833523,-9.734235,0,0,35.75855,1,1,1000,1000
302858,28:02.4,IMU,233564870,0,0.008558902,0.003724504,0.01334337,-1.226367,0.2831901,-9.736649,0,0,35.75978,1,1,1000,1000
302913,28:02.4,IMU,233604854,0,0.008057611,0.002063083,0.01363335,-1.226333,0.2815725,-9.736256,0,0,35.76101,1,1,1000,1000
303011,28:02.5,IMU,233644838,0,0.008364415,0.001599591,0.0137825,-1.224312,0.2811311,-9.736801,0,0,35.76225,1,1,1000,1000
303062,28:02.5,IMU,233684822,0,0.01091027,0.00065031,0.01383786,-1.223608,0.2814859,-9.733423,0,0,35.76348,1,1,1000,1000
303114,28:02.5,IMU,233724806,0,0.01074825,-0.002521052,0.01384639,-1.223225,0.2805037,-9.73044,0,0,35.76471,1,1,1000,1000
303213,28:02.6,IMU,233764790,0,0.01004994,-0.002719788,0.0140217,-1.22288,0.2795552,-9.731848,0,0,35.76594,1,1,1000,1000
303268,28:02.6,IMU,233804774,0,0.008391706,-0.002577004,0.01419391,-1.221387,0.279377,-9.737022,0,0,35.76717,1,1,1000,1000
303367,28:02.7,IMU,233844758,0,0.008131724,-0.001129013,0.01412775,-1.22171,0.2781013,-9.736984,0,0,35.7684,1,1,1000,1000
303419,28:02.7,IMU,233884742,0,0.009073784,6.996417e-05,0.01407207,-1.221311,0.2759871,-9.736561,0,0,35.76963,1,1,1000,1000
303471,28:02.7,IMU,233924726,0,0.008650688,-0.001108883,0.01400152,-1.219414,0.2768289,-9.736537,0,0,35.77086,1,1,1000,1000
303570,28:02.8,IMU,233964710,0,0.008011873,-0.006585679,0.01392825,-1.218362,0.275954,-9.73654,0,0,35.77209,1,1,1000,1000
303625,28:02.8,IMU,234004694,0,0.007683287,-0.004562725,0.01388281,-1.217361,0.274553,-9.736331,0,0,35.77332,1,1,1000,1000
303725,28:02.9,IMU,234044678,0,0.0078399,-0.00149705,0.01386589,-1.218525,0.2756317,-9.734498,0,0,35.77455,1,1,1000,1000
303776,28:02.9,IMU,234084662,0,0.007972954,0.000450885,0.01385741,-1.217971,0.2732709,-9.735368,0,0,35.77578,1,1,999,999
303829,28:02.9,IMU,234124646,0,0.007680299,0.002417063,0.01390607,-1.215981,0.2732643,-9.733891,0,0,35.77702,1,1,999,999
303929,28:03.0,IMU,234164630,0,0.007419841,0.003288782,0.01391972,-1.21697,0.272311,-9.73373,0,0,35.77824,1,1,999,999
303984,28:03.0,IMU,234204614,0,0.00789885,0.004435004,0.01397729,-1.217173,0.2711167,-9.738428,0,0,35.77947,1,1,999,999
304085,28:03.1,IMU,234244598,0,0.007814636,0.005700113,0.014003,-1.215243,0.2702174,-9.732419,0,0,35.7807,1,1,999,999
304136,28:03.1,IMU,234284582,0,0.00706152,0.005107495,0.01417257,-1.215659,0.2703982,-9.733486,0,0,35.78193,1,1,999,999
304188,28:03.1,IMU,234325399,0,0.007315743,0.008441691,0.0142256,-1.216068,0.2693742,-9.740827,0,0,35.78319,1,1,999,999
304288,28:03.2,IMU,234365383,0,0.007287307,0.009908495,0.01413526,-1.214785,0.2691104,-9.737374,0,0,35.78442,1,1,999,999
304342,28:03.2,IMU,234405367,0,0.005494861,0.006609362,0.01420613,-1.215141,0.267195,-9.735559,0,0,35.78565,1,1,999,999
304442,28:03.3,IMU,234445351,0,0.004010795,0.005691864,0.01437339,-1.2149,0.2673351,-9.731867,0,0,35.78688,1,1,999,999
304496,28:03.3,IMU,234485335,0,0.004612566,0.005612257,0.01456245,-1.213661,0.2661394,-9.734048,0,0,35.78811,1,1,999,999
304548,28:03.3,IMU,234525319,0,0.005276246,0.00543184,0.01467461,-1.213032,0.2638732,-9.742545,0,0,35.78933,1,1,999,999
304650,28:03.4,IMU,234565303,0,0.006120724,0.003991892,0.01445725,-1.212896,0.2639045,-9.740427,0,0,35.79056,1,1,999,999
304704,28:03.4,IMU,234605287,0,0.005775814,0.002340771,0.01434441,-1.213141,0.2647231,-9.736396,0,0,35.79179,1,1,999,999
304803,28:03.5,IMU,234645271,0,0.007173609,0.002652108,0.01429456,-1.212512,0.2630877,-9.738335,0,0,35.79302,1,1,999,999
304854,28:03.5,IMU,234685255,0,0.007682417,0.004331585,0.01415681,-1.211007,0.2618023,-9.737373,0,0,35.79424,1,1,999,999
304906,28:03.5,IMU,234725239,0,0.008057551,0.005249719,0.01399728,-1.210029,0.2612952,-9.737483,0,0,35.79547,1,1,999,999
305005,28:03.6,IMU,234765223,0,0.008454079,0.003714018,0.01390724,-1.211936,0.2616934,-9.741169,0,0,35.79667,1,1,999,999
305060,28:03.6,IMU,234805207,0,0.007967711,-0.000762784,0.01377494,-1.2101,0.2606654,-9.736043,0,0,35.7979,1,1,999,999
305158,28:03.7,IMU,234845191,0,0.006657563,0.002104077,0.01393872,-1.210287,0.2593541,-9.739902,0,0,35.79912,1,1,999,999
305211,28:03.7,IMU,234885175,0,0.006422674,0.003979092,0.01382481,-1.208385,0.2574489,-9.739531,0,0,35.80035,1,1,999,999
305263,28:03.7,IMU,234925159,0,0.003940926,0.004433713,0.01384925,-1.209285,0.2585691,-9.7408,0,0,35.80157,1,1,999,999
305362,28:03.8,IMU,234965143,0,0.002647551,0.003730843,0.01382961,-1.209072,0.2574736,-9.741554,0,0,35.8028,1,1,999,999
305417,28:03.8,IMU,235005127,0,0.001700621,0.001890039,0.01360373,-1.20857,0.2558143,-9.739472,0,0,35.80403,1,1,999,999
305517,28:03.9,IMU,235045111,0,0.000760453,0.002482145,0.01358081,-1.207792,0.2554387,-9.740366,0,0,35.80525,1,1,999,999
305568,28:03.9,IMU,235085095,0,0.001082678,0.004254506,0.01340581,-1.207314,0.2544625,-9.741308,0,0,35.80648,1,1,1000,1000
305620,28:03.9,IMU,235125079,0,0.00087306,0.007323732,0.01334024,-1.205919,0.2555299,-9.742105,0,0,35.8077,1,1,1000,1000
305721,28:04.0,IMU,235165063,0,-0.000206066,0.007129229,0.01323771,-1.206224,0.2537831,-9.740755,0,0,35.80896,1,1,1000,1000
305776,28:04.0,IMU,235205047,0,-0.000311374,0.01229285,0.01314271,-1.206613,0.2537797,-9.740655,0,0,35.81019,1,1,1000,1000
305874,28:04.1,IMU,235245031,0,2.139932e-06,0.01080746,0.01297924,-1.205681,0.2525861,-9.74326,0,0,35.81141,1,1,1000,1000
305925,28:04.1,IMU,235285015,0,0.000903586,0.00721289,0.01271398,-1.204499,0.2516063,-9.743489,0,0,35.81264,1,1,1000,1000
305977,28:04.1,IMU,235324999,0,0.001655832,0.003947471,0.0125556,-1.20528,0.2518947,-9.744347,0,0,35.81383,1,1,1000,1000
306077,28:04.2,IMU,235364983,0,0.002239057,0.002237816,0.0122957,-1.203438,0.2508993,-9.742332,0,0,35.81506,1,1,1000,1000
306131,28:04.2,IMU,235404967,0,0.002275573,0.001521747,0.0121164,-1.203211,0.2506434,-9.746782,0,0,35.81628,1,1,1000,1000
306231,28:04.3,IMU,235444951,0,0.002557698,0.003068605,0.01178974,-1.203021,0.2496596,-9.746778,0,0,35.8175,1,1,1000,1000
306285,28:04.3,IMU,235484935,0,0.001200995,0.002666042,0.01148646,-1.203131,0.2482036,-9.741096,0,0,35.81873,1,1,1000,1000
306337,28:04.3,IMU,235524919,0,0.001422694,0.002043325,0.01109004,-1.201526,0.2484407,-9.737194,0,0,35.81995,1,1,1000,1000
306441,28:04.4,IMU,235564903,0,-0.000303306,0.003247882,0.01076908,-1.201923,0.2484836,-9.746075,0,0,35.82118,1,1,1000,1000
306495,28:04.4,IMU,235604887,0,-0.000616251,0.002066559,0.01060051,-1.202064,0.2479824,-9.749983,0,0,35.8224,1,1,1000,1000
306594,28:04.5,IMU,235644871,0,-0.00015477,0.002186461,0.0102715,-1.201011,0.247945,-9.746624,0,0,35.82362,1,1,1000,1000
306645,28:04.5,IMU,235684855,0,0.002002181,0.001814308,0.01007891,-1.199602,0.2460368,-9.738195,0,0,35.82485,1,1,1000,1000
306697,28:04.5,IMU,235724839,0,0.00373438,0.001358057,0.009805394,-1.200115,0.2467232,-9.743929,0,0,35.82607,1,1,1000,1000
306796,28:04.6,IMU,235764823,0,0.002566275,0.002075958,0.009824296,-1.198858,0.2454748,-9.746618,0,0,35.82729,1,1,1000,1000
306851,28:04.6,IMU,235804807,0,0.002361193,0.001434773,0.009839927,-1.200272,0.2439274,-9.744986,0,0,35.82852,1,1,1000,1000
306949,28:04.7,IMU,235844791,0,0.001724226,0.001089065,0.009880938,-1.198929,0.2446269,-9.74171,0,0,35.82974,1,1,1000,1000
307002,28:04.7,IMU,235884775,0,0.000739845,0.001616902,0.009888522,-1.198209,0.2449291,-9.745526,0,0,35.83096,1,1,1000,1000
307054,28:04.7,IMU,235924759,0,0.001288,0.001599724,0.009835647,-1.198871,0.2442907,-9.745495,0,0,35.83218,1,1,1000,1000
307153,28:04.8,IMU,235964743,0,-0.000360264,0.002589087,0.009772295,-1.198026,0.2439373,-9.741581,0,0,35.83341,1,1,1000,1000
307208,28:04.8,IMU,236004727,0,0.000877353,0.002909342,0.00932717,-1.197332,0.242338,-9.739318,0,0,35.83463,1,1,1000,1000
307308,28:04.9,IMU,236044711,0,0.00102944,-0.004862354,0.00897053,-1.197294,0.2428361,-9.742065,0,0,35.83585,1,1,1000,1000
307359,28:04.9,IMU,236084695,0,0.001967167,-0.00329519,0.008552171,-1.196607,0.2417459,-9.741459,0,0,35.83707,1,1,1000,1000
307411,28:04.9,IMU,236124679,0,0.003029641,-0.000670574,0.008454513,-1.197505,0.2428316,-9.748219,0,0,35.83829,1,1,1000,1000
307512,28:05.0,IMU,236164663,0,0.002561389,0.003337608,0.008411227,-1.196736,0.241499,-9.744221,0,0,35.83952,1,1,1000,1000
307567,28:05.0,IMU,236204647,0,0.001986013,0.003362503,0.008215501,-1.196944,0.2409727,-9.743376,0,0,35.84074,1,1,1000,1000
307665,28:05.1,IMU,236244631,0,0.001555053,0.004489814,0.007987298,-1.196407,0.2416537,-9.739975,0,0,35.84196,1,1,1000,1000
307716,28:05.1,IMU,236284615,0,0.001941659,0.005108383,0.007629227,-1.195547,0.2399177,-9.7414,0,0,35.84318,1,1,1000,1000
307768,28:05.1,IMU,236324599,0,0.000715183,0.004922132,0.007431688,-1.197457,0.2403299,-9.742855,0,0,35.8444,1,1,1000,1000
307868,28:05.2,IMU,236364583,0,0.001452056,0.004827146,0.007244584,-1.196897,0.2412983,-9.74831,0,0,35.84562,1,1,1000,1000
307922,28:05.2,IMU,236405400,0,0.000288445,0.007891454,0.007292622,-1.196659,0.2400629,-9.740167,0,0,35.84687,1,1,1000,1000
308022,28:05.3,IMU,236445384,0,2.513208e-05,0.01554289,0.00742988,-1.195864,0.2390494,-9.748346,0,0,35.84809,1,1,1000,1000
308076,28:05.3,IMU,236485368,0,-0.000437863,0.01431661,0.007388713,-1.195819,0.2399105,-9.74574,0,0,35.84931,1,1,1000,1000
308129,28:05.3,IMU,236525352,0,0.001257133,0.01149376,0.007126784,-1.195637,0.23895,-9.741602,0,0,35.85053,1,1,1000,1000
308230,28:05.4,IMU,236565336,0,0.001385058,0.007182348,0.006921914,-1.195703,0.2385221,-9.742871,0,0,35.85175,1,1,1000,1000
308284,28:05.4,IMU,236605320,0,0.001567757,0.007015714,0.006578227,-1.194439,0.2391894,-9.743174,0,0,35.85297,1,1,1000,1000
308382,28:05.5,IMU,236645304,0,-0.000137083,0.006679354,0.006465094,-1.195932,0.2369294,-9.744449,0,0,35.85419,1,1,1000,1000
308434,28:05.5,IMU,236685288,0,0.000231889,0.006423382,0.006245078,-1.193313,0.2383406,-9.743897,0,0,35.85541,1,1,1000,1000
308486,28:05.5,IMU,236725272,0,0.000425347,0.00623011,0.006001513,-1.19403,0.237958,-9.743026,0,0,35.85663,1,1,1000,1000
308585,28:05.6,IMU,236765256,0,0.000668174,0.005260882,0.005802083,-1.194698,0.2388051,-9.740765,0,0,35.85785,1,1,1000,1000
308640,28:05.6,IMU,236805240,0,0.000967111,0.004020915,0.005702932,-1.192706,0.2362141,-9.742251,0,0,35.85907,1,1,1000,1000
308738,28:05.7,IMU,236845224,0,0.00107523,0.001480778,0.005549918,-1.192002,0.2375455,-9.737573,0,0,35.86026,1,1,1000,1000
308837,28:05.7,IMU,236885208,0,0.001302595,-0.0046474,0.005565821,-1.191216,0.2369263,-9.742967,0,0,35.86148,1,1,1000,1000
308889,28:05.7,IMU,236925192,0,0.001463652,-0.002999846,0.005431447,-1.191212,0.235576,-9.741854,0,0,35.86269,1,1,1000,1000
308988,28:05.8,IMU,236965176,0,0.000181029,-0.000103297,0.005365551,-1.191666,0.2370693,-9.74676,0,0,35.86391,1,1,1000,1000
309042,28:05.8,IMU,237005160,0,-0.000910805,0.000143009,0.005217764,-1.190537,0.236169,-9.742965,0,0,35.86513,1,1,1000,1000
309143,28:05.9,IMU,237045144,0,-0.000533648,0.002230976,0.005161749,-1.190695,0.2364406,-9.74263,0,0,35.86635,1,1,1000,1000
309194,28:05.9,IMU,237085128,0,-0.00018698,0.004196414,0.005066444,-1.191585,0.2364733,-9.741402,0,0,35.86757,1,1,999,999
309247,28:05.9,IMU,237125112,0,-0.001547073,0.004028318,0.005056501,-1.190252,0.2360137,-9.745364,0,0,35.86878,1,1,999,999
309347,28:06.0,IMU,237165096,0,-0.002257047,0.004026619,0.004968722,-1.18944,0.2365537,-9.743368,0,0,35.87,1,1,999,999
309403,28:06.0,IMU,237205080,0,-0.003504387,0.003953616,0.004804099,-1.190076,0.2354535,-9.741669,0,0,35.87122,1,1,999,999
309501,28:06.1,IMU,237245064,0,-0.00309696,0.003911391,0.004736982,-1.189083,0.236525,-9.743333,0,0,35.87247,1,1,999,999
309552,28:06.1,IMU,237285048,0,-0.002512491,0.01707414,0.004728983,-1.189659,0.2359888,-9.741678,0,0,35.87368,1,1,999,999
309604,28:06.1,IMU,237325032,0,-0.002068374,0.01557673,0.004663928,-1.189547,0.2362941,-9.74357,0,0,35.8749,1,1,999,999
309722,28:06.2,IMU,237365016,0,-0.00163758,0.01458136,0.004572948,-1.188413,0.2365936,-9.743495,0,0,35.87611,1,1,999,999
309804,28:06.2,IMU,237405000,0,-0.001772277,0.02508852,0.004818609,-1.188685,0.237213,-9.738612,0,0,35.87733,1,1,999,999
309931,28:06.3,IMU,237444984,0,-0.003598288,0.03812357,0.005728027,-1.189315,0.2360348,-9.753449,0,0,35.87852,1,1,999,999
310027,28:06.3,IMU,237484968,0,-0.000129579,0.05915011,0.006901393,-1.186589,0.2358905,-9.717095,0,0,35.87973,1,1,999,999
310080,28:06.3,IMU,237524952,0,9.402678e-05,0.2398647,0.009069541,-1.18736,0.2356434,-9.709219,0,0,35.88095,1,1,999,999
310181,28:06.4,IMU,237564936,0,0.000421771,0.3856599,0.01139658,-1.187371,0.236526,-9.715967,0,0,35.88217,1,1,999,999
310235,28:06.4,IMU,237604920,0,0.00437631,0.4591881,0.01311923,-1.185017,0.2367256,-9.72731,0,0,35.88338,1,1,999,999
310333,28:06.5,IMU,237644904,0,0.007969687,0.475639,0.01426805,-1.179142,0.2371704,-9.732599,0,0,35.8846,1,1,999,999
310384,28:06.5,IMU,237684888,0,0.007633453,0.4582081,0.01491483,-1.166791,0.2376822,-9.747571,0,0,35.88581,1,1,999,999
310437,28:06.5,IMU,237724872,0,0.007270599,0.4236534,0.01524889,-1.155087,0.2390455,-9.771138,0,0,35.88703,1,1,999,999
310536,28:06.6,IMU,237764856,0,0.008110182,0.3819924,0.01499901,-1.135747,0.2394863,-9.779915,0,0,35.88824,1,1,999,999
310591,28:06.6,IMU,237804840,0,0.008334434,0.342138,0.01427404,-1.115838,0.2398494,-9.800858,0,0,35.88946,1,1,999,999
310689,28:06.7,IMU,237844824,0,0.008849678,0.3062816,0.01300304,-1.093769,0.2397915,-9.81715,0,0,35.89067,1,1,999,999
310741,28:06.7,IMU,237884808,0,0.008923257,0.2747464,0.01149778,-1.069165,0.241118,-9.832348,0,0,35.89189,1,1,999,999
310795,28:06.7,IMU,237924792,0,0.009681603,0.2504458,0.0101215,-1.043376,0.2416985,-9.856888,0,0,35.8931,1,1,999,999
310894,28:06.8,IMU,237964776,0,0.008912102,0.2316148,0.008653232,-1.016501,0.2425881,-9.866622,0,0,35.89432,1,1,999,999
310948,28:06.8,IMU,238004760,0,0.006709631,0.2148719,0.007218388,-0.9917905,0.2424044,-9.892761,0,0,35.89553,1,1,999,999
311049,28:06.9,IMU,238044744,0,0.006586818,0.1999274,0.005528626,-0.962926,0.2423671,-9.90321,0,0,35.89674,1,1,999,999
311100,28:06.9,IMU,238084728,0,0.006326228,0.1927814,0.003924799,-0.9332831,0.2417114,-9.908616,0,0,35.89796,1,1,1000,1000
311152,28:06.9,IMU,238124712,0,0.006662784,0.1852047,0.002221103,-0.9052785,0.2422732,-9.936609,0,0,35.89917,1,1,1000,1000
311252,28:07.0,IMU,238164696,0,0.004886148,0.1785325,0.001138572,-0.8762541,0.2426754,-9.943459,0,0,35.90038,1,1,1000,1000
311308,28:07.0,IMU,238204680,0,0.004823735,0.1753376,4.625899e-05,-0.8456745,0.2411234,-9.946667,0,0,35.9016,1,1,1000,1000
311406,28:07.1,IMU,238244664,0,0.005001656,0.1716529,-0.00120339,-0.81559,0.24191,-9.960423,0,0,35.90281,1,1,1000,1000
311457,28:07.1,IMU,238284648,0,0.004944281,0.1703392,-0.002194818,-0.786932,0.2422072,-9.975223,0,0,35.90402,1,1,1000,1000
311509,28:07.1,IMU,238324632,0,0.007331847,0.1670477,-0.002964498,-0.7563481,0.2407515,-9.98568,0,0,35.90524,1,1,1000,1000
311610,28:07.2,IMU,238364616,0,0.006894666,0.1646878,-0.003735507,-0.725908,0.2418546,-9.990253,0,0,35.90645,1,1,1000,1000
311665,28:07.2,IMU,238404600,0,0.003079047,0.1636072,-0.004643907,-0.6953293,0.2406218,-10.00334,0,0,35.90766,1,1,1000,1000
311765,28:07.3,IMU,238444584,0,0.001884911,0.1662927,-0.005266576,-0.6637589,0.2402074,-10.00965,0,0,35.90887,1,1,1000,1000
311819,28:07.3,IMU,238485401,0,0.005804352,0.1637696,-0.005791549,-0.6342515,0.2396301,-10.01701,0,0,35.91011,1,1,1000,1000
311872,28:07.3,IMU,238525385,0,0.005416037,0.1626884,-0.006306505,-0.6029253,0.2406407,-10.02597,0,0,35.91133,1,1,1000,1000
311973,28:07.4,IMU,238565369,0,0.003189806,0.1596405,-0.006864599,-0.5722361,0.2392803,-10.039,0,0,35.91254,1,1,1000,1000
312027,28:07.4,IMU,238605353,0,0.001077456,0.1623932,-0.007344489,-0.5415387,0.2399561,-10.04435,0,0,35.91375,1,1,1000,1000
312125,28:07.5,IMU,238645337,0,0.001757949,0.1615089,-0.007618023,-0.5102012,0.23869,-10.04806,0,0,35.91496,1,1,1000,1000
312176,28:07.5,IMU,238685321,0,0.001874012,0.1608922,-0.007969972,-0.4813383,0.2386596,-10.05589,0,0,35.91618,1,1,1000,1000
312229,28:07.5,IMU,238725305,0,0.000854956,0.1613999,-0.008594403,-0.4485492,0.2382773,-10.06752,0,0,35.91739,1,1,1000,1000
312328,28:07.6,IMU,238765289,0,0.000957688,0.1631014,-0.008923876,-0.4193746,0.2395681,-10.07577,0,0,35.91859,1,1,1000,1000
312383,28:07.6,IMU,238805273,0,-0.000411106,0.1616379,-0.009328477,-0.3882009,0.2371902,-10.08341,0,0,35.91981,1,1,1000,1000
312481,28:07.7,IMU,238845257,0,-8.75e-05,0.1572857,-0.009862922,-0.3597147,0.2381682,-10.08906,0,0,35.92102,1,1,1000,1000
312533,28:07.7,IMU,238885241,0,0.000160327,0.1564949,-0.01055001,-0.3274271,0.2386561,-10.09312,0,0,35.92223,1,1,1000,1000
312586,28:07.7,IMU,238925225,0,-0.00142211,0.1550309,-0.0109176,-0.2998742,0.2383922,-10.10639,0,0,35.92341,1,1,1000,1000
312685,28:07.8,IMU,238965209,0,-0.001074972,0.1514491,-0.008236488,-0.2720624,0.2392789,-10.11178,0,0,35.92462,1,1,1000,1000
312739,28:07.8,IMU,239005193,0,0.000274274,0.1476555,-0.002626437,-0.2418209,0.2377651,-10.11574,0,0,35.92583,1,1,1000,1000
312840,28:07.9,IMU,239045177,0,-0.001454502,0.1492621,0.003830713,-0.2129005,0.2387452,-10.12023,0,0,35.92704,1,1,1000,1000
312891,28:07.9,IMU,239085161,0,-0.001084246,0.1449069,0.009601691,-0.1836103,0.2381387,-10.13017,0,0,35.92825,1,1,999,999
312943,28:07.9,IMU,239125145,0,-0.000684939,0.1449941,0.01426687,-0.1553636,0.2405938,-10.13781,0,0,35.92945,1,1,999,999
313043,28:08.0,IMU,239165129,0,-0.00033315,0.1445633,0.01807453,-0.1272862,0.2393056,-10.14586,0,0,35.93066,1,1,999,999
313098,28:08.0,IMU,239205113,0,-0.001557671,0.1439955,0.02084414,-0.1003027,0.2392788,-10.15261,0,0,35.93187,1,1,999,999
313197,28:08.1,IMU,239245097,0,-0.000527409,0.1470026,0.02227813,-0.07242984,0.2400284,-10.16133,0,0,35.93308,1,1,999,999
313249,28:08.1,IMU,239285081,0,-0.002269642,0.1498884,0.022509,-0.04459522,0.240919,-10.17179,0,0,35.93429,1,1,999,999
313301,28:08.1,IMU,239325065,0,-0.001778397,0.1559369,0.02209739,-0.01990916,0.2417207,-10.17834,0,0,35.93553,1,1,999,999
313400,28:08.2,IMU,239365049,0,-0.001369147,0.1607282,0.02100754,0.007302818,0.241752,-10.18226,0,0,35.93674,1,1,999,999
313455,28:08.2,IMU,239405033,0,-0.000935235,0.1655454,0.01947397,0.03437177,0.2414355,-10.18708,0,0,35.93795,1,1,999,999
313555,28:08.3,IMU,239445017,0,-0.00075249,0.1731189,0.0174136,0.06265908,0.2416411,-10.19973,0,0,35.93916,1,1,999,999
313609,28:08.3,IMU,239485001,0,-0.002262643,0.1851477,0.01545764,0.09072182,0.2434641,-10.21918,0,0,35.94036,1,1,999,999
313661,28:08.3,IMU,239524985,0,-0.001666162,0.1938892,0.0133346,0.1203496,0.2428202,-10.21981,0,0,35.94154,1,1,999,999
313764,28:08.4,IMU,239564969,0,-0.001257746,0.1829128,0.01140563,0.1517779,0.243746,-10.23846,0,0,35.94275,1,1,999,999
313818,28:08.4,IMU,239604953,0,-0.000892585,0.1539206,0.00942375,0.1843954,0.2427966,-10.25719,0,0,35.94396,1,1,999,999
313916,28:08.5,IMU,239644937,0,-0.000813627,0.1211842,0.00754379,0.2182562,0.2437072,-10.25804,0,0,35.94516,1,1,999,999
313967,28:08.5,IMU,239684921,0,-0.0039938,0.09098558,0.005975687,0.2534655,0.243603,-10.26689,0,0,35.94637,1,1,999,999
314020,28:08.5,IMU,239724905,0,-0.003281891,0.0605715,0.004419017,0.2911332,0.2434448,-10.26528,0,0,35.94758,1,1,999,999
314119,28:08.6,IMU,239764889,0,-0.003202134,0.02793412,0.003036604,0.3266515,0.2439821,-10.26372,0,0,35.94878,1,1,999,999
314173,28:08.6,IMU,239804873,0,-0.000499499,0.001582202,0.002196655,0.3636985,0.2446317,-10.25045,0,0,35.94999,1,1,999,999
314272,28:08.7,IMU,239844857,0,-0.000950144,-0.01992394,0.001676002,0.4017237,0.2450425,-10.23869,0,0,35.9512,1,1,999,999
314324,28:08.7,IMU,239884841,0,-0.002383842,-0.03726806,0.001387228,0.4409392,0.2451932,-10.21553,0,0,35.95241,1,1,999,999
314377,28:08.7,IMU,239924825,0,-0.003574987,-0.05766545,0.000887965,0.4779095,0.244784,-10.19595,0,0,35.95361,1,1,999,999
314476,28:08.8,IMU,239964809,0,-0.000453103,-0.07594198,0.000489554,0.5159814,0.246231,-10.17924,0,0,35.95482,1,1,999,999
314530,28:08.8,IMU,240004793,0,-0.00020644,-0.09056235,0.000216648,0.5528888,0.2450719,-10.15628,0,0,35.95602,1,1,999,999
314631,28:08.9,IMU,240044777,0,-0.001969144,-0.1066277,0.000123257,0.5922243,0.2463505,-10.1252,0,0,35.95723,1,1,999,999
314682,28:08.9,IMU,240084761,0,-0.002901608,-0.1163028,-1.51e-05,0.6281384,0.2457491,-10.1034,0,0,35.95844,1,1,1000,1000
314734,28:08.9,IMU,240124745,0,-0.00156957,-0.1192807,-9.89e-05,0.6645677,0.2458592,-10.07416,0,0,35.95964,1,1,1000,1000
314834,28:09.0,IMU,240164729,0,-0.003942361,-0.1253212,-0.00015241,0.7008193,0.2464503,-10.04916,0,0,35.96085,1,1,1000,1000
314888,28:09.0,IMU,240204713,0,-0.001439244,-0.1318596,-0.000123412,0.7365931,0.2480105,-10.02786,0,0,35.96205,1,1,1000,1000
314987,28:09.1,IMU,240244697,0,-0.004792185,-0.1343394,-0.000161823,0.7692629,0.2480315,-9.995793,0,0,35.96326,1,1,1000,1000
315038,28:09.1,IMU,240284681,0,-0.004179432,-0.1325277,2.590591e-06,0.8032353,0.2482128,-9.97817,0,0,35.96446,1,1,1000,1000
315090,28:09.1,IMU,240324665,0,-0.005479319,-0.1373904,0.000100141,0.8353333,0.2487388,-9.951632,0,0,35.96567,1,1,1000,1000
315189,28:09.2,IMU,240364649,0,-0.003923682,-0.1412116,0.000348115,0.8670131,0.2483304,-9.933402,0,0,35.96687,1,1,1000,1000
315243,28:09.2,IMU,240404633,0,-0.001186105,-0.1443528,0.000252196,0.8966011,0.248804,-9.914177,0,0,35.96807,1,1,1000,1000
315345,28:09.3,IMU,240444617,0,-0.001839937,-0.1478162,0.000687803,0.9260833,0.2490941,-9.894996,0,0,35.96928,1,1,1000,1000
315399,28:09.3,IMU,240484601,0,-0.003173372,-0.1478679,0.000641682,0.9546593,0.2497867,-9.873804,0,0,35.97048,1,1,1000,1000
315452,28:09.3,IMU,240524585,0,-3.55e-05,-0.152431,0.001110223,0.9824801,0.2503286,-9.857889,0,0,35.97169,1,1,1000,1000
315553,28:09.4,IMU,240565402,0,0.000488722,-0.1551557,0.001072929,1.007804,0.2500524,-9.841526,0,0,35.97292,1,1,1000,1000
315607,28:09.4,IMU,240605386,0,0.002569368,-0.1544509,0.001337822,1.032637,0.2516404,-9.822593,0,0,35.97412,1,1,1000,1000
315705,28:09.5,IMU,240645370,0,0.002714061,-0.1558646,0.001321412,1.056347,0.2522129,-9.812435,0,0,35.97533,1,1,1000,1000
315756,28:09.5,IMU,240685354,0,0.000507572,-0.1597323,0.001388498,1.077583,0.2537948,-9.802339,0,0,35.97653,1,1,1000,1000
315808,28:09.5,IMU,240725338,0,0.003100281,-0.160486,0.001375572,1.098996,0.253197,-9.784275,0,0,35.97773,1,1,1000,1000
315908,28:09.6,IMU,240765322,0,0.000256057,-0.1613588,0.001689205,1.117898,0.2543004,-9.77766,0,0,35.97894,1,1,1000,1000
315962,28:09.6,IMU,240805306,0,0.00423091,-0.1614872,0.001617393,1.13504,0.2551962,-9.76927,0,0,35.98014,1,1,1000,1000
316061,28:09.7,IMU,240845290,0,0.002316335,-0.1614779,0.001698559,1.15288,0.255625,-9.759554,0,0,35.98134,1,1,1000,1000
316112,28:09.7,IMU,240885274,0,-0.000166873,-0.160065,0.001715295,1.167305,0.2559286,-9.75408,0,0,35.98254,1,1,1000,1000
316166,28:09.7,IMU,240925258,0,-0.001179446,-0.1565961,0.001702115,1.180101,0.257712,-9.748064,0,0,35.98375,1,1,1000,1000
316265,28:09.8,IMU,240965242,0,0.001581851,-0.1515029,0.001922558,1.192508,0.2570516,-9.738435,0,0,35.98495,1,1,1000,1000
316319,28:09.8,IMU,241005226,0,0.002874153,-0.1515499,0.002048409,1.203975,0.2582972,-9.73414,0,0,35.98612,1,1,1000,1000
316420,28:09.9,IMU,241045210,0,0.005003885,-0.1477393,0.001966818,1.213407,0.2593228,-9.730929,0,0,35.98732,1,1,1000,1000
316471,28:09.9,IMU,241085194,0,0.004875926,-0.1426111,0.002000513,1.221004,0.2599388,-9.735661,0,0,35.98853,1,1,999,999
316523,28:09.9,IMU,241125178,0,0.004940334,-0.1392209,0.002283119,1.227567,0.2611446,-9.73197,0,0,35.98972,1,1,999,999
316623,28:10.0,IMU,241165162,0,0.00552644,-0.1347658,0.001979021,1.232599,0.2613133,-9.719249,0,0,35.99093,1,1,999,999
316677,28:10.0,IMU,241205146,0,0.005350556,-0.1280527,0.001773023,1.238836,0.2618097,-9.723375,0,0,35.99213,1,1,999,999
316775,28:10.1,IMU,241245130,0,0.005195418,-0.119824,0.001846274,1.240858,0.2637095,-9.727805,0,0,35.99333,1,1,999,999
316827,28:10.1,IMU,241285114,0,0.005040566,-0.1124171,0.001903443,1.244357,0.2639118,-9.727623,0,0,35.99453,1,1,999,999
316879,28:10.1,IMU,241325098,0,0.00493898,-0.1035984,0.002041261,1.244828,0.2653449,-9.729232,0,0,35.99573,1,1,999,999
316978,28:10.2,IMU,241365082,0,0.004792998,-0.09819241,0.002226034,1.245956,0.264797,-9.734745,0,0,35.99693,1,1,999,999
317032,28:10.2,IMU,241405066,0,0.005766059,-0.09356459,0.002401249,1.245865,0.2668741,-9.737267,0,0,35.99816,1,1,999,999
317133,28:10.3,IMU,241445050,0,0.00793855,-0.0840721,0.002681636,1.243502,0.2658964,-9.727054,0,0,35.99936,1,1,999,999
317187,28:10.3,IMU,241485034,0,0.009083115,-0.07698198,0.002782882,1.240635,0.2674749,-9.730778,0,0,36.00056,1,1,999,999
317240,28:10.3,IMU,241525018,0,0.009360445,-0.07077035,0.002933146,1.239883,0.2670374,-9.736278,0,0,36.00176,1,1,999,999
317341,28:10.4,IMU,241565002,0,0.01059192,-0.06322698,0.002961751,1.236665,0.2672132,-9.736767,0,0,36.00296,1,1,999,999
317395,28:10.4,IMU,241604986,0,0.01068509,-0.05508874,0.003095627,1.232407,0.2671093,-9.73947,0,0,36.00413,1,1,999,999
317493,28:10.5,IMU,241644970,0,0.01099114,-0.04830804,0.00317142,1.230532,0.2685309,-9.738802,0,0,36.00533,1,1,999,999
317544,28:10.5,IMU,241684954,0,0.01007609,-0.04185581,0.003216755,1.224459,0.2689481,-9.742499,0,0,36.00653,1,1,999,999
317596,28:10.5,IMU,241724938,0,0.009804969,-0.03514193,0.003269365,1.219744,0.2692885,-9.74561,0,0,36.00773,1,1,999,999
317695,28:10.6,IMU,241764922,0,0.008601777,-0.029105,0.00334814,1.216938,0.2699217,-9.749256,0,0,36.00893,1,1,999,999
317750,28:10.6,IMU,241804906,0,0.007770006,-0.02120947,0.003440356,1.210508,0.2698951,-9.747631,0,0,36.01012,1,1,999,999
317849,28:10.7,IMU,241844890,0,0.00752006,-0.01635467,0.003533195,1.206967,0.2702884,-9.752167,0,0,36.01132,1,1,999,999
317900,28:10.7,IMU,241884874,0,0.006712953,-0.01342504,0.003608132,1.200585,0.2714031,-9.750715,0,0,36.01252,1,1,999,999
317953,28:10.7,IMU,241924858,0,0.006713814,-0.01192678,0.003633551,1.195353,0.2708766,-9.753787,0,0,36.01372,1,1,999,999
318052,28:10.8,IMU,241964842,0,0.006254411,-0.01298049,0.003632186,1.19046,0.2721397,-9.755848,0,0,36.01492,1,1,999,999
318106,28:10.8,IMU,242004826,0,0.006702526,-0.01637681,0.003578793,1.185312,0.2707384,-9.754264,0,0,36.01612,1,1,999,999
318207,28:10.9,IMU,242044810,0,0.007052923,-0.02342722,0.003565832,1.181137,0.2718495,-9.757736,0,0,36.01731,1,1,999,999
318258,28:10.9,IMU,242084794,0,0.008093926,-0.03232646,0.003444329,1.17512,0.2728145,-9.760068,0,0,36.01851,1,1,999,999
318310,28:10.9,IMU,242124778,0,0.009270813,-0.03840351,0.003485048,1.169602,0.2730941,-9.759228,0,0,36.01971,1,1,999,999
318410,28:11.0,IMU,242164762,0,0.009579076,-0.03862506,0.003397584,1.164725,0.272923,-9.760054,0,0,36.02091,1,1,999,999
318464,28:11.0,IMU,242204746,0,0.01036236,-0.03874166,0.003401568,1.158701,0.2729977,-9.760255,0,0,36.0221,1,1,999,999
318562,28:11.1,IMU,242244730,0,0.0137126,-0.03863389,0.003610949,1.153555,0.2730261,-9.761542,0,0,36.0233,1,1,999,999
318614,28:11.1,IMU,242284714,0,0.01699887,-0.04076774,0.003886157,1.14653,0.2723334,-9.760186,0,0,36.0245,1,1,999,999
318666,28:11.1,IMU,242324698,0,0.01927439,-0.03679802,0.004623953,1.141113,0.2730066,-9.769292,0,0,36.0257,1,1,999,999
318765,28:11.2,IMU,242364682,0,0.0297993,-0.02950027,0.006032686,1.134765,0.2720007,-9.763712,0,0,36.02689,1,1,999,999
318819,28:11.2,IMU,242404666,0,0.03497927,-0.02180825,0.007897358,1.128575,0.272037,-9.770482,0,0,36.02809,1,1,999,999
318920,28:11.3,IMU,242444650,0,0.04175062,-0.01361707,0.01067575,1.120879,0.2719481,-9.768057,0,0,36.02928,1,1,999,999
318975,28:11.3,IMU,242484634,0,0.05119211,-0.006443647,0.01430823,1.114416,0.2711639,-9.776228,0,0,36.03048,1,1,999,999
319028,28:11.3,IMU,242524618,0,0.05563893,-0.002896159,0.01871242,1.107791,0.2694922,-9.778122,0,0,36.03168,1,1,999,999
319129,28:11.4,IMU,242564602,0,0.05815427,0.001741108,0.02380005,1.102197,0.2690081,-9.784158,0,0,36.03287,1,1,999,999
319183,28:11.4,IMU,242604586,0,0.05894735,0.01007654,0.0295097,1.09557,0.2670085,-9.783665,0,0,36.03407,1,1,999,999
319281,28:11.5,IMU,242645403,0,0.06048905,0.01285356,0.03590113,1.089323,0.2647847,-9.789208,0,0,36.03529,1,1,999,999
319332,28:11.5,IMU,242685387,0,0.0639534,0.01819931,0.04272319,1.083652,0.2613269,-9.794656,0,0,36.03649,1,1,999,999
319384,28:11.5,IMU,242725371,0,0.06509883,0.02113917,0.04969154,1.079223,0.2571157,-9.801177,0,0,36.03768,1,1,999,999
319483,28:11.6,IMU,242765355,0,0.06156027,0.02338358,0.05671801,1.072543,0.2540632,-9.800915,0,0,36.03888,1,1,999,999
319538,28:11.6,IMU,242805339,0,0.06012749,0.02388843,0.06391494,1.069826,0.2488945,-9.805182,0,0,36.04007,1,1,999,999
319637,28:11.7,IMU,242845323,0,0.06113893,0.0274238,0.07124721,1.066482,0.243571,-9.812699,0,0,36.04127,1,1,999,999
319688,28:11.7,IMU,242885307,0,0.06149029,0.02777633,0.07860089,1.060961,0.2380749,-9.811169,0,0,36.04246,1,1,999,999
319740,28:11.7,IMU,242925291,0,0.06340505,0.02582689,0.0860772,1.05838,0.232837,-9.817621,0,0,36.04366,1,1,999,999
319840,28:11.8,IMU,242965275,0,0.06088759,0.02819254,0.09326521,1.055951,0.2262548,-9.821685,0,0,36.04485,1,1,999,999
319894,28:11.8,IMU,243005259,0,0.06015111,0.03283532,0.100331,1.052063,0.2204932,-9.828054,0,0,36.04604,1,1,999,999
319995,28:11.9,IMU,243045243,0,0.06007871,0.03518861,0.1071416,1.049178,0.2125392,-9.824965,0,0,36.04724,1,1,999,999
320046,28:11.9,IMU,243085227,0,0.059841,0.03516944,0.1140395,1.047538,0.2050912,-9.833555,0,0,36.0484,1,1,1000,1000
320098,28:11.9,IMU,243125211,0,0.05973595,0.02863917,0.1208871,1.045038,0.1969951,-9.836514,0,0,36.04959,1,1,1000,1000
320198,28:12.0,IMU,243165195,0,0.05955532,0.03117453,0.1276507,1.043896,0.1885428,-9.839008,0,0,36.05079,1,1,1000,1000
320252,28:12.0,IMU,243205179,0,0.05782901,0.03571369,0.134503,1.041545,0.1793467,-9.849155,0,0,36.05198,1,1,1000,1000
320350,28:12.1,IMU,243245163,0,0.05634684,0.03974911,0.1410397,1.040116,0.1702116,-9.849861,0,0,36.05317,1,1,1000,1000
320401,28:12.1,IMU,243285147,0,0.0590747,0.03891814,0.1476861,1.03871,0.1609835,-9.851648,0,0,36.05437,1,1,1000,1000
320454,28:12.1,IMU,243325131,0,0.0592197,0.0376618,0.1543101,1.039161,0.1504533,-9.852773,0,0,36.05556,1,1,1000,1000
320555,28:12.2,IMU,243365115,0,0.06206074,0.03521438,0.1610063,1.036933,0.1410181,-9.863976,0,0,36.05675,1,1,1000,1000
320609,28:12.2,IMU,243405099,0,0.05811859,0.03814803,0.167658,1.036644,0.1307328,-9.868034,0,0,36.05795,1,1,1000,1000
320710,28:12.3,IMU,243445083,0,0.05650717,0.03901574,0.1742739,1.03653,0.1189475,-9.865287,0,0,36.05914,1,1,1000,1000
320764,28:12.3,IMU,243485067,0,0.05969455,0.04136758,0.1809311,1.035587,0.1081472,-9.870676,0,0,36.06033,1,1,1000,1000
320817,28:12.3,IMU,243525051,0,0.05861675,0.03825924,0.1879416,1.036781,0.09766191,-9.875715,0,0,36.06155,1,1,1000,1000
320920,28:12.4,IMU,243565035,0,0.0593077,0.03928892,0.1947275,1.036594,0.08512598,-9.884469,0,0,36.06274,1,1,1000,1000
320974,28:12.4,IMU,243605019,0,0.05623291,0.03839589,0.2015823,1.03588,0.07337157,-9.88471,0,0,36.06393,1,1,1000,1000
321072,28:12.5,IMU,243645003,0,0.05658257,0.03997527,0.2085913,1.036292,0.06088495,-9.878376,0,0,36.06512,1,1,1000,1000
321123,28:12.5,IMU,243684987,0,0.06082849,0.03691753,0.2156849,1.036144,0.04801254,-9.893244,0,0,36.06628,1,1,1000,1000
321175,28:12.5,IMU,243724971,0,0.05983025,0.03583749,0.2228302,1.037533,0.03646454,-9.895745,0,0,36.06748,1,1,1000,1000
321274,28:12.6,IMU,243764955,0,0.05927485,0.03373864,0.230107,1.037605,0.02309649,-9.902265,0,0,36.06867,1,1,1000,1000
321328,28:12.6,IMU,243804939,0,0.05968635,0.03472577,0.2376082,1.036098,0.009286273,-9.899701,0,0,36.06986,1,1,1000,1000
321428,28:12.7,IMU,243844923,0,0.05885602,0.03217707,0.2448537,1.037462,-0.003175433,-9.908629,0,0,36.07105,1,1,1000,1000
321479,28:12.7,IMU,243884907,0,0.06354678,0.03115188,0.2524612,1.037316,-0.01662154,-9.911581,0,0,36.07224,1,1,1000,1000
321531,28:12.7,IMU,243924891,0,0.06444099,0.02962643,0.2603887,1.037129,-0.03242296,-9.913535,0,0,36.07343,1,1,1000,1000
321631,28:12.8,IMU,243964875,0,0.06241728,0.02756951,0.2682035,1.036416,-0.0469152,-9.919559,0,0,36.07462,1,1,1000,1000
321685,28:12.8,IMU,244004859,0,0.05932394,0.02551699,0.2759174,1.036122,-0.0636688,-9.929673,0,0,36.07581,1,1,1000,1000
321786,28:12.9,IMU,244044843,0,0.06141479,0.02129629,0.2839483,1.033513,-0.07964763,-9.927592,0,0,36.077,1,1,1000,1000
321837,28:12.9,IMU,244084827,0,0.05932338,0.01247739,0.2918609,1.032487,-0.0958039,-9.933434,0,0,36.07819,1,1,999,999
321889,28:12.9,IMU,244124811,0,0.05781689,0.002056597,0.2997016,1.030598,-0.1149969,-9.938968,0,0,36.07938,1,1,999,999
321989,28:13.0,IMU,244164795,0,0.05417314,-0.011522,0.3072896,1.029151,-0.1328721,-9.939249,0,0,36.08057,1,1,999,999
322043,28:13.0,IMU,244204779,0,0.04921495,-0.02725495,0.3145733,1.025543,-0.1527187,-9.950489,0,0,36.08176,1,1,999,999
322141,28:13.1,IMU,244244763,0,0.0487861,-0.04287148,0.3216356,1.021902,-0.1727494,-9.959654,0,0,36.08295,1,1,999,999
322195,28:13.1,IMU,244284747,0,0.04482187,-0.05340492,0.3279758,1.01784,-0.1931283,-9.958599,0,0,36.08414,1,1,999,999
322247,28:13.1,IMU,244324731,0,0.04127982,-0.06593896,0.3339782,1.01307,-0.2150104,-9.962162,0,0,36.08532,1,1,999,999
322347,28:13.2,IMU,244364715,0,0.04106691,-0.08108787,0.3389578,1.007453,-0.238301,-9.972745,0,0,36.08651,1,1,999,999
322401,28:13.2,IMU,244404699,0,0.0371744,-0.09077583,0.3433451,0.9990692,-0.2589361,-9.976254,0,0,36.0877,1,1,999,999
322501,28:13.3,IMU,244444683,0,0.03494589,-0.1032598,0.3465992,0.9901416,-0.2831879,-9.967362,0,0,36.08889,1,1,999,999
322556,28:13.3,IMU,244484667,0,0.03231138,-0.119924,0.3488593,0.9817137,-0.3041674,-9.988307,0,0,36.09008,1,1,999,999
322609,28:13.3,IMU,244524651,0,0.02304447,-0.1360785,0.3497908,0.970964,-0.329244,-9.981595,0,0,36.09126,1,1,999,999
322710,28:13.4,IMU,244564635,0,0.01518572,-0.1480705,0.3494763,0.9571602,-0.3527656,-9.989034,0,0,36.09245,1,1,999,999
322764,28:13.4,IMU,244604619,0,0.008681741,-0.1632251,0.3479671,0.9439458,-0.3771698,-10.00043,0,0,36.09364,1,1,999,999
322862,28:13.5,IMU,244644603,0,0.00240318,-0.1760548,0.3450827,0.9304311,-0.4009783,-10.00608,0,0,36.09483,1,1,999,999
322913,28:13.5,IMU,244684587,0,-0.000148759,-0.1841704,0.3407393,0.9121982,-0.4244294,-10.0057,0,0,36.09602,1,1,999,999
322966,28:13.5,IMU,244725404,0,-0.003733399,-0.1919309,0.3349114,0.8957002,-0.4479927,-10.01527,0,0,36.09723,1,1,999,999
323065,28:13.6,IMU,244765388,0,-0.00818106,-0.1950017,0.3278073,0.8753655,-0.471915,-10.02454,0,0,36.09842,1,1,999,999
323119,28:13.6,IMU,244805372,0,-0.01241261,-0.1998156,0.3194542,0.8548712,-0.4942438,-10.0325,0,0,36.09961,1,1,999,999
323219,28:13.7,IMU,244845356,0,-0.01501522,-0.2037213,0.3100132,0.8342575,-0.5158134,-10.04028,0,0,36.10079,1,1,999,999
323270,28:13.7,IMU,244885340,0,-0.009373473,-0.2074372,0.299788,0.8116297,-0.5358276,-10.05137,0,0,36.10198,1,1,999,999
323322,28:13.7,IMU,244925324,0,-0.01405111,-0.2102741,0.2885703,0.7879264,-0.5579293,-10.06049,0,0,36.10316,1,1,999,999
323422,28:13.8,IMU,244965308,0,-0.01657437,-0.2114975,0.2768423,0.7631772,-0.5770378,-10.07169,0,0,36.10435,1,1,999,999
323476,28:13.8,IMU,245005292,0,-0.01611062,-0.2125773,0.264587,0.7393699,-0.5937175,-10.08763,0,0,36.10554,1,1,999,999
323577,28:13.9,IMU,245045276,0,-0.0160498,-0.2128141,0.2520232,0.7130723,-0.6121827,-10.09926,0,0,36.10672,1,1,999,999
323628,28:13.9,IMU,245085260,0,-0.01348228,-0.2102173,0.2392569,0.6847841,-0.6290336,-10.11514,0,0,36.10791,1,1,1000,1000
323680,28:13.9,IMU,245125244,0,-0.0151176,-0.204735,0.2263234,0.6594995,-0.643461,-10.12241,0,0,36.10909,1,1,1000,1000
323780,28:14.0,IMU,245165228,0,-0.01895416,-0.1969492,0.2136238,0.6325203,-0.6592861,-10.13348,0,0,36.11025,1,1,1000,1000
323834,28:14.0,IMU,245205212,0,-0.0219717,-0.1902752,0.2006165,0.6050043,-0.6722889,-10.15153,0,0,36.11143,1,1,1000,1000
323932,28:14.1,IMU,245245196,0,-0.02389534,-0.1755513,0.1878002,0.576892,-0.6837823,-10.15881,0,0,36.11262,1,1,1000,1000
323983,28:14.1,IMU,245285180,0,-0.02276936,-0.1604073,0.1750535,0.5480564,-0.6952306,-10.16366,0,0,36.1138,1,1,1000,1000
324035,28:14.1,IMU,245325164,0,-0.02083537,-0.1448991,0.1624329,0.5217121,-0.7076668,-10.17493,0,0,36.11499,1,1,1000,1000
324135,28:14.2,IMU,245365148,0,-0.01937161,-0.1354329,0.150223,0.4932221,-0.716056,-10.18452,0,0,36.11617,1,1,1000,1000
324189,28:14.2,IMU,245405132,0,-0.02267701,-0.1289343,0.1384636,0.4648664,-0.7259945,-10.19646,0,0,36.11736,1,1,1000,1000
324289,28:14.3,IMU,245445116,0,-0.02511667,-0.1203981,0.1271234,0.437923,-0.7335681,-10.20087,0,0,36.11855,1,1,1000,1000
324347,28:14.3,IMU,245485100,0,-0.02257543,-0.1211665,0.1166601,0.4110646,-0.7409883,-10.20788,0,0,36.11973,1,1,1000,1000
324400,28:14.3,IMU,245525084,0,-0.02329419,-0.1163966,0.106528,0.3834857,-0.7459032,-10.20188,0,0,36.12091,1,1,1000,1000
324501,28:14.4,IMU,245565068,0,-0.02200012,-0.1146812,0.09701762,0.3581313,-0.752984,-10.21491,0,0,36.12209,1,1,1000,1000
324555,28:14.4,IMU,245605052,0,-0.02281728,-0.1089157,0.08781171,0.3319695,-0.7584642,-10.21072,0,0,36.12331,1,1,1000,1000
324653,28:14.5,IMU,245645036,0,-0.02415175,-0.1087348,0.07938593,0.3059267,-0.7627509,-10.21873,0,0,36.12449,1,1,1000,1000
324704,28:14.5,IMU,245685020,0,-0.02483857,-0.1162224,0.07136219,0.2817293,-0.7666243,-10.22275,0,0,36.12568,1,1,1000,1000
324756,28:14.5,IMU,245725004,0,-0.02621958,-0.1182467,0.063936,0.25755,-0.7715738,-10.23116,0,0,36.12686,1,1,1000,1000
324855,28:14.6,IMU,245764988,0,-0.02469969,-0.1171947,0.05745824,0.23309,-0.7735096,-10.23327,0,0,36.12801,1,1,1000,1000
324909,28:14.6,IMU,245804972,0,-0.02841225,-0.1204824,0.0511718,0.2078869,-0.7771884,-10.23714,0,0,36.1292,1,1,1000,1000
325008,28:14.7,IMU,245844956,0,-0.03093306,-0.1235545,0.04524027,0.1853993,-0.779104,-10.24119,0,0,36.13038,1,1,1000,1000
325060,28:14.7,IMU,245884940,0,-0.02840923,-0.1255381,0.0398275,0.1624046,-0.7820082,-10.24941,0,0,36.13156,1,1,1000,1000
325112,28:14.7,IMU,245924924,0,-0.02698647,-0.1247128,0.03472717,0.1396438,-0.7834902,-10.25686,0,0,36.13274,1,1,1000,1000
325212,28:14.8,IMU,245964908,0,-0.03015823,-0.1237778,0.02985657,0.1153037,-0.7847446,-10.2568,0,0,36.13393,1,1,1000,1000
325266,28:14.8,IMU,246004892,0,-0.03217662,-0.1238563,0.02550542,0.09291025,-0.7856861,-10.27184,0,0,36.13511,1,1,1000,1000
325367,28:14.9,IMU,246044876,0,-0.02898698,-0.1244761,0.02136529,0.07067942,-0.7859976,-10.27285,0,0,36.13629,1,1,1000,1000
325418,28:14.9,IMU,246084860,0,-0.02534873,-0.1229074,0.01741214,0.04875116,-0.7870707,-10.27903,0,0,36.13747,1,1,999,999
325470,28:14.9,IMU,246124844,0,-0.02088091,-0.1185188,0.01375929,0.02719228,-0.7872773,-10.29301,0,0,36.13865,1,1,999,999
325569,28:15.0,IMU,246164828,0,-0.01586474,-0.1077788,0.01016637,0.004723035,-0.7881734,-10.29394,0,0,36.13983,1,1,999,999
325625,28:15.0,IMU,246204812,0,-0.014177,-0.09485929,0.007286703,-0.0156865,-0.7864029,-10.29704,0,0,36.14101,1,1,999,999
325723,28:15.1,IMU,246244796,0,-0.002910238,-0.08439579,0.004628171,-0.03852223,-0.7863081,-10.30563,0,0,36.1422,1,1,999,999
325774,28:15.1,IMU,246284780,0,0.003933691,-0.0733618,0.002132477,-0.06149658,-0.7869439,-10.30618,0,0,36.14338,1,1,999,999
325826,28:15.1,IMU,246324764,0,0.01301689,-0.06667994,0.000416287,-0.08418204,-0.7850398,-10.3098,0,0,36.14456,1,1,999,999
325925,28:15.2,IMU,246364748,0,0.01388943,-0.05918197,-0.000764094,-0.1085577,-0.783778,-10.31074,0,0,36.14574,1,1,999,999
325980,28:15.2,IMU,246404732,0,0.01481802,-0.05206159,-0.001741163,-0.1323224,-0.7839023,-10.30854,0,0,36.14692,1,1,999,999
326080,28:15.3,IMU,246444716,0,0.01849564,-0.05582827,-0.002381077,-0.1580938,-0.7836407,-10.30905,0,0,36.1481,1,1,999,999
326135,28:15.3,IMU,246484700,0,0.0230713,-0.05231473,-0.002778069,-0.1840544,-0.7828261,-10.31485,0,0,36.14928,1,1,999,999
326188,28:15.3,IMU,246524684,0,0.02277431,-0.04726106,-0.003007267,-0.2093023,-0.7827553,-10.30666,0,0,36.15046,1,1,999,999
326289,28:15.4,IMU,246564668,0,0.01921293,-0.04753705,-0.002709914,-0.2338498,-0.7832276,-10.30912,0,0,36.15164,1,1,999,999
326343,28:15.4,IMU,246604652,0,0.01900161,-0.04883161,-0.002277939,-0.2619332,-0.7828743,-10.30676,0,0,36.15282,1,1,999,999
326441,28:15.5,IMU,246644636,0,0.01686329,-0.0468777,-0.001547284,-0.2892638,-0.7827778,-10.30283,0,0,36.154,1,1,999,999
326492,28:15.5,IMU,246684620,0,0.0188196,-0.04676987,-0.001112693,-0.3158628,-0.7832875,-10.30459,0,0,36.15518,1,1,999,999
326544,28:15.5,IMU,246724604,0,0.01897332,-0.04207918,-0.000416661,-0.3439942,-0.783964,-10.29579,0,0,36.15636,1,1,999,999
326643,28:15.6,IMU,246764588,0,0.02080446,-0.03046071,0.000256439,-0.3717588,-0.7832981,-10.29206,0,0,36.15754,1,1,999,999
326697,28:15.6,IMU,246805405,0,0.01874363,-0.01580749,0.000828331,-0.4014688,-0.7835219,-10.28605,0,0,36.15874,1,1,999,999
326797,28:15.7,IMU,246845389,0,0.01672818,0.001280708,0.001344478,-0.4314855,-0.7836483,-10.27749,0,0,36.15992,1,1,999,999
326849,28:15.7,IMU,246885373,0,0.0164311,0.01131147,0.001802898,-0.4606363,-0.7847238,-10.27013,0,0,36.1611,1,1,999,999
326901,28:15.7,IMU,246925357,0,0.01455189,0.017937,0.00205855,-0.4910427,-0.7841041,-10.25925,0,0,36.16228,1,1,999,999
327000,28:15.8,IMU,246965341,0,0.01143056,0.02224286,0.00215234,-0.5195414,-0.7856804,-10.24998,0,0,36.16346,1,1,999,999
327055,28:15.8,IMU,247005325,0,0.008211198,0.02644411,0.002351505,-0.5501773,-0.7855827,-10.23223,0,0,36.16463,1,1,999,999
327156,28:15.9,IMU,247045309,0,0.007745387,0.02898411,0.002208179,-0.5789059,-0.7869868,-10.21478,0,0,36.16582,1,1,999,999
327207,28:15.9,IMU,247085293,0,0.007336891,0.03025265,0.002146671,-0.6090441,-0.7874246,-10.20229,0,0,36.16699,1,1,999,999
327259,28:15.9,IMU,247125277,0,0.006996128,0.03220363,0.002138912,-0.6383717,-0.7882185,-10.19012,0,0,36.16817,1,1,999,999
327359,28:16.0,IMU,247165261,0,0.006639755,0.03256109,0.002320043,-0.6667981,-0.7882581,-10.17588,0,0,36.16935,1,1,999,999
327414,28:16.0,IMU,247205245,0,0.006361398,0.03353646,0.002495947,-0.696274,-0.789266,-10.16438,0,0,36.17052,1,1,999,999
327512,28:16.1,IMU,247245229,0,0.008885035,0.03420626,0.002521586,-0.724335,-0.7894906,-10.14738,0,0,36.17167,1,1,999,999
327563,28:16.1,IMU,247285213,0,0.01024358,0.02371412,0.002762338,-0.751942,-0.7904025,-10.13202,0,0,36.17285,1,1,999,999
327615,28:16.1,IMU,247325197,0,0.008886334,0.02272756,0.00294122,-0.7792596,-0.7904901,-10.12037,0,0,36.17403,1,1,999,999
327714,28:16.2,IMU,247365181,0,0.006876176,0.02352669,0.003052794,-0.8073428,-0.7922394,-10.10585,0,0,36.1752,1,1,999,999
327769,28:16.2,IMU,247405165,0,0.003787518,0.02370884,0.003316617,-0.8337123,-0.7924636,-10.09196,0,0,36.17638,1,1,999,999
327869,28:16.3,IMU,247445149,0,0.003028074,0.02346294,0.003537929,-0.8611236,-0.7929381,-10.07863,0,0,36.17756,1,1,999,999
327923,28:16.3,IMU,247485133,0,0.006796803,0.02180407,0.003594627,-0.8873592,-0.7937038,-10.06627,0,0,36.17873,1,1,999,999
327977,28:16.3,IMU,247525117,0,0.006431879,0.02151318,0.003515157,-0.9145672,-0.7940151,-10.05429,0,0,36.17991,1,1,999,999
328078,28:16.4,IMU,247565101,0,0.006130898,0.01973951,0.003555027,-0.9401349,-0.7965724,-10.04693,0,0,36.18108,1,1,999,999
328134,28:16.4,IMU,247605085,0,0.005858521,0.0181758,0.0035663,-0.9651774,-0.7950555,-10.03678,0,0,36.18226,1,1,999,999
328233,28:16.5,IMU,247645069,0,0.002801374,0.01842699,0.003516831,-0.9918461,-0.7980966,-10.025,0,0,36.18343,1,1,999,999
328284,28:16.5,IMU,247685053,0,0.003036113,0.0264244,0.003567277,-1.016255,-0.7980632,-10.01577,0,0,36.18464,1,1,999,999
328336,28:16.5,IMU,247725037,0,0.00027101,0.02926386,0.003480962,-1.040536,-0.7995006,-10.00486,0,0,36.18581,1,1,999,999
328435,28:16.6,IMU,247765021,0,-0.001784236,0.02536183,0.003462709,-1.064467,-0.8011833,-9.985825,0,0,36.18699,1,1,999,999
328489,28:16.6,IMU,247805005,0,-0.004281821,0.0213821,0.003591756,-1.089259,-0.8001162,-9.975481,0,0,36.18816,1,1,999,999
328589,28:16.7,IMU,247844989,0,-0.002871243,0.01995045,0.003460837,-1.111883,-0.8024378,-9.959616,0,0,36.18931,1,1,999,999
328640,28:16.7,IMU,247884973,0,-0.002390287,0.02148279,0.003342043,-1.134508,-0.8026938,-9.948292,0,0,36.19049,1,1,999,999
328693,28:16.7,IMU,247924957,0,-0.001774579,0.01954536,0.003354551,-1.157831,-0.8032379,-9.942037,0,0,36.19166,1,1,999,999
328792,28:16.8,IMU,247964941,0,-0.001269795,0.01793048,0.00332161,-1.179774,-0.8036504,-9.934814,0,0,36.19283,1,1,999,999
328847,28:16.8,IMU,248004925,0,-0.000796757,0.0165796,0.003344676,-1.201488,-0.8041908,-9.928398,0,0,36.19401,1,1,999,999
328948,28:16.9,IMU,248044909,0,-0.000278495,0.01971012,0.003525553,-1.222847,-0.8054971,-9.919361,0,0,36.19518,1,1,999,999
328999,28:16.9,IMU,248084893,0,0.001661683,0.02372862,0.00345213,-1.244841,-0.8071704,-9.910926,0,0,36.19636,1,1,1000,1000
329051,28:16.9,IMU,248124877,0,0.002961528,0.02445365,0.003303344,-1.265412,-0.8067386,-9.886236,0,0,36.19753,1,1,1000,1000
329151,28:17.0,IMU,248164861,0,0.002738415,0.02385806,0.003290607,-1.284076,-0.8075589,-9.884163,0,0,36.1987,1,1,1000,1000
329206,28:17.0,IMU,248204845,0,0.001249413,0.02490244,0.003174347,-1.304351,-0.8064699,-9.872787,0,0,36.19988,1,1,1000,1000
329304,28:17.1,IMU,248244829,0,-0.000969984,0.02580006,0.003127308,-1.324645,-0.8088654,-9.860989,0,0,36.20105,1,1,1000,1000
329355,28:17.1,IMU,248284813,0,-0.000406865,0.02706363,0.002962221,-1.343431,-0.8091376,-9.857798,0,0,36.20222,1,1,1000,1000
329408,28:17.1,IMU,248324797,0,-4.55e-05,0.0270702,0.0030806,-1.362175,-0.8089639,-9.845839,0,0,36.2034,1,1,1000,1000
329507,28:17.2,IMU,248364781,0,0.000307161,0.02955201,0.003161343,-1.380693,-0.8091406,-9.840379,0,0,36.20457,1,1,1000,1000
329561,28:17.2,IMU,248404765,0,-0.000713974,0.03268025,0.003030794,-1.397403,-0.8092168,-9.823698,0,0,36.20574,1,1,1000,1000
329664,28:17.3,IMU,248444749,0,-0.000739719,0.03404438,0.002704744,-1.415608,-0.8107467,-9.813727,0,0,36.20692,1,1,1000,1000
329719,28:17.3,IMU,248484733,0,0.000632957,0.03720515,0.002338693,-1.433286,-0.8094329,-9.809804,0,0,36.20809,1,1,1000,1000
329773,28:17.3,IMU,248524717,0,0.000876861,0.03298494,0.002205689,-1.449808,-0.8109259,-9.80596,0,0,36.20926,1,1,1000,1000
329874,28:17.4,IMU,248564701,0,0.001170336,0.03149397,0.002228097,-1.464944,-0.8117744,-9.797202,0,0,36.21043,1,1,1000,1000
329928,28:17.4,IMU,248604685,0,0.001727122,0.03774992,0.002421081,-1.480764,-0.8124698,-9.789074,0,0,36.21161,1,1,1000,1000
330026,28:17.5,IMU,248644669,0,0.002683133,0.04544337,0.002264073,-1.495743,-0.8121051,-9.77317,0,0,36.21278,1,1,1000,1000
330077,28:17.5,IMU,248684653,0,0.005376831,0.05070318,0.002001089,-1.510375,-0.8117516,-9.762693,0,0,36.21395,1,1,1000,1000
330129,28:17.5,IMU,248724637,0,0.005117168,0.05201236,0.001844385,-1.525281,-0.8125339,-9.76354,0,0,36.21512,1,1,1000,1000
330228,28:17.6,IMU,248764621,0,0.003784271,0.04950789,0.001998802,-1.538001,-0.8107886,-9.748734,0,0,36.21629,1,1,1000,1000
330282,28:17.6,IMU,248804605,0,0.001926537,0.05096451,0.001830735,-1.55079,-0.8111977,-9.743942,0,0,36.21746,1,1,1000,1000
330382,28:17.7,IMU,248844589,0,-0.000395846,0.05469017,0.001614498,-1.56521,-0.8110505,-9.731319,0,0,36.21863,1,1,1000,1000
330433,28:17.7,IMU,248885406,0,0.00011152,0.05848113,0.001337037,-1.577247,-0.8124651,-9.727534,0,0,36.21983,1,1,1000,1000
330485,28:17.7,IMU,248925390,0,0.001123342,0.07027803,0.001035014,-1.588812,-0.8125912,-9.716556,0,0,36.221,1,1,1000,1000
330585,28:17.8,IMU,248965374,0,0.005186478,0.06983075,0.000643457,-1.597965,-0.8131301,-9.7078,0,0,36.22217,1,1,1000,1000
330640,28:17.8,IMU,249005358,0,0.004866486,0.06650065,0.000612104,-1.609985,-0.8131236,-9.702273,0,0,36.22334,1,1,1000,1000
330741,28:17.9,IMU,249045342,0,0.004524737,0.0644474,0.000742929,-1.61942,-0.813419,-9.686773,0,0,36.22451,1,1,1000,1000
330792,28:17.9,IMU,249085326,0,0.003897617,0.06876023,0.000641467,-1.628318,-0.8143228,-9.684724,0,0,36.22569,1,1,999,999
330844,28:17.9,IMU,249125310,0,0.004800692,0.07170977,0.000354923,-1.636813,-0.8130206,-9.680541,0,0,36.22685,1,1,999,999
330944,28:18.0,IMU,249165294,0,0.003513912,0.07117078,0.000403244,-1.645342,-0.8128566,-9.673794,0,0,36.22802,1,1,999,999
330999,28:18.0,IMU,249205278,0,0.001683113,0.07170314,0.000399667,-1.650325,-0.8124951,-9.671054,0,0,36.22919,1,1,999,999
331097,28:18.1,IMU,249245262,0,-0.000592173,0.07443843,0.000147365,-1.656727,-0.8141842,-9.660669,0,0,36.23036,1,1,999,999
331148,28:18.1,IMU,249285246,0,0.000222366,0.07364812,0.000201919,-1.663807,-0.8152279,-9.658607,0,0,36.23153,1,1,999,999
331200,28:18.1,IMU,249325230,0,0.003073755,0.06758228,0.000262273,-1.668688,-0.8144266,-9.657856,0,0,36.23267,1,1,999,999
331299,28:18.2,IMU,249365214,0,0.002280505,0.04556352,0.000475252,-1.671516,-0.8151789,-9.645502,0,0,36.23384,1,1,999,999
331353,28:18.2,IMU,249405198,0,0.001976484,0.03212516,0.000332172,-1.67424,-0.8141305,-9.643898,0,0,36.23501,1,1,999,999
331454,28:18.3,IMU,249445182,0,0.002185255,0.02368451,0.000525703,-1.676124,-0.8148162,-9.6432,0,0,36.23618,1,1,999,999
331508,28:18.3,IMU,249485166,0,0.002391867,0.01658997,0.000773466,-1.677541,-0.8166226,-9.642639,0,0,36.23735,1,1,999,999
331562,28:18.3,IMU,249525150,0,0.005172632,0.008958925,0.000915135,-1.678266,-0.8165675,-9.642822,0,0,36.23851,1,1,999,999
331663,28:18.4,IMU,249565134,0,0.004962424,0.002200096,0.001073858,-1.679322,-0.8156685,-9.642723,0,0,36.23968,1,1,999,999
331717,28:18.4,IMU,249605118,0,0.004818677,-0.00415994,0.001199041,-1.679134,-0.8172833,-9.639655,0,0,36.24085,1,1,999,999
331815,28:18.5,IMU,249645102,0,0.004677445,-0.007571429,0.001332037,-1.678721,-0.8161058,-9.636056,0,0,36.24202,1,1,999,999
331866,28:18.5,IMU,249685086,0,0.003686493,-0.006251247,0.001849613,-1.681477,-0.8168256,-9.645064,0,0,36.24319,1,1,999,999
331918,28:18.5,IMU,249725070,0,0.003221836,-0.006852557,0.0024322,-1.680354,-0.817638,-9.648252,0,0,36.24435,1,1,999,999
332017,28:18.6,IMU,249765054,0,0.002104766,-0.005159623,0.002785086,-1.681724,-0.8179508,-9.647152,0,0,36.24555,1,1,999,999
332071,28:18.6,IMU,249805038,0,0.001435526,-0.004837731,0.003243716,-1.682669,-0.8185416,-9.645734,0,0,36.24672,1,1,999,999
332171,28:18.7,IMU,249845022,0,0.001466198,-0.005275014,0.003615879,-1.683777,-0.818898,-9.641655,0,0,36.24788,1,1,999,999
332222,28:18.7,IMU,249885006,0,0.003764906,-0.003587169,0.003902338,-1.684158,-0.8184506,-9.646667,0,0,36.24905,1,1,999,999
332274,28:18.7,IMU,249924990,0,0.00415503,-0.002977687,0.003872033,-1.685888,-0.819029,-9.648043,0,0,36.25019,1,1,999,999
332374,28:18.8,IMU,249964974,0,0.004118145,-0.003887955,0.003852894,-1.68698,-0.8190046,-9.648281,0,0,36.25135,1,1,999,999
332428,28:18.8,IMU,250004958,0,0.003850228,-0.003855163,0.003775638,-1.688067,-0.8183802,-9.647719,0,0,36.25252,1,1,999,999
332530,28:18.9,IMU,250044942,0,0.005213795,-0.004504754,0.003687367,-1.689076,-0.8202358,-9.643902,0,0,36.25368,1,1,999,999
332581,28:18.9,IMU,250084926,0,0.005872887,-0.000276275,0.003359394,-1.690062,-0.8202286,-9.651621,0,0,36.25485,1,1,1000,1000
332633,28:18.9,IMU,250124910,0,0.005429615,-4.19e-05,0.003152479,-1.691177,-0.8206005,-9.649881,0,0,36.25602,1,1,1000,1000
332733,28:19.0,IMU,250164894,0,0.00517433,0.000321056,0.0028505,-1.692676,-0.82075,-9.650188,0,0,36.25719,1,1,1000,1000
332788,28:19.0,IMU,250204878,0,0.004795255,0.000690677,0.002666158,-1.693759,-0.8203727,-9.649277,0,0,36.25835,1,1,1000,1000
332886,28:19.1,IMU,250244862,0,0.004158608,0.002744451,0.002428287,-1.695577,-0.8204658,-9.644339,0,0,36.25951,1,1,1000,1000
332937,28:19.1,IMU,250284846,0,0.003892574,0.005448682,0.002360219,-1.696645,-0.8208354,-9.648249,0,0,36.26068,1,1,1000,1000
332989,28:19.1,IMU,250324830,0,0.003473003,0.007274993,0.002293559,-1.698054,-0.8211307,-9.651853,0,0,36.26185,1,1,1000,1000
333088,28:19.2,IMU,250364814,0,0.005240818,0.00776474,0.002329949,-1.699474,-0.820691,-9.653527,0,0,36.26301,1,1,1000,1000
333142,28:19.2,IMU,250404798,0,0.004737512,0.008599983,0.002405137,-1.702193,-0.8220873,-9.651077,0,0,36.26418,1,1,1000,1000
333242,28:19.3,IMU,250444782,0,0.004538716,0.01239141,0.002566423,-1.7033,-0.8223527,-9.646175,0,0,36.26534,1,1,1000,1000
333297,28:19.3,IMU,250484766,0,0.002811372,0.0137003,0.002470661,-1.703245,-0.8213882,-9.642312,0,0,36.26651,1,1,1000,1000
333351,28:19.3,IMU,250524750,0,0.002526033,0.01602394,0.002288315,-1.706294,-0.8225845,-9.646884,0,0,36.26767,1,1,1000,1000
333452,28:19.4,IMU,250564734,0,0.002923014,0.01467239,0.002025758,-1.70742,-0.8226307,-9.647268,0,0,36.26883,1,1,1000,1000
333506,28:19.4,IMU,250604718,0,0.002584677,0.005879789,0.002117739,-1.707211,-0.8222389,-9.638718,0,0,36.27,1,1,1000,1000
333604,28:19.5,IMU,250644702,0,0.004226605,0.007467125,0.00212972,-1.708754,-0.8236777,-9.646568,0,0,36.27116,1,1,1000,1000
333655,28:19.5,IMU,250684686,0,0.006294979,0.01180573,0.001957216,-1.710858,-0.8238892,-9.64211,0,0,36.27232,1,1,1000,1000
333707,28:19.5,IMU,250724670,0,0.006471086,0.01210862,0.001939317,-1.70975,-0.8228524,-9.643999,0,0,36.27349,1,1,1000,1000
333806,28:19.6,IMU,250764654,0,0.006449531,0.01261617,0.001819815,-1.711936,-0.8241384,-9.648176,0,0,36.27465,1,1,1000,1000
333860,28:19.6,IMU,250804638,0,0.006441311,0.01233019,0.001720984,-1.711322,-0.8259568,-9.646585,0,0,36.27582,1,1,1000,1000
333960,28:19.7,IMU,250844622,0,0.005501017,0.01551324,0.001563532,-1.713328,-0.8245401,-9.640907,0,0,36.27698,1,1,1000,1000
334011,28:19.7,IMU,250884606,0,0.005506366,0.01763095,0.00167383,-1.71269,-0.8248371,-9.639404,0,0,36.27814,1,1,1000,1000
334063,28:19.7,IMU,250924590,0,0.00542052,0.01752734,0.001745766,-1.714537,-0.8247797,-9.642037,0,0,36.2793,1,1,1000,1000
334162,28:19.8,IMU,250965407,0,0.004876068,0.01644483,0.00189003,-1.713649,-0.8255427,-9.642812,0,0,36.2805,1,1,1000,1000
334217,28:19.8,IMU,251005391,0,0.004018192,0.02204726,0.00186332,-1.714508,-0.8246759,-9.640639,0,0,36.28166,1,1,1000,1000
334319,28:19.9,IMU,251045375,0,0.004165874,0.02109029,0.001939205,-1.714532,-0.8258474,-9.641804,0,0,36.28282,1,1,1000,1000
334370,28:19.9,IMU,251085359,0,0.0045051,0.02058721,0.001928447,-1.715009,-0.8261144,-9.638563,0,0,36.28399,1,1,999,999
334422,28:19.9,IMU,251125343,0,0.006181316,0.01769445,0.001757223,-1.714955,-0.8274878,-9.634796,0,0,36.28515,1,1,999,999
334522,28:20.0,IMU,251165327,0,0.0058691,0.01555957,0.001628199,-1.714594,-0.8259972,-9.636327,0,0,36.28631,1,1,999,999
334577,28:20.0,IMU,251205311,0,0.005351133,0.01306645,0.00152711,-1.714554,-0.8265758,-9.637327,0,0,36.28747,1,1,999,999
334675,28:20.1,IMU,251245295,0,0.00569359,0.01316867,0.00149869,-1.712681,-0.8268273,-9.639763,0,0,36.28863,1,1,999,999
334726,28:20.1,IMU,251285279,0,0.005298338,0.01333347,0.001743307,-1.712618,-0.8287909,-9.641891,0,0,36.28979,1,1,999,999
334778,28:20.1,IMU,251325263,0,0.005359908,0.01452904,0.00208407,-1.713316,-0.8276577,-9.637615,0,0,36.29095,1,1,999,999
334877,28:20.2,IMU,251365247,0,0.005215926,0.01315083,0.002415683,-1.710657,-0.8277307,-9.639348,0,0,36.29211,1,1,999,999
334931,28:20.2,IMU,251405231,0,0.005355744,0.01122558,0.002670335,-1.710601,-0.8275488,-9.637589,0,0,36.29325,1,1,999,999
335031,28:20.3,IMU,251445215,0,0.00552215,0.002226598,0.002687749,-1.709662,-0.8283665,-9.641597,0,0,36.29441,1,1,999,999
335085,28:20.3,IMU,251485199,0,0.003896932,0.00443526,0.00275002,-1.708755,-0.8286942,-9.636537,0,0,36.29557,1,1,999,999
335139,28:20.3,IMU,251525183,0,0.003944478,0.007796963,0.002574424,-1.706381,-0.8294755,-9.636616,0,0,36.29673,1,1,999,999
335241,28:20.4,IMU,251565167,0,0.003890581,0.008272835,0.00242854,-1.70623,-0.8315517,-9.639191,0,0,36.29789,1,1,999,999
335297,28:20.4,IMU,251605151,0,0.003867025,0.007800488,0.002246932,-1.70616,-0.8311595,-9.637218,0,0,36.29905,1,1,999,999
335395,28:20.5,IMU,251645135,0,0.003856892,0.00856258,0.00204974,-1.705865,-0.8312994,-9.639532,0,0,36.30021,1,1,999,999
335446,28:20.5,IMU,251685119,0,0.005967402,0.01095544,0.001953114,-1.703593,-0.8302467,-9.640624,0,0,36.30137,1,1,999,999
335498,28:20.5,IMU,251725103,0,0.005361266,0.01319804,0.001835757,-1.701798,-0.8308779,-9.637451,0,0,36.30253,1,1,999,999
335597,28:20.6,IMU,251765087,0,0.005230624,0.01131741,0.001932026,-1.700731,-0.831136,-9.636765,0,0,36.30369,1,1,999,999
335651,28:20.6,IMU,251805071,0,0.005101731,0.01052961,0.002112934,-1.700627,-0.831068,-9.636404,0,0,36.30485,1,1,999,999
335751,28:20.7,IMU,251845055,0,0.004938606,0.01295657,0.002085606,-1.699063,-0.8332101,-9.644711,0,0,36.30604,1,1,999,999
335802,28:20.7,IMU,251885039,0,0.004743711,0.02014983,0.001897719,-1.697939,-0.8335478,-9.63689,0,0,36.3072,1,1,999,999
335854,28:20.7,IMU,251925023,0,0.004696209,0.01818034,0.002014427,-1.697531,-0.8333201,-9.639845,0,0,36.30835,1,1,999,999
335953,28:20.8,IMU,251965007,0,0.00455565,0.01404318,0.002123523,-1.69573,-0.8333477,-9.64058,0,0,36.30951,1,1,999,999
336008,28:20.8,IMU,252004991,0,0.004492204,0.01306429,0.002318917,-1.695261,-0.8348734,-9.641423,0,0,36.31064,1,1,999,999
336110,28:20.9,IMU,252044975,0,0.0043038,0.01120434,0.002397495,-1.6935,-0.8333919,-9.642209,0,0,36.3118,1,1,999,999
336161,28:20.9,IMU,252084959,0,0.00431194,0.01054639,0.002536258,-1.693479,-0.8350223,-9.643315,0,0,36.31296,1,1,999,999
336213,28:20.9,IMU,252124943,0,0.004251746,0.01546702,0.00258855,-1.692224,-0.8349679,-9.634865,0,0,36.31412,1,1,999,999
336313,28:21.0,IMU,252164927,0,0.004247108,0.02461964,0.002652074,-1.69076,-0.8339238,-9.642199,0,0,36.31528,1,1,999,999
336368,28:21.0,IMU,252204911,0,0.004367209,0.03737744,0.002700463,-1.691228,-0.834268,-9.641867,0,0,36.31643,1,1,999,999
336466,28:21.1,IMU,252244895,0,0.004362455,0.05308632,0.002282983,-1.691737,-0.834222,-9.635154,0,0,36.31759,1,1,999,999
336517,28:21.1,IMU,252284879,0,0.006705373,0.06983782,0.001592375,-1.692212,-0.8346187,-9.635143,0,0,36.31875,1,1,999,999
336569,28:21.1,IMU,252324863,0,0.006353545,0.08357579,0.000979467,-1.693162,-0.8341133,-9.628672,0,0,36.31991,1,1,999,999
336668,28:21.2,IMU,252364847,0,0.005714238,0.09755108,0.000507747,-1.692545,-0.8339452,-9.628107,0,0,36.32106,1,1,999,999
336722,28:21.2,IMU,252404831,0,0.004915456,0.1056151,-7.15e-05,-1.692751,-0.8330897,-9.621398,0,0,36.32222,1,1,999,999
336822,28:21.3,IMU,252444815,0,0.004863196,0.1130178,-0.000438626,-1.693099,-0.8341272,-9.624975,0,0,36.32338,1,1,999,999
336878,28:21.3,IMU,252484799,0,0.004662022,0.1205791,-0.001033397,-1.690391,-0.831776,-9.613434,0,0,36.32454,1,1,999,999
336931,28:21.3,IMU,252524783,0,0.004765362,0.1253854,-0.001492366,-1.688235,-0.8333597,-9.614378,0,0,36.32569,1,1,999,999
337033,28:21.4,IMU,252564767,0,0.003047529,0.1273496,-0.001766887,-1.684706,-0.8327234,-9.606323,0,0,36.32685,1,1,999,999
337087,28:21.4,IMU,252604751,0,0.002882021,0.1270349,-0.002239889,-1.681123,-0.8344828,-9.6059,0,0,36.328,1,1,999,999
337185,28:21.5,IMU,252644735,0,0.003191839,0.1257361,-0.002357459,-1.675926,-0.8341455,-9.607759,0,0,36.32916,1,1,999,999
337236,28:21.5,IMU,252684719,0,0.002736815,0.1229524,-0.002574673,-1.670173,-0.8343995,-9.60051,0,0,36.33032,1,1,999,999
337288,28:21.5,IMU,252724703,0,0.005717293,0.1209455,-0.002673132,-1.661827,-0.8330486,-9.598047,0,0,36.33147,1,1,999,999
337387,28:21.6,IMU,252764687,0,0.005418477,0.1244755,-0.002769175,-1.653884,-0.8343348,-9.607671,0,0,36.33263,1,1,999,999
337441,28:21.6,IMU,252804671,0,0.006171194,0.1275083,-0.00294225,-1.643184,-0.8339381,-9.584565,0,0,36.33379,1,1,999,999
337541,28:21.7,IMU,252844655,0,0.005953746,0.1303811,-0.002970745,-1.636549,-0.8346484,-9.59692,0,0,36.33494,1,1,999,999
337592,28:21.7,IMU,252884639,0,0.00554772,0.1329716,-0.002971919,-1.626118,-0.8344489,-9.607543,0,0,36.3361,1,1,999,999
337644,28:21.7,IMU,252924623,0,0.002725726,0.1344343,-0.002952537,-1.613689,-0.8340935,-9.585304,0,0,36.33725,1,1,999,999
337743,28:21.8,IMU,252964607,0,0.002905904,0.1367843,-0.003053424,-1.601774,-0.8347947,-9.596977,0,0,36.33841,1,1,999,999
337797,28:21.8,IMU,253004591,0,0.004637736,0.1344213,-0.002894797,-1.590282,-0.8347427,-9.596787,0,0,36.33956,1,1,999,999
337898,28:21.9,IMU,253045408,0,0.004096298,0.13661,-0.003011989,-1.576378,-0.8353209,-9.594515,0,0,36.34074,1,1,999,999
337951,28:21.9,IMU,253085392,0,0.005623313,0.1472276,-0.003137739,-1.561729,-0.8359339,-9.598163,0,0,36.3419,1,1,1000,1000
338003,28:21.9,IMU,253125376,0,0.004339754,0.1443901,-0.003077248,-1.54787,-0.8349063,-9.59759,0,0,36.34305,1,1,1000,1000
338103,28:22.0,IMU,253165360,0,0.006328199,0.1420826,-0.0031152,-1.529906,-0.8368979,-9.592389,0,0,36.34421,1,1,1000,1000
338158,28:22.0,IMU,253205344,0,0.005992834,0.1434744,-0.003204587,-1.514699,-0.8372142,-9.6003,0,0,36.34536,1,1,1000,1000
338256,28:22.1,IMU,253245328,0,0.005780213,0.1451964,-0.003209225,-1.497893,-0.8372331,-9.610914,0,0,36.34651,1,1,1000,1000
338307,28:22.1,IMU,253285312,0,0.005686949,0.1478871,-0.003319101,-1.478535,-0.8369818,-9.597771,0,0,36.34767,1,1,1000,1000
338360,28:22.1,IMU,253325296,0,0.001809757,0.1473686,-0.003119594,-1.459597,-0.8375935,-9.599603,0,0,36.34882,1,1,1000,1000
338460,28:22.2,IMU,253365280,0,0.00213899,0.1490545,-0.003141911,-1.440673,-0.8387707,-9.61053,0,0,36.34998,1,1,1000,1000
338514,28:22.2,IMU,253405264,0,0.002378287,0.1505045,-0.003104798,-1.42035,-0.8390614,-9.621395,0,0,36.35113,1,1,1000,1000
338616,28:22.3,IMU,253445248,0,0.002838443,0.1534614,-0.003247427,-1.399264,-0.8392771,-9.609995,0,0,36.35228,1,1,1000,1000
338671,28:22.3,IMU,253485232,0,0.004558564,0.1566238,-0.003324767,-1.3779,-0.8387325,-9.61284,0,0,36.3534,1,1,1000,1000
338723,28:22.3,IMU,253525216,0,0.003974686,0.1516037,-0.003309687,-1.356768,-0.8401981,-9.623529,0,0,36.35456,1,1,1000,1000
338826,28:22.4,IMU,253565200,0,0.003967146,0.152508,-0.003379438,-1.33377,-0.8404577,-9.631508,0,0,36.35571,1,1,1000,1000
338880,28:22.4,IMU,253605184,0,0.004503414,0.1560726,-0.003350047,-1.310051,-0.8399966,-9.631763,0,0,36.35686,1,1,1000,1000
338978,28:22.5,IMU,253645168,0,0.004321868,0.1614111,-0.003481746,-1.286882,-0.840718,-9.633333,0,0,36.35802,1,1,1000,1000
339029,28:22.5,IMU,253685152,0,0.00384439,0.1642397,-0.00354987,-1.262201,-0.8405572,-9.640909,0,0,36.35917,1,1,1000,1000
339081,28:22.5,IMU,253725136,0,0.007298428,0.1670626,-0.003827052,-1.236983,-0.8414803,-9.637611,0,0,36.36032,1,1,1000,1000
339180,28:22.6,IMU,253765120,0,0.006870971,0.1699275,-0.003858412,-1.211706,-0.8419215,-9.646635,0,0,36.36147,1,1,1000,1000
339234,28:22.6,IMU,253805104,0,0.006629294,0.1698125,-0.003820979,-1.185145,-0.8419746,-9.656594,0,0,36.36263,1,1,1000,1000
339334,28:22.7,IMU,253845088,0,0.006343985,0.1705604,-0.003785913,-1.159583,-0.8430974,-9.660555,0,0,36.36377,1,1,1000,1000
339385,28:22.7,IMU,253885072,0,0.003220794,0.1748126,-0.003750469,-1.13206,-0.8431166,-9.672957,0,0,36.36493,1,1,1000,1000
339437,28:22.7,IMU,253925056,0,0.003227355,0.1813257,-0.003858665,-1.103275,-0.8437402,-9.666147,0,0,36.36611,1,1,1000,1000
339536,28:22.8,IMU,253965040,0,0.002599473,0.1845571,-0.004081851,-1.076093,-0.8441465,-9.677439,0,0,36.36726,1,1,1000,1000
339590,28:22.8,IMU,254005024,0,0.001492041,0.182365,-0.004288155,-1.047036,-0.844933,-9.683393,0,0,36.36841,1,1,1000,1000
339690,28:22.9,IMU,254045008,0,0.001200094,0.1831083,-0.004467225,-1.018593,-0.8456152,-9.684219,0,0,36.36956,1,1,1000,1000
339744,28:22.9,IMU,254084992,0,0.001139202,0.1861603,-0.004763067,-0.9886633,-0.8462991,-9.692774,0,0,36.37068,1,1,999,999
339796,28:22.9,IMU,254124976,0,0.001463077,0.1876365,-0.00503993,-0.9575897,-0.8464749,-9.701976,0,0,36.37183,1,1,999,999
339896,28:23.0,IMU,254164960,0,0.003436471,0.1883232,-0.005317973,-0.9278876,-0.8456258,-9.705847,0,0,36.37298,1,1,999,999
339951,28:23.0,IMU,254204944,0,0.003239467,0.1892163,-0.005431899,-0.8971361,-0.8465627,-9.721713,0,0,36.37413,1,1,999,999
340049,28:23.1,IMU,254244928,0,0.003388241,0.191185,-0.005407574,-0.8649386,-0.8479149,-9.726521,0,0,36.37528,1,1,999,999
340100,28:23.1,IMU,254284912,0,0.003263531,0.1930715,-0.005221396,-0.8340061,-0.8486499,-9.731462,0,0,36.37643,1,1,999,999
340152,28:23.1,IMU,254324896,0,0.003995249,0.1929553,-0.005098394,-0.8011456,-0.8478216,-9.738804,0,0,36.37758,1,1,999,999
340251,28:23.2,IMU,254364880,0,0.004445749,0.1934829,-0.005013245,-0.7686092,-0.8479844,-9.746132,0,0,36.37873,1,1,999,999
340305,28:23.2,IMU,254404864,0,0.005360747,0.1917484,-0.004912435,-0.7371063,-0.8485657,-9.754614,0,0,36.37988,1,1,999,999
340405,28:23.3,IMU,254444848,0,0.002260298,0.1931251,-0.00487616,-0.7042285,-0.8498524,-9.768958,0,0,36.38103,1,1,999,999
340460,28:23.3,IMU,254484832,0,0.00269421,0.194687,-0.00475705,-0.6703504,-0.8497895,-9.770941,0,0,36.38218,1,1,999,999
340512,28:23.3,IMU,254524816,0,0.002785291,0.1932625,-0.004630536,-0.6388377,-0.8510883,-9.77697,0,0,36.38333,1,1,999,999
340614,28:23.4,IMU,254564800,0,0.002808833,0.1935252,-0.004634266,-0.6039702,-0.8511061,-9.782646,0,0,36.38448,1,1,999,999
340669,28:23.4,IMU,254604784,0,0.002898426,0.1931834,-0.004623706,-0.5708712,-0.8491247,-9.784576,0,0,36.38563,1,1,999,999
340767,28:23.5,IMU,254644768,0,0.002004891,0.1903538,-0.004610775,-0.5383388,-0.8522286,-9.806623,0,0,36.38677,1,1,999,999
340818,28:23.5,IMU,254684752,0,0.003310753,0.1830969,-0.004442707,-0.5037397,-0.850705,-9.808786,0,0,36.38792,1,1,999,999
340870,28:23.5,IMU,254724736,0,0.00291746,0.1695558,-0.003917839,-0.4716262,-0.8521179,-9.818165,0,0,36.38907,1,1,999,999
340969,28:23.6,IMU,254764720,0,0.00307956,0.1510957,-0.00378021,-0.4370279,-0.8514634,-9.821278,0,0,36.39022,1,1,999,999
341023,28:23.6,IMU,254804704,0,0.003864474,0.1354291,-0.003534411,-0.4035893,-0.8533109,-9.839989,0,0,36.39137,1,1,999,999
341123,28:23.7,IMU,254844688,0,0.003072786,0.1245127,-0.002930672,-0.3711191,-0.8519928,-9.840688,0,0,36.39251,1,1,999,999
341174,28:23.7,IMU,254884672,0,0.003106731,0.1144217,-0.002405891,-0.3375761,-0.8521067,-9.838346,0,0,36.39366,1,1,999,999
341226,28:23.7,IMU,254924656,0,0.000895316,0.1068255,-0.001905797,-0.3048914,-0.852272,-9.847937,0,0,36.39481,1,1,999,999
341325,28:23.8,IMU,254964640,0,-0.003620294,0.103332,-0.001730977,-0.2743468,-0.8527662,-9.849031,0,0,36.39596,1,1,999,999
341379,28:23.8,IMU,255004624,0,-0.008848003,0.1040247,-0.001837717,-0.243364,-0.8530914,-9.851734,0,0,36.3971,1,1,999,999
341479,28:23.9,IMU,255044608,0,-0.01660574,0.1117205,-0.002421446,-0.2121447,-0.8512721,-9.843186,0,0,36.39825,1,1,999,999
341534,28:23.9,IMU,255084592,0,-0.02960144,0.1255448,-0.003805168,-0.1848876,-0.8534696,-9.848739,0,0,36.3994,1,1,1000,1000
341586,28:23.9,IMU,255125409,0,-0.03790458,0.1354455,-0.0059133,-0.1542416,-0.8524235,-9.844375,0,0,36.40057,1,1,1000,1000
341686,28:24.0,IMU,255165393,0,-0.04490989,0.1446192,-0.008992549,-0.1259575,-0.8514777,-9.844868,0,0,36.40172,1,1,1000,1000
341741,28:24.0,IMU,255205377,0,-0.05356305,0.1536062,-0.01289445,-0.09691173,-0.8516706,-9.848152,0,0,36.40287,1,1,1000,1000
341839,28:24.1,IMU,255245361,0,-0.06022915,0.1591516,-0.01756147,-0.06916537,-0.8503693,-9.849948,0,0,36.40401,1,1,1000,1000
341890,28:24.1,IMU,255285345,0,-0.06283677,0.1635655,-0.02294607,-0.04318841,-0.8497273,-9.855596,0,0,36.40516,1,1,1000,1000
341942,28:24.1,IMU,255325329,0,-0.06782881,0.1646281,-0.02881002,-0.01593423,-0.8481539,-9.861555,0,0,36.4063,1,1,1000,1000
342041,28:24.2,IMU,255365313,0,-0.06657992,0.1646856,-0.03536825,0.01294414,-0.84517,-9.864471,0,0,36.40745,1,1,1000,1000
342095,28:24.2,IMU,255405297,0,-0.06996298,0.1639252,-0.04246607,0.04033403,-0.8433805,-9.871534,0,0,36.4086,1,1,1000,1000
342195,28:24.3,IMU,255445281,0,-0.07071707,0.1649905,-0.04995812,0.06998546,-0.839709,-9.874082,0,0,36.40974,1,1,1000,1000
342249,28:24.3,IMU,255485265,0,-0.0728603,0.1669252,-0.05800151,0.101232,-0.835992,-9.877152,0,0,36.41088,1,1,1000,1000
342301,28:24.3,IMU,255525249,0,-0.07409371,0.1638605,-0.06626169,0.1338171,-0.8318452,-9.881193,0,0,36.41203,1,1,1000,1000
342402,28:24.4,IMU,255565233,0,-0.07238871,0.164933,-0.07488613,0.166842,-0.8277035,-9.883236,0,0,36.41315,1,1,1000,1000
342458,28:24.4,IMU,255605217,0,-0.07336068,0.1619467,-0.08405503,0.2026082,-0.8216323,-9.891827,0,0,36.41429,1,1,1000,1000
342558,28:24.5,IMU,255645201,0,-0.07402986,0.1632227,-0.09380548,0.2400666,-0.8144236,-9.889682,0,0,36.41544,1,1,1000,1000
342609,28:24.5,IMU,255685185,0,-0.07393792,0.1641632,-0.1042126,0.2786728,-0.8080527,-9.896719,0,0,36.41658,1,1,1000,1000
342661,28:24.5,IMU,255725169,0,-0.07771206,0.1649445,-0.1153942,0.3187522,-0.7991802,-9.899565,0,0,36.41772,1,1,1000,1000
342760,28:24.6,IMU,255765153,0,-0.07853091,0.1648222,-0.1272403,0.3618267,-0.7907304,-9.905128,0,0,36.41887,1,1,1000,1000
342814,28:24.6,IMU,255805137,0,-0.07835111,0.1639919,-0.1400626,0.4055066,-0.7795208,-9.90618,0,0,36.42001,1,1,1000,1000
342914,28:24.7,IMU,255845121,0,-0.07947712,0.1646435,-0.1540085,0.4491591,-0.7668649,-9.907399,0,0,36.42116,1,1,1000,1000
342965,28:24.7,IMU,255885105,0,-0.08238296,0.1662836,-0.1692916,0.4962825,-0.7552841,-9.908521,0,0,36.4223,1,1,1000,1000
343017,28:24.7,IMU,255925089,0,-0.08347854,0.1669413,-0.1860598,0.544109,-0.7410048,-9.906919,0,0,36.42345,1,1,1000,1000
343116,28:24.8,IMU,255965073,0,-0.08487378,0.1669556,-0.2048155,0.5953725,-0.7254679,-9.90811,0,0,36.42459,1,1,1000,1000
343170,28:24.8,IMU,256005057,0,-0.08656758,0.1676176,-0.2256983,0.6480089,-0.7085543,-9.908835,0,0,36.42576,1,1,1000,1000
343270,28:24.9,IMU,256045041,0,-0.08837149,0.1685435,-0.2490489,0.7034349,-0.6900203,-9.910553,0,0,36.4269,1,1,1000,1000
343322,28:24.9,IMU,256085025,0,-0.09084133,0.1685458,-0.275245,0.7584358,-0.667996,-9.9051,0,0,36.42805,1,1,999,999
343376,28:24.9,IMU,256125009,0,-0.09290668,0.165259,-0.3048591,0.8166856,-0.6467742,-9.9068,0,0,36.42919,1,1,999,999
343475,28:25.0,IMU,256164993,0,-0.09480823,0.1580259,-0.3384057,0.8768744,-0.6192892,-9.902572,0,0,36.43031,1,1,999,999
343530,28:25.0,IMU,256204977,0,-0.09547512,0.1477088,-0.376656,0.9384605,-0.593349,-9.902377,0,0,36.43145,1,1,999,999
343628,28:25.1,IMU,256244961,0,-0.09751952,0.1370566,-0.4204058,1.002383,-0.5602425,-9.898791,0,0,36.43259,1,1,999,999
343679,28:25.1,IMU,256284945,0,-0.1006794,0.1262578,-0.4705989,1.067969,-0.5247757,-9.889006,0,0,36.43373,1,1,999,999
343731,28:25.1,IMU,256324929,0,-0.1009856,0.1156381,-0.5281515,1.135545,-0.4867908,-9.883697,0,0,36.43488,1,1,999,999
343830,28:25.2,IMU,256364913,0,-0.1012388,0.1052541,-0.5945926,1.202312,-0.4428479,-9.877144,0,0,36.43602,1,1,999,999
343884,28:25.2,IMU,256404897,0,-0.102145,0.09725524,-0.6715298,1.270952,-0.3950371,-9.865046,0,0,36.43716,1,1,999,999
343984,28:25.3,IMU,256444881,0,-0.1034942,0.09084442,-0.7575869,1.340349,-0.3428066,-9.848451,0,0,36.4383,1,1,999,999
344038,28:25.3,IMU,256484865,0,-0.1061273,0.08729256,-0.8441652,1.409494,-0.2866098,-9.833045,0,0,36.43944,1,1,999,999
344090,28:25.3,IMU,256524849,0,-0.108221,0.08528697,-0.9241698,1.479319,-0.2248436,-9.814054,0,0,36.44058,1,1,999,999
344191,28:25.4,IMU,256564833,0,-0.1095286,0.08207935,-0.9936092,1.543842,-0.1609135,-9.800447,0,0,36.44172,1,1,999,999
344246,28:25.4,IMU,256604817,0,-0.1094674,0.0797313,-1.050766,1.605779,-0.09383187,-9.785103,0,0,36.44286,1,1,999,999
344345,28:25.5,IMU,256644801,0,-0.1103445,0.07815509,-1.095577,1.65998,-0.02656819,-9.76978,0,0,36.444,1,1,999,999
344396,28:25.5,IMU,256684785,0,-0.1103827,0.07640685,-1.12883,1.706732,0.04272436,-9.759125,0,0,36.44514,1,1,999,999
344448,28:25.5,IMU,256724769,0,-0.1087478,0.074031,-1.151757,1.742453,0.1204623,-9.748944,0,0,36.44629,1,1,999,999
344547,28:25.6,IMU,256764753,0,-0.106764,0.07040751,-1.165916,1.770703,0.2069171,-9.74589,0,0,36.44743,1,1,999,999
344604,28:25.6,IMU,256804737,0,-0.1038413,0.06714292,-1.172878,1.787689,0.3036323,-9.741177,0,0,36.44857,1,1,999,999
344703,28:25.7,IMU,256844721,0,-0.1794883,-0.02886806,-1.177212,1.793155,0.4073782,-9.737913,0,0,36.44971,1,1,999,999
344755,28:25.7,IMU,256884705,0,-0.07167093,0.04536668,-1.17001,1.793066,0.5204163,-9.739062,0,0,36.45085,1,1,999,999
344807,28:25.7,IMU,256924689,0,0.1253816,0.2253776,-1.155574,1.770503,0.6460702,-9.725655,0,0,36.45199,1,1,999,999
344906,28:25.8,IMU,256964673,0,0.3151621,0.401296,-1.139572,1.72554,0.7852803,-9.697989,0,0,36.45313,1,1,999,999
344960,28:25.8,IMU,257004657,0,0.0793954,0.1692864,-1.14118,1.67502,0.9238984,-9.664864,0,0,36.45427,1,1,999,999
345060,28:25.9,IMU,257044641,0,0.01741845,0.07879937,-1.134952,1.625822,1.06171,-9.638043,0,0,36.45541,1,1,999,999
345112,28:25.9,IMU,257084625,0,-0.02723116,-0.002708482,-1.127302,1.576194,1.200728,-9.621277,0,0,36.45654,1,1,999,999
345166,28:25.9,IMU,257124609,0,-0.05686293,-0.0690411,-1.118477,1.520532,1.34097,-9.599701,0,0,36.45768,1,1,999,999
345265,28:26.0,IMU,257164593,0,-0.06908749,-0.1103273,-1.108409,1.459089,1.481169,-9.579225,0,0,36.45882,1,1,999,999
345320,28:26.0,IMU,257205410,0,-0.07038154,-0.1358548,-1.097512,1.38984,1.62542,-9.542034,0,0,36.45999,1,1,999,999
345418,28:26.1,IMU,257245394,0,-0.06267491,-0.1493356,-1.087072,1.315936,1.767217,-9.520682,0,0,36.46113,1,1,999,999
345469,28:26.1,IMU,257285378,0,-0.05385941,-0.1540543,-1.076925,1.236528,1.909002,-9.49096,0,0,36.46227,1,1,999,999
345521,28:26.1,IMU,257325362,0,-0.04505908,-0.1537261,-1.067801,1.149674,2.046373,-9.453894,0,0,36.46341,1,1,999,999
345620,28:26.2,IMU,257365346,0,-0.03395371,-0.146729,-1.059542,1.059535,2.183124,-9.418283,0,0,36.46454,1,1,999,999
345674,28:26.2,IMU,257405330,0,-0.02402134,-0.1422151,-1.052608,0.9644356,2.314251,-9.381565,0,0,36.46568,1,1,999,999
345774,28:26.3,IMU,257445314,0,-0.01533894,-0.1334343,-1.046878,0.8671119,2.442431,-9.340436,0,0,36.46682,1,1,999,999
345828,28:26.3,IMU,257485298,0,-0.007347057,-0.1195606,-1.042302,0.7664443,2.56409,-9.302103,0,0,36.46796,1,1,999,999
345880,28:26.3,IMU,257525282,0,-0.000632251,-0.1090473,-1.039113,0.6639361,2.679847,-9.261992,0,0,36.46909,1,1,999,999
345981,28:26.4,IMU,257565266,0,0.005273825,-0.1014418,-1.037192,0.5630637,2.787347,-9.22226,0,0,36.47023,1,1,999,999
346035,28:26.4,IMU,257605250,0,0.01040745,-0.08941855,-1.035927,0.4613904,2.88645,-9.181116,0,0,36.47137,1,1,999,999
346135,28:26.5,IMU,257645234,0,0.01236424,-0.07970972,-1.035461,0.3614151,2.976068,-9.147573,0,0,36.4725,1,1,999,999
346186,28:26.5,IMU,257685218,0,0.0147594,-0.06573389,-1.035442,0.2655569,3.054499,-9.11405,0,0,36.47361,1,1,999,999
346238,28:26.5,IMU,257725202,0,0.01333881,-0.05074369,-1.036248,0.1711918,3.123363,-9.08312,0,0,36.47475,1,1,999,999
346337,28:26.6,IMU,257765186,0,0.01338003,-0.03387726,-1.037185,0.08155894,3.180711,-9.063614,0,0,36.47589,1,1,999,999
346391,28:26.6,IMU,257805170,0,0.008272357,-0.01659199,-1.038502,-0.004827792,3.226196,-9.038088,0,0,36.47702,1,1,999,999
346489,28:26.7,IMU,257845154,0,0.007903805,-0.003592417,-1.040164,-0.09353152,3.260054,-9.029718,0,0,36.47816,1,1,999,999
346541,28:26.7,IMU,257885138,0,0.002471118,0.006698351,-1.0418,-0.1934364,3.279011,-9.020544,0,0,36.4793,1,1,999,999
346593,28:26.7,IMU,257925122,0,-0.004381115,0.01723856,-1.043232,-0.3019755,3.287668,-9.019642,0,0,36.48043,1,1,999,999
346692,28:26.8,IMU,257965106,0,-0.0126923,0.02974302,-1.044533,-0.4218327,3.280735,-9.015951,0,0,36.48157,1,1,999,999
346746,28:26.8,IMU,258005090,0,-0.01462333,0.03743882,-1.045854,-0.5529692,3.261263,-9.025607,0,0,36.4827,1,1,999,999
346846,28:26.9,IMU,258045074,0,-0.02069661,0.04216265,-1.047197,-0.6929883,3.227593,-9.025986,0,0,36.48384,1,1,999,999
346898,28:26.9,IMU,258085058,0,-0.02410212,0.04141444,-1.048427,-0.8417944,3.182689,-9.037746,0,0,36.485,1,1,1000,1000
346951,28:26.9,IMU,258125042,0,-0.02476038,0.04104387,-1.049637,-0.9994665,3.126619,-9.048769,0,0,36.48614,1,1,1000,1000
347052,28:27.0,IMU,258165026,0,-0.02366963,0.03575754,-1.050566,-1.163972,3.057862,-9.060947,0,0,36.48727,1,1,1000,1000
347107,28:27.0,IMU,258205010,0,-0.02092471,0.03305377,-1.051159,-1.33332,2.978,-9.077957,0,0,36.48841,1,1,1000,1000
347205,28:27.1,IMU,258244994,0,-0.01755843,0.02546395,-1.051896,-1.508604,2.889347,-9.088406,0,0,36.48952,1,1,1000,1000
347256,28:27.1,IMU,258284978,0,-0.009454861,0.01730707,-1.052391,-1.688035,2.790155,-9.090417,0,0,36.49065,1,1,1000,1000
347308,28:27.1,IMU,258324962,0,-0.001538289,0.01109449,-1.052749,-1.868843,2.683266,-9.101995,0,0,36.49178,1,1,1000,1000
347407,28:27.2,IMU,258364946,0,0.006401719,0.003341423,-1.051514,-2.052082,2.569402,-9.099503,0,0,36.49292,1,1,1000,1000
347461,28:27.2,IMU,258404930,0,0.01410101,-0.004173046,-1.038074,-2.239085,2.451971,-9.100037,0,0,36.49405,1,1,1000,1000
347561,28:27.3,IMU,258444914,0,0.02222465,-0.009103227,-1.001696,-2.418503,2.330226,-9.097327,0,0,36.49519,1,1,1000,1000
347615,28:27.3,IMU,258484898,0,0.03253124,-0.01462557,-0.9389571,-2.589615,2.208785,-9.088421,0,0,36.49632,1,1,1000,1000
347667,28:27.3,IMU,258524882,0,0.03836047,-0.01913711,-0.852605,-2.747191,2.093347,-9.076959,0,0,36.49746,1,1,1000,1000
347770,28:27.4,IMU,258564866,0,0.04690474,-0.01860921,-0.7496886,-2.887493,1.988423,-9.067349,0,0,36.49859,1,1,1000,1000
347824,28:27.4,IMU,258604850,0,0.0515581,-0.02035387,-0.6368054,-3.012147,1.894524,-9.051981,0,0,36.49972,1,1,1000,1000
347923,28:27.5,IMU,258644834,0,0.05626827,-0.02089942,-0.5204036,-3.119447,1.818405,-9.032538,0,0,36.50085,1,1,1000,1000
347975,28:27.5,IMU,258684818,0,0.05899869,-0.02071245,-0.4061006,-3.210624,1.756384,-9.017833,0,0,36.50199,1,1,1000,1000
348027,28:27.5,IMU,258724802,0,0.05864627,-0.01957766,-0.2979847,-3.2874,1.710186,-8.995106,0,0,36.50312,1,1,1000,1000
348126,28:27.6,IMU,258764786,0,0.05885647,-0.0187626,-0.199943,-3.349674,1.680312,-8.980125,0,0,36.50425,1,1,1000,1000
348181,28:27.6,IMU,258804770,0,0.057129,-0.01759047,-0.1137596,-3.403046,1.66362,-8.968847,0,0,36.50539,1,1,1000,1000
348279,28:27.7,IMU,258844754,0,0.05305832,-0.01553757,-0.04062219,-3.445114,1.65734,-8.951321,0,0,36.50652,1,1,1000,1000
348331,28:27.7,IMU,258884738,0,0.04918874,-0.01296833,0.01925846,-3.477868,1.659702,-8.939969,0,0,36.50765,1,1,1000,1000
348383,28:27.7,IMU,258924722,0,0.04177259,-0.0101903,0.06632613,-3.50501,1.670489,-8.928259,0,0,36.50878,1,1,1000,1000
348482,28:27.8,IMU,258964706,0,0.03506663,-0.007822329,0.1011569,-3.525337,1.684571,-8.913713,0,0,36.50992,1,1,1000,1000
348536,28:27.8,IMU,259004690,0,0.02587166,-0.005098319,0.1250089,-3.541969,1.705351,-8.906065,0,0,36.51105,1,1,1000,1000
348636,28:27.9,IMU,259044674,0,0.01788793,-0.002580001,0.1392526,-3.556114,1.726933,-8.897911,0,0,36.51218,1,1,1000,1000
348688,28:27.9,IMU,259084658,0,0.01273043,0.001284711,0.1452621,-3.567571,1.750191,-8.886506,0,0,36.51331,1,1,999,999
348741,28:27.9,IMU,259124642,0,0.007059798,0.002501043,0.1446846,-3.579421,1.773268,-8.880158,0,0,36.51444,1,1,999,999
348840,28:28.0,IMU,259164626,0,0.00403875,0.003759117,0.1386979,-3.58897,1.794591,-8.873904,0,0,36.51557,1,1,999,999
348896,28:28.0,IMU,259204610,0,-0.000529737,0.00511432,0.1290185,-3.600515,1.816697,-8.865852,0,0,36.5167,1,1,999,999
348994,28:28.1,IMU,259244594,0,-0.003831719,0.006736686,0.1167911,-3.613458,1.834677,-8.858107,0,0,36.51784,1,1,999,999
349045,28:28.1,IMU,259284578,0,-0.006152402,0.006661514,0.102881,-3.626547,1.853033,-8.851273,0,0,36.51897,1,1,999,999
349097,28:28.1,IMU,259325395,0,-0.007400875,0.009051822,0.08796765,-3.641852,1.868976,-8.84613,0,0,36.52013,1,1,999,999
349196,28:28.2,IMU,259365379,0,-0.007408421,0.007442741,0.07323217,-3.657815,1.880431,-8.844049,0,0,36.52126,1,1,999,999
349252,28:28.2,IMU,259405363,0,-0.006125976,0.006954619,0.05904164,-3.674496,1.890599,-8.836015,0,0,36.52238,1,1,999,999
349352,28:28.3,IMU,259445347,0,-0.004987527,0.006620174,0.04602673,-3.692998,1.900038,-8.827993,0,0,36.52352,1,1,999,999
349407,28:28.3,IMU,259485331,0,-0.006975885,0.007243419,0.03447141,-3.711752,1.905438,-8.819856,0,0,36.52465,1,1,999,999
349459,28:28.3,IMU,259525315,0,-0.003650665,0.01036873,0.02456922,-3.732659,1.90942,-8.81042,0,0,36.52578,1,1,999,999
349560,28:28.4,IMU,259565299,0,-0.005396508,0.008802375,0.01609511,-3.753627,1.91182,-8.810003,0,0,36.52691,1,1,999,999
349614,28:28.4,IMU,259605283,0,-0.00337948,0.006183073,0.009088981,-3.775609,1.915606,-8.797552,0,0,36.52804,1,1,999,999
349715,28:28.5,IMU,259645267,0,-0.003684614,0.009475159,0.003731633,-3.796508,1.9154,-8.787819,0,0,36.52917,1,1,999,999
349767,28:28.5,IMU,259685251,0,-0.004703435,0.008780545,-0.000261961,-3.818918,1.916052,-8.791229,0,0,36.5303,1,1,999,999
349819,28:28.5,IMU,259725235,0,-0.002744555,0.005661299,-0.003136201,-3.837556,1.915541,-8.771509,0,0,36.53143,1,1,999,999
349918,28:28.6,IMU,259765219,0,-0.003908196,0.006402211,-0.004963413,-3.860463,1.915085,-8.777164,0,0,36.53252,1,1,999,999
349972,28:28.6,IMU,259805203,0,-0.002959986,0.005188643,-0.005861747,-3.878899,1.913285,-8.756444,0,0,36.53365,1,1,999,999
350070,28:28.7,IMU,259845187,0,-0.000988376,0.005039749,-0.006357146,-3.900689,1.914913,-8.766641,0,0,36.53478,1,1,999,999
350122,28:28.7,IMU,259885171,0,-0.000678038,0.004914471,-0.0059062,-3.920015,1.911481,-8.744066,0,0,36.53591,1,1,999,999
350174,28:28.7,IMU,259925155,0,-0.00019611,0.004829288,-0.0051117,-3.938831,1.912335,-8.738304,0,0,36.53704,1,1,999,999
350273,28:28.8,IMU,259965139,0,-0.000121991,0.004680205,-0.004376284,-3.956548,1.910407,-8.739213,0,0,36.53817,1,1,999,999
350327,28:28.8,IMU,260005123,0,0.000911348,0.004565876,-0.003213349,-3.973835,1.910883,-8.736253,0,0,36.5393,1,1,999,999
350427,28:28.9,IMU,260045107,0,0.001295323,0.004478389,-0.002128869,-3.992074,1.911568,-8.732801,0,0,36.54042,1,1,999,999
350479,28:28.9,IMU,260085091,0,0.002003169,0.002850786,-0.000842069,-4.007141,1.911933,-8.722103,0,0,36.54155,1,1,1000,1000
350532,28:28.9,IMU,260125075,0,0.00219789,0.00435035,0.00061608,-4.023069,1.912657,-8.716568,0,0,36.54268,1,1,1000,1000
350632,28:29.0,IMU,260165059,0,0.002361711,0.005569025,0.00190992,-4.037139,1.912545,-8.710934,0,0,36.54384,1,1,1000,1000
350688,28:29.0,IMU,260205043,0,0.002525361,0.005616573,0.003119218,-4.051683,1.913041,-8.707246,0,0,36.54496,1,1,1000,1000
350786,28:29.1,IMU,260245027,0,0.002635504,0.004466993,0.004015455,-4.065714,1.915015,-8.705788,0,0,36.54609,1,1,1000,1000
350837,28:29.1,IMU,260285011,0,0.002535739,0.004969684,0.004603874,-4.079057,1.915689,-8.696736,0,0,36.54722,1,1,1000,1000
350889,28:29.1,IMU,260324995,0,0.003687947,0.00482011,0.004835217,-4.091051,1.916547,-8.688177,0,0,36.54832,1,1,1000,1000
350988,28:29.2,IMU,260364979,0,0.004488874,0.004677637,0.005138575,-4.103542,1.919772,-8.685838,0,0,36.54945,1,1,1000,1000
351042,28:29.2,IMU,260404963,0,0.004206825,0.004615967,0.005412202,-4.115067,1.919932,-8.68262,0,0,36.55057,1,1,1000,1000
351142,28:29.3,IMU,260444947,0,0.00549043,0.004517448,0.005720578,-4.126541,1.921887,-8.67689,0,0,36.5517,1,1,1000,1000
351196,28:29.3,IMU,260484931,0,0.00614979,0.003141725,0.005676232,-4.140024,1.925015,-8.683651,0,0,36.55283,1,1,1000,1000
351248,28:29.3,IMU,260524915,0,0.006408105,0.003516801,0.005450321,-4.148913,1.925354,-8.676512,0,0,36.55395,1,1,1000,1000
351349,28:29.4,IMU,260564899,0,0.003474908,0.003532505,0.005529731,-4.160398,1.925444,-8.669793,0,0,36.55508,1,1,1000,1000
351403,28:29.4,IMU,260604883,0,0.002987448,0.003266278,0.005338364,-4.168882,1.927858,-8.670229,0,0,36.5562,1,1,1000,1000
351502,28:29.5,IMU,260644867,0,0.00325677,0.004009362,0.005208383,-4.180298,1.929771,-8.664976,0,0,36.55733,1,1,1000,1000
351553,28:29.5,IMU,260684851,0,0.004943982,0.00461339,0.004951327,-4.189453,1.930477,-8.662631,0,0,36.55845,1,1,1000,1000
351606,28:29.5,IMU,260724835,0,0.004733272,0.00497687,0.004797497,-4.198258,1.932827,-8.66016,0,0,36.55958,1,1,1000,1000
351705,28:29.6,IMU,260764819,0,0.005678259,0.004362745,0.004705105,-4.208355,1.933073,-8.657949,0,0,36.5607,1,1,1000,1000
351760,28:29.6,IMU,260804803,0,0.003415312,0.004528534,0.004893942,-4.217024,1.934671,-8.655869,0,0,36.56183,1,1,1000,1000
351858,28:29.7,IMU,260844787,0,0.002477148,0.004562868,0.004708145,-4.225622,1.936111,-8.652785,0,0,36.56295,1,1,1000,1000
351910,28:29.7,IMU,260884771,0,0.004074096,0.004833273,0.004515407,-4.234008,1.936699,-8.65219,0,0,36.56408,1,1,1000,1000
351962,28:29.7,IMU,260924755,0,0.003625631,0.004753336,0.004473644,-4.242195,1.936705,-8.650288,0,0,36.5652,1,1,1000,1000
352061,28:29.8,IMU,260964739,0,0.003671438,0.004650491,0.004404532,-4.251021,1.937584,-8.646141,0,0,36.56633,1,1,1000,1000
352115,28:29.8,IMU,261004723,0,0.003685373,0.004541672,0.004344171,-4.257792,1.939657,-8.643457,0,0,36.56745,1,1,1000,1000
352215,28:29.9,IMU,261044707,0,0.003642908,0.003622033,0.004319371,-4.264706,1.940552,-8.639129,0,0,36.56858,1,1,1000,1000
352267,28:29.9,IMU,261084691,0,0.003698898,0.003540857,0.004246183,-4.271914,1.941156,-8.635853,0,0,36.5697,1,1,999,999
352319,28:29.9,IMU,261124675,0,0.003738613,0.003544433,0.004251688,-4.278318,1.941034,-8.632878,0,0,36.57082,1,1,999,999
352420,28:30.0,IMU,261164659,0,0.003801956,0.003627383,0.004197657,-4.285084,1.94138,-8.630174,0,0,36.57195,1,1,999,999
352475,28:30.0,IMU,261204643,0,0.003672971,0.003603928,0.004122826,-4.289682,1.940233,-8.627418,0,0,36.57307,1,1,999,999
352574,28:30.1,IMU,261244627,0,0.003724298,0.003618884,0.004123997,-4.29617,1.940806,-8.625591,0,0,36.5742,1,1,999,999
352625,28:30.1,IMU,261284611,0,0.005846634,0.003615199,0.004054477,-4.302454,1.940413,-8.624548,0,0,36.57532,1,1,999,999
352677,28:30.1,IMU,261324595,0,0.007865749,0.003656616,0.004218789,-4.306491,1.940438,-8.627134,0,0,36.57644,1,1,999,999
352776,28:30.2,IMU,261364579,0,0.008407399,0.001586946,0.00431875,-4.314103,1.941154,-8.636267,0,0,36.57757,1,1,999,999
352830,28:30.2,IMU,261405396,0,0.007926801,0.000627497,0.004266004,-4.318273,1.940314,-8.630202,0,0,36.57872,1,1,999,999
352930,28:30.3,IMU,261445380,0,0.00765479,0.000451971,0.004218658,-4.321824,1.941806,-8.630084,0,0,36.57984,1,1,999,999
353032,28:30.3,IMU,261485364,0,0.004786893,0.00046376,0.004323105,-4.327699,1.941271,-8.634021,0,0,36.58096,1,1,999,999
353084,28:30.3,IMU,261525348,0,0.005989438,0.000511685,0.004374024,-4.33232,1.942663,-8.634718,0,0,36.58208,1,1,999,999
353185,28:30.4,IMU,261565332,0,0.005742806,0.002341594,0.004532084,-4.336485,1.940868,-8.635375,0,0,36.58321,1,1,999,999
353239,28:30.4,IMU,261605316,0,0.005493756,0.002080132,0.004419701,-4.340577,1.941724,-8.632092,0,0,36.58433,1,1,999,999
353338,28:30.5,IMU,261645300,0,0.005260187,0.002253303,0.004408719,-4.345473,1.94203,-8.629576,0,0,36.58545,1,1,999,999
353389,28:30.5,IMU,261685284,0,0.005109834,0.002493091,0.004368369,-4.348035,1.941576,-8.62638,0,0,36.58657,1,1,999,999
353441,28:30.5,IMU,261725268,0,0.004903969,0.002611787,0.004316497,-4.352792,1.941246,-8.623756,0,0,36.58769,1,1,999,999
353541,28:30.6,IMU,261765252,0,0.004835478,0.002696207,0.004317869,-4.356627,1.94075,-8.620611,0,0,36.58881,1,1,999,999
353596,28:30.6,IMU,261805236,0,0.00464791,0.002829501,0.004239057,-4.359231,1.940837,-8.617772,0,0,36.58994,1,1,999,999
353694,28:30.7,IMU,261845220,0,0.004617842,0.003019265,0.004256839,-4.363945,1.940016,-8.615207,0,0,36.59103,1,1,999,999
353746,28:30.7,IMU,261885204,0,0.00448426,0.003033327,0.004153735,-4.3667,1.94058,-8.612574,0,0,36.59215,1,1,999,999
353798,28:30.7,IMU,261925188,0,0.008010101,0.002764675,0.004022504,-4.370207,1.939442,-8.61393,0,0,36.59327,1,1,999,999
353897,28:30.8,IMU,261965172,0,0.009028373,0.00261998,0.003913927,-4.374807,1.940234,-8.623983,0,0,36.59439,1,1,999,999
353951,28:30.8,IMU,262005156,0,0.01027308,0.002393805,0.003638367,-4.378821,1.942054,-8.620224,0,0,36.59552,1,1,999,999
354051,28:30.9,IMU,262045140,0,0.009910516,0.001100565,0.003400116,-4.380258,1.940263,-8.616804,0,0,36.59663,1,1,999,999
354103,28:30.9,IMU,262085124,0,0.009575383,0.00080791,0.003291903,-4.383556,1.938387,-8.618546,0,0,36.59776,1,1,999,999
354155,28:30.9,IMU,262125108,0,0.01053368,0.001096831,0.003140632,-4.386192,1.93924,-8.615837,0,0,36.59888,1,1,999,999
354256,28:31.0,IMU,262165092,0,0.00965696,0.000713151,0.003199964,-4.389667,1.940594,-8.617357,0,0,36.59999,1,1,999,999
354311,28:31.0,IMU,262205076,0,0.009177475,0.000145881,0.003091426,-4.391885,1.940577,-8.617237,0,0,36.60112,1,1,999,999
354410,28:31.1,IMU,262245060,0,0.008840334,0.000660264,0.003114254,-4.395037,1.940897,-8.614678,0,0,36.60226,1,1,999,999
354461,28:31.1,IMU,262285044,0,0.007347976,0.00122869,0.003123561,-4.397706,1.939745,-8.614631,0,0,36.60338,1,1,999,999
354513,28:31.1,IMU,262325028,0,0.006912328,0.002184069,0.003163845,-4.400867,1.938715,-8.615521,0,0,36.6045,1,1,999,999
354612,28:31.2,IMU,262365012,0,0.007049337,0.001313238,0.003380302,-4.403065,1.937159,-8.606654,0,0,36.60562,1,1,999,999
354666,28:31.2,IMU,262404996,0,0.006565617,0.003119386,0.003654649,-4.407142,1.937246,-8.601411,0,0,36.60671,1,1,999,999
354766,28:31.3,IMU,262444980,0,0.007032613,0.002926888,0.0036877,-4.407111,1.936316,-8.597761,0,0,36.60783,1,1,999,999
354822,28:31.3,IMU,262484964,0,0.00631639,0.003242589,0.003869122,-4.411364,1.935567,-8.596262,0,0,36.60895,1,1,999,999
354874,28:31.3,IMU,262524948,0,0.00718602,0.004142088,0.003867119,-4.4128,1.9348,-8.593786,0,0,36.61007,1,1,999,999
354975,28:31.4,IMU,262564932,0,0.006472546,0.004528849,0.003861228,-4.414337,1.934277,-8.587285,0,0,36.61119,1,1,999,999
355029,28:31.4,IMU,262604916,0,0.006412817,0.00406799,0.004003195,-4.417056,1.933847,-8.586667,0,0,36.6123,1,1,999,999
355127,28:31.5,IMU,262644900,0,0.004879853,0.003778746,0.004049143,-4.418433,1.932524,-8.582081,0,0,36.61343,1,1,999,999
355179,28:31.5,IMU,262684884,0,0.003243155,0.003815877,0.004108247,-4.420127,1.931887,-8.580061,0,0,36.61454,1,1,999,999
355231,28:31.5,IMU,262724868,0,0.005585993,0.001108,0.003984815,-4.422444,1.930953,-8.572997,0,0,36.61566,1,1,999,999
355331,28:31.6,IMU,262764852,0,0.005295234,0.001727409,0.004062323,-4.423248,1.93099,-8.566328,0,0,36.61678,1,1,999,999
355386,28:31.6,IMU,262804836,0,0.005086344,0.001952314,0.003949875,-4.425922,1.929973,-8.565395,0,0,36.6179,1,1,999,999
355484,28:31.7,IMU,262844820,0,0.005045426,0.002231768,0.004018355,-4.427091,1.930213,-8.564926,0,0,36.61901,1,1,999,999
355536,28:31.7,IMU,262884804,0,0.004764064,0.002488706,0.003927187,-4.42847,1.929784,-8.562444,0,0,36.62013,1,1,999,999
355588,28:31.7,IMU,262924788,0,0.006146049,0.002460929,0.003889848,-4.430893,1.928657,-8.56326,0,0,36.62125,1,1,999,999
355687,28:31.8,IMU,262964772,0,0.006226046,0.002639228,0.003827241,-4.433121,1.927928,-8.560287,0,0,36.62237,1,1,999,999
355741,28:31.8,IMU,263004756,0,0.005930413,0.002793581,0.003881947,-4.43377,1.927437,-8.559343,0,0,36.62348,1,1,999,999
355841,28:31.9,IMU,263044740,0,0.005721242,0.002889501,0.003858417,-4.435773,1.926766,-8.558125,0,0,36.6246,1,1,999,999
355893,28:31.9,IMU,263084724,0,0.00541381,0.003006969,0.003882734,-4.437807,1.926212,-8.557119,0,0,36.62572,1,1,1000,1000
355946,28:31.9,IMU,263124708,0,0.005319221,0.003102605,0.003876325,-4.440413,1.925765,-8.557192,0,0,36.62683,1,1,1000,1000
356046,28:32.0,IMU,263164692,0,0.005122387,0.003138602,0.003822366,-4.440454,1.92499,-8.554785,0,0,36.62795,1,1,1000,1000
356100,28:32.0,IMU,263204676,0,0.004957344,0.003290277,0.003889982,-4.443698,1.925041,-8.55365,0,0,36.62907,1,1,1000,1000
356199,28:32.1,IMU,263244660,0,0.004742321,0.003320501,0.003922934,-4.444143,1.924764,-8.5539,0,0,36.63018,1,1,1000,1000
356251,28:32.1,IMU,263284644,0,0.004858422,0.003083752,0.003851932,-4.446208,1.921586,-8.556139,0,0,36.6313,1,1,1000,1000
356303,28:32.1,IMU,263324628,0,0.008013943,0.001614937,0.003662652,-4.448083,1.922534,-8.553686,0,0,36.63241,1,1,1000,1000
356402,28:32.2,IMU,263364612,0,0.01008745,0.001448905,0.003253498,-4.449665,1.923288,-8.564011,0,0,36.63353,1,1,1000,1000
356456,28:32.2,IMU,263404596,0,0.01050405,0.002325331,0.002931664,-4.452004,1.922434,-8.558668,0,0,36.63464,1,1,1000,1000
356556,28:32.3,IMU,263444580,0,0.01117783,0.0025539,0.002595916,-4.452991,1.922407,-8.565694,0,0,36.63576,1,1,1000,1000
356611,28:32.3,IMU,263485397,0,0.01035551,0.002878845,0.002555013,-4.454617,1.922208,-8.566078,0,0,36.6369,1,1,1000,1000
356663,28:32.3,IMU,263525381,0,0.01026773,0.003031475,0.00261535,-4.45576,1.92113,-8.57102,0,0,36.63802,1,1,1000,1000
356766,28:32.4,IMU,263565365,0,0.009599191,0.002873216,0.002585506,-4.457838,1.92268,-8.570845,0,0,36.63913,1,1,1000,1000
356820,28:32.4,IMU,263605349,0,0.008012932,0.000787046,0.002680263,-4.459963,1.920257,-8.576143,0,0,36.64025,1,1,1000,1000
356918,28:32.5,IMU,263645333,0,0.007561947,0.001596011,0.002786984,-4.460771,1.921443,-8.575466,0,0,36.64136,1,1,1000,1000
356972,28:32.5,IMU,263685317,0,0.007077039,0.001871474,0.002981892,-4.463075,1.919458,-8.573827,0,0,36.64248,1,1,1000,1000
357024,28:32.5,IMU,263725301,0,0.006715691,0.002146415,0.003021535,-4.462989,1.91918,-8.572563,0,0,36.64359,1,1,1000,1000
357124,28:32.6,IMU,263765285,0,0.006352664,0.002302086,0.00303277,-4.464541,1.918104,-8.570945,0,0,36.64471,1,1,1000,1000
357179,28:32.6,IMU,263805269,0,0.006073761,0.002473527,0.003146583,-4.467065,1.916788,-8.569925,0,0,36.64582,1,1,1000,1000
357277,28:32.7,IMU,263845253,0,0.000847333,0.005636577,0.00362095,-4.468361,1.916619,-8.582316,0,0,36.64693,1,1,1000,1000
357329,28:32.7,IMU,263885237,0,-0.01323044,0.009507356,0.004790613,-4.469818,1.915022,-8.576782,0,0,36.64804,1,1,1000,1000
357381,28:32.7,IMU,263925221,0,-0.02473299,0.0145338,0.00617956,-4.473007,1.911695,-8.582224,0,0,36.64913,1,1,1000,1000
357480,28:32.8,IMU,263965205,0,-0.0341537,0.02349387,0.008261074,-4.476077,1.908611,-8.581335,0,0,36.65025,1,1,1000,1000
357534,28:32.8,IMU,264005189,0,-0.03948203,0.02632679,0.009948607,-4.477859,1.905213,-8.58035,0,0,36.65136,1,1,1000,1000
357635,28:32.9,IMU,264045173,0,-0.04456838,0.02843507,0.01204394,-4.482308,1.901708,-8.582003,0,0,36.65247,1,1,1000,1000
357687,28:32.9,IMU,264085157,0,-0.05053026,0.02927568,0.01447479,-4.483657,1.900785,-8.584617,0,0,36.65358,1,1,999,999
357740,28:32.9,IMU,264125141,0,-0.05162401,0.03144021,0.01633472,-4.485949,1.898115,-8.587962,0,0,36.6547,1,1,999,999
357839,28:33.0,IMU,264165125,0,-0.05011771,0.03173409,0.01799398,-4.486835,1.896751,-8.583323,0,0,36.65581,1,1,999,999
357894,28:33.0,IMU,264205109,0,-0.0466466,0.03408065,0.01920229,-4.48718,1.896978,-8.5871,0,0,36.65692,1,1,999,999
357993,28:33.1,IMU,264245093,0,-0.04236514,0.03574904,0.02012747,-4.489324,1.898921,-8.592026,0,0,36.65804,1,1,999,999
358045,28:33.1,IMU,264285077,0,-0.03970689,0.04133619,0.02087109,-4.489566,1.900001,-8.59304,0,0,36.65915,1,1,999,999
358097,28:33.1,IMU,264325061,0,-0.03530743,0.0487149,0.02121339,-4.49079,1.902602,-8.597163,0,0,36.66029,1,1,999,999
358196,28:33.2,IMU,264365045,0,-0.03076198,0.05713262,0.02158479,-4.491866,1.905623,-8.599836,0,0,36.6614,1,1,999,999
358250,28:33.2,IMU,264405029,0,-0.0302173,0.05945694,0.02149958,-4.492928,1.909795,-8.600506,0,0,36.66251,1,1,999,999
358350,28:33.3,IMU,264445013,0,-0.02599859,0.06079742,0.02112797,-4.493807,1.913405,-8.610568,0,0,36.66362,1,1,999,999
358405,28:33.3,IMU,264484997,0,-0.01976686,0.064707,0.0207166,-4.493802,1.917655,-8.609077,0,0,36.6647,1,1,999,999
358457,28:33.3,IMU,264524981,0,-0.01622974,0.06715491,0.02018537,-4.493788,1.925075,-8.613281,0,0,36.66582,1,1,999,999
358558,28:33.4,IMU,264564965,0,-0.01347807,0.0685439,0.0195275,-4.493589,1.930505,-8.62024,0,0,36.66693,1,1,999,999
358612,28:33.4,IMU,264604949,0,-0.00810345,0.06928264,0.018701,-4.491443,1.936111,-8.618346,0,0,36.66804,1,1,999,999
358710,28:33.5,IMU,264644933,0,-0.008180956,0.07086927,0.01791231,-4.488431,1.941601,-8.613693,0,0,36.66915,1,1,999,999
358762,28:33.5,IMU,264684917,0,-0.006111542,0.07721713,0.01754029,-4.488556,1.947933,-8.624452,0,0,36.67026,1,1,999,999
358814,28:33.5,IMU,264724901,0,-0.002409392,0.07907915,0.01660905,-4.487111,1.954919,-8.629062,0,0,36.67137,1,1,999,999
358913,28:33.6,IMU,264764885,0,0.002121205,0.08200615,0.01582574,-4.482996,1.960679,-8.628017,0,0,36.67248,1,1,999,999
358969,28:33.6,IMU,264804869,0,0.005213667,0.08633056,0.01521109,-4.479415,1.966964,-8.63227,0,0,36.67359,1,1,999,999
359067,28:33.7,IMU,264844853,0,0.00376256,0.08987419,0.01472535,-4.476396,1.972568,-8.63257,0,0,36.6747,1,1,999,999
359119,28:33.7,IMU,264884837,0,0.007589271,0.09327111,0.01414444,-4.47236,1.978973,-8.64356,0,0,36.67581,1,1,999,999
359171,28:33.7,IMU,264924821,0,0.01135022,0.09450291,0.01361442,-4.466649,1.984386,-8.641453,0,0,36.67692,1,1,999,999
359270,28:33.8,IMU,264964805,0,0.01511249,0.09499483,0.01315511,-4.46212,1.992273,-8.64649,0,0,36.67803,1,1,999,999
359324,28:33.8,IMU,265004789,0,0.01227346,0.1000542,0.01313351,-4.455785,1.996957,-8.649917,0,0,36.67914,1,1,999,999
359424,28:33.9,IMU,265044773,0,0.01480864,0.1004598,0.01284296,-4.449713,2.002554,-8.660081,0,0,36.68025,1,1,999,999
359476,28:33.9,IMU,265084757,0,0.01651761,0.1045615,0.01273999,-4.441043,2.008823,-8.667749,0,0,36.68136,1,1,1000,1000
359529,28:33.9,IMU,265124741,0,0.02041773,0.1067771,0.01245028,-4.432703,2.014175,-8.66325,0,0,36.68247,1,1,1000,1000
359628,28:34.0,IMU,265164725,0,0.01999268,0.1041216,0.01240192,-4.423182,2.018277,-8.674398,0,0,36.68358,1,1,1000,1000
359683,28:34.0,IMU,265204709,0,0.01908029,0.1056534,0.01248242,-4.414689,2.024637,-8.684216,0,0,36.68468,1,1,1000,1000
359782,28:34.1,IMU,265244693,0,0.02173827,0.10718,0.01237197,-4.402667,2.030455,-8.691189,0,0,36.68579,1,1,1000,1000
359833,28:34.1,IMU,265284677,0,0.01968541,0.1117258,0.01256799,-4.391182,2.034414,-8.701807,0,0,36.6869,1,1,1000,1000
359886,28:34.1,IMU,265324661,0,0.02269857,0.1170129,0.01276064,-4.380108,2.039969,-8.705495,0,0,36.68801,1,1,1000,1000
359985,28:34.2,IMU,265364645,0,0.02242649,0.117539,0.01272661,-4.366328,2.043563,-8.709791,0,0,36.68912,1,1,1000,1000
360039,28:34.2,IMU,265404629,0,0.02291552,0.1188121,0.01293136,-4.35485,2.049426,-8.733615,0,0,36.69023,1,1,1000,1000
360139,28:34.3,IMU,265444613,0,0.02430475,0.1238154,0.0133568,-4.339489,2.051568,-8.734713,0,0,36.69134,1,1,1000,1000
360194,28:34.3,IMU,265484597,0,0.02627484,0.1259924,0.01332673,-4.324389,2.057844,-8.748539,0,0,36.69244,1,1,1000,1000
360246,28:34.3,IMU,265524581,0,0.02716572,0.127709,0.01370829,-4.309138,2.060566,-8.760086,0,0,36.69355,1,1,1000,1000
360347,28:34.4,IMU,265565398,0,0.02307284,0.1324156,0.01408464,-4.29113,2.066199,-8.772543,0,0,36.69469,1,1,1000,1000
360401,28:34.4,IMU,265605382,0,0.02413219,0.1336807,0.01424411,-4.273278,2.069583,-8.792913,0,0,36.69579,1,1,1000,1000
360499,28:34.5,IMU,265645366,0,0.02551425,0.132681,0.01450957,-4.253337,2.071179,-8.799095,0,0,36.6969,1,1,1000,1000
360551,28:34.5,IMU,265685350,0,0.02632483,0.1353289,0.01478672,-4.236629,2.076197,-8.814287,0,0,36.69801,1,1,1000,1000
360603,28:34.5,IMU,265725334,0,0.02300914,0.1354862,0.01516534,-4.215415,2.078573,-8.83057,0,0,36.69911,1,1,1000,1000
360702,28:34.6,IMU,265765318,0,0.02374281,0.1371755,0.01531485,-4.194407,2.082674,-8.850578,0,0,36.70022,1,1,1000,1000
360757,28:34.6,IMU,265805302,0,0.02522403,0.1390355,0.01553473,-4.172023,2.085417,-8.859797,0,0,36.70133,1,1,1000,1000
360856,28:34.7,IMU,265845286,0,0.02585693,0.1425907,0.01598561,-4.149068,2.089287,-8.875585,0,0,36.70243,1,1,1000,1000
360909,28:34.7,IMU,265885270,0,0.02684971,0.1482462,0.01613367,-4.125321,2.091095,-8.89692,0,0,36.70354,1,1,1000,1000
360961,28:34.7,IMU,265925254,0,0.02496416,0.1479255,0.01660856,-4.101285,2.093493,-8.919083,0,0,36.70465,1,1,1000,1000
361060,28:34.8,IMU,265965238,0,0.02322992,0.1505498,0.01691695,-4.075694,2.094752,-8.93663,0,0,36.70575,1,1,1000,1000
361114,28:34.8,IMU,266005222,0,0.02358592,0.1539083,0.01721219,-4.048797,2.098825,-8.952355,0,0,36.70683,1,1,1000,1000
361214,28:34.9,IMU,266045206,0,0.02499186,0.1526532,0.01727685,-4.02267,2.09985,-8.973768,0,0,36.70794,1,1,1000,1000
361266,28:34.9,IMU,266085190,0,0.02444176,0.1567835,0.01751936,-3.99336,2.102148,-8.99399,0,0,36.70904,1,1,999,999
361318,28:34.9,IMU,266125174,0,0.02275043,0.1614172,0.0179062,-3.964483,2.103525,-9.015466,0,0,36.71015,1,1,999,999
361417,28:35.0,IMU,266165158,0,0.02131229,0.1638885,0.01844563,-3.93617,2.10472,-9.038365,0,0,36.71125,1,1,999,999
361472,28:35.0,IMU,266205142,0,0.02032488,0.168391,0.0187445,-3.905117,2.105737,-9.056202,0,0,36.71236,1,1,999,999
361571,28:35.1,IMU,266245126,0,0.02092011,0.171162,0.01892851,-3.872924,2.107488,-9.079836,0,0,36.71346,1,1,999,999
361622,28:35.1,IMU,266285110,0,0.01903078,0.1747413,0.01920247,-3.841888,2.108311,-9.109511,0,0,36.71457,1,1,999,999
361675,28:35.1,IMU,266325094,0,0.01754348,0.1806266,0.01972068,-3.807802,2.109795,-9.126049,0,0,36.71567,1,1,999,999
361774,28:35.2,IMU,266365078,0,0.01614773,0.1919276,0.02072939,-3.774083,2.110781,-9.155752,0,0,36.71678,1,1,999,999
361828,28:35.2,IMU,266405062,0,0.01263496,0.2019542,0.02153467,-3.740864,2.11078,-9.181732,0,0,36.71791,1,1,999,999
361928,28:35.3,IMU,266445046,0,0.007859778,0.2112036,0.02213585,-3.705756,2.11236,-9.206882,0,0,36.71901,1,1,999,999
361983,28:35.3,IMU,266485030,0,0.004918434,0.2197749,0.02244364,-3.669229,2.113091,-9.237257,0,0,36.72012,1,1,999,999
362035,28:35.3,IMU,266525014,0,0.003518055,0.2261107,0.02273257,-3.630355,2.113738,-9.253507,0,0,36.72122,1,1,999,999
362136,28:35.4,IMU,266564998,0,-0.00189272,0.2272211,0.0229566,-3.592498,2.113183,-9.286834,0,0,36.7223,1,1,999,999
362190,28:35.4,IMU,266604982,0,-0.004563935,0.2239787,0.02274041,-3.551848,2.11398,-9.309488,0,0,36.7234,1,1,999,999
362288,28:35.5,IMU,266644966,0,-0.007431753,0.2229783,0.02223486,-3.507817,2.114067,-9.333585,0,0,36.7245,1,1,999,999
362340,28:35.5,IMU,266684950,0,-0.01067287,0.2209301,0.02132012,-3.465464,2.115309,-9.361664,0,0,36.72561,1,1,999,999
362392,28:35.5,IMU,266724934,0,-0.01395339,0.2201108,0.0201204,-3.419566,2.114292,-9.385284,0,0,36.72671,1,1,999,999
362492,28:35.6,IMU,266764918,0,-0.01228463,0.2173203,0.01816805,-3.375076,2.115658,-9.415077,0,0,36.72781,1,1,999,999
362547,28:35.6,IMU,266804902,0,-0.01546014,0.2156801,0.01629531,-3.328257,2.115235,-9.439231,0,0,36.72892,1,1,999,999
362646,28:35.7,IMU,266844886,0,-0.017029,0.2147408,0.01413186,-3.281077,2.115623,-9.462191,0,0,36.73002,1,1,999,999
362698,28:35.7,IMU,266884870,0,-0.01816127,0.2201584,0.01160899,-3.231877,2.115276,-9.47989,0,0,36.73112,1,1,999,999
362750,28:35.7,IMU,266924854,0,-0.01602133,0.2206927,0.008687289,-3.184746,2.114489,-9.51359,0,0,36.73222,1,1,999,999
362849,28:35.8,IMU,266964838,0,-0.01634011,0.2246512,0.005653549,-3.1362,2.11341,-9.533594,0,0,36.73333,1,1,999,999
362903,28:35.8,IMU,267004822,0,-0.01846706,0.2231239,0.002522972,-3.087974,2.113015,-9.565899,0,0,36.73443,1,1,999,999
363003,28:35.9,IMU,267044806,0,-0.02190932,0.229335,-0.000583918,-3.038603,2.111966,-9.591522,0,0,36.73553,1,1,999,999
363055,28:35.9,IMU,267084790,0,-0.0231033,0.2308595,-0.004197054,-2.98913,2.110171,-9.616701,0,0,36.73663,1,1,999,999
363108,28:35.9,IMU,267124774,0,-0.02422482,0.2345336,-0.007826018,-2.938953,2.109281,-9.644007,0,0,36.73773,1,1,999,999
363207,28:36.0,IMU,267164758,0,-0.02464588,0.2374106,-0.01179835,-2.889073,2.107109,-9.676038,0,0,36.73883,1,1,999,999
363262,28:36.0,IMU,267204742,0,-0.02613747,0.2373176,-0.01631126,-2.83832,2.106088,-9.699627,0,0,36.73994,1,1,999,999
363361,28:36.1,IMU,267244726,0,-0.02350175,0.2403361,-0.02122405,-2.787085,2.103683,-9.733645,0,0,36.74104,1,1,999,999
363412,28:36.1,IMU,267284710,0,-0.02565533,0.2441339,-0.02630089,-2.737026,2.100636,-9.758782,0,0,36.74214,1,1,999,999
363464,28:36.1,IMU,267324694,0,-0.02845777,0.2470942,-0.03166998,-2.685434,2.098161,-9.782824,0,0,36.74324,1,1,999,999
363564,28:36.2,IMU,267364678,0,-0.02868878,0.2492735,-0.03769883,-2.634413,2.095686,-9.810272,0,0,36.74434,1,1,999,999
363618,28:36.2,IMU,267404662,0,-0.02999181,0.251199,-0.04451682,-2.584274,2.091675,-9.83707,0,0,36.74544,1,1,999,999
363718,28:36.3,IMU,267444646,0,-0.02878767,0.2531637,-0.05218388,-2.533126,2.088499,-9.868422,0,0,36.74654,1,1,999,999
363772,28:36.3,IMU,267484630,0,-0.03293232,0.2560136,-0.06055281,-2.483535,2.083502,-9.892578,0,0,36.74764,1,1,999,999
363824,28:36.3,IMU,267524614,0,-0.03274377,0.2576683,-0.07013076,-2.433981,2.07833,-9.924147,0,0,36.74874,1,1,999,999
363925,28:36.4,IMU,267564598,0,-0.03512488,0.2567021,-0.08089212,-2.38392,2.07295,-9.955054,0,0,36.74984,1,1,999,999
363979,28:36.4,IMU,267604582,0,-0.03641358,0.2526841,-0.09329235,-2.333803,2.065891,-9.978977,0,0,36.75094,1,1,999,999
364077,28:36.5,IMU,267645399,0,-0.03601781,0.2473155,-0.1079916,-2.286947,2.058871,-10.00732,0,0,36.75207,1,1,999,999
364130,28:36.5,IMU,267685383,0,-0.03635686,0.2399418,-0.1244348,-2.237624,2.049336,-10.03127,0,0,36.75317,1,1,999,999
364183,28:36.5,IMU,267725367,0,-0.03623552,0.2285582,-0.1435193,-2.19188,2.039443,-10.05476,0,0,36.75427,1,1,999,999
364282,28:36.6,IMU,267765351,0,-0.03744531,0.2140606,-0.1655455,-2.147544,2.027862,-10.07424,0,0,36.75537,1,1,999,999
364336,28:36.6,IMU,267805335,0,-0.03878377,0.1997343,-0.1910482,-2.105058,2.014316,-10.09248,0,0,36.75647,1,1,999,999
364434,28:36.7,IMU,267845319,0,-0.03941209,0.1892256,-0.220644,-2.066824,1.998065,-10.10723,0,0,36.75757,1,1,999,999
364489,28:36.7,IMU,267885303,0,-0.04048978,0.18022,-0.2552811,-2.029817,1.980432,-10.12201,0,0,36.75867,1,1,999,999
364541,28:36.7,IMU,267925287,0,-0.04156315,0.1725918,-0.296038,-1.998058,1.958599,-10.13695,0,0,36.75977,1,1,999,999
364640,28:36.8,IMU,267965271,0,-0.0425038,0.166197,-0.3441988,-1.969423,1.932916,-10.1481,0,0,36.76086,1,1,999,999
364694,28:36.8,IMU,268005255,0,-0.04476873,0.1610017,-0.4019602,-1.944557,1.905325,-10.15916,0,0,36.76196,1,1,999,999
364794,28:36.9,IMU,268045239,0,-0.04787404,0.1572095,-0.4719888,-1.928212,1.868753,-10.17094,0,0,36.76306,1,1,999,999
364846,28:36.9,IMU,268085223,0,-0.05061177,0.1553129,-0.555424,-1.914237,1.82564,-10.17909,0,0,36.76413,1,1,1000,1000
364899,28:36.9,IMU,268125207,0,-0.05162214,0.1547096,-0.6523907,-1.913247,1.776757,-10.18841,0,0,36.76523,1,1,1000,1000
364998,28:37.0,IMU,268165191,0,-0.05314709,0.1486466,-0.7535753,-1.919667,1.722514,-10.20083,0,0,36.76633,1,1,1000,1000
365052,28:37.0,IMU,268205175,0,-0.05553754,0.1443666,-0.8516886,-1.939438,1.660325,-10.20616,0,0,36.76743,1,1,1000,1000
365152,28:37.1,IMU,268245159,0,-0.05828492,0.1392604,-0.9399222,-1.966159,1.594998,-10.21915,0,0,36.76852,1,1,1000,1000
365203,28:37.1,IMU,268285143,0,-0.06113126,0.1341319,-1.015118,-1.999032,1.523159,-10.2299,0,0,36.76962,1,1,1000,1000
365255,28:37.1,IMU,268325127,0,-0.06441757,0.1266024,-1.075872,-2.036465,1.447035,-10.23615,0,0,36.77072,1,1,1000,1000
365354,28:37.2,IMU,268365111,0,-0.06874725,0.1182561,-1.122616,-2.074867,1.368787,-10.24277,0,0,36.77181,1,1,1000,1000
365409,28:37.2,IMU,268405095,0,-0.0716292,0.1083918,-1.156312,-2.115426,1.289492,-10.2507,0,0,36.77291,1,1,1000,1000
365512,28:37.3,IMU,268445079,0,-0.0757059,0.1001915,-1.17656,-2.155221,1.2105,-10.25793,0,0,36.77401,1,1,1000,1000
365566,28:37.3,IMU,268485063,0,-0.08068321,0.09072457,-1.183446,-2.19112,1.131116,-10.2594,0,0,36.77513,1,1,1000,1000
365618,28:37.3,IMU,268525047,0,-0.08065401,0.07846212,-1.185241,-2.223633,1.054741,-10.26587,0,0,36.77623,1,1,1000,1000
365719,28:37.4,IMU,268565031,0,-0.08103834,0.06752749,-1.18298,-2.254763,0.9802328,-10.26558,0,0,36.77732,1,1,1000,1000
365773,28:37.4,IMU,268605015,0,-0.07965241,0.05532645,-1.177418,-2.282606,0.908699,-10.26631,0,0,36.77842,1,1,1000,1000
365873,28:37.5,IMU,268644999,0,-0.07735698,0.04208383,-1.169151,-2.306912,0.8415557,-10.2615,0,0,36.77949,1,1,1000,1000
365924,28:37.5,IMU,268684983,0,-0.07355164,0.03107538,-1.159106,-2.329475,0.7754093,-10.25613,0,0,36.78059,1,1,1000,1000
365977,28:37.5,IMU,268724967,0,-0.0688109,0.02076409,-1.147625,-2.347956,0.7146716,-10.24843,0,0,36.78168,1,1,1000,1000
366076,28:37.6,IMU,268764951,0,-0.0621075,0.009308414,-1.135315,-2.365323,0.6555966,-10.2336,0,0,36.78278,1,1,1000,1000
366130,28:37.6,IMU,268804935,0,-0.05766526,-0.001371893,-1.122575,-2.380883,0.5994129,-10.22331,0,0,36.78387,1,1,1000,1000
366228,28:37.7,IMU,268844919,0,-0.05408249,-0.006205706,-1.11003,-2.394475,0.5471457,-10.21529,0,0,36.78497,1,1,1000,1000
366281,28:37.7,IMU,268884903,0,-0.0502851,-0.01295118,-1.097784,-2.406911,0.4955307,-10.19084,0,0,36.78606,1,1,1000,1000
366333,28:37.7,IMU,268924887,0,-0.04716767,-0.02067089,-1.086323,-2.415227,0.4469617,-10.16768,0,0,36.78716,1,1,1000,1000
366432,28:37.8,IMU,268964871,0,-0.04410845,-0.02480477,-1.076322,-2.427012,0.3994703,-10.14492,0,0,36.78825,1,1,1000,1000
366486,28:37.8,IMU,269004855,0,-0.04013333,-0.02846945,-1.067297,-2.437257,0.3548782,-10.13558,0,0,36.78935,1,1,1000,1000
366586,28:37.9,IMU,269044839,0,-0.04070727,-0.03577457,-1.059768,-2.443688,0.3111765,-10.1017,0,0,36.79044,1,1,1000,1000
366638,28:37.9,IMU,269084823,0,-0.04221608,-0.0385144,-1.05339,-2.451839,0.2697081,-10.08605,0,0,36.79154,1,1,999,999
366690,28:37.9,IMU,269124807,0,-0.03861789,-0.04141342,-1.048448,-2.459344,0.2294171,-10.06346,0,0,36.79263,1,1,999,999
366789,28:38.0,IMU,269164791,0,-0.0378655,-0.04655885,-1.04465,-2.466093,0.1890115,-10.04309,0,0,36.79372,1,1,999,999
366843,28:38.0,IMU,269204775,0,-0.02945078,-0.04534729,-1.042164,-2.472565,0.1502495,-10.0143,0,0,36.79482,1,1,999,999
366943,28:38.1,IMU,269244759,0,-0.02341198,-0.0478069,-1.040591,-2.479185,0.1101379,-9.993699,0,0,36.79591,1,1,999,999
366994,28:38.1,IMU,269284743,0,-0.01956701,-0.04932254,-1.039565,-2.484494,0.07448505,-9.974842,0,0,36.79701,1,1,999,999
367046,28:38.1,IMU,269324727,0,-0.00926482,-0.0461444,-1.039498,-2.488738,0.03825334,-9.952633,0,0,36.7981,1,1,999,999
367145,28:38.2,IMU,269364711,0,-0.00844546,-0.04213811,-1.039685,-2.49259,0.002142488,-9.92319,0,0,36.79919,1,1,999,999
367200,28:38.2,IMU,269404695,0,-0.001982855,-0.03750377,-1.040487,-2.497445,-0.03409895,-9.903452,0,0,36.80029,1,1,999,999
367300,28:38.3,IMU,269444679,0,0.002158797,-0.03317935,-1.041386,-2.497956,-0.07437208,-9.880148,0,0,36.80138,1,1,999,999
367354,28:38.3,IMU,269484663,0,0.004093716,-0.03334338,-1.042301,-2.499163,-0.1151948,-9.855026,0,0,36.80247,1,1,999,999
367406,28:38.3,IMU,269524647,0,0.004677838,-0.03270381,-1.043407,-2.499048,-0.1583985,-9.827998,0,0,36.80357,1,1,999,999
367507,28:38.4,IMU,269564631,0,0.004604865,-0.0310124,-1.044636,-2.496455,-0.2045451,-9.815954,0,0,36.80466,1,1,999,999
367561,28:38.4,IMU,269604615,0,0.000185106,-0.03011981,-1.045557,-2.491205,-0.2554235,-9.796161,0,0,36.80576,1,1,999,999
367659,28:38.5,IMU,269644599,0,-0.005336728,-0.02818717,-1.046244,-2.485072,-0.3078863,-9.776219,0,0,36.80685,1,1,999,999
367710,28:38.5,IMU,269684583,0,-0.01007018,-0.02751267,-1.046826,-2.476309,-0.3621336,-9.759921,0,0,36.80794,1,1,999,999
367762,28:38.5,IMU,269725400,0,-0.01123482,-0.02654899,-1.047441,-2.465266,-0.4233868,-9.745695,0,0,36.80906,1,1,999,999
367862,28:38.6,IMU,269765384,0,-0.0111736,-0.02401991,-1.047974,-2.452835,-0.4849108,-9.735717,0,0,36.81015,1,1,999,999
367917,28:38.6,IMU,269805368,0,-0.01624105,-0.02387449,-1.048084,-2.434432,-0.5489346,-9.722884,0,0,36.81124,1,1,999,999
368015,28:38.7,IMU,269845352,0,-0.02111588,-0.02553468,-1.048008,-2.414618,-0.6165664,-9.714974,0,0,36.81233,1,1,999,999
368067,28:38.7,IMU,269885336,0,-0.02543896,-0.02545604,-1.047953,-2.392556,-0.687664,-9.714452,0,0,36.81342,1,1,999,999
368120,28:38.7,IMU,269925320,0,-0.02594534,-0.02257271,-1.048207,-2.367204,-0.7607684,-9.701931,0,0,36.81452,1,1,999,999
368219,28:38.8,IMU,269965304,0,-0.02702537,-0.02057867,-1.048284,-2.338531,-0.8370057,-9.696874,0,0,36.81561,1,1,999,999
368273,28:38.8,IMU,270005288,0,-0.02878899,-0.02235942,-1.048246,-2.305696,-0.9150008,-9.695042,0,0,36.8167,1,1,999,999
368373,28:38.9,IMU,270045272,0,-0.02641473,-0.02130091,-1.048591,-2.270679,-0.9985266,-9.696292,0,0,36.81779,1,1,999,999
368424,28:38.9,IMU,270085256,0,-0.02360881,-0.01853921,-1.049052,-2.23154,-1.081642,-9.683314,0,0,36.81888,1,1,1000,1000
368477,28:38.9,IMU,270125240,0,-0.02330491,-0.01684694,-1.049196,-2.189518,-1.167711,-9.686675,0,0,36.81997,1,1,1000,1000
368576,28:39.0,IMU,270165224,0,-0.02103014,-0.01533749,-1.049204,-2.144293,-1.254328,-9.683927,0,0,36.82104,1,1,1000,1000
368630,28:39.0,IMU,270205208,0,-0.01866286,-0.01983879,-1.049442,-2.095455,-1.344248,-9.680417,0,0,36.82213,1,1,1000,1000
368730,28:39.1,IMU,270245192,0,-0.01379992,-0.01363975,-1.04993,-2.043616,-1.436764,-9.677663,0,0,36.82322,1,1,1000,1000
368781,28:39.1,IMU,270285176,0,-0.00745124,-0.008050143,-1.050403,-1.988821,-1.529578,-9.682152,0,0,36.82431,1,1,1000,1000
368833,28:39.1,IMU,270325160,0,-0.001409655,-0.005751982,-1.050904,-1.930959,-1.622265,-9.671448,0,0,36.82539,1,1,1000,1000
368932,28:39.2,IMU,270365144,0,0.00301805,-0.001736576,-1.051231,-1.870178,-1.717403,-9.670084,0,0,36.82648,1,1,1000,1000
368986,28:39.2,IMU,270405128,0,0.007728199,0.002290794,-1.046458,-1.807241,-1.813299,-9.664095,0,0,36.82758,1,1,1000,1000
369088,28:39.3,IMU,270445112,0,0.01291201,0.005365735,-1.024273,-1.744207,-1.910186,-9.656354,0,0,36.82867,1,1,1000,1000
369142,28:39.3,IMU,270485096,0,0.0186095,0.006785661,-0.9765363,-1.681649,-2.002255,-9.64527,0,0,36.82975,1,1,1000,1000
369194,28:39.3,IMU,270525080,0,0.02431681,0.008762666,-0.9029538,-1.61979,-2.086633,-9.635187,0,0,36.83084,1,1,1000,1000
369295,28:39.4,IMU,270565064,0,0.02680984,0.00864568,-0.807528,-1.565862,-2.161313,-9.626144,0,0,36.83196,1,1,1000,1000
369349,28:39.4,IMU,270605048,0,0.03099907,0.01042223,-0.6972174,-1.519316,-2.228242,-9.615839,0,0,36.83305,1,1,1000,1000
369447,28:39.5,IMU,270645032,0,0.03371935,0.002787983,-0.5793049,-1.485405,-2.280651,-9.607074,0,0,36.83414,1,1,1000,1000
369498,28:39.5,IMU,270685016,0,0.0353875,-0.00911007,-0.4599589,-1.461633,-2.324378,-9.594395,0,0,36.83523,1,1,1000,1000
369550,28:39.5,IMU,270725000,0,0.03736211,-0.02218439,-0.3447417,-1.450994,-2.358977,-9.582218,0,0,36.83632,1,1,1000,1000
369650,28:39.6,IMU,270764984,0,0.03693036,-0.03246469,-0.2377623,-1.450673,-2.384063,-9.575204,0,0,36.83738,1,1,1000,1000
369704,28:39.6,IMU,270804968,0,0.03619293,-0.04261673,-0.1420643,-1.461657,-2.39809,-9.563774,0,0,36.83847,1,1,1000,1000
369802,28:39.7,IMU,270844952,0,0.03517281,-0.05303852,-0.05963105,-1.480993,-2.407608,-9.560867,0,0,36.83955,1,1,1000,1000
369854,28:39.7,IMU,270884936,0,0.03318841,-0.06099051,0.00884929,-1.50952,-2.408989,-9.553629,0,0,36.84064,1,1,1000,1000
369906,28:39.7,IMU,270924920,0,0.03165982,-0.0668913,0.06333334,-1.546414,-2.405105,-9.547523,0,0,36.84173,1,1,1000,1000
370006,28:39.8,IMU,270964904,0,0.02994409,-0.06994878,0.1042315,-1.584288,-2.397183,-9.544173,0,0,36.84282,1,1,1000,1000
370060,28:39.8,IMU,271004888,0,0.02749015,-0.0694484,0.1328518,-1.630505,-2.384445,-9.541552,0,0,36.8439,1,1,1000,1000
370160,28:39.9,IMU,271044872,0,0.02564988,-0.06574426,0.1502142,-1.676217,-2.370784,-9.535927,0,0,36.84499,1,1,1000,1000
370211,28:39.9,IMU,271084856,0,0.02337668,-0.06096403,0.1582267,-1.727171,-2.354641,-9.535175,0,0,36.84608,1,1,999,999
370265,28:39.9,IMU,271124840,0,0.02041291,-0.05385853,0.1582768,-1.777771,-2.339056,-9.528624,0,0,36.84717,1,1,999,999
370364,28:40.0,IMU,271164824,0,0.01810306,-0.04511152,0.152269,-1.828284,-2.323372,-9.523275,0,0,36.84825,1,1,999,999
370418,28:40.0,IMU,271204808,0,0.0149749,-0.03635669,0.141594,-1.877537,-2.306522,-9.518173,0,0,36.84934,1,1,999,999
370518,28:40.1,IMU,271244792,0,0.01278699,-0.03127659,0.1279198,-1.926208,-2.292805,-9.509281,0,0,36.85043,1,1,999,999
370569,28:40.1,IMU,271284776,0,0.01132146,-0.02811725,0.1123887,-1.974044,-2.278963,-9.498741,0,0,36.85151,1,1,999,999
370621,28:40.1,IMU,271324760,0,0.008109163,-0.02638384,0.09607274,-2.01852,-2.267137,-9.491003,0,0,36.8526,1,1,999,999
370720,28:40.2,IMU,271364744,0,0.007356593,-0.02464909,0.07972001,-2.060914,-2.259014,-9.481674,0,0,36.85369,1,1,999,999
370774,28:40.2,IMU,271404728,0,0.006881087,-0.02230167,0.06392848,-2.102363,-2.249714,-9.471464,0,0,36.85477,1,1,999,999
370876,28:40.3,IMU,271444712,0,0.006336318,-0.02969187,0.04985924,-2.141253,-2.243859,-9.456303,0,0,36.85586,1,1,999,999
370930,28:40.3,IMU,271484696,0,0.006330336,-0.02683444,0.0369549,-2.176849,-2.240676,-9.448885,0,0,36.85694,1,1,999,999
370982,28:40.3,IMU,271524680,0,0.003835372,-0.02362075,0.02606595,-2.211342,-2.236527,-9.431177,0,0,36.85803,1,1,999,999
371083,28:40.4,IMU,271564664,0,0.003985923,-0.02211663,0.01695382,-2.244712,-2.234762,-9.423864,0,0,36.85912,1,1,999,999
371137,28:40.4,IMU,271604648,0,0.003552818,-0.02251669,0.009646069,-2.275515,-2.233998,-9.414141,0,0,36.8602,1,1,999,999
371235,28:40.5,IMU,271644632,0,0.00249462,-0.02395289,0.003995174,-2.305199,-2.23412,-9.394891,0,0,36.86129,1,1,999,999
371286,28:40.5,IMU,271684616,0,0.001830606,-0.02257577,-4.63e-05,-2.335398,-2.234877,-9.384255,0,0,36.86237,1,1,999,999
371340,28:40.5,IMU,271724600,0,0.00489862,-0.02501305,-0.002713448,-2.364385,-2.236703,-9.383041,0,0,36.86346,1,1,999,999
371440,28:40.6,IMU,271764584,0,0.003693871,-0.026427,-0.004289359,-2.392654,-2.237314,-9.365952,0,0,36.86454,1,1,999,999
371495,28:40.6,IMU,271805401,0,0.002724674,-0.02274954,-0.005023837,-2.421044,-2.239597,-9.35944,0,0,36.86565,1,1,999,999
371593,28:40.7,IMU,271845385,0,0.002077221,-0.02031144,-0.005046874,-2.448328,-2.240865,-9.34656,0,0,36.86674,1,1,999,999
371645,28:40.7,IMU,271885369,0,0.003457415,-0.02230097,-0.004674012,-2.475515,-2.244241,-9.335587,0,0,36.86782,1,1,999,999
371697,28:40.7,IMU,271925353,0,0.004242047,-0.02390756,-0.003447078,-2.501417,-2.244184,-9.324323,0,0,36.8689,1,1,999,999
371797,28:40.8,IMU,271965337,0,0.003443674,-0.02616625,-0.002047902,-2.52748,-2.244288,-9.305283,0,0,36.86999,1,1,999,999
371851,28:40.8,IMU,272005321,0,0.005246466,-0.0252255,-0.000588018,-2.555075,-2.246911,-9.308226,0,0,36.87107,1,1,999,999
371951,28:40.9,IMU,272045305,0,0.004933094,-0.02557244,0.001006186,-2.580445,-2.247725,-9.290311,0,0,36.87216,1,1,999,999
372002,28:40.9,IMU,272085289,0,0.004870933,-0.02818726,0.002432219,-2.605718,-2.248928,-9.282652,0,0,36.87324,1,1,999,999
372056,28:40.9,IMU,272125273,0,0.004457005,-0.02422503,0.003495514,-2.632432,-2.249865,-9.276618,0,0,36.87432,1,1,999,999
372155,28:41.0,IMU,272165257,0,0.003626873,-0.02131059,0.004760035,-2.658982,-2.250003,-9.265804,0,0,36.87541,1,1,999,999
372209,28:41.0,IMU,272205241,0,0.002134717,-0.02278064,0.006246761,-2.68359,-2.249425,-9.252578,0,0,36.87649,1,1,999,999
372308,28:41.1,IMU,272245225,0,0.002365894,-0.02697989,0.007510404,-2.708261,-2.249325,-9.240192,0,0,36.87755,1,1,999,999
372360,28:41.1,IMU,272285209,0,0.002604917,-0.03233033,0.008463096,-2.735217,-2.250216,-9.235054,0,0,36.87863,1,1,999,999
372412,28:41.1,IMU,272325193,0,0.002732354,-0.02781094,0.008834813,-2.758146,-2.247815,-9.218374,0,0,36.87971,1,1,999,999
372511,28:41.2,IMU,272365177,0,0.003130235,-0.02428878,0.009135172,-2.783505,-2.248739,-9.20774,0,0,36.88079,1,1,999,999
372565,28:41.2,IMU,272405161,0,0.00329541,-0.02168417,0.009201013,-2.809373,-2.249475,-9.213636,0,0,36.88188,1,1,999,999
372666,28:41.3,IMU,272445145,0,0.0026479,-0.01868203,0.00916869,-2.834327,-2.248152,-9.196682,0,0,36.88296,1,1,999,999
372722,28:41.3,IMU,272485129,0,0.002378904,-0.01603119,0.009224985,-2.857893,-2.247336,-9.184438,0,0,36.88404,1,1,999,999
372774,28:41.3,IMU,272525113,0,0.003290079,-0.01392953,0.009235532,-2.883491,-2.246187,-9.175069,0,0,36.88512,1,1,999,999
372875,28:41.4,IMU,272565097,0,0.002929053,-0.01272049,0.009191441,-2.908554,-2.244534,-9.169369,0,0,36.88621,1,1,999,999
372929,28:41.4,IMU,272605081,0,0.003112224,-0.01050075,0.008950702,-2.931564,-2.246489,-9.16252,0,0,36.88729,1,1,999,999
373027,28:41.5,IMU,272645065,0,0.00314539,-0.009554964,0.008576721,-2.956408,-2.245988,-9.152353,0,0,36.8884,1,1,999,999
373078,28:41.5,IMU,272685049,0,0.003280287,-0.005072324,0.008196992,-2.978535,-2.243826,-9.135466,0,0,36.88948,1,1,999,999
373130,28:41.5,IMU,272725033,0,0.00333103,-0.00318486,0.007823631,-3.001783,-2.245113,-9.127388,0,0,36.89056,1,1,999,999
373230,28:41.6,IMU,272765017,0,0.003398042,-0.002315204,0.007505271,-3.025984,-2.243163,-9.116452,0,0,36.89164,1,1,999,999
373286,28:41.6,IMU,272805001,0,0.003478408,-0.001417241,0.007022865,-3.048404,-2.24335,-9.112004,0,0,36.89272,1,1,999,999
373384,28:41.7,IMU,272844985,0,0.003525108,-0.000441671,0.006471275,-3.070812,-2.242382,-9.102154,0,0,36.89378,1,1,999,999
373435,28:41.7,IMU,272884969,0,0.003517121,0.000736788,0.005819513,-3.09269,-2.242778,-9.091587,0,0,36.89486,1,1,999,999
373488,28:41.7,IMU,272924953,0,0.003640709,0.001373825,0.005290225,-3.113638,-2.240703,-9.082938,0,0,36.89594,1,1,999,999
373587,28:41.8,IMU,272964937,0,0.003689018,0.003513147,0.004793598,-3.133076,-2.241987,-9.07275,0,0,36.89702,1,1,999,999
373642,28:41.8,IMU,273004921,0,0.005585548,0.005151566,0.004258887,-3.155377,-2.242101,-9.062307,0,0,36.8981,1,1,999,999
373742,28:41.9,IMU,273044905,0,0.006860837,0.006029647,0.003845036,-3.175456,-2.241683,-9.056646,0,0,36.89918,1,1,999,999
373793,28:41.9,IMU,273084889,0,0.006792402,0.007123802,0.00345646,-3.19436,-2.240161,-9.045025,0,0,36.90026,1,1,1000,1000
373847,28:41.9,IMU,273124873,0,0.006463439,0.00952015,0.003106218,-3.212784,-2.24096,-9.037821,0,0,36.90134,1,1,1000,1000
373946,28:42.0,IMU,273164857,0,0.006057033,0.01068674,0.002835927,-3.231709,-2.240825,-9.029522,0,0,36.90242,1,1,1000,1000
374000,28:42.0,IMU,273204841,0,0.005865953,0.01269945,0.002691323,-3.249464,-2.24001,-9.018659,0,0,36.9035,1,1,1000,1000
374099,28:42.1,IMU,273244825,0,0.005709972,0.01504303,0.002565863,-3.26791,-2.239375,-9.011761,0,0,36.90458,1,1,1000,1000
374151,28:42.1,IMU,273284809,0,0.00535421,0.01824499,0.002407364,-3.286443,-2.240336,-9.006075,0,0,36.90565,1,1,1000,1000
374203,28:42.1,IMU,273324793,0,0.005225421,0.01920047,0.002485229,-3.303731,-2.241112,-9.004405,0,0,36.90673,1,1,1000,1000
374302,28:42.2,IMU,273364777,0,0.00506985,0.01977127,0.002499282,-3.319578,-2.240623,-8.99153,0,0,36.90781,1,1,1000,1000
374356,28:42.2,IMU,273404761,0,0.004960163,0.02313097,0.00259654,-3.336866,-2.240227,-8.988123,0,0,36.90889,1,1,1000,1000
374457,28:42.3,IMU,273444745,0,0.004271683,0.02809806,0.002716724,-3.352789,-2.239129,-8.981222,0,0,36.90997,1,1,1000,1000
374512,28:42.3,IMU,273484729,0,0.003879988,0.03051779,0.002487764,-3.367849,-2.241022,-8.963378,0,0,36.91105,1,1,1000,1000
374564,28:42.3,IMU,273524713,0,0.003908179,0.02482768,0.00244147,-3.383747,-2.241329,-8.961869,0,0,36.91213,1,1,1000,1000
374665,28:42.4,IMU,273564697,0,0.003897117,0.02760696,0.002255218,-3.397902,-2.240611,-8.955241,0,0,36.91321,1,1,1000,1000
374719,28:42.4,IMU,273604681,0,0.003836537,0.03046964,0.002163689,-3.411867,-2.241309,-8.951692,0,0,36.91428,1,1,1000,1000
374817,28:42.5,IMU,273644665,0,0.003193436,0.03777972,0.002176025,-3.424179,-2.240384,-8.937679,0,0,36.91536,1,1,1000,1000
374868,28:42.5,IMU,273684649,0,0.003080797,0.04210082,0.001655487,-3.439389,-2.240386,-8.935641,0,0,36.91644,1,1,1000,1000
374920,28:42.5,IMU,273724633,0,0.003225881,0.04519991,0.001380017,-3.453115,-2.241113,-8.929012,0,0,36.91752,1,1,1000,1000
375022,28:42.6,IMU,273764617,0,0.003632388,0.04103127,0.001550806,-3.464488,-2.242566,-8.92555,0,0,36.91859,1,1,1000,1000
375077,28:42.6,IMU,273804601,0,0.004197205,0.04100597,0.001065452,-3.476601,-2.241009,-8.91943,0,0,36.91967,1,1,1000,1000
375175,28:42.7,IMU,273844585,0,0.004186855,0.03727281,0.000873207,-3.485952,-2.241831,-8.910917,0,0,36.92075,1,1,1000,1000
375226,28:42.7,IMU,273885402,0,0.003841167,0.03491922,0.001058968,-3.496757,-2.242585,-8.908998,0,0,36.92186,1,1,1000,1000
375279,28:42.7,IMU,273925386,0,0.003334682,0.0313874,0.001139748,-3.504626,-2.242467,-8.896906,0,0,36.92293,1,1,1000,1000
375378,28:42.8,IMU,273965370,0,0.003315821,0.01865075,0.001614697,-3.51199,-2.243673,-8.890718,0,0,36.92401,1,1,1000,1000
375433,28:42.8,IMU,274005354,0,0.001860305,0.008235954,0.002003815,-3.516041,-2.242204,-8.882873,0,0,36.92509,1,1,1000,1000
375533,28:42.9,IMU,274045338,0,0.002189761,-0.001626189,0.00249161,-3.52122,-2.243433,-8.87894,0,0,36.92616,1,1,1000,1000
375584,28:42.9,IMU,274085322,0,0.003088893,-0.008594387,0.003281891,-3.526174,-2.244652,-8.88949,0,0,36.92724,1,1,999,999
375638,28:42.9,IMU,274125306,0,0.003509022,-0.01567741,0.004301327,-3.528215,-2.245737,-8.881408,0,0,36.92831,1,1,999,999
375737,28:43.0,IMU,274165290,0,0.004076736,-0.01980335,0.005049098,-3.529992,-2.24611,-8.878729,0,0,36.92939,1,1,999,999
375791,28:43.0,IMU,274205274,0,0.001081663,-0.02213489,0.006051249,-3.532583,-2.245949,-8.875764,0,0,36.93047,1,1,999,999
375890,28:43.1,IMU,274245258,0,0.001524442,-0.01942667,0.006704123,-3.534065,-2.245754,-8.872202,0,0,36.93155,1,1,999,999
375942,28:43.1,IMU,274285242,0,0.001838102,-0.01655911,0.007111157,-3.538701,-2.245434,-8.865065,0,0,36.93262,1,1,999,999
375994,28:43.1,IMU,274325226,0,0.002377572,-0.01979873,0.007613985,-3.541952,-2.246051,-8.8667,0,0,36.93367,1,1,999,999
376093,28:43.2,IMU,274365210,0,0.00260297,-0.026383,0.008375876,-3.545683,-2.245475,-8.874208,0,0,36.93474,1,1,999,999
376147,28:43.2,IMU,274405194,0,0.002081039,-0.02457417,0.008728774,-3.548037,-2.245744,-8.870646,0,0,36.93582,1,1,999,999
376248,28:43.3,IMU,274445178,0,0.005302272,-0.02125538,0.008885277,-3.553396,-2.245064,-8.870367,0,0,36.93689,1,1,999,999
376302,28:43.3,IMU,274485162,0,0.005071793,-0.01486014,0.009019543,-3.558009,-2.242917,-8.867248,0,0,36.93797,1,1,999,999
376355,28:43.3,IMU,274525146,0,0.004921762,-0.0108142,0.008908138,-3.565747,-2.242824,-8.87253,0,0,36.93904,1,1,999,999
376456,28:43.4,IMU,274565130,0,0.004835837,-0.008674167,0.008514291,-3.569243,-2.242075,-8.868155,0,0,36.94012,1,1,999,999
376510,28:43.4,IMU,274605114,0,0.004680178,-0.007076943,0.008066414,-3.574441,-2.240774,-8.86253,0,0,36.94119,1,1,999,999
376608,28:43.5,IMU,274645098,0,0.002140918,-0.005805074,0.008015228,-3.580921,-2.240313,-8.866381,0,0,36.94227,1,1,999,999
376659,28:43.5,IMU,274685082,0,0.000545095,-0.005749822,0.008170576,-3.586302,-2.239791,-8.864304,0,0,36.94334,1,1,999,999
376711,28:43.5,IMU,274725066,0,-0.000582766,-0.005271107,0.008013744,-3.593238,-2.240458,-8.867909,0,0,36.94444,1,1,999,999
376811,28:43.6,IMU,274765050,0,0.000901643,0.002617657,0.007314239,-3.599901,-2.239626,-8.865393,0,0,36.94552,1,1,999,999
376866,28:43.6,IMU,274805034,0,5.888482e-05,-0.001185132,0.007069963,-3.605846,-2.239863,-8.867581,0,0,36.94659,1,1,999,999
376964,28:43.7,IMU,274845018,0,0.00054607,-0.001859303,0.006435926,-3.611583,-2.237944,-8.862742,0,0,36.94766,1,1,999,999
377015,28:43.7,IMU,274885002,0,0.001977924,-0.001729815,0.005783908,-3.615573,-2.237937,-8.858499,0,0,36.94874,1,1,999,999
377068,28:43.7,IMU,274924986,0,0.001970914,-0.002035082,0.005406704,-3.62078,-2.236169,-8.849369,0,0,36.94978,1,1,999,999
377167,28:43.8,IMU,274964970,0,0.003175718,-0.002869777,0.005197751,-3.625984,-2.237467,-8.850282,0,0,36.95086,1,1,999,999
377221,28:43.8,IMU,275004954,0,0.004340946,-0.00301385,0.005075847,-3.63177,-2.237027,-8.849094,0,0,36.95193,1,1,999,999
377322,28:43.9,IMU,275044938,0,0.002087466,-0.003188696,0.005342872,-3.635969,-2.236472,-8.85088,0,0,36.953,1,1,999,999
377373,28:43.9,IMU,275084922,0,0.002314077,-0.0014759,0.005437815,-3.641889,-2.235609,-8.846182,0,0,36.95408,1,1,1000,1000
377427,28:43.9,IMU,275124906,0,0.002561153,-0.001632305,0.00570315,-3.64654,-2.235791,-8.841516,0,0,36.95515,1,1,1000,1000
377526,28:44.0,IMU,275164890,0,0.002699405,-0.001200094,0.005804538,-3.649619,-2.236992,-8.839119,0,0,36.95622,1,1,1000,1000
377580,28:44.0,IMU,275204874,0,0.002891051,-0.003387497,0.005838754,-3.656528,-2.235594,-8.841022,0,0,36.95729,1,1,1000,1000
377679,28:44.1,IMU,275244858,0,0.003005778,-0.002419774,0.005656614,-3.660822,-2.236059,-8.838047,0,0,36.95837,1,1,1000,1000
377731,28:44.1,IMU,275284842,0,0.003076547,-0.001578863,0.005510278,-3.665237,-2.235276,-8.835684,0,0,36.95944,1,1,1000,1000
377783,28:44.1,IMU,275324826,0,0.00319335,-0.000914538,0.005380765,-3.669384,-2.234085,-8.830929,0,0,36.96051,1,1,1000,1000
377882,28:44.2,IMU,275364810,0,0.003320711,-0.000342162,0.005309752,-3.673047,-2.233382,-8.829882,0,0,36.96158,1,1,1000,1000
377936,28:44.2,IMU,275404794,0,0.003391823,0.000193769,0.005176624,-3.679112,-2.233979,-8.826413,0,0,36.96265,1,1,1000,1000
378037,28:44.3,IMU,275444778,0,0.003479816,-0.002161773,0.005253055,-3.68225,-2.23163,-8.823606,0,0,36.96373,1,1,1000,1000
378091,28:44.3,IMU,275484762,0,0.00356124,-0.001308716,0.005070923,-3.686766,-2.232316,-8.820864,0,0,36.9648,1,1,1000,1000
378143,28:44.3,IMU,275524746,0,0.003574118,-0.000680186,0.005022652,-3.691098,-2.231789,-8.817052,0,0,36.96587,1,1,1000,1000
378245,28:44.4,IMU,275564730,0,0.003614733,-0.00025109,0.004943581,-3.695446,-2.231751,-8.815831,0,0,36.96694,1,1,1000,1000
378299,28:44.4,IMU,275604714,0,0.00366848,-0.01240452,0.005274469,-3.699248,-2.230717,-8.80999,0,0,36.96801,1,1,1000,1000
378397,28:44.5,IMU,275644698,0,0.003615109,-0.009924827,0.005306748,-3.701063,-2.231614,-8.81459,0,0,36.96908,1,1,1000,1000
378448,28:44.5,IMU,275684682,0,0.00448285,-0.008264933,0.00547348,-3.705198,-2.231337,-8.810963,0,0,36.97015,1,1,1000,1000
378502,28:44.5,IMU,275724666,0,0.004698462,-0.003078842,0.005694802,-3.708919,-2.230518,-8.807878,0,0,36.97122,1,1,1000,1000
378602,28:44.6,IMU,275764650,0,0.006327704,-0.002745019,0.005960594,-3.714017,-2.229205,-8.811153,0,0,36.97229,1,1,1000,1000
378657,28:44.6,IMU,275804634,0,0.005161244,-0.0038118,0.005982476,-3.717304,-2.229706,-8.815384,0,0,36.97337,1,1,1000,1000
378755,28:44.7,IMU,275844618,0,0.004772585,-0.002874857,0.00588204,-3.722434,-2.228033,-8.809329,0,0,36.97443,1,1,1000,1000
378806,28:44.7,IMU,275884602,0,0.004005233,-0.002353038,0.005828588,-3.726717,-2.22861,-8.808457,0,0,36.9755,1,1,1000,1000
378859,28:44.7,IMU,275924586,0,0.003070486,-0.000970534,0.005814918,-3.73147,-2.227261,-8.806636,0,0,36.97657,1,1,1000,1000
378958,28:44.8,IMU,275965403,0,0.00243017,0.001351054,0.005456892,-3.734298,-2.228048,-8.803953,0,0,36.97767,1,1,1000,1000
379012,28:44.8,IMU,276005387,0,0.002077246,0.006603463,0.005014655,-3.740492,-2.227028,-8.804037,0,0,36.97874,1,1,1000,1000
379113,28:44.9,IMU,276045371,0,0.0023632,0.003411573,0.004737886,-3.744226,-2.226578,-8.803829,0,0,36.97981,1,1,1000,1000
379164,28:44.9,IMU,276085355,0,0.001095375,0.001033382,0.0045402,-3.747574,-2.22653,-8.797617,0,0,36.98088,1,1,999,999
379218,28:44.9,IMU,276125339,0,0.000275893,0.000244448,0.004302296,-3.75204,-2.226371,-8.797979,0,0,36.98195,1,1,999,999
379317,28:45.0,IMU,276165323,0,0.000929073,0.000722555,0.004186809,-3.754076,-2.225902,-8.790282,0,0,36.98302,1,1,999,999
379371,28:45.0,IMU,276205307,0,0.002658171,-0.00040649,0.004354014,-3.757562,-2.226246,-8.79529,0,0,36.98409,1,1,999,999
379470,28:45.1,IMU,276245291,0,0.001994838,0.000175919,0.004596958,-3.761993,-2.226732,-8.7933,0,0,36.98515,1,1,999,999
379521,28:45.1,IMU,276285275,0,0.002325662,0.001429634,0.004728003,-3.763089,-2.225648,-8.790725,0,0,36.98622,1,1,999,999
379574,28:45.1,IMU,276325259,0,0.002563899,0.0017085,0.004981571,-3.768084,-2.225715,-8.790616,0,0,36.98729,1,1,999,999
379673,28:45.2,IMU,276365243,0,0.002657198,0.001833746,0.005232452,-3.771574,-2.224136,-8.787541,0,0,36.98836,1,1,999,999
379727,28:45.2,IMU,276405227,0,0.002836891,-0.001638069,0.005345917,-3.77338,-2.225135,-8.789478,0,0,36.9894,1,1,999,999
379828,28:45.3,IMU,276445211,0,0.002978049,-0.00725085,0.005755933,-3.77791,-2.224606,-8.783606,0,0,36.99047,1,1,999,999
379885,28:45.3,IMU,276485195,0,0.003182395,-0.004251546,0.005545906,-3.779375,-2.22462,-8.783947,0,0,36.99154,1,1,999,999
379937,28:45.3,IMU,276525179,0,0.003243946,-0.003277776,0.005359127,-3.78208,-2.224498,-8.782491,0,0,36.9926,1,1,999,999
380039,28:45.4,IMU,276565163,0,0.003342246,-0.002366872,0.005252574,-3.785558,-2.221856,-8.778121,0,0,36.99367,1,1,999,999
380093,28:45.4,IMU,276605147,0,0.003366304,-0.001570409,0.005157511,-3.788306,-2.222009,-8.77728,0,0,36.99474,1,1,999,999
380191,28:45.5,IMU,276645131,0,0.003461832,-0.000893386,0.005089199,-3.79085,-2.222605,-8.774717,0,0,36.99581,1,1,999,999
380242,28:45.5,IMU,276685115,0,0.003560885,0.001551684,0.004842086,-3.79384,-2.221635,-8.772429,0,0,36.99687,1,1,999,999
380294,28:45.5,IMU,276725099,0,0.003560016,0.003115041,0.004719021,-3.798224,-2.220791,-8.77101,0,0,36.99794,1,1,999,999
380394,28:45.6,IMU,276765083,0,0.00365767,0.004015401,0.004677804,-3.800203,-2.221031,-8.769983,0,0,36.99901,1,1,999,999
380449,28:45.6,IMU,276805067,0,0.00363464,0.004515089,0.004388808,-3.805456,-2.220287,-8.776066,0,0,37.00008,1,1,999,999
380547,28:45.7,IMU,276845051,0,0.003699212,0.007586846,0.003832727,-3.807769,-2.220399,-8.77575,0,0,37.00117,1,1,999,999
380598,28:45.7,IMU,276885035,0,0.003767491,0.007921705,0.003469362,-3.812325,-2.219916,-8.774818,0,0,37.00224,1,1,999,999
380651,28:45.7,IMU,276925019,0,0.003743978,0.005990986,0.003339353,-3.81674,-2.219824,-8.769748,0,0,37.0033,1,1,999,999
380750,28:45.8,IMU,276965003,0,0.003805748,0.006748292,0.003279362,-3.818626,-2.219153,-8.765721,0,0,37.00437,1,1,999,999
380804,28:45.8,IMU,277004987,0,0.003823177,0.003739261,0.00334391,-3.819603,-2.219386,-8.765212,0,0,37.00541,1,1,999,999
380904,28:45.9,IMU,277044971,0,0.002011241,0.003940802,0.003563823,-3.821976,-2.218304,-8.76499,0,0,37.00647,1,1,999,999
380956,28:45.9,IMU,277084955,0,0.001520064,0.003935359,0.003675744,-3.826283,-2.2192,-8.763854,0,0,37.00754,1,1,999,999
381010,28:45.9,IMU,277124939,0,0.00146325,0.002012814,0.003656538,-3.828135,-2.217557,-8.764426,0,0,37.0086,1,1,999,999
381109,28:46.0,IMU,277164923,0,-0.000681871,0.000605956,0.003913822,-3.828689,-2.219168,-8.763269,0,0,37.00967,1,1,999,999
381163,28:46.0,IMU,277204907,0,-5.19e-05,-6.57e-05,0.003877447,-3.832193,-2.22021,-8.764296,0,0,37.01073,1,1,999,999
381262,28:46.1,IMU,277244891,0,0.000490587,-0.001245113,0.00386722,-3.832351,-2.220153,-8.759714,0,0,37.0118,1,1,999,999
381313,28:46.1,IMU,277284875,0,0.000635127,-0.000549952,0.003899704,-3.835304,-2.218309,-8.760626,0,0,37.01286,1,1,999,999
381366,28:46.1,IMU,277324859,0,-0.000460113,-0.000971045,0.003933813,-3.836276,-2.219995,-8.76432,0,0,37.01393,1,1,999,999
381465,28:46.2,IMU,277364843,0,0.000159874,-0.001763376,0.003673829,-3.838682,-2.219837,-8.761913,0,0,37.01499,1,1,999,999
381519,28:46.2,IMU,277404827,0,0.000617218,-0.002421246,0.003363843,-3.840849,-2.219713,-8.761786,0,0,37.01606,1,1,999,999
381620,28:46.3,IMU,277444811,0,0.001026564,-0.002277348,0.003103641,-3.841812,-2.219076,-8.759641,0,0,37.01712,1,1,999,999
381674,28:46.3,IMU,277484795,0,0.001359985,-0.001804066,0.002905445,-3.843603,-2.219057,-8.75779,0,0,37.01819,1,1,999,999
381726,28:46.3,IMU,277524779,0,0.000807207,-0.001284071,0.002675837,-3.845088,-2.220052,-8.755969,0,0,37.01925,1,1,999,999
381827,28:46.4,IMU,277564763,0,0.001309713,-0.001267808,0.002664117,-3.8481,-2.219474,-8.762354,0,0,37.02032,1,1,999,999
381882,28:46.4,IMU,277604747,0,0.001356459,-0.001447818,0.002810485,-3.849388,-2.219629,-8.760928,0,0,37.02138,1,1,999,999
381980,28:46.5,IMU,277644731,0,0.001532388,0.001105145,0.002958205,-3.849172,-2.218526,-8.754796,0,0,37.02244,1,1,999,999
382031,28:46.5,IMU,277684715,0,0.003406148,-0.006699494,0.003259803,-3.851688,-2.218498,-8.754881,0,0,37.02351,1,1,999,999
382083,28:46.5,IMU,277724699,0,0.003288842,-0.004714079,0.00366784,-3.852791,-2.218979,-8.748909,0,0,37.02457,1,1,999,999
382183,28:46.6,IMU,277764683,0,0.004005572,-0.002874751,0.003745467,-3.853965,-2.218481,-8.75738,0,0,37.02563,1,1,999,999
382238,28:46.6,IMU,277804667,0,0.00469058,-0.001502552,0.003593012,-3.855318,-2.217598,-8.753032,0,0,37.0267,1,1,999,999
382336,28:46.7,IMU,277844651,0,0.00593921,-0.001114861,0.003429164,-3.857228,-2.216644,-8.754615,0,0,37.02776,1,1,999,999
382387,28:46.7,IMU,277884635,0,0.005002127,0.001525673,0.003312018,-3.85999,-2.216134,-8.753908,0,0,37.02882,1,1,999,999
382440,28:46.7,IMU,277924619,0,0.006404421,0.001160988,0.003024759,-3.862516,-2.216452,-8.75439,0,0,37.02988,1,1,999,999
382539,28:46.8,IMU,277964603,0,0.004021029,0.003079165,0.002835912,-3.864145,-2.216152,-8.754722,0,0,37.03095,1,1,999,999
382593,28:46.8,IMU,278004587,0,0.001927658,0.003003337,0.002481976,-3.866559,-2.215939,-8.75497,0,0,37.03201,1,1,999,999
382693,28:46.9,IMU,278045404,0,0.002352221,0.002432087,0.002129084,-3.866466,-2.21418,-8.744102,0,0,37.0331,1,1,999,999
382744,28:46.9,IMU,278085388,0,0.004358896,0.009926172,0.001723754,-3.869935,-2.215029,-8.74361,0,0,37.03416,1,1,1000,1000
382799,28:46.9,IMU,278125372,0,0.004234342,0.00809462,0.001672855,-3.872264,-2.214007,-8.743849,0,0,37.03522,1,1,1000,1000
382898,28:47.0,IMU,278165356,0,0.003347783,0.004776023,0.001707856,-3.872878,-2.214249,-8.745686,0,0,37.03629,1,1,1000,1000
382952,28:47.0,IMU,278205340,0,0.004396953,0.004164504,0.001752726,-3.874729,-2.214473,-8.745092,0,0,37.03735,1,1,1000,1000
383051,28:47.1,IMU,278245324,0,0.006360536,0.003240705,0.001762467,-3.876258,-2.213807,-8.743176,0,0,37.03841,1,1,1000,1000
383102,28:47.1,IMU,278285308,0,0.005676306,0.004136896,0.001943752,-3.878203,-2.213925,-8.74351,0,0,37.03947,1,1,1000,1000
383155,28:47.1,IMU,278325292,0,0.005537262,0.004227412,0.00205415,-3.877045,-2.212918,-8.741043,0,0,37.04053,1,1,1000,1000
383254,28:47.2,IMU,278365276,0,0.005075281,0.004115104,0.002224294,-3.880405,-2.214215,-8.74213,0,0,37.04159,1,1,1000,1000
383308,28:47.2,IMU,278405260,0,0.004146166,0.002273509,0.002421568,-3.880744,-2.213607,-8.743341,0,0,37.04266,1,1,1000,1000
383409,28:47.3,IMU,278445244,0,0.003910601,0.000212745,0.002678392,-3.882145,-2.215093,-8.740086,0,0,37.04372,1,1,1000,1000
383463,28:47.3,IMU,278485228,0,0.00376367,0.000541363,0.002776521,-3.883218,-2.21281,-8.74297,0,0,37.04475,1,1,1000,1000
383515,28:47.3,IMU,278525212,0,0.003852971,-0.006499274,0.003047003,-3.883615,-2.213567,-8.739106,0,0,37.04581,1,1,1000,1000
383616,28:47.4,IMU,278565196,0,0.001790809,-0.005040646,0.003214049,-3.88531,-2.212356,-8.73835,0,0,37.04687,1,1,1000,1000
383671,28:47.4,IMU,278605180,0,0.001755263,-0.002294511,0.003245194,-3.885295,-2.213356,-8.742433,0,0,37.04793,1,1,1000,1000
383769,28:47.5,IMU,278645164,0,0.001972111,0.002490285,0.003157381,-3.887836,-2.212137,-8.7412,0,0,37.04899,1,1,1000,1000
383820,28:47.5,IMU,278685148,0,0.002398598,0.00136567,0.003086473,-3.889298,-2.211954,-8.744953,0,0,37.05005,1,1,1000,1000
383875,28:47.5,IMU,278725132,0,0.003463399,0.001709232,0.002905269,-3.889006,-2.212169,-8.740253,0,0,37.05111,1,1,1000,1000
383977,28:47.6,IMU,278765116,0,0.00259367,0.002009407,0.002665189,-3.891479,-2.212601,-8.73929,0,0,37.05217,1,1,1000,1000
384031,28:47.6,IMU,278805100,0,0.002669253,0.002239682,0.002467765,-3.892523,-2.21254,-8.738367,0,0,37.05323,1,1,1000,1000
384130,28:47.7,IMU,278845084,0,0.002952864,0.00240229,0.002355117,-3.89291,-2.211617,-8.738266,0,0,37.05429,1,1,1000,1000
384181,28:47.7,IMU,278885068,0,0.003873026,0.002681513,0.00228259,-3.894196,-2.211439,-8.736119,0,0,37.05535,1,1,1000,1000
384234,28:47.7,IMU,278925052,0,0.003675178,0.01011053,0.002194295,-3.896274,-2.211261,-8.731138,0,0,37.05643,1,1,1000,1000
384333,28:47.8,IMU,278965036,0,0.00191474,0.01119531,0.002428303,-3.89903,-2.212675,-8.744464,0,0,37.0575,1,1,1000,1000
384387,28:47.8,IMU,279005020,0,0.002799064,0.0080634,0.002446411,-3.901408,-2.211428,-8.729868,0,0,37.05855,1,1,1000,1000
384487,28:47.9,IMU,279045004,0,0.00314305,0.005196927,0.002205828,-3.902568,-2.211735,-8.736535,0,0,37.05961,1,1,1000,1000
384539,28:47.9,IMU,279084988,0,0.001710068,0.004929535,0.002104606,-3.902725,-2.21178,-8.732383,0,0,37.06064,1,1,999,999
384593,28:47.9,IMU,279124972,0,0.002706886,0.004328642,0.002089818,-3.903506,-2.212379,-8.728644,0,0,37.0617,1,1,999,999
384692,28:48.0,IMU,279164956,0,0.00198253,0.002324936,0.00242779,-3.904594,-2.212782,-8.730986,0,0,37.06276,1,1,999,999
384746,28:48.0,IMU,279204940,0,0.002937342,0.001928447,0.002478886,-3.905527,-2.212255,-8.728811,0,0,37.06382,1,1,999,999
384844,28:48.1,IMU,279244924,0,0.003774991,0.001461287,0.002615161,-3.905387,-2.212376,-8.728729,0,0,37.06488,1,1,999,999
384896,28:48.1,IMU,279284908,0,0.004087375,0.001804962,0.002699937,-3.905456,-2.212128,-8.729818,0,0,37.06593,1,1,999,999
384949,28:48.1,IMU,279324892,0,0.00495518,0.000286145,0.002761414,-3.906331,-2.212242,-8.727747,0,0,37.06699,1,1,999,999
385048,28:48.2,IMU,279364876,0,0.005407228,0.000749084,0.002715347,-3.908288,-2.211147,-8.734043,0,0,37.06805,1,1,999,999
385102,28:48.2,IMU,279404860,0,0.004537681,0.000796613,0.002670934,-3.90853,-2.210926,-8.734428,0,0,37.06911,1,1,999,999
385203,28:48.3,IMU,279444844,0,0.004367332,0.001429272,0.002445851,-3.909849,-2.211443,-8.731888,0,0,37.07016,1,1,999,999
385257,28:48.3,IMU,279484828,0,0.004479125,0.001476682,0.002529999,-3.909865,-2.210984,-8.725781,0,0,37.07122,1,1,999,999
385309,28:48.3,IMU,279524812,0,0.004444636,0.002659191,0.002537418,-3.910698,-2.210832,-8.734599,0,0,37.07228,1,1,999,999
385410,28:48.4,IMU,279564796,0,0.004386841,0.002704569,0.002450425,-3.91187,-2.211159,-8.731014,0,0,37.07334,1,1,999,999
385464,28:48.4,IMU,279604780,0,0.004482296,0.001476938,0.002435807,-3.912005,-2.210526,-8.726632,0,0,37.07439,1,1,999,999
385563,28:48.5,IMU,279644764,0,0.004897211,0.002214453,0.002254922,-3.91265,-2.211463,-8.729217,0,0,37.07545,1,1,999,999
385614,28:48.5,IMU,279684748,0,0.004844867,0.0024538,0.002286525,-3.913943,-2.209437,-8.730842,0,0,37.07651,1,1,999,999
385666,28:48.5,IMU,279724732,0,0.004772507,0.002577834,0.002224474,-3.915124,-2.210023,-8.726235,0,0,37.07756,1,1,999,999
385768,28:48.6,IMU,279764716,0,0.002428744,-0.006449064,0.002975501,-3.914274,-2.211093,-8.728174,0,0,37.07862,1,1,999,999
385822,28:48.6,IMU,279804700,0,0.002780518,-0.005826207,0.003302123,-3.914697,-2.209882,-8.725567,0,0,37.07967,1,1,999,999
385921,28:48.7,IMU,279844684,0,0.002988867,-9.54e-05,0.003345823,-3.915018,-2.210123,-8.729244,0,0,37.08073,1,1,999,999
385972,28:48.7,IMU,279884668,0,0.003076662,0.001051966,0.003367414,-3.915499,-2.210788,-8.725953,0,0,37.08179,1,1,999,999
386025,28:48.7,IMU,279924652,0,0.003178223,0.001527318,0.003457855,-3.916239,-2.210963,-8.727577,0,0,37.08284,1,1,999,999
386124,28:48.8,IMU,279964636,0,0.003275034,0.001797113,0.003443253,-3.917998,-2.210182,-8.72532,0,0,37.0839,1,1,999,999
386178,28:48.8,IMU,280004620,0,0.003375882,0.00207897,0.003517142,-3.919655,-2.208384,-8.72492,0,0,37.08495,1,1,999,999
386278,28:48.9,IMU,280044604,0,0.003426642,0.002356342,0.003533792,-3.91963,-2.208982,-8.723179,0,0,37.08601,1,1,999,999
386330,28:48.9,IMU,280084588,0,0.003468636,0.002535954,0.003558939,-3.921103,-2.209038,-8.723849,0,0,37.08706,1,1,1000,1000
386384,28:48.9,IMU,280125405,0,0.003601055,0.003959412,0.003530929,-3.921475,-2.208884,-8.724548,0,0,37.08815,1,1,1000,1000
386483,28:49.0,IMU,280165389,0,0.003602529,0.01282377,0.003027841,-3.924385,-2.208388,-8.72462,0,0,37.0892,1,1,1000,1000
386537,28:49.0,IMU,280205373,0,0.005156336,0.01145554,0.003055992,-3.926904,-2.207567,-8.72391,0,0,37.09026,1,1,1000,1000
386635,28:49.1,IMU,280245357,0,0.005362813,0.008439101,0.003114582,-3.92793,-2.20758,-8.728223,0,0,37.09131,1,1,1000,1000
386687,28:49.1,IMU,280285341,0,0.006297575,0.007219953,0.00307311,-3.92821,-2.20718,-8.722928,0,0,37.09237,1,1,1000,1000
386740,28:49.1,IMU,280325325,0,0.00678162,0.006882028,0.003132947,-3.929886,-2.208581,-8.725975,0,0,37.09342,1,1,1000,1000
386839,28:49.2,IMU,280365309,0,0.006327707,0.006541245,0.003258132,-3.93111,-2.205992,-8.725134,0,0,37.09447,1,1,1000,1000
386893,28:49.2,IMU,280405293,0,0.005171384,0.006204518,0.00330874,-3.931818,-2.205016,-8.725196,0,0,37.09553,1,1,1000,1000
386994,28:49.3,IMU,280445277,0,0.004031119,0.005915049,0.003255382,-3.932402,-2.204855,-8.720565,0,0,37.09658,1,1,1000,1000
387048,28:49.3,IMU,280485261,0,0.003709677,0.00299114,0.003215696,-3.93209,-2.204212,-8.719697,0,0,37.09763,1,1,1000,1000
387100,28:49.3,IMU,280525245,0,0.0040336,0.00309921,0.003048414,-3.933685,-2.205082,-8.720642,0,0,37.09869,1,1,1000,1000
387201,28:49.4,IMU,280565229,0,0.004605216,0.002744043,0.002951984,-3.933598,-2.204093,-8.722372,0,0,37.09972,1,1,1000,1000
387255,28:49.4,IMU,280605213,0,0.003038058,-0.01039578,0.003482325,-3.932687,-2.205343,-8.722734,0,0,37.10077,1,1,1000,1000
387354,28:49.5,IMU,280645197,0,0.003197925,-0.008138981,0.003515266,-3.93208,-2.204829,-8.721234,0,0,37.10182,1,1,1000,1000
387405,28:49.5,IMU,280685181,0,0.00330416,-0.006594652,0.003548571,-3.930299,-2.205626,-8.716982,0,0,37.10287,1,1,1000,1000
387457,28:49.5,IMU,280725165,0,0.003406968,-0.004678971,0.003559132,-3.930952,-2.205424,-8.71734,0,0,37.10393,1,1,1000,1000
387557,28:49.6,IMU,280765149,0,0.003477804,-0.001420335,0.003413218,-3.930491,-2.204193,-8.713388,0,0,37.10498,1,1,1000,1000
387611,28:49.6,IMU,280805133,0,0.003592107,0.002653026,0.003169062,-3.931088,-2.205481,-8.718291,0,0,37.10603,1,1,1000,1000
387710,28:49.7,IMU,280845117,0,0.003724894,0.00391091,0.002861743,-3.933198,-2.204075,-8.720118,0,0,37.10709,1,1,1000,1000
387761,28:49.7,IMU,280885101,0,0.005146393,0.004668908,0.00257695,-3.933342,-2.205042,-8.722193,0,0,37.10814,1,1,1000,1000
387814,28:49.7,IMU,280925085,0,0.003521022,0.00339865,0.002633409,-3.933635,-2.205086,-8.722967,0,0,37.10919,1,1,1000,1000
387913,28:49.8,IMU,280965069,0,0.003247156,0.002860287,0.002649792,-3.934652,-2.206174,-8.723059,0,0,37.11024,1,1,1000,1000
387967,28:49.8,IMU,281005053,0,0.004139254,0.005611724,0.002555986,-3.937479,-2.205865,-8.724442,0,0,37.11132,1,1,1000,1000
388067,28:49.9,IMU,281045037,0,0.004696165,0.008407643,0.00261423,-3.938704,-2.205619,-8.722404,0,0,37.11237,1,1,1000,1000
388119,28:49.9,IMU,281085021,0,0.004127788,0.005537308,0.002759202,-3.937397,-2.206152,-8.719663,0,0,37.11342,1,1,999,999
388172,28:49.9,IMU,281125005,0,0.003639227,0.005196436,0.002825538,-3.939462,-2.205159,-8.719345,0,0,37.11448,1,1,999,999
388272,28:50.0,IMU,281164989,0,0.002829556,0.003074363,0.003039367,-3.940634,-2.204479,-8.719303,0,0,37.1155,1,1,999,999
388326,28:50.0,IMU,281204973,0,0.003224392,0.003982114,0.003056921,-3.940944,-2.205131,-8.719749,0,0,37.11655,1,1,999,999
388424,28:50.1,IMU,281244957,0,0.003738611,0.005142459,0.003128674,-3.942259,-2.205237,-8.717381,0,0,37.1176,1,1,999,999
388476,28:50.1,IMU,281284941,0,0.003537412,0.002797462,0.003586279,-3.942329,-2.205324,-8.714531,0,0,37.11865,1,1,999,999
388528,28:50.1,IMU,281324925,0,0.005944118,0.003711592,0.003771413,-3.941837,-2.204542,-8.715704,0,0,37.11971,1,1,999,999
388628,28:50.2,IMU,281364909,0,0.005385693,0.004213286,0.004025996,-3.943744,-2.205957,-8.72192,0,0,37.12075,1,1,999,999
388682,28:50.2,IMU,281404893,0,0.004655025,0.005918714,0.00399441,-3.944401,-2.205224,-8.720065,0,0,37.1218,1,1,999,999
388829,28:50.3,IMU,281444877,0,0.004682148,0.0051895,0.00392193,-3.944962,-2.204052,-8.719001,0,0,37.12286,1,1,999,999
388883,28:50.3,IMU,281484861,0,0.005418046,0.004529214,0.003888717,-3.945649,-2.204862,-8.71493,0,0,37.12391,1,1,999,999
388935,28:50.3,IMU,281524845,0,0.005214106,0.005397675,0.003757567,-3.947109,-2.203081,-8.71871,0,0,37.12495,1,1,999,999
389036,28:50.4,IMU,281564829,0,0.004540077,0.005395486,0.003756683,-3.947332,-2.204368,-8.718198,0,0,37.12601,1,1,999,999
389090,28:50.4,IMU,281604813,0,0.004562942,0.004933543,0.003802871,-3.948655,-2.204728,-8.717018,0,0,37.12706,1,1,999,999
389188,28:50.5,IMU,281644797,0,0.00453879,0.003829356,0.003909761,-3.947037,-2.204841,-8.714167,0,0,37.12811,1,1,999,999
389240,28:50.5,IMU,281684781,0,0.004569236,0.004408692,0.003947393,-3.948279,-2.204925,-8.714276,0,0,37.12915,1,1,999,999
389292,28:50.5,IMU,281724765,0,0.004560674,0.004108458,0.003903941,-3.949618,-2.205693,-8.713341,0,0,37.1302,1,1,999,999
389392,28:50.6,IMU,281764749,0,0.005398099,0.004547418,0.003942523,-3.949696,-2.203278,-8.715189,0,0,37.13125,1,1,999,999
389446,28:50.6,IMU,281804733,0,0.005444669,0.002653199,0.004066952,-3.949485,-2.203393,-8.710691,0,0,37.1323,1,1,999,999
389545,28:50.7,IMU,281844717,0,0.005797088,-0.004985188,0.004409976,-3.950243,-2.204052,-8.714772,0,0,37.13335,1,1,999,999
389596,28:50.7,IMU,281884701,0,0.006670246,-0.003813609,0.004454968,-3.949813,-2.204733,-8.711771,0,0,37.1344,1,1,999,999
389649,28:50.7,IMU,281924685,0,0.006861542,-0.001068145,0.004410958,-3.950747,-2.204235,-8.71069,0,0,37.13545,1,1,999,999
389748,28:50.8,IMU,281964669,0,0.005672072,0.001680464,0.004482057,-3.95118,-2.203964,-8.713459,0,0,37.1365,1,1,999,999
389802,28:50.8,IMU,282004653,0,0.004005627,0.003380327,0.004480778,-3.952399,-2.203527,-8.71209,0,0,37.13755,1,1,999,999
389902,28:50.9,IMU,282044637,0,0.003331141,0.005674539,0.004431969,-3.952481,-2.20389,-8.712813,0,0,37.13859,1,1,999,999
389954,28:50.9,IMU,282084621,0,0.002891988,0.006278051,0.004436462,-3.953153,-2.203621,-8.712304,0,0,37.13964,1,1,999,999
390007,28:50.9,IMU,282124605,0,0.003081794,0.006419451,0.004384905,-3.953665,-2.203245,-8.710587,0,0,37.14069,1,1,999,999
390106,28:51.0,IMU,282164589,0,0.002473206,0.00466602,0.004391274,-3.954538,-2.203981,-8.712683,0,0,37.14174,1,1,999,999
390161,28:51.0,IMU,282205406,0,0.002004509,0.004317929,0.004419944,-3.95541,-2.201783,-8.709787,0,0,37.14281,1,1,999,999
390259,28:51.1,IMU,282245390,0,0.0022823,0.01147633,0.004115889,-3.957286,-2.203649,-8.713326,0,0,37.14386,1,1,999,999
390311,28:51.1,IMU,282285374,0,0.002688192,0.01017953,0.004024743,-3.957959,-2.202748,-8.712233,0,0,37.14491,1,1,999,999
390363,28:51.1,IMU,282325358,0,0.003424324,0.008026505,0.003896466,-3.9594,-2.202779,-8.70866,0,0,37.14595,1,1,999,999
390463,28:51.2,IMU,282365342,0,0.004958392,0.003455664,0.003822038,-3.960724,-2.202785,-8.702037,0,0,37.147,1,1,999,999
390517,28:51.2,IMU,282405326,0,0.004775727,0.003372819,0.003538129,-3.959826,-2.202628,-8.702192,0,0,37.14805,1,1,999,999
390618,28:51.3,IMU,282445310,0,0.003675435,0.004505381,0.003394278,-3.960976,-2.203129,-8.708555,0,0,37.14909,1,1,999,999
390673,28:51.3,IMU,282485294,0,0.003798387,0.005789484,0.003480084,-3.961482,-2.203305,-8.70941,0,0,37.15014,1,1,999,999
390725,28:51.3,IMU,282525278,0,0.003544435,0.005327891,0.00365605,-3.960292,-2.203138,-8.704931,0,0,37.15119,1,1,999,999
390826,28:51.4,IMU,282565262,0,0.004015648,0.005300832,0.004020429,-3.961538,-2.202982,-8.705488,0,0,37.15223,1,1,999,999
390880,28:51.4,IMU,282605246,0,0.00314792,0.005222362,0.004331078,-3.962027,-2.202529,-8.706724,0,0,37.15328,1,1,999,999
390978,28:51.5,IMU,282645230,0,0.002591002,0.005047256,0.004652238,-3.961469,-2.20325,-8.704763,0,0,37.1543,1,1,999,999
391030,28:51.5,IMU,282685214,0,0.002211499,-0.001376262,0.004972059,-3.961121,-2.201924,-8.707314,0,0,37.15535,1,1,999,999
391082,28:51.5,IMU,282725198,0,0.002221165,-0.000678975,0.005087422,-3.960511,-2.202681,-8.701562,0,0,37.15639,1,1,999,999
391182,28:51.6,IMU,282765182,0,0.003248617,0.002682388,0.005029448,-3.961942,-2.203124,-8.705643,0,0,37.15744,1,1,999,999
391236,28:51.6,IMU,282805166,0,0.003084109,0.003675785,0.00515781,-3.962214,-2.2027,-8.708836,0,0,37.15849,1,1,999,999
391334,28:51.7,IMU,282845150,0,0.004631732,0.00455878,0.004995201,-3.961389,-2.202552,-8.707417,0,0,37.15953,1,1,999,999
391386,28:51.7,IMU,282885134,0,0.005642163,0.005515656,0.004671353,-3.963348,-2.20264,-8.704481,0,0,37.16058,1,1,999,999
391439,28:51.7,IMU,282925118,0,0.00381428,0.004750482,0.00444759,-3.963357,-2.201546,-8.703591,0,0,37.16162,1,1,999,999
391538,28:51.8,IMU,282965102,0,0.003902963,0.004011734,0.004126597,-3.963594,-2.200928,-8.705041,0,0,37.16267,1,1,999,999
391592,28:51.8,IMU,283005086,0,0.003946331,0.002967235,0.003743115,-3.964149,-2.202302,-8.704237,0,0,37.16371,1,1,999,999
391692,28:51.9,IMU,283045070,0,0.003973276,0.003312986,0.003451043,-3.962897,-2.202585,-8.703626,0,0,37.16475,1,1,999,999
391744,28:51.9,IMU,283085054,0,0.004641276,0.01116503,0.003083708,-3.964684,-2.202384,-8.711761,0,0,37.16582,1,1,1000,1000
391797,28:51.9,IMU,283125038,0,0.004346024,0.0108104,0.003188527,-3.966347,-2.203328,-8.70977,0,0,37.16687,1,1,1000,1000
391896,28:52.0,IMU,283165022,0,0.004735463,0.00743908,0.003188389,-3.965791,-2.201709,-8.702868,0,0,37.16792,1,1,1000,1000
391951,28:52.0,IMU,283205006,0,0.004665946,0.006428836,0.00330098,-3.967163,-2.203014,-8.701073,0,0,37.16896,1,1,1000,1000
392049,28:52.1,IMU,283244990,0,0.00459866,0.006212368,0.003364381,-3.967723,-2.20327,-8.701362,0,0,37.16998,1,1,1000,1000
392101,28:52.1,IMU,283284974,0,0.004795988,0.005886506,0.003633969,-3.967211,-2.203591,-8.70991,0,0,37.17102,1,1,1000,1000
392153,28:52.1,IMU,283324958,0,0.00403662,0.005655506,0.003980359,-3.966755,-2.202604,-8.708552,0,0,37.17207,1,1,1000,1000
392253,28:52.2,IMU,283364942,0,0.004443367,0.005469973,0.004049878,-3.967398,-2.202241,-8.705492,0,0,37.17311,1,1,1000,1000
392307,28:52.2,IMU,283404926,0,0.006031747,0.005892415,0.004024276,-3.96818,-2.201652,-8.705935,0,0,37.17415,1,1,1000,1000
392408,28:52.3,IMU,283444910,0,0.005734396,0.01304637,0.003644018,-3.968087,-2.203272,-8.709221,0,0,37.17519,1,1,1000,1000
392462,28:52.3,IMU,283484894,0,0.005558425,0.02685433,0.002800746,-3.96928,-2.203113,-8.715469,0,0,37.17624,1,1,1000,1000
392514,28:52.3,IMU,283524878,0,0.005692874,0.04255208,0.002109774,-3.972404,-2.20214,-8.713531,0,0,37.17728,1,1,1000,1000
392615,28:52.4,IMU,283564862,0,0.004120095,0.05710893,0.001351032,-3.97602,-2.201378,-8.706529,0,0,37.17832,1,1,1000,1000
392669,28:52.4,IMU,283604846,0,0.004154068,0.06959014,0.000300399,-3.982864,-2.202738,-8.716423,0,0,37.17937,1,1,1000,1000
392767,28:52.5,IMU,283644830,0,0.008833542,0.07663254,-0.000793461,-3.988661,-2.202025,-8.709921,0,0,37.18041,1,1,1000,1000
392818,28:52.5,IMU,283684814,0,0.008344121,0.0884335,-0.002033035,-3.994961,-2.202631,-8.722643,0,0,37.18145,1,1,1000,1000
392871,28:52.5,IMU,283724798,0,0.008456729,0.09588262,-0.003368961,-3.998906,-2.202646,-8.715206,0,0,37.1825,1,1,1000,1000
392973,28:52.6,IMU,283764782,0,0.005999914,0.1031946,-0.004577534,-4.003873,-2.201029,-8.71047,0,0,37.18354,1,1,1000,1000
393027,28:52.6,IMU,283804766,0,0.00761663,0.1040552,-0.005671979,-4.006659,-2.202,-8.709902,0,0,37.18458,1,1,1000,1000
393127,28:52.7,IMU,283844750,0,0.006692944,0.1094821,-0.00666053,-4.010176,-2.202612,-8.709581,0,0,37.18562,1,1,1000,1000
393179,28:52.7,IMU,283884734,0,0.006329139,0.1126619,-0.007723524,-4.012272,-2.204269,-8.712076,0,0,37.18666,1,1,1000,1000
393232,28:52.7,IMU,283924718,0,0.008463632,0.1071895,-0.008435694,-4.011589,-2.205382,-8.710482,0,0,37.18771,1,1,1000,1000
393331,28:52.8,IMU,283964702,0,0.004104293,0.110597,-0.008972911,-4.010341,-2.207478,-8.702235,0,0,37.18874,1,1,1000,1000
393385,28:52.8,IMU,284004686,0,0.006009758,0.1135463,-0.009663219,-4.006735,-2.208557,-8.711487,0,0,37.18979,1,1,1000,1000
393485,28:52.9,IMU,284044670,0,0.006781111,0.1166657,-0.01006754,-4.005409,-2.210661,-8.720755,0,0,37.19083,1,1,1000,1000
393537,28:52.9,IMU,284084654,0,0.005505127,0.1215772,-0.01049497,-4.000984,-2.212241,-8.718357,0,0,37.19187,1,1,999,999
393590,28:52.9,IMU,284124638,0,0.007201766,0.1244576,-0.0108417,-3.994639,-2.21349,-8.715952,0,0,37.19291,1,1,999,999
393689,28:53.0,IMU,284164622,0,0.004151138,0.125255,-0.01100973,-3.988248,-2.215165,-8.715256,0,0,37.19395,1,1,999,999
393743,28:53.0,IMU,284204606,0,0.005156145,0.1259535,-0.01117451,-3.980719,-2.216145,-8.722291,0,0,37.19499,1,1,999,999
393842,28:53.1,IMU,284244590,0,0.00579599,0.1289348,-0.01132801,-3.972545,-2.219261,-8.734318,0,0,37.19603,1,1,999,999
393894,28:53.1,IMU,284285407,0,0.006436925,0.1312229,-0.01159919,-3.96295,-2.222275,-8.74091,0,0,37.1971,1,1,999,999
393946,28:53.1,IMU,284325391,0,0.006148083,0.1384466,-0.01195043,-3.952317,-2.224866,-8.743889,0,0,37.19814,1,1,999,999
394045,28:53.2,IMU,284365375,0,0.005877024,0.1422893,-0.01211745,-3.94062,-2.225755,-8.744859,0,0,37.19918,1,1,999,999
394101,28:53.2,IMU,284405359,0,0.004391067,0.1368401,-0.01190295,-3.928095,-2.227993,-8.754289,0,0,37.20022,1,1,999,999
394201,28:53.3,IMU,284445343,0,0.004524862,0.1369866,-0.01204789,-3.91383,-2.230764,-8.768701,0,0,37.20126,1,1,999,999
394255,28:53.3,IMU,284485327,0,0.006524294,0.1372428,-0.01226216,-3.899726,-2.234283,-8.780325,0,0,37.2023,1,1,999,999
394307,28:53.3,IMU,284525311,0,0.005196625,0.1371223,-0.01219435,-3.882018,-2.235332,-8.778798,0,0,37.20334,1,1,999,999
394408,28:53.4,IMU,284565295,0,0.005778574,0.1407824,-0.0122985,-3.86507,-2.237476,-8.787665,0,0,37.20438,1,1,999,999
394462,28:53.4,IMU,284605279,0,0.005851496,0.1424538,-0.0124417,-3.846658,-2.241382,-8.80669,0,0,37.20542,1,1,999,999
394560,28:53.5,IMU,284645263,0,0.003882749,0.1434171,-0.01230548,-3.828365,-2.244483,-8.81506,0,0,37.20646,1,1,999,999
394612,28:53.5,IMU,284685247,0,0.007060189,0.1483158,-0.01255418,-3.806235,-2.245943,-8.819172,0,0,37.2075,1,1,999,999
394664,28:53.5,IMU,284725231,0,0.007118219,0.1493046,-0.01267533,-3.786806,-2.250381,-8.841696,0,0,37.20851,1,1,999,999
394765,28:53.6,IMU,284765215,0,0.004130144,0.1445399,-0.01264194,-3.764303,-2.250881,-8.848757,0,0,37.20955,1,1,999,999
394819,28:53.6,IMU,284805199,0,0.004871214,0.1529413,-0.01286273,-3.741076,-2.253836,-8.860957,0,0,37.21059,1,1,999,999
394917,28:53.7,IMU,284845183,0,0.005101718,0.1583136,-0.01327445,-3.717952,-2.257225,-8.884128,0,0,37.21162,1,1,999,999
394969,28:53.7,IMU,284885167,0,0.005865692,0.1651694,-0.01389411,-3.693786,-2.25885,-8.892174,0,0,37.21266,1,1,999,999
395022,28:53.7,IMU,284925151,0,0.004886083,0.167481,-0.01399628,-3.668546,-2.260691,-8.900597,0,0,37.2137,1,1,999,999
395121,28:53.8,IMU,284965135,0,0.004664726,0.1747036,-0.01462887,-3.643199,-2.264939,-8.924367,0,0,37.21474,1,1,999,999
395175,28:53.8,IMU,285005119,0,0.003686903,0.1790949,-0.01508293,-3.614682,-2.26751,-8.939951,0,0,37.21578,1,1,999,999
395275,28:53.9,IMU,285045103,0,0.005363952,0.1835566,-0.01578877,-3.586595,-2.269806,-8.954357,0,0,37.21682,1,1,999,999
395327,28:53.9,IMU,285085087,0,0.006363788,0.1880921,-0.01645601,-3.557975,-2.273159,-8.974078,0,0,37.21785,1,1,1000,1000
395380,28:53.9,IMU,285125071,0,0.00338281,0.1902161,-0.01673689,-3.527645,-2.276598,-8.985603,0,0,37.21889,1,1,1000,1000
395479,28:54.0,IMU,285165055,0,0.003429982,0.1973772,-0.01745404,-3.49726,-2.279606,-9.015094,0,0,37.21996,1,1,1000,1000
395533,28:54.0,IMU,285205039,0,0.005340056,0.2016998,-0.01832183,-3.464372,-2.282768,-9.026585,0,0,37.22099,1,1,1000,1000
395632,28:54.1,IMU,285245023,0,0.00416739,0.2063073,-0.01864846,-3.430986,-2.286784,-9.048786,0,0,37.22203,1,1,1000,1000
395684,28:54.1,IMU,285285007,0,0.003334093,0.2076423,-0.01923638,-3.39595,-2.290248,-9.067572,0,0,37.22306,1,1,1000,1000
395736,28:54.1,IMU,285324991,0,0.003924857,0.2110381,-0.01970468,-3.361193,-2.294093,-9.08889,0,0,37.22408,1,1,1000,1000
395835,28:54.2,IMU,285364975,0,0.005231792,0.2129946,-0.02046582,-3.321233,-2.297752,-9.104218,0,0,37.22511,1,1,1000,1000
395891,28:54.2,IMU,285404959,0,0.005043693,0.2169863,-0.02091103,-3.284739,-2.300831,-9.133035,0,0,37.22615,1,1,1000,1000
395991,28:54.3,IMU,285444943,0,0.00586276,0.2222074,-0.02151073,-3.242902,-2.304157,-9.143005,0,0,37.22719,1,1,1000,1000
396045,28:54.3,IMU,285484927,0,0.005800428,0.2276347,-0.02210089,-3.203417,-2.308234,-9.173054,0,0,37.22822,1,1,1000,1000
396097,28:54.3,IMU,285524911,0,0.00265498,0.229529,-0.02215551,-3.161126,-2.313148,-9.191138,0,0,37.22926,1,1,1000,1000
396198,28:54.4,IMU,285564895,0,0.002201678,0.2334666,-0.02252608,-3.115294,-2.314604,-9.214302,0,0,37.23029,1,1,1000,1000
396252,28:54.4,IMU,285604879,0,0.001355191,0.2333995,-0.02299735,-3.072007,-2.319753,-9.239665,0,0,37.23133,1,1,1000,1000
396351,28:54.5,IMU,285644863,0,0.001619304,0.2380618,-0.02324004,-3.028131,-2.323533,-9.266457,0,0,37.23236,1,1,1000,1000
396402,28:54.5,IMU,285684847,0,0.001063946,0.2434277,-0.02354673,-2.978425,-2.327816,-9.281336,0,0,37.2334,1,1,1000,1000
396454,28:54.5,IMU,285724831,0,0.004196947,0.2493066,-0.02432638,-2.930579,-2.331114,-9.308534,0,0,37.23444,1,1,1000,1000
396555,28:54.6,IMU,285764815,0,0.003829825,0.2514637,-0.02478121,-2.881805,-2.335988,-9.333604,0,0,37.23547,1,1,1000,1000
396609,28:54.6,IMU,285804799,0,0.003847622,0.2518655,-0.02517991,-2.83144,-2.338374,-9.359961,0,0,37.23651,1,1,1000,1000
396707,28:54.7,IMU,285844783,0,0.006109077,0.2539545,-0.02557379,-2.77966,-2.342675,-9.381816,0,0,37.23755,1,1,1000,1000
396758,28:54.7,IMU,285884767,0,0.0160609,0.2569106,-0.02608824,-2.72593,-2.346325,-9.415813,0,0,37.23858,1,1,1000,1000
396812,28:54.7,IMU,285924751,0,0.02669876,0.2558946,-0.02611409,-2.67259,-2.349396,-9.436101,0,0,37.23961,1,1,1000,1000
396911,28:54.8,IMU,285964735,0,0.04305294,0.2443874,-0.02556786,-2.616509,-2.352905,-9.459517,0,0,37.24065,1,1,1000,1000
396965,28:54.8,IMU,286004719,0,0.05964033,0.2293839,-0.02392738,-2.560854,-2.356017,-9.485095,0,0,37.24168,1,1,1000,1000
397065,28:54.9,IMU,286044703,0,0.07560107,0.2168019,-0.02128439,-2.504211,-2.357615,-9.506415,0,0,37.24272,1,1,1000,1000
397117,28:54.9,IMU,286084687,0,0.08824724,0.205977,-0.01739402,-2.447033,-2.359524,-9.526463,0,0,37.24375,1,1,999,999
397170,28:54.9,IMU,286124671,0,0.09827831,0.1944517,-0.01196347,-2.390254,-2.362242,-9.549093,0,0,37.24479,1,1,999,999
397269,28:55.0,IMU,286164655,0,0.1042682,0.1832422,-0.005269461,-2.333924,-2.364829,-9.570866,0,0,37.24582,1,1,999,999
397324,28:55.0,IMU,286204639,0,0.1117007,0.1765243,0.002280219,-2.279049,-2.364124,-9.586854,0,0,37.24685,1,1,999,999
397422,28:55.1,IMU,286244623,0,0.1183177,0.1685059,0.01082817,-2.224511,-2.366919,-9.606633,0,0,37.24789,1,1,999,999
397475,28:55.1,IMU,286284607,0,0.1197706,0.1662799,0.02007449,-2.171786,-2.36778,-9.62551,0,0,37.24892,1,1,999,999
397527,28:55.1,IMU,286324591,0,0.1191323,0.1676627,0.02997122,-2.120753,-2.368797,-9.639004,0,0,37.24995,1,1,999,999
397626,28:55.2,IMU,286365408,0,0.1219744,0.1619304,0.0408248,-2.071254,-2.370454,-9.663202,0,0,37.25101,1,1,999,999
397682,28:55.2,IMU,286405392,0,0.1258495,0.1609558,0.05164634,-2.021741,-2.370858,-9.672803,0,0,37.25204,1,1,999,999
397782,28:55.3,IMU,286445376,0,0.1232585,0.1581483,0.06311031,-1.976257,-2.372423,-9.686984,0,0,37.25308,1,1,999,999
397836,28:55.3,IMU,286485360,0,0.1238186,0.1582285,0.07459284,-1.932188,-2.369889,-9.707324,0,0,37.25411,1,1,999,999
397888,28:55.3,IMU,286525344,0,0.1262672,0.1567369,0.08651543,-1.888464,-2.372164,-9.718727,0,0,37.25514,1,1,999,999
397989,28:55.4,IMU,286565328,0,0.1257461,0.1530879,0.09894268,-1.847316,-2.372408,-9.732185,0,0,37.25618,1,1,999,999
398043,28:55.4,IMU,286605312,0,0.1253151,0.1470856,0.1119051,-1.808264,-2.371278,-9.744345,0,0,37.25721,1,1,999,999
398141,28:55.5,IMU,286645296,0,0.1273229,0.1448364,0.1249937,-1.770688,-2.371564,-9.757579,0,0,37.25824,1,1,999,999
398192,28:55.5,IMU,286685280,0,0.1302018,0.1459502,0.1384752,-1.734585,-2.372567,-9.773135,0,0,37.25927,1,1,999,999
398244,28:55.5,IMU,286725264,0,0.1305831,0.1445517,0.1527744,-1.701444,-2.370745,-9.78035,0,0,37.26031,1,1,999,999
398343,28:55.6,IMU,286765248,0,0.131695,0.1388308,0.1677716,-1.669607,-2.370452,-9.788644,0,0,37.26134,1,1,999,999
398398,28:55.6,IMU,286805232,0,0.131474,0.1380344,0.182945,-1.639375,-2.369592,-9.80103,0,0,37.26234,1,1,999,999
398496,28:55.7,IMU,286845216,0,0.1337798,0.1332734,0.1994372,-1.61177,-2.369041,-9.814627,0,0,37.26337,1,1,999,999
398547,28:55.7,IMU,286885200,0,0.1352462,0.1305921,0.2166985,-1.586707,-2.367254,-9.822665,0,0,37.2644,1,1,999,999
398601,28:55.7,IMU,286925184,0,0.1358924,0.1289304,0.2347971,-1.562599,-2.365649,-9.832251,0,0,37.26544,1,1,999,999
398700,28:55.8,IMU,286965168,0,0.1366757,0.1263229,0.2539389,-1.541254,-2.36356,-9.840174,0,0,37.26647,1,1,999,999
398754,28:55.8,IMU,287005152,0,0.1376486,0.1220856,0.2743993,-1.523676,-2.362968,-9.850756,0,0,37.2675,1,1,999,999
398854,28:55.9,IMU,287045136,0,0.1391659,0.1178384,0.2960045,-1.506968,-2.361198,-9.857407,0,0,37.26853,1,1,999,999
398906,28:55.9,IMU,287085120,0,0.1407451,0.1155358,0.3188527,-1.495008,-2.356997,-9.866372,0,0,37.26956,1,1,999,999
398958,28:55.9,IMU,287125104,0,0.1416081,0.1117582,0.3432353,-1.484601,-2.354268,-9.874857,0,0,37.27059,1,1,999,999
399058,28:56.0,IMU,287165088,0,0.1432611,0.1066642,0.3691247,-1.478683,-2.349402,-9.880674,0,0,37.27162,1,1,999,999
399112,28:56.0,IMU,287205072,0,0.1446376,0.1000797,0.3966413,-1.473592,-2.343626,-9.888303,0,0,37.27265,1,1,999,999
399210,28:56.1,IMU,287245056,0,0.1455928,0.09579832,0.4259717,-1.473082,-2.336545,-9.896873,0,0,37.27371,1,1,999,999
399262,28:56.1,IMU,287285040,0,0.1463235,0.09337588,0.4567786,-1.475697,-2.328301,-9.903984,0,0,37.27474,1,1,999,999
399315,28:56.1,IMU,287325024,0,0.1487392,0.08778769,0.4894565,-1.485101,-2.3194,-9.910061,0,0,37.27577,1,1,999,999
399414,28:56.2,IMU,287365008,0,0.1493312,0.07877985,0.5240692,-1.496745,-2.309915,-9.916949,0,0,37.2768,1,1,999,999
399469,28:56.2,IMU,287404992,0,0.1497495,0.06645337,0.5607539,-1.512472,-2.294756,-9.921393,0,0,37.2778,1,1,999,999
399569,28:56.3,IMU,287444976,0,0.1493232,0.05332381,0.5993372,-1.532191,-2.279876,-9.928134,0,0,37.27883,1,1,999,999
399623,28:56.3,IMU,287484960,0,0.1475662,0.03805174,0.6400174,-1.558212,-2.262111,-9.933971,0,0,37.27986,1,1,999,999
399675,28:56.3,IMU,287524944,0,0.1440711,0.01768444,0.6824787,-1.588367,-2.241474,-9.934429,0,0,37.28089,1,1,999,999
399776,28:56.4,IMU,287564928,0,0.1385906,-0.003792601,0.7263293,-1.623853,-2.218881,-9.937532,0,0,37.28192,1,1,999,999
399830,28:56.4,IMU,287604912,0,0.1314924,-0.02484963,0.7709692,-1.663579,-2.191109,-9.936891,0,0,37.28295,1,1,999,999
399928,28:56.5,IMU,287644896,0,0.1245852,-0.04322554,0.815671,-1.710177,-2.160654,-9.935928,0,0,37.28398,1,1,999,999
399979,28:56.5,IMU,287684880,0,0.1200894,-0.05859615,0.8598123,-1.763868,-2.123749,-9.930145,0,0,37.28501,1,1,999,999
400031,28:56.5,IMU,287724864,0,0.1136096,-0.07217808,0.9023125,-1.823413,-2.086105,-9.926449,0,0,37.28604,1,1,999,999
400131,28:56.6,IMU,287764848,0,0.1060571,-0.08453187,0.9428316,-1.887852,-2.04266,-9.919635,0,0,37.28706,1,1,999,999
400188,28:56.6,IMU,287804832,0,0.09828613,-0.09618896,0.9804919,-1.958383,-1.994715,-9.915218,0,0,37.28809,1,1,999,999
400286,28:56.7,IMU,287844816,0,0.09340622,-0.106852,1.014597,-2.035334,-1.94317,-9.917611,0,0,37.28912,1,1,999,999
400337,28:56.7,IMU,287884800,0,0.08231185,-0.08525234,1.04398,-2.116985,-1.886355,-9.904874,0,0,37.29015,1,1,999,999
400394,28:56.7,IMU,287924784,0,0.07077325,-0.04370322,1.066975,-2.207101,-1.825758,-9.898699,0,0,37.29118,1,1,999,999
400493,28:56.8,IMU,287964768,0,0.06009087,-0.01767939,1.083887,-2.304871,-1.760776,-9.898233,0,0,37.29221,1,1,999,999
400547,28:56.8,IMU,288004752,0,0.04902549,-0.007799892,1.094517,-2.405117,-1.693573,-9.888451,0,0,37.29323,1,1,999,999
400647,28:56.9,IMU,288044736,0,0.03743213,-0.005469601,1.098932,-2.505404,-1.621272,-9.875607,0,0,37.29426,1,1,999,999
400698,28:56.9,IMU,288084720,0,0.02824044,-0.004382025,1.097012,-2.608511,-1.548088,-9.861625,0,0,37.29529,1,1,999,999
400750,28:56.9,IMU,288124704,0,0.01566737,-0.01371446,1.089531,-2.709591,-1.47435,-9.839609,0,0,37.29631,1,1,1000,1000
400850,28:57.0,IMU,288164688,0,0.001462732,-0.02622241,1.076684,-2.805449,-1.398729,-9.814713,0,0,37.29734,1,1,1000,1000
400904,28:57.0,IMU,288204672,0,-0.01486585,-0.0404237,1.058676,-2.900881,-1.323852,-9.786467,0,0,37.29837,1,1,1000,1000
401002,28:57.1,IMU,288244656,0,-0.02826421,-0.05056333,1.035451,-2.989776,-1.249843,-9.750928,0,0,37.2994,1,1,1000,1000
401054,28:57.1,IMU,288284640,0,-0.04036921,-0.05824824,1.007484,-3.076529,-1.178395,-9.715426,0,0,37.30042,1,1,1000,1000
401107,28:57.1,IMU,288324624,0,-0.05425311,-0.06528057,0.9750915,-3.156971,-1.109861,-9.679155,0,0,37.30145,1,1,1000,1000
401206,28:57.2,IMU,288364608,0,-0.0689943,-0.07156837,0.9390368,-3.233554,-1.043734,-9.636776,0,0,37.30247,1,1,1000,1000
401260,28:57.2,IMU,288404592,0,-0.08376619,-0.07792905,0.8997915,-3.304178,-0.9822801,-9.595602,0,0,37.3035,1,1,1000,1000
401361,28:57.3,IMU,288445409,0,-0.09458175,-0.08048917,0.8566601,-3.372682,-0.921649,-9.551182,0,0,37.30455,1,1,1000,1000
401415,28:57.3,IMU,288485393,0,-0.1054021,-0.08196625,0.812456,-3.435645,-0.8645676,-9.509109,0,0,37.30558,1,1,1000,1000
401467,28:57.3,IMU,288525377,0,-0.1130761,-0.08019297,0.7668282,-3.493798,-0.8147287,-9.464808,0,0,37.30661,1,1,1000,1000
401568,28:57.4,IMU,288565361,0,-0.1200094,-0.07761706,0.7205534,-3.548321,-0.76768,-9.421928,0,0,37.30763,1,1,1000,1000
401622,28:57.4,IMU,288605345,0,-0.1247397,-0.07339632,0.6740664,-3.600103,-0.7254114,-9.37887,0,0,37.30865,1,1,1000,1000
401720,28:57.5,IMU,288645329,0,-0.1253425,-0.06747143,0.6279994,-3.6475,-0.685843,-9.34212,0,0,37.30968,1,1,1000,1000
401771,28:57.5,IMU,288685313,0,-0.1236017,-0.06337062,0.5828386,-3.694498,-0.6509131,-9.299726,0,0,37.31071,1,1,1000,1000
401823,28:57.5,IMU,288725297,0,-0.1220128,-0.05605428,0.53927,-3.737705,-0.6179364,-9.266712,0,0,37.31173,1,1,1000,1000
401923,28:57.6,IMU,288765281,0,-0.1194111,-0.05190821,0.4975804,-3.778068,-0.5891442,-9.227598,0,0,37.31276,1,1,1000,1000
401977,28:57.6,IMU,288805265,0,-0.1171313,-0.04294924,0.4578739,-3.817792,-0.5621805,-9.196733,0,0,37.31378,1,1,1000,1000
402078,28:57.7,IMU,288845249,0,-0.1142848,-0.03732654,0.4205472,-3.856017,-0.5399868,-9.162874,0,0,37.31481,1,1,1000,1000
402129,28:57.7,IMU,288885233,0,-0.1079036,-0.03236656,0.386478,-3.89069,-0.5182827,-9.130282,0,0,37.3158,1,1,1000,1000
402183,28:57.7,IMU,288925217,0,-0.1047374,-0.0301213,0.3541352,-3.926618,-0.5003771,-9.103862,0,0,37.31683,1,1,1000,1000
402282,28:57.8,IMU,288965201,0,-0.0971915,-0.02745753,0.3243621,-3.959064,-0.483323,-9.077447,0,0,37.31786,1,1,1000,1000
402336,28:57.8,IMU,289005185,0,-0.0921794,-0.02630696,0.2973368,-3.989446,-0.4673252,-9.045853,0,0,37.31888,1,1,1000,1000
402436,28:57.9,IMU,289045169,0,-0.08828175,-0.0224705,0.2723569,-4.020685,-0.4535246,-9.027234,0,0,37.3199,1,1,1000,1000
402487,28:57.9,IMU,289085153,0,-0.08538859,-0.01835814,0.2495213,-4.04925,-0.4406462,-8.998149,0,0,37.32093,1,1,1000,1000
402539,28:57.9,IMU,289125137,0,-0.08238564,-0.01553319,0.2292103,-4.077941,-0.4306283,-8.98223,0,0,37.32195,1,1,999,999
402639,28:58.0,IMU,289165121,0,-0.07951301,-0.01316629,0.2103706,-4.107079,-0.4206075,-8.966475,0,0,37.32298,1,1,999,999
402693,28:58.0,IMU,289205105,0,-0.07777448,-0.01312063,0.193271,-4.131298,-0.411469,-8.939404,0,0,37.324,1,1,999,999
402791,28:58.1,IMU,289245089,0,-0.07512626,-0.01164528,0.17795,-4.158064,-0.4017343,-8.920335,0,0,37.32502,1,1,999,999
402843,28:58.1,IMU,289285073,0,-0.07178348,-0.009867224,0.1639532,-4.182508,-0.3945178,-8.907435,0,0,37.32605,1,1,999,999
402895,28:58.1,IMU,289325057,0,-0.06600215,-0.00807042,0.1508119,-4.20786,-0.3874906,-8.89563,0,0,37.3271,1,1,999,999
402996,28:58.2,IMU,289365041,0,-0.06213817,-0.006611692,0.1384671,-4.229815,-0.3815765,-8.877661,0,0,37.32812,1,1,999,999
403051,28:58.2,IMU,289405025,0,-0.05904756,-0.005257306,0.127293,-4.25099,-0.3763433,-8.865472,0,0,37.32914,1,1,999,999
403152,28:58.3,IMU,289445009,0,-0.05393041,-0.004085858,0.1167075,-4.274364,-0.3685927,-8.858892,0,0,37.33016,1,1,999,999
403206,28:58.3,IMU,289484993,0,-0.05205283,-0.00310563,0.107052,-4.29376,-0.3642406,-8.841055,0,0,37.33116,1,1,999,999
403258,28:58.3,IMU,289524977,0,-0.05141139,-0.002193252,0.09809002,-4.31468,-0.3590511,-8.83161,0,0,37.33218,1,1,999,999
403359,28:58.4,IMU,289564961,0,-0.0512104,-0.001460062,0.08980159,-4.335248,-0.3542882,-8.820992,0,0,37.3332,1,1,999,999
403413,28:58.4,IMU,289604945,0,-0.04874909,-0.000727436,0.08196312,-4.352971,-0.3495049,-8.811274,0,0,37.33422,1,1,999,999
403511,28:58.5,IMU,289644929,0,-0.04513907,-8.61e-05,0.0742894,-4.371252,-0.3475026,-8.798533,0,0,37.33525,1,1,999,999
403562,28:58.5,IMU,289684913,0,-0.04231508,0.000424012,0.06731411,-4.388659,-0.3446045,-8.78968,0,0,37.33627,1,1,999,999
403614,28:58.5,IMU,289724897,0,-0.04008296,0.000937508,0.0609033,-4.406044,-0.3407336,-8.780897,0,0,37.33729,1,1,999,999
403713,28:58.6,IMU,289764881,0,-0.04004109,0.001318327,0.05476715,-4.422164,-0.3372372,-8.771973,0,0,37.33831,1,1,999,999
403767,28:58.6,IMU,289804865,0,-0.0415609,0.001735696,0.04938465,-4.438776,-0.3352479,-8.764821,0,0,37.33933,1,1,999,999
403865,28:58.7,IMU,289844849,0,-0.04145352,0.000499369,0.04407165,-4.452874,-0.3324501,-8.750253,0,0,37.34035,1,1,999,999
403917,28:58.7,IMU,289884833,0,-0.04128534,-0.00103376,0.03877304,-4.466742,-0.3292699,-8.75015,0,0,37.34138,1,1,999,999
403970,28:58.7,IMU,289924817,0,-0.03579989,-0.000567073,0.03316861,-4.480267,-0.3287095,-8.745702,0,0,37.3424,1,1,999,999
404070,28:58.8,IMU,289964801,0,-0.03258571,-0.000295636,0.02797143,-4.494737,-0.3276156,-8.734532,0,0,37.34342,1,1,999,999
404124,28:58.8,IMU,290004785,0,-0.03154431,0.000398079,0.02327795,-4.506376,-0.3249798,-8.731773,0,0,37.34444,1,1,999,999
404224,28:58.9,IMU,290044769,0,-0.03053337,0.000617959,0.01887749,-4.519208,-0.3259919,-8.728826,0,0,37.34546,1,1,999,999
404276,28:58.9,IMU,290084753,0,-0.0247476,0.001009549,0.01472992,-4.53077,-0.3245369,-8.712373,0,0,37.34648,1,1,999,999
404328,28:58.9,IMU,290124737,0,-0.01713851,0.003552397,0.0104289,-4.541663,-0.3226258,-8.7027,0,0,37.3475,1,1,1000,1000
404428,28:59.0,IMU,290164721,0,-0.009400991,0.004022426,0.006503586,-4.554097,-0.3214314,-8.698644,0,0,37.34852,1,1,1000,1000
404482,28:59.0,IMU,290204705,0,-0.002282565,0.004907344,0.002833546,-4.563464,-0.3198854,-8.692786,0,0,37.34954,1,1,1000,1000
404580,28:59.1,IMU,290244689,0,0.005096121,0.005319232,-0.000386622,-4.574361,-0.3180988,-8.68787,0,0,37.35056,1,1,1000,1000
404632,28:59.1,IMU,290284673,0,0.01133908,0.005493787,-0.003023169,-4.58473,-0.315392,-8.680655,0,0,37.35158,1,1,1000,1000
404684,28:59.1,IMU,290324657,0,0.01501048,0.005010611,-0.005119616,-4.593845,-0.3143704,-8.676611,0,0,37.3526,1,1,1000,1000
404783,28:59.2,IMU,290364641,0,0.01896178,0.004966648,-0.006893564,-4.604013,-0.3141269,-8.671658,0,0,37.35362,1,1,1000,1000
404838,28:59.2,IMU,290404625,0,0.02202639,0.004843349,-0.008366587,-4.612618,-0.3125594,-8.669079,0,0,37.35464,1,1,1000,1000
404939,28:59.3,IMU,290444609,0,0.02480811,0.00564845,-0.009244987,-4.619932,-0.3102518,-8.651346,0,0,37.35566,1,1,1000,1000
404993,28:59.3,IMU,290484593,0,0.02110272,0.005556017,-0.009038716,-4.62824,-0.3095683,-8.655805,0,0,37.35668,1,1,1000,1000
405045,28:59.3,IMU,290525410,0,0.01931341,0.005391651,-0.008721262,-4.637529,-0.308667,-8.653472,0,0,37.35772,1,1,1000,1000
405146,28:59.4,IMU,290565394,0,0.01739292,0.005076719,-0.008390373,-4.64433,-0.3083322,-8.647272,0,0,37.35874,1,1,1000,1000
405200,28:59.4,IMU,290605378,0,0.01577269,0.005014863,-0.007806624,-4.65132,-0.3066431,-8.637365,0,0,37.35976,1,1,1000,1000
405298,28:59.5,IMU,290645362,0,0.01338904,0.005149816,-0.006325721,-4.660368,-0.3080603,-8.640473,0,0,37.36078,1,1,1000,1000
405349,28:59.5,IMU,290685346,0,0.01230301,0.005212596,-0.004731164,-4.667148,-0.3070629,-8.634808,0,0,37.3618,1,1,1000,1000
405402,28:59.5,IMU,290725330,0,0.01123238,0.005083859,-0.003206899,-4.673453,-0.3069555,-8.632366,0,0,37.36282,1,1,1000,1000
405501,28:59.6,IMU,290765314,0,0.008911885,0.004932739,-0.001765378,-4.680666,-0.3055579,-8.625052,0,0,37.36383,1,1,1000,1000
405555,28:59.6,IMU,290805298,0,0.007006048,0.004892444,-0.000502697,-4.687471,-0.3046626,-8.625671,0,0,37.36485,1,1,1000,1000
405653,28:59.7,IMU,290845282,0,0.005400321,0.003227097,0.000714472,-4.693225,-0.3051332,-8.618408,0,0,37.36587,1,1,1000,1000
405705,28:59.7,IMU,290885266,0,0.001567233,0.002958263,0.001896195,-4.699398,-0.3047125,-8.615804,0,0,37.36689,1,1,1000,1000
405757,28:59.7,IMU,290925250,0,0.000867132,0.002326409,0.002863429,-4.704987,-0.3033108,-8.612153,0,0,37.3679,1,1,1000,1000
405858,28:59.8,IMU,290965234,0,-0.000504362,0.002565792,0.003778117,-4.711074,-0.304773,-8.6086,0,0,37.36892,1,1,1000,1000
405912,28:59.8,IMU,291005218,0,-0.00139997,0.003322592,0.004806499,-4.715113,-0.3043822,-8.600726,0,0,37.36992,1,1,1000,1000
406012,28:59.9,IMU,291045202,0,-0.003074228,0.004078998,0.005815901,-4.721835,-0.3029197,-8.600451,0,0,37.37093,1,1,1000,1000
406063,28:59.9,IMU,291085186,0,-0.004792969,0.002014365,0.006630951,-4.72664,-0.3023596,-8.600651,0,0,37.37195,1,1,1000,1000
406115,28:59.9,IMU,291125170,0,-0.006351156,0.00270402,0.007224591,-4.731471,-0.3034719,-8.592537,0,0,37.37297,1,1,999,999
406215,29:00.0,IMU,291165154,0,-0.006874892,0.002922682,0.00743102,-4.737218,-0.3022201,-8.586544,0,0,37.37399,1,1,999,999
406269,29:00.0,IMU,291205138,0,-0.006233319,0.003081298,0.007569586,-4.740619,-0.301557,-8.584907,0,0,37.375,1,1,999,999
406367,29:00.1,IMU,291245122,0,-0.005066009,0.003216387,0.007646577,-4.746824,-0.2998884,-8.583149,0,0,37.37602,1,1,999,999
406419,29:00.1,IMU,291285106,0,-0.004347558,0.003247439,0.007761007,-4.749996,-0.3000064,-8.581049,0,0,37.37703,1,1,999,999
406471,29:00.1,IMU,291325090,0,-0.001022824,0.003442158,0.007734008,-4.755301,-0.2983041,-8.578402,0,0,37.37805,1,1,999,999
406570,29:00.2,IMU,291365074,0,-0.00079008,0.002136131,0.007783491,-4.761167,-0.2975625,-8.583797,0,0,37.37907,1,1,999,999
406626,29:00.2,IMU,291405058,0,-0.000513947,0.001051247,0.007467633,-4.765472,-0.2972582,-8.579334,0,0,37.38011,1,1,999,999
406727,29:00.3,IMU,291445042,0,-4.94e-05,0.00125488,0.007010343,-4.769514,-0.2949947,-8.57438,0,0,37.38112,1,1,999,999
406781,29:00.3,IMU,291485026,0,0.001168026,0.001442391,0.006332979,-4.772589,-0.2960258,-8.569801,0,0,37.38214,1,1,999,999
406833,29:00.3,IMU,291525010,0,0.001533141,0.001137228,0.005787042,-4.775665,-0.2924837,-8.568596,0,0,37.38316,1,1,999,999
406934,29:00.4,IMU,291564994,0,0.000998382,0.001501109,0.005289774,-4.781424,-0.2920423,-8.568184,0,0,37.38414,1,1,999,999
406988,29:00.4,IMU,291604978,0,-6.67e-05,0.002063332,0.0049178,-4.786026,-0.2911902,-8.570708,0,0,37.38516,1,1,999,999
407086,29:00.5,IMU,291644962,0,0.00069839,0.002759518,0.004655024,-4.787836,-0.2908537,-8.568923,0,0,37.38618,1,1,999,999
407137,29:00.5,IMU,291684946,0,0.002251023,0.003613439,0.004495393,-4.790232,-0.288997,-8.564167,0,0,37.38719,1,1,999,999
407189,29:00.5,IMU,291724930,0,0.001896002,0.004494381,0.004303041,-4.793844,-0.2872279,-8.565261,0,0,37.38821,1,1,999,999
407288,29:00.6,IMU,291764914,0,0.002914659,0.005156676,0.004207178,-4.797443,-0.2866643,-8.563191,0,0,37.38922,1,1,999,999
407344,29:00.6,IMU,291804898,0,0.003707042,0.005492098,0.004139337,-4.802163,-0.2858475,-8.557138,0,0,37.39024,1,1,999,999
407442,29:00.7,IMU,291844882,0,0.003956316,0.005207081,0.003980407,-4.803032,-0.2842374,-8.555577,0,0,37.39125,1,1,999,999
407493,29:00.7,IMU,291884866,0,0.003285776,0.005247937,0.003940966,-4.807108,-0.2844193,-8.554777,0,0,37.39227,1,1,999,999
407546,29:00.7,IMU,291924850,0,0.004727987,0.005444701,0.003738476,-4.811205,-0.2831711,-8.555859,0,0,37.39328,1,1,999,999
407647,29:00.8,IMU,291964834,0,0.005098181,0.004914518,0.003778653,-4.813018,-0.2830315,-8.551407,0,0,37.39429,1,1,999,999
407701,29:00.8,IMU,292004818,0,0.005531332,0.005018442,0.003763283,-4.815671,-0.2815977,-8.549562,0,0,37.39531,1,1,999,999
407801,29:00.9,IMU,292044802,0,0.005558399,0.005530137,0.003645879,-4.817568,-0.2803921,-8.545589,0,0,37.39632,1,1,999,999
407853,29:00.9,IMU,292084786,0,0.006526199,0.004930411,0.003547187,-4.820061,-0.2779923,-8.549161,0,0,37.39734,1,1,999,999
407905,29:00.9,IMU,292124770,0,0.007074811,0.005005375,0.003274713,-4.82247,-0.2778401,-8.541433,0,0,37.39835,1,1,999,999
408005,29:01.0,IMU,292164754,0,0.007990366,0.005085777,0.002940437,-4.825126,-0.2766081,-8.547626,0,0,37.39936,1,1,999,999
408059,29:01.0,IMU,292204738,0,0.009319945,0.005147965,0.002980972,-4.827339,-0.2768397,-8.547601,0,0,37.40038,1,1,999,999
408157,29:01.1,IMU,292244722,0,0.009647381,0.004804763,0.0029675,-4.830632,-0.2756351,-8.544607,0,0,37.40139,1,1,999,999
408209,29:01.1,IMU,292284706,0,0.009372219,0.004112002,0.003061942,-4.832163,-0.274288,-8.540698,0,0,37.4024,1,1,999,999
408261,29:01.1,IMU,292324690,0,0.008710387,0.002655876,0.003115346,-4.835151,-0.2737496,-8.541399,0,0,37.40342,1,1,999,999
408360,29:01.2,IMU,292364674,0,0.007420826,0.001873752,0.003197032,-4.83632,-0.2718249,-8.539873,0,0,37.40443,1,1,999,999
408414,29:01.2,IMU,292404658,0,0.00738071,0.001894981,0.003248721,-4.838244,-0.2719578,-8.535407,0,0,37.40544,1,1,999,999
408515,29:01.3,IMU,292444642,0,0.008140801,0.002154159,0.003094625,-4.839896,-0.2699955,-8.537589,0,0,37.40645,1,1,999,999
408571,29:01.3,IMU,292484626,0,0.008437986,0.002649557,0.003041465,-4.84332,-0.271219,-8.537172,0,0,37.40746,1,1,999,999
408623,29:01.3,IMU,292524610,0,0.009383939,0.003295829,0.003022072,-4.84398,-0.2693298,-8.535118,0,0,37.40848,1,1,999,999
408724,29:01.4,IMU,292564594,0,0.008031516,0.004853649,0.002875368,-4.846549,-0.2686751,-8.528101,0,0,37.40949,1,1,999,999
408778,29:01.4,IMU,292604578,0,0.008929038,0.004655707,0.002727721,-4.847578,-0.2678483,-8.534557,0,0,37.4105,1,1,999,999
408876,29:01.5,IMU,292645395,0,0.0104295,0.005285702,0.002725143,-4.850986,-0.2675673,-8.534694,0,0,37.41154,1,1,999,999
408927,29:01.5,IMU,292685379,0,0.009747088,0.004994031,0.002862885,-4.851505,-0.2670354,-8.531015,0,0,37.41255,1,1,999,999
408980,29:01.5,IMU,292725363,0,0.009818685,0.005087612,0.002876229,-4.852266,-0.2654537,-8.529174,0,0,37.41356,1,1,999,999
409079,29:01.6,IMU,292765347,0,0.009233055,0.00545237,0.002965639,-4.85326,-0.265805,-8.528328,0,0,37.41457,1,1,999,999
409133,29:01.6,IMU,292805331,0,0.008275885,0.005511438,0.003028639,-4.856729,-0.2657911,-8.52702,0,0,37.41558,1,1,999,999
409231,29:01.7,IMU,292845315,0,0.008163409,0.005678711,0.003074181,-4.857127,-0.2657153,-8.528253,0,0,37.4166,1,1,999,999
409282,29:01.7,IMU,292885299,0,0.008614099,0.00554382,0.003149625,-4.858294,-0.2639179,-8.526626,0,0,37.41761,1,1,999,999
409335,29:01.7,IMU,292925283,0,0.008023273,0.005270599,0.003234639,-4.860108,-0.2637202,-8.524515,0,0,37.41862,1,1,999,999
409436,29:01.8,IMU,292965267,0,0.006285476,0.005335612,0.003193714,-4.86053,-0.2638662,-8.52236,0,0,37.41963,1,1,999,999
409490,29:01.8,IMU,293005251,0,0.005066567,0.005010311,0.003203409,-4.862042,-0.263285,-8.527138,0,0,37.42064,1,1,999,999
409590,29:01.9,IMU,293045235,0,0.005201508,0.004814995,0.003110652,-4.863335,-0.2630332,-8.525141,0,0,37.42165,1,1,999,999
409641,29:01.9,IMU,293085219,0,0.006248703,0.003926004,0.003055419,-4.864283,-0.261889,-8.524157,0,0,37.42263,1,1,999,999
409693,29:01.9,IMU,293125203,0,0.006809236,0.004078807,0.003085442,-4.864734,-0.2622638,-8.522964,0,0,37.42365,1,1,1000,1000
409793,29:02.0,IMU,293165187,0,0.005571467,0.004099823,0.003228015,-4.865799,-0.2621288,-8.523731,0,0,37.42466,1,1,1000,1000
409847,29:02.0,IMU,293205171,0,0.004502872,0.004125451,0.003312779,-4.867175,-0.2615269,-8.519351,0,0,37.42567,1,1,1000,1000
409945,29:02.1,IMU,293245155,0,0.008952676,0.003279807,0.003064116,-4.867947,-0.2602214,-8.521995,0,0,37.42667,1,1,1000,1000
409997,29:02.1,IMU,293285139,0,0.009698976,0.002766348,0.003035506,-4.869651,-0.2603013,-8.519665,0,0,37.42768,1,1,1000,1000
410049,29:02.1,IMU,293325123,0,0.008307496,0.002365312,0.003132908,-4.870634,-0.2601115,-8.521605,0,0,37.4287,1,1,1000,1000
410148,29:02.2,IMU,293365107,0,0.00642822,0.002137085,0.003237038,-4.872138,-0.2603446,-8.520391,0,0,37.4297,1,1,1000,1000
410203,29:02.2,IMU,293405091,0,0.005062636,0.002167143,0.00335055,-4.873525,-0.2605567,-8.51925,0,0,37.43071,1,1,1000,1000
410304,29:02.3,IMU,293445075,0,0.007759059,0.002209953,0.003162454,-4.874238,-0.260812,-8.518597,0,0,37.43172,1,1,1000,1000
410359,29:02.3,IMU,293485059,0,0.00574204,0.002426819,0.003230016,-4.874995,-0.2605555,-8.51686,0,0,37.43275,1,1,1000,1000
410411,29:02.3,IMU,293525043,0,0.004506197,0.002438981,0.003309675,-4.875007,-0.2591117,-8.517906,0,0,37.43377,1,1,1000,1000
410512,29:02.4,IMU,293565027,0,0.004768868,0.002525737,0.003311621,-4.876945,-0.2597549,-8.517561,0,0,37.43477,1,1,1000,1000
410566,29:02.4,IMU,293605011,0,0.003350756,0.002606563,0.003334733,-4.877459,-0.2596748,-8.515958,0,0,37.43578,1,1,1000,1000
410664,29:02.5,IMU,293644995,0,0.004510856,0.002638863,0.00331733,-4.87822,-0.2595068,-8.517635,0,0,37.43677,1,1,1000,1000
410715,29:02.5,IMU,293684979,0,0.00678526,0.002595706,0.003250035,-4.878825,-0.2605267,-8.51695,0,0,37.43777,1,1,1000,1000
410767,29:02.5,IMU,293724963,0,0.006218031,0.002497005,0.003302285,-4.880822,-0.2596118,-8.516715,0,0,37.43878,1,1,1000,1000
410866,29:02.6,IMU,293764947,0,0.005975801,0.003072744,0.003292383,-4.880004,-0.258988,-8.514896,0,0,37.43979,1,1,1000,1000
410920,29:02.6,IMU,293804931,0,0.004835628,0.003770193,0.003328961,-4.880373,-0.2604558,-8.51557,0,0,37.4408,1,1,1000,1000
411018,29:02.7,IMU,293844915,0,0.004836544,0.0045182,0.003281227,-4.882506,-0.2602289,-8.512619,0,0,37.44181,1,1,1000,1000
411069,29:02.7,IMU,293884899,0,0.007621713,0.005102461,0.003176588,-4.883059,-0.2600383,-8.515252,0,0,37.44281,1,1,1000,1000
411121,29:02.7,IMU,293924883,0,0.007598347,0.005935309,0.003240471,-4.883363,-0.2595786,-8.511883,0,0,37.44382,1,1,1000,1000
411224,29:02.8,IMU,293964867,0,0.006351311,0.005335127,0.003301315,-4.883777,-0.2595994,-8.514064,0,0,37.44483,1,1,1000,1000
411279,29:02.8,IMU,294004851,0,0.006423387,0.00493586,0.003337821,-4.884384,-0.2606475,-8.513939,0,0,37.44584,1,1,1000,1000
411379,29:02.9,IMU,294044835,0,0.007652032,0.005067272,0.003341569,-4.885035,-0.2594196,-8.511543,0,0,37.44684,1,1,1000,1000
411431,29:02.9,IMU,294084819,0,0.006657008,0.005266693,0.003428789,-4.88591,-0.2603642,-8.512753,0,0,37.44785,1,1,1000,1000
411483,29:02.9,IMU,294124803,0,0.004958834,0.003979849,0.003483141,-4.886567,-0.2616089,-8.511967,0,0,37.44886,1,1,999,999
411583,29:03.0,IMU,294164787,0,0.003345617,0.004140641,0.003631736,-4.887287,-0.2600404,-8.510406,0,0,37.44986,1,1,999,999
411637,29:03.0,IMU,294204771,0,0.002984375,0.004223723,0.003594411,-4.885461,-0.2612593,-8.511377,0,0,37.45087,1,1,999,999
411735,29:03.1,IMU,294244755,0,0.002635455,0.004317735,0.003732617,-4.885489,-0.2597808,-8.513117,0,0,37.45188,1,1,999,999
411787,29:03.1,IMU,294284739,0,0.003004834,0.004461932,0.003734092,-4.88748,-0.259391,-8.512313,0,0,37.45288,1,1,999,999
411839,29:03.1,IMU,294324723,0,0.003593087,0.003806738,0.003636478,-4.888847,-0.261099,-8.510002,0,0,37.45389,1,1,999,999
411938,29:03.2,IMU,294364707,0,0.005046787,0.003471126,0.003457053,-4.887495,-0.2608479,-8.510073,0,0,37.4549,1,1,999,999
411992,29:03.2,IMU,294404691,0,0.005254117,0.003534991,0.003394257,-4.889518,-0.2606196,-8.509797,0,0,37.4559,1,1,999,999
412092,29:03.3,IMU,294444675,0,0.006045728,0.002761769,0.003381235,-4.88909,-0.2615847,-8.508985,0,0,37.45691,1,1,999,999
412148,29:03.3,IMU,294484659,0,0.006726366,0.002425609,0.003303335,-4.890595,-0.2615203,-8.510323,0,0,37.45791,1,1,999,999
412200,29:03.3,IMU,294524643,0,0.004489625,0.002216049,0.003421169,-4.889456,-0.2615175,-8.509109,0,0,37.45892,1,1,999,999
412301,29:03.4,IMU,294564627,0,0.002687321,0.002275181,0.003564236,-4.891293,-0.2624781,-8.508972,0,0,37.45992,1,1,999,999
412355,29:03.4,IMU,294604611,0,0.002472408,0.00247551,0.003708591,-4.891787,-0.2625766,-8.50995,0,0,37.46093,1,1,999,999
412453,29:03.5,IMU,294644595,0,0.002492894,0.002944887,0.003745991,-4.891888,-0.2620769,-8.508538,0,0,37.46193,1,1,999,999
412504,29:03.5,IMU,294684579,0,0.002695686,0.003404925,0.003729954,-4.892633,-0.2637812,-8.509594,0,0,37.46294,1,1,999,999
412557,29:03.5,IMU,294725396,0,0.003025077,0.003695571,0.003778472,-4.893621,-0.2622398,-8.508037,0,0,37.46397,1,1,999,999
412656,29:03.6,IMU,294765380,0,0.004412226,0.004012037,0.003624193,-4.893081,-0.2628494,-8.505474,0,0,37.46497,1,1,999,999
412710,29:03.6,IMU,294805364,0,0.00539172,0.004507783,0.003446223,-4.893636,-0.2627311,-8.508387,0,0,37.46598,1,1,999,999
412808,29:03.7,IMU,294845348,0,0.005965759,0.004508218,0.003444168,-4.893975,-0.2630522,-8.507946,0,0,37.46698,1,1,999,999
412859,29:03.7,IMU,294885332,0,0.005476713,0.004585607,0.00352447,-4.894734,-0.2631499,-8.508368,0,0,37.46799,1,1,999,999
412911,29:03.7,IMU,294925316,0,0.005446413,0.004583596,0.00345233,-4.894646,-0.2635494,-8.506365,0,0,37.46899,1,1,999,999
413011,29:03.8,IMU,294965300,0,0.004062275,0.005016099,0.003481505,-4.894423,-0.264801,-8.506495,0,0,37.47,1,1,999,999
413067,29:03.8,IMU,295005284,0,0.003048556,0.005028802,0.003571759,-4.895814,-0.263443,-8.507097,0,0,37.471,1,1,999,999
413167,29:03.9,IMU,295045268,0,0.004828798,0.005362954,0.003783281,-4.896458,-0.2647778,-8.509443,0,0,37.472,1,1,999,999
413218,29:03.9,IMU,295085252,0,0.003628523,0.005693343,0.004092393,-4.896172,-0.2642864,-8.50514,0,0,37.47301,1,1,999,999
413270,29:03.9,IMU,295125236,0,0.002902698,0.005282412,0.00415496,-4.897226,-0.2646462,-8.504876,0,0,37.47401,1,1,1000,1000
413370,29:04.0,IMU,295165220,0,0.00205929,0.002932942,0.00400332,-4.89708,-0.264013,-8.506027,0,0,37.47499,1,1,1000,1000
413424,29:04.0,IMU,295205204,0,0.001857172,0.003437907,0.003746623,-4.896565,-0.2643665,-8.506432,0,0,37.47599,1,1,1000,1000
413522,29:04.1,IMU,295245188,0,0.002033827,0.003561648,0.003460701,-4.897449,-0.2643496,-8.507076,0,0,37.477,1,1,1000,1000
413574,29:04.1,IMU,295285172,0,0.0020964,0.003586884,0.003189709,-4.897798,-0.2653002,-8.506703,0,0,37.478,1,1,1000,1000
413626,29:04.1,IMU,295325156,0,0.001854846,0.003748875,0.003033506,-4.897048,-0.2652941,-8.506589,0,0,37.479,1,1,1000,1000
413725,29:04.2,IMU,295365140,0,0.002884113,0.003753591,0.002717644,-4.898487,-0.2651246,-8.50514,0,0,37.48,1,1,1000,1000
413780,29:04.2,IMU,295405124,0,0.003447085,0.003925926,0.002562695,-4.896993,-0.26625,-8.495222,0,0,37.48101,1,1,1000,1000
413880,29:04.3,IMU,295445108,0,0.004224181,0.002659464,0.002935834,-4.899607,-0.2651627,-8.504805,0,0,37.48201,1,1,1000,1000
413936,29:04.3,IMU,295485092,0,0.00264055,0.002473665,0.003413723,-4.899329,-0.2644247,-8.504924,0,0,37.48301,1,1,1000,1000
413988,29:04.3,IMU,295525076,0,0.002938172,0.003402722,0.003745,-4.900272,-0.266665,-8.506166,0,0,37.48401,1,1,1000,1000
414089,29:04.4,IMU,295565060,0,0.003039912,0.003310065,0.004073602,-4.901109,-0.267012,-8.505661,0,0,37.48504,1,1,1000,1000
414143,29:04.4,IMU,295605044,0,0.003035557,0.003441934,0.004337179,-4.900069,-0.2670946,-8.504356,0,0,37.48604,1,1,1000,1000
414241,29:04.5,IMU,295645028,0,0.003776904,0.004117443,0.004340296,-4.899505,-0.266801,-8.503064,0,0,37.48705,1,1,1000,1000
414292,29:04.5,IMU,295685012,0,0.005961474,0.002379586,0.003954265,-4.901161,-0.2667956,-8.502707,0,0,37.48804,1,1,1000,1000
414344,29:04.5,IMU,295724996,0,0.003651077,0.002622504,0.003741435,-4.900167,-0.2668404,-8.502126,0,0,37.48902,1,1,1000,1000
414443,29:04.6,IMU,295764980,0,0.003186398,0.002864365,0.003468334,-4.900798,-0.2674643,-8.502965,0,0,37.49002,1,1,1000,1000
414497,29:04.6,IMU,295804964,0,0.001218523,0.003092149,0.003434401,-4.901826,-0.2665064,-8.503098,0,0,37.49103,1,1,1000,1000
414597,29:04.7,IMU,295844948,0,0.003271501,0.003286944,0.003299765,-4.900851,-0.2671435,-8.505688,0,0,37.49203,1,1,1000,1000
414648,29:04.7,IMU,295884932,0,0.00300997,0.003347774,0.003217597,-4.901083,-0.2684881,-8.503773,0,0,37.49303,1,1,1000,1000
414700,29:04.7,IMU,295924916,0,0.001951981,0.003455971,0.003241347,-4.902099,-0.2694339,-8.502425,0,0,37.49403,1,1,1000,1000
414800,29:04.8,IMU,295964900,0,0.002091218,0.00353131,0.003018162,-4.901872,-0.2678461,-8.500699,0,0,37.49503,1,1,1000,1000
414856,29:04.8,IMU,296004884,0,0.001653777,0.003692939,0.002882484,-4.903156,-0.2680071,-8.501775,0,0,37.49603,1,1,1000,1000
414957,29:04.9,IMU,296044868,0,0.003771737,0.00377883,0.002836432,-4.902903,-0.2691588,-8.505261,0,0,37.49703,1,1,1000,1000
415008,29:04.9,IMU,296084852,0,0.003752849,0.003779104,0.002946389,-4.902514,-0.2693531,-8.505662,0,0,37.49803,1,1,1000,1000
415060,29:04.9,IMU,296124836,0,0.003809257,0.003851329,0.003062462,-4.904894,-0.2688209,-8.504593,0,0,37.49903,1,1,999,999
415160,29:05.0,IMU,296164820,0,0.003886097,0.003965979,0.003262656,-4.902831,-0.2690071,-8.500423,0,0,37.50003,1,1,999,999
415214,29:05.0,IMU,296204804,0,0.002691241,0.002755665,0.003641949,-4.904465,-0.2682047,-8.499014,0,0,37.50103,1,1,999,999
415312,29:05.1,IMU,296244788,0,0.003286629,0.00502815,0.003632491,-4.903571,-0.2688579,-8.502398,0,0,37.50203,1,1,999,999
415363,29:05.1,IMU,296284772,0,0.00282927,0.004530848,0.003713864,-4.904127,-0.2689225,-8.503296,0,0,37.50303,1,1,999,999
415416,29:05.1,IMU,296324756,0,0.002660494,0.004529506,0.003565215,-4.9049,-0.2688637,-8.497395,0,0,37.50403,1,1,999,999
415515,29:05.2,IMU,296364740,0,0.001568158,0.004481641,0.003383491,-4.906048,-0.2691835,-8.498624,0,0,37.50503,1,1,999,999
415569,29:05.2,IMU,296404724,0,0.000813419,0.004497468,0.00315912,-4.905797,-0.2693918,-8.501144,0,0,37.50603,1,1,999,999
415669,29:05.3,IMU,296444708,0,0.002340673,0.004420377,0.003010343,-4.905046,-0.2694804,-8.500393,0,0,37.50703,1,1,999,999
415724,29:05.3,IMU,296484692,0,0.003677416,0.004427835,0.002741327,-4.905888,-0.2700831,-8.500702,0,0,37.50803,1,1,999,999
415777,29:05.3,IMU,296524676,0,0.005169208,0.004404979,0.002719658,-4.906884,-0.2712113,-8.50278,0,0,37.50903,1,1,999,999
415878,29:05.4,IMU,296564660,0,0.004717097,0.00435516,0.002700048,-4.90728,-0.2708678,-8.501033,0,0,37.51003,1,1,999,999
415932,29:05.4,IMU,296604644,0,0.003363966,0.00437418,0.002645489,-4.906622,-0.2703229,-8.500122,0,0,37.51102,1,1,999,999
416030,29:05.5,IMU,296644628,0,0.003138358,0.004388267,0.002666792,-4.906085,-0.2703707,-8.499015,0,0,37.51202,1,1,999,999
416081,29:05.5,IMU,296684612,0,0.004519626,0.004359087,0.002592833,-4.906195,-0.2721354,-8.504194,0,0,37.51302,1,1,999,999
416134,29:05.5,IMU,296724596,0,0.004467178,0.004301537,0.002758304,-4.907948,-0.2719915,-8.504126,0,0,37.51402,1,1,999,999
416233,29:05.6,IMU,296764580,0,0.0030906,0.004401358,0.002762255,-4.908048,-0.2707966,-8.497955,0,0,37.51501,1,1,999,999
416287,29:05.6,IMU,296805397,0,-0.000371033,0.004344817,0.002711248,-4.907894,-0.2712178,-8.494844,0,0,37.51604,1,1,999,999
416385,29:05.7,IMU,296845381,0,0.001164008,0.004350846,0.002469826,-4.906361,-0.271601,-8.49677,0,0,37.51704,1,1,999,999
416436,29:05.7,IMU,296885365,0,0.002652913,0.004325903,0.002331208,-4.9077,-0.2718782,-8.499057,0,0,37.51804,1,1,999,999
416488,29:05.7,IMU,296925349,0,0.003194784,0.004326371,0.002158282,-4.90867,-0.271302,-8.497896,0,0,37.51903,1,1,999,999
416588,29:05.8,IMU,296965333,0,0.003709194,0.003608398,0.002130487,-4.907883,-0.2721787,-8.495913,0,0,37.52003,1,1,999,999
416643,29:05.8,IMU,297005317,0,0.002610991,0.003531146,0.002187904,-4.90642,-0.2727767,-8.501402,0,0,37.52103,1,1,999,999
416744,29:05.9,IMU,297045301,0,0.001113689,0.003746292,0.002349903,-4.908338,-0.2719675,-8.501917,0,0,37.52202,1,1,999,999
416795,29:05.9,IMU,297085285,0,0.001868486,0.004673608,0.002783529,-4.908478,-0.2730906,-8.493944,0,0,37.52302,1,1,999,999
416847,29:05.9,IMU,297125269,0,0.003141189,0.003854078,0.003155563,-4.908713,-0.2727862,-8.495516,0,0,37.52402,1,1,999,999
416947,29:06.0,IMU,297165253,0,0.003219348,0.003285036,0.003472914,-4.906987,-0.2734382,-8.496182,0,0,37.52501,1,1,999,999
417001,29:06.0,IMU,297205237,0,0.002791623,0.002924099,0.003746456,-4.908192,-0.2740662,-8.50115,0,0,37.52601,1,1,999,999
417099,29:06.1,IMU,297245221,0,0.003508227,0.003174395,0.003676239,-4.908838,-0.2733077,-8.499647,0,0,37.52698,1,1,999,999
417150,29:06.1,IMU,297285205,0,0.004607157,0.003284234,0.003432238,-4.9066,-0.2732275,-8.494127,0,0,37.52798,1,1,999,999
417203,29:06.1,IMU,297325189,0,0.004066236,0.003363082,0.003305334,-4.908807,-0.2750387,-8.500387,0,0,37.52898,1,1,999,999
417302,29:06.2,IMU,297365173,0,0.004643605,0.00352426,0.003220022,-4.907823,-0.2740434,-8.494904,0,0,37.52997,1,1,999,999
417357,29:06.2,IMU,297405157,0,0.002129216,0.003666997,0.00319749,-4.908934,-0.2732004,-8.4969,0,0,37.53097,1,1,999,999
417457,29:06.3,IMU,297445141,0,0.002363708,0.003717484,0.003156243,-4.908157,-0.2743562,-8.500566,0,0,37.53196,1,1,999,999
417511,29:06.3,IMU,297485125,0,0.003263374,0.003812995,0.003079082,-4.908341,-0.2740142,-8.495222,0,0,37.53296,1,1,999,999
417565,29:06.3,IMU,297525109,0,0.003690243,0.003843579,0.002854626,-4.908161,-0.2741395,-8.494467,0,0,37.53395,1,1,999,999
417666,29:06.4,IMU,297565093,0,0.004334464,0.003891321,0.00269952,-4.907334,-0.2726789,-8.49382,0,0,37.53495,1,1,999,999
417720,29:06.4,IMU,297605077,0,0.0033384,0.003955162,0.002728614,-4.908648,-0.2739449,-8.499603,0,0,37.53594,1,1,999,999
417818,29:06.5,IMU,297645061,0,0.003068681,0.004027507,0.00289047,-4.910588,-0.273681,-8.499024,0,0,37.53696,1,1,999,999
417869,29:06.5,IMU,297685045,0,0.003276365,0.004054056,0.002976506,-4.908835,-0.2741173,-8.498753,0,0,37.53796,1,1,999,999
417921,29:06.5,IMU,297725029,0,0.003384794,0.004045013,0.003104266,-4.909636,-0.2741916,-8.500598,0,0,37.53896,1,1,999,999
418020,29:06.6,IMU,297765013,0,0.002577914,0.00416751,0.003187375,-4.909895,-0.2745975,-8.49533,0,0,37.53995,1,1,999,999
418074,29:06.6,IMU,297804997,0,0.001316673,0.00408043,0.003085158,-4.909852,-0.2737104,-8.49167,0,0,37.54092,1,1,999,999
418172,29:06.7,IMU,297844981,0,0.001580363,0.004213368,0.002900128,-4.910237,-0.2747808,-8.497644,0,0,37.54191,1,1,999,999
418223,29:06.7,IMU,297884965,0,0.002838213,0.004191923,0.002747804,-4.91107,-0.2742943,-8.495276,0,0,37.54291,1,1,999,999
418275,29:06.7,IMU,297924949,0,0.00247137,0.004175632,0.002866797,-4.911128,-0.2744901,-8.50139,0,0,37.5439,1,1,999,999
418375,29:06.8,IMU,297964933,0,0.002695639,0.004178424,0.003006252,-4.910213,-0.2755114,-8.499376,0,0,37.5449,1,1,999,999
418430,29:06.8,IMU,298004917,0,0.002872044,0.004211918,0.003105714,-4.910894,-0.274767,-8.497424,0,0,37.54589,1,1,999,999
418532,29:06.9,IMU,298044901,0,0.004247256,0.004221877,0.003015235,-4.909812,-0.2756056,-8.494113,0,0,37.54688,1,1,999,999
418583,29:06.9,IMU,298084885,0,0.003709456,0.004410141,0.002891152,-4.91152,-0.2749577,-8.496974,0,0,37.54788,1,1,999,999
418635,29:06.9,IMU,298124869,0,0.00360767,0.004762478,0.002479448,-4.911793,-0.2763636,-8.500911,0,0,37.54887,1,1,1000,1000
418735,29:07.0,IMU,298164853,0,0.003776906,0.004727859,0.001956539,-4.911981,-0.2742242,-8.499611,0,0,37.54987,1,1,1000,1000
418789,29:07.0,IMU,298204837,0,0.003259027,0.004733664,0.001667444,-4.911883,-0.2762037,-8.499655,0,0,37.55086,1,1,1000,1000
418887,29:07.1,IMU,298244821,0,0.004538473,0.005093172,0.001293954,-4.911355,-0.2755663,-8.497061,0,0,37.55185,1,1,1000,1000
418938,29:07.1,IMU,298284805,0,0.004379166,0.005070434,0.001123323,-4.91125,-0.2757053,-8.497694,0,0,37.55285,1,1,1000,1000
418991,29:07.1,IMU,298324789,0,0.003203339,0.005185542,0.001402922,-4.911129,-0.27611,-8.498112,0,0,37.55384,1,1,1000,1000
419090,29:07.2,IMU,298364773,0,0.003296588,0.005072256,0.001613301,-4.912701,-0.2760066,-8.498207,0,0,37.55483,1,1,1000,1000
419144,29:07.2,IMU,298404757,0,0.002527202,0.004957676,0.001928135,-4.911139,-0.2748486,-8.499429,0,0,37.55582,1,1,1000,1000
419244,29:07.3,IMU,298444741,0,0.002771588,0.004867214,0.002070208,-4.912925,-0.2769659,-8.499848,0,0,37.55682,1,1,1000,1000
419298,29:07.3,IMU,298484725,0,0.003535704,0.004813347,0.002255505,-4.9134,-0.2774825,-8.495715,0,0,37.55781,1,1,1000,1000
419351,29:07.3,IMU,298524709,0,0.002975997,0.004702946,0.002097461,-4.912367,-0.2763813,-8.49259,0,0,37.5588,1,1,1000,1000
419453,29:07.4,IMU,298564693,0,0.001627026,0.004726512,0.00204063,-4.911916,-0.277514,-8.49208,0,0,37.55979,1,1,1000,1000
419507,29:07.4,IMU,298604677,0,0.001054503,0.00459672,0.002043662,-4.911961,-0.2768515,-8.494587,0,0,37.56078,1,1,1000,1000
419605,29:07.5,IMU,298644661,0,0.002638809,0.004657811,0.00201148,-4.912486,-0.2770614,-8.494972,0,0,37.56178,1,1,1000,1000
419656,29:07.5,IMU,298684645,0,0.003666165,0.004609575,0.002074084,-4.913489,-0.2767026,-8.497929,0,0,37.56277,1,1,1000,1000
419709,29:07.5,IMU,298724629,0,0.003384801,0.004521751,0.002104223,-4.912123,-0.2771558,-8.492969,0,0,37.56376,1,1,1000,1000
419808,29:07.6,IMU,298764613,0,0.003199629,0.004466241,0.001923226,-4.913116,-0.2770576,-8.491014,0,0,37.56475,1,1,1000,1000
419862,29:07.6,IMU,298804597,0,0.003792075,0.003714487,0.001778417,-4.91326,-0.2777711,-8.495571,0,0,37.56574,1,1,1000,1000
419960,29:07.7,IMU,298844581,0,0.004487186,0.003921943,0.001620556,-4.912163,-0.277489,-8.494101,0,0,37.56673,1,1,1000,1000
420011,29:07.7,IMU,298885398,0,0.004919106,0.003762872,0.001628516,-4.912787,-0.279356,-8.494925,0,0,37.56775,1,1,1000,1000
420063,29:07.7,IMU,298925382,0,0.004015835,0.003876623,0.001658468,-4.912129,-0.277782,-8.492783,0,0,37.56874,1,1,1000,1000
420165,29:07.8,IMU,298965366,0,0.004656837,0.003538381,0.001746499,-4.91414,-0.2778799,-8.49694,0,0,37.56973,1,1,1000,1000
420219,29:07.8,IMU,299005350,0,0.001335385,0.003125884,0.001970004,-4.912756,-0.2790707,-8.498338,0,0,37.57072,1,1,1000,1000
420320,29:07.9,IMU,299045334,0,0.002828625,0.003259439,0.001997868,-4.912905,-0.2784323,-8.492189,0,0,37.57171,1,1,1000,1000
420372,29:07.9,IMU,299085318,0,0.00348393,0.003480704,0.001893026,-4.912456,-0.2791238,-8.490563,0,0,37.5727,1,1,1000,1000
420424,29:07.9,IMU,299125302,0,0.002682327,0.00492737,0.001480254,-4.913214,-0.2793378,-8.50225,0,0,37.57369,1,1,999,999
420524,29:08.0,IMU,299165286,0,0.002125714,0.00442667,0.001169049,-4.912437,-0.2797745,-8.496322,0,0,37.57468,1,1,999,999
420578,29:08.0,IMU,299205270,0,0.001131604,0.003955602,0.000836853,-4.912809,-0.2796218,-8.496636,0,0,37.57567,1,1,999,999
420676,29:08.1,IMU,299245254,0,0.001043786,0.003277724,0.000571494,-4.91185,-0.2791261,-8.495354,0,0,37.57666,1,1,999,999
420727,29:08.1,IMU,299285238,0,0.002411461,0.00287658,0.000342518,-4.912151,-0.2788984,-8.497669,0,0,37.57765,1,1,999,999
420780,29:08.1,IMU,299325222,0,0.004117698,0.002465025,0.000159627,-4.911422,-0.2809396,-8.493414,0,0,37.57862,1,1,999,999
420879,29:08.2,IMU,299365206,0,0.002987566,0.002605181,0.00033138,-4.911829,-0.2803034,-8.497435,0,0,37.57961,1,1,999,999
420934,29:08.2,IMU,299405190,0,0.003259849,0.002469795,0.000575261,-4.913068,-0.2812737,-8.495298,0,0,37.5806,1,1,999,999
421034,29:08.3,IMU,299445174,0,0.003418257,0.002736773,0.000895431,-4.912107,-0.281456,-8.494294,0,0,37.58158,1,1,999,999
421088,29:08.3,IMU,299485158,0,0.00349941,0.002924904,0.001209483,-4.911778,-0.2823061,-8.494477,0,0,37.58257,1,1,999,999
421141,29:08.3,IMU,299525142,0,0.003644021,0.00320885,0.001419137,-4.911629,-0.2816439,-8.494674,0,0,37.58356,1,1,999,999
421242,29:08.4,IMU,299565126,0,0.0036664,0.002590043,0.001414389,-4.91264,-0.2820354,-8.500256,0,0,37.58455,1,1,999,999
421297,29:08.4,IMU,299605110,0,0.00340327,0.003385958,0.001429028,-4.911381,-0.2842056,-8.493767,0,0,37.58554,1,1,999,999
421395,29:08.5,IMU,299645094,0,0.003016431,0.004118591,0.001653548,-4.911416,-0.2813835,-8.49279,0,0,37.58653,1,1,999,999
421446,29:08.5,IMU,299685078,0,0.003163083,0.003189139,0.001702357,-4.91332,-0.2816624,-8.498319,0,0,37.58752,1,1,999,999
421498,29:08.5,IMU,299725062,0,0.003328899,0.002574948,0.001655004,-4.913097,-0.2833121,-8.499713,0,0,37.58853,1,1,999,999
421597,29:08.6,IMU,299765046,0,0.00251333,0.003304459,0.001587277,-4.91278,-0.2823489,-8.493608,0,0,37.58952,1,1,999,999
421651,29:08.6,IMU,299805030,0,0.002552981,0.00423314,0.001373043,-4.913871,-0.2821487,-8.491392,0,0,37.59051,1,1,999,999
421751,29:08.7,IMU,299845014,0,0.003117291,0.003985871,0.000888478,-4.913006,-0.2827647,-8.493571,0,0,37.59149,1,1,999,999
421802,29:08.7,IMU,299884998,0,0.003519132,0.004055178,0.000681579,-4.914338,-0.2837382,-8.496066,0,0,37.59246,1,1,999,999
421854,29:08.7,IMU,299924982,0,0.00398825,0.004695944,0.000451991,-4.913701,-0.2835926,-8.492059,0,0,37.59344,1,1,999,999
421954,29:08.8,IMU,299964966,0,0.004288124,0.004593648,0.00023148,-4.913625,-0.2841996,-8.494896,0,0,37.59443,1,1,999,999
422008,29:08.8,IMU,300004950,0,0.002433124,0.005333739,0.000477362,-4.913857,-0.283637,-8.497189,0,0,37.59542,1,1,999,999
422110,29:08.9,IMU,300044934,0,0.00275594,0.003923644,0.000764466,-4.913902,-0.2840407,-8.492183,0,0,37.59641,1,1,999,999
422162,29:08.9,IMU,300084918,0,0.002954406,0.004028982,0.001037919,-4.914358,-0.2843333,-8.492669,0,0,37.59739,1,1,999,999
422214,29:08.9,IMU,300124902,0,0.005059388,0.004047824,0.001073389,-4.914082,-0.2845077,-8.490345,0,0,37.59838,1,1,1000,1000
422314,29:09.0,IMU,300164886,0,0.002373791,0.004362838,0.001444744,-4.91413,-0.2859451,-8.49335,0,0,37.59937,1,1,1000,1000
422368,29:09.0,IMU,300204870,0,0.004280551,0.004356364,0.001274187,-4.915144,-0.2856039,-8.50043,0,0,37.60035,1,1,1000,1000
422466,29:09.1,IMU,300244854,0,0.004285338,0.00354196,0.001155809,-4.914719,-0.2854108,-8.498577,0,0,37.60134,1,1,1000,1000
422517,29:09.1,IMU,300284838,0,0.006611807,0.003709914,0.001011727,-4.913293,-0.2848611,-8.49109,0,0,37.60233,1,1,1000,1000
422570,29:09.1,IMU,300324822,0,0.006751386,0.00338141,0.000771918,-4.914247,-0.2865736,-8.492556,0,0,37.60331,1,1,1000,1000
422669,29:09.2,IMU,300364806,0,0.005646959,0.003383453,0.0006082,-4.913629,-0.2861202,-8.493624,0,0,37.6043,1,1,1000,1000
422723,29:09.2,IMU,300404790,0,0.004793204,0.003918105,0.000480523,-4.914621,-0.2853184,-8.494114,0,0,37.60529,1,1,1000,1000
422823,29:09.3,IMU,300444774,0,0.002976189,0.003248775,0.000437462,-4.914553,-0.286734,-8.494254,0,0,37.60627,1,1,1000,1000
422877,29:09.3,IMU,300484758,0,0.004976163,0.003992929,0.000434301,-4.914428,-0.2869781,-8.494001,0,0,37.60725,1,1,1000,1000
422929,29:09.3,IMU,300524742,0,0.004811537,0.003891635,0.000858172,-4.915,-0.2865109,-8.492856,0,0,37.60824,1,1,1000,1000
423031,29:09.4,IMU,300564726,0,0.004813854,0.004010764,0.001060731,-4.914798,-0.287594,-8.491877,0,0,37.60923,1,1,1000,1000
423089,29:09.4,IMU,300604710,0,0.004693775,0.004018197,0.001312136,-4.913809,-0.2875492,-8.492046,0,0,37.61021,1,1,1000,1000
423187,29:09.5,IMU,300644694,0,0.004664584,0.00457169,0.001571957,-4.914397,-0.2876613,-8.492435,0,0,37.6112,1,1,1000,1000
423238,29:09.5,IMU,300684678,0,0.004615807,0.006348042,0.001583928,-4.916207,-0.2874434,-8.499388,0,0,37.61218,1,1,1000,1000
423291,29:09.5,IMU,300724662,0,0.004597046,0.00492543,0.001420936,-4.915532,-0.2873124,-8.498746,0,0,37.61317,1,1,1000,1000
423390,29:09.6,IMU,300764646,0,0.00441772,0.0034836,0.001374544,-4.915318,-0.2885374,-8.498061,0,0,37.61415,1,1,1000,1000
423444,29:09.6,IMU,300804630,0,0.0046077,0.002871459,0.001112031,-4.915161,-0.2878569,-8.488096,0,0,37.61514,1,1,1000,1000
423542,29:09.7,IMU,300844614,0,0.003698179,0.002998288,0.001100915,-4.916711,-0.2888842,-8.49564,0,0,37.61612,1,1,1000,1000
423593,29:09.7,IMU,300884598,0,0.003993591,0.003057637,0.001090445,-4.915654,-0.289417,-8.49711,0,0,37.61711,1,1,1000,1000
423645,29:09.7,IMU,300924582,0,0.002272327,0.005930481,0.001187495,-4.915136,-0.2888283,-8.487122,0,0,37.61809,1,1,1000,1000
423745,29:09.8,IMU,300965399,0,0.003340779,0.005570529,0.00135312,-4.914838,-0.2906902,-8.493694,0,0,37.6191,1,1,1000,1000
423799,29:09.8,IMU,301005383,0,0.003393099,0.005456387,0.001559007,-4.915968,-0.2886516,-8.491452,0,0,37.62008,1,1,1000,1000
423900,29:09.9,IMU,301045367,0,0.00350294,0.005278122,0.001803158,-4.916465,-0.289858,-8.493881,0,0,37.62107,1,1,1000,1000
423951,29:09.9,IMU,301085351,0,0.002724574,0.005175423,0.002082206,-4.916768,-0.2906966,-8.492706,0,0,37.62205,1,1,1000,1000
424004,29:09.9,IMU,301125335,0,0.001494684,0.005001329,0.002269762,-4.914696,-0.2903274,-8.49043,0,0,37.62304,1,1,999,999
424104,29:10.0,IMU,301165319,0,0.001650277,0.005303586,0.002068942,-4.91711,-0.2914569,-8.494643,0,0,37.62402,1,1,999,999
424158,29:10.0,IMU,301205303,0,0.001133476,0.005363829,0.001690985,-4.914789,-0.2915713,-8.495318,0,0,37.625,1,1,999,999
424256,29:10.1,IMU,301245287,0,0.001734834,0.005107515,0.001436164,-4.915397,-0.2913107,-8.492548,0,0,37.62598,1,1,999,999
424307,29:10.1,IMU,301285271,0,0.002629558,0.005220259,0.001147763,-4.915611,-0.2915842,-8.495626,0,0,37.62697,1,1,999,999
424360,29:10.1,IMU,301325255,0,0.002357932,0.004416261,0.001199365,-4.91564,-0.2920052,-8.493291,0,0,37.62795,1,1,999,999
424460,29:10.2,IMU,301365239,0,0.001534946,0.003370664,0.001287909,-4.915836,-0.2930159,-8.489635,0,0,37.62894,1,1,999,999
424514,29:10.2,IMU,301405223,0,-0.001013397,0.003612424,0.001567529,-4.914564,-0.294192,-8.491222,0,0,37.62989,1,1,999,999
424614,29:10.3,IMU,301445207,0,0.001601854,0.003705688,0.001542883,-4.914831,-0.2953982,-8.491108,0,0,37.63087,1,1,999,999
424668,29:10.3,IMU,301485191,0,0.002658486,0.004501775,0.001736376,-4.914458,-0.2936263,-8.494895,0,0,37.63186,1,1,999,999
424720,29:10.3,IMU,301525175,0,0.002811163,0.005225949,0.001764843,-4.915525,-0.2933182,-8.498001,0,0,37.63284,1,1,999,999
424822,29:10.4,IMU,301565159,0,0.00305404,0.0061586,0.001674868,-4.916901,-0.294163,-8.498318,0,0,37.63382,1,1,999,999
424876,29:10.4,IMU,301605143,0,0.003785796,0.006537337,0.001521208,-4.915749,-0.2947409,-8.49529,0,0,37.6348,1,1,999,999
424975,29:10.5,IMU,301645127,0,0.004364771,0.005335203,0.001344586,-4.914911,-0.2942746,-8.491535,0,0,37.63579,1,1,999,999
425026,29:10.5,IMU,301685111,0,0.005890777,0.003552353,0.001146088,-4.914119,-0.2944063,-8.488197,0,0,37.63677,1,1,999,999
425078,29:10.5,IMU,301725095,0,0.004673102,0.004254046,0.001279134,-4.914373,-0.2958525,-8.492132,0,0,37.63775,1,1,999,999
425177,29:10.6,IMU,301765079,0,0.004949782,0.003936206,0.001142608,-4.916346,-0.294521,-8.4998,0,0,37.63873,1,1,999,999
425231,29:10.6,IMU,301805063,0,0.004923763,0.003964786,0.001073178,-4.915329,-0.2941905,-8.498352,0,0,37.63974,1,1,999,999
425329,29:10.7,IMU,301845047,0,0.003996429,0.005606848,0.0012654,-4.914922,-0.2958372,-8.493173,0,0,37.64072,1,1,999,999
425380,29:10.7,IMU,301885031,0,0.003933707,0.005369218,0.001445843,-4.91483,-0.2954668,-8.493566,0,0,37.6417,1,1,999,999
425432,29:10.7,IMU,301925015,0,0.003940937,0.00527355,0.00174143,-4.916068,-0.2952089,-8.492701,0,0,37.64268,1,1,999,999
425532,29:10.8,IMU,301964999,0,0.004014623,0.005146172,0.001868053,-4.914777,-0.2959695,-8.493528,0,0,37.64364,1,1,999,999
425586,29:10.8,IMU,302004983,0,0.004066582,0.004592822,0.002094702,-4.914505,-0.2966169,-8.494961,0,0,37.64462,1,1,999,999
425687,29:10.9,IMU,302044967,0,0.004088355,0.002846603,0.002239166,-4.917163,-0.2950935,-8.498693,0,0,37.6456,1,1,999,999
425739,29:10.9,IMU,302084951,0,0.004128684,0.002655126,0.002019469,-4.915817,-0.2974608,-8.49931,0,0,37.64658,1,1,999,999
425791,29:10.9,IMU,302124935,0,0.004096757,0.002452723,0.001851771,-4.915986,-0.2962478,-8.494644,0,0,37.64756,1,1,999,999
425892,29:11.0,IMU,302164919,0,0.00472873,0.002899929,0.001505391,-4.915194,-0.2964209,-8.489512,0,0,37.64854,1,1,999,999
425946,29:11.0,IMU,302204903,0,0.004386033,0.003542814,0.001223642,-4.915378,-0.2956506,-8.496073,0,0,37.64952,1,1,999,999
426044,29:11.1,IMU,302244887,0,0.003527254,0.003543912,0.001164512,-4.914257,-0.2959101,-8.498465,0,0,37.6505,1,1,999,999
426095,29:11.1,IMU,302284871,0,0.003634034,0.00528699,0.001185185,-4.915461,-0.2975267,-8.494891,0,0,37.65148,1,1,999,999
426148,29:11.1,IMU,302324855,0,0.003655784,0.003329407,0.001436962,-4.914087,-0.2971743,-8.491839,0,0,37.65246,1,1,999,999
426247,29:11.2,IMU,302364839,0,0.00372785,0.003457523,0.001642289,-4.914167,-0.2976887,-8.492181,0,0,37.65344,1,1,999,999
426301,29:11.2,IMU,302404823,0,0.003833873,0.003611111,0.00191368,-4.914502,-0.2984177,-8.490968,0,0,37.65442,1,1,999,999
426401,29:11.3,IMU,302444807,0,0.003874646,0.004062494,0.002035375,-4.914268,-0.2977678,-8.494206,0,0,37.6554,1,1,999,999
426456,29:11.3,IMU,302484791,0,0.003942836,0.0032335,0.001980946,-4.915616,-0.2983116,-8.496951,0,0,37.65638,1,1,999,999
426508,29:11.3,IMU,302524775,0,0.003963677,0.002888409,0.001898668,-4.915544,-0.2989154,-8.497066,0,0,37.65736,1,1,999,999
426610,29:11.4,IMU,302564759,0,0.004055696,0.003326826,0.001844476,-4.915552,-0.2992131,-8.497035,0,0,37.65834,1,1,999,999
426664,29:11.4,IMU,302604743,0,0.004032584,0.004799734,0.00181466,-4.91471,-0.2990734,-8.494236,0,0,37.65931,1,1,999,999
426763,29:11.5,IMU,302644727,0,0.004101616,0.003580997,0.001974882,-4.9147,-0.2992271,-8.491831,0,0,37.66029,1,1,999,999
426814,29:11.5,IMU,302684711,0,0.004102607,0.0045682,0.002076564,-4.915076,-0.2991185,-8.490407,0,0,37.66127,1,1,999,999
426867,29:11.5,IMU,302724695,0,0.004106366,0.003860199,0.002226357,-4.915045,-0.2997132,-8.495799,0,0,37.66225,1,1,999,999
426966,29:11.6,IMU,302764679,0,0.004067356,0.003270665,0.002022772,-4.915787,-0.2995877,-8.498507,0,0,37.66323,1,1,999,999
427020,29:11.6,IMU,302804663,0,0.004155504,0.003570738,0.001982289,-4.914328,-0.2981085,-8.496466,0,0,37.66421,1,1,999,999
427118,29:11.7,IMU,302844647,0,0.004189618,0.003841579,0.00193204,-4.914969,-0.2988743,-8.495557,0,0,37.66518,1,1,999,999
427169,29:11.7,IMU,302884631,0,0.004222213,0.005530586,0.001967065,-4.915632,-0.3006133,-8.494926,0,0,37.66616,1,1,999,999
427221,29:11.7,IMU,302924615,0,0.004202934,0.004143544,0.002151529,-4.914319,-0.2994585,-8.490862,0,0,37.66714,1,1,999,999
427321,29:11.8,IMU,302964599,0,0.004240569,0.004175307,0.002306662,-4.914734,-0.300028,-8.491522,0,0,37.66812,1,1,999,999
427375,29:11.8,IMU,303004583,0,0.004188681,0.00424273,0.002483131,-4.914956,-0.2998424,-8.492785,0,0,37.66909,1,1,999,999
427475,29:11.9,IMU,303045400,0,0.004224697,0.004185322,0.002619388,-4.914598,-0.3004739,-8.493002,0,0,37.6701,1,1,999,999
427527,29:11.9,IMU,303085384,0,0.003292179,0.004904279,0.00265711,-4.916502,-0.3001185,-8.499673,0,0,37.67107,1,1,999,999
427579,29:11.9,IMU,303125368,0,0.003432374,0.004502976,0.002430744,-4.915534,-0.2993383,-8.497967,0,0,37.67205,1,1,1000,1000
427679,29:12.0,IMU,303165352,0,0.003585809,0.003924069,0.00229971,-4.914523,-0.3012457,-8.497641,0,0,37.67303,1,1,1000,1000
427734,29:12.0,IMU,303205336,0,0.003692941,0.003326254,0.002286084,-4.915383,-0.301411,-8.493595,0,0,37.674,1,1,1000,1000
427832,29:12.1,IMU,303245320,0,0.003770171,0.004931446,0.002435359,-4.914194,-0.2998965,-8.491646,0,0,37.67498,1,1,1000,1000
427883,29:12.1,IMU,303285304,0,0.003768299,0.004796355,0.002540099,-4.915634,-0.3004718,-8.493059,0,0,37.67596,1,1,1000,1000
427936,29:12.1,IMU,303325288,0,0.001997996,0.004813368,0.002818926,-4.915727,-0.3024201,-8.492668,0,0,37.67694,1,1,1000,1000
428036,29:12.2,IMU,303365272,0,0.002362133,0.004634852,0.003007613,-4.915948,-0.3017254,-8.493309,0,0,37.67791,1,1,1000,1000
428090,29:12.2,IMU,303405256,0,0.002048193,0.004659426,0.003121141,-4.915779,-0.3008878,-8.495369,0,0,37.67889,1,1,1000,1000
428190,29:12.3,IMU,303445240,0,0.001092663,0.004556236,0.003257133,-4.916057,-0.3033814,-8.493305,0,0,37.67986,1,1,1000,1000
428244,29:12.3,IMU,303485224,0,0.001515919,0.004557877,0.003354129,-4.914836,-0.3026129,-8.493137,0,0,37.68082,1,1,1000,1000
428296,29:12.3,IMU,303525208,0,0.001870081,0.004660413,0.003079344,-4.915637,-0.302013,-8.501651,0,0,37.68179,1,1,1000,1000
428397,29:12.4,IMU,303565192,0,0.002166109,0.003879076,0.00289883,-4.914855,-0.3028902,-8.500093,0,0,37.68277,1,1,1000,1000
428452,29:12.4,IMU,303605176,0,0.002420692,0.002818208,0.002754807,-4.91502,-0.3018793,-8.497235,0,0,37.68374,1,1,1000,1000
428550,29:12.5,IMU,303645160,0,0.00266665,0.005387504,0.00285035,-4.914754,-0.3023928,-8.493075,0,0,37.68472,1,1,1000,1000
428602,29:12.5,IMU,303685144,0,0.002913378,0.005238051,0.003024968,-4.914591,-0.3025718,-8.493917,0,0,37.68569,1,1,1000,1000
428654,29:12.5,IMU,303725128,0,0.003035122,0.005090855,0.00301091,-4.914759,-0.3029052,-8.493866,0,0,37.68667,1,1,1000,1000
428753,29:12.6,IMU,303765112,0,0.003192212,0.005004387,0.003140108,-4.915215,-0.3025213,-8.494659,0,0,37.68764,1,1,1000,1000
428807,29:12.6,IMU,303805096,0,0.003256738,0.004885546,0.003227924,-4.915907,-0.303721,-8.49466,0,0,37.68862,1,1,1000,1000
428907,29:12.7,IMU,303845080,0,0.003428576,0.004861541,0.0033522,-4.916536,-0.3038796,-8.494018,0,0,37.68959,1,1,1000,1000
428958,29:12.7,IMU,303885064,0,0.003576069,0.004746681,0.003319463,-4.915193,-0.3029133,-8.494761,0,0,37.69059,1,1,1000,1000
429010,29:12.7,IMU,303925048,0,0.004082482,0.00473186,0.003406015,-4.915575,-0.3021699,-8.492433,0,0,37.69157,1,1,1000,1000
429110,29:12.8,IMU,303965032,0,0.004475343,0.004638794,0.00333688,-4.914845,-0.3021935,-8.490914,0,0,37.69254,1,1,1000,1000
429164,29:12.8,IMU,304005016,0,0.004669494,0.004024783,0.003053378,-4.916088,-0.3027817,-8.495253,0,0,37.69352,1,1,1000,1000
429267,29:12.9,IMU,304045000,0,0.00407908,0.00293165,0.002835817,-4.916253,-0.3037649,-8.498302,0,0,37.69449,1,1,1000,1000
429319,29:12.9,IMU,304084984,0,0.003439094,0.003866891,0.002452309,-4.915019,-0.3030443,-8.495588,0,0,37.69544,1,1,1000,1000
429371,29:12.9,IMU,304124968,0,0.004681092,0.004809376,0.002061666,-4.913835,-0.30273,-8.488333,0,0,37.69641,1,1,999,999
429470,29:13.0,IMU,304164952,0,0.005159991,0.004679395,0.001959446,-4.914881,-0.3020976,-8.489989,0,0,37.69739,1,1,999,999
429526,29:13.0,IMU,304204936,0,0.005837078,0.004591172,0.001966791,-4.914684,-0.302423,-8.493567,0,0,37.69836,1,1,999,999
429624,29:13.1,IMU,304244920,0,0.005615665,0.004594846,0.001967574,-4.913892,-0.3030986,-8.493622,0,0,37.69933,1,1,999,999
429675,29:13.1,IMU,304284904,0,0.006125797,0.004519335,0.0021289,-4.914018,-0.3031287,-8.494795,0,0,37.70031,1,1,999,999
429728,29:13.1,IMU,304324888,0,0.005909573,0.004483406,0.00228751,-4.914203,-0.3029804,-8.496475,0,0,37.70128,1,1,999,999
429827,29:13.2,IMU,304364872,0,0.005330276,0.004451406,0.002444787,-4.914451,-0.303399,-8.494304,0,0,37.70226,1,1,999,999
429881,29:13.2,IMU,304404856,0,0.005428474,0.004473045,0.002500039,-4.914077,-0.3032733,-8.495491,0,0,37.70323,1,1,999,999
429981,29:13.3,IMU,304444840,0,0.006574673,0.00440831,0.002464973,-4.912457,-0.3026696,-8.490944,0,0,37.7042,1,1,999,999
430035,29:13.3,IMU,304484824,0,0.004427169,0.004427591,0.002683031,-4.913675,-0.3038712,-8.495672,0,0,37.70517,1,1,999,999
430087,29:13.3,IMU,304524808,0,0.003514752,0.004430474,0.002666978,-4.914244,-0.3025284,-8.487726,0,0,37.70615,1,1,999,999
430188,29:13.4,IMU,304564792,0,0.003879044,0.004399746,0.002457653,-4.912353,-0.303655,-8.489931,0,0,37.70712,1,1,999,999
430243,29:13.4,IMU,304604776,0,0.003978648,0.004345038,0.002368078,-4.913129,-0.3023375,-8.489824,0,0,37.70809,1,1,999,999
430341,29:13.5,IMU,304644760,0,0.003311714,0.004338781,0.002343117,-4.913136,-0.3030788,-8.49683,0,0,37.70906,1,1,999,999
430392,29:13.5,IMU,304684744,0,0.005884208,0.00437611,0.00232133,-4.912889,-0.3036481,-8.489428,0,0,37.71003,1,1,999,999
430446,29:13.5,IMU,304724728,0,0.005902175,0.004297664,0.002241982,-4.913702,-0.3046379,-8.496908,0,0,37.71101,1,1,999,999
430545,29:13.6,IMU,304764712,0,0.00583516,0.004322187,0.002356992,-4.912901,-0.3039863,-8.491941,0,0,37.71198,1,1,999,999
430599,29:13.6,IMU,304804696,0,0.005691536,0.004369404,0.002234012,-4.912152,-0.304445,-8.489622,0,0,37.71295,1,1,999,999
430697,29:13.7,IMU,304844680,0,0.00737283,0.004322141,0.001965591,-4.91238,-0.3043429,-8.490998,0,0,37.71392,1,1,999,999
430748,29:13.7,IMU,304884664,0,0.006013019,0.004357129,0.001953545,-4.913436,-0.303207,-8.493161,0,0,37.71489,1,1,999,999
430800,29:13.7,IMU,304924648,0,0.003384097,0.003716643,0.002092049,-4.912036,-0.3055848,-8.490313,0,0,37.71586,1,1,999,999
430900,29:13.8,IMU,304964632,0,0.002504547,0.001887112,0.002393917,-4.910914,-0.3046979,-8.485048,0,0,37.71684,1,1,999,999
430954,29:13.8,IMU,305004616,0,0.005930275,0.00196362,0.002619811,-4.912698,-0.3048397,-8.489452,0,0,37.7178,1,1,999,999
431054,29:13.9,IMU,305044600,0,0.005228356,0.001868606,0.002990141,-4.911561,-0.305582,-8.492608,0,0,37.71878,1,1,999,999
431105,29:13.9,IMU,305084584,0,0.005120738,0.003187677,0.00332607,-4.911565,-0.3052306,-8.492502,0,0,37.71975,1,1,999,999
431158,29:13.9,IMU,305125401,0,0.004994601,0.003619026,0.003581085,-4.911534,-0.3046988,-8.494429,0,0,37.72074,1,1,1000,1000
431257,29:14.0,IMU,305165385,0,0.004899069,0.003224111,0.003703441,-4.911632,-0.3038858,-8.495174,0,0,37.72171,1,1,1000,1000
431313,29:14.0,IMU,305205369,0,0.004836418,0.003725523,0.003933819,-4.91078,-0.3054682,-8.492151,0,0,37.72268,1,1,1000,1000
431411,29:14.1,IMU,305245353,0,0.004766406,0.003930896,0.004141884,-4.910687,-0.3055049,-8.490032,0,0,37.72365,1,1,1000,1000
431462,29:14.1,IMU,305285337,0,0.004707533,0.002969604,0.004310883,-4.912211,-0.3048108,-8.495901,0,0,37.72462,1,1,1000,1000
431515,29:14.1,IMU,305325321,0,0.004274445,0.00527667,0.004418751,-4.910882,-0.3056627,-8.494392,0,0,37.72559,1,1,1000,1000
431615,29:14.2,IMU,305365305,0,0.004894172,0.004654615,0.004132821,-4.912149,-0.3049098,-8.487551,0,0,37.72656,1,1,1000,1000
431669,29:14.2,IMU,305405289,0,0.005323295,0.004594764,0.003762633,-4.911716,-0.3067598,-8.492428,0,0,37.72753,1,1,1000,1000
431769,29:14.3,IMU,305445273,0,0.004586483,0.004601776,0.003696371,-4.912827,-0.3052941,-8.49696,0,0,37.7285,1,1,1000,1000
431823,29:14.3,IMU,305485257,0,0.003462449,0.004545071,0.003760675,-4.91225,-0.3056141,-8.495641,0,0,37.72947,1,1,1000,1000
431875,29:14.3,IMU,305525241,0,0.003683205,0.004481018,0.003755418,-4.911918,-0.3060158,-8.49575,0,0,37.73044,1,1,1000,1000
431976,29:14.4,IMU,305565225,0,0.002212737,0.004480367,0.003565559,-4.91209,-0.3054804,-8.491173,0,0,37.73138,1,1,1000,1000
432031,29:14.4,IMU,305605209,0,0.001530825,0.004484869,0.003382377,-4.912067,-0.3062585,-8.491171,0,0,37.73236,1,1,1000,1000
432129,29:14.5,IMU,305645193,0,0.002560047,0.004423594,0.003157217,-4.912048,-0.3046672,-8.494793,0,0,37.73333,1,1,1000,1000
432180,29:14.5,IMU,305685177,0,0.005200204,0.003639436,0.002981827,-4.911954,-0.3058392,-8.493016,0,0,37.73429,1,1,1000,1000
432233,29:14.5,IMU,305725161,0,0.004958713,0.004348964,0.003496368,-4.912038,-0.3051557,-8.490713,0,0,37.73526,1,1,1000,1000
432332,29:14.6,IMU,305765145,0,0.00488256,0.005121127,0.003859364,-4.912165,-0.3055359,-8.491656,0,0,37.73623,1,1,1000,1000
432386,29:14.6,IMU,305805129,0,0.004845978,0.006248449,0.004272287,-4.911712,-0.30643,-8.490396,0,0,37.7372,1,1,1000,1000
432484,29:14.7,IMU,305845113,0,0.004767561,0.006187589,0.004578552,-4.91092,-0.3062222,-8.494595,0,0,37.73817,1,1,1000,1000
432535,29:14.7,IMU,305885097,0,0.004652204,0.004674904,0.004819097,-4.911698,-0.3053634,-8.495967,0,0,37.73914,1,1,1000,1000
432587,29:14.7,IMU,305925081,0,0.004228653,0.003058563,0.004996289,-4.911354,-0.3060703,-8.492875,0,0,37.7401,1,1,1000,1000
432687,29:14.8,IMU,305965065,0,0.00374093,0.002797956,0.005103475,-4.910613,-0.3057861,-8.496196,0,0,37.7411,1,1,1000,1000
432741,29:14.8,IMU,306005049,0,0.00377875,0.005442669,0.005054808,-4.911566,-0.3067169,-8.499559,0,0,37.74207,1,1,1000,1000
432842,29:14.9,IMU,306045033,0,0.004670068,0.005153763,0.004748125,-4.911968,-0.3054801,-8.492429,0,0,37.74303,1,1,1000,1000
432893,29:14.9,IMU,306085017,0,0.006111283,0.00508653,0.004313848,-4.911957,-0.3061586,-8.493204,0,0,37.744,1,1,1000,1000
432946,29:14.9,IMU,306125001,0,0.005428997,0.004941008,0.00402686,-4.912838,-0.3056269,-8.492456,0,0,37.74496,1,1,999,999
433045,29:15.0,IMU,306164985,0,0.003851015,0.004813749,0.003842532,-4.911335,-0.3065651,-8.495862,0,0,37.74591,1,1,999,999
433100,29:15.0,IMU,306204969,0,0.00320919,0.004786695,0.003679838,-4.912407,-0.3055731,-8.495876,0,0,37.74688,1,1,999,999
433199,29:15.1,IMU,306244953,0,0.004169264,0.004689275,0.003586769,-4.911772,-0.3071693,-8.500319,0,0,37.74784,1,1,999,999
433250,29:15.1,IMU,306284937,0,0.00410027,0.003644097,0.003688809,-4.912621,-0.305521,-8.497742,0,0,37.74881,1,1,999,999
433303,29:15.1,IMU,306324921,0,0.004235415,0.002087459,0.004052085,-4.912395,-0.3071544,-8.492709,0,0,37.74978,1,1,999,999
433402,29:15.2,IMU,306364905,0,0.004200626,0.002390314,0.004394472,-4.912534,-0.3055157,-8.494953,0,0,37.75074,1,1,999,999
433456,29:15.2,IMU,306404889,0,0.004098378,0.002135003,0.00469711,-4.91143,-0.3060516,-8.495145,0,0,37.75171,1,1,999,999
433556,29:15.3,IMU,306444873,0,0.003319349,0.004230462,0.004857749,-4.910788,-0.3066975,-8.498121,0,0,37.75268,1,1,999,999
433610,29:15.3,IMU,306484857,0,0.00346515,0.003077593,0.004791221,-4.910559,-0.3065607,-8.500021,0,0,37.75364,1,1,999,999
433662,29:15.3,IMU,306524841,0,0.003564436,0.003243773,0.004744275,-4.91273,-0.3067645,-8.498823,0,0,37.75461,1,1,999,999
433763,29:15.4,IMU,306564825,0,0.00334472,0.003375619,0.004676218,-4.910718,-0.3064432,-8.497571,0,0,37.75558,1,1,999,999
433818,29:15.4,IMU,306604809,0,0.002717483,0.003476451,0.004530337,-4.910557,-0.3065357,-8.494657,0,0,37.75654,1,1,999,999
433916,29:15.5,IMU,306644793,0,0.002246306,0.00352978,0.004432627,-4.911722,-0.3072239,-8.499194,0,0,37.75751,1,1,999,999
433968,29:15.5,IMU,306684777,0,0.002514303,0.003661239,0.004413531,-4.910864,-0.3078496,-8.498825,0,0,37.75847,1,1,999,999
434020,29:15.5,IMU,306724761,0,0.00275449,0.003679181,0.004409825,-4.911193,-0.3067418,-8.497608,0,0,37.75944,1,1,999,999
434120,29:15.6,IMU,306764745,0,0.003011147,0.003790165,0.004390909,-4.912232,-0.3057702,-8.497754,0,0,37.7604,1,1,999,999
434174,29:15.6,IMU,306804729,0,0.003090364,0.00381749,0.004396305,-4.911853,-0.3074167,-8.498302,0,0,37.76137,1,1,999,999
434272,29:15.7,IMU,306844713,0,0.003223367,0.003914634,0.004337315,-4.911372,-0.3060142,-8.497286,0,0,37.76233,1,1,999,999
434323,29:15.7,IMU,306884697,0,0.003345933,0.003911923,0.004310334,-4.911048,-0.3058547,-8.497555,0,0,37.7633,1,1,999,999
434375,29:15.7,IMU,306924681,0,0.003503884,0.004030111,0.004310744,-4.911201,-0.3067383,-8.497129,0,0,37.76426,1,1,999,999
434474,29:15.8,IMU,306964665,0,0.003587601,0.00405576,0.004283479,-4.91167,-0.3062612,-8.49846,0,0,37.76523,1,1,999,999
434529,29:15.8,IMU,307004649,0,0.003636153,0.004039846,0.004317371,-4.910174,-0.3052511,-8.498023,0,0,37.76619,1,1,999,999
434629,29:15.9,IMU,307044633,0,0.003789821,0.004077423,0.004260166,-4.910807,-0.306194,-8.498016,0,0,37.76716,1,1,999,999
434680,29:15.9,IMU,307084617,0,0.003767759,0.004041922,0.004274103,-4.910865,-0.3064522,-8.495867,0,0,37.76812,1,1,999,999
434733,29:15.9,IMU,307124601,0,0.003879261,0.004085244,0.004243251,-4.911298,-0.3056593,-8.49687,0,0,37.76908,1,1,999,999
434832,29:16.0,IMU,307164585,0,0.003839562,0.004093682,0.004255045,-4.911374,-0.3069402,-8.497363,0,0,37.77005,1,1,999,999
434887,29:16.0,IMU,307205402,0,0.00392775,0.004097768,0.004287558,-4.910747,-0.3066162,-8.497052,0,0,37.77104,1,1,999,999
434986,29:16.1,IMU,307245386,0,0.003964016,0.00416025,0.004306104,-4.911824,-0.306603,-8.497162,0,0,37.772,1,1,999,999
435037,29:16.1,IMU,307285370,0,0.006319131,0.004107227,0.004045893,-4.91081,-0.3049621,-8.494547,0,0,37.77296,1,1,999,999
435090,29:16.1,IMU,307325354,0,0.006422578,0.004136045,0.00404674,-4.911621,-0.3055785,-8.497183,0,0,37.77393,1,1,999,999
435190,29:16.2,IMU,307365338,0,0.006130431,0.00414582,0.004047357,-4.911542,-0.3045586,-8.495759,0,0,37.77489,1,1,999,999
435244,29:16.2,IMU,307405322,0,0.005905572,0.004235711,0.004085179,-4.910903,-0.3051365,-8.495766,0,0,37.77586,1,1,999,999
435344,29:16.3,IMU,307445306,0,0.005731289,0.004149355,0.004093334,-4.911283,-0.3039331,-8.496085,0,0,37.77682,1,1,999,999
435401,29:16.3,IMU,307485290,0,0.005502633,0.004207445,0.00412317,-4.911391,-0.3054031,-8.496327,0,0,37.77778,1,1,999,999
435453,29:16.3,IMU,307525274,0,0.00531128,0.004158888,0.004077899,-4.91152,-0.3044094,-8.495865,0,0,37.77874,1,1,999,999
435554,29:16.4,IMU,307565258,0,0.005173042,0.004236859,0.004091745,-4.910892,-0.3049215,-8.496235,0,0,37.77971,1,1,999,999
435608,29:16.4,IMU,307605242,0,0.005047233,0.005250316,0.004112348,-4.912042,-0.3044204,-8.49345,0,0,37.78067,1,1,999,999
435707,29:16.5,IMU,307645226,0,0.004944307,0.005927397,0.004172694,-4.911472,-0.3046022,-8.496481,0,0,37.78161,1,1,999,999
435758,29:16.5,IMU,307685210,0,0.004825946,0.005609362,0.004199088,-4.912708,-0.3046961,-8.496813,0,0,37.78257,1,1,999,999
435810,29:16.5,IMU,307725194,0,0.004771451,0.005460232,0.004220195,-4.913855,-0.304036,-8.496681,0,0,37.78353,1,1,999,999
435910,29:16.6,IMU,307765178,0,0.006968202,0.00576241,0.003966996,-4.912739,-0.3049462,-8.492807,0,0,37.7845,1,1,999,999
435964,29:16.6,IMU,307805162,0,0.007040523,0.006908426,0.004052887,-4.91416,-0.3051516,-8.497499,0,0,37.78546,1,1,999,999
436062,29:16.7,IMU,307845146,0,0.006715863,0.007285471,0.004087041,-4.913196,-0.3035469,-8.494576,0,0,37.78642,1,1,999,999
436115,29:16.7,IMU,307885130,0,0.006414139,0.007904193,0.004450877,-4.913413,-0.3043816,-8.490286,0,0,37.78738,1,1,999,999
436167,29:16.7,IMU,307925114,0,0.006145435,0.007476169,0.004789804,-4.913968,-0.3034157,-8.493099,0,0,37.78834,1,1,999,999
436266,29:16.8,IMU,307965098,0,0.005837291,0.006863851,0.005032313,-4.913369,-0.3035612,-8.493892,0,0,37.7893,1,1,999,999
436321,29:16.8,IMU,308005082,0,0.005650862,0.00625337,0.005234901,-4.913999,-0.3036023,-8.494041,0,0,37.79026,1,1,999,999
436422,29:16.9,IMU,308045066,0,0.005457221,0.005423619,0.005501097,-4.913463,-0.3036974,-8.494331,0,0,37.79125,1,1,999,999
436473,29:16.9,IMU,308085050,0,0.006074991,0.004735232,0.005563801,-4.914059,-0.3040283,-8.492946,0,0,37.79221,1,1,999,999
436525,29:16.9,IMU,308125034,0,0.007014675,0.004681333,0.005538826,-4.912912,-0.3024929,-8.487614,0,0,37.79317,1,1,1000,1000
436625,29:17.0,IMU,308165018,0,0.005086718,0.003421422,0.005454624,-4.913681,-0.3017945,-8.4932,0,0,37.79413,1,1,1000,1000
436680,29:17.0,IMU,308205002,0,0.005072123,0.005078387,0.005084676,-4.912903,-0.3032819,-8.495605,0,0,37.79509,1,1,1000,1000
436778,29:17.1,IMU,308244986,0,0.005253713,0.004894917,0.004867628,-4.913573,-0.3026667,-8.499399,0,0,37.79603,1,1,1000,1000
436830,29:17.1,IMU,308284970,0,0.006474503,0.005365829,0.004769064,-4.912529,-0.3032358,-8.493768,0,0,37.79699,1,1,1000,1000
436883,29:17.1,IMU,308324954,0,0.0069972,0.004813279,0.004758858,-4.912035,-0.3026434,-8.488604,0,0,37.79795,1,1,1000,1000
436982,29:17.2,IMU,308364938,0,0.003545188,0.003270102,0.005187078,-4.913488,-0.3013438,-8.495071,0,0,37.79891,1,1,1000,1000
437036,29:17.2,IMU,308404922,0,0.003777659,0.003141138,0.005399649,-4.9133,-0.3028914,-8.497585,0,0,37.79987,1,1,1000,1000
437136,29:17.3,IMU,308444906,0,0.004734125,0.003125328,0.005460496,-4.912356,-0.302828,-8.496676,0,0,37.80083,1,1,1000,1000
437190,29:17.3,IMU,308484890,0,0.004757155,0.003016851,0.00575217,-4.912417,-0.3032997,-8.495548,0,0,37.80179,1,1,1000,1000
437242,29:17.3,IMU,308524874,0,0.003506973,0.002413906,0.005840546,-4.912644,-0.3027367,-8.490293,0,0,37.80275,1,1,1000,1000
437343,29:17.4,IMU,308564858,0,0.005414807,0.002708457,0.005599161,-4.913029,-0.3018452,-8.492872,0,0,37.80371,1,1,1000,1000
437397,29:17.4,IMU,308604842,0,0.006004605,0.003587637,0.00548631,-4.91179,-0.3029177,-8.493435,0,0,37.80467,1,1,1000,1000
437496,29:17.5,IMU,308644826,0,0.005408437,0.00503032,0.005555652,-4.910696,-0.3013264,-8.492818,0,0,37.80563,1,1,1000,1000
437548,29:17.5,IMU,308684810,0,0.005801642,0.004665763,0.005510439,-4.911881,-0.3025383,-8.49822,0,0,37.80659,1,1,1000,1000
437600,29:17.5,IMU,308724794,0,0.005326996,0.004857399,0.005717589,-4.911465,-0.3009866,-8.494594,0,0,37.80755,1,1,1000,1000
437699,29:17.6,IMU,308764778,0,0.005077635,0.005573504,0.005726268,-4.910465,-0.3012482,-8.494434,0,0,37.80851,1,1,1000,1000
437754,29:17.6,IMU,308804762,0,0.005258346,0.005496011,0.005704539,-4.910146,-0.301658,-8.492146,0,0,37.80946,1,1,1000,1000
437852,29:17.7,IMU,308844746,0,0.005673883,0.005115719,0.005494919,-4.911976,-0.3020841,-8.497773,0,0,37.81042,1,1,1000,1000
437903,29:17.7,IMU,308884730,0,0.004651249,0.005141504,0.005473138,-4.912288,-0.3016153,-8.501069,0,0,37.81138,1,1,1000,1000
437955,29:17.7,IMU,308924714,0,0.004133816,0.004530469,0.00560323,-4.910388,-0.3020949,-8.496118,0,0,37.81234,1,1,1000,1000
438054,29:17.8,IMU,308964698,0,0.003962189,0.003804572,0.005714318,-4.910172,-0.3018367,-8.495966,0,0,37.8133,1,1,1000,1000
438109,29:17.8,IMU,309004682,0,0.003838432,0.002523925,0.005798247,-4.910197,-0.3021824,-8.493052,0,0,37.81426,1,1,1000,1000
438209,29:17.9,IMU,309044666,0,0.002834904,0.002206962,0.005722265,-4.909428,-0.3012303,-8.492865,0,0,37.81522,1,1,1000,1000
438260,29:17.9,IMU,309084650,0,0.002067945,0.002109244,0.005680284,-4.910084,-0.3004368,-8.493075,0,0,37.81617,1,1,1000,1000
438312,29:17.9,IMU,309124634,0,0.004083251,0.0025961,0.005664994,-4.910973,-0.3018078,-8.50108,0,0,37.81713,1,1,999,999
438414,29:18.0,IMU,309164618,0,0.00402709,0.00307193,0.005770276,-4.910548,-0.3013328,-8.497924,0,0,37.81809,1,1,999,999
438469,29:18.0,IMU,309204602,0,0.003746195,0.003645965,0.005989967,-4.910518,-0.3007251,-8.497253,0,0,37.81905,1,1,999,999
438567,29:18.1,IMU,309244586,0,0.004579889,0.00438355,0.006090142,-4.909778,-0.3007431,-8.497341,0,0,37.82,1,1,999,999
438619,29:18.1,IMU,309285403,0,0.005880943,0.005078644,0.005924924,-4.909257,-0.2998416,-8.491941,0,0,37.82098,1,1,999,999
438672,29:18.1,IMU,309325387,0,0.005633145,0.00525067,0.005697771,-4.909298,-0.299839,-8.494738,0,0,37.82194,1,1,999,999
438772,29:18.2,IMU,309365371,0,0.0051468,0.005065094,0.005557902,-4.908752,-0.3004628,-8.494127,0,0,37.8229,1,1,999,999
438826,29:18.2,IMU,309405355,0,0.005198056,0.005533716,0.005296873,-4.910445,-0.3005443,-8.494186,0,0,37.82386,1,1,999,999
438926,29:18.3,IMU,309445339,0,0.005757552,0.00489394,0.005080977,-4.90986,-0.3007548,-8.493448,0,0,37.82481,1,1,999,999
438980,29:18.3,IMU,309485323,0,0.006289619,0.005376526,0.005043756,-4.909851,-0.3003315,-8.495481,0,0,37.82577,1,1,999,999
439032,29:18.3,IMU,309525307,0,0.004894749,0.005804263,0.005293047,-4.909476,-0.2998762,-8.499613,0,0,37.82673,1,1,999,999
439133,29:18.4,IMU,309565291,0,0.004891994,0.005517162,0.005514402,-4.909322,-0.3011696,-8.49833,0,0,37.82768,1,1,999,999
439187,29:18.4,IMU,309605275,0,0.004740274,0.0055824,0.005703895,-4.909653,-0.3006894,-8.498151,0,0,37.82864,1,1,999,999
439286,29:18.5,IMU,309645259,0,0.005249651,0.00449662,0.005924301,-4.909813,-0.2992771,-8.497162,0,0,37.82959,1,1,999,999
439337,29:18.5,IMU,309685243,0,0.005193934,0.004886163,0.006135759,-4.90939,-0.3003454,-8.493504,0,0,37.83055,1,1,999,999
439389,29:18.5,IMU,309725227,0,0.005814028,0.004959108,0.006077753,-4.90898,-0.2989209,-8.495708,0,0,37.83148,1,1,999,999
439488,29:18.6,IMU,309765211,0,0.004102793,0.00494813,0.006164561,-4.910558,-0.3001621,-8.499535,0,0,37.83244,1,1,999,999
439543,29:18.6,IMU,309805195,0,0.002978089,0.0059958,0.006186514,-4.90767,-0.2977483,-8.49404,0,0,37.83339,1,1,999,999
439641,29:18.7,IMU,309845179,0,0.003536963,0.005949013,0.006019105,-4.908171,-0.2986099,-8.495711,0,0,37.83435,1,1,999,999
439692,29:18.7,IMU,309885163,0,0.004393075,0.005217996,0.005811847,-4.908643,-0.2985351,-8.496976,0,0,37.8353,1,1,999,999
439744,29:18.7,IMU,309925147,0,0.006832738,0.005105456,0.005655079,-4.909341,-0.2987123,-8.500702,0,0,37.83626,1,1,999,999
439843,29:18.8,IMU,309965131,0,0.005580504,0.005128025,0.005898192,-4.90968,-0.2984291,-8.496725,0,0,37.83722,1,1,999,999
439898,29:18.8,IMU,310005115,0,0.005805812,0.004439677,0.005990818,-4.907959,-0.2995369,-8.49565,0,0,37.83817,1,1,999,999
440046,29:18.9,IMU,310045099,0,0.004233092,0.002071566,0.00625514,-4.909051,-0.2981617,-8.49796,0,0,37.83912,1,1,999,999
440097,29:18.9,IMU,310085083,0,0.004983972,0.002182226,0.006291486,-4.909403,-0.2973863,-8.500352,0,0,37.84008,1,1,999,999
440149,29:18.9,IMU,310125067,0,0.00563405,0.002058995,0.006305588,-4.907071,-0.2977082,-8.493357,0,0,37.84103,1,1,1000,1000
440249,29:19.0,IMU,310165051,0,0.005397847,0.002989626,0.006063161,-4.908393,-0.2974025,-8.494591,0,0,37.84201,1,1,1000,1000
440304,29:19.0,IMU,310205035,0,0.005871716,0.003283728,0.005862537,-4.908369,-0.2967515,-8.495492,0,0,37.84297,1,1,1000,1000
440402,29:19.1,IMU,310245019,0,0.002907686,0.003294461,0.006036672,-4.908847,-0.29673,-8.502876,0,0,37.84392,1,1,1000,1000
440453,29:19.1,IMU,310285003,0,0.003973714,0.003857071,0.005999069,-4.908819,-0.2980091,-8.496127,0,0,37.84488,1,1,1000,1000
440507,29:19.1,IMU,310324987,0,0.005964029,0.003825199,0.005733616,-4.908063,-0.2962764,-8.494323,0,0,37.84581,1,1,1000,1000
440606,29:19.2,IMU,310364971,0,0.004555391,0.003813764,0.005896914,-4.910014,-0.2958896,-8.501391,0,0,37.84676,1,1,1000,1000
440660,29:19.2,IMU,310404955,0,0.004513415,0.003580678,0.006058975,-4.907888,-0.296086,-8.499404,0,0,37.84771,1,1,1000,1000
440760,29:19.3,IMU,310444939,0,0.006924294,0.004346256,0.005983893,-4.908507,-0.2970869,-8.492599,0,0,37.84867,1,1,1000,1000
440814,29:19.3,IMU,310484923,0,0.003250438,0.005004683,0.00625255,-4.908672,-0.2966551,-8.500005,0,0,37.84962,1,1,1000,1000
440866,29:19.3,IMU,310524907,0,0.006290789,0.005646398,0.006241349,-4.908824,-0.2964904,-8.499374,0,0,37.85057,1,1,1000,1000
440967,29:19.4,IMU,310564891,0,0.0059203,0.005880379,0.006357341,-4.908475,-0.296724,-8.498379,0,0,37.85152,1,1,1000,1000
441021,29:19.4,IMU,310604875,0,0.005610752,0.006062704,0.006453406,-4.9087,-0.2955355,-8.494951,0,0,37.85248,1,1,1000,1000
441119,29:19.5,IMU,310644859,0,0.005451323,0.005855562,0.006509802,-4.90827,-0.2959605,-8.500965,0,0,37.85343,1,1,1000,1000
441172,29:19.5,IMU,310684843,0,0.005339624,0.005421557,0.00669751,-4.908835,-0.2943099,-8.498699,0,0,37.85439,1,1,1000,1000
441224,29:19.5,IMU,310724827,0,0.005222392,0.005492759,0.006811164,-4.908189,-0.2955905,-8.499323,0,0,37.85534,1,1,1000,1000
441323,29:19.6,IMU,310764811,0,0.004853653,0.005476077,0.00676402,-4.909229,-0.2943995,-8.49251,0,0,37.85629,1,1,1000,1000
441377,29:19.6,IMU,310804795,0,0.006917545,0.005650329,0.00640434,-4.907648,-0.2945629,-8.49386,0,0,37.85724,1,1,1000,1000
441476,29:19.7,IMU,310844779,0,0.006506346,0.00491085,0.006263513,-4.908325,-0.2944073,-8.501814,0,0,37.8582,1,1,1000,1000
441527,29:19.7,IMU,310884763,0,0.006334183,0.0047169,0.006311633,-4.909368,-0.2938734,-8.502474,0,0,37.85915,1,1,1000,1000
441579,29:19.7,IMU,310924747,0,0.005978765,0.004521192,0.006509967,-4.909542,-0.2939837,-8.497985,0,0,37.8601,1,1,1000,1000
441678,29:19.8,IMU,310964731,0,0.005961216,0.004522038,0.006625699,-4.907517,-0.2939349,-8.49415,0,0,37.86105,1,1,1000,1000
441733,29:19.8,IMU,311004715,0,0.004850504,0.003027012,0.006596712,-4.908038,-0.2934266,-8.494587,0,0,37.862,1,1,1000,1000
441833,29:19.9,IMU,311044699,0,0.005702375,0.003316846,0.006512453,-4.909434,-0.2921795,-8.499887,0,0,37.86295,1,1,1000,1000
441884,29:19.9,IMU,311084683,0,0.005294967,0.00276021,0.006664977,-4.908322,-0.2943856,-8.498596,0,0,37.86391,1,1,1000,1000
441936,29:19.9,IMU,311124667,0,0.005253478,0.002762959,0.006888386,-4.908908,-0.2929058,-8.498044,0,0,37.86486,1,1,999,999
442036,29:20.0,IMU,311164651,0,0.005714561,0.002269493,0.00681485,-4.908759,-0.2930732,-8.493891,0,0,37.86581,1,1,999,999
442091,29:20.0,IMU,311204635,0,0.005843071,0.002746413,0.006696195,-4.908656,-0.2921528,-8.495749,0,0,37.86676,1,1,999,999
442189,29:20.1,IMU,311244619,0,0.00529713,0.002725493,0.006611003,-4.907973,-0.291624,-8.496637,0,0,37.86771,1,1,999,999
442240,29:20.1,IMU,311284603,0,0.004647574,0.002764178,0.00667032,-4.908443,-0.2919753,-8.501036,0,0,37.86866,1,1,999,999
442293,29:20.1,IMU,311324587,0,0.00546261,0.002672165,0.00660211,-4.909114,-0.2925607,-8.499594,0,0,37.86961,1,1,999,999
442394,29:20.2,IMU,311365404,0,0.00519671,0.002282163,0.006771246,-4.90896,-0.2918915,-8.498225,0,0,37.87059,1,1,999,999
442448,29:20.2,IMU,311405388,0,0.005614382,0.003036361,0.006876748,-4.909235,-0.2913873,-8.494879,0,0,37.87154,1,1,999,999
442548,29:20.3,IMU,311445372,0,0.006567997,0.003773574,0.006838097,-4.908737,-0.2905579,-8.494502,0,0,37.87249,1,1,999,999
442602,29:20.3,IMU,311485356,0,0.005128838,0.004476228,0.006814078,-4.908589,-0.2894657,-8.496003,0,0,37.87344,1,1,999,999
442654,29:20.3,IMU,311525340,0,0.004254137,0.004260311,0.006756397,-4.908629,-0.2905464,-8.495903,0,0,37.87439,1,1,999,999
442755,29:20.4,IMU,311565324,0,0.006928548,0.004206618,0.006561189,-4.909113,-0.2892025,-8.500597,0,0,37.87534,1,1,999,999
442809,29:20.4,IMU,311605308,0,0.006015695,0.004279269,0.00668992,-4.908544,-0.2895775,-8.496522,0,0,37.87629,1,1,999,999
442907,29:20.5,IMU,311645292,0,0.00621572,0.005007799,0.006810625,-4.909803,-0.2901714,-8.498499,0,0,37.87724,1,1,999,999
442959,29:20.5,IMU,311685276,0,0.005845244,0.005530712,0.006922033,-4.909527,-0.2898691,-8.500211,0,0,37.87819,1,1,999,999
443011,29:20.5,IMU,311725260,0,0.005674836,0.005824891,0.007107504,-4.909132,-0.2884861,-8.49681,0,0,37.87914,1,1,999,999
443110,29:20.6,IMU,311765244,0,0.005450489,0.005483362,0.007296767,-4.908533,-0.2893031,-8.49893,0,0,37.88008,1,1,999,999
443164,29:20.6,IMU,311805228,0,0.005323409,0.005939486,0.007446181,-4.909849,-0.2887544,-8.496923,0,0,37.88101,1,1,999,999
443263,29:20.7,IMU,311845212,0,0.005168404,0.006039307,0.007564446,-4.908518,-0.2886422,-8.498521,0,0,37.88196,1,1,999,999
443316,29:20.7,IMU,311885196,0,0.004309851,0.004582288,0.007678554,-4.90939,-0.2887485,-8.496161,0,0,37.88291,1,1,999,999
443368,29:20.7,IMU,311925180,0,0.004816896,0.003205635,0.007567396,-4.908394,-0.2879855,-8.489561,0,0,37.88386,1,1,999,999
443467,29:20.8,IMU,311965164,0,0.004621587,0.002775146,0.007214701,-4.910383,-0.2872867,-8.493708,0,0,37.88481,1,1,999,999
443523,29:20.8,IMU,312005148,0,0.004588887,0.003244634,0.007109091,-4.909058,-0.288427,-8.498466,0,0,37.88576,1,1,999,999
443623,29:20.9,IMU,312045132,0,0.005354248,0.002384307,0.006956263,-4.909538,-0.2868431,-8.498052,0,0,37.8867,1,1,999,999
443674,29:20.9,IMU,312085116,0,0.004594029,0.002314115,0.006836686,-4.910488,-0.2877205,-8.497049,0,0,37.88765,1,1,999,999
443726,29:20.9,IMU,312125100,0,0.0036122,0.002371109,0.006907987,-4.910382,-0.2888276,-8.499427,0,0,37.8886,1,1,999,999
443825,29:21.0,IMU,312165084,0,0.004442353,0.002612702,0.006936032,-4.909927,-0.2871569,-8.498637,0,0,37.88955,1,1,999,999
443881,29:21.0,IMU,312205068,0,0.004211501,0.003267626,0.007058158,-4.908854,-0.2881379,-8.494431,0,0,37.8905,1,1,999,999
443979,29:21.1,IMU,312245052,0,0.005420763,0.004733786,0.006952357,-4.909286,-0.286191,-8.496693,0,0,37.89147,1,1,999,999
444030,29:21.1,IMU,312285036,0,0.005408099,0.004528973,0.007004244,-4.908836,-0.2865318,-8.498207,0,0,37.89242,1,1,999,999
444083,29:21.1,IMU,312325020,0,0.005336837,0.004530397,0.007031011,-4.90945,-0.2856921,-8.496961,0,0,37.89336,1,1,999,999
444183,29:21.2,IMU,312365004,0,0.003584541,0.00524836,0.007107796,-4.909134,-0.2862556,-8.493389,0,0,37.89431,1,1,999,999
444237,29:21.2,IMU,312404988,0,0.005354523,0.006488637,0.006765706,-4.909172,-0.2850549,-8.493393,0,0,37.89524,1,1,999,999
444337,29:21.3,IMU,312444972,0,0.005362984,0.006044683,0.006804028,-4.910785,-0.2862629,-8.501436,0,0,37.89618,1,1,999,999
444392,29:21.3,IMU,312484956,0,0.00510726,0.005687512,0.006872822,-4.909925,-0.2845689,-8.496304,0,0,37.89713,1,1,999,999
444444,29:21.3,IMU,312524940,0,0.005857453,0.005671877,0.006704852,-4.909147,-0.2852101,-8.493076,0,0,37.89808,1,1,999,999
444545,29:21.4,IMU,312564924,0,0.005313248,0.005758622,0.006592503,-4.909102,-0.2844264,-8.495314,0,0,37.89902,1,1,999,999
444599,29:21.4,IMU,312604908,0,0.005767368,0.005763265,0.006499906,-4.909771,-0.2839245,-8.495596,0,0,37.89997,1,1,999,999
444697,29:21.5,IMU,312644892,0,0.003657848,0.005700538,0.006745666,-4.909354,-0.2842754,-8.500034,0,0,37.90092,1,1,999,999
444750,29:21.5,IMU,312684876,0,0.003796441,0.006202926,0.006873858,-4.909408,-0.2847685,-8.498126,0,0,37.90186,1,1,999,999
444805,29:21.5,IMU,312724860,0,0.005036854,0.005844169,0.006991011,-4.910183,-0.2838671,-8.496964,0,0,37.90281,1,1,999,999
444904,29:21.6,IMU,312764844,0,0.004998132,0.005745706,0.006967883,-4.910149,-0.2834678,-8.497602,0,0,37.90376,1,1,999,999
444958,29:21.6,IMU,312804828,0,0.005388633,0.005757736,0.007127449,-4.909976,-0.2845915,-8.500305,0,0,37.9047,1,1,999,999
445056,29:21.7,IMU,312844812,0,0.004100188,0.005055601,0.007295817,-4.90915,-0.2837517,-8.493246,0,0,37.90565,1,1,999,999
445108,29:21.7,IMU,312884796,0,0.004960787,0.004481355,0.007131179,-4.909913,-0.2831873,-8.49297,0,0,37.90659,1,1,999,999
445160,29:21.7,IMU,312924780,0,0.00581093,0.003691948,0.007009901,-4.909871,-0.2832659,-8.494543,0,0,37.90754,1,1,999,999
445259,29:21.8,IMU,312964764,0,0.005985291,0.00309217,0.006847099,-4.909831,-0.2809714,-8.495502,0,0,37.90849,1,1,999,999
445314,29:21.8,IMU,313004748,0,0.004582835,0.002636691,0.0069715,-4.910165,-0.2823257,-8.500533,0,0,37.90943,1,1,999,999
445414,29:21.9,IMU,313044732,0,0.004814497,0.002362052,0.007153044,-4.909899,-0.2830755,-8.499416,0,0,37.91038,1,1,999,999
445465,29:21.9,IMU,313084716,0,0.005255595,0.002311203,0.007330259,-4.910048,-0.2826549,-8.495706,0,0,37.91132,1,1,999,999
445517,29:21.9,IMU,313124700,0,0.00600591,0.002497978,0.007121201,-4.909972,-0.2812137,-8.495298,0,0,37.91227,1,1,1000,1000
445616,29:22.0,IMU,313164684,0,0.007575716,0.003618968,0.006945064,-4.910661,-0.2809608,-8.495978,0,0,37.91321,1,1,1000,1000
445672,29:22.0,IMU,313204668,0,0.0058338,0.00430599,0.006842579,-4.90867,-0.2816269,-8.495375,0,0,37.91416,1,1,1000,1000
445770,29:22.1,IMU,313244652,0,0.005275043,0.004973368,0.006736082,-4.910469,-0.2810045,-8.493946,0,0,37.9151,1,1,1000,1000
445821,29:22.1,IMU,313284636,0,0.00485365,0.005999263,0.006754204,-4.910812,-0.2807795,-8.502489,0,0,37.91605,1,1,1000,1000
445873,29:22.1,IMU,313324620,0,0.006167505,0.006342558,0.006804693,-4.910005,-0.2808934,-8.496943,0,0,37.91699,1,1,1000,1000
445974,29:22.2,IMU,313364604,0,0.007599084,0.00579846,0.006716499,-4.908933,-0.2794675,-8.496229,0,0,37.91793,1,1,1000,1000
446029,29:22.2,IMU,313404588,0,0.007480837,0.005798915,0.006561818,-4.910697,-0.2804914,-8.495563,0,0,37.91888,1,1,1000,1000
446129,29:22.3,IMU,313445405,0,0.006656489,0.006113051,0.006508256,-4.909353,-0.2792475,-8.496145,0,0,37.91985,1,1,1000,1000
446183,29:22.3,IMU,313485389,0,0.00435006,0.005835497,0.006677078,-4.910625,-0.27866,-8.499459,0,0,37.92079,1,1,1000,1000
446235,29:22.3,IMU,313525373,0,0.006595912,0.005307578,0.006588269,-4.908937,-0.2785091,-8.494893,0,0,37.92173,1,1,1000,1000
446336,29:22.4,IMU,313565357,0,0.006568907,0.005289198,0.00650687,-4.909373,-0.2795852,-8.496273,0,0,37.92268,1,1,1000,1000
446390,29:22.4,IMU,313605341,0,0.005471772,0.005284406,0.00669025,-4.910093,-0.2792346,-8.501386,0,0,37.92362,1,1,1000,1000
446488,29:22.5,IMU,313645325,0,0.005293028,0.00455032,0.006920334,-4.910506,-0.2793738,-8.500558,0,0,37.92456,1,1,1000,1000
446540,29:22.5,IMU,313685309,0,0.005152576,0.004575005,0.007139268,-4.909808,-0.2786839,-8.49878,0,0,37.92551,1,1,1000,1000
446592,29:22.5,IMU,313725293,0,0.004960422,0.004583523,0.00738144,-4.909339,-0.2777568,-8.498304,0,0,37.92645,1,1,1000,1000
446691,29:22.6,IMU,313765277,0,0.004712178,0.004497967,0.007499194,-4.908547,-0.2779065,-8.495429,0,0,37.92739,1,1,1000,1000
446745,29:22.6,IMU,313805261,0,0.003906099,0.00371233,0.00751097,-4.907638,-0.278183,-8.493748,0,0,37.92834,1,1,1000,1000
446843,29:22.7,IMU,313845245,0,0.003076308,0.00311625,0.007445346,-4.909844,-0.2774106,-8.496016,0,0,37.92928,1,1,1000,1000
446894,29:22.7,IMU,313885229,0,0.004131238,0.002484797,0.007234761,-4.909574,-0.2768027,-8.500403,0,0,37.9302,1,1,1000,1000
446947,29:22.7,IMU,313925213,0,0.004674419,0.002265845,0.007175819,-4.910496,-0.2777044,-8.501911,0,0,37.93114,1,1,1000,1000
447046,29:22.8,IMU,313965197,0,0.004328724,0.002275454,0.007218123,-4.909333,-0.275939,-8.494041,0,0,37.93208,1,1,1000,1000
447102,29:22.8,IMU,314005181,0,0.00517867,0.002505266,0.00698102,-4.910188,-0.2745924,-8.497679,0,0,37.93303,1,1,1000,1000
447202,29:22.9,IMU,314045165,0,0.003562331,0.002929623,0.00690401,-4.90908,-0.2754515,-8.49576,0,0,37.93397,1,1,1000,1000
447253,29:22.9,IMU,314085149,0,0.003032796,0.003543037,0.006747581,-4.909473,-0.2759301,-8.498949,0,0,37.93491,1,1,1000,1000
447305,29:22.9,IMU,314125133,0,0.005213462,0.004312265,0.00672228,-4.908661,-0.2758929,-8.501762,0,0,37.93585,1,1,999,999
447406,29:23.0,IMU,314165117,0,0.00460358,0.005000228,0.006876787,-4.910971,-0.2754412,-8.500064,0,0,37.93679,1,1,999,999
447462,29:23.0,IMU,314205101,0,0.004877342,0.005297437,0.006930053,-4.909068,-0.2769124,-8.500023,0,0,37.93774,1,1,999,999
447560,29:23.1,IMU,314245085,0,0.004770339,0.006147481,0.007130797,-4.91081,-0.2756051,-8.499965,0,0,37.93868,1,1,999,999
447611,29:23.1,IMU,314285069,0,0.004729187,0.005944093,0.007302623,-4.909941,-0.2762832,-8.499776,0,0,37.93962,1,1,999,999
447663,29:23.1,IMU,314325053,0,0.003082177,0.0049686,0.007381901,-4.909057,-0.2750079,-8.496917,0,0,37.94058,1,1,999,999
447763,29:23.2,IMU,314365037,0,0.002702538,0.004379023,0.007210696,-4.909754,-0.2744711,-8.496672,0,0,37.94153,1,1,999,999
447817,29:23.2,IMU,314405021,0,0.002829541,0.003834684,0.00711935,-4.910031,-0.273876,-8.502715,0,0,37.94247,1,1,999,999
447918,29:23.3,IMU,314445005,0,0.003134446,0.003041949,0.007010594,-4.909585,-0.2740414,-8.498285,0,0,37.94341,1,1,999,999
447972,29:23.3,IMU,314484989,0,0.00290432,0.002567838,0.007037008,-4.908856,-0.2747862,-8.497534,0,0,37.94432,1,1,999,999
448024,29:23.3,IMU,314524973,0,0.003204904,0.002546898,0.006783236,-4.910258,-0.2744101,-8.497087,0,0,37.94527,1,1,999,999
448125,29:23.4,IMU,314564957,0,0.002879102,0.003551848,0.006599467,-4.909984,-0.273026,-8.501349,0,0,37.94621,1,1,999,999
448179,29:23.4,IMU,314604941,0,0.00471185,0.003559209,0.00642204,-4.910333,-0.2745951,-8.500662,0,0,37.94715,1,1,999,999
448277,29:23.5,IMU,314644925,0,0.005860124,0.004278407,0.006333834,-4.909188,-0.2724758,-8.499275,0,0,37.94809,1,1,999,999
448329,29:23.5,IMU,314684909,0,0.0051888,0.004867763,0.00631364,-4.910463,-0.2727642,-8.50099,0,0,37.94903,1,1,999,999
448382,29:23.5,IMU,314724893,0,0.005360838,0.005296687,0.006340384,-4.911539,-0.2722782,-8.502847,0,0,37.94997,1,1,999,999
448481,29:23.6,IMU,314764877,0,0.005197295,0.005931599,0.006493656,-4.91017,-0.2729846,-8.501763,0,0,37.95091,1,1,999,999
448535,29:23.6,IMU,314804861,0,0.005085747,0.006167617,0.006700789,-4.910031,-0.2724577,-8.502176,0,0,37.95185,1,1,999,999
448633,29:23.7,IMU,314844845,0,0.005250586,0.005743626,0.006707317,-4.90928,-0.2717581,-8.492751,0,0,37.95279,1,1,999,999
448684,29:23.7,IMU,314884829,0,0.004701294,0.005601787,0.006462108,-4.90902,-0.2722291,-8.497443,0,0,37.95373,1,1,999,999
448737,29:23.7,IMU,314924813,0,0.003491712,0.004986554,0.006411734,-4.910404,-0.2715134,-8.501581,0,0,37.95467,1,1,999,999
448836,29:23.8,IMU,314964797,0,0.002467064,0.005331255,0.006247015,-4.909564,-0.2729201,-8.499404,0,0,37.9556,1,1,999,999
448891,29:23.8,IMU,315004781,0,0.002903307,0.005390579,0.006129298,-4.910582,-0.2716613,-8.500793,0,0,37.95654,1,1,999,999
448991,29:23.9,IMU,315044765,0,0.005223774,0.00482278,0.005965581,-4.909687,-0.2712328,-8.502203,0,0,37.95748,1,1,999,999
449042,29:23.9,IMU,315084749,0,0.004574153,0.004999571,0.006198328,-4.911396,-0.2707592,-8.502322,0,0,37.95842,1,1,999,999
449094,29:23.9,IMU,315124733,0,0.004484292,0.004234491,0.006406846,-4.909271,-0.271779,-8.501226,0,0,37.95936,1,1,1000,1000
449193,29:24.0,IMU,315164717,0,0.004436345,0.005045919,0.006557259,-4.909751,-0.2702311,-8.500017,0,0,37.9603,1,1,1000,1000
449249,29:24.0,IMU,315204701,0,0.004361883,0.005092079,0.006758117,-4.90971,-0.2709536,-8.501697,0,0,37.96124,1,1,1000,1000
449347,29:24.1,IMU,315244685,0,0.006125003,0.003368871,0.006695563,-4.909492,-0.2700515,-8.494247,0,0,37.96218,1,1,1000,1000
449398,29:24.1,IMU,315284669,0,0.005522411,0.003545804,0.006525752,-4.909976,-0.2707008,-8.496767,0,0,37.96312,1,1,1000,1000
449450,29:24.1,IMU,315324653,0,0.004988809,0.002642659,0.006403033,-4.909637,-0.2696757,-8.496294,0,0,37.96405,1,1,1000,1000
449551,29:24.2,IMU,315364637,0,0.00459338,0.003171279,0.006286507,-4.910691,-0.2703609,-8.497227,0,0,37.96499,1,1,1000,1000
449605,29:24.2,IMU,315404621,0,0.001520166,0.002500697,0.006229294,-4.911127,-0.270887,-8.496635,0,0,37.96593,1,1,1000,1000
449706,29:24.3,IMU,315444605,0,0.00226435,0.003094804,0.006033382,-4.910003,-0.2698938,-8.497651,0,0,37.96687,1,1,1000,1000
449760,29:24.3,IMU,315484589,0,0.002468903,0.004467293,0.00588788,-4.909701,-0.2697376,-8.495108,0,0,37.9678,1,1,1000,1000
449812,29:24.3,IMU,315525406,0,0.002756982,0.004014611,0.005751598,-4.910507,-0.2700316,-8.500705,0,0,37.96877,1,1,1000,1000
449913,29:24.4,IMU,315565390,0,0.003562435,0.004656877,0.005602548,-4.90942,-0.2697454,-8.498209,0,0,37.9697,1,1,1000,1000
449967,29:24.4,IMU,315605374,0,0.004385988,0.006030755,0.005677274,-4.910408,-0.268819,-8.498543,0,0,37.97064,1,1,1000,1000
450065,29:24.5,IMU,315645358,0,0.005588021,0.006038791,0.005645425,-4.90939,-0.2696055,-8.496992,0,0,37.97158,1,1,1000,1000
450116,29:24.5,IMU,315685342,0,0.005952019,0.006095728,0.005646597,-4.908901,-0.2701738,-8.495413,0,0,37.97252,1,1,1000,1000
450169,29:24.5,IMU,315725326,0,0.00571403,0.006242339,0.005671316,-4.909553,-0.2686669,-8.499238,0,0,37.97345,1,1,1000,1000
450268,29:24.6,IMU,315765310,0,0.005256458,0.004999427,0.005691516,-4.909756,-0.2692263,-8.496716,0,0,37.97439,1,1,1000,1000
450322,29:24.6,IMU,315805294,0,0.003247333,0.003445198,0.005861988,-4.909451,-0.2687964,-8.497211,0,0,37.97533,1,1,1000,1000
450420,29:24.7,IMU,315845278,0,0.003493962,0.00361762,0.005779786,-4.908735,-0.2678192,-8.500647,0,0,37.97626,1,1,1000,1000
450471,29:24.7,IMU,315885262,0,0.004208188,0.002985185,0.005817281,-4.909762,-0.2668467,-8.497139,0,0,37.9772,1,1,1000,1000
450525,29:24.7,IMU,315925246,0,0.003600867,0.003291591,0.005825018,-4.909699,-0.2687107,-8.499035,0,0,37.97813,1,1,1000,1000
450625,29:24.8,IMU,315965230,0,0.00439908,0.003027486,0.005701086,-4.910314,-0.2665631,-8.498026,0,0,37.97905,1,1,1000,1000
450681,29:24.8,IMU,316005214,0,0.004998049,0.002841112,0.005724738,-4.909921,-0.2682311,-8.498995,0,0,37.97998,1,1,1000,1000
450781,29:24.9,IMU,316045198,0,0.005481889,0.002405051,0.005735788,-4.908823,-0.2674469,-8.497637,0,0,37.98092,1,1,1000,1000
450832,29:24.9,IMU,316085182,0,0.006593436,0.002592532,0.005630738,-4.908504,-0.2673471,-8.49724,0,0,37.98186,1,1,1000,1000
450884,29:24.9,IMU,316125166,0,0.006494819,0.003159589,0.005606809,-4.908988,-0.2668003,-8.498677,0,0,37.98279,1,1,999,999
450983,29:25.0,IMU,316165150,0,0.005521055,0.003089427,0.005555654,-4.908375,-0.2665544,-8.499208,0,0,37.98373,1,1,999,999
451039,29:25.0,IMU,316205134,0,0.00483519,0.002924391,0.005578605,-4.910278,-0.2672076,-8.496731,0,0,37.98466,1,1,999,999
451137,29:25.1,IMU,316245118,0,0.003268983,0.00358639,0.005628133,-4.908669,-0.2669587,-8.497448,0,0,37.9856,1,1,999,999
451188,29:25.1,IMU,316285102,0,0.002955793,0.00432667,0.005660767,-4.909284,-0.2664042,-8.500382,0,0,37.98653,1,1,999,999
451240,29:25.1,IMU,316325086,0,0.003486013,0.00495261,0.005641993,-4.909381,-0.2668999,-8.500662,0,0,37.98747,1,1,999,999
451340,29:25.2,IMU,316365070,0,0.00319282,0.005543195,0.005718734,-4.909595,-0.2664861,-8.498166,0,0,37.9884,1,1,999,999
451394,29:25.2,IMU,316405054,0,0.003843128,0.005849736,0.005610047,-4.909722,-0.2674512,-8.498959,0,0,37.98936,1,1,999,999
451494,29:25.3,IMU,316445038,0,0.003993053,0.006087275,0.005639879,-4.909321,-0.2661591,-8.501038,0,0,37.9903,1,1,999,999
451549,29:25.3,IMU,316485022,0,0.00519378,0.006407298,0.005649139,-4.907978,-0.2652951,-8.495562,0,0,37.99123,1,1,999,999
451601,29:25.3,IMU,316525006,0,0.00584256,0.005520518,0.005475865,-4.907922,-0.2652329,-8.497925,0,0,37.99216,1,1,999,999
451702,29:25.4,IMU,316564990,0,0.005278237,0.005513058,0.005571182,-4.908057,-0.2659084,-8.499094,0,0,37.99308,1,1,999,999
451756,29:25.4,IMU,316604974,0,0.005772317,0.005509537,0.005475693,-4.908514,-0.2660702,-8.50009,0,0,37.99401,1,1,999,999
451854,29:25.5,IMU,316644958,0,0.00635503,0.005623724,0.005471162,-4.907729,-0.2663853,-8.501577,0,0,37.99494,1,1,999,999
451906,29:25.5,IMU,316684942,0,0.005586267,0.004942523,0.005545331,-4.90937,-0.264935,-8.499955,0,0,37.99588,1,1,999,999
451959,29:25.5,IMU,316724926,0,0.005616498,0.004175856,0.005493561,-4.909213,-0.2653468,-8.497915,0,0,37.99681,1,1,999,999
452058,29:25.6,IMU,316764910,0,0.005564121,0.00422853,0.005413447,-4.909314,-0.265592,-8.497902,0,0,37.99775,1,1,999,999
452112,29:25.6,IMU,316804894,0,0.004701328,0.004262055,0.00548958,-4.908541,-0.2653514,-8.500615,0,0,37.99868,1,1,999,999
452210,29:25.7,IMU,316844878,0,0.004188383,0.00425665,0.005402331,-4.908617,-0.2651268,-8.498524,0,0,37.99961,1,1,999,999
452261,29:25.7,IMU,316884862,0,0.002670938,0.004216917,0.005434743,-4.908918,-0.2645174,-8.498147,0,0,38.00055,1,1,999,999
452313,29:25.7,IMU,316924846,0,0.002293223,0.004260827,0.005369685,-4.907168,-0.2648166,-8.497632,0,0,38.00148,1,1,999,999
452412,29:25.8,IMU,316964830,0,0.002088957,0.004254131,0.005331687,-4.908044,-0.2657209,-8.499009,0,0,38.00241,1,1,999,999
452468,29:25.8,IMU,317004814,0,0.00224711,0.004210058,0.005294074,-4.90756,-0.264936,-8.499009,0,0,38.00335,1,1,999,999
452568,29:25.9,IMU,317044798,0,0.003472948,0.003444778,0.005076479,-4.908865,-0.2648574,-8.499171,0,0,38.00428,1,1,999,999
452619,29:25.9,IMU,317084782,0,0.00413115,0.002887493,0.005159836,-4.907422,-0.2641823,-8.499126,0,0,38.00521,1,1,999,999
452671,29:25.9,IMU,317124766,0,0.003972969,0.002475658,0.005152464,-4.907647,-0.2654982,-8.499149,0,0,38.00614,1,1,999,999
452770,29:26.0,IMU,317164750,0,0.003864272,0.00231731,0.005215304,-4.907977,-0.2645295,-8.499388,0,0,38.00708,1,1,999,999
452825,29:26.0,IMU,317204734,0,0.003265495,0.002321571,0.005259279,-4.90789,-0.2651978,-8.500528,0,0,38.00801,1,1,999,999
452924,29:26.1,IMU,317244718,0,0.004016006,0.002651073,0.005212608,-4.907478,-0.264612,-8.499014,0,0,38.00894,1,1,999,999
452975,29:26.1,IMU,317284702,0,0.00391135,0.003144243,0.005197311,-4.907796,-0.264676,-8.499428,0,0,38.00987,1,1,999,999
453028,29:26.1,IMU,317324686,0,0.003749461,0.00466156,0.005191911,-4.907992,-0.264106,-8.499269,0,0,38.0108,1,1,999,999
453128,29:26.2,IMU,317364670,0,0.005318706,0.005121957,0.005011643,-4.907237,-0.2632107,-8.497997,0,0,38.01173,1,1,999,999
453182,29:26.2,IMU,317404654,0,0.005210895,0.005097691,0.005102904,-4.908268,-0.263606,-8.498208,0,0,38.01267,1,1,999,999
453282,29:26.3,IMU,317444638,0,0.005727715,0.006373082,0.004981452,-4.907169,-0.2638659,-8.50036,0,0,38.0136,1,1,999,999
453337,29:26.3,IMU,317484622,0,0.006504165,0.006327507,0.004880848,-4.907609,-0.2641908,-8.497622,0,0,38.01453,1,1,999,999
453389,29:26.3,IMU,317524606,0,0.005964833,0.006274453,0.004883646,-4.907105,-0.2636534,-8.501782,0,0,38.01546,1,1,999,999
453490,29:26.4,IMU,317564590,0,0.004782794,0.005591034,0.004969917,-4.906865,-0.2646338,-8.499027,0,0,38.01639,1,1,999,999
453544,29:26.4,IMU,317605407,0,0.004336007,0.005830117,0.005068619,-4.907593,-0.2634704,-8.500051,0,0,38.01735,1,1,999,999
453642,29:26.5,IMU,317645391,0,0.003673969,0.005807089,0.005145055,-4.907274,-0.2646546,-8.497617,0,0,38.01828,1,1,999,999
453693,29:26.5,IMU,317685375,0,0.003719614,0.00525667,0.005034517,-4.907662,-0.2629341,-8.497831,0,0,38.01921,1,1,999,999
453746,29:26.5,IMU,317725359,0,0.002889868,0.005174272,0.005089791,-4.907211,-0.2626407,-8.498445,0,0,38.02014,1,1,999,999
453845,29:26.6,IMU,317765343,0,0.00095069,0.005202596,0.005307307,-4.906792,-0.2631057,-8.500759,0,0,38.02107,1,1,999,999
453899,29:26.6,IMU,317805327,0,0.002024399,0.005259259,0.005167833,-4.906904,-0.2628505,-8.498683,0,0,38.022,1,1,999,999
453997,29:26.7,IMU,317845311,0,0.001507655,0.005401998,0.005145812,-4.906585,-0.2636373,-8.501162,0,0,38.02293,1,1,999,999
454048,29:26.7,IMU,317885295,0,0.001945449,0.004633529,0.005183416,-4.907265,-0.2634744,-8.499481,0,0,38.02386,1,1,999,999
454100,29:26.7,IMU,317925279,0,0.001334113,0.004635595,0.00513112,-4.906542,-0.2638257,-8.499336,0,0,38.02479,1,1,999,999
454199,29:26.8,IMU,317965263,0,0.002952858,0.004649503,0.0050144,-4.906579,-0.2631409,-8.499552,0,0,38.02572,1,1,999,999
454256,29:26.8,IMU,318005247,0,0.003536994,0.004633192,0.004964485,-4.90606,-0.2625204,-8.499926,0,0,38.02665,1,1,999,999
454356,29:26.9,IMU,318045231,0,0.002597461,0.004489343,0.005002218,-4.906352,-0.2624695,-8.50034,0,0,38.02756,1,1,999,999
454407,29:26.9,IMU,318085215,0,0.003935326,0.003720373,0.004876441,-4.905578,-0.2629269,-8.498768,0,0,38.02849,1,1,999,999
454459,29:26.9,IMU,318125199,0,0.003639834,0.003087389,0.004897586,-4.906792,-0.2622012,-8.499918,0,0,38.02942,1,1,1000,1000
454558,29:27.0,IMU,318165183,0,0.005337387,0.002602918,0.004734188,-4.906444,-0.2628981,-8.50009,0,0,38.03035,1,1,1000,1000
454613,29:27.0,IMU,318205167,0,0.005841468,0.002644133,0.004740331,-4.906075,-0.2628765,-8.500111,0,0,38.03128,1,1,1000,1000
454712,29:27.1,IMU,318245151,0,0.005689646,0.00272893,0.00465798,-4.905957,-0.2618262,-8.499974,0,0,38.0322,1,1,1000,1000
454763,29:27.1,IMU,318285135,0,0.004856235,0.002646978,0.004698155,-4.906922,-0.2620948,-8.499716,0,0,38.03313,1,1,1000,1000
454815,29:27.1,IMU,318325119,0,0.004078761,0.002691399,0.004831547,-4.905374,-0.2624123,-8.498243,0,0,38.03406,1,1,1000,1000
454915,29:27.2,IMU,318365103,0,0.00412836,0.002725719,0.004697011,-4.907348,-0.2628227,-8.499188,0,0,38.03499,1,1,1000,1000
454969,29:27.2,IMU,318405087,0,0.003263048,0.002371942,0.004644896,-4.905008,-0.2623271,-8.50071,0,0,38.03592,1,1,1000,1000
455069,29:27.3,IMU,318445071,0,0.002665523,0.002367577,0.004574429,-4.906343,-0.2625228,-8.500257,0,0,38.03685,1,1,1000,1000
455123,29:27.3,IMU,318485055,0,0.002167422,0.003171121,0.004564951,-4.905248,-0.2617175,-8.501093,0,0,38.0378,1,1,1000,1000
455176,29:27.3,IMU,318525039,0,0.002181578,0.002855648,0.004478612,-4.904551,-0.2616115,-8.498935,0,0,38.03873,1,1,1000,1000
455277,29:27.4,IMU,318565023,0,0.001938369,0.003520986,0.004442864,-4.904946,-0.2627697,-8.501993,0,0,38.03966,1,1,1000,1000
455331,29:27.4,IMU,318605007,0,0.002246337,0.004237317,0.004385505,-4.905646,-0.2618995,-8.500732,0,0,38.04058,1,1,1000,1000
455429,29:27.5,IMU,318644991,0,0.002510343,0.004818929,0.004322769,-4.905343,-0.2625724,-8.498737,0,0,38.04149,1,1,1000,1000
455481,29:27.5,IMU,318684975,0,0.002973456,0.005446902,0.004273664,-4.905764,-0.261538,-8.502321,0,0,38.04242,1,1,1000,1000
455533,29:27.5,IMU,318724959,0,0.002535397,0.006438846,0.004236191,-4.904621,-0.2628292,-8.50016,0,0,38.04334,1,1,1000,1000
455633,29:27.6,IMU,318764943,0,0.001938884,0.006136999,0.004328261,-4.905831,-0.2623464,-8.501552,0,0,38.04427,1,1,1000,1000
455687,29:27.6,IMU,318804927,0,0.002677073,0.004944217,0.004286893,-4.904768,-0.2632059,-8.498153,0,0,38.0452,1,1,1000,1000
455785,29:27.7,IMU,318844911,0,0.002656396,0.004258327,0.004182813,-4.905985,-0.2617386,-8.501554,0,0,38.04613,1,1,1000,1000
455836,29:27.7,IMU,318884895,0,0.003074433,0.002834397,0.004142204,-4.90537,-0.2616085,-8.500973,0,0,38.04705,1,1,1000,1000
455888,29:27.7,IMU,318924879,0,0.004439144,0.002083925,0.004153819,-4.905859,-0.2611269,-8.499934,0,0,38.04798,1,1,1000,1000
455987,29:27.8,IMU,318964863,0,0.005748081,0.002668955,0.004042595,-4.905072,-0.2617126,-8.499704,0,0,38.04891,1,1,1000,1000
456042,29:27.8,IMU,319004847,0,0.006109118,0.002624754,0.004140383,-4.904945,-0.2612968,-8.500192,0,0,38.04984,1,1,1000,1000
456143,29:27.9,IMU,319044831,0,0.005974999,0.002648604,0.004162817,-4.904659,-0.2617809,-8.500119,0,0,38.05076,1,1,1000,1000
456194,29:27.9,IMU,319084815,0,0.006277547,0.002603948,0.004119731,-4.903539,-0.2610728,-8.499677,0,0,38.05169,1,1,1000,1000
456246,29:27.9,IMU,319124799,0,0.002744498,0.002644721,0.004348152,-4.903258,-0.2611356,-8.500269,0,0,38.05261,1,1,999,999
456345,29:28.0,IMU,319164783,0,0.002567155,0.002627078,0.004383347,-4.90353,-0.2606855,-8.498076,0,0,38.05354,1,1,999,999
456400,29:28.0,IMU,319204767,0,0.003830181,0.002627295,0.004241748,-4.904217,-0.2614691,-8.496247,0,0,38.05447,1,1,999,999
456501,29:28.1,IMU,319244751,0,0.003866831,0.003147196,0.004156018,-4.903869,-0.2604807,-8.493534,0,0,38.05539,1,1,999,999
456552,29:28.1,IMU,319284735,0,0.004923992,0.003175416,0.004189892,-4.903927,-0.2612004,-8.497143,0,0,38.05632,1,1,999,999
456605,29:28.1,IMU,319324719,0,0.004464978,0.005131801,0.004310879,-4.902533,-0.2601704,-8.490296,0,0,38.05724,1,1,999,999
456705,29:28.2,IMU,319364703,0,0.003747539,0.004900516,0.004326289,-4.903989,-0.2604197,-8.487459,0,0,38.05817,1,1,999,999
456759,29:28.2,IMU,319404687,0,0.003807457,0.004820256,0.004293064,-4.902422,-0.2603814,-8.488152,0,0,38.05909,1,1,999,999
456859,29:28.3,IMU,319444671,0,0.003844538,0.004694344,0.004242269,-4.904208,-0.2602744,-8.489046,0,0,38.06002,1,1,999,999
456913,29:28.3,IMU,319484655,0,0.003851329,0.004623407,0.00428148,-4.904411,-0.259753,-8.489653,0,0,38.06094,1,1,999,999
456965,29:28.3,IMU,319524639,0,0.003949181,0.004532944,0.004269269,-4.902809,-0.2608328,-8.490462,0,0,38.06187,1,1,999,999
457067,29:28.4,IMU,319564623,0,0.003928163,0.004497973,0.004227982,-4.903992,-0.2615381,-8.49117,0,0,38.0628,1,1,999,999
457121,29:28.4,IMU,319604607,0,0.007463821,0.004051331,0.003974806,-4.902014,-0.2604178,-8.473286,0,0,38.06372,1,1,999,999
457219,29:28.5,IMU,319644591,0,0.00787946,0.003822557,0.004032649,-4.901704,-0.261378,-8.475089,0,0,38.06464,1,1,999,999
457270,29:28.5,IMU,319685408,0,0.003917655,0.004110354,0.004327182,-4.901171,-0.2610118,-8.473527,0,0,38.06559,1,1,999,999
457322,29:28.5,IMU,319725392,0,0.003567485,0.00337682,0.004405217,-4.90125,-0.2598823,-8.473035,0,0,38.06652,1,1,999,999
457422,29:28.6,IMU,319765376,0,0.002908172,0.00299442,0.004593394,-4.900118,-0.260621,-8.464666,0,0,38.06744,1,1,999,999
457476,29:28.6,IMU,319805360,0,0.005382009,0.003130364,0.004404761,-4.899148,-0.2600041,-8.46212,0,0,38.06837,1,1,999,999
457574,29:28.7,IMU,319845344,0,0.005095046,0.003236705,0.004367805,-4.899443,-0.2595902,-8.463459,0,0,38.06929,1,1,999,999
457625,29:28.7,IMU,319885328,0,0.004950879,0.003319301,0.004437993,-4.898959,-0.2592098,-8.464411,0,0,38.07021,1,1,999,999
457679,29:28.7,IMU,319925312,0,0.004850002,0.003455885,0.004432185,-4.901292,-0.2597822,-8.466085,0,0,38.07114,1,1,999,999
457778,29:28.8,IMU,319965296,0,0.004722977,0.003495632,0.004310615,-4.899145,-0.2594837,-8.464933,0,0,38.07206,1,1,999,999
457834,29:28.8,IMU,320005280,0,0.004738889,0.003553122,0.004320322,-4.899871,-0.260866,-8.467174,0,0,38.07299,1,1,999,999
457935,29:28.9,IMU,320045264,0,0.004572796,0.004167808,0.004327765,-4.899499,-0.2594084,-8.463306,0,0,38.07391,1,1,999,999
457986,29:28.9,IMU,320085248,0,0.003048162,0.004963844,0.004517301,-4.897304,-0.2593104,-8.449902,0,0,38.07483,1,1,999,999
458038,29:28.9,IMU,320125232,0,0.002925294,0.00555293,0.004580892,-4.897788,-0.2603362,-8.452658,0,0,38.07573,1,1,1000,1000
458137,29:29.0,IMU,320165216,0,0.002279334,0.005280828,0.004667767,-4.898423,-0.2593744,-8.450453,0,0,38.07666,1,1,1000,1000
458191,29:29.0,IMU,320205200,0,0.003246704,0.004063754,0.004674032,-4.897686,-0.2593241,-8.446949,0,0,38.07758,1,1,1000,1000
458290,29:29.1,IMU,320245184,0,0.004472484,0.005417968,0.004552839,-4.897879,-0.2579101,-8.442749,0,0,38.0785,1,1,1000,1000
458342,29:29.1,IMU,320285168,0,0.00441037,0.005219646,0.004562913,-4.898258,-0.2588195,-8.443514,0,0,38.07943,1,1,1000,1000
458394,29:29.1,IMU,320325152,0,0.004316386,0.005045003,0.004487862,-4.899187,-0.2589581,-8.44689,0,0,38.08035,1,1,1000,1000
458494,29:29.2,IMU,320365136,0,0.004279969,0.004913308,0.004440792,-4.899492,-0.2591357,-8.449039,0,0,38.08127,1,1,1000,1000
458548,29:29.2,IMU,320405120,0,0.004255464,0.004817438,0.004403095,-4.89892,-0.2586854,-8.451611,0,0,38.08219,1,1,1000,1000
458648,29:29.3,IMU,320445104,0,0.004239468,0.004629397,0.004412895,-4.899646,-0.2580624,-8.450533,0,0,38.08311,1,1,1000,1000
458702,29:29.3,IMU,320485088,0,0.005397456,0.00383166,0.004511821,-4.89636,-0.2596462,-8.4328,0,0,38.08404,1,1,1000,1000
458754,29:29.3,IMU,320525072,0,0.006062506,0.003784267,0.004469675,-4.897196,-0.2584016,-8.437222,0,0,38.08496,1,1,1000,1000
458856,29:29.4,IMU,320565056,0,0.004753937,0.00443365,0.004502696,-4.897865,-0.2589692,-8.440039,0,0,38.0859,1,1,1000,1000
458910,29:29.4,IMU,320605040,0,0.002450681,0.005401392,0.004643643,-4.896957,-0.2585394,-8.434931,0,0,38.08683,1,1,1000,1000
459008,29:29.5,IMU,320645024,0,0.004985534,0.002845382,0.004478764,-4.896348,-0.2578355,-8.429915,0,0,38.08775,1,1,1000,1000
459060,29:29.5,IMU,320685008,0,0.004055473,0.003042781,0.004490734,-4.895604,-0.2595696,-8.431188,0,0,38.08867,1,1,1000,1000
459112,29:29.5,IMU,320724992,0,0.004057662,0.003203069,0.004443148,-4.895608,-0.2600564,-8.433039,0,0,38.08957,1,1,1000,1000
459212,29:29.6,IMU,320764976,0,0.004129789,0.003215081,0.00444241,-4.895141,-0.2581792,-8.435174,0,0,38.09049,1,1,1000,1000
459266,29:29.6,IMU,320804960,0,0.004071213,0.003406449,0.00436074,-4.895795,-0.2588145,-8.437201,0,0,38.09141,1,1,1000,1000
459364,29:29.7,IMU,320844944,0,0.004026489,0.003435995,0.004338542,-4.896065,-0.2593984,-8.438654,0,0,38.09233,1,1,1000,1000
459415,29:29.7,IMU,320884928,0,0.003584255,0.004490134,0.004433421,-4.895241,-0.2580059,-8.43201,0,0,38.09325,1,1,1000,1000
459467,29:29.7,IMU,320924912,0,0.002354106,0.005439652,0.004738288,-4.893622,-0.2586894,-8.421036,0,0,38.09417,1,1,1000,1000
459566,29:29.8,IMU,320964896,0,0.001550168,0.005622539,0.004724448,-4.893959,-0.2591804,-8.427771,0,0,38.09509,1,1,1000,1000
459621,29:29.8,IMU,321004880,0,0.002610938,0.005557943,0.004762661,-4.893649,-0.2579696,-8.423979,0,0,38.09602,1,1,1000,1000
459721,29:29.9,IMU,321044864,0,0.004061123,0.002427848,0.004832557,-4.893684,-0.2594034,-8.422777,0,0,38.09694,1,1,1000,1000
459773,29:29.9,IMU,321084848,0,0.005168749,0.002797053,0.004938282,-4.894011,-0.2575054,-8.419668,0,0,38.09785,1,1,1000,1000
459825,29:29.9,IMU,321124832,0,0.003267616,0.002949234,0.005097958,-4.893911,-0.2590277,-8.424156,0,0,38.09877,1,1,999,999
459924,29:30.0,IMU,321164816,0,0.004282946,0.003115855,0.004924861,-4.893996,-0.2579868,-8.422644,0,0,38.09969,1,1,999,999
459978,29:30.0,IMU,321204800,0,0.004186391,0.003212862,0.004847359,-4.893468,-0.2586553,-8.424294,0,0,38.10062,1,1,999,999
460077,29:30.1,IMU,321244784,0,0.004181854,0.003346082,0.00483509,-4.893057,-0.2594646,-8.42812,0,0,38.10154,1,1,999,999
460129,29:30.1,IMU,321284768,0,0.004184127,0.003392242,0.004763821,-4.894131,-0.2584559,-8.429426,0,0,38.10246,1,1,999,999
460182,29:30.1,IMU,321324752,0,0.003221034,0.003905099,0.004307875,-4.891543,-0.25778,-8.407866,0,0,38.10337,1,1,999,999
460282,29:30.2,IMU,321364736,0,0.002871474,0.005032702,0.004072821,-4.892348,-0.2576576,-8.418362,0,0,38.10429,1,1,999,999
460336,29:30.2,IMU,321404720,0,0.00320822,0.006939041,0.003978695,-4.893224,-0.2573306,-8.418348,0,0,38.10521,1,1,999,999
460436,29:30.3,IMU,321444704,0,0.003856448,0.006288416,0.003980219,-4.892735,-0.2580807,-8.416155,0,0,38.10613,1,1,999,999
460490,29:30.3,IMU,321484688,0,0.001940499,0.005728989,0.00414335,-4.892881,-0.2574756,-8.411236,0,0,38.10705,1,1,999,999
460542,29:30.3,IMU,321524672,0,0.002235156,0.005509996,0.004112693,-4.893203,-0.2578057,-8.414467,0,0,38.10797,1,1,999,999
460643,29:30.4,IMU,321564656,0,0.00244989,0.005334907,0.004090389,-4.893262,-0.2586033,-8.418118,0,0,38.10889,1,1,999,999
460698,29:30.4,IMU,321604640,0,0.002685162,0.005117017,0.00407993,-4.894025,-0.2579619,-8.421015,0,0,38.10981,1,1,999,999
460796,29:30.5,IMU,321644624,0,0.005318164,0.005998308,0.004117609,-4.892609,-0.2578708,-8.404974,0,0,38.11073,1,1,999,999
460847,29:30.5,IMU,321684608,0,0.006278727,0.005297454,0.004241623,-4.892525,-0.2589705,-8.403542,0,0,38.11164,1,1,999,999
460899,29:30.5,IMU,321724592,0,0.005746864,0.002985467,0.004526739,-4.890935,-0.2581446,-8.401188,0,0,38.11256,1,1,999,999
460998,29:30.6,IMU,321765409,0,0.00489407,0.003207281,0.004759663,-4.891768,-0.2582583,-8.40408,0,0,38.11351,1,1,999,999
461053,29:30.6,IMU,321805393,0,0.003444118,0.003376384,0.004983696,-4.892296,-0.2578332,-8.402206,0,0,38.11442,1,1,999,999
461151,29:30.7,IMU,321845377,0,0.003546856,0.003371682,0.004839049,-4.891854,-0.2565589,-8.404373,0,0,38.11534,1,1,999,999
461202,29:30.7,IMU,321885361,0,0.003656673,0.003543716,0.004781602,-4.891851,-0.2570827,-8.407057,0,0,38.11626,1,1,999,999
461254,29:30.7,IMU,321925345,0,0.00356265,0.003592924,0.004715708,-4.892176,-0.2568143,-8.410241,0,0,38.11718,1,1,999,999
461353,29:30.8,IMU,321965329,0,0.004138219,0.003943809,0.004546836,-4.891246,-0.2579024,-8.404725,0,0,38.1181,1,1,999,999
461409,29:30.8,IMU,322005313,0,0.003786728,0.003999033,0.004327799,-4.89044,-0.2566126,-8.393487,0,0,38.11901,1,1,999,999
461509,29:30.9,IMU,322045297,0,0.004784992,0.003314556,0.004051842,-4.891251,-0.2566961,-8.399134,0,0,38.11993,1,1,999,999
461561,29:30.9,IMU,322085281,0,0.005910669,0.002977169,0.003799733,-4.890397,-0.2567051,-8.396135,0,0,38.12085,1,1,999,999
461613,29:30.9,IMU,322125265,0,0.005648881,0.005384429,0.003748283,-4.889408,-0.2568766,-8.392963,0,0,38.12177,1,1,999,999
461712,29:31.0,IMU,322165249,0,0.005414997,0.005128884,0.003810867,-4.890492,-0.2552009,-8.397819,0,0,38.12268,1,1,999,999
461766,29:31.0,IMU,322205233,0,0.005265594,0.00507718,0.003799856,-4.891378,-0.2554952,-8.399883,0,0,38.12357,1,1,999,999
461865,29:31.1,IMU,322245217,0,0.005093571,0.004791998,0.003821249,-4.89116,-0.2555349,-8.402887,0,0,38.12449,1,1,999,999
461917,29:31.1,IMU,322285201,0,0.004681035,0.005801444,0.004254024,-4.888202,-0.2552882,-8.382135,0,0,38.12541,1,1,999,999
461969,29:31.1,IMU,322325185,0,0.004156792,0.005519876,0.004535483,-4.889276,-0.2552125,-8.385912,0,0,38.12632,1,1,999,999
462069,29:31.2,IMU,322365169,0,0.003294236,0.005327085,0.004924073,-4.888792,-0.2549287,-8.39047,0,0,38.12724,1,1,999,999
462123,29:31.2,IMU,322405153,0,0.003015223,0.005213237,0.00495539,-4.889358,-0.255537,-8.386308,0,0,38.12816,1,1,999,999
462223,29:31.3,IMU,322445137,0,0.003082717,0.00499034,0.004913179,-4.889163,-0.256427,-8.390292,0,0,38.12907,1,1,999,999
462278,29:31.3,IMU,322485121,0,0.003184118,0.004917112,0.00488569,-4.890009,-0.2563524,-8.3936,0,0,38.12999,1,1,999,999
462330,29:31.3,IMU,322525105,0,0.005940151,0.003305585,0.004684078,-4.887593,-0.2553279,-8.382462,0,0,38.13091,1,1,999,999
462431,29:31.4,IMU,322565089,0,0.006536454,0.004009802,0.004491749,-4.886453,-0.2549313,-8.380375,0,0,38.13182,1,1,999,999
462486,29:31.4,IMU,322605073,0,0.005211266,0.002437709,0.004412587,-4.888037,-0.2565861,-8.383434,0,0,38.13274,1,1,999,999
462585,29:31.5,IMU,322645057,0,0.005658865,0.0015891,0.004296483,-4.887208,-0.256097,-8.376893,0,0,38.13367,1,1,999,999
462636,29:31.5,IMU,322685041,0,0.005442607,0.003523283,0.004198605,-4.885942,-0.2549558,-8.379114,0,0,38.13459,1,1,999,999
462688,29:31.5,IMU,322725025,0,0.005206012,0.003560854,0.004166696,-4.886423,-0.2559602,-8.382173,0,0,38.13551,1,1,999,999
462787,29:31.6,IMU,322765009,0,0.005128459,0.003617916,0.004190377,-4.886047,-0.2543051,-8.386457,0,0,38.13642,1,1,999,999
462842,29:31.6,IMU,322804993,0,0.003847515,0.002894942,0.004214431,-4.885906,-0.2545416,-8.381831,0,0,38.13731,1,1,999,999
462940,29:31.7,IMU,322844977,0,0.001776205,0.002750806,0.004596093,-4.884205,-0.2543485,-8.370197,0,0,38.13823,1,1,999,999
462991,29:31.7,IMU,322884961,0,0.00094846,0.002786191,0.004732447,-4.884862,-0.2553561,-8.373506,0,0,38.13914,1,1,999,999
463043,29:31.7,IMU,322924945,0,0.002801041,0.002005425,0.004671089,-4.883672,-0.2542263,-8.368,0,0,38.14006,1,1,999,999
463142,29:31.8,IMU,322964929,0,0.001838568,0.002285751,0.004632344,-4.884514,-0.2550349,-8.372483,0,0,38.14097,1,1,999,999
463196,29:31.8,IMU,323004913,0,0.002168277,0.002488962,0.004607069,-4.884644,-0.2553157,-8.374136,0,0,38.14189,1,1,999,999
463297,29:31.9,IMU,323044897,0,0.002445534,0.002739014,0.004571802,-4.88309,-0.2541711,-8.379072,0,0,38.1428,1,1,999,999
463348,29:31.9,IMU,323084881,0,0.002575255,0.003894955,0.004528528,-4.884115,-0.25544,-8.378349,0,0,38.14371,1,1,999,999
463401,29:31.9,IMU,323124865,0,0.002174703,0.004570211,0.004638637,-4.882638,-0.2544054,-8.365473,0,0,38.14463,1,1,1000,1000
463500,29:32.0,IMU,323164849,0,0.000769949,0.003893927,0.004813081,-4.882316,-0.2551851,-8.36861,0,0,38.14555,1,1,1000,1000
463554,29:32.0,IMU,323204833,0,0.003810642,0.005565539,0.004790743,-4.882821,-0.2523703,-8.366005,0,0,38.14646,1,1,1000,1000
463653,29:32.1,IMU,323244817,0,0.001960147,0.005382652,0.004863485,-4.882984,-0.2544422,-8.367069,0,0,38.14737,1,1,1000,1000
463705,29:32.1,IMU,323284801,0,0.00235047,0.005206839,0.004780725,-4.883144,-0.2549783,-8.37154,0,0,38.14828,1,1,1000,1000
463758,29:32.1,IMU,323324785,0,0.002613775,0.005057957,0.004674057,-4.883556,-0.2553682,-8.374096,0,0,38.1492,1,1,1000,1000
463858,29:32.2,IMU,323364769,0,0.002474621,0.005835779,0.004665363,-4.880672,-0.2540387,-8.356208,0,0,38.15011,1,1,1000,1000
463912,29:32.2,IMU,323404753,0,0.003809615,0.005745914,0.004343145,-4.881024,-0.252918,-8.356945,0,0,38.15103,1,1,1000,1000
464012,29:32.3,IMU,323444737,0,0.003595266,0.003731347,0.004227889,-4.880938,-0.2526372,-8.355698,0,0,38.15194,1,1,1000,1000
464066,29:32.3,IMU,323484721,0,0.003589752,0.003916776,0.004180439,-4.881783,-0.2540718,-8.36042,0,0,38.15285,1,1,1000,1000
464118,29:32.3,IMU,323524705,0,0.00368496,0.00400053,0.004165917,-4.882509,-0.2534516,-8.363922,0,0,38.15377,1,1,1000,1000
464219,29:32.4,IMU,323564689,0,0.003722624,0.003995064,0.004161105,-4.882337,-0.2533904,-8.3687,0,0,38.15468,1,1,1000,1000
464273,29:32.4,IMU,323604673,0,0.004507885,0.003029338,0.004291024,-4.878796,-0.2547401,-8.343777,0,0,38.15559,1,1,1000,1000
464372,29:32.5,IMU,323644657,0,0.003260001,0.003261912,0.004562752,-4.87901,-0.2540841,-8.353068,0,0,38.1565,1,1,1000,1000
464423,29:32.5,IMU,323684641,0,0.002974777,0.003361284,0.004768151,-4.879306,-0.2530607,-8.350862,0,0,38.15742,1,1,1000,1000
464476,29:32.5,IMU,323724625,0,0.002727976,0.003422115,0.004717062,-4.879614,-0.2536648,-8.354877,0,0,38.15833,1,1,1000,1000
464575,29:32.6,IMU,323764609,0,0.002856131,0.003491911,0.004588103,-4.878079,-0.2530171,-8.357991,0,0,38.15924,1,1,1000,1000
464630,29:32.6,IMU,323804593,0,0.003886934,0.00352875,0.004485961,-4.880116,-0.2524678,-8.358929,0,0,38.16015,1,1,1000,1000
464728,29:32.7,IMU,323845410,0,0.003300889,0.004872931,0.004266987,-4.878625,-0.252894,-8.348039,0,0,38.16109,1,1,1000,1000
464779,29:32.7,IMU,323885394,0,0.005740642,0.005673145,0.004046972,-4.877515,-0.2527021,-8.347051,0,0,38.162,1,1,1000,1000
464831,29:32.7,IMU,323925378,0,0.004652392,0.005623626,0.003929475,-4.877999,-0.252641,-8.346112,0,0,38.16291,1,1,1000,1000
464932,29:32.8,IMU,323965362,0,0.00460733,0.003953907,0.003964604,-4.878066,-0.2528687,-8.348368,0,0,38.16382,1,1,1000,1000
465000,29:32.8,IMU,324005346,0,0.005100615,0.004245877,0.003937229,-4.880414,-0.2519401,-8.375154,0,0,38.16473,1,1,1000,1000
465128,29:32.9,IMU,324045330,0,0.005357823,0.01604404,0.001978467,-4.922019,-0.2567765,-8.738651,0,0,38.16565,1,1,1000,1000
465203,29:32.9,IMU,324085314,0,0.005925134,0.0262911,-0.003769123,-4.896544,-0.2541195,-8.488078,0,0,38.16656,1,1,1000,1000
465311,29:32.9,IMU,324125298,0,0.004792428,0.03627706,-0.0115316,-4.838708,-0.2482179,-7.965201,0,0,38.16747,1,1,999,999
465410,29:33.0,IMU,324165282,0,0.006375925,0.1248666,-0.02118124,-4.899597,-0.2565113,-8.432499,0,0,38.16838,1,1,999,999
465464,29:33.0,IMU,324205266,0,0.006195998,0.261967,-0.03156174,-4.941556,-0.2597372,-8.603786,0,0,38.16929,1,1,999,999
465565,29:33.1,IMU,324245250,0,0.004267069,0.3596347,-0.04145128,-4.981613,-0.2655856,-8.671631,0,0,38.1702,1,1,999,999
465617,29:33.1,IMU,324285234,0,0.004121005,0.41698,-0.05056338,-5.024063,-0.2704534,-8.729127,0,0,38.17111,1,1,999,999
465669,29:33.1,IMU,324325218,0,0.001500904,0.4464536,-0.05811416,-5.061698,-0.277748,-8.780261,0,0,38.172,1,1,999,999
465769,29:33.2,IMU,324365202,0,0.001637697,0.4623647,-0.06455066,-5.092224,-0.285394,-8.820878,0,0,38.17291,1,1,999,999
465823,29:33.2,IMU,324405186,0,-0.000446221,0.4700553,-0.06925566,-5.11472,-0.292135,-8.861579,0,0,38.17382,1,1,999,999
465923,29:33.3,IMU,324445170,0,-0.005014437,0.4722241,-0.07224518,-5.129445,-0.3000534,-8.903871,0,0,38.17473,1,1,999,999
465977,29:33.3,IMU,324485154,0,-0.006774012,0.4714617,-0.07382815,-5.135153,-0.3097227,-8.950612,0,0,38.17564,1,1,999,999
466029,29:33.3,IMU,324525138,0,-0.009741128,0.4700641,-0.07389659,-5.129694,-0.321436,-8.996456,0,0,38.17655,1,1,999,999
466131,29:33.4,IMU,324565122,0,-0.0112969,0.4687824,-0.07292063,-5.117533,-0.3291434,-9.0468,0,0,38.17746,1,1,999,999
466185,29:33.4,IMU,324605106,0,-0.01280659,0.4675312,-0.070904,-5.098888,-0.3397795,-9.098408,0,0,38.17837,1,1,999,999
466285,29:33.5,IMU,324645090,0,-0.01655744,0.4679898,-0.06784566,-5.07115,-0.3483206,-9.152033,0,0,38.17928,1,1,999,999
466336,29:33.5,IMU,324685074,0,-0.0187904,0.4699554,-0.06412344,-5.037525,-0.3577479,-9.211607,0,0,38.18019,1,1,999,999
466388,29:33.5,IMU,324725058,0,-0.02184342,0.4725798,-0.05971077,-4.997261,-0.3653195,-9.267217,0,0,38.18112,1,1,999,999
466488,29:33.6,IMU,324765042,0,-0.02619338,0.4777357,-0.05485873,-4.9496,-0.3745361,-9.32674,0,0,38.18203,1,1,999,999
466543,29:33.6,IMU,324805026,0,-0.02634449,0.4830243,-0.05015218,-4.89734,-0.3820797,-9.391923,0,0,38.18294,1,1,999,999
466641,29:33.7,IMU,324845010,0,-0.0262354,0.4948141,-0.04538554,-4.838528,-0.3871397,-9.457775,0,0,38.18385,1,1,999,999
466692,29:33.7,IMU,324884994,0,-0.02751012,0.5031437,-0.04023873,-4.775655,-0.3932293,-9.525261,0,0,38.18473,1,1,999,999
466744,29:33.7,IMU,324924978,0,-0.02951879,0.4939061,-0.03514739,-4.703544,-0.3965993,-9.59204,0,0,38.18564,1,1,999,999
466843,29:33.8,IMU,324964962,0,-0.02772244,0.4694028,-0.03010579,-4.628478,-0.4026653,-9.6629,0,0,38.18655,1,1,999,999
466897,29:33.8,IMU,325004946,0,-0.02977888,0.442604,-0.02500987,-4.547479,-0.4055831,-9.732907,0,0,38.18746,1,1,999,999
466998,29:33.9,IMU,325044930,0,-0.0265232,0.4088285,-0.02048343,-4.458911,-0.4069637,-9.788519,0,0,38.18837,1,1,999,999
467049,29:33.9,IMU,325084914,0,-0.02673885,0.3746805,-0.01597206,-4.369581,-0.4083797,-9.855829,0,0,38.18927,1,1,999,999
467101,29:33.9,IMU,325124898,0,-0.02382429,0.3415592,-0.01203791,-4.2751,-0.4093634,-9.909418,0,0,38.19018,1,1,1000,1000
467201,29:34.0,IMU,325164882,0,-0.01866539,0.3069227,-0.008366873,-4.17918,-0.4099959,-9.970213,0,0,38.19109,1,1,1000,1000
467255,29:34.0,IMU,325204866,0,-0.01790237,0.275679,-0.005337711,-4.081376,-0.4089169,-10.01417,0,0,38.192,1,1,1000,1000
467354,29:34.1,IMU,325244850,0,-0.01689626,0.2468875,-0.002370927,-3.984809,-0.4082617,-10.06105,0,0,38.19291,1,1,1000,1000
467405,29:34.1,IMU,325284834,0,-0.01513035,0.2154959,-9.34e-05,-3.885958,-0.4071655,-10.09017,0,0,38.19381,1,1,1000,1000
467459,29:34.1,IMU,325324818,0,-0.01446034,0.1844677,0.001933971,-3.78856,-0.4052522,-10.131,0,0,38.19472,1,1,1000,1000
467559,29:34.2,IMU,325364802,0,-0.01306122,0.1547813,0.003963469,-3.691454,-0.4033194,-10.14299,0,0,38.19563,1,1,1000,1000
467613,29:34.2,IMU,325404786,0,-0.01135529,0.1265879,0.005427812,-3.596611,-0.4008098,-10.16614,0,0,38.19653,1,1,1000,1000
467713,29:34.3,IMU,325444770,0,-0.008491691,0.1016571,0.006397682,-3.505595,-0.3983216,-10.17365,0,0,38.19744,1,1,1000,1000
467767,29:34.3,IMU,325484754,0,-0.007357973,0.07884922,0.007146753,-3.413097,-0.3952194,-10.16672,0,0,38.19835,1,1,1000,1000
467819,29:34.3,IMU,325524738,0,-0.005843308,0.06059477,0.007532422,-3.324661,-0.3930109,-10.16821,0,0,38.19926,1,1,1000,1000
467920,29:34.4,IMU,325564722,0,-0.002099681,0.04319491,0.007633687,-3.239017,-0.3897501,-10.16365,0,0,38.20016,1,1,1000,1000
467974,29:34.4,IMU,325604706,0,-0.001796054,0.02578976,0.007742187,-3.156021,-0.3867816,-10.15926,0,0,38.20107,1,1,1000,1000
468072,29:34.5,IMU,325644690,0,-0.000511265,0.009146899,0.007841138,-3.075334,-0.3843992,-10.14839,0,0,38.20197,1,1,1000,1000
468124,29:34.5,IMU,325684674,0,0.00089644,-0.006214023,0.007286571,-2.997269,-0.3808983,-10.13535,0,0,38.20288,1,1,1000,1000
468176,29:34.5,IMU,325724658,0,0.000107988,-0.02026811,0.007122317,-2.921335,-0.377804,-10.10377,0,0,38.20379,1,1,1000,1000
468275,29:34.6,IMU,325764642,0,0.001911537,-0.03588419,0.008006119,-2.849329,-0.3748979,-10.0866,0,0,38.20469,1,1,1000,1000
468330,29:34.6,IMU,325804626,0,0.002932772,-0.05043433,0.0194424,-2.778371,-0.3718253,-10.05786,0,0,38.2056,1,1,1000,1000
468428,29:34.7,IMU,325844610,0,0.001990873,-0.06464106,0.052531,-2.710377,-0.3654017,-10.03196,0,0,38.2065,1,1,1000,1000
468479,29:34.7,IMU,325884594,0,0.000946469,-0.07562282,0.1131303,-2.643002,-0.3565245,-10.00204,0,0,38.20741,1,1,1000,1000
468531,29:34.7,IMU,325924578,0,0.001275085,-0.08634858,0.2028374,-2.580232,-0.3407049,-9.971479,0,0,38.20832,1,1,1000,1000
468630,29:34.8,IMU,325965395,0,0.002443727,-0.09846903,0.3245208,-2.518461,-0.3172297,-9.938278,0,0,38.20924,1,1,1000,1000
468684,29:34.8,IMU,326005379,0,0.004179855,-0.1046132,0.4649669,-2.463422,-0.2852274,-9.908628,0,0,38.21015,1,1,1000,1000
468785,29:34.9,IMU,326045363,0,0.004644064,-0.1096785,0.6105706,-2.418456,-0.2477272,-9.876734,0,0,38.21106,1,1,1000,1000
468836,29:34.9,IMU,326085347,0,0.002919718,-0.1115156,0.7488815,-2.383514,-0.202412,-9.840413,0,0,38.21196,1,1,1000,1000
468888,29:34.9,IMU,326125331,0,0.003542823,-0.114997,0.8717378,-2.351324,-0.1529149,-9.80986,0,0,38.21286,1,1,999,999
468987,29:35.0,IMU,326165315,0,0.003611012,-0.1191773,0.9758416,-2.322215,-0.09648662,-9.780165,0,0,38.21377,1,1,999,999
469042,29:35.0,IMU,326205299,0,0.005713674,-0.1234102,1.059784,-2.288072,-0.04117154,-9.749522,0,0,38.21468,1,1,999,999
469141,29:35.1,IMU,326245283,0,0.004467051,-0.1268996,1.124807,-2.25206,0.0151978,-9.719563,0,0,38.21558,1,1,999,999
469192,29:35.1,IMU,326285267,0,0.004465311,-0.1283553,1.172461,-2.211672,0.07646564,-9.696513,0,0,38.21648,1,1,999,999
469245,29:35.1,IMU,326325251,0,0.005429639,-0.1287623,1.205381,-2.167173,0.1433603,-9.676354,0,0,38.21739,1,1,999,999
469345,29:35.2,IMU,326365235,0,0.005261894,-0.1292504,1.226004,-2.1164,0.2136247,-9.654102,0,0,38.21829,1,1,999,999
469399,29:35.2,IMU,326405219,0,0.00439269,-0.1289113,1.236674,-2.06022,0.2864376,-9.635494,0,0,38.21917,1,1,999,999
469499,29:35.3,IMU,326445203,0,0.003493667,-0.1250396,1.239862,-2.001363,0.3614133,-9.620002,0,0,38.22008,1,1,999,999
469553,29:35.3,IMU,326485187,0,0.000294205,-0.1201597,1.237141,-1.938571,0.4391099,-9.606728,0,0,38.22098,1,1,999,999
469605,29:35.3,IMU,326525171,0,-0.004328995,-0.1144845,1.230006,-1.871114,0.5186877,-9.595079,0,0,38.22189,1,1,999,999
469706,29:35.4,IMU,326565155,0,-0.008284057,-0.1078034,1.219498,-1.803099,0.5963399,-9.586457,0,0,38.22279,1,1,999,999
469760,29:35.4,IMU,326605139,0,-0.01294036,-0.1016131,1.206852,-1.732893,0.6753011,-9.577529,0,0,38.22369,1,1,999,999
469859,29:35.5,IMU,326645123,0,-0.01798551,-0.09336157,1.192761,-1.661335,0.7518951,-9.572884,0,0,38.2246,1,1,999,999
469911,29:35.5,IMU,326685107,0,-0.02409036,-0.08406803,1.177946,-1.588763,0.8273527,-9.569276,0,0,38.2255,1,1,999,999
469963,29:35.5,IMU,326725091,0,-0.02885601,-0.07370498,1.162803,-1.51737,0.9017645,-9.567699,0,0,38.2264,1,1,999,999
470062,29:35.6,IMU,326765075,0,-0.03650674,-0.0649469,1.147775,-1.442815,0.9741093,-9.561003,0,0,38.22731,1,1,999,999
470116,29:35.6,IMU,326805059,0,-0.0396207,-0.05779748,1.133059,-1.370811,1.043825,-9.564906,0,0,38.22823,1,1,999,999
470215,29:35.7,IMU,326845043,0,-0.04733597,-0.04802382,1.119151,-1.297839,1.111101,-9.563574,0,0,38.22913,1,1,999,999
470266,29:35.7,IMU,326885027,0,-0.05331724,-0.03943146,1.10606,-1.225253,1.174291,-9.566906,0,0,38.23004,1,1,999,999
470318,29:35.7,IMU,326925011,0,-0.05938489,-0.03010317,1.094198,-1.154814,1.237194,-9.564901,0,0,38.23094,1,1,999,999
470417,29:35.8,IMU,326964995,0,-0.06389509,-0.02420759,1.083574,-1.083984,1.296715,-9.569805,0,0,38.23182,1,1,999,999
470471,29:35.8,IMU,327004979,0,-0.06548683,-0.01870179,1.07441,-1.012535,1.353015,-9.566967,0,0,38.23272,1,1,999,999
470572,29:35.9,IMU,327044963,0,-0.07156575,-0.01107453,1.066712,-0.9441615,1.407906,-9.574295,0,0,38.23362,1,1,999,999
470623,29:35.9,IMU,327084947,0,-0.07337707,-0.005029124,1.06039,-0.8755378,1.457596,-9.574119,0,0,38.23453,1,1,999,999
470675,29:35.9,IMU,327124931,0,-0.07457683,0.002654356,1.055492,-0.8078378,1.506771,-9.570892,0,0,38.23543,1,1,999,999
470774,29:36.0,IMU,327164915,0,-0.07898591,0.006785368,1.051783,-0.7410372,1.550854,-9.572166,0,0,38.23633,1,1,999,999
470829,29:36.0,IMU,327204899,0,-0.07839911,0.01132716,1.049,-0.6757119,1.594788,-9.580256,0,0,38.23723,1,1,999,999
470928,29:36.1,IMU,327244883,0,-0.07765457,0.01464894,1.047215,-0.6094385,1.633573,-9.569777,0,0,38.23814,1,1,999,999
470979,29:36.1,IMU,327284867,0,-0.08108902,0.01801982,1.04621,-0.5462039,1.671647,-9.574717,0,0,38.23904,1,1,999,999
471032,29:36.1,IMU,327324851,0,-0.07825571,0.02202783,1.045887,-0.4830443,1.703918,-9.576186,0,0,38.23994,1,1,999,999
471132,29:36.2,IMU,327364835,0,-0.07732538,0.0229073,1.046075,-0.4220982,1.735509,-9.574215,0,0,38.24084,1,1,999,999
471186,29:36.2,IMU,327404819,0,-0.07461997,0.02451972,1.046439,-0.3607017,1.762717,-9.581113,0,0,38.24174,1,1,999,999
471286,29:36.3,IMU,327444803,0,-0.06814259,0.0261262,1.047198,-0.3017204,1.786544,-9.583039,0,0,38.24264,1,1,999,999
471340,29:36.3,IMU,327484787,0,-0.06782864,0.0247446,1.048036,-0.2439227,1.806764,-9.579111,0,0,38.24354,1,1,999,999
471392,29:36.3,IMU,327524771,0,-0.06319349,0.02206307,1.049263,-0.1894591,1.82323,-9.590556,0,0,38.24444,1,1,999,999
471493,29:36.4,IMU,327564755,0,-0.05677525,0.01959394,1.050388,-0.1354662,1.835805,-9.590336,0,0,38.24534,1,1,999,999
471547,29:36.4,IMU,327604739,0,-0.04811789,0.01827708,1.051431,-0.08135095,1.846151,-9.595603,0,0,38.24624,1,1,999,999
471645,29:36.5,IMU,327644723,0,-0.04126303,0.01280935,1.052487,-0.03055443,1.848796,-9.601125,0,0,38.24714,1,1,999,999
471696,29:36.5,IMU,327684707,0,-0.0366779,0.00520621,1.053597,0.01774479,1.849758,-9.605293,0,0,38.24804,1,1,999,999
471749,29:36.5,IMU,327724691,0,-0.03415639,-0.001119695,1.054619,0.06844362,1.846554,-9.620076,0,0,38.24894,1,1,999,999
471848,29:36.6,IMU,327764675,0,-0.02937254,-0.007817016,1.055678,0.1232452,1.839375,-9.628893,0,0,38.24984,1,1,999,999
471902,29:36.6,IMU,327804659,0,-0.02706808,-0.01243609,1.056853,0.1808885,1.827416,-9.634552,0,0,38.25074,1,1,999,999
472001,29:36.7,IMU,327844643,0,-0.0241796,-0.01585937,1.057696,0.2403665,1.810298,-9.635941,0,0,38.25164,1,1,999,999
472052,29:36.7,IMU,327884627,0,-0.02149223,-0.01749493,1.058392,0.3016692,1.788946,-9.639631,0,0,38.25254,1,1,999,999
472104,29:36.7,IMU,327924611,0,-0.01691702,-0.0177317,1.058872,0.3683624,1.762968,-9.65287,0,0,38.25344,1,1,999,999
472205,29:36.8,IMU,327964595,0,-0.01171737,-0.01886675,1.059305,0.4328818,1.736132,-9.661465,0,0,38.25434,1,1,999,999
472259,29:36.8,IMU,328004579,0,-0.005828858,-0.01679884,1.059728,0.5028229,1.7017,-9.662631,0,0,38.25524,1,1,999,999
472360,29:36.9,IMU,328045396,0,-0.001964473,-0.009489656,1.060169,0.5732108,1.662947,-9.664183,0,0,38.25616,1,1,999,999
472411,29:36.9,IMU,328085380,0,0.003843287,-0.003634763,1.060133,0.6460177,1.622852,-9.670707,0,0,38.25706,1,1,999,999
472463,29:36.9,IMU,328125364,0,0.01056862,0.001986377,1.060127,0.7180595,1.576644,-9.669534,0,0,38.25796,1,1,1000,1000
472562,29:37.0,IMU,328165348,0,0.01722918,0.009593117,1.059812,0.7910881,1.529581,-9.670111,0,0,38.25886,1,1,1000,1000
472616,29:37.0,IMU,328205332,0,0.02316876,0.01714534,1.059425,0.8621964,1.480397,-9.672271,0,0,38.25976,1,1,1000,1000
472716,29:37.1,IMU,328245316,0,0.0273653,0.02427504,1.059193,0.9356496,1.424792,-9.669687,0,0,38.26066,1,1,1000,1000
472767,29:37.1,IMU,328285300,0,0.03437019,0.03180069,1.058769,1.008805,1.368417,-9.656242,0,0,38.26156,1,1,1000,1000
472819,29:37.1,IMU,328325284,0,0.04027377,0.03607193,1.058435,1.082003,1.310128,-9.654449,0,0,38.26245,1,1,1000,1000
472920,29:37.2,IMU,328365268,0,0.0465286,0.0380819,1.057981,1.153583,1.247742,-9.645935,0,0,38.26336,1,1,1000,1000
472974,29:37.2,IMU,328405252,0,0.05609681,0.04056673,1.057573,1.223568,1.184663,-9.649957,0,0,38.26425,1,1,1000,1000
473074,29:37.3,IMU,328445236,0,0.06204821,0.0423759,1.057199,1.292588,1.11923,-9.639139,0,0,38.26515,1,1,1000,1000
473128,29:37.3,IMU,328485220,0,0.06588191,0.04462972,1.057003,1.359127,1.054064,-9.631417,0,0,38.26603,1,1,1000,1000
473180,29:37.3,IMU,328525204,0,0.06856117,0.04781045,1.056986,1.423524,0.9863452,-9.630747,0,0,38.26692,1,1,1000,1000
473281,29:37.4,IMU,328565188,0,0.06945199,0.0508523,1.057163,1.487153,0.9171534,-9.618363,0,0,38.26782,1,1,1000,1000
473335,29:37.4,IMU,328605172,0,0.07502463,0.04700755,1.057009,1.547969,0.8471741,-9.607353,0,0,38.26872,1,1,1000,1000
473433,29:37.5,IMU,328645156,0,0.07934625,0.04992956,1.057299,1.604117,0.7755141,-9.601745,0,0,38.26962,1,1,1000,1000
473484,29:37.5,IMU,328685140,0,0.07992908,0.05481493,1.057199,1.657627,0.7061702,-9.590104,0,0,38.27052,1,1,1000,1000
473536,29:37.5,IMU,328725124,0,0.07835977,0.05449109,1.057145,1.708953,0.634427,-9.577686,0,0,38.27141,1,1,1000,1000
473636,29:37.6,IMU,328765108,0,0.08140558,0.05590685,1.057105,1.75569,0.5637354,-9.568068,0,0,38.27231,1,1,1000,1000
473690,29:37.6,IMU,328805092,0,0.08230172,0.05574575,1.056938,1.797186,0.4936829,-9.554743,0,0,38.2732,1,1,1000,1000
473789,29:37.7,IMU,328845076,0,0.080962,0.05346965,1.056839,1.835369,0.4254822,-9.543943,0,0,38.2741,1,1,1000,1000
473840,29:37.7,IMU,328885060,0,0.08101887,0.0566422,1.056719,1.869613,0.3579015,-9.542215,0,0,38.27502,1,1,1000,1000
473892,29:37.7,IMU,328925044,0,0.08076368,0.05701108,1.056773,1.898214,0.2909589,-9.513078,0,0,38.27592,1,1,1000,1000
473991,29:37.8,IMU,328965028,0,0.07428648,0.05250782,1.056247,1.922063,0.2272001,-9.511501,0,0,38.27681,1,1,1000,1000
474045,29:37.8,IMU,329005012,0,0.07453188,0.05344916,1.055973,1.940857,0.1639805,-9.501051,0,0,38.27771,1,1,1000,1000
474146,29:37.9,IMU,329044996,0,0.07472841,0.05512538,1.055773,1.952783,0.1042411,-9.483173,0,0,38.27858,1,1,1000,1000
474197,29:37.9,IMU,329084980,0,0.0704227,0.05119381,1.055439,1.962051,0.04707799,-9.476589,0,0,38.27948,1,1,1000,1000
474249,29:37.9,IMU,329124964,0,0.06470494,0.04790853,1.05492,1.964771,-0.008390388,-9.471079,0,0,38.28038,1,1,999,999
474348,29:38.0,IMU,329164948,0,0.05894897,0.04600014,1.054555,1.96213,-0.06612887,-9.462859,0,0,38.28127,1,1,999,999
474402,29:38.0,IMU,329204932,0,0.05360526,0.04249904,1.054446,1.954237,-0.1256267,-9.459301,0,0,38.28217,1,1,999,999
474502,29:38.1,IMU,329244916,0,0.04886293,0.03547728,1.054513,1.938964,-0.1908797,-9.450956,0,0,38.28306,1,1,999,999
474553,29:38.1,IMU,329284900,0,0.04454321,0.02917201,1.054577,1.921886,-0.2590534,-9.453666,0,0,38.28396,1,1,999,999
474605,29:38.1,IMU,329324884,0,0.04067241,0.01765713,1.05483,1.896298,-0.3311215,-9.450033,0,0,38.28485,1,1,999,999
474707,29:38.2,IMU,329364868,0,0.03249081,0.004458634,1.054999,1.867139,-0.4067497,-9.454185,0,0,38.28575,1,1,999,999
474762,29:38.2,IMU,329404852,0,0.02540574,-0.008030406,1.055198,1.832775,-0.4836224,-9.457701,0,0,38.28664,1,1,999,999
474862,29:38.3,IMU,329444836,0,0.01881038,-0.01929656,1.055366,1.793478,-0.5653718,-9.462754,0,0,38.28754,1,1,999,999
474919,29:38.3,IMU,329484820,0,0.01447228,-0.02817549,1.055519,1.749142,-0.6495318,-9.471301,0,0,38.28843,1,1,999,999
474971,29:38.3,IMU,329524804,0,0.01140024,-0.03925315,1.055863,1.698893,-0.7343562,-9.47699,0,0,38.28933,1,1,999,999
475072,29:38.4,IMU,329564788,0,0.009230744,-0.04888335,1.056069,1.644492,-0.8204284,-9.479172,0,0,38.29023,1,1,999,999
475126,29:38.4,IMU,329604772,0,0.006461217,-0.05773776,1.05639,1.585439,-0.9070797,-9.483309,0,0,38.29112,1,1,999,999
475224,29:38.5,IMU,329644756,0,0.005086503,-0.06832489,1.056862,1.523988,-0.9951739,-9.489935,0,0,38.29201,1,1,999,999
475275,29:38.5,IMU,329684740,0,0.002797033,-0.08060634,1.057193,1.456947,-1.082951,-9.497059,0,0,38.29291,1,1,999,999
475327,29:38.5,IMU,329724724,0,-0.000493104,-0.09447116,1.057556,1.388171,-1.169584,-9.506495,0,0,38.2938,1,1,999,999
475427,29:38.6,IMU,329764708,0,-0.006052061,-0.1075746,1.057887,1.314256,-1.255862,-9.522327,0,0,38.2947,1,1,999,999
475481,29:38.6,IMU,329804692,0,-0.01097675,-0.1195832,1.058289,1.237625,-1.340592,-9.531416,0,0,38.29559,1,1,999,999
475580,29:38.7,IMU,329844676,0,-0.01818386,-0.1273833,1.058467,1.159987,-1.42284,-9.542162,0,0,38.29649,1,1,999,999
475631,29:38.7,IMU,329884660,0,-0.02211215,-0.1330302,1.057924,1.08028,-1.503,-9.5556,0,0,38.29738,1,1,999,999
475683,29:38.7,IMU,329924644,0,-0.02481042,-0.1390277,1.049491,1.000143,-1.579757,-9.570207,0,0,38.29827,1,1,999,999
475782,29:38.8,IMU,329964628,0,-0.02787082,-0.1429171,1.025073,0.919206,-1.653406,-9.587185,0,0,38.29916,1,1,999,999
475836,29:38.8,IMU,330004612,0,-0.02993589,-0.1451662,0.9821804,0.840831,-1.718147,-9.594269,0,0,38.30006,1,1,999,999
475937,29:38.9,IMU,330044596,0,-0.03052313,-0.1474694,0.9223108,0.7639807,-1.775806,-9.610026,0,0,38.30095,1,1,999,999
475988,29:38.9,IMU,330084580,0,-0.03069641,-0.1484328,0.8483809,0.6913581,-1.824734,-9.622872,0,0,38.30185,1,1,999,999
476040,29:38.9,IMU,330125397,0,-0.03065098,-0.1473783,0.7619156,0.622648,-1.867267,-9.641386,0,0,38.30276,1,1,1000,1000
476139,29:39.0,IMU,330165381,0,-0.02973782,-0.1463574,0.6710275,0.5623055,-1.900439,-9.657006,0,0,38.30365,1,1,1000,1000
476193,29:39.0,IMU,330205365,0,-0.03134152,-0.1457962,0.5782224,0.5092764,-1.926143,-9.673165,0,0,38.30455,1,1,1000,1000
476292,29:39.1,IMU,330245349,0,-0.03155069,-0.1450869,0.4864783,0.4625561,-1.946668,-9.69117,0,0,38.30544,1,1,1000,1000
476344,29:39.1,IMU,330285333,0,-0.03149281,-0.1432458,0.3983211,0.4222154,-1.960301,-9.710661,0,0,38.30633,1,1,1000,1000
476396,29:39.1,IMU,330325317,0,-0.03297295,-0.1447584,0.3160669,0.3883209,-1.971139,-9.729189,0,0,38.30722,1,1,1000,1000
476496,29:39.2,IMU,330365301,0,-0.03140822,-0.1392276,0.2408495,0.3563863,-1.977195,-9.746588,0,0,38.30811,1,1,1000,1000
476551,29:39.2,IMU,330405285,0,-0.03257262,-0.1401726,0.1738823,0.3319166,-1.981231,-9.770478,0,0,38.30901,1,1,1000,1000
476652,29:39.3,IMU,330445269,0,-0.03352261,-0.1384922,0.1154614,0.309953,-1.983696,-9.791104,0,0,38.3099,1,1,1000,1000
476706,29:39.3,IMU,330485253,0,-0.03383606,-0.1375346,0.06567074,0.2923732,-1.982818,-9.812704,0,0,38.31079,1,1,1000,1000
476758,29:39.3,IMU,330525237,0,-0.03528789,-0.1363362,0.02419513,0.2761107,-1.98391,-9.836039,0,0,38.31168,1,1,1000,1000
476859,29:39.4,IMU,330565221,0,-0.03565907,-0.1382665,-0.008578302,0.2605456,-1.977217,-9.855299,0,0,38.31255,1,1,1000,1000
476913,29:39.4,IMU,330605205,0,-0.03596003,-0.1377506,-0.03514306,0.2477517,-1.974793,-9.876908,0,0,38.31345,1,1,1000,1000
477011,29:39.5,IMU,330645189,0,-0.03531358,-0.1363976,-0.05532258,0.2366936,-1.96906,-9.901689,0,0,38.31433,1,1,1000,1000
477062,29:39.5,IMU,330685173,0,-0.03194801,-0.1358146,-0.06954983,0.2251965,-1.965744,-9.9218,0,0,38.31523,1,1,1000,1000
477114,29:39.5,IMU,330725157,0,-0.026319,-0.1343603,-0.07891297,0.2152643,-1.959803,-9.941999,0,0,38.31612,1,1,1000,1000
477213,29:39.6,IMU,330765141,0,-0.01911702,-0.1328681,-0.08379265,0.2030229,-1.952946,-9.955976,0,0,38.31701,1,1,1000,1000
477268,29:39.6,IMU,330805125,0,-0.01078593,-0.1303377,-0.08490561,0.1920601,-1.947619,-9.971834,0,0,38.3179,1,1,1000,1000
477367,29:39.7,IMU,330845109,0,-0.001458109,-0.1279568,-0.08272015,0.1798447,-1.941031,-9.982149,0,0,38.31879,1,1,1000,1000
477418,29:39.7,IMU,330885093,0,0.006100874,-0.1279694,-0.07771555,0.1685848,-1.934439,-9.991488,0,0,38.31968,1,1,1000,1000
477470,29:39.7,IMU,330925077,0,0.01267155,-0.1259694,-0.07059991,0.1548683,-1.929821,-10.00006,0,0,38.32057,1,1,1000,1000
477570,29:39.8,IMU,330965061,0,0.01854628,-0.1235583,-0.06206514,0.1423476,-1.923539,-10.00735,0,0,38.32149,1,1,1000,1000
477624,29:39.8,IMU,331005045,0,0.0221013,-0.1219785,-0.05232534,0.128082,-1.917452,-10.01126,0,0,38.32238,1,1,1000,1000
477725,29:39.9,IMU,331045029,0,0.0252374,-0.121128,-0.04253369,0.1143946,-1.914094,-10.02437,0,0,38.32327,1,1,1000,1000
477776,29:39.9,IMU,331085013,0,0.02700214,-0.1228647,-0.0326144,0.09919133,-1.9097,-10.03125,0,0,38.32416,1,1,1000,1000
477828,29:39.9,IMU,331124997,0,0.02599232,-0.1224101,-0.02332554,0.08273605,-1.906866,-10.03494,0,0,38.32502,1,1,999,999
477927,29:40.0,IMU,331164981,0,0.02332636,-0.1223848,-0.01451177,0.06582297,-1.903734,-10.04408,0,0,38.32592,1,1,999,999
477981,29:40.0,IMU,331204965,0,0.02393252,-0.1257999,-0.006492084,0.04840682,-1.901033,-10.04834,0,0,38.32681,1,1,999,999
478081,29:40.1,IMU,331244949,0,0.02197291,-0.1241109,0.000280673,0.03200554,-1.89784,-10.05162,0,0,38.32769,1,1,999,999
478133,29:40.1,IMU,331284933,0,0.02043616,-0.1207162,0.005874362,0.01356368,-1.895837,-10.05899,0,0,38.32858,1,1,999,999
478185,29:40.1,IMU,331324917,0,0.0195293,-0.1187469,0.01053219,-0.003971372,-1.895269,-10.06452,0,0,38.32947,1,1,999,999
478285,29:40.2,IMU,331364901,0,0.02036262,-0.1131448,0.01406446,-0.02300249,-1.891987,-10.06813,0,0,38.33036,1,1,999,999
478340,29:40.2,IMU,331404885,0,0.01877446,-0.1034131,0.01641504,-0.04037286,-1.890817,-10.07569,0,0,38.33125,1,1,999,999
478440,29:40.3,IMU,331444869,0,0.01747461,-0.088928,0.01766634,-0.06209796,-1.890443,-10.08145,0,0,38.33214,1,1,999,999
478494,29:40.3,IMU,331484853,0,0.0161915,-0.08152697,0.01855255,-0.08224329,-1.888901,-10.08467,0,0,38.33303,1,1,999,999
478546,29:40.3,IMU,331524837,0,0.01502207,-0.06851871,0.01857379,-0.1037351,-1.887457,-10.08502,0,0,38.33392,1,1,999,999
478647,29:40.4,IMU,331564821,0,0.01406129,-0.06152715,0.01816984,-0.1257167,-1.88502,-10.08225,0,0,38.33481,1,1,999,999
478701,29:40.4,IMU,331604805,0,0.0131893,-0.05308898,0.01725134,-0.1494995,-1.884738,-10.08302,0,0,38.3357,1,1,999,999
478799,29:40.5,IMU,331644789,0,0.01319345,-0.04864233,0.01615595,-0.1732991,-1.88306,-10.07522,0,0,38.33659,1,1,999,999
478850,29:40.5,IMU,331684773,0,0.01230155,-0.04691086,0.01504078,-0.1959155,-1.882872,-10.07473,0,0,38.33747,1,1,999,999
478902,29:40.5,IMU,331724757,0,0.01153631,-0.04108412,0.01348353,-0.2198168,-1.879847,-10.06855,0,0,38.33836,1,1,999,999
479001,29:40.6,IMU,331764741,0,0.01076863,-0.04203662,0.01195649,-0.2442405,-1.879463,-10.05945,0,0,38.33925,1,1,999,999
479056,29:40.6,IMU,331804725,0,0.01281898,-0.04602622,0.01067872,-0.2680762,-1.877647,-10.06028,0,0,38.34014,1,1,999,999
479154,29:40.7,IMU,331844709,0,0.01334221,-0.04877967,0.009452628,-0.294772,-1.878371,-10.05365,0,0,38.34103,1,1,999,999
479206,29:40.7,IMU,331884693,0,0.009412899,-0.04706701,0.008405903,-0.3167517,-1.87633,-10.05104,0,0,38.34191,1,1,999,999
479258,29:40.7,IMU,331924677,0,0.008865205,-0.047049,0.007460186,-0.3425941,-1.876941,-10.04715,0,0,38.3428,1,1,999,999
479358,29:40.8,IMU,331964661,0,0.00660313,-0.05008604,0.007020012,-0.3681047,-1.876035,-10.0499,0,0,38.34369,1,1,999,999
479414,29:40.8,IMU,332004645,0,0.006481511,-0.05224603,0.006761326,-0.3938972,-1.874697,-10.03752,0,0,38.34457,1,1,999,999
479515,29:40.9,IMU,332044629,0,0.003854665,-0.05416052,0.006367453,-0.4203393,-1.87613,-10.049,0,0,38.34546,1,1,999,999
479566,29:40.9,IMU,332084613,0,0.003414985,-0.0558778,0.006470354,-0.4450496,-1.874894,-10.0398,0,0,38.34635,1,1,999,999
479618,29:40.9,IMU,332124597,0,0.003414978,-0.05941402,0.006516476,-0.4716247,-1.873685,-10.02797,0,0,38.34724,1,1,999,999
479717,29:41.0,IMU,332164581,0,0.001549472,-0.0634336,0.006856701,-0.4982705,-1.874973,-10.03841,0,0,38.34813,1,1,999,999
479771,29:41.0,IMU,332205398,0,0.001932041,-0.06134184,0.007016688,-0.5260183,-1.874086,-10.03025,0,0,38.34903,1,1,999,999
479870,29:41.1,IMU,332245382,0,-0.000611803,-0.06003591,0.007087067,-0.5539206,-1.875009,-10.02421,0,0,38.34992,1,1,999,999
479921,29:41.1,IMU,332285366,0,0.003443009,-0.06375253,0.00748658,-0.5804976,-1.874631,-10.03108,0,0,38.35081,1,1,999,999
479974,29:41.1,IMU,332325350,0,-0.00011316,-0.07042385,0.008025291,-0.6093728,-1.873755,-10.02666,0,0,38.35169,1,1,999,999
480074,29:41.2,IMU,332365334,0,-0.002021638,-0.07080857,0.008451652,-0.6372089,-1.873278,-10.02101,0,0,38.35258,1,1,999,999
480129,29:41.2,IMU,332405318,0,-0.002366018,-0.07322923,0.008795233,-0.6653979,-1.874056,-10.02017,0,0,38.35347,1,1,999,999
480229,29:41.3,IMU,332445302,0,-0.002524246,-0.07444032,0.009228445,-0.693895,-1.874217,-10.02466,0,0,38.35435,1,1,999,999
480284,29:41.3,IMU,332485286,0,-0.001016208,-0.07074225,0.009706996,-0.72281,-1.874522,-10.01399,0,0,38.35524,1,1,999,999
480336,29:41.3,IMU,332525270,0,-0.00223372,-0.06728972,0.009903509,-0.7526524,-1.873916,-10.0217,0,0,38.35612,1,1,999,999
480437,29:41.4,IMU,332565254,0,-0.002821655,-0.0631316,0.01021683,-0.7837036,-1.873721,-10.01424,0,0,38.35701,1,1,999,999
480491,29:41.4,IMU,332605238,0,-0.002118729,-0.0511357,0.01008364,-0.8125263,-1.873892,-10.01114,0,0,38.35789,1,1,999,999
480590,29:41.5,IMU,332645222,0,-0.00324346,-0.04436063,0.009622003,-0.8431275,-1.872366,-10.0051,0,0,38.35876,1,1,999,999
480641,29:41.5,IMU,332685206,0,-0.004171846,-0.03464508,0.009416308,-0.8745406,-1.872556,-10.00517,0,0,38.35965,1,1,999,999
480693,29:41.5,IMU,332725190,0,-0.001051921,-0.02313915,0.008874179,-0.907398,-1.871284,-9.995314,0,0,38.36053,1,1,999,999
480792,29:41.6,IMU,332765174,0,-0.000611681,-0.01506725,0.008439819,-0.9389873,-1.870007,-9.989655,0,0,38.36142,1,1,999,999
480846,29:41.6,IMU,332805158,0,-0.00017651,-0.005746969,0.007706129,-0.9712062,-1.870486,-9.972823,0,0,38.3623,1,1,999,999
480945,29:41.7,IMU,332845142,0,0.000212602,0.000280773,0.006987121,-1.004719,-1.86772,-9.963854,0,0,38.36319,1,1,999,999
480997,29:41.7,IMU,332885126,0,0.000659454,0.004048359,0.00629995,-1.034893,-1.866901,-9.953418,0,0,38.36407,1,1,999,999
481049,29:41.7,IMU,332925110,0,0.000909884,0.00641164,0.005567268,-1.066669,-1.866885,-9.939318,0,0,38.36496,1,1,999,999
481148,29:41.8,IMU,332965094,0,0.001224054,0.007163059,0.004965008,-1.099039,-1.865203,-9.929296,0,0,38.36584,1,1,999,999
481202,29:41.8,IMU,333005078,0,0.001559875,0.006784083,0.004432311,-1.129985,-1.86343,-9.915776,0,0,38.36672,1,1,999,999
481303,29:41.9,IMU,333045062,0,0.00175493,0.006210698,0.003817647,-1.160344,-1.862204,-9.90274,0,0,38.36763,1,1,999,999
481354,29:41.9,IMU,333085046,0,0.001988391,0.01086246,0.003170279,-1.191001,-1.861367,-9.887829,0,0,38.36852,1,1,999,999
481406,29:41.9,IMU,333125030,0,0.000250363,0.00864649,0.002876874,-1.221198,-1.860178,-9.874009,0,0,38.3694,1,1,1000,1000
481505,29:42.0,IMU,333165014,0,0.000683268,0.00540055,0.002635086,-1.251052,-1.858302,-9.861235,0,0,38.37028,1,1,1000,1000
481559,29:42.0,IMU,333204998,0,0.001032794,0.002926833,0.002352634,-1.280164,-1.85815,-9.847849,0,0,38.37114,1,1,1000,1000
481658,29:42.1,IMU,333244982,0,0.001344942,-0.000281776,0.002314081,-1.308916,-1.856739,-9.834482,0,0,38.37203,1,1,1000,1000
481710,29:42.1,IMU,333284966,0,0.001215187,-0.001602763,0.002224117,-1.337163,-1.857299,-9.821948,0,0,38.37291,1,1,1000,1000
481762,29:42.1,IMU,333324950,0,-0.001993263,-0.003116016,0.002159552,-1.365108,-1.856141,-9.813929,0,0,38.37379,1,1,1000,1000
481862,29:42.2,IMU,333364934,0,-0.003658323,-0.003906523,0.002302352,-1.392627,-1.855826,-9.808018,0,0,38.37468,1,1,1000,1000
481918,29:42.2,IMU,333404918,0,-0.002860254,-0.004847449,0.002520154,-1.420851,-1.85451,-9.795362,0,0,38.37556,1,1,1000,1000
482018,29:42.3,IMU,333444902,0,-0.000952821,-0.005357089,0.002716888,-1.447858,-1.854248,-9.784261,0,0,38.37645,1,1,1000,1000
482072,29:42.3,IMU,333484886,0,0.000183299,-0.006167159,0.00290173,-1.474816,-1.853478,-9.773426,0,0,38.37733,1,1,1000,1000
482124,29:42.3,IMU,333524870,0,0.001916053,-0.005859134,0.003086117,-1.502151,-1.852657,-9.764013,0,0,38.37821,1,1,1000,1000
482225,29:42.4,IMU,333564854,0,0.003503144,-0.005930078,0.003292586,-1.527566,-1.851824,-9.751701,0,0,38.37909,1,1,1000,1000
482279,29:42.4,IMU,333604838,0,0.004130453,-0.00519312,0.003386917,-1.554348,-1.850583,-9.741991,0,0,38.37998,1,1,1000,1000
482378,29:42.5,IMU,333644822,0,0.004170491,-0.004465186,0.003488859,-1.578908,-1.84868,-9.735164,0,0,38.38086,1,1,1000,1000
482429,29:42.5,IMU,333684806,0,0.004261889,-0.002804211,0.003574956,-1.604748,-1.847081,-9.724501,0,0,38.38174,1,1,1000,1000
482481,29:42.5,IMU,333724790,0,0.004352349,-0.000324099,0.003361807,-1.630099,-1.846648,-9.713587,0,0,38.38263,1,1,1000,1000
482580,29:42.6,IMU,333764774,0,0.004544586,-4.81e-05,0.003273703,-1.654885,-1.846325,-9.703527,0,0,38.38351,1,1,1000,1000
482634,29:42.6,IMU,333804758,0,0.00445961,0.000483106,0.002945207,-1.67907,-1.843858,-9.69213,0,0,38.38439,1,1,1000,1000
482733,29:42.7,IMU,333844742,0,0.002936458,0.003335066,0.002740961,-1.702896,-1.843687,-9.681696,0,0,38.38527,1,1,1000,1000
482785,29:42.7,IMU,333884726,0,0.002273601,0.002426573,0.002535604,-1.726699,-1.843146,-9.669868,0,0,38.38615,1,1,1000,1000
482837,29:42.7,IMU,333924710,0,0.002546872,0.000390227,0.002690371,-1.751129,-1.841841,-9.659561,0,0,38.38704,1,1,1000,1000
482937,29:42.8,IMU,333964694,0,0.003824519,0.002455304,0.002826334,-1.774019,-1.840952,-9.650379,0,0,38.38792,1,1,1000,1000
482991,29:42.8,IMU,334004678,0,0.005039115,0.004828483,0.002914543,-1.795909,-1.841545,-9.644001,0,0,38.3888,1,1,1000,1000
483092,29:42.9,IMU,334044662,0,0.004724155,0.008671934,0.002917972,-1.819052,-1.839222,-9.626362,0,0,38.38968,1,1,1000,1000
483143,29:42.9,IMU,334084646,0,0.006060405,0.01136311,0.002615755,-1.84069,-1.838917,-9.620791,0,0,38.39056,1,1,1000,1000
483195,29:42.9,IMU,334124630,0,0.008050168,0.01251063,0.002434322,-1.864179,-1.838316,-9.609585,0,0,38.39144,1,1,999,999
483294,29:43.0,IMU,334164614,0,0.008234738,0.01403982,0.002287767,-1.885504,-1.83858,-9.601905,0,0,38.39232,1,1,999,999
483348,29:43.0,IMU,334204598,0,0.005830706,0.01540866,0.002205268,-1.906422,-1.835521,-9.589615,0,0,38.3932,1,1,999,999
483447,29:43.1,IMU,334244582,0,0.006136843,0.01795616,0.001826879,-1.927368,-1.834488,-9.579386,0,0,38.39408,1,1,999,999
483499,29:43.1,IMU,334285399,0,0.00590957,0.02487293,0.001396506,-1.947919,-1.83414,-9.573503,0,0,38.39499,1,1,999,999
483551,29:43.1,IMU,334325383,0,0.005692482,0.02862255,0.001347386,-1.968557,-1.834233,-9.560148,0,0,38.39587,1,1,999,999
483654,29:43.2,IMU,334365367,0,0.006506128,0.02567993,0.001457009,-1.987842,-1.832949,-9.550763,0,0,38.39675,1,1,999,999
483710,29:43.2,IMU,334405351,0,0.008733579,0.02330441,0.001413227,-2.007519,-1.831736,-9.539036,0,0,38.39763,1,1,999,999
483810,29:43.3,IMU,334445335,0,0.008971473,0.02665705,0.000906554,-2.025178,-1.832249,-9.532106,0,0,38.39851,1,1,999,999
483864,29:43.3,IMU,334485319,0,0.007809049,0.0304613,0.000544701,-2.044212,-1.831048,-9.518394,0,0,38.39939,1,1,999,999
483916,29:43.3,IMU,334525303,0,0.00745273,0.03365595,5.398693e-05,-2.06106,-1.829517,-9.514143,0,0,38.40027,1,1,999,999
484017,29:43.4,IMU,334565287,0,0.007073689,0.03688371,-0.00041942,-2.078092,-1.831568,-9.509856,0,0,38.40115,1,1,999,999
484071,29:43.4,IMU,334605271,0,0.007849278,0.03468832,-0.000201037,-2.093946,-1.829683,-9.493221,0,0,38.40203,1,1,999,999
484170,29:43.5,IMU,334645255,0,0.00764715,0.03421646,-0.000358853,-2.110404,-1.829275,-9.486471,0,0,38.40291,1,1,999,999
484221,29:43.5,IMU,334685239,0,0.006379683,0.03721449,-0.00046639,-2.12724,-1.82978,-9.481264,0,0,38.40379,1,1,999,999
484273,29:43.5,IMU,334725223,0,0.008253624,0.03866169,-0.000737051,-2.140861,-1.829546,-9.468975,0,0,38.40465,1,1,999,999
484372,29:43.6,IMU,334765207,0,0.007697736,0.03873653,-0.000956356,-2.155505,-1.829603,-9.464969,0,0,38.40553,1,1,999,999
484426,29:43.6,IMU,334805191,0,0.007499849,0.03993377,-0.000731696,-2.169204,-1.830048,-9.462107,0,0,38.4064,1,1,999,999
484524,29:43.7,IMU,334845175,0,0.006868336,0.04372051,-0.001033065,-2.181581,-1.829301,-9.44104,0,0,38.40728,1,1,999,999
484576,29:43.7,IMU,334885159,0,0.009144729,0.04717857,-0.001470012,-2.196246,-1.829031,-9.433287,0,0,38.40816,1,1,999,999
484629,29:43.7,IMU,334925143,0,0.00848417,0.05203441,-0.001717228,-2.208621,-1.830881,-9.437201,0,0,38.40904,1,1,999,999
484729,29:43.8,IMU,334965127,0,0.008242149,0.05347076,-0.001648619,-2.220057,-1.829552,-9.427479,0,0,38.40992,1,1,999,999
484783,29:43.8,IMU,335005111,0,0.007408708,0.05323647,-0.001992046,-2.230757,-1.830285,-9.412909,0,0,38.4108,1,1,999,999
484884,29:43.9,IMU,335045095,0,0.007069145,0.05756582,-0.002236136,-2.241405,-1.830376,-9.412998,0,0,38.41167,1,1,999,999
484935,29:43.9,IMU,335085079,0,0.006822355,0.06280764,-0.002453513,-2.251922,-1.831359,-9.406797,0,0,38.41256,1,1,999,999
484987,29:43.9,IMU,335125063,0,0.005901586,0.06173695,-0.002544063,-2.261131,-1.830513,-9.398568,0,0,38.41346,1,1,1000,1000
485086,29:44.0,IMU,335165047,0,0.007890468,0.06972453,-0.003086946,-2.271384,-1.832994,-9.394659,0,0,38.41433,1,1,1000,1000
485140,29:44.0,IMU,335205031,0,0.009955781,0.06641952,-0.003328585,-2.276799,-1.832721,-9.376112,0,0,38.41521,1,1,1000,1000
485239,29:44.1,IMU,335245015,0,0.006675661,0.05785359,-0.003216779,-2.285998,-1.832166,-9.372498,0,0,38.41609,1,1,1000,1000
485291,29:44.1,IMU,335284999,0,0.006445867,0.04401048,-0.002948786,-2.291306,-1.8346,-9.376289,0,0,38.41695,1,1,1000,1000
485343,29:44.1,IMU,335324983,0,0.006302343,0.03130564,-0.002490247,-2.296251,-1.834602,-9.365302,0,0,38.41782,1,1,1000,1000
485442,29:44.2,IMU,335364967,0,0.005927629,0.01853874,-0.001731467,-2.299709,-1.835531,-9.367435,0,0,38.4187,1,1,1000,1000
485499,29:44.2,IMU,335404951,0,0.00571669,0.006448555,-0.000788636,-2.301525,-1.836286,-9.358463,0,0,38.41958,1,1,1000,1000
485599,29:44.3,IMU,335444935,0,0.005485155,-0.003959923,0.000189116,-2.301963,-1.838026,-9.358837,0,0,38.42046,1,1,1000,1000
485653,29:44.3,IMU,335484919,0,0.005344449,-0.006356528,0.000890055,-2.304799,-1.83826,-9.355429,0,0,38.42133,1,1,1000,1000
485705,29:44.3,IMU,335524903,0,0.005160367,-0.00459986,0.001466702,-2.305919,-1.839028,-9.354365,0,0,38.42221,1,1,1000,1000
485806,29:44.4,IMU,335564887,0,0.005012928,0.000747101,0.001864883,-2.30692,-1.840433,-9.353437,0,0,38.42309,1,1,1000,1000
485860,29:44.4,IMU,335604871,0,0.004854281,0.008691832,0.001998723,-2.309313,-1.841113,-9.350074,0,0,38.42396,1,1,1000,1000
485959,29:44.5,IMU,335644855,0,0.004830454,0.02291824,0.00208524,-2.312419,-1.841297,-9.351662,0,0,38.42484,1,1,1000,1000
486010,29:44.5,IMU,335684839,0,0.007582044,0.03884625,0.001865292,-2.316351,-1.84225,-9.352326,0,0,38.42572,1,1,1000,1000
486062,29:44.5,IMU,335724823,0,0.01199,0.05368644,0.001397026,-2.321286,-1.843526,-9.352755,0,0,38.42659,1,1,1000,1000
486161,29:44.6,IMU,335764807,0,0.008892439,0.06564678,0.000741833,-2.326004,-1.842531,-9.351349,0,0,38.42747,1,1,1000,1000
486215,29:44.6,IMU,335804791,0,0.0122004,0.07464498,-0.000235328,-2.33067,-1.843148,-9.35171,0,0,38.42834,1,1,1000,1000
486313,29:44.7,IMU,335844775,0,0.01298705,0.08178757,-0.001098646,-2.334528,-1.843318,-9.347007,0,0,38.42922,1,1,1000,1000
486364,29:44.7,IMU,335884759,0,0.01216983,0.08953112,-0.002171523,-2.339328,-1.843083,-9.349017,0,0,38.4301,1,1,1000,1000
486418,29:44.7,IMU,335924743,0,0.01220331,0.09579562,-0.003283773,-2.343115,-1.844211,-9.335857,0,0,38.43097,1,1,1000,1000
486518,29:44.8,IMU,335964727,0,0.01131048,0.1021509,-0.00425369,-2.344017,-1.844604,-9.340985,0,0,38.43185,1,1,1000,1000
486574,29:44.8,IMU,336004711,0,0.01225741,0.0977329,-0.00487651,-2.345536,-1.845602,-9.330242,0,0,38.43272,1,1,1000,1000
486675,29:44.9,IMU,336044695,0,0.0114174,0.1005943,-0.005700481,-2.346486,-1.84566,-9.332392,0,0,38.4336,1,1,1000,1000
486726,29:44.9,IMU,336084679,0,0.008811045,0.1072197,-0.006434755,-2.345679,-1.847091,-9.327506,0,0,38.43448,1,1,1000,1000
486778,29:44.9,IMU,336124663,0,0.007296849,0.1090984,-0.007117734,-2.344405,-1.849974,-9.323982,0,0,38.43535,1,1,999,999
486877,29:45.0,IMU,336164647,0,0.009242195,0.1127323,-0.007734231,-2.342965,-1.850647,-9.329833,0,0,38.43623,1,1,999,999
486931,29:45.0,IMU,336204631,0,0.007184077,0.1163346,-0.008365158,-2.338028,-1.853659,-9.318922,0,0,38.4371,1,1,999,999
487030,29:45.1,IMU,336244615,0,0.008684264,0.1187231,-0.00882475,-2.336191,-1.854974,-9.328397,0,0,38.43798,1,1,999,999
487082,29:45.1,IMU,336284599,0,0.007233749,0.1203371,-0.00910477,-2.329862,-1.855386,-9.315749,0,0,38.43885,1,1,999,999
487134,29:45.1,IMU,336324583,0,0.008037858,0.1217569,-0.009485116,-2.325905,-1.858944,-9.32127,0,0,38.43973,1,1,999,999
487233,29:45.2,IMU,336365400,0,0.008579847,0.1240137,-0.009616369,-2.317618,-1.860095,-9.313646,0,0,38.44062,1,1,999,999
487290,29:45.2,IMU,336405384,0,0.01010913,0.1288144,-0.009904726,-2.310446,-1.861349,-9.322635,0,0,38.4415,1,1,999,999
487391,29:45.3,IMU,336445368,0,0.00988576,0.1316592,-0.00994695,-2.302714,-1.86437,-9.316658,0,0,38.44237,1,1,999,999
487445,29:45.3,IMU,336485352,0,0.008656465,0.1300024,-0.01001303,-2.292759,-1.864896,-9.319386,0,0,38.44324,1,1,999,999
487497,29:45.3,IMU,336525336,0,0.008418507,0.1333095,-0.0100572,-2.28171,-1.867876,-9.315814,0,0,38.44412,1,1,999,999
487598,29:45.4,IMU,336565320,0,0.007841795,0.1323434,-0.01009839,-2.269168,-1.869172,-9.320483,0,0,38.445,1,1,999,999
487652,29:45.4,IMU,336605304,0,0.009398624,0.1356578,-0.01015048,-2.256976,-1.872141,-9.322853,0,0,38.44587,1,1,999,999
487751,29:45.5,IMU,336645288,0,0.01180862,0.1378196,-0.0104304,-2.244532,-1.873096,-9.320385,0,0,38.44674,1,1,999,999
487802,29:45.5,IMU,336685272,0,0.009407749,0.1391866,-0.01012318,-2.231235,-1.875457,-9.322058,0,0,38.44762,1,1,999,999
487854,29:45.5,IMU,336725256,0,0.008589201,0.1410609,-0.01037591,-2.215727,-1.877733,-9.329976,0,0,38.44849,1,1,999,999
487953,29:45.6,IMU,336765240,0,0.01165858,0.1403937,-0.01043767,-2.199934,-1.880091,-9.327114,0,0,38.44936,1,1,999,999
488007,29:45.6,IMU,336805224,0,0.01066982,0.141144,-0.01047004,-2.183427,-1.882315,-9.335964,0,0,38.45021,1,1,999,999
488105,29:45.7,IMU,336845208,0,0.01040437,0.143637,-0.01055744,-2.166162,-1.8854,-9.339637,0,0,38.45109,1,1,999,999
488156,29:45.7,IMU,336885192,0,0.01157507,0.1461336,-0.01059552,-2.146402,-1.886476,-9.331755,0,0,38.45196,1,1,999,999
488210,29:45.7,IMU,336925176,0,0.01073395,0.1524168,-0.0108975,-2.12828,-1.888867,-9.348152,0,0,38.45284,1,1,999,999
488310,29:45.8,IMU,336965160,0,0.01168901,0.1565627,-0.01101705,-2.109108,-1.891907,-9.352581,0,0,38.45371,1,1,999,999
488364,29:45.8,IMU,337005144,0,0.01205803,0.1596988,-0.01145747,-2.088044,-1.894082,-9.355801,0,0,38.45458,1,1,999,999
488466,29:45.9,IMU,337045128,0,0.01109155,0.1654987,-0.01164511,-2.067523,-1.896626,-9.368074,0,0,38.45545,1,1,999,999
488517,29:45.9,IMU,337085112,0,0.01038237,0.1691199,-0.01204571,-2.045051,-1.897441,-9.359829,0,0,38.45633,1,1,999,999
488569,29:45.9,IMU,337125096,0,0.009876732,0.1680053,-0.01216571,-2.022851,-1.901972,-9.373508,0,0,38.4572,1,1,999,999
488668,29:46.0,IMU,337165080,0,0.01064123,0.1720888,-0.01236367,-1.997722,-1.904002,-9.384094,0,0,38.45807,1,1,999,999
488722,29:46.0,IMU,337205064,0,0.01137287,0.1749564,-0.01280833,-1.972823,-1.907575,-9.379224,0,0,38.45896,1,1,999,999
488820,29:46.1,IMU,337245048,0,0.01062524,0.1810368,-0.01329394,-1.949044,-1.910138,-9.398279,0,0,38.45984,1,1,999,999
488873,29:46.1,IMU,337285032,0,0.008770723,0.1846216,-0.01342965,-1.921466,-1.912557,-9.39934,0,0,38.46071,1,1,999,999
488925,29:46.1,IMU,337325016,0,0.0104006,0.1856588,-0.0140023,-1.893914,-1.91399,-9.404457,0,0,38.46158,1,1,999,999
489024,29:46.2,IMU,337365000,0,0.009667723,0.1834259,-0.01411378,-1.865936,-1.918414,-9.418344,0,0,38.46245,1,1,999,999
489079,29:46.2,IMU,337404984,0,0.009394558,0.1830378,-0.01414636,-1.836994,-1.921453,-9.425008,0,0,38.4633,1,1,999,999
489181,29:46.3,IMU,337444968,0,0.008458279,0.187705,-0.01449896,-1.806337,-1.924258,-9.43325,0,0,38.46417,1,1,999,999
489235,29:46.3,IMU,337484952,0,0.01084855,0.1901213,-0.01473295,-1.776099,-1.927734,-9.433244,0,0,38.46504,1,1,999,999
489287,29:46.3,IMU,337524936,0,0.01008699,0.192316,-0.01494541,-1.744545,-1.930813,-9.448341,0,0,38.46592,1,1,999,999
489388,29:46.4,IMU,337564920,0,0.009505374,0.1916919,-0.0150079,-1.711656,-1.934154,-9.464941,0,0,38.46679,1,1,999,999
489443,29:46.4,IMU,337604904,0,0.01114899,0.1953871,-0.01510258,-1.678725,-1.937371,-9.468811,0,0,38.46766,1,1,999,999
489541,29:46.5,IMU,337644888,0,0.01003836,0.2003531,-0.01537177,-1.64518,-1.938731,-9.475546,0,0,38.46853,1,1,999,999
489592,29:46.5,IMU,337684872,0,0.007723014,0.202454,-0.01565873,-1.611308,-1.942355,-9.483742,0,0,38.4694,1,1,999,999
489644,29:46.5,IMU,337724856,0,0.007404408,0.2043516,-0.01596733,-1.576671,-1.946394,-9.497641,0,0,38.47027,1,1,999,999
489743,29:46.6,IMU,337764840,0,0.007130253,0.2050829,-0.0161289,-1.54093,-1.948684,-9.507376,0,0,38.47114,1,1,999,999
489797,29:46.6,IMU,337804824,0,0.00752757,0.2048909,-0.01612125,-1.503826,-1.952964,-9.519737,0,0,38.47201,1,1,999,999
489895,29:46.7,IMU,337844808,0,0.00822519,0.205627,-0.01625598,-1.467084,-1.954618,-9.530642,0,0,38.47288,1,1,999,999
489946,29:46.7,IMU,337884792,0,0.01122279,0.2068225,-0.01649653,-1.429504,-1.958046,-9.539218,0,0,38.47375,1,1,999,999
489998,29:46.7,IMU,337924776,0,0.01364999,0.2106059,-0.01660125,-1.391554,-1.960917,-9.54663,0,0,38.47462,1,1,999,999
490100,29:46.8,IMU,337964760,0,0.01683547,0.2161832,-0.01670236,-1.354772,-1.962979,-9.555115,0,0,38.47549,1,1,999,999
490154,29:46.8,IMU,338004744,0,0.0219209,0.2249897,-0.01693354,-1.314232,-1.964052,-9.562916,0,0,38.47636,1,1,999,999
490255,29:46.9,IMU,338044728,0,0.0281909,0.2367168,-0.01719648,-1.275095,-1.968075,-9.578321,0,0,38.47723,1,1,999,999
490306,29:46.9,IMU,338084712,0,0.03456637,0.2450651,-0.01716539,-1.236663,-1.970155,-9.592886,0,0,38.4781,1,1,999,999
490358,29:46.9,IMU,338124696,0,0.04581011,0.2527906,-0.01696894,-1.196248,-1.972878,-9.607487,0,0,38.47897,1,1,1000,1000
490457,29:47.0,IMU,338164680,0,0.05624439,0.2552979,-0.01580163,-1.156055,-1.975389,-9.610241,0,0,38.47984,1,1,1000,1000
490511,29:47.0,IMU,338204664,0,0.06154266,0.2517195,-0.01364649,-1.115357,-1.978699,-9.626219,0,0,38.48071,1,1,1000,1000
490610,29:47.1,IMU,338244648,0,0.06586245,0.2473208,-0.01076577,-1.072707,-1.981667,-9.640502,0,0,38.48158,1,1,1000,1000
490662,29:47.1,IMU,338284632,0,0.06914993,0.2423055,-0.0069427,-1.032141,-1.983561,-9.642205,0,0,38.48245,1,1,1000,1000
490714,29:47.1,IMU,338324616,0,0.07124615,0.2320071,-0.002209349,-0.9897814,-1.987303,-9.657739,0,0,38.48331,1,1,1000,1000
490813,29:47.2,IMU,338364600,0,0.07426512,0.2245053,0.003245564,-0.9478688,-1.990637,-9.673253,0,0,38.48418,1,1,1000,1000
490868,29:47.2,IMU,338404584,0,0.07697834,0.2160947,0.009386615,-0.9074337,-1.992796,-9.680622,0,0,38.48505,1,1,1000,1000
490970,29:47.3,IMU,338445401,0,0.07930492,0.2126676,0.01637582,-0.8654235,-1.996897,-9.687428,0,0,38.48594,1,1,1000,1000
491027,29:47.3,IMU,338485385,0,0.07936914,0.2095627,0.02365851,-0.8260007,-2.00189,-9.698938,0,0,38.48681,1,1,1000,1000
491079,29:47.3,IMU,338525369,0,0.0800677,0.2044731,0.0317899,-0.784545,-2.004464,-9.701031,0,0,38.48768,1,1,1000,1000
491180,29:47.4,IMU,338565353,0,0.08086076,0.2015177,0.04007435,-0.7465754,-2.008733,-9.716115,0,0,38.48855,1,1,1000,1000
491235,29:47.4,IMU,338605337,0,0.08169179,0.1997495,0.04893225,-0.7070458,-2.013293,-9.714578,0,0,38.48942,1,1,1000,1000
491333,29:47.5,IMU,338645321,0,0.08188552,0.1985492,0.05828217,-0.670384,-2.017774,-9.723534,0,0,38.49029,1,1,1000,1000
491384,29:47.5,IMU,338685305,0,0.08259085,0.1966628,0.0682174,-0.6342077,-2.022946,-9.732948,0,0,38.49115,1,1,1000,1000
491436,29:47.5,IMU,338725289,0,0.08379639,0.1984948,0.07844982,-0.5999095,-2.027107,-9.735398,0,0,38.49202,1,1,1000,1000
491535,29:47.6,IMU,338765273,0,0.08459646,0.1979794,0.08962321,-0.5649099,-2.033487,-9.744447,0,0,38.49289,1,1,1000,1000
491589,29:47.6,IMU,338805257,0,0.08691845,0.1961747,0.1015612,-0.5300046,-2.037601,-9.74616,0,0,38.49376,1,1,1000,1000
491687,29:47.7,IMU,338845241,0,0.08774924,0.1962788,0.1142915,-0.498625,-2.044851,-9.751434,0,0,38.49463,1,1,1000,1000
491738,29:47.7,IMU,338885225,0,0.08810849,0.1954031,0.1278175,-0.4676415,-2.050623,-9.757116,0,0,38.49547,1,1,1000,1000
491790,29:47.7,IMU,338925209,0,0.0890567,0.1929541,0.1429802,-0.4379031,-2.059034,-9.766068,0,0,38.49634,1,1,1000,1000
491891,29:47.8,IMU,338965193,0,0.09109525,0.1913162,0.1596008,-0.4097472,-2.065795,-9.764639,0,0,38.4972,1,1,1000,1000
491945,29:47.8,IMU,339005177,0,0.09347407,0.1905203,0.1779262,-0.3822721,-2.074449,-9.771544,0,0,38.49807,1,1,1000,1000
492046,29:47.9,IMU,339045161,0,0.09531039,0.1892905,0.1982556,-0.3567164,-2.083749,-9.775928,0,0,38.49894,1,1,1000,1000
492097,29:47.9,IMU,339085145,0,0.09636941,0.1882755,0.2208798,-0.3323817,-2.093032,-9.780849,0,0,38.49981,1,1,1000,1000
492149,29:47.9,IMU,339125129,0,0.09807811,0.1866445,0.2464232,-0.310532,-2.103467,-9.785531,0,0,38.50067,1,1,999,999
492248,29:48.0,IMU,339165113,0,0.100292,0.1811036,0.2752407,-0.2893977,-2.113534,-9.788015,0,0,38.50154,1,1,999,999
492302,29:48.0,IMU,339205097,0,0.1042466,0.1711033,0.3081362,-0.2721448,-2.125501,-9.791229,0,0,38.5024,1,1,999,999
492400,29:48.1,IMU,339245081,0,0.1056906,0.1595079,0.3456325,-0.2559848,-2.1363,-9.79654,0,0,38.50327,1,1,999,999
492453,29:48.1,IMU,339285065,0,0.1071146,0.1461233,0.3887078,-0.2412024,-2.15018,-9.796378,0,0,38.50416,1,1,999,999
492505,29:48.1,IMU,339325049,0,0.1076743,0.1299719,0.4384465,-0.2308826,-2.163817,-9.798227,0,0,38.50502,1,1,999,999
492604,29:48.2,IMU,339365033,0,0.1092103,0.1145126,0.4951938,-0.2241285,-2.176348,-9.793785,0,0,38.50589,1,1,999,999
492659,29:48.2,IMU,339405017,0,0.1108013,0.1005879,0.5606027,-0.2202191,-2.191096,-9.789321,0,0,38.50676,1,1,999,999
492762,29:48.3,IMU,339445001,0,0.1118765,0.09071467,0.6358932,-0.220958,-2.202866,-9.782961,0,0,38.50762,1,1,999,999
492817,29:48.3,IMU,339484985,0,0.1127153,0.08258005,0.7221935,-0.2297643,-2.215065,-9.773311,0,0,38.50846,1,1,999,999
492869,29:48.3,IMU,339524969,0,0.1137661,0.07541323,0.8134966,-0.2439465,-2.230096,-9.763982,0,0,38.50933,1,1,999,999
492970,29:48.4,IMU,339564953,0,0.1167396,0.06964981,0.9010788,-0.2663839,-2.245529,-9.748907,0,0,38.5102,1,1,999,999
493024,29:48.4,IMU,339604937,0,0.1201093,0.06271899,0.9793689,-0.2940452,-2.260358,-9.736496,0,0,38.51106,1,1,999,999
493122,29:48.5,IMU,339644921,0,0.1487347,-0.04400489,1.049144,-0.3289644,-2.275182,-9.715775,0,0,38.51193,1,1,999,999
493173,29:48.5,IMU,339684905,0,0.2429774,-0.3632406,1.113442,-0.3650205,-2.283116,-9.685353,0,0,38.51279,1,1,999,999
493225,29:48.5,IMU,339724889,0,0.1225351,-0.1225287,1.143559,-0.4074114,-2.293355,-9.644287,0,0,38.51366,1,1,999,999
493324,29:48.6,IMU,339764873,0,0.01171387,0.1360423,1.161094,-0.4664307,-2.306039,-9.622467,0,0,38.51452,1,1,999,999
493378,29:48.6,IMU,339804857,0,-0.09898793,0.4020754,1.168954,-0.539387,-2.320315,-9.616852,0,0,38.51539,1,1,999,999
493476,29:48.7,IMU,339844841,0,-0.2096033,0.6499553,1.170393,-0.6286908,-2.337281,-9.630937,0,0,38.51625,1,1,999,999
493530,29:48.7,IMU,339884825,0,-0.3137942,0.8530073,1.16832,-0.7275316,-2.351008,-9.648615,0,0,38.51712,1,1,999,999
493582,29:48.7,IMU,339924809,0,-0.2358871,0.8408209,1.168023,-0.8312659,-2.355035,-9.677927,0,0,38.51798,1,1,999,999
493682,29:48.8,IMU,339964793,0,-0.03812135,0.230537,1.184591,-0.9132506,-2.338835,-9.664725,0,0,38.51884,1,1,999,999
493737,29:48.8,IMU,340004777,0,0.0399774,-0.01921679,1.185099,-0.9861444,-2.31604,-9.633705,0,0,38.51971,1,1,999,999
493839,29:48.9,IMU,340044761,0,0.05930292,-0.1692617,1.178942,-1.053669,-2.286757,-9.599495,0,0,38.52057,1,1,999,999
493891,29:48.9,IMU,340084745,0,0.04944018,-0.2544465,1.168085,-1.120601,-2.258367,-9.565144,0,0,38.52143,1,1,999,999
493943,29:48.9,IMU,340124729,0,0.03179234,-0.2922916,1.153641,-1.187689,-2.229261,-9.523117,0,0,38.5223,1,1,999,999
494042,29:49.0,IMU,340164713,0,0.0132268,-0.296713,1.137256,-1.258142,-2.199597,-9.488129,0,0,38.52316,1,1,999,999
494096,29:49.0,IMU,340204697,0,-0.005348196,-0.2882712,1.120783,-1.330728,-2.169008,-9.45691,0,0,38.52402,1,1,999,999
494194,29:49.1,IMU,340244681,0,-0.01990966,-0.2684362,1.104646,-1.410109,-2.139171,-9.433389,0,0,38.52489,1,1,999,999
494246,29:49.1,IMU,340284665,0,-0.03300509,-0.2408744,1.089716,-1.493573,-2.105011,-9.406083,0,0,38.52575,1,1,999,999
494298,29:49.1,IMU,340324649,0,-0.04181097,-0.2163533,1.076693,-1.582264,-2.070529,-9.390865,0,0,38.52662,1,1,999,999
494397,29:49.2,IMU,340364633,0,-0.04832289,-0.1916233,1.065688,-1.674903,-2.031015,-9.364545,0,0,38.52748,1,1,999,999
494452,29:49.2,IMU,340404617,0,-0.05300321,-0.1683663,1.056796,-1.773673,-1.989588,-9.355697,0,0,38.52834,1,1,999,999
494552,29:49.3,IMU,340444601,0,-0.05662265,-0.1475686,1.04984,-1.873471,-1.94518,-9.341344,0,0,38.52921,1,1,999,999
494608,29:49.3,IMU,340484585,0,-0.05795696,-0.1308818,1.044742,-1.978823,-1.89481,-9.330257,0,0,38.53007,1,1,999,999
494660,29:49.3,IMU,340525402,0,-0.05940326,-0.1156237,1.041157,-2.090464,-1.839579,-9.320856,0,0,38.53095,1,1,999,999
494761,29:49.4,IMU,340565386,0,-0.06168129,-0.103394,1.039382,-2.200955,-1.779465,-9.295895,0,0,38.53181,1,1,999,999
494815,29:49.4,IMU,340605370,0,-0.06337266,-0.092382,1.038716,-2.314993,-1.715622,-9.290484,0,0,38.53268,1,1,999,999
494913,29:49.5,IMU,340645354,0,-0.06521133,-0.0830947,1.038813,-2.430133,-1.648146,-9.276299,0,0,38.53354,1,1,999,999
494964,29:49.5,IMU,340685338,0,-0.06424297,-0.0775615,1.039677,-2.545844,-1.574131,-9.259868,0,0,38.5344,1,1,999,999
495016,29:49.5,IMU,340725322,0,-0.06683379,-0.07248749,1.041131,-2.661675,-1.497713,-9.236428,0,0,38.53526,1,1,999,999
495115,29:49.6,IMU,340765306,0,-0.06797403,-0.06452866,1.042868,-2.779765,-1.418062,-9.221825,0,0,38.53613,1,1,999,999
495169,29:49.6,IMU,340805290,0,-0.06878493,-0.0580084,1.04459,-2.896836,-1.332269,-9.202441,0,0,38.53699,1,1,999,999
495267,29:49.7,IMU,340845274,0,-0.07081795,-0.05618802,1.046537,-3.011448,-1.24458,-9.181742,0,0,38.53785,1,1,999,999
495318,29:49.7,IMU,340885258,0,-0.07339683,-0.05161982,1.048566,-3.123179,-1.15221,-9.150156,0,0,38.53871,1,1,999,999
495370,29:49.7,IMU,340925242,0,-0.07925817,-0.04693457,1.050469,-3.232949,-1.059521,-9.126708,0,0,38.53957,1,1,999,999
495470,29:49.8,IMU,340965226,0,-0.0781853,-0.04307435,1.051826,-3.335659,-0.965159,-9.100817,0,0,38.54041,1,1,999,999
495525,29:49.8,IMU,341005210,0,-0.07683373,-0.03751962,1.053262,-3.434899,-0.8675472,-9.059177,0,0,38.54128,1,1,999,999
495625,29:49.9,IMU,341045194,0,-0.07590188,-0.03201903,1.054247,-3.532525,-0.7700584,-9.026574,0,0,38.54213,1,1,999,999
495677,29:49.9,IMU,341085178,0,-0.07631123,-0.02780135,1.055612,-3.624588,-0.6718593,-9.005013,0,0,38.543,1,1,999,999
495729,29:49.9,IMU,341125162,0,-0.07127341,-0.022046,1.056452,-3.706547,-0.5734267,-8.959858,0,0,38.54386,1,1,1000,1000
495828,29:50.0,IMU,341165146,0,-0.07082583,-0.01645427,1.057091,-3.782318,-0.4763025,-8.923439,0,0,38.54472,1,1,1000,1000
495882,29:50.0,IMU,341205130,0,-0.06592976,-0.01307717,1.057567,-3.853322,-0.3823234,-8.895142,0,0,38.54558,1,1,1000,1000
495980,29:50.1,IMU,341245114,0,-0.05620541,-0.007235855,1.057684,-3.91454,-0.2881424,-8.863841,0,0,38.54644,1,1,1000,1000
496033,29:50.1,IMU,341285098,0,-0.05013613,-0.002916663,1.057618,-3.965318,-0.1976337,-8.827392,0,0,38.5473,1,1,1000,1000
496085,29:50.1,IMU,341325082,0,-0.03658866,-0.001444864,1.057228,-4.007754,-0.1135251,-8.80183,0,0,38.54816,1,1,1000,1000
496184,29:50.2,IMU,341365066,0,-0.02782588,0.003251504,1.056781,-4.039247,-0.02962041,-8.772945,0,0,38.54904,1,1,1000,1000
496239,29:50.2,IMU,341405050,0,-0.01327668,0.003117929,1.056168,-4.062988,0.05266597,-8.760671,0,0,38.5499,1,1,1000,1000
496339,29:50.3,IMU,341445034,0,0.001607277,0.003225039,1.049905,-4.076674,0.1411476,-8.742181,0,0,38.55076,1,1,1000,1000
496394,29:50.3,IMU,341485018,0,0.01638839,0.00244458,1.025749,-4.080551,0.2413403,-8.727541,0,0,38.55162,1,1,1000,1000
496448,29:50.3,IMU,341525002,0,0.02960633,0.000656145,0.9763176,-4.075335,0.3439217,-8.721782,0,0,38.55248,1,1,1000,1000
496549,29:50.4,IMU,341564986,0,0.04274587,-0.001450082,0.9002262,-4.059377,0.449178,-8.721855,0,0,38.55332,1,1,1000,1000
496603,29:50.4,IMU,341604970,0,0.05448667,-0.002802846,0.8028491,-4.034962,0.5526003,-8.719662,0,0,38.55418,1,1,1000,1000
496701,29:50.5,IMU,341644954,0,0.06141567,-0.00673495,0.6912678,-4.013323,0.6494241,-8.732583,0,0,38.55504,1,1,1000,1000
496752,29:50.5,IMU,341684938,0,0.06428067,-0.009663078,0.5726944,-3.992079,0.737304,-8.739582,0,0,38.5559,1,1,1000,1000
496804,29:50.5,IMU,341724922,0,0.06587959,-0.0111845,0.4532686,-3.974867,0.8107865,-8.74828,0,0,38.55676,1,1,1000,1000
496903,29:50.6,IMU,341764906,0,0.06537081,-0.01057259,0.3383365,-3.96636,0.8723923,-8.752781,0,0,38.55761,1,1,1000,1000
496957,29:50.6,IMU,341804890,0,0.06608433,-0.01234072,0.2314517,-3.967056,0.9209517,-8.759093,0,0,38.55847,1,1,1000,1000
497055,29:50.7,IMU,341844874,0,0.06319503,-0.01122379,0.1365429,-3.974394,0.9563764,-8.762134,0,0,38.55933,1,1,1000,1000
497106,29:50.7,IMU,341884858,0,0.05787073,-0.009964214,0.05500619,-3.989007,0.9800908,-8.764248,0,0,38.56019,1,1,1000,1000
497158,29:50.7,IMU,341924842,0,0.05322918,-0.009251347,-0.01257414,-4.009727,0.9911409,-8.765842,0,0,38.56105,1,1,1000,1000
497259,29:50.8,IMU,341964826,0,0.04861304,-0.007720888,-0.06613462,-4.034986,0.9929326,-8.762349,0,0,38.56191,1,1,1000,1000
497313,29:50.8,IMU,342004810,0,0.0448802,-0.006348383,-0.1064471,-4.063499,0.9867254,-8.76061,0,0,38.56277,1,1,1000,1000
497414,29:50.9,IMU,342044794,0,0.04068514,-0.004598958,-0.1343856,-4.095045,0.974585,-8.753755,0,0,38.56363,1,1,1000,1000
497466,29:50.9,IMU,342084778,0,0.03823043,-0.003268551,-0.1516999,-4.128261,0.9606098,-8.751686,0,0,38.56448,1,1,1000,1000
497518,29:50.9,IMU,342124762,0,0.03521154,-0.003371614,-0.1596713,-4.159766,0.9424279,-8.74301,0,0,38.56534,1,1,999,999
497617,29:51.0,IMU,342164746,0,0.03417519,-0.002222619,-0.1600787,-4.192423,0.9236255,-8.737207,0,0,38.5662,1,1,999,999
497671,29:51.0,IMU,342204730,0,0.03367765,-0.001991423,-0.1543992,-4.222042,0.9033672,-8.727287,0,0,38.56705,1,1,999,999
497769,29:51.1,IMU,342244714,0,0.03281574,-0.00116921,-0.1440245,-4.251686,0.8869219,-8.721136,0,0,38.56791,1,1,999,999
497821,29:51.1,IMU,342284698,0,0.03110188,7.792481e-05,-0.1305561,-4.279032,0.8697459,-8.712461,0,0,38.56877,1,1,999,999
497873,29:51.1,IMU,342324682,0,0.02961387,-0.000858037,-0.1151021,-4.304379,0.8543426,-8.706602,0,0,38.56963,1,1,999,999
497972,29:51.2,IMU,342364666,0,0.02858866,0.001180175,-0.09866227,-4.328052,0.8409679,-8.703142,0,0,38.57049,1,1,999,999
498027,29:51.2,IMU,342404650,0,0.02837968,-0.001254607,-0.08202173,-4.350986,0.8309997,-8.700145,0,0,38.57134,1,1,999,999
498127,29:51.3,IMU,342444634,0,0.02547068,0.003021007,-0.06576982,-4.37024,0.8193455,-8.68927,0,0,38.5722,1,1,999,999
498183,29:51.3,IMU,342484618,0,0.02299421,0.004263438,-0.05053129,-4.387441,0.8118556,-8.684839,0,0,38.57306,1,1,999,999
498235,29:51.3,IMU,342524602,0,0.01740861,0.003702117,-0.03651459,-4.405509,0.8064553,-8.681766,0,0,38.57391,1,1,999,999
498337,29:51.4,IMU,342564586,0,0.01305082,0.005163684,-0.0241657,-4.419972,0.8020554,-8.672625,0,0,38.57477,1,1,999,999
498392,29:51.4,IMU,342605403,0,0.01133103,0.002218789,-0.01335364,-4.435537,0.7974487,-8.679637,0,0,38.57565,1,1,999,999
498490,29:51.5,IMU,342645387,0,0.006276373,0.003256335,-0.004477949,-4.447747,0.7946053,-8.668803,0,0,38.57651,1,1,999,999
498541,29:51.5,IMU,342685371,0,0.001861987,0.005746061,0.002799433,-4.459383,0.7934279,-8.666495,0,0,38.57736,1,1,999,999
498593,29:51.5,IMU,342725355,0,0.000943602,0.003581264,0.008253558,-4.471939,0.7934892,-8.67293,0,0,38.57822,1,1,999,999
498692,29:51.6,IMU,342765339,0,0.003304723,0.005642573,0.01227666,-4.483181,0.7930576,-8.665647,0,0,38.57907,1,1,999,999
498746,29:51.6,IMU,342805323,0,-0.000702473,0.006139068,0.01531148,-4.492133,0.7936491,-8.656138,0,0,38.57993,1,1,999,999
498844,29:51.7,IMU,342845307,0,-0.000936881,0.004944812,0.01682455,-4.502596,0.7949827,-8.663434,0,0,38.58079,1,1,999,999
498895,29:51.7,IMU,342885291,0,-0.004195958,0.006408092,0.01803856,-4.511537,0.7957523,-8.657832,0,0,38.58164,1,1,999,999
498947,29:51.7,IMU,342925275,0,-0.00317763,0.004503213,0.01793856,-4.520583,0.7957479,-8.661125,0,0,38.5825,1,1,999,999
499046,29:51.8,IMU,342965259,0,-0.004161362,0.005137703,0.01764856,-4.528084,0.7967758,-8.655058,0,0,38.58335,1,1,999,999
499101,29:51.8,IMU,343005243,0,-0.003249003,0.004156308,0.01679965,-4.539122,0.7972156,-8.665827,0,0,38.58421,1,1,999,999
499202,29:51.9,IMU,343045227,0,-0.003225337,0.004116525,0.01553378,-4.545076,0.7990977,-8.651487,0,0,38.58504,1,1,999,999
499254,29:51.9,IMU,343085211,0,-0.005373986,0.004085743,0.01437083,-4.552028,0.7994488,-8.647472,0,0,38.5859,1,1,999,999
499306,29:51.9,IMU,343125195,0,-0.006555723,0.007258317,0.01319163,-4.558756,0.7997595,-8.652341,0,0,38.58675,1,1,1000,1000
499405,29:52.0,IMU,343165179,0,-0.008328585,0.008824283,0.0118008,-4.567269,0.799715,-8.652968,0,0,38.58761,1,1,1000,1000
499459,29:52.0,IMU,343205163,0,-0.007639017,0.008235144,0.01037162,-4.576616,0.8000628,-8.655846,0,0,38.58846,1,1,1000,1000
499557,29:52.1,IMU,343245147,0,-0.008196164,0.008079157,0.008850842,-4.582987,0.8016225,-8.653195,0,0,38.58932,1,1,1000,1000
499610,29:52.1,IMU,343285131,0,-0.008754179,0.007654373,0.007481836,-4.591292,0.802008,-8.653015,0,0,38.59017,1,1,1000,1000
499662,29:52.1,IMU,343325115,0,-0.004744468,0.007186984,0.006249576,-4.59901,0.8012886,-8.656461,0,0,38.59103,1,1,1000,1000
499761,29:52.2,IMU,343365099,0,-0.003878501,0.006776575,0.005361383,-4.604685,0.8000124,-8.651243,0,0,38.59188,1,1,1000,1000
499816,29:52.2,IMU,343405083,0,-0.003012901,0.006370811,0.004436219,-4.611004,0.8007743,-8.648791,0,0,38.59274,1,1,1000,1000
499916,29:52.3,IMU,343445067,0,-0.002203266,0.006100226,0.003666514,-4.61734,0.8003743,-8.646355,0,0,38.59359,1,1,1000,1000
499971,29:52.3,IMU,343485051,0,-0.005178528,0.005854334,0.003213301,-4.621714,0.8000798,-8.644045,0,0,38.59447,1,1,1000,1000
500023,29:52.3,IMU,343525035,0,-0.004999004,0.005573451,0.002724802,-4.629695,0.7998736,-8.649031,0,0,38.59532,1,1,1000,1000
500125,29:52.4,IMU,343565019,0,-0.005313733,0.005362754,0.002615392,-4.635826,0.8001378,-8.647165,0,0,38.59618,1,1,1000,1000
500179,29:52.4,IMU,343605003,0,-0.00426372,0.005145496,0.002628956,-4.641273,0.8008031,-8.649005,0,0,38.59703,1,1,1000,1000
500277,29:52.5,IMU,343644987,0,-0.003690743,0.004949232,0.002666241,-4.645894,0.7984257,-8.647889,0,0,38.59786,1,1,1000,1000
500328,29:52.5,IMU,343684971,0,-0.002771936,0.004818989,0.002679583,-4.651562,0.7995833,-8.643751,0,0,38.59871,1,1,1000,1000
500380,29:52.5,IMU,343724955,0,-0.001948797,0.004681333,0.002810187,-4.655438,0.7992785,-8.640324,0,0,38.59957,1,1,1000,1000
500479,29:52.6,IMU,343764939,0,-0.001354681,0.004603009,0.002843184,-4.659562,0.7993297,-8.637756,0,0,38.60042,1,1,1000,1000
500533,29:52.6,IMU,343804923,0,-0.000315284,0.004421456,0.003081182,-4.665452,0.7995448,-8.644479,0,0,38.60127,1,1,1000,1000
500631,29:52.7,IMU,343844907,0,0.001141097,0.005218615,0.003549235,-4.671323,0.8000166,-8.645689,0,0,38.60213,1,1,1000,1000
500682,29:52.7,IMU,343884891,0,0.002411417,0.007291012,0.003573728,-4.67548,0.8005072,-8.648562,0,0,38.60298,1,1,1000,1000
500735,29:52.7,IMU,343924875,0,0.001759942,0.006360807,0.003724768,-4.678024,0.8018441,-8.643668,0,0,38.60383,1,1,1000,1000
500834,29:52.8,IMU,343964859,0,0.002572902,0.004652671,0.003736049,-4.683298,0.8006089,-8.650015,0,0,38.60469,1,1,1000,1000
500889,29:52.8,IMU,344004843,0,0.003485904,0.003111956,0.003542017,-4.686926,0.8023921,-8.643067,0,0,38.60554,1,1,1000,1000
500991,29:52.9,IMU,344044827,0,0.003796666,0.004755632,0.003403962,-4.690214,0.8030633,-8.646163,0,0,38.60639,1,1,1000,1000
501044,29:52.9,IMU,344084811,0,0.004440322,0.00464169,0.003191756,-4.693642,0.8039336,-8.641691,0,0,38.60724,1,1,1000,1000
501096,29:52.9,IMU,344124795,0,0.002939461,0.004453449,0.003218566,-4.696887,0.8036575,-8.644257,0,0,38.6081,1,1,999,999
501195,29:53.0,IMU,344164779,0,0.003125113,0.004436258,0.003233993,-4.700879,0.8042799,-8.641635,0,0,38.60895,1,1,999,999
501249,29:53.0,IMU,344204763,0,0.003172379,0.004288593,0.003323655,-4.702573,0.8055711,-8.638438,0,0,38.6098,1,1,999,999
501347,29:53.1,IMU,344244747,0,0.003233865,0.004201079,0.003320313,-4.705507,0.8051028,-8.635229,0,0,38.61065,1,1,999,999
501399,29:53.1,IMU,344284731,0,0.003293521,0.004150147,0.003254978,-4.707892,0.8056852,-8.632231,0,0,38.6115,1,1,999,999
501451,29:53.1,IMU,344324715,0,0.003286642,0.004880607,0.003278327,-4.712472,0.8074941,-8.638497,0,0,38.61235,1,1,999,999
501550,29:53.2,IMU,344364699,0,0.003335759,0.005788581,0.002812227,-4.715814,0.8068261,-8.64112,0,0,38.6132,1,1,999,999
501605,29:53.2,IMU,344404683,0,0.003400952,0.005898472,0.002471139,-4.717198,0.8072045,-8.634151,0,0,38.61406,1,1,999,999
501705,29:53.3,IMU,344444667,0,0.003426285,0.005710843,0.002076486,-4.720508,0.808407,-8.633132,0,0,38.61491,1,1,999,999
501759,29:53.3,IMU,344484651,0,0.004375468,0.005061273,0.001716626,-4.722691,0.8091551,-8.631753,0,0,38.61576,1,1,999,999
501812,29:53.3,IMU,344524635,0,0.007859597,0.00318006,0.001157927,-4.724366,0.8094018,-8.62977,0,0,38.61661,1,1,999,999
501915,29:53.4,IMU,344564619,0,0.009609044,0.004713258,0.000689512,-4.728026,0.8096329,-8.63723,0,0,38.61746,1,1,999,999
501971,29:53.4,IMU,344604603,0,0.009881673,0.004593272,0.000425037,-4.729765,0.8104614,-8.634924,0,0,38.61831,1,1,999,999
502069,29:53.5,IMU,344644587,0,0.01105304,0.004482138,0.000174394,-4.731965,0.8100201,-8.636657,0,0,38.61916,1,1,999,999
502120,29:53.5,IMU,344685404,0,0.01055128,0.004031762,8.036725e-05,-4.734785,0.810445,-8.632188,0,0,38.62004,1,1,999,999
502172,29:53.5,IMU,344725388,0,0.00926893,0.003415511,0.000112045,-4.737535,0.8103666,-8.632615,0,0,38.62089,1,1,999,999
502271,29:53.6,IMU,344765372,0,0.006705073,0.003495538,0.000305685,-4.738997,0.8100222,-8.634395,0,0,38.62174,1,1,999,999
502325,29:53.6,IMU,344805356,0,0.005093787,0.003080313,0.000705993,-4.741357,0.810299,-8.624486,0,0,38.62259,1,1,999,999
502423,29:53.7,IMU,344845340,0,0.007388607,0.002629287,0.000947204,-4.743047,0.8106469,-8.626068,0,0,38.62344,1,1,999,999
502474,29:53.7,IMU,344885324,0,0.006885973,0.00389476,0.001432567,-4.743306,0.8107316,-8.625902,0,0,38.62429,1,1,999,999
502526,29:53.7,IMU,344925308,0,0.006523702,0.004350583,0.001728972,-4.745758,0.8106194,-8.625629,0,0,38.62514,1,1,999,999
502625,29:53.8,IMU,344965292,0,0.006154846,0.004460251,0.001947818,-4.747694,0.811074,-8.625284,0,0,38.62599,1,1,999,999
502680,29:53.8,IMU,345005276,0,0.00586028,0.004353939,0.002118148,-4.74894,0.8116698,-8.62267,0,0,38.62684,1,1,999,999
502780,29:53.9,IMU,345045260,0,0.005564555,0.004298533,0.002205613,-4.750935,0.8115849,-8.620338,0,0,38.62769,1,1,999,999
502832,29:53.9,IMU,345085244,0,0.005319395,0.004234225,0.002329996,-4.75144,0.8100445,-8.6175,0,0,38.62854,1,1,999,999
502885,29:53.9,IMU,345125228,0,0.005156688,0.004133469,0.002424416,-4.752106,0.8114567,-8.616409,0,0,38.62937,1,1,999,999
502984,29:54.0,IMU,345165212,0,0.007702322,0.004086471,0.002335009,-4.754348,0.8101739,-8.615174,0,0,38.63022,1,1,999,999
503038,29:54.0,IMU,345205196,0,0.007184468,0.004068721,0.002447072,-4.755791,0.8098382,-8.612814,0,0,38.63107,1,1,999,999
503136,29:54.1,IMU,345245180,0,0.006809554,0.003999239,0.002567469,-4.756873,0.8113968,-8.611315,0,0,38.63191,1,1,999,999
503234,29:54.1,IMU,345285164,0,0.006431296,0.003951057,0.002625462,-4.757547,0.810881,-8.609674,0,0,38.63276,1,1,999,999
503286,29:54.1,IMU,345325148,0,0.006096766,0.003922604,0.002721241,-4.759572,0.8113869,-8.607564,0,0,38.63361,1,1,999,999
503385,29:54.2,IMU,345365132,0,0.005758363,0.003870556,0.002771548,-4.760323,0.8116702,-8.605587,0,0,38.63446,1,1,999,999
503440,29:54.2,IMU,345405116,0,0.005650053,0.003826825,0.002845417,-4.760532,0.8116741,-8.60313,0,0,38.63531,1,1,999,999
503540,29:54.3,IMU,345445100,0,0.006176635,0.001464376,0.002675224,-4.761726,0.812229,-8.605183,0,0,38.63616,1,1,999,999
503594,29:54.3,IMU,345485084,0,0.005906367,0.001397499,0.002795307,-4.763248,0.8110852,-8.600906,0,0,38.63701,1,1,999,999
503647,29:54.3,IMU,345525068,0,0.005582989,0.002578104,0.002617165,-4.764801,0.8110448,-8.60866,0,0,38.63786,1,1,999,999
503748,29:54.4,IMU,345565052,0,0.005352267,0.001939304,0.002270345,-4.765273,0.8104127,-8.604051,0,0,38.63873,1,1,999,999
503803,29:54.4,IMU,345605036,0,0.005907835,0.001435422,0.00192102,-4.766427,0.8112458,-8.602504,0,0,38.63957,1,1,999,999
503901,29:54.5,IMU,345645020,0,0.00732662,0.001280226,0.001626974,-4.767306,0.8106146,-8.606455,0,0,38.64042,1,1,999,999
503952,29:54.5,IMU,345685004,0,0.009879373,0.00069828,0.001260591,-4.767162,0.8096346,-8.599262,0,0,38.64127,1,1,999,999
504004,29:54.5,IMU,345724988,0,0.0104759,0.000830687,0.000932033,-4.768482,0.8092102,-8.601125,0,0,38.6421,1,1,999,999
504103,29:54.6,IMU,345764972,0,0.01033613,0.001001885,0.000636559,-4.770239,0.8105995,-8.600084,0,0,38.64294,1,1,999,999
504157,29:54.6,IMU,345804956,0,0.007744585,0.001462446,0.000778029,-4.770481,0.8110466,-8.60311,0,0,38.64379,1,1,999,999
504255,29:54.7,IMU,345844940,0,0.006714518,0.001658166,0.001012086,-4.77203,0.8104042,-8.598467,0,0,38.64464,1,1,999,999
504306,29:54.7,IMU,345884924,0,0.007724097,0.002308935,0.001130306,-4.771836,0.8095455,-8.597681,0,0,38.64548,1,1,999,999
504359,29:54.7,IMU,345924908,0,0.01005935,0.002404313,0.001232205,-4.772863,0.8094003,-8.596525,0,0,38.64633,1,1,999,999
504458,29:54.8,IMU,345964892,0,0.008113736,0.003089887,0.001612161,-4.773585,0.8086495,-8.597551,0,0,38.64718,1,1,999,999
504513,29:54.8,IMU,346004876,0,0.007511491,0.003071435,0.001857023,-4.77569,0.8085737,-8.596694,0,0,38.64803,1,1,999,999
504613,29:54.9,IMU,346044860,0,0.007176525,0.003121675,0.002115335,-4.774894,0.8087813,-8.594604,0,0,38.64887,1,1,999,999
504665,29:54.9,IMU,346084844,0,0.007422447,0.003186035,0.002396199,-4.777038,0.8081087,-8.593539,0,0,38.64972,1,1,999,999
504718,29:54.9,IMU,346124828,0,0.005005667,0.00477873,0.002705346,-4.77711,0.8078328,-8.589516,0,0,38.65057,1,1,1000,1000
504817,29:55.0,IMU,346164812,0,0.005067985,0.005982816,0.002840905,-4.777966,0.8057468,-8.589922,0,0,38.65141,1,1,1000,1000
504871,29:55.0,IMU,346204796,0,0.003867788,0.006240277,0.003127367,-4.778454,0.8050228,-8.589236,0,0,38.65226,1,1,1000,1000
504969,29:55.1,IMU,346244780,0,0.004154845,0.005430591,0.003189979,-4.778496,0.8046625,-8.589066,0,0,38.65311,1,1,1000,1000
505021,29:55.1,IMU,346284764,0,0.003214475,0.005452201,0.003209609,-4.780047,0.8057577,-8.586086,0,0,38.65395,1,1,1000,1000
505073,29:55.1,IMU,346324748,0,0.002099872,0.004757156,0.003322242,-4.7809,0.8042656,-8.587584,0,0,38.6548,1,1,1000,1000
505172,29:55.2,IMU,346364732,0,0.00143728,0.004449204,0.003223168,-4.780285,0.8047097,-8.584824,0,0,38.65564,1,1,1000,1000
505226,29:55.2,IMU,346404716,0,0.002658009,0.003995677,0.003134721,-4.781518,0.803587,-8.58359,0,0,38.65649,1,1,1000,1000
505327,29:55.3,IMU,346444700,0,0.004217494,0.00358148,0.002914558,-4.781119,0.803067,-8.58071,0,0,38.65734,1,1,1000,1000
505381,29:55.3,IMU,346484684,0,0.005321342,0.002592467,0.002698276,-4.783425,0.8021767,-8.579729,0,0,38.65818,1,1,1000,1000
505434,29:55.3,IMU,346524668,0,0.0068973,0.002349515,0.002497524,-4.782857,0.802054,-8.582591,0,0,38.65903,1,1,1000,1000
505535,29:55.4,IMU,346564652,0,0.006349086,0.004141592,0.002459605,-4.78442,0.8024003,-8.58357,0,0,38.65987,1,1,1000,1000
505590,29:55.4,IMU,346604636,0,0.004913097,0.003793356,0.002257569,-4.784769,0.8005624,-8.580269,0,0,38.66072,1,1,1000,1000
505689,29:55.5,IMU,346644620,0,0.001732397,0.003742513,0.002190971,-4.784492,0.8008274,-8.578888,0,0,38.66156,1,1,1000,1000
505740,29:55.5,IMU,346684604,0,0.001281351,0.0054611,0.002195292,-4.783825,0.8000965,-8.570544,0,0,38.66241,1,1,1000,1000
505792,29:55.5,IMU,346724588,0,0.00460494,0.005647972,0.002350623,-4.785101,0.7994948,-8.577783,0,0,38.66325,1,1,1000,1000
505891,29:55.6,IMU,346765405,0,0.004103565,0.005209287,0.00274464,-4.786301,0.7993794,-8.578993,0,0,38.66412,1,1,1000,1000
505945,29:55.6,IMU,346805389,0,0.00390326,0.004840526,0.003089018,-4.786005,0.7977546,-8.57114,0,0,38.66496,1,1,1000,1000
506043,29:55.7,IMU,346845373,0,0.004433681,0.004146956,0.003220472,-4.786084,0.7991323,-8.567907,0,0,38.66581,1,1,1000,1000
506094,29:55.7,IMU,346885357,0,0.00419679,0.00319094,0.003226964,-4.787525,0.7974,-8.568987,0,0,38.66665,1,1,1000,1000
506146,29:55.7,IMU,346925341,0,0.004872147,0.003009248,0.003019532,-4.788106,0.7980316,-8.575254,0,0,38.6675,1,1,1000,1000
506245,29:55.8,IMU,346965325,0,0.004775387,0.003099933,0.002686304,-4.787127,0.796598,-8.57018,0,0,38.66834,1,1,1000,1000
506299,29:55.8,IMU,347005309,0,0.003278029,0.002631458,0.002590403,-4.786194,0.7965893,-8.559339,0,0,38.66919,1,1,1000,1000
506400,29:55.9,IMU,347045293,0,0.002023042,0.002126464,0.002668247,-4.787241,0.7952848,-8.560494,0,0,38.67003,1,1,1000,1000
506452,29:55.9,IMU,347085277,0,0.002394851,0.00154293,0.002708479,-4.788779,0.7945139,-8.560595,0,0,38.67088,1,1,1000,1000
506504,29:55.9,IMU,347125261,0,0.002182454,0.002074955,0.002791994,-4.787177,0.7944474,-8.556747,0,0,38.67172,1,1,999,999
506604,29:56.0,IMU,347165245,0,0.002803226,0.002017554,0.002750916,-4.788227,0.7936301,-8.552831,0,0,38.67256,1,1,999,999
506658,29:56.0,IMU,347205229,0,0.002565526,0.001776153,0.002693422,-4.787964,0.7935266,-8.55006,0,0,38.67338,1,1,999,999
506756,29:56.1,IMU,347245213,0,0.003478731,0.003029864,0.002649768,-4.788088,0.7930105,-8.548185,0,0,38.67422,1,1,999,999
506809,29:56.1,IMU,347285197,0,0.003747291,0.00409002,0.002601164,-4.788033,0.7928495,-8.544647,0,0,38.67507,1,1,999,999
506861,29:56.1,IMU,347325181,0,0.003751026,0.004025211,0.002583748,-4.788949,0.792145,-8.541296,0,0,38.67591,1,1,999,999
506960,29:56.2,IMU,347365165,0,0.003702915,0.004064491,0.002643602,-4.788771,0.7912663,-8.54051,0,0,38.67676,1,1,999,999
507014,29:56.2,IMU,347405149,0,0.003712482,0.003971278,0.002776023,-4.788686,0.7901416,-8.539957,0,0,38.6776,1,1,999,999
507115,29:56.3,IMU,347445133,0,0.003622248,0.003936342,0.002816597,-4.789227,0.7885934,-8.53966,0,0,38.67844,1,1,999,999
507169,29:56.3,IMU,347485117,0,0.003621008,0.003895937,0.002940428,-4.789536,0.7884136,-8.540424,0,0,38.67929,1,1,999,999
507222,29:56.3,IMU,347525101,0,0.003714683,0.003865535,0.002939168,-4.789458,0.7914108,-8.539185,0,0,38.68013,1,1,999,999
507323,29:56.4,IMU,347565085,0,0.00368691,0.003813722,0.002895936,-4.790728,0.7880066,-8.538347,0,0,38.68097,1,1,999,999
507377,29:56.4,IMU,347605069,0,0.003711395,0.003816088,0.003050764,-4.791138,0.7880507,-8.539206,0,0,38.68181,1,1,999,999
507475,29:56.5,IMU,347645053,0,0.005138774,0.00383961,0.002960658,-4.791172,0.7890052,-8.535114,0,0,38.68268,1,1,999,999
507527,29:56.5,IMU,347685037,0,0.003632148,0.003132623,0.002809948,-4.789725,0.787957,-8.530247,0,0,38.68352,1,1,999,999
507579,29:56.5,IMU,347725021,0,0.003393503,0.003628675,0.002560202,-4.790183,0.7869252,-8.525138,0,0,38.68436,1,1,999,999
507678,29:56.6,IMU,347765005,0,0.002960133,0.003376759,0.002511674,-4.789626,0.7862024,-8.522122,0,0,38.6852,1,1,999,999
507732,29:56.6,IMU,347804989,0,0.003049046,0.003736575,0.002529712,-4.790107,0.7857804,-8.522373,0,0,38.68602,1,1,999,999
507830,29:56.7,IMU,347844973,0,0.003328418,0.003755634,0.0025668,-4.789183,0.7858371,-8.52331,0,0,38.68687,1,1,999,999
507881,29:56.7,IMU,347884957,0,0.00396325,0.004962913,0.002604003,-4.789391,0.7845124,-8.521386,0,0,38.68771,1,1,999,999
507934,29:56.7,IMU,347924941,0,0.004451937,0.004395444,0.002538651,-4.789616,0.7852613,-8.514526,0,0,38.68855,1,1,999,999
508033,29:56.8,IMU,347964925,0,0.004652265,0.005381214,0.002644704,-4.790901,0.7839059,-8.514723,0,0,38.68939,1,1,999,999
508087,29:56.8,IMU,348004909,0,0.003425558,0.005065727,0.002550304,-4.789872,0.7837149,-8.51406,0,0,38.69023,1,1,999,999
508188,29:56.9,IMU,348044893,0,0.003462142,0.004719749,0.002404372,-4.789334,0.7837868,-8.51368,0,0,38.69107,1,1,999,999
508242,29:56.9,IMU,348084877,0,0.003461674,0.00226799,0.002325079,-4.790456,0.7828224,-8.509264,0,0,38.69191,1,1,999,999
508294,29:56.9,IMU,348124861,0,0.003446464,0.002542307,0.002498545,-4.789668,0.7830591,-8.509148,0,0,38.69276,1,1,1000,1000
508394,29:57.0,IMU,348164845,0,0.003543117,0.002650037,0.002569141,-4.790275,0.7822627,-8.5093,0,0,38.6936,1,1,1000,1000
508448,29:57.0,IMU,348204829,0,0.003575023,0.00278885,0.002721962,-4.79056,0.7812858,-8.510401,0,0,38.69444,1,1,1000,1000
508546,29:57.1,IMU,348244813,0,0.003552163,0.002910865,0.002760107,-4.791691,0.781192,-8.511592,0,0,38.69528,1,1,1000,1000
508598,29:57.1,IMU,348284797,0,0.003575256,0.003011422,0.002772502,-4.790902,0.7803617,-8.511639,0,0,38.69612,1,1,1000,1000
508650,29:57.1,IMU,348324781,0,0.003519316,0.003040377,0.002849642,-4.791933,0.7808795,-8.512613,0,0,38.69696,1,1,1000,1000
508749,29:57.2,IMU,348364765,0,0.004070247,0.003140399,0.002954757,-4.792604,0.7798814,-8.510315,0,0,38.6978,1,1,1000,1000
508803,29:57.2,IMU,348404749,0,0.00433497,0.003150918,0.002914969,-4.792582,0.778848,-8.512031,0,0,38.69864,1,1,1000,1000
508904,29:57.3,IMU,348444733,0,0.006358293,0.003195013,0.002751003,-4.791868,0.77917,-8.509593,0,0,38.69948,1,1,1000,1000
508958,29:57.3,IMU,348484717,0,0.00732139,0.003268163,0.002424655,-4.791302,0.7788724,-8.506372,0,0,38.70032,1,1,1000,1000
509011,29:57.3,IMU,348524701,0,0.006790991,0.003307578,0.002134967,-4.791935,0.7779093,-8.50556,0,0,38.70116,1,1,1000,1000
509112,29:57.4,IMU,348564685,0,0.008891251,0.002821222,0.001775725,-4.791257,0.778134,-8.495975,0,0,38.702,1,1,1000,1000
509167,29:57.4,IMU,348604669,0,0.006633342,0.003360919,0.002021494,-4.79117,0.7788435,-8.49833,0,0,38.70284,1,1,1000,1000
509265,29:57.5,IMU,348644653,0,0.004842401,0.004068724,0.002229732,-4.792694,0.7773335,-8.49984,0,0,38.70368,1,1,1000,1000
509317,29:57.5,IMU,348684637,0,0.004834008,0.004584986,0.002468244,-4.790985,0.7766535,-8.501101,0,0,38.70452,1,1,1000,1000
509369,29:57.5,IMU,348724621,0,0.003259224,0.005685279,0.002701966,-4.79199,0.7773615,-8.499683,0,0,38.70536,1,1,1000,1000
509468,29:57.6,IMU,348764605,0,0.004304361,0.005522966,0.002731642,-4.79194,0.7760544,-8.492477,0,0,38.7062,1,1,1000,1000
509522,29:57.6,IMU,348804589,0,0.004085749,0.003017463,0.00264776,-4.79223,0.7750074,-8.489298,0,0,38.70704,1,1,1000,1000
509620,29:57.7,IMU,348845406,0,0.004137428,0.003223684,0.002752209,-4.792341,0.7749764,-8.492383,0,0,38.7079,1,1,1000,1000
509671,29:57.7,IMU,348885390,0,0.004278318,0.002946953,0.002866026,-4.794193,0.7757149,-8.505465,0,0,38.70873,1,1,1000,1000
509723,29:57.7,IMU,348925374,0,0.003597409,0.002240078,0.002920564,-4.794336,0.7736315,-8.497492,0,0,38.70957,1,1,1000,1000
509822,29:57.8,IMU,348965358,0,0.005619187,0.002491561,0.002922066,-4.792868,0.7737467,-8.493355,0,0,38.71041,1,1,1000,1000
509876,29:57.8,IMU,349005342,0,0.005358438,0.00259688,0.003012975,-4.794014,0.7740228,-8.493222,0,0,38.71125,1,1,1000,1000
509977,29:57.9,IMU,349045326,0,0.004215708,0.00268524,0.00308155,-4.794726,0.773538,-8.494781,0,0,38.71209,1,1,1000,1000
510029,29:57.9,IMU,349085310,0,0.004169298,0.002895396,0.003125034,-4.793286,0.7737808,-8.495729,0,0,38.71293,1,1,1000,1000
510081,29:57.9,IMU,349125294,0,0.004033038,0.002934334,0.003250426,-4.793986,0.7728874,-8.497635,0,0,38.71376,1,1,999,999
510180,29:58.0,IMU,349165278,0,0.004005841,0.003027142,0.003256913,-4.795029,0.7726637,-8.49721,0,0,38.7146,1,1,999,999
510235,29:58.0,IMU,349205262,0,0.004005337,0.00308677,0.00324795,-4.794137,0.7726686,-8.497972,0,0,38.71544,1,1,999,999
510334,29:58.1,IMU,349245246,0,0.0039159,0.003087318,0.003290226,-4.795095,0.7709559,-8.499221,0,0,38.71628,1,1,999,999
510386,29:58.1,IMU,349285230,0,0.003901837,0.003168827,0.003313689,-4.794619,0.7709235,-8.499723,0,0,38.71709,1,1,999,999
510438,29:58.1,IMU,349325214,0,0.003840605,0.003240247,0.003334495,-4.795189,0.7707223,-8.50087,0,0,38.71793,1,1,999,999
510537,29:58.2,IMU,349365198,0,0.003848435,0.003282727,0.003391632,-4.795852,0.7705669,-8.50135,0,0,38.71877,1,1,999,999
510591,29:58.2,IMU,349405182,0,0.002750214,0.003323356,0.003359362,-4.794787,0.7695221,-8.496592,0,0,38.71961,1,1,999,999
510692,29:58.3,IMU,349445166,0,0.004064191,0.003351737,0.002947073,-4.794839,0.7697008,-8.493561,0,0,38.72045,1,1,999,999
510746,29:58.3,IMU,349485150,0,0.005460226,0.003403347,0.002603158,-4.795533,0.7686853,-8.495678,0,0,38.72128,1,1,999,999
510798,29:58.3,IMU,349525134,0,0.005064261,0.004435921,0.002364182,-4.795507,0.768975,-8.493504,0,0,38.72212,1,1,999,999
510902,29:58.4,IMU,349565118,0,0.00378634,0.005880579,0.002491577,-4.796015,0.7684889,-8.48875,0,0,38.72296,1,1,999,999
510956,29:58.4,IMU,349605102,0,0.00234145,0.006290022,0.002611417,-4.795156,0.7677096,-8.489021,0,0,38.72379,1,1,999,999
511054,29:58.5,IMU,349645086,0,0.002933672,0.005568439,0.002629031,-4.797535,0.7678217,-8.491928,0,0,38.72463,1,1,999,999
511105,29:58.5,IMU,349685070,0,0.002255672,0.003875199,0.002685914,-4.796489,0.7675713,-8.49201,0,0,38.72547,1,1,999,999
511158,29:58.5,IMU,349725054,0,0.001923295,0.003312183,0.002855319,-4.797003,0.7660927,-8.490557,0,0,38.72633,1,1,999,999
511257,29:58.6,IMU,349765038,0,0.002105716,0.002742311,0.00292149,-4.797618,0.7658707,-8.493219,0,0,38.72716,1,1,999,999
511311,29:58.6,IMU,349805022,0,0.001607192,0.002157241,0.003049767,-4.79802,0.7666302,-8.492391,0,0,38.728,1,1,999,999
511409,29:58.7,IMU,349845006,0,0.00156711,0.00206786,0.003133165,-4.79884,0.7659575,-8.491123,0,0,38.72884,1,1,999,999
511460,29:58.7,IMU,349884990,0,0.003061949,0.003286303,0.003058477,-4.7973,0.7647032,-8.489302,0,0,38.72965,1,1,999,999
511513,29:58.7,IMU,349924974,0,0.001513711,0.00404422,0.003035266,-4.798853,0.7645499,-8.489003,0,0,38.73048,1,1,999,999
511612,29:58.8,IMU,349964958,0,0.001461927,0.004176843,0.002971336,-4.798557,0.7629585,-8.495754,0,0,38.73132,1,1,999,999
511666,29:58.8,IMU,350004942,0,0.004604307,0.004812635,0.002739364,-4.798932,0.7637203,-8.489096,0,0,38.73216,1,1,999,999
511767,29:58.9,IMU,350044926,0,0.004430194,0.005120662,0.002612935,-4.798378,0.7634975,-8.492548,0,0,38.73299,1,1,999,999
511819,29:58.9,IMU,350084910,0,0.004325201,0.004273925,0.002462348,-4.798734,0.7617768,-8.488945,0,0,38.73383,1,1,999,999
511871,29:58.9,IMU,350124894,0,0.004163748,0.002766003,0.002448938,-4.797405,0.7624598,-8.488418,0,0,38.73466,1,1,999,999
511970,29:59.0,IMU,350164878,0,0.004142545,0.00293359,0.002537678,-4.798255,0.7622674,-8.488648,0,0,38.7355,1,1,999,999
512024,29:59.0,IMU,350204862,0,0.003352151,0.002972141,0.00269105,-4.799025,0.7621248,-8.492997,0,0,38.73634,1,1,999,999
512123,29:59.1,IMU,350244846,0,0.003182703,0.003029535,0.002889164,-4.799477,0.7616223,-8.493717,0,0,38.73717,1,1,999,999
512175,29:59.1,IMU,350284830,0,0.003341936,0.003171983,0.002977402,-4.798455,0.7608865,-8.492616,0,0,38.73801,1,1,999,999
512227,29:59.1,IMU,350324814,0,0.00334039,0.003215746,0.003075202,-4.79916,0.7604233,-8.493043,0,0,38.73884,1,1,999,999
512326,29:59.2,IMU,350364798,0,0.003292857,0.003223356,0.003081145,-4.799475,0.7596915,-8.493072,0,0,38.73967,1,1,999,999
512380,29:59.2,IMU,350404782,0,0.003384028,0.004313417,0.003053417,-4.799428,0.7608721,-8.497983,0,0,38.74051,1,1,999,999
512481,29:59.3,IMU,350444766,0,0.003373816,0.005074943,0.00289503,-4.799507,0.7598657,-8.501318,0,0,38.74134,1,1,999,999
512535,29:59.3,IMU,350484750,0,0.003412393,0.003108063,0.002799229,-4.800305,0.7600077,-8.497376,0,0,38.74218,1,1,999,999
512587,29:59.3,IMU,350524734,0,0.003417604,0.003383168,0.002827531,-4.799856,0.7595012,-8.497396,0,0,38.74301,1,1,999,999
512689,29:59.4,IMU,350564718,0,0.003433989,0.003374378,0.00288793,-4.800165,0.7596602,-8.49909,0,0,38.74385,1,1,999,999
512744,29:59.4,IMU,350604702,0,0.00347713,0.003401269,0.002951438,-4.800085,0.7588371,-8.499474,0,0,38.74468,1,1,999,999
512842,29:59.5,IMU,350644686,0,0.003480518,0.003429393,0.003012915,-4.800063,0.7591698,-8.500985,0,0,38.74551,1,1,999,999
512893,29:59.5,IMU,350684670,0,0.003485083,0.003502299,0.003077871,-4.801954,0.7575959,-8.500515,0,0,38.74635,1,1,999,999
512946,29:59.5,IMU,350724654,0,0.003798418,0.003484996,0.003071884,-4.800333,0.7575775,-8.498615,0,0,38.74718,1,1,999,999
513045,29:59.6,IMU,350764638,0,0.00538516,0.003458168,0.002949826,-4.80077,0.7577436,-8.502734,0,0,38.74802,1,1,999,999
513099,29:59.6,IMU,350804622,0,0.006850393,0.003522537,0.00285761,-4.800138,0.7576891,-8.497808,0,0,38.74885,1,1,999,999
513197,29:59.7,IMU,350844606,0,0.007175002,0.003522065,0.002689377,-4.800821,0.7577628,-8.503404,0,0,38.74968,1,1,999,999
513248,29:59.7,IMU,350884590,0,0.005413159,0.003516579,0.002596015,-4.800538,0.7572861,-8.4975,0,0,38.75051,1,1,999,999
513300,29:59.7,IMU,350925407,0,0.005606183,0.003494467,0.002299193,-4.800299,0.7570109,-8.498322,0,0,38.75137,1,1,999,999
513399,29:59.8,IMU,350965391,0,0.004828734,0.003573206,0.002136233,-4.801352,0.7567486,-8.500948,0,0,38.7522,1,1,999,999
513453,29:59.8,IMU,351005375,0,0.005752911,0.003498158,0.001943192,-4.800474,0.7571149,-8.501582,0,0,38.75304,1,1,999,999
513554,29:59.9,IMU,351045359,0,0.005483525,0.003588314,0.001772793,-4.801103,0.7568541,-8.502009,0,0,38.75387,1,1,999,999
513606,29:59.9,IMU,351085343,0,0.007514905,0.002683796,0.00152077,-4.802258,0.7553829,-8.502846,0,0,38.7547,1,1,999,999
513658,29:59.9,IMU,351125327,0,0.005833887,0.001197318,0.00148324,-4.801238,0.7553148,-8.497735,0,0,38.75554,1,1,1000,1000
513757,30:00.0,IMU,351165311,0,0.005039287,0.001960074,0.001757612,-4.801881,0.7544521,-8.498503,0,0,38.75637,1,1,1000,1000
513811,30:00.0,IMU,351205295,0,0.004420611,0.002758309,0.002001594,-4.801825,0.7540456,-8.503737,0,0,38.7572,1,1,1000,1000
513911,30:00.1,IMU,351245279,0,0.006270743,0.002810326,0.002176571,-4.801318,0.7538896,-8.499372,0,0,38.75803,1,1,1000,1000
513963,30:00.1,IMU,351285263,0,0.007475291,0.004329746,0.002425697,-4.802526,0.7539996,-8.503911,0,0,38.75887,1,1,1000,1000
514015,30:00.1,IMU,351325247,0,0.00719517,0.003921889,0.002508315,-4.802767,0.7522483,-8.503796,0,0,38.7597,1,1,1000,1000
514114,30:00.2,IMU,351365231,0,0.006445278,0.005021079,0.002654895,-4.801085,0.7535163,-8.504253,0,0,38.76051,1,1,1000,1000
514168,30:00.2,IMU,351405215,0,0.005511905,0.004641452,0.002905459,-4.803363,0.7540573,-8.506965,0,0,38.76134,1,1,1000,1000
514269,30:00.3,IMU,351445199,0,0.006898375,0.003440802,0.002800597,-4.801831,0.7522993,-8.504303,0,0,38.76217,1,1,1000,1000
514323,30:00.3,IMU,351485183,0,0.006305297,0.002597447,0.002849926,-4.802965,0.7517939,-8.505915,0,0,38.763,1,1,1000,1000
514375,30:00.3,IMU,351525167,0,0.004991362,0.002533951,0.002922804,-4.802192,0.7505897,-8.5038,0,0,38.76383,1,1,1000,1000
514477,30:00.4,IMU,351565151,0,0.003447703,0.002094328,0.002879601,-4.802307,0.7520007,-8.506084,0,0,38.76466,1,1,1000,1000
514531,30:00.4,IMU,351605135,0,0.003675718,0.001919905,0.002865272,-4.804565,0.7517466,-8.507131,0,0,38.7655,1,1,1000,1000
514629,30:00.5,IMU,351645119,0,0.003324427,0.002926034,0.002811957,-4.804192,0.7499929,-8.511331,0,0,38.76633,1,1,1000,1000
514680,30:00.5,IMU,351685103,0,0.003127773,0.002956886,0.002586035,-4.803761,0.7497053,-8.511847,0,0,38.76716,1,1,1000,1000
514732,30:00.5,IMU,351725087,0,0.003247729,0.002769287,0.002381833,-4.803229,0.7482024,-8.50481,0,0,38.76799,1,1,1000,1000
514832,30:00.6,IMU,351765071,0,0.002711615,0.002471612,0.002586401,-4.804111,0.7489088,-8.508902,0,0,38.76882,1,1,1000,1000
514886,30:00.6,IMU,351805055,0,0.002380737,0.00314921,0.002720742,-4.804058,0.7478254,-8.50806,0,0,38.76967,1,1,1000,1000
514984,30:00.7,IMU,351845039,0,0.002604031,0.003886426,0.002797889,-4.803776,0.7479944,-8.512203,0,0,38.7705,1,1,1000,1000
515035,30:00.7,IMU,351885023,0,0.003250768,0.003621689,0.002875003,-4.803948,0.7477368,-8.512339,0,0,38.77133,1,1,1000,1000
515088,30:00.7,IMU,351925007,0,0.004198006,0.004358061,0.002972673,-4.803822,0.7461886,-8.509676,0,0,38.77216,1,1,1000,1000
515187,30:00.8,IMU,351964991,0,0.005008418,0.005008869,0.003046221,-4.804946,0.7466555,-8.515495,0,0,38.77297,1,1,1000,1000
515241,30:00.8,IMU,352004975,0,0.005463208,0.004361776,0.003118558,-4.805069,0.7455273,-8.515205,0,0,38.7738,1,1,1000,1000
515341,30:00.9,IMU,352044959,0,0.002750908,0.003663796,0.003420644,-4.80576,0.745882,-8.518993,0,0,38.77464,1,1,1000,1000
515396,30:00.9,IMU,352084943,0,0.002679936,0.004089424,0.003568831,-4.803955,0.74589,-8.515083,0,0,38.77546,1,1,1000,1000
515448,30:00.9,IMU,352124927,0,0.002390688,0.003653603,0.00356653,-4.805364,0.7435084,-8.516796,0,0,38.77629,1,1,999,999
515547,30:01.0,IMU,352164911,0,0.002008188,0.003384541,0.003487757,-4.804531,0.7444212,-8.513959,0,0,38.77712,1,1,999,999
515601,30:01.0,IMU,352204895,0,0.002525929,0.004339091,0.003289694,-4.804968,0.7440717,-8.518345,0,0,38.77795,1,1,999,999
515699,30:01.1,IMU,352244879,0,0.00202135,0.004144675,0.003009142,-4.805569,0.7441425,-8.520875,0,0,38.77878,1,1,999,999
515752,30:01.1,IMU,352284863,0,0.001432982,0.004048659,0.002846093,-4.8058,0.7433817,-8.52297,0,0,38.77961,1,1,999,999
515804,30:01.1,IMU,352324847,0,0.00065508,0.005087232,0.00285073,-4.805765,0.7432534,-8.51251,0,0,38.78044,1,1,999,999
515903,30:01.2,IMU,352364831,0,0.00129574,0.004896122,0.002893828,-4.806701,0.7418958,-8.517023,0,0,38.78127,1,1,999,999
515957,30:01.2,IMU,352404815,0,0.003619666,0.004287347,0.002732363,-4.805645,0.7413005,-8.519796,0,0,38.7821,1,1,999,999
516058,30:01.3,IMU,352444799,0,0.004761129,0.003944512,0.002862787,-4.806867,0.7423961,-8.52045,0,0,38.78293,1,1,999,999
516113,30:01.3,IMU,352484783,0,0.003360042,0.003280114,0.003143668,-4.806862,0.7408624,-8.519114,0,0,38.78376,1,1,999,999
516165,30:01.3,IMU,352524767,0,0.003604237,0.002814702,0.003335207,-4.805676,0.7417454,-8.518908,0,0,38.78459,1,1,999,999
516267,30:01.4,IMU,352564751,0,0.003910491,0.003428821,0.003508619,-4.805711,0.7398435,-8.518327,0,0,38.78542,1,1,999,999
516322,30:01.4,IMU,352604735,0,0.004008634,0.003607414,0.003471586,-4.806073,0.7408135,-8.516662,0,0,38.78624,1,1,999,999
516420,30:01.5,IMU,352644719,0,0.002557638,0.001680382,0.003449201,-4.807285,0.7401519,-8.521472,0,0,38.78707,1,1,999,999
516471,30:01.5,IMU,352684703,0,0.002686252,0.004365246,0.003256571,-4.806798,0.7402148,-8.523929,0,0,38.7879,1,1,999,999
516523,30:01.5,IMU,352724687,0,0.00101914,0.003638186,0.003051751,-4.805747,0.7393888,-8.519602,0,0,38.78873,1,1,999,999
516622,30:01.6,IMU,352764671,0,0.001780667,0.003238943,0.002719384,-4.807967,0.7394446,-8.522765,0,0,38.78956,1,1,999,999
516677,30:01.6,IMU,352804655,0,0.001653768,0.003159837,0.002670874,-4.807629,0.7379988,-8.516907,0,0,38.79039,1,1,999,999
516775,30:01.7,IMU,352844639,0,0.002569312,0.004664329,0.00264895,-4.806043,0.7397129,-8.517445,0,0,38.79121,1,1,999,999
516826,30:01.7,IMU,352884623,0,0.003792286,0.004729041,0.002755294,-4.80634,0.7381679,-8.519531,0,0,38.79204,1,1,999,999
516878,30:01.7,IMU,352924607,0,0.004529112,0.004181993,0.002817756,-4.807353,0.737989,-8.525925,0,0,38.79287,1,1,999,999
516977,30:01.8,IMU,352964591,0,0.005367518,0.003331858,0.002675227,-4.807678,0.7362117,-8.526677,0,0,38.7937,1,1,999,999
517031,30:01.8,IMU,353005408,0,0.005985164,0.002214179,0.002432031,-4.806443,0.7376139,-8.522107,0,0,38.79454,1,1,999,999
517131,30:01.9,IMU,353045392,0,0.00547105,0.001808107,0.002514044,-4.806346,0.7366035,-8.519153,0,0,38.79537,1,1,999,999
517184,30:01.9,IMU,353085376,0,0.005610069,0.002030762,0.00255413,-4.807248,0.7366571,-8.525255,0,0,38.7962,1,1,999,999
517236,30:01.9,IMU,353125360,0,0.004649838,0.003568166,0.002583969,-4.80875,0.7367606,-8.529503,0,0,38.79703,1,1,1000,1000
517335,30:02.0,IMU,353165344,0,0.004013361,0.002843857,0.002640878,-4.808024,0.7356123,-8.528526,0,0,38.79785,1,1,1000,1000
517389,30:02.0,IMU,353205328,0,0.003798004,0.002362019,0.002561074,-4.807791,0.7353356,-8.524774,0,0,38.79868,1,1,1000,1000
517488,30:02.1,IMU,353245312,0,0.002456231,0.00145459,0.002648856,-4.806246,0.7344808,-8.520946,0,0,38.79951,1,1,1000,1000
517540,30:02.1,IMU,353285296,0,0.006147104,0.00465269,0.002567994,-4.807868,0.7355376,-8.531236,0,0,38.80033,1,1,1000,1000
517593,30:02.1,IMU,353325280,0,0.005688425,0.003855641,0.002676828,-4.80861,0.7347158,-8.532129,0,0,38.80116,1,1,1000,1000
517692,30:02.2,IMU,353365264,0,0.003425686,0.00305394,0.002825658,-4.808689,0.735126,-8.528765,0,0,38.80199,1,1,1000,1000
517746,30:02.2,IMU,353405248,0,0.002832963,0.00213061,0.002880509,-4.807331,0.7340125,-8.524408,0,0,38.80281,1,1,1000,1000
517847,30:02.3,IMU,353445232,0,0.002821725,0.002252461,0.003043775,-4.809069,0.7334384,-8.530369,0,0,38.80362,1,1,1000,1000
